cohort,cohort_type,n_cells,n_datasets,n_patients,feature,n,mean,median,q05,q25,q75,q95,detection_fraction_score_gt_0
State_1,consensus_state,703,4,10,melanocytic_identity,703,0.28733371475851893,0.2594894766807556,0.0,0.15755552053451538,0.4013819247484207,0.6726680636405945,0.871977240398293
State_1,consensus_state,703,4,10,contractile_marker_panel,703,0.12053780092103976,0.0,0.0,0.0,0.17218803614377975,0.46106487810611724,0.4779516358463727
State_1,consensus_state,703,4,10,VEGFD_CTSK_panel,703,0.08957427017427821,0.0,0.0,0.0,0.14241418987512589,0.42937632203102105,0.3157894736842105
State_1,consensus_state,703,4,10,ESR1_hormone_marker,703,0.8155138865749154,0.7619224190711975,0.0,0.40022529661655426,1.2074203491210938,1.865812528133392,0.8378378378378378
State_1,consensus_state,703,4,10,HOX_PBX_markers,703,0.0015984760176067161,0.0,0.0,0.0,0.0,0.0,0.00995732574679943
State_1,consensus_state,703,4,10,CORE1,703,0.13407941886182784,0.08873005956411362,0.0,0.037855688482522964,0.17223799228668213,0.4254521876573562,0.7780938833570412
State_1,consensus_state,703,4,10,CORE2,703,0.17008300013257294,0.13603991270065308,0.03806678019464016,0.08345365524291992,0.21835198998451233,0.43958039581775654,0.9630156472261735
State_1,consensus_state,703,4,10,CORE3_identity,703,0.294105696956896,0.2722996473312378,0.1215319074690342,0.2020621821284294,0.3620830625295639,0.5152157247066497,1.0
State_1,consensus_state,703,4,10,LAM_myogenic_contractile,703,0.135018749362597,0.08818387985229492,0.0,0.03811935521662235,0.15701592713594437,0.41010603606700863,0.7837837837837838
State_1,consensus_state,703,4,10,ECM_remodeling,703,0.13653564512740243,0.06973112374544144,0.0,0.0,0.18757441639900208,0.4958474010229111,0.748221906116643
State_1,consensus_state,703,4,10,mTOR_translation,703,0.6541749192918432,0.6532762050628662,0.12320188879966736,0.3678513765335083,0.8357478082180023,1.4482980012893671,0.984352773826458
State_1,consensus_state,703,4,10,hormone_related,703,0.5722000561707559,0.5771820545196533,0.15290248543024063,0.46967992186546326,0.6941520869731903,0.8755754351615905,0.9886201991465149
State_1,consensus_state,703,4,10,hypoxia_stress,703,0.29325289853118564,0.27619653940200806,0.07955556586384774,0.20647557824850082,0.3621058762073517,0.5412984848022461,0.9829302987197724
State_1,consensus_state,703,4,10,protease_ECM_niche,703,0.22451017999420125,0.19269225001335144,0.03085710927844048,0.11817711964249611,0.28121761977672577,0.5700952410697937,0.9502133712660028
State_1,consensus_state,703,4,10,HOX_PBX,703,0.4189223166062347,0.42339226603507996,0.11207838952541352,0.29282963275909424,0.5425116419792175,0.7140258431434631,0.9871977240398293
State_1,consensus_state,703,4,10,normal_lung_interstitial,703,0.07975063681242137,0.031673580408096313,0.0,0.0,0.08518655598163605,0.32734124660491926,0.534850640113798
State_1,consensus_state,703,4,10,LAMCORE_777,703,0.2475452633471272,0.24273748695850372,0.17209551185369493,0.22417273372411728,0.26913508772850037,0.33310814499855035,1.0
State_1,consensus_state,703,4,10,ciliated,703,1.455082592868364,1.5107817649841309,0.7214458584785461,1.1902361512184143,1.7514063715934753,2.0155454874038696,1.0
State_1,consensus_state,703,4,10,AT2,703,0.8831221327122041,0.6792819499969482,0.1986600562930107,0.4448169618844986,1.197164535522461,2.105597829818725,0.9829302987197724
State_1,consensus_state,703,4,10,macrophage,703,0.25879056352703367,0.1340145617723465,0.0,0.07812025025486946,0.22273094952106476,1.126347386837005,0.930298719772404
State_1,consensus_state,703,4,10,endothelial,703,0.10631805704972822,0.03754763677716255,0.0,0.0,0.12298991903662682,0.4753224760293959,0.5490753911806543
State_1,consensus_state,703,4,10,fibroblast,703,0.08158383417773891,0.02886105142533779,0.0,0.0,0.07181136310100555,0.39157773852348293,0.5689900426742532
State_1,consensus_state,703,4,10,mesothelial,703,0.1333949191013555,0.13466541469097137,0.0,0.04942038469016552,0.20028793066740036,0.3052279204130172,0.7780938833570412
State_1,consensus_state,703,4,10,pericyte_VSMC,703,0.1063649973329978,0.06952150911092758,0.0,0.033058034256100655,0.1229584850370884,0.3622722417116165,0.817923186344239
State_1,consensus_state,703,4,10,gene_PMEL,703,0.031954234497751484,0.0,0.0,0.0,0.0,0.2532092124223708,0.06827880512091039
State_1,consensus_state,703,4,10,gene_MLANA,703,0.024805221033638945,0.0,0.0,0.0,0.0,0.1171964012086391,0.059743954480796585
State_1,consensus_state,703,4,10,gene_MITF,703,0.8052416883652783,0.7334495782852173,0.0,0.42383961379528046,1.1564896702766418,1.8908599972724913,0.8477951635846372
State_1,consensus_state,703,4,10,gene_ACTA2,703,0.20207630942017898,0.0,0.0,0.0,0.2825794070959091,0.9479943037033076,0.33001422475106684
State_1,consensus_state,703,4,10,gene_ACTG2,703,0.01154817649260015,0.0,0.0,0.0,0.0,0.0,0.02844950213371266
State_1,consensus_state,703,4,10,gene_MYH11,703,0.14798891592564148,0.0,0.0,0.0,0.046348677948117256,0.8879146575927729,0.25177809388335703
State_1,consensus_state,703,4,10,gene_VEGFD,703,0.049619591624011014,0.0,0.0,0.0,0.0,0.42215028405189514,0.10810810810810811
State_1,consensus_state,703,4,10,gene_CTSK,703,0.12952894876428891,0.0,0.0,0.0,0.0,0.726813811063766,0.24182076813655762
State_1,consensus_state,703,4,10,gene_EMX2,703,0.0014822752576634012,0.0,0.0,0.0,0.0,0.0,0.005689900426742532
State_1,consensus_state,703,4,10,gene_HOXA11,703,0.0017146767775500314,0.0,0.0,0.0,0.0,0.0,0.004267425320056899
State_1,consensus_state,703,4,10,gene_ESR1,703,0.8155138865749154,0.7619224190711975,0.0,0.40022529661655426,1.2074203491210938,1.865812528133392,0.8378378378378378
State_10,consensus_state,4,1,1,melanocytic_identity,4,0.563281461596489,0.5220253020524979,0.37594661116600037,0.3908446729183197,0.6944620907306671,0.808374935388565,1.0
State_10,consensus_state,4,1,1,contractile_marker_panel,4,0.4028359688818455,0.23649878054857254,0.01721247956156731,0.08606239780783653,0.5532723516225815,1.0213315218687056,0.75
State_10,consensus_state,4,1,1,VEGFD_CTSK_panel,4,0.12399972230195999,0.14901665598154068,0.01888627633452416,0.09443138167262077,0.1785849966108799,0.19408946111798286,0.75
State_10,consensus_state,4,1,1,ESR1_hormone_marker,4,0.7866816967725754,0.9995914995670319,0.13485954701900485,0.6742977350950241,1.1119754612445831,1.1404301226139069,0.75
State_10,consensus_state,4,1,1,HOX_PBX_markers,4,0.0,0.0,0.0,0.0,0.0,0.0,0.0
State_10,consensus_state,4,1,1,CORE1,4,0.42995450273156166,0.23621851950883865,0.017702031880617145,0.08851015940308571,0.5776628628373146,1.113437350094318,0.75
State_10,consensus_state,4,1,1,CORE2,4,0.41276734322309494,0.37986183166503906,0.3221348196268082,0.3391276150941849,0.4535015597939491,0.5494675830006599,1.0
State_10,consensus_state,4,1,1,CORE3_identity,4,0.479984812438488,0.5353066176176071,0.2435799017548561,0.38309044390916824,0.6322009861469269,0.6389391958713532,1.0
State_10,consensus_state,4,1,1,LAM_myogenic_contractile,4,0.4680328816175461,0.3210977017879486,0.02630834430456162,0.13154172152280807,0.6575888618826866,1.1154666706919667,0.75
State_10,consensus_state,4,1,1,ECM_remodeling,4,0.395983574911952,0.44198863208293915,0.12711291871964933,0.334230599924922,0.5037416070699692,0.6004471510648727,1.0
State_10,consensus_state,4,1,1,mTOR_translation,4,0.8470489457249641,0.9678839147090912,0.40862443596124653,0.7841773107647896,1.0307555496692657,1.1163044989109039,1.0
State_10,consensus_state,4,1,1,hormone_related,4,0.3818429857492447,0.37411169707775116,0.3153258591890335,0.34337808191776276,0.4125766009092331,0.4591839164495468,1.0
State_10,consensus_state,4,1,1,hypoxia_stress,4,0.14609117340296507,0.14747119694948196,0.07208250816911459,0.11214365344494581,0.18141871690750122,0.21816780567169186,1.0
State_10,consensus_state,4,1,1,protease_ECM_niche,4,0.583249919116497,0.6480913460254669,0.3034369543194771,0.475810207426548,0.755531057715416,0.7722848862409591,1.0
State_10,consensus_state,4,1,1,HOX_PBX,4,0.18164973333477974,0.2047688141465187,0.021515672653913503,0.10757836326956749,0.27884018421173096,0.3094170808792114,0.75
State_10,consensus_state,4,1,1,normal_lung_interstitial,4,0.17463821172714233,0.13206718862056732,0.014164707809686664,0.0708235390484333,0.23588186129927635,0.3947111479938029,0.75
State_10,consensus_state,4,1,1,LAMCORE_777,4,0.23946043848991394,0.2200666293501854,0.21688772812485696,0.21858276799321175,0.2409442998468876,0.28918448165059085,1.0
State_10,consensus_state,4,1,1,ciliated,4,0.24895967356860638,0.18340014666318893,0.0899936955422163,0.10463654063642025,0.32772327959537506,0.4997089892625808,1.0
State_10,consensus_state,4,1,1,AT2,4,1.6387408673763275,1.6916069388389587,1.2285589158535004,1.3582219779491425,1.9721258282661438,1.974910318851471,1.0
State_10,consensus_state,4,1,1,macrophage,4,1.2640966698527336,1.384594738483429,0.5981029197573662,1.1004314050078392,1.5482600033283234,1.7613931238651275,1.0
State_10,consensus_state,4,1,1,endothelial,4,0.3071147985756397,0.2956034913659096,0.15007691457867622,0.2069847621023655,0.3957335278391838,0.4802685126662254,1.0
State_10,consensus_state,4,1,1,fibroblast,4,0.1483804304152727,0.10749508813023567,0.013735473901033404,0.06867736950516701,0.18719814904034138,0.34026486612856377,0.75
State_10,consensus_state,4,1,1,mesothelial,4,0.029595302417874336,0.0,0.0,0.0,0.029595302417874336,0.1006240282207727,0.25
State_10,consensus_state,4,1,1,pericyte_VSMC,4,0.35153498873114586,0.22840886563062668,0.02184201702475548,0.10921008512377739,0.47073376923799515,0.8536045327782629,0.75
State_10,consensus_state,4,1,1,gene_PMEL,4,0.0894341766834259,0.0,0.0,0.0,0.0894341766834259,0.30407620072364794,0.25
State_10,consensus_state,4,1,1,gene_MLANA,4,0.0989827886223793,0.0,0.0,0.0,0.0989827886223793,0.3365414813160895,0.25
State_10,consensus_state,4,1,1,gene_MITF,4,1.5014274418354034,1.387207567691803,1.1278398633003235,1.1725340485572815,1.716100960969925,2.0349228441715237,1.0
State_10,consensus_state,4,1,1,gene_ACTA2,4,0.635368213057518,0.33940598368644714,0.0,0.0,0.9747741967439651,1.6850835472345347,0.5
State_10,consensus_state,4,1,1,gene_ACTG2,4,0.08606240153312683,0.0,0.0,0.0,0.08606240153312683,0.2926121652126311,0.25
State_10,consensus_state,4,1,1,gene_MYH11,4,0.48707733303308487,0.1979655772447586,0.0,0.0,0.6850429102778435,1.378911124169826,0.5
State_10,consensus_state,4,1,1,gene_VEGFD,4,0.08606240153312683,0.0,0.0,0.0,0.08606240153312683,0.2926121652126311,0.25
State_10,consensus_state,4,1,1,gene_CTSK,4,0.16193704307079315,0.1259085088968277,0.0,0.0,0.28784555196762085,0.3743140339851379,0.5
State_10,consensus_state,4,1,1,gene_EMX2,4,0.0,0.0,0.0,0.0,0.0,0.0,0.0
State_10,consensus_state,4,1,1,gene_HOXA11,4,0.0,0.0,0.0,0.0,0.0,0.0,0.0
State_10,consensus_state,4,1,1,gene_ESR1,4,0.7866816967725754,0.9995914995670319,0.13485954701900485,0.6742977350950241,1.1119754612445831,1.1404301226139069,0.75
State_11,consensus_state,3,1,1,melanocytic_identity,3,0.3752918044726054,0.5171589255332947,0.05171589255332947,0.25857946276664734,0.5629377067089081,0.5995607316493988,0.6666666666666666
State_11,consensus_state,3,1,1,contractile_marker_panel,3,0.3637443780899048,0.40242820978164673,0.12044065594673156,0.2457684576511383,0.5010622143745422,0.5799694180488586,1.0
State_11,consensus_state,3,1,1,VEGFD_CTSK_panel,3,0.2098413904507955,0.0,0.0,0.0,0.31476208567619324,0.5665717542171478,0.3333333333333333
State_11,consensus_state,3,1,1,ESR1_hormone_marker,3,1.803664207458496,2.147824764251709,1.1538253545761108,1.5956028699874878,2.183805823326111,2.2125906705856324,1.0
State_11,consensus_state,3,1,1,HOX_PBX_markers,3,0.0,0.0,0.0,0.0,0.0,0.0,0.0
State_11,consensus_state,3,1,1,CORE1,3,0.3150676240523656,0.3822671175003052,0.15215618163347244,0.2544277086853981,0.4093072861433029,0.4309394210577011,1.0
State_11,consensus_state,3,1,1,CORE2,3,0.272822305560112,0.30977022647857666,0.20551816672086715,0.2518524155020714,0.31226615607738495,0.31426289975643157,1.0
State_11,consensus_state,3,1,1,CORE3_identity,3,0.4911901652812958,0.48669615387916565,0.45197975933551787,0.46740926802158356,0.5127240568399429,0.5335463792085647,1.0
State_11,consensus_state,3,1,1,LAM_myogenic_contractile,3,0.46785173813501996,0.5253512263298035,0.1860348880290985,0.3368421494960785,0.6276110708713531,0.7094189465045929,1.0
State_11,consensus_state,3,1,1,ECM_remodeling,3,0.39604592820008594,0.40182027220726013,0.16712104231119157,0.2714318111538887,0.5235472172498703,0.6209287732839585,1.0
State_11,consensus_state,3,1,1,mTOR_translation,3,0.4567383627096812,0.2780124545097351,0.2253569096326828,0.24875937402248383,0.5753543972969055,0.8132279515266418,1.0
State_11,consensus_state,3,1,1,hormone_related,3,0.6690246760845184,0.47645390033721924,0.43278434574604036,0.4521930366754532,0.7895709276199341,1.0400645494461058,1.0
State_11,consensus_state,3,1,1,hypoxia_stress,3,0.055817365646362305,0.0,0.0,0.0,0.08372604846954346,0.15070688724517822,0.3333333333333333
State_11,consensus_state,3,1,1,protease_ECM_niche,3,0.30748775353034336,0.2115650177001953,0.12416954860091209,0.16301197931170464,0.4040021598339081,0.5579518735408783,1.0
State_11,consensus_state,3,1,1,HOX_PBX,3,0.6807112892468771,0.666496753692627,0.3329732358455658,0.48120591044425964,0.8731094002723694,1.0383995175361633,1.0
State_11,consensus_state,3,1,1,normal_lung_interstitial,3,0.6204402248064677,0.5065059065818787,0.3610112488269806,0.42567554116249084,0.75823774933815,0.9596232235431671,1.0
State_11,consensus_state,3,1,1,LAMCORE_777,3,0.3746253351370494,0.40661972761154175,0.29106088280677794,0.342420369386673,0.42282749712467194,0.4357937127351761,1.0
State_11,consensus_state,3,1,1,ciliated,3,0.03276912805934747,0.017821742221713066,0.0017821742221713066,0.008910871110856533,0.049153692089021206,0.07421925198286772,0.6666666666666666
State_11,consensus_state,3,1,1,AT2,3,0.6807103554407755,0.689690351486206,0.5980848670005798,0.6387984156608582,0.7271122932434082,0.75704984664917,1.0
State_11,consensus_state,3,1,1,macrophage,3,0.4745662162701289,0.11445894092321396,0.07491540163755417,0.0924903079867363,0.676588486880064,1.1262921236455439,1.0
State_11,consensus_state,3,1,1,endothelial,3,0.5443164507548014,0.44951486587524414,0.2715801775455475,0.3506622612476349,0.6905698478221893,0.8834138333797454,1.0
State_11,consensus_state,3,1,1,fibroblast,3,0.7904510200023651,0.6164736151695251,0.38614205420017245,0.4885116368532181,1.0054017007350922,1.3165441691875457,1.0
State_11,consensus_state,3,1,1,mesothelial,3,0.0,0.0,0.0,0.0,0.0,0.0,0.0
State_11,consensus_state,3,1,1,pericyte_VSMC,3,0.3669851173957189,0.48658058047294617,0.13765789717435836,0.29273464530706406,0.5010333210229874,0.5125955134630203,1.0
State_11,consensus_state,3,1,1,gene_PMEL,3,0.2585794727007548,0.0,0.0,0.0,0.3878692090511322,0.6981645762920379,0.3333333333333333
State_11,consensus_state,3,1,1,gene_MLANA,3,0.0,0.0,0.0,0.0,0.0,0.0,0.0
State_11,consensus_state,3,1,1,gene_MITF,3,0.8672960003217062,0.7757384181022644,0.07757384181022645,0.3878692090511322,1.3009440004825592,1.721108466386795,0.6666666666666666
State_11,consensus_state,3,1,1,gene_ACTA2,3,0.08910870552062988,0.0,0.0,0.0,0.13366305828094482,0.24059350490570067,0.3333333333333333
State_11,consensus_state,3,1,1,gene_ACTG2,3,0.0,0.0,0.0,0.0,0.0,0.0,0.0
State_11,consensus_state,3,1,1,gene_MYH11,3,1.0021243890126545,1.2072845697402954,0.12072845697402955,0.6036422848701477,1.503186583518982,1.739908194541931,0.6666666666666666
State_11,consensus_state,3,1,1,gene_VEGFD,3,0.0,0.0,0.0,0.0,0.0,0.0,0.0
State_11,consensus_state,3,1,1,gene_CTSK,3,0.419682780901591,0.0,0.0,0.0,0.6295241713523865,1.1331435084342956,0.3333333333333333
State_11,consensus_state,3,1,1,gene_EMX2,3,0.0,0.0,0.0,0.0,0.0,0.0,0.0
State_11,consensus_state,3,1,1,gene_HOXA11,3,0.0,0.0,0.0,0.0,0.0,0.0,0.0
State_11,consensus_state,3,1,1,gene_ESR1,3,1.803664207458496,2.147824764251709,1.1538253545761108,1.5956028699874878,2.183805823326111,2.2125906705856324,1.0
State_12,consensus_state,605,4,9,melanocytic_identity,605,0.4210443969969907,0.4143278896808624,0.0,0.23857951164245605,0.6208788752555847,0.8442907810211178,0.8694214876033057
State_12,consensus_state,605,4,9,contractile_marker_panel,605,0.15633682079059033,0.0,0.0,0.0,0.22843027114868164,0.5995264887809754,0.4049586776859504
State_12,consensus_state,605,4,9,VEGFD_CTSK_panel,605,0.24794633903286672,0.1460196077823639,0.0,0.0,0.41875794529914856,0.8641305446624751,0.5421487603305785
State_12,consensus_state,605,4,9,ESR1_hormone_marker,605,0.49288389687695777,0.3767215311527252,0.0,0.0,0.8603848814964294,1.51685357093811,0.5305785123966942
State_12,consensus_state,605,4,9,HOX_PBX_markers,605,0.002967072407568782,0.0,0.0,0.0,0.0,0.0,0.011570247933884297
State_12,consensus_state,605,4,9,CORE1,605,0.24039893293953385,0.1728675812482834,0.0,0.07134319841861725,0.31908124685287476,0.6931618690490722,0.8198347107438017
State_12,consensus_state,605,4,9,CORE2,605,0.2916849541023743,0.2693670392036438,0.07036392241716385,0.15586265921592712,0.40462827682495117,0.5799776673316955,0.9884297520661157
State_12,consensus_state,605,4,9,CORE3_identity,605,0.3641445764948514,0.3403834402561188,0.14527157247066497,0.25901782512664795,0.44340911507606506,0.6736906766891476,1.0
State_12,consensus_state,605,4,9,LAM_myogenic_contractile,605,0.2573090139807256,0.17532022297382355,0.0,0.07251740247011185,0.32473692297935486,0.8131940484046919,0.8198347107438017
State_12,consensus_state,605,4,9,ECM_remodeling,605,0.3187138519503854,0.2652188837528229,0.0,0.12189331650733948,0.4353201687335968,0.8382564544677732,0.915702479338843
State_12,consensus_state,605,4,9,mTOR_translation,605,0.6207095775353022,0.4993753433227539,0.14602959752082825,0.3387176990509033,0.7756122350692749,1.7189789295196518,0.9851239669421488
State_12,consensus_state,605,4,9,hormone_related,605,0.4473664706649859,0.4519824981689453,0.0,0.3105851709842682,0.5854827761650085,0.7902218580245963,0.9421487603305785
State_12,consensus_state,605,4,9,hypoxia_stress,605,0.31498238830403846,0.2841933071613312,0.06540279984474183,0.18198911845684052,0.4034881889820099,0.6886530160903926,0.9702479338842975
State_12,consensus_state,605,4,9,protease_ECM_niche,605,0.31381556472071437,0.2679468095302582,0.0,0.143153116106987,0.44486579298973083,0.7245151877403259,0.943801652892562
State_12,consensus_state,605,4,9,HOX_PBX,605,0.2347258340844438,0.20734083652496338,0.0,0.08776325732469559,0.35280925035476685,0.5852772116661071,0.8066115702479338
State_12,consensus_state,605,4,9,normal_lung_interstitial,605,0.19792165824573887,0.08333612233400345,0.0,0.0,0.24625855684280396,0.8149471163749694,0.6413223140495867
State_12,consensus_state,605,4,9,LAMCORE_777,605,0.24835146177898754,0.23533955216407776,0.16064929366111758,0.20444749295711517,0.2862887680530548,0.375666868686676,1.0
State_12,consensus_state,605,4,9,ciliated,605,0.07687099239950584,0.05496659502387047,0.0,0.0,0.11046075820922852,0.21953124105930297,0.7388429752066116
State_12,consensus_state,605,4,9,AT2,605,1.3127596494703253,1.2016801834106445,0.14897829294204715,0.674375593662262,1.8252066373825073,2.8567294120788564,0.9537190082644628
State_12,consensus_state,605,4,9,macrophage,605,0.36565052284743665,0.15032857656478882,0.0,0.054652538150548935,0.4406810998916626,1.5682208061218252,0.7966942148760331
State_12,consensus_state,605,4,9,endothelial,605,0.33041796659327244,0.16411028802394867,0.0,0.0,0.5531156063079834,1.1858314275741575,0.7487603305785124
State_12,consensus_state,605,4,9,fibroblast,605,0.21625348654660312,0.08298677951097488,0.0,0.0,0.27168509364128113,0.9106176257133478,0.7074380165289256
State_12,consensus_state,605,4,9,mesothelial,605,0.04694358938766166,0.0,0.0,0.0,0.06846024096012115,0.22039887607097625,0.3256198347107438
State_12,consensus_state,605,4,9,pericyte_VSMC,605,0.19451879634683536,0.13348910212516785,0.0,0.053687937557697296,0.24295537173748016,0.5860514640808099,0.8363636363636363
State_12,consensus_state,605,4,9,gene_PMEL,605,0.05714843576112069,0.0,0.0,0.0,0.0,0.47569822669029094,0.07272727272727272
State_12,consensus_state,605,4,9,gene_MLANA,605,0.045666281829688175,0.0,0.0,0.0,0.0,0.3989749729633327,0.07107438016528926
State_12,consensus_state,605,4,9,gene_MITF,605,1.1603184755922349,1.1349573135375977,0.0,0.5967916250228882,1.752618670463562,2.4279428482055665,0.8347107438016529
State_12,consensus_state,605,4,9,gene_ACTA2,605,0.29710227326174415,0.0,0.0,0.0,0.4726209044456482,1.499128985404965,0.315702479338843
State_12,consensus_state,605,4,9,gene_ACTG2,605,0.02586655380312076,0.0,0.0,0.0,0.0,0.0,0.03140495867768595
State_12,consensus_state,605,4,9,gene_MYH11,605,0.14604163671081716,0.0,0.0,0.0,0.0,0.9543848872184751,0.1652892561983471
State_12,consensus_state,605,4,9,gene_VEGFD,605,0.11371033962600487,0.0,0.0,0.0,0.0,0.8272827744483943,0.15537190082644628
State_12,consensus_state,605,4,9,gene_CTSK,605,0.3821823385382487,0.0,0.0,0.0,0.6779513359069824,1.435074257850646,0.4380165289256198
State_12,consensus_state,605,4,9,gene_EMX2,605,0.005660832223813396,0.0,0.0,0.0,0.0,0.0,0.009917355371900827
State_12,consensus_state,605,4,9,gene_HOXA11,605,0.0002733125913241678,0.0,0.0,0.0,0.0,0.0,0.001652892561983471
State_12,consensus_state,605,4,9,gene_ESR1,605,0.49288389687695777,0.3767215311527252,0.0,0.0,0.8603848814964294,1.51685357093811,0.5305785123966942
State_13,consensus_state,6,3,3,melanocytic_identity,6,0.42965030545989674,0.4290371984243393,0.028142591938376427,0.1826807651668787,0.7096427977085114,0.8098580092191696,0.8333333333333334
State_13,consensus_state,6,3,3,contractile_marker_panel,6,0.599798534065485,0.40439359471201897,0.0,0.028142591938376427,1.1856125891208649,1.4181307554244995,0.6666666666666666
State_13,consensus_state,6,3,3,VEGFD_CTSK_panel,6,0.526860182483991,0.6360670328140259,0.03313862532377243,0.24679536372423172,0.7812105864286423,0.9103166908025742,0.8333333333333334
State_13,consensus_state,6,3,3,ESR1_hormone_marker,6,1.6206458806991577,1.7098219394683838,0.0,0.4262995719909668,2.346434473991394,3.4496248364448547,0.6666666666666666
State_13,consensus_state,6,3,3,HOX_PBX_markers,6,0.11806122958660126,0.0,0.0,0.0,0.09941587597131729,0.4649982824921608,0.3333333333333333
State_13,consensus_state,6,3,3,CORE1,6,0.4433225567142169,0.4491840898990631,0.08465258404612541,0.17452987655997276,0.5621263906359673,0.8951466381549835,1.0
State_13,consensus_state,6,3,3,CORE2,6,0.3214430982867877,0.26771732419729233,0.07432392239570618,0.18815943971276283,0.4910063296556473,0.6070559620857239,1.0
State_13,consensus_state,6,3,3,CORE3_identity,6,0.7076702378690243,0.7352911829948425,0.12112495861947536,0.29139167442917824,1.1009406298398972,1.2773298621177673,1.0
State_13,consensus_state,6,3,3,LAM_myogenic_contractile,6,0.6014302124579748,0.5904957205057144,0.11308753490447998,0.25983472913503647,0.8756666034460068,1.1474358588457108,1.0
State_13,consensus_state,6,3,3,ECM_remodeling,6,0.3188176549350222,0.27350733429193497,0.06956776464357972,0.19599087536334991,0.45743703842163086,0.6104011833667755,1.0
State_13,consensus_state,6,3,3,mTOR_translation,6,0.911099374294281,0.6416151523590088,0.5478549152612686,0.5771239250898361,0.8332853317260742,1.863268420100212,1.0
State_13,consensus_state,6,3,3,hormone_related,6,0.5765422135591507,0.662853866815567,0.06089993566274643,0.3338247165083885,0.8354394882917404,0.9807010442018509,0.8333333333333334
State_13,consensus_state,6,3,3,hypoxia_stress,6,0.20860275129477182,0.22597521543502808,0.08446352928876877,0.134327694773674,0.2879685014486313,0.3090803027153015,1.0
State_13,consensus_state,6,3,3,protease_ECM_niche,6,0.2655384714404742,0.2373584508895874,0.15417999401688576,0.19611206278204918,0.27913516759872437,0.4469934478402138,1.0
State_13,consensus_state,6,3,3,HOX_PBX,6,0.572737380862236,0.6610090136528015,0.1586376056075096,0.5347526967525482,0.7090811729431152,0.8182808458805084,1.0
State_13,consensus_state,6,3,3,normal_lung_interstitial,6,0.3240007509787877,0.26191534847021103,0.021331753581762314,0.12126319110393524,0.5354690849781036,0.6932822018861771,0.8333333333333334
State_13,consensus_state,6,3,3,LAMCORE_777,6,0.3370618236561616,0.362154558300972,0.11628678254783154,0.2603461630642414,0.46397148072719574,0.49509934335947037,1.0
State_13,consensus_state,6,3,3,ciliated,6,0.03799308215578397,0.03348926827311516,0.0,0.0,0.0756964311003685,0.08143376931548119,0.5
State_13,consensus_state,6,3,3,AT2,6,1.195382555325826,1.0026732087135315,0.294992595911026,0.5247925817966461,1.8316498100757599,2.3434818983078003,1.0
State_13,consensus_state,6,3,3,macrophage,6,0.2992621014515559,0.33757321536540985,0.049297548830509186,0.22828146070241928,0.38692606985569,0.4934081360697746,0.8333333333333334
State_13,consensus_state,6,3,3,endothelial,6,0.3910538622488578,0.10456079989671707,0.009374088607728481,0.04800544027239084,0.7148987203836441,1.1197779178619385,0.8333333333333334
State_13,consensus_state,6,3,3,fibroblast,6,0.239653704687953,0.2025342956185341,0.015514002181589603,0.09421661403030157,0.38943204283714294,0.5042052194476128,0.8333333333333334
State_13,consensus_state,6,3,3,mesothelial,6,0.006312118843197823,0.0,0.0,0.0,0.0,0.0284045347943902,0.16666666666666666
State_13,consensus_state,6,3,3,pericyte_VSMC,6,0.4263217442979415,0.44279031455516815,0.075391692109406,0.19778640195727348,0.5837777256965637,0.8054247051477432,1.0
State_13,consensus_state,6,3,3,gene_PMEL,6,0.17277491092681885,0.0,0.0,0.0,0.0,0.7774870991706848,0.16666666666666666
State_13,consensus_state,6,3,3,gene_MLANA,6,0.06249392032623291,0.0,0.0,0.0,0.0,0.2812226414680481,0.16666666666666666
State_13,consensus_state,6,3,3,gene_MITF,6,1.0536820888519287,1.1078426837921143,0.08442777395248413,0.5124456882476807,1.3411495089530945,2.1289283633232117,0.8333333333333334
State_13,consensus_state,6,3,3,gene_ACTA2,6,0.9903746445973715,0.356337308883667,0.0,0.08442777395248413,1.8738723993301392,2.735425591468811,0.6666666666666666
State_13,consensus_state,6,3,3,gene_ACTG2,6,0.0,0.0,0.0,0.0,0.0,0.0,0.0
State_13,consensus_state,6,3,3,gene_MYH11,6,0.8090209364891052,0.7338569164276123,0.0,0.0,1.621472179889679,1.7034463584423065,0.5
State_13,consensus_state,6,3,3,gene_VEGFD,6,0.2801489233970642,0.13255450129508972,0.0,0.0,0.5782393366098404,0.7205303460359573,0.5
State_13,consensus_state,6,3,3,gene_CTSK,6,0.7735714316368103,0.9171209335327148,0.0,0.1706540286540985,1.1721833646297455,1.5158720910549164,0.6666666666666666
State_13,consensus_state,6,3,3,gene_EMX2,6,0.23612245917320251,0.0,0.0,0.0,0.19883175194263458,0.9299965649843216,0.3333333333333333
State_13,consensus_state,6,3,3,gene_HOXA11,6,0.0,0.0,0.0,0.0,0.0,0.0,0.0
State_13,consensus_state,6,3,3,gene_ESR1,6,1.6206458806991577,1.7098219394683838,0.0,0.4262995719909668,2.346434473991394,3.4496248364448547,0.6666666666666666
State_14,consensus_state,3,1,1,melanocytic_identity,3,0.688974142074585,0.7272769212722778,0.5729956686496734,0.6415651142597198,0.7555345594882965,0.7781406700611114,1.0
State_14,consensus_state,3,1,1,contractile_marker_panel,3,1.9867332379023235,1.891830563545227,1.8028304696083068,1.8423860669136047,2.083629071712494,2.2370678782463074,1.0
State_14,consensus_state,3,1,1,VEGFD_CTSK_panel,3,1.458484172821045,1.3468109369277954,1.0416736125946044,1.1772902011871338,1.6838415265083313,1.95346599817276,1.0
State_14,consensus_state,3,1,1,ESR1_hormone_marker,3,0.1443739632765452,0.0,0.0,0.0,0.2165609449148178,0.389809700846672,0.3333333333333333
State_14,consensus_state,3,1,1,HOX_PBX_markers,3,0.0721869816382726,0.0,0.0,0.0,0.1082804724574089,0.194904850423336,0.3333333333333333
State_14,consensus_state,3,1,1,CORE1,3,1.7932018438975017,1.7132694721221924,1.530815100669861,1.6119059324264526,1.934531569480896,2.111541247367859,1.0
State_14,consensus_state,3,1,1,CORE2,3,0.7742603222529093,0.7668365240097046,0.6315022349357605,0.6916508078575134,0.8531579375267029,0.9222150683403015,1.0
State_14,consensus_state,3,1,1,CORE3_identity,3,1.1654832363128662,1.0270981788635254,1.0243618965148926,1.0255780220031738,1.2361959218978882,1.4034741163253783,1.0
State_14,consensus_state,3,1,1,LAM_myogenic_contractile,3,2.434119383494059,2.28511118888855,2.0506977081298827,2.154881477355957,2.6388531923294067,2.921846795082092,1.0
State_14,consensus_state,3,1,1,ECM_remodeling,3,0.9558489521344503,0.9213675260543823,0.7245648920536041,0.8120327293872833,1.0824244618415833,1.2112700104713439,1.0
State_14,consensus_state,3,1,1,mTOR_translation,3,1.8544343709945679,1.8864023685455322,1.7114330768585204,1.7891972064971924,1.9356555342674255,1.9750580668449402,1.0
State_14,consensus_state,3,1,1,hormone_related,3,0.18150447929898897,0.2197611778974533,0.07766321934759617,0.14081786759197712,0.241319440305233,0.25856605023145673,1.0
State_14,consensus_state,3,1,1,hypoxia_stress,3,0.5480952858924866,0.5579001903533936,0.5111240208148956,0.5319134294986725,0.5691795945167542,0.5782031178474426,1.0
State_14,consensus_state,3,1,1,protease_ECM_niche,3,0.7087433536847433,0.6066834330558777,0.6017194151878357,0.6039256453514099,0.7625311017036438,0.8872092366218567,1.0
State_14,consensus_state,3,1,1,HOX_PBX,3,0.2055597541232904,0.1255161017179489,0.0612778227776289,0.08982816897332668,0.28126951307058334,0.40587224215269085,1.0
State_14,consensus_state,3,1,1,normal_lung_interstitial,3,0.8339113394419352,0.7133110761642456,0.5544514536857605,0.625055730342865,0.9824668169021606,1.1977914094924926,1.0
State_14,consensus_state,3,1,1,LAMCORE_777,3,0.405376394589742,0.35855424404144287,0.3532834887504578,0.35562604665756226,0.4317156672477722,0.4902448058128357,1.0
State_14,consensus_state,3,1,1,ciliated,3,1.1171810626983643,1.197817325592041,0.8016525864601135,0.9777258038520813,1.2969544529914856,1.3762641549110413,1.0
State_14,consensus_state,3,1,1,AT2,3,0.30387383699417114,0.28067848086357117,0.17122182250022888,0.2198692262172699,0.3762807697057724,0.45276260077953334,1.0
State_14,consensus_state,3,1,1,macrophage,3,0.34957342346509296,0.352834016084671,0.32030391693115234,0.33476173877716064,0.36601540446281433,0.37656051516532896,1.0
State_14,consensus_state,3,1,1,endothelial,3,0.0,0.0,0.0,0.0,0.0,0.0,0.0
State_14,consensus_state,3,1,1,fibroblast,3,0.7147732873757681,0.6503607630729675,0.48574562966823576,0.5589079111814499,0.8384324014186859,0.9888897120952606,1.0
State_14,consensus_state,3,1,1,mesothelial,3,0.10822280993064244,0.10490725189447403,0.010490725189447403,0.052453625947237015,0.16233421489596367,0.20827578529715537,0.6666666666666666
State_14,consensus_state,3,1,1,pericyte_VSMC,3,1.6227462689081829,1.5234074592590332,1.367131769657135,1.436587631702423,1.7592355012893677,1.9478979349136352,1.0
State_14,consensus_state,3,1,1,gene_PMEL,3,1.386839787165324,1.4133683443069458,1.3110406756401063,1.356519639492035,1.4304242134094238,1.4440689086914062,1.0
State_14,consensus_state,3,1,1,gene_MLANA,3,0.0,0.0,0.0,0.0,0.0,0.0,0.0
State_14,consensus_state,3,1,1,gene_MITF,3,0.6800826291243235,0.7343507409095764,0.4045351356267929,0.5511198490858078,0.8361794650554657,0.9176424443721771,1.0
State_14,consensus_state,3,1,1,gene_ACTA2,3,3.030117670694987,2.807223081588745,2.5839980602264405,2.683209180831909,3.265578866004944,3.6322634935379026,1.0
State_14,consensus_state,3,1,1,gene_ACTG2,3,0.5854478081067404,0.7343507409095764,0.07343507409095765,0.3671753704547882,0.8781717121601105,0.9932284891605377,0.6666666666666666
State_14,consensus_state,3,1,1,gene_MYH11,3,2.344634175300598,2.0852787494659424,1.8701762080192565,1.965777337551117,2.5938133001327515,3.0006409406661985,1.0
State_14,consensus_state,3,1,1,gene_VEGFD,3,0.23709255456924438,0.0,0.0,0.0,0.3556388318538666,0.6401498973369598,0.3333333333333333
State_14,consensus_state,3,1,1,gene_CTSK,3,2.6798758506774902,2.693621873855591,2.083347225189209,2.3545804023742676,3.012044310569763,3.266782259941101,1.0
State_14,consensus_state,3,1,1,gene_EMX2,3,0.0,0.0,0.0,0.0,0.0,0.0,0.0
State_14,consensus_state,3,1,1,gene_HOXA11,3,0.1443739632765452,0.0,0.0,0.0,0.2165609449148178,0.389809700846672,0.3333333333333333
State_14,consensus_state,3,1,1,gene_ESR1,3,0.1443739632765452,0.0,0.0,0.0,0.2165609449148178,0.389809700846672,0.3333333333333333
State_15,consensus_state,200,4,7,melanocytic_identity,200,1.0880307699739933,1.1275132894515991,0.3376059919595719,0.8823391795158386,1.3496704995632172,1.7890376329421998,0.975
State_15,consensus_state,200,4,7,contractile_marker_panel,200,1.9705325407534837,2.068992853164673,0.2984902642667295,1.4828478693962097,2.4812569618225098,3.2438270449638353,0.955
State_15,consensus_state,200,4,7,VEGFD_CTSK_panel,200,1.92280549518764,1.942033290863037,1.010242909193039,1.6317790150642395,2.19203519821167,2.835136747360229,0.995
State_15,consensus_state,200,4,7,ESR1_hormone_marker,200,0.5317189226299525,0.47882020473480225,0.0,0.0,0.9593756198883057,1.5431872308254229,0.565
State_15,consensus_state,200,4,7,HOX_PBX_markers,200,0.4202846332639456,0.3921404331922531,0.0,0.0,0.6410193145275116,1.1016863048076626,0.705
State_15,consensus_state,200,4,7,CORE1,200,1.8210044937580825,2.008028030395508,0.3746857732534409,1.4208374619483948,2.32332581281662,2.7021831154823297,1.0
State_15,consensus_state,200,4,7,CORE2,200,1.1448429819196462,1.1634118556976318,0.5679901808500291,0.9986294060945511,1.3465455174446106,1.6224254965782163,1.0
State_15,consensus_state,200,4,7,CORE3_identity,200,1.5599297672510146,1.6109884977340698,0.8142224550247192,1.3865768611431122,1.8088900446891785,2.1127914786338806,1.0
State_15,consensus_state,200,4,7,LAM_myogenic_contractile,200,2.516631572842598,2.7737995386123657,0.819966596364975,1.932452917098999,3.1490558385849,3.5637258291244507,1.0
State_15,consensus_state,200,4,7,ECM_remodeling,200,1.4980206006765366,1.5745034217834473,0.6814682722091675,1.2033383250236511,1.838625282049179,2.140794718265533,1.0
State_15,consensus_state,200,4,7,mTOR_translation,200,1.8210559192299842,1.8646366000175476,1.326129639148712,1.7243596911430359,2.0084657669067383,2.1366365790367126,1.0
State_15,consensus_state,200,4,7,hormone_related,200,0.20429424772039056,0.17859980463981628,0.0,0.11174002476036549,0.28863582760095596,0.4576027855277056,0.86
State_15,consensus_state,200,4,7,hypoxia_stress,200,0.440853448882699,0.44189926981925964,0.08418219760060319,0.28809138387441635,0.5938279330730438,0.8459890753030773,0.95
State_15,consensus_state,200,4,7,protease_ECM_niche,200,1.0028795869648457,1.0222324132919312,0.66311274766922,0.8840721398591995,1.1393059194087982,1.3096608579158782,1.0
State_15,consensus_state,200,4,7,HOX_PBX,200,0.3258904552273452,0.314716175198555,0.06708209067583085,0.23735212162137032,0.4227096289396286,0.5724411040544505,0.965
State_15,consensus_state,200,4,7,normal_lung_interstitial,200,1.3126310078799726,1.3338893055915833,0.5047813728451729,0.9891275763511658,1.6415770649909973,2.0446006536483763,1.0
State_15,consensus_state,200,4,7,LAMCORE_777,200,0.5004134432226419,0.512529730796814,0.3327458307147026,0.46225084364414215,0.5627269744873047,0.6226282685995101,1.0
State_15,consensus_state,200,4,7,ciliated,200,0.022177540124394,0.0,0.0,0.0,0.037125070579349995,0.07234832122921926,0.445
State_15,consensus_state,200,4,7,AT2,200,0.6402410412579775,0.3526631295681,0.0,0.16188421845436096,0.8408424258232117,1.7638034760951833,0.855
State_15,consensus_state,200,4,7,macrophage,200,0.49448401337489484,0.380711168050766,0.23599842488765715,0.32479624450206757,0.5067034661769867,1.128913646936416,0.995
State_15,consensus_state,200,4,7,endothelial,200,0.04258508328348398,0.0,0.0,0.0,0.06743662431836128,0.14481394216418253,0.44
State_15,consensus_state,200,4,7,fibroblast,200,1.1429869109205901,1.1730241179466248,0.4554827079176903,0.873340904712677,1.3964600563049316,1.7896845519542692,1.0
State_15,consensus_state,200,4,7,mesothelial,200,0.09252036398276686,0.0860767513513565,0.0,0.0,0.1592450849711895,0.26753433942794796,0.62
State_15,consensus_state,200,4,7,pericyte_VSMC,200,1.7190991826355457,1.87710839509964,0.6231010407209396,1.335051715373993,2.161070227622986,2.417203855514526,1.0
State_15,consensus_state,200,4,7,gene_PMEL,200,2.412612416148186,2.5778037309646606,0.0,1.9927461445331573,3.01141893863678,3.9617933750152585,0.925
State_15,consensus_state,200,4,7,gene_MLANA,200,0.1337234105169773,0.0,0.0,0.0,0.0,1.0570066452026352,0.11
State_15,consensus_state,200,4,7,gene_MITF,200,0.7177564851939678,0.7259965240955353,0.0,0.0,1.1152772307395935,1.687408035993576,0.715
State_15,consensus_state,200,4,7,gene_ACTA2,200,3.278086149096489,3.576776146888733,0.0,2.7253751158714294,4.16520881652832,4.763020443916321,0.94
State_15,consensus_state,200,4,7,gene_ACTG2,200,0.5780162209272385,0.0,0.0,0.0,1.0068545937538147,2.6798484563827514,0.31
State_15,consensus_state,200,4,7,gene_MYH11,200,2.055495240688324,2.3027658462524414,0.0,1.5019329488277435,2.8379425406455994,3.3319393634796137,0.85
State_15,consensus_state,200,4,7,gene_VEGFD,200,0.3439515472203493,0.0,0.0,0.0,0.546790599822998,1.8549333453178405,0.31
State_15,consensus_state,200,4,7,gene_CTSK,200,3.501659442037344,3.648732900619507,1.9388181567192078,3.0579893589019775,4.087364315986633,4.614269638061524,0.995
State_15,consensus_state,200,4,7,gene_EMX2,200,0.5321321669220924,0.4210773855447769,0.0,0.0,0.8955244272947311,1.8909884989261627,0.555
State_15,consensus_state,200,4,7,gene_HOXA11,200,0.30843709729611873,0.0,0.0,0.0,0.6041222512722015,1.1546404182910914,0.395
State_15,consensus_state,200,4,7,gene_ESR1,200,0.5317189226299525,0.47882020473480225,0.0,0.0,0.9593756198883057,1.5431872308254229,0.565
State_16,consensus_state,396,4,10,melanocytic_identity,396,0.5649048296941651,0.6024497449398041,0.0,0.0,0.921874925494194,1.4416400492191315,0.6565656565656566
State_16,consensus_state,396,4,10,contractile_marker_panel,396,1.553742290145219,1.5399357676506042,0.0,0.8519212156534195,2.230395495891571,3.087502121925354,0.9242424242424242
State_16,consensus_state,396,4,10,VEGFD_CTSK_panel,396,1.026295862753283,1.0234665870666504,0.0,0.0,1.6381625533103943,2.4173786640167236,0.7222222222222222
State_16,consensus_state,396,4,10,ESR1_hormone_marker,396,0.9450916750262482,0.0,0.0,0.0,2.058395564556122,3.780905306339264,0.37373737373737376
State_16,consensus_state,396,4,10,HOX_PBX_markers,396,0.1141839147818209,0.0,0.0,0.0,0.0,0.8669857233762741,0.1590909090909091
State_16,consensus_state,396,4,10,CORE1,396,1.2975030796169633,1.3681628704071045,0.11765671521425247,0.7639072239398956,1.8510260581970215,2.3849228024482727,0.9621212121212122
State_16,consensus_state,396,4,10,CORE2,396,0.5367817293212871,0.444535955786705,0.1206164751201868,0.28080689907073975,0.7437798529863358,1.2361273765563965,0.9671717171717171
State_16,consensus_state,396,4,10,CORE3_identity,396,1.102125833507138,1.074181616306305,0.33397967368364334,0.7411506772041321,1.449244201183319,1.928913801908493,1.0
State_16,consensus_state,396,4,10,LAM_myogenic_contractile,396,1.7325007157456693,1.8447088599205017,0.1026055309921503,0.9988958984613419,2.464412808418274,3.1672767400741577,0.9621212121212122
State_16,consensus_state,396,4,10,ECM_remodeling,396,0.48353798128664494,0.4096250832080841,0.0,0.24064526706933975,0.6616441011428833,1.1612334847450256,0.9141414141414141
State_16,consensus_state,396,4,10,mTOR_translation,396,1.2665222835623555,1.4745022654533386,0.1416780911386013,0.5348090678453445,1.9016547799110413,2.2303009033203125,0.9848484848484849
State_16,consensus_state,396,4,10,hormone_related,396,0.319929497956176,0.0,0.0,0.0,0.6744554936885834,1.198919802904129,0.45454545454545453
State_16,consensus_state,396,4,10,hypoxia_stress,396,0.1495102307749818,0.10008375719189644,0.0,0.0,0.24821822717785835,0.495328389108181,0.5656565656565656
State_16,consensus_state,396,4,10,protease_ECM_niche,396,0.3659743187064775,0.3105374723672867,0.0,0.18176578730344772,0.5364903658628464,0.8294493108987808,0.8964646464646465
State_16,consensus_state,396,4,10,HOX_PBX,396,0.28695233610242304,0.0,0.0,0.0,0.6128850132226944,0.9847227782011032,0.4823232323232323
State_16,consensus_state,396,4,10,normal_lung_interstitial,396,0.38178828268340137,0.3177091181278229,0.0,0.0,0.6045094877481461,1.1109122037887573,0.6843434343434344
State_16,consensus_state,396,4,10,LAMCORE_777,396,0.28838785005865075,0.2169375643134117,0.07666983269155025,0.13880422711372375,0.4309846758842468,0.6330252885818481,1.0
State_16,consensus_state,396,4,10,ciliated,396,0.030215055789949014,0.0,0.0,0.0,0.0,0.14531336724758148,0.23232323232323232
State_16,consensus_state,396,4,10,AT2,396,0.8366518609150492,0.786412239074707,0.0,0.45428864657878876,1.1526354551315308,1.9922494292259216,0.8333333333333334
State_16,consensus_state,396,4,10,macrophage,396,0.3090111417131442,0.25310082733631134,0.0,0.09217498451471329,0.424295611679554,0.8848706632852554,0.797979797979798
State_16,consensus_state,396,4,10,endothelial,396,0.03297095324354942,0.0,0.0,0.0,0.0,0.199871014803648,0.18181818181818182
State_16,consensus_state,396,4,10,fibroblast,396,0.33490535989403725,0.2527170032262802,0.0,0.0,0.5392458587884903,0.9935144335031509,0.7070707070707071
State_16,consensus_state,396,4,10,mesothelial,396,0.029973606381452446,0.0,0.0,0.0,0.0,0.2278399057686329,0.1388888888888889
State_16,consensus_state,396,4,10,pericyte_VSMC,396,1.1666471167571015,1.2383926510810852,0.07689295150339603,0.6765222549438477,1.6467883884906769,2.11151784658432,0.9621212121212122
State_16,consensus_state,396,4,10,gene_PMEL,396,0.8000732305073979,0.0,0.0,0.0,1.6481235921382904,3.0400255918502808,0.3661616161616162
State_16,consensus_state,396,4,10,gene_MLANA,396,0.02312627901332547,0.0,0.0,0.0,0.0,0.0,0.022727272727272728
State_16,consensus_state,396,4,10,gene_MITF,396,0.871514981894782,0.0,0.0,0.0,2.0019836127758026,2.8881829977035522,0.41414141414141414
State_16,consensus_state,396,4,10,gene_ACTA2,396,3.022482958029617,3.516901731491089,0.0,1.8436660766601562,4.328659772872925,5.233354449272156,0.8863636363636364
State_16,consensus_state,396,4,10,gene_ACTG2,396,0.5755950962052201,0.0,0.0,0.0,0.0,3.3197826147079468,0.2222222222222222
State_16,consensus_state,396,4,10,gene_MYH11,396,1.0631488163513367,0.0,0.0,0.0,2.312711238861084,3.3818902373313904,0.4444444444444444
State_16,consensus_state,396,4,10,gene_VEGFD,396,0.28806375057408307,0.0,0.0,0.0,0.0,1.952056735754013,0.18686868686868688
State_16,consensus_state,396,4,10,gene_CTSK,396,1.7645279746314493,1.7068588733673096,0.0,0.0,2.989354908466339,4.320711135864258,0.6691919191919192
State_16,consensus_state,396,4,10,gene_EMX2,396,0.18257158151780717,0.0,0.0,0.0,0.0,1.3848742842674255,0.13383838383838384
State_16,consensus_state,396,4,10,gene_HOXA11,396,0.045796248045834625,0.0,0.0,0.0,0.0,0.0,0.03535353535353535
State_16,consensus_state,396,4,10,gene_ESR1,396,0.9450916750262482,0.0,0.0,0.0,2.058395564556122,3.780905306339264,0.37373737373737376
State_17,consensus_state,121,3,5,melanocytic_identity,121,0.053816304442064825,0.0,0.0,0.0,0.05160275101661682,0.3148088753223419,0.2727272727272727
State_17,consensus_state,121,3,5,contractile_marker_panel,121,0.22379418822728897,0.1444883793592453,0.0,0.10028937458992004,0.2524722218513489,0.7902066707611084,0.8842975206611571
State_17,consensus_state,121,3,5,VEGFD_CTSK_panel,121,0.3573368853035052,0.2651371955871582,0.0,0.17218466103076935,0.41217756271362305,1.2191638946533203,0.9256198347107438
State_17,consensus_state,121,3,5,ESR1_hormone_marker,121,0.04501012287849237,0.0,0.0,0.0,0.0,0.22787728905677795,0.09090909090909091
State_17,consensus_state,121,3,5,HOX_PBX_markers,121,0.0027303447531274528,0.0,0.0,0.0,0.0,0.0,0.01652892561983471
State_17,consensus_state,121,3,5,CORE1,121,0.5293097577311776,0.473105251789093,0.21877989172935486,0.339463472366333,0.6341869831085205,1.0029313564300537,1.0
State_17,consensus_state,121,3,5,CORE2,121,0.15480210725987745,0.11403343826532364,0.032828740775585175,0.07022587954998016,0.18657684326171875,0.5098209977149963,0.9834710743801653
State_17,consensus_state,121,3,5,CORE3_identity,121,0.2216116257997091,0.16286960244178772,0.08410239964723587,0.11747969686985016,0.2355300337076187,0.5835449695587158,1.0
State_17,consensus_state,121,3,5,LAM_myogenic_contractile,121,0.8078103664000172,0.7507249116897583,0.42275598645210266,0.6149781942367554,0.9202807545661926,1.456441044807434,1.0
State_17,consensus_state,121,3,5,ECM_remodeling,121,1.339816336789407,1.0655840635299683,0.5633614659309387,0.7322311401367188,1.5369566679000854,3.2271854877471924,1.0
State_17,consensus_state,121,3,5,mTOR_translation,121,2.2271329319674122,2.249911308288574,1.9668688774108887,2.1363821029663086,2.359422445297241,2.4536564350128174,1.0
State_17,consensus_state,121,3,5,hormone_related,121,0.0929081794336315,0.08893249928951263,0.0,0.04180719330906868,0.1259586662054062,0.21351981163024902,0.7933884297520661
State_17,consensus_state,121,3,5,hypoxia_stress,121,0.7041192948818207,0.6712464690208435,0.36111903190612793,0.5511988997459412,0.8412728905677795,1.0860297679901123,0.9917355371900827
State_17,consensus_state,121,3,5,protease_ECM_niche,121,0.682563501818121,0.5844005346298218,0.422344833612442,0.5117760896682739,0.7584412693977356,1.3640564680099487,1.0
State_17,consensus_state,121,3,5,HOX_PBX,121,0.13490452506571762,0.12952205538749695,0.0,0.07749711722135544,0.17726653814315796,0.2874825894832611,0.9090909090909091
State_17,consensus_state,121,3,5,normal_lung_interstitial,121,0.9759697320232213,0.690525472164154,0.15463793277740479,0.3426916003227234,1.3818628787994385,2.8694639205932617,1.0
State_17,consensus_state,121,3,5,LAMCORE_777,121,0.24681060385605522,0.23208995163440704,0.1714344024658203,0.21042141318321228,0.2660976052284241,0.38764524459838867,1.0
State_17,consensus_state,121,3,5,ciliated,121,0.021131179049180066,0.0,0.0,0.0,0.029917804524302483,0.08924639970064163,0.4214876033057851
State_17,consensus_state,121,3,5,AT2,121,0.29598105227774824,0.15154340863227844,0.0,0.0,0.37452778220176697,0.7633890509605408,0.6446280991735537
State_17,consensus_state,121,3,5,macrophage,121,0.15338773054093863,0.035344552248716354,0.0,0.0,0.10820186138153076,0.7502273917198181,0.6115702479338843
State_17,consensus_state,121,3,5,endothelial,121,0.055472508242184464,0.04429866001009941,0.0,0.0,0.08622781932353973,0.1579844057559967,0.71900826446281
State_17,consensus_state,121,3,5,fibroblast,121,0.8743034313040331,0.6529267430305481,0.1556377410888672,0.3532756567001343,1.168241024017334,2.409278631210327,1.0
State_17,consensus_state,121,3,5,mesothelial,121,1.126619247550314,1.2048181295394897,0.16130249202251434,0.6742782592773438,1.6031944751739502,1.9097349643707275,0.9752066115702479
State_17,consensus_state,121,3,5,pericyte_VSMC,121,0.5905675891756026,0.5486301779747009,0.31964677572250366,0.4536186456680298,0.662743330001831,1.0715582370758057,1.0
State_17,consensus_state,121,3,5,gene_PMEL,121,0.015376011817908484,0.0,0.0,0.0,0.0,0.0,0.024793388429752067
State_17,consensus_state,121,3,5,gene_MLANA,121,0.0,0.0,0.0,0.0,0.0,0.0,0.0
State_17,consensus_state,121,3,5,gene_MITF,121,0.14607290357105002,0.0,0.0,0.0,0.0,0.7899220585823059,0.24793388429752067
State_17,consensus_state,121,3,5,gene_ACTA2,121,0.6301485806210967,0.4286719262599945,0.0,0.29303035140037537,0.748914361000061,2.2431082725524902,0.8842975206611571
State_17,consensus_state,121,3,5,gene_ACTG2,121,0.0032170676002817706,0.0,0.0,0.0,0.0,0.0,0.008264462809917356
State_17,consensus_state,121,3,5,gene_MYH11,121,0.03801691396669908,0.0,0.0,0.0,0.0,0.1257050782442093,0.05785123966942149
State_17,consensus_state,121,3,5,gene_VEGFD,121,0.0,0.0,0.0,0.0,0.0,0.0,0.0
State_17,consensus_state,121,3,5,gene_CTSK,121,0.7146737706070104,0.5302743911743164,0.0,0.3443693220615387,0.8243551254272461,2.4383277893066406,0.9256198347107438
State_17,consensus_state,121,3,5,gene_EMX2,121,0.0054606895062549055,0.0,0.0,0.0,0.0,0.0,0.01652892561983471
State_17,consensus_state,121,3,5,gene_HOXA11,121,0.0,0.0,0.0,0.0,0.0,0.0,0.0
State_17,consensus_state,121,3,5,gene_ESR1,121,0.04501012287849237,0.0,0.0,0.0,0.0,0.22787728905677795,0.09090909090909091
State_18,consensus_state,174,4,9,melanocytic_identity,174,0.12994077630426693,0.0,0.0,0.0,0.26517320424318314,0.42525079697370527,0.40804597701149425
State_18,consensus_state,174,4,9,contractile_marker_panel,174,2.4716606095604514,2.6700748205184937,0.5407114297151566,1.9081649780273438,3.2832826375961304,3.811889636516571,1.0
State_18,consensus_state,174,4,9,VEGFD_CTSK_panel,174,0.33706738260285607,0.38571830093860626,0.0,0.0,0.5237985104322433,0.7562304228544235,0.6551724137931034
State_18,consensus_state,174,4,9,ESR1_hormone_marker,174,0.059472665533252145,0.0,0.0,0.0,0.0,0.5696064546704273,0.05747126436781609
State_18,consensus_state,174,4,9,HOX_PBX_markers,174,0.0012853374255114589,0.0,0.0,0.0,0.0,0.0,0.005747126436781609
State_18,consensus_state,174,4,9,CORE1,174,2.2911216887249344,2.413122057914734,1.0212084293365478,1.9389623403549194,2.7982016801834106,3.131361985206604,1.0
State_18,consensus_state,174,4,9,CORE2,174,0.1521938295670967,0.1298021376132965,0.05470507610589266,0.09638620540499687,0.16988765075802803,0.3079496726393699,0.9712643678160919
State_18,consensus_state,174,4,9,CORE3_identity,174,0.6664902206467486,0.6858489811420441,0.3330539852380753,0.572075679898262,0.7650868743658066,0.9081926345825194,1.0
State_18,consensus_state,174,4,9,LAM_myogenic_contractile,174,2.9001624515686912,3.0836349725723267,1.2337071239948272,2.244360327720642,3.594809412956238,3.9837186217308043,1.0
State_18,consensus_state,174,4,9,ECM_remodeling,174,0.7790165411244179,0.7026925683021545,0.22791827097535133,0.4578993618488312,1.035888820886612,1.5849014222621913,0.9942528735632183
State_18,consensus_state,174,4,9,mTOR_translation,174,1.6610744103960606,1.7358545660972595,0.8095811247825623,1.5251743495464325,1.9152644276618958,2.1341729044914244,1.0
State_18,consensus_state,174,4,9,hormone_related,174,0.16782380075290285,0.1443588063120842,0.0,0.0,0.2295582853257656,0.4823770731687545,0.7183908045977011
State_18,consensus_state,174,4,9,hypoxia_stress,174,0.4150654333590091,0.4078329801559448,0.04961449913680556,0.24801212921738625,0.5679616183042526,0.7728786319494246,0.9482758620689655
State_18,consensus_state,174,4,9,protease_ECM_niche,174,0.37200535761042575,0.34428101778030396,0.11199095621705055,0.25585201382637024,0.470421202480793,0.7044321686029432,0.9942528735632183
State_18,consensus_state,174,4,9,HOX_PBX,174,0.14835184836096463,0.1279253587126732,0.0,0.0,0.21073410287499428,0.4199991941452025,0.7068965517241379
State_18,consensus_state,174,4,9,normal_lung_interstitial,174,0.5798606210142031,0.4518337547779083,0.0,0.2642800509929657,0.8082565814256668,1.3589724302291863,0.9425287356321839
State_18,consensus_state,174,4,9,LAMCORE_777,174,0.3424195060613512,0.3419233709573746,0.2402442090213299,0.302569642663002,0.38291312009096146,0.4441790238022804,1.0
State_18,consensus_state,174,4,9,ciliated,174,0.04632203618128752,0.00951608270406723,0.0,0.0,0.0868349764496088,0.15469482615590094,0.5
State_18,consensus_state,174,4,9,AT2,174,0.259817216502524,0.14533885568380356,0.0,0.0,0.3161824345588684,0.985623553395271,0.5459770114942529
State_18,consensus_state,174,4,9,macrophage,174,0.17618242519554392,0.11272474750876427,0.0,0.0,0.2335626818239689,0.6962479889392844,0.7241379310344828
State_18,consensus_state,174,4,9,endothelial,174,0.06764268583949955,0.0,0.0,0.0,0.09606263414025307,0.21453365087509155,0.40804597701149425
State_18,consensus_state,174,4,9,fibroblast,174,0.5741024393716763,0.48428580164909363,0.08108374141156674,0.3222896307706833,0.7624955624341965,1.3273921430110927,0.9597701149425287
State_18,consensus_state,174,4,9,mesothelial,174,0.008195502790568888,0.0,0.0,0.0,0.0,0.0,0.04597701149425287
State_18,consensus_state,174,4,9,pericyte_VSMC,174,2.2130023069765374,2.3287287950515747,1.2278099596500396,1.8762444257736206,2.595515012741089,2.7967066407203673,1.0
State_18,consensus_state,174,4,9,gene_PMEL,174,0.029922608671517206,0.0,0.0,0.0,0.0,0.0,0.017241379310344827
State_18,consensus_state,174,4,9,gene_MLANA,174,0.005869598224245268,0.0,0.0,0.0,0.0,0.0,0.005747126436781609
State_18,consensus_state,174,4,9,gene_MITF,174,0.3540301225308714,0.0,0.0,0.0,0.7617468684911728,1.269444054365158,0.3850574712643678
State_18,consensus_state,174,4,9,gene_ACTA2,174,3.5420017691179253,3.7693912982940674,1.3586720645427703,2.9765591621398926,4.291527032852173,4.898126220703125,1.0
State_18,consensus_state,174,4,9,gene_ACTG2,174,1.2701732910227501,1.1946932673454285,0.0,0.0,2.1523357033729553,3.0818093538284295,0.6724137931034483
State_18,consensus_state,174,4,9,gene_MYH11,174,2.602806780187563,2.863903284072876,0.0,1.9717676937580109,3.4866883158683777,4.2181745052337645,0.896551724137931
State_18,consensus_state,174,4,9,gene_VEGFD,174,0.05577868754151224,0.0,0.0,0.0,0.0,0.4399695411324494,0.05747126436781609
State_18,consensus_state,174,4,9,gene_CTSK,174,0.6183560766365336,0.7213355004787445,0.0,0.0,1.0140456557273865,1.4895661115646361,0.6149425287356322
State_18,consensus_state,174,4,9,gene_EMX2,174,0.0025706748510229177,0.0,0.0,0.0,0.0,0.0,0.005747126436781609
State_18,consensus_state,174,4,9,gene_HOXA11,174,0.0,0.0,0.0,0.0,0.0,0.0,0.0
State_18,consensus_state,174,4,9,gene_ESR1,174,0.059472665533252145,0.0,0.0,0.0,0.0,0.5696064546704273,0.05747126436781609
State_19,consensus_state,2,2,2,melanocytic_identity,2,0.5647319853305817,0.5647319853305817,0.5630277901887893,0.5637852102518082,0.5656787604093552,0.566436180472374,1.0
State_19,consensus_state,2,2,2,contractile_marker_panel,2,0.3404177129268646,0.3404177129268646,0.034041771292686464,0.1702088564634323,0.5106265693902969,0.6467936545610428,0.5
State_19,consensus_state,2,2,2,VEGFD_CTSK_panel,2,0.0,0.0,0.0,0.0,0.0,0.0,0.0
State_19,consensus_state,2,2,2,ESR1_hormone_marker,2,1.5802425742149353,1.5802425742149353,1.4725718915462493,1.5204255282878876,1.640059620141983,1.6879132568836213,1.0
State_19,consensus_state,2,2,2,HOX_PBX_markers,2,0.0,0.0,0.0,0.0,0.0,0.0,0.0
State_19,consensus_state,2,2,2,CORE1,2,0.5285092294216156,0.5285092294216156,0.524417707324028,0.5262361615896225,0.5307822972536087,0.5326007515192032,1.0
State_19,consensus_state,2,2,2,CORE2,2,0.29313501715660095,0.29313501715660095,0.2812753885984421,0.28654633462429047,0.29972369968891144,0.3049946457147598,1.0
State_19,consensus_state,2,2,2,CORE3_identity,2,0.6136702299118042,0.6136702299118042,0.46625435948371885,0.5317725241184235,0.6955679357051849,0.7610861003398895,1.0
State_19,consensus_state,2,2,2,LAM_myogenic_contractile,2,0.6186222732067108,0.6186222732067108,0.5679256528615951,0.590457484126091,0.6467870622873306,0.6693188935518265,1.0
State_19,consensus_state,2,2,2,ECM_remodeling,2,0.9099441170692444,0.9099441170692444,0.8644638299942017,0.8846772909164429,0.9352109432220459,0.9554244041442871,1.0
State_19,consensus_state,2,2,2,mTOR_translation,2,0.3462158739566803,0.3462158739566803,0.2942205548286438,0.3173295855522156,0.375102162361145,0.3982111930847168,1.0
State_19,consensus_state,2,2,2,hormone_related,2,0.9518720209598541,0.9518720209598541,0.6032685607671737,0.7582034319639206,1.1455406099557877,1.3004754811525345,1.0
State_19,consensus_state,2,2,2,hypoxia_stress,2,0.216825470328331,0.216825470328331,0.15410081893205643,0.18197844177484512,0.25167249888181686,0.2795501217246055,1.0
State_19,consensus_state,2,2,2,protease_ECM_niche,2,0.2815462797880173,0.2815462797880173,0.18358011096715926,0.22712063044309616,0.3359719291329384,0.3795124486088753,1.0
State_19,consensus_state,2,2,2,HOX_PBX,2,0.35198360681533813,0.35198360681533813,0.2609525710344315,0.30141080915927887,0.4025564044713974,0.4430146425962448,1.0
State_19,consensus_state,2,2,2,normal_lung_interstitial,2,1.0838102102279663,1.0838102102279663,1.0117565274238587,1.0437803864479065,1.1238400340080261,1.155863893032074,1.0
State_19,consensus_state,2,2,2,LAMCORE_777,2,0.3846019059419632,0.3846019059419632,0.3351744398474693,0.35714220255613327,0.4120616093277931,0.4340293720364571,1.0
State_19,consensus_state,2,2,2,ciliated,2,0.0931817889213562,0.0931817889213562,0.00931817889213562,0.0465908944606781,0.1397726833820343,0.17704539895057678,0.5
State_19,consensus_state,2,2,2,AT2,2,1.4134783744812012,1.4134783744812012,0.6069514274597168,0.9654078483581543,1.861548900604248,2.2200053215026854,1.0
State_19,consensus_state,2,2,2,macrophage,2,0.11625523492693901,0.11625523492693901,0.09805582650005817,0.10614445246756077,0.12636601738631725,0.13445464335381985,1.0
State_19,consensus_state,2,2,2,endothelial,2,0.01565360091626644,0.01565360091626644,0.0015653600916266442,0.00782680045813322,0.023480401374399662,0.029741841740906237,0.5
State_19,consensus_state,2,2,2,fibroblast,2,1.2270983457565308,1.2270983457565308,1.1278834342956543,1.1719789505004883,1.2822177410125732,1.3263132572174072,1.0
State_19,consensus_state,2,2,2,mesothelial,2,0.2083667665719986,0.2083667665719986,0.020836676657199862,0.1041833832859993,0.3125501498579979,0.3958968564867973,0.5
State_19,consensus_state,2,2,2,pericyte_VSMC,2,0.51804019510746,0.51804019510746,0.41266002506017685,0.4594956561923027,0.5765847340226173,0.6234203651547432,1.0
State_19,consensus_state,2,2,2,gene_PMEL,2,0.0,0.0,0.0,0.0,0.0,0.0,0.0
State_19,consensus_state,2,2,2,gene_MLANA,2,0.0,0.0,0.0,0.0,0.0,0.0,0.0
State_19,consensus_state,2,2,2,gene_MITF,2,1.6941959857940674,1.6941959857940674,1.6890833735466004,1.6913556456565857,1.697036325931549,1.6993085980415343,1.0
State_19,consensus_state,2,2,2,gene_ACTA2,2,1.0212531089782715,1.0212531089782715,0.10212531089782716,0.5106265544891357,1.5318796634674072,1.9403809070587157,0.5
State_19,consensus_state,2,2,2,gene_ACTG2,2,0.0,0.0,0.0,0.0,0.0,0.0,0.0
State_19,consensus_state,2,2,2,gene_MYH11,2,0.0,0.0,0.0,0.0,0.0,0.0,0.0
State_19,consensus_state,2,2,2,gene_VEGFD,2,0.0,0.0,0.0,0.0,0.0,0.0,0.0
State_19,consensus_state,2,2,2,gene_CTSK,2,0.0,0.0,0.0,0.0,0.0,0.0,0.0
State_19,consensus_state,2,2,2,gene_EMX2,2,0.0,0.0,0.0,0.0,0.0,0.0,0.0
State_19,consensus_state,2,2,2,gene_HOXA11,2,0.0,0.0,0.0,0.0,0.0,0.0,0.0
State_19,consensus_state,2,2,2,gene_ESR1,2,1.5802425742149353,1.5802425742149353,1.4725718915462493,1.5204255282878876,1.640059620141983,1.6879132568836213,1.0
State_2,consensus_state,1,1,1,melanocytic_identity,1,0.07834599167108536,0.07834599167108536,0.07834599167108536,0.07834599167108536,0.07834599167108536,0.07834599167108536,1.0
State_2,consensus_state,1,1,1,contractile_marker_panel,1,0.0,0.0,0.0,0.0,0.0,0.0,0.0
State_2,consensus_state,1,1,1,VEGFD_CTSK_panel,1,0.11751899123191833,0.11751899123191833,0.11751899123191833,0.11751899123191833,0.11751899123191833,0.11751899123191833,1.0
State_2,consensus_state,1,1,1,ESR1_hormone_marker,1,0.0,0.0,0.0,0.0,0.0,0.0,0.0
State_2,consensus_state,1,1,1,HOX_PBX_markers,1,0.0,0.0,0.0,0.0,0.0,0.0,0.0
State_2,consensus_state,1,1,1,CORE1,1,0.0,0.0,0.0,0.0,0.0,0.0,0.0
State_2,consensus_state,1,1,1,CORE2,1,0.05875949561595917,0.05875949561595917,0.05875949561595917,0.05875949561595917,0.05875949561595917,0.05875949561595917,1.0
State_2,consensus_state,1,1,1,CORE3_identity,1,0.06715370714664459,0.06715370714664459,0.06715370714664459,0.06715370714664459,0.06715370714664459,0.06715370714664459,1.0
State_2,consensus_state,1,1,1,LAM_myogenic_contractile,1,0.029379747807979584,0.029379747807979584,0.029379747807979584,0.029379747807979584,0.029379747807979584,0.029379747807979584,1.0
State_2,consensus_state,1,1,1,ECM_remodeling,1,0.10683544725179672,0.10683544725179672,0.10683544725179672,0.10683544725179672,0.10683544725179672,0.10683544725179672,1.0
State_2,consensus_state,1,1,1,mTOR_translation,1,2.204498529434204,2.204498529434204,2.204498529434204,2.204498529434204,2.204498529434204,2.204498529434204,1.0
State_2,consensus_state,1,1,1,hormone_related,1,0.08356183767318726,0.08356183767318726,0.08356183767318726,0.08356183767318726,0.08356183767318726,0.08356183767318726,1.0
State_2,consensus_state,1,1,1,hypoxia_stress,1,0.5621006488800049,0.5621006488800049,0.5621006488800049,0.5621006488800049,0.5621006488800049,0.5621006488800049,1.0
State_2,consensus_state,1,1,1,protease_ECM_niche,1,0.20618613064289093,0.20618613064289093,0.20618613064289093,0.20618613064289093,0.20618613064289093,0.20618613064289093,1.0
State_2,consensus_state,1,1,1,HOX_PBX,1,0.10249635577201843,0.10249635577201843,0.10249635577201843,0.10249635577201843,0.10249635577201843,0.10249635577201843,1.0
State_2,consensus_state,1,1,1,normal_lung_interstitial,1,0.08813924342393875,0.08813924342393875,0.08813924342393875,0.08813924342393875,0.08813924342393875,0.08813924342393875,1.0
State_2,consensus_state,1,1,1,LAMCORE_777,1,0.09953740984201431,0.09953740984201431,0.09953740984201431,0.09953740984201431,0.09953740984201431,0.09953740984201431,1.0
State_2,consensus_state,1,1,1,ciliated,1,0.3217010200023651,0.3217010200023651,0.3217010200023651,0.3217010200023651,0.3217010200023651,0.3217010200023651,1.0
State_2,consensus_state,1,1,1,AT2,1,0.0,0.0,0.0,0.0,0.0,0.0,0.0
State_2,consensus_state,1,1,1,macrophage,1,0.03865556791424751,0.03865556791424751,0.03865556791424751,0.03865556791424751,0.03865556791424751,0.03865556791424751,1.0
State_2,consensus_state,1,1,1,endothelial,1,0.05849328637123108,0.05849328637123108,0.05849328637123108,0.05849328637123108,0.05849328637123108,0.05849328637123108,1.0
State_2,consensus_state,1,1,1,fibroblast,1,0.06410127133131027,0.06410127133131027,0.06410127133131027,0.06410127133131027,0.06410127133131027,0.06410127133131027,1.0
State_2,consensus_state,1,1,1,mesothelial,1,0.0,0.0,0.0,0.0,0.0,0.0,0.0
State_2,consensus_state,1,1,1,pericyte_VSMC,1,0.01958649791777134,0.01958649791777134,0.01958649791777134,0.01958649791777134,0.01958649791777134,0.01958649791777134,1.0
State_2,consensus_state,1,1,1,gene_PMEL,1,0.0,0.0,0.0,0.0,0.0,0.0,0.0
State_2,consensus_state,1,1,1,gene_MLANA,1,0.0,0.0,0.0,0.0,0.0,0.0,0.0
State_2,consensus_state,1,1,1,gene_MITF,1,0.23503798246383667,0.23503798246383667,0.23503798246383667,0.23503798246383667,0.23503798246383667,0.23503798246383667,1.0
State_2,consensus_state,1,1,1,gene_ACTA2,1,0.0,0.0,0.0,0.0,0.0,0.0,0.0
State_2,consensus_state,1,1,1,gene_ACTG2,1,0.0,0.0,0.0,0.0,0.0,0.0,0.0
State_2,consensus_state,1,1,1,gene_MYH11,1,0.0,0.0,0.0,0.0,0.0,0.0,0.0
State_2,consensus_state,1,1,1,gene_VEGFD,1,0.0,0.0,0.0,0.0,0.0,0.0,0.0
State_2,consensus_state,1,1,1,gene_CTSK,1,0.23503798246383667,0.23503798246383667,0.23503798246383667,0.23503798246383667,0.23503798246383667,0.23503798246383667,1.0
State_2,consensus_state,1,1,1,gene_EMX2,1,0.0,0.0,0.0,0.0,0.0,0.0,0.0
State_2,consensus_state,1,1,1,gene_HOXA11,1,0.0,0.0,0.0,0.0,0.0,0.0,0.0
State_2,consensus_state,1,1,1,gene_ESR1,1,0.0,0.0,0.0,0.0,0.0,0.0,0.0
State_20,consensus_state,756,4,10,melanocytic_identity,756,0.23036121437572454,0.19517380744218826,0.0,0.0,0.4225493296980858,0.7133098691701889,0.5264550264550265
State_20,consensus_state,756,4,10,contractile_marker_panel,756,0.32296519361377235,0.2755439281463623,0.0,0.0,0.4894210547208786,0.9734200239181519,0.5727513227513228
State_20,consensus_state,756,4,10,VEGFD_CTSK_panel,756,0.7270116220824617,0.7211294770240784,0.0,0.41450999677181244,1.022642195224762,1.5463034808635712,0.8201058201058201
State_20,consensus_state,756,4,10,ESR1_hormone_marker,756,0.5263023538879616,0.0,0.0,0.0,1.0946614146232605,2.201622486114502,0.36243386243386244
State_20,consensus_state,756,4,10,HOX_PBX_markers,756,0.0008214125557551308,0.0,0.0,0.0,0.0,0.0,0.0013227513227513227
State_20,consensus_state,756,4,10,CORE1,756,0.49976191238041906,0.43007858097553253,0.0,0.24539195746183395,0.6716969460248947,1.2018660306930542,0.921957671957672
State_20,consensus_state,756,4,10,CORE2,756,0.3937255233309414,0.3829740136861801,0.12608972936868668,0.24577271193265915,0.5222590267658234,0.7191131561994553,0.9920634920634921
State_20,consensus_state,756,4,10,CORE3_identity,756,0.5056389467741447,0.48267775774002075,0.2471132017672062,0.37819138914346695,0.6069537103176117,0.8373175412416458,1.0
State_20,consensus_state,756,4,10,LAM_myogenic_contractile,756,0.7806239092633838,0.6960449814796448,0.2073458395898342,0.44397011399269104,1.0339643061161041,1.5840122699737549,0.9867724867724867
State_20,consensus_state,756,4,10,ECM_remodeling,756,1.3574227058382893,1.354983627796173,0.5828506648540497,1.0214557647705078,1.6694548726081848,2.2242122292518616,0.9986772486772487
State_20,consensus_state,756,4,10,mTOR_translation,756,1.4123237330821299,1.6807677149772644,0.2069287933409214,0.8400897085666656,1.90327650308609,2.1517526507377625,0.9841269841269841
State_20,consensus_state,756,4,10,hormone_related,756,0.2803212766087166,0.19557152688503265,0.0,0.0,0.4123784825205803,0.8770049661397934,0.7275132275132276
State_20,consensus_state,756,4,10,hypoxia_stress,756,0.49070298236119686,0.432586133480072,0.0,0.23363163694739342,0.7078877389431,1.089967966079712,0.9298941798941799
State_20,consensus_state,756,4,10,protease_ECM_niche,756,0.6288436416477438,0.6718044281005859,0.11337738297879696,0.4396069794893265,0.8367979526519775,1.0511383414268494,0.9642857142857143
State_20,consensus_state,756,4,10,HOX_PBX,756,0.2342296251879325,0.16725455224514008,0.0,0.0,0.3530830293893814,0.7091386318206787,0.7235449735449735
State_20,consensus_state,756,4,10,normal_lung_interstitial,756,1.9500219736189124,2.052764654159546,0.6003927290439606,1.465021163225174,2.4464860558509827,3.0133965015411377,0.9973544973544973
State_20,consensus_state,756,4,10,LAMCORE_777,756,0.3429081894299656,0.3448530584573746,0.22443308681249619,0.29833580553531647,0.391741544008255,0.4491877779364586,1.0
State_20,consensus_state,756,4,10,ciliated,756,0.030423773494524457,0.0,0.0,0.0,0.044314720667898655,0.14090697467327118,0.2962962962962963
State_20,consensus_state,756,4,10,AT2,756,0.34202408055385586,0.14160171896219254,0.0,0.0,0.5262948870658875,1.1283755004405975,0.5251322751322751
State_20,consensus_state,756,4,10,macrophage,756,0.16705605208321853,0.07953930646181107,0.0,0.0,0.2231997810304165,0.5883869230747223,0.5568783068783069
State_20,consensus_state,756,4,10,endothelial,756,0.09941394605166304,0.07828570157289505,0.0,0.0,0.1499447487294674,0.2872193679213524,0.5714285714285714
State_20,consensus_state,756,4,10,fibroblast,756,1.9069220849248782,1.9816523790359497,0.8403379321098328,1.533080816268921,2.3218753933906555,2.8043007254600525,1.0
State_20,consensus_state,756,4,10,mesothelial,756,0.04093907049625481,0.0,0.0,0.0,0.0,0.2237047255039215,0.22883597883597884
State_20,consensus_state,756,4,10,pericyte_VSMC,756,0.574992262792808,0.526625245809555,0.15485255047678947,0.3560161888599396,0.7385768890380859,1.1311452388763428,0.9880952380952381
State_20,consensus_state,756,4,10,gene_PMEL,756,0.006829654571240541,0.0,0.0,0.0,0.0,0.0,0.007936507936507936
State_20,consensus_state,756,4,10,gene_MLANA,756,0.0060142844757705765,0.0,0.0,0.0,0.0,0.0,0.006613756613756613
State_20,consensus_state,756,4,10,gene_MITF,756,0.6782397041048007,0.5571820735931396,0.0,0.0,1.2468819916248322,2.105569064617157,0.5211640211640212
State_20,consensus_state,756,4,10,gene_ACTA2,756,0.8680633848345785,0.7661617696285248,0.0,0.0,1.3978195786476135,2.7672125697135925,0.548941798941799
State_20,consensus_state,756,4,10,gene_ACTG2,756,0.022514436019476128,0.0,0.0,0.0,0.0,0.0,0.011904761904761904
State_20,consensus_state,756,4,10,gene_MYH11,756,0.07831776008088753,0.0,0.0,0.0,0.0,0.5298015624284744,0.05952380952380952
State_20,consensus_state,756,4,10,gene_VEGFD,756,0.34227542098237096,0.0,0.0,0.0,0.0,1.8851424157619476,0.24735449735449735
State_20,consensus_state,756,4,10,gene_CTSK,756,1.1117478225123945,1.2113310098648071,0.0,0.0,1.8004591464996338,2.5949445962905884,0.6944444444444444
State_20,consensus_state,756,4,10,gene_EMX2,756,0.0,0.0,0.0,0.0,0.0,0.0,0.0
State_20,consensus_state,756,4,10,gene_HOXA11,756,0.0016428251115102616,0.0,0.0,0.0,0.0,0.0,0.0013227513227513227
State_20,consensus_state,756,4,10,gene_ESR1,756,0.5263023538879616,0.0,0.0,0.0,1.0946614146232605,2.201622486114502,0.36243386243386244
State_3,consensus_state,4,2,2,melanocytic_identity,4,0.35176802799105644,0.2695672735571861,0.03514694944024087,0.1757347472012043,0.44560055434703827,0.7834701627492903,0.75
State_3,consensus_state,4,2,2,contractile_marker_panel,4,0.24999598786234856,0.2695672735571861,0.12624941691756247,0.20252959057688713,0.31703367084264755,0.346342758834362,1.0
State_3,consensus_state,4,2,2,VEGFD_CTSK_panel,4,0.19551780819892883,0.0,0.0,0.0,0.19551780819892883,0.6647605478763577,0.25
State_3,consensus_state,4,2,2,ESR1_hormone_marker,4,1.0724174082279205,1.293706238269806,0.17796991467475895,0.8898495733737946,1.4762740731239319,1.6570605397224425,0.75
State_3,consensus_state,4,2,2,HOX_PBX_markers,4,0.0,0.0,0.0,0.0,0.0,0.0,0.0
State_3,consensus_state,4,2,2,CORE1,4,0.16095060110092163,0.11024681851267815,0.08150695636868477,0.08599666133522987,0.1852007582783699,0.3113795414566993,1.0
State_3,consensus_state,4,2,2,CORE2,4,0.3256615661084652,0.3070644401013851,0.09183347821235657,0.10769790410995483,0.5250281020998955,0.5855256304144859,1.0
State_3,consensus_state,4,2,2,CORE3_identity,4,0.4303751066327095,0.4397384971380234,0.3117250606417656,0.3564051017165184,0.5137085020542145,0.5359164059162139,1.0
State_3,consensus_state,4,2,2,LAM_myogenic_contractile,4,0.20753595791757107,0.15418050438165665,0.08822079040110112,0.11956583149731159,0.24215063080191612,0.40154876038432114,1.0
State_3,consensus_state,4,2,2,ECM_remodeling,4,0.45893898233771324,0.3181307166814804,0.25590493753552435,0.2819269336760044,0.49514276534318924,0.8591045990586279,1.0
State_3,consensus_state,4,2,2,mTOR_translation,4,0.8941812962293625,0.6889491975307465,0.5165925592184066,0.63382987678051,0.949300616979599,1.5590949714183804,1.0
State_3,consensus_state,4,2,2,hormone_related,4,0.20127445459365845,0.2522713840007782,0.036476938426494604,0.182384692132473,0.27116114646196365,0.29467626959085463,0.75
State_3,consensus_state,4,2,2,hypoxia_stress,4,0.4634481817483902,0.3063242584466934,0.2397970974445343,0.2552383244037628,0.5145341157913208,0.9070727586746213,1.0
State_3,consensus_state,4,2,2,protease_ECM_niche,4,0.6225822735577822,0.49574558436870575,0.11494053043425084,0.3190884608775377,0.7992393970489502,1.3077953815460202,1.0
State_3,consensus_state,4,2,2,HOX_PBX,4,0.13375099562108517,0.1531939096748829,0.012057679519057276,0.06028839759528637,0.2266565077006817,0.22822423204779624,0.75
State_3,consensus_state,4,2,2,normal_lung_interstitial,4,0.2718285620212555,0.28024571388959885,0.18334275782108306,0.21530045568943024,0.3367738202214241,0.3485303536057472,1.0
State_3,consensus_state,4,2,2,LAMCORE_777,4,0.17833963967859745,0.19984933733940125,0.07133914940059186,0.14925033412873745,0.22893864288926125,0.25522655323147775,1.0
State_3,consensus_state,4,2,2,ciliated,4,0.03231569519266486,0.0341492360457778,0.003215381037443877,0.01607690518721938,0.05038802605122328,0.05884905215352773,0.75
State_3,consensus_state,4,2,2,AT2,4,0.9058181643486023,0.9160313010215759,0.1194909989833832,0.5974549949169159,1.2243944704532623,1.677846938371658,0.75
State_3,consensus_state,4,2,2,macrophage,4,1.0464234985411167,0.9147237837314606,0.2070043034851551,0.5237931348383427,1.4373541474342346,2.0702222943305966,1.0
State_3,consensus_state,4,2,2,endothelial,4,0.38184923864901066,0.28955304622650146,0.12794873602688311,0.21533962525427341,0.4560626596212387,0.7649644106626509,1.0
State_3,consensus_state,4,2,2,fibroblast,4,0.19769350066781044,0.2038150578737259,0.13334018513560295,0.15658214315772057,0.24492641538381577,0.2534766361117363,1.0
State_3,consensus_state,4,2,2,mesothelial,4,0.011483504436910152,0.0,0.0,0.0,0.011483504436910152,0.0390439150854945,0.25
State_3,consensus_state,4,2,2,pericyte_VSMC,4,0.13835730776190758,0.10278700292110443,0.058813859894871715,0.07971055246889591,0.1614337582141161,0.26769918240606777,1.0
State_3,consensus_state,4,2,2,gene_PMEL,4,0.0,0.0,0.0,0.0,0.0,0.0,0.0
State_3,consensus_state,4,2,2,gene_MLANA,4,0.0,0.0,0.0,0.0,0.0,0.0,0.0
State_3,consensus_state,4,2,2,gene_MITF,4,1.055304080247879,0.8087018132209778,0.10544084608554842,0.527204230427742,1.3368016630411148,2.3504104882478707,0.75
State_3,consensus_state,4,2,2,gene_ACTA2,4,0.4938686937093735,0.4572323262691498,0.0,0.0,0.9511010199785233,1.0390283018350601,0.5
State_3,consensus_state,4,2,2,gene_ACTG2,4,0.0,0.0,0.0,0.0,0.0,0.0,0.0
State_3,consensus_state,4,2,2,gene_MYH11,4,0.2561192736029625,0.16076906025409698,0.0,0.0,0.4168883338570595,0.6457288458943365,0.5
State_3,consensus_state,4,2,2,gene_VEGFD,4,0.0,0.0,0.0,0.0,0.0,0.0,0.0
State_3,consensus_state,4,2,2,gene_CTSK,4,0.39103561639785767,0.0,0.0,0.0,0.39103561639785767,1.3295210957527155,0.25
State_3,consensus_state,4,2,2,gene_EMX2,4,0.0,0.0,0.0,0.0,0.0,0.0,0.0
State_3,consensus_state,4,2,2,gene_HOXA11,4,0.0,0.0,0.0,0.0,0.0,0.0,0.0
State_3,consensus_state,4,2,2,gene_ESR1,4,1.0724174082279205,1.293706238269806,0.17796991467475895,0.8898495733737946,1.4762740731239319,1.6570605397224425,0.75
State_4,consensus_state,550,4,10,melanocytic_identity,550,0.634948904202743,0.6946324110031128,0.0,0.35496124625205994,0.8974164575338364,1.1809037148952484,0.8909090909090909
State_4,consensus_state,550,4,10,contractile_marker_panel,550,0.1100092276930809,0.0,0.0,0.0,0.1691155843436718,0.5387226551771163,0.2963636363636364
State_4,consensus_state,550,4,10,VEGFD_CTSK_panel,550,0.25147952541708946,0.0,0.0,0.0,0.4780532717704773,0.9758296787738795,0.41818181818181815
State_4,consensus_state,550,4,10,ESR1_hormone_marker,550,0.756695210500197,0.699114203453064,0.0,0.0,1.3672159910202026,2.123689913749694,0.5672727272727273
State_4,consensus_state,550,4,10,HOX_PBX_markers,550,0.0010944878513162786,0.0,0.0,0.0,0.0,0.0,0.0036363636363636364
State_4,consensus_state,550,4,10,CORE1,550,0.09279130500148643,0.04833502136170864,0.0,0.0,0.1332661397755146,0.30824536830186827,0.5181818181818182
State_4,consensus_state,550,4,10,CORE2,550,0.4343032696538351,0.4268355965614319,0.06869623214006425,0.23957405984401703,0.6144088208675385,0.8310385584831237,0.98
State_4,consensus_state,550,4,10,CORE3_identity,550,0.49178629592399703,0.4962998926639557,0.15353840067982674,0.3523227721452713,0.6183994114398956,0.8101911306381225,1.0
State_4,consensus_state,550,4,10,LAM_myogenic_contractile,550,0.10382007803090594,0.0616146307438612,0.0,0.0,0.1388559304177761,0.3332563191652296,0.54
State_4,consensus_state,550,4,10,ECM_remodeling,550,0.20303964566778052,0.16190706938505173,0.0,0.06940118782222271,0.30792301148176193,0.5570694059133529,0.8036363636363636
State_4,consensus_state,550,4,10,mTOR_translation,550,0.6917423880506646,0.43793606758117676,0.1213842622935772,0.28374967724084854,0.8321743160486221,1.9409674823284147,0.9727272727272728
State_4,consensus_state,550,4,10,hormone_related,550,0.21240404145622796,0.20555897802114487,0.0,0.0,0.32659079134464264,0.5073918849229813,0.7472727272727273
State_4,consensus_state,550,4,10,hypoxia_stress,550,0.2632116585224867,0.23583804816007614,0.0,0.12876849249005318,0.36186540126800537,0.6455763816833496,0.8763636363636363
State_4,consensus_state,550,4,10,protease_ECM_niche,550,0.4698073126646605,0.43644025921821594,0.1093074016273022,0.29946116358041763,0.5852122008800507,0.9806937783956525,0.9745454545454545
State_4,consensus_state,550,4,10,HOX_PBX,550,0.01469805486838926,0.0,0.0,0.0,0.0,0.10950203090906131,0.09454545454545454
State_4,consensus_state,550,4,10,normal_lung_interstitial,550,0.07131240249696102,0.0,0.0,0.0,0.12404991500079632,0.28190442025661455,0.4254545454545455
State_4,consensus_state,550,4,10,LAMCORE_777,550,0.1429006768339737,0.1487976536154747,0.05112269762903453,0.1116023138165474,0.1806083433330059,0.21517336368560788,1.0
State_4,consensus_state,550,4,10,ciliated,550,0.03377744447439909,0.0,0.0,0.0,0.0600618040189147,0.14201169982552528,0.3781818181818182
State_4,consensus_state,550,4,10,AT2,550,0.5007867117971182,0.4134408086538315,0.0,0.1936233714222908,0.7033282518386841,1.3199945151805874,0.8236363636363636
State_4,consensus_state,550,4,10,macrophage,550,0.6069819251786579,0.369403600692749,0.04187129382044082,0.20739861577749252,0.705990344285965,2.0782085657119747,0.9509090909090909
State_4,consensus_state,550,4,10,endothelial,550,0.1289508516612378,0.11877191066741943,0.0,0.0,0.18865491077303886,0.3150868862867355,0.7290909090909091
State_4,consensus_state,550,4,10,fibroblast,550,0.06573776787993584,0.0,0.0,0.0,0.11509665288031101,0.21975395530462263,0.49272727272727274
State_4,consensus_state,550,4,10,mesothelial,550,0.007826131114905531,0.0,0.0,0.0,0.0,0.0,0.04727272727272727
State_4,consensus_state,550,4,10,pericyte_VSMC,550,0.07212550242516128,0.04280087910592556,0.0,0.0,0.09850631281733513,0.23112357482314091,0.5545454545454546
State_4,consensus_state,550,4,10,gene_PMEL,550,0.04891660132191398,0.0,0.0,0.0,0.0,0.1684784322976927,0.05090909090909091
State_4,consensus_state,550,4,10,gene_MLANA,550,0.029998974149877376,0.0,0.0,0.0,0.0,0.0,0.03090909090909091
State_4,consensus_state,550,4,10,gene_MITF,550,1.8259311371499842,2.0302505493164062,0.0,0.9644624143838882,2.6552916169166565,3.2980306625366205,0.8690909090909091
State_4,consensus_state,550,4,10,gene_ACTA2,550,0.2780030997503887,0.0,0.0,0.0,0.4101627618074417,1.5700936794281002,0.27090909090909093
State_4,consensus_state,550,4,10,gene_ACTG2,550,0.0074625927209854125,0.0,0.0,0.0,0.0,0.0,0.012727272727272728
State_4,consensus_state,550,4,10,gene_MYH11,550,0.044561989497054706,0.0,0.0,0.0,0.0,0.0,0.04909090909090909
State_4,consensus_state,550,4,10,gene_VEGFD,550,0.07924466853792017,0.0,0.0,0.0,0.0,0.7797731757163996,0.08181818181818182
State_4,consensus_state,550,4,10,gene_CTSK,550,0.42371438229625874,0.0,0.0,0.0,0.7599868029356003,1.855395048856735,0.3509090909090909
State_4,consensus_state,550,4,10,gene_EMX2,550,0.0011321593414653432,0.0,0.0,0.0,0.0,0.0,0.0018181818181818182
State_4,consensus_state,550,4,10,gene_HOXA11,550,0.0010568163611672141,0.0,0.0,0.0,0.0,0.0,0.0018181818181818182
State_4,consensus_state,550,4,10,gene_ESR1,550,0.756695210500197,0.699114203453064,0.0,0.0,1.3672159910202026,2.123689913749694,0.5672727272727273
State_5,consensus_state,864,4,10,melanocytic_identity,864,0.23175943635093668,0.2155013382434845,0.0,0.13456934690475464,0.30751287937164307,0.5188126236200331,0.8506944444444444
State_5,consensus_state,864,4,10,contractile_marker_panel,864,0.1309710118264236,0.11960888653993607,0.0,0.0,0.19960137084126472,0.35843157470226283,0.6122685185185185
State_5,consensus_state,864,4,10,VEGFD_CTSK_panel,864,0.17969636273294412,0.0,0.0,0.0,0.27238304913043976,0.6549804270267484,0.4710648148148148
State_5,consensus_state,864,4,10,ESR1_hormone_marker,864,0.1637320501419405,0.0,0.0,0.0,0.2729043737053871,0.8153918147087085,0.27199074074074076
State_5,consensus_state,864,4,10,HOX_PBX_markers,864,0.0010802932428541007,0.0,0.0,0.0,0.0,0.0,0.003472222222222222
State_5,consensus_state,864,4,10,CORE1,864,0.0858396227208518,0.0697031132876873,0.0,0.03321346826851368,0.10793574526906013,0.1924019932746886,0.7731481481481481
State_5,consensus_state,864,4,10,CORE2,864,0.3238428102771717,0.3068745583295822,0.1439696356654167,0.2438693307340145,0.3822535574436188,0.5361654400825498,0.9976851851851852
State_5,consensus_state,864,4,10,CORE3_identity,864,0.2275359634378994,0.20334502309560776,0.09739626310765744,0.1511526070535183,0.26770345866680145,0.4536637544631948,1.0
State_5,consensus_state,864,4,10,LAM_myogenic_contractile,864,0.10175389592768624,0.07905643433332443,0.0,0.0437218826264143,0.11781029403209686,0.2298653267323969,0.8090277777777778
State_5,consensus_state,864,4,10,ECM_remodeling,864,0.31732946839744086,0.30283820629119873,0.09536892063915729,0.20869233459234238,0.40081601589918137,0.5842680901288985,0.9826388888888888
State_5,consensus_state,864,4,10,mTOR_translation,864,1.5356478408599894,1.5497950315475464,1.1800577700138093,1.4238598942756653,1.6736347675323486,1.857994884252548,1.0
State_5,consensus_state,864,4,10,hormone_related,864,0.02923480537073273,0.0,0.0,0.0,0.05226269457489252,0.12988212555646886,0.31712962962962965
State_5,consensus_state,864,4,10,hypoxia_stress,864,0.35159183546892125,0.318097248673439,0.02283077947795392,0.11526989564299583,0.5691532790660858,0.789118507504463,0.9513888888888888
State_5,consensus_state,864,4,10,protease_ECM_niche,864,0.8968939606307281,0.9057418704032898,0.6620153963565827,0.8133003264665604,0.9829068630933762,1.1038866937160492,1.0
State_5,consensus_state,864,4,10,HOX_PBX,864,0.010723644522605118,0.0,0.0,0.0,0.0,0.07671833522617792,0.15046296296296297
State_5,consensus_state,864,4,10,normal_lung_interstitial,864,0.24792545614117342,0.25255513191223145,0.0,0.16682032868266106,0.3317088484764099,0.42753823995590207,0.9386574074074074
State_5,consensus_state,864,4,10,LAMCORE_777,864,0.05144462290142352,0.04596872068941593,0.03138117995113134,0.03969551622867584,0.05452777910977602,0.08799733631312844,1.0
State_5,consensus_state,864,4,10,ciliated,864,0.006804326677444839,0.0,0.0,0.0,0.0,0.040446672402322234,0.17939814814814814
State_5,consensus_state,864,4,10,AT2,864,0.35354000920240114,0.1606995090842247,0.0,0.0,0.6048875451087952,1.220879501104354,0.6597222222222222
State_5,consensus_state,864,4,10,macrophage,864,2.6940989770443626,2.787962555885315,1.787443619966507,2.473702311515808,3.018215775489807,3.264351952075958,1.0
State_5,consensus_state,864,4,10,endothelial,864,0.13843104565576478,0.13707935065031052,0.0,0.07047716341912746,0.19905898347496986,0.2860849142074584,0.9004629629629629
State_5,consensus_state,864,4,10,fibroblast,864,0.18679016960258768,0.1872481107711792,0.0,0.12371952831745148,0.24840788170695305,0.3289542138576508,0.9421296296296297
State_5,consensus_state,864,4,10,mesothelial,864,0.0037767666314418116,0.0,0.0,0.0,0.0,0.0,0.04976851851851852
State_5,consensus_state,864,4,10,pericyte_VSMC,864,0.07033255903472847,0.05492508038878441,0.0,0.03142977226525545,0.08106605336070061,0.15742553472518916,0.8206018518518519
State_5,consensus_state,864,4,10,gene_PMEL,864,0.03211087407544255,0.0,0.0,0.0,0.0,0.2502401985228059,0.05555555555555555
State_5,consensus_state,864,4,10,gene_MLANA,864,0.004182574615158417,0.0,0.0,0.0,0.0,0.0,0.006944444444444444
State_5,consensus_state,864,4,10,gene_MITF,864,0.6589848613021551,0.6374037861824036,0.0,0.3775130584836006,0.8939098119735718,1.3769431233406049,0.8333333333333334
State_5,consensus_state,864,4,10,gene_ACTA2,864,0.374348659671981,0.35616226494312286,0.0,0.0,0.5878767967224121,1.0570657670497843,0.6087962962962963
State_5,consensus_state,864,4,10,gene_ACTG2,864,0.0038601363905602032,0.0,0.0,0.0,0.0,0.0,0.005787037037037037
State_5,consensus_state,864,4,10,gene_MYH11,864,0.01470423874410766,0.0,0.0,0.0,0.0,0.0,0.013888888888888888
State_5,consensus_state,864,4,10,gene_VEGFD,864,0.006087062535462556,0.0,0.0,0.0,0.0,0.0,0.008101851851851851
State_5,consensus_state,864,4,10,gene_CTSK,864,0.35330566293042565,0.0,0.0,0.0,0.538016602396965,1.30447739958763,0.46412037037037035
State_5,consensus_state,864,4,10,gene_EMX2,864,0.0021605864857082015,0.0,0.0,0.0,0.0,0.0,0.003472222222222222
State_5,consensus_state,864,4,10,gene_HOXA11,864,0.0,0.0,0.0,0.0,0.0,0.0,0.0
State_5,consensus_state,864,4,10,gene_ESR1,864,0.1637320501419405,0.0,0.0,0.0,0.2729043737053871,0.8153918147087085,0.27199074074074076
State_6,consensus_state,3,2,2,melanocytic_identity,3,0.2624010543028514,0.2695254385471344,0.02695254385471344,0.1347627192735672,0.39360158145427704,0.49286249577999114,0.6666666666666666
State_6,consensus_state,3,2,2,contractile_marker_panel,3,0.16880238552888235,0.23688171803951263,0.023688171803951264,0.11844085901975632,0.2532035782933235,0.2662610664963722,0.6666666666666666
State_6,consensus_state,3,2,2,VEGFD_CTSK_panel,3,0.416596253712972,0.0,0.0,0.0,0.624894380569458,1.1248098850250243,0.3333333333333333
State_6,consensus_state,3,2,2,ESR1_hormone_marker,3,0.2368817130724589,0.0,0.0,0.0,0.35532256960868835,0.639580625295639,0.3333333333333333
State_6,consensus_state,3,2,2,HOX_PBX_markers,3,0.0,0.0,0.0,0.0,0.0,0.0,0.0
State_6,consensus_state,3,2,2,CORE1,3,0.18008292466402054,0.19412913918495178,0.09936049208045006,0.14147989079356194,0.22570906579494476,0.2509730070829391,1.0
State_6,consensus_state,3,2,2,CORE2,3,0.3355530897776286,0.2954217791557312,0.21373724937438965,0.25004148483276367,0.4009990394115448,0.4854608476161957,1.0
State_6,consensus_state,3,2,2,CORE3_identity,3,0.3376692185799281,0.23102180659770966,0.20583949834108353,0.21703163534402847,0.4049830958247185,0.5441521272063254,1.0
State_6,consensus_state,3,2,2,LAM_myogenic_contractile,3,0.24479263772567114,0.25728899240493774,0.10567647740244865,0.17305981740355492,0.32277363538742065,0.375161349773407,1.0
State_6,consensus_state,3,2,2,ECM_remodeling,3,0.21430613100528717,0.22723431885242462,0.18437339663505553,0.2034226953983307,0.23165366053581238,0.23518913388252258,1.0
State_6,consensus_state,3,2,2,mTOR_translation,3,1.3115306893984477,1.5676164627075195,0.5379606783390045,0.9955854713916779,1.7555187940597534,1.9058406591415404,1.0
State_6,consensus_state,3,2,2,hormone_related,3,0.033840244015057884,0.0,0.0,0.0,0.05076036602258682,0.09136865884065627,0.3333333333333333
State_6,consensus_state,3,2,2,hypoxia_stress,3,0.30405906836191815,0.3253811001777649,0.03253811001777649,0.16269055008888245,0.4560886025428772,0.5606546044349671,0.6666666666666666
State_6,consensus_state,3,2,2,protease_ECM_niche,3,0.6045986066261927,0.6965354084968567,0.27416442781686784,0.46188486367464066,0.7932807505130768,0.8706770241260529,1.0
State_6,consensus_state,3,2,2,HOX_PBX,3,0.0,0.0,0.0,0.0,0.0,0.0,0.0
State_6,consensus_state,3,2,2,normal_lung_interstitial,3,0.2669062912464142,0.312447190284729,0.12220955789089202,0.20675961673259735,0.3498234152793884,0.379724395275116,1.0
State_6,consensus_state,3,2,2,LAMCORE_777,3,0.04828168575962385,0.04611123353242874,0.04086414873600006,0.0431961864233017,0.05228195898234844,0.0572185393422842,1.0
State_6,consensus_state,3,2,2,ciliated,3,0.0,0.0,0.0,0.0,0.0,0.0,0.0
State_6,consensus_state,3,2,2,AT2,3,0.1778626243273417,0.0,0.0,0.0,0.2667939364910126,0.4802290856838226,0.3333333333333333
State_6,consensus_state,3,2,2,macrophage,3,1.4892509033282597,1.950526475906372,0.36968141943216326,1.0722792223095894,2.1368603706359863,2.285927486419678,1.0
State_6,consensus_state,3,2,2,endothelial,3,0.11142932375272115,0.08085763454437256,0.008085763454437256,0.04042881727218628,0.16714398562908173,0.23617306649684905,0.6666666666666666
State_6,consensus_state,3,2,2,fibroblast,3,0.19411367426315942,0.22723431885242462,0.08887968137860298,0.15037063136696815,0.2544170394539833,0.27616321593523024,1.0
State_6,consensus_state,3,2,2,mesothelial,3,0.0,0.0,0.0,0.0,0.0,0.0,0.0
State_6,consensus_state,3,2,2,pericyte_VSMC,3,0.16319509223103523,0.1715259850025177,0.07045098505914212,0.11537320725619793,0.21518242359161377,0.2501075744628906,1.0
State_6,consensus_state,3,2,2,gene_PMEL,3,0.5176777044932047,0.0,0.0,0.0,0.7765165567398071,1.3977298021316527,0.3333333333333333
State_6,consensus_state,3,2,2,gene_MLANA,3,0.0,0.0,0.0,0.0,0.0,0.0,0.0
State_6,consensus_state,3,2,2,gene_MITF,3,0.2695254484812419,0.0,0.0,0.0,0.4042881727218628,0.7277187108993529,0.3333333333333333
State_6,consensus_state,3,2,2,gene_ACTA2,3,0.5064071615537008,0.7106451392173767,0.07106451392173767,0.35532256960868835,0.7596107423305511,0.7987832248210907,0.6666666666666666
State_6,consensus_state,3,2,2,gene_ACTG2,3,0.0,0.0,0.0,0.0,0.0,0.0,0.0
State_6,consensus_state,3,2,2,gene_MYH11,3,0.0,0.0,0.0,0.0,0.0,0.0,0.0
State_6,consensus_state,3,2,2,gene_VEGFD,3,0.0,0.0,0.0,0.0,0.0,0.0,0.0
State_6,consensus_state,3,2,2,gene_CTSK,3,0.833192507425944,0.0,0.0,0.0,1.249788761138916,2.2496197700500487,0.3333333333333333
State_6,consensus_state,3,2,2,gene_EMX2,3,0.0,0.0,0.0,0.0,0.0,0.0,0.0
State_6,consensus_state,3,2,2,gene_HOXA11,3,0.0,0.0,0.0,0.0,0.0,0.0,0.0
State_6,consensus_state,3,2,2,gene_ESR1,3,0.2368817130724589,0.0,0.0,0.0,0.35532256960868835,0.639580625295639,0.3333333333333333
State_7,consensus_state,576,4,11,melanocytic_identity,576,0.33229583505049554,0.2990124970674515,0.0,0.16018274426460266,0.4709661602973938,0.7761299461126328,0.8506944444444444
State_7,consensus_state,576,4,11,contractile_marker_panel,576,0.10090734505016978,0.0,0.0,0.0,0.1524423286318779,0.4449813738465309,0.328125
State_7,consensus_state,576,4,11,VEGFD_CTSK_panel,576,0.18936055937471488,0.0,0.0,0.0,0.35768479853868484,0.7025283873081207,0.4513888888888889
State_7,consensus_state,576,4,11,ESR1_hormone_marker,576,0.39863661699928343,0.0,0.0,0.0,0.7055366486310959,1.4664556682109833,0.4565972222222222
State_7,consensus_state,576,4,11,HOX_PBX_markers,576,0.0002484001064052184,0.0,0.0,0.0,0.0,0.0,0.001736111111111111
State_7,consensus_state,576,4,11,CORE1,576,0.07744606705253115,0.0,0.0,0.0,0.10034214332699776,0.29112986475229263,0.4878472222222222
State_7,consensus_state,576,4,11,CORE2,576,0.18427328491169545,0.16660357266664505,0.038747976534068584,0.0988845732063055,0.245008684694767,0.3837277740240097,0.9739583333333334
State_7,consensus_state,576,4,11,CORE3_identity,576,0.2835389745725681,0.26300519704818726,0.09857306070625782,0.1935911402106285,0.35257502645254135,0.5273868888616562,1.0
State_7,consensus_state,576,4,11,LAM_myogenic_contractile,576,0.1001426504258739,0.03772115334868431,0.0,0.0,0.11501289904117584,0.3710180073976517,0.5243055555555556
State_7,consensus_state,576,4,11,ECM_remodeling,576,0.10745552137895073,0.07984046638011932,0.0,0.03268334362655878,0.1401842199265957,0.3038491755723953,0.7673611111111112
State_7,consensus_state,576,4,11,mTOR_translation,576,0.8792427601939481,0.6179116368293762,0.2072255052626133,0.4134845435619354,1.3247106671333313,2.0696958899497986,0.9947916666666666
State_7,consensus_state,576,4,11,hormone_related,576,0.36745544396884117,0.37301404774188995,0.0,0.17471686005592346,0.5248619467020035,0.7310362756252289,0.9288194444444444
State_7,consensus_state,576,4,11,hypoxia_stress,576,0.2697849898249842,0.23673609644174576,0.0,0.14887188747525215,0.3644700050354004,0.6645609438419342,0.90625
State_7,consensus_state,576,4,11,protease_ECM_niche,576,0.22352677548769861,0.1724776178598404,0.0,0.1013964768499136,0.29481079429388046,0.6139758974313736,0.9305555555555556
State_7,consensus_state,576,4,11,HOX_PBX,576,0.1575026284165991,0.09986261650919914,0.0,0.0,0.25989600270986557,0.5191586911678314,0.640625
State_7,consensus_state,576,4,11,normal_lung_interstitial,576,0.047398072324641466,0.0,0.0,0.0,0.058243087492883205,0.2006174698472023,0.3072916666666667
State_7,consensus_state,576,4,11,LAMCORE_777,576,0.16637546520602578,0.16825088113546371,0.0708090327680111,0.13990044221282005,0.19266624376177788,0.2513040751218796,1.0
State_7,consensus_state,576,4,11,ciliated,576,0.08142726442504984,0.06429227814078331,0.0,0.0,0.12568959593772888,0.2167048640549183,0.7465277777777778
State_7,consensus_state,576,4,11,AT2,576,2.211687049078238,2.0410906076431274,0.2518621124327183,1.113184541463852,2.8092203736305237,5.047094345092773,0.9878472222222222
State_7,consensus_state,576,4,11,macrophage,576,0.1541600318547959,0.05273682810366154,0.0,0.0,0.1116695161908865,0.6824747174978256,0.6319444444444444
State_7,consensus_state,576,4,11,endothelial,576,0.047310870435063004,0.0,0.0,0.0,0.06855221465229988,0.1839369833469391,0.4079861111111111
State_7,consensus_state,576,4,11,fibroblast,576,0.04061958261364554,0.0,0.0,0.0,0.0561675364151597,0.17158417031168938,0.3368055555555556
State_7,consensus_state,576,4,11,mesothelial,576,0.043764508025358535,0.0,0.0,0.0,0.06457053869962692,0.23954828456044197,0.2916666666666667
State_7,consensus_state,576,4,11,pericyte_VSMC,576,0.0725439028465189,0.03609320893883705,0.0,0.0,0.08107322268188,0.24837052822113037,0.5625
State_7,consensus_state,576,4,11,gene_PMEL,576,0.06845537728319566,0.0,0.0,0.0,0.0,0.6875168234109879,0.08506944444444445
State_7,consensus_state,576,4,11,gene_MLANA,576,0.05955333412728376,0.0,0.0,0.0,0.0,0.5906518548727036,0.07465277777777778
State_7,consensus_state,576,4,11,gene_MITF,576,0.8688787931524631,0.8162449896335602,0.0,0.32039622962474823,1.3045935332775116,2.171908378601074,0.7899305555555556
State_7,consensus_state,576,4,11,gene_ACTA2,576,0.2105275806194792,0.0,0.0,0.0,0.32432831078767776,0.9766065627336502,0.2795138888888889
State_7,consensus_state,576,4,11,gene_ACTG2,576,0.0147123780205018,0.0,0.0,0.0,0.0,0.0,0.015625
State_7,consensus_state,576,4,11,gene_MYH11,576,0.07748207721548776,0.0,0.0,0.0,0.0,0.7308059930801392,0.08854166666666667
State_7,consensus_state,576,4,11,gene_VEGFD,576,0.06376202714939912,0.0,0.0,0.0,0.0,0.6169038861989975,0.08159722222222222
State_7,consensus_state,576,4,11,gene_CTSK,576,0.31495909165177083,0.0,0.0,0.0,0.624067097902298,1.2439551651477814,0.3940972222222222
State_7,consensus_state,576,4,11,gene_EMX2,576,0.0004968002128104368,0.0,0.0,0.0,0.0,0.0,0.001736111111111111
State_7,consensus_state,576,4,11,gene_HOXA11,576,0.0,0.0,0.0,0.0,0.0,0.0,0.0
State_7,consensus_state,576,4,11,gene_ESR1,576,0.39863661699928343,0.0,0.0,0.0,0.7055366486310959,1.4664556682109833,0.4565972222222222
State_8,consensus_state,1,1,1,melanocytic_identity,1,0.21951280534267426,0.21951280534267426,0.21951280534267426,0.21951280534267426,0.21951280534267426,0.21951280534267426,1.0
State_8,consensus_state,1,1,1,contractile_marker_panel,1,0.0,0.0,0.0,0.0,0.0,0.0,0.0
State_8,consensus_state,1,1,1,VEGFD_CTSK_panel,1,0.0,0.0,0.0,0.0,0.0,0.0,0.0
State_8,consensus_state,1,1,1,ESR1_hormone_marker,1,0.6585384011268616,0.6585384011268616,0.6585384011268616,0.6585384011268616,0.6585384011268616,0.6585384011268616,1.0
State_8,consensus_state,1,1,1,HOX_PBX_markers,1,0.0,0.0,0.0,0.0,0.0,0.0,0.0
State_8,consensus_state,1,1,1,CORE1,1,0.0823173001408577,0.0823173001408577,0.0823173001408577,0.0823173001408577,0.0823173001408577,0.0823173001408577,1.0
State_8,consensus_state,1,1,1,CORE2,1,0.0823173001408577,0.0823173001408577,0.0823173001408577,0.0823173001408577,0.0823173001408577,0.0823173001408577,1.0
State_8,consensus_state,1,1,1,CORE3_identity,1,0.18815383315086365,0.18815383315086365,0.18815383315086365,0.18815383315086365,0.18815383315086365,0.18815383315086365,1.0
State_8,consensus_state,1,1,1,LAM_myogenic_contractile,1,0.0823173001408577,0.0823173001408577,0.0823173001408577,0.0823173001408577,0.0823173001408577,0.0823173001408577,1.0
State_8,consensus_state,1,1,1,ECM_remodeling,1,0.0,0.0,0.0,0.0,0.0,0.0,0.0
State_8,consensus_state,1,1,1,mTOR_translation,1,0.735592782497406,0.735592782497406,0.735592782497406,0.735592782497406,0.735592782497406,0.735592782497406,1.0
State_8,consensus_state,1,1,1,hormone_related,1,0.6583818197250366,0.6583818197250366,0.6583818197250366,0.6583818197250366,0.6583818197250366,0.6583818197250366,1.0
State_8,consensus_state,1,1,1,hypoxia_stress,1,0.15534739196300507,0.15534739196300507,0.15534739196300507,0.15534739196300507,0.15534739196300507,0.15534739196300507,1.0
State_8,consensus_state,1,1,1,protease_ECM_niche,1,0.1197342574596405,0.1197342574596405,0.1197342574596405,0.1197342574596405,0.1197342574596405,0.1197342574596405,1.0
State_8,consensus_state,1,1,1,HOX_PBX,1,0.3334803581237793,0.3334803581237793,0.3334803581237793,0.3334803581237793,0.3334803581237793,0.3334803581237793,1.0
State_8,consensus_state,1,1,1,normal_lung_interstitial,1,0.0823173001408577,0.0823173001408577,0.0823173001408577,0.0823173001408577,0.0823173001408577,0.0823173001408577,1.0
State_8,consensus_state,1,1,1,LAMCORE_777,1,0.20928353071212769,0.20928353071212769,0.20928353071212769,0.20928353071212769,0.20928353071212769,0.20928353071212769,1.0
State_8,consensus_state,1,1,1,ciliated,1,0.10356493294239044,0.10356493294239044,0.10356493294239044,0.10356493294239044,0.10356493294239044,0.10356493294239044,1.0
State_8,consensus_state,1,1,1,AT2,1,0.2630489468574524,0.2630489468574524,0.2630489468574524,0.2630489468574524,0.2630489468574524,0.2630489468574524,1.0
State_8,consensus_state,1,1,1,macrophage,1,0.29933562874794006,0.29933562874794006,0.29933562874794006,0.29933562874794006,0.29933562874794006,0.29933562874794006,1.0
State_8,consensus_state,1,1,1,endothelial,1,0.06585384160280228,0.06585384160280228,0.06585384160280228,0.06585384160280228,0.06585384160280228,0.06585384160280228,1.0
State_8,consensus_state,1,1,1,fibroblast,1,0.05986712872982025,0.05986712872982025,0.05986712872982025,0.05986712872982025,0.05986712872982025,0.05986712872982025,1.0
State_8,consensus_state,1,1,1,mesothelial,1,0.0,0.0,0.0,0.0,0.0,0.0,0.0
State_8,consensus_state,1,1,1,pericyte_VSMC,1,0.054878201335668564,0.054878201335668564,0.054878201335668564,0.054878201335668564,0.054878201335668564,0.054878201335668564,1.0
State_8,consensus_state,1,1,1,gene_PMEL,1,0.0,0.0,0.0,0.0,0.0,0.0,0.0
State_8,consensus_state,1,1,1,gene_MLANA,1,0.0,0.0,0.0,0.0,0.0,0.0,0.0
State_8,consensus_state,1,1,1,gene_MITF,1,0.6585384011268616,0.6585384011268616,0.6585384011268616,0.6585384011268616,0.6585384011268616,0.6585384011268616,1.0
State_8,consensus_state,1,1,1,gene_ACTA2,1,0.0,0.0,0.0,0.0,0.0,0.0,0.0
State_8,consensus_state,1,1,1,gene_ACTG2,1,0.0,0.0,0.0,0.0,0.0,0.0,0.0
State_8,consensus_state,1,1,1,gene_MYH11,1,0.0,0.0,0.0,0.0,0.0,0.0,0.0
State_8,consensus_state,1,1,1,gene_VEGFD,1,0.0,0.0,0.0,0.0,0.0,0.0,0.0
State_8,consensus_state,1,1,1,gene_CTSK,1,0.0,0.0,0.0,0.0,0.0,0.0,0.0
State_8,consensus_state,1,1,1,gene_EMX2,1,0.0,0.0,0.0,0.0,0.0,0.0,0.0
State_8,consensus_state,1,1,1,gene_HOXA11,1,0.0,0.0,0.0,0.0,0.0,0.0,0.0
State_8,consensus_state,1,1,1,gene_ESR1,1,0.6585384011268616,0.6585384011268616,0.6585384011268616,0.6585384011268616,0.6585384011268616,0.6585384011268616,1.0
State_9,consensus_state,406,4,5,melanocytic_identity,406,0.36902919485981533,0.360927551984787,0.0,0.19188442453742027,0.5171925574541092,0.806136429309845,0.874384236453202
State_9,consensus_state,406,4,5,contractile_marker_panel,406,0.09884590619780453,0.01877063699066639,0.0,0.0,0.16548457741737366,0.3534706309437752,0.5024630541871922
State_9,consensus_state,406,4,5,VEGFD_CTSK_panel,406,0.09368620786283698,0.0,0.0,0.0,0.14431507140398026,0.40266014635562897,0.4236453201970443
State_9,consensus_state,406,4,5,ESR1_hormone_marker,406,0.42144545701704,0.298499196767807,0.0,0.0,0.650020033121109,1.3690000474452972,0.6354679802955665
State_9,consensus_state,406,4,5,HOX_PBX_markers,406,0.0026037785284257877,0.0,0.0,0.0,0.0,0.0,0.017241379310344827
State_9,consensus_state,406,4,5,CORE1,406,0.28386522521691515,0.2657911628484726,0.0,0.12134356983006,0.4245333671569824,0.6329821944236755,0.9359605911330049
State_9,consensus_state,406,4,5,CORE2,406,0.18483354541670366,0.17606578767299652,0.04417847841978073,0.10934888385236263,0.24517278000712395,0.377694696187973,0.9753694581280788
State_9,consensus_state,406,4,5,CORE3_identity,406,0.2756722828125572,0.25652703642845154,0.11178524047136307,0.18652144819498062,0.3525804132223129,0.5007285922765732,1.0
State_9,consensus_state,406,4,5,LAM_myogenic_contractile,406,0.14915612862982186,0.100602176040411,0.0,0.04911550786346197,0.212444256991148,0.41388145834207535,0.8399014778325123
State_9,consensus_state,406,4,5,ECM_remodeling,406,0.3317876554970524,0.27195605635643005,0.0,0.10555046796798706,0.5010508894920349,0.8828287571668625,0.9433497536945813
State_9,consensus_state,406,4,5,mTOR_translation,406,0.7288768228528828,0.6391697525978088,0.33728233724832535,0.5195766389369965,0.798220083117485,1.5373749434947968,1.0
State_9,consensus_state,406,4,5,hormone_related,406,0.5233824614141815,0.5570312440395355,0.043241532519459724,0.34190694242715836,0.7245327532291412,0.9445480406284332,0.9704433497536946
State_9,consensus_state,406,4,5,hypoxia_stress,406,0.3137578549542524,0.32189084589481354,0.0871201828122139,0.22093284130096436,0.3956146687269211,0.5318714529275894,0.9950738916256158
State_9,consensus_state,406,4,5,protease_ECM_niche,406,0.26126797124284684,0.2076859250664711,0.05402227398008108,0.12717506289482117,0.328787237405777,0.7311803698539734,0.9704433497536946
State_9,consensus_state,406,4,5,HOX_PBX,406,0.12049959197163289,0.07536202669143677,0.0,0.0,0.1883174367249012,0.40041789412498474,0.6699507389162561
State_9,consensus_state,406,4,5,normal_lung_interstitial,406,0.12575674676129897,0.06635391712188721,0.0,0.0,0.1677287071943283,0.48234987258911133,0.6773399014778325
State_9,consensus_state,406,4,5,LAMCORE_777,406,0.21860948729838056,0.2203323096036911,0.08763666450977325,0.18130497261881828,0.26687274128198624,0.32012923061847687,1.0
State_9,consensus_state,406,4,5,ciliated,406,0.08550054371687285,0.07977816462516785,0.0,0.0353219797834754,0.12159826047718525,0.19970447942614555,0.8497536945812808
State_9,consensus_state,406,4,5,AT2,406,1.5060115089190418,1.2655596137046814,0.39529702812433243,0.7544041126966476,1.9252621233463287,4.330626845359802,1.0
State_9,consensus_state,406,4,5,macrophage,406,0.3352961907039392,0.05490001104772091,0.0,0.0,0.1539735570549965,2.5068728923797607,0.7315270935960592
State_9,consensus_state,406,4,5,endothelial,406,0.1464209171571755,0.07951736077666283,0.0,0.0,0.18525857105851173,0.584762305021286,0.7192118226600985
State_9,consensus_state,406,4,5,fibroblast,406,0.14847006394844411,0.06611675396561623,0.0,0.0,0.2005678191781044,0.5666101425886154,0.7093596059113301
State_9,consensus_state,406,4,5,mesothelial,406,0.05474261687999692,0.0,0.0,0.0,0.07921346463263035,0.25125858187675476,0.46551724137931033
State_9,consensus_state,406,4,5,pericyte_VSMC,406,0.1202445057670361,0.09138266369700432,0.0,0.0438878433778882,0.1714113913476467,0.3213244378566742,0.8571428571428571
State_9,consensus_state,406,4,5,gene_PMEL,406,0.029766288269402946,0.0,0.0,0.0,0.0,0.2762167677283287,0.07389162561576355
State_9,consensus_state,406,4,5,gene_MLANA,406,0.032335221845418066,0.0,0.0,0.0,0.0,0.209943950176239,0.08620689655172414
State_9,consensus_state,406,4,5,gene_MITF,406,1.044986075588635,1.0295810103416443,0.0,0.5284958481788635,1.5022095143795013,2.3833402395248413,0.8497536945812808
State_9,consensus_state,406,4,5,gene_ACTA2,406,0.21380052038840033,0.0,0.0,0.0,0.3510838598012924,0.9271404892206192,0.4088669950738916
State_9,consensus_state,406,4,5,gene_ACTG2,406,0.011383462366946226,0.0,0.0,0.0,0.0,0.0,0.029556650246305417
State_9,consensus_state,406,4,5,gene_MYH11,406,0.07135373416352155,0.0,0.0,0.0,0.0,0.5496470928192139,0.18226600985221675
State_9,consensus_state,406,4,5,gene_VEGFD,406,0.06908623266763288,0.0,0.0,0.0,0.0,0.5140965282917023,0.18719211822660098
State_9,consensus_state,406,4,5,gene_CTSK,406,0.11828618292958279,0.0,0.0,0.0,0.13847272843122482,0.6138507276773453,0.2881773399014778
State_9,consensus_state,406,4,5,gene_EMX2,406,0.005207557056851575,0.0,0.0,0.0,0.0,0.0,0.017241379310344827
State_9,consensus_state,406,4,5,gene_HOXA11,406,0.0,0.0,0.0,0.0,0.0,0.0,0.0
State_9,consensus_state,406,4,5,gene_ESR1,406,0.42144545701704,0.298499196767807,0.0,0.0,0.650020033121109,1.3690000474452972,0.6354679802955665
boundary,boundary,16883,4,12,melanocytic_identity,16883,0.18154671999281588,0.09308493882417679,0.0,0.0,0.313082680106163,0.6363396525382995,0.5082627495113428
boundary,boundary,16883,4,12,contractile_marker_panel,16883,0.25946548704325145,0.0,0.0,0.0,0.20335446298122406,1.9472160220146177,0.3310430610673459
boundary,boundary,16883,4,12,VEGFD_CTSK_panel,16883,0.0937634296348975,0.0,0.0,0.0,0.0,0.6752069294452664,0.1647219096132204
boundary,boundary,16883,4,12,ESR1_hormone_marker,16883,0.10212787460999799,0.0,0.0,0.0,0.0,0.8908606350421899,0.09115678493158799
boundary,boundary,16883,4,12,HOX_PBX_markers,16883,0.000819306878662855,0.0,0.0,0.0,0.0,0.0,0.0009476988686844756
boundary,boundary,16883,4,12,CORE1,16883,0.26687804408930144,0.06663519889116287,0.0,0.0,0.20167022943496704,1.8594868779182432,0.5727655037611799
boundary,boundary,16883,4,12,CORE2,16883,0.16087424140356238,0.14347876608371735,0.0,0.0,0.2533247172832489,0.4067966848611831,0.7387904993188414
boundary,boundary,16883,4,12,CORE3_identity,16883,0.18989236713762458,0.15312545001506805,0.05947936102747917,0.10436209291219711,0.23171351104974747,0.4831312119960784,1.0
boundary,boundary,16883,4,12,LAM_myogenic_contractile,16883,0.33102037995742134,0.0830351710319519,0.0,0.0,0.2135287970304489,2.4388918638229367,0.6139904045489546
boundary,boundary,16883,4,12,ECM_remodeling,16883,0.271040529662118,0.17249636352062225,0.0,0.0518327783793211,0.36712388694286346,0.9151200413703917,0.7764615293490493
boundary,boundary,16883,4,12,mTOR_translation,16883,1.2953396629543656,1.5110113620758057,0.1954587072134018,0.672633171081543,1.7754085063934326,2.1058031797409056,0.9836521945151928
boundary,boundary,16883,4,12,hormone_related,16883,0.14723157206476212,0.0,0.0,0.0,0.23691140860319138,0.6435171604156493,0.4356453236983948
boundary,boundary,16883,4,12,hypoxia_stress,16883,0.32925313798467876,0.27890509366989136,0.0,0.12674184143543243,0.4838206619024277,0.8223716735839843,0.8885861517502813
boundary,boundary,16883,4,12,protease_ECM_niche,16883,0.4622146811253313,0.3877060115337372,0.0,0.15644920617341995,0.7953846752643585,0.9991167783737183,0.8927323343007759
boundary,boundary,16883,4,12,HOX_PBX,16883,0.08211698847579188,0.0,0.0,0.0,0.11971687525510788,0.41361695826053607,0.358704021797074
boundary,boundary,16883,4,12,normal_lung_interstitial,16883,0.22362766059937794,0.0998622328042984,0.0,0.0,0.2752751260995865,0.884164947271347,0.5743055144227922
boundary,boundary,16883,4,12,LAMCORE_777,16883,0.12586734693097817,0.0936279147863388,0.029496635496616363,0.04451915808022022,0.18897342681884766,0.3174683004617691,1.0
boundary,boundary,16883,4,12,ciliated,16883,0.11298256993388864,0.0,0.0,0.0,0.06353752687573433,0.9475667059421528,0.36918794053189596
boundary,boundary,16883,4,12,AT2,16883,1.0018078832615875,0.5365878939628601,0.0,0.0,1.2394506931304932,4.721359539031982,0.7401528164425754
boundary,boundary,16883,4,12,macrophage,16883,1.034661065715475,0.27972906827926636,0.0,0.044899849221110344,2.400007128715515,3.102335572242737,0.7656814547177634
boundary,boundary,16883,4,12,endothelial,16883,0.13634190348060887,0.050323594361543655,0.0,0.0,0.1493707001209259,0.7261038839817037,0.5459930107208435
boundary,boundary,16883,4,12,fibroblast,16883,0.20216039285159287,0.08756894618272781,0.0,0.0,0.21346621215343475,0.8957830846309655,0.6054018835515015
boundary,boundary,16883,4,12,mesothelial,16883,0.0455996693386504,0.0,0.0,0.0,0.0,0.24056328535079954,0.17875969910560918
boundary,boundary,16883,4,12,pericyte_VSMC,16883,0.24902884594719676,0.06010739505290985,0.0,0.0,0.1529310941696167,1.940890824794769,0.6332997689984008
boundary,boundary,16883,4,12,gene_PMEL,16883,0.01779501163771683,0.0,0.0,0.0,0.0,0.0,0.018894746194396732
boundary,boundary,16883,4,12,gene_MLANA,16883,0.00742914466710196,0.0,0.0,0.0,0.0,0.0,0.007048510335840787
boundary,boundary,16883,4,12,gene_MITF,16883,0.5194160036448335,0.0,0.0,0.0,0.9052886664867401,1.8898756504058838,0.4838595036427175
boundary,boundary,16883,4,12,gene_ACTA2,16883,0.4949516758074701,0.0,0.0,0.0,0.5212937891483307,3.2556958198547363,0.30598827222650005
boundary,boundary,16883,4,12,gene_ACTG2,16883,0.07776206472219678,0.0,0.0,0.0,0.0,0.0,0.04519338980039093
boundary,boundary,16883,4,12,gene_MYH11,16883,0.20568272005672852,0.0,0.0,0.0,0.0,2.133432745933532,0.0928744891310786
boundary,boundary,16883,4,12,gene_VEGFD,16883,0.02745413449232396,0.0,0.0,0.0,0.0,0.0,0.019842445063081207
boundary,boundary,16883,4,12,gene_CTSK,16883,0.16007272477747103,0.0,0.0,0.0,0.0,1.2034692645072933,0.1448794645501392
boundary,boundary,16883,4,12,gene_EMX2,16883,0.00163861375732571,0.0,0.0,0.0,0.0,0.0,0.0009476988686844756
boundary,boundary,16883,4,12,gene_HOXA11,16883,0.0,0.0,0.0,0.0,0.0,0.0,0.0
boundary,boundary,16883,4,12,gene_ESR1,16883,0.10212787460999799,0.0,0.0,0.0,0.0,0.8908606350421899,0.09115678493158799
normal,normal,40457,2,7,melanocytic_identity,40457,0.04930864515323858,0.0,0.0,0.0,0.0,0.3609575092792511,0.16021949230046717
normal,normal,40457,2,7,contractile_marker_panel,40457,0.037059982450831384,0.0,0.0,0.0,0.0,0.19727286398410734,0.06525446770645377
normal,normal,40457,2,7,VEGFD_CTSK_panel,40457,0.01100434878500852,0.0,0.0,0.0,0.0,0.0,0.022319994067775663
normal,normal,40457,2,7,ESR1_hormone_marker,40457,0.0039857948499970874,0.0,0.0,0.0,0.0,0.0,0.005413154707467187
normal,normal,40457,2,7,HOX_PBX_markers,40457,0.00011177803843798756,0.0,0.0,0.0,0.0,0.0,0.00022245841263563785
normal,normal,40457,2,7,CORE1,40457,0.05724362145711924,0.0,0.0,0.0,0.0,0.2437431305646895,0.23768445510047706
normal,normal,40457,2,7,CORE2,40457,0.10004884835663108,0.0,0.0,0.0,0.20642021298408508,0.36553305387496937,0.4196554366364288
normal,normal,40457,2,7,CORE3_identity,40457,0.03527863980844467,0.0,0.0,0.0,0.0,0.19729425907134995,0.2175148923548459
normal,normal,40457,2,7,LAM_myogenic_contractile,40457,0.08552388785668501,0.0,0.0,0.0,0.10006468743085861,0.321220338344574,0.3518303383839632
normal,normal,40457,2,7,ECM_remodeling,40457,0.12889157068144563,0.06809380650520325,0.0,0.0,0.20337018370628357,0.4617013752460477,0.5557999851694392
normal,normal,40457,2,7,mTOR_translation,40457,1.7621104291877074,1.7785513401031494,1.071684718132019,1.565136194229126,2.0032668113708496,2.368258905410767,0.9996045183775366
normal,normal,40457,2,7,hormone_related,40457,0.033309274238193826,0.0,0.0,0.0,0.0,0.20039907097816467,0.21336233531898063
normal,normal,40457,2,7,hypoxia_stress,40457,0.23949885081010777,0.2079484462738037,0.0,0.10379724204540253,0.34555432200431824,0.6072640657424927,0.8213411770521789
normal,normal,40457,2,7,protease_ECM_niche,40457,0.42419412976583554,0.3533974587917328,0.0,0.19370216131210327,0.6735102534294128,0.9090853333473204,0.925698890179697
normal,normal,40457,2,7,HOX_PBX,40457,0.023227637311860855,0.0,0.0,0.0,0.0,0.16121797561645493,0.16874706478483328
normal,normal,40457,2,7,normal_lung_interstitial,40457,0.06835184659573885,0.0,0.0,0.0,0.1177421361207962,0.2702777862548826,0.3342314061843439
normal,normal,40457,2,7,LAMCORE_777,40457,0.058981071059506965,0.051267605274915695,0.021527961641550065,0.03585698455572128,0.0707084909081459,0.12799468040466305,0.9997033887831525
normal,normal,40457,2,7,ciliated,40457,0.03069470138254389,0.0,0.0,0.0,0.0,0.10886647552251805,0.24329535061917593
normal,normal,40457,2,7,AT2,40457,2.407937846699765,1.6517804861068726,0.0,0.6924459934234619,4.509708404541016,5.176400947570801,0.9362285883777838
normal,normal,40457,2,7,macrophage,40457,0.947520488249787,0.3429044783115387,0.0,0.09873957186937332,1.955587387084961,2.655473327636719,0.8440813703438218
normal,normal,40457,2,7,endothelial,40457,0.10845873950236987,0.0,0.0,0.0,0.12232055515050888,0.602395939826962,0.3933311911412117
normal,normal,40457,2,7,fibroblast,40457,0.055869439266399507,0.0,0.0,0.0,0.0927637591958046,0.20391998589038837,0.34933386064216326
normal,normal,40457,2,7,mesothelial,40457,0.032748579628370376,0.0,0.0,0.0,0.0,0.2134399354457855,0.18085868947277356
normal,normal,40457,2,7,pericyte_VSMC,40457,0.06324957135139729,0.0,0.0,0.0,0.06979919224977493,0.22735742330551142,0.3620387077637986
normal,normal,40457,2,7,gene_PMEL,40457,0.001386231803595261,0.0,0.0,0.0,0.0,0.0,0.0019279729095088613
normal,normal,40457,2,7,gene_MLANA,40457,8.606196457555256e-05,0.0,0.0,0.0,0.0,0.0,7.415280421187928e-05
normal,normal,40457,2,7,gene_MITF,40457,0.14645364165393016,0.0,0.0,0.0,0.0,1.0790807485580443,0.15858813060780583
normal,normal,40457,2,7,gene_ACTA2,40457,0.07303005084957098,0.0,0.0,0.0,0.0,0.40903708338737205,0.05445287589292335
normal,normal,40457,2,7,gene_ACTG2,40457,0.015098363827011336,0.0,0.0,0.0,0.0,0.0,0.009491558939120548
normal,normal,40457,2,7,gene_MYH11,40457,0.023051532452755367,0.0,0.0,0.0,0.0,0.0,0.012210495093556121
normal,normal,40457,2,7,gene_VEGFD,40457,0.0029667927412690095,0.0,0.0,0.0,0.0,0.0,0.002249301727760338
normal,normal,40457,2,7,gene_CTSK,40457,0.019041904827274747,0.0,0.0,0.0,0.0,0.0,0.020317868354054924
normal,normal,40457,2,7,gene_EMX2,40457,0.00022355607687597512,0.0,0.0,0.0,0.0,0.0,0.00022245841263563785
normal,normal,40457,2,7,gene_HOXA11,40457,0.0,0.0,0.0,0.0,0.0,0.0,0.0
normal,normal,40457,2,7,gene_ESR1,40457,0.0039857948499970874,0.0,0.0,0.0,0.0,0.0,0.005413154707467187
