source_state15_cell,neighbor_rank,neighbor_cell,neighbor_cohort,neighbor_state,neighbor_dataset,neighbor_patient_id,distance
GSE135851::LAM1:ACACTGATCCTTGCCA-1,1,GSE135851::LAM1:CGAGAAGCACTTGGAT-1,State_15,15,GSE135851,LAM1,1.2189327478408813
GSE135851::LAM1:ACACTGATCCTTGCCA-1,2,GSE135851::LAM3:CTCGAAAGTCGCCATG-1,State_15,15,GSE135851,LAM3,2.53946852684021
GSE135851::LAM1:ACACTGATCCTTGCCA-1,3,GSE135851::LAM3:CGTAGGCGTACTCAAC-1,State_15,15,GSE135851,LAM3,2.5726397037506104
GSE135851::LAM1:ACACTGATCCTTGCCA-1,4,GSE190260::LAM1163:ATGGGAGGTAATAGCA-1,State_15,15,GSE190260,LAM1163,2.6249094009399414
GSE135851::LAM1:ACACTGATCCTTGCCA-1,5,GSE135851::LAM3:CCACGGAAGGCAATTA-1,State_15,15,GSE135851,LAM3,2.648165464401245
GSE135851::LAM1:ACACTGATCCTTGCCA-1,6,GSE135851::LAM3:CGTCACTCAGGCTCAC-1,State_15,15,GSE135851,LAM3,2.684875249862671
GSE135851::LAM1:ACACTGATCCTTGCCA-1,7,GSE135851::LAM3:TCGTACCAGGGATCTG-1,State_15,15,GSE135851,LAM3,2.7342100143432617
GSE135851::LAM1:ACACTGATCCTTGCCA-1,8,GSE190260::LAM1163:AGAGCTTCACGTTGGC-1,State_15,15,GSE190260,LAM1163,2.7354183197021484
GSE135851::LAM1:ACACTGATCCTTGCCA-1,9,GSE190260::LAM1163:CGTCTACGTTTGTTGG-1,State_15,15,GSE190260,LAM1163,2.81441068649292
GSE135851::LAM1:ACACTGATCCTTGCCA-1,10,GSE190260::LAM1163:AGCTCCTGTCAAAGCG-1,State_15,15,GSE190260,LAM1163,2.887706756591797
GSE135851::LAM1:ACACTGATCCTTGCCA-1,11,GSE135851::LAM3:CCAATCCGTAGCTGCC-1,State_15,15,GSE135851,LAM3,2.8928110599517822
GSE135851::LAM1:ACACTGATCCTTGCCA-1,12,GSE190260::LAM1163:AGAGTGGCATGATCCA-1,State_15,15,GSE190260,LAM1163,2.921969413757324
GSE135851::LAM1:ACACTGATCCTTGCCA-1,13,GSE135851::LAM3:CACAAACCAATAGCGG-1,State_15,15,GSE135851,LAM3,2.926487445831299
GSE135851::LAM1:ACACTGATCCTTGCCA-1,14,GSE190260::LAM1163:CGTAGCGTCCCAGGTG-1,State_15,15,GSE190260,LAM1163,2.9331107139587402
GSE135851::LAM1:ACACTGATCCTTGCCA-1,15,GSE190260::LAM1163:GCACTCTCATCCGGGT-1,State_15,15,GSE190260,LAM1163,2.9387969970703125
GSE135851::LAM1:ACACTGATCCTTGCCA-1,16,GSE190260::LAM1163:TGCGCAGCAAGGCTCC-1,State_15,15,GSE190260,LAM1163,2.949347496032715
GSE135851::LAM1:ACACTGATCCTTGCCA-1,17,GSE302356::LAM10:CAGGATGCAATAATGG-1,State_16,16,GSE302356,LAM3,2.9794256687164307
GSE135851::LAM1:ACACTGATCCTTGCCA-1,18,GSE190260::LAM1163:CCTTTCTCATCGGGTC-1,State_15,15,GSE190260,LAM1163,2.980912923812866
GSE135851::LAM1:ACACTGATCCTTGCCA-1,19,GSE190260::LAM1163:CCTAGCTTCTGAGGGA-1,State_15,15,GSE190260,LAM1163,2.9832441806793213
GSE135851::LAM1:ACACTGATCCTTGCCA-1,20,GSE190260::LAM1163:CATCAGACAAGAAAGG-1,State_15,15,GSE190260,LAM1163,2.986091136932373
GSE135851::LAM1:ACACTGATCCTTGCCA-1,21,GSE190260::LAM1163:GCGCAACCAGGCTGAA-1,State_15,15,GSE190260,LAM1163,3.004810094833374
GSE135851::LAM1:ACACTGATCCTTGCCA-1,22,GSE190260::LAM1163:GCATGATAGCGTTCCG-1,State_15,15,GSE190260,LAM1163,3.0176026821136475
GSE135851::LAM1:ACACTGATCCTTGCCA-1,23,GSE190260::LAM1163:GGTGCGTTCTGTACGA-1,State_15,15,GSE190260,LAM1163,3.023752212524414
GSE135851::LAM1:ACACTGATCCTTGCCA-1,24,GSE190260::LAM1163:TGACGGCAGTGGCACA-1,State_15,15,GSE190260,LAM1163,3.0300586223602295
GSE135851::LAM1:ACACTGATCCTTGCCA-1,25,GSE190260::LAM1163:GAATGAAGTACTCGCG-1,State_16,16,GSE190260,LAM1163,3.0341057777404785
GSE135851::LAM1:ACACTGATCCTTGCCA-1,26,GSE135851::LAM1:GGCGACTTCGCACTCT-1,State_15,15,GSE135851,LAM1,3.0552010536193848
GSE135851::LAM1:ACACTGATCCTTGCCA-1,27,GSE135851::LAM1:TTCTACACAGTTCATG-1,State_15,15,GSE135851,LAM1,3.0571177005767822
GSE135851::LAM1:ACACTGATCCTTGCCA-1,28,GSE190260::LAM1164-3:CAACTAGGTTTGACAC-1,boundary,,GSE190260,LAM1164,3.065251588821411
GSE135851::LAM1:ACACTGATCCTTGCCA-1,29,GSE302356::LAM10:TGAGGAGGTCGCGCAA-1,State_16,16,GSE302356,LAM3,3.0655510425567627
GSE135851::LAM1:ACACTGATCCTTGCCA-1,30,GSE190260::LAM1163:TTAGGACGTCGGATCC-1,State_15,15,GSE190260,LAM1163,3.067596912384033
GSE135851::LAM1:ATGCGATGTCCGCTGA-1,1,GSE135851::LAM1:TTAACTCGTACTCAAC-1,State_15,15,GSE135851,LAM1,1.3587872982025146
GSE135851::LAM1:ATGCGATGTCCGCTGA-1,2,GSE135851::LAM1:GGCGACTTCGCACTCT-1,State_15,15,GSE135851,LAM1,1.4698017835617065
GSE135851::LAM1:ATGCGATGTCCGCTGA-1,3,GSE135851::LAM1:CGAGCACCATTATCTC-1,State_15,15,GSE135851,LAM1,1.89683997631073
GSE135851::LAM1:ATGCGATGTCCGCTGA-1,4,GSE190260::LAM1163:CATATGGGTATATGAG-1,State_16,16,GSE190260,LAM1163,2.352940320968628
GSE135851::LAM1:ATGCGATGTCCGCTGA-1,5,GSE302356::LAM10:CCCGTTGTCATGTGGT-1,boundary,,GSE302356,LAM3,2.374340772628784
GSE135851::LAM1:ATGCGATGTCCGCTGA-1,6,GSE135851::LAM3:TGAGGGAAGGGTTCCC-1,State_16,16,GSE135851,LAM3,2.4540233612060547
GSE135851::LAM1:ATGCGATGTCCGCTGA-1,7,GSE302356::LAM10:ACCAGGACAGGTTCAC-1,boundary,,GSE302356,LAM3,2.491262435913086
GSE135851::LAM1:ATGCGATGTCCGCTGA-1,8,GSE302356::LAM10:CGTATTGCAAATTGCT-1,State_16,16,GSE302356,LAM3,2.536205530166626
GSE135851::LAM1:ATGCGATGTCCGCTGA-1,9,GSE190260::LAM1163:GGAACTTAGCGTTGCC-1,State_16,16,GSE190260,LAM1163,2.5757572650909424
GSE135851::LAM1:ATGCGATGTCCGCTGA-1,10,GSE302356::LAM4:GTAGAGGCATGATCTG-1,boundary,,GSE302356,LAM18,2.581268072128296
GSE135851::LAM1:ATGCGATGTCCGCTGA-1,11,GSE302356::LAM10:GTGCTTACAATAGCCC-1,State_16,16,GSE302356,LAM3,2.589860677719116
GSE135851::LAM1:ATGCGATGTCCGCTGA-1,12,GSE190260::LAM1163:ACATACGCACTGTTAG-1,State_16,16,GSE190260,LAM1163,2.5920732021331787
GSE135851::LAM1:ATGCGATGTCCGCTGA-1,13,GSE190260::LAM1163:AGGGAGTCACTCTGTC-1,State_16,16,GSE190260,LAM1163,2.6016321182250977
GSE135851::LAM1:ATGCGATGTCCGCTGA-1,14,GSE302356::LAM10:AAGTTTGTCTTGCAGG-1,State_16,16,GSE302356,LAM3,2.6100802421569824
GSE135851::LAM1:ATGCGATGTCCGCTGA-1,15,GSE302356::LAM10:TGAGGAGGTCGCGCAA-1,State_16,16,GSE302356,LAM3,2.6378934383392334
GSE135851::LAM1:ATGCGATGTCCGCTGA-1,16,GSE302356::LAM10:CTGTGTGAGCCTGGTA-1,State_16,16,GSE302356,LAM3,2.640310525894165
GSE135851::LAM1:ATGCGATGTCCGCTGA-1,17,GSE135851::LAM3:CTCGAAAGTCGCCATG-1,State_15,15,GSE135851,LAM3,2.7203123569488525
GSE135851::LAM1:ATGCGATGTCCGCTGA-1,18,GSE135851::LAM1:TCGAGGCTCGACCAGC-1,State_15,15,GSE135851,LAM1,2.7269108295440674
GSE135851::LAM1:ATGCGATGTCCGCTGA-1,19,GSE135851::LAM1:TGCCCTAGTCCATGAT-1,State_16,16,GSE135851,LAM1,2.7340962886810303
GSE135851::LAM1:ATGCGATGTCCGCTGA-1,20,GSE135851::LAM3:TAGTTGGGTCTCTTAT-1,State_16,16,GSE135851,LAM3,2.7502541542053223
GSE135851::LAM1:ATGCGATGTCCGCTGA-1,21,GSE302356::LAM10:GATAATCGTGTTTGCT-1,State_16,16,GSE302356,LAM3,2.7759969234466553
GSE135851::LAM1:ATGCGATGTCCGCTGA-1,22,GSE135851::LAM3:GTCATTTGTGGCAAAC-1,boundary,,GSE135851,LAM3,2.806962013244629
GSE135851::LAM1:ATGCGATGTCCGCTGA-1,23,GSE190260::LAM1163:CGCTGGACAAGTTCTG-1,State_15,15,GSE190260,LAM1163,2.8077139854431152
GSE135851::LAM1:ATGCGATGTCCGCTGA-1,24,GSE190260::LAM1163:GTTCTCGCACGGCGTT-1,State_16,16,GSE190260,LAM1163,2.813210964202881
GSE135851::LAM1:ATGCGATGTCCGCTGA-1,25,GSE135851::LAM1:AGTGGGACAGACAAGC-1,boundary,,GSE135851,LAM1,2.8194663524627686
GSE135851::LAM1:ATGCGATGTCCGCTGA-1,26,GSE190260::LAM1163:TTAGGCAAGACAGACC-1,boundary,,GSE190260,LAM1163,2.8241477012634277
GSE135851::LAM1:ATGCGATGTCCGCTGA-1,27,GSE122960::GSE122960_Donor_07:GTAACTGAGGAATGGA-1,normal,,GSE122960,GSE122960_Donor_07,2.8317959308624268
GSE135851::LAM1:ATGCGATGTCCGCTGA-1,28,GSE302356::LAM10:GCTCTGGCAAAGCGGC-1,State_16,16,GSE302356,LAM3,2.8395509719848633
GSE135851::LAM1:ATGCGATGTCCGCTGA-1,29,GSE302356::LAM10:GGCTTAAGTCATTGAG-1,State_16,16,GSE302356,LAM3,2.8430709838867188
GSE135851::LAM1:ATGCGATGTCCGCTGA-1,30,GSE302356::LAM10:GTGGCTTCAATTTAGC-1,State_16,16,GSE302356,LAM3,2.84420108795166
GSE135851::LAM1:ATGTGTGCAGACAAGC-1,1,GSE135851::LAM1:TCGAGGCTCGACCAGC-1,State_15,15,GSE135851,LAM1,1.577081561088562
GSE135851::LAM1:ATGTGTGCAGACAAGC-1,2,GSE190260::LAM1163:GACGCGTCATCCGGGT-1,State_15,15,GSE190260,LAM1163,1.7441524267196655
GSE135851::LAM1:ATGTGTGCAGACAAGC-1,3,GSE302356::LAM3:TGCGATACACACGGTC-1,State_15,15,GSE302356,LAM32,1.8377025127410889
GSE135851::LAM1:ATGTGTGCAGACAAGC-1,4,GSE190260::LAM1158:CTAAGACAGTCTCGGC-1,State_15,15,GSE190260,LAM1158,2.0284411907196045
GSE135851::LAM1:ATGTGTGCAGACAAGC-1,5,GSE135851::LAM1:CGGACACTCAGAGGTG-1,State_15,15,GSE135851,LAM1,2.3344266414642334
GSE135851::LAM1:ATGTGTGCAGACAAGC-1,6,GSE190260::LAM1163:AGAGTGGCATGATCCA-1,State_15,15,GSE190260,LAM1163,2.3546998500823975
GSE135851::LAM1:ATGTGTGCAGACAAGC-1,7,GSE190260::LAM1163:TCGTACCCAAGCCGTC-1,State_15,15,GSE190260,LAM1163,2.408994197845459
GSE135851::LAM1:ATGTGTGCAGACAAGC-1,8,GSE135851::LAM1:GTTTCTACATTGTGCA-1,State_15,15,GSE135851,LAM1,2.435643434524536
GSE135851::LAM1:ATGTGTGCAGACAAGC-1,9,GSE135851::LAM1:TGCACCTTCGAACTGT-1,State_15,15,GSE135851,LAM1,2.4728446006774902
GSE135851::LAM1:ATGTGTGCAGACAAGC-1,10,GSE190260::LAM1163:GCGGGTTTCACATAGC-1,State_15,15,GSE190260,LAM1163,2.516157388687134
GSE135851::LAM1:ATGTGTGCAGACAAGC-1,11,GSE190260::LAM1163:GACTAACGTTGTGGCC-1,State_15,15,GSE190260,LAM1163,2.53155779838562
GSE135851::LAM1:ATGTGTGCAGACAAGC-1,12,GSE190260::LAM1163:TGCGCAGTCTCTAAGG-1,State_15,15,GSE190260,LAM1163,2.5589871406555176
GSE135851::LAM1:ATGTGTGCAGACAAGC-1,13,GSE190260::LAM1163:CTGATCCTCGCTTAGA-1,State_15,15,GSE190260,LAM1163,2.5657079219818115
GSE135851::LAM1:ATGTGTGCAGACAAGC-1,14,GSE135851::LAM1:TATCTCATCAAGCCTA-1,State_15,15,GSE135851,LAM1,2.567772388458252
GSE135851::LAM1:ATGTGTGCAGACAAGC-1,15,GSE190260::LAM1163:GGGATGATCACAAACC-1,State_15,15,GSE190260,LAM1163,2.5932328701019287
GSE135851::LAM1:ATGTGTGCAGACAAGC-1,16,GSE302356::LAM3:TTTATGCAGAGCCTGA-1,State_15,15,GSE302356,LAM32,2.6190905570983887
GSE135851::LAM1:ATGTGTGCAGACAAGC-1,17,GSE135851::LAM3:CTCGAAAGTCGCCATG-1,State_15,15,GSE135851,LAM3,2.637937307357788
GSE135851::LAM1:ATGTGTGCAGACAAGC-1,18,GSE135851::LAM1:TTGGCAAAGAATCTCC-1,State_15,15,GSE135851,LAM1,2.663565158843994
GSE135851::LAM1:ATGTGTGCAGACAAGC-1,19,GSE135851::LAM1:GGGAGATAGCCATCGC-1,State_15,15,GSE135851,LAM1,2.671959400177002
GSE135851::LAM1:ATGTGTGCAGACAAGC-1,20,GSE190260::LAM1163:TTAGGACGTCGGATCC-1,State_15,15,GSE190260,LAM1163,2.7612266540527344
GSE135851::LAM1:ATGTGTGCAGACAAGC-1,21,GSE190260::LAM1163:CGCTGGACAAGTTCTG-1,State_15,15,GSE190260,LAM1163,2.7814252376556396
GSE135851::LAM1:ATGTGTGCAGACAAGC-1,22,GSE135851::LAM1:GGCGACTTCGCACTCT-1,State_15,15,GSE135851,LAM1,2.792468309402466
GSE135851::LAM1:ATGTGTGCAGACAAGC-1,23,GSE190260::LAM1163:CATCAAGCAATACGCT-1,State_15,15,GSE190260,LAM1163,2.798029899597168
GSE135851::LAM1:ATGTGTGCAGACAAGC-1,24,GSE135851::LAM1:GCACTCTTCAGGCGAA-1,State_15,15,GSE135851,LAM1,2.8439548015594482
GSE135851::LAM1:ATGTGTGCAGACAAGC-1,25,GSE190260::LAM1163:TTCTCAAAGTCCGTAT-1,State_15,15,GSE190260,LAM1163,2.8687024116516113
GSE135851::LAM1:ATGTGTGCAGACAAGC-1,26,GSE190260::LAM1163:GGATGTTTCAAGCCTA-1,State_15,15,GSE190260,LAM1163,2.879913091659546
GSE135851::LAM1:ATGTGTGCAGACAAGC-1,27,GSE190260::LAM1163:AGCTCCTGTCAAAGCG-1,State_15,15,GSE190260,LAM1163,2.8816893100738525
GSE135851::LAM1:ATGTGTGCAGACAAGC-1,28,GSE190260::LAM1163:AAGACCTTCCCTTGCA-1,State_15,15,GSE190260,LAM1163,2.9085886478424072
GSE135851::LAM1:ATGTGTGCAGACAAGC-1,29,GSE190260::LAM1163:GACTACATCGAGGTAG-1,State_15,15,GSE190260,LAM1163,2.9526026248931885
GSE135851::LAM1:ATGTGTGCAGACAAGC-1,30,GSE135851::LAM3:ATCTGCCTCAGAGCTT-1,State_15,15,GSE135851,LAM3,2.9977545738220215
GSE135851::LAM1:ATTACTCAGCCACCTG-1,1,GSE135851::LAM1:GGGAGATAGCCATCGC-1,State_15,15,GSE135851,LAM1,1.8194218873977661
GSE135851::LAM1:ATTACTCAGCCACCTG-1,2,GSE135851::LAM1:CGAGCACCATTATCTC-1,State_15,15,GSE135851,LAM1,1.8958590030670166
GSE135851::LAM1:ATTACTCAGCCACCTG-1,3,GSE190260::LAM1163:GAAATGACATGGGACA-1,State_15,15,GSE190260,LAM1163,1.931933045387268
GSE135851::LAM1:ATTACTCAGCCACCTG-1,4,GSE190260::LAM1158:CAGCTAAGTGTCAATC-1,State_15,15,GSE190260,LAM1158,2.004520893096924
GSE135851::LAM1:ATTACTCAGCCACCTG-1,5,GSE135851::LAM1:TGCACCTTCGAACTGT-1,State_15,15,GSE135851,LAM1,2.012934923171997
GSE135851::LAM1:ATTACTCAGCCACCTG-1,6,GSE190260::LAM1163:GGGATGATCACAAACC-1,State_15,15,GSE190260,LAM1163,2.0358359813690186
GSE135851::LAM1:ATTACTCAGCCACCTG-1,7,GSE135851::LAM1:TCGAGGCTCGACCAGC-1,State_15,15,GSE135851,LAM1,2.171494722366333
GSE135851::LAM1:ATTACTCAGCCACCTG-1,8,GSE190260::LAM1158:CACACAAAGTGTACGG-1,State_15,15,GSE190260,LAM1158,2.1731576919555664
GSE135851::LAM1:ATTACTCAGCCACCTG-1,9,GSE135851::LAM1:CCTATTACACGAGGTA-1,State_15,15,GSE135851,LAM1,2.3463141918182373
GSE135851::LAM1:ATTACTCAGCCACCTG-1,10,GSE190260::LAM1163:ATCCACCTCTTGTCAT-1,State_15,15,GSE190260,LAM1163,2.4410717487335205
GSE135851::LAM1:ATTACTCAGCCACCTG-1,11,GSE190260::LAM1163:GACGCGTCATCCGGGT-1,State_15,15,GSE190260,LAM1163,2.4519245624542236
GSE135851::LAM1:ATTACTCAGCCACCTG-1,12,GSE190260::LAM1163:CGCTGGAGTAAGTAGT-1,State_15,15,GSE190260,LAM1163,2.478527545928955
GSE135851::LAM1:ATTACTCAGCCACCTG-1,13,GSE135851::LAM1:TTAACTCGTACTCAAC-1,State_15,15,GSE135851,LAM1,2.5459158420562744
GSE135851::LAM1:ATTACTCAGCCACCTG-1,14,GSE135851::LAM1:CGGACACTCAGAGGTG-1,State_15,15,GSE135851,LAM1,2.569974422454834
GSE135851::LAM1:ATTACTCAGCCACCTG-1,15,GSE190260::LAM1163:TACGGTATCACCTTAT-1,State_15,15,GSE190260,LAM1163,2.6671524047851562
GSE135851::LAM1:ATTACTCAGCCACCTG-1,16,GSE190260::LAM1158:CTCATTAGTCGGGTCT-1,State_15,15,GSE190260,LAM1158,2.692582607269287
GSE135851::LAM1:ATTACTCAGCCACCTG-1,17,GSE190260::LAM1163:CTGATCCTCGCTTAGA-1,State_15,15,GSE190260,LAM1163,2.703160524368286
GSE135851::LAM1:ATTACTCAGCCACCTG-1,18,GSE135851::LAM1:GGCGACTTCGCACTCT-1,State_15,15,GSE135851,LAM1,2.822699785232544
GSE135851::LAM1:ATTACTCAGCCACCTG-1,19,GSE190260::LAM1163:CATATTCGTCTCCCTA-1,State_15,15,GSE190260,LAM1163,2.850041151046753
GSE135851::LAM1:ATTACTCAGCCACCTG-1,20,GSE190260::LAM1163:TGGACGCTCAAGAAGT-1,State_15,15,GSE190260,LAM1163,2.8523824214935303
GSE135851::LAM1:ATTACTCAGCCACCTG-1,21,GSE190260::LAM1163:CGCTGGACAAGTTCTG-1,State_15,15,GSE190260,LAM1163,2.8630223274230957
GSE135851::LAM1:ATTACTCAGCCACCTG-1,22,GSE135851::LAM1:CACAGTAAGAGAACAG-1,State_15,15,GSE135851,LAM1,2.9759626388549805
GSE135851::LAM1:ATTACTCAGCCACCTG-1,23,GSE190260::LAM1163:GTCACAAAGACTTGAA-1,State_15,15,GSE190260,LAM1163,2.977909564971924
GSE135851::LAM1:ATTACTCAGCCACCTG-1,24,GSE302356::LAM3:TGCGATACACACGGTC-1,State_15,15,GSE302356,LAM32,3.0119969844818115
GSE135851::LAM1:ATTACTCAGCCACCTG-1,25,GSE190260::LAM1163:CATATGGTCGCCCTTA-1,State_15,15,GSE190260,LAM1163,3.0545814037323
GSE135851::LAM1:ATTACTCAGCCACCTG-1,26,GSE190260::LAM1163:TCGTACCCAAGCCGTC-1,State_15,15,GSE190260,LAM1163,3.076997756958008
GSE135851::LAM1:ATTACTCAGCCACCTG-1,27,GSE190260::LAM1163:GTTACAGCAAGCTGGA-1,State_15,15,GSE190260,LAM1163,3.0884578227996826
GSE135851::LAM1:ATTACTCAGCCACCTG-1,28,GSE190260::LAM1163:TCACAAGCAAAGTCAA-1,State_15,15,GSE190260,LAM1163,3.109276294708252
GSE135851::LAM1:ATTACTCAGCCACCTG-1,29,GSE190260::LAM1163:CGGCTAGAGTGGTAGC-1,State_15,15,GSE190260,LAM1163,3.118518352508545
GSE135851::LAM1:ATTACTCAGCCACCTG-1,30,GSE190260::LAM1163:GCGGGTTTCACATAGC-1,State_15,15,GSE190260,LAM1163,3.130563497543335
GSE135851::LAM1:CAACTAGTCATGTCTT-1,1,GSE135851::LAM3:GTACTTTCACTACAGT-1,State_15,15,GSE135851,LAM3,2.132780075073242
GSE135851::LAM1:CAACTAGTCATGTCTT-1,2,GSE190260::LAM1158:AAACGGGAGTCGCCGT-1,State_15,15,GSE190260,LAM1158,2.7981417179107666
GSE135851::LAM1:CAACTAGTCATGTCTT-1,3,GSE135851::LAM1:TGCGCAGGTTCGCTAA-1,State_15,15,GSE135851,LAM1,2.8018994331359863
GSE135851::LAM1:CAACTAGTCATGTCTT-1,4,GSE302356::LAM3:GCACGTGAGACATACA-1,State_15,15,GSE302356,LAM32,2.913250207901001
GSE135851::LAM1:CAACTAGTCATGTCTT-1,5,GSE135851::LAM1:GTGCAGCAGAGGGCTT-1,State_15,15,GSE135851,LAM1,2.920308828353882
GSE135851::LAM1:CAACTAGTCATGTCTT-1,6,GSE302356::LAM3:TACCCGTTCTGGACCG-1,State_15,15,GSE302356,LAM32,3.1649491786956787
GSE135851::LAM1:CAACTAGTCATGTCTT-1,7,GSE190260::LAM1163:CATTCGCAGCAATCTC-1,State_15,15,GSE190260,LAM1163,3.1933579444885254
GSE135851::LAM1:CAACTAGTCATGTCTT-1,8,GSE135851::LAM3:CGCTTCATCGCACTCT-1,State_15,15,GSE135851,LAM3,3.2130279541015625
GSE135851::LAM1:CAACTAGTCATGTCTT-1,9,GSE135851::LAM3:CTCGTACCAAGCCCAC-1,State_15,15,GSE135851,LAM3,3.2281253337860107
GSE135851::LAM1:CAACTAGTCATGTCTT-1,10,GSE135851::LAM3:ATGAGGGGTGTGCGTC-1,State_15,15,GSE135851,LAM3,3.266866683959961
GSE135851::LAM1:CAACTAGTCATGTCTT-1,11,GSE190260::LAM1158:ATCCGAATCCAGTATG-1,State_15,15,GSE190260,LAM1158,3.294334888458252
GSE135851::LAM1:CAACTAGTCATGTCTT-1,12,GSE190260::LAM1163:AAAGCAAAGTCAAGGC-1,State_15,15,GSE190260,LAM1163,3.297710657119751
GSE135851::LAM1:CAACTAGTCATGTCTT-1,13,GSE135851::LAM3:GTAACTGTCAAACAAG-1,State_15,15,GSE135851,LAM3,3.304443120956421
GSE135851::LAM1:CAACTAGTCATGTCTT-1,14,GSE135851::LAM3:TACAGTGAGGCAATTA-1,State_15,15,GSE135851,LAM3,3.363233804702759
GSE135851::LAM1:CAACTAGTCATGTCTT-1,15,GSE302356::LAM3:CTCCTTTGTAACGTTC-1,boundary,,GSE302356,LAM32,3.4062929153442383
GSE135851::LAM1:CAACTAGTCATGTCTT-1,16,GSE190260::LAM1163:CATCAAGCAATACGCT-1,State_15,15,GSE190260,LAM1163,3.415361166000366
GSE135851::LAM1:CAACTAGTCATGTCTT-1,17,GSE190260::LAM1163:GCGGGTTTCACATAGC-1,State_15,15,GSE190260,LAM1163,3.4259982109069824
GSE135851::LAM1:CAACTAGTCATGTCTT-1,18,GSE302356::LAM3:GCAGCTGCATATGAAG-1,State_15,15,GSE302356,LAM32,3.430112838745117
GSE135851::LAM1:CAACTAGTCATGTCTT-1,19,GSE135851::LAM3:CCACGGACACCTATCC-1,State_15,15,GSE135851,LAM3,3.4360697269439697
GSE135851::LAM1:CAACTAGTCATGTCTT-1,20,GSE135851::LAM3:CGTAGGCGTACTCAAC-1,State_15,15,GSE135851,LAM3,3.458373546600342
GSE135851::LAM1:CAACTAGTCATGTCTT-1,21,GSE135851::LAM3:ATCTGCCTCAGAGCTT-1,State_15,15,GSE135851,LAM3,3.492262363433838
GSE135851::LAM1:CAACTAGTCATGTCTT-1,22,GSE190260::LAM1158:TACGGTATCCAGGGCT-1,State_15,15,GSE190260,LAM1158,3.5885143280029297
GSE135851::LAM1:CAACTAGTCATGTCTT-1,23,GSE135851::LAM3:TTTGTCACAGTTCCCT-1,State_15,15,GSE135851,LAM3,3.5923514366149902
GSE135851::LAM1:CAACTAGTCATGTCTT-1,24,GSE190260::LAM1163:ACAGCCGAGGACTGGT-1,State_15,15,GSE190260,LAM1163,3.5958309173583984
GSE135851::LAM1:CAACTAGTCATGTCTT-1,25,GSE302356::LAM3:GTAGCTAGTAGCTTAC-1,State_15,15,GSE302356,LAM32,3.6277432441711426
GSE135851::LAM1:CAACTAGTCATGTCTT-1,26,GSE135851::LAM3:TTTATGCAGCCAACAG-1,State_15,15,GSE135851,LAM3,3.654193878173828
GSE135851::LAM1:CAACTAGTCATGTCTT-1,27,GSE190260::LAM1164-1:AGCTTGACATCGTCGG-1,State_17,17,GSE190260,LAM1164,3.6728549003601074
GSE135851::LAM1:CAACTAGTCATGTCTT-1,28,GSE135851::LAM3:CGGCTAGGTTAAGGGC-1,State_15,15,GSE135851,LAM3,3.6769397258758545
GSE135851::LAM1:CAACTAGTCATGTCTT-1,29,GSE135851::LAM3:AACCATGCACGAAGCA-1,State_15,15,GSE135851,LAM3,3.7086310386657715
GSE135851::LAM1:CAACTAGTCATGTCTT-1,30,GSE190260::LAM1163:TGGACGCTCAAGAAGT-1,State_15,15,GSE190260,LAM1163,3.7214717864990234
GSE135851::LAM1:CACAGTAAGAGAACAG-1,1,GSE135851::LAM1:TGCACCTTCGAACTGT-1,State_15,15,GSE135851,LAM1,2.4393932819366455
GSE135851::LAM1:CACAGTAAGAGAACAG-1,2,GSE135851::LAM1:CGGACACTCAGAGGTG-1,State_15,15,GSE135851,LAM1,2.5443408489227295
GSE135851::LAM1:CACAGTAAGAGAACAG-1,3,GSE135851::LAM1:TCGAGGCTCGACCAGC-1,State_15,15,GSE135851,LAM1,2.582882881164551
GSE135851::LAM1:CACAGTAAGAGAACAG-1,4,GSE190260::LAM1163:GACGCGTCATCCGGGT-1,State_15,15,GSE190260,LAM1163,2.621213436126709
GSE135851::LAM1:CACAGTAAGAGAACAG-1,5,GSE302356::LAM4:CCCGAAGGTATGGAAT-1,State_16,16,GSE302356,LAM18,2.6544318199157715
GSE135851::LAM1:CACAGTAAGAGAACAG-1,6,GSE190260::LAM1163:CTTACCGCACATGTGT-1,State_15,15,GSE190260,LAM1163,2.7209906578063965
GSE135851::LAM1:CACAGTAAGAGAACAG-1,7,GSE190260::LAM1163:CGCTGGAGTAAGTAGT-1,State_15,15,GSE190260,LAM1163,2.789863348007202
GSE135851::LAM1:CACAGTAAGAGAACAG-1,8,GSE190260::LAM1163:GCGGGTTTCACATAGC-1,State_15,15,GSE190260,LAM1163,2.7921676635742188
GSE135851::LAM1:CACAGTAAGAGAACAG-1,9,GSE135851::LAM1:GCACTCTTCAGGCGAA-1,State_15,15,GSE135851,LAM1,2.8142526149749756
GSE135851::LAM1:CACAGTAAGAGAACAG-1,10,GSE190260::LAM1163:GAGGTGAAGCCAGGAT-1,State_15,15,GSE190260,LAM1163,2.8633389472961426
GSE135851::LAM1:CACAGTAAGAGAACAG-1,11,GSE190260::LAM1163:GCAGCCACAGGTTTCA-1,State_16,16,GSE190260,LAM1163,2.871548891067505
GSE135851::LAM1:CACAGTAAGAGAACAG-1,12,GSE135851::LAM1:CGAGCACCATTATCTC-1,State_15,15,GSE135851,LAM1,2.911614179611206
GSE135851::LAM1:CACAGTAAGAGAACAG-1,13,GSE135851::LAM1:GGGAGATAGCCATCGC-1,State_15,15,GSE135851,LAM1,2.919339895248413
GSE135851::LAM1:CACAGTAAGAGAACAG-1,14,GSE135851::LAM1:TTAACTCGTACTCAAC-1,State_15,15,GSE135851,LAM1,2.970992088317871
GSE135851::LAM1:CACAGTAAGAGAACAG-1,15,GSE135851::LAM1:ATTACTCAGCCACCTG-1,State_15,15,GSE135851,LAM1,2.9759626388549805
GSE135851::LAM1:CACAGTAAGAGAACAG-1,16,GSE190260::LAM1163:TGGACGCTCAAGAAGT-1,State_15,15,GSE190260,LAM1163,2.9811270236968994
GSE135851::LAM1:CACAGTAAGAGAACAG-1,17,GSE135851::LAM1:TATCTCATCAAGCCTA-1,State_15,15,GSE135851,LAM1,3.014375686645508
GSE135851::LAM1:CACAGTAAGAGAACAG-1,18,GSE135851::LAM1:GGCGACTTCGCACTCT-1,State_15,15,GSE135851,LAM1,3.0152711868286133
GSE135851::LAM1:CACAGTAAGAGAACAG-1,19,GSE135851::LAM1:GTGCAGCAGAGGGCTT-1,State_15,15,GSE135851,LAM1,3.0591676235198975
GSE135851::LAM1:CACAGTAAGAGAACAG-1,20,GSE190260::LAM1158:AGCTTGATCGCTTGTC-1,State_18,18,GSE190260,LAM1158,3.073286771774292
GSE135851::LAM1:CACAGTAAGAGAACAG-1,21,GSE135851::LAM1:TGCGCAGGTTCGCTAA-1,State_15,15,GSE135851,LAM1,3.1025710105895996
GSE135851::LAM1:CACAGTAAGAGAACAG-1,22,GSE135851::LAM3:ATGAGGGGTGTGCGTC-1,State_15,15,GSE135851,LAM3,3.140071153640747
GSE135851::LAM1:CACAGTAAGAGAACAG-1,23,GSE190260::LAM1163:CATATTCGTCTCCCTA-1,State_15,15,GSE190260,LAM1163,3.1469078063964844
GSE135851::LAM1:CACAGTAAGAGAACAG-1,24,GSE190260::LAM1163:GTCACAAAGACTTGAA-1,State_15,15,GSE190260,LAM1163,3.1684000492095947
GSE135851::LAM1:CACAGTAAGAGAACAG-1,25,GSE302356::LAM4:ACCACAACATTGCTTT-1,State_16,16,GSE302356,LAM18,3.197052001953125
GSE135851::LAM1:CACAGTAAGAGAACAG-1,26,GSE190260::LAM1163:ACTTGTTTCATCTGTT-1,State_16,16,GSE190260,LAM1163,3.206773519515991
GSE135851::LAM1:CACAGTAAGAGAACAG-1,27,GSE190260::LAM1163:GGGATGATCACAAACC-1,State_15,15,GSE190260,LAM1163,3.2077088356018066
GSE135851::LAM1:CACAGTAAGAGAACAG-1,28,GSE190260::LAM1163:AGAGTGGCATGATCCA-1,State_15,15,GSE190260,LAM1163,3.2118799686431885
GSE135851::LAM1:CACAGTAAGAGAACAG-1,29,GSE190260::LAM1163:CGGCTAGAGTGGTAGC-1,State_15,15,GSE190260,LAM1163,3.2258505821228027
GSE135851::LAM1:CACAGTAAGAGAACAG-1,30,GSE135851::LAM1:GTCTTCGGTTAAGAAC-1,State_15,15,GSE135851,LAM1,3.231106996536255
GSE135851::LAM1:CCACCTACAATGTTGC-1,1,GSE190260::LAM1163:GAGGTGAAGCCAGGAT-1,State_15,15,GSE190260,LAM1163,2.257286787033081
GSE135851::LAM1:CCACCTACAATGTTGC-1,2,GSE135851::LAM1:GTCTTCGGTTAAGAAC-1,State_15,15,GSE135851,LAM1,2.7509613037109375
GSE135851::LAM1:CCACCTACAATGTTGC-1,3,GSE135851::LAM3:TCACGAACAGACGCCT-1,boundary,,GSE135851,LAM3,3.0807912349700928
GSE135851::LAM1:CCACCTACAATGTTGC-1,4,GSE190260::LAM1163:TGGACGCTCAAGAAGT-1,State_15,15,GSE190260,LAM1163,3.1194467544555664
GSE135851::LAM1:CCACCTACAATGTTGC-1,5,GSE190260::LAM1163:CTGAAGTAGGCAAAGA-1,boundary,,GSE190260,LAM1163,3.2596588134765625
GSE135851::LAM1:CCACCTACAATGTTGC-1,6,GSE135851::LAM3:CTACATTGTCATTAGC-1,boundary,,GSE135851,LAM3,3.273444652557373
GSE135851::LAM1:CCACCTACAATGTTGC-1,7,GSE122960::GSE122960_Donor_03:AGGGTGATCTGGCGAC-1,normal,,GSE122960,GSE122960_Donor_03,3.2956061363220215
GSE135851::LAM1:CCACCTACAATGTTGC-1,8,GSE122960::GSE122960_Donor_03:CTGCTGTAGATGAGAG-1,normal,,GSE122960,GSE122960_Donor_03,3.3083033561706543
GSE135851::LAM1:CCACCTACAATGTTGC-1,9,GSE135851::LAM3:GTACTTTCACTACAGT-1,State_15,15,GSE135851,LAM3,3.30959153175354
GSE135851::LAM1:CCACCTACAATGTTGC-1,10,GSE122960::GSE122960_Donor_03:GACGGCTTCCTCAACC-1,normal,,GSE122960,GSE122960_Donor_03,3.3485403060913086
GSE135851::LAM1:CCACCTACAATGTTGC-1,11,GSE122960::GSE122960_Donor_03:CCGTACTGTAGGGTAC-1,normal,,GSE122960,GSE122960_Donor_03,3.373566150665283
GSE135851::LAM1:CCACCTACAATGTTGC-1,12,GSE302356::LAM10:AGCCGCTAGAGGATAT-1,State_16,16,GSE302356,LAM3,3.3819429874420166
GSE135851::LAM1:CCACCTACAATGTTGC-1,13,GSE135851::LAM3:ACACCGGTCAGTCAGT-1,boundary,,GSE135851,LAM3,3.398871660232544
GSE135851::LAM1:CCACCTACAATGTTGC-1,14,GSE122960::GSE122960_Donor_03:CTAACTTGTTTGTTTC-1,normal,,GSE122960,GSE122960_Donor_03,3.4100263118743896
GSE135851::LAM1:CCACCTACAATGTTGC-1,15,GSE302356::LAM4:AGGGCTCCAAGCCTGC-1,boundary,,GSE302356,LAM18,3.421241521835327
GSE135851::LAM1:CCACCTACAATGTTGC-1,16,GSE190260::LAM1164-1:CTGCTGTAGAACTGTA-1,State_15,15,GSE190260,LAM1164,3.4312095642089844
GSE135851::LAM1:CCACCTACAATGTTGC-1,17,GSE190260::LAM1163:CAGATCAGTATCACCA-1,State_15,15,GSE190260,LAM1163,3.444068670272827
GSE135851::LAM1:CCACCTACAATGTTGC-1,18,GSE302356::LAM4:GGAAGTGTCATGGGAG-1,State_16,16,GSE302356,LAM18,3.5312187671661377
GSE135851::LAM1:CCACCTACAATGTTGC-1,19,GSE190260::LAM1163:GATGAGGGTTAGAACA-1,boundary,,GSE190260,LAM1163,3.5337162017822266
GSE135851::LAM1:CCACCTACAATGTTGC-1,20,GSE135851::LAM1:CACAGTAAGAGAACAG-1,State_15,15,GSE135851,LAM1,3.541266918182373
GSE135851::LAM1:CCACCTACAATGTTGC-1,21,GSE122960::GSE122960_Donor_04:TCTGAGAAGACGCAAC-1,normal,,GSE122960,GSE122960_Donor_04,3.553562641143799
GSE135851::LAM1:CCACCTACAATGTTGC-1,22,GSE135851::LAM1:GACCTGGTCTTACCGC-1,boundary,,GSE135851,LAM1,3.5661463737487793
GSE135851::LAM1:CCACCTACAATGTTGC-1,23,GSE135851::LAM1:GTGCAGCAGAGGGCTT-1,State_15,15,GSE135851,LAM1,3.5661673545837402
GSE135851::LAM1:CCACCTACAATGTTGC-1,24,GSE122960::GSE122960_Donor_07:ACCTTTATCCTACAGA-1,normal,,GSE122960,GSE122960_Donor_07,3.5718576908111572
GSE135851::LAM1:CCACCTACAATGTTGC-1,25,GSE302356::LAM10:ATTCCGGAGGGATGCG-1,State_5,5,GSE302356,LAM3,3.572566270828247
GSE135851::LAM1:CCACCTACAATGTTGC-1,26,GSE122960::GSE122960_Donor_03:TCATTACAGGGTGTTG-1,normal,,GSE122960,GSE122960_Donor_03,3.5764317512512207
GSE135851::LAM1:CCACCTACAATGTTGC-1,27,GSE135851::LAM3:TTAACTCCACAAGTAA-1,boundary,,GSE135851,LAM3,3.6011502742767334
GSE135851::LAM1:CCACCTACAATGTTGC-1,28,GSE302356::LAM4:CGGGTCAAGGCCACCT-1,boundary,,GSE302356,LAM18,3.608131170272827
GSE135851::LAM1:CCACCTACAATGTTGC-1,29,GSE122960::GSE122960_Donor_03:CGATGGCAGCGTGAGT-1,normal,,GSE122960,GSE122960_Donor_03,3.6382555961608887
GSE135851::LAM1:CCACCTACAATGTTGC-1,30,GSE190260::LAM1163:CCACCTATCCTACAGA-1,boundary,,GSE190260,LAM1163,3.651951789855957
GSE135851::LAM1:CCTATTACACGAGGTA-1,1,GSE135851::LAM1:ATTACTCAGCCACCTG-1,State_15,15,GSE135851,LAM1,2.3463141918182373
GSE135851::LAM1:CCTATTACACGAGGTA-1,2,GSE135851::LAM1:TGCACCTTCGAACTGT-1,State_15,15,GSE135851,LAM1,2.5648903846740723
GSE135851::LAM1:CCTATTACACGAGGTA-1,3,GSE190260::LAM1158:CACACAAAGTGTACGG-1,State_15,15,GSE190260,LAM1158,2.8503923416137695
GSE135851::LAM1:CCTATTACACGAGGTA-1,4,GSE190260::LAM1158:CAGCTAAGTGTCAATC-1,State_15,15,GSE190260,LAM1158,2.9051873683929443
GSE135851::LAM1:CCTATTACACGAGGTA-1,5,GSE190260::LAM1163:GAAATGACATGGGACA-1,State_15,15,GSE190260,LAM1163,2.9569733142852783
GSE135851::LAM1:CCTATTACACGAGGTA-1,6,GSE135851::LAM1:CGGACACTCAGAGGTG-1,State_15,15,GSE135851,LAM1,3.141936779022217
GSE135851::LAM1:CCTATTACACGAGGTA-1,7,GSE135851::LAM1:GGGAGATAGCCATCGC-1,State_15,15,GSE135851,LAM1,3.1877541542053223
GSE135851::LAM1:CCTATTACACGAGGTA-1,8,GSE135851::LAM1:TCGAGGCTCGACCAGC-1,State_15,15,GSE135851,LAM1,3.203674793243408
GSE135851::LAM1:CCTATTACACGAGGTA-1,9,GSE190260::LAM1163:TGGACGCTCAAGAAGT-1,State_15,15,GSE190260,LAM1163,3.251692533493042
GSE135851::LAM1:CCTATTACACGAGGTA-1,10,GSE135851::LAM1:TTGGCAAAGAATCTCC-1,State_15,15,GSE135851,LAM1,3.273135185241699
GSE135851::LAM1:CCTATTACACGAGGTA-1,11,GSE135851::LAM1:CACAGTAAGAGAACAG-1,State_15,15,GSE135851,LAM1,3.2896299362182617
GSE135851::LAM1:CCTATTACACGAGGTA-1,12,GSE190260::LAM1158:CCAATCCGTCCTGCTT-1,State_15,15,GSE190260,LAM1158,3.3076183795928955
GSE135851::LAM1:CCTATTACACGAGGTA-1,13,GSE190260::LAM1163:ACATGGTCATCGATTG-1,State_15,15,GSE190260,LAM1163,3.332204580307007
GSE135851::LAM1:CCTATTACACGAGGTA-1,14,GSE135851::LAM1:CGAGCACCATTATCTC-1,State_15,15,GSE135851,LAM1,3.3648898601531982
GSE135851::LAM1:CCTATTACACGAGGTA-1,15,GSE135851::LAM1:GCACTCTTCAGGCGAA-1,State_15,15,GSE135851,LAM1,3.372606039047241
GSE135851::LAM1:CCTATTACACGAGGTA-1,16,GSE190260::LAM1163:GGGATGATCACAAACC-1,State_15,15,GSE190260,LAM1163,3.3886730670928955
GSE135851::LAM1:CCTATTACACGAGGTA-1,17,GSE190260::LAM1163:CGCTGGAGTAAGTAGT-1,State_15,15,GSE190260,LAM1163,3.402728319168091
GSE135851::LAM1:CCTATTACACGAGGTA-1,18,GSE190260::LAM1163:ATCCACCTCTTGTCAT-1,State_15,15,GSE190260,LAM1163,3.413264036178589
GSE135851::LAM1:CCTATTACACGAGGTA-1,19,GSE190260::LAM1163:CAGATCAGTATCACCA-1,State_15,15,GSE190260,LAM1163,3.5425126552581787
GSE135851::LAM1:CCTATTACACGAGGTA-1,20,GSE190260::LAM1163:TACGGTATCACCTTAT-1,State_15,15,GSE190260,LAM1163,3.576885461807251
GSE135851::LAM1:CCTATTACACGAGGTA-1,21,GSE190260::LAM1163:GACGCGTCATCCGGGT-1,State_15,15,GSE190260,LAM1163,3.5963637828826904
GSE135851::LAM1:CCTATTACACGAGGTA-1,22,GSE190260::LAM1158:CTCATTAGTCGGGTCT-1,State_15,15,GSE190260,LAM1158,3.650367259979248
GSE135851::LAM1:CCTATTACACGAGGTA-1,23,GSE135851::LAM1:TTAACTCGTACTCAAC-1,State_15,15,GSE135851,LAM1,3.653416872024536
GSE135851::LAM1:CCTATTACACGAGGTA-1,24,GSE190260::LAM1163:GCGGGTTTCACATAGC-1,State_15,15,GSE190260,LAM1163,3.708078145980835
GSE135851::LAM1:CCTATTACACGAGGTA-1,25,GSE190260::LAM1163:CATCAAGCAATACGCT-1,State_15,15,GSE190260,LAM1163,3.757781505584717
GSE135851::LAM1:CCTATTACACGAGGTA-1,26,GSE190260::LAM1163:GAGGTGAAGCCAGGAT-1,State_15,15,GSE190260,LAM1163,3.8407294750213623
GSE135851::LAM1:CCTATTACACGAGGTA-1,27,GSE190260::LAM1163:TATCTCAAGAGACTAT-1,State_15,15,GSE190260,LAM1163,3.8970091342926025
GSE135851::LAM1:CCTATTACACGAGGTA-1,28,GSE190260::LAM1163:CGGAGCTAGAGAACAG-1,State_15,15,GSE190260,LAM1163,3.934885263442993
GSE135851::LAM1:CCTATTACACGAGGTA-1,29,GSE135851::LAM1:GTGCAGCAGAGGGCTT-1,State_15,15,GSE135851,LAM1,3.9369430541992188
GSE135851::LAM1:CCTATTACACGAGGTA-1,30,GSE190260::LAM1163:CGCTGGACAAGTTCTG-1,State_15,15,GSE190260,LAM1163,3.976869821548462
GSE135851::LAM1:CGAGAAGCACTTGGAT-1,1,GSE135851::LAM1:ACACTGATCCTTGCCA-1,State_15,15,GSE135851,LAM1,1.2189327478408813
GSE135851::LAM1:CGAGAAGCACTTGGAT-1,2,GSE135851::LAM3:CGTAGGCGTACTCAAC-1,State_15,15,GSE135851,LAM3,2.3221523761749268
GSE135851::LAM1:CGAGAAGCACTTGGAT-1,3,GSE190260::LAM1163:AGCTCCTGTCAAAGCG-1,State_15,15,GSE190260,LAM1163,2.3309667110443115
GSE135851::LAM1:CGAGAAGCACTTGGAT-1,4,GSE135851::LAM3:CTCGAAAGTCGCCATG-1,State_15,15,GSE135851,LAM3,2.360443353652954
GSE135851::LAM1:CGAGAAGCACTTGGAT-1,5,GSE190260::LAM1163:AGAGTGGCATGATCCA-1,State_15,15,GSE190260,LAM1163,2.620408773422241
GSE135851::LAM1:CGAGAAGCACTTGGAT-1,6,GSE135851::LAM1:GGCGACTTCGCACTCT-1,State_15,15,GSE135851,LAM1,2.6459178924560547
GSE135851::LAM1:CGAGAAGCACTTGGAT-1,7,GSE135851::LAM3:CGTCACTCAGGCTCAC-1,State_15,15,GSE135851,LAM3,2.650754451751709
GSE135851::LAM1:CGAGAAGCACTTGGAT-1,8,GSE135851::LAM3:TCGTACCAGGGATCTG-1,State_15,15,GSE135851,LAM3,2.7012410163879395
GSE135851::LAM1:CGAGAAGCACTTGGAT-1,9,GSE190260::LAM1163:AGAGCTTCACGTTGGC-1,State_15,15,GSE190260,LAM1163,2.705792188644409
GSE135851::LAM1:CGAGAAGCACTTGGAT-1,10,GSE190260::LAM1163:GCACTCTCATCCGGGT-1,State_15,15,GSE190260,LAM1163,2.720046043395996
GSE135851::LAM1:CGAGAAGCACTTGGAT-1,11,GSE190260::LAM1163:GGTGCGTTCTGTACGA-1,State_15,15,GSE190260,LAM1163,2.723771572113037
GSE135851::LAM1:CGAGAAGCACTTGGAT-1,12,GSE135851::LAM3:CCAATCCGTAGCTGCC-1,State_15,15,GSE135851,LAM3,2.7388663291931152
GSE135851::LAM1:CGAGAAGCACTTGGAT-1,13,GSE135851::LAM3:CACAAACCAATAGCGG-1,State_15,15,GSE135851,LAM3,2.742781400680542
GSE135851::LAM1:CGAGAAGCACTTGGAT-1,14,GSE190260::LAM1163:CGTCTACGTTTGTTGG-1,State_15,15,GSE190260,LAM1163,2.7436838150024414
GSE135851::LAM1:CGAGAAGCACTTGGAT-1,15,GSE190260::LAM1163:TGACGGCAGTGGCACA-1,State_15,15,GSE190260,LAM1163,2.746988534927368
GSE135851::LAM1:CGAGAAGCACTTGGAT-1,16,GSE190260::LAM1163:TTAGGACGTCGGATCC-1,State_15,15,GSE190260,LAM1163,2.7489211559295654
GSE135851::LAM1:CGAGAAGCACTTGGAT-1,17,GSE190260::LAM1163:CTCTGGTCATCCCACT-1,State_15,15,GSE190260,LAM1163,2.7524960041046143
GSE135851::LAM1:CGAGAAGCACTTGGAT-1,18,GSE190260::LAM1163:AAAGCAACAAGAGTCG-1,State_15,15,GSE190260,LAM1163,2.755681037902832
GSE135851::LAM1:CGAGAAGCACTTGGAT-1,19,GSE190260::LAM1163:CATCAGACAAGAAAGG-1,State_15,15,GSE190260,LAM1163,2.7560086250305176
GSE135851::LAM1:CGAGAAGCACTTGGAT-1,20,GSE190260::LAM1163:GAATGAAGTACTCGCG-1,State_16,16,GSE190260,LAM1163,2.7642529010772705
GSE135851::LAM1:CGAGAAGCACTTGGAT-1,21,GSE190260::LAM1163:TTGGAACTCGGCGGTT-1,State_15,15,GSE190260,LAM1163,2.7653541564941406
GSE135851::LAM1:CGAGAAGCACTTGGAT-1,22,GSE190260::LAM1163:GACTACATCGAGGTAG-1,State_15,15,GSE190260,LAM1163,2.792997121810913
GSE135851::LAM1:CGAGAAGCACTTGGAT-1,23,GSE135851::LAM3:CCACGGAAGGCAATTA-1,State_15,15,GSE135851,LAM3,2.820739984512329
GSE135851::LAM1:CGAGAAGCACTTGGAT-1,24,GSE190260::LAM1163:CATATGGTCGCCCTTA-1,State_15,15,GSE190260,LAM1163,2.8250985145568848
GSE135851::LAM1:CGAGAAGCACTTGGAT-1,25,GSE135851::LAM1:TATCTCATCAAGCCTA-1,State_15,15,GSE135851,LAM1,2.8530352115631104
GSE135851::LAM1:CGAGAAGCACTTGGAT-1,26,GSE190260::LAM1163:ATGGGAGGTAATAGCA-1,State_15,15,GSE190260,LAM1163,2.8730039596557617
GSE135851::LAM1:CGAGAAGCACTTGGAT-1,27,GSE135851::LAM3:TTGACTTGTAGCGCAA-1,State_16,16,GSE135851,LAM3,2.884469747543335
GSE135851::LAM1:CGAGAAGCACTTGGAT-1,28,GSE190260::LAM1163:GACTAACGTTGTGGCC-1,State_15,15,GSE190260,LAM1163,2.8969743251800537
GSE135851::LAM1:CGAGAAGCACTTGGAT-1,29,GSE190260::LAM1163:TCGAGGCAGACTAGAT-1,State_15,15,GSE190260,LAM1163,2.9143612384796143
GSE135851::LAM1:CGAGAAGCACTTGGAT-1,30,GSE190260::LAM1163:TGCGCAGCAAGGCTCC-1,State_15,15,GSE190260,LAM1163,2.9184975624084473
GSE135851::LAM1:CGAGCACCATTATCTC-1,1,GSE135851::LAM1:TTAACTCGTACTCAAC-1,State_15,15,GSE135851,LAM1,1.73892080783844
GSE135851::LAM1:CGAGCACCATTATCTC-1,2,GSE135851::LAM1:GGCGACTTCGCACTCT-1,State_15,15,GSE135851,LAM1,1.8208210468292236
GSE135851::LAM1:CGAGCACCATTATCTC-1,3,GSE135851::LAM1:ATTACTCAGCCACCTG-1,State_15,15,GSE135851,LAM1,1.8958590030670166
GSE135851::LAM1:CGAGCACCATTATCTC-1,4,GSE135851::LAM1:ATGCGATGTCCGCTGA-1,State_15,15,GSE135851,LAM1,1.89683997631073
GSE135851::LAM1:CGAGCACCATTATCTC-1,5,GSE135851::LAM1:GGGAGATAGCCATCGC-1,State_15,15,GSE135851,LAM1,1.9293155670166016
GSE135851::LAM1:CGAGCACCATTATCTC-1,6,GSE190260::LAM1163:GGGATGATCACAAACC-1,State_15,15,GSE190260,LAM1163,1.9793057441711426
GSE135851::LAM1:CGAGCACCATTATCTC-1,7,GSE135851::LAM1:TCGAGGCTCGACCAGC-1,State_15,15,GSE135851,LAM1,2.0755436420440674
GSE135851::LAM1:CGAGCACCATTATCTC-1,8,GSE190260::LAM1163:GAAATGACATGGGACA-1,State_15,15,GSE190260,LAM1163,2.092210531234741
GSE135851::LAM1:CGAGCACCATTATCTC-1,9,GSE135851::LAM1:TGCACCTTCGAACTGT-1,State_15,15,GSE135851,LAM1,2.1621100902557373
GSE135851::LAM1:CGAGCACCATTATCTC-1,10,GSE190260::LAM1163:CGCTGGACAAGTTCTG-1,State_15,15,GSE190260,LAM1163,2.2056024074554443
GSE135851::LAM1:CGAGCACCATTATCTC-1,11,GSE190260::LAM1163:GACGCGTCATCCGGGT-1,State_15,15,GSE190260,LAM1163,2.2743847370147705
GSE135851::LAM1:CGAGCACCATTATCTC-1,12,GSE190260::LAM1163:CGCTGGAGTAAGTAGT-1,State_15,15,GSE190260,LAM1163,2.329679012298584
GSE135851::LAM1:CGAGCACCATTATCTC-1,13,GSE190260::LAM1163:CATATTCGTCTCCCTA-1,State_15,15,GSE190260,LAM1163,2.615178346633911
GSE135851::LAM1:CGAGCACCATTATCTC-1,14,GSE135851::LAM1:CGGACACTCAGAGGTG-1,State_15,15,GSE135851,LAM1,2.649322986602783
GSE135851::LAM1:CGAGCACCATTATCTC-1,15,GSE190260::LAM1163:ATCCACCTCTTGTCAT-1,State_15,15,GSE190260,LAM1163,2.682196855545044
GSE135851::LAM1:CGAGCACCATTATCTC-1,16,GSE190260::LAM1163:CTGATCCTCGCTTAGA-1,State_15,15,GSE190260,LAM1163,2.699375867843628
GSE135851::LAM1:CGAGCACCATTATCTC-1,17,GSE190260::LAM1163:CATATGGTCGCCCTTA-1,State_15,15,GSE190260,LAM1163,2.8465769290924072
GSE135851::LAM1:CGAGCACCATTATCTC-1,18,GSE190260::LAM1163:AAGACCTTCCCTTGCA-1,State_15,15,GSE190260,LAM1163,2.85154390335083
GSE135851::LAM1:CGAGCACCATTATCTC-1,19,GSE190260::LAM1158:CAGCTAAGTGTCAATC-1,State_15,15,GSE190260,LAM1158,2.8968396186828613
GSE135851::LAM1:CGAGCACCATTATCTC-1,20,GSE190260::LAM1163:TCGTACCCAAGCCGTC-1,State_15,15,GSE190260,LAM1163,2.899388074874878
GSE135851::LAM1:CGAGCACCATTATCTC-1,21,GSE190260::LAM1163:AGGGAGTCACTCTGTC-1,State_16,16,GSE190260,LAM1163,2.904689311981201
GSE135851::LAM1:CGAGCACCATTATCTC-1,22,GSE135851::LAM1:CACAGTAAGAGAACAG-1,State_15,15,GSE135851,LAM1,2.911614179611206
GSE135851::LAM1:CGAGCACCATTATCTC-1,23,GSE190260::LAM1163:AGAGTGGCATGATCCA-1,State_15,15,GSE190260,LAM1163,2.9408349990844727
GSE135851::LAM1:CGAGCACCATTATCTC-1,24,GSE190260::LAM1163:TCAGGATGTGACAAAT-1,State_15,15,GSE190260,LAM1163,2.9516782760620117
GSE135851::LAM1:CGAGCACCATTATCTC-1,25,GSE135851::LAM1:TGCCCTAGTCCATGAT-1,State_16,16,GSE135851,LAM1,2.960052013397217
GSE135851::LAM1:CGAGCACCATTATCTC-1,26,GSE190260::LAM1163:GAGGTGAAGCCAGGAT-1,State_15,15,GSE190260,LAM1163,2.9680612087249756
GSE135851::LAM1:CGAGCACCATTATCTC-1,27,GSE190260::LAM1163:TACGGATTCTATCCTA-1,State_15,15,GSE190260,LAM1163,2.987109899520874
GSE135851::LAM1:CGAGCACCATTATCTC-1,28,GSE190260::LAM1163:CAGATCAGTATCACCA-1,State_15,15,GSE190260,LAM1163,2.995537281036377
GSE135851::LAM1:CGAGCACCATTATCTC-1,29,GSE190260::LAM1158:CACACAAAGTGTACGG-1,State_15,15,GSE190260,LAM1158,2.996732473373413
GSE135851::LAM1:CGAGCACCATTATCTC-1,30,GSE190260::LAM1163:CGGAGCTAGAGAACAG-1,State_15,15,GSE190260,LAM1163,3.005221366882324
GSE135851::LAM1:CGGACACTCAGAGGTG-1,1,GSE190260::LAM1163:GCGGGTTTCACATAGC-1,State_15,15,GSE190260,LAM1163,1.4317235946655273
GSE135851::LAM1:CGGACACTCAGAGGTG-1,2,GSE190260::LAM1163:TCGTACCCAAGCCGTC-1,State_15,15,GSE190260,LAM1163,1.5201925039291382
GSE135851::LAM1:CGGACACTCAGAGGTG-1,3,GSE190260::LAM1163:GACGCGTCATCCGGGT-1,State_15,15,GSE190260,LAM1163,1.5363329648971558
GSE135851::LAM1:CGGACACTCAGAGGTG-1,4,GSE190260::LAM1163:GGGATGATCACAAACC-1,State_15,15,GSE190260,LAM1163,1.7771766185760498
GSE135851::LAM1:CGGACACTCAGAGGTG-1,5,GSE190260::LAM1163:CATCAAGCAATACGCT-1,State_15,15,GSE190260,LAM1163,1.8841397762298584
GSE135851::LAM1:CGGACACTCAGAGGTG-1,6,GSE135851::LAM1:TGCACCTTCGAACTGT-1,State_15,15,GSE135851,LAM1,1.9758026599884033
GSE135851::LAM1:CGGACACTCAGAGGTG-1,7,GSE190260::LAM1163:TGGACGCTCAAGAAGT-1,State_15,15,GSE190260,LAM1163,1.9887584447860718
GSE135851::LAM1:CGGACACTCAGAGGTG-1,8,GSE135851::LAM1:TCGAGGCTCGACCAGC-1,State_15,15,GSE135851,LAM1,2.0055980682373047
GSE135851::LAM1:CGGACACTCAGAGGTG-1,9,GSE190260::LAM1163:TACGGTATCACCTTAT-1,State_15,15,GSE190260,LAM1163,2.0310683250427246
GSE135851::LAM1:CGGACACTCAGAGGTG-1,10,GSE135851::LAM1:TTGGCAAAGAATCTCC-1,State_15,15,GSE135851,LAM1,2.043947458267212
GSE135851::LAM1:CGGACACTCAGAGGTG-1,11,GSE190260::LAM1163:GTCACAAAGACTTGAA-1,State_15,15,GSE190260,LAM1163,2.1236026287078857
GSE135851::LAM1:CGGACACTCAGAGGTG-1,12,GSE190260::LAM1163:CAGATCAGTATCACCA-1,State_15,15,GSE190260,LAM1163,2.155982494354248
GSE135851::LAM1:CGGACACTCAGAGGTG-1,13,GSE190260::LAM1163:CGCTGGAGTAAGTAGT-1,State_15,15,GSE190260,LAM1163,2.1829781532287598
GSE135851::LAM1:CGGACACTCAGAGGTG-1,14,GSE190260::LAM1163:ATCCACCTCTTGTCAT-1,State_15,15,GSE190260,LAM1163,2.1876022815704346
GSE135851::LAM1:CGGACACTCAGAGGTG-1,15,GSE190260::LAM1163:TATCTCAAGAGACTAT-1,State_15,15,GSE190260,LAM1163,2.217787027359009
GSE135851::LAM1:CGGACACTCAGAGGTG-1,16,GSE190260::LAM1163:ACAGCCGAGGACTGGT-1,State_15,15,GSE190260,LAM1163,2.29089093208313
GSE135851::LAM1:CGGACACTCAGAGGTG-1,17,GSE190260::LAM1163:CGGCTAGAGTGGTAGC-1,State_15,15,GSE190260,LAM1163,2.325442314147949
GSE135851::LAM1:CGGACACTCAGAGGTG-1,18,GSE190260::LAM1163:GACTAACGTTGTGGCC-1,State_15,15,GSE190260,LAM1163,2.326327085494995
GSE135851::LAM1:CGGACACTCAGAGGTG-1,19,GSE135851::LAM1:ATGTGTGCAGACAAGC-1,State_15,15,GSE135851,LAM1,2.3344266414642334
GSE135851::LAM1:CGGACACTCAGAGGTG-1,20,GSE190260::LAM1163:TGCGCAGTCTCTAAGG-1,State_15,15,GSE190260,LAM1163,2.3621890544891357
GSE135851::LAM1:CGGACACTCAGAGGTG-1,21,GSE190260::LAM1163:CTGATCCTCGCTTAGA-1,State_15,15,GSE190260,LAM1163,2.3679189682006836
GSE135851::LAM1:CGGACACTCAGAGGTG-1,22,GSE190260::LAM1163:AAGACCTTCCCTTGCA-1,State_15,15,GSE190260,LAM1163,2.3783562183380127
GSE135851::LAM1:CGGACACTCAGAGGTG-1,23,GSE190260::LAM1163:AGCTCCTGTCAAAGCG-1,State_15,15,GSE190260,LAM1163,2.4530467987060547
GSE135851::LAM1:CGGACACTCAGAGGTG-1,24,GSE190260::LAM1163:ACATGGTCATCGATTG-1,State_15,15,GSE190260,LAM1163,2.4540281295776367
GSE135851::LAM1:CGGACACTCAGAGGTG-1,25,GSE135851::LAM1:GGGAGATAGCCATCGC-1,State_15,15,GSE135851,LAM1,2.461468458175659
GSE135851::LAM1:CGGACACTCAGAGGTG-1,26,GSE135851::LAM1:TATCTCATCAAGCCTA-1,State_15,15,GSE135851,LAM1,2.5143845081329346
GSE135851::LAM1:CGGACACTCAGAGGTG-1,27,GSE135851::LAM1:TGCGCAGGTTCGCTAA-1,State_15,15,GSE135851,LAM1,2.515192747116089
GSE135851::LAM1:CGGACACTCAGAGGTG-1,28,GSE135851::LAM1:CACAGTAAGAGAACAG-1,State_15,15,GSE135851,LAM1,2.5443408489227295
GSE135851::LAM1:CGGACACTCAGAGGTG-1,29,GSE190260::LAM1163:TCACAAGCAAAGTCAA-1,State_15,15,GSE190260,LAM1163,2.5465753078460693
GSE135851::LAM1:CGGACACTCAGAGGTG-1,30,GSE190260::LAM1163:CATATTCGTCTCCCTA-1,State_15,15,GSE190260,LAM1163,2.5604779720306396
GSE135851::LAM1:GCACTCTTCAGGCGAA-1,1,GSE190260::LAM1163:ACATGGTCATCGATTG-1,State_15,15,GSE190260,LAM1163,1.8968530893325806
GSE135851::LAM1:GCACTCTTCAGGCGAA-1,2,GSE135851::LAM1:TCGAGGCTCGACCAGC-1,State_15,15,GSE135851,LAM1,2.0025038719177246
GSE135851::LAM1:GCACTCTTCAGGCGAA-1,3,GSE135851::LAM1:TTGGCAAAGAATCTCC-1,State_15,15,GSE135851,LAM1,2.2967007160186768
GSE135851::LAM1:GCACTCTTCAGGCGAA-1,4,GSE135851::LAM1:GTTTCTACATTGTGCA-1,State_15,15,GSE135851,LAM1,2.3229994773864746
GSE135851::LAM1:GCACTCTTCAGGCGAA-1,5,GSE135851::LAM1:TGCGCAGGTTCGCTAA-1,State_15,15,GSE135851,LAM1,2.415358304977417
GSE135851::LAM1:GCACTCTTCAGGCGAA-1,6,GSE190260::LAM1158:CTAAGACAGTCTCGGC-1,State_15,15,GSE190260,LAM1158,2.422645092010498
GSE135851::LAM1:GCACTCTTCAGGCGAA-1,7,GSE190260::LAM1163:GACGCGTCATCCGGGT-1,State_15,15,GSE190260,LAM1163,2.56988787651062
GSE135851::LAM1:GCACTCTTCAGGCGAA-1,8,GSE135851::LAM1:GGCGACTTCGCACTCT-1,State_15,15,GSE135851,LAM1,2.5857908725738525
GSE135851::LAM1:GCACTCTTCAGGCGAA-1,9,GSE190260::LAM1158:CCAATCCGTCCTGCTT-1,State_15,15,GSE190260,LAM1158,2.6513171195983887
GSE135851::LAM1:GCACTCTTCAGGCGAA-1,10,GSE135851::LAM1:TTAACTCGTACTCAAC-1,State_15,15,GSE135851,LAM1,2.684359073638916
GSE135851::LAM1:GCACTCTTCAGGCGAA-1,11,GSE190260::LAM1163:TCAGGATGTGACAAAT-1,State_15,15,GSE190260,LAM1163,2.696869373321533
GSE135851::LAM1:GCACTCTTCAGGCGAA-1,12,GSE190260::LAM1163:CATCAAGCAATACGCT-1,State_15,15,GSE190260,LAM1163,2.7249889373779297
GSE135851::LAM1:GCACTCTTCAGGCGAA-1,13,GSE190260::LAM1163:GCGGGTTTCACATAGC-1,State_15,15,GSE190260,LAM1163,2.7636821269989014
GSE135851::LAM1:GCACTCTTCAGGCGAA-1,14,GSE190260::LAM1163:AGCTCCTGTCAAAGCG-1,State_15,15,GSE190260,LAM1163,2.773922920227051
GSE135851::LAM1:GCACTCTTCAGGCGAA-1,15,GSE190260::LAM1163:AGAGTGGCATGATCCA-1,State_15,15,GSE190260,LAM1163,2.809927225112915
GSE135851::LAM1:GCACTCTTCAGGCGAA-1,16,GSE135851::LAM3:CACAAACCAATAGCGG-1,State_15,15,GSE135851,LAM3,2.8133296966552734
GSE135851::LAM1:GCACTCTTCAGGCGAA-1,17,GSE135851::LAM1:CACAGTAAGAGAACAG-1,State_15,15,GSE135851,LAM1,2.8142526149749756
GSE135851::LAM1:GCACTCTTCAGGCGAA-1,18,GSE190260::LAM1163:CGGAGCTAGAGAACAG-1,State_15,15,GSE190260,LAM1163,2.8345539569854736
GSE135851::LAM1:GCACTCTTCAGGCGAA-1,19,GSE190260::LAM1163:GGGTTGCGTCAGAATA-1,State_15,15,GSE190260,LAM1163,2.8363547325134277
GSE135851::LAM1:GCACTCTTCAGGCGAA-1,20,GSE135851::LAM1:ATGTGTGCAGACAAGC-1,State_15,15,GSE135851,LAM1,2.8439548015594482
GSE135851::LAM1:GCACTCTTCAGGCGAA-1,21,GSE135851::LAM1:TGCACCTTCGAACTGT-1,State_15,15,GSE135851,LAM1,2.8536272048950195
GSE135851::LAM1:GCACTCTTCAGGCGAA-1,22,GSE190260::LAM1163:CAGATCAGTATCACCA-1,State_15,15,GSE190260,LAM1163,2.8586771488189697
GSE135851::LAM1:GCACTCTTCAGGCGAA-1,23,GSE135851::LAM1:TATCTCATCAAGCCTA-1,State_15,15,GSE135851,LAM1,2.8611531257629395
GSE135851::LAM1:GCACTCTTCAGGCGAA-1,24,GSE135851::LAM1:GTGCAGCAGAGGGCTT-1,State_15,15,GSE135851,LAM1,2.8754723072052
GSE135851::LAM1:GCACTCTTCAGGCGAA-1,25,GSE190260::LAM1163:TTAGGACGTCGGATCC-1,State_15,15,GSE190260,LAM1163,2.877075433731079
GSE135851::LAM1:GCACTCTTCAGGCGAA-1,26,GSE190260::LAM1163:CTGATCCTCGCTTAGA-1,State_15,15,GSE190260,LAM1163,2.8815696239471436
GSE135851::LAM1:GCACTCTTCAGGCGAA-1,27,GSE135851::LAM1:CGGACACTCAGAGGTG-1,State_15,15,GSE135851,LAM1,2.911320686340332
GSE135851::LAM1:GCACTCTTCAGGCGAA-1,28,GSE190260::LAM1163:GGGATGATCACAAACC-1,State_15,15,GSE190260,LAM1163,2.912646770477295
GSE135851::LAM1:GCACTCTTCAGGCGAA-1,29,GSE190260::LAM1163:TTCTCAAAGTCCGTAT-1,State_15,15,GSE190260,LAM1163,2.921356201171875
GSE135851::LAM1:GCACTCTTCAGGCGAA-1,30,GSE190260::LAM1163:CGCTGGAGTAAGTAGT-1,State_15,15,GSE190260,LAM1163,2.9477059841156006
GSE135851::LAM1:GGCGACTTCGCACTCT-1,1,GSE135851::LAM1:ATGCGATGTCCGCTGA-1,State_15,15,GSE135851,LAM1,1.4698017835617065
GSE135851::LAM1:GGCGACTTCGCACTCT-1,2,GSE135851::LAM1:TTAACTCGTACTCAAC-1,State_15,15,GSE135851,LAM1,1.7277185916900635
GSE135851::LAM1:GGCGACTTCGCACTCT-1,3,GSE135851::LAM1:CGAGCACCATTATCTC-1,State_15,15,GSE135851,LAM1,1.8208210468292236
GSE135851::LAM1:GGCGACTTCGCACTCT-1,4,GSE135851::LAM3:CTCGAAAGTCGCCATG-1,State_15,15,GSE135851,LAM3,1.8277713060379028
GSE135851::LAM1:GGCGACTTCGCACTCT-1,5,GSE135851::LAM1:TCGAGGCTCGACCAGC-1,State_15,15,GSE135851,LAM1,1.9628857374191284
GSE135851::LAM1:GGCGACTTCGCACTCT-1,6,GSE190260::LAM1163:GGGATGATCACAAACC-1,State_15,15,GSE190260,LAM1163,2.191781759262085
GSE135851::LAM1:GGCGACTTCGCACTCT-1,7,GSE190260::LAM1163:GACGCGTCATCCGGGT-1,State_15,15,GSE190260,LAM1163,2.2511038780212402
GSE135851::LAM1:GGCGACTTCGCACTCT-1,8,GSE190260::LAM1163:AGAGCTTCACGTTGGC-1,State_15,15,GSE190260,LAM1163,2.2982962131500244
GSE135851::LAM1:GGCGACTTCGCACTCT-1,9,GSE190260::LAM1163:TTAGGACGTCGGATCC-1,State_15,15,GSE190260,LAM1163,2.302166700363159
GSE135851::LAM1:GGCGACTTCGCACTCT-1,10,GSE190260::LAM1158:CTAAGACAGTCTCGGC-1,State_15,15,GSE190260,LAM1158,2.310589075088501
GSE135851::LAM1:GGCGACTTCGCACTCT-1,11,GSE190260::LAM1163:CGCTGGAGTAAGTAGT-1,State_15,15,GSE190260,LAM1163,2.31304669380188
GSE135851::LAM1:GGCGACTTCGCACTCT-1,12,GSE190260::LAM1163:TCAGGATGTGACAAAT-1,State_15,15,GSE190260,LAM1163,2.358226776123047
GSE135851::LAM1:GGCGACTTCGCACTCT-1,13,GSE190260::LAM1163:CATATGGTCGCCCTTA-1,State_15,15,GSE190260,LAM1163,2.371260404586792
GSE135851::LAM1:GGCGACTTCGCACTCT-1,14,GSE190260::LAM1163:CGCTGGACAAGTTCTG-1,State_15,15,GSE190260,LAM1163,2.3716061115264893
GSE135851::LAM1:GGCGACTTCGCACTCT-1,15,GSE190260::LAM1163:ACATACGCACTGTTAG-1,State_16,16,GSE190260,LAM1163,2.3722453117370605
GSE135851::LAM1:GGCGACTTCGCACTCT-1,16,GSE135851::LAM3:CCTTTCTCACAGGTTT-1,State_16,16,GSE135851,LAM3,2.380699396133423
GSE135851::LAM1:GGCGACTTCGCACTCT-1,17,GSE190260::LAM1163:TGAGCATCAGACAGGT-1,State_16,16,GSE190260,LAM1163,2.3833742141723633
GSE135851::LAM1:GGCGACTTCGCACTCT-1,18,GSE190260::LAM1163:CTGATCCTCGCTTAGA-1,State_15,15,GSE190260,LAM1163,2.3945415019989014
GSE135851::LAM1:GGCGACTTCGCACTCT-1,19,GSE190260::LAM1163:AGAGTGGCATGATCCA-1,State_15,15,GSE190260,LAM1163,2.3961102962493896
GSE135851::LAM1:GGCGACTTCGCACTCT-1,20,GSE135851::LAM1:GTTTCTACATTGTGCA-1,State_15,15,GSE135851,LAM1,2.4307687282562256
GSE135851::LAM1:GGCGACTTCGCACTCT-1,21,GSE135851::LAM3:TGAGGGAAGGGTTCCC-1,State_16,16,GSE135851,LAM3,2.4406912326812744
GSE135851::LAM1:GGCGACTTCGCACTCT-1,22,GSE190260::LAM1163:GACTACATCGAGGTAG-1,State_15,15,GSE190260,LAM1163,2.4517054557800293
GSE135851::LAM1:GGCGACTTCGCACTCT-1,23,GSE190260::LAM1163:AAGACCTTCCCTTGCA-1,State_15,15,GSE190260,LAM1163,2.4619593620300293
GSE135851::LAM1:GGCGACTTCGCACTCT-1,24,GSE190260::LAM1163:CCTTTCTCATCGGGTC-1,State_15,15,GSE190260,LAM1163,2.4922757148742676
GSE135851::LAM1:GGCGACTTCGCACTCT-1,25,GSE190260::LAM1163:ACGGGCTGTTCGTGAT-1,State_16,16,GSE190260,LAM1163,2.4964685440063477
GSE135851::LAM1:GGCGACTTCGCACTCT-1,26,GSE135851::LAM1:TATCTCATCAAGCCTA-1,State_15,15,GSE135851,LAM1,2.503495931625366
GSE135851::LAM1:GGCGACTTCGCACTCT-1,27,GSE135851::LAM3:GCATGCGGTTACTGAC-1,State_16,16,GSE135851,LAM3,2.510892629623413
GSE135851::LAM1:GGCGACTTCGCACTCT-1,28,GSE190260::LAM1163:CATATTCGTCTCCCTA-1,State_15,15,GSE190260,LAM1163,2.5109317302703857
GSE135851::LAM1:GGCGACTTCGCACTCT-1,29,GSE135851::LAM1:GGGAGATAGCCATCGC-1,State_15,15,GSE135851,LAM1,2.514821767807007
GSE135851::LAM1:GGCGACTTCGCACTCT-1,30,GSE190260::LAM1163:GAATGAATCGGATGGA-1,State_16,16,GSE190260,LAM1163,2.5381999015808105
GSE135851::LAM1:GGGAGATAGCCATCGC-1,1,GSE135851::LAM1:TGCACCTTCGAACTGT-1,State_15,15,GSE135851,LAM1,1.695094108581543
GSE135851::LAM1:GGGAGATAGCCATCGC-1,2,GSE135851::LAM1:ATTACTCAGCCACCTG-1,State_15,15,GSE135851,LAM1,1.8194218873977661
GSE135851::LAM1:GGGAGATAGCCATCGC-1,3,GSE190260::LAM1163:GGGATGATCACAAACC-1,State_15,15,GSE190260,LAM1163,1.8934102058410645
GSE135851::LAM1:GGGAGATAGCCATCGC-1,4,GSE135851::LAM1:TCGAGGCTCGACCAGC-1,State_15,15,GSE135851,LAM1,1.906944751739502
GSE135851::LAM1:GGGAGATAGCCATCGC-1,5,GSE135851::LAM1:CGAGCACCATTATCTC-1,State_15,15,GSE135851,LAM1,1.9293155670166016
GSE135851::LAM1:GGGAGATAGCCATCGC-1,6,GSE302356::LAM3:TGCGATACACACGGTC-1,State_15,15,GSE302356,LAM32,1.968932867050171
GSE135851::LAM1:GGGAGATAGCCATCGC-1,7,GSE190260::LAM1163:GACGCGTCATCCGGGT-1,State_15,15,GSE190260,LAM1163,2.1107592582702637
GSE135851::LAM1:GGGAGATAGCCATCGC-1,8,GSE190260::LAM1163:ATCCACCTCTTGTCAT-1,State_15,15,GSE190260,LAM1163,2.296175718307495
GSE135851::LAM1:GGGAGATAGCCATCGC-1,9,GSE190260::LAM1158:CACACAAAGTGTACGG-1,State_15,15,GSE190260,LAM1158,2.4188387393951416
GSE135851::LAM1:GGGAGATAGCCATCGC-1,10,GSE190260::LAM1163:GAAATGACATGGGACA-1,State_15,15,GSE190260,LAM1163,2.4340226650238037
GSE135851::LAM1:GGGAGATAGCCATCGC-1,11,GSE135851::LAM1:CGGACACTCAGAGGTG-1,State_15,15,GSE135851,LAM1,2.461468458175659
GSE135851::LAM1:GGGAGATAGCCATCGC-1,12,GSE135851::LAM1:GGCGACTTCGCACTCT-1,State_15,15,GSE135851,LAM1,2.514821767807007
GSE135851::LAM1:GGGAGATAGCCATCGC-1,13,GSE302356::LAM3:TTTATGCAGAGCCTGA-1,State_15,15,GSE302356,LAM32,2.5365612506866455
GSE135851::LAM1:GGGAGATAGCCATCGC-1,14,GSE190260::LAM1158:CTAAGACAGTCTCGGC-1,State_15,15,GSE190260,LAM1158,2.62849760055542
GSE135851::LAM1:GGGAGATAGCCATCGC-1,15,GSE135851::LAM1:ATGTGTGCAGACAAGC-1,State_15,15,GSE135851,LAM1,2.671959400177002
GSE135851::LAM1:GGGAGATAGCCATCGC-1,16,GSE190260::LAM1163:CTGATCCTCGCTTAGA-1,State_15,15,GSE190260,LAM1163,2.6866512298583984
GSE135851::LAM1:GGGAGATAGCCATCGC-1,17,GSE190260::LAM1163:CATATTCGTCTCCCTA-1,State_15,15,GSE190260,LAM1163,2.7047293186187744
GSE135851::LAM1:GGGAGATAGCCATCGC-1,18,GSE190260::LAM1158:CAGCTAAGTGTCAATC-1,State_15,15,GSE190260,LAM1158,2.7100045680999756
GSE135851::LAM1:GGGAGATAGCCATCGC-1,19,GSE190260::LAM1163:GTTACAGCAAGCTGGA-1,State_15,15,GSE190260,LAM1163,2.7267305850982666
GSE135851::LAM1:GGGAGATAGCCATCGC-1,20,GSE190260::LAM1158:CTCATTAGTCGGGTCT-1,State_15,15,GSE190260,LAM1158,2.774203062057495
GSE135851::LAM1:GGGAGATAGCCATCGC-1,21,GSE190260::LAM1163:TCACAAGCAAAGTCAA-1,State_15,15,GSE190260,LAM1163,2.875889778137207
GSE135851::LAM1:GGGAGATAGCCATCGC-1,22,GSE190260::LAM1163:TCGTACCCAAGCCGTC-1,State_15,15,GSE190260,LAM1163,2.901812791824341
GSE135851::LAM1:GGGAGATAGCCATCGC-1,23,GSE190260::LAM1163:CGCTGGAGTAAGTAGT-1,State_15,15,GSE190260,LAM1163,2.9141995906829834
GSE135851::LAM1:GGGAGATAGCCATCGC-1,24,GSE135851::LAM1:CACAGTAAGAGAACAG-1,State_15,15,GSE135851,LAM1,2.919339895248413
GSE135851::LAM1:GGGAGATAGCCATCGC-1,25,GSE190260::LAM1163:CGCTGGACAAGTTCTG-1,State_15,15,GSE190260,LAM1163,2.9628801345825195
GSE135851::LAM1:GGGAGATAGCCATCGC-1,26,GSE190260::LAM1163:TACGGTATCACCTTAT-1,State_15,15,GSE190260,LAM1163,2.970655918121338
GSE135851::LAM1:GGGAGATAGCCATCGC-1,27,GSE190260::LAM1163:AGAGTGGCATGATCCA-1,State_15,15,GSE190260,LAM1163,2.9757728576660156
GSE135851::LAM1:GGGAGATAGCCATCGC-1,28,GSE190260::LAM1163:CTTACCGCACATGTGT-1,State_15,15,GSE190260,LAM1163,3.004993200302124
GSE135851::LAM1:GGGAGATAGCCATCGC-1,29,GSE135851::LAM1:TATCTCATCAAGCCTA-1,State_15,15,GSE135851,LAM1,3.0187389850616455
GSE135851::LAM1:GGGAGATAGCCATCGC-1,30,GSE135851::LAM1:TTAACTCGTACTCAAC-1,State_15,15,GSE135851,LAM1,3.0372860431671143
GSE135851::LAM1:GTCTTCGGTTAAGAAC-1,1,GSE190260::LAM1163:TGGACGCTCAAGAAGT-1,State_15,15,GSE190260,LAM1163,2.5230824947357178
GSE135851::LAM1:GTCTTCGGTTAAGAAC-1,2,GSE135851::LAM1:CCACCTACAATGTTGC-1,State_15,15,GSE135851,LAM1,2.7509613037109375
GSE135851::LAM1:GTCTTCGGTTAAGAAC-1,3,GSE190260::LAM1163:GAGGTGAAGCCAGGAT-1,State_15,15,GSE190260,LAM1163,2.757824659347534
GSE135851::LAM1:GTCTTCGGTTAAGAAC-1,4,GSE135851::LAM1:TATCTCATCAAGCCTA-1,State_15,15,GSE135851,LAM1,2.8117592334747314
GSE135851::LAM1:GTCTTCGGTTAAGAAC-1,5,GSE190260::LAM1163:CAGATCAGTATCACCA-1,State_15,15,GSE190260,LAM1163,2.8985097408294678
GSE135851::LAM1:GTCTTCGGTTAAGAAC-1,6,GSE135851::LAM3:GTACTTTCACTACAGT-1,State_15,15,GSE135851,LAM3,2.914273500442505
GSE135851::LAM1:GTCTTCGGTTAAGAAC-1,7,GSE135851::LAM1:GTGCAGCAGAGGGCTT-1,State_15,15,GSE135851,LAM1,3.004890203475952
GSE135851::LAM1:GTCTTCGGTTAAGAAC-1,8,GSE190260::LAM1163:ACATGGTCATCGATTG-1,State_15,15,GSE190260,LAM1163,3.006946086883545
GSE135851::LAM1:GTCTTCGGTTAAGAAC-1,9,GSE190260::LAM1163:TCGAGGCAGACTAGAT-1,State_15,15,GSE190260,LAM1163,3.058744192123413
GSE135851::LAM1:GTCTTCGGTTAAGAAC-1,10,GSE190260::LAM1163:GCGGGTTTCACATAGC-1,State_15,15,GSE190260,LAM1163,3.067290782928467
GSE135851::LAM1:GTCTTCGGTTAAGAAC-1,11,GSE190260::LAM1163:GGATGTTTCTTCCTTC-1,State_15,15,GSE190260,LAM1163,3.0736019611358643
GSE135851::LAM1:GTCTTCGGTTAAGAAC-1,12,GSE190260::LAM1163:TATCTCAAGAGACTAT-1,State_15,15,GSE190260,LAM1163,3.1114249229431152
GSE135851::LAM1:GTCTTCGGTTAAGAAC-1,13,GSE135851::LAM1:CGGACACTCAGAGGTG-1,State_15,15,GSE135851,LAM1,3.122546911239624
GSE135851::LAM1:GTCTTCGGTTAAGAAC-1,14,GSE190260::LAM1163:TTTGCGCAGCCAGAAC-1,State_15,15,GSE190260,LAM1163,3.1248233318328857
GSE135851::LAM1:GTCTTCGGTTAAGAAC-1,15,GSE190260::LAM1164-1:CTGCTGTAGAACTGTA-1,State_15,15,GSE190260,LAM1164,3.133788824081421
GSE135851::LAM1:GTCTTCGGTTAAGAAC-1,16,GSE190260::LAM1163:TTGTAGGGTGCAACTT-1,State_15,15,GSE190260,LAM1163,3.2136390209198
GSE135851::LAM1:GTCTTCGGTTAAGAAC-1,17,GSE190260::LAM1163:CTCTGGTCATCCCACT-1,State_15,15,GSE190260,LAM1163,3.2280075550079346
GSE135851::LAM1:GTCTTCGGTTAAGAAC-1,18,GSE135851::LAM1:CACAGTAAGAGAACAG-1,State_15,15,GSE135851,LAM1,3.231106996536255
GSE135851::LAM1:GTCTTCGGTTAAGAAC-1,19,GSE135851::LAM1:TGCGCAGGTTCGCTAA-1,State_15,15,GSE135851,LAM1,3.281764030456543
GSE135851::LAM1:GTCTTCGGTTAAGAAC-1,20,GSE190260::LAM1163:ATGTGTGGTAGTAGTA-1,State_15,15,GSE190260,LAM1163,3.2841696739196777
GSE135851::LAM1:GTCTTCGGTTAAGAAC-1,21,GSE190260::LAM1163:GGTGCGTTCTGTACGA-1,State_15,15,GSE190260,LAM1163,3.305182933807373
GSE135851::LAM1:GTCTTCGGTTAAGAAC-1,22,GSE190260::LAM1163:TTGTAGGGTAAAGTCA-1,State_15,15,GSE190260,LAM1163,3.3190834522247314
GSE135851::LAM1:GTCTTCGGTTAAGAAC-1,23,GSE190260::LAM1163:TACGGATTCTATCCTA-1,State_15,15,GSE190260,LAM1163,3.331873893737793
GSE135851::LAM1:GTCTTCGGTTAAGAAC-1,24,GSE190260::LAM1163:AAAGCAACAAGAGTCG-1,State_15,15,GSE190260,LAM1163,3.345191240310669
GSE135851::LAM1:GTCTTCGGTTAAGAAC-1,25,GSE190260::LAM1163:CATCAGACAAGAAAGG-1,State_15,15,GSE190260,LAM1163,3.3646504878997803
GSE135851::LAM1:GTCTTCGGTTAAGAAC-1,26,GSE135851::LAM1:TTGGCAAAGAATCTCC-1,State_15,15,GSE135851,LAM1,3.368373394012451
GSE135851::LAM1:GTCTTCGGTTAAGAAC-1,27,GSE190260::LAM1163:CCACCTAAGGTACTCT-1,State_15,15,GSE190260,LAM1163,3.36838698387146
GSE135851::LAM1:GTCTTCGGTTAAGAAC-1,28,GSE190260::LAM1163:CTGAAGTAGGCAAAGA-1,boundary,,GSE190260,LAM1163,3.383568048477173
GSE135851::LAM1:GTCTTCGGTTAAGAAC-1,29,GSE190260::LAM1163:ATCACGACAGTAAGAT-1,State_15,15,GSE190260,LAM1163,3.387613296508789
GSE135851::LAM1:GTCTTCGGTTAAGAAC-1,30,GSE190260::LAM1163:CATCAAGCAATACGCT-1,State_15,15,GSE190260,LAM1163,3.392423629760742
GSE135851::LAM1:GTGCAGCAGAGGGCTT-1,1,GSE135851::LAM1:TGCGCAGGTTCGCTAA-1,State_15,15,GSE135851,LAM1,1.228136420249939
GSE135851::LAM1:GTGCAGCAGAGGGCTT-1,2,GSE190260::LAM1163:GCGGGTTTCACATAGC-1,State_15,15,GSE190260,LAM1163,2.008091688156128
GSE135851::LAM1:GTGCAGCAGAGGGCTT-1,3,GSE135851::LAM1:TTGGCAAAGAATCTCC-1,State_15,15,GSE135851,LAM1,2.2431600093841553
GSE135851::LAM1:GTGCAGCAGAGGGCTT-1,4,GSE190260::LAM1163:TTTGCGCAGCCAGAAC-1,State_15,15,GSE190260,LAM1163,2.3164918422698975
GSE135851::LAM1:GTGCAGCAGAGGGCTT-1,5,GSE190260::LAM1163:CTCTGGTCATCCCACT-1,State_15,15,GSE190260,LAM1163,2.367357015609741
GSE135851::LAM1:GTGCAGCAGAGGGCTT-1,6,GSE190260::LAM1163:TTGTAGGGTAAAGTCA-1,State_15,15,GSE190260,LAM1163,2.3734610080718994
GSE135851::LAM1:GTGCAGCAGAGGGCTT-1,7,GSE190260::LAM1163:CAGATCAGTATCACCA-1,State_15,15,GSE190260,LAM1163,2.4288671016693115
GSE135851::LAM1:GTGCAGCAGAGGGCTT-1,8,GSE190260::LAM1163:TCGAGGCAGACTAGAT-1,State_15,15,GSE190260,LAM1163,2.4457952976226807
GSE135851::LAM1:GTGCAGCAGAGGGCTT-1,9,GSE190260::LAM1163:ACATGGTCATCGATTG-1,State_15,15,GSE190260,LAM1163,2.5098745822906494
GSE135851::LAM1:GTGCAGCAGAGGGCTT-1,10,GSE190260::LAM1163:CACACTCAGATAGGAG-1,State_15,15,GSE190260,LAM1163,2.5885801315307617
GSE135851::LAM1:GTGCAGCAGAGGGCTT-1,11,GSE190260::LAM1163:CTCAGAAGTGATAAGT-1,State_15,15,GSE190260,LAM1163,2.6092193126678467
GSE135851::LAM1:GTGCAGCAGAGGGCTT-1,12,GSE135851::LAM1:CGGACACTCAGAGGTG-1,State_15,15,GSE135851,LAM1,2.626051187515259
GSE135851::LAM1:GTGCAGCAGAGGGCTT-1,13,GSE190260::LAM1163:ATCACGACAGTAAGAT-1,State_15,15,GSE190260,LAM1163,2.630627393722534
GSE135851::LAM1:GTGCAGCAGAGGGCTT-1,14,GSE190260::LAM1163:ATTACTCGTGTCCTCT-1,State_15,15,GSE190260,LAM1163,2.639026641845703
GSE135851::LAM1:GTGCAGCAGAGGGCTT-1,15,GSE190260::LAM1163:TATCTCAAGAGACTAT-1,State_15,15,GSE190260,LAM1163,2.65400767326355
GSE135851::LAM1:GTGCAGCAGAGGGCTT-1,16,GSE190260::LAM1163:CGCTTCAAGCCCAACC-1,State_15,15,GSE190260,LAM1163,2.7955100536346436
GSE135851::LAM1:GTGCAGCAGAGGGCTT-1,17,GSE135851::LAM3:CCAATCCGTAGCTGCC-1,State_15,15,GSE135851,LAM3,2.8084466457366943
GSE135851::LAM1:GTGCAGCAGAGGGCTT-1,18,GSE190260::LAM1163:CATCAAGCAATACGCT-1,State_15,15,GSE190260,LAM1163,2.8128554821014404
GSE135851::LAM1:GTGCAGCAGAGGGCTT-1,19,GSE135851::LAM3:ATGAGGGGTGTGCGTC-1,State_15,15,GSE135851,LAM3,2.819396495819092
GSE135851::LAM1:GTGCAGCAGAGGGCTT-1,20,GSE190260::LAM1163:TGGACGCTCAAGAAGT-1,State_15,15,GSE190260,LAM1163,2.819500684738159
GSE135851::LAM1:GTGCAGCAGAGGGCTT-1,21,GSE190260::LAM1163:AGCCTAAAGATGCCAG-1,State_15,15,GSE190260,LAM1163,2.8274219036102295
GSE135851::LAM1:GTGCAGCAGAGGGCTT-1,22,GSE190260::LAM1163:CGGCTAGAGTGGTAGC-1,State_15,15,GSE190260,LAM1163,2.8444721698760986
GSE135851::LAM1:GTGCAGCAGAGGGCTT-1,23,GSE135851::LAM1:GCACTCTTCAGGCGAA-1,State_15,15,GSE135851,LAM1,2.8754723072052
GSE135851::LAM1:GTGCAGCAGAGGGCTT-1,24,GSE190260::LAM1163:GGGTTGCGTCAGAATA-1,State_15,15,GSE190260,LAM1163,2.90000581741333
GSE135851::LAM1:GTGCAGCAGAGGGCTT-1,25,GSE190260::LAM1163:CCACCTAAGGTACTCT-1,State_15,15,GSE190260,LAM1163,2.9037277698516846
GSE135851::LAM1:GTGCAGCAGAGGGCTT-1,26,GSE135851::LAM1:CAACTAGTCATGTCTT-1,State_15,15,GSE135851,LAM1,2.920308828353882
GSE135851::LAM1:GTGCAGCAGAGGGCTT-1,27,GSE135851::LAM3:CGTAGGCGTACTCAAC-1,State_15,15,GSE135851,LAM3,2.921464443206787
GSE135851::LAM1:GTGCAGCAGAGGGCTT-1,28,GSE190260::LAM1163:GGATGTTTCTTCCTTC-1,State_15,15,GSE190260,LAM1163,2.9444961547851562
GSE135851::LAM1:GTGCAGCAGAGGGCTT-1,29,GSE190260::LAM1163:CCCAGTTGTCGTTGTA-1,State_15,15,GSE190260,LAM1163,2.947392702102661
GSE135851::LAM1:GTGCAGCAGAGGGCTT-1,30,GSE190260::LAM1163:TCGTACCCAAGCCGTC-1,State_15,15,GSE190260,LAM1163,2.958005666732788
GSE135851::LAM1:GTTTCTACATTGTGCA-1,1,GSE135851::LAM1:TATCTCATCAAGCCTA-1,State_15,15,GSE135851,LAM1,1.8365464210510254
GSE135851::LAM1:GTTTCTACATTGTGCA-1,2,GSE190260::LAM1163:TCAGGATGTGACAAAT-1,State_15,15,GSE190260,LAM1163,1.9816557168960571
GSE135851::LAM1:GTTTCTACATTGTGCA-1,3,GSE135851::LAM1:TCGAGGCTCGACCAGC-1,State_15,15,GSE135851,LAM1,2.11523175239563
GSE135851::LAM1:GTTTCTACATTGTGCA-1,4,GSE190260::LAM1158:CTAAGACAGTCTCGGC-1,State_15,15,GSE190260,LAM1158,2.1616714000701904
GSE135851::LAM1:GTTTCTACATTGTGCA-1,5,GSE190260::LAM1163:TTCTCAAAGTCCGTAT-1,State_15,15,GSE190260,LAM1163,2.252793073654175
GSE135851::LAM1:GTTTCTACATTGTGCA-1,6,GSE190260::LAM1163:GGGTTGCGTCAGAATA-1,State_15,15,GSE190260,LAM1163,2.2570788860321045
GSE135851::LAM1:GTTTCTACATTGTGCA-1,7,GSE190260::LAM1163:GACGCGTCATCCGGGT-1,State_15,15,GSE190260,LAM1163,2.28011155128479
GSE135851::LAM1:GTTTCTACATTGTGCA-1,8,GSE135851::LAM1:GCACTCTTCAGGCGAA-1,State_15,15,GSE135851,LAM1,2.3229994773864746
GSE135851::LAM1:GTTTCTACATTGTGCA-1,9,GSE190260::LAM1163:ATGTGTGGTAGTAGTA-1,State_15,15,GSE190260,LAM1163,2.375638484954834
GSE135851::LAM1:GTTTCTACATTGTGCA-1,10,GSE190260::LAM1163:CTTACCGTCGTCTGCT-1,State_15,15,GSE190260,LAM1163,2.395744562149048
GSE135851::LAM1:GTTTCTACATTGTGCA-1,11,GSE135851::LAM1:GGCGACTTCGCACTCT-1,State_15,15,GSE135851,LAM1,2.4307687282562256
GSE135851::LAM1:GTTTCTACATTGTGCA-1,12,GSE135851::LAM1:ATGTGTGCAGACAAGC-1,State_15,15,GSE135851,LAM1,2.435643434524536
GSE135851::LAM1:GTTTCTACATTGTGCA-1,13,GSE190260::LAM1163:CAGCGACTCTGAGTGT-1,State_15,15,GSE190260,LAM1163,2.455087661743164
GSE135851::LAM1:GTTTCTACATTGTGCA-1,14,GSE190260::LAM1163:ACATGGTCATCGATTG-1,State_15,15,GSE190260,LAM1163,2.4590816497802734
GSE135851::LAM1:GTTTCTACATTGTGCA-1,15,GSE135851::LAM3:CTCGAAAGTCGCCATG-1,State_15,15,GSE135851,LAM3,2.4752464294433594
GSE135851::LAM1:GTTTCTACATTGTGCA-1,16,GSE190260::LAM1163:CGTCTACGTTTGTTGG-1,State_15,15,GSE190260,LAM1163,2.4782137870788574
GSE135851::LAM1:GTTTCTACATTGTGCA-1,17,GSE190260::LAM1163:CATCAGACAAGAAAGG-1,State_15,15,GSE190260,LAM1163,2.5378682613372803
GSE135851::LAM1:GTTTCTACATTGTGCA-1,18,GSE190260::LAM1163:GCCTCTAAGAGCCCAA-1,State_15,15,GSE190260,LAM1163,2.5550012588500977
GSE135851::LAM1:GTTTCTACATTGTGCA-1,19,GSE190260::LAM1163:TACGGGCCAGTTAACC-1,State_15,15,GSE190260,LAM1163,2.5790083408355713
GSE135851::LAM1:GTTTCTACATTGTGCA-1,20,GSE190260::LAM1163:CCACCTAAGGTACTCT-1,State_15,15,GSE190260,LAM1163,2.5953121185302734
GSE135851::LAM1:GTTTCTACATTGTGCA-1,21,GSE135851::LAM3:CACAAACCAATAGCGG-1,State_15,15,GSE135851,LAM3,2.5981884002685547
GSE135851::LAM1:GTTTCTACATTGTGCA-1,22,GSE190260::LAM1163:AGAGTGGCATGATCCA-1,State_15,15,GSE190260,LAM1163,2.6154332160949707
GSE135851::LAM1:GTTTCTACATTGTGCA-1,23,GSE190260::LAM1163:AGCTCCTTCCGCTGTT-1,State_15,15,GSE190260,LAM1163,2.61582350730896
GSE135851::LAM1:GTTTCTACATTGTGCA-1,24,GSE190260::LAM1163:AAGACCTTCCCTTGCA-1,State_15,15,GSE190260,LAM1163,2.6208765506744385
GSE135851::LAM1:GTTTCTACATTGTGCA-1,25,GSE190260::LAM1163:CGCTGGACAAGTTCTG-1,State_15,15,GSE190260,LAM1163,2.6283395290374756
GSE135851::LAM1:GTTTCTACATTGTGCA-1,26,GSE135851::LAM3:CCAATCCGTAGCTGCC-1,State_15,15,GSE135851,LAM3,2.6470744609832764
GSE135851::LAM1:GTTTCTACATTGTGCA-1,27,GSE190260::LAM1163:GACTACATCGAGGTAG-1,State_15,15,GSE190260,LAM1163,2.6540586948394775
GSE135851::LAM1:GTTTCTACATTGTGCA-1,28,GSE190260::LAM1163:CGCTTCAAGCCCAACC-1,State_15,15,GSE190260,LAM1163,2.6772818565368652
GSE135851::LAM1:GTTTCTACATTGTGCA-1,29,GSE190260::LAM1163:TGCGCAGCAAGGCTCC-1,State_15,15,GSE190260,LAM1163,2.6824676990509033
GSE135851::LAM1:GTTTCTACATTGTGCA-1,30,GSE135851::LAM1:TTGGCAAAGAATCTCC-1,State_15,15,GSE135851,LAM1,2.690279483795166
GSE135851::LAM1:TAAGTGCCATCTACGA-1,1,GSE190260::LAM1163:CTCGTCAGTGAGTATA-1,State_15,15,GSE190260,LAM1163,1.7770190238952637
GSE135851::LAM1:TAAGTGCCATCTACGA-1,2,GSE217108::LAM32:GTTGGCGGTTCGGGAT-1,State_15,15,GSE217108,LAM32,2.386258602142334
GSE135851::LAM1:TAAGTGCCATCTACGA-1,3,GSE190260::LAM1163:CTTGGCTGTCCCTACT-1,State_15,15,GSE190260,LAM1163,2.5695767402648926
GSE135851::LAM1:TAAGTGCCATCTACGA-1,4,GSE190260::LAM1163:GTCCTCATCCACTGGG-1,State_15,15,GSE190260,LAM1163,2.6720492839813232
GSE135851::LAM1:TAAGTGCCATCTACGA-1,5,GSE190260::LAM1163:CGTGTAAGTTGTACAC-1,State_15,15,GSE190260,LAM1163,2.79732608795166
GSE135851::LAM1:TAAGTGCCATCTACGA-1,6,GSE190260::LAM1163:GCGCGATCATTTCACT-1,State_7,7,GSE190260,LAM1163,2.955153703689575
GSE135851::LAM1:TAAGTGCCATCTACGA-1,7,GSE135851::LAM1:TTCTACACAGTTCATG-1,State_15,15,GSE135851,LAM1,2.9588067531585693
GSE135851::LAM1:TAAGTGCCATCTACGA-1,8,GSE190260::LAM1163:CCTAGCTTCTGAGGGA-1,State_15,15,GSE190260,LAM1163,3.115910291671753
GSE135851::LAM1:TAAGTGCCATCTACGA-1,9,GSE190260::LAM1163:ATGGGAGGTAATAGCA-1,State_15,15,GSE190260,LAM1163,3.1268117427825928
GSE135851::LAM1:TAAGTGCCATCTACGA-1,10,GSE122960::GSE122960_Donor_05:GTGCATACACAACTGT-1,normal,,GSE122960,GSE122960_Donor_05,3.2135508060455322
GSE135851::LAM1:TAAGTGCCATCTACGA-1,11,GSE135851::LAM3:CCACGGAAGGCAATTA-1,State_15,15,GSE135851,LAM3,3.263871669769287
GSE135851::LAM1:TAAGTGCCATCTACGA-1,12,GSE190260::LAM1163:TAAACCGAGGCAATTA-1,State_15,15,GSE190260,LAM1163,3.2837071418762207
GSE135851::LAM1:TAAGTGCCATCTACGA-1,13,GSE122960::GSE122960_Donor_07:CGGGTCAAGCGTTGCC-1,normal,,GSE122960,GSE122960_Donor_07,3.293822765350342
GSE135851::LAM1:TAAGTGCCATCTACGA-1,14,GSE190260::LAM1163:CTACACCAGGGTTTCT-1,boundary,,GSE190260,LAM1163,3.302184581756592
GSE135851::LAM1:TAAGTGCCATCTACGA-1,15,GSE135851::LAM1:ACACTGATCCTTGCCA-1,State_15,15,GSE135851,LAM1,3.313025712966919
GSE135851::LAM1:TAAGTGCCATCTACGA-1,16,GSE122960::GSE122960_Donor_05:ATCTGCCTCCAAAGTC-1,normal,,GSE122960,GSE122960_Donor_05,3.316890001296997
GSE135851::LAM1:TAAGTGCCATCTACGA-1,17,GSE122960::GSE122960_Donor_01:TTCTACACACATTTCT-1,normal,,GSE122960,GSE122960_Donor_01,3.3368589878082275
GSE135851::LAM1:TAAGTGCCATCTACGA-1,18,GSE190260::LAM1163:ATAAGAGAGGCGCTCT-1,State_15,15,GSE190260,LAM1163,3.3639121055603027
GSE135851::LAM1:TAAGTGCCATCTACGA-1,19,GSE190260::LAM1163:CCTACCACAGCTGCAC-1,State_7,7,GSE190260,LAM1163,3.371709108352661
GSE135851::LAM1:TAAGTGCCATCTACGA-1,20,GSE135851::LAM1:TGGCTGGTCGTGGACC-1,boundary,,GSE135851,LAM1,3.391493558883667
GSE135851::LAM1:TAAGTGCCATCTACGA-1,21,GSE217108::LAM32:TGGACGGAGAAAGCAT-1,State_12,12,GSE217108,LAM32,3.4248313903808594
GSE135851::LAM1:TAAGTGCCATCTACGA-1,22,GSE122960::GSE122960_Donor_07:CTACCCACAGCGTAAG-1,normal,,GSE122960,GSE122960_Donor_07,3.4569287300109863
GSE135851::LAM1:TAAGTGCCATCTACGA-1,23,GSE217108::LAM32:CCGGTTAAGGCTAAGA-1,boundary,,GSE217108,LAM32,3.4600071907043457
GSE135851::LAM1:TAAGTGCCATCTACGA-1,24,GSE190260::LAM1163:AGGGAGTTCCTCTAGC-1,boundary,,GSE190260,LAM1163,3.4612300395965576
GSE135851::LAM1:TAAGTGCCATCTACGA-1,25,GSE190260::LAM1164-2:TGGTTCCAGAGGTAGA-1,State_5,5,GSE190260,LAM1164,3.4695074558258057
GSE135851::LAM1:TAAGTGCCATCTACGA-1,26,GSE122960::GSE122960_Donor_07:AGCAGCCGTCCATGAT-1,normal,,GSE122960,GSE122960_Donor_07,3.478837251663208
GSE135851::LAM1:TAAGTGCCATCTACGA-1,27,GSE190260::LAM1164-3:TCTCATAGTCATGCCG-1,boundary,,GSE190260,LAM1164,3.498199701309204
GSE135851::LAM1:TAAGTGCCATCTACGA-1,28,GSE135851::LAM1:TTTATGCGTGTAATGA-1,boundary,,GSE135851,LAM1,3.5103843212127686
GSE135851::LAM1:TAAGTGCCATCTACGA-1,29,GSE122960::GSE122960_Donor_06:AGCGTCGAGCCGATTT-1,normal,,GSE122960,GSE122960_Donor_06,3.5238473415374756
GSE135851::LAM1:TAAGTGCCATCTACGA-1,30,GSE122960::GSE122960_Donor_07:ACCCACTTCCACGCAG-1,normal,,GSE122960,GSE122960_Donor_07,3.535388469696045
GSE135851::LAM1:TATCTCATCAAGCCTA-1,1,GSE135851::LAM1:GTTTCTACATTGTGCA-1,State_15,15,GSE135851,LAM1,1.8365464210510254
GSE135851::LAM1:TATCTCATCAAGCCTA-1,2,GSE190260::LAM1163:GACGCGTCATCCGGGT-1,State_15,15,GSE190260,LAM1163,2.0048398971557617
GSE135851::LAM1:TATCTCATCAAGCCTA-1,3,GSE190260::LAM1158:CTAAGACAGTCTCGGC-1,State_15,15,GSE190260,LAM1158,2.037202835083008
GSE135851::LAM1:TATCTCATCAAGCCTA-1,4,GSE190260::LAM1163:TCAGGATGTGACAAAT-1,State_15,15,GSE190260,LAM1163,2.138685703277588
GSE135851::LAM1:TATCTCATCAAGCCTA-1,5,GSE135851::LAM1:TCGAGGCTCGACCAGC-1,State_15,15,GSE135851,LAM1,2.2249724864959717
GSE135851::LAM1:TATCTCATCAAGCCTA-1,6,GSE135851::LAM3:CTCGAAAGTCGCCATG-1,State_15,15,GSE135851,LAM3,2.369013547897339
GSE135851::LAM1:TATCTCATCAAGCCTA-1,7,GSE190260::LAM1163:GGGATGATCACAAACC-1,State_15,15,GSE190260,LAM1163,2.4598052501678467
GSE135851::LAM1:TATCTCATCAAGCCTA-1,8,GSE190260::LAM1163:GCTTCCATCAGTTTGG-1,State_15,15,GSE190260,LAM1163,2.4840102195739746
GSE135851::LAM1:TATCTCATCAAGCCTA-1,9,GSE190260::LAM1163:ATGTGTGGTAGTAGTA-1,State_15,15,GSE190260,LAM1163,2.4924848079681396
GSE135851::LAM1:TATCTCATCAAGCCTA-1,10,GSE135851::LAM1:GGCGACTTCGCACTCT-1,State_15,15,GSE135851,LAM1,2.503495931625366
GSE135851::LAM1:TATCTCATCAAGCCTA-1,11,GSE135851::LAM1:CGGACACTCAGAGGTG-1,State_15,15,GSE135851,LAM1,2.5143845081329346
GSE135851::LAM1:TATCTCATCAAGCCTA-1,12,GSE190260::LAM1163:AAGACCTTCCCTTGCA-1,State_15,15,GSE190260,LAM1163,2.5183112621307373
GSE135851::LAM1:TATCTCATCAAGCCTA-1,13,GSE190260::LAM1163:TTCTCAAAGTCCGTAT-1,State_15,15,GSE190260,LAM1163,2.5485892295837402
GSE135851::LAM1:TATCTCATCAAGCCTA-1,14,GSE190260::LAM1163:GCCTCTAAGAGCCCAA-1,State_15,15,GSE190260,LAM1163,2.5538172721862793
GSE135851::LAM1:TATCTCATCAAGCCTA-1,15,GSE135851::LAM1:ATGTGTGCAGACAAGC-1,State_15,15,GSE135851,LAM1,2.567772388458252
GSE135851::LAM1:TATCTCATCAAGCCTA-1,16,GSE190260::LAM1163:TCGTACCCAAGCCGTC-1,State_15,15,GSE190260,LAM1163,2.578490972518921
GSE135851::LAM1:TATCTCATCAAGCCTA-1,17,GSE190260::LAM1163:CGCTGGACAAGTTCTG-1,State_15,15,GSE190260,LAM1163,2.5807604789733887
GSE135851::LAM1:TATCTCATCAAGCCTA-1,18,GSE190260::LAM1163:CATCAGACAAGAAAGG-1,State_15,15,GSE190260,LAM1163,2.6141152381896973
GSE135851::LAM1:TATCTCATCAAGCCTA-1,19,GSE190260::LAM1163:ACATGGTCATCGATTG-1,State_15,15,GSE190260,LAM1163,2.629215717315674
GSE135851::LAM1:TATCTCATCAAGCCTA-1,20,GSE190260::LAM1163:GACTACATCGAGGTAG-1,State_15,15,GSE190260,LAM1163,2.6423213481903076
GSE135851::LAM1:TATCTCATCAAGCCTA-1,21,GSE190260::LAM1163:GGTGCGTTCTGTACGA-1,State_15,15,GSE190260,LAM1163,2.6625936031341553
GSE135851::LAM1:TATCTCATCAAGCCTA-1,22,GSE190260::LAM1163:GGATGTTTCTTCCTTC-1,State_15,15,GSE190260,LAM1163,2.703484058380127
GSE135851::LAM1:TATCTCATCAAGCCTA-1,23,GSE190260::LAM1163:GGGTTGCGTCAGAATA-1,State_15,15,GSE190260,LAM1163,2.7123122215270996
GSE135851::LAM1:TATCTCATCAAGCCTA-1,24,GSE190260::LAM1163:AGAGTGGCATGATCCA-1,State_15,15,GSE190260,LAM1163,2.730905055999756
GSE135851::LAM1:TATCTCATCAAGCCTA-1,25,GSE190260::LAM1163:CGCTGGAGTAAGTAGT-1,State_15,15,GSE190260,LAM1163,2.7654080390930176
GSE135851::LAM1:TATCTCATCAAGCCTA-1,26,GSE190260::LAM1163:CTAAGACGTGGTTTCA-1,State_15,15,GSE190260,LAM1163,2.7957422733306885
GSE135851::LAM1:TATCTCATCAAGCCTA-1,27,GSE135851::LAM1:TGCACCTTCGAACTGT-1,State_15,15,GSE135851,LAM1,2.8103187084198
GSE135851::LAM1:TATCTCATCAAGCCTA-1,28,GSE190260::LAM1163:GCGGGTTTCACATAGC-1,State_15,15,GSE190260,LAM1163,2.8106143474578857
GSE135851::LAM1:TATCTCATCAAGCCTA-1,29,GSE135851::LAM1:GTCTTCGGTTAAGAAC-1,State_15,15,GSE135851,LAM1,2.8117592334747314
GSE135851::LAM1:TATCTCATCAAGCCTA-1,30,GSE190260::LAM1163:AGCTCCTGTCAAAGCG-1,State_15,15,GSE190260,LAM1163,2.8152730464935303
GSE135851::LAM1:TCGAGGCTCGACCAGC-1,1,GSE190260::LAM1163:GACGCGTCATCCGGGT-1,State_15,15,GSE190260,LAM1163,1.3115878105163574
GSE135851::LAM1:TCGAGGCTCGACCAGC-1,2,GSE135851::LAM1:ATGTGTGCAGACAAGC-1,State_15,15,GSE135851,LAM1,1.577081561088562
GSE135851::LAM1:TCGAGGCTCGACCAGC-1,3,GSE135851::LAM1:TGCACCTTCGAACTGT-1,State_15,15,GSE135851,LAM1,1.6143289804458618
GSE135851::LAM1:TCGAGGCTCGACCAGC-1,4,GSE190260::LAM1158:CTAAGACAGTCTCGGC-1,State_15,15,GSE190260,LAM1158,1.8403635025024414
GSE135851::LAM1:TCGAGGCTCGACCAGC-1,5,GSE190260::LAM1163:GGGATGATCACAAACC-1,State_15,15,GSE190260,LAM1163,1.8615041971206665
GSE135851::LAM1:TCGAGGCTCGACCAGC-1,6,GSE135851::LAM1:GGGAGATAGCCATCGC-1,State_15,15,GSE135851,LAM1,1.906944751739502
GSE135851::LAM1:TCGAGGCTCGACCAGC-1,7,GSE135851::LAM1:GGCGACTTCGCACTCT-1,State_15,15,GSE135851,LAM1,1.9628857374191284
GSE135851::LAM1:TCGAGGCTCGACCAGC-1,8,GSE135851::LAM1:GCACTCTTCAGGCGAA-1,State_15,15,GSE135851,LAM1,2.0025038719177246
GSE135851::LAM1:TCGAGGCTCGACCAGC-1,9,GSE135851::LAM1:CGGACACTCAGAGGTG-1,State_15,15,GSE135851,LAM1,2.0055980682373047
GSE135851::LAM1:TCGAGGCTCGACCAGC-1,10,GSE302356::LAM3:TGCGATACACACGGTC-1,State_15,15,GSE302356,LAM32,2.031726837158203
GSE135851::LAM1:TCGAGGCTCGACCAGC-1,11,GSE135851::LAM1:CGAGCACCATTATCTC-1,State_15,15,GSE135851,LAM1,2.0755436420440674
GSE135851::LAM1:TCGAGGCTCGACCAGC-1,12,GSE135851::LAM1:GTTTCTACATTGTGCA-1,State_15,15,GSE135851,LAM1,2.11523175239563
GSE135851::LAM1:TCGAGGCTCGACCAGC-1,13,GSE190260::LAM1163:CTGATCCTCGCTTAGA-1,State_15,15,GSE190260,LAM1163,2.153212785720825
GSE135851::LAM1:TCGAGGCTCGACCAGC-1,14,GSE135851::LAM1:ATTACTCAGCCACCTG-1,State_15,15,GSE135851,LAM1,2.171494722366333
GSE135851::LAM1:TCGAGGCTCGACCAGC-1,15,GSE190260::LAM1163:CGCTGGACAAGTTCTG-1,State_15,15,GSE190260,LAM1163,2.1781044006347656
GSE135851::LAM1:TCGAGGCTCGACCAGC-1,16,GSE135851::LAM1:TATCTCATCAAGCCTA-1,State_15,15,GSE135851,LAM1,2.2249724864959717
GSE135851::LAM1:TCGAGGCTCGACCAGC-1,17,GSE135851::LAM1:TTAACTCGTACTCAAC-1,State_15,15,GSE135851,LAM1,2.2298567295074463
GSE135851::LAM1:TCGAGGCTCGACCAGC-1,18,GSE190260::LAM1163:CGCTGGAGTAAGTAGT-1,State_15,15,GSE190260,LAM1163,2.2337653636932373
GSE135851::LAM1:TCGAGGCTCGACCAGC-1,19,GSE190260::LAM1163:AGAGTGGCATGATCCA-1,State_15,15,GSE190260,LAM1163,2.238036870956421
GSE135851::LAM1:TCGAGGCTCGACCAGC-1,20,GSE190260::LAM1163:GCGGGTTTCACATAGC-1,State_15,15,GSE190260,LAM1163,2.2438161373138428
GSE135851::LAM1:TCGAGGCTCGACCAGC-1,21,GSE135851::LAM1:TTGGCAAAGAATCTCC-1,State_15,15,GSE135851,LAM1,2.269263982772827
GSE135851::LAM1:TCGAGGCTCGACCAGC-1,22,GSE190260::LAM1163:TCGTACCCAAGCCGTC-1,State_15,15,GSE190260,LAM1163,2.282590389251709
GSE135851::LAM1:TCGAGGCTCGACCAGC-1,23,GSE190260::LAM1163:TTAGGACGTCGGATCC-1,State_15,15,GSE190260,LAM1163,2.3902199268341064
GSE135851::LAM1:TCGAGGCTCGACCAGC-1,24,GSE190260::LAM1163:AAGACCTTCCCTTGCA-1,State_15,15,GSE190260,LAM1163,2.397829055786133
GSE135851::LAM1:TCGAGGCTCGACCAGC-1,25,GSE190260::LAM1163:TCAGGATGTGACAAAT-1,State_15,15,GSE190260,LAM1163,2.4368631839752197
GSE135851::LAM1:TCGAGGCTCGACCAGC-1,26,GSE135851::LAM3:CTCGAAAGTCGCCATG-1,State_15,15,GSE135851,LAM3,2.4460484981536865
GSE135851::LAM1:TCGAGGCTCGACCAGC-1,27,GSE190260::LAM1163:GACTAACGTTGTGGCC-1,State_15,15,GSE190260,LAM1163,2.45892596244812
GSE135851::LAM1:TCGAGGCTCGACCAGC-1,28,GSE190260::LAM1163:ACATGGTCATCGATTG-1,State_15,15,GSE190260,LAM1163,2.4974050521850586
GSE135851::LAM1:TCGAGGCTCGACCAGC-1,29,GSE190260::LAM1163:TTCTCAAAGTCCGTAT-1,State_15,15,GSE190260,LAM1163,2.5017240047454834
GSE135851::LAM1:TCGAGGCTCGACCAGC-1,30,GSE190260::LAM1163:TACGGTATCACCTTAT-1,State_15,15,GSE190260,LAM1163,2.513136148452759
GSE135851::LAM1:TGCACCTTCGAACTGT-1,1,GSE135851::LAM1:TCGAGGCTCGACCAGC-1,State_15,15,GSE135851,LAM1,1.6143289804458618
GSE135851::LAM1:TGCACCTTCGAACTGT-1,2,GSE135851::LAM1:GGGAGATAGCCATCGC-1,State_15,15,GSE135851,LAM1,1.695094108581543
GSE135851::LAM1:TGCACCTTCGAACTGT-1,3,GSE190260::LAM1163:GACGCGTCATCCGGGT-1,State_15,15,GSE190260,LAM1163,1.7808771133422852
GSE135851::LAM1:TGCACCTTCGAACTGT-1,4,GSE190260::LAM1158:CACACAAAGTGTACGG-1,State_15,15,GSE190260,LAM1158,1.8756587505340576
GSE135851::LAM1:TGCACCTTCGAACTGT-1,5,GSE135851::LAM1:CGGACACTCAGAGGTG-1,State_15,15,GSE135851,LAM1,1.9758026599884033
GSE135851::LAM1:TGCACCTTCGAACTGT-1,6,GSE135851::LAM1:ATTACTCAGCCACCTG-1,State_15,15,GSE135851,LAM1,2.012934923171997
GSE135851::LAM1:TGCACCTTCGAACTGT-1,7,GSE190260::LAM1163:GGGATGATCACAAACC-1,State_15,15,GSE190260,LAM1163,2.0971086025238037
GSE135851::LAM1:TGCACCTTCGAACTGT-1,8,GSE135851::LAM1:CGAGCACCATTATCTC-1,State_15,15,GSE135851,LAM1,2.1621100902557373
GSE135851::LAM1:TGCACCTTCGAACTGT-1,9,GSE190260::LAM1158:CTCATTAGTCGGGTCT-1,State_15,15,GSE190260,LAM1158,2.232827663421631
GSE135851::LAM1:TGCACCTTCGAACTGT-1,10,GSE302356::LAM3:TGCGATACACACGGTC-1,State_15,15,GSE302356,LAM32,2.2528018951416016
GSE135851::LAM1:TGCACCTTCGAACTGT-1,11,GSE190260::LAM1163:ATCCACCTCTTGTCAT-1,State_15,15,GSE190260,LAM1163,2.2997312545776367
GSE135851::LAM1:TGCACCTTCGAACTGT-1,12,GSE190260::LAM1163:CGCTGGAGTAAGTAGT-1,State_15,15,GSE190260,LAM1163,2.332632541656494
GSE135851::LAM1:TGCACCTTCGAACTGT-1,13,GSE190260::LAM1158:CAGCTAAGTGTCAATC-1,State_15,15,GSE190260,LAM1158,2.4147117137908936
GSE135851::LAM1:TGCACCTTCGAACTGT-1,14,GSE135851::LAM1:CACAGTAAGAGAACAG-1,State_15,15,GSE135851,LAM1,2.4393932819366455
GSE135851::LAM1:TGCACCTTCGAACTGT-1,15,GSE135851::LAM1:ATGTGTGCAGACAAGC-1,State_15,15,GSE135851,LAM1,2.4728446006774902
GSE135851::LAM1:TGCACCTTCGAACTGT-1,16,GSE135851::LAM1:CCTATTACACGAGGTA-1,State_15,15,GSE135851,LAM1,2.5648903846740723
GSE135851::LAM1:TGCACCTTCGAACTGT-1,17,GSE190260::LAM1163:GAAATGACATGGGACA-1,State_15,15,GSE190260,LAM1163,2.6174404621124268
GSE135851::LAM1:TGCACCTTCGAACTGT-1,18,GSE190260::LAM1158:CTAAGACAGTCTCGGC-1,State_15,15,GSE190260,LAM1158,2.6595966815948486
GSE135851::LAM1:TGCACCTTCGAACTGT-1,19,GSE190260::LAM1163:GCGGGTTTCACATAGC-1,State_15,15,GSE190260,LAM1163,2.7149388790130615
GSE135851::LAM1:TGCACCTTCGAACTGT-1,20,GSE190260::LAM1163:CGCTGGACAAGTTCTG-1,State_15,15,GSE190260,LAM1163,2.7485179901123047
GSE135851::LAM1:TGCACCTTCGAACTGT-1,21,GSE190260::LAM1163:CTTACCGCACATGTGT-1,State_15,15,GSE190260,LAM1163,2.7513911724090576
GSE135851::LAM1:TGCACCTTCGAACTGT-1,22,GSE190260::LAM1163:TCGTACCCAAGCCGTC-1,State_15,15,GSE190260,LAM1163,2.7745039463043213
GSE135851::LAM1:TGCACCTTCGAACTGT-1,23,GSE135851::LAM1:TATCTCATCAAGCCTA-1,State_15,15,GSE135851,LAM1,2.8103187084198
GSE135851::LAM1:TGCACCTTCGAACTGT-1,24,GSE190260::LAM1163:CATATTCGTCTCCCTA-1,State_15,15,GSE190260,LAM1163,2.84678053855896
GSE135851::LAM1:TGCACCTTCGAACTGT-1,25,GSE135851::LAM1:GCACTCTTCAGGCGAA-1,State_15,15,GSE135851,LAM1,2.8536272048950195
GSE135851::LAM1:TGCACCTTCGAACTGT-1,26,GSE135851::LAM1:GGCGACTTCGCACTCT-1,State_15,15,GSE135851,LAM1,2.8743975162506104
GSE135851::LAM1:TGCACCTTCGAACTGT-1,27,GSE302356::LAM3:TTTATGCAGAGCCTGA-1,State_15,15,GSE302356,LAM32,2.90794038772583
GSE135851::LAM1:TGCACCTTCGAACTGT-1,28,GSE135851::LAM1:TTGGCAAAGAATCTCC-1,State_15,15,GSE135851,LAM1,2.9265480041503906
GSE135851::LAM1:TGCACCTTCGAACTGT-1,29,GSE135851::LAM1:TTAACTCGTACTCAAC-1,State_15,15,GSE135851,LAM1,2.9464962482452393
GSE135851::LAM1:TGCACCTTCGAACTGT-1,30,GSE190260::LAM1163:CATCAAGCAATACGCT-1,State_15,15,GSE190260,LAM1163,2.9794297218322754
GSE135851::LAM1:TGCGCAGGTTCGCTAA-1,1,GSE135851::LAM1:GTGCAGCAGAGGGCTT-1,State_15,15,GSE135851,LAM1,1.228136420249939
GSE135851::LAM1:TGCGCAGGTTCGCTAA-1,2,GSE190260::LAM1163:GCGGGTTTCACATAGC-1,State_15,15,GSE190260,LAM1163,1.9157085418701172
GSE135851::LAM1:TGCGCAGGTTCGCTAA-1,3,GSE190260::LAM1163:CTCTGGTCATCCCACT-1,State_15,15,GSE190260,LAM1163,2.023707151412964
GSE135851::LAM1:TGCGCAGGTTCGCTAA-1,4,GSE135851::LAM1:TTGGCAAAGAATCTCC-1,State_15,15,GSE135851,LAM1,2.040362596511841
GSE135851::LAM1:TGCGCAGGTTCGCTAA-1,5,GSE190260::LAM1163:TCGAGGCAGACTAGAT-1,State_15,15,GSE190260,LAM1163,2.182992458343506
GSE135851::LAM1:TGCGCAGGTTCGCTAA-1,6,GSE190260::LAM1163:ACATGGTCATCGATTG-1,State_15,15,GSE190260,LAM1163,2.2712717056274414
GSE135851::LAM1:TGCGCAGGTTCGCTAA-1,7,GSE190260::LAM1163:ATCACGACAGTAAGAT-1,State_15,15,GSE190260,LAM1163,2.273940086364746
GSE135851::LAM1:TGCGCAGGTTCGCTAA-1,8,GSE190260::LAM1163:CATCAAGCAATACGCT-1,State_15,15,GSE190260,LAM1163,2.2880148887634277
GSE135851::LAM1:TGCGCAGGTTCGCTAA-1,9,GSE190260::LAM1163:GCACTCTCATCCGGGT-1,State_15,15,GSE190260,LAM1163,2.3331727981567383
GSE135851::LAM1:TGCGCAGGTTCGCTAA-1,10,GSE190260::LAM1163:TTGTAGGGTAAAGTCA-1,State_15,15,GSE190260,LAM1163,2.334676742553711
GSE135851::LAM1:TGCGCAGGTTCGCTAA-1,11,GSE190260::LAM1163:CACACTCAGATAGGAG-1,State_15,15,GSE190260,LAM1163,2.342308282852173
GSE135851::LAM1:TGCGCAGGTTCGCTAA-1,12,GSE135851::LAM3:CGTAGGCGTACTCAAC-1,State_15,15,GSE135851,LAM3,2.3676819801330566
GSE135851::LAM1:TGCGCAGGTTCGCTAA-1,13,GSE190260::LAM1163:TATCTCAAGAGACTAT-1,State_15,15,GSE190260,LAM1163,2.3796279430389404
GSE135851::LAM1:TGCGCAGGTTCGCTAA-1,14,GSE190260::LAM1163:CTCAGAAGTGATAAGT-1,State_15,15,GSE190260,LAM1163,2.386162519454956
GSE135851::LAM1:TGCGCAGGTTCGCTAA-1,15,GSE190260::LAM1163:CGCTTCAAGCCCAACC-1,State_15,15,GSE190260,LAM1163,2.3981261253356934
GSE135851::LAM1:TGCGCAGGTTCGCTAA-1,16,GSE190260::LAM1163:CAGATCAGTATCACCA-1,State_15,15,GSE190260,LAM1163,2.402539014816284
GSE135851::LAM1:TGCGCAGGTTCGCTAA-1,17,GSE190260::LAM1163:ATTACTCGTGTCCTCT-1,State_15,15,GSE190260,LAM1163,2.4102118015289307
GSE135851::LAM1:TGCGCAGGTTCGCTAA-1,18,GSE190260::LAM1163:TGCACCTAGACATAAC-1,State_15,15,GSE190260,LAM1163,2.410942316055298
GSE135851::LAM1:TGCGCAGGTTCGCTAA-1,19,GSE135851::LAM1:GCACTCTTCAGGCGAA-1,State_15,15,GSE135851,LAM1,2.415358304977417
GSE135851::LAM1:TGCGCAGGTTCGCTAA-1,20,GSE135851::LAM3:CCAATCCGTAGCTGCC-1,State_15,15,GSE135851,LAM3,2.4230403900146484
GSE135851::LAM1:TGCGCAGGTTCGCTAA-1,21,GSE135851::LAM3:ATGAGGGGTGTGCGTC-1,State_15,15,GSE135851,LAM3,2.4265847206115723
GSE135851::LAM1:TGCGCAGGTTCGCTAA-1,22,GSE190260::LAM1163:TTTGCGCAGCCAGAAC-1,State_15,15,GSE190260,LAM1163,2.4295825958251953
GSE135851::LAM1:TGCGCAGGTTCGCTAA-1,23,GSE190260::LAM1163:CGGCTAGAGTGGTAGC-1,State_15,15,GSE190260,LAM1163,2.44891357421875
GSE135851::LAM1:TGCGCAGGTTCGCTAA-1,24,GSE135851::LAM1:CGGACACTCAGAGGTG-1,State_15,15,GSE135851,LAM1,2.515192747116089
GSE135851::LAM1:TGCGCAGGTTCGCTAA-1,25,GSE190260::LAM1163:CCCAGTTGTCGTTGTA-1,State_15,15,GSE190260,LAM1163,2.5201973915100098
GSE135851::LAM1:TGCGCAGGTTCGCTAA-1,26,GSE190260::LAM1163:GGGTTGCGTCAGAATA-1,State_15,15,GSE190260,LAM1163,2.558387517929077
GSE135851::LAM1:TGCGCAGGTTCGCTAA-1,27,GSE190260::LAM1163:CTCGAGGAGCCCGAAA-1,State_15,15,GSE190260,LAM1163,2.573498487472534
GSE135851::LAM1:TGCGCAGGTTCGCTAA-1,28,GSE190260::LAM1163:AGCTCCTGTCAAAGCG-1,State_15,15,GSE190260,LAM1163,2.5772268772125244
GSE135851::LAM1:TGCGCAGGTTCGCTAA-1,29,GSE190260::LAM1163:CATTCGCAGCAATCTC-1,State_15,15,GSE190260,LAM1163,2.629319190979004
GSE135851::LAM1:TGCGCAGGTTCGCTAA-1,30,GSE190260::LAM1163:TCGTACCCAAGCCGTC-1,State_15,15,GSE190260,LAM1163,2.651374578475952
GSE135851::LAM1:TTAACTCGTACTCAAC-1,1,GSE135851::LAM1:ATGCGATGTCCGCTGA-1,State_15,15,GSE135851,LAM1,1.3587872982025146
GSE135851::LAM1:TTAACTCGTACTCAAC-1,2,GSE135851::LAM1:GGCGACTTCGCACTCT-1,State_15,15,GSE135851,LAM1,1.7277185916900635
GSE135851::LAM1:TTAACTCGTACTCAAC-1,3,GSE135851::LAM1:CGAGCACCATTATCTC-1,State_15,15,GSE135851,LAM1,1.73892080783844
GSE135851::LAM1:TTAACTCGTACTCAAC-1,4,GSE135851::LAM1:TCGAGGCTCGACCAGC-1,State_15,15,GSE135851,LAM1,2.2298567295074463
GSE135851::LAM1:TTAACTCGTACTCAAC-1,5,GSE190260::LAM1163:CGCTGGAGTAAGTAGT-1,State_15,15,GSE190260,LAM1163,2.351349115371704
GSE135851::LAM1:TTAACTCGTACTCAAC-1,6,GSE190260::LAM1163:CGCTGGACAAGTTCTG-1,State_15,15,GSE190260,LAM1163,2.3957252502441406
GSE135851::LAM1:TTAACTCGTACTCAAC-1,7,GSE190260::LAM1163:CGGACTGGTCCAAGTT-1,State_15,15,GSE190260,LAM1163,2.532315254211426
GSE135851::LAM1:TTAACTCGTACTCAAC-1,8,GSE135851::LAM1:ATTACTCAGCCACCTG-1,State_15,15,GSE135851,LAM1,2.5459158420562744
GSE135851::LAM1:TTAACTCGTACTCAAC-1,9,GSE190260::LAM1163:TACGGATTCTATCCTA-1,State_15,15,GSE190260,LAM1163,2.5487303733825684
GSE135851::LAM1:TTAACTCGTACTCAAC-1,10,GSE190260::LAM1163:TTCTCAAAGTCCGTAT-1,State_15,15,GSE190260,LAM1163,2.6239898204803467
GSE135851::LAM1:TTAACTCGTACTCAAC-1,11,GSE135851::LAM3:CTCGAAAGTCGCCATG-1,State_15,15,GSE135851,LAM3,2.6297574043273926
GSE135851::LAM1:TTAACTCGTACTCAAC-1,12,GSE190260::LAM1163:TCAGGATGTGACAAAT-1,State_15,15,GSE190260,LAM1163,2.6431350708007812
GSE135851::LAM1:TTAACTCGTACTCAAC-1,13,GSE190260::LAM1163:GGGATGATCACAAACC-1,State_15,15,GSE190260,LAM1163,2.6826508045196533
GSE135851::LAM1:TTAACTCGTACTCAAC-1,14,GSE135851::LAM1:GCACTCTTCAGGCGAA-1,State_15,15,GSE135851,LAM1,2.684359073638916
GSE135851::LAM1:TTAACTCGTACTCAAC-1,15,GSE190260::LAM1163:CGGAGCTAGAGAACAG-1,State_15,15,GSE190260,LAM1163,2.7109789848327637
GSE135851::LAM1:TTAACTCGTACTCAAC-1,16,GSE190260::LAM1163:CATATGGTCGCCCTTA-1,State_15,15,GSE190260,LAM1163,2.7168097496032715
GSE135851::LAM1:TTAACTCGTACTCAAC-1,17,GSE190260::LAM1163:GACGCGTCATCCGGGT-1,State_15,15,GSE190260,LAM1163,2.8049917221069336
GSE135851::LAM1:TTAACTCGTACTCAAC-1,18,GSE190260::LAM1163:ATGTGTGGTAGTAGTA-1,State_15,15,GSE190260,LAM1163,2.8060364723205566
GSE135851::LAM1:TTAACTCGTACTCAAC-1,19,GSE190260::LAM1163:TTAGGACGTCGGATCC-1,State_15,15,GSE190260,LAM1163,2.806187868118286
GSE135851::LAM1:TTAACTCGTACTCAAC-1,20,GSE190260::LAM1163:AAGACCTTCCCTTGCA-1,State_15,15,GSE190260,LAM1163,2.8179690837860107
GSE135851::LAM1:TTAACTCGTACTCAAC-1,21,GSE135851::LAM1:GTTTCTACATTGTGCA-1,State_15,15,GSE135851,LAM1,2.8257343769073486
GSE135851::LAM1:TTAACTCGTACTCAAC-1,22,GSE135851::LAM1:AGTGGGACAGACAAGC-1,boundary,,GSE135851,LAM1,2.8307735919952393
GSE135851::LAM1:TTAACTCGTACTCAAC-1,23,GSE190260::LAM1163:AGCCTAAAGATGCCAG-1,State_15,15,GSE190260,LAM1163,2.8363912105560303
GSE135851::LAM1:TTAACTCGTACTCAAC-1,24,GSE190260::LAM1163:ATTACTCGTGTCCTCT-1,State_15,15,GSE190260,LAM1163,2.851046562194824
GSE135851::LAM1:TTAACTCGTACTCAAC-1,25,GSE135851::LAM1:TTGGCAAAGAATCTCC-1,State_15,15,GSE135851,LAM1,2.853783369064331
GSE135851::LAM1:TTAACTCGTACTCAAC-1,26,GSE190260::LAM1163:CAGATCAGTATCACCA-1,State_15,15,GSE190260,LAM1163,2.865431547164917
GSE135851::LAM1:TTAACTCGTACTCAAC-1,27,GSE190260::LAM1163:AGAGCTTCACGTTGGC-1,State_15,15,GSE190260,LAM1163,2.892211437225342
GSE135851::LAM1:TTAACTCGTACTCAAC-1,28,GSE190260::LAM1163:CTGATCCTCGCTTAGA-1,State_15,15,GSE190260,LAM1163,2.899635076522827
GSE135851::LAM1:TTAACTCGTACTCAAC-1,29,GSE190260::LAM1163:AGAGTGGCATGATCCA-1,State_15,15,GSE190260,LAM1163,2.9002389907836914
GSE135851::LAM1:TTAACTCGTACTCAAC-1,30,GSE302356::LAM10:AGCCGCTAGAGGATAT-1,State_16,16,GSE302356,LAM3,2.9188694953918457
GSE135851::LAM1:TTCTACACAGTTCATG-1,1,GSE190260::LAM1163:CGTGTAAGTTGTACAC-1,State_15,15,GSE190260,LAM1163,2.3891525268554688
GSE135851::LAM1:TTCTACACAGTTCATG-1,2,GSE190260::LAM1163:GTCCTCATCCACTGGG-1,State_15,15,GSE190260,LAM1163,2.4507832527160645
GSE135851::LAM1:TTCTACACAGTTCATG-1,3,GSE190260::LAM1163:CTCGTCAGTGAGTATA-1,State_15,15,GSE190260,LAM1163,2.768359422683716
GSE135851::LAM1:TTCTACACAGTTCATG-1,4,GSE190260::LAM1163:CCTAGCTTCTGAGGGA-1,State_15,15,GSE190260,LAM1163,2.9014170169830322
GSE135851::LAM1:TTCTACACAGTTCATG-1,5,GSE135851::LAM3:CCACGGAAGGCAATTA-1,State_15,15,GSE135851,LAM3,2.9238107204437256
GSE135851::LAM1:TTCTACACAGTTCATG-1,6,GSE190260::LAM1163:GCGCGATCATTTCACT-1,State_7,7,GSE190260,LAM1163,2.950141429901123
GSE135851::LAM1:TTCTACACAGTTCATG-1,7,GSE135851::LAM1:TAAGTGCCATCTACGA-1,State_15,15,GSE135851,LAM1,2.9588067531585693
GSE135851::LAM1:TTCTACACAGTTCATG-1,8,GSE190260::LAM1163:AGGGAGTTCCTCTAGC-1,boundary,,GSE190260,LAM1163,2.9826157093048096
GSE135851::LAM1:TTCTACACAGTTCATG-1,9,GSE190260::LAM1163:TTAGGCATCATAAAGG-1,boundary,,GSE190260,LAM1163,3.012078285217285
GSE135851::LAM1:TTCTACACAGTTCATG-1,10,GSE217108::LAM32:GTTGGCGGTTCGGGAT-1,State_15,15,GSE217108,LAM32,3.017375946044922
GSE135851::LAM1:TTCTACACAGTTCATG-1,11,GSE122960::GSE122960_Donor_04:GCGCCAACACTTAAGC-1,normal,,GSE122960,GSE122960_Donor_04,3.0361807346343994
GSE135851::LAM1:TTCTACACAGTTCATG-1,12,GSE190260::LAM1163:ATGGGAGGTAATAGCA-1,State_15,15,GSE190260,LAM1163,3.0467326641082764
GSE135851::LAM1:TTCTACACAGTTCATG-1,13,GSE135851::LAM1:ACACTGATCCTTGCCA-1,State_15,15,GSE135851,LAM1,3.0571177005767822
GSE135851::LAM1:TTCTACACAGTTCATG-1,14,GSE135851::LAM1:CAGGTGCAGAATTCCC-1,State_7,7,GSE135851,LAM1,3.0866611003875732
GSE135851::LAM1:TTCTACACAGTTCATG-1,15,GSE135851::LAM1:TATCTCATCAAGCCTA-1,State_15,15,GSE135851,LAM1,3.092381477355957
GSE135851::LAM1:TTCTACACAGTTCATG-1,16,GSE190260::LAM1163:CCCAGTTCAACTTGAC-1,boundary,,GSE190260,LAM1163,3.1372151374816895
GSE135851::LAM1:TTCTACACAGTTCATG-1,17,GSE135851::LAM1:GTTTCTACATTGTGCA-1,State_15,15,GSE135851,LAM1,3.146608829498291
GSE135851::LAM1:TTCTACACAGTTCATG-1,18,GSE135851::LAM1:CGAGAAGCACTTGGAT-1,State_15,15,GSE135851,LAM1,3.1492176055908203
GSE135851::LAM1:TTCTACACAGTTCATG-1,19,GSE190260::LAM1163:TACGGGCCAGTTAACC-1,State_15,15,GSE190260,LAM1163,3.158641815185547
GSE135851::LAM1:TTCTACACAGTTCATG-1,20,GSE302356::LAM4:ATGGAGGCAGCGTAGA-1,State_16,16,GSE302356,LAM18,3.1753644943237305
GSE135851::LAM1:TTCTACACAGTTCATG-1,21,GSE190260::LAM1163:GTAGGCCCATCCAACA-1,State_12,12,GSE190260,LAM1163,3.1863653659820557
GSE135851::LAM1:TTCTACACAGTTCATG-1,22,GSE135851::LAM1:ACGAGCCTCTTCATGT-1,boundary,,GSE135851,LAM1,3.196880340576172
GSE135851::LAM1:TTCTACACAGTTCATG-1,23,GSE190260::LAM1163:CTTGGCTGTCCCTACT-1,State_15,15,GSE190260,LAM1163,3.255972385406494
GSE135851::LAM1:TTCTACACAGTTCATG-1,24,GSE190260::LAM1163:CCTTTCTCATCGGGTC-1,State_15,15,GSE190260,LAM1163,3.2613911628723145
GSE135851::LAM1:TTCTACACAGTTCATG-1,25,GSE190260::LAM1163:CACCAGGCAGGTCTCG-1,boundary,,GSE190260,LAM1163,3.2729666233062744
GSE135851::LAM1:TTCTACACAGTTCATG-1,26,GSE190260::LAM1163:AGTAGTCTCTGTGCAA-1,boundary,,GSE190260,LAM1163,3.2754499912261963
GSE135851::LAM1:TTCTACACAGTTCATG-1,27,GSE190260::LAM1163:AATCGGTTCTGATACG-1,boundary,,GSE190260,LAM1163,3.27937912940979
GSE135851::LAM1:TTCTACACAGTTCATG-1,28,GSE135851::LAM1:ATCACGACAAACAACA-1,State_5,5,GSE135851,LAM1,3.2877349853515625
GSE135851::LAM1:TTCTACACAGTTCATG-1,29,GSE190260::LAM1163:TGTTCCGGTAAACACA-1,boundary,,GSE190260,LAM1163,3.2915945053100586
GSE135851::LAM1:TTCTACACAGTTCATG-1,30,GSE190260::LAM1163:GTTCATTAGTTATCGC-1,boundary,,GSE190260,LAM1163,3.292349338531494
GSE135851::LAM1:TTGGCAAAGAATCTCC-1,1,GSE135851::LAM1:TGCGCAGGTTCGCTAA-1,State_15,15,GSE135851,LAM1,2.040362596511841
GSE135851::LAM1:TTGGCAAAGAATCTCC-1,2,GSE135851::LAM1:CGGACACTCAGAGGTG-1,State_15,15,GSE135851,LAM1,2.043947458267212
GSE135851::LAM1:TTGGCAAAGAATCTCC-1,3,GSE190260::LAM1163:GCGGGTTTCACATAGC-1,State_15,15,GSE190260,LAM1163,2.0671908855438232
GSE135851::LAM1:TTGGCAAAGAATCTCC-1,4,GSE190260::LAM1163:ACATGGTCATCGATTG-1,State_15,15,GSE190260,LAM1163,2.075788736343384
GSE135851::LAM1:TTGGCAAAGAATCTCC-1,5,GSE190260::LAM1163:TGCGCAGTCTCTAAGG-1,State_15,15,GSE190260,LAM1163,2.080385684967041
GSE135851::LAM1:TTGGCAAAGAATCTCC-1,6,GSE190260::LAM1163:TTCTCAAAGTCCGTAT-1,State_15,15,GSE190260,LAM1163,2.1081860065460205
GSE135851::LAM1:TTGGCAAAGAATCTCC-1,7,GSE190260::LAM1163:TATCTCAAGAGACTAT-1,State_15,15,GSE190260,LAM1163,2.13972544670105
GSE135851::LAM1:TTGGCAAAGAATCTCC-1,8,GSE190260::LAM1163:CAGATCAGTATCACCA-1,State_15,15,GSE190260,LAM1163,2.1500918865203857
GSE135851::LAM1:TTGGCAAAGAATCTCC-1,9,GSE190260::LAM1163:ATTACTCGTGTCCTCT-1,State_15,15,GSE190260,LAM1163,2.184453010559082
GSE135851::LAM1:TTGGCAAAGAATCTCC-1,10,GSE190260::LAM1163:ATGTGTGGTAGTAGTA-1,State_15,15,GSE190260,LAM1163,2.2143025398254395
GSE135851::LAM1:TTGGCAAAGAATCTCC-1,11,GSE190260::LAM1163:TCGTACCCAAGCCGTC-1,State_15,15,GSE190260,LAM1163,2.2317936420440674
GSE135851::LAM1:TTGGCAAAGAATCTCC-1,12,GSE135851::LAM1:GTGCAGCAGAGGGCTT-1,State_15,15,GSE135851,LAM1,2.2431600093841553
GSE135851::LAM1:TTGGCAAAGAATCTCC-1,13,GSE190260::LAM1163:CATCAAGCAATACGCT-1,State_15,15,GSE190260,LAM1163,2.2456066608428955
GSE135851::LAM1:TTGGCAAAGAATCTCC-1,14,GSE135851::LAM1:TCGAGGCTCGACCAGC-1,State_15,15,GSE135851,LAM1,2.269263982772827
GSE135851::LAM1:TTGGCAAAGAATCTCC-1,15,GSE135851::LAM1:GCACTCTTCAGGCGAA-1,State_15,15,GSE135851,LAM1,2.2967007160186768
GSE135851::LAM1:TTGGCAAAGAATCTCC-1,16,GSE190260::LAM1163:CGCTTCAAGCCCAACC-1,State_15,15,GSE190260,LAM1163,2.3360002040863037
GSE135851::LAM1:TTGGCAAAGAATCTCC-1,17,GSE190260::LAM1163:TTGTAGGGTAAAGTCA-1,State_15,15,GSE190260,LAM1163,2.351743221282959
GSE135851::LAM1:TTGGCAAAGAATCTCC-1,18,GSE190260::LAM1163:GGGTTGCGTCAGAATA-1,State_15,15,GSE190260,LAM1163,2.390526056289673
GSE135851::LAM1:TTGGCAAAGAATCTCC-1,19,GSE190260::LAM1163:GGATGTTTCAAGCCTA-1,State_15,15,GSE190260,LAM1163,2.393827199935913
GSE135851::LAM1:TTGGCAAAGAATCTCC-1,20,GSE190260::LAM1163:TACGGATTCTATCCTA-1,State_15,15,GSE190260,LAM1163,2.417351007461548
GSE135851::LAM1:TTGGCAAAGAATCTCC-1,21,GSE190260::LAM1163:GGATGTTTCTTCCTTC-1,State_15,15,GSE190260,LAM1163,2.4461426734924316
GSE135851::LAM1:TTGGCAAAGAATCTCC-1,22,GSE190260::LAM1163:TACGGTATCACCTTAT-1,State_15,15,GSE190260,LAM1163,2.447340726852417
GSE135851::LAM1:TTGGCAAAGAATCTCC-1,23,GSE190260::LAM1163:GACGCGTCATCCGGGT-1,State_15,15,GSE190260,LAM1163,2.4526703357696533
GSE135851::LAM1:TTGGCAAAGAATCTCC-1,24,GSE190260::LAM1163:AGCCTAAAGATGCCAG-1,State_15,15,GSE190260,LAM1163,2.45627498626709
GSE135851::LAM1:TTGGCAAAGAATCTCC-1,25,GSE190260::LAM1163:AAGACCTTCCCTTGCA-1,State_15,15,GSE190260,LAM1163,2.470615863800049
GSE135851::LAM1:TTGGCAAAGAATCTCC-1,26,GSE190260::LAM1163:CACAGTATCTTGTATC-1,State_15,15,GSE190260,LAM1163,2.511082172393799
GSE135851::LAM1:TTGGCAAAGAATCTCC-1,27,GSE190260::LAM1163:CGGAGCTAGAGAACAG-1,State_15,15,GSE190260,LAM1163,2.5368800163269043
GSE135851::LAM1:TTGGCAAAGAATCTCC-1,28,GSE190260::LAM1163:CTGATCCTCGCTTAGA-1,State_15,15,GSE190260,LAM1163,2.5419301986694336
GSE135851::LAM1:TTGGCAAAGAATCTCC-1,29,GSE190260::LAM1163:TTTGCGCAGCCAGAAC-1,State_15,15,GSE190260,LAM1163,2.5542526245117188
GSE135851::LAM1:TTGGCAAAGAATCTCC-1,30,GSE190260::LAM1163:GACTAACGTTGTGGCC-1,State_15,15,GSE190260,LAM1163,2.5558345317840576
GSE135851::LAM3:AACCATGCACGAAGCA-1,1,GSE135851::LAM3:CGGCTAGGTTAAGGGC-1,State_15,15,GSE135851,LAM3,1.231170892715454
GSE135851::LAM3:AACCATGCACGAAGCA-1,2,GSE135851::LAM3:ATGAGGGGTGTGCGTC-1,State_15,15,GSE135851,LAM3,1.2490816116333008
GSE135851::LAM3:AACCATGCACGAAGCA-1,3,GSE135851::LAM3:TAGAGCTAGTTAGCGG-1,State_15,15,GSE135851,LAM3,1.3737030029296875
GSE135851::LAM3:AACCATGCACGAAGCA-1,4,GSE135851::LAM3:CGCTTCATCGCACTCT-1,State_15,15,GSE135851,LAM3,1.4924311637878418
GSE135851::LAM3:AACCATGCACGAAGCA-1,5,GSE135851::LAM3:TTTATGCAGCCAACAG-1,State_15,15,GSE135851,LAM3,1.5412243604660034
GSE135851::LAM3:AACCATGCACGAAGCA-1,6,GSE135851::LAM3:TTTGTCACAGTTCCCT-1,State_15,15,GSE135851,LAM3,1.6627693176269531
GSE135851::LAM3:AACCATGCACGAAGCA-1,7,GSE135851::LAM3:CGTAGGCGTACTCAAC-1,State_15,15,GSE135851,LAM3,1.6780198812484741
GSE135851::LAM3:AACCATGCACGAAGCA-1,8,GSE135851::LAM3:ATCTGCCTCAGAGCTT-1,State_15,15,GSE135851,LAM3,1.765762448310852
GSE135851::LAM3:AACCATGCACGAAGCA-1,9,GSE135851::LAM3:CCAATCCGTAGCTGCC-1,State_15,15,GSE135851,LAM3,1.795130729675293
GSE135851::LAM3:AACCATGCACGAAGCA-1,10,GSE135851::LAM3:TACAGTGAGGCAATTA-1,State_15,15,GSE135851,LAM3,1.8627512454986572
GSE135851::LAM3:AACCATGCACGAAGCA-1,11,GSE135851::LAM3:CGTCACTCAGGCTCAC-1,State_15,15,GSE135851,LAM3,1.9981369972229004
GSE135851::LAM3:AACCATGCACGAAGCA-1,12,GSE135851::LAM3:TCGTACCAGGGATCTG-1,State_15,15,GSE135851,LAM3,2.0111632347106934
GSE135851::LAM3:AACCATGCACGAAGCA-1,13,GSE135851::LAM3:GGAATAAGTAGCTGCC-1,State_15,15,GSE135851,LAM3,2.056018829345703
GSE135851::LAM3:AACCATGCACGAAGCA-1,14,GSE135851::LAM3:CCTACACCAATGTTGC-1,State_15,15,GSE135851,LAM3,2.094442129135132
GSE135851::LAM3:AACCATGCACGAAGCA-1,15,GSE135851::LAM3:GGCGACTAGGTGATTA-1,boundary,,GSE135851,LAM3,2.128676176071167
GSE135851::LAM3:AACCATGCACGAAGCA-1,16,GSE190260::LAM1163:AGAGTGGCATGATCCA-1,State_15,15,GSE190260,LAM1163,2.3090875148773193
GSE135851::LAM3:AACCATGCACGAAGCA-1,17,GSE190260::LAM1163:CGGCTAGAGTGGTAGC-1,State_15,15,GSE190260,LAM1163,2.370419502258301
GSE135851::LAM3:AACCATGCACGAAGCA-1,18,GSE190260::LAM1163:CTCTGGTCATCCCACT-1,State_15,15,GSE190260,LAM1163,2.400996685028076
GSE135851::LAM3:AACCATGCACGAAGCA-1,19,GSE135851::LAM3:GTAACTGTCAAACAAG-1,State_15,15,GSE135851,LAM3,2.4039626121520996
GSE135851::LAM3:AACCATGCACGAAGCA-1,20,GSE135851::LAM3:CCACGGACACCTATCC-1,State_15,15,GSE135851,LAM3,2.407486915588379
GSE135851::LAM3:AACCATGCACGAAGCA-1,21,GSE135851::LAM3:CTCGTACCAAGCCCAC-1,State_15,15,GSE135851,LAM3,2.4155185222625732
GSE135851::LAM3:AACCATGCACGAAGCA-1,22,GSE135851::LAM3:CACAAACCAATAGCGG-1,State_15,15,GSE135851,LAM3,2.418055295944214
GSE135851::LAM3:AACCATGCACGAAGCA-1,23,GSE190260::LAM1163:TGACGGCAGTGGCACA-1,State_15,15,GSE190260,LAM1163,2.4718658924102783
GSE135851::LAM3:AACCATGCACGAAGCA-1,24,GSE190260::LAM1163:TCGAGGCAGACTAGAT-1,State_15,15,GSE190260,LAM1163,2.561453342437744
GSE135851::LAM3:AACCATGCACGAAGCA-1,25,GSE135851::LAM3:CTCGAAAGTCGCCATG-1,State_15,15,GSE135851,LAM3,2.608454465866089
GSE135851::LAM3:AACCATGCACGAAGCA-1,26,GSE190260::LAM1163:TTGGAACTCGGCGGTT-1,State_15,15,GSE190260,LAM1163,2.617119789123535
GSE135851::LAM3:AACCATGCACGAAGCA-1,27,GSE190260::LAM1163:CATTCGCAGCAATCTC-1,State_15,15,GSE190260,LAM1163,2.672208547592163
GSE135851::LAM3:AACCATGCACGAAGCA-1,28,GSE190260::LAM1163:TTAGGACGTCGGATCC-1,State_15,15,GSE190260,LAM1163,2.7256431579589844
GSE135851::LAM3:AACCATGCACGAAGCA-1,29,GSE135851::LAM3:ACCTTTACACTCAGGC-1,State_15,15,GSE135851,LAM3,2.737030506134033
GSE135851::LAM3:AACCATGCACGAAGCA-1,30,GSE190260::LAM1163:CTCGAGGAGCCCGAAA-1,State_15,15,GSE190260,LAM1163,2.7502670288085938
GSE135851::LAM3:ACCTTTACACTCAGGC-1,1,GSE135851::LAM3:TACAGTGAGGCAATTA-1,State_15,15,GSE135851,LAM3,1.485377311706543
GSE135851::LAM3:ACCTTTACACTCAGGC-1,2,GSE135851::LAM3:CCACGGACACCTATCC-1,State_15,15,GSE135851,LAM3,1.7046880722045898
GSE135851::LAM3:ACCTTTACACTCAGGC-1,3,GSE135851::LAM3:GGAATAAGTAGCTGCC-1,State_15,15,GSE135851,LAM3,1.9715304374694824
GSE135851::LAM3:ACCTTTACACTCAGGC-1,4,GSE135851::LAM3:CGGCTAGGTTAAGGGC-1,State_15,15,GSE135851,LAM3,2.218262195587158
GSE135851::LAM3:ACCTTTACACTCAGGC-1,5,GSE135851::LAM3:TTTGTCACAGTTCCCT-1,State_15,15,GSE135851,LAM3,2.242527723312378
GSE135851::LAM3:ACCTTTACACTCAGGC-1,6,GSE135851::LAM3:GTAACTGTCAAACAAG-1,State_15,15,GSE135851,LAM3,2.285766124725342
GSE135851::LAM3:ACCTTTACACTCAGGC-1,7,GSE135851::LAM3:CCTACACCAATGTTGC-1,State_15,15,GSE135851,LAM3,2.5253305435180664
GSE135851::LAM3:ACCTTTACACTCAGGC-1,8,GSE190260::LAM1163:AAAGCAAAGTCAAGGC-1,State_15,15,GSE190260,LAM1163,2.5502023696899414
GSE135851::LAM3:ACCTTTACACTCAGGC-1,9,GSE190260::LAM1163:CATTCGCAGCAATCTC-1,State_15,15,GSE190260,LAM1163,2.606032371520996
GSE135851::LAM3:ACCTTTACACTCAGGC-1,10,GSE135851::LAM3:CTCGTACCAAGCCCAC-1,State_15,15,GSE135851,LAM3,2.639761209487915
GSE135851::LAM3:ACCTTTACACTCAGGC-1,11,GSE135851::LAM3:TAGAGCTAGTTAGCGG-1,State_15,15,GSE135851,LAM3,2.7028465270996094
GSE135851::LAM3:ACCTTTACACTCAGGC-1,12,GSE135851::LAM3:AACCATGCACGAAGCA-1,State_15,15,GSE135851,LAM3,2.737030506134033
GSE135851::LAM3:ACCTTTACACTCAGGC-1,13,GSE135851::LAM3:GGCGACTAGGTGATTA-1,boundary,,GSE135851,LAM3,2.856940984725952
GSE135851::LAM3:ACCTTTACACTCAGGC-1,14,GSE135851::LAM3:CGTAGGCGTACTCAAC-1,State_15,15,GSE135851,LAM3,2.9141950607299805
GSE135851::LAM3:ACCTTTACACTCAGGC-1,15,GSE190260::LAM1158:ATCCGAATCCAGTATG-1,State_15,15,GSE190260,LAM1158,2.917604684829712
GSE135851::LAM3:ACCTTTACACTCAGGC-1,16,GSE135851::LAM3:ATGAGGGGTGTGCGTC-1,State_15,15,GSE135851,LAM3,2.962545394897461
GSE135851::LAM3:ACCTTTACACTCAGGC-1,17,GSE135851::LAM3:CGCTTCATCGCACTCT-1,State_15,15,GSE135851,LAM3,2.9742271900177
GSE135851::LAM3:ACCTTTACACTCAGGC-1,18,GSE302356::LAM3:GCAGCTGCATATGAAG-1,State_15,15,GSE302356,LAM32,3.0618793964385986
GSE135851::LAM3:ACCTTTACACTCAGGC-1,19,GSE135851::LAM3:TTTATGCAGCCAACAG-1,State_15,15,GSE135851,LAM3,3.0873217582702637
GSE135851::LAM3:ACCTTTACACTCAGGC-1,20,GSE190260::LAM1163:TTGGAACTCGGCGGTT-1,State_15,15,GSE190260,LAM1163,3.1754117012023926
GSE135851::LAM3:ACCTTTACACTCAGGC-1,21,GSE190260::LAM1163:CTCGAGGAGCCCGAAA-1,State_15,15,GSE190260,LAM1163,3.200289726257324
GSE135851::LAM3:ACCTTTACACTCAGGC-1,22,GSE302356::LAM10:AGCAATACACGAATTT-1,State_16,16,GSE302356,LAM3,3.212630271911621
GSE135851::LAM3:ACCTTTACACTCAGGC-1,23,GSE302356::LAM3:TACCCGTTCTGGACCG-1,State_15,15,GSE302356,LAM32,3.249361276626587
GSE135851::LAM3:ACCTTTACACTCAGGC-1,24,GSE302356::LAM3:CAAAGAATCCTGCTAC-1,State_15,15,GSE302356,LAM32,3.2857511043548584
GSE135851::LAM3:ACCTTTACACTCAGGC-1,25,GSE217108::LAM32:GAGTTGCGTAAGCTTG-1,boundary,,GSE217108,LAM32,3.300400495529175
GSE135851::LAM3:ACCTTTACACTCAGGC-1,26,GSE190260::LAM1163:CTTGGCTCAGGTCCAC-1,State_16,16,GSE190260,LAM1163,3.3402442932128906
GSE135851::LAM3:ACCTTTACACTCAGGC-1,27,GSE302356::LAM10:GTATGTTCAGGAACTG-1,State_16,16,GSE302356,LAM3,3.3769748210906982
GSE135851::LAM3:ACCTTTACACTCAGGC-1,28,GSE190260::LAM1158:AAACGGGAGTCGCCGT-1,State_15,15,GSE190260,LAM1158,3.3819804191589355
GSE135851::LAM3:ACCTTTACACTCAGGC-1,29,GSE302356::LAM10:ACCTAAATCATCAGTA-1,State_16,16,GSE302356,LAM3,3.382485866546631
GSE135851::LAM3:ACCTTTACACTCAGGC-1,30,GSE135851::LAM3:GTAGGCCCATGTCCTC-1,State_16,16,GSE135851,LAM3,3.3826985359191895
GSE135851::LAM3:ATCTGCCTCAGAGCTT-1,1,GSE135851::LAM3:CGCTTCATCGCACTCT-1,State_15,15,GSE135851,LAM3,1.379941701889038
GSE135851::LAM3:ATCTGCCTCAGAGCTT-1,2,GSE135851::LAM3:TTTATGCAGCCAACAG-1,State_15,15,GSE135851,LAM3,1.5929272174835205
GSE135851::LAM3:ATCTGCCTCAGAGCTT-1,3,GSE135851::LAM3:AACCATGCACGAAGCA-1,State_15,15,GSE135851,LAM3,1.765762448310852
GSE135851::LAM3:ATCTGCCTCAGAGCTT-1,4,GSE135851::LAM3:CGTAGGCGTACTCAAC-1,State_15,15,GSE135851,LAM3,1.7852299213409424
GSE135851::LAM3:ATCTGCCTCAGAGCTT-1,5,GSE190260::LAM1163:AGAGTGGCATGATCCA-1,State_15,15,GSE190260,LAM1163,1.7946299314498901
GSE135851::LAM3:ATCTGCCTCAGAGCTT-1,6,GSE135851::LAM3:ATGAGGGGTGTGCGTC-1,State_15,15,GSE135851,LAM3,1.8319730758666992
GSE135851::LAM3:ATCTGCCTCAGAGCTT-1,7,GSE135851::LAM3:TTTGTCACAGTTCCCT-1,State_15,15,GSE135851,LAM3,1.892432689666748
GSE135851::LAM3:ATCTGCCTCAGAGCTT-1,8,GSE135851::LAM3:CCAATCCGTAGCTGCC-1,State_15,15,GSE135851,LAM3,1.8995182514190674
GSE135851::LAM3:ATCTGCCTCAGAGCTT-1,9,GSE135851::LAM3:TAGAGCTAGTTAGCGG-1,State_15,15,GSE135851,LAM3,1.928975224494934
GSE135851::LAM3:ATCTGCCTCAGAGCTT-1,10,GSE135851::LAM3:GGCGACTAGGTGATTA-1,boundary,,GSE135851,LAM3,1.9962537288665771
GSE135851::LAM3:ATCTGCCTCAGAGCTT-1,11,GSE190260::LAM1163:TGACGGCAGTGGCACA-1,State_15,15,GSE190260,LAM1163,2.2201433181762695
GSE135851::LAM3:ATCTGCCTCAGAGCTT-1,12,GSE135851::LAM3:CGGCTAGGTTAAGGGC-1,State_15,15,GSE135851,LAM3,2.2409555912017822
GSE135851::LAM3:ATCTGCCTCAGAGCTT-1,13,GSE190260::LAM1158:AAACGGGAGTCGCCGT-1,State_15,15,GSE190260,LAM1158,2.2675838470458984
GSE135851::LAM3:ATCTGCCTCAGAGCTT-1,14,GSE190260::LAM1163:CGGCTAGAGTGGTAGC-1,State_15,15,GSE190260,LAM1163,2.277038335800171
GSE135851::LAM3:ATCTGCCTCAGAGCTT-1,15,GSE190260::LAM1163:CTCTGGTCATCCCACT-1,State_15,15,GSE190260,LAM1163,2.374847888946533
GSE135851::LAM3:ATCTGCCTCAGAGCTT-1,16,GSE190260::LAM1163:GACTAACGTTGTGGCC-1,State_15,15,GSE190260,LAM1163,2.3777809143066406
GSE135851::LAM3:ATCTGCCTCAGAGCTT-1,17,GSE190260::LAM1163:TCGAGGCAGACTAGAT-1,State_15,15,GSE190260,LAM1163,2.422628402709961
GSE135851::LAM3:ATCTGCCTCAGAGCTT-1,18,GSE135851::LAM3:TCGTACCAGGGATCTG-1,State_15,15,GSE135851,LAM3,2.434614419937134
GSE135851::LAM3:ATCTGCCTCAGAGCTT-1,19,GSE135851::LAM3:CGTCACTCAGGCTCAC-1,State_15,15,GSE135851,LAM3,2.4720542430877686
GSE135851::LAM3:ATCTGCCTCAGAGCTT-1,20,GSE190260::LAM1163:ACAGCCGAGGACTGGT-1,State_15,15,GSE190260,LAM1163,2.4751040935516357
GSE135851::LAM3:ATCTGCCTCAGAGCTT-1,21,GSE190260::LAM1163:TGCGCAGTCTCTAAGG-1,State_15,15,GSE190260,LAM1163,2.495312213897705
GSE135851::LAM3:ATCTGCCTCAGAGCTT-1,22,GSE190260::LAM1163:TTGGAACTCGGCGGTT-1,State_15,15,GSE190260,LAM1163,2.503466844558716
GSE135851::LAM3:ATCTGCCTCAGAGCTT-1,23,GSE190260::LAM1163:GCGGGTTTCACATAGC-1,State_15,15,GSE190260,LAM1163,2.522061586380005
GSE135851::LAM3:ATCTGCCTCAGAGCTT-1,24,GSE190260::LAM1163:GCACTCTCATCCGGGT-1,State_15,15,GSE190260,LAM1163,2.537195920944214
GSE135851::LAM3:ATCTGCCTCAGAGCTT-1,25,GSE302356::LAM3:GCAGGCTAGGCTTTCA-1,State_20,20,GSE302356,LAM32,2.542941093444824
GSE135851::LAM3:ATCTGCCTCAGAGCTT-1,26,GSE190260::LAM1163:GTCACAAAGACTTGAA-1,State_15,15,GSE190260,LAM1163,2.5804824829101562
GSE135851::LAM3:ATCTGCCTCAGAGCTT-1,27,GSE135851::LAM3:GGAATAAGTAGCTGCC-1,State_15,15,GSE135851,LAM3,2.6132497787475586
GSE135851::LAM3:ATCTGCCTCAGAGCTT-1,28,GSE135851::LAM3:CCTACACCAATGTTGC-1,State_15,15,GSE135851,LAM3,2.6900486946105957
GSE135851::LAM3:ATCTGCCTCAGAGCTT-1,29,GSE135851::LAM3:TACAGTGAGGCAATTA-1,State_15,15,GSE135851,LAM3,2.694000244140625
GSE135851::LAM3:ATCTGCCTCAGAGCTT-1,30,GSE135851::LAM3:CTCGAAAGTCGCCATG-1,State_15,15,GSE135851,LAM3,2.7157390117645264
GSE135851::LAM3:ATGAGGGGTGTGCGTC-1,1,GSE135851::LAM3:CGCTTCATCGCACTCT-1,State_15,15,GSE135851,LAM3,1.188928484916687
GSE135851::LAM3:ATGAGGGGTGTGCGTC-1,2,GSE135851::LAM3:AACCATGCACGAAGCA-1,State_15,15,GSE135851,LAM3,1.2490816116333008
GSE135851::LAM3:ATGAGGGGTGTGCGTC-1,3,GSE135851::LAM3:TAGAGCTAGTTAGCGG-1,State_15,15,GSE135851,LAM3,1.325678825378418
GSE135851::LAM3:ATGAGGGGTGTGCGTC-1,4,GSE135851::LAM3:CGTAGGCGTACTCAAC-1,State_15,15,GSE135851,LAM3,1.5949198007583618
GSE135851::LAM3:ATGAGGGGTGTGCGTC-1,5,GSE135851::LAM3:TTTGTCACAGTTCCCT-1,State_15,15,GSE135851,LAM3,1.5972154140472412
GSE135851::LAM3:ATGAGGGGTGTGCGTC-1,6,GSE135851::LAM3:CGGCTAGGTTAAGGGC-1,State_15,15,GSE135851,LAM3,1.7412173748016357
GSE135851::LAM3:ATGAGGGGTGTGCGTC-1,7,GSE135851::LAM3:TTTATGCAGCCAACAG-1,State_15,15,GSE135851,LAM3,1.7618197202682495
GSE135851::LAM3:ATGAGGGGTGTGCGTC-1,8,GSE135851::LAM3:ATCTGCCTCAGAGCTT-1,State_15,15,GSE135851,LAM3,1.8319730758666992
GSE135851::LAM3:ATGAGGGGTGTGCGTC-1,9,GSE135851::LAM3:CCAATCCGTAGCTGCC-1,State_15,15,GSE135851,LAM3,1.9240721464157104
GSE135851::LAM3:ATGAGGGGTGTGCGTC-1,10,GSE135851::LAM3:GGAATAAGTAGCTGCC-1,State_15,15,GSE135851,LAM3,2.0156137943267822
GSE135851::LAM3:ATGAGGGGTGTGCGTC-1,11,GSE135851::LAM3:TACAGTGAGGCAATTA-1,State_15,15,GSE135851,LAM3,2.06872296333313
GSE135851::LAM3:ATGAGGGGTGTGCGTC-1,12,GSE190260::LAM1163:CTCTGGTCATCCCACT-1,State_15,15,GSE190260,LAM1163,2.1051480770111084
GSE135851::LAM3:ATGAGGGGTGTGCGTC-1,13,GSE135851::LAM3:GGCGACTAGGTGATTA-1,boundary,,GSE135851,LAM3,2.162111282348633
GSE135851::LAM3:ATGAGGGGTGTGCGTC-1,14,GSE190260::LAM1163:TCGAGGCAGACTAGAT-1,State_15,15,GSE190260,LAM1163,2.1882569789886475
GSE135851::LAM3:ATGAGGGGTGTGCGTC-1,15,GSE190260::LAM1163:CGGCTAGAGTGGTAGC-1,State_15,15,GSE190260,LAM1163,2.2461929321289062
GSE135851::LAM3:ATGAGGGGTGTGCGTC-1,16,GSE135851::LAM3:CTCGTACCAAGCCCAC-1,State_15,15,GSE135851,LAM3,2.2729156017303467
GSE135851::LAM3:ATGAGGGGTGTGCGTC-1,17,GSE135851::LAM3:GTAACTGTCAAACAAG-1,State_15,15,GSE135851,LAM3,2.28153395652771
GSE135851::LAM3:ATGAGGGGTGTGCGTC-1,18,GSE135851::LAM3:CGTCACTCAGGCTCAC-1,State_15,15,GSE135851,LAM3,2.2839298248291016
GSE135851::LAM3:ATGAGGGGTGTGCGTC-1,19,GSE135851::LAM3:CCACGGACACCTATCC-1,State_15,15,GSE135851,LAM3,2.3045003414154053
GSE135851::LAM3:ATGAGGGGTGTGCGTC-1,20,GSE135851::LAM3:TCGTACCAGGGATCTG-1,State_15,15,GSE135851,LAM3,2.327820062637329
GSE135851::LAM3:ATGAGGGGTGTGCGTC-1,21,GSE190260::LAM1163:AGAGTGGCATGATCCA-1,State_15,15,GSE190260,LAM1163,2.3346102237701416
GSE135851::LAM3:ATGAGGGGTGTGCGTC-1,22,GSE190260::LAM1163:TGACGGCAGTGGCACA-1,State_15,15,GSE190260,LAM1163,2.3525452613830566
GSE135851::LAM3:ATGAGGGGTGTGCGTC-1,23,GSE135851::LAM1:TGCGCAGGTTCGCTAA-1,State_15,15,GSE135851,LAM1,2.4265847206115723
GSE135851::LAM3:ATGAGGGGTGTGCGTC-1,24,GSE190260::LAM1158:AAACGGGAGTCGCCGT-1,State_15,15,GSE190260,LAM1158,2.43399715423584
GSE135851::LAM3:ATGAGGGGTGTGCGTC-1,25,GSE135851::LAM3:CCTACACCAATGTTGC-1,State_15,15,GSE135851,LAM3,2.5264692306518555
GSE135851::LAM3:ATGAGGGGTGTGCGTC-1,26,GSE190260::LAM1163:CATTCGCAGCAATCTC-1,State_15,15,GSE190260,LAM1163,2.5367329120635986
GSE135851::LAM3:ATGAGGGGTGTGCGTC-1,27,GSE190260::LAM1163:CTCAGAAGTGATAAGT-1,State_15,15,GSE190260,LAM1163,2.6167972087860107
GSE135851::LAM3:ATGAGGGGTGTGCGTC-1,28,GSE190260::LAM1163:TTGGAACTCGGCGGTT-1,State_15,15,GSE190260,LAM1163,2.6186771392822266
GSE135851::LAM3:ATGAGGGGTGTGCGTC-1,29,GSE135851::LAM3:CACAAACCAATAGCGG-1,State_15,15,GSE135851,LAM3,2.673316240310669
GSE135851::LAM3:ATGAGGGGTGTGCGTC-1,30,GSE190260::LAM1163:ATCACGACAGTAAGAT-1,State_15,15,GSE190260,LAM1163,2.733949661254883
GSE135851::LAM3:CACAAACCAATAGCGG-1,1,GSE135851::LAM3:TCGTACCAGGGATCTG-1,State_15,15,GSE135851,LAM3,1.0232090950012207
GSE135851::LAM3:CACAAACCAATAGCGG-1,2,GSE135851::LAM3:CGTCACTCAGGCTCAC-1,State_15,15,GSE135851,LAM3,1.4355653524398804
GSE135851::LAM3:CACAAACCAATAGCGG-1,3,GSE135851::LAM3:CTCGAAAGTCGCCATG-1,State_15,15,GSE135851,LAM3,1.6125860214233398
GSE135851::LAM3:CACAAACCAATAGCGG-1,4,GSE135851::LAM3:CCAATCCGTAGCTGCC-1,State_15,15,GSE135851,LAM3,1.6512914896011353
GSE135851::LAM3:CACAAACCAATAGCGG-1,5,GSE190260::LAM1163:AGAGTGGCATGATCCA-1,State_15,15,GSE190260,LAM1163,2.1171529293060303
GSE135851::LAM3:CACAAACCAATAGCGG-1,6,GSE190260::LAM1163:CCACCTAAGGTACTCT-1,State_15,15,GSE190260,LAM1163,2.2365317344665527
GSE135851::LAM3:CACAAACCAATAGCGG-1,7,GSE135851::LAM3:CGTAGGCGTACTCAAC-1,State_15,15,GSE135851,LAM3,2.3459954261779785
GSE135851::LAM3:CACAAACCAATAGCGG-1,8,GSE190260::LAM1163:CTTACCGTCGTCTGCT-1,State_15,15,GSE190260,LAM1163,2.4170303344726562
GSE135851::LAM3:CACAAACCAATAGCGG-1,9,GSE135851::LAM3:AACCATGCACGAAGCA-1,State_15,15,GSE135851,LAM3,2.418055295944214
GSE135851::LAM3:CACAAACCAATAGCGG-1,10,GSE190260::LAM1163:GGGTTGCGTCAGAATA-1,State_15,15,GSE190260,LAM1163,2.4241082668304443
GSE135851::LAM3:CACAAACCAATAGCGG-1,11,GSE190260::LAM1163:TGCGCAGCAAGGCTCC-1,State_15,15,GSE190260,LAM1163,2.434185028076172
GSE135851::LAM3:CACAAACCAATAGCGG-1,12,GSE190260::LAM1163:CGTAGCGTCCCAGGTG-1,State_15,15,GSE190260,LAM1163,2.4442505836486816
GSE135851::LAM3:CACAAACCAATAGCGG-1,13,GSE190260::LAM1163:ATCACGACAGTAAGAT-1,State_15,15,GSE190260,LAM1163,2.462512969970703
GSE135851::LAM3:CACAAACCAATAGCGG-1,14,GSE190260::LAM1163:GCATGATAGCGTTCCG-1,State_15,15,GSE190260,LAM1163,2.464829921722412
GSE135851::LAM3:CACAAACCAATAGCGG-1,15,GSE190260::LAM1163:TCTTCGGTCCCGGATG-1,State_15,15,GSE190260,LAM1163,2.491584300994873
GSE135851::LAM3:CACAAACCAATAGCGG-1,16,GSE190260::LAM1163:TTAGGACGTCGGATCC-1,State_15,15,GSE190260,LAM1163,2.5041122436523438
GSE135851::LAM3:CACAAACCAATAGCGG-1,17,GSE190260::LAM1163:CATCAGACAAGAAAGG-1,State_15,15,GSE190260,LAM1163,2.5155811309814453
GSE135851::LAM3:CACAAACCAATAGCGG-1,18,GSE190260::LAM1163:CGTCTACGTTTGTTGG-1,State_15,15,GSE190260,LAM1163,2.557598829269409
GSE135851::LAM3:CACAAACCAATAGCGG-1,19,GSE190260::LAM1163:GGTGCGTTCTGTACGA-1,State_15,15,GSE190260,LAM1163,2.5785508155822754
GSE135851::LAM3:CACAAACCAATAGCGG-1,20,GSE135851::LAM1:GTTTCTACATTGTGCA-1,State_15,15,GSE135851,LAM1,2.5981884002685547
GSE135851::LAM3:CACAAACCAATAGCGG-1,21,GSE135851::LAM3:TTTATGCAGCCAACAG-1,State_15,15,GSE135851,LAM3,2.6022448539733887
GSE135851::LAM3:CACAAACCAATAGCGG-1,22,GSE190260::LAM1163:CTCTGGTCATCCCACT-1,State_15,15,GSE190260,LAM1163,2.6156399250030518
GSE135851::LAM3:CACAAACCAATAGCGG-1,23,GSE190260::LAM1163:GTGTTAGTCTCCAACC-1,State_15,15,GSE190260,LAM1163,2.620842695236206
GSE135851::LAM3:CACAAACCAATAGCGG-1,24,GSE190260::LAM1163:AGAGCTTCACGTTGGC-1,State_15,15,GSE190260,LAM1163,2.652212619781494
GSE135851::LAM3:CACAAACCAATAGCGG-1,25,GSE190260::LAM1163:CCCAGTTGTCGTTGTA-1,State_15,15,GSE190260,LAM1163,2.652650833129883
GSE135851::LAM3:CACAAACCAATAGCGG-1,26,GSE135851::LAM3:ATGAGGGGTGTGCGTC-1,State_15,15,GSE135851,LAM3,2.673316240310669
GSE135851::LAM3:CACAAACCAATAGCGG-1,27,GSE190260::LAM1163:AGCTCCTGTCAAAGCG-1,State_15,15,GSE190260,LAM1163,2.6848106384277344
GSE135851::LAM3:CACAAACCAATAGCGG-1,28,GSE190260::LAM1163:CTCAGAAGTGATAAGT-1,State_15,15,GSE190260,LAM1163,2.70330548286438
GSE135851::LAM3:CACAAACCAATAGCGG-1,29,GSE135851::LAM1:GGCGACTTCGCACTCT-1,State_15,15,GSE135851,LAM1,2.703465700149536
GSE135851::LAM3:CACAAACCAATAGCGG-1,30,GSE190260::LAM1163:CGCTTCAAGCCCAACC-1,State_15,15,GSE190260,LAM1163,2.7143490314483643
GSE135851::LAM3:CCAATCCGTAGCTGCC-1,1,GSE135851::LAM3:TCGTACCAGGGATCTG-1,State_15,15,GSE135851,LAM3,1.3956472873687744
GSE135851::LAM3:CCAATCCGTAGCTGCC-1,2,GSE135851::LAM3:CGTCACTCAGGCTCAC-1,State_15,15,GSE135851,LAM3,1.5888320207595825
GSE135851::LAM3:CCAATCCGTAGCTGCC-1,3,GSE135851::LAM3:CACAAACCAATAGCGG-1,State_15,15,GSE135851,LAM3,1.6512914896011353
GSE135851::LAM3:CCAATCCGTAGCTGCC-1,4,GSE135851::LAM3:AACCATGCACGAAGCA-1,State_15,15,GSE135851,LAM3,1.795130729675293
GSE135851::LAM3:CCAATCCGTAGCTGCC-1,5,GSE135851::LAM3:CGTAGGCGTACTCAAC-1,State_15,15,GSE135851,LAM3,1.8518710136413574
GSE135851::LAM3:CCAATCCGTAGCTGCC-1,6,GSE135851::LAM3:ATCTGCCTCAGAGCTT-1,State_15,15,GSE135851,LAM3,1.8995182514190674
GSE135851::LAM3:CCAATCCGTAGCTGCC-1,7,GSE190260::LAM1163:AGAGTGGCATGATCCA-1,State_15,15,GSE190260,LAM1163,1.9082348346710205
GSE135851::LAM3:CCAATCCGTAGCTGCC-1,8,GSE135851::LAM3:ATGAGGGGTGTGCGTC-1,State_15,15,GSE135851,LAM3,1.9240721464157104
GSE135851::LAM3:CCAATCCGTAGCTGCC-1,9,GSE135851::LAM3:CTCGAAAGTCGCCATG-1,State_15,15,GSE135851,LAM3,2.004483222961426
GSE135851::LAM3:CCAATCCGTAGCTGCC-1,10,GSE135851::LAM3:TTTATGCAGCCAACAG-1,State_15,15,GSE135851,LAM3,2.038912534713745
GSE135851::LAM3:CCAATCCGTAGCTGCC-1,11,GSE135851::LAM3:CGCTTCATCGCACTCT-1,State_15,15,GSE135851,LAM3,2.0434322357177734
GSE135851::LAM3:CCAATCCGTAGCTGCC-1,12,GSE190260::LAM1163:CTCTGGTCATCCCACT-1,State_15,15,GSE190260,LAM1163,2.0531935691833496
GSE135851::LAM3:CCAATCCGTAGCTGCC-1,13,GSE190260::LAM1163:ATCACGACAGTAAGAT-1,State_15,15,GSE190260,LAM1163,2.218587636947632
GSE135851::LAM3:CCAATCCGTAGCTGCC-1,14,GSE190260::LAM1163:CCACCTAAGGTACTCT-1,State_15,15,GSE190260,LAM1163,2.253699541091919
GSE135851::LAM3:CCAATCCGTAGCTGCC-1,15,GSE135851::LAM3:GGCGACTAGGTGATTA-1,boundary,,GSE135851,LAM3,2.350755214691162
GSE135851::LAM3:CCAATCCGTAGCTGCC-1,16,GSE190260::LAM1163:TCGAGGCAGACTAGAT-1,State_15,15,GSE190260,LAM1163,2.3865652084350586
GSE135851::LAM3:CCAATCCGTAGCTGCC-1,17,GSE190260::LAM1163:GCATGATAGCGTTCCG-1,State_15,15,GSE190260,LAM1163,2.4166347980499268
GSE135851::LAM3:CCAATCCGTAGCTGCC-1,18,GSE135851::LAM1:TGCGCAGGTTCGCTAA-1,State_15,15,GSE135851,LAM1,2.4230403900146484
GSE135851::LAM3:CCAATCCGTAGCTGCC-1,19,GSE135851::LAM3:TAGAGCTAGTTAGCGG-1,State_15,15,GSE135851,LAM3,2.441819190979004
GSE135851::LAM3:CCAATCCGTAGCTGCC-1,20,GSE190260::LAM1163:CTCAGAAGTGATAAGT-1,State_15,15,GSE190260,LAM1163,2.4521403312683105
GSE135851::LAM3:CCAATCCGTAGCTGCC-1,21,GSE135851::LAM3:TTTGTCACAGTTCCCT-1,State_15,15,GSE135851,LAM3,2.474964141845703
GSE135851::LAM3:CCAATCCGTAGCTGCC-1,22,GSE190260::LAM1163:GGATGTTTCAAGCCTA-1,State_15,15,GSE190260,LAM1163,2.4976253509521484
GSE135851::LAM3:CCAATCCGTAGCTGCC-1,23,GSE135851::LAM3:CGGCTAGGTTAAGGGC-1,State_15,15,GSE135851,LAM3,2.502331018447876
GSE135851::LAM3:CCAATCCGTAGCTGCC-1,24,GSE190260::LAM1163:CGTCTACGTTTGTTGG-1,State_15,15,GSE190260,LAM1163,2.5177834033966064
GSE135851::LAM3:CCAATCCGTAGCTGCC-1,25,GSE190260::LAM1163:GGGTTGCGTCAGAATA-1,State_15,15,GSE190260,LAM1163,2.5258915424346924
GSE135851::LAM3:CCAATCCGTAGCTGCC-1,26,GSE190260::LAM1163:CGCTTCAAGCCCAACC-1,State_15,15,GSE190260,LAM1163,2.5424060821533203
GSE135851::LAM3:CCAATCCGTAGCTGCC-1,27,GSE190260::LAM1163:TCTTCGGTCCCGGATG-1,State_15,15,GSE190260,LAM1163,2.5530691146850586
GSE135851::LAM3:CCAATCCGTAGCTGCC-1,28,GSE190260::LAM1163:ATTACTCGTGTCCTCT-1,State_15,15,GSE190260,LAM1163,2.5574655532836914
GSE135851::LAM3:CCAATCCGTAGCTGCC-1,29,GSE190260::LAM1163:GGTGCGTTCTGTACGA-1,State_15,15,GSE190260,LAM1163,2.616027355194092
GSE135851::LAM3:CCAATCCGTAGCTGCC-1,30,GSE190260::LAM1163:TTAGGACGTCGGATCC-1,State_15,15,GSE190260,LAM1163,2.6187753677368164
GSE135851::LAM3:CCACGGAAGGCAATTA-1,1,GSE122960::GSE122960_Donor_04:GCGCCAACACTTAAGC-1,normal,,GSE122960,GSE122960_Donor_04,2.459130048751831
GSE135851::LAM3:CCACGGAAGGCAATTA-1,2,GSE135851::LAM1:ACACTGATCCTTGCCA-1,State_15,15,GSE135851,LAM1,2.648165464401245
GSE135851::LAM3:CCACGGAAGGCAATTA-1,3,GSE135851::LAM3:CGTCACTCAGGCTCAC-1,State_15,15,GSE135851,LAM3,2.6721343994140625
GSE135851::LAM3:CCACGGAAGGCAATTA-1,4,GSE135851::LAM3:TAGAGCTTCCTGCAGG-1,State_5,5,GSE135851,LAM3,2.717909574508667
GSE135851::LAM3:CCACGGAAGGCAATTA-1,5,GSE190260::LAM1164-1:ACAGCTATCACTTACT-1,boundary,,GSE190260,LAM1164,2.739462375640869
GSE135851::LAM3:CCACGGAAGGCAATTA-1,6,GSE135851::LAM3:TCGTACCAGGGATCTG-1,State_15,15,GSE135851,LAM3,2.7646613121032715
GSE135851::LAM3:CCACGGAAGGCAATTA-1,7,GSE135851::LAM1:CGAGAAGCACTTGGAT-1,State_15,15,GSE135851,LAM1,2.820739984512329
GSE135851::LAM3:CCACGGAAGGCAATTA-1,8,GSE135851::LAM1:ATCACGACAAACAACA-1,State_5,5,GSE135851,LAM1,2.8392789363861084
GSE135851::LAM3:CCACGGAAGGCAATTA-1,9,GSE135851::LAM3:CACAAACCAATAGCGG-1,State_15,15,GSE135851,LAM3,2.886497974395752
GSE135851::LAM3:CCACGGAAGGCAATTA-1,10,GSE135851::LAM1:TTCTACACAGTTCATG-1,State_15,15,GSE135851,LAM1,2.9238107204437256
GSE135851::LAM3:CCACGGAAGGCAATTA-1,11,GSE135851::LAM3:TTGACTTGTAGCGCAA-1,State_16,16,GSE135851,LAM3,2.9265549182891846
GSE135851::LAM3:CCACGGAAGGCAATTA-1,12,GSE190260::LAM1164-1:CAAGATCAGCGTGTCC-1,State_20,20,GSE190260,LAM1164,2.944141387939453
GSE135851::LAM3:CCACGGAAGGCAATTA-1,13,GSE302356::LAM3:TCACGGGCAATTCACG-1,boundary,,GSE302356,LAM32,2.9789984226226807
GSE135851::LAM3:CCACGGAAGGCAATTA-1,14,GSE135851::LAM3:CTCGAAAGTCGCCATG-1,State_15,15,GSE135851,LAM3,2.9803614616394043
GSE135851::LAM3:CCACGGAAGGCAATTA-1,15,GSE190260::LAM1163:GTGCATAAGCTGTTCA-1,State_20,20,GSE190260,LAM1163,3.001338005065918
GSE135851::LAM3:CCACGGAAGGCAATTA-1,16,GSE122960::GSE122960_Donor_01:TTCTACACACATTTCT-1,normal,,GSE122960,GSE122960_Donor_01,3.005270481109619
GSE135851::LAM3:CCACGGAAGGCAATTA-1,17,GSE302356::LAM3:TTTGGAGGTCCCGGTA-1,State_18,18,GSE302356,LAM32,3.0319437980651855
GSE135851::LAM3:CCACGGAAGGCAATTA-1,18,GSE190260::LAM1163:GTGTTAGTCTCCAACC-1,State_15,15,GSE190260,LAM1163,3.108201265335083
GSE135851::LAM3:CCACGGAAGGCAATTA-1,19,GSE190260::LAM1164-1:TAGACCAAGGATGTAT-1,State_20,20,GSE190260,LAM1164,3.1271579265594482
GSE135851::LAM3:CCACGGAAGGCAATTA-1,20,GSE122960::GSE122960_Donor_05:ACTTGTTAGTAAGTAC-1,normal,,GSE122960,GSE122960_Donor_05,3.131394624710083
GSE135851::LAM3:CCACGGAAGGCAATTA-1,21,GSE135851::LAM1:ACGTCAATCGCAGGCT-1,boundary,,GSE135851,LAM1,3.143528699874878
GSE135851::LAM3:CCACGGAAGGCAATTA-1,22,GSE135851::LAM1:GCAAACTCATAGGATA-1,boundary,,GSE135851,LAM1,3.1473019123077393
GSE135851::LAM3:CCACGGAAGGCAATTA-1,23,GSE190260::LAM1164-3:AGGCCGTAGGTGCTAG-1,boundary,,GSE190260,LAM1164,3.175034523010254
GSE135851::LAM3:CCACGGAAGGCAATTA-1,24,GSE190260::LAM1164-3:GCGCGATAGTAGATGT-1,boundary,,GSE190260,LAM1164,3.187509059906006
GSE135851::LAM3:CCACGGAAGGCAATTA-1,25,GSE135851::LAM3:CGTAGGCGTACTCAAC-1,State_15,15,GSE135851,LAM3,3.2048885822296143
GSE135851::LAM3:CCACGGAAGGCAATTA-1,26,GSE190260::LAM1164-1:AGCTTGAGTCGAGTTT-1,State_20,20,GSE190260,LAM1164,3.2075631618499756
GSE135851::LAM3:CCACGGAAGGCAATTA-1,27,GSE190260::LAM1164-3:CAGGTGCCACATTTCT-1,boundary,,GSE190260,LAM1164,3.2126598358154297
GSE135851::LAM3:CCACGGAAGGCAATTA-1,28,GSE122960::GSE122960_Donor_05:TAGGCATAGAAGAAGC-1,normal,,GSE122960,GSE122960_Donor_05,3.239525079727173
GSE135851::LAM3:CCACGGAAGGCAATTA-1,29,GSE190260::LAM1164-2:CACCAGGTCATCTGTT-1,State_5,5,GSE190260,LAM1164,3.2621636390686035
GSE135851::LAM3:CCACGGAAGGCAATTA-1,30,GSE135851::LAM1:TAAGTGCCATCTACGA-1,State_15,15,GSE135851,LAM1,3.263871669769287
GSE135851::LAM3:CCACGGACACCTATCC-1,1,GSE135851::LAM3:TTTGTCACAGTTCCCT-1,State_15,15,GSE135851,LAM3,1.504328727722168
GSE135851::LAM3:CCACGGACACCTATCC-1,2,GSE135851::LAM3:GGAATAAGTAGCTGCC-1,State_15,15,GSE135851,LAM3,1.505875587463379
GSE135851::LAM3:CCACGGACACCTATCC-1,3,GSE135851::LAM3:TACAGTGAGGCAATTA-1,State_15,15,GSE135851,LAM3,1.6625617742538452
GSE135851::LAM3:CCACGGACACCTATCC-1,4,GSE135851::LAM3:ACCTTTACACTCAGGC-1,State_15,15,GSE135851,LAM3,1.7046880722045898
GSE135851::LAM3:CCACGGACACCTATCC-1,5,GSE135851::LAM3:TAGAGCTAGTTAGCGG-1,State_15,15,GSE135851,LAM3,1.866089105606079
GSE135851::LAM3:CCACGGACACCTATCC-1,6,GSE135851::LAM3:CGGCTAGGTTAAGGGC-1,State_15,15,GSE135851,LAM3,1.9300601482391357
GSE135851::LAM3:CCACGGACACCTATCC-1,7,GSE135851::LAM3:GTAACTGTCAAACAAG-1,State_15,15,GSE135851,LAM3,1.9455690383911133
GSE135851::LAM3:CCACGGACACCTATCC-1,8,GSE135851::LAM3:CGCTTCATCGCACTCT-1,State_15,15,GSE135851,LAM3,2.185699462890625
GSE135851::LAM3:CCACGGACACCTATCC-1,9,GSE135851::LAM3:CTCGTACCAAGCCCAC-1,State_15,15,GSE135851,LAM3,2.273211717605591
GSE135851::LAM3:CCACGGACACCTATCC-1,10,GSE135851::LAM3:ATGAGGGGTGTGCGTC-1,State_15,15,GSE135851,LAM3,2.3045003414154053
GSE135851::LAM3:CCACGGACACCTATCC-1,11,GSE302356::LAM3:CAAAGAATCCTGCTAC-1,State_15,15,GSE302356,LAM32,2.324115514755249
GSE135851::LAM3:CCACGGACACCTATCC-1,12,GSE135851::LAM3:CCTACACCAATGTTGC-1,State_15,15,GSE135851,LAM3,2.330254316329956
GSE135851::LAM3:CCACGGACACCTATCC-1,13,GSE302356::LAM3:GCAGCTGCATATGAAG-1,State_15,15,GSE302356,LAM32,2.3473405838012695
GSE135851::LAM3:CCACGGACACCTATCC-1,14,GSE135851::LAM3:AACCATGCACGAAGCA-1,State_15,15,GSE135851,LAM3,2.407486915588379
GSE135851::LAM3:CCACGGACACCTATCC-1,15,GSE190260::LAM1158:AAACGGGAGTCGCCGT-1,State_15,15,GSE190260,LAM1158,2.4815289974212646
GSE135851::LAM3:CCACGGACACCTATCC-1,16,GSE135851::LAM3:GGCGACTAGGTGATTA-1,boundary,,GSE135851,LAM3,2.496090888977051
GSE135851::LAM3:CCACGGACACCTATCC-1,17,GSE135851::LAM3:TTTATGCAGCCAACAG-1,State_15,15,GSE135851,LAM3,2.498326301574707
GSE135851::LAM3:CCACGGACACCTATCC-1,18,GSE302356::LAM3:CAACCAATCTCGAGTA-1,State_15,15,GSE302356,LAM32,2.571030616760254
GSE135851::LAM3:CCACGGACACCTATCC-1,19,GSE302356::LAM3:GTAGCTAGTAGCTTAC-1,State_15,15,GSE302356,LAM32,2.599536180496216
GSE135851::LAM3:CCACGGACACCTATCC-1,20,GSE190260::LAM1163:AAAGCAAAGTCAAGGC-1,State_15,15,GSE190260,LAM1163,2.6196048259735107
GSE135851::LAM3:CCACGGACACCTATCC-1,21,GSE135851::LAM3:CGTAGGCGTACTCAAC-1,State_15,15,GSE135851,LAM3,2.638650417327881
GSE135851::LAM3:CCACGGACACCTATCC-1,22,GSE190260::LAM1163:CATTCGCAGCAATCTC-1,State_15,15,GSE190260,LAM1163,2.654646873474121
GSE135851::LAM3:CCACGGACACCTATCC-1,23,GSE302356::LAM3:TACCCGTTCTGGACCG-1,State_15,15,GSE302356,LAM32,2.6692111492156982
GSE135851::LAM3:CCACGGACACCTATCC-1,24,GSE135851::LAM3:ATCTGCCTCAGAGCTT-1,State_15,15,GSE135851,LAM3,2.740783214569092
GSE135851::LAM3:CCACGGACACCTATCC-1,25,GSE302356::LAM3:GCACGTGAGACATACA-1,State_15,15,GSE302356,LAM32,2.8061463832855225
GSE135851::LAM3:CCACGGACACCTATCC-1,26,GSE190260::LAM1158:ATCCGAATCCAGTATG-1,State_15,15,GSE190260,LAM1158,2.870584726333618
GSE135851::LAM3:CCACGGACACCTATCC-1,27,GSE190260::LAM1163:TTGGAACTCGGCGGTT-1,State_15,15,GSE190260,LAM1163,3.0239851474761963
GSE135851::LAM3:CCACGGACACCTATCC-1,28,GSE302356::LAM3:GGTCACGGTATGGTAA-1,State_15,15,GSE302356,LAM32,3.0338828563690186
GSE135851::LAM3:CCACGGACACCTATCC-1,29,GSE190260::LAM1163:CGGCTAGAGTGGTAGC-1,State_15,15,GSE190260,LAM1163,3.103886842727661
GSE135851::LAM3:CCACGGACACCTATCC-1,30,GSE190260::LAM1163:TGACGGCAGTGGCACA-1,State_15,15,GSE190260,LAM1163,3.2146189212799072
GSE135851::LAM3:CCTACACCAATGTTGC-1,1,GSE135851::LAM3:CGGCTAGGTTAAGGGC-1,State_15,15,GSE135851,LAM3,1.7133598327636719
GSE135851::LAM3:CCTACACCAATGTTGC-1,2,GSE135851::LAM3:TAGAGCTAGTTAGCGG-1,State_15,15,GSE135851,LAM3,1.775997281074524
GSE135851::LAM3:CCTACACCAATGTTGC-1,3,GSE135851::LAM3:GTAACTGTCAAACAAG-1,State_15,15,GSE135851,LAM3,1.805816411972046
GSE135851::LAM3:CCTACACCAATGTTGC-1,4,GSE135851::LAM3:TTTATGCAGCCAACAG-1,State_15,15,GSE135851,LAM3,1.9330298900604248
GSE135851::LAM3:CCTACACCAATGTTGC-1,5,GSE135851::LAM3:GGAATAAGTAGCTGCC-1,State_15,15,GSE135851,LAM3,1.9671307802200317
GSE135851::LAM3:CCTACACCAATGTTGC-1,6,GSE135851::LAM3:AACCATGCACGAAGCA-1,State_15,15,GSE135851,LAM3,2.094442129135132
GSE135851::LAM3:CCTACACCAATGTTGC-1,7,GSE135851::LAM3:TTTGTCACAGTTCCCT-1,State_15,15,GSE135851,LAM3,2.1342806816101074
GSE135851::LAM3:CCTACACCAATGTTGC-1,8,GSE135851::LAM3:GGCGACTAGGTGATTA-1,boundary,,GSE135851,LAM3,2.145277500152588
GSE135851::LAM3:CCTACACCAATGTTGC-1,9,GSE135851::LAM3:CCACGGACACCTATCC-1,State_15,15,GSE135851,LAM3,2.330254316329956
GSE135851::LAM3:CCTACACCAATGTTGC-1,10,GSE135851::LAM3:TACAGTGAGGCAATTA-1,State_15,15,GSE135851,LAM3,2.34979510307312
GSE135851::LAM3:CCTACACCAATGTTGC-1,11,GSE135851::LAM3:CGCTTCATCGCACTCT-1,State_15,15,GSE135851,LAM3,2.3584132194519043
GSE135851::LAM3:CCTACACCAATGTTGC-1,12,GSE135851::LAM3:CTCGTACCAAGCCCAC-1,State_15,15,GSE135851,LAM3,2.4395925998687744
GSE135851::LAM3:CCTACACCAATGTTGC-1,13,GSE135851::LAM3:ACCTTTACACTCAGGC-1,State_15,15,GSE135851,LAM3,2.5253305435180664
GSE135851::LAM3:CCTACACCAATGTTGC-1,14,GSE135851::LAM3:ATGAGGGGTGTGCGTC-1,State_15,15,GSE135851,LAM3,2.5264692306518555
GSE135851::LAM3:CCTACACCAATGTTGC-1,15,GSE135851::LAM3:ATCTGCCTCAGAGCTT-1,State_15,15,GSE135851,LAM3,2.6900486946105957
GSE135851::LAM3:CCTACACCAATGTTGC-1,16,GSE302356::LAM3:CAAAGAATCCTGCTAC-1,State_15,15,GSE302356,LAM32,2.83557391166687
GSE135851::LAM3:CCTACACCAATGTTGC-1,17,GSE135851::LAM3:CGTAGGCGTACTCAAC-1,State_15,15,GSE135851,LAM3,2.851996421813965
GSE135851::LAM3:CCTACACCAATGTTGC-1,18,GSE135851::LAM3:GTAGGCCCATGTCCTC-1,State_16,16,GSE135851,LAM3,2.8691656589508057
GSE135851::LAM3:CCTACACCAATGTTGC-1,19,GSE302356::LAM3:GCAGGCTAGGCTTTCA-1,State_20,20,GSE302356,LAM32,2.8800294399261475
GSE135851::LAM3:CCTACACCAATGTTGC-1,20,GSE135851::LAM3:ATGCGATCACGAAGCA-1,State_16,16,GSE135851,LAM3,3.0492115020751953
GSE135851::LAM3:CCTACACCAATGTTGC-1,21,GSE135851::LAM3:TGCTACCGTAACGTTC-1,State_20,20,GSE135851,LAM3,3.069354772567749
GSE135851::LAM3:CCTACACCAATGTTGC-1,22,GSE135851::LAM3:CGTCACTCAGGCTCAC-1,State_15,15,GSE135851,LAM3,3.1092934608459473
GSE135851::LAM3:CCTACACCAATGTTGC-1,23,GSE135851::LAM3:TCGTACCAGGGATCTG-1,State_15,15,GSE135851,LAM3,3.114644765853882
GSE135851::LAM3:CCTACACCAATGTTGC-1,24,GSE135851::LAM3:GTGGGTCAGACTAGAT-1,State_20,20,GSE135851,LAM3,3.1394739151000977
GSE135851::LAM3:CCTACACCAATGTTGC-1,25,GSE135851::LAM3:TTCTTAGCAACACCCG-1,State_15,15,GSE135851,LAM3,3.19665789604187
GSE135851::LAM3:CCTACACCAATGTTGC-1,26,GSE135851::LAM3:CCAATCCGTAGCTGCC-1,State_15,15,GSE135851,LAM3,3.201803207397461
GSE135851::LAM3:CCTACACCAATGTTGC-1,27,GSE302356::LAM3:TATATCCGTGTTGCCG-1,boundary,,GSE302356,LAM32,3.2026402950286865
GSE135851::LAM3:CCTACACCAATGTTGC-1,28,GSE190260::LAM1163:TGACGGCAGTGGCACA-1,State_15,15,GSE190260,LAM1163,3.2329213619232178
GSE135851::LAM3:CCTACACCAATGTTGC-1,29,GSE302356::LAM4:ACCACAACATTGCTTT-1,State_16,16,GSE302356,LAM18,3.263650417327881
GSE135851::LAM3:CCTACACCAATGTTGC-1,30,GSE135851::LAM3:TGAGGGAAGGGTTCCC-1,State_16,16,GSE135851,LAM3,3.314892530441284
GSE135851::LAM3:CGCTTCATCGCACTCT-1,1,GSE135851::LAM3:ATGAGGGGTGTGCGTC-1,State_15,15,GSE135851,LAM3,1.188928484916687
GSE135851::LAM3:CGCTTCATCGCACTCT-1,2,GSE135851::LAM3:TAGAGCTAGTTAGCGG-1,State_15,15,GSE135851,LAM3,1.2864950895309448
GSE135851::LAM3:CGCTTCATCGCACTCT-1,3,GSE135851::LAM3:TTTATGCAGCCAACAG-1,State_15,15,GSE135851,LAM3,1.3382574319839478
GSE135851::LAM3:CGCTTCATCGCACTCT-1,4,GSE135851::LAM3:TTTGTCACAGTTCCCT-1,State_15,15,GSE135851,LAM3,1.3492053747177124
GSE135851::LAM3:CGCTTCATCGCACTCT-1,5,GSE135851::LAM3:ATCTGCCTCAGAGCTT-1,State_15,15,GSE135851,LAM3,1.379941701889038
GSE135851::LAM3:CGCTTCATCGCACTCT-1,6,GSE135851::LAM3:AACCATGCACGAAGCA-1,State_15,15,GSE135851,LAM3,1.4924311637878418
GSE135851::LAM3:CGCTTCATCGCACTCT-1,7,GSE135851::LAM3:CGGCTAGGTTAAGGGC-1,State_15,15,GSE135851,LAM3,1.6487828493118286
GSE135851::LAM3:CGCTTCATCGCACTCT-1,8,GSE135851::LAM3:CGTAGGCGTACTCAAC-1,State_15,15,GSE135851,LAM3,1.8061950206756592
GSE135851::LAM3:CGCTTCATCGCACTCT-1,9,GSE135851::LAM3:GGCGACTAGGTGATTA-1,boundary,,GSE135851,LAM3,1.845000147819519
GSE135851::LAM3:CGCTTCATCGCACTCT-1,10,GSE135851::LAM3:CCAATCCGTAGCTGCC-1,State_15,15,GSE135851,LAM3,2.0434322357177734
GSE135851::LAM3:CGCTTCATCGCACTCT-1,11,GSE135851::LAM3:CCACGGACACCTATCC-1,State_15,15,GSE135851,LAM3,2.185699462890625
GSE135851::LAM3:CGCTTCATCGCACTCT-1,12,GSE135851::LAM3:GGAATAAGTAGCTGCC-1,State_15,15,GSE135851,LAM3,2.2177224159240723
GSE135851::LAM3:CGCTTCATCGCACTCT-1,13,GSE135851::LAM3:CTCGTACCAAGCCCAC-1,State_15,15,GSE135851,LAM3,2.2891757488250732
GSE135851::LAM3:CGCTTCATCGCACTCT-1,14,GSE135851::LAM3:GTAACTGTCAAACAAG-1,State_15,15,GSE135851,LAM3,2.3047802448272705
GSE135851::LAM3:CGCTTCATCGCACTCT-1,15,GSE190260::LAM1158:AAACGGGAGTCGCCGT-1,State_15,15,GSE190260,LAM1158,2.313830614089966
GSE135851::LAM3:CGCTTCATCGCACTCT-1,16,GSE135851::LAM3:CCTACACCAATGTTGC-1,State_15,15,GSE135851,LAM3,2.3584132194519043
GSE135851::LAM3:CGCTTCATCGCACTCT-1,17,GSE135851::LAM3:TACAGTGAGGCAATTA-1,State_15,15,GSE135851,LAM3,2.3588998317718506
GSE135851::LAM3:CGCTTCATCGCACTCT-1,18,GSE190260::LAM1163:CTCTGGTCATCCCACT-1,State_15,15,GSE190260,LAM1163,2.363346815109253
GSE135851::LAM3:CGCTTCATCGCACTCT-1,19,GSE190260::LAM1163:AGAGTGGCATGATCCA-1,State_15,15,GSE190260,LAM1163,2.3864388465881348
GSE135851::LAM3:CGCTTCATCGCACTCT-1,20,GSE135851::LAM3:CGTCACTCAGGCTCAC-1,State_15,15,GSE135851,LAM3,2.4114480018615723
GSE135851::LAM3:CGCTTCATCGCACTCT-1,21,GSE135851::LAM3:TCGTACCAGGGATCTG-1,State_15,15,GSE135851,LAM3,2.418574333190918
GSE135851::LAM3:CGCTTCATCGCACTCT-1,22,GSE190260::LAM1163:CGGCTAGAGTGGTAGC-1,State_15,15,GSE190260,LAM1163,2.4760682582855225
GSE135851::LAM3:CGCTTCATCGCACTCT-1,23,GSE190260::LAM1163:TCGAGGCAGACTAGAT-1,State_15,15,GSE190260,LAM1163,2.5167746543884277
GSE135851::LAM3:CGCTTCATCGCACTCT-1,24,GSE190260::LAM1163:TGACGGCAGTGGCACA-1,State_15,15,GSE190260,LAM1163,2.5521771907806396
GSE135851::LAM3:CGCTTCATCGCACTCT-1,25,GSE302356::LAM3:GCAGGCTAGGCTTTCA-1,State_20,20,GSE302356,LAM32,2.738828182220459
GSE135851::LAM3:CGCTTCATCGCACTCT-1,26,GSE190260::LAM1163:GCACTCTCATCCGGGT-1,State_15,15,GSE190260,LAM1163,2.7457661628723145
GSE135851::LAM3:CGCTTCATCGCACTCT-1,27,GSE135851::LAM1:TGCGCAGGTTCGCTAA-1,State_15,15,GSE135851,LAM1,2.761482000350952
GSE135851::LAM3:CGCTTCATCGCACTCT-1,28,GSE190260::LAM1163:GACTAACGTTGTGGCC-1,State_15,15,GSE190260,LAM1163,2.809276580810547
GSE135851::LAM3:CGCTTCATCGCACTCT-1,29,GSE190260::LAM1163:TTGGAACTCGGCGGTT-1,State_15,15,GSE190260,LAM1163,2.823118209838867
GSE135851::LAM3:CGCTTCATCGCACTCT-1,30,GSE190260::LAM1163:CATTCGCAGCAATCTC-1,State_15,15,GSE190260,LAM1163,2.848557710647583
GSE135851::LAM3:CGGCTAGGTTAAGGGC-1,1,GSE135851::LAM3:AACCATGCACGAAGCA-1,State_15,15,GSE135851,LAM3,1.231170892715454
GSE135851::LAM3:CGGCTAGGTTAAGGGC-1,2,GSE135851::LAM3:TAGAGCTAGTTAGCGG-1,State_15,15,GSE135851,LAM3,1.3411786556243896
GSE135851::LAM3:CGGCTAGGTTAAGGGC-1,3,GSE135851::LAM3:TTTGTCACAGTTCCCT-1,State_15,15,GSE135851,LAM3,1.415817141532898
GSE135851::LAM3:CGGCTAGGTTAAGGGC-1,4,GSE135851::LAM3:TACAGTGAGGCAATTA-1,State_15,15,GSE135851,LAM3,1.458464503288269
GSE135851::LAM3:CGGCTAGGTTAAGGGC-1,5,GSE135851::LAM3:TTTATGCAGCCAACAG-1,State_15,15,GSE135851,LAM3,1.590485692024231
GSE135851::LAM3:CGGCTAGGTTAAGGGC-1,6,GSE135851::LAM3:CGCTTCATCGCACTCT-1,State_15,15,GSE135851,LAM3,1.6487828493118286
GSE135851::LAM3:CGGCTAGGTTAAGGGC-1,7,GSE135851::LAM3:CCTACACCAATGTTGC-1,State_15,15,GSE135851,LAM3,1.7133598327636719
GSE135851::LAM3:CGGCTAGGTTAAGGGC-1,8,GSE135851::LAM3:ATGAGGGGTGTGCGTC-1,State_15,15,GSE135851,LAM3,1.7412173748016357
GSE135851::LAM3:CGGCTAGGTTAAGGGC-1,9,GSE135851::LAM3:GGAATAAGTAGCTGCC-1,State_15,15,GSE135851,LAM3,1.8497942686080933
GSE135851::LAM3:CGGCTAGGTTAAGGGC-1,10,GSE135851::LAM3:CCACGGACACCTATCC-1,State_15,15,GSE135851,LAM3,1.9300601482391357
GSE135851::LAM3:CGGCTAGGTTAAGGGC-1,11,GSE135851::LAM3:GGCGACTAGGTGATTA-1,boundary,,GSE135851,LAM3,1.9667866230010986
GSE135851::LAM3:CGGCTAGGTTAAGGGC-1,12,GSE135851::LAM3:GTAACTGTCAAACAAG-1,State_15,15,GSE135851,LAM3,2.121269702911377
GSE135851::LAM3:CGGCTAGGTTAAGGGC-1,13,GSE135851::LAM3:CTCGTACCAAGCCCAC-1,State_15,15,GSE135851,LAM3,2.1583542823791504
GSE135851::LAM3:CGGCTAGGTTAAGGGC-1,14,GSE135851::LAM3:ACCTTTACACTCAGGC-1,State_15,15,GSE135851,LAM3,2.218262195587158
GSE135851::LAM3:CGGCTAGGTTAAGGGC-1,15,GSE135851::LAM3:CGTAGGCGTACTCAAC-1,State_15,15,GSE135851,LAM3,2.221848249435425
GSE135851::LAM3:CGGCTAGGTTAAGGGC-1,16,GSE135851::LAM3:ATCTGCCTCAGAGCTT-1,State_15,15,GSE135851,LAM3,2.2409555912017822
GSE135851::LAM3:CGGCTAGGTTAAGGGC-1,17,GSE135851::LAM3:CCAATCCGTAGCTGCC-1,State_15,15,GSE135851,LAM3,2.502331018447876
GSE135851::LAM3:CGGCTAGGTTAAGGGC-1,18,GSE135851::LAM3:TCGTACCAGGGATCTG-1,State_15,15,GSE135851,LAM3,2.584730386734009
GSE135851::LAM3:CGGCTAGGTTAAGGGC-1,19,GSE190260::LAM1163:CATTCGCAGCAATCTC-1,State_15,15,GSE190260,LAM1163,2.6754415035247803
GSE135851::LAM3:CGGCTAGGTTAAGGGC-1,20,GSE135851::LAM3:CGTCACTCAGGCTCAC-1,State_15,15,GSE135851,LAM3,2.686399459838867
GSE135851::LAM3:CGGCTAGGTTAAGGGC-1,21,GSE302356::LAM3:GCAGCTGCATATGAAG-1,State_15,15,GSE302356,LAM32,2.6953532695770264
GSE135851::LAM3:CGGCTAGGTTAAGGGC-1,22,GSE190260::LAM1163:CTCGAGGAGCCCGAAA-1,State_15,15,GSE190260,LAM1163,2.7049567699432373
GSE135851::LAM3:CGGCTAGGTTAAGGGC-1,23,GSE302356::LAM3:CAAAGAATCCTGCTAC-1,State_15,15,GSE302356,LAM32,2.798186779022217
GSE135851::LAM3:CGGCTAGGTTAAGGGC-1,24,GSE190260::LAM1158:AAACGGGAGTCGCCGT-1,State_15,15,GSE190260,LAM1158,2.8271117210388184
GSE135851::LAM3:CGGCTAGGTTAAGGGC-1,25,GSE302356::LAM3:GCAGGCTAGGCTTTCA-1,State_20,20,GSE302356,LAM32,2.840278148651123
GSE135851::LAM3:CGGCTAGGTTAAGGGC-1,26,GSE190260::LAM1163:CGGCTAGAGTGGTAGC-1,State_15,15,GSE190260,LAM1163,2.862536668777466
GSE135851::LAM3:CGGCTAGGTTAAGGGC-1,27,GSE190260::LAM1163:CTCTGGTCATCCCACT-1,State_15,15,GSE190260,LAM1163,2.8828041553497314
GSE135851::LAM3:CGGCTAGGTTAAGGGC-1,28,GSE190260::LAM1163:AAAGCAAAGTCAAGGC-1,State_15,15,GSE190260,LAM1163,2.8977184295654297
GSE135851::LAM3:CGGCTAGGTTAAGGGC-1,29,GSE302356::LAM3:GTAGCTAGTAGCTTAC-1,State_15,15,GSE302356,LAM32,2.9029197692871094
GSE135851::LAM3:CGGCTAGGTTAAGGGC-1,30,GSE190260::LAM1163:TCTTCGGTCCCGGATG-1,State_15,15,GSE190260,LAM1163,2.9063496589660645
GSE135851::LAM3:CGTAGGCGTACTCAAC-1,1,GSE190260::LAM1163:TTGGAACTCGGCGGTT-1,State_15,15,GSE190260,LAM1163,1.5675747394561768
GSE135851::LAM3:CGTAGGCGTACTCAAC-1,2,GSE190260::LAM1163:TGACGGCAGTGGCACA-1,State_15,15,GSE190260,LAM1163,1.5750924348831177
GSE135851::LAM3:CGTAGGCGTACTCAAC-1,3,GSE135851::LAM3:ATGAGGGGTGTGCGTC-1,State_15,15,GSE135851,LAM3,1.5949198007583618
GSE135851::LAM3:CGTAGGCGTACTCAAC-1,4,GSE135851::LAM3:CGTCACTCAGGCTCAC-1,State_15,15,GSE135851,LAM3,1.648107886314392
GSE135851::LAM3:CGTAGGCGTACTCAAC-1,5,GSE190260::LAM1163:TCGAGGCAGACTAGAT-1,State_15,15,GSE190260,LAM1163,1.665234923362732
GSE135851::LAM3:CGTAGGCGTACTCAAC-1,6,GSE135851::LAM3:AACCATGCACGAAGCA-1,State_15,15,GSE135851,LAM3,1.6780198812484741
GSE135851::LAM3:CGTAGGCGTACTCAAC-1,7,GSE190260::LAM1163:CTCTGGTCATCCCACT-1,State_15,15,GSE190260,LAM1163,1.694203495979309
GSE135851::LAM3:CGTAGGCGTACTCAAC-1,8,GSE190260::LAM1163:GCACTCTCATCCGGGT-1,State_15,15,GSE190260,LAM1163,1.6966884136199951
GSE135851::LAM3:CGTAGGCGTACTCAAC-1,9,GSE190260::LAM1163:CGGCTAGAGTGGTAGC-1,State_15,15,GSE190260,LAM1163,1.7656350135803223
GSE135851::LAM3:CGTAGGCGTACTCAAC-1,10,GSE135851::LAM3:ATCTGCCTCAGAGCTT-1,State_15,15,GSE135851,LAM3,1.7852299213409424
GSE135851::LAM3:CGTAGGCGTACTCAAC-1,11,GSE135851::LAM3:CGCTTCATCGCACTCT-1,State_15,15,GSE135851,LAM3,1.8061950206756592
GSE135851::LAM3:CGTAGGCGTACTCAAC-1,12,GSE135851::LAM3:TTTATGCAGCCAACAG-1,State_15,15,GSE135851,LAM3,1.8220479488372803
GSE135851::LAM3:CGTAGGCGTACTCAAC-1,13,GSE190260::LAM1163:AGAGTGGCATGATCCA-1,State_15,15,GSE190260,LAM1163,1.8289309740066528
GSE135851::LAM3:CGTAGGCGTACTCAAC-1,14,GSE135851::LAM3:CCAATCCGTAGCTGCC-1,State_15,15,GSE135851,LAM3,1.8518710136413574
GSE135851::LAM3:CGTAGGCGTACTCAAC-1,15,GSE190260::LAM1163:AGCTCCTGTCAAAGCG-1,State_15,15,GSE190260,LAM1163,1.9385744333267212
GSE135851::LAM3:CGTAGGCGTACTCAAC-1,16,GSE190260::LAM1163:GACTAACGTTGTGGCC-1,State_15,15,GSE190260,LAM1163,1.95639967918396
GSE135851::LAM3:CGTAGGCGTACTCAAC-1,17,GSE135851::LAM3:TCGTACCAGGGATCTG-1,State_15,15,GSE135851,LAM3,2.0153355598449707
GSE135851::LAM3:CGTAGGCGTACTCAAC-1,18,GSE190260::LAM1163:TTAGGACGTCGGATCC-1,State_15,15,GSE190260,LAM1163,2.0687568187713623
GSE135851::LAM3:CGTAGGCGTACTCAAC-1,19,GSE135851::LAM3:TTTGTCACAGTTCCCT-1,State_15,15,GSE135851,LAM3,2.074458360671997
GSE135851::LAM3:CGTAGGCGTACTCAAC-1,20,GSE190260::LAM1163:GTCACAAAGACTTGAA-1,State_15,15,GSE190260,LAM1163,2.1147620677948
GSE135851::LAM3:CGTAGGCGTACTCAAC-1,21,GSE190260::LAM1163:ATCACGACAGTAAGAT-1,State_15,15,GSE190260,LAM1163,2.1186656951904297
GSE135851::LAM3:CGTAGGCGTACTCAAC-1,22,GSE190260::LAM1163:ACAGCCGAGGACTGGT-1,State_15,15,GSE190260,LAM1163,2.127826452255249
GSE135851::LAM3:CGTAGGCGTACTCAAC-1,23,GSE190260::LAM1163:CATTCGCAGCAATCTC-1,State_15,15,GSE190260,LAM1163,2.17688250541687
GSE135851::LAM3:CGTAGGCGTACTCAAC-1,24,GSE135851::LAM3:TAGAGCTAGTTAGCGG-1,State_15,15,GSE135851,LAM3,2.2175817489624023
GSE135851::LAM3:CGTAGGCGTACTCAAC-1,25,GSE190260::LAM1163:GGTGCGTTCTGTACGA-1,State_15,15,GSE190260,LAM1163,2.220233678817749
GSE135851::LAM3:CGTAGGCGTACTCAAC-1,26,GSE135851::LAM3:CGGCTAGGTTAAGGGC-1,State_15,15,GSE135851,LAM3,2.221848249435425
GSE135851::LAM3:CGTAGGCGTACTCAAC-1,27,GSE135851::LAM3:GGAATAAGTAGCTGCC-1,State_15,15,GSE135851,LAM3,2.238754987716675
GSE135851::LAM3:CGTAGGCGTACTCAAC-1,28,GSE190260::LAM1163:CTCGAGGAGCCCGAAA-1,State_15,15,GSE190260,LAM1163,2.2745559215545654
GSE135851::LAM3:CGTAGGCGTACTCAAC-1,29,GSE135851::LAM3:GGCGACTAGGTGATTA-1,boundary,,GSE135851,LAM3,2.277719259262085
GSE135851::LAM3:CGTAGGCGTACTCAAC-1,30,GSE190260::LAM1163:GCGGGTTTCACATAGC-1,State_15,15,GSE190260,LAM1163,2.295558452606201
GSE135851::LAM3:CGTCACTCAGGCTCAC-1,1,GSE135851::LAM3:TCGTACCAGGGATCTG-1,State_15,15,GSE135851,LAM3,1.1083009243011475
GSE135851::LAM3:CGTCACTCAGGCTCAC-1,2,GSE135851::LAM3:CACAAACCAATAGCGG-1,State_15,15,GSE135851,LAM3,1.4355653524398804
GSE135851::LAM3:CGTCACTCAGGCTCAC-1,3,GSE135851::LAM3:CCAATCCGTAGCTGCC-1,State_15,15,GSE135851,LAM3,1.5888320207595825
GSE135851::LAM3:CGTCACTCAGGCTCAC-1,4,GSE135851::LAM3:CGTAGGCGTACTCAAC-1,State_15,15,GSE135851,LAM3,1.648107886314392
GSE135851::LAM3:CGTCACTCAGGCTCAC-1,5,GSE135851::LAM3:CTCGAAAGTCGCCATG-1,State_15,15,GSE135851,LAM3,1.6767385005950928
GSE135851::LAM3:CGTCACTCAGGCTCAC-1,6,GSE135851::LAM3:AACCATGCACGAAGCA-1,State_15,15,GSE135851,LAM3,1.9981369972229004
GSE135851::LAM3:CGTCACTCAGGCTCAC-1,7,GSE190260::LAM1163:TCTTCGGTCCCGGATG-1,State_15,15,GSE190260,LAM1163,2.1905441284179688
GSE135851::LAM3:CGTCACTCAGGCTCAC-1,8,GSE190260::LAM1163:AGAGTGGCATGATCCA-1,State_15,15,GSE190260,LAM1163,2.2190797328948975
GSE135851::LAM3:CGTCACTCAGGCTCAC-1,9,GSE135851::LAM3:TTTATGCAGCCAACAG-1,State_15,15,GSE135851,LAM3,2.2558419704437256
GSE135851::LAM3:CGTCACTCAGGCTCAC-1,10,GSE190260::LAM1163:CGTAGCGTCCCAGGTG-1,State_15,15,GSE190260,LAM1163,2.2806317806243896
GSE135851::LAM3:CGTCACTCAGGCTCAC-1,11,GSE135851::LAM3:ATGAGGGGTGTGCGTC-1,State_15,15,GSE135851,LAM3,2.2839298248291016
GSE135851::LAM3:CGTCACTCAGGCTCAC-1,12,GSE190260::LAM1163:CTCTGGTCATCCCACT-1,State_15,15,GSE190260,LAM1163,2.338731288909912
GSE135851::LAM3:CGTCACTCAGGCTCAC-1,13,GSE190260::LAM1163:TTAGGACGTCGGATCC-1,State_15,15,GSE190260,LAM1163,2.3714475631713867
GSE135851::LAM3:CGTCACTCAGGCTCAC-1,14,GSE190260::LAM1163:GTGTTAGTCTCCAACC-1,State_15,15,GSE190260,LAM1163,2.3864197731018066
GSE135851::LAM3:CGTCACTCAGGCTCAC-1,15,GSE190260::LAM1163:AGAGCTTCACGTTGGC-1,State_15,15,GSE190260,LAM1163,2.4031319618225098
GSE135851::LAM3:CGTCACTCAGGCTCAC-1,16,GSE135851::LAM3:CGCTTCATCGCACTCT-1,State_15,15,GSE135851,LAM3,2.4114480018615723
GSE135851::LAM3:CGTCACTCAGGCTCAC-1,17,GSE190260::LAM1163:TGACGGCAGTGGCACA-1,State_15,15,GSE190260,LAM1163,2.4136927127838135
GSE135851::LAM3:CGTCACTCAGGCTCAC-1,18,GSE190260::LAM1163:TGCGCAGCAAGGCTCC-1,State_15,15,GSE190260,LAM1163,2.4333689212799072
GSE135851::LAM3:CGTCACTCAGGCTCAC-1,19,GSE190260::LAM1163:CTTACCGTCGTCTGCT-1,State_15,15,GSE190260,LAM1163,2.43514347076416
GSE135851::LAM3:CGTCACTCAGGCTCAC-1,20,GSE135851::LAM3:GGCGACTAGGTGATTA-1,boundary,,GSE135851,LAM3,2.4490320682525635
GSE135851::LAM3:CGTCACTCAGGCTCAC-1,21,GSE190260::LAM1163:CGTCTACGTTTGTTGG-1,State_15,15,GSE190260,LAM1163,2.46368145942688
GSE135851::LAM3:CGTCACTCAGGCTCAC-1,22,GSE135851::LAM3:ATCTGCCTCAGAGCTT-1,State_15,15,GSE135851,LAM3,2.4720542430877686
GSE135851::LAM3:CGTCACTCAGGCTCAC-1,23,GSE190260::LAM1163:GCATGATAGCGTTCCG-1,State_15,15,GSE190260,LAM1163,2.492666482925415
GSE135851::LAM3:CGTCACTCAGGCTCAC-1,24,GSE190260::LAM1163:ATCACGACAGTAAGAT-1,State_15,15,GSE190260,LAM1163,2.5002613067626953
GSE135851::LAM3:CGTCACTCAGGCTCAC-1,25,GSE190260::LAM1163:GGTGCGTTCTGTACGA-1,State_15,15,GSE190260,LAM1163,2.54732608795166
GSE135851::LAM3:CGTCACTCAGGCTCAC-1,26,GSE190260::LAM1163:TCGAGGCAGACTAGAT-1,State_15,15,GSE190260,LAM1163,2.580256223678589
GSE135851::LAM3:CGTCACTCAGGCTCAC-1,27,GSE190260::LAM1163:GACTAACGTTGTGGCC-1,State_15,15,GSE190260,LAM1163,2.599259614944458
GSE135851::LAM3:CGTCACTCAGGCTCAC-1,28,GSE135851::LAM3:TTTGTCACAGTTCCCT-1,State_15,15,GSE135851,LAM3,2.6211631298065186
GSE135851::LAM3:CGTCACTCAGGCTCAC-1,29,GSE190260::LAM1163:CATCAGACAAGAAAGG-1,State_15,15,GSE190260,LAM1163,2.6411056518554688
GSE135851::LAM3:CGTCACTCAGGCTCAC-1,30,GSE135851::LAM1:CGAGAAGCACTTGGAT-1,State_15,15,GSE135851,LAM1,2.650754451751709
GSE135851::LAM3:CTCGAAAGTCGCCATG-1,1,GSE135851::LAM3:TCGTACCAGGGATCTG-1,State_15,15,GSE135851,LAM3,1.4350740909576416
GSE135851::LAM3:CTCGAAAGTCGCCATG-1,2,GSE135851::LAM3:CACAAACCAATAGCGG-1,State_15,15,GSE135851,LAM3,1.6125860214233398
GSE135851::LAM3:CTCGAAAGTCGCCATG-1,3,GSE135851::LAM3:CGTCACTCAGGCTCAC-1,State_15,15,GSE135851,LAM3,1.6767385005950928
GSE135851::LAM3:CTCGAAAGTCGCCATG-1,4,GSE135851::LAM1:GGCGACTTCGCACTCT-1,State_15,15,GSE135851,LAM1,1.8277713060379028
GSE135851::LAM3:CTCGAAAGTCGCCATG-1,5,GSE190260::LAM1163:AGAGTGGCATGATCCA-1,State_15,15,GSE190260,LAM1163,1.9392303228378296
GSE135851::LAM3:CTCGAAAGTCGCCATG-1,6,GSE135851::LAM3:CCAATCCGTAGCTGCC-1,State_15,15,GSE135851,LAM3,2.004483222961426
GSE135851::LAM3:CTCGAAAGTCGCCATG-1,7,GSE190260::LAM1163:TTAGGACGTCGGATCC-1,State_15,15,GSE190260,LAM1163,2.177924871444702
GSE135851::LAM3:CTCGAAAGTCGCCATG-1,8,GSE190260::LAM1163:AGAGCTTCACGTTGGC-1,State_15,15,GSE190260,LAM1163,2.2719411849975586
GSE135851::LAM3:CTCGAAAGTCGCCATG-1,9,GSE135851::LAM1:CGAGAAGCACTTGGAT-1,State_15,15,GSE135851,LAM1,2.360443353652954
GSE135851::LAM3:CTCGAAAGTCGCCATG-1,10,GSE135851::LAM1:TATCTCATCAAGCCTA-1,State_15,15,GSE135851,LAM1,2.369013547897339
GSE135851::LAM3:CTCGAAAGTCGCCATG-1,11,GSE190260::LAM1163:GTGTTAGTCTCCAACC-1,State_15,15,GSE190260,LAM1163,2.389115810394287
GSE135851::LAM3:CTCGAAAGTCGCCATG-1,12,GSE190260::LAM1163:CGTCTACGTTTGTTGG-1,State_15,15,GSE190260,LAM1163,2.3935468196868896
GSE135851::LAM3:CTCGAAAGTCGCCATG-1,13,GSE190260::LAM1163:GACTAACGTTGTGGCC-1,State_15,15,GSE190260,LAM1163,2.42472767829895
GSE135851::LAM3:CTCGAAAGTCGCCATG-1,14,GSE190260::LAM1163:CTTACCGTCGTCTGCT-1,State_15,15,GSE190260,LAM1163,2.442078113555908
GSE135851::LAM3:CTCGAAAGTCGCCATG-1,15,GSE135851::LAM1:TCGAGGCTCGACCAGC-1,State_15,15,GSE135851,LAM1,2.4460484981536865
GSE135851::LAM3:CTCGAAAGTCGCCATG-1,16,GSE135851::LAM3:CGTAGGCGTACTCAAC-1,State_15,15,GSE135851,LAM3,2.4540817737579346
GSE135851::LAM3:CTCGAAAGTCGCCATG-1,17,GSE135851::LAM1:GTTTCTACATTGTGCA-1,State_15,15,GSE135851,LAM1,2.4752464294433594
GSE135851::LAM3:CTCGAAAGTCGCCATG-1,18,GSE190260::LAM1163:GGTGCGTTCTGTACGA-1,State_15,15,GSE190260,LAM1163,2.494567632675171
GSE135851::LAM3:CTCGAAAGTCGCCATG-1,19,GSE190260::LAM1163:TGACGGCAGTGGCACA-1,State_15,15,GSE190260,LAM1163,2.5224194526672363
GSE135851::LAM3:CTCGAAAGTCGCCATG-1,20,GSE190260::LAM1163:CCTTTCTCATCGGGTC-1,State_15,15,GSE190260,LAM1163,2.5242648124694824
GSE135851::LAM3:CTCGAAAGTCGCCATG-1,21,GSE135851::LAM1:ACACTGATCCTTGCCA-1,State_15,15,GSE135851,LAM1,2.53946852684021
GSE135851::LAM3:CTCGAAAGTCGCCATG-1,22,GSE190260::LAM1163:GACTACATCGAGGTAG-1,State_15,15,GSE190260,LAM1163,2.5565483570098877
GSE135851::LAM3:CTCGAAAGTCGCCATG-1,23,GSE190260::LAM1163:TGCGCAGCAAGGCTCC-1,State_15,15,GSE190260,LAM1163,2.577314853668213
GSE135851::LAM3:CTCGAAAGTCGCCATG-1,24,GSE190260::LAM1163:CATCAGACAAGAAAGG-1,State_15,15,GSE190260,LAM1163,2.5943186283111572
GSE135851::LAM3:CTCGAAAGTCGCCATG-1,25,GSE190260::LAM1163:AGCTCCTGTCAAAGCG-1,State_15,15,GSE190260,LAM1163,2.604048252105713
GSE135851::LAM3:CTCGAAAGTCGCCATG-1,26,GSE135851::LAM3:AACCATGCACGAAGCA-1,State_15,15,GSE135851,LAM3,2.608454465866089
GSE135851::LAM3:CTCGAAAGTCGCCATG-1,27,GSE135851::LAM1:TTAACTCGTACTCAAC-1,State_15,15,GSE135851,LAM1,2.6297574043273926
GSE135851::LAM3:CTCGAAAGTCGCCATG-1,28,GSE135851::LAM1:ATGTGTGCAGACAAGC-1,State_15,15,GSE135851,LAM1,2.637937307357788
GSE135851::LAM3:CTCGAAAGTCGCCATG-1,29,GSE190260::LAM1163:ATGTGTGGTAGTAGTA-1,State_15,15,GSE190260,LAM1163,2.662885904312134
GSE135851::LAM3:CTCGAAAGTCGCCATG-1,30,GSE190260::LAM1163:TTCTCAAAGTCCGTAT-1,State_15,15,GSE190260,LAM1163,2.684659004211426
GSE135851::LAM3:CTCGTACCAAGCCCAC-1,1,GSE135851::LAM3:TACAGTGAGGCAATTA-1,State_15,15,GSE135851,LAM3,2.1418890953063965
GSE135851::LAM3:CTCGTACCAAGCCCAC-1,2,GSE135851::LAM3:TTTGTCACAGTTCCCT-1,State_15,15,GSE135851,LAM3,2.1566383838653564
GSE135851::LAM3:CTCGTACCAAGCCCAC-1,3,GSE135851::LAM3:CGGCTAGGTTAAGGGC-1,State_15,15,GSE135851,LAM3,2.1583542823791504
GSE135851::LAM3:CTCGTACCAAGCCCAC-1,4,GSE135851::LAM3:TTTATGCAGCCAACAG-1,State_15,15,GSE135851,LAM3,2.1663200855255127
GSE135851::LAM3:CTCGTACCAAGCCCAC-1,5,GSE135851::LAM3:ATGAGGGGTGTGCGTC-1,State_15,15,GSE135851,LAM3,2.2729156017303467
GSE135851::LAM3:CTCGTACCAAGCCCAC-1,6,GSE135851::LAM3:CCACGGACACCTATCC-1,State_15,15,GSE135851,LAM3,2.273211717605591
GSE135851::LAM3:CTCGTACCAAGCCCAC-1,7,GSE135851::LAM3:GTAACTGTCAAACAAG-1,State_15,15,GSE135851,LAM3,2.273334264755249
GSE135851::LAM3:CTCGTACCAAGCCCAC-1,8,GSE135851::LAM3:CGCTTCATCGCACTCT-1,State_15,15,GSE135851,LAM3,2.2891757488250732
GSE135851::LAM3:CTCGTACCAAGCCCAC-1,9,GSE135851::LAM3:TAGAGCTAGTTAGCGG-1,State_15,15,GSE135851,LAM3,2.3353354930877686
GSE135851::LAM3:CTCGTACCAAGCCCAC-1,10,GSE135851::LAM3:AACCATGCACGAAGCA-1,State_15,15,GSE135851,LAM3,2.4155185222625732
GSE135851::LAM3:CTCGTACCAAGCCCAC-1,11,GSE135851::LAM3:GGCGACTAGGTGATTA-1,boundary,,GSE135851,LAM3,2.432328939437866
GSE135851::LAM3:CTCGTACCAAGCCCAC-1,12,GSE135851::LAM3:CCTACACCAATGTTGC-1,State_15,15,GSE135851,LAM3,2.4395925998687744
GSE135851::LAM3:CTCGTACCAAGCCCAC-1,13,GSE135851::LAM3:GGAATAAGTAGCTGCC-1,State_15,15,GSE135851,LAM3,2.5573127269744873
GSE135851::LAM3:CTCGTACCAAGCCCAC-1,14,GSE135851::LAM3:ACCTTTACACTCAGGC-1,State_15,15,GSE135851,LAM3,2.639761209487915
GSE135851::LAM3:CTCGTACCAAGCCCAC-1,15,GSE135851::LAM3:CGTAGGCGTACTCAAC-1,State_15,15,GSE135851,LAM3,2.669516086578369
GSE135851::LAM3:CTCGTACCAAGCCCAC-1,16,GSE302356::LAM3:CTCCCAACAGCGATTT-1,boundary,,GSE302356,LAM32,2.7244949340820312
GSE135851::LAM3:CTCGTACCAAGCCCAC-1,17,GSE135851::LAM3:ATCTGCCTCAGAGCTT-1,State_15,15,GSE135851,LAM3,2.736804723739624
GSE135851::LAM3:CTCGTACCAAGCCCAC-1,18,GSE190260::LAM1164-1:AGCTTGACATCGTCGG-1,State_17,17,GSE190260,LAM1164,2.797684907913208
GSE135851::LAM3:CTCGTACCAAGCCCAC-1,19,GSE190260::LAM1158:AAACGGGAGTCGCCGT-1,State_15,15,GSE190260,LAM1158,2.9227616786956787
GSE135851::LAM3:CTCGTACCAAGCCCAC-1,20,GSE302356::LAM3:GCAGGCTAGGCTTTCA-1,State_20,20,GSE302356,LAM32,2.929196357727051
GSE135851::LAM3:CTCGTACCAAGCCCAC-1,21,GSE190260::LAM1164-1:TAGACCAGTATATGAG-1,boundary,,GSE190260,LAM1164,3.0000181198120117
GSE135851::LAM3:CTCGTACCAAGCCCAC-1,22,GSE135851::LAM3:GTACTTTCACTACAGT-1,State_15,15,GSE135851,LAM3,3.059004068374634
GSE135851::LAM3:CTCGTACCAAGCCCAC-1,23,GSE190260::LAM1163:CATTCGCAGCAATCTC-1,State_15,15,GSE190260,LAM1163,3.0760550498962402
GSE135851::LAM3:CTCGTACCAAGCCCAC-1,24,GSE135851::LAM3:GTGGGTCAGACTAGAT-1,State_20,20,GSE135851,LAM3,3.077165365219116
GSE135851::LAM3:CTCGTACCAAGCCCAC-1,25,GSE190260::LAM1163:GATCAGTCAACTGCTA-1,boundary,,GSE190260,LAM1163,3.1300015449523926
GSE135851::LAM3:CTCGTACCAAGCCCAC-1,26,GSE190260::LAM1158:TTAGTTCAGACAGAGA-1,State_20,20,GSE190260,LAM1158,3.1312007904052734
GSE135851::LAM3:CTCGTACCAAGCCCAC-1,27,GSE135851::LAM3:TTCTTAGCAACACCCG-1,State_15,15,GSE135851,LAM3,3.1388869285583496
GSE135851::LAM3:CTCGTACCAAGCCCAC-1,28,GSE302356::LAM3:CAAAGAATCCTGCTAC-1,State_15,15,GSE302356,LAM32,3.2048144340515137
GSE135851::LAM3:CTCGTACCAAGCCCAC-1,29,GSE135851::LAM1:CAACTAGTCATGTCTT-1,State_15,15,GSE135851,LAM1,3.2281253337860107
GSE135851::LAM3:CTCGTACCAAGCCCAC-1,30,GSE302356::LAM3:CTCCTTTGTAACGTTC-1,boundary,,GSE302356,LAM32,3.2363409996032715
GSE135851::LAM3:GCGGGTTAGGCTAGAC-1,1,GSE135851::LAM3:TTCTTAGCAACACCCG-1,State_15,15,GSE135851,LAM3,2.6329269409179688
GSE135851::LAM3:GCGGGTTAGGCTAGAC-1,2,GSE190260::LAM1163:TACTTGTGTGACGCCT-1,State_15,15,GSE190260,LAM1163,2.754248857498169
GSE135851::LAM3:GCGGGTTAGGCTAGAC-1,3,GSE190260::LAM1163:TCTTCGGTCCCGGATG-1,State_15,15,GSE190260,LAM1163,2.8788845539093018
GSE135851::LAM3:GCGGGTTAGGCTAGAC-1,4,GSE190260::LAM1163:TCATTTGAGAAGGACA-1,boundary,,GSE190260,LAM1163,3.085071563720703
GSE135851::LAM3:GCGGGTTAGGCTAGAC-1,5,GSE190260::LAM1164-1:GCACATAAGGAATGGA-1,State_20,20,GSE190260,LAM1164,3.0888266563415527
GSE135851::LAM3:GCGGGTTAGGCTAGAC-1,6,GSE190260::LAM1163:CTAAGACCAAGCCCAC-1,State_15,15,GSE190260,LAM1163,3.1617605686187744
GSE135851::LAM3:GCGGGTTAGGCTAGAC-1,7,GSE135851::LAM3:ACTGAACAGATGTCGG-1,boundary,,GSE135851,LAM3,3.213163137435913
GSE135851::LAM3:GCGGGTTAGGCTAGAC-1,8,GSE190260::LAM1163:CCGGTAGTCCGTTGTC-1,boundary,,GSE190260,LAM1163,3.235595226287842
GSE135851::LAM3:GCGGGTTAGGCTAGAC-1,9,GSE135851::LAM3:CGGCTAGGTTAAGGGC-1,State_15,15,GSE135851,LAM3,3.2606825828552246
GSE135851::LAM3:GCGGGTTAGGCTAGAC-1,10,GSE135851::LAM3:AACCATGCACGAAGCA-1,State_15,15,GSE135851,LAM3,3.2994489669799805
GSE135851::LAM3:GCGGGTTAGGCTAGAC-1,11,GSE135851::LAM3:GTAACTGTCAAACAAG-1,State_15,15,GSE135851,LAM3,3.307891607284546
GSE135851::LAM3:GCGGGTTAGGCTAGAC-1,12,GSE135851::LAM3:CCAATCCGTAGCTGCC-1,State_15,15,GSE135851,LAM3,3.3911640644073486
GSE135851::LAM3:GCGGGTTAGGCTAGAC-1,13,GSE135851::LAM3:TACAGTGAGGCAATTA-1,State_15,15,GSE135851,LAM3,3.41284441947937
GSE135851::LAM3:GCGGGTTAGGCTAGAC-1,14,GSE135851::LAM3:TTTATGCAGCCAACAG-1,State_15,15,GSE135851,LAM3,3.433493137359619
GSE135851::LAM3:GCGGGTTAGGCTAGAC-1,15,GSE302356::LAM3:GACCAATCATGATGCT-1,boundary,,GSE302356,LAM32,3.4459638595581055
GSE135851::LAM3:GCGGGTTAGGCTAGAC-1,16,GSE135851::LAM3:CCTACACCAATGTTGC-1,State_15,15,GSE135851,LAM3,3.4542360305786133
GSE135851::LAM3:GCGGGTTAGGCTAGAC-1,17,GSE135851::LAM3:CTCGTACCAAGCCCAC-1,State_15,15,GSE135851,LAM3,3.455595016479492
GSE135851::LAM3:GCGGGTTAGGCTAGAC-1,18,GSE135851::LAM3:GTCACAACACCATCCT-1,State_16,16,GSE135851,LAM3,3.4826853275299072
GSE135851::LAM3:GCGGGTTAGGCTAGAC-1,19,GSE190260::LAM1164-1:CTCGGGACAGATCTGT-1,State_20,20,GSE190260,LAM1164,3.4934165477752686
GSE135851::LAM3:GCGGGTTAGGCTAGAC-1,20,GSE190260::LAM1163:TGAAAGAGTAAGTGGC-1,boundary,,GSE190260,LAM1163,3.514047145843506
GSE135851::LAM3:GCGGGTTAGGCTAGAC-1,21,GSE190260::LAM1163:TATCTCAAGACCTAGG-1,State_16,16,GSE190260,LAM1163,3.5444836616516113
GSE135851::LAM3:GCGGGTTAGGCTAGAC-1,22,GSE190260::LAM1163:CTCAGAATCTATCCCG-1,State_16,16,GSE190260,LAM1163,3.555213212966919
GSE135851::LAM3:GCGGGTTAGGCTAGAC-1,23,GSE135851::LAM3:CGCTTCATCGCACTCT-1,State_15,15,GSE135851,LAM3,3.5556228160858154
GSE135851::LAM3:GCGGGTTAGGCTAGAC-1,24,GSE135851::LAM3:CGTAGGCGTACTCAAC-1,State_15,15,GSE135851,LAM3,3.555931568145752
GSE135851::LAM3:GCGGGTTAGGCTAGAC-1,25,GSE135851::LAM3:CGTCACTCAGGCTCAC-1,State_15,15,GSE135851,LAM3,3.569488763809204
GSE135851::LAM3:GCGGGTTAGGCTAGAC-1,26,GSE135851::LAM3:TAGAGCTAGTTAGCGG-1,State_15,15,GSE135851,LAM3,3.570932626724243
GSE135851::LAM3:GCGGGTTAGGCTAGAC-1,27,GSE135851::LAM3:AAGGAGCCAGGTGCCT-1,State_16,16,GSE135851,LAM3,3.583791732788086
GSE135851::LAM3:GCGGGTTAGGCTAGAC-1,28,GSE135851::LAM3:GGCGACTAGGTGATTA-1,boundary,,GSE135851,LAM3,3.5990169048309326
GSE135851::LAM3:GCGGGTTAGGCTAGAC-1,29,GSE190260::LAM1164-2:GACTACAGTAGAGGAA-1,State_20,20,GSE190260,LAM1164,3.603156805038452
GSE135851::LAM3:GCGGGTTAGGCTAGAC-1,30,GSE135851::LAM3:ATGAGGGGTGTGCGTC-1,State_15,15,GSE135851,LAM3,3.621415376663208
GSE135851::LAM3:GGAATAAGTAGCTGCC-1,1,GSE135851::LAM3:CCACGGACACCTATCC-1,State_15,15,GSE135851,LAM3,1.505875587463379
GSE135851::LAM3:GGAATAAGTAGCTGCC-1,2,GSE135851::LAM3:TTTGTCACAGTTCCCT-1,State_15,15,GSE135851,LAM3,1.5435619354248047
GSE135851::LAM3:GGAATAAGTAGCTGCC-1,3,GSE135851::LAM3:TAGAGCTAGTTAGCGG-1,State_15,15,GSE135851,LAM3,1.6207069158554077
GSE135851::LAM3:GGAATAAGTAGCTGCC-1,4,GSE135851::LAM3:TACAGTGAGGCAATTA-1,State_15,15,GSE135851,LAM3,1.821087121963501
GSE135851::LAM3:GGAATAAGTAGCTGCC-1,5,GSE135851::LAM3:CGGCTAGGTTAAGGGC-1,State_15,15,GSE135851,LAM3,1.8497942686080933
GSE135851::LAM3:GGAATAAGTAGCTGCC-1,6,GSE135851::LAM3:GGCGACTAGGTGATTA-1,boundary,,GSE135851,LAM3,1.9650373458862305
GSE135851::LAM3:GGAATAAGTAGCTGCC-1,7,GSE135851::LAM3:CCTACACCAATGTTGC-1,State_15,15,GSE135851,LAM3,1.9671307802200317
GSE135851::LAM3:GGAATAAGTAGCTGCC-1,8,GSE135851::LAM3:ACCTTTACACTCAGGC-1,State_15,15,GSE135851,LAM3,1.9715304374694824
GSE135851::LAM3:GGAATAAGTAGCTGCC-1,9,GSE135851::LAM3:ATGAGGGGTGTGCGTC-1,State_15,15,GSE135851,LAM3,2.0156137943267822
GSE135851::LAM3:GGAATAAGTAGCTGCC-1,10,GSE135851::LAM3:GTAACTGTCAAACAAG-1,State_15,15,GSE135851,LAM3,2.0207457542419434
GSE135851::LAM3:GGAATAAGTAGCTGCC-1,11,GSE135851::LAM3:AACCATGCACGAAGCA-1,State_15,15,GSE135851,LAM3,2.056018829345703
GSE135851::LAM3:GGAATAAGTAGCTGCC-1,12,GSE135851::LAM3:CGCTTCATCGCACTCT-1,State_15,15,GSE135851,LAM3,2.2177224159240723
GSE135851::LAM3:GGAATAAGTAGCTGCC-1,13,GSE135851::LAM3:CGTAGGCGTACTCAAC-1,State_15,15,GSE135851,LAM3,2.238754987716675
GSE135851::LAM3:GGAATAAGTAGCTGCC-1,14,GSE135851::LAM3:TTTATGCAGCCAACAG-1,State_15,15,GSE135851,LAM3,2.3048176765441895
GSE135851::LAM3:GGAATAAGTAGCTGCC-1,15,GSE190260::LAM1163:TGACGGCAGTGGCACA-1,State_15,15,GSE190260,LAM1163,2.550870180130005
GSE135851::LAM3:GGAATAAGTAGCTGCC-1,16,GSE135851::LAM3:CTCGTACCAAGCCCAC-1,State_15,15,GSE135851,LAM3,2.5573127269744873
GSE135851::LAM3:GGAATAAGTAGCTGCC-1,17,GSE135851::LAM3:ATCTGCCTCAGAGCTT-1,State_15,15,GSE135851,LAM3,2.6132497787475586
GSE135851::LAM3:GGAATAAGTAGCTGCC-1,18,GSE190260::LAM1163:CATTCGCAGCAATCTC-1,State_15,15,GSE190260,LAM1163,2.6893601417541504
GSE135851::LAM3:GGAATAAGTAGCTGCC-1,19,GSE190260::LAM1163:TTGGAACTCGGCGGTT-1,State_15,15,GSE190260,LAM1163,2.709357738494873
GSE135851::LAM3:GGAATAAGTAGCTGCC-1,20,GSE302356::LAM3:CAAAGAATCCTGCTAC-1,State_15,15,GSE302356,LAM32,2.714768648147583
GSE135851::LAM3:GGAATAAGTAGCTGCC-1,21,GSE190260::LAM1163:CGGCTAGAGTGGTAGC-1,State_15,15,GSE190260,LAM1163,2.8600575923919678
GSE135851::LAM3:GGAATAAGTAGCTGCC-1,22,GSE135851::LAM3:CGTCACTCAGGCTCAC-1,State_15,15,GSE135851,LAM3,2.938410758972168
GSE135851::LAM3:GGAATAAGTAGCTGCC-1,23,GSE190260::LAM1163:CTCTGGTCATCCCACT-1,State_15,15,GSE190260,LAM1163,2.9417316913604736
GSE135851::LAM3:GGAATAAGTAGCTGCC-1,24,GSE190260::LAM1163:TCGAGGCAGACTAGAT-1,State_15,15,GSE190260,LAM1163,2.9461019039154053
GSE135851::LAM3:GGAATAAGTAGCTGCC-1,25,GSE302356::LAM10:AGCAATACACGAATTT-1,State_16,16,GSE302356,LAM3,2.9591782093048096
GSE135851::LAM3:GGAATAAGTAGCTGCC-1,26,GSE302356::LAM3:GCAGCTGCATATGAAG-1,State_15,15,GSE302356,LAM32,3.0054447650909424
GSE135851::LAM3:GGAATAAGTAGCTGCC-1,27,GSE190260::LAM1163:CGTAGCGTCCCAGGTG-1,State_15,15,GSE190260,LAM1163,3.044152021408081
GSE135851::LAM3:GGAATAAGTAGCTGCC-1,28,GSE302356::LAM3:GTAGCTAGTAGCTTAC-1,State_15,15,GSE302356,LAM32,3.052074670791626
GSE135851::LAM3:GGAATAAGTAGCTGCC-1,29,GSE302356::LAM10:ACCTAAATCATCAGTA-1,State_16,16,GSE302356,LAM3,3.096555233001709
GSE135851::LAM3:GGAATAAGTAGCTGCC-1,30,GSE135851::LAM3:TCGTACCAGGGATCTG-1,State_15,15,GSE135851,LAM3,3.1044609546661377
GSE135851::LAM3:GTAACTGTCAAACAAG-1,1,GSE135851::LAM3:CCTACACCAATGTTGC-1,State_15,15,GSE135851,LAM3,1.805816411972046
GSE135851::LAM3:GTAACTGTCAAACAAG-1,2,GSE135851::LAM3:CCACGGACACCTATCC-1,State_15,15,GSE135851,LAM3,1.9455690383911133
GSE135851::LAM3:GTAACTGTCAAACAAG-1,3,GSE135851::LAM3:GGAATAAGTAGCTGCC-1,State_15,15,GSE135851,LAM3,2.0207457542419434
GSE135851::LAM3:GTAACTGTCAAACAAG-1,4,GSE135851::LAM3:TACAGTGAGGCAATTA-1,State_15,15,GSE135851,LAM3,2.066847324371338
GSE135851::LAM3:GTAACTGTCAAACAAG-1,5,GSE135851::LAM3:CGGCTAGGTTAAGGGC-1,State_15,15,GSE135851,LAM3,2.121269702911377
GSE135851::LAM3:GTAACTGTCAAACAAG-1,6,GSE135851::LAM3:TAGAGCTAGTTAGCGG-1,State_15,15,GSE135851,LAM3,2.1649625301361084
GSE135851::LAM3:GTAACTGTCAAACAAG-1,7,GSE135851::LAM3:TTTATGCAGCCAACAG-1,State_15,15,GSE135851,LAM3,2.2200963497161865
GSE135851::LAM3:GTAACTGTCAAACAAG-1,8,GSE135851::LAM3:TTTGTCACAGTTCCCT-1,State_15,15,GSE135851,LAM3,2.244469404220581
GSE135851::LAM3:GTAACTGTCAAACAAG-1,9,GSE135851::LAM3:CTCGTACCAAGCCCAC-1,State_15,15,GSE135851,LAM3,2.273334264755249
GSE135851::LAM3:GTAACTGTCAAACAAG-1,10,GSE135851::LAM3:ATGAGGGGTGTGCGTC-1,State_15,15,GSE135851,LAM3,2.28153395652771
GSE135851::LAM3:GTAACTGTCAAACAAG-1,11,GSE135851::LAM3:ACCTTTACACTCAGGC-1,State_15,15,GSE135851,LAM3,2.285766124725342
GSE135851::LAM3:GTAACTGTCAAACAAG-1,12,GSE135851::LAM3:CGCTTCATCGCACTCT-1,State_15,15,GSE135851,LAM3,2.3047802448272705
GSE135851::LAM3:GTAACTGTCAAACAAG-1,13,GSE135851::LAM3:AACCATGCACGAAGCA-1,State_15,15,GSE135851,LAM3,2.4039626121520996
GSE135851::LAM3:GTAACTGTCAAACAAG-1,14,GSE135851::LAM3:CGTAGGCGTACTCAAC-1,State_15,15,GSE135851,LAM3,2.5167617797851562
GSE135851::LAM3:GTAACTGTCAAACAAG-1,15,GSE135851::LAM3:GGCGACTAGGTGATTA-1,boundary,,GSE135851,LAM3,2.5657155513763428
GSE135851::LAM3:GTAACTGTCAAACAAG-1,16,GSE135851::LAM3:TTCTTAGCAACACCCG-1,State_15,15,GSE135851,LAM3,2.7814064025878906
GSE135851::LAM3:GTAACTGTCAAACAAG-1,17,GSE135851::LAM3:ATCTGCCTCAGAGCTT-1,State_15,15,GSE135851,LAM3,2.845672369003296
GSE135851::LAM3:GTAACTGTCAAACAAG-1,18,GSE190260::LAM1163:CATTCGCAGCAATCTC-1,State_15,15,GSE190260,LAM1163,2.845879077911377
GSE135851::LAM3:GTAACTGTCAAACAAG-1,19,GSE190260::LAM1164-1:AGCTTGACATCGTCGG-1,State_17,17,GSE190260,LAM1164,2.95625638961792
GSE135851::LAM3:GTAACTGTCAAACAAG-1,20,GSE190260::LAM1163:CTCTGGTCATCCCACT-1,State_15,15,GSE190260,LAM1163,3.0205576419830322
GSE135851::LAM3:GTAACTGTCAAACAAG-1,21,GSE190260::LAM1163:TTGGAACTCGGCGGTT-1,State_15,15,GSE190260,LAM1163,3.035107374191284
GSE135851::LAM3:GTAACTGTCAAACAAG-1,22,GSE302356::LAM3:GCAGCTGCATATGAAG-1,State_15,15,GSE302356,LAM32,3.0476133823394775
GSE135851::LAM3:GTAACTGTCAAACAAG-1,23,GSE302356::LAM3:GCACGTGAGACATACA-1,State_15,15,GSE302356,LAM32,3.066614866256714
GSE135851::LAM3:GTAACTGTCAAACAAG-1,24,GSE190260::LAM1158:AAACGGGAGTCGCCGT-1,State_15,15,GSE190260,LAM1158,3.0807576179504395
GSE135851::LAM3:GTAACTGTCAAACAAG-1,25,GSE190260::LAM1163:TCGAGGCAGACTAGAT-1,State_15,15,GSE190260,LAM1163,3.0919148921966553
GSE135851::LAM3:GTAACTGTCAAACAAG-1,26,GSE302356::LAM3:CAAAGAATCCTGCTAC-1,State_15,15,GSE302356,LAM32,3.0991578102111816
GSE135851::LAM3:GTAACTGTCAAACAAG-1,27,GSE135851::LAM1:TGCGCAGGTTCGCTAA-1,State_15,15,GSE135851,LAM1,3.1504580974578857
GSE135851::LAM3:GTAACTGTCAAACAAG-1,28,GSE302356::LAM4:ACCACAACATTGCTTT-1,State_16,16,GSE302356,LAM18,3.1657795906066895
GSE135851::LAM3:GTAACTGTCAAACAAG-1,29,GSE302356::LAM3:TACCCGTTCTGGACCG-1,State_15,15,GSE302356,LAM32,3.188066244125366
GSE135851::LAM3:GTAACTGTCAAACAAG-1,30,GSE135851::LAM3:CTACATTGTCATTAGC-1,boundary,,GSE135851,LAM3,3.207627773284912
GSE135851::LAM3:GTACTTTCACTACAGT-1,1,GSE135851::LAM1:CAACTAGTCATGTCTT-1,State_15,15,GSE135851,LAM1,2.132780075073242
GSE135851::LAM3:GTACTTTCACTACAGT-1,2,GSE190260::LAM1163:TGGACGCTCAAGAAGT-1,State_15,15,GSE190260,LAM1163,2.6451497077941895
GSE135851::LAM3:GTACTTTCACTACAGT-1,3,GSE135851::LAM1:GTCTTCGGTTAAGAAC-1,State_15,15,GSE135851,LAM1,2.914273500442505
GSE135851::LAM3:GTACTTTCACTACAGT-1,4,GSE135851::LAM1:GTGCAGCAGAGGGCTT-1,State_15,15,GSE135851,LAM1,3.020127534866333
GSE135851::LAM3:GTACTTTCACTACAGT-1,5,GSE135851::LAM3:CTCGTACCAAGCCCAC-1,State_15,15,GSE135851,LAM3,3.059004068374634
GSE135851::LAM3:GTACTTTCACTACAGT-1,6,GSE135851::LAM1:TGCGCAGGTTCGCTAA-1,State_15,15,GSE135851,LAM1,3.115370035171509
GSE135851::LAM3:GTACTTTCACTACAGT-1,7,GSE190260::LAM1158:AAACGGGAGTCGCCGT-1,State_15,15,GSE190260,LAM1158,3.1426899433135986
GSE135851::LAM3:GTACTTTCACTACAGT-1,8,GSE302356::LAM3:CTCCTTTGTAACGTTC-1,boundary,,GSE302356,LAM32,3.27288556098938
GSE135851::LAM3:GTACTTTCACTACAGT-1,9,GSE135851::LAM3:ATGAGGGGTGTGCGTC-1,State_15,15,GSE135851,LAM3,3.308797597885132
GSE135851::LAM3:GTACTTTCACTACAGT-1,10,GSE135851::LAM1:CCACCTACAATGTTGC-1,State_15,15,GSE135851,LAM1,3.30959153175354
GSE135851::LAM3:GTACTTTCACTACAGT-1,11,GSE190260::LAM1163:GCGGGTTTCACATAGC-1,State_15,15,GSE190260,LAM1163,3.3531270027160645
GSE135851::LAM3:GTACTTTCACTACAGT-1,12,GSE190260::LAM1163:TCGAGGCAGACTAGAT-1,State_15,15,GSE190260,LAM1163,3.357062578201294
GSE135851::LAM3:GTACTTTCACTACAGT-1,13,GSE135851::LAM3:CGCTTCATCGCACTCT-1,State_15,15,GSE135851,LAM3,3.3665008544921875
GSE135851::LAM3:GTACTTTCACTACAGT-1,14,GSE302356::LAM3:GCACGTGAGACATACA-1,State_15,15,GSE302356,LAM32,3.402482032775879
GSE135851::LAM3:GTACTTTCACTACAGT-1,15,GSE190260::LAM1163:ACAGCCGAGGACTGGT-1,State_15,15,GSE190260,LAM1163,3.4551546573638916
GSE135851::LAM3:GTACTTTCACTACAGT-1,16,GSE135851::LAM3:CGTAGGCGTACTCAAC-1,State_15,15,GSE135851,LAM3,3.4876790046691895
GSE135851::LAM3:GTACTTTCACTACAGT-1,17,GSE135851::LAM3:GTAACTGTCAAACAAG-1,State_15,15,GSE135851,LAM3,3.497248649597168
GSE135851::LAM3:GTACTTTCACTACAGT-1,18,GSE190260::LAM1163:CATCAAGCAATACGCT-1,State_15,15,GSE190260,LAM1163,3.5080087184906006
GSE135851::LAM3:GTACTTTCACTACAGT-1,19,GSE190260::LAM1163:GAGGTGAAGCCAGGAT-1,State_15,15,GSE190260,LAM1163,3.5537688732147217
GSE135851::LAM3:GTACTTTCACTACAGT-1,20,GSE190260::LAM1163:CTCTGGTCATCCCACT-1,State_15,15,GSE190260,LAM1163,3.5659101009368896
GSE135851::LAM3:GTACTTTCACTACAGT-1,21,GSE135851::LAM3:CTACATTGTCATTAGC-1,boundary,,GSE135851,LAM3,3.6036312580108643
GSE135851::LAM3:GTACTTTCACTACAGT-1,22,GSE190260::LAM1163:GTCACAAAGACTTGAA-1,State_15,15,GSE190260,LAM1163,3.6150197982788086
GSE135851::LAM3:GTACTTTCACTACAGT-1,23,GSE135851::LAM3:TTTATGCAGCCAACAG-1,State_15,15,GSE135851,LAM3,3.6276698112487793
GSE135851::LAM3:GTACTTTCACTACAGT-1,24,GSE135851::LAM3:ATCTGCCTCAGAGCTT-1,State_15,15,GSE135851,LAM3,3.63667893409729
GSE135851::LAM3:GTACTTTCACTACAGT-1,25,GSE135851::LAM3:TTCTTAGCAACACCCG-1,State_15,15,GSE135851,LAM3,3.6614012718200684
GSE135851::LAM3:GTACTTTCACTACAGT-1,26,GSE190260::LAM1163:CGGCTAGAGTGGTAGC-1,State_15,15,GSE190260,LAM1163,3.6847856044769287
GSE135851::LAM3:GTACTTTCACTACAGT-1,27,GSE135851::LAM1:CGGACACTCAGAGGTG-1,State_15,15,GSE135851,LAM1,3.6922378540039062
GSE135851::LAM3:GTACTTTCACTACAGT-1,28,GSE190260::LAM1163:CAGATCAGTATCACCA-1,State_15,15,GSE190260,LAM1163,3.6994822025299072
GSE135851::LAM3:GTACTTTCACTACAGT-1,29,GSE190260::LAM1163:TATCTCAAGAGACTAT-1,State_15,15,GSE190260,LAM1163,3.715742588043213
GSE135851::LAM3:GTACTTTCACTACAGT-1,30,GSE302356::LAM3:CTCCCAACAGCGATTT-1,boundary,,GSE302356,LAM32,3.7240049839019775
GSE135851::LAM3:TACAGTGAGGCAATTA-1,1,GSE135851::LAM3:CGGCTAGGTTAAGGGC-1,State_15,15,GSE135851,LAM3,1.458464503288269
GSE135851::LAM3:TACAGTGAGGCAATTA-1,2,GSE135851::LAM3:ACCTTTACACTCAGGC-1,State_15,15,GSE135851,LAM3,1.485377311706543
GSE135851::LAM3:TACAGTGAGGCAATTA-1,3,GSE135851::LAM3:CCACGGACACCTATCC-1,State_15,15,GSE135851,LAM3,1.6625617742538452
GSE135851::LAM3:TACAGTGAGGCAATTA-1,4,GSE135851::LAM3:TTTGTCACAGTTCCCT-1,State_15,15,GSE135851,LAM3,1.6936559677124023
GSE135851::LAM3:TACAGTGAGGCAATTA-1,5,GSE135851::LAM3:GGAATAAGTAGCTGCC-1,State_15,15,GSE135851,LAM3,1.821087121963501
GSE135851::LAM3:TACAGTGAGGCAATTA-1,6,GSE190260::LAM1163:CATTCGCAGCAATCTC-1,State_15,15,GSE190260,LAM1163,1.8354068994522095
GSE135851::LAM3:TACAGTGAGGCAATTA-1,7,GSE135851::LAM3:AACCATGCACGAAGCA-1,State_15,15,GSE135851,LAM3,1.8627512454986572
GSE135851::LAM3:TACAGTGAGGCAATTA-1,8,GSE135851::LAM3:GTAACTGTCAAACAAG-1,State_15,15,GSE135851,LAM3,2.066847324371338
GSE135851::LAM3:TACAGTGAGGCAATTA-1,9,GSE135851::LAM3:ATGAGGGGTGTGCGTC-1,State_15,15,GSE135851,LAM3,2.06872296333313
GSE135851::LAM3:TACAGTGAGGCAATTA-1,10,GSE135851::LAM3:TAGAGCTAGTTAGCGG-1,State_15,15,GSE135851,LAM3,2.0805702209472656
GSE135851::LAM3:TACAGTGAGGCAATTA-1,11,GSE135851::LAM3:CTCGTACCAAGCCCAC-1,State_15,15,GSE135851,LAM3,2.1418890953063965
GSE135851::LAM3:TACAGTGAGGCAATTA-1,12,GSE190260::LAM1163:AAAGCAAAGTCAAGGC-1,State_15,15,GSE190260,LAM1163,2.1794309616088867
GSE135851::LAM3:TACAGTGAGGCAATTA-1,13,GSE190260::LAM1158:ATCCGAATCCAGTATG-1,State_15,15,GSE190260,LAM1158,2.2225453853607178
GSE135851::LAM3:TACAGTGAGGCAATTA-1,14,GSE135851::LAM3:CGTAGGCGTACTCAAC-1,State_15,15,GSE135851,LAM3,2.307429075241089
GSE135851::LAM3:TACAGTGAGGCAATTA-1,15,GSE135851::LAM3:CCTACACCAATGTTGC-1,State_15,15,GSE135851,LAM3,2.34979510307312
GSE135851::LAM3:TACAGTGAGGCAATTA-1,16,GSE135851::LAM3:CGCTTCATCGCACTCT-1,State_15,15,GSE135851,LAM3,2.3588998317718506
GSE135851::LAM3:TACAGTGAGGCAATTA-1,17,GSE302356::LAM3:GCAGCTGCATATGAAG-1,State_15,15,GSE302356,LAM32,2.3655481338500977
GSE135851::LAM3:TACAGTGAGGCAATTA-1,18,GSE135851::LAM3:TTTATGCAGCCAACAG-1,State_15,15,GSE135851,LAM3,2.407841444015503
GSE135851::LAM3:TACAGTGAGGCAATTA-1,19,GSE135851::LAM3:GGCGACTAGGTGATTA-1,boundary,,GSE135851,LAM3,2.4754717350006104
GSE135851::LAM3:TACAGTGAGGCAATTA-1,20,GSE190260::LAM1163:CTCGAGGAGCCCGAAA-1,State_15,15,GSE190260,LAM1163,2.5486819744110107
GSE135851::LAM3:TACAGTGAGGCAATTA-1,21,GSE302356::LAM3:GTAGCTAGTAGCTTAC-1,State_15,15,GSE302356,LAM32,2.683584690093994
GSE135851::LAM3:TACAGTGAGGCAATTA-1,22,GSE135851::LAM3:ATCTGCCTCAGAGCTT-1,State_15,15,GSE135851,LAM3,2.694000244140625
GSE135851::LAM3:TACAGTGAGGCAATTA-1,23,GSE302356::LAM3:TACCCGTTCTGGACCG-1,State_15,15,GSE302356,LAM32,2.775893211364746
GSE135851::LAM3:TACAGTGAGGCAATTA-1,24,GSE190260::LAM1158:AAACGGGAGTCGCCGT-1,State_15,15,GSE190260,LAM1158,2.788224697113037
GSE135851::LAM3:TACAGTGAGGCAATTA-1,25,GSE190260::LAM1163:TTGGAACTCGGCGGTT-1,State_15,15,GSE190260,LAM1163,2.7981979846954346
GSE135851::LAM3:TACAGTGAGGCAATTA-1,26,GSE190260::LAM1164-1:AGCTTGACATCGTCGG-1,State_17,17,GSE190260,LAM1164,2.910963535308838
GSE135851::LAM3:TACAGTGAGGCAATTA-1,27,GSE135851::LAM3:CCAATCCGTAGCTGCC-1,State_15,15,GSE135851,LAM3,2.946769952774048
GSE135851::LAM3:TACAGTGAGGCAATTA-1,28,GSE135851::LAM1:TGCGCAGGTTCGCTAA-1,State_15,15,GSE135851,LAM1,2.9617502689361572
GSE135851::LAM3:TACAGTGAGGCAATTA-1,29,GSE190260::LAM1158:TACGGTATCCAGGGCT-1,State_15,15,GSE190260,LAM1158,2.9883389472961426
GSE135851::LAM3:TACAGTGAGGCAATTA-1,30,GSE190260::LAM1163:CTCTGGTCATCCCACT-1,State_15,15,GSE190260,LAM1163,2.9982738494873047
GSE135851::LAM3:TAGAGCTAGTTAGCGG-1,1,GSE135851::LAM3:TTTGTCACAGTTCCCT-1,State_15,15,GSE135851,LAM3,1.2505178451538086
GSE135851::LAM3:TAGAGCTAGTTAGCGG-1,2,GSE135851::LAM3:CGCTTCATCGCACTCT-1,State_15,15,GSE135851,LAM3,1.2864950895309448
GSE135851::LAM3:TAGAGCTAGTTAGCGG-1,3,GSE135851::LAM3:ATGAGGGGTGTGCGTC-1,State_15,15,GSE135851,LAM3,1.325678825378418
GSE135851::LAM3:TAGAGCTAGTTAGCGG-1,4,GSE135851::LAM3:CGGCTAGGTTAAGGGC-1,State_15,15,GSE135851,LAM3,1.3411786556243896
GSE135851::LAM3:TAGAGCTAGTTAGCGG-1,5,GSE135851::LAM3:AACCATGCACGAAGCA-1,State_15,15,GSE135851,LAM3,1.3737030029296875
GSE135851::LAM3:TAGAGCTAGTTAGCGG-1,6,GSE135851::LAM3:GGAATAAGTAGCTGCC-1,State_15,15,GSE135851,LAM3,1.6207069158554077
GSE135851::LAM3:TAGAGCTAGTTAGCGG-1,7,GSE135851::LAM3:TTTATGCAGCCAACAG-1,State_15,15,GSE135851,LAM3,1.682643175125122
GSE135851::LAM3:TAGAGCTAGTTAGCGG-1,8,GSE135851::LAM3:GGCGACTAGGTGATTA-1,boundary,,GSE135851,LAM3,1.775663137435913
GSE135851::LAM3:TAGAGCTAGTTAGCGG-1,9,GSE135851::LAM3:CCTACACCAATGTTGC-1,State_15,15,GSE135851,LAM3,1.775997281074524
GSE135851::LAM3:TAGAGCTAGTTAGCGG-1,10,GSE135851::LAM3:CCACGGACACCTATCC-1,State_15,15,GSE135851,LAM3,1.866089105606079
GSE135851::LAM3:TAGAGCTAGTTAGCGG-1,11,GSE135851::LAM3:ATCTGCCTCAGAGCTT-1,State_15,15,GSE135851,LAM3,1.928975224494934
GSE135851::LAM3:TAGAGCTAGTTAGCGG-1,12,GSE135851::LAM3:TACAGTGAGGCAATTA-1,State_15,15,GSE135851,LAM3,2.0805702209472656
GSE135851::LAM3:TAGAGCTAGTTAGCGG-1,13,GSE135851::LAM3:GTAACTGTCAAACAAG-1,State_15,15,GSE135851,LAM3,2.1649625301361084
GSE135851::LAM3:TAGAGCTAGTTAGCGG-1,14,GSE135851::LAM3:CGTAGGCGTACTCAAC-1,State_15,15,GSE135851,LAM3,2.2175817489624023
GSE135851::LAM3:TAGAGCTAGTTAGCGG-1,15,GSE135851::LAM3:CTCGTACCAAGCCCAC-1,State_15,15,GSE135851,LAM3,2.3353354930877686
GSE135851::LAM3:TAGAGCTAGTTAGCGG-1,16,GSE135851::LAM3:CCAATCCGTAGCTGCC-1,State_15,15,GSE135851,LAM3,2.441819190979004
GSE135851::LAM3:TAGAGCTAGTTAGCGG-1,17,GSE302356::LAM3:CAAAGAATCCTGCTAC-1,State_15,15,GSE302356,LAM32,2.5213470458984375
GSE135851::LAM3:TAGAGCTAGTTAGCGG-1,18,GSE190260::LAM1158:AAACGGGAGTCGCCGT-1,State_15,15,GSE190260,LAM1158,2.537334680557251
GSE135851::LAM3:TAGAGCTAGTTAGCGG-1,19,GSE190260::LAM1163:CGGCTAGAGTGGTAGC-1,State_15,15,GSE190260,LAM1163,2.6507482528686523
GSE135851::LAM3:TAGAGCTAGTTAGCGG-1,20,GSE135851::LAM3:ACCTTTACACTCAGGC-1,State_15,15,GSE135851,LAM3,2.7028465270996094
GSE135851::LAM3:TAGAGCTAGTTAGCGG-1,21,GSE135851::LAM3:CGTCACTCAGGCTCAC-1,State_15,15,GSE135851,LAM3,2.718548536300659
GSE135851::LAM3:TAGAGCTAGTTAGCGG-1,22,GSE190260::LAM1163:AGAGTGGCATGATCCA-1,State_15,15,GSE190260,LAM1163,2.719794511795044
GSE135851::LAM3:TAGAGCTAGTTAGCGG-1,23,GSE190260::LAM1163:TGACGGCAGTGGCACA-1,State_15,15,GSE190260,LAM1163,2.7373476028442383
GSE135851::LAM3:TAGAGCTAGTTAGCGG-1,24,GSE302356::LAM3:GCAGGCTAGGCTTTCA-1,State_20,20,GSE302356,LAM32,2.738924264907837
GSE135851::LAM3:TAGAGCTAGTTAGCGG-1,25,GSE190260::LAM1163:CTCTGGTCATCCCACT-1,State_15,15,GSE190260,LAM1163,2.741189479827881
GSE135851::LAM3:TAGAGCTAGTTAGCGG-1,26,GSE135851::LAM3:TCGTACCAGGGATCTG-1,State_15,15,GSE135851,LAM3,2.769200325012207
GSE135851::LAM3:TAGAGCTAGTTAGCGG-1,27,GSE302356::LAM3:GTAGCTAGTAGCTTAC-1,State_15,15,GSE302356,LAM32,2.842613697052002
GSE135851::LAM3:TAGAGCTAGTTAGCGG-1,28,GSE190260::LAM1163:TCGAGGCAGACTAGAT-1,State_15,15,GSE190260,LAM1163,2.8556478023529053
GSE135851::LAM3:TAGAGCTAGTTAGCGG-1,29,GSE302356::LAM3:GCAGCTGCATATGAAG-1,State_15,15,GSE302356,LAM32,2.8648083209991455
GSE135851::LAM3:TAGAGCTAGTTAGCGG-1,30,GSE190260::LAM1163:TTGGAACTCGGCGGTT-1,State_15,15,GSE190260,LAM1163,3.0386900901794434
GSE135851::LAM3:TCGTACCAGGGATCTG-1,1,GSE135851::LAM3:CACAAACCAATAGCGG-1,State_15,15,GSE135851,LAM3,1.0232090950012207
GSE135851::LAM3:TCGTACCAGGGATCTG-1,2,GSE135851::LAM3:CGTCACTCAGGCTCAC-1,State_15,15,GSE135851,LAM3,1.1083009243011475
GSE135851::LAM3:TCGTACCAGGGATCTG-1,3,GSE135851::LAM3:CCAATCCGTAGCTGCC-1,State_15,15,GSE135851,LAM3,1.3956472873687744
GSE135851::LAM3:TCGTACCAGGGATCTG-1,4,GSE135851::LAM3:CTCGAAAGTCGCCATG-1,State_15,15,GSE135851,LAM3,1.4350740909576416
GSE135851::LAM3:TCGTACCAGGGATCTG-1,5,GSE190260::LAM1163:AGAGTGGCATGATCCA-1,State_15,15,GSE190260,LAM1163,1.9677804708480835
GSE135851::LAM3:TCGTACCAGGGATCTG-1,6,GSE135851::LAM3:AACCATGCACGAAGCA-1,State_15,15,GSE135851,LAM3,2.0111632347106934
GSE135851::LAM3:TCGTACCAGGGATCTG-1,7,GSE135851::LAM3:CGTAGGCGTACTCAAC-1,State_15,15,GSE135851,LAM3,2.0153355598449707
GSE135851::LAM3:TCGTACCAGGGATCTG-1,8,GSE135851::LAM3:TTTATGCAGCCAACAG-1,State_15,15,GSE135851,LAM3,2.1015329360961914
GSE135851::LAM3:TCGTACCAGGGATCTG-1,9,GSE190260::LAM1163:CGTAGCGTCCCAGGTG-1,State_15,15,GSE190260,LAM1163,2.3176400661468506
GSE135851::LAM3:TCGTACCAGGGATCTG-1,10,GSE190260::LAM1163:TCTTCGGTCCCGGATG-1,State_15,15,GSE190260,LAM1163,2.319584369659424
GSE135851::LAM3:TCGTACCAGGGATCTG-1,11,GSE135851::LAM3:ATGAGGGGTGTGCGTC-1,State_15,15,GSE135851,LAM3,2.327820062637329
GSE135851::LAM3:TCGTACCAGGGATCTG-1,12,GSE190260::LAM1163:GCATGATAGCGTTCCG-1,State_15,15,GSE190260,LAM1163,2.391702651977539
GSE135851::LAM3:TCGTACCAGGGATCTG-1,13,GSE135851::LAM3:CGCTTCATCGCACTCT-1,State_15,15,GSE135851,LAM3,2.418574333190918
GSE135851::LAM3:TCGTACCAGGGATCTG-1,14,GSE190260::LAM1163:CCACCTAAGGTACTCT-1,State_15,15,GSE190260,LAM1163,2.4194395542144775
GSE135851::LAM3:TCGTACCAGGGATCTG-1,15,GSE135851::LAM3:GGCGACTAGGTGATTA-1,boundary,,GSE135851,LAM3,2.4281578063964844
GSE135851::LAM3:TCGTACCAGGGATCTG-1,16,GSE190260::LAM1163:CTCTGGTCATCCCACT-1,State_15,15,GSE190260,LAM1163,2.428980827331543
GSE135851::LAM3:TCGTACCAGGGATCTG-1,17,GSE190260::LAM1163:TTAGGACGTCGGATCC-1,State_15,15,GSE190260,LAM1163,2.4325788021087646
GSE135851::LAM3:TCGTACCAGGGATCTG-1,18,GSE135851::LAM3:ATCTGCCTCAGAGCTT-1,State_15,15,GSE135851,LAM3,2.434614419937134
GSE135851::LAM3:TCGTACCAGGGATCTG-1,19,GSE190260::LAM1163:ATCACGACAGTAAGAT-1,State_15,15,GSE190260,LAM1163,2.4379990100860596
GSE135851::LAM3:TCGTACCAGGGATCTG-1,20,GSE190260::LAM1163:CGTCTACGTTTGTTGG-1,State_15,15,GSE190260,LAM1163,2.514918088912964
GSE135851::LAM3:TCGTACCAGGGATCTG-1,21,GSE190260::LAM1163:GGTGCGTTCTGTACGA-1,State_15,15,GSE190260,LAM1163,2.5236382484436035
GSE135851::LAM3:TCGTACCAGGGATCTG-1,22,GSE190260::LAM1163:TGCGCAGCAAGGCTCC-1,State_15,15,GSE190260,LAM1163,2.529167652130127
GSE135851::LAM3:TCGTACCAGGGATCTG-1,23,GSE190260::LAM1163:AGAGCTTCACGTTGGC-1,State_15,15,GSE190260,LAM1163,2.5683250427246094
GSE135851::LAM3:TCGTACCAGGGATCTG-1,24,GSE190260::LAM1163:GTGTTAGTCTCCAACC-1,State_15,15,GSE190260,LAM1163,2.5755748748779297
GSE135851::LAM3:TCGTACCAGGGATCTG-1,25,GSE135851::LAM3:CGGCTAGGTTAAGGGC-1,State_15,15,GSE135851,LAM3,2.584730386734009
GSE135851::LAM3:TCGTACCAGGGATCTG-1,26,GSE190260::LAM1163:GGGTTGCGTCAGAATA-1,State_15,15,GSE190260,LAM1163,2.5980730056762695
GSE135851::LAM3:TCGTACCAGGGATCTG-1,27,GSE190260::LAM1163:CTTACCGTCGTCTGCT-1,State_15,15,GSE190260,LAM1163,2.606177806854248
GSE135851::LAM3:TCGTACCAGGGATCTG-1,28,GSE190260::LAM1163:GACTAACGTTGTGGCC-1,State_15,15,GSE190260,LAM1163,2.6079888343811035
GSE135851::LAM3:TCGTACCAGGGATCTG-1,29,GSE190260::LAM1163:TGACGGCAGTGGCACA-1,State_15,15,GSE190260,LAM1163,2.611416816711426
GSE135851::LAM3:TCGTACCAGGGATCTG-1,30,GSE190260::LAM1163:AGCTCCTGTCAAAGCG-1,State_15,15,GSE190260,LAM1163,2.661963939666748
GSE135851::LAM3:TTCTTAGCAACACCCG-1,1,GSE190260::LAM1163:TCATTTGAGAAGGACA-1,boundary,,GSE190260,LAM1163,2.6069281101226807
GSE135851::LAM3:TTCTTAGCAACACCCG-1,2,GSE135851::LAM3:GCGGGTTAGGCTAGAC-1,State_15,15,GSE135851,LAM3,2.6329269409179688
GSE135851::LAM3:TTCTTAGCAACACCCG-1,3,GSE135851::LAM3:GTAACTGTCAAACAAG-1,State_15,15,GSE135851,LAM3,2.7814064025878906
GSE135851::LAM3:TTCTTAGCAACACCCG-1,4,GSE302356::LAM4:TCGGGACAGATCCTAC-1,boundary,,GSE302356,LAM18,2.993088722229004
GSE135851::LAM3:TTCTTAGCAACACCCG-1,5,GSE190260::LAM1163:CCGGTAGTCCGTTGTC-1,boundary,,GSE190260,LAM1163,3.072277307510376
GSE135851::LAM3:TTCTTAGCAACACCCG-1,6,GSE135851::LAM3:CTCGTACCAAGCCCAC-1,State_15,15,GSE135851,LAM3,3.1388869285583496
GSE135851::LAM3:TTCTTAGCAACACCCG-1,7,GSE302356::LAM3:ACGATCAAGATGACCG-1,boundary,,GSE302356,LAM32,3.1649582386016846
GSE135851::LAM3:TTCTTAGCAACACCCG-1,8,GSE217108::LAM44:AGGATGTCACCTACTT-1,boundary,,GSE217108,LAM44,3.1898152828216553
GSE135851::LAM3:TTCTTAGCAACACCCG-1,9,GSE135851::LAM3:CCTACACCAATGTTGC-1,State_15,15,GSE135851,LAM3,3.19665789604187
GSE135851::LAM3:TTCTTAGCAACACCCG-1,10,GSE302356::LAM3:CCGTGAGAGTGGAAAG-1,boundary,,GSE302356,LAM32,3.2219512462615967
GSE135851::LAM3:TTCTTAGCAACACCCG-1,11,GSE135851::LAM3:ACTGAACAGATGTCGG-1,boundary,,GSE135851,LAM3,3.2898426055908203
GSE135851::LAM3:TTCTTAGCAACACCCG-1,12,GSE217108::LAM44:CAGTATGGTTCCTGTG-1,boundary,,GSE217108,LAM44,3.292933702468872
GSE135851::LAM3:TTCTTAGCAACACCCG-1,13,GSE135851::LAM3:AAGGAGCCAGGTGCCT-1,State_16,16,GSE135851,LAM3,3.3178958892822266
GSE135851::LAM3:TTCTTAGCAACACCCG-1,14,GSE135851::LAM3:ACTTGTTAGAGACGAA-1,boundary,,GSE135851,LAM3,3.341053009033203
GSE135851::LAM3:TTCTTAGCAACACCCG-1,15,GSE302356::LAM4:ACCACAACATTGCTTT-1,State_16,16,GSE302356,LAM18,3.343425989151001
GSE135851::LAM3:TTCTTAGCAACACCCG-1,16,GSE135851::LAM3:CTACATTGTCATTAGC-1,boundary,,GSE135851,LAM3,3.376737356185913
GSE135851::LAM3:TTCTTAGCAACACCCG-1,17,GSE302356::LAM4:GTATTTCAGAACAAGG-1,boundary,,GSE302356,LAM18,3.3936781883239746
GSE135851::LAM3:TTCTTAGCAACACCCG-1,18,GSE217108::LAM44:AGCCGGTTCGCCTAAG-1,State_16,16,GSE217108,LAM44,3.423103094100952
GSE135851::LAM3:TTCTTAGCAACACCCG-1,19,GSE190260::LAM1163:TCCCGATCAGACTCGC-1,State_16,16,GSE190260,LAM1163,3.4287421703338623
GSE135851::LAM3:TTCTTAGCAACACCCG-1,20,GSE302356::LAM3:CCACAAACAACATACC-1,boundary,,GSE302356,LAM32,3.442746639251709
GSE135851::LAM3:TTCTTAGCAACACCCG-1,21,GSE302356::LAM3:TGGTTAGTCGACCAAT-1,boundary,,GSE302356,LAM32,3.4436895847320557
GSE135851::LAM3:TTCTTAGCAACACCCG-1,22,GSE135851::LAM3:GTCACAACACCATCCT-1,State_16,16,GSE135851,LAM3,3.4537980556488037
GSE135851::LAM3:TTCTTAGCAACACCCG-1,23,GSE302356::LAM3:CTCCCAACAGCGATTT-1,boundary,,GSE302356,LAM32,3.4571497440338135
GSE135851::LAM3:TTCTTAGCAACACCCG-1,24,GSE135851::LAM3:CACACCTAGTAGGTGC-1,boundary,,GSE135851,LAM3,3.4631457328796387
GSE135851::LAM3:TTCTTAGCAACACCCG-1,25,GSE122960::GSE122960_Donor_07:GACGCGTGTGTGGTTT-1,normal,,GSE122960,GSE122960_Donor_07,3.4755160808563232
GSE135851::LAM3:TTCTTAGCAACACCCG-1,26,GSE135851::LAM3:CGGCTAGGTTAAGGGC-1,State_15,15,GSE135851,LAM3,3.5151853561401367
GSE135851::LAM3:TTCTTAGCAACACCCG-1,27,GSE302356::LAM3:GTCCACTTCCCAAGCG-1,boundary,,GSE302356,LAM32,3.5550763607025146
GSE135851::LAM3:TTCTTAGCAACACCCG-1,28,GSE135851::LAM3:GGCGACTAGGTGATTA-1,boundary,,GSE135851,LAM3,3.5569028854370117
GSE135851::LAM3:TTCTTAGCAACACCCG-1,29,GSE217108::LAM44:TGAGGGCCAAATTGCT-1,boundary,,GSE217108,LAM44,3.570890426635742
GSE135851::LAM3:TTCTTAGCAACACCCG-1,30,GSE135851::LAM1:AAGACCTTCCTCTAGC-1,boundary,,GSE135851,LAM1,3.5736916065216064
GSE135851::LAM3:TTTATGCAGCCAACAG-1,1,GSE135851::LAM3:CGCTTCATCGCACTCT-1,State_15,15,GSE135851,LAM3,1.3382574319839478
GSE135851::LAM3:TTTATGCAGCCAACAG-1,2,GSE135851::LAM3:AACCATGCACGAAGCA-1,State_15,15,GSE135851,LAM3,1.5412243604660034
GSE135851::LAM3:TTTATGCAGCCAACAG-1,3,GSE135851::LAM3:CGGCTAGGTTAAGGGC-1,State_15,15,GSE135851,LAM3,1.590485692024231
GSE135851::LAM3:TTTATGCAGCCAACAG-1,4,GSE135851::LAM3:ATCTGCCTCAGAGCTT-1,State_15,15,GSE135851,LAM3,1.5929272174835205
GSE135851::LAM3:TTTATGCAGCCAACAG-1,5,GSE135851::LAM3:TTTGTCACAGTTCCCT-1,State_15,15,GSE135851,LAM3,1.6759449243545532
GSE135851::LAM3:TTTATGCAGCCAACAG-1,6,GSE135851::LAM3:TAGAGCTAGTTAGCGG-1,State_15,15,GSE135851,LAM3,1.682643175125122
GSE135851::LAM3:TTTATGCAGCCAACAG-1,7,GSE135851::LAM3:GGCGACTAGGTGATTA-1,boundary,,GSE135851,LAM3,1.718544363975525
GSE135851::LAM3:TTTATGCAGCCAACAG-1,8,GSE135851::LAM3:ATGAGGGGTGTGCGTC-1,State_15,15,GSE135851,LAM3,1.7618197202682495
GSE135851::LAM3:TTTATGCAGCCAACAG-1,9,GSE135851::LAM3:CGTAGGCGTACTCAAC-1,State_15,15,GSE135851,LAM3,1.8220479488372803
GSE135851::LAM3:TTTATGCAGCCAACAG-1,10,GSE135851::LAM3:CCTACACCAATGTTGC-1,State_15,15,GSE135851,LAM3,1.9330298900604248
GSE135851::LAM3:TTTATGCAGCCAACAG-1,11,GSE135851::LAM3:CCAATCCGTAGCTGCC-1,State_15,15,GSE135851,LAM3,2.038912534713745
GSE135851::LAM3:TTTATGCAGCCAACAG-1,12,GSE135851::LAM3:TCGTACCAGGGATCTG-1,State_15,15,GSE135851,LAM3,2.1015329360961914
GSE135851::LAM3:TTTATGCAGCCAACAG-1,13,GSE135851::LAM3:CTCGTACCAAGCCCAC-1,State_15,15,GSE135851,LAM3,2.1663200855255127
GSE135851::LAM3:TTTATGCAGCCAACAG-1,14,GSE135851::LAM3:GTAACTGTCAAACAAG-1,State_15,15,GSE135851,LAM3,2.2200963497161865
GSE135851::LAM3:TTTATGCAGCCAACAG-1,15,GSE135851::LAM3:CGTCACTCAGGCTCAC-1,State_15,15,GSE135851,LAM3,2.2558419704437256
GSE135851::LAM3:TTTATGCAGCCAACAG-1,16,GSE135851::LAM3:GGAATAAGTAGCTGCC-1,State_15,15,GSE135851,LAM3,2.3048176765441895
GSE135851::LAM3:TTTATGCAGCCAACAG-1,17,GSE190260::LAM1163:AGAGTGGCATGATCCA-1,State_15,15,GSE190260,LAM1163,2.3323328495025635
GSE135851::LAM3:TTTATGCAGCCAACAG-1,18,GSE135851::LAM3:TACAGTGAGGCAATTA-1,State_15,15,GSE135851,LAM3,2.407841444015503
GSE135851::LAM3:TTTATGCAGCCAACAG-1,19,GSE302356::LAM3:GCAGGCTAGGCTTTCA-1,State_20,20,GSE302356,LAM32,2.408000946044922
GSE135851::LAM3:TTTATGCAGCCAACAG-1,20,GSE135851::LAM3:CCACGGACACCTATCC-1,State_15,15,GSE135851,LAM3,2.498326301574707
GSE135851::LAM3:TTTATGCAGCCAACAG-1,21,GSE190260::LAM1163:CTCTGGTCATCCCACT-1,State_15,15,GSE190260,LAM1163,2.539090871810913
GSE135851::LAM3:TTTATGCAGCCAACAG-1,22,GSE135851::LAM3:CACAAACCAATAGCGG-1,State_15,15,GSE135851,LAM3,2.6022448539733887
GSE135851::LAM3:TTTATGCAGCCAACAG-1,23,GSE190260::LAM1163:TGACGGCAGTGGCACA-1,State_15,15,GSE190260,LAM1163,2.6245594024658203
GSE135851::LAM3:TTTATGCAGCCAACAG-1,24,GSE190260::LAM1163:TCGAGGCAGACTAGAT-1,State_15,15,GSE190260,LAM1163,2.648806571960449
GSE135851::LAM3:TTTATGCAGCCAACAG-1,25,GSE190260::LAM1163:TTGGAACTCGGCGGTT-1,State_15,15,GSE190260,LAM1163,2.6881847381591797
GSE135851::LAM3:TTTATGCAGCCAACAG-1,26,GSE190260::LAM1163:GCACTCTCATCCGGGT-1,State_15,15,GSE190260,LAM1163,2.7103381156921387
GSE135851::LAM3:TTTATGCAGCCAACAG-1,27,GSE190260::LAM1163:CGGCTAGAGTGGTAGC-1,State_15,15,GSE190260,LAM1163,2.7465178966522217
GSE135851::LAM3:TTTATGCAGCCAACAG-1,28,GSE135851::LAM3:CTCGAAAGTCGCCATG-1,State_15,15,GSE135851,LAM3,2.788222551345825
GSE135851::LAM3:TTTATGCAGCCAACAG-1,29,GSE190260::LAM1164-1:AGCTTGACATCGTCGG-1,State_17,17,GSE190260,LAM1164,2.807047128677368
GSE135851::LAM3:TTTATGCAGCCAACAG-1,30,GSE190260::LAM1163:CTCGAGGAGCCCGAAA-1,State_15,15,GSE190260,LAM1163,2.853682518005371
GSE135851::LAM3:TTTGTCACAGTTCCCT-1,1,GSE135851::LAM3:TAGAGCTAGTTAGCGG-1,State_15,15,GSE135851,LAM3,1.2505178451538086
GSE135851::LAM3:TTTGTCACAGTTCCCT-1,2,GSE135851::LAM3:CGCTTCATCGCACTCT-1,State_15,15,GSE135851,LAM3,1.3492053747177124
GSE135851::LAM3:TTTGTCACAGTTCCCT-1,3,GSE135851::LAM3:CGGCTAGGTTAAGGGC-1,State_15,15,GSE135851,LAM3,1.415817141532898
GSE135851::LAM3:TTTGTCACAGTTCCCT-1,4,GSE135851::LAM3:GGCGACTAGGTGATTA-1,boundary,,GSE135851,LAM3,1.4922733306884766
GSE135851::LAM3:TTTGTCACAGTTCCCT-1,5,GSE135851::LAM3:CCACGGACACCTATCC-1,State_15,15,GSE135851,LAM3,1.504328727722168
GSE135851::LAM3:TTTGTCACAGTTCCCT-1,6,GSE135851::LAM3:GGAATAAGTAGCTGCC-1,State_15,15,GSE135851,LAM3,1.5435619354248047
GSE135851::LAM3:TTTGTCACAGTTCCCT-1,7,GSE135851::LAM3:ATGAGGGGTGTGCGTC-1,State_15,15,GSE135851,LAM3,1.5972154140472412
GSE135851::LAM3:TTTGTCACAGTTCCCT-1,8,GSE135851::LAM3:AACCATGCACGAAGCA-1,State_15,15,GSE135851,LAM3,1.6627693176269531
GSE135851::LAM3:TTTGTCACAGTTCCCT-1,9,GSE135851::LAM3:TTTATGCAGCCAACAG-1,State_15,15,GSE135851,LAM3,1.6759449243545532
GSE135851::LAM3:TTTGTCACAGTTCCCT-1,10,GSE135851::LAM3:TACAGTGAGGCAATTA-1,State_15,15,GSE135851,LAM3,1.6936559677124023
GSE135851::LAM3:TTTGTCACAGTTCCCT-1,11,GSE135851::LAM3:ATCTGCCTCAGAGCTT-1,State_15,15,GSE135851,LAM3,1.892432689666748
GSE135851::LAM3:TTTGTCACAGTTCCCT-1,12,GSE135851::LAM3:CGTAGGCGTACTCAAC-1,State_15,15,GSE135851,LAM3,2.074458360671997
GSE135851::LAM3:TTTGTCACAGTTCCCT-1,13,GSE135851::LAM3:CCTACACCAATGTTGC-1,State_15,15,GSE135851,LAM3,2.1342806816101074
GSE135851::LAM3:TTTGTCACAGTTCCCT-1,14,GSE135851::LAM3:CTCGTACCAAGCCCAC-1,State_15,15,GSE135851,LAM3,2.1566383838653564
GSE135851::LAM3:TTTGTCACAGTTCCCT-1,15,GSE135851::LAM3:ACCTTTACACTCAGGC-1,State_15,15,GSE135851,LAM3,2.242527723312378
GSE135851::LAM3:TTTGTCACAGTTCCCT-1,16,GSE135851::LAM3:GTAACTGTCAAACAAG-1,State_15,15,GSE135851,LAM3,2.244469404220581
GSE135851::LAM3:TTTGTCACAGTTCCCT-1,17,GSE190260::LAM1163:CATTCGCAGCAATCTC-1,State_15,15,GSE190260,LAM1163,2.4348065853118896
GSE135851::LAM3:TTTGTCACAGTTCCCT-1,18,GSE135851::LAM3:CCAATCCGTAGCTGCC-1,State_15,15,GSE135851,LAM3,2.474964141845703
GSE135851::LAM3:TTTGTCACAGTTCCCT-1,19,GSE190260::LAM1158:AAACGGGAGTCGCCGT-1,State_15,15,GSE190260,LAM1158,2.5032241344451904
GSE135851::LAM3:TTTGTCACAGTTCCCT-1,20,GSE302356::LAM3:CAAAGAATCCTGCTAC-1,State_15,15,GSE302356,LAM32,2.570678949356079
GSE135851::LAM3:TTTGTCACAGTTCCCT-1,21,GSE135851::LAM3:CGTCACTCAGGCTCAC-1,State_15,15,GSE135851,LAM3,2.6211631298065186
GSE135851::LAM3:TTTGTCACAGTTCCCT-1,22,GSE302356::LAM3:GCAGGCTAGGCTTTCA-1,State_20,20,GSE302356,LAM32,2.716399908065796
GSE135851::LAM3:TTTGTCACAGTTCCCT-1,23,GSE190260::LAM1163:TGACGGCAGTGGCACA-1,State_15,15,GSE190260,LAM1163,2.736661195755005
GSE135851::LAM3:TTTGTCACAGTTCCCT-1,24,GSE135851::LAM3:TCGTACCAGGGATCTG-1,State_15,15,GSE135851,LAM3,2.7561843395233154
GSE135851::LAM3:TTTGTCACAGTTCCCT-1,25,GSE190260::LAM1163:CTCTGGTCATCCCACT-1,State_15,15,GSE190260,LAM1163,2.772958517074585
GSE135851::LAM3:TTTGTCACAGTTCCCT-1,26,GSE302356::LAM3:GCAGCTGCATATGAAG-1,State_15,15,GSE302356,LAM32,2.8150763511657715
GSE135851::LAM3:TTTGTCACAGTTCCCT-1,27,GSE190260::LAM1163:TCGAGGCAGACTAGAT-1,State_15,15,GSE190260,LAM1163,2.8861067295074463
GSE135851::LAM3:TTTGTCACAGTTCCCT-1,28,GSE190260::LAM1163:CGGCTAGAGTGGTAGC-1,State_15,15,GSE190260,LAM1163,2.8962059020996094
GSE135851::LAM3:TTTGTCACAGTTCCCT-1,29,GSE302356::LAM3:GTAGCTAGTAGCTTAC-1,State_15,15,GSE302356,LAM32,2.914433717727661
GSE135851::LAM3:TTTGTCACAGTTCCCT-1,30,GSE190260::LAM1163:TTGGAACTCGGCGGTT-1,State_15,15,GSE190260,LAM1163,2.9409968852996826
GSE190260::LAM1158:AAACGGGAGTCGCCGT-1,1,GSE302356::LAM3:CAAAGAATCCTGCTAC-1,State_15,15,GSE302356,LAM32,2.1374335289001465
GSE190260::LAM1158:AAACGGGAGTCGCCGT-1,2,GSE135851::LAM3:ATCTGCCTCAGAGCTT-1,State_15,15,GSE135851,LAM3,2.2675838470458984
GSE190260::LAM1158:AAACGGGAGTCGCCGT-1,3,GSE302356::LAM3:GCAGCTGCATATGAAG-1,State_15,15,GSE302356,LAM32,2.285338878631592
GSE190260::LAM1158:AAACGGGAGTCGCCGT-1,4,GSE135851::LAM3:CGCTTCATCGCACTCT-1,State_15,15,GSE135851,LAM3,2.313830614089966
GSE190260::LAM1158:AAACGGGAGTCGCCGT-1,5,GSE302356::LAM3:GTAGCTAGTAGCTTAC-1,State_15,15,GSE302356,LAM32,2.323800802230835
GSE190260::LAM1158:AAACGGGAGTCGCCGT-1,6,GSE302356::LAM3:GCACGTGAGACATACA-1,State_15,15,GSE302356,LAM32,2.383110284805298
GSE190260::LAM1158:AAACGGGAGTCGCCGT-1,7,GSE135851::LAM3:ATGAGGGGTGTGCGTC-1,State_15,15,GSE135851,LAM3,2.43399715423584
GSE190260::LAM1158:AAACGGGAGTCGCCGT-1,8,GSE302356::LAM3:TACCCGTTCTGGACCG-1,State_15,15,GSE302356,LAM32,2.4563543796539307
GSE190260::LAM1158:AAACGGGAGTCGCCGT-1,9,GSE135851::LAM3:CCACGGACACCTATCC-1,State_15,15,GSE135851,LAM3,2.4815289974212646
GSE190260::LAM1158:AAACGGGAGTCGCCGT-1,10,GSE302356::LAM3:CAACCAATCTCGAGTA-1,State_15,15,GSE302356,LAM32,2.4933457374572754
GSE190260::LAM1158:AAACGGGAGTCGCCGT-1,11,GSE135851::LAM3:TTTGTCACAGTTCCCT-1,State_15,15,GSE135851,LAM3,2.5032241344451904
GSE190260::LAM1158:AAACGGGAGTCGCCGT-1,12,GSE135851::LAM3:TAGAGCTAGTTAGCGG-1,State_15,15,GSE135851,LAM3,2.537334680557251
GSE190260::LAM1158:AAACGGGAGTCGCCGT-1,13,GSE190260::LAM1163:ACAGCCGAGGACTGGT-1,State_15,15,GSE190260,LAM1163,2.6559531688690186
GSE190260::LAM1158:AAACGGGAGTCGCCGT-1,14,GSE190260::LAM1163:CGGCTAGAGTGGTAGC-1,State_15,15,GSE190260,LAM1163,2.6690280437469482
GSE190260::LAM1158:AAACGGGAGTCGCCGT-1,15,GSE135851::LAM3:AACCATGCACGAAGCA-1,State_15,15,GSE135851,LAM3,2.7629408836364746
GSE190260::LAM1158:AAACGGGAGTCGCCGT-1,16,GSE190260::LAM1158:ATCCGAATCCAGTATG-1,State_15,15,GSE190260,LAM1158,2.7875475883483887
GSE190260::LAM1158:AAACGGGAGTCGCCGT-1,17,GSE135851::LAM3:TACAGTGAGGCAATTA-1,State_15,15,GSE135851,LAM3,2.788224697113037
GSE190260::LAM1158:AAACGGGAGTCGCCGT-1,18,GSE135851::LAM1:CAACTAGTCATGTCTT-1,State_15,15,GSE135851,LAM1,2.7981417179107666
GSE190260::LAM1158:AAACGGGAGTCGCCGT-1,19,GSE190260::LAM1163:AAAGCAAAGTCAAGGC-1,State_15,15,GSE190260,LAM1163,2.8190646171569824
GSE190260::LAM1158:AAACGGGAGTCGCCGT-1,20,GSE135851::LAM3:CGGCTAGGTTAAGGGC-1,State_15,15,GSE135851,LAM3,2.8271117210388184
GSE190260::LAM1158:AAACGGGAGTCGCCGT-1,21,GSE135851::LAM1:TGCGCAGGTTCGCTAA-1,State_15,15,GSE135851,LAM1,2.8378093242645264
GSE190260::LAM1158:AAACGGGAGTCGCCGT-1,22,GSE190260::LAM1163:GCGGGTTTCACATAGC-1,State_15,15,GSE190260,LAM1163,2.8948276042938232
GSE190260::LAM1158:AAACGGGAGTCGCCGT-1,23,GSE190260::LAM1163:GTCACAAAGACTTGAA-1,State_15,15,GSE190260,LAM1163,2.8985109329223633
GSE190260::LAM1158:AAACGGGAGTCGCCGT-1,24,GSE135851::LAM3:CTCGTACCAAGCCCAC-1,State_15,15,GSE135851,LAM3,2.9227616786956787
GSE190260::LAM1158:AAACGGGAGTCGCCGT-1,25,GSE135851::LAM3:CGTAGGCGTACTCAAC-1,State_15,15,GSE135851,LAM3,2.9384946823120117
GSE190260::LAM1158:AAACGGGAGTCGCCGT-1,26,GSE135851::LAM3:TTTATGCAGCCAACAG-1,State_15,15,GSE135851,LAM3,2.9737844467163086
GSE190260::LAM1158:AAACGGGAGTCGCCGT-1,27,GSE190260::LAM1163:TTGGAACTCGGCGGTT-1,State_15,15,GSE190260,LAM1163,2.992521286010742
GSE190260::LAM1158:AAACGGGAGTCGCCGT-1,28,GSE135851::LAM1:CGGACACTCAGAGGTG-1,State_15,15,GSE135851,LAM1,3.0473406314849854
GSE190260::LAM1158:AAACGGGAGTCGCCGT-1,29,GSE190260::LAM1163:CATCAAGCAATACGCT-1,State_15,15,GSE190260,LAM1163,3.0519192218780518
GSE190260::LAM1158:AAACGGGAGTCGCCGT-1,30,GSE135851::LAM3:GTAACTGTCAAACAAG-1,State_15,15,GSE135851,LAM3,3.0807576179504395
GSE190260::LAM1158:AGTTGGTTCCCAAGTA-1,1,GSE190260::LAM1163:GGATGTTTCAAGCCTA-1,State_15,15,GSE190260,LAM1163,3.0151827335357666
GSE190260::LAM1158:AGTTGGTTCCCAAGTA-1,2,GSE135851::LAM3:ATCTGCCTCAGAGCTT-1,State_15,15,GSE135851,LAM3,3.033421277999878
GSE190260::LAM1158:AGTTGGTTCCCAAGTA-1,3,GSE190260::LAM1158:AAACGGGAGTCGCCGT-1,State_15,15,GSE190260,LAM1158,3.105057716369629
GSE190260::LAM1158:AGTTGGTTCCCAAGTA-1,4,GSE190260::LAM1163:TGCGCAGTCTCTAAGG-1,State_15,15,GSE190260,LAM1163,3.2944724559783936
GSE190260::LAM1158:AGTTGGTTCCCAAGTA-1,5,GSE135851::LAM3:CGCTTCATCGCACTCT-1,State_15,15,GSE135851,LAM3,3.2955312728881836
GSE190260::LAM1158:AGTTGGTTCCCAAGTA-1,6,GSE190260::LAM1163:CTCAGAAGTGATAAGT-1,State_15,15,GSE190260,LAM1163,3.360588312149048
GSE190260::LAM1158:AGTTGGTTCCCAAGTA-1,7,GSE135851::LAM1:TGCGCAGGTTCGCTAA-1,State_15,15,GSE135851,LAM1,3.445361375808716
GSE190260::LAM1158:AGTTGGTTCCCAAGTA-1,8,GSE190260::LAM1163:CACACTCAGATAGGAG-1,State_15,15,GSE190260,LAM1163,3.5362842082977295
GSE190260::LAM1158:AGTTGGTTCCCAAGTA-1,9,GSE135851::LAM1:GTGCAGCAGAGGGCTT-1,State_15,15,GSE135851,LAM1,3.544010877609253
GSE190260::LAM1158:AGTTGGTTCCCAAGTA-1,10,GSE135851::LAM1:TTGGCAAAGAATCTCC-1,State_15,15,GSE135851,LAM1,3.556528091430664
GSE190260::LAM1158:AGTTGGTTCCCAAGTA-1,11,GSE135851::LAM3:ATGAGGGGTGTGCGTC-1,State_15,15,GSE135851,LAM3,3.568697214126587
GSE190260::LAM1158:AGTTGGTTCCCAAGTA-1,12,GSE135851::LAM3:CCAATCCGTAGCTGCC-1,State_15,15,GSE135851,LAM3,3.5868802070617676
GSE190260::LAM1158:AGTTGGTTCCCAAGTA-1,13,GSE190260::LAM1163:ATTACTCGTGTCCTCT-1,State_15,15,GSE190260,LAM1163,3.597255229949951
GSE190260::LAM1158:AGTTGGTTCCCAAGTA-1,14,GSE190260::LAM1163:CGCTTCAAGCCCAACC-1,State_15,15,GSE190260,LAM1163,3.6079578399658203
GSE190260::LAM1158:AGTTGGTTCCCAAGTA-1,15,GSE190260::LAM1163:GCGGGTTTCACATAGC-1,State_15,15,GSE190260,LAM1163,3.6227285861968994
GSE190260::LAM1158:AGTTGGTTCCCAAGTA-1,16,GSE135851::LAM3:TTTGTCACAGTTCCCT-1,State_15,15,GSE135851,LAM3,3.6304445266723633
GSE190260::LAM1158:AGTTGGTTCCCAAGTA-1,17,GSE190260::LAM1163:TGCACCTAGACATAAC-1,State_15,15,GSE190260,LAM1163,3.6479156017303467
GSE190260::LAM1158:AGTTGGTTCCCAAGTA-1,18,GSE190260::LAM1163:TATCTCAAGAGACTAT-1,State_15,15,GSE190260,LAM1163,3.681473970413208
GSE190260::LAM1158:AGTTGGTTCCCAAGTA-1,19,GSE190260::LAM1163:AGAGTGGCATGATCCA-1,State_15,15,GSE190260,LAM1163,3.733029365539551
GSE190260::LAM1158:AGTTGGTTCCCAAGTA-1,20,GSE190260::LAM1163:CCACCTAAGGTACTCT-1,State_15,15,GSE190260,LAM1163,3.743352174758911
GSE190260::LAM1158:AGTTGGTTCCCAAGTA-1,21,GSE190260::LAM1163:CTCTGGTCATCCCACT-1,State_15,15,GSE190260,LAM1163,3.746464967727661
GSE190260::LAM1158:AGTTGGTTCCCAAGTA-1,22,GSE135851::LAM3:TAGAGCTAGTTAGCGG-1,State_15,15,GSE135851,LAM3,3.763530969619751
GSE190260::LAM1158:AGTTGGTTCCCAAGTA-1,23,GSE190260::LAM1163:TTTACTGGTGACGCCT-1,State_15,15,GSE190260,LAM1163,3.7898924350738525
GSE190260::LAM1158:AGTTGGTTCCCAAGTA-1,24,GSE190260::LAM1163:ATCACGACAGTAAGAT-1,State_15,15,GSE190260,LAM1163,3.8065831661224365
GSE190260::LAM1158:AGTTGGTTCCCAAGTA-1,25,GSE135851::LAM1:CGGACACTCAGAGGTG-1,State_15,15,GSE135851,LAM1,3.8292980194091797
GSE190260::LAM1158:AGTTGGTTCCCAAGTA-1,26,GSE190260::LAM1163:CGGACTGGTCCAAGTT-1,State_15,15,GSE190260,LAM1163,3.8371095657348633
GSE190260::LAM1158:AGTTGGTTCCCAAGTA-1,27,GSE302356::LAM3:GTAGCTAGTAGCTTAC-1,State_15,15,GSE302356,LAM32,3.8433878421783447
GSE190260::LAM1158:AGTTGGTTCCCAAGTA-1,28,GSE190260::LAM1163:CAGATCAGTATCACCA-1,State_15,15,GSE190260,LAM1163,3.8572492599487305
GSE190260::LAM1158:AGTTGGTTCCCAAGTA-1,29,GSE190260::LAM1163:TCGAGGCAGACTAGAT-1,State_15,15,GSE190260,LAM1163,3.8981387615203857
GSE190260::LAM1158:AGTTGGTTCCCAAGTA-1,30,GSE190260::LAM1163:ATGTGTGGTAGTAGTA-1,State_15,15,GSE190260,LAM1163,3.9159066677093506
GSE190260::LAM1158:ATCCGAATCCAGTATG-1,1,GSE190260::LAM1163:AAAGCAAAGTCAAGGC-1,State_15,15,GSE190260,LAM1163,2.020122766494751
GSE190260::LAM1158:ATCCGAATCCAGTATG-1,2,GSE135851::LAM3:TACAGTGAGGCAATTA-1,State_15,15,GSE135851,LAM3,2.2225453853607178
GSE190260::LAM1158:ATCCGAATCCAGTATG-1,3,GSE302356::LAM3:GCAGCTGCATATGAAG-1,State_15,15,GSE302356,LAM32,2.4280574321746826
GSE190260::LAM1158:ATCCGAATCCAGTATG-1,4,GSE190260::LAM1163:CATTCGCAGCAATCTC-1,State_15,15,GSE190260,LAM1163,2.4672629833221436
GSE190260::LAM1158:ATCCGAATCCAGTATG-1,5,GSE302356::LAM3:TACCCGTTCTGGACCG-1,State_15,15,GSE302356,LAM32,2.5245611667633057
GSE190260::LAM1158:ATCCGAATCCAGTATG-1,6,GSE190260::LAM1158:AAACGGGAGTCGCCGT-1,State_15,15,GSE190260,LAM1158,2.7875475883483887
GSE190260::LAM1158:ATCCGAATCCAGTATG-1,7,GSE190260::LAM1158:TACGGTATCCAGGGCT-1,State_15,15,GSE190260,LAM1158,2.801025867462158
GSE190260::LAM1158:ATCCGAATCCAGTATG-1,8,GSE135851::LAM1:TGCGCAGGTTCGCTAA-1,State_15,15,GSE135851,LAM1,2.8271474838256836
GSE190260::LAM1158:ATCCGAATCCAGTATG-1,9,GSE135851::LAM3:CCACGGACACCTATCC-1,State_15,15,GSE135851,LAM3,2.870584726333618
GSE190260::LAM1158:ATCCGAATCCAGTATG-1,10,GSE302356::LAM3:GTAGCTAGTAGCTTAC-1,State_15,15,GSE302356,LAM32,2.8729634284973145
GSE190260::LAM1158:ATCCGAATCCAGTATG-1,11,GSE190260::LAM1158:CGTCCATGTTGGTGGA-1,State_15,15,GSE190260,LAM1158,2.8944945335388184
GSE190260::LAM1158:ATCCGAATCCAGTATG-1,12,GSE135851::LAM3:ACCTTTACACTCAGGC-1,State_15,15,GSE135851,LAM3,2.917604684829712
GSE190260::LAM1158:ATCCGAATCCAGTATG-1,13,GSE135851::LAM3:ATGAGGGGTGTGCGTC-1,State_15,15,GSE135851,LAM3,2.933471202850342
GSE190260::LAM1158:ATCCGAATCCAGTATG-1,14,GSE135851::LAM3:CGGCTAGGTTAAGGGC-1,State_15,15,GSE135851,LAM3,2.9369425773620605
GSE190260::LAM1158:ATCCGAATCCAGTATG-1,15,GSE135851::LAM3:TTTGTCACAGTTCCCT-1,State_15,15,GSE135851,LAM3,2.9954993724823
GSE190260::LAM1158:ATCCGAATCCAGTATG-1,16,GSE302356::LAM3:GCACGTGAGACATACA-1,State_15,15,GSE302356,LAM32,3.0096006393432617
GSE190260::LAM1158:ATCCGAATCCAGTATG-1,17,GSE190260::LAM1163:TGCACCTAGACATAAC-1,State_15,15,GSE190260,LAM1163,3.0594303607940674
GSE190260::LAM1158:ATCCGAATCCAGTATG-1,18,GSE135851::LAM3:AACCATGCACGAAGCA-1,State_15,15,GSE135851,LAM3,3.1015172004699707
GSE190260::LAM1158:ATCCGAATCCAGTATG-1,19,GSE190260::LAM1163:CTCGAGGAGCCCGAAA-1,State_15,15,GSE190260,LAM1163,3.2006189823150635
GSE190260::LAM1158:ATCCGAATCCAGTATG-1,20,GSE135851::LAM3:GTAACTGTCAAACAAG-1,State_15,15,GSE135851,LAM3,3.2285802364349365
GSE190260::LAM1158:ATCCGAATCCAGTATG-1,21,GSE302356::LAM3:GGTCACGGTATGGTAA-1,State_15,15,GSE302356,LAM32,3.237065076828003
GSE190260::LAM1158:ATCCGAATCCAGTATG-1,22,GSE135851::LAM1:CAACTAGTCATGTCTT-1,State_15,15,GSE135851,LAM1,3.294334888458252
GSE190260::LAM1158:ATCCGAATCCAGTATG-1,23,GSE135851::LAM3:GGAATAAGTAGCTGCC-1,State_15,15,GSE135851,LAM3,3.3136370182037354
GSE190260::LAM1158:ATCCGAATCCAGTATG-1,24,GSE135851::LAM1:GTGCAGCAGAGGGCTT-1,State_15,15,GSE135851,LAM1,3.3559837341308594
GSE190260::LAM1158:ATCCGAATCCAGTATG-1,25,GSE135851::LAM3:CGCTTCATCGCACTCT-1,State_15,15,GSE135851,LAM3,3.368732452392578
GSE190260::LAM1158:ATCCGAATCCAGTATG-1,26,GSE135851::LAM3:TAGAGCTAGTTAGCGG-1,State_15,15,GSE135851,LAM3,3.3852016925811768
GSE190260::LAM1158:ATCCGAATCCAGTATG-1,27,GSE135851::LAM3:CGTAGGCGTACTCAAC-1,State_15,15,GSE135851,LAM3,3.4392433166503906
GSE190260::LAM1158:ATCCGAATCCAGTATG-1,28,GSE302356::LAM3:CAAAGAATCCTGCTAC-1,State_15,15,GSE302356,LAM32,3.4639546871185303
GSE190260::LAM1158:ATCCGAATCCAGTATG-1,29,GSE135851::LAM3:CTCGTACCAAGCCCAC-1,State_15,15,GSE135851,LAM3,3.498947858810425
GSE190260::LAM1158:ATCCGAATCCAGTATG-1,30,GSE190260::LAM1163:CGGCTAGAGTGGTAGC-1,State_15,15,GSE190260,LAM1163,3.5596141815185547
GSE190260::LAM1158:CACACAAAGTGTACGG-1,1,GSE190260::LAM1158:CAGCTAAGTGTCAATC-1,State_15,15,GSE190260,LAM1158,1.0650392770767212
GSE190260::LAM1158:CACACAAAGTGTACGG-1,2,GSE190260::LAM1158:CTCATTAGTCGGGTCT-1,State_15,15,GSE190260,LAM1158,1.1730859279632568
GSE190260::LAM1158:CACACAAAGTGTACGG-1,3,GSE135851::LAM1:TGCACCTTCGAACTGT-1,State_15,15,GSE135851,LAM1,1.8756587505340576
GSE190260::LAM1158:CACACAAAGTGTACGG-1,4,GSE135851::LAM1:ATTACTCAGCCACCTG-1,State_15,15,GSE135851,LAM1,2.1731576919555664
GSE190260::LAM1158:CACACAAAGTGTACGG-1,5,GSE135851::LAM1:GGGAGATAGCCATCGC-1,State_15,15,GSE135851,LAM1,2.4188387393951416
GSE190260::LAM1158:CACACAAAGTGTACGG-1,6,GSE190260::LAM1163:GGGATGATCACAAACC-1,State_15,15,GSE190260,LAM1163,2.736168146133423
GSE190260::LAM1158:CACACAAAGTGTACGG-1,7,GSE190260::LAM1163:GAAATGACATGGGACA-1,State_15,15,GSE190260,LAM1163,2.7922115325927734
GSE190260::LAM1158:CACACAAAGTGTACGG-1,8,GSE190260::LAM1163:ATCCACCTCTTGTCAT-1,State_15,15,GSE190260,LAM1163,2.84407901763916
GSE190260::LAM1158:CACACAAAGTGTACGG-1,9,GSE135851::LAM1:CCTATTACACGAGGTA-1,State_15,15,GSE135851,LAM1,2.8503923416137695
GSE190260::LAM1158:CACACAAAGTGTACGG-1,10,GSE190260::LAM1163:GACGCGTCATCCGGGT-1,State_15,15,GSE190260,LAM1163,2.8525288105010986
GSE190260::LAM1158:CACACAAAGTGTACGG-1,11,GSE190260::LAM1163:CGCTGGAGTAAGTAGT-1,State_15,15,GSE190260,LAM1163,2.9580695629119873
GSE190260::LAM1158:CACACAAAGTGTACGG-1,12,GSE135851::LAM1:CGGACACTCAGAGGTG-1,State_15,15,GSE135851,LAM1,2.9606990814208984
GSE190260::LAM1158:CACACAAAGTGTACGG-1,13,GSE135851::LAM1:CGAGCACCATTATCTC-1,State_15,15,GSE135851,LAM1,2.996732473373413
GSE190260::LAM1158:CACACAAAGTGTACGG-1,14,GSE135851::LAM1:TCGAGGCTCGACCAGC-1,State_15,15,GSE135851,LAM1,2.9996302127838135
GSE190260::LAM1158:CACACAAAGTGTACGG-1,15,GSE190260::LAM1163:CTTACCGCACATGTGT-1,State_15,15,GSE190260,LAM1163,3.070854425430298
GSE190260::LAM1158:CACACAAAGTGTACGG-1,16,GSE302356::LAM3:TGCGATACACACGGTC-1,State_15,15,GSE302356,LAM32,3.1479976177215576
GSE190260::LAM1158:CACACAAAGTGTACGG-1,17,GSE190260::LAM1163:TCACAAGCAAAGTCAA-1,State_15,15,GSE190260,LAM1163,3.307879686355591
GSE190260::LAM1158:CACACAAAGTGTACGG-1,18,GSE190260::LAM1163:TGGACGCTCAAGAAGT-1,State_15,15,GSE190260,LAM1163,3.489624500274658
GSE190260::LAM1158:CACACAAAGTGTACGG-1,19,GSE190260::LAM1163:CATATTCGTCTCCCTA-1,State_15,15,GSE190260,LAM1163,3.489980697631836
GSE190260::LAM1158:CACACAAAGTGTACGG-1,20,GSE190260::LAM1163:TACGGTATCACCTTAT-1,State_15,15,GSE190260,LAM1163,3.5615313053131104
GSE190260::LAM1158:CACACAAAGTGTACGG-1,21,GSE190260::LAM1158:CTAAGACAGTCTCGGC-1,State_15,15,GSE190260,LAM1158,3.568079710006714
GSE190260::LAM1158:CACACAAAGTGTACGG-1,22,GSE135851::LAM1:CACAGTAAGAGAACAG-1,State_15,15,GSE135851,LAM1,3.619799852371216
GSE190260::LAM1158:CACACAAAGTGTACGG-1,23,GSE302356::LAM3:TTTATGCAGAGCCTGA-1,State_15,15,GSE302356,LAM32,3.653014898300171
GSE190260::LAM1158:CACACAAAGTGTACGG-1,24,GSE190260::LAM1163:CGCTGGACAAGTTCTG-1,State_15,15,GSE190260,LAM1163,3.678297996520996
GSE190260::LAM1158:CACACAAAGTGTACGG-1,25,GSE190260::LAM1163:TCGTACCCAAGCCGTC-1,State_15,15,GSE190260,LAM1163,3.722463607788086
GSE190260::LAM1158:CACACAAAGTGTACGG-1,26,GSE190260::LAM1163:GCGGGTTTCACATAGC-1,State_15,15,GSE190260,LAM1163,3.7328758239746094
GSE190260::LAM1158:CACACAAAGTGTACGG-1,27,GSE135851::LAM1:ATGTGTGCAGACAAGC-1,State_15,15,GSE135851,LAM1,3.861117124557495
GSE190260::LAM1158:CACACAAAGTGTACGG-1,28,GSE135851::LAM1:GGCGACTTCGCACTCT-1,State_15,15,GSE135851,LAM1,3.86130690574646
GSE190260::LAM1158:CACACAAAGTGTACGG-1,29,GSE190260::LAM1163:GTTACAGCAAGCTGGA-1,State_15,15,GSE190260,LAM1163,3.875518321990967
GSE190260::LAM1158:CACACAAAGTGTACGG-1,30,GSE190260::LAM1163:CTGATCCTCGCTTAGA-1,State_15,15,GSE190260,LAM1163,3.8968489170074463
GSE190260::LAM1158:CAGCTAAGTGTCAATC-1,1,GSE190260::LAM1158:CACACAAAGTGTACGG-1,State_15,15,GSE190260,LAM1158,1.0650392770767212
GSE190260::LAM1158:CAGCTAAGTGTCAATC-1,2,GSE190260::LAM1158:CTCATTAGTCGGGTCT-1,State_15,15,GSE190260,LAM1158,1.7519668340682983
GSE190260::LAM1158:CAGCTAAGTGTCAATC-1,3,GSE135851::LAM1:ATTACTCAGCCACCTG-1,State_15,15,GSE135851,LAM1,2.004520893096924
GSE190260::LAM1158:CAGCTAAGTGTCAATC-1,4,GSE135851::LAM1:TGCACCTTCGAACTGT-1,State_15,15,GSE135851,LAM1,2.4147117137908936
GSE190260::LAM1158:CAGCTAAGTGTCAATC-1,5,GSE190260::LAM1163:GAAATGACATGGGACA-1,State_15,15,GSE190260,LAM1163,2.687965154647827
GSE190260::LAM1158:CAGCTAAGTGTCAATC-1,6,GSE135851::LAM1:GGGAGATAGCCATCGC-1,State_15,15,GSE135851,LAM1,2.7100045680999756
GSE190260::LAM1158:CAGCTAAGTGTCAATC-1,7,GSE190260::LAM1163:GGGATGATCACAAACC-1,State_15,15,GSE190260,LAM1163,2.716002941131592
GSE190260::LAM1158:CAGCTAAGTGTCAATC-1,8,GSE190260::LAM1163:CGCTGGAGTAAGTAGT-1,State_15,15,GSE190260,LAM1163,2.809002637863159
GSE190260::LAM1158:CAGCTAAGTGTCAATC-1,9,GSE135851::LAM1:CGAGCACCATTATCTC-1,State_15,15,GSE135851,LAM1,2.8968396186828613
GSE190260::LAM1158:CAGCTAAGTGTCAATC-1,10,GSE135851::LAM1:CCTATTACACGAGGTA-1,State_15,15,GSE135851,LAM1,2.9051873683929443
GSE190260::LAM1158:CAGCTAAGTGTCAATC-1,11,GSE190260::LAM1163:GACGCGTCATCCGGGT-1,State_15,15,GSE190260,LAM1163,3.1177637577056885
GSE190260::LAM1158:CAGCTAAGTGTCAATC-1,12,GSE190260::LAM1163:ATCCACCTCTTGTCAT-1,State_15,15,GSE190260,LAM1163,3.1305277347564697
GSE190260::LAM1158:CAGCTAAGTGTCAATC-1,13,GSE135851::LAM1:CGGACACTCAGAGGTG-1,State_15,15,GSE135851,LAM1,3.1957902908325195
GSE190260::LAM1158:CAGCTAAGTGTCAATC-1,14,GSE190260::LAM1163:CTTACCGCACATGTGT-1,State_15,15,GSE190260,LAM1163,3.270015001296997
GSE190260::LAM1158:CAGCTAAGTGTCAATC-1,15,GSE135851::LAM1:TCGAGGCTCGACCAGC-1,State_15,15,GSE135851,LAM1,3.27823543548584
GSE190260::LAM1158:CAGCTAAGTGTCAATC-1,16,GSE190260::LAM1163:TCACAAGCAAAGTCAA-1,State_15,15,GSE190260,LAM1163,3.3699772357940674
GSE190260::LAM1158:CAGCTAAGTGTCAATC-1,17,GSE190260::LAM1163:TGGACGCTCAAGAAGT-1,State_15,15,GSE190260,LAM1163,3.4178037643432617
GSE190260::LAM1158:CAGCTAAGTGTCAATC-1,18,GSE190260::LAM1163:CATATTCGTCTCCCTA-1,State_15,15,GSE190260,LAM1163,3.5186538696289062
GSE190260::LAM1158:CAGCTAAGTGTCAATC-1,19,GSE190260::LAM1163:TACGGTATCACCTTAT-1,State_15,15,GSE190260,LAM1163,3.5508012771606445
GSE190260::LAM1158:CAGCTAAGTGTCAATC-1,20,GSE190260::LAM1163:CGCTGGACAAGTTCTG-1,State_15,15,GSE190260,LAM1163,3.6939361095428467
GSE190260::LAM1158:CAGCTAAGTGTCAATC-1,21,GSE302356::LAM3:TGCGATACACACGGTC-1,State_15,15,GSE302356,LAM32,3.7250959873199463
GSE190260::LAM1158:CAGCTAAGTGTCAATC-1,22,GSE135851::LAM1:CACAGTAAGAGAACAG-1,State_15,15,GSE135851,LAM1,3.749070167541504
GSE190260::LAM1158:CAGCTAAGTGTCAATC-1,23,GSE135851::LAM1:GGCGACTTCGCACTCT-1,State_15,15,GSE135851,LAM1,3.7531187534332275
GSE190260::LAM1158:CAGCTAAGTGTCAATC-1,24,GSE135851::LAM1:TTAACTCGTACTCAAC-1,State_15,15,GSE135851,LAM1,3.754852771759033
GSE190260::LAM1158:CAGCTAAGTGTCAATC-1,25,GSE190260::LAM1158:CTAAGACAGTCTCGGC-1,State_15,15,GSE190260,LAM1158,3.7697606086730957
GSE190260::LAM1158:CAGCTAAGTGTCAATC-1,26,GSE190260::LAM1163:TCGTACCCAAGCCGTC-1,State_15,15,GSE190260,LAM1163,3.839324951171875
GSE190260::LAM1158:CAGCTAAGTGTCAATC-1,27,GSE190260::LAM1163:CATATGGTCGCCCTTA-1,State_15,15,GSE190260,LAM1163,3.8534393310546875
GSE190260::LAM1158:CAGCTAAGTGTCAATC-1,28,GSE190260::LAM1163:CTGATCCTCGCTTAGA-1,State_15,15,GSE190260,LAM1163,3.8789656162261963
GSE190260::LAM1158:CAGCTAAGTGTCAATC-1,29,GSE190260::LAM1163:GCGGGTTTCACATAGC-1,State_15,15,GSE190260,LAM1163,3.883125066757202
GSE190260::LAM1158:CAGCTAAGTGTCAATC-1,30,GSE190260::LAM1163:AAGACCTTCCCTTGCA-1,State_15,15,GSE190260,LAM1163,3.936669111251831
GSE190260::LAM1158:CCAATCCGTCCTGCTT-1,1,GSE135851::LAM1:GCACTCTTCAGGCGAA-1,State_15,15,GSE135851,LAM1,2.6513171195983887
GSE190260::LAM1158:CCAATCCGTCCTGCTT-1,2,GSE190260::LAM1163:ACATGGTCATCGATTG-1,State_15,15,GSE190260,LAM1163,3.066405773162842
GSE190260::LAM1158:CCAATCCGTCCTGCTT-1,3,GSE135851::LAM1:TTGGCAAAGAATCTCC-1,State_15,15,GSE135851,LAM1,3.14790415763855
GSE190260::LAM1158:CCAATCCGTCCTGCTT-1,4,GSE190260::LAM1163:CATCAAGCAATACGCT-1,State_15,15,GSE190260,LAM1163,3.151313304901123
GSE190260::LAM1158:CCAATCCGTCCTGCTT-1,5,GSE135851::LAM1:CCTATTACACGAGGTA-1,State_15,15,GSE135851,LAM1,3.3076183795928955
GSE190260::LAM1158:CCAATCCGTCCTGCTT-1,6,GSE135851::LAM1:TCGAGGCTCGACCAGC-1,State_15,15,GSE135851,LAM1,3.355060338973999
GSE190260::LAM1158:CCAATCCGTCCTGCTT-1,7,GSE190260::LAM1163:TACGGTATCACCTTAT-1,State_15,15,GSE190260,LAM1163,3.4323890209198
GSE190260::LAM1158:CCAATCCGTCCTGCTT-1,8,GSE135851::LAM1:TGCGCAGGTTCGCTAA-1,State_15,15,GSE135851,LAM1,3.533156633377075
GSE190260::LAM1158:CCAATCCGTCCTGCTT-1,9,GSE135851::LAM1:CGGACACTCAGAGGTG-1,State_15,15,GSE135851,LAM1,3.5486655235290527
GSE190260::LAM1158:CCAATCCGTCCTGCTT-1,10,GSE190260::LAM1163:GTTACAGCAAGCTGGA-1,State_15,15,GSE190260,LAM1163,3.587827444076538
GSE190260::LAM1158:CCAATCCGTCCTGCTT-1,11,GSE135851::LAM1:TGCACCTTCGAACTGT-1,State_15,15,GSE135851,LAM1,3.5971341133117676
GSE190260::LAM1158:CCAATCCGTCCTGCTT-1,12,GSE190260::LAM1158:CTAAGACAGTCTCGGC-1,State_15,15,GSE190260,LAM1158,3.603675365447998
GSE190260::LAM1158:CCAATCCGTCCTGCTT-1,13,GSE190260::LAM1163:GCGGGTTTCACATAGC-1,State_15,15,GSE190260,LAM1163,3.6465096473693848
GSE190260::LAM1158:CCAATCCGTCCTGCTT-1,14,GSE135851::LAM1:ATTACTCAGCCACCTG-1,State_15,15,GSE135851,LAM1,3.6800570487976074
GSE190260::LAM1158:CCAATCCGTCCTGCTT-1,15,GSE190260::LAM1163:AGCTCCTGTCAAAGCG-1,State_15,15,GSE190260,LAM1163,3.6988885402679443
GSE190260::LAM1158:CCAATCCGTCCTGCTT-1,16,GSE190260::LAM1163:GACGCGTCATCCGGGT-1,State_15,15,GSE190260,LAM1163,3.7002553939819336
GSE190260::LAM1158:CCAATCCGTCCTGCTT-1,17,GSE135851::LAM1:GTGCAGCAGAGGGCTT-1,State_15,15,GSE135851,LAM1,3.812769889831543
GSE190260::LAM1158:CCAATCCGTCCTGCTT-1,18,GSE190260::LAM1163:GGGATGATCACAAACC-1,State_15,15,GSE190260,LAM1163,3.8361692428588867
GSE190260::LAM1158:CCAATCCGTCCTGCTT-1,19,GSE135851::LAM1:ATGTGTGCAGACAAGC-1,State_15,15,GSE135851,LAM1,3.8429412841796875
GSE190260::LAM1158:CCAATCCGTCCTGCTT-1,20,GSE135851::LAM1:GGGAGATAGCCATCGC-1,State_15,15,GSE135851,LAM1,3.853912353515625
GSE190260::LAM1158:CCAATCCGTCCTGCTT-1,21,GSE190260::LAM1163:CTGATCCTCGCTTAGA-1,State_15,15,GSE190260,LAM1163,3.8555524349212646
GSE190260::LAM1158:CCAATCCGTCCTGCTT-1,22,GSE135851::LAM1:CACAGTAAGAGAACAG-1,State_15,15,GSE135851,LAM1,3.8590431213378906
GSE190260::LAM1158:CCAATCCGTCCTGCTT-1,23,GSE190260::LAM1163:CCGGGATCAAACCTAC-1,State_15,15,GSE190260,LAM1163,3.872988700866699
GSE190260::LAM1158:CCAATCCGTCCTGCTT-1,24,GSE190260::LAM1163:TCGTACCCAAGCCGTC-1,State_15,15,GSE190260,LAM1163,3.910370111465454
GSE190260::LAM1158:CCAATCCGTCCTGCTT-1,25,GSE190260::LAM1163:CGGAGCTAGAGAACAG-1,State_15,15,GSE190260,LAM1163,3.9358930587768555
GSE190260::LAM1158:CCAATCCGTCCTGCTT-1,26,GSE190260::LAM1163:CAGATCAGTATCACCA-1,State_15,15,GSE190260,LAM1163,3.937448501586914
GSE190260::LAM1158:CCAATCCGTCCTGCTT-1,27,GSE190260::LAM1163:TCAGGATGTGACAAAT-1,State_15,15,GSE190260,LAM1163,3.9539780616760254
GSE190260::LAM1158:CCAATCCGTCCTGCTT-1,28,GSE190260::LAM1163:CGTCCATTCGTAGGAG-1,State_15,15,GSE190260,LAM1163,3.9594907760620117
GSE190260::LAM1158:CCAATCCGTCCTGCTT-1,29,GSE190260::LAM1163:CTTACCGCACATGTGT-1,State_15,15,GSE190260,LAM1163,4.005242347717285
GSE190260::LAM1158:CCAATCCGTCCTGCTT-1,30,GSE190260::LAM1163:TCACAAGCAAAGTCAA-1,State_15,15,GSE190260,LAM1163,4.02244758605957
GSE190260::LAM1158:CGTCCATGTTGGTGGA-1,1,GSE190260::LAM1158:ATCCGAATCCAGTATG-1,State_15,15,GSE190260,LAM1158,2.8944945335388184
GSE190260::LAM1158:CGTCCATGTTGGTGGA-1,2,GSE302356::LAM3:TACCCGTTCTGGACCG-1,State_15,15,GSE302356,LAM32,3.288092851638794
GSE190260::LAM1158:CGTCCATGTTGGTGGA-1,3,GSE190260::LAM1163:AAAGCAAAGTCAAGGC-1,State_15,15,GSE190260,LAM1163,3.466114044189453
GSE190260::LAM1158:CGTCCATGTTGGTGGA-1,4,GSE302356::LAM3:GCAGCTGCATATGAAG-1,State_15,15,GSE302356,LAM32,3.7517035007476807
GSE190260::LAM1158:CGTCCATGTTGGTGGA-1,5,GSE302356::LAM3:GCACGTGAGACATACA-1,State_15,15,GSE302356,LAM32,3.8552253246307373
GSE190260::LAM1158:CGTCCATGTTGGTGGA-1,6,GSE190260::LAM1158:AAACGGGAGTCGCCGT-1,State_15,15,GSE190260,LAM1158,3.8766417503356934
GSE190260::LAM1158:CGTCCATGTTGGTGGA-1,7,GSE190260::LAM1158:TACGGTATCCAGGGCT-1,State_15,15,GSE190260,LAM1158,3.9044904708862305
GSE190260::LAM1158:CGTCCATGTTGGTGGA-1,8,GSE190260::LAM1163:CATTCGCAGCAATCTC-1,State_15,15,GSE190260,LAM1163,4.082764148712158
GSE190260::LAM1158:CGTCCATGTTGGTGGA-1,9,GSE135851::LAM1:CAACTAGTCATGTCTT-1,State_15,15,GSE135851,LAM1,4.1078104972839355
GSE190260::LAM1158:CGTCCATGTTGGTGGA-1,10,GSE302356::LAM3:CAACCAATCTCGAGTA-1,State_15,15,GSE302356,LAM32,4.119448661804199
GSE190260::LAM1158:CGTCCATGTTGGTGGA-1,11,GSE302356::LAM3:GTAGCTAGTAGCTTAC-1,State_15,15,GSE302356,LAM32,4.131519317626953
GSE190260::LAM1158:CGTCCATGTTGGTGGA-1,12,GSE302356::LAM3:GGTCACGGTATGGTAA-1,State_15,15,GSE302356,LAM32,4.22505521774292
GSE190260::LAM1158:CGTCCATGTTGGTGGA-1,13,GSE135851::LAM3:TACAGTGAGGCAATTA-1,State_15,15,GSE135851,LAM3,4.247107028961182
GSE190260::LAM1158:CGTCCATGTTGGTGGA-1,14,GSE135851::LAM1:TGCGCAGGTTCGCTAA-1,State_15,15,GSE135851,LAM1,4.279719829559326
GSE190260::LAM1158:CGTCCATGTTGGTGGA-1,15,GSE190260::LAM1163:CTTACCGCACATGTGT-1,State_15,15,GSE190260,LAM1163,4.285370349884033
GSE190260::LAM1158:CGTCCATGTTGGTGGA-1,16,GSE190260::LAM1163:TTGGAACTCGGCGGTT-1,State_15,15,GSE190260,LAM1163,4.296436309814453
GSE190260::LAM1158:CGTCCATGTTGGTGGA-1,17,GSE135851::LAM3:ACCTTTACACTCAGGC-1,State_15,15,GSE135851,LAM3,4.519028186798096
GSE190260::LAM1158:CGTCCATGTTGGTGGA-1,18,GSE190260::LAM1163:CATCAAGCAATACGCT-1,State_15,15,GSE190260,LAM1163,4.550345420837402
GSE190260::LAM1158:CGTCCATGTTGGTGGA-1,19,GSE190260::LAM1163:ACAGCCGAGGACTGGT-1,State_15,15,GSE190260,LAM1163,4.553602695465088
GSE190260::LAM1158:CGTCCATGTTGGTGGA-1,20,GSE190260::LAM1163:CTCGAGGAGCCCGAAA-1,State_15,15,GSE190260,LAM1163,4.561463356018066
GSE190260::LAM1158:CGTCCATGTTGGTGGA-1,21,GSE190260::LAM1163:GCGGGTTTCACATAGC-1,State_15,15,GSE190260,LAM1163,4.566286087036133
GSE190260::LAM1158:CGTCCATGTTGGTGGA-1,22,GSE190260::LAM1163:GTCACAAAGACTTGAA-1,State_15,15,GSE190260,LAM1163,4.604677677154541
GSE190260::LAM1158:CGTCCATGTTGGTGGA-1,23,GSE135851::LAM3:CCACGGACACCTATCC-1,State_15,15,GSE135851,LAM3,4.607205390930176
GSE190260::LAM1158:CGTCCATGTTGGTGGA-1,24,GSE190260::LAM1163:TGCACCTAGACATAAC-1,State_15,15,GSE190260,LAM1163,4.628182888031006
GSE190260::LAM1158:CGTCCATGTTGGTGGA-1,25,GSE190260::LAM1163:CGGCTAGAGTGGTAGC-1,State_15,15,GSE190260,LAM1163,4.707229137420654
GSE190260::LAM1158:CGTCCATGTTGGTGGA-1,26,GSE302356::LAM3:CAAAGAATCCTGCTAC-1,State_15,15,GSE302356,LAM32,4.7355217933654785
GSE190260::LAM1158:CGTCCATGTTGGTGGA-1,27,GSE135851::LAM1:GTGCAGCAGAGGGCTT-1,State_15,15,GSE135851,LAM1,4.752092361450195
GSE190260::LAM1158:CGTCCATGTTGGTGGA-1,28,GSE190260::LAM1163:TCACAAGCAAAGTCAA-1,State_15,15,GSE190260,LAM1163,4.766462802886963
GSE190260::LAM1158:CGTCCATGTTGGTGGA-1,29,GSE190260::LAM1163:GCACTCTCATCCGGGT-1,State_15,15,GSE190260,LAM1163,4.827669143676758
GSE190260::LAM1158:CGTCCATGTTGGTGGA-1,30,GSE135851::LAM3:CGTAGGCGTACTCAAC-1,State_15,15,GSE135851,LAM3,4.863882541656494
GSE190260::LAM1158:CTAAGACAGTCTCGGC-1,1,GSE190260::LAM1163:GACGCGTCATCCGGGT-1,State_15,15,GSE190260,LAM1163,1.7815048694610596
GSE190260::LAM1158:CTAAGACAGTCTCGGC-1,2,GSE135851::LAM1:TCGAGGCTCGACCAGC-1,State_15,15,GSE135851,LAM1,1.8403635025024414
GSE190260::LAM1158:CTAAGACAGTCTCGGC-1,3,GSE135851::LAM1:ATGTGTGCAGACAAGC-1,State_15,15,GSE135851,LAM1,2.0284411907196045
GSE190260::LAM1158:CTAAGACAGTCTCGGC-1,4,GSE135851::LAM1:TATCTCATCAAGCCTA-1,State_15,15,GSE135851,LAM1,2.037202835083008
GSE190260::LAM1158:CTAAGACAGTCTCGGC-1,5,GSE190260::LAM1163:GGGATGATCACAAACC-1,State_15,15,GSE190260,LAM1163,2.06927752494812
GSE190260::LAM1158:CTAAGACAGTCTCGGC-1,6,GSE135851::LAM1:GTTTCTACATTGTGCA-1,State_15,15,GSE135851,LAM1,2.1616714000701904
GSE190260::LAM1158:CTAAGACAGTCTCGGC-1,7,GSE190260::LAM1163:AAGACCTTCCCTTGCA-1,State_15,15,GSE190260,LAM1163,2.2897396087646484
GSE190260::LAM1158:CTAAGACAGTCTCGGC-1,8,GSE135851::LAM1:GGCGACTTCGCACTCT-1,State_15,15,GSE135851,LAM1,2.310589075088501
GSE190260::LAM1158:CTAAGACAGTCTCGGC-1,9,GSE190260::LAM1163:TCAGGATGTGACAAAT-1,State_15,15,GSE190260,LAM1163,2.3497838973999023
GSE190260::LAM1158:CTAAGACAGTCTCGGC-1,10,GSE190260::LAM1163:CTGATCCTCGCTTAGA-1,State_15,15,GSE190260,LAM1163,2.360980987548828
GSE190260::LAM1158:CTAAGACAGTCTCGGC-1,11,GSE190260::LAM1163:GACTACATCGAGGTAG-1,State_15,15,GSE190260,LAM1163,2.3777568340301514
GSE190260::LAM1158:CTAAGACAGTCTCGGC-1,12,GSE135851::LAM1:GCACTCTTCAGGCGAA-1,State_15,15,GSE135851,LAM1,2.422645092010498
GSE190260::LAM1158:CTAAGACAGTCTCGGC-1,13,GSE190260::LAM1163:GTTACAGCAAGCTGGA-1,State_15,15,GSE190260,LAM1163,2.4711618423461914
GSE190260::LAM1158:CTAAGACAGTCTCGGC-1,14,GSE190260::LAM1163:TCGTACCCAAGCCGTC-1,State_15,15,GSE190260,LAM1163,2.4836957454681396
GSE190260::LAM1158:CTAAGACAGTCTCGGC-1,15,GSE190260::LAM1163:CGCTGGACAAGTTCTG-1,State_15,15,GSE190260,LAM1163,2.515484094619751
GSE190260::LAM1158:CTAAGACAGTCTCGGC-1,16,GSE190260::LAM1163:GCTTCCATCAGTTTGG-1,State_15,15,GSE190260,LAM1163,2.537627935409546
GSE190260::LAM1158:CTAAGACAGTCTCGGC-1,17,GSE190260::LAM1163:ACATGGTCATCGATTG-1,State_15,15,GSE190260,LAM1163,2.5693769454956055
GSE190260::LAM1158:CTAAGACAGTCTCGGC-1,18,GSE135851::LAM1:GGGAGATAGCCATCGC-1,State_15,15,GSE135851,LAM1,2.62849760055542
GSE190260::LAM1158:CTAAGACAGTCTCGGC-1,19,GSE190260::LAM1163:AGCTCCTGTCAAAGCG-1,State_15,15,GSE190260,LAM1163,2.6461081504821777
GSE190260::LAM1158:CTAAGACAGTCTCGGC-1,20,GSE135851::LAM1:CGGACACTCAGAGGTG-1,State_15,15,GSE135851,LAM1,2.6474056243896484
GSE190260::LAM1158:CTAAGACAGTCTCGGC-1,21,GSE190260::LAM1163:TACGGTATCACCTTAT-1,State_15,15,GSE190260,LAM1163,2.649182081222534
GSE190260::LAM1158:CTAAGACAGTCTCGGC-1,22,GSE135851::LAM1:TGCACCTTCGAACTGT-1,State_15,15,GSE135851,LAM1,2.6595966815948486
GSE190260::LAM1158:CTAAGACAGTCTCGGC-1,23,GSE190260::LAM1163:CATCAGACAAGAAAGG-1,State_15,15,GSE190260,LAM1163,2.679076910018921
GSE190260::LAM1158:CTAAGACAGTCTCGGC-1,24,GSE190260::LAM1163:CACCACTCACAGTCGC-1,State_15,15,GSE190260,LAM1163,2.681518077850342
GSE190260::LAM1158:CTAAGACAGTCTCGGC-1,25,GSE190260::LAM1163:TTCTCAAAGTCCGTAT-1,State_15,15,GSE190260,LAM1163,2.7074475288391113
GSE190260::LAM1158:CTAAGACAGTCTCGGC-1,26,GSE135851::LAM3:CTCGAAAGTCGCCATG-1,State_15,15,GSE135851,LAM3,2.7393057346343994
GSE190260::LAM1158:CTAAGACAGTCTCGGC-1,27,GSE302356::LAM3:TGCGATACACACGGTC-1,State_15,15,GSE302356,LAM32,2.74983286857605
GSE190260::LAM1158:CTAAGACAGTCTCGGC-1,28,GSE190260::LAM1163:GACTAACGTTGTGGCC-1,State_15,15,GSE190260,LAM1163,2.7748115062713623
GSE190260::LAM1158:CTAAGACAGTCTCGGC-1,29,GSE190260::LAM1163:TTAGGACGTCGGATCC-1,State_15,15,GSE190260,LAM1163,2.7879297733306885
GSE190260::LAM1158:CTAAGACAGTCTCGGC-1,30,GSE190260::LAM1163:CGCTGGAGTAAGTAGT-1,State_15,15,GSE190260,LAM1163,2.80631947517395
GSE190260::LAM1158:CTCATTAGTCGGGTCT-1,1,GSE190260::LAM1158:CACACAAAGTGTACGG-1,State_15,15,GSE190260,LAM1158,1.1730859279632568
GSE190260::LAM1158:CTCATTAGTCGGGTCT-1,2,GSE190260::LAM1158:CAGCTAAGTGTCAATC-1,State_15,15,GSE190260,LAM1158,1.7519668340682983
GSE190260::LAM1158:CTCATTAGTCGGGTCT-1,3,GSE135851::LAM1:TGCACCTTCGAACTGT-1,State_15,15,GSE135851,LAM1,2.232827663421631
GSE190260::LAM1158:CTCATTAGTCGGGTCT-1,4,GSE135851::LAM1:ATTACTCAGCCACCTG-1,State_15,15,GSE135851,LAM1,2.692582607269287
GSE190260::LAM1158:CTCATTAGTCGGGTCT-1,5,GSE135851::LAM1:GGGAGATAGCCATCGC-1,State_15,15,GSE135851,LAM1,2.774203062057495
GSE190260::LAM1158:CTCATTAGTCGGGTCT-1,6,GSE190260::LAM1163:ATCCACCTCTTGTCAT-1,State_15,15,GSE190260,LAM1163,2.8291409015655518
GSE190260::LAM1158:CTCATTAGTCGGGTCT-1,7,GSE190260::LAM1163:GACGCGTCATCCGGGT-1,State_15,15,GSE190260,LAM1163,2.9573681354522705
GSE190260::LAM1158:CTCATTAGTCGGGTCT-1,8,GSE190260::LAM1163:GGGATGATCACAAACC-1,State_15,15,GSE190260,LAM1163,2.996037006378174
GSE190260::LAM1158:CTCATTAGTCGGGTCT-1,9,GSE135851::LAM1:CGGACACTCAGAGGTG-1,State_15,15,GSE135851,LAM1,3.022627115249634
GSE190260::LAM1158:CTCATTAGTCGGGTCT-1,10,GSE190260::LAM1163:CTTACCGCACATGTGT-1,State_15,15,GSE190260,LAM1163,3.052760362625122
GSE190260::LAM1158:CTCATTAGTCGGGTCT-1,11,GSE302356::LAM3:TGCGATACACACGGTC-1,State_15,15,GSE302356,LAM32,3.055082321166992
GSE190260::LAM1158:CTCATTAGTCGGGTCT-1,12,GSE190260::LAM1163:CGCTGGAGTAAGTAGT-1,State_15,15,GSE190260,LAM1163,3.267484426498413
GSE190260::LAM1158:CTCATTAGTCGGGTCT-1,13,GSE135851::LAM1:CGAGCACCATTATCTC-1,State_15,15,GSE135851,LAM1,3.2921512126922607
GSE190260::LAM1158:CTCATTAGTCGGGTCT-1,14,GSE190260::LAM1163:GAAATGACATGGGACA-1,State_15,15,GSE190260,LAM1163,3.300851821899414
GSE190260::LAM1158:CTCATTAGTCGGGTCT-1,15,GSE135851::LAM1:TCGAGGCTCGACCAGC-1,State_15,15,GSE135851,LAM1,3.301462173461914
GSE190260::LAM1158:CTCATTAGTCGGGTCT-1,16,GSE190260::LAM1163:TCACAAGCAAAGTCAA-1,State_15,15,GSE190260,LAM1163,3.3723578453063965
GSE190260::LAM1158:CTCATTAGTCGGGTCT-1,17,GSE302356::LAM3:TTTATGCAGAGCCTGA-1,State_15,15,GSE302356,LAM32,3.5635910034179688
GSE190260::LAM1158:CTCATTAGTCGGGTCT-1,18,GSE190260::LAM1163:CATATTCGTCTCCCTA-1,State_15,15,GSE190260,LAM1163,3.5835137367248535
GSE190260::LAM1158:CTCATTAGTCGGGTCT-1,19,GSE135851::LAM1:CCTATTACACGAGGTA-1,State_15,15,GSE135851,LAM1,3.650367259979248
GSE190260::LAM1158:CTCATTAGTCGGGTCT-1,20,GSE190260::LAM1163:TCGTACCCAAGCCGTC-1,State_15,15,GSE190260,LAM1163,3.750154972076416
GSE190260::LAM1158:CTCATTAGTCGGGTCT-1,21,GSE135851::LAM1:ATGTGTGCAGACAAGC-1,State_15,15,GSE135851,LAM1,3.7757391929626465
GSE190260::LAM1158:CTCATTAGTCGGGTCT-1,22,GSE190260::LAM1163:TGGACGCTCAAGAAGT-1,State_15,15,GSE190260,LAM1163,3.781036138534546
GSE190260::LAM1158:CTCATTAGTCGGGTCT-1,23,GSE190260::LAM1163:GCGGGTTTCACATAGC-1,State_15,15,GSE190260,LAM1163,3.789306402206421
GSE190260::LAM1158:CTCATTAGTCGGGTCT-1,24,GSE190260::LAM1163:TACGGTATCACCTTAT-1,State_15,15,GSE190260,LAM1163,3.8111562728881836
GSE190260::LAM1158:CTCATTAGTCGGGTCT-1,25,GSE190260::LAM1158:CTAAGACAGTCTCGGC-1,State_15,15,GSE190260,LAM1158,3.8511366844177246
GSE190260::LAM1158:CTCATTAGTCGGGTCT-1,26,GSE190260::LAM1163:CGCTGGACAAGTTCTG-1,State_15,15,GSE190260,LAM1163,3.8774099349975586
GSE190260::LAM1158:CTCATTAGTCGGGTCT-1,27,GSE135851::LAM1:CACAGTAAGAGAACAG-1,State_15,15,GSE135851,LAM1,3.913142442703247
GSE190260::LAM1158:CTCATTAGTCGGGTCT-1,28,GSE190260::LAM1163:CATCAAGCAATACGCT-1,State_15,15,GSE190260,LAM1163,4.013314247131348
GSE190260::LAM1158:CTCATTAGTCGGGTCT-1,29,GSE190260::LAM1163:GTCACAAAGACTTGAA-1,State_15,15,GSE190260,LAM1163,4.05109977722168
GSE190260::LAM1158:CTCATTAGTCGGGTCT-1,30,GSE190260::LAM1163:CTGATCCTCGCTTAGA-1,State_15,15,GSE190260,LAM1163,4.061886787414551
GSE190260::LAM1158:TACGGTATCCAGGGCT-1,1,GSE190260::LAM1163:CATTCGCAGCAATCTC-1,State_15,15,GSE190260,LAM1163,2.3397765159606934
GSE190260::LAM1158:TACGGTATCCAGGGCT-1,2,GSE190260::LAM1158:ATCCGAATCCAGTATG-1,State_15,15,GSE190260,LAM1158,2.801025867462158
GSE190260::LAM1158:TACGGTATCCAGGGCT-1,3,GSE135851::LAM1:TGCGCAGGTTCGCTAA-1,State_15,15,GSE135851,LAM1,2.987910509109497
GSE190260::LAM1158:TACGGTATCCAGGGCT-1,4,GSE135851::LAM3:TACAGTGAGGCAATTA-1,State_15,15,GSE135851,LAM3,2.9883389472961426
GSE190260::LAM1158:TACGGTATCCAGGGCT-1,5,GSE190260::LAM1163:CTCGAGGAGCCCGAAA-1,State_15,15,GSE190260,LAM1163,3.1034536361694336
GSE190260::LAM1158:TACGGTATCCAGGGCT-1,6,GSE302356::LAM3:TACCCGTTCTGGACCG-1,State_15,15,GSE302356,LAM32,3.191946029663086
GSE190260::LAM1158:TACGGTATCCAGGGCT-1,7,GSE190260::LAM1163:TGCACCTAGACATAAC-1,State_15,15,GSE190260,LAM1163,3.2247138023376465
GSE190260::LAM1158:TACGGTATCCAGGGCT-1,8,GSE190260::LAM1163:TGCCCTACAGCTTAAC-1,State_20,20,GSE190260,LAM1163,3.336656093597412
GSE190260::LAM1158:TACGGTATCCAGGGCT-1,9,GSE190260::LAM1164-1:AGCTTGACATCGTCGG-1,State_17,17,GSE190260,LAM1164,3.337738037109375
GSE190260::LAM1158:TACGGTATCCAGGGCT-1,10,GSE302356::LAM3:GCAGCTGCATATGAAG-1,State_15,15,GSE302356,LAM32,3.4485020637512207
GSE190260::LAM1158:TACGGTATCCAGGGCT-1,11,GSE190260::LAM1163:TTTACTGGTGACGCCT-1,State_15,15,GSE190260,LAM1163,3.4688005447387695
GSE190260::LAM1158:TACGGTATCCAGGGCT-1,12,GSE135851::LAM3:TTTGTCACAGTTCCCT-1,State_15,15,GSE135851,LAM3,3.4889111518859863
GSE190260::LAM1158:TACGGTATCCAGGGCT-1,13,GSE190260::LAM1163:TTGGAACTCGGCGGTT-1,State_15,15,GSE190260,LAM1163,3.498767375946045
GSE190260::LAM1158:TACGGTATCCAGGGCT-1,14,GSE135851::LAM3:CGGCTAGGTTAAGGGC-1,State_15,15,GSE135851,LAM3,3.518278121948242
GSE190260::LAM1158:TACGGTATCCAGGGCT-1,15,GSE190260::LAM1163:AAAGCAAAGTCAAGGC-1,State_15,15,GSE190260,LAM1163,3.5220348834991455
GSE190260::LAM1158:TACGGTATCCAGGGCT-1,16,GSE190260::LAM1158:AAACGGGAGTCGCCGT-1,State_15,15,GSE190260,LAM1158,3.523484945297241
GSE190260::LAM1158:TACGGTATCCAGGGCT-1,17,GSE135851::LAM3:ATGAGGGGTGTGCGTC-1,State_15,15,GSE135851,LAM3,3.537809371948242
GSE190260::LAM1158:TACGGTATCCAGGGCT-1,18,GSE135851::LAM3:CGTAGGCGTACTCAAC-1,State_15,15,GSE135851,LAM3,3.553520917892456
GSE190260::LAM1158:TACGGTATCCAGGGCT-1,19,GSE190260::LAM1163:GATCAGTCAACTGCTA-1,boundary,,GSE190260,LAM1163,3.5707359313964844
GSE190260::LAM1158:TACGGTATCCAGGGCT-1,20,GSE135851::LAM1:CAACTAGTCATGTCTT-1,State_15,15,GSE135851,LAM1,3.5885143280029297
GSE190260::LAM1158:TACGGTATCCAGGGCT-1,21,GSE190260::LAM1163:CATCAAGCAATACGCT-1,State_15,15,GSE190260,LAM1163,3.6383860111236572
GSE190260::LAM1158:TACGGTATCCAGGGCT-1,22,GSE190260::LAM1158:GTTCGGGCAGCTGCAC-1,State_20,20,GSE190260,LAM1158,3.6612765789031982
GSE190260::LAM1158:TACGGTATCCAGGGCT-1,23,GSE190260::LAM1163:CGTAGCGTCCCAGGTG-1,State_15,15,GSE190260,LAM1163,3.6787757873535156
GSE190260::LAM1158:TACGGTATCCAGGGCT-1,24,GSE190260::LAM1163:ATCACGACAGTAAGAT-1,State_15,15,GSE190260,LAM1163,3.701784372329712
GSE190260::LAM1158:TACGGTATCCAGGGCT-1,25,GSE302356::LAM3:GTAGCTAGTAGCTTAC-1,State_15,15,GSE302356,LAM32,3.7076098918914795
GSE190260::LAM1158:TACGGTATCCAGGGCT-1,26,GSE135851::LAM1:GTGCAGCAGAGGGCTT-1,State_15,15,GSE135851,LAM1,3.7120583057403564
GSE190260::LAM1158:TACGGTATCCAGGGCT-1,27,GSE190260::LAM1164-1:CTACACCCACCAGGTC-1,boundary,,GSE190260,LAM1164,3.722707986831665
GSE190260::LAM1158:TACGGTATCCAGGGCT-1,28,GSE135851::LAM3:ACCTTTACACTCAGGC-1,State_15,15,GSE135851,LAM3,3.729917049407959
GSE190260::LAM1158:TACGGTATCCAGGGCT-1,29,GSE135851::LAM3:AACCATGCACGAAGCA-1,State_15,15,GSE135851,LAM3,3.7585160732269287
GSE190260::LAM1158:TACGGTATCCAGGGCT-1,30,GSE190260::LAM1163:GCACTCTCATCCGGGT-1,State_15,15,GSE190260,LAM1163,3.7848281860351562
GSE190260::LAM1163:AAAGCAAAGTCAAGGC-1,1,GSE190260::LAM1158:ATCCGAATCCAGTATG-1,State_15,15,GSE190260,LAM1158,2.020122766494751
GSE190260::LAM1163:AAAGCAAAGTCAAGGC-1,2,GSE135851::LAM3:TACAGTGAGGCAATTA-1,State_15,15,GSE135851,LAM3,2.1794309616088867
GSE190260::LAM1163:AAAGCAAAGTCAAGGC-1,3,GSE302356::LAM3:GCAGCTGCATATGAAG-1,State_15,15,GSE302356,LAM32,2.486814022064209
GSE190260::LAM1163:AAAGCAAAGTCAAGGC-1,4,GSE190260::LAM1163:CATTCGCAGCAATCTC-1,State_15,15,GSE190260,LAM1163,2.5205836296081543
GSE190260::LAM1163:AAAGCAAAGTCAAGGC-1,5,GSE135851::LAM3:ACCTTTACACTCAGGC-1,State_15,15,GSE135851,LAM3,2.5502023696899414
GSE190260::LAM1163:AAAGCAAAGTCAAGGC-1,6,GSE302356::LAM3:GTAGCTAGTAGCTTAC-1,State_15,15,GSE302356,LAM32,2.5825297832489014
GSE190260::LAM1163:AAAGCAAAGTCAAGGC-1,7,GSE135851::LAM3:CCACGGACACCTATCC-1,State_15,15,GSE135851,LAM3,2.6196048259735107
GSE190260::LAM1163:AAAGCAAAGTCAAGGC-1,8,GSE302356::LAM3:TACCCGTTCTGGACCG-1,State_15,15,GSE302356,LAM32,2.700911521911621
GSE190260::LAM1163:AAAGCAAAGTCAAGGC-1,9,GSE302356::LAM3:GCACGTGAGACATACA-1,State_15,15,GSE302356,LAM32,2.809480667114258
GSE190260::LAM1163:AAAGCAAAGTCAAGGC-1,10,GSE190260::LAM1158:AAACGGGAGTCGCCGT-1,State_15,15,GSE190260,LAM1158,2.8190646171569824
GSE190260::LAM1163:AAAGCAAAGTCAAGGC-1,11,GSE135851::LAM3:AACCATGCACGAAGCA-1,State_15,15,GSE135851,LAM3,2.8465824127197266
GSE190260::LAM1163:AAAGCAAAGTCAAGGC-1,12,GSE135851::LAM3:CGGCTAGGTTAAGGGC-1,State_15,15,GSE135851,LAM3,2.8977184295654297
GSE190260::LAM1163:AAAGCAAAGTCAAGGC-1,13,GSE135851::LAM3:ATGAGGGGTGTGCGTC-1,State_15,15,GSE135851,LAM3,2.988417148590088
GSE190260::LAM1163:AAAGCAAAGTCAAGGC-1,14,GSE135851::LAM3:TTTGTCACAGTTCCCT-1,State_15,15,GSE135851,LAM3,3.030428647994995
GSE190260::LAM1163:AAAGCAAAGTCAAGGC-1,15,GSE135851::LAM3:CGTAGGCGTACTCAAC-1,State_15,15,GSE135851,LAM3,3.054273843765259
GSE190260::LAM1163:AAAGCAAAGTCAAGGC-1,16,GSE190260::LAM1163:CGGCTAGAGTGGTAGC-1,State_15,15,GSE190260,LAM1163,3.098142385482788
GSE190260::LAM1163:AAAGCAAAGTCAAGGC-1,17,GSE135851::LAM3:GGAATAAGTAGCTGCC-1,State_15,15,GSE135851,LAM3,3.145345687866211
GSE190260::LAM1163:AAAGCAAAGTCAAGGC-1,18,GSE190260::LAM1163:ACAGCCGAGGACTGGT-1,State_15,15,GSE190260,LAM1163,3.157205104827881
GSE190260::LAM1163:AAAGCAAAGTCAAGGC-1,19,GSE135851::LAM1:TGCGCAGGTTCGCTAA-1,State_15,15,GSE135851,LAM1,3.173715829849243
GSE190260::LAM1163:AAAGCAAAGTCAAGGC-1,20,GSE190260::LAM1163:TGCACCTAGACATAAC-1,State_15,15,GSE190260,LAM1163,3.2066996097564697
GSE190260::LAM1163:AAAGCAAAGTCAAGGC-1,21,GSE135851::LAM3:CGCTTCATCGCACTCT-1,State_15,15,GSE135851,LAM3,3.2198967933654785
GSE190260::LAM1163:AAAGCAAAGTCAAGGC-1,22,GSE190260::LAM1163:CTCGAGGAGCCCGAAA-1,State_15,15,GSE190260,LAM1163,3.2350945472717285
GSE190260::LAM1163:AAAGCAAAGTCAAGGC-1,23,GSE135851::LAM3:TAGAGCTAGTTAGCGG-1,State_15,15,GSE135851,LAM3,3.2521231174468994
GSE190260::LAM1163:AAAGCAAAGTCAAGGC-1,24,GSE190260::LAM1163:TTGGAACTCGGCGGTT-1,State_15,15,GSE190260,LAM1163,3.2602615356445312
GSE190260::LAM1163:AAAGCAAAGTCAAGGC-1,25,GSE135851::LAM3:GTAACTGTCAAACAAG-1,State_15,15,GSE135851,LAM3,3.2724199295043945
GSE190260::LAM1163:AAAGCAAAGTCAAGGC-1,26,GSE135851::LAM1:CAACTAGTCATGTCTT-1,State_15,15,GSE135851,LAM1,3.297710657119751
GSE190260::LAM1163:AAAGCAAAGTCAAGGC-1,27,GSE302356::LAM3:CAACCAATCTCGAGTA-1,State_15,15,GSE302356,LAM32,3.33501935005188
GSE190260::LAM1163:AAAGCAAAGTCAAGGC-1,28,GSE302356::LAM10:ACCTAAATCATCAGTA-1,State_16,16,GSE302356,LAM3,3.401432514190674
GSE190260::LAM1163:AAAGCAAAGTCAAGGC-1,29,GSE190260::LAM1163:CTCTGGTCATCCCACT-1,State_15,15,GSE190260,LAM1163,3.4072818756103516
GSE190260::LAM1163:AAAGCAAAGTCAAGGC-1,30,GSE302356::LAM3:GGTCACGGTATGGTAA-1,State_15,15,GSE302356,LAM32,3.4092190265655518
GSE190260::LAM1163:AAAGCAACAAGAGTCG-1,1,GSE190260::LAM1163:GGTGCGTTCTGTACGA-1,State_15,15,GSE190260,LAM1163,1.3009257316589355
GSE190260::LAM1163:AAAGCAACAAGAGTCG-1,2,GSE190260::LAM1163:CGGAGCTAGAGAACAG-1,State_15,15,GSE190260,LAM1163,1.512749195098877
GSE190260::LAM1163:AAAGCAACAAGAGTCG-1,3,GSE190260::LAM1163:TTGTAGGGTAAAGTCA-1,State_15,15,GSE190260,LAM1163,1.5740219354629517
GSE190260::LAM1163:AAAGCAACAAGAGTCG-1,4,GSE190260::LAM1163:AGCCTAAAGATGCCAG-1,State_15,15,GSE190260,LAM1163,1.6336207389831543
GSE190260::LAM1163:AAAGCAACAAGAGTCG-1,5,GSE190260::LAM1163:CATCAGACAAGAAAGG-1,State_15,15,GSE190260,LAM1163,1.6348334550857544
GSE190260::LAM1163:AAAGCAACAAGAGTCG-1,6,GSE190260::LAM1163:CGCTATCGTAGGCATG-1,State_15,15,GSE190260,LAM1163,1.7304414510726929
GSE190260::LAM1163:AAAGCAACAAGAGTCG-1,7,GSE190260::LAM1163:TTTGCGCAGCCAGAAC-1,State_15,15,GSE190260,LAM1163,1.739177942276001
GSE190260::LAM1163:AAAGCAACAAGAGTCG-1,8,GSE190260::LAM1163:AGCTCCTGTCAAAGCG-1,State_15,15,GSE190260,LAM1163,1.748010277748108
GSE190260::LAM1163:AAAGCAACAAGAGTCG-1,9,GSE190260::LAM1163:CCAGCGAGTAGCCTAT-1,State_15,15,GSE190260,LAM1163,1.7501723766326904
GSE190260::LAM1163:AAAGCAACAAGAGTCG-1,10,GSE190260::LAM1163:AGAGCTTCACGTTGGC-1,State_15,15,GSE190260,LAM1163,1.7805213928222656
GSE190260::LAM1163:AAAGCAACAAGAGTCG-1,11,GSE190260::LAM1163:TCGAGGCAGACTAGAT-1,State_15,15,GSE190260,LAM1163,1.8122676610946655
GSE190260::LAM1163:AAAGCAACAAGAGTCG-1,12,GSE190260::LAM1163:TAGACCATCGCACTCT-1,State_15,15,GSE190260,LAM1163,1.8263428211212158
GSE190260::LAM1163:AAAGCAACAAGAGTCG-1,13,GSE190260::LAM1163:TGCCCTACAGACGCCT-1,State_15,15,GSE190260,LAM1163,1.8352878093719482
GSE190260::LAM1163:AAAGCAACAAGAGTCG-1,14,GSE190260::LAM1163:CTCTGGTCATCCCACT-1,State_15,15,GSE190260,LAM1163,1.8656401634216309
GSE190260::LAM1163:AAAGCAACAAGAGTCG-1,15,GSE190260::LAM1163:TTGTAGGGTGCAACTT-1,State_15,15,GSE190260,LAM1163,1.8950608968734741
GSE190260::LAM1163:AAAGCAACAAGAGTCG-1,16,GSE190260::LAM1163:GGATGTTTCTTCCTTC-1,State_15,15,GSE190260,LAM1163,1.924963116645813
GSE190260::LAM1163:AAAGCAACAAGAGTCG-1,17,GSE190260::LAM1163:CACACTCTCTGTCCGT-1,State_15,15,GSE190260,LAM1163,1.930844783782959
GSE190260::LAM1163:AAAGCAACAAGAGTCG-1,18,GSE190260::LAM1163:TGCGCAGCAAGGCTCC-1,State_15,15,GSE190260,LAM1163,1.9522384405136108
GSE190260::LAM1163:AAAGCAACAAGAGTCG-1,19,GSE190260::LAM1163:TACGGATTCTATCCTA-1,State_15,15,GSE190260,LAM1163,1.9748660326004028
GSE190260::LAM1163:AAAGCAACAAGAGTCG-1,20,GSE190260::LAM1163:CTTACCGTCGTCTGCT-1,State_15,15,GSE190260,LAM1163,1.976763367652893
GSE190260::LAM1163:AAAGCAACAAGAGTCG-1,21,GSE190260::LAM1163:TTAGGACGTCGGATCC-1,State_15,15,GSE190260,LAM1163,1.9837067127227783
GSE190260::LAM1163:AAAGCAACAAGAGTCG-1,22,GSE190260::LAM1163:GGGTTGCGTCAGAATA-1,State_15,15,GSE190260,LAM1163,1.9959158897399902
GSE190260::LAM1163:AAAGCAACAAGAGTCG-1,23,GSE190260::LAM1163:CGTCTACGTTTGTTGG-1,State_15,15,GSE190260,LAM1163,2.0041275024414062
GSE190260::LAM1163:AAAGCAACAAGAGTCG-1,24,GSE190260::LAM1163:AGTCTTTAGATAGTCA-1,State_15,15,GSE190260,LAM1163,2.0042738914489746
GSE190260::LAM1163:AAAGCAACAAGAGTCG-1,25,GSE190260::LAM1163:GCACTCTCATCCGGGT-1,State_15,15,GSE190260,LAM1163,2.0218727588653564
GSE190260::LAM1163:AAAGCAACAAGAGTCG-1,26,GSE190260::LAM1163:ATTACTCGTGTCCTCT-1,State_15,15,GSE190260,LAM1163,2.041951894760132
GSE190260::LAM1163:AAAGCAACAAGAGTCG-1,27,GSE190260::LAM1163:GACTACATCGAGGTAG-1,State_15,15,GSE190260,LAM1163,2.0634539127349854
GSE190260::LAM1163:AAAGCAACAAGAGTCG-1,28,GSE190260::LAM1163:CTCAGAATCACTTACT-1,State_15,15,GSE190260,LAM1163,2.063511371612549
GSE190260::LAM1163:AAAGCAACAAGAGTCG-1,29,GSE190260::LAM1163:AGGGTGACAAACTGTC-1,State_15,15,GSE190260,LAM1163,2.0824086666107178
GSE190260::LAM1163:AAAGCAACAAGAGTCG-1,30,GSE190260::LAM1163:CCTCAGTAGTAGATGT-1,State_15,15,GSE190260,LAM1163,2.0849063396453857
GSE190260::LAM1163:AACACGTAGCTAAACA-1,1,GSE190260::LAM1163:CCTCAGTAGTAGATGT-1,State_15,15,GSE190260,LAM1163,1.5663658380508423
GSE190260::LAM1163:AACACGTAGCTAAACA-1,2,GSE190260::LAM1163:CGGAGCTAGAGAACAG-1,State_15,15,GSE190260,LAM1163,1.6122020483016968
GSE190260::LAM1163:AACACGTAGCTAAACA-1,3,GSE190260::LAM1163:TGCCCTACAGACGCCT-1,State_15,15,GSE190260,LAM1163,1.7766914367675781
GSE190260::LAM1163:AACACGTAGCTAAACA-1,4,GSE190260::LAM1163:CAAGTTGGTCGCCATG-1,State_15,15,GSE190260,LAM1163,1.8117047548294067
GSE190260::LAM1163:AACACGTAGCTAAACA-1,5,GSE190260::LAM1163:TAGACCATCGCACTCT-1,State_15,15,GSE190260,LAM1163,1.830933690071106
GSE190260::LAM1163:AACACGTAGCTAAACA-1,6,GSE190260::LAM1163:GACTACATCGAGGTAG-1,State_15,15,GSE190260,LAM1163,1.8542462587356567
GSE190260::LAM1163:AACACGTAGCTAAACA-1,7,GSE190260::LAM1163:CCGGGATCAAACCTAC-1,State_15,15,GSE190260,LAM1163,1.9510804414749146
GSE190260::LAM1163:AACACGTAGCTAAACA-1,8,GSE190260::LAM1163:TTGTAGGGTGCAACTT-1,State_15,15,GSE190260,LAM1163,1.9786697626113892
GSE190260::LAM1163:AACACGTAGCTAAACA-1,9,GSE190260::LAM1163:CGATCGGAGATATGGT-1,State_15,15,GSE190260,LAM1163,1.9818631410598755
GSE190260::LAM1163:AACACGTAGCTAAACA-1,10,GSE190260::LAM1163:CACACTCTCTGTCCGT-1,State_15,15,GSE190260,LAM1163,1.9911997318267822
GSE190260::LAM1163:AACACGTAGCTAAACA-1,11,GSE190260::LAM1163:CATCAGACAAGAAAGG-1,State_15,15,GSE190260,LAM1163,2.041116714477539
GSE190260::LAM1163:AACACGTAGCTAAACA-1,12,GSE190260::LAM1163:CTCAGAATCACTTACT-1,State_15,15,GSE190260,LAM1163,2.0821027755737305
GSE190260::LAM1163:AACACGTAGCTAAACA-1,13,GSE190260::LAM1163:TACGGGCCAGTTAACC-1,State_15,15,GSE190260,LAM1163,2.0902302265167236
GSE190260::LAM1163:AACACGTAGCTAAACA-1,14,GSE190260::LAM1163:AAAGCAACAAGAGTCG-1,State_15,15,GSE190260,LAM1163,2.110544443130493
GSE190260::LAM1163:AACACGTAGCTAAACA-1,15,GSE190260::LAM1163:TCAGGATGTGACAAAT-1,State_15,15,GSE190260,LAM1163,2.130523443222046
GSE190260::LAM1163:AACACGTAGCTAAACA-1,16,GSE190260::LAM1163:AGTCTTTAGATAGTCA-1,State_15,15,GSE190260,LAM1163,2.1496498584747314
GSE190260::LAM1163:AACACGTAGCTAAACA-1,17,GSE190260::LAM1163:AGAATAGTCCCTGACT-1,State_15,15,GSE190260,LAM1163,2.2156684398651123
GSE190260::LAM1163:AACACGTAGCTAAACA-1,18,GSE190260::LAM1163:CTTCTCTGTACTTGAC-1,State_15,15,GSE190260,LAM1163,2.2184362411499023
GSE190260::LAM1163:AACACGTAGCTAAACA-1,19,GSE190260::LAM1163:CACCACTCACAGTCGC-1,State_15,15,GSE190260,LAM1163,2.2716989517211914
GSE190260::LAM1163:AACACGTAGCTAAACA-1,20,GSE190260::LAM1163:GGATGTTTCTTCCTTC-1,State_15,15,GSE190260,LAM1163,2.3423314094543457
GSE190260::LAM1163:AACACGTAGCTAAACA-1,21,GSE190260::LAM1163:CCAGCGAGTAGCCTAT-1,State_15,15,GSE190260,LAM1163,2.347975015640259
GSE190260::LAM1163:AACACGTAGCTAAACA-1,22,GSE190260::LAM1163:GGGTTGCGTCAGAATA-1,State_15,15,GSE190260,LAM1163,2.352871894836426
GSE190260::LAM1163:AACACGTAGCTAAACA-1,23,GSE190260::LAM1163:CTTACCGTCGTCTGCT-1,State_15,15,GSE190260,LAM1163,2.364936351776123
GSE190260::LAM1163:AACACGTAGCTAAACA-1,24,GSE190260::LAM1163:TTTACTGAGCTGAAAT-1,State_15,15,GSE190260,LAM1163,2.394805431365967
GSE190260::LAM1163:AACACGTAGCTAAACA-1,25,GSE190260::LAM1163:CGCTATCGTAGGCATG-1,State_15,15,GSE190260,LAM1163,2.4099462032318115
GSE190260::LAM1163:AACACGTAGCTAAACA-1,26,GSE190260::LAM1163:CAGATCAGTATCACCA-1,State_15,15,GSE190260,LAM1163,2.433434247970581
GSE190260::LAM1163:AACACGTAGCTAAACA-1,27,GSE190260::LAM1163:TCGTAGAGTTACCGAT-1,State_15,15,GSE190260,LAM1163,2.4482779502868652
GSE190260::LAM1163:AACACGTAGCTAAACA-1,28,GSE190260::LAM1163:GAGTCCGAGCTAAACA-1,State_15,15,GSE190260,LAM1163,2.4577724933624268
GSE190260::LAM1163:AACACGTAGCTAAACA-1,29,GSE190260::LAM1163:AGCCTAAAGATGCCAG-1,State_15,15,GSE190260,LAM1163,2.483651638031006
GSE190260::LAM1163:AACACGTAGCTAAACA-1,30,GSE190260::LAM1163:GGTGCGTTCTGTACGA-1,State_15,15,GSE190260,LAM1163,2.5339086055755615
GSE190260::LAM1163:AAGACCTTCCCTTGCA-1,1,GSE190260::LAM1163:TACGGATTCTATCCTA-1,State_15,15,GSE190260,LAM1163,1.297619104385376
GSE190260::LAM1163:AAGACCTTCCCTTGCA-1,2,GSE190260::LAM1163:TTCTCAAAGTCCGTAT-1,State_15,15,GSE190260,LAM1163,1.389531135559082
GSE190260::LAM1163:AAGACCTTCCCTTGCA-1,3,GSE190260::LAM1163:AGGGTGACAAACTGTC-1,State_15,15,GSE190260,LAM1163,1.4559450149536133
GSE190260::LAM1163:AAGACCTTCCCTTGCA-1,4,GSE190260::LAM1163:ATGTGTGGTAGTAGTA-1,State_15,15,GSE190260,LAM1163,1.478314757347107
GSE190260::LAM1163:AAGACCTTCCCTTGCA-1,5,GSE190260::LAM1163:TCGTACCCAAGCCGTC-1,State_15,15,GSE190260,LAM1163,1.5001051425933838
GSE190260::LAM1163:AAGACCTTCCCTTGCA-1,6,GSE190260::LAM1163:GGATGTTTCTTCCTTC-1,State_15,15,GSE190260,LAM1163,1.5315922498703003
GSE190260::LAM1163:AAGACCTTCCCTTGCA-1,7,GSE190260::LAM1163:CGTCTACGTTTGTTGG-1,State_15,15,GSE190260,LAM1163,1.5639746189117432
GSE190260::LAM1163:AAGACCTTCCCTTGCA-1,8,GSE190260::LAM1163:CTGATCCTCGCTTAGA-1,State_15,15,GSE190260,LAM1163,1.5787639617919922
GSE190260::LAM1163:AAGACCTTCCCTTGCA-1,9,GSE190260::LAM1163:GGGATGATCACAAACC-1,State_15,15,GSE190260,LAM1163,1.5924146175384521
GSE190260::LAM1163:AAGACCTTCCCTTGCA-1,10,GSE190260::LAM1163:GACTACATCGAGGTAG-1,State_15,15,GSE190260,LAM1163,1.6796079874038696
GSE190260::LAM1163:AAGACCTTCCCTTGCA-1,11,GSE190260::LAM1163:CGCTGGACAAGTTCTG-1,State_15,15,GSE190260,LAM1163,1.6824119091033936
GSE190260::LAM1163:AAGACCTTCCCTTGCA-1,12,GSE190260::LAM1163:CGCTATCGTAGGCATG-1,State_15,15,GSE190260,LAM1163,1.7085388898849487
GSE190260::LAM1163:AAGACCTTCCCTTGCA-1,13,GSE190260::LAM1163:GACTAACGTTGTGGCC-1,State_15,15,GSE190260,LAM1163,1.7177902460098267
GSE190260::LAM1163:AAGACCTTCCCTTGCA-1,14,GSE190260::LAM1163:GGTGCGTTCTGTACGA-1,State_15,15,GSE190260,LAM1163,1.7427562475204468
GSE190260::LAM1163:AAGACCTTCCCTTGCA-1,15,GSE190260::LAM1163:CATCAGACAAGAAAGG-1,State_15,15,GSE190260,LAM1163,1.7604655027389526
GSE190260::LAM1163:AAGACCTTCCCTTGCA-1,16,GSE190260::LAM1163:TACGGTATCACCTTAT-1,State_15,15,GSE190260,LAM1163,1.7651548385620117
GSE190260::LAM1163:AAGACCTTCCCTTGCA-1,17,GSE190260::LAM1163:CGGAGCTAGAGAACAG-1,State_15,15,GSE190260,LAM1163,1.7669453620910645
GSE190260::LAM1163:AAGACCTTCCCTTGCA-1,18,GSE190260::LAM1163:CTTACCGTCGTCTGCT-1,State_15,15,GSE190260,LAM1163,1.7780070304870605
GSE190260::LAM1163:AAGACCTTCCCTTGCA-1,19,GSE190260::LAM1163:TATCTCAAGAGACTAT-1,State_15,15,GSE190260,LAM1163,1.7944107055664062
GSE190260::LAM1163:AAGACCTTCCCTTGCA-1,20,GSE190260::LAM1163:TGCGCAGTCTCTAAGG-1,State_15,15,GSE190260,LAM1163,1.8210910558700562
GSE190260::LAM1163:AAGACCTTCCCTTGCA-1,21,GSE190260::LAM1163:CGCTTCAAGCCCAACC-1,State_15,15,GSE190260,LAM1163,1.8365939855575562
GSE190260::LAM1163:AAGACCTTCCCTTGCA-1,22,GSE190260::LAM1163:ATTACTCGTGTCCTCT-1,State_15,15,GSE190260,LAM1163,1.8505526781082153
GSE190260::LAM1163:AAGACCTTCCCTTGCA-1,23,GSE190260::LAM1163:GCTCCTAGTTCCACAA-1,State_15,15,GSE190260,LAM1163,1.8519178628921509
GSE190260::LAM1163:AAGACCTTCCCTTGCA-1,24,GSE190260::LAM1163:CACCACTCACAGTCGC-1,State_15,15,GSE190260,LAM1163,1.8532644510269165
GSE190260::LAM1163:AAGACCTTCCCTTGCA-1,25,GSE190260::LAM1163:TCAGGATGTGACAAAT-1,State_15,15,GSE190260,LAM1163,1.8617061376571655
GSE190260::LAM1163:AAGACCTTCCCTTGCA-1,26,GSE190260::LAM1163:CTGAAGTCACCGAATT-1,State_15,15,GSE190260,LAM1163,1.8693917989730835
GSE190260::LAM1163:AAGACCTTCCCTTGCA-1,27,GSE190260::LAM1163:CGTCCATTCGTAGGAG-1,State_15,15,GSE190260,LAM1163,1.887995719909668
GSE190260::LAM1163:AAGACCTTCCCTTGCA-1,28,GSE190260::LAM1163:TAGACCATCGCACTCT-1,State_15,15,GSE190260,LAM1163,1.9066784381866455
GSE190260::LAM1163:AAGACCTTCCCTTGCA-1,29,GSE190260::LAM1163:CACAGTATCTTGTATC-1,State_15,15,GSE190260,LAM1163,1.907016634941101
GSE190260::LAM1163:AAGACCTTCCCTTGCA-1,30,GSE190260::LAM1163:CAGATCAGTATCACCA-1,State_15,15,GSE190260,LAM1163,1.9096183776855469
GSE190260::LAM1163:ACAGCCGAGGACTGGT-1,1,GSE190260::LAM1163:GTCACAAAGACTTGAA-1,State_15,15,GSE190260,LAM1163,1.1213161945343018
GSE190260::LAM1163:ACAGCCGAGGACTGGT-1,2,GSE190260::LAM1163:CGGCTAGAGTGGTAGC-1,State_15,15,GSE190260,LAM1163,1.3616909980773926
GSE190260::LAM1163:ACAGCCGAGGACTGGT-1,3,GSE190260::LAM1163:GCGGGTTTCACATAGC-1,State_15,15,GSE190260,LAM1163,1.6091560125350952
GSE190260::LAM1163:ACAGCCGAGGACTGGT-1,4,GSE190260::LAM1163:TTGGAACTCGGCGGTT-1,State_15,15,GSE190260,LAM1163,1.7996717691421509
GSE190260::LAM1163:ACAGCCGAGGACTGGT-1,5,GSE190260::LAM1163:TGACGGCAGTGGCACA-1,State_15,15,GSE190260,LAM1163,1.8252381086349487
GSE190260::LAM1163:ACAGCCGAGGACTGGT-1,6,GSE190260::LAM1163:TCGTACCCAAGCCGTC-1,State_15,15,GSE190260,LAM1163,1.8777034282684326
GSE190260::LAM1163:ACAGCCGAGGACTGGT-1,7,GSE190260::LAM1163:AGGTCCGAGGCATGTG-1,State_15,15,GSE190260,LAM1163,1.8968318700790405
GSE190260::LAM1163:ACAGCCGAGGACTGGT-1,8,GSE190260::LAM1163:GACTAACGTTGTGGCC-1,State_15,15,GSE190260,LAM1163,1.9255280494689941
GSE190260::LAM1163:ACAGCCGAGGACTGGT-1,9,GSE190260::LAM1163:TCGAGGCAGACTAGAT-1,State_15,15,GSE190260,LAM1163,2.0278196334838867
GSE190260::LAM1163:ACAGCCGAGGACTGGT-1,10,GSE135851::LAM3:CGTAGGCGTACTCAAC-1,State_15,15,GSE135851,LAM3,2.127826452255249
GSE190260::LAM1163:ACAGCCGAGGACTGGT-1,11,GSE190260::LAM1163:TACGGTATCACCTTAT-1,State_15,15,GSE190260,LAM1163,2.1521224975585938
GSE190260::LAM1163:ACAGCCGAGGACTGGT-1,12,GSE190260::LAM1163:GCACTCTCATCCGGGT-1,State_15,15,GSE190260,LAM1163,2.166275978088379
GSE190260::LAM1163:ACAGCCGAGGACTGGT-1,13,GSE190260::LAM1163:AGCTCCTGTCAAAGCG-1,State_15,15,GSE190260,LAM1163,2.1873791217803955
GSE190260::LAM1163:ACAGCCGAGGACTGGT-1,14,GSE190260::LAM1163:TATCTCAAGAGACTAT-1,State_15,15,GSE190260,LAM1163,2.282749891281128
GSE190260::LAM1163:ACAGCCGAGGACTGGT-1,15,GSE190260::LAM1163:TTGTAGGGTAAAGTCA-1,State_15,15,GSE190260,LAM1163,2.286088705062866
GSE190260::LAM1163:ACAGCCGAGGACTGGT-1,16,GSE135851::LAM1:CGGACACTCAGAGGTG-1,State_15,15,GSE135851,LAM1,2.29089093208313
GSE190260::LAM1163:ACAGCCGAGGACTGGT-1,17,GSE190260::LAM1163:CTCTGGTCATCCCACT-1,State_15,15,GSE190260,LAM1163,2.3165841102600098
GSE190260::LAM1163:ACAGCCGAGGACTGGT-1,18,GSE190260::LAM1163:CTGATCCTCGCTTAGA-1,State_15,15,GSE190260,LAM1163,2.3578107357025146
GSE190260::LAM1163:ACAGCCGAGGACTGGT-1,19,GSE190260::LAM1163:TTAGGACGTCGGATCC-1,State_15,15,GSE190260,LAM1163,2.441340208053589
GSE190260::LAM1163:ACAGCCGAGGACTGGT-1,20,GSE190260::LAM1163:AGAGTGGCATGATCCA-1,State_15,15,GSE190260,LAM1163,2.4450602531433105
GSE190260::LAM1163:ACAGCCGAGGACTGGT-1,21,GSE135851::LAM3:ATCTGCCTCAGAGCTT-1,State_15,15,GSE135851,LAM3,2.4751040935516357
GSE190260::LAM1163:ACAGCCGAGGACTGGT-1,22,GSE190260::LAM1163:TGGACGCTCAAGAAGT-1,State_15,15,GSE190260,LAM1163,2.4853310585021973
GSE190260::LAM1163:ACAGCCGAGGACTGGT-1,23,GSE190260::LAM1163:CATCAAGCAATACGCT-1,State_15,15,GSE190260,LAM1163,2.514822006225586
GSE190260::LAM1163:ACAGCCGAGGACTGGT-1,24,GSE190260::LAM1163:TGCGCAGTCTCTAAGG-1,State_15,15,GSE190260,LAM1163,2.51668119430542
GSE190260::LAM1163:ACAGCCGAGGACTGGT-1,25,GSE190260::LAM1163:TCACAAGCAAAGTCAA-1,State_15,15,GSE190260,LAM1163,2.532754421234131
GSE190260::LAM1163:ACAGCCGAGGACTGGT-1,26,GSE190260::LAM1163:CATATGGTCGCCCTTA-1,State_15,15,GSE190260,LAM1163,2.588383436203003
GSE190260::LAM1163:ACAGCCGAGGACTGGT-1,27,GSE190260::LAM1163:GGATGTTTCTTCCTTC-1,State_15,15,GSE190260,LAM1163,2.6481308937072754
GSE190260::LAM1163:ACAGCCGAGGACTGGT-1,28,GSE190260::LAM1158:AAACGGGAGTCGCCGT-1,State_15,15,GSE190260,LAM1158,2.6559531688690186
GSE190260::LAM1163:ACAGCCGAGGACTGGT-1,29,GSE190260::LAM1163:CAGATCAGTATCACCA-1,State_15,15,GSE190260,LAM1163,2.6808934211730957
GSE190260::LAM1163:ACAGCCGAGGACTGGT-1,30,GSE190260::LAM1163:GGGATGATCACAAACC-1,State_15,15,GSE190260,LAM1163,2.6852385997772217
GSE190260::LAM1163:ACATGGTCATCGATTG-1,1,GSE190260::LAM1163:CAGATCAGTATCACCA-1,State_15,15,GSE190260,LAM1163,1.8766893148422241
GSE190260::LAM1163:ACATGGTCATCGATTG-1,2,GSE135851::LAM1:GCACTCTTCAGGCGAA-1,State_15,15,GSE135851,LAM1,1.8968530893325806
GSE190260::LAM1163:ACATGGTCATCGATTG-1,3,GSE190260::LAM1163:GGGTTGCGTCAGAATA-1,State_15,15,GSE190260,LAM1163,2.0216927528381348
GSE190260::LAM1163:ACATGGTCATCGATTG-1,4,GSE135851::LAM1:TTGGCAAAGAATCTCC-1,State_15,15,GSE135851,LAM1,2.075788736343384
GSE190260::LAM1163:ACATGGTCATCGATTG-1,5,GSE190260::LAM1163:CGCTTCAAGCCCAACC-1,State_15,15,GSE190260,LAM1163,2.0995993614196777
GSE190260::LAM1163:ACATGGTCATCGATTG-1,6,GSE190260::LAM1163:CATCAGACAAGAAAGG-1,State_15,15,GSE190260,LAM1163,2.1120057106018066
GSE190260::LAM1163:ACATGGTCATCGATTG-1,7,GSE190260::LAM1163:GGTGCGTTCTGTACGA-1,State_15,15,GSE190260,LAM1163,2.1252472400665283
GSE190260::LAM1163:ACATGGTCATCGATTG-1,8,GSE190260::LAM1163:ATGTGTGGTAGTAGTA-1,State_15,15,GSE190260,LAM1163,2.1278321743011475
GSE190260::LAM1163:ACATGGTCATCGATTG-1,9,GSE190260::LAM1163:TACGGATTCTATCCTA-1,State_15,15,GSE190260,LAM1163,2.1344170570373535
GSE190260::LAM1163:ACATGGTCATCGATTG-1,10,GSE190260::LAM1163:AGCTCCTGTCAAAGCG-1,State_15,15,GSE190260,LAM1163,2.139063596725464
GSE190260::LAM1163:ACATGGTCATCGATTG-1,11,GSE190260::LAM1163:AAGACCTTCCCTTGCA-1,State_15,15,GSE190260,LAM1163,2.1576952934265137
GSE190260::LAM1163:ACATGGTCATCGATTG-1,12,GSE190260::LAM1163:CGGAGCTAGAGAACAG-1,State_15,15,GSE190260,LAM1163,2.173945188522339
GSE190260::LAM1163:ACATGGTCATCGATTG-1,13,GSE190260::LAM1163:TCAGGATGTGACAAAT-1,State_15,15,GSE190260,LAM1163,2.177475690841675
GSE190260::LAM1163:ACATGGTCATCGATTG-1,14,GSE190260::LAM1163:GCGGGTTTCACATAGC-1,State_15,15,GSE190260,LAM1163,2.186769485473633
GSE190260::LAM1163:ACATGGTCATCGATTG-1,15,GSE190260::LAM1163:AAAGCAACAAGAGTCG-1,State_15,15,GSE190260,LAM1163,2.193315267562866
GSE190260::LAM1163:ACATGGTCATCGATTG-1,16,GSE190260::LAM1163:GGATGTTTCTTCCTTC-1,State_15,15,GSE190260,LAM1163,2.213973045349121
GSE190260::LAM1163:ACATGGTCATCGATTG-1,17,GSE190260::LAM1163:TTCTCAAAGTCCGTAT-1,State_15,15,GSE190260,LAM1163,2.2276337146759033
GSE190260::LAM1163:ACATGGTCATCGATTG-1,18,GSE190260::LAM1163:TATCTCAAGAGACTAT-1,State_15,15,GSE190260,LAM1163,2.2368087768554688
GSE190260::LAM1163:ACATGGTCATCGATTG-1,19,GSE190260::LAM1163:ATCACGACAGTAAGAT-1,State_15,15,GSE190260,LAM1163,2.2676963806152344
GSE190260::LAM1163:ACATGGTCATCGATTG-1,20,GSE135851::LAM1:TGCGCAGGTTCGCTAA-1,State_15,15,GSE135851,LAM1,2.2712717056274414
GSE190260::LAM1163:ACATGGTCATCGATTG-1,21,GSE190260::LAM1163:CTGAAGTCACCGAATT-1,State_15,15,GSE190260,LAM1163,2.271341323852539
GSE190260::LAM1163:ACATGGTCATCGATTG-1,22,GSE190260::LAM1163:TTTGCGCAGCCAGAAC-1,State_15,15,GSE190260,LAM1163,2.2885870933532715
GSE190260::LAM1163:ACATGGTCATCGATTG-1,23,GSE190260::LAM1163:ATTACTCGTGTCCTCT-1,State_15,15,GSE190260,LAM1163,2.324313163757324
GSE190260::LAM1163:ACATGGTCATCGATTG-1,24,GSE190260::LAM1163:CGTCTACGTTTGTTGG-1,State_15,15,GSE190260,LAM1163,2.331479549407959
GSE190260::LAM1163:ACATGGTCATCGATTG-1,25,GSE190260::LAM1163:CGCTATCGTAGGCATG-1,State_15,15,GSE190260,LAM1163,2.3381125926971436
GSE190260::LAM1163:ACATGGTCATCGATTG-1,26,GSE190260::LAM1163:TCGTACCCAAGCCGTC-1,State_15,15,GSE190260,LAM1163,2.3443329334259033
GSE190260::LAM1163:ACATGGTCATCGATTG-1,27,GSE190260::LAM1163:TTGTAGGGTAAAGTCA-1,State_15,15,GSE190260,LAM1163,2.350872039794922
GSE190260::LAM1163:ACATGGTCATCGATTG-1,28,GSE190260::LAM1163:TACGGTATCACCTTAT-1,State_15,15,GSE190260,LAM1163,2.353353261947632
GSE190260::LAM1163:ACATGGTCATCGATTG-1,29,GSE190260::LAM1163:GCTCCTAGTTCCACAA-1,State_15,15,GSE190260,LAM1163,2.3797874450683594
GSE190260::LAM1163:ACATGGTCATCGATTG-1,30,GSE190260::LAM1163:TACGGGCCAGTTAACC-1,State_15,15,GSE190260,LAM1163,2.3815064430236816
GSE190260::LAM1163:AGAATAGTCCCTGACT-1,1,GSE190260::LAM1163:CGATCGGAGATATGGT-1,State_15,15,GSE190260,LAM1163,1.8117154836654663
GSE190260::LAM1163:AGAATAGTCCCTGACT-1,2,GSE190260::LAM1163:CAAGTTGGTCGCCATG-1,State_15,15,GSE190260,LAM1163,1.8578948974609375
GSE190260::LAM1163:AGAATAGTCCCTGACT-1,3,GSE190260::LAM1163:CCTCAGTAGTAGATGT-1,State_15,15,GSE190260,LAM1163,1.87723970413208
GSE190260::LAM1163:AGAATAGTCCCTGACT-1,4,GSE190260::LAM1163:TGCCCTACAGACGCCT-1,State_15,15,GSE190260,LAM1163,2.1741738319396973
GSE190260::LAM1163:AGAATAGTCCCTGACT-1,5,GSE190260::LAM1163:AACACGTAGCTAAACA-1,State_15,15,GSE190260,LAM1163,2.2156684398651123
GSE190260::LAM1163:AGAATAGTCCCTGACT-1,6,GSE190260::LAM1163:TACGGGCCAGTTAACC-1,State_15,15,GSE190260,LAM1163,2.274716854095459
GSE190260::LAM1163:AGAATAGTCCCTGACT-1,7,GSE190260::LAM1163:TTTACTGAGCTGAAAT-1,State_15,15,GSE190260,LAM1163,2.3010830879211426
GSE190260::LAM1163:AGAATAGTCCCTGACT-1,8,GSE190260::LAM1163:CCCAGTTGTCGTTGTA-1,State_15,15,GSE190260,LAM1163,2.3267831802368164
GSE190260::LAM1163:AGAATAGTCCCTGACT-1,9,GSE190260::LAM1163:AGTCTTTAGATAGTCA-1,State_15,15,GSE190260,LAM1163,2.340137243270874
GSE190260::LAM1163:AGAATAGTCCCTGACT-1,10,GSE190260::LAM1163:TGCGCAGCAAGGCTCC-1,State_15,15,GSE190260,LAM1163,2.359050750732422
GSE190260::LAM1163:AGAATAGTCCCTGACT-1,11,GSE190260::LAM1163:TTAGGCAAGGAGCGAG-1,State_15,15,GSE190260,LAM1163,2.360818386077881
GSE190260::LAM1163:AGAATAGTCCCTGACT-1,12,GSE190260::LAM1163:CCAGCGAGTAGCCTAT-1,State_15,15,GSE190260,LAM1163,2.3639721870422363
GSE190260::LAM1163:AGAATAGTCCCTGACT-1,13,GSE190260::LAM1163:AGCCTAAAGATGCCAG-1,State_15,15,GSE190260,LAM1163,2.3832433223724365
GSE190260::LAM1163:AGAATAGTCCCTGACT-1,14,GSE190260::LAM1163:CTCAGAATCACTTACT-1,State_15,15,GSE190260,LAM1163,2.4220633506774902
GSE190260::LAM1163:AGAATAGTCCCTGACT-1,15,GSE190260::LAM1163:GGGTTGCGTCAGAATA-1,State_15,15,GSE190260,LAM1163,2.4998788833618164
GSE190260::LAM1163:AGAATAGTCCCTGACT-1,16,GSE190260::LAM1163:TCGTAGAGTTACCGAT-1,State_15,15,GSE190260,LAM1163,2.535878896713257
GSE190260::LAM1163:AGAATAGTCCCTGACT-1,17,GSE190260::LAM1163:CGCTATCGTAGGCATG-1,State_15,15,GSE190260,LAM1163,2.5503365993499756
GSE190260::LAM1163:AGAATAGTCCCTGACT-1,18,GSE190260::LAM1163:TAGACCATCGCACTCT-1,State_15,15,GSE190260,LAM1163,2.5570147037506104
GSE190260::LAM1163:AGAATAGTCCCTGACT-1,19,GSE190260::LAM1163:CGGAGCTAGAGAACAG-1,State_15,15,GSE190260,LAM1163,2.5691428184509277
GSE190260::LAM1163:AGAATAGTCCCTGACT-1,20,GSE190260::LAM1163:AAAGCAACAAGAGTCG-1,State_15,15,GSE190260,LAM1163,2.574748992919922
GSE190260::LAM1163:AGAATAGTCCCTGACT-1,21,GSE190260::LAM1163:CTTACCGTCGTCTGCT-1,State_15,15,GSE190260,LAM1163,2.6818861961364746
GSE190260::LAM1163:AGAATAGTCCCTGACT-1,22,GSE190260::LAM1163:TTGTAGGGTGCAACTT-1,State_15,15,GSE190260,LAM1163,2.691444158554077
GSE190260::LAM1163:AGAATAGTCCCTGACT-1,23,GSE190260::LAM1163:GAGTCCGAGCTAAACA-1,State_15,15,GSE190260,LAM1163,2.6918187141418457
GSE190260::LAM1163:AGAATAGTCCCTGACT-1,24,GSE190260::LAM1163:CACACTCTCTGTCCGT-1,State_15,15,GSE190260,LAM1163,2.7066850662231445
GSE190260::LAM1163:AGAATAGTCCCTGACT-1,25,GSE190260::LAM1163:CGCTTCAAGCCCAACC-1,State_15,15,GSE190260,LAM1163,2.7382755279541016
GSE190260::LAM1163:AGAATAGTCCCTGACT-1,26,GSE190260::LAM1163:TTTACTGGTGACGCCT-1,State_15,15,GSE190260,LAM1163,2.755476951599121
GSE190260::LAM1163:AGAATAGTCCCTGACT-1,27,GSE190260::LAM1163:TTTGCGCAGCCAGAAC-1,State_15,15,GSE190260,LAM1163,2.803804636001587
GSE190260::LAM1163:AGAATAGTCCCTGACT-1,28,GSE190260::LAM1163:CTCTGGTCATCCCACT-1,State_15,15,GSE190260,LAM1163,2.812887668609619
GSE190260::LAM1163:AGAATAGTCCCTGACT-1,29,GSE190260::LAM1163:ATCACGACAGTAAGAT-1,State_15,15,GSE190260,LAM1163,2.8145811557769775
GSE190260::LAM1163:AGAATAGTCCCTGACT-1,30,GSE190260::LAM1163:CATCAGACAAGAAAGG-1,State_15,15,GSE190260,LAM1163,2.820063352584839
GSE190260::LAM1163:AGAGCTTCACGTTGGC-1,1,GSE190260::LAM1163:CCTTTCTCATCGGGTC-1,State_15,15,GSE190260,LAM1163,1.1776725053787231
GSE190260::LAM1163:AGAGCTTCACGTTGGC-1,2,GSE190260::LAM1163:TTAGGACGTCGGATCC-1,State_15,15,GSE190260,LAM1163,1.3672009706497192
GSE190260::LAM1163:AGAGCTTCACGTTGGC-1,3,GSE190260::LAM1163:CTTACCGTCGTCTGCT-1,State_15,15,GSE190260,LAM1163,1.4257071018218994
GSE190260::LAM1163:AGAGCTTCACGTTGGC-1,4,GSE190260::LAM1163:CGCTATCGTAGGCATG-1,State_15,15,GSE190260,LAM1163,1.4830669164657593
GSE190260::LAM1163:AGAGCTTCACGTTGGC-1,5,GSE190260::LAM1163:CGTCTACGTTTGTTGG-1,State_15,15,GSE190260,LAM1163,1.5358065366744995
GSE190260::LAM1163:AGAGCTTCACGTTGGC-1,6,GSE190260::LAM1163:TGCGCAGCAAGGCTCC-1,State_15,15,GSE190260,LAM1163,1.55705988407135
GSE190260::LAM1163:AGAGCTTCACGTTGGC-1,7,GSE190260::LAM1163:AGGGTGACAAACTGTC-1,State_15,15,GSE190260,LAM1163,1.5992887020111084
GSE190260::LAM1163:AGAGCTTCACGTTGGC-1,8,GSE190260::LAM1163:CAGCATATCCTCCTAG-1,State_15,15,GSE190260,LAM1163,1.710241675376892
GSE190260::LAM1163:AGAGCTTCACGTTGGC-1,9,GSE190260::LAM1163:GGTGCGTTCTGTACGA-1,State_15,15,GSE190260,LAM1163,1.7270863056182861
GSE190260::LAM1163:AGAGCTTCACGTTGGC-1,10,GSE190260::LAM1163:CATCAGACAAGAAAGG-1,State_15,15,GSE190260,LAM1163,1.7654457092285156
GSE190260::LAM1163:AGAGCTTCACGTTGGC-1,11,GSE190260::LAM1163:AAAGCAACAAGAGTCG-1,State_15,15,GSE190260,LAM1163,1.7805213928222656
GSE190260::LAM1163:AGAGCTTCACGTTGGC-1,12,GSE190260::LAM1163:GACTACATCGAGGTAG-1,State_15,15,GSE190260,LAM1163,1.8151006698608398
GSE190260::LAM1163:AGAGCTTCACGTTGGC-1,13,GSE190260::LAM1163:TAGACCATCGCACTCT-1,State_15,15,GSE190260,LAM1163,1.8292953968048096
GSE190260::LAM1163:AGAGCTTCACGTTGGC-1,14,GSE190260::LAM1163:CACCACTCACAGTCGC-1,State_15,15,GSE190260,LAM1163,1.8893264532089233
GSE190260::LAM1163:AGAGCTTCACGTTGGC-1,15,GSE190260::LAM1163:TGACGGCAGTGGCACA-1,State_15,15,GSE190260,LAM1163,1.9187740087509155
GSE190260::LAM1163:AGAGCTTCACGTTGGC-1,16,GSE190260::LAM1163:GACTAACGTTGTGGCC-1,State_15,15,GSE190260,LAM1163,1.9212192296981812
GSE190260::LAM1163:AGAGCTTCACGTTGGC-1,17,GSE190260::LAM1163:CATATGGTCGCCCTTA-1,State_15,15,GSE190260,LAM1163,1.9463800191879272
GSE190260::LAM1163:AGAGCTTCACGTTGGC-1,18,GSE190260::LAM1163:AAGACCTTCCCTTGCA-1,State_15,15,GSE190260,LAM1163,1.996652603149414
GSE190260::LAM1163:AGAGCTTCACGTTGGC-1,19,GSE190260::LAM1163:CGGAGCTAGAGAACAG-1,State_15,15,GSE190260,LAM1163,2.007140874862671
GSE190260::LAM1163:AGAGCTTCACGTTGGC-1,20,GSE190260::LAM1163:CTCAGAATCACTTACT-1,State_15,15,GSE190260,LAM1163,2.026397466659546
GSE190260::LAM1163:AGAGCTTCACGTTGGC-1,21,GSE190260::LAM1163:TTCTCAAAGTCCGTAT-1,State_15,15,GSE190260,LAM1163,2.031315565109253
GSE190260::LAM1163:AGAGCTTCACGTTGGC-1,22,GSE190260::LAM1163:GGATGTTTCTTCCTTC-1,State_15,15,GSE190260,LAM1163,2.0519673824310303
GSE190260::LAM1163:AGAGCTTCACGTTGGC-1,23,GSE190260::LAM1163:TACGGATTCTATCCTA-1,State_15,15,GSE190260,LAM1163,2.07452654838562
GSE190260::LAM1163:AGAGCTTCACGTTGGC-1,24,GSE190260::LAM1163:CCAGCGAGTAGCCTAT-1,State_15,15,GSE190260,LAM1163,2.081732749938965
GSE190260::LAM1163:AGAGCTTCACGTTGGC-1,25,GSE190260::LAM1163:GCACTCTCATCCGGGT-1,State_15,15,GSE190260,LAM1163,2.09562349319458
GSE190260::LAM1163:AGAGCTTCACGTTGGC-1,26,GSE190260::LAM1163:TGCCCTACAGACGCCT-1,State_15,15,GSE190260,LAM1163,2.105455160140991
GSE190260::LAM1163:AGAGCTTCACGTTGGC-1,27,GSE190260::LAM1163:GGGTTGCGTCAGAATA-1,State_15,15,GSE190260,LAM1163,2.1111409664154053
GSE190260::LAM1163:AGAGCTTCACGTTGGC-1,28,GSE190260::LAM1163:CACACTCTCTGTCCGT-1,State_15,15,GSE190260,LAM1163,2.1331753730773926
GSE190260::LAM1163:AGAGCTTCACGTTGGC-1,29,GSE190260::LAM1163:ATTACTCGTGTCCTCT-1,State_15,15,GSE190260,LAM1163,2.1413791179656982
GSE190260::LAM1163:AGAGCTTCACGTTGGC-1,30,GSE190260::LAM1163:AGCTCCTGTCAAAGCG-1,State_15,15,GSE190260,LAM1163,2.14634108543396
GSE190260::LAM1163:AGAGTGGCATGATCCA-1,1,GSE190260::LAM1163:TGCGCAGTCTCTAAGG-1,State_15,15,GSE190260,LAM1163,1.6630669832229614
GSE190260::LAM1163:AGAGTGGCATGATCCA-1,2,GSE190260::LAM1163:TGACGGCAGTGGCACA-1,State_15,15,GSE190260,LAM1163,1.7261444330215454
GSE190260::LAM1163:AGAGTGGCATGATCCA-1,3,GSE190260::LAM1163:GACTAACGTTGTGGCC-1,State_15,15,GSE190260,LAM1163,1.741141438484192
GSE190260::LAM1163:AGAGTGGCATGATCCA-1,4,GSE135851::LAM3:ATCTGCCTCAGAGCTT-1,State_15,15,GSE135851,LAM3,1.7946299314498901
GSE190260::LAM1163:AGAGTGGCATGATCCA-1,5,GSE135851::LAM3:CGTAGGCGTACTCAAC-1,State_15,15,GSE135851,LAM3,1.8289309740066528
GSE190260::LAM1163:AGAGTGGCATGATCCA-1,6,GSE135851::LAM3:CCAATCCGTAGCTGCC-1,State_15,15,GSE135851,LAM3,1.9082348346710205
GSE190260::LAM1163:AGAGTGGCATGATCCA-1,7,GSE190260::LAM1163:GCACTCTCATCCGGGT-1,State_15,15,GSE190260,LAM1163,1.9264947175979614
GSE190260::LAM1163:AGAGTGGCATGATCCA-1,8,GSE135851::LAM3:CTCGAAAGTCGCCATG-1,State_15,15,GSE135851,LAM3,1.9392303228378296
GSE190260::LAM1163:AGAGTGGCATGATCCA-1,9,GSE190260::LAM1163:AGCTCCTGTCAAAGCG-1,State_15,15,GSE190260,LAM1163,1.958553671836853
GSE190260::LAM1163:AGAGTGGCATGATCCA-1,10,GSE135851::LAM3:TCGTACCAGGGATCTG-1,State_15,15,GSE135851,LAM3,1.9677804708480835
GSE190260::LAM1163:AGAGTGGCATGATCCA-1,11,GSE190260::LAM1163:CGGCTAGAGTGGTAGC-1,State_15,15,GSE190260,LAM1163,1.9751185178756714
GSE190260::LAM1163:AGAGTGGCATGATCCA-1,12,GSE190260::LAM1163:TTAGGACGTCGGATCC-1,State_15,15,GSE190260,LAM1163,1.9965919256210327
GSE190260::LAM1163:AGAGTGGCATGATCCA-1,13,GSE190260::LAM1163:GGTGCGTTCTGTACGA-1,State_15,15,GSE190260,LAM1163,2.0203113555908203
GSE190260::LAM1163:AGAGTGGCATGATCCA-1,14,GSE190260::LAM1163:CTGATCCTCGCTTAGA-1,State_15,15,GSE190260,LAM1163,2.0298914909362793
GSE190260::LAM1163:AGAGTGGCATGATCCA-1,15,GSE190260::LAM1163:CTCTGGTCATCCCACT-1,State_15,15,GSE190260,LAM1163,2.0525665283203125
GSE190260::LAM1163:AGAGTGGCATGATCCA-1,16,GSE190260::LAM1163:GGGTTGCGTCAGAATA-1,State_15,15,GSE190260,LAM1163,2.096330165863037
GSE190260::LAM1163:AGAGTGGCATGATCCA-1,17,GSE190260::LAM1163:GACTACATCGAGGTAG-1,State_15,15,GSE190260,LAM1163,2.0998966693878174
GSE190260::LAM1163:AGAGTGGCATGATCCA-1,18,GSE135851::LAM3:CACAAACCAATAGCGG-1,State_15,15,GSE135851,LAM3,2.1171529293060303
GSE190260::LAM1163:AGAGTGGCATGATCCA-1,19,GSE190260::LAM1163:TCGAGGCAGACTAGAT-1,State_15,15,GSE190260,LAM1163,2.118685722351074
GSE190260::LAM1163:AGAGTGGCATGATCCA-1,20,GSE190260::LAM1163:CGCTTCAAGCCCAACC-1,State_15,15,GSE190260,LAM1163,2.120774745941162
GSE190260::LAM1163:AGAGTGGCATGATCCA-1,21,GSE190260::LAM1163:GTCACAAAGACTTGAA-1,State_15,15,GSE190260,LAM1163,2.1376278400421143
GSE190260::LAM1163:AGAGTGGCATGATCCA-1,22,GSE190260::LAM1163:CATCAGACAAGAAAGG-1,State_15,15,GSE190260,LAM1163,2.1437885761260986
GSE190260::LAM1163:AGAGTGGCATGATCCA-1,23,GSE190260::LAM1163:TCGTACCCAAGCCGTC-1,State_15,15,GSE190260,LAM1163,2.15385365486145
GSE190260::LAM1163:AGAGTGGCATGATCCA-1,24,GSE190260::LAM1163:TTGGAACTCGGCGGTT-1,State_15,15,GSE190260,LAM1163,2.1915061473846436
GSE190260::LAM1163:AGAGTGGCATGATCCA-1,25,GSE190260::LAM1163:GGATGTTTCTTCCTTC-1,State_15,15,GSE190260,LAM1163,2.205151081085205
GSE190260::LAM1163:AGAGTGGCATGATCCA-1,26,GSE190260::LAM1163:ATCACGACAGTAAGAT-1,State_15,15,GSE190260,LAM1163,2.21197247505188
GSE190260::LAM1163:AGAGTGGCATGATCCA-1,27,GSE135851::LAM3:CGTCACTCAGGCTCAC-1,State_15,15,GSE135851,LAM3,2.2190797328948975
GSE190260::LAM1163:AGAGTGGCATGATCCA-1,28,GSE135851::LAM1:TCGAGGCTCGACCAGC-1,State_15,15,GSE135851,LAM1,2.238036870956421
GSE190260::LAM1163:AGAGTGGCATGATCCA-1,29,GSE190260::LAM1163:GCGGGTTTCACATAGC-1,State_15,15,GSE190260,LAM1163,2.241128444671631
GSE190260::LAM1163:AGAGTGGCATGATCCA-1,30,GSE190260::LAM1163:ATTACTCGTGTCCTCT-1,State_15,15,GSE190260,LAM1163,2.263110637664795
GSE190260::LAM1163:AGCCTAAAGATGCCAG-1,1,GSE190260::LAM1163:TTTGCGCAGCCAGAAC-1,State_15,15,GSE190260,LAM1163,1.296312928199768
GSE190260::LAM1163:AGCCTAAAGATGCCAG-1,2,GSE190260::LAM1163:AGTCTTTAGATAGTCA-1,State_15,15,GSE190260,LAM1163,1.4118326902389526
GSE190260::LAM1163:AGCCTAAAGATGCCAG-1,3,GSE190260::LAM1163:CCAGCGAGTAGCCTAT-1,State_15,15,GSE190260,LAM1163,1.513051986694336
GSE190260::LAM1163:AGCCTAAAGATGCCAG-1,4,GSE190260::LAM1163:TTGTAGGGTAAAGTCA-1,State_15,15,GSE190260,LAM1163,1.581155776977539
GSE190260::LAM1163:AGCCTAAAGATGCCAG-1,5,GSE190260::LAM1163:AAAGCAACAAGAGTCG-1,State_15,15,GSE190260,LAM1163,1.6336207389831543
GSE190260::LAM1163:AGCCTAAAGATGCCAG-1,6,GSE190260::LAM1163:ATTACTCGTGTCCTCT-1,State_15,15,GSE190260,LAM1163,1.6416370868682861
GSE190260::LAM1163:AGCCTAAAGATGCCAG-1,7,GSE190260::LAM1163:GAGTCCGAGCTAAACA-1,State_15,15,GSE190260,LAM1163,1.651029109954834
GSE190260::LAM1163:AGCCTAAAGATGCCAG-1,8,GSE190260::LAM1163:TAGACCATCGCACTCT-1,State_15,15,GSE190260,LAM1163,1.6617369651794434
GSE190260::LAM1163:AGCCTAAAGATGCCAG-1,9,GSE190260::LAM1163:TTGTAGGGTGCAACTT-1,State_15,15,GSE190260,LAM1163,1.672247052192688
GSE190260::LAM1163:AGCCTAAAGATGCCAG-1,10,GSE190260::LAM1163:TACGGATTCTATCCTA-1,State_15,15,GSE190260,LAM1163,1.7226735353469849
GSE190260::LAM1163:AGCCTAAAGATGCCAG-1,11,GSE190260::LAM1163:CGCTTCAAGCCCAACC-1,State_15,15,GSE190260,LAM1163,1.759834885597229
GSE190260::LAM1163:AGCCTAAAGATGCCAG-1,12,GSE190260::LAM1163:CGCTATCGTAGGCATG-1,State_15,15,GSE190260,LAM1163,1.8166637420654297
GSE190260::LAM1163:AGCCTAAAGATGCCAG-1,13,GSE190260::LAM1163:CGGAGCTAGAGAACAG-1,State_15,15,GSE190260,LAM1163,1.8334870338439941
GSE190260::LAM1163:AGCCTAAAGATGCCAG-1,14,GSE190260::LAM1163:CTCAGAAGTGATAAGT-1,State_15,15,GSE190260,LAM1163,1.8472949266433716
GSE190260::LAM1163:AGCCTAAAGATGCCAG-1,15,GSE190260::LAM1163:CACAGTATCTTGTATC-1,State_15,15,GSE190260,LAM1163,1.8627910614013672
GSE190260::LAM1163:AGCCTAAAGATGCCAG-1,16,GSE190260::LAM1163:CGGACTGGTCCAAGTT-1,State_15,15,GSE190260,LAM1163,1.8662102222442627
GSE190260::LAM1163:AGCCTAAAGATGCCAG-1,17,GSE190260::LAM1163:TGCGCAGCAAGGCTCC-1,State_15,15,GSE190260,LAM1163,1.8672138452529907
GSE190260::LAM1163:AGCCTAAAGATGCCAG-1,18,GSE190260::LAM1163:TTTACTGAGCTGAAAT-1,State_15,15,GSE190260,LAM1163,1.8799556493759155
GSE190260::LAM1163:AGCCTAAAGATGCCAG-1,19,GSE190260::LAM1163:CGATCGGAGATATGGT-1,State_15,15,GSE190260,LAM1163,1.8911240100860596
GSE190260::LAM1163:AGCCTAAAGATGCCAG-1,20,GSE190260::LAM1163:TTCTCAAAGTCCGTAT-1,State_15,15,GSE190260,LAM1163,1.9014201164245605
GSE190260::LAM1163:AGCCTAAAGATGCCAG-1,21,GSE190260::LAM1163:ATGTGTGGTAGTAGTA-1,State_15,15,GSE190260,LAM1163,1.901646614074707
GSE190260::LAM1163:AGCCTAAAGATGCCAG-1,22,GSE190260::LAM1163:GGGTTGCGTCAGAATA-1,State_15,15,GSE190260,LAM1163,1.9133820533752441
GSE190260::LAM1163:AGCCTAAAGATGCCAG-1,23,GSE190260::LAM1163:AGGGTGACAAACTGTC-1,State_15,15,GSE190260,LAM1163,1.9142441749572754
GSE190260::LAM1163:AGCCTAAAGATGCCAG-1,24,GSE190260::LAM1163:CAGATCAGTATCACCA-1,State_15,15,GSE190260,LAM1163,1.9186618328094482
GSE190260::LAM1163:AGCCTAAAGATGCCAG-1,25,GSE190260::LAM1163:CTCAGAATCACTTACT-1,State_15,15,GSE190260,LAM1163,1.942335844039917
GSE190260::LAM1163:AGCCTAAAGATGCCAG-1,26,GSE190260::LAM1163:CTCTGGTCATCCCACT-1,State_15,15,GSE190260,LAM1163,1.994103193283081
GSE190260::LAM1163:AGCCTAAAGATGCCAG-1,27,GSE190260::LAM1163:CCCAGTTGTCGTTGTA-1,State_15,15,GSE190260,LAM1163,2.0070040225982666
GSE190260::LAM1163:AGCCTAAAGATGCCAG-1,28,GSE190260::LAM1163:GGTGCGTTCTGTACGA-1,State_15,15,GSE190260,LAM1163,2.0230369567871094
GSE190260::LAM1163:AGCCTAAAGATGCCAG-1,29,GSE190260::LAM1163:GGATGTTTCTTCCTTC-1,State_15,15,GSE190260,LAM1163,2.036066770553589
GSE190260::LAM1163:AGCCTAAAGATGCCAG-1,30,GSE190260::LAM1163:CAAGTTGGTCGCCATG-1,State_15,15,GSE190260,LAM1163,2.0516366958618164
GSE190260::LAM1163:AGCTCCTGTCAAAGCG-1,1,GSE190260::LAM1163:GGTGCGTTCTGTACGA-1,State_15,15,GSE190260,LAM1163,1.4804028272628784
GSE190260::LAM1163:AGCTCCTGTCAAAGCG-1,2,GSE190260::LAM1163:TTAGGACGTCGGATCC-1,State_15,15,GSE190260,LAM1163,1.6291733980178833
GSE190260::LAM1163:AGCTCCTGTCAAAGCG-1,3,GSE190260::LAM1163:GCACTCTCATCCGGGT-1,State_15,15,GSE190260,LAM1163,1.6437723636627197
GSE190260::LAM1163:AGCTCCTGTCAAAGCG-1,4,GSE190260::LAM1163:GACTAACGTTGTGGCC-1,State_15,15,GSE190260,LAM1163,1.7035057544708252
GSE190260::LAM1163:AGCTCCTGTCAAAGCG-1,5,GSE190260::LAM1163:CATCAGACAAGAAAGG-1,State_15,15,GSE190260,LAM1163,1.7142159938812256
GSE190260::LAM1163:AGCTCCTGTCAAAGCG-1,6,GSE190260::LAM1163:AAAGCAACAAGAGTCG-1,State_15,15,GSE190260,LAM1163,1.748010277748108
GSE190260::LAM1163:AGCTCCTGTCAAAGCG-1,7,GSE190260::LAM1163:GTCACAAAGACTTGAA-1,State_15,15,GSE190260,LAM1163,1.7629680633544922
GSE190260::LAM1163:AGCTCCTGTCAAAGCG-1,8,GSE190260::LAM1163:AGGTCCGAGGCATGTG-1,State_15,15,GSE190260,LAM1163,1.8020533323287964
GSE190260::LAM1163:AGCTCCTGTCAAAGCG-1,9,GSE190260::LAM1163:CGGCTAGAGTGGTAGC-1,State_15,15,GSE190260,LAM1163,1.8072943687438965
GSE190260::LAM1163:AGCTCCTGTCAAAGCG-1,10,GSE190260::LAM1163:TGACGGCAGTGGCACA-1,State_15,15,GSE190260,LAM1163,1.8713099956512451
GSE190260::LAM1163:AGCTCCTGTCAAAGCG-1,11,GSE190260::LAM1163:GACTACATCGAGGTAG-1,State_15,15,GSE190260,LAM1163,1.9156299829483032
GSE190260::LAM1163:AGCTCCTGTCAAAGCG-1,12,GSE190260::LAM1163:TCGAGGCAGACTAGAT-1,State_15,15,GSE190260,LAM1163,1.917155146598816
GSE190260::LAM1163:AGCTCCTGTCAAAGCG-1,13,GSE190260::LAM1163:TTGTAGGGTAAAGTCA-1,State_15,15,GSE190260,LAM1163,1.9236739873886108
GSE190260::LAM1163:AGCTCCTGTCAAAGCG-1,14,GSE190260::LAM1163:GCGGGTTTCACATAGC-1,State_15,15,GSE190260,LAM1163,1.934311866760254
GSE190260::LAM1163:AGCTCCTGTCAAAGCG-1,15,GSE190260::LAM1163:TTGGAACTCGGCGGTT-1,State_15,15,GSE190260,LAM1163,1.9360480308532715
GSE190260::LAM1163:AGCTCCTGTCAAAGCG-1,16,GSE135851::LAM3:CGTAGGCGTACTCAAC-1,State_15,15,GSE135851,LAM3,1.9385744333267212
GSE190260::LAM1163:AGCTCCTGTCAAAGCG-1,17,GSE190260::LAM1163:AGAGTGGCATGATCCA-1,State_15,15,GSE190260,LAM1163,1.958553671836853
GSE190260::LAM1163:AGCTCCTGTCAAAGCG-1,18,GSE190260::LAM1163:CTGATCCTCGCTTAGA-1,State_15,15,GSE190260,LAM1163,1.9777390956878662
GSE190260::LAM1163:AGCTCCTGTCAAAGCG-1,19,GSE190260::LAM1163:CTCTGGTCATCCCACT-1,State_15,15,GSE190260,LAM1163,2.013482093811035
GSE190260::LAM1163:AGCTCCTGTCAAAGCG-1,20,GSE190260::LAM1163:CGTCTACGTTTGTTGG-1,State_15,15,GSE190260,LAM1163,2.025736093521118
GSE190260::LAM1163:AGCTCCTGTCAAAGCG-1,21,GSE190260::LAM1163:GGATGTTTCTTCCTTC-1,State_15,15,GSE190260,LAM1163,2.0269408226013184
GSE190260::LAM1163:AGCTCCTGTCAAAGCG-1,22,GSE190260::LAM1163:TCGTACCCAAGCCGTC-1,State_15,15,GSE190260,LAM1163,2.0390214920043945
GSE190260::LAM1163:AGCTCCTGTCAAAGCG-1,23,GSE190260::LAM1163:ATCACGACAGTAAGAT-1,State_15,15,GSE190260,LAM1163,2.079308032989502
GSE190260::LAM1163:AGCTCCTGTCAAAGCG-1,24,GSE190260::LAM1163:ACATGGTCATCGATTG-1,State_15,15,GSE190260,LAM1163,2.139063596725464
GSE190260::LAM1163:AGCTCCTGTCAAAGCG-1,25,GSE190260::LAM1163:AAGACCTTCCCTTGCA-1,State_15,15,GSE190260,LAM1163,2.146336555480957
GSE190260::LAM1163:AGCTCCTGTCAAAGCG-1,26,GSE190260::LAM1163:AGAGCTTCACGTTGGC-1,State_15,15,GSE190260,LAM1163,2.14634108543396
GSE190260::LAM1163:AGCTCCTGTCAAAGCG-1,27,GSE190260::LAM1163:ACAGCCGAGGACTGGT-1,State_15,15,GSE190260,LAM1163,2.1873791217803955
GSE190260::LAM1163:AGCTCCTGTCAAAGCG-1,28,GSE190260::LAM1163:CGGAGCTAGAGAACAG-1,State_15,15,GSE190260,LAM1163,2.1883304119110107
GSE190260::LAM1163:AGCTCCTGTCAAAGCG-1,29,GSE190260::LAM1163:AGGGTGACAAACTGTC-1,State_15,15,GSE190260,LAM1163,2.1961822509765625
GSE190260::LAM1163:AGCTCCTGTCAAAGCG-1,30,GSE190260::LAM1163:ATTACTCGTGTCCTCT-1,State_15,15,GSE190260,LAM1163,2.2127013206481934
GSE190260::LAM1163:AGCTCCTTCCGCTGTT-1,1,GSE190260::LAM1163:CACAGTATCTTGTATC-1,State_15,15,GSE190260,LAM1163,1.5315293073654175
GSE190260::LAM1163:AGCTCCTTCCGCTGTT-1,2,GSE190260::LAM1163:ATGTGTGGTAGTAGTA-1,State_15,15,GSE190260,LAM1163,1.6616100072860718
GSE190260::LAM1163:AGCTCCTTCCGCTGTT-1,3,GSE190260::LAM1163:TTCTCAAAGTCCGTAT-1,State_15,15,GSE190260,LAM1163,1.6988747119903564
GSE190260::LAM1163:AGCTCCTTCCGCTGTT-1,4,GSE190260::LAM1163:CGCTATCGTAGGCATG-1,State_15,15,GSE190260,LAM1163,1.8761850595474243
GSE190260::LAM1163:AGCTCCTTCCGCTGTT-1,5,GSE190260::LAM1163:GCTCCTAGTTCCACAA-1,State_15,15,GSE190260,LAM1163,1.9189536571502686
GSE190260::LAM1163:AGCTCCTTCCGCTGTT-1,6,GSE190260::LAM1163:GGGTTGCGTCAGAATA-1,State_15,15,GSE190260,LAM1163,1.9257410764694214
GSE190260::LAM1163:AGCTCCTTCCGCTGTT-1,7,GSE190260::LAM1163:CGCTTCAAGCCCAACC-1,State_15,15,GSE190260,LAM1163,1.9771877527236938
GSE190260::LAM1163:AGCTCCTTCCGCTGTT-1,8,GSE190260::LAM1163:CTCAGAATCACTTACT-1,State_15,15,GSE190260,LAM1163,1.9986437559127808
GSE190260::LAM1163:AGCTCCTTCCGCTGTT-1,9,GSE190260::LAM1163:CTTCTCTGTACTTGAC-1,State_15,15,GSE190260,LAM1163,2.0331714153289795
GSE190260::LAM1163:AGCTCCTTCCGCTGTT-1,10,GSE190260::LAM1163:AAGACCTTCCCTTGCA-1,State_15,15,GSE190260,LAM1163,2.1439836025238037
GSE190260::LAM1163:AGCTCCTTCCGCTGTT-1,11,GSE190260::LAM1163:CGTCCATTCGTAGGAG-1,State_15,15,GSE190260,LAM1163,2.15818190574646
GSE190260::LAM1163:AGCTCCTTCCGCTGTT-1,12,GSE190260::LAM1163:AGGGTGACAAACTGTC-1,State_15,15,GSE190260,LAM1163,2.165679931640625
GSE190260::LAM1163:AGCTCCTTCCGCTGTT-1,13,GSE190260::LAM1163:TACGGGCCAGTTAACC-1,State_15,15,GSE190260,LAM1163,2.2080771923065186
GSE190260::LAM1163:AGCTCCTTCCGCTGTT-1,14,GSE190260::LAM1163:AGTCTTTAGATAGTCA-1,State_15,15,GSE190260,LAM1163,2.2209525108337402
GSE190260::LAM1163:AGCTCCTTCCGCTGTT-1,15,GSE190260::LAM1163:GGATGTTTCTTCCTTC-1,State_15,15,GSE190260,LAM1163,2.229612350463867
GSE190260::LAM1163:AGCTCCTTCCGCTGTT-1,16,GSE190260::LAM1163:CACACTCTCTGTCCGT-1,State_15,15,GSE190260,LAM1163,2.2338404655456543
GSE190260::LAM1163:AGCTCCTTCCGCTGTT-1,17,GSE190260::LAM1163:GCCTCTAAGAGCCCAA-1,State_15,15,GSE190260,LAM1163,2.2578258514404297
GSE190260::LAM1163:AGCTCCTTCCGCTGTT-1,18,GSE190260::LAM1163:CATCAGACAAGAAAGG-1,State_15,15,GSE190260,LAM1163,2.2982892990112305
GSE190260::LAM1163:AGCTCCTTCCGCTGTT-1,19,GSE190260::LAM1163:CGTCTACGTTTGTTGG-1,State_15,15,GSE190260,LAM1163,2.3177802562713623
GSE190260::LAM1163:AGCTCCTTCCGCTGTT-1,20,GSE190260::LAM1163:CTTACCGTCGTCTGCT-1,State_15,15,GSE190260,LAM1163,2.3375368118286133
GSE190260::LAM1163:AGCTCCTTCCGCTGTT-1,21,GSE190260::LAM1163:TACGGATTCTATCCTA-1,State_15,15,GSE190260,LAM1163,2.3793530464172363
GSE190260::LAM1163:AGCTCCTTCCGCTGTT-1,22,GSE190260::LAM1163:CAGCGACTCTGAGTGT-1,State_15,15,GSE190260,LAM1163,2.3878865242004395
GSE190260::LAM1163:AGCTCCTTCCGCTGTT-1,23,GSE190260::LAM1163:TGCGCAGTCTCTAAGG-1,State_15,15,GSE190260,LAM1163,2.401473045349121
GSE190260::LAM1163:AGCTCCTTCCGCTGTT-1,24,GSE190260::LAM1163:ATTACTCGTGTCCTCT-1,State_15,15,GSE190260,LAM1163,2.4165940284729004
GSE190260::LAM1163:AGCTCCTTCCGCTGTT-1,25,GSE190260::LAM1163:TTTACTGAGCTGAAAT-1,State_15,15,GSE190260,LAM1163,2.446817636489868
GSE190260::LAM1163:AGCTCCTTCCGCTGTT-1,26,GSE190260::LAM1163:TCAGGATGTGACAAAT-1,State_15,15,GSE190260,LAM1163,2.4616270065307617
GSE190260::LAM1163:AGCTCCTTCCGCTGTT-1,27,GSE190260::LAM1163:TGCGCAGCAAGGCTCC-1,State_15,15,GSE190260,LAM1163,2.4707958698272705
GSE190260::LAM1163:AGCTCCTTCCGCTGTT-1,28,GSE190260::LAM1163:CCTCAGTAGTAGATGT-1,State_15,15,GSE190260,LAM1163,2.484222412109375
GSE190260::LAM1163:AGCTCCTTCCGCTGTT-1,29,GSE190260::LAM1163:CGATCGGAGATATGGT-1,State_15,15,GSE190260,LAM1163,2.496788501739502
GSE190260::LAM1163:AGCTCCTTCCGCTGTT-1,30,GSE190260::LAM1163:TAGACCATCGCACTCT-1,State_15,15,GSE190260,LAM1163,2.5017707347869873
GSE190260::LAM1163:AGGGTGACAAACTGTC-1,1,GSE190260::LAM1163:CGTCCATTCGTAGGAG-1,State_15,15,GSE190260,LAM1163,1.119774580001831
GSE190260::LAM1163:AGGGTGACAAACTGTC-1,2,GSE190260::LAM1163:GGATGTTTCTTCCTTC-1,State_15,15,GSE190260,LAM1163,1.243468165397644
GSE190260::LAM1163:AGGGTGACAAACTGTC-1,3,GSE190260::LAM1163:TAGACCATCGCACTCT-1,State_15,15,GSE190260,LAM1163,1.3669196367263794
GSE190260::LAM1163:AGGGTGACAAACTGTC-1,4,GSE190260::LAM1163:CTTACCGTCGTCTGCT-1,State_15,15,GSE190260,LAM1163,1.3925867080688477
GSE190260::LAM1163:AGGGTGACAAACTGTC-1,5,GSE190260::LAM1163:CTCAGAATCACTTACT-1,State_15,15,GSE190260,LAM1163,1.3927406072616577
GSE190260::LAM1163:AGGGTGACAAACTGTC-1,6,GSE190260::LAM1163:CATCAGACAAGAAAGG-1,State_15,15,GSE190260,LAM1163,1.3967586755752563
GSE190260::LAM1163:AGGGTGACAAACTGTC-1,7,GSE190260::LAM1163:CGCTATCGTAGGCATG-1,State_15,15,GSE190260,LAM1163,1.4389625787734985
GSE190260::LAM1163:AGGGTGACAAACTGTC-1,8,GSE190260::LAM1163:GCTCCTAGTTCCACAA-1,State_15,15,GSE190260,LAM1163,1.4389920234680176
GSE190260::LAM1163:AGGGTGACAAACTGTC-1,9,GSE190260::LAM1163:CGTCTACGTTTGTTGG-1,State_15,15,GSE190260,LAM1163,1.4472171068191528
GSE190260::LAM1163:AGGGTGACAAACTGTC-1,10,GSE190260::LAM1163:AAGACCTTCCCTTGCA-1,State_15,15,GSE190260,LAM1163,1.4559450149536133
GSE190260::LAM1163:AGGGTGACAAACTGTC-1,11,GSE190260::LAM1163:CACAGTATCTTGTATC-1,State_15,15,GSE190260,LAM1163,1.4750800132751465
GSE190260::LAM1163:AGGGTGACAAACTGTC-1,12,GSE190260::LAM1163:TACGGATTCTATCCTA-1,State_15,15,GSE190260,LAM1163,1.5011485815048218
GSE190260::LAM1163:AGGGTGACAAACTGTC-1,13,GSE190260::LAM1163:TGCGCAGCAAGGCTCC-1,State_15,15,GSE190260,LAM1163,1.5155375003814697
GSE190260::LAM1163:AGGGTGACAAACTGTC-1,14,GSE190260::LAM1163:TTCTCAAAGTCCGTAT-1,State_15,15,GSE190260,LAM1163,1.531572699546814
GSE190260::LAM1163:AGGGTGACAAACTGTC-1,15,GSE190260::LAM1163:ATTACTCGTGTCCTCT-1,State_15,15,GSE190260,LAM1163,1.555822730064392
GSE190260::LAM1163:AGGGTGACAAACTGTC-1,16,GSE190260::LAM1163:CGCTTCAAGCCCAACC-1,State_15,15,GSE190260,LAM1163,1.5912213325500488
GSE190260::LAM1163:AGGGTGACAAACTGTC-1,17,GSE190260::LAM1163:AGAGCTTCACGTTGGC-1,State_15,15,GSE190260,LAM1163,1.5992887020111084
GSE190260::LAM1163:AGGGTGACAAACTGTC-1,18,GSE190260::LAM1163:GACTAACGTTGTGGCC-1,State_15,15,GSE190260,LAM1163,1.6037161350250244
GSE190260::LAM1163:AGGGTGACAAACTGTC-1,19,GSE190260::LAM1163:CAGCATATCCTCCTAG-1,State_15,15,GSE190260,LAM1163,1.6622728109359741
GSE190260::LAM1163:AGGGTGACAAACTGTC-1,20,GSE190260::LAM1163:ATGTGTGGTAGTAGTA-1,State_15,15,GSE190260,LAM1163,1.6689099073410034
GSE190260::LAM1163:AGGGTGACAAACTGTC-1,21,GSE190260::LAM1163:CCAGCGAGTAGCCTAT-1,State_15,15,GSE190260,LAM1163,1.677917718887329
GSE190260::LAM1163:AGGGTGACAAACTGTC-1,22,GSE190260::LAM1163:TTAGGACGTCGGATCC-1,State_15,15,GSE190260,LAM1163,1.6846579313278198
GSE190260::LAM1163:AGGGTGACAAACTGTC-1,23,GSE190260::LAM1163:GGTGCGTTCTGTACGA-1,State_15,15,GSE190260,LAM1163,1.7137459516525269
GSE190260::LAM1163:AGGGTGACAAACTGTC-1,24,GSE190260::LAM1163:GGGTTGCGTCAGAATA-1,State_15,15,GSE190260,LAM1163,1.7357062101364136
GSE190260::LAM1163:AGGGTGACAAACTGTC-1,25,GSE190260::LAM1163:GACTACATCGAGGTAG-1,State_15,15,GSE190260,LAM1163,1.751084566116333
GSE190260::LAM1163:AGGGTGACAAACTGTC-1,26,GSE190260::LAM1163:CACCACTCACAGTCGC-1,State_15,15,GSE190260,LAM1163,1.7634215354919434
GSE190260::LAM1163:AGGGTGACAAACTGTC-1,27,GSE190260::LAM1163:TTGTAGGGTAAAGTCA-1,State_15,15,GSE190260,LAM1163,1.7707699537277222
GSE190260::LAM1163:AGGGTGACAAACTGTC-1,28,GSE190260::LAM1163:CTTCTCTGTACTTGAC-1,State_15,15,GSE190260,LAM1163,1.8042643070220947
GSE190260::LAM1163:AGGGTGACAAACTGTC-1,29,GSE190260::LAM1163:TTGTAGGGTGCAACTT-1,State_15,15,GSE190260,LAM1163,1.8429642915725708
GSE190260::LAM1163:AGGGTGACAAACTGTC-1,30,GSE190260::LAM1163:CGGAGCTAGAGAACAG-1,State_15,15,GSE190260,LAM1163,1.8463457822799683
GSE190260::LAM1163:AGGTCCGAGGCATGTG-1,1,GSE190260::LAM1163:GTCACAAAGACTTGAA-1,State_15,15,GSE190260,LAM1163,1.5819743871688843
GSE190260::LAM1163:AGGTCCGAGGCATGTG-1,2,GSE190260::LAM1163:AGCTCCTGTCAAAGCG-1,State_15,15,GSE190260,LAM1163,1.8020533323287964
GSE190260::LAM1163:AGGTCCGAGGCATGTG-1,3,GSE190260::LAM1163:CGGCTAGAGTGGTAGC-1,State_15,15,GSE190260,LAM1163,1.8441938161849976
GSE190260::LAM1163:AGGTCCGAGGCATGTG-1,4,GSE190260::LAM1163:TTGGAACTCGGCGGTT-1,State_15,15,GSE190260,LAM1163,1.882656216621399
GSE190260::LAM1163:AGGTCCGAGGCATGTG-1,5,GSE190260::LAM1163:ACAGCCGAGGACTGGT-1,State_15,15,GSE190260,LAM1163,1.8968318700790405
GSE190260::LAM1163:AGGTCCGAGGCATGTG-1,6,GSE190260::LAM1163:GCACTCTCATCCGGGT-1,State_15,15,GSE190260,LAM1163,2.1070961952209473
GSE190260::LAM1163:AGGTCCGAGGCATGTG-1,7,GSE190260::LAM1163:TTAGGACGTCGGATCC-1,State_15,15,GSE190260,LAM1163,2.16094970703125
GSE190260::LAM1163:AGGTCCGAGGCATGTG-1,8,GSE190260::LAM1163:GCGGGTTTCACATAGC-1,State_15,15,GSE190260,LAM1163,2.230729103088379
GSE190260::LAM1163:AGGTCCGAGGCATGTG-1,9,GSE135851::LAM3:CGTAGGCGTACTCAAC-1,State_15,15,GSE135851,LAM3,2.3023977279663086
GSE190260::LAM1163:AGGTCCGAGGCATGTG-1,10,GSE190260::LAM1163:TCGAGGCAGACTAGAT-1,State_15,15,GSE190260,LAM1163,2.313077449798584
GSE190260::LAM1163:AGGTCCGAGGCATGTG-1,11,GSE190260::LAM1163:TGACGGCAGTGGCACA-1,State_15,15,GSE190260,LAM1163,2.32503342628479
GSE190260::LAM1163:AGGTCCGAGGCATGTG-1,12,GSE190260::LAM1163:TCGTACCCAAGCCGTC-1,State_15,15,GSE190260,LAM1163,2.336848735809326
GSE190260::LAM1163:AGGTCCGAGGCATGTG-1,13,GSE190260::LAM1163:GACTAACGTTGTGGCC-1,State_15,15,GSE190260,LAM1163,2.3371872901916504
GSE190260::LAM1163:AGGTCCGAGGCATGTG-1,14,GSE190260::LAM1163:GACTACATCGAGGTAG-1,State_15,15,GSE190260,LAM1163,2.363147735595703
GSE190260::LAM1163:AGGTCCGAGGCATGTG-1,15,GSE190260::LAM1163:TTGTAGGGTAAAGTCA-1,State_15,15,GSE190260,LAM1163,2.390348434448242
GSE190260::LAM1163:AGGTCCGAGGCATGTG-1,16,GSE190260::LAM1163:AAAGCAACAAGAGTCG-1,State_15,15,GSE190260,LAM1163,2.3993849754333496
GSE190260::LAM1163:AGGTCCGAGGCATGTG-1,17,GSE190260::LAM1163:TACGGTATCACCTTAT-1,State_15,15,GSE190260,LAM1163,2.430119752883911
GSE190260::LAM1163:AGGTCCGAGGCATGTG-1,18,GSE190260::LAM1163:CATATGGTCGCCCTTA-1,State_15,15,GSE190260,LAM1163,2.4757466316223145
GSE190260::LAM1163:AGGTCCGAGGCATGTG-1,19,GSE190260::LAM1163:CATCAGACAAGAAAGG-1,State_15,15,GSE190260,LAM1163,2.5047519207000732
GSE190260::LAM1163:AGGTCCGAGGCATGTG-1,20,GSE190260::LAM1163:AGAGTGGCATGATCCA-1,State_15,15,GSE190260,LAM1163,2.5333216190338135
GSE190260::LAM1163:AGGTCCGAGGCATGTG-1,21,GSE190260::LAM1163:CTCTGGTCATCCCACT-1,State_15,15,GSE190260,LAM1163,2.5469112396240234
GSE190260::LAM1163:AGGTCCGAGGCATGTG-1,22,GSE190260::LAM1163:GGTGCGTTCTGTACGA-1,State_15,15,GSE190260,LAM1163,2.5677762031555176
GSE190260::LAM1163:AGGTCCGAGGCATGTG-1,23,GSE190260::LAM1163:CATATTCGTCTCCCTA-1,State_15,15,GSE190260,LAM1163,2.6393184661865234
GSE190260::LAM1163:AGGTCCGAGGCATGTG-1,24,GSE190260::LAM1163:CTGATCCTCGCTTAGA-1,State_15,15,GSE190260,LAM1163,2.647583484649658
GSE190260::LAM1163:AGGTCCGAGGCATGTG-1,25,GSE190260::LAM1163:CTTACCGTCGTCTGCT-1,State_15,15,GSE190260,LAM1163,2.674165964126587
GSE190260::LAM1163:AGGTCCGAGGCATGTG-1,26,GSE190260::LAM1163:GGATGTTTCTTCCTTC-1,State_15,15,GSE190260,LAM1163,2.6757311820983887
GSE190260::LAM1163:AGGTCCGAGGCATGTG-1,27,GSE190260::LAM1163:CGGAGCTAGAGAACAG-1,State_15,15,GSE190260,LAM1163,2.6845428943634033
GSE190260::LAM1163:AGGTCCGAGGCATGTG-1,28,GSE190260::LAM1163:AGAGCTTCACGTTGGC-1,State_15,15,GSE190260,LAM1163,2.6984634399414062
GSE190260::LAM1163:AGGTCCGAGGCATGTG-1,29,GSE190260::LAM1163:AGGGTGACAAACTGTC-1,State_15,15,GSE190260,LAM1163,2.7028374671936035
GSE190260::LAM1163:AGGTCCGAGGCATGTG-1,30,GSE190260::LAM1163:AAGACCTTCCCTTGCA-1,State_15,15,GSE190260,LAM1163,2.750088691711426
GSE190260::LAM1163:AGTCTTTAGATAGTCA-1,1,GSE190260::LAM1163:GGGTTGCGTCAGAATA-1,State_15,15,GSE190260,LAM1163,1.0898311138153076
GSE190260::LAM1163:AGTCTTTAGATAGTCA-1,2,GSE190260::LAM1163:CGCTTCAAGCCCAACC-1,State_15,15,GSE190260,LAM1163,1.2608850002288818
GSE190260::LAM1163:AGTCTTTAGATAGTCA-1,3,GSE190260::LAM1163:GAGTCCGAGCTAAACA-1,State_15,15,GSE190260,LAM1163,1.2778537273406982
GSE190260::LAM1163:AGTCTTTAGATAGTCA-1,4,GSE190260::LAM1163:ATGTGTGGTAGTAGTA-1,State_15,15,GSE190260,LAM1163,1.3203071355819702
GSE190260::LAM1163:AGTCTTTAGATAGTCA-1,5,GSE190260::LAM1163:TAGACCATCGCACTCT-1,State_15,15,GSE190260,LAM1163,1.3562437295913696
GSE190260::LAM1163:AGTCTTTAGATAGTCA-1,6,GSE190260::LAM1163:AGCCTAAAGATGCCAG-1,State_15,15,GSE190260,LAM1163,1.4118326902389526
GSE190260::LAM1163:AGTCTTTAGATAGTCA-1,7,GSE190260::LAM1163:CTCAGAATCACTTACT-1,State_15,15,GSE190260,LAM1163,1.486725926399231
GSE190260::LAM1163:AGTCTTTAGATAGTCA-1,8,GSE190260::LAM1163:TTGTAGGGTGCAACTT-1,State_15,15,GSE190260,LAM1163,1.506160855293274
GSE190260::LAM1163:AGTCTTTAGATAGTCA-1,9,GSE190260::LAM1163:GGATGTTTCTTCCTTC-1,State_15,15,GSE190260,LAM1163,1.5093804597854614
GSE190260::LAM1163:AGTCTTTAGATAGTCA-1,10,GSE190260::LAM1163:CACAGTATCTTGTATC-1,State_15,15,GSE190260,LAM1163,1.5516836643218994
GSE190260::LAM1163:AGTCTTTAGATAGTCA-1,11,GSE190260::LAM1163:CGGACTGGTCCAAGTT-1,State_15,15,GSE190260,LAM1163,1.5834373235702515
GSE190260::LAM1163:AGTCTTTAGATAGTCA-1,12,GSE190260::LAM1163:TTTGCGCAGCCAGAAC-1,State_15,15,GSE190260,LAM1163,1.59476637840271
GSE190260::LAM1163:AGTCTTTAGATAGTCA-1,13,GSE190260::LAM1163:CATCAGACAAGAAAGG-1,State_15,15,GSE190260,LAM1163,1.599057674407959
GSE190260::LAM1163:AGTCTTTAGATAGTCA-1,14,GSE190260::LAM1163:CACACTCTCTGTCCGT-1,State_15,15,GSE190260,LAM1163,1.6294667720794678
GSE190260::LAM1163:AGTCTTTAGATAGTCA-1,15,GSE190260::LAM1163:TGCCCTACAGACGCCT-1,State_15,15,GSE190260,LAM1163,1.6296221017837524
GSE190260::LAM1163:AGTCTTTAGATAGTCA-1,16,GSE190260::LAM1163:CTTCTCTGTACTTGAC-1,State_15,15,GSE190260,LAM1163,1.6311193704605103
GSE190260::LAM1163:AGTCTTTAGATAGTCA-1,17,GSE190260::LAM1163:CAGATCAGTATCACCA-1,State_15,15,GSE190260,LAM1163,1.6392805576324463
GSE190260::LAM1163:AGTCTTTAGATAGTCA-1,18,GSE190260::LAM1163:CTTACCGTCGTCTGCT-1,State_15,15,GSE190260,LAM1163,1.6684961318969727
GSE190260::LAM1163:AGTCTTTAGATAGTCA-1,19,GSE190260::LAM1163:TGCGCAGCAAGGCTCC-1,State_15,15,GSE190260,LAM1163,1.676719307899475
GSE190260::LAM1163:AGTCTTTAGATAGTCA-1,20,GSE190260::LAM1163:CCTCAGTAGTAGATGT-1,State_15,15,GSE190260,LAM1163,1.6851061582565308
GSE190260::LAM1163:AGTCTTTAGATAGTCA-1,21,GSE190260::LAM1163:CGCTATCGTAGGCATG-1,State_15,15,GSE190260,LAM1163,1.6929173469543457
GSE190260::LAM1163:AGTCTTTAGATAGTCA-1,22,GSE190260::LAM1163:CTCAGAAGTGATAAGT-1,State_15,15,GSE190260,LAM1163,1.7022778987884521
GSE190260::LAM1163:AGTCTTTAGATAGTCA-1,23,GSE190260::LAM1163:TTCTCAAAGTCCGTAT-1,State_15,15,GSE190260,LAM1163,1.7205320596694946
GSE190260::LAM1163:AGTCTTTAGATAGTCA-1,24,GSE190260::LAM1163:CCAGCGAGTAGCCTAT-1,State_15,15,GSE190260,LAM1163,1.7709417343139648
GSE190260::LAM1163:AGTCTTTAGATAGTCA-1,25,GSE190260::LAM1163:CAAGTTGGTCGCCATG-1,State_15,15,GSE190260,LAM1163,1.7713596820831299
GSE190260::LAM1163:AGTCTTTAGATAGTCA-1,26,GSE190260::LAM1163:TTGTAGGGTAAAGTCA-1,State_15,15,GSE190260,LAM1163,1.772475242614746
GSE190260::LAM1163:AGTCTTTAGATAGTCA-1,27,GSE190260::LAM1163:CGATCGGAGATATGGT-1,State_15,15,GSE190260,LAM1163,1.775262713432312
GSE190260::LAM1163:AGTCTTTAGATAGTCA-1,28,GSE190260::LAM1163:GCTCCTAGTTCCACAA-1,State_15,15,GSE190260,LAM1163,1.785948634147644
GSE190260::LAM1163:AGTCTTTAGATAGTCA-1,29,GSE190260::LAM1163:ATTACTCGTGTCCTCT-1,State_15,15,GSE190260,LAM1163,1.796415090560913
GSE190260::LAM1163:AGTCTTTAGATAGTCA-1,30,GSE190260::LAM1163:ATCACGACAGTAAGAT-1,State_15,15,GSE190260,LAM1163,1.797399640083313
GSE190260::LAM1163:ATAAGAGAGGCGCTCT-1,1,GSE190260::LAM1163:CCCAGTTGTCGTTGTA-1,State_15,15,GSE190260,LAM1163,2.8399765491485596
GSE190260::LAM1163:ATAAGAGAGGCGCTCT-1,2,GSE190260::LAM1163:CTTGGCTGTCCCTACT-1,State_15,15,GSE190260,LAM1163,2.895421266555786
GSE190260::LAM1163:ATAAGAGAGGCGCTCT-1,3,GSE190260::LAM1163:CGTGTAAGTTGTACAC-1,State_15,15,GSE190260,LAM1163,2.942687511444092
GSE190260::LAM1163:ATAAGAGAGGCGCTCT-1,4,GSE190260::LAM1163:TGCGCAGCAAGGCTCC-1,State_15,15,GSE190260,LAM1163,3.017465353012085
GSE190260::LAM1163:ATAAGAGAGGCGCTCT-1,5,GSE190260::LAM1163:CGTCTACGTTTGTTGG-1,State_15,15,GSE190260,LAM1163,3.106720209121704
GSE190260::LAM1163:ATAAGAGAGGCGCTCT-1,6,GSE190260::LAM1163:GTGTTAGTCTCCAACC-1,State_15,15,GSE190260,LAM1163,3.1639647483825684
GSE190260::LAM1163:ATAAGAGAGGCGCTCT-1,7,GSE190260::LAM1163:CCACCTAAGGTACTCT-1,State_15,15,GSE190260,LAM1163,3.1805567741394043
GSE190260::LAM1163:ATAAGAGAGGCGCTCT-1,8,GSE190260::LAM1163:CAGTCCTTCGTAGGTT-1,State_15,15,GSE190260,LAM1163,3.257333278656006
GSE190260::LAM1163:ATAAGAGAGGCGCTCT-1,9,GSE190260::LAM1163:TTTGCGCAGCCAGAAC-1,State_15,15,GSE190260,LAM1163,3.2741713523864746
GSE190260::LAM1163:ATAAGAGAGGCGCTCT-1,10,GSE190260::LAM1163:GTCCTCATCCACTGGG-1,State_15,15,GSE190260,LAM1163,3.298600196838379
GSE190260::LAM1163:ATAAGAGAGGCGCTCT-1,11,GSE190260::LAM1164-1:CTGCTGTAGAACTGTA-1,State_15,15,GSE190260,LAM1164,3.309262752532959
GSE190260::LAM1163:ATAAGAGAGGCGCTCT-1,12,GSE190260::LAM1163:CCTAGCTTCTGAGGGA-1,State_15,15,GSE190260,LAM1163,3.320340156555176
GSE190260::LAM1163:ATAAGAGAGGCGCTCT-1,13,GSE190260::LAM1163:ATCACGACAGTAAGAT-1,State_15,15,GSE190260,LAM1163,3.3442161083221436
GSE190260::LAM1163:ATAAGAGAGGCGCTCT-1,14,GSE190260::LAM1163:CGTCCATCATGCCTAA-1,State_15,15,GSE190260,LAM1163,3.3471405506134033
GSE190260::LAM1163:ATAAGAGAGGCGCTCT-1,15,GSE135851::LAM3:CCAATCCGTAGCTGCC-1,State_15,15,GSE135851,LAM3,3.3579654693603516
GSE190260::LAM1163:ATAAGAGAGGCGCTCT-1,16,GSE135851::LAM1:TAAGTGCCATCTACGA-1,State_15,15,GSE135851,LAM1,3.3639121055603027
GSE190260::LAM1163:ATAAGAGAGGCGCTCT-1,17,GSE190260::LAM1163:GCATGATAGCGTTCCG-1,State_15,15,GSE190260,LAM1163,3.368635892868042
GSE190260::LAM1163:ATAAGAGAGGCGCTCT-1,18,GSE190260::LAM1163:CTAAGACGTGGTTTCA-1,State_15,15,GSE190260,LAM1163,3.401679277420044
GSE190260::LAM1163:ATAAGAGAGGCGCTCT-1,19,GSE190260::LAM1163:AGAATAGTCCCTGACT-1,State_15,15,GSE190260,LAM1163,3.406803846359253
GSE190260::LAM1163:ATAAGAGAGGCGCTCT-1,20,GSE190260::LAM1163:CTCTGGTCATCCCACT-1,State_15,15,GSE190260,LAM1163,3.4131696224212646
GSE190260::LAM1163:ATAAGAGAGGCGCTCT-1,21,GSE190260::LAM1163:TTTACTGAGCTGAAAT-1,State_15,15,GSE190260,LAM1163,3.4192676544189453
GSE190260::LAM1163:ATAAGAGAGGCGCTCT-1,22,GSE190260::LAM1163:CACAGTATCTTGTATC-1,State_15,15,GSE190260,LAM1163,3.42246150970459
GSE190260::LAM1163:ATAAGAGAGGCGCTCT-1,23,GSE190260::LAM1163:ACATGGTCATCGATTG-1,State_15,15,GSE190260,LAM1163,3.448612928390503
GSE190260::LAM1163:ATAAGAGAGGCGCTCT-1,24,GSE190260::LAM1163:CTGAAGTAGGCAAAGA-1,boundary,,GSE190260,LAM1163,3.456562042236328
GSE190260::LAM1163:ATAAGAGAGGCGCTCT-1,25,GSE190260::LAM1163:ATGTGTGGTAGTAGTA-1,State_15,15,GSE190260,LAM1163,3.461899757385254
GSE190260::LAM1163:ATAAGAGAGGCGCTCT-1,26,GSE135851::LAM1:CGAGAAGCACTTGGAT-1,State_15,15,GSE135851,LAM1,3.469310998916626
GSE190260::LAM1163:ATAAGAGAGGCGCTCT-1,27,GSE190260::LAM1163:GGGTTGCGTCAGAATA-1,State_15,15,GSE190260,LAM1163,3.469609022140503
GSE190260::LAM1163:ATAAGAGAGGCGCTCT-1,28,GSE190260::LAM1163:AGTCTTTAGATAGTCA-1,State_15,15,GSE190260,LAM1163,3.4800941944122314
GSE190260::LAM1163:ATAAGAGAGGCGCTCT-1,29,GSE190260::LAM1163:TACGGGCCAGTTAACC-1,State_15,15,GSE190260,LAM1163,3.4981796741485596
GSE190260::LAM1163:ATAAGAGAGGCGCTCT-1,30,GSE190260::LAM1163:CATCAGACAAGAAAGG-1,State_15,15,GSE190260,LAM1163,3.508861541748047
GSE190260::LAM1163:ATCACGACAGTAAGAT-1,1,GSE190260::LAM1163:CACACTCAGATAGGAG-1,State_15,15,GSE190260,LAM1163,1.2003626823425293
GSE190260::LAM1163:ATCACGACAGTAAGAT-1,2,GSE190260::LAM1163:CTCAGAAGTGATAAGT-1,State_15,15,GSE190260,LAM1163,1.2352168560028076
GSE190260::LAM1163:ATCACGACAGTAAGAT-1,3,GSE190260::LAM1163:CGCTTCAAGCCCAACC-1,State_15,15,GSE190260,LAM1163,1.2603532075881958
GSE190260::LAM1163:ATCACGACAGTAAGAT-1,4,GSE190260::LAM1163:GGGTTGCGTCAGAATA-1,State_15,15,GSE190260,LAM1163,1.284240484237671
GSE190260::LAM1163:ATCACGACAGTAAGAT-1,5,GSE190260::LAM1163:GGATGTTTCTTCCTTC-1,State_15,15,GSE190260,LAM1163,1.478771448135376
GSE190260::LAM1163:ATCACGACAGTAAGAT-1,6,GSE190260::LAM1163:GCTCCTAGTTCCACAA-1,State_15,15,GSE190260,LAM1163,1.553670048713684
GSE190260::LAM1163:ATCACGACAGTAAGAT-1,7,GSE190260::LAM1163:CTCTGGTCATCCCACT-1,State_15,15,GSE190260,LAM1163,1.56818687915802
GSE190260::LAM1163:ATCACGACAGTAAGAT-1,8,GSE190260::LAM1163:TTGTAGGGTAAAGTCA-1,State_15,15,GSE190260,LAM1163,1.5889607667922974
GSE190260::LAM1163:ATCACGACAGTAAGAT-1,9,GSE190260::LAM1163:TCGAGGCAGACTAGAT-1,State_15,15,GSE190260,LAM1163,1.6328011751174927
GSE190260::LAM1163:ATCACGACAGTAAGAT-1,10,GSE190260::LAM1163:CATCAGACAAGAAAGG-1,State_15,15,GSE190260,LAM1163,1.6407241821289062
GSE190260::LAM1163:ATCACGACAGTAAGAT-1,11,GSE190260::LAM1163:TGCGCAGCAAGGCTCC-1,State_15,15,GSE190260,LAM1163,1.6632410287857056
GSE190260::LAM1163:ATCACGACAGTAAGAT-1,12,GSE190260::LAM1163:GCATGATAGCGTTCCG-1,State_15,15,GSE190260,LAM1163,1.6659502983093262
GSE190260::LAM1163:ATCACGACAGTAAGAT-1,13,GSE190260::LAM1163:CGTCTACGTTTGTTGG-1,State_15,15,GSE190260,LAM1163,1.679551124572754
GSE190260::LAM1163:ATCACGACAGTAAGAT-1,14,GSE190260::LAM1163:ATTACTCGTGTCCTCT-1,State_15,15,GSE190260,LAM1163,1.7118728160858154
GSE190260::LAM1163:ATCACGACAGTAAGAT-1,15,GSE190260::LAM1163:CACAGTATCTTGTATC-1,State_15,15,GSE190260,LAM1163,1.725602626800537
GSE190260::LAM1163:ATCACGACAGTAAGAT-1,16,GSE190260::LAM1163:GGTGCGTTCTGTACGA-1,State_15,15,GSE190260,LAM1163,1.7782728672027588
GSE190260::LAM1163:ATCACGACAGTAAGAT-1,17,GSE190260::LAM1163:AGTCTTTAGATAGTCA-1,State_15,15,GSE190260,LAM1163,1.797399640083313
GSE190260::LAM1163:ATCACGACAGTAAGAT-1,18,GSE190260::LAM1163:GCACTCTCATCCGGGT-1,State_15,15,GSE190260,LAM1163,1.8235005140304565
GSE190260::LAM1163:ATCACGACAGTAAGAT-1,19,GSE190260::LAM1163:ATGTGTGGTAGTAGTA-1,State_15,15,GSE190260,LAM1163,1.8253451585769653
GSE190260::LAM1163:ATCACGACAGTAAGAT-1,20,GSE190260::LAM1163:CCACCTAAGGTACTCT-1,State_15,15,GSE190260,LAM1163,1.8411916494369507
GSE190260::LAM1163:ATCACGACAGTAAGAT-1,21,GSE190260::LAM1163:CTTACCGTCGTCTGCT-1,State_15,15,GSE190260,LAM1163,1.853010654449463
GSE190260::LAM1163:ATCACGACAGTAAGAT-1,22,GSE190260::LAM1163:CGTCCATTCGTAGGAG-1,State_15,15,GSE190260,LAM1163,1.8637290000915527
GSE190260::LAM1163:ATCACGACAGTAAGAT-1,23,GSE190260::LAM1163:TTTGCGCAGCCAGAAC-1,State_15,15,GSE190260,LAM1163,1.8663069009780884
GSE190260::LAM1163:ATCACGACAGTAAGAT-1,24,GSE190260::LAM1163:CTCAGAATCACTTACT-1,State_15,15,GSE190260,LAM1163,1.886487364768982
GSE190260::LAM1163:ATCACGACAGTAAGAT-1,25,GSE190260::LAM1163:TATCTCAAGAGACTAT-1,State_15,15,GSE190260,LAM1163,1.960660696029663
GSE190260::LAM1163:ATCACGACAGTAAGAT-1,26,GSE190260::LAM1163:GAGTCCGAGCTAAACA-1,State_15,15,GSE190260,LAM1163,1.975299596786499
GSE190260::LAM1163:ATCACGACAGTAAGAT-1,27,GSE190260::LAM1163:AGGGTGACAAACTGTC-1,State_15,15,GSE190260,LAM1163,2.003326654434204
GSE190260::LAM1163:ATCACGACAGTAAGAT-1,28,GSE190260::LAM1163:CAGCATATCCTCCTAG-1,State_15,15,GSE190260,LAM1163,2.005281448364258
GSE190260::LAM1163:ATCACGACAGTAAGAT-1,29,GSE190260::LAM1163:TGCGCAGTCTCTAAGG-1,State_15,15,GSE190260,LAM1163,2.031923770904541
GSE190260::LAM1163:ATCACGACAGTAAGAT-1,30,GSE190260::LAM1163:CCAGCGAGTAGCCTAT-1,State_15,15,GSE190260,LAM1163,2.0508086681365967
GSE190260::LAM1163:ATCCACCTCTTGTCAT-1,1,GSE190260::LAM1163:GGGATGATCACAAACC-1,State_15,15,GSE190260,LAM1163,1.903672695159912
GSE190260::LAM1163:ATCCACCTCTTGTCAT-1,2,GSE190260::LAM1163:CATATTCGTCTCCCTA-1,State_15,15,GSE190260,LAM1163,2.1502685546875
GSE190260::LAM1163:ATCCACCTCTTGTCAT-1,3,GSE135851::LAM1:CGGACACTCAGAGGTG-1,State_15,15,GSE135851,LAM1,2.1876022815704346
GSE190260::LAM1163:ATCCACCTCTTGTCAT-1,4,GSE190260::LAM1163:TCACAAGCAAAGTCAA-1,State_15,15,GSE190260,LAM1163,2.2890071868896484
GSE190260::LAM1163:ATCCACCTCTTGTCAT-1,5,GSE135851::LAM1:GGGAGATAGCCATCGC-1,State_15,15,GSE135851,LAM1,2.296175718307495
GSE190260::LAM1163:ATCCACCTCTTGTCAT-1,6,GSE135851::LAM1:TGCACCTTCGAACTGT-1,State_15,15,GSE135851,LAM1,2.2997312545776367
GSE190260::LAM1163:ATCCACCTCTTGTCAT-1,7,GSE190260::LAM1163:TCGTACCCAAGCCGTC-1,State_15,15,GSE190260,LAM1163,2.3502087593078613
GSE190260::LAM1163:ATCCACCTCTTGTCAT-1,8,GSE190260::LAM1163:GTCACAAAGACTTGAA-1,State_15,15,GSE190260,LAM1163,2.3657138347625732
GSE190260::LAM1163:ATCCACCTCTTGTCAT-1,9,GSE135851::LAM1:ATTACTCAGCCACCTG-1,State_15,15,GSE135851,LAM1,2.4410717487335205
GSE190260::LAM1163:ATCCACCTCTTGTCAT-1,10,GSE190260::LAM1163:TACGGTATCACCTTAT-1,State_15,15,GSE190260,LAM1163,2.45177960395813
GSE190260::LAM1163:ATCCACCTCTTGTCAT-1,11,GSE190260::LAM1163:GAAATGACATGGGACA-1,State_15,15,GSE190260,LAM1163,2.4997763633728027
GSE190260::LAM1163:ATCCACCTCTTGTCAT-1,12,GSE190260::LAM1163:TGGACGCTCAAGAAGT-1,State_15,15,GSE190260,LAM1163,2.5644001960754395
GSE190260::LAM1163:ATCCACCTCTTGTCAT-1,13,GSE190260::LAM1163:CTGATCCTCGCTTAGA-1,State_15,15,GSE190260,LAM1163,2.6031064987182617
GSE190260::LAM1163:ATCCACCTCTTGTCAT-1,14,GSE190260::LAM1163:GACGCGTCATCCGGGT-1,State_15,15,GSE190260,LAM1163,2.6229467391967773
GSE190260::LAM1163:ATCCACCTCTTGTCAT-1,15,GSE135851::LAM1:CGAGCACCATTATCTC-1,State_15,15,GSE135851,LAM1,2.682196855545044
GSE190260::LAM1163:ATCCACCTCTTGTCAT-1,16,GSE190260::LAM1163:CGCTGGAGTAAGTAGT-1,State_15,15,GSE190260,LAM1163,2.7408766746520996
GSE190260::LAM1163:ATCCACCTCTTGTCAT-1,17,GSE135851::LAM1:TCGAGGCTCGACCAGC-1,State_15,15,GSE135851,LAM1,2.7469213008880615
GSE190260::LAM1163:ATCCACCTCTTGTCAT-1,18,GSE190260::LAM1163:TATCTCAAGAGACTAT-1,State_15,15,GSE190260,LAM1163,2.7496161460876465
GSE190260::LAM1163:ATCCACCTCTTGTCAT-1,19,GSE190260::LAM1163:GCGGGTTTCACATAGC-1,State_15,15,GSE190260,LAM1163,2.7559704780578613
GSE190260::LAM1163:ATCCACCTCTTGTCAT-1,20,GSE190260::LAM1163:ACAGCCGAGGACTGGT-1,State_15,15,GSE190260,LAM1163,2.7631027698516846
GSE190260::LAM1163:ATCCACCTCTTGTCAT-1,21,GSE190260::LAM1163:CGCTGGACAAGTTCTG-1,State_15,15,GSE190260,LAM1163,2.799727201461792
GSE190260::LAM1163:ATCCACCTCTTGTCAT-1,22,GSE190260::LAM1158:CTCATTAGTCGGGTCT-1,State_15,15,GSE190260,LAM1158,2.8291409015655518
GSE190260::LAM1163:ATCCACCTCTTGTCAT-1,23,GSE190260::LAM1163:CAGATCAGTATCACCA-1,State_15,15,GSE190260,LAM1163,2.8419864177703857
GSE190260::LAM1163:ATCCACCTCTTGTCAT-1,24,GSE190260::LAM1158:CACACAAAGTGTACGG-1,State_15,15,GSE190260,LAM1158,2.84407901763916
GSE190260::LAM1163:ATCCACCTCTTGTCAT-1,25,GSE190260::LAM1163:CATCAAGCAATACGCT-1,State_15,15,GSE190260,LAM1163,2.865572452545166
GSE190260::LAM1163:ATCCACCTCTTGTCAT-1,26,GSE190260::LAM1163:CGGCTAGAGTGGTAGC-1,State_15,15,GSE190260,LAM1163,2.8884201049804688
GSE190260::LAM1163:ATCCACCTCTTGTCAT-1,27,GSE190260::LAM1163:GACTAACGTTGTGGCC-1,State_15,15,GSE190260,LAM1163,2.9026284217834473
GSE190260::LAM1163:ATCCACCTCTTGTCAT-1,28,GSE190260::LAM1163:GTTACAGCAAGCTGGA-1,State_15,15,GSE190260,LAM1163,2.9288382530212402
GSE190260::LAM1163:ATCCACCTCTTGTCAT-1,29,GSE190260::LAM1163:AAGACCTTCCCTTGCA-1,State_15,15,GSE190260,LAM1163,2.960289716720581
GSE190260::LAM1163:ATCCACCTCTTGTCAT-1,30,GSE190260::LAM1163:TGCGCAGTCTCTAAGG-1,State_15,15,GSE190260,LAM1163,2.9886181354522705
GSE190260::LAM1163:ATGGGAGGTAATAGCA-1,1,GSE190260::LAM1163:CTCGTCAGTGAGTATA-1,State_15,15,GSE190260,LAM1163,2.6185429096221924
GSE190260::LAM1163:ATGGGAGGTAATAGCA-1,2,GSE135851::LAM1:ACACTGATCCTTGCCA-1,State_15,15,GSE135851,LAM1,2.6249094009399414
GSE190260::LAM1163:ATGGGAGGTAATAGCA-1,3,GSE190260::LAM1163:CCTAGCTTCTGAGGGA-1,State_15,15,GSE190260,LAM1163,2.7377915382385254
GSE190260::LAM1163:ATGGGAGGTAATAGCA-1,4,GSE190260::LAM1163:GTCCTCATCCACTGGG-1,State_15,15,GSE190260,LAM1163,2.8555490970611572
GSE190260::LAM1163:ATGGGAGGTAATAGCA-1,5,GSE135851::LAM1:CGAGAAGCACTTGGAT-1,State_15,15,GSE135851,LAM1,2.8730039596557617
GSE190260::LAM1163:ATGGGAGGTAATAGCA-1,6,GSE190260::LAM1163:CTTGGCTGTCCCTACT-1,State_15,15,GSE190260,LAM1163,2.910571336746216
GSE190260::LAM1163:ATGGGAGGTAATAGCA-1,7,GSE190260::LAM1163:AGCCTAAAGGAATGGA-1,State_16,16,GSE190260,LAM1163,2.9668662548065186
GSE190260::LAM1163:ATGGGAGGTAATAGCA-1,8,GSE217108::LAM32:GTTGGCGGTTCGGGAT-1,State_15,15,GSE217108,LAM32,3.0133187770843506
GSE190260::LAM1163:ATGGGAGGTAATAGCA-1,9,GSE190260::LAM1163:CGTGTAAGTTGTACAC-1,State_15,15,GSE190260,LAM1163,3.0329651832580566
GSE190260::LAM1163:ATGGGAGGTAATAGCA-1,10,GSE135851::LAM1:TTCTACACAGTTCATG-1,State_15,15,GSE135851,LAM1,3.0467326641082764
GSE190260::LAM1163:ATGGGAGGTAATAGCA-1,11,GSE302356::LAM10:CAGGATGCAATAATGG-1,State_16,16,GSE302356,LAM3,3.1063601970672607
GSE190260::LAM1163:ATGGGAGGTAATAGCA-1,12,GSE135851::LAM1:TAAGTGCCATCTACGA-1,State_15,15,GSE135851,LAM1,3.1268117427825928
GSE190260::LAM1163:ATGGGAGGTAATAGCA-1,13,GSE122960::GSE122960_Donor_07:AGCAGCCGTCCATGAT-1,normal,,GSE122960,GSE122960_Donor_07,3.203127145767212
GSE190260::LAM1163:ATGGGAGGTAATAGCA-1,14,GSE190260::LAM1163:GAATGAAGTACTCGCG-1,State_16,16,GSE190260,LAM1163,3.243016242980957
GSE190260::LAM1163:ATGGGAGGTAATAGCA-1,15,GSE190260::LAM1163:ACGCCAGTCGGAAATA-1,State_16,16,GSE190260,LAM1163,3.2453114986419678
GSE190260::LAM1163:ATGGGAGGTAATAGCA-1,16,GSE190260::LAM1163:GCGCGATCATTTCACT-1,State_7,7,GSE190260,LAM1163,3.2821459770202637
GSE190260::LAM1163:ATGGGAGGTAATAGCA-1,17,GSE190260::LAM1163:GCGCAACCAGGCTGAA-1,State_15,15,GSE190260,LAM1163,3.305077314376831
GSE190260::LAM1163:ATGGGAGGTAATAGCA-1,18,GSE190260::LAM1163:GAATGAATCGGATGGA-1,State_16,16,GSE190260,LAM1163,3.3519198894500732
GSE190260::LAM1163:ATGGGAGGTAATAGCA-1,19,GSE190260::LAM1163:CTTGGCTCAGGTCCAC-1,State_16,16,GSE190260,LAM1163,3.361858606338501
GSE190260::LAM1163:ATGGGAGGTAATAGCA-1,20,GSE190260::LAM1163:AACACGTCACATGACT-1,State_16,16,GSE190260,LAM1163,3.3830127716064453
GSE190260::LAM1163:ATGGGAGGTAATAGCA-1,21,GSE302356::LAM10:AGGTGAGGTTGAAGCC-1,State_16,16,GSE302356,LAM3,3.3891026973724365
GSE190260::LAM1163:ATGGGAGGTAATAGCA-1,22,GSE135851::LAM4:GCGGGTTGTCACAAGG-1,State_16,16,GSE135851,LAM4,3.3964054584503174
GSE190260::LAM1163:ATGGGAGGTAATAGCA-1,23,GSE302356::LAM10:TGGTTCTGTCTAACCT-1,boundary,,GSE302356,LAM3,3.4372146129608154
GSE190260::LAM1163:ATGGGAGGTAATAGCA-1,24,GSE190260::LAM1163:TAAGAGACATCACGAT-1,State_16,16,GSE190260,LAM1163,3.440830945968628
GSE190260::LAM1163:ATGGGAGGTAATAGCA-1,25,GSE135851::LAM3:CCTTTCTCACAGGTTT-1,State_16,16,GSE135851,LAM3,3.452643394470215
GSE190260::LAM1163:ATGGGAGGTAATAGCA-1,26,GSE135851::LAM3:TGAGGGACATCGGAAG-1,State_16,16,GSE135851,LAM3,3.479926109313965
GSE190260::LAM1163:ATGGGAGGTAATAGCA-1,27,GSE190260::LAM1163:TATGCCCTCTTCATGT-1,State_16,16,GSE190260,LAM1163,3.5161025524139404
GSE190260::LAM1163:ATGGGAGGTAATAGCA-1,28,GSE190260::LAM1163:ATCACGACACATTCGA-1,State_16,16,GSE190260,LAM1163,3.5509724617004395
GSE190260::LAM1163:ATGGGAGGTAATAGCA-1,29,GSE190260::LAM1163:ACGGGCTGTTCGTGAT-1,State_16,16,GSE190260,LAM1163,3.5586063861846924
GSE190260::LAM1163:ATGGGAGGTAATAGCA-1,30,GSE190260::LAM1163:GGAATAAAGCTATGCT-1,State_16,16,GSE190260,LAM1163,3.5690770149230957
GSE190260::LAM1163:ATGTGTGGTAGTAGTA-1,1,GSE190260::LAM1163:TTCTCAAAGTCCGTAT-1,State_15,15,GSE190260,LAM1163,0.8795486092567444
GSE190260::LAM1163:ATGTGTGGTAGTAGTA-1,2,GSE190260::LAM1163:CGCTTCAAGCCCAACC-1,State_15,15,GSE190260,LAM1163,1.1484712362289429
GSE190260::LAM1163:ATGTGTGGTAGTAGTA-1,3,GSE190260::LAM1163:CGGACTGGTCCAAGTT-1,State_15,15,GSE190260,LAM1163,1.1870228052139282
GSE190260::LAM1163:ATGTGTGGTAGTAGTA-1,4,GSE190260::LAM1163:GGGTTGCGTCAGAATA-1,State_15,15,GSE190260,LAM1163,1.193476676940918
GSE190260::LAM1163:ATGTGTGGTAGTAGTA-1,5,GSE190260::LAM1163:CACAGTATCTTGTATC-1,State_15,15,GSE190260,LAM1163,1.2046486139297485
GSE190260::LAM1163:ATGTGTGGTAGTAGTA-1,6,GSE190260::LAM1163:GGATGTTTCTTCCTTC-1,State_15,15,GSE190260,LAM1163,1.2577019929885864
GSE190260::LAM1163:ATGTGTGGTAGTAGTA-1,7,GSE190260::LAM1163:TACGGATTCTATCCTA-1,State_15,15,GSE190260,LAM1163,1.3076751232147217
GSE190260::LAM1163:ATGTGTGGTAGTAGTA-1,8,GSE190260::LAM1163:AGTCTTTAGATAGTCA-1,State_15,15,GSE190260,LAM1163,1.3203071355819702
GSE190260::LAM1163:ATGTGTGGTAGTAGTA-1,9,GSE190260::LAM1163:ATTACTCGTGTCCTCT-1,State_15,15,GSE190260,LAM1163,1.3570646047592163
GSE190260::LAM1163:ATGTGTGGTAGTAGTA-1,10,GSE190260::LAM1163:CGCTATCGTAGGCATG-1,State_15,15,GSE190260,LAM1163,1.4729573726654053
GSE190260::LAM1163:ATGTGTGGTAGTAGTA-1,11,GSE190260::LAM1163:AAGACCTTCCCTTGCA-1,State_15,15,GSE190260,LAM1163,1.478314757347107
GSE190260::LAM1163:ATGTGTGGTAGTAGTA-1,12,GSE190260::LAM1163:TGCGCAGTCTCTAAGG-1,State_15,15,GSE190260,LAM1163,1.5406097173690796
GSE190260::LAM1163:ATGTGTGGTAGTAGTA-1,13,GSE190260::LAM1163:CTTACCGTCGTCTGCT-1,State_15,15,GSE190260,LAM1163,1.5439441204071045
GSE190260::LAM1163:ATGTGTGGTAGTAGTA-1,14,GSE190260::LAM1163:CATCAGACAAGAAAGG-1,State_15,15,GSE190260,LAM1163,1.5956007242202759
GSE190260::LAM1163:ATGTGTGGTAGTAGTA-1,15,GSE190260::LAM1163:CGTCTACGTTTGTTGG-1,State_15,15,GSE190260,LAM1163,1.6100951433181763
GSE190260::LAM1163:ATGTGTGGTAGTAGTA-1,16,GSE190260::LAM1163:TGCGCAGCAAGGCTCC-1,State_15,15,GSE190260,LAM1163,1.6166141033172607
GSE190260::LAM1163:ATGTGTGGTAGTAGTA-1,17,GSE190260::LAM1163:CAGATCAGTATCACCA-1,State_15,15,GSE190260,LAM1163,1.622479796409607
GSE190260::LAM1163:ATGTGTGGTAGTAGTA-1,18,GSE190260::LAM1163:TAGACCATCGCACTCT-1,State_15,15,GSE190260,LAM1163,1.6304229497909546
GSE190260::LAM1163:ATGTGTGGTAGTAGTA-1,19,GSE190260::LAM1163:GCTCCTAGTTCCACAA-1,State_15,15,GSE190260,LAM1163,1.636574387550354
GSE190260::LAM1163:ATGTGTGGTAGTAGTA-1,20,GSE190260::LAM1163:CTCAGAATCACTTACT-1,State_15,15,GSE190260,LAM1163,1.65359628200531
GSE190260::LAM1163:ATGTGTGGTAGTAGTA-1,21,GSE190260::LAM1163:CACACTCTCTGTCCGT-1,State_15,15,GSE190260,LAM1163,1.6562526226043701
GSE190260::LAM1163:ATGTGTGGTAGTAGTA-1,22,GSE190260::LAM1163:AGCTCCTTCCGCTGTT-1,State_15,15,GSE190260,LAM1163,1.6616100072860718
GSE190260::LAM1163:ATGTGTGGTAGTAGTA-1,23,GSE190260::LAM1163:AGGGTGACAAACTGTC-1,State_15,15,GSE190260,LAM1163,1.6689099073410034
GSE190260::LAM1163:ATGTGTGGTAGTAGTA-1,24,GSE190260::LAM1163:CTGAAGTCACCGAATT-1,State_15,15,GSE190260,LAM1163,1.6960864067077637
GSE190260::LAM1163:ATGTGTGGTAGTAGTA-1,25,GSE190260::LAM1163:GGTGCGTTCTGTACGA-1,State_15,15,GSE190260,LAM1163,1.7029637098312378
GSE190260::LAM1163:ATGTGTGGTAGTAGTA-1,26,GSE190260::LAM1163:TATCTCAAGAGACTAT-1,State_15,15,GSE190260,LAM1163,1.7333735227584839
GSE190260::LAM1163:ATGTGTGGTAGTAGTA-1,27,GSE190260::LAM1163:TTTGCGCAGCCAGAAC-1,State_15,15,GSE190260,LAM1163,1.7762688398361206
GSE190260::LAM1163:ATGTGTGGTAGTAGTA-1,28,GSE190260::LAM1163:CTTCTCTGTACTTGAC-1,State_15,15,GSE190260,LAM1163,1.8143421411514282
GSE190260::LAM1163:ATGTGTGGTAGTAGTA-1,29,GSE190260::LAM1163:ATCACGACAGTAAGAT-1,State_15,15,GSE190260,LAM1163,1.8253451585769653
GSE190260::LAM1163:ATGTGTGGTAGTAGTA-1,30,GSE190260::LAM1163:CTCAGAAGTGATAAGT-1,State_15,15,GSE190260,LAM1163,1.8778233528137207
GSE190260::LAM1163:ATTACTCGTGTCCTCT-1,1,GSE190260::LAM1163:TTCTCAAAGTCCGTAT-1,State_15,15,GSE190260,LAM1163,1.2664968967437744
GSE190260::LAM1163:ATTACTCGTGTCCTCT-1,2,GSE190260::LAM1163:CGCTTCAAGCCCAACC-1,State_15,15,GSE190260,LAM1163,1.3133776187896729
GSE190260::LAM1163:ATTACTCGTGTCCTCT-1,3,GSE190260::LAM1163:ATGTGTGGTAGTAGTA-1,State_15,15,GSE190260,LAM1163,1.3570646047592163
GSE190260::LAM1163:ATTACTCGTGTCCTCT-1,4,GSE190260::LAM1163:TTTGCGCAGCCAGAAC-1,State_15,15,GSE190260,LAM1163,1.3654019832611084
GSE190260::LAM1163:ATTACTCGTGTCCTCT-1,5,GSE190260::LAM1163:TACGGATTCTATCCTA-1,State_15,15,GSE190260,LAM1163,1.4446873664855957
GSE190260::LAM1163:ATTACTCGTGTCCTCT-1,6,GSE190260::LAM1163:CTCAGAAGTGATAAGT-1,State_15,15,GSE190260,LAM1163,1.4472858905792236
GSE190260::LAM1163:ATTACTCGTGTCCTCT-1,7,GSE190260::LAM1163:CACAGTATCTTGTATC-1,State_15,15,GSE190260,LAM1163,1.4532088041305542
GSE190260::LAM1163:ATTACTCGTGTCCTCT-1,8,GSE190260::LAM1163:CGGACTGGTCCAAGTT-1,State_15,15,GSE190260,LAM1163,1.5213251113891602
GSE190260::LAM1163:ATTACTCGTGTCCTCT-1,9,GSE190260::LAM1163:GGATGTTTCTTCCTTC-1,State_15,15,GSE190260,LAM1163,1.533047080039978
GSE190260::LAM1163:ATTACTCGTGTCCTCT-1,10,GSE190260::LAM1163:TTGTAGGGTAAAGTCA-1,State_15,15,GSE190260,LAM1163,1.5447156429290771
GSE190260::LAM1163:ATTACTCGTGTCCTCT-1,11,GSE190260::LAM1163:AGGGTGACAAACTGTC-1,State_15,15,GSE190260,LAM1163,1.555822730064392
GSE190260::LAM1163:ATTACTCGTGTCCTCT-1,12,GSE190260::LAM1163:CTCTGGTCATCCCACT-1,State_15,15,GSE190260,LAM1163,1.5725442171096802
GSE190260::LAM1163:ATTACTCGTGTCCTCT-1,13,GSE190260::LAM1163:TGCGCAGCAAGGCTCC-1,State_15,15,GSE190260,LAM1163,1.62687087059021
GSE190260::LAM1163:ATTACTCGTGTCCTCT-1,14,GSE190260::LAM1163:AGCCTAAAGATGCCAG-1,State_15,15,GSE190260,LAM1163,1.6416370868682861
GSE190260::LAM1163:ATTACTCGTGTCCTCT-1,15,GSE190260::LAM1163:CACACTCAGATAGGAG-1,State_15,15,GSE190260,LAM1163,1.647545576095581
GSE190260::LAM1163:ATTACTCGTGTCCTCT-1,16,GSE190260::LAM1163:CTTACCGTCGTCTGCT-1,State_15,15,GSE190260,LAM1163,1.6517162322998047
GSE190260::LAM1163:ATTACTCGTGTCCTCT-1,17,GSE190260::LAM1163:CTGAAGTCACCGAATT-1,State_15,15,GSE190260,LAM1163,1.6518925428390503
GSE190260::LAM1163:ATTACTCGTGTCCTCT-1,18,GSE190260::LAM1163:CGTCTACGTTTGTTGG-1,State_15,15,GSE190260,LAM1163,1.6702346801757812
GSE190260::LAM1163:ATTACTCGTGTCCTCT-1,19,GSE190260::LAM1163:GGTGCGTTCTGTACGA-1,State_15,15,GSE190260,LAM1163,1.7031354904174805
GSE190260::LAM1163:ATTACTCGTGTCCTCT-1,20,GSE190260::LAM1163:GGGTTGCGTCAGAATA-1,State_15,15,GSE190260,LAM1163,1.70866060256958
GSE190260::LAM1163:ATTACTCGTGTCCTCT-1,21,GSE190260::LAM1163:ATCACGACAGTAAGAT-1,State_15,15,GSE190260,LAM1163,1.7118728160858154
GSE190260::LAM1163:ATTACTCGTGTCCTCT-1,22,GSE190260::LAM1163:TGCGCAGTCTCTAAGG-1,State_15,15,GSE190260,LAM1163,1.715533971786499
GSE190260::LAM1163:ATTACTCGTGTCCTCT-1,23,GSE190260::LAM1163:GACTAACGTTGTGGCC-1,State_15,15,GSE190260,LAM1163,1.719539999961853
GSE190260::LAM1163:ATTACTCGTGTCCTCT-1,24,GSE190260::LAM1163:TATCTCAAGAGACTAT-1,State_15,15,GSE190260,LAM1163,1.7238404750823975
GSE190260::LAM1163:ATTACTCGTGTCCTCT-1,25,GSE190260::LAM1163:CATCAGACAAGAAAGG-1,State_15,15,GSE190260,LAM1163,1.730432391166687
GSE190260::LAM1163:ATTACTCGTGTCCTCT-1,26,GSE190260::LAM1163:TTAGGACGTCGGATCC-1,State_15,15,GSE190260,LAM1163,1.7678786516189575
GSE190260::LAM1163:ATTACTCGTGTCCTCT-1,27,GSE190260::LAM1163:TAGACCATCGCACTCT-1,State_15,15,GSE190260,LAM1163,1.7948260307312012
GSE190260::LAM1163:ATTACTCGTGTCCTCT-1,28,GSE190260::LAM1163:GGATGTTTCAAGCCTA-1,State_15,15,GSE190260,LAM1163,1.7951984405517578
GSE190260::LAM1163:ATTACTCGTGTCCTCT-1,29,GSE190260::LAM1163:AGTCTTTAGATAGTCA-1,State_15,15,GSE190260,LAM1163,1.796415090560913
GSE190260::LAM1163:ATTACTCGTGTCCTCT-1,30,GSE190260::LAM1163:CGCTATCGTAGGCATG-1,State_15,15,GSE190260,LAM1163,1.818904161453247
GSE190260::LAM1163:CAAGTTGGTCGCCATG-1,1,GSE190260::LAM1163:CGATCGGAGATATGGT-1,State_15,15,GSE190260,LAM1163,0.8080147504806519
GSE190260::LAM1163:CAAGTTGGTCGCCATG-1,2,GSE190260::LAM1163:CCTCAGTAGTAGATGT-1,State_15,15,GSE190260,LAM1163,1.1451880931854248
GSE190260::LAM1163:CAAGTTGGTCGCCATG-1,3,GSE190260::LAM1163:TTTACTGAGCTGAAAT-1,State_15,15,GSE190260,LAM1163,1.4081251621246338
GSE190260::LAM1163:CAAGTTGGTCGCCATG-1,4,GSE190260::LAM1163:TGCCCTACAGACGCCT-1,State_15,15,GSE190260,LAM1163,1.5431628227233887
GSE190260::LAM1163:CAAGTTGGTCGCCATG-1,5,GSE190260::LAM1163:TAGACCATCGCACTCT-1,State_15,15,GSE190260,LAM1163,1.5546021461486816
GSE190260::LAM1163:CAAGTTGGTCGCCATG-1,6,GSE190260::LAM1163:AGTCTTTAGATAGTCA-1,State_15,15,GSE190260,LAM1163,1.7713596820831299
GSE190260::LAM1163:CAAGTTGGTCGCCATG-1,7,GSE190260::LAM1163:AACACGTAGCTAAACA-1,State_15,15,GSE190260,LAM1163,1.8117047548294067
GSE190260::LAM1163:CAAGTTGGTCGCCATG-1,8,GSE190260::LAM1163:AGAATAGTCCCTGACT-1,State_15,15,GSE190260,LAM1163,1.8578948974609375
GSE190260::LAM1163:CAAGTTGGTCGCCATG-1,9,GSE190260::LAM1163:CGCTATCGTAGGCATG-1,State_15,15,GSE190260,LAM1163,1.904241681098938
GSE190260::LAM1163:CAAGTTGGTCGCCATG-1,10,GSE190260::LAM1163:CTCAGAATCACTTACT-1,State_15,15,GSE190260,LAM1163,1.9618016481399536
GSE190260::LAM1163:CAAGTTGGTCGCCATG-1,11,GSE190260::LAM1163:TTGTAGGGTGCAACTT-1,State_15,15,GSE190260,LAM1163,1.9683388471603394
GSE190260::LAM1163:CAAGTTGGTCGCCATG-1,12,GSE190260::LAM1163:TCGTAGAGTTACCGAT-1,State_15,15,GSE190260,LAM1163,1.9769586324691772
GSE190260::LAM1163:CAAGTTGGTCGCCATG-1,13,GSE190260::LAM1163:CTTACCGTCGTCTGCT-1,State_15,15,GSE190260,LAM1163,2.0000431537628174
GSE190260::LAM1163:CAAGTTGGTCGCCATG-1,14,GSE190260::LAM1163:GAGTCCGAGCTAAACA-1,State_15,15,GSE190260,LAM1163,2.015420436859131
GSE190260::LAM1163:CAAGTTGGTCGCCATG-1,15,GSE190260::LAM1163:TGCGCAGCAAGGCTCC-1,State_15,15,GSE190260,LAM1163,2.0378823280334473
GSE190260::LAM1163:CAAGTTGGTCGCCATG-1,16,GSE190260::LAM1163:AGCCTAAAGATGCCAG-1,State_15,15,GSE190260,LAM1163,2.0516366958618164
GSE190260::LAM1163:CAAGTTGGTCGCCATG-1,17,GSE190260::LAM1163:CACACTCTCTGTCCGT-1,State_15,15,GSE190260,LAM1163,2.057243824005127
GSE190260::LAM1163:CAAGTTGGTCGCCATG-1,18,GSE190260::LAM1163:CGGAGCTAGAGAACAG-1,State_15,15,GSE190260,LAM1163,2.059333086013794
GSE190260::LAM1163:CAAGTTGGTCGCCATG-1,19,GSE190260::LAM1163:TTTGCGCAGCCAGAAC-1,State_15,15,GSE190260,LAM1163,2.0734798908233643
GSE190260::LAM1163:CAAGTTGGTCGCCATG-1,20,GSE190260::LAM1163:GGGTTGCGTCAGAATA-1,State_15,15,GSE190260,LAM1163,2.1066997051239014
GSE190260::LAM1163:CAAGTTGGTCGCCATG-1,21,GSE190260::LAM1163:TACGGATTCTATCCTA-1,State_15,15,GSE190260,LAM1163,2.106907844543457
GSE190260::LAM1163:CAAGTTGGTCGCCATG-1,22,GSE190260::LAM1163:CTTCTCTGTACTTGAC-1,State_15,15,GSE190260,LAM1163,2.108914375305176
GSE190260::LAM1163:CAAGTTGGTCGCCATG-1,23,GSE190260::LAM1163:CAGATCAGTATCACCA-1,State_15,15,GSE190260,LAM1163,2.139552354812622
GSE190260::LAM1163:CAAGTTGGTCGCCATG-1,24,GSE190260::LAM1163:TCAGGATGTGACAAAT-1,State_15,15,GSE190260,LAM1163,2.141789674758911
GSE190260::LAM1163:CAAGTTGGTCGCCATG-1,25,GSE190260::LAM1163:CGGACTGGTCCAAGTT-1,State_15,15,GSE190260,LAM1163,2.1473312377929688
GSE190260::LAM1163:CAAGTTGGTCGCCATG-1,26,GSE190260::LAM1163:ATGTGTGGTAGTAGTA-1,State_15,15,GSE190260,LAM1163,2.1754016876220703
GSE190260::LAM1163:CAAGTTGGTCGCCATG-1,27,GSE190260::LAM1163:TACGGGCCAGTTAACC-1,State_15,15,GSE190260,LAM1163,2.211467742919922
GSE190260::LAM1163:CAAGTTGGTCGCCATG-1,28,GSE190260::LAM1163:CGCTTCAAGCCCAACC-1,State_15,15,GSE190260,LAM1163,2.2273266315460205
GSE190260::LAM1163:CAAGTTGGTCGCCATG-1,29,GSE190260::LAM1163:GGATGTTTCTTCCTTC-1,State_15,15,GSE190260,LAM1163,2.2381844520568848
GSE190260::LAM1163:CAAGTTGGTCGCCATG-1,30,GSE190260::LAM1163:CATCAGACAAGAAAGG-1,State_15,15,GSE190260,LAM1163,2.293492078781128
GSE190260::LAM1163:CACACTCAGATAGGAG-1,1,GSE190260::LAM1163:ATCACGACAGTAAGAT-1,State_15,15,GSE190260,LAM1163,1.2003626823425293
GSE190260::LAM1163:CACACTCAGATAGGAG-1,2,GSE190260::LAM1163:CGCTTCAAGCCCAACC-1,State_15,15,GSE190260,LAM1163,1.3678429126739502
GSE190260::LAM1163:CACACTCAGATAGGAG-1,3,GSE190260::LAM1163:CTCAGAAGTGATAAGT-1,State_15,15,GSE190260,LAM1163,1.3692253828048706
GSE190260::LAM1163:CACACTCAGATAGGAG-1,4,GSE190260::LAM1163:ATTACTCGTGTCCTCT-1,State_15,15,GSE190260,LAM1163,1.647545576095581
GSE190260::LAM1163:CACACTCAGATAGGAG-1,5,GSE190260::LAM1163:GCTCCTAGTTCCACAA-1,State_15,15,GSE190260,LAM1163,1.6557806730270386
GSE190260::LAM1163:CACACTCAGATAGGAG-1,6,GSE190260::LAM1163:CACAGTATCTTGTATC-1,State_15,15,GSE190260,LAM1163,1.7258957624435425
GSE190260::LAM1163:CACACTCAGATAGGAG-1,7,GSE190260::LAM1163:TTGTAGGGTAAAGTCA-1,State_15,15,GSE190260,LAM1163,1.745464563369751
GSE190260::LAM1163:CACACTCAGATAGGAG-1,8,GSE190260::LAM1163:GGGTTGCGTCAGAATA-1,State_15,15,GSE190260,LAM1163,1.8016440868377686
GSE190260::LAM1163:CACACTCAGATAGGAG-1,9,GSE190260::LAM1163:CTCTGGTCATCCCACT-1,State_15,15,GSE190260,LAM1163,1.8702644109725952
GSE190260::LAM1163:CACACTCAGATAGGAG-1,10,GSE190260::LAM1163:CGTCCATTCGTAGGAG-1,State_15,15,GSE190260,LAM1163,1.902326226234436
GSE190260::LAM1163:CACACTCAGATAGGAG-1,11,GSE190260::LAM1163:TTTGCGCAGCCAGAAC-1,State_15,15,GSE190260,LAM1163,1.9208993911743164
GSE190260::LAM1163:CACACTCAGATAGGAG-1,12,GSE190260::LAM1163:GAGTCCGAGCTAAACA-1,State_15,15,GSE190260,LAM1163,1.9299391508102417
GSE190260::LAM1163:CACACTCAGATAGGAG-1,13,GSE190260::LAM1163:GGATGTTTCAAGCCTA-1,State_15,15,GSE190260,LAM1163,1.932291030883789
GSE190260::LAM1163:CACACTCAGATAGGAG-1,14,GSE190260::LAM1163:TGCGCAGCAAGGCTCC-1,State_15,15,GSE190260,LAM1163,1.960052490234375
GSE190260::LAM1163:CACACTCAGATAGGAG-1,15,GSE190260::LAM1163:AGTCTTTAGATAGTCA-1,State_15,15,GSE190260,LAM1163,1.9824414253234863
GSE190260::LAM1163:CACACTCAGATAGGAG-1,16,GSE190260::LAM1163:GGATGTTTCTTCCTTC-1,State_15,15,GSE190260,LAM1163,1.9934122562408447
GSE190260::LAM1163:CACACTCAGATAGGAG-1,17,GSE190260::LAM1163:TGCACCTAGACATAAC-1,State_15,15,GSE190260,LAM1163,2.0172340869903564
GSE190260::LAM1163:CACACTCAGATAGGAG-1,18,GSE190260::LAM1163:CGTCTACGTTTGTTGG-1,State_15,15,GSE190260,LAM1163,2.0388851165771484
GSE190260::LAM1163:CACACTCAGATAGGAG-1,19,GSE190260::LAM1163:CCCAGTTGTCGTTGTA-1,State_15,15,GSE190260,LAM1163,2.051755428314209
GSE190260::LAM1163:CACACTCAGATAGGAG-1,20,GSE190260::LAM1163:TCGAGGCAGACTAGAT-1,State_15,15,GSE190260,LAM1163,2.057244062423706
GSE190260::LAM1163:CACACTCAGATAGGAG-1,21,GSE190260::LAM1163:AGGGTGACAAACTGTC-1,State_15,15,GSE190260,LAM1163,2.068821430206299
GSE190260::LAM1163:CACACTCAGATAGGAG-1,22,GSE190260::LAM1163:ATGTGTGGTAGTAGTA-1,State_15,15,GSE190260,LAM1163,2.0756983757019043
GSE190260::LAM1163:CACACTCAGATAGGAG-1,23,GSE190260::LAM1163:GCATGATAGCGTTCCG-1,State_15,15,GSE190260,LAM1163,2.078150749206543
GSE190260::LAM1163:CACACTCAGATAGGAG-1,24,GSE190260::LAM1163:AGCCTAAAGATGCCAG-1,State_15,15,GSE190260,LAM1163,2.080352306365967
GSE190260::LAM1163:CACACTCAGATAGGAG-1,25,GSE190260::LAM1163:TATCTCAAGAGACTAT-1,State_15,15,GSE190260,LAM1163,2.1051151752471924
GSE190260::LAM1163:CACACTCAGATAGGAG-1,26,GSE190260::LAM1163:CTCAGAATCACTTACT-1,State_15,15,GSE190260,LAM1163,2.1356875896453857
GSE190260::LAM1163:CACACTCAGATAGGAG-1,27,GSE190260::LAM1163:TTCTCAAAGTCCGTAT-1,State_15,15,GSE190260,LAM1163,2.1968700885772705
GSE190260::LAM1163:CACACTCAGATAGGAG-1,28,GSE190260::LAM1163:CTTACCGTCGTCTGCT-1,State_15,15,GSE190260,LAM1163,2.23008131980896
GSE190260::LAM1163:CACACTCAGATAGGAG-1,29,GSE190260::LAM1163:CCAGCGAGTAGCCTAT-1,State_15,15,GSE190260,LAM1163,2.2406389713287354
GSE190260::LAM1163:CACACTCAGATAGGAG-1,30,GSE190260::LAM1163:TTTACTGGTGACGCCT-1,State_15,15,GSE190260,LAM1163,2.2511653900146484
GSE190260::LAM1163:CACACTCTCTGTCCGT-1,1,GSE190260::LAM1163:TGCCCTACAGACGCCT-1,State_15,15,GSE190260,LAM1163,1.1799973249435425
GSE190260::LAM1163:CACACTCTCTGTCCGT-1,2,GSE190260::LAM1163:CTCAGAATCACTTACT-1,State_15,15,GSE190260,LAM1163,1.3681241273880005
GSE190260::LAM1163:CACACTCTCTGTCCGT-1,3,GSE190260::LAM1163:CATCAGACAAGAAAGG-1,State_15,15,GSE190260,LAM1163,1.3819904327392578
GSE190260::LAM1163:CACACTCTCTGTCCGT-1,4,GSE190260::LAM1163:TAGACCATCGCACTCT-1,State_15,15,GSE190260,LAM1163,1.4058568477630615
GSE190260::LAM1163:CACACTCTCTGTCCGT-1,5,GSE190260::LAM1163:CGCTATCGTAGGCATG-1,State_15,15,GSE190260,LAM1163,1.5357433557510376
GSE190260::LAM1163:CACACTCTCTGTCCGT-1,6,GSE190260::LAM1163:CTTCTCTGTACTTGAC-1,State_15,15,GSE190260,LAM1163,1.5943560600280762
GSE190260::LAM1163:CACACTCTCTGTCCGT-1,7,GSE190260::LAM1163:GGATGTTTCTTCCTTC-1,State_15,15,GSE190260,LAM1163,1.6228580474853516
GSE190260::LAM1163:CACACTCTCTGTCCGT-1,8,GSE190260::LAM1163:GGTGCGTTCTGTACGA-1,State_15,15,GSE190260,LAM1163,1.628927230834961
GSE190260::LAM1163:CACACTCTCTGTCCGT-1,9,GSE190260::LAM1163:AGTCTTTAGATAGTCA-1,State_15,15,GSE190260,LAM1163,1.6294667720794678
GSE190260::LAM1163:CACACTCTCTGTCCGT-1,10,GSE190260::LAM1163:ATGTGTGGTAGTAGTA-1,State_15,15,GSE190260,LAM1163,1.6562526226043701
GSE190260::LAM1163:CACACTCTCTGTCCGT-1,11,GSE190260::LAM1163:CCTCAGTAGTAGATGT-1,State_15,15,GSE190260,LAM1163,1.6762114763259888
GSE190260::LAM1163:CACACTCTCTGTCCGT-1,12,GSE190260::LAM1163:TTGTAGGGTGCAACTT-1,State_15,15,GSE190260,LAM1163,1.7300695180892944
GSE190260::LAM1163:CACACTCTCTGTCCGT-1,13,GSE190260::LAM1163:GGGTTGCGTCAGAATA-1,State_15,15,GSE190260,LAM1163,1.7377032041549683
GSE190260::LAM1163:CACACTCTCTGTCCGT-1,14,GSE190260::LAM1163:CACAGTATCTTGTATC-1,State_15,15,GSE190260,LAM1163,1.7471659183502197
GSE190260::LAM1163:CACACTCTCTGTCCGT-1,15,GSE190260::LAM1163:GAGTCCGAGCTAAACA-1,State_15,15,GSE190260,LAM1163,1.7873567342758179
GSE190260::LAM1163:CACACTCTCTGTCCGT-1,16,GSE190260::LAM1163:CGGAGCTAGAGAACAG-1,State_15,15,GSE190260,LAM1163,1.7970144748687744
GSE190260::LAM1163:CACACTCTCTGTCCGT-1,17,GSE190260::LAM1163:GCTTCCATCAGTTTGG-1,State_15,15,GSE190260,LAM1163,1.840213656425476
GSE190260::LAM1163:CACACTCTCTGTCCGT-1,18,GSE190260::LAM1163:GACTACATCGAGGTAG-1,State_15,15,GSE190260,LAM1163,1.850111484527588
GSE190260::LAM1163:CACACTCTCTGTCCGT-1,19,GSE190260::LAM1163:CGATCGGAGATATGGT-1,State_15,15,GSE190260,LAM1163,1.8608949184417725
GSE190260::LAM1163:CACACTCTCTGTCCGT-1,20,GSE190260::LAM1163:CTTACCGTCGTCTGCT-1,State_15,15,GSE190260,LAM1163,1.8610645532608032
GSE190260::LAM1163:CACACTCTCTGTCCGT-1,21,GSE190260::LAM1163:TACGGGCCAGTTAACC-1,State_15,15,GSE190260,LAM1163,1.871540904045105
GSE190260::LAM1163:CACACTCTCTGTCCGT-1,22,GSE190260::LAM1163:CCAGCGAGTAGCCTAT-1,State_15,15,GSE190260,LAM1163,1.8958892822265625
GSE190260::LAM1163:CACACTCTCTGTCCGT-1,23,GSE190260::LAM1163:AGGGTGACAAACTGTC-1,State_15,15,GSE190260,LAM1163,1.9306617975234985
GSE190260::LAM1163:CACACTCTCTGTCCGT-1,24,GSE190260::LAM1163:AAAGCAACAAGAGTCG-1,State_15,15,GSE190260,LAM1163,1.930844783782959
GSE190260::LAM1163:CACACTCTCTGTCCGT-1,25,GSE190260::LAM1163:AACACGTAGCTAAACA-1,State_15,15,GSE190260,LAM1163,1.9911997318267822
GSE190260::LAM1163:CACACTCTCTGTCCGT-1,26,GSE190260::LAM1163:TGCGCAGCAAGGCTCC-1,State_15,15,GSE190260,LAM1163,1.9972374439239502
GSE190260::LAM1163:CACACTCTCTGTCCGT-1,27,GSE190260::LAM1163:TTCTCAAAGTCCGTAT-1,State_15,15,GSE190260,LAM1163,2.003458261489868
GSE190260::LAM1163:CACACTCTCTGTCCGT-1,28,GSE190260::LAM1163:GCCTCTAAGAGCCCAA-1,State_15,15,GSE190260,LAM1163,2.012974500656128
GSE190260::LAM1163:CACACTCTCTGTCCGT-1,29,GSE190260::LAM1163:CGCTTCAAGCCCAACC-1,State_15,15,GSE190260,LAM1163,2.031841993331909
GSE190260::LAM1163:CACACTCTCTGTCCGT-1,30,GSE190260::LAM1163:CGGACTGGTCCAAGTT-1,State_15,15,GSE190260,LAM1163,2.03338885307312
GSE190260::LAM1163:CACAGTATCTTGTATC-1,1,GSE190260::LAM1163:ATGTGTGGTAGTAGTA-1,State_15,15,GSE190260,LAM1163,1.2046486139297485
GSE190260::LAM1163:CACAGTATCTTGTATC-1,2,GSE190260::LAM1163:TTCTCAAAGTCCGTAT-1,State_15,15,GSE190260,LAM1163,1.2747761011123657
GSE190260::LAM1163:CACAGTATCTTGTATC-1,3,GSE190260::LAM1163:GGATGTTTCTTCCTTC-1,State_15,15,GSE190260,LAM1163,1.3651834726333618
GSE190260::LAM1163:CACAGTATCTTGTATC-1,4,GSE190260::LAM1163:ATTACTCGTGTCCTCT-1,State_15,15,GSE190260,LAM1163,1.4532088041305542
GSE190260::LAM1163:CACAGTATCTTGTATC-1,5,GSE190260::LAM1163:GGGTTGCGTCAGAATA-1,State_15,15,GSE190260,LAM1163,1.4538754224777222
GSE190260::LAM1163:CACAGTATCTTGTATC-1,6,GSE190260::LAM1163:AGGGTGACAAACTGTC-1,State_15,15,GSE190260,LAM1163,1.4750800132751465
GSE190260::LAM1163:CACAGTATCTTGTATC-1,7,GSE190260::LAM1163:CGCTTCAAGCCCAACC-1,State_15,15,GSE190260,LAM1163,1.5035938024520874
GSE190260::LAM1163:CACAGTATCTTGTATC-1,8,GSE190260::LAM1163:CTCAGAATCACTTACT-1,State_15,15,GSE190260,LAM1163,1.5233900547027588
GSE190260::LAM1163:CACAGTATCTTGTATC-1,9,GSE190260::LAM1163:AGCTCCTTCCGCTGTT-1,State_15,15,GSE190260,LAM1163,1.5315293073654175
GSE190260::LAM1163:CACAGTATCTTGTATC-1,10,GSE190260::LAM1163:CGCTATCGTAGGCATG-1,State_15,15,GSE190260,LAM1163,1.551513671875
GSE190260::LAM1163:CACAGTATCTTGTATC-1,11,GSE190260::LAM1163:AGTCTTTAGATAGTCA-1,State_15,15,GSE190260,LAM1163,1.5516836643218994
GSE190260::LAM1163:CACAGTATCTTGTATC-1,12,GSE190260::LAM1163:GCTCCTAGTTCCACAA-1,State_15,15,GSE190260,LAM1163,1.560742974281311
GSE190260::LAM1163:CACAGTATCTTGTATC-1,13,GSE190260::LAM1163:CGTCTACGTTTGTTGG-1,State_15,15,GSE190260,LAM1163,1.5743317604064941
GSE190260::LAM1163:CACAGTATCTTGTATC-1,14,GSE190260::LAM1163:CATCAGACAAGAAAGG-1,State_15,15,GSE190260,LAM1163,1.6058498620986938
GSE190260::LAM1163:CACAGTATCTTGTATC-1,15,GSE190260::LAM1163:TGCGCAGCAAGGCTCC-1,State_15,15,GSE190260,LAM1163,1.6277631521224976
GSE190260::LAM1163:CACAGTATCTTGTATC-1,16,GSE190260::LAM1163:GAGTCCGAGCTAAACA-1,State_15,15,GSE190260,LAM1163,1.6889728307724
GSE190260::LAM1163:CACAGTATCTTGTATC-1,17,GSE190260::LAM1163:TTTGCGCAGCCAGAAC-1,State_15,15,GSE190260,LAM1163,1.6932954788208008
GSE190260::LAM1163:CACAGTATCTTGTATC-1,18,GSE190260::LAM1163:CTTACCGTCGTCTGCT-1,State_15,15,GSE190260,LAM1163,1.7148792743682861
GSE190260::LAM1163:CACAGTATCTTGTATC-1,19,GSE190260::LAM1163:TACGGATTCTATCCTA-1,State_15,15,GSE190260,LAM1163,1.7159171104431152
GSE190260::LAM1163:CACAGTATCTTGTATC-1,20,GSE190260::LAM1163:GGTGCGTTCTGTACGA-1,State_15,15,GSE190260,LAM1163,1.7213976383209229
GSE190260::LAM1163:CACAGTATCTTGTATC-1,21,GSE190260::LAM1163:ATCACGACAGTAAGAT-1,State_15,15,GSE190260,LAM1163,1.725602626800537
GSE190260::LAM1163:CACAGTATCTTGTATC-1,22,GSE190260::LAM1163:CACACTCAGATAGGAG-1,State_15,15,GSE190260,LAM1163,1.7258957624435425
GSE190260::LAM1163:CACAGTATCTTGTATC-1,23,GSE190260::LAM1163:CCAGCGAGTAGCCTAT-1,State_15,15,GSE190260,LAM1163,1.7396043539047241
GSE190260::LAM1163:CACAGTATCTTGTATC-1,24,GSE190260::LAM1163:CGTCCATTCGTAGGAG-1,State_15,15,GSE190260,LAM1163,1.7450898885726929
GSE190260::LAM1163:CACAGTATCTTGTATC-1,25,GSE190260::LAM1163:CACACTCTCTGTCCGT-1,State_15,15,GSE190260,LAM1163,1.7471659183502197
GSE190260::LAM1163:CACAGTATCTTGTATC-1,26,GSE190260::LAM1163:TAGACCATCGCACTCT-1,State_15,15,GSE190260,LAM1163,1.7798672914505005
GSE190260::LAM1163:CACAGTATCTTGTATC-1,27,GSE190260::LAM1163:CTTCTCTGTACTTGAC-1,State_15,15,GSE190260,LAM1163,1.8197635412216187
GSE190260::LAM1163:CACAGTATCTTGTATC-1,28,GSE190260::LAM1163:TTGTAGGGTAAAGTCA-1,State_15,15,GSE190260,LAM1163,1.8385621309280396
GSE190260::LAM1163:CACAGTATCTTGTATC-1,29,GSE190260::LAM1163:CTCAGAAGTGATAAGT-1,State_15,15,GSE190260,LAM1163,1.859877109527588
GSE190260::LAM1163:CACAGTATCTTGTATC-1,30,GSE190260::LAM1163:AGCCTAAAGATGCCAG-1,State_15,15,GSE190260,LAM1163,1.8627910614013672
GSE190260::LAM1163:CACCACTCACAGTCGC-1,1,GSE190260::LAM1163:GACTACATCGAGGTAG-1,State_15,15,GSE190260,LAM1163,1.5229406356811523
GSE190260::LAM1163:CACCACTCACAGTCGC-1,2,GSE190260::LAM1163:AGGGTGACAAACTGTC-1,State_15,15,GSE190260,LAM1163,1.7634215354919434
GSE190260::LAM1163:CACCACTCACAGTCGC-1,3,GSE190260::LAM1163:CGTCCATTCGTAGGAG-1,State_15,15,GSE190260,LAM1163,1.7721794843673706
GSE190260::LAM1163:CACCACTCACAGTCGC-1,4,GSE190260::LAM1163:CTCAGAATCACTTACT-1,State_15,15,GSE190260,LAM1163,1.7877237796783447
GSE190260::LAM1163:CACCACTCACAGTCGC-1,5,GSE190260::LAM1163:CTGATCCTCGCTTAGA-1,State_15,15,GSE190260,LAM1163,1.818971037864685
GSE190260::LAM1163:CACCACTCACAGTCGC-1,6,GSE190260::LAM1163:GCTCCTAGTTCCACAA-1,State_15,15,GSE190260,LAM1163,1.8297847509384155
GSE190260::LAM1163:CACCACTCACAGTCGC-1,7,GSE190260::LAM1163:AAGACCTTCCCTTGCA-1,State_15,15,GSE190260,LAM1163,1.8532644510269165
GSE190260::LAM1163:CACCACTCACAGTCGC-1,8,GSE190260::LAM1163:CATCAGACAAGAAAGG-1,State_15,15,GSE190260,LAM1163,1.8828121423721313
GSE190260::LAM1163:CACCACTCACAGTCGC-1,9,GSE190260::LAM1163:AGAGCTTCACGTTGGC-1,State_15,15,GSE190260,LAM1163,1.8893264532089233
GSE190260::LAM1163:CACCACTCACAGTCGC-1,10,GSE190260::LAM1163:CTTACCGTCGTCTGCT-1,State_15,15,GSE190260,LAM1163,1.9149385690689087
GSE190260::LAM1163:CACCACTCACAGTCGC-1,11,GSE190260::LAM1163:CGGAGCTAGAGAACAG-1,State_15,15,GSE190260,LAM1163,1.9255685806274414
GSE190260::LAM1163:CACCACTCACAGTCGC-1,12,GSE190260::LAM1163:TACGGGCCAGTTAACC-1,State_15,15,GSE190260,LAM1163,1.9275397062301636
GSE190260::LAM1163:CACCACTCACAGTCGC-1,13,GSE190260::LAM1163:CCTTTCTCATCGGGTC-1,State_15,15,GSE190260,LAM1163,1.9630613327026367
GSE190260::LAM1163:CACCACTCACAGTCGC-1,14,GSE190260::LAM1163:CGTCTACGTTTGTTGG-1,State_15,15,GSE190260,LAM1163,2.0272376537323
GSE190260::LAM1163:CACCACTCACAGTCGC-1,15,GSE190260::LAM1163:CGCTATCGTAGGCATG-1,State_15,15,GSE190260,LAM1163,2.08009934425354
GSE190260::LAM1163:CACCACTCACAGTCGC-1,16,GSE190260::LAM1163:GCACTCTCATCCGGGT-1,State_15,15,GSE190260,LAM1163,2.0873894691467285
GSE190260::LAM1163:CACCACTCACAGTCGC-1,17,GSE190260::LAM1163:TAGACCATCGCACTCT-1,State_15,15,GSE190260,LAM1163,2.1200387477874756
GSE190260::LAM1163:CACCACTCACAGTCGC-1,18,GSE190260::LAM1163:TGCGCAGCAAGGCTCC-1,State_15,15,GSE190260,LAM1163,2.1253139972686768
GSE190260::LAM1163:CACCACTCACAGTCGC-1,19,GSE190260::LAM1163:GACTAACGTTGTGGCC-1,State_15,15,GSE190260,LAM1163,2.1638312339782715
GSE190260::LAM1163:CACCACTCACAGTCGC-1,20,GSE190260::LAM1163:GGGTTGCGTCAGAATA-1,State_15,15,GSE190260,LAM1163,2.164907455444336
GSE190260::LAM1163:CACCACTCACAGTCGC-1,21,GSE190260::LAM1163:GGATGTTTCTTCCTTC-1,State_15,15,GSE190260,LAM1163,2.1651434898376465
GSE190260::LAM1163:CACCACTCACAGTCGC-1,22,GSE190260::LAM1163:GGTGCGTTCTGTACGA-1,State_15,15,GSE190260,LAM1163,2.1965832710266113
GSE190260::LAM1163:CACCACTCACAGTCGC-1,23,GSE190260::LAM1163:GCTTCCATCAGTTTGG-1,State_15,15,GSE190260,LAM1163,2.1970314979553223
GSE190260::LAM1163:CACCACTCACAGTCGC-1,24,GSE190260::LAM1163:CGCTTCAAGCCCAACC-1,State_15,15,GSE190260,LAM1163,2.2156550884246826
GSE190260::LAM1163:CACCACTCACAGTCGC-1,25,GSE190260::LAM1163:TTCTCAAAGTCCGTAT-1,State_15,15,GSE190260,LAM1163,2.237962007522583
GSE190260::LAM1163:CACCACTCACAGTCGC-1,26,GSE190260::LAM1163:CCAGCGAGTAGCCTAT-1,State_15,15,GSE190260,LAM1163,2.242490291595459
GSE190260::LAM1163:CACCACTCACAGTCGC-1,27,GSE190260::LAM1163:TTAGGACGTCGGATCC-1,State_15,15,GSE190260,LAM1163,2.2625961303710938
GSE190260::LAM1163:CACCACTCACAGTCGC-1,28,GSE190260::LAM1163:CACACTCTCTGTCCGT-1,State_15,15,GSE190260,LAM1163,2.270110845565796
GSE190260::LAM1163:CACCACTCACAGTCGC-1,29,GSE190260::LAM1163:AACACGTAGCTAAACA-1,State_15,15,GSE190260,LAM1163,2.2716989517211914
GSE190260::LAM1163:CACCACTCACAGTCGC-1,30,GSE190260::LAM1163:TGCGCAGTCTCTAAGG-1,State_15,15,GSE190260,LAM1163,2.278353691101074
GSE190260::LAM1163:CAGATCAGTATCACCA-1,1,GSE190260::LAM1163:TATCTCAAGAGACTAT-1,State_15,15,GSE190260,LAM1163,1.2781577110290527
GSE190260::LAM1163:CAGATCAGTATCACCA-1,2,GSE190260::LAM1163:CTGAAGTCACCGAATT-1,State_15,15,GSE190260,LAM1163,1.5838340520858765
GSE190260::LAM1163:CAGATCAGTATCACCA-1,3,GSE190260::LAM1163:TACGGATTCTATCCTA-1,State_15,15,GSE190260,LAM1163,1.5951446294784546
GSE190260::LAM1163:CAGATCAGTATCACCA-1,4,GSE190260::LAM1163:TTGTAGGGTGCAACTT-1,State_15,15,GSE190260,LAM1163,1.6044002771377563
GSE190260::LAM1163:CAGATCAGTATCACCA-1,5,GSE190260::LAM1163:ATGTGTGGTAGTAGTA-1,State_15,15,GSE190260,LAM1163,1.622479796409607
GSE190260::LAM1163:CAGATCAGTATCACCA-1,6,GSE190260::LAM1163:CGCTTCAAGCCCAACC-1,State_15,15,GSE190260,LAM1163,1.6354303359985352
GSE190260::LAM1163:CAGATCAGTATCACCA-1,7,GSE190260::LAM1163:AGTCTTTAGATAGTCA-1,State_15,15,GSE190260,LAM1163,1.6392805576324463
GSE190260::LAM1163:CAGATCAGTATCACCA-1,8,GSE190260::LAM1163:TTTGCGCAGCCAGAAC-1,State_15,15,GSE190260,LAM1163,1.6475305557250977
GSE190260::LAM1163:CAGATCAGTATCACCA-1,9,GSE190260::LAM1163:CGGACTGGTCCAAGTT-1,State_15,15,GSE190260,LAM1163,1.707351565361023
GSE190260::LAM1163:CAGATCAGTATCACCA-1,10,GSE190260::LAM1163:GGATGTTTCTTCCTTC-1,State_15,15,GSE190260,LAM1163,1.7175400257110596
GSE190260::LAM1163:CAGATCAGTATCACCA-1,11,GSE190260::LAM1163:TCGTACCCAAGCCGTC-1,State_15,15,GSE190260,LAM1163,1.7867482900619507
GSE190260::LAM1163:CAGATCAGTATCACCA-1,12,GSE190260::LAM1163:CGGAGCTAGAGAACAG-1,State_15,15,GSE190260,LAM1163,1.8076202869415283
GSE190260::LAM1163:CAGATCAGTATCACCA-1,13,GSE190260::LAM1163:TTGTAGGGTAAAGTCA-1,State_15,15,GSE190260,LAM1163,1.8108506202697754
GSE190260::LAM1163:CAGATCAGTATCACCA-1,14,GSE190260::LAM1163:GGGTTGCGTCAGAATA-1,State_15,15,GSE190260,LAM1163,1.8388100862503052
GSE190260::LAM1163:CAGATCAGTATCACCA-1,15,GSE190260::LAM1163:ACATGGTCATCGATTG-1,State_15,15,GSE190260,LAM1163,1.8766893148422241
GSE190260::LAM1163:CAGATCAGTATCACCA-1,16,GSE190260::LAM1163:TAGACCATCGCACTCT-1,State_15,15,GSE190260,LAM1163,1.8886531591415405
GSE190260::LAM1163:CAGATCAGTATCACCA-1,17,GSE190260::LAM1163:AAGACCTTCCCTTGCA-1,State_15,15,GSE190260,LAM1163,1.9096183776855469
GSE190260::LAM1163:CAGATCAGTATCACCA-1,18,GSE190260::LAM1163:ATTACTCGTGTCCTCT-1,State_15,15,GSE190260,LAM1163,1.9184755086898804
GSE190260::LAM1163:CAGATCAGTATCACCA-1,19,GSE190260::LAM1163:AGCCTAAAGATGCCAG-1,State_15,15,GSE190260,LAM1163,1.9186618328094482
GSE190260::LAM1163:CAGATCAGTATCACCA-1,20,GSE190260::LAM1163:CTTCTCTGTACTTGAC-1,State_15,15,GSE190260,LAM1163,1.956621766090393
GSE190260::LAM1163:CAGATCAGTATCACCA-1,21,GSE190260::LAM1163:TGCGCAGTCTCTAAGG-1,State_15,15,GSE190260,LAM1163,1.975724458694458
GSE190260::LAM1163:CAGATCAGTATCACCA-1,22,GSE190260::LAM1163:GCGGGTTTCACATAGC-1,State_15,15,GSE190260,LAM1163,1.98484468460083
GSE190260::LAM1163:CAGATCAGTATCACCA-1,23,GSE190260::LAM1163:TTCTCAAAGTCCGTAT-1,State_15,15,GSE190260,LAM1163,1.9880497455596924
GSE190260::LAM1163:CAGATCAGTATCACCA-1,24,GSE190260::LAM1163:TACGGTATCACCTTAT-1,State_15,15,GSE190260,LAM1163,2.0006144046783447
GSE190260::LAM1163:CAGATCAGTATCACCA-1,25,GSE190260::LAM1163:CATCAGACAAGAAAGG-1,State_15,15,GSE190260,LAM1163,2.038151741027832
GSE190260::LAM1163:CAGATCAGTATCACCA-1,26,GSE190260::LAM1163:TGGACGCTCAAGAAGT-1,State_15,15,GSE190260,LAM1163,2.0430045127868652
GSE190260::LAM1163:CAGATCAGTATCACCA-1,27,GSE190260::LAM1163:TCAGGATGTGACAAAT-1,State_15,15,GSE190260,LAM1163,2.0932843685150146
GSE190260::LAM1163:CAGATCAGTATCACCA-1,28,GSE190260::LAM1163:GAGGTGAAGCCAGGAT-1,State_15,15,GSE190260,LAM1163,2.104433536529541
GSE190260::LAM1163:CAGATCAGTATCACCA-1,29,GSE190260::LAM1163:CAAGTTGGTCGCCATG-1,State_15,15,GSE190260,LAM1163,2.139552354812622
GSE190260::LAM1163:CAGATCAGTATCACCA-1,30,GSE190260::LAM1163:CTCTGGTCATCCCACT-1,State_15,15,GSE190260,LAM1163,2.145941734313965
GSE190260::LAM1163:CAGCATATCCTCCTAG-1,1,GSE190260::LAM1163:CTTACCGTCGTCTGCT-1,State_15,15,GSE190260,LAM1163,1.464334487915039
GSE190260::LAM1163:CAGCATATCCTCCTAG-1,2,GSE190260::LAM1163:TGCGCAGCAAGGCTCC-1,State_15,15,GSE190260,LAM1163,1.4880293607711792
GSE190260::LAM1163:CAGCATATCCTCCTAG-1,3,GSE190260::LAM1163:CGTCTACGTTTGTTGG-1,State_15,15,GSE190260,LAM1163,1.5117216110229492
GSE190260::LAM1163:CAGCATATCCTCCTAG-1,4,GSE190260::LAM1163:AGGGTGACAAACTGTC-1,State_15,15,GSE190260,LAM1163,1.6622728109359741
GSE190260::LAM1163:CAGCATATCCTCCTAG-1,5,GSE190260::LAM1163:CAGCGACTCTGAGTGT-1,State_15,15,GSE190260,LAM1163,1.6634918451309204
GSE190260::LAM1163:CAGCATATCCTCCTAG-1,6,GSE190260::LAM1163:AGAGCTTCACGTTGGC-1,State_15,15,GSE190260,LAM1163,1.710241675376892
GSE190260::LAM1163:CAGCATATCCTCCTAG-1,7,GSE190260::LAM1163:CGCTATCGTAGGCATG-1,State_15,15,GSE190260,LAM1163,1.720942735671997
GSE190260::LAM1163:CAGCATATCCTCCTAG-1,8,GSE190260::LAM1163:GGGTTGCGTCAGAATA-1,State_15,15,GSE190260,LAM1163,1.7402112483978271
GSE190260::LAM1163:CAGCATATCCTCCTAG-1,9,GSE190260::LAM1163:CGTCCATTCGTAGGAG-1,State_15,15,GSE190260,LAM1163,1.7634254693984985
GSE190260::LAM1163:CAGCATATCCTCCTAG-1,10,GSE190260::LAM1163:CATCAGACAAGAAAGG-1,State_15,15,GSE190260,LAM1163,1.8078629970550537
GSE190260::LAM1163:CAGCATATCCTCCTAG-1,11,GSE190260::LAM1163:GCTCCTAGTTCCACAA-1,State_15,15,GSE190260,LAM1163,1.8190473318099976
GSE190260::LAM1163:CAGCATATCCTCCTAG-1,12,GSE190260::LAM1163:CTCAGAATCACTTACT-1,State_15,15,GSE190260,LAM1163,1.8588016033172607
GSE190260::LAM1163:CAGCATATCCTCCTAG-1,13,GSE190260::LAM1163:TTAGGACGTCGGATCC-1,State_15,15,GSE190260,LAM1163,1.891973614692688
GSE190260::LAM1163:CAGCATATCCTCCTAG-1,14,GSE190260::LAM1163:TACGGGCCAGTTAACC-1,State_15,15,GSE190260,LAM1163,1.9125330448150635
GSE190260::LAM1163:CAGCATATCCTCCTAG-1,15,GSE190260::LAM1163:CACAGTATCTTGTATC-1,State_15,15,GSE190260,LAM1163,1.9145612716674805
GSE190260::LAM1163:CAGCATATCCTCCTAG-1,16,GSE190260::LAM1163:CCAGCGAGTAGCCTAT-1,State_15,15,GSE190260,LAM1163,1.9358779191970825
GSE190260::LAM1163:CAGCATATCCTCCTAG-1,17,GSE190260::LAM1163:GCATGATAGCGTTCCG-1,State_15,15,GSE190260,LAM1163,1.9887272119522095
GSE190260::LAM1163:CAGCATATCCTCCTAG-1,18,GSE190260::LAM1163:ATCACGACAGTAAGAT-1,State_15,15,GSE190260,LAM1163,2.005281448364258
GSE190260::LAM1163:CAGCATATCCTCCTAG-1,19,GSE190260::LAM1163:GGATGTTTCTTCCTTC-1,State_15,15,GSE190260,LAM1163,2.0131595134735107
GSE190260::LAM1163:CAGCATATCCTCCTAG-1,20,GSE190260::LAM1163:CGCTTCAAGCCCAACC-1,State_15,15,GSE190260,LAM1163,2.042545795440674
GSE190260::LAM1163:CAGCATATCCTCCTAG-1,21,GSE190260::LAM1163:CCTTTCTCATCGGGTC-1,State_15,15,GSE190260,LAM1163,2.0760655403137207
GSE190260::LAM1163:CAGCATATCCTCCTAG-1,22,GSE190260::LAM1163:TTCTCAAAGTCCGTAT-1,State_15,15,GSE190260,LAM1163,2.0938713550567627
GSE190260::LAM1163:CAGCATATCCTCCTAG-1,23,GSE190260::LAM1163:TAGACCATCGCACTCT-1,State_15,15,GSE190260,LAM1163,2.1308109760284424
GSE190260::LAM1163:CAGCATATCCTCCTAG-1,24,GSE190260::LAM1163:GGTGCGTTCTGTACGA-1,State_15,15,GSE190260,LAM1163,2.14918851852417
GSE190260::LAM1163:CAGCATATCCTCCTAG-1,25,GSE190260::LAM1163:AGTCTTTAGATAGTCA-1,State_15,15,GSE190260,LAM1163,2.1755247116088867
GSE190260::LAM1163:CAGCATATCCTCCTAG-1,26,GSE190260::LAM1163:CGTAGCGTCCCAGGTG-1,State_15,15,GSE190260,LAM1163,2.211118459701538
GSE190260::LAM1163:CAGCATATCCTCCTAG-1,27,GSE190260::LAM1163:CCTCAGTAGTAGATGT-1,State_15,15,GSE190260,LAM1163,2.2589797973632812
GSE190260::LAM1163:CAGCATATCCTCCTAG-1,28,GSE190260::LAM1163:CACACTCAGATAGGAG-1,State_15,15,GSE190260,LAM1163,2.2631545066833496
GSE190260::LAM1163:CAGCATATCCTCCTAG-1,29,GSE190260::LAM1163:TTTACTGAGCTGAAAT-1,State_15,15,GSE190260,LAM1163,2.2649853229522705
GSE190260::LAM1163:CAGCATATCCTCCTAG-1,30,GSE190260::LAM1163:AAAGCAACAAGAGTCG-1,State_15,15,GSE190260,LAM1163,2.2717456817626953
GSE190260::LAM1163:CAGCGACTCTGAGTGT-1,1,GSE190260::LAM1163:CAGCATATCCTCCTAG-1,State_15,15,GSE190260,LAM1163,1.6634918451309204
GSE190260::LAM1163:CAGCGACTCTGAGTGT-1,2,GSE190260::LAM1163:CGTCTACGTTTGTTGG-1,State_15,15,GSE190260,LAM1163,2.0526909828186035
GSE190260::LAM1163:CAGCGACTCTGAGTGT-1,3,GSE190260::LAM1163:TGCGCAGCAAGGCTCC-1,State_15,15,GSE190260,LAM1163,2.064356565475464
GSE190260::LAM1163:CAGCGACTCTGAGTGT-1,4,GSE190260::LAM1163:TTCTCAAAGTCCGTAT-1,State_15,15,GSE190260,LAM1163,2.093377113342285
GSE190260::LAM1163:CAGCGACTCTGAGTGT-1,5,GSE190260::LAM1163:CACAGTATCTTGTATC-1,State_15,15,GSE190260,LAM1163,2.11722469329834
GSE190260::LAM1163:CAGCGACTCTGAGTGT-1,6,GSE190260::LAM1163:GCATGATAGCGTTCCG-1,State_15,15,GSE190260,LAM1163,2.1353089809417725
GSE190260::LAM1163:CAGCGACTCTGAGTGT-1,7,GSE190260::LAM1163:CTTACCGTCGTCTGCT-1,State_15,15,GSE190260,LAM1163,2.1787827014923096
GSE190260::LAM1163:CAGCGACTCTGAGTGT-1,8,GSE190260::LAM1163:GGGTTGCGTCAGAATA-1,State_15,15,GSE190260,LAM1163,2.1898906230926514
GSE190260::LAM1163:CAGCGACTCTGAGTGT-1,9,GSE190260::LAM1163:GCTCCTAGTTCCACAA-1,State_15,15,GSE190260,LAM1163,2.201464891433716
GSE190260::LAM1163:CAGCGACTCTGAGTGT-1,10,GSE190260::LAM1163:AGCTCCTTCCGCTGTT-1,State_15,15,GSE190260,LAM1163,2.3878865242004395
GSE190260::LAM1163:CAGCGACTCTGAGTGT-1,11,GSE190260::LAM1163:TTTACTGAGCTGAAAT-1,State_15,15,GSE190260,LAM1163,2.3972394466400146
GSE190260::LAM1163:CAGCGACTCTGAGTGT-1,12,GSE190260::LAM1163:TACGGGCCAGTTAACC-1,State_15,15,GSE190260,LAM1163,2.411872386932373
GSE190260::LAM1163:CAGCGACTCTGAGTGT-1,13,GSE190260::LAM1163:CGTCCATTCGTAGGAG-1,State_15,15,GSE190260,LAM1163,2.417653799057007
GSE190260::LAM1163:CAGCGACTCTGAGTGT-1,14,GSE190260::LAM1163:CGCTATCGTAGGCATG-1,State_15,15,GSE190260,LAM1163,2.4400954246520996
GSE190260::LAM1163:CAGCGACTCTGAGTGT-1,15,GSE135851::LAM1:GTTTCTACATTGTGCA-1,State_15,15,GSE135851,LAM1,2.455087661743164
GSE190260::LAM1163:CAGCGACTCTGAGTGT-1,16,GSE190260::LAM1163:CATCAGACAAGAAAGG-1,State_15,15,GSE190260,LAM1163,2.470335006713867
GSE190260::LAM1163:CAGCGACTCTGAGTGT-1,17,GSE190260::LAM1163:CCAGCGAGTAGCCTAT-1,State_15,15,GSE190260,LAM1163,2.482287645339966
GSE190260::LAM1163:CAGCGACTCTGAGTGT-1,18,GSE190260::LAM1163:ATGTGTGGTAGTAGTA-1,State_15,15,GSE190260,LAM1163,2.511866569519043
GSE190260::LAM1163:CAGCGACTCTGAGTGT-1,19,GSE190260::LAM1163:AGGGTGACAAACTGTC-1,State_15,15,GSE190260,LAM1163,2.519029140472412
GSE190260::LAM1163:CAGCGACTCTGAGTGT-1,20,GSE190260::LAM1163:CGCTTCAAGCCCAACC-1,State_15,15,GSE190260,LAM1163,2.526052236557007
GSE190260::LAM1163:CAGCGACTCTGAGTGT-1,21,GSE190260::LAM1163:ATTACTCGTGTCCTCT-1,State_15,15,GSE190260,LAM1163,2.5363001823425293
GSE190260::LAM1163:CAGCGACTCTGAGTGT-1,22,GSE190260::LAM1163:CTCAGAATCACTTACT-1,State_15,15,GSE190260,LAM1163,2.55000638961792
GSE190260::LAM1163:CAGCGACTCTGAGTGT-1,23,GSE190260::LAM1163:CACACTCAGATAGGAG-1,State_15,15,GSE190260,LAM1163,2.5769283771514893
GSE190260::LAM1163:CAGCGACTCTGAGTGT-1,24,GSE190260::LAM1163:ATCACGACAGTAAGAT-1,State_15,15,GSE190260,LAM1163,2.6114087104797363
GSE190260::LAM1163:CAGCGACTCTGAGTGT-1,25,GSE190260::LAM1163:AGTCTTTAGATAGTCA-1,State_15,15,GSE190260,LAM1163,2.62477707862854
GSE190260::LAM1163:CAGCGACTCTGAGTGT-1,26,GSE190260::LAM1163:AGAGCTTCACGTTGGC-1,State_15,15,GSE190260,LAM1163,2.6778006553649902
GSE190260::LAM1163:CAGCGACTCTGAGTGT-1,27,GSE190260::LAM1163:AGCCTAAAGATGCCAG-1,State_15,15,GSE190260,LAM1163,2.686201810836792
GSE190260::LAM1163:CAGCGACTCTGAGTGT-1,28,GSE190260::LAM1163:CCCAGTTGTCGTTGTA-1,State_15,15,GSE190260,LAM1163,2.7021028995513916
GSE190260::LAM1163:CAGCGACTCTGAGTGT-1,29,GSE190260::LAM1163:CCTTTCTCATCGGGTC-1,State_15,15,GSE190260,LAM1163,2.705695867538452
GSE190260::LAM1163:CAGCGACTCTGAGTGT-1,30,GSE190260::LAM1163:GGTGCGTTCTGTACGA-1,State_15,15,GSE190260,LAM1163,2.743791341781616
GSE190260::LAM1163:CAGTCCTTCGTAGGTT-1,1,GSE190260::LAM1163:TGCGCAGCAAGGCTCC-1,State_15,15,GSE190260,LAM1163,2.234868288040161
GSE190260::LAM1163:CAGTCCTTCGTAGGTT-1,2,GSE190260::LAM1163:CTTACCGTCGTCTGCT-1,State_15,15,GSE190260,LAM1163,2.3631722927093506
GSE190260::LAM1163:CAGTCCTTCGTAGGTT-1,3,GSE190260::LAM1163:CCCAGTTGTCGTTGTA-1,State_15,15,GSE190260,LAM1163,2.395897626876831
GSE190260::LAM1163:CAGTCCTTCGTAGGTT-1,4,GSE190260::LAM1163:CCACCTAAGGTACTCT-1,State_15,15,GSE190260,LAM1163,2.4341094493865967
GSE190260::LAM1163:CAGTCCTTCGTAGGTT-1,5,GSE190260::LAM1163:TAGACCATCGCACTCT-1,State_15,15,GSE190260,LAM1163,2.484130382537842
GSE190260::LAM1163:CAGTCCTTCGTAGGTT-1,6,GSE190260::LAM1163:GGGTTGCGTCAGAATA-1,State_15,15,GSE190260,LAM1163,2.5428342819213867
GSE190260::LAM1163:CAGTCCTTCGTAGGTT-1,7,GSE302356::LAM10:CCCGTTGTCATGTGGT-1,boundary,,GSE302356,LAM3,2.5518124103546143
GSE190260::LAM1163:CAGTCCTTCGTAGGTT-1,8,GSE190260::LAM1163:AGTCTTTAGATAGTCA-1,State_15,15,GSE190260,LAM1163,2.570422887802124
GSE190260::LAM1163:CAGTCCTTCGTAGGTT-1,9,GSE190260::LAM1163:GCTCCTAGTTCCACAA-1,State_15,15,GSE190260,LAM1163,2.584639310836792
GSE190260::LAM1163:CAGTCCTTCGTAGGTT-1,10,GSE190260::LAM1163:CAAGTTGGTCGCCATG-1,State_15,15,GSE190260,LAM1163,2.595792055130005
GSE190260::LAM1163:CAGTCCTTCGTAGGTT-1,11,GSE190260::LAM1163:ATGTGTGGTAGTAGTA-1,State_15,15,GSE190260,LAM1163,2.6231484413146973
GSE190260::LAM1163:CAGTCCTTCGTAGGTT-1,12,GSE190260::LAM1163:CGCTTCAAGCCCAACC-1,State_15,15,GSE190260,LAM1163,2.6291096210479736
GSE190260::LAM1163:CAGTCCTTCGTAGGTT-1,13,GSE302356::LAM10:TGTTGTTTCTGTTGCC-1,State_16,16,GSE302356,LAM3,2.6395552158355713
GSE190260::LAM1163:CAGTCCTTCGTAGGTT-1,14,GSE190260::LAM1163:CTCAGAATCACTTACT-1,State_15,15,GSE190260,LAM1163,2.6790592670440674
GSE190260::LAM1163:CAGTCCTTCGTAGGTT-1,15,GSE302356::LAM10:GGTCCGTAGCTTGCTC-1,State_16,16,GSE302356,LAM3,2.7072625160217285
GSE190260::LAM1163:CAGTCCTTCGTAGGTT-1,16,GSE190260::LAM1163:CGTCTACGTTTGTTGG-1,State_15,15,GSE190260,LAM1163,2.7165780067443848
GSE190260::LAM1163:CAGTCCTTCGTAGGTT-1,17,GSE190260::LAM1163:GGATGTTTCTTCCTTC-1,State_15,15,GSE190260,LAM1163,2.7210195064544678
GSE190260::LAM1163:CAGTCCTTCGTAGGTT-1,18,GSE190260::LAM1163:CGGACTGGTCCAAGTT-1,State_15,15,GSE190260,LAM1163,2.7231478691101074
GSE190260::LAM1163:CAGTCCTTCGTAGGTT-1,19,GSE190260::LAM1163:TTTACTGGTGACGCCT-1,State_15,15,GSE190260,LAM1163,2.7335543632507324
GSE190260::LAM1163:CAGTCCTTCGTAGGTT-1,20,GSE190260::LAM1163:TGCCCTACAGACGCCT-1,State_15,15,GSE190260,LAM1163,2.7531771659851074
GSE190260::LAM1163:CAGTCCTTCGTAGGTT-1,21,GSE190260::LAM1163:AGGGTGACAAACTGTC-1,State_15,15,GSE190260,LAM1163,2.773526191711426
GSE190260::LAM1163:CAGTCCTTCGTAGGTT-1,22,GSE190260::LAM1163:TCGTAGAGTTACCGAT-1,State_15,15,GSE190260,LAM1163,2.7822604179382324
GSE190260::LAM1163:CAGTCCTTCGTAGGTT-1,23,GSE190260::LAM1163:CATCAGACAAGAAAGG-1,State_15,15,GSE190260,LAM1163,2.789680242538452
GSE190260::LAM1163:CAGTCCTTCGTAGGTT-1,24,GSE190260::LAM1163:CGTCCATTCGTAGGAG-1,State_15,15,GSE190260,LAM1163,2.813459873199463
GSE190260::LAM1163:CAGTCCTTCGTAGGTT-1,25,GSE190260::LAM1163:TTCTCAAAGTCCGTAT-1,State_15,15,GSE190260,LAM1163,2.832697868347168
GSE190260::LAM1163:CAGTCCTTCGTAGGTT-1,26,GSE190260::LAM1163:GTGTTAGTCTCCAACC-1,State_15,15,GSE190260,LAM1163,2.8388209342956543
GSE190260::LAM1163:CAGTCCTTCGTAGGTT-1,27,GSE190260::LAM1163:GCACTCTCATCCGGGT-1,State_15,15,GSE190260,LAM1163,2.8767929077148438
GSE190260::LAM1163:CAGTCCTTCGTAGGTT-1,28,GSE190260::LAM1163:CGCTATCGTAGGCATG-1,State_15,15,GSE190260,LAM1163,2.894491195678711
GSE190260::LAM1163:CAGTCCTTCGTAGGTT-1,29,GSE190260::LAM1163:AGAGCTTCACGTTGGC-1,State_15,15,GSE190260,LAM1163,2.8985071182250977
GSE190260::LAM1163:CAGTCCTTCGTAGGTT-1,30,GSE190260::LAM1163:ATCACGACAGTAAGAT-1,State_15,15,GSE190260,LAM1163,2.9034926891326904
GSE190260::LAM1163:CATATGGTCGCCCTTA-1,1,GSE190260::LAM1163:GACTAACGTTGTGGCC-1,State_15,15,GSE190260,LAM1163,1.7360589504241943
GSE190260::LAM1163:CATATGGTCGCCCTTA-1,2,GSE190260::LAM1163:TTAGGACGTCGGATCC-1,State_15,15,GSE190260,LAM1163,1.7494747638702393
GSE190260::LAM1163:CATATGGTCGCCCTTA-1,3,GSE190260::LAM1163:AGAGCTTCACGTTGGC-1,State_15,15,GSE190260,LAM1163,1.9463800191879272
GSE190260::LAM1163:CATATGGTCGCCCTTA-1,4,GSE190260::LAM1163:TACGGATTCTATCCTA-1,State_15,15,GSE190260,LAM1163,1.9650970697402954
GSE190260::LAM1163:CATATGGTCGCCCTTA-1,5,GSE190260::LAM1163:TGACGGCAGTGGCACA-1,State_15,15,GSE190260,LAM1163,1.9927493333816528
GSE190260::LAM1163:CATATGGTCGCCCTTA-1,6,GSE190260::LAM1163:AAGACCTTCCCTTGCA-1,State_15,15,GSE190260,LAM1163,2.003403425216675
GSE190260::LAM1163:CATATGGTCGCCCTTA-1,7,GSE190260::LAM1163:GTCACAAAGACTTGAA-1,State_15,15,GSE190260,LAM1163,2.0333690643310547
GSE190260::LAM1163:CATATGGTCGCCCTTA-1,8,GSE190260::LAM1163:AGGGTGACAAACTGTC-1,State_15,15,GSE190260,LAM1163,2.034245014190674
GSE190260::LAM1163:CATATGGTCGCCCTTA-1,9,GSE190260::LAM1163:CGGCTAGAGTGGTAGC-1,State_15,15,GSE190260,LAM1163,2.057673215866089
GSE190260::LAM1163:CATATGGTCGCCCTTA-1,10,GSE190260::LAM1163:CTGATCCTCGCTTAGA-1,State_15,15,GSE190260,LAM1163,2.1386196613311768
GSE190260::LAM1163:CATATGGTCGCCCTTA-1,11,GSE190260::LAM1163:GCACTCTCATCCGGGT-1,State_15,15,GSE190260,LAM1163,2.142861843109131
GSE190260::LAM1163:CATATGGTCGCCCTTA-1,12,GSE190260::LAM1163:CTCTGGTCATCCCACT-1,State_15,15,GSE190260,LAM1163,2.156764507293701
GSE190260::LAM1163:CATATGGTCGCCCTTA-1,13,GSE190260::LAM1163:TACGGTATCACCTTAT-1,State_15,15,GSE190260,LAM1163,2.205500364303589
GSE190260::LAM1163:CATATGGTCGCCCTTA-1,14,GSE190260::LAM1163:GGGATGATCACAAACC-1,State_15,15,GSE190260,LAM1163,2.231057643890381
GSE190260::LAM1163:CATATGGTCGCCCTTA-1,15,GSE190260::LAM1163:TCGTACCCAAGCCGTC-1,State_15,15,GSE190260,LAM1163,2.236752986907959
GSE190260::LAM1163:CATATGGTCGCCCTTA-1,16,GSE190260::LAM1163:TAGACCATCGCACTCT-1,State_15,15,GSE190260,LAM1163,2.2544379234313965
GSE190260::LAM1163:CATATGGTCGCCCTTA-1,17,GSE190260::LAM1163:TCGAGGCAGACTAGAT-1,State_15,15,GSE190260,LAM1163,2.2776575088500977
GSE190260::LAM1163:CATATGGTCGCCCTTA-1,18,GSE190260::LAM1163:CGCTGGAGTAAGTAGT-1,State_15,15,GSE190260,LAM1163,2.2835710048675537
GSE190260::LAM1163:CATATGGTCGCCCTTA-1,19,GSE190260::LAM1163:AAAGCAACAAGAGTCG-1,State_15,15,GSE190260,LAM1163,2.298658609390259
GSE190260::LAM1163:CATATGGTCGCCCTTA-1,20,GSE190260::LAM1163:AGCTCCTGTCAAAGCG-1,State_15,15,GSE190260,LAM1163,2.3120930194854736
GSE190260::LAM1163:CATATGGTCGCCCTTA-1,21,GSE190260::LAM1163:CGTCTACGTTTGTTGG-1,State_15,15,GSE190260,LAM1163,2.3122105598449707
GSE190260::LAM1163:CATATGGTCGCCCTTA-1,22,GSE190260::LAM1163:GGATGTTTCTTCCTTC-1,State_15,15,GSE190260,LAM1163,2.333224058151245
GSE190260::LAM1163:CATATGGTCGCCCTTA-1,23,GSE190260::LAM1163:ATTACTCGTGTCCTCT-1,State_15,15,GSE190260,LAM1163,2.33672833442688
GSE190260::LAM1163:CATATGGTCGCCCTTA-1,24,GSE190260::LAM1163:TGCGCAGCAAGGCTCC-1,State_15,15,GSE190260,LAM1163,2.346376895904541
GSE190260::LAM1163:CATATGGTCGCCCTTA-1,25,GSE190260::LAM1163:CTTACCGTCGTCTGCT-1,State_15,15,GSE190260,LAM1163,2.358802080154419
GSE190260::LAM1163:CATATGGTCGCCCTTA-1,26,GSE190260::LAM1163:CGGAGCTAGAGAACAG-1,State_15,15,GSE190260,LAM1163,2.370760917663574
GSE190260::LAM1163:CATATGGTCGCCCTTA-1,27,GSE135851::LAM1:GGCGACTTCGCACTCT-1,State_15,15,GSE135851,LAM1,2.371260404586792
GSE190260::LAM1163:CATATGGTCGCCCTTA-1,28,GSE190260::LAM1163:GACTACATCGAGGTAG-1,State_15,15,GSE190260,LAM1163,2.3913462162017822
GSE190260::LAM1163:CATATGGTCGCCCTTA-1,29,GSE190260::LAM1163:CCTTTCTCATCGGGTC-1,State_15,15,GSE190260,LAM1163,2.3948543071746826
GSE190260::LAM1163:CATATGGTCGCCCTTA-1,30,GSE190260::LAM1163:TATCTCAAGAGACTAT-1,State_15,15,GSE190260,LAM1163,2.4184882640838623
GSE190260::LAM1163:CATATTCGTCTCCCTA-1,1,GSE190260::LAM1163:GGGATGATCACAAACC-1,State_15,15,GSE190260,LAM1163,2.048537492752075
GSE190260::LAM1163:CATATTCGTCTCCCTA-1,2,GSE190260::LAM1163:ATCCACCTCTTGTCAT-1,State_15,15,GSE190260,LAM1163,2.1502685546875
GSE190260::LAM1163:CATATTCGTCTCCCTA-1,3,GSE190260::LAM1163:GTCACAAAGACTTGAA-1,State_15,15,GSE190260,LAM1163,2.192751407623291
GSE190260::LAM1163:CATATTCGTCTCCCTA-1,4,GSE190260::LAM1163:CGCTGGAGTAAGTAGT-1,State_15,15,GSE190260,LAM1163,2.2151896953582764
GSE190260::LAM1163:CATATTCGTCTCCCTA-1,5,GSE190260::LAM1163:GACTACATCGAGGTAG-1,State_15,15,GSE190260,LAM1163,2.3375730514526367
GSE190260::LAM1163:CATATTCGTCTCCCTA-1,6,GSE190260::LAM1163:CTGATCCTCGCTTAGA-1,State_15,15,GSE190260,LAM1163,2.341480016708374
GSE190260::LAM1163:CATATTCGTCTCCCTA-1,7,GSE190260::LAM1163:CTTACCGCACATGTGT-1,State_15,15,GSE190260,LAM1163,2.3653504848480225
GSE190260::LAM1163:CATATTCGTCTCCCTA-1,8,GSE190260::LAM1163:TCACAAGCAAAGTCAA-1,State_15,15,GSE190260,LAM1163,2.3734071254730225
GSE190260::LAM1163:CATATTCGTCTCCCTA-1,9,GSE190260::LAM1163:GTTACAGCAAGCTGGA-1,State_15,15,GSE190260,LAM1163,2.3986387252807617
GSE190260::LAM1163:CATATTCGTCTCCCTA-1,10,GSE190260::LAM1163:GACGCGTCATCCGGGT-1,State_15,15,GSE190260,LAM1163,2.418400764465332
GSE190260::LAM1163:CATATTCGTCTCCCTA-1,11,GSE190260::LAM1163:TACGGTATCACCTTAT-1,State_15,15,GSE190260,LAM1163,2.4540224075317383
GSE190260::LAM1163:CATATTCGTCTCCCTA-1,12,GSE190260::LAM1163:TCGTACCCAAGCCGTC-1,State_15,15,GSE190260,LAM1163,2.4945859909057617
GSE190260::LAM1163:CATATTCGTCTCCCTA-1,13,GSE190260::LAM1163:GACTAACGTTGTGGCC-1,State_15,15,GSE190260,LAM1163,2.502072334289551
GSE190260::LAM1163:CATATTCGTCTCCCTA-1,14,GSE135851::LAM1:GGCGACTTCGCACTCT-1,State_15,15,GSE135851,LAM1,2.5109317302703857
GSE190260::LAM1163:CATATTCGTCTCCCTA-1,15,GSE190260::LAM1163:TGGACGCTCAAGAAGT-1,State_15,15,GSE190260,LAM1163,2.531898260116577
GSE190260::LAM1163:CATATTCGTCTCCCTA-1,16,GSE135851::LAM1:CGGACACTCAGAGGTG-1,State_15,15,GSE135851,LAM1,2.5604779720306396
GSE190260::LAM1163:CATATTCGTCTCCCTA-1,17,GSE190260::LAM1163:GAGGTGAAGCCAGGAT-1,State_15,15,GSE190260,LAM1163,2.5617527961730957
GSE190260::LAM1163:CATATTCGTCTCCCTA-1,18,GSE190260::LAM1163:CATATGGTCGCCCTTA-1,State_15,15,GSE190260,LAM1163,2.5747923851013184
GSE190260::LAM1163:CATATTCGTCTCCCTA-1,19,GSE135851::LAM1:CGAGCACCATTATCTC-1,State_15,15,GSE135851,LAM1,2.615178346633911
GSE190260::LAM1163:CATATTCGTCTCCCTA-1,20,GSE190260::LAM1163:AAGACCTTCCCTTGCA-1,State_15,15,GSE190260,LAM1163,2.617941379547119
GSE190260::LAM1163:CATATTCGTCTCCCTA-1,21,GSE190260::LAM1163:AGGTCCGAGGCATGTG-1,State_15,15,GSE190260,LAM1163,2.6393184661865234
GSE190260::LAM1163:CATATTCGTCTCCCTA-1,22,GSE190260::LAM1163:GCGGGTTTCACATAGC-1,State_15,15,GSE190260,LAM1163,2.6586875915527344
GSE190260::LAM1163:CATATTCGTCTCCCTA-1,23,GSE135851::LAM1:TCGAGGCTCGACCAGC-1,State_15,15,GSE135851,LAM1,2.6864001750946045
GSE190260::LAM1163:CATATTCGTCTCCCTA-1,24,GSE135851::LAM1:GGGAGATAGCCATCGC-1,State_15,15,GSE135851,LAM1,2.7047293186187744
GSE190260::LAM1163:CATATTCGTCTCCCTA-1,25,GSE190260::LAM1163:GCACTCTCATCCGGGT-1,State_15,15,GSE190260,LAM1163,2.727597713470459
GSE190260::LAM1163:CATATTCGTCTCCCTA-1,26,GSE190260::LAM1163:AGAGTGGCATGATCCA-1,State_15,15,GSE190260,LAM1163,2.729036331176758
GSE190260::LAM1163:CATATTCGTCTCCCTA-1,27,GSE190260::LAM1163:ACAGCCGAGGACTGGT-1,State_15,15,GSE190260,LAM1163,2.7328009605407715
GSE190260::LAM1163:CATATTCGTCTCCCTA-1,28,GSE190260::LAM1163:CGGCTAGAGTGGTAGC-1,State_15,15,GSE190260,LAM1163,2.736860752105713
GSE190260::LAM1163:CATATTCGTCTCCCTA-1,29,GSE190260::LAM1163:TTGGAACTCGGCGGTT-1,State_15,15,GSE190260,LAM1163,2.7436304092407227
GSE190260::LAM1163:CATATTCGTCTCCCTA-1,30,GSE190260::LAM1163:TGACGGCAGTGGCACA-1,State_15,15,GSE190260,LAM1163,2.7555131912231445
GSE190260::LAM1163:CATCAAGCAATACGCT-1,1,GSE135851::LAM1:CGGACACTCAGAGGTG-1,State_15,15,GSE135851,LAM1,1.8841397762298584
GSE190260::LAM1163:CATCAAGCAATACGCT-1,2,GSE190260::LAM1163:GCGGGTTTCACATAGC-1,State_15,15,GSE190260,LAM1163,2.003056526184082
GSE190260::LAM1163:CATCAAGCAATACGCT-1,3,GSE190260::LAM1163:TCGTACCCAAGCCGTC-1,State_15,15,GSE190260,LAM1163,2.1162776947021484
GSE190260::LAM1163:CATCAAGCAATACGCT-1,4,GSE190260::LAM1163:TACGGTATCACCTTAT-1,State_15,15,GSE190260,LAM1163,2.1333255767822266
GSE190260::LAM1163:CATCAAGCAATACGCT-1,5,GSE135851::LAM1:TTGGCAAAGAATCTCC-1,State_15,15,GSE135851,LAM1,2.2456066608428955
GSE190260::LAM1163:CATCAAGCAATACGCT-1,6,GSE190260::LAM1163:GACGCGTCATCCGGGT-1,State_15,15,GSE190260,LAM1163,2.263984441757202
GSE190260::LAM1163:CATCAAGCAATACGCT-1,7,GSE135851::LAM1:TGCGCAGGTTCGCTAA-1,State_15,15,GSE135851,LAM1,2.2880148887634277
GSE190260::LAM1163:CATCAAGCAATACGCT-1,8,GSE190260::LAM1163:TCACAAGCAAAGTCAA-1,State_15,15,GSE190260,LAM1163,2.376187801361084
GSE190260::LAM1163:CATCAAGCAATACGCT-1,9,GSE190260::LAM1163:GCACTCTCATCCGGGT-1,State_15,15,GSE190260,LAM1163,2.3912951946258545
GSE190260::LAM1163:CATCAAGCAATACGCT-1,10,GSE190260::LAM1163:TGGACGCTCAAGAAGT-1,State_15,15,GSE190260,LAM1163,2.438786268234253
GSE190260::LAM1163:CATCAAGCAATACGCT-1,11,GSE190260::LAM1163:CTGATCCTCGCTTAGA-1,State_15,15,GSE190260,LAM1163,2.4431915283203125
GSE190260::LAM1163:CATCAAGCAATACGCT-1,12,GSE190260::LAM1163:TATCTCAAGAGACTAT-1,State_15,15,GSE190260,LAM1163,2.453275203704834
GSE190260::LAM1163:CATCAAGCAATACGCT-1,13,GSE190260::LAM1163:CAGATCAGTATCACCA-1,State_15,15,GSE190260,LAM1163,2.4781851768493652
GSE190260::LAM1163:CATCAAGCAATACGCT-1,14,GSE190260::LAM1163:GGGATGATCACAAACC-1,State_15,15,GSE190260,LAM1163,2.4911789894104004
GSE190260::LAM1163:CATCAAGCAATACGCT-1,15,GSE190260::LAM1163:ACATGGTCATCGATTG-1,State_15,15,GSE190260,LAM1163,2.5058014392852783
GSE190260::LAM1163:CATCAAGCAATACGCT-1,16,GSE190260::LAM1163:ACAGCCGAGGACTGGT-1,State_15,15,GSE190260,LAM1163,2.514822006225586
GSE190260::LAM1163:CATCAAGCAATACGCT-1,17,GSE190260::LAM1163:TGCGCAGTCTCTAAGG-1,State_15,15,GSE190260,LAM1163,2.525040864944458
GSE190260::LAM1163:CATCAAGCAATACGCT-1,18,GSE190260::LAM1163:GTCACAAAGACTTGAA-1,State_15,15,GSE190260,LAM1163,2.5468311309814453
GSE190260::LAM1163:CATCAAGCAATACGCT-1,19,GSE190260::LAM1163:TTGGAACTCGGCGGTT-1,State_15,15,GSE190260,LAM1163,2.572157859802246
GSE190260::LAM1163:CATCAAGCAATACGCT-1,20,GSE190260::LAM1163:GTTACAGCAAGCTGGA-1,State_15,15,GSE190260,LAM1163,2.587820053100586
GSE190260::LAM1163:CATCAAGCAATACGCT-1,21,GSE190260::LAM1163:GACTAACGTTGTGGCC-1,State_15,15,GSE190260,LAM1163,2.596163272857666
GSE190260::LAM1163:CATCAAGCAATACGCT-1,22,GSE190260::LAM1163:AGAGTGGCATGATCCA-1,State_15,15,GSE190260,LAM1163,2.678820848464966
GSE190260::LAM1163:CATCAAGCAATACGCT-1,23,GSE135851::LAM1:TCGAGGCTCGACCAGC-1,State_15,15,GSE135851,LAM1,2.679229497909546
GSE190260::LAM1163:CATCAAGCAATACGCT-1,24,GSE135851::LAM1:GCACTCTTCAGGCGAA-1,State_15,15,GSE135851,LAM1,2.7249889373779297
GSE190260::LAM1163:CATCAAGCAATACGCT-1,25,GSE190260::LAM1163:AAGACCTTCCCTTGCA-1,State_15,15,GSE190260,LAM1163,2.7575254440307617
GSE190260::LAM1163:CATCAAGCAATACGCT-1,26,GSE190260::LAM1163:CGGCTAGAGTGGTAGC-1,State_15,15,GSE190260,LAM1163,2.7588436603546143
GSE190260::LAM1163:CATCAAGCAATACGCT-1,27,GSE190260::LAM1163:AGCTCCTGTCAAAGCG-1,State_15,15,GSE190260,LAM1163,2.760408639907837
GSE190260::LAM1163:CATCAAGCAATACGCT-1,28,GSE135851::LAM1:ATGTGTGCAGACAAGC-1,State_15,15,GSE135851,LAM1,2.798029899597168
GSE190260::LAM1163:CATCAAGCAATACGCT-1,29,GSE190260::LAM1163:CATATTCGTCTCCCTA-1,State_15,15,GSE190260,LAM1163,2.8040223121643066
GSE190260::LAM1163:CATCAAGCAATACGCT-1,30,GSE135851::LAM1:GTGCAGCAGAGGGCTT-1,State_15,15,GSE135851,LAM1,2.8128554821014404
GSE190260::LAM1163:CATCAGACAAGAAAGG-1,1,GSE190260::LAM1163:GGATGTTTCTTCCTTC-1,State_15,15,GSE190260,LAM1163,1.0763657093048096
GSE190260::LAM1163:CATCAGACAAGAAAGG-1,2,GSE190260::LAM1163:GGTGCGTTCTGTACGA-1,State_15,15,GSE190260,LAM1163,1.1805492639541626
GSE190260::LAM1163:CATCAGACAAGAAAGG-1,3,GSE190260::LAM1163:GGGTTGCGTCAGAATA-1,State_15,15,GSE190260,LAM1163,1.2081067562103271
GSE190260::LAM1163:CATCAGACAAGAAAGG-1,4,GSE190260::LAM1163:GACTACATCGAGGTAG-1,State_15,15,GSE190260,LAM1163,1.212111234664917
GSE190260::LAM1163:CATCAGACAAGAAAGG-1,5,GSE190260::LAM1163:CTTACCGTCGTCTGCT-1,State_15,15,GSE190260,LAM1163,1.254469871520996
GSE190260::LAM1163:CATCAGACAAGAAAGG-1,6,GSE190260::LAM1163:CTCAGAATCACTTACT-1,State_15,15,GSE190260,LAM1163,1.3027745485305786
GSE190260::LAM1163:CATCAGACAAGAAAGG-1,7,GSE190260::LAM1163:CACACTCTCTGTCCGT-1,State_15,15,GSE190260,LAM1163,1.3819904327392578
GSE190260::LAM1163:CATCAGACAAGAAAGG-1,8,GSE190260::LAM1163:AGGGTGACAAACTGTC-1,State_15,15,GSE190260,LAM1163,1.3967586755752563
GSE190260::LAM1163:CATCAGACAAGAAAGG-1,9,GSE190260::LAM1163:TAGACCATCGCACTCT-1,State_15,15,GSE190260,LAM1163,1.4488075971603394
GSE190260::LAM1163:CATCAGACAAGAAAGG-1,10,GSE190260::LAM1163:TGCGCAGCAAGGCTCC-1,State_15,15,GSE190260,LAM1163,1.4628254175186157
GSE190260::LAM1163:CATCAGACAAGAAAGG-1,11,GSE190260::LAM1163:CGTCCATTCGTAGGAG-1,State_15,15,GSE190260,LAM1163,1.4768697023391724
GSE190260::LAM1163:CATCAGACAAGAAAGG-1,12,GSE190260::LAM1163:GCTCCTAGTTCCACAA-1,State_15,15,GSE190260,LAM1163,1.4993199110031128
GSE190260::LAM1163:CATCAGACAAGAAAGG-1,13,GSE190260::LAM1163:CGTCTACGTTTGTTGG-1,State_15,15,GSE190260,LAM1163,1.5378954410552979
GSE190260::LAM1163:CATCAGACAAGAAAGG-1,14,GSE190260::LAM1163:CGCTTCAAGCCCAACC-1,State_15,15,GSE190260,LAM1163,1.5541174411773682
GSE190260::LAM1163:CATCAGACAAGAAAGG-1,15,GSE190260::LAM1163:CGCTATCGTAGGCATG-1,State_15,15,GSE190260,LAM1163,1.5888580083847046
GSE190260::LAM1163:CATCAGACAAGAAAGG-1,16,GSE190260::LAM1163:TGCCCTACAGACGCCT-1,State_15,15,GSE190260,LAM1163,1.5902557373046875
GSE190260::LAM1163:CATCAGACAAGAAAGG-1,17,GSE190260::LAM1163:ATGTGTGGTAGTAGTA-1,State_15,15,GSE190260,LAM1163,1.5956007242202759
GSE190260::LAM1163:CATCAGACAAGAAAGG-1,18,GSE190260::LAM1163:AGTCTTTAGATAGTCA-1,State_15,15,GSE190260,LAM1163,1.599057674407959
GSE190260::LAM1163:CATCAGACAAGAAAGG-1,19,GSE190260::LAM1163:CACAGTATCTTGTATC-1,State_15,15,GSE190260,LAM1163,1.6058498620986938
GSE190260::LAM1163:CATCAGACAAGAAAGG-1,20,GSE190260::LAM1163:AAAGCAACAAGAGTCG-1,State_15,15,GSE190260,LAM1163,1.6348334550857544
GSE190260::LAM1163:CATCAGACAAGAAAGG-1,21,GSE190260::LAM1163:ATCACGACAGTAAGAT-1,State_15,15,GSE190260,LAM1163,1.6407241821289062
GSE190260::LAM1163:CATCAGACAAGAAAGG-1,22,GSE190260::LAM1163:TACGGGCCAGTTAACC-1,State_15,15,GSE190260,LAM1163,1.653396487236023
GSE190260::LAM1163:CATCAGACAAGAAAGG-1,23,GSE190260::LAM1163:CCAGCGAGTAGCCTAT-1,State_15,15,GSE190260,LAM1163,1.711085319519043
GSE190260::LAM1163:CATCAGACAAGAAAGG-1,24,GSE190260::LAM1163:AGCTCCTGTCAAAGCG-1,State_15,15,GSE190260,LAM1163,1.7142159938812256
GSE190260::LAM1163:CATCAGACAAGAAAGG-1,25,GSE190260::LAM1163:TTGTAGGGTAAAGTCA-1,State_15,15,GSE190260,LAM1163,1.7258366346359253
GSE190260::LAM1163:CATCAGACAAGAAAGG-1,26,GSE190260::LAM1163:ATTACTCGTGTCCTCT-1,State_15,15,GSE190260,LAM1163,1.730432391166687
GSE190260::LAM1163:CATCAGACAAGAAAGG-1,27,GSE190260::LAM1163:TTCTCAAAGTCCGTAT-1,State_15,15,GSE190260,LAM1163,1.7499133348464966
GSE190260::LAM1163:CATCAGACAAGAAAGG-1,28,GSE190260::LAM1163:AAGACCTTCCCTTGCA-1,State_15,15,GSE190260,LAM1163,1.7604655027389526
GSE190260::LAM1163:CATCAGACAAGAAAGG-1,29,GSE190260::LAM1163:AGAGCTTCACGTTGGC-1,State_15,15,GSE190260,LAM1163,1.7654457092285156
GSE190260::LAM1163:CATCAGACAAGAAAGG-1,30,GSE190260::LAM1163:CGGAGCTAGAGAACAG-1,State_15,15,GSE190260,LAM1163,1.7777692079544067
GSE190260::LAM1163:CATCGAAGTCAGAGGT-1,1,GSE190260::LAM1163:TTAGGACCAGCTGTAT-1,State_15,15,GSE190260,LAM1163,2.4960663318634033
GSE190260::LAM1163:CATCGAAGTCAGAGGT-1,2,GSE190260::LAM1163:TCGTAGAGTTACCGAT-1,State_15,15,GSE190260,LAM1163,2.5627541542053223
GSE190260::LAM1163:CATCGAAGTCAGAGGT-1,3,GSE302356::LAM10:CGTTTCTCAATAACCT-1,State_16,16,GSE302356,LAM3,3.0107717514038086
GSE190260::LAM1163:CATCGAAGTCAGAGGT-1,4,GSE190260::LAM1163:GTAACTGAGCACCGCT-1,State_15,15,GSE190260,LAM1163,3.1165733337402344
GSE190260::LAM1163:CATCGAAGTCAGAGGT-1,5,GSE302356::LAM10:TGATCAGGTCAATACG-1,State_15,15,GSE302356,LAM3,3.1238224506378174
GSE190260::LAM1163:CATCGAAGTCAGAGGT-1,6,GSE302356::LAM10:GGTCCGTAGCTTGCTC-1,State_16,16,GSE302356,LAM3,3.1406524181365967
GSE190260::LAM1163:CATCGAAGTCAGAGGT-1,7,GSE190260::LAM1163:GATCGATTCAGTGTTG-1,State_15,15,GSE190260,LAM1163,3.176567554473877
GSE190260::LAM1163:CATCGAAGTCAGAGGT-1,8,GSE190260::LAM1163:CCCATACGTGTTTGGT-1,State_16,16,GSE190260,LAM1163,3.238889694213867
GSE190260::LAM1163:CATCGAAGTCAGAGGT-1,9,GSE190260::LAM1163:CGTGTAAGTTGTACAC-1,State_15,15,GSE190260,LAM1163,3.2498672008514404
GSE190260::LAM1163:CATCGAAGTCAGAGGT-1,10,GSE302356::LAM10:CCCGTTGTCATGTGGT-1,boundary,,GSE302356,LAM3,3.253740072250366
GSE190260::LAM1163:CATCGAAGTCAGAGGT-1,11,GSE190260::LAM1163:CTAAGACCAAGCCCAC-1,State_15,15,GSE190260,LAM1163,3.2666125297546387
GSE190260::LAM1163:CATCGAAGTCAGAGGT-1,12,GSE190260::LAM1163:TGCCCTACAGACGCCT-1,State_15,15,GSE190260,LAM1163,3.271409273147583
GSE190260::LAM1163:CATCGAAGTCAGAGGT-1,13,GSE190260::LAM1163:CAAGTTGGTCGCCATG-1,State_15,15,GSE190260,LAM1163,3.2928478717803955
GSE190260::LAM1163:CATCGAAGTCAGAGGT-1,14,GSE190260::LAM1163:TTTGGTTTCAGGCAAG-1,State_16,16,GSE190260,LAM1163,3.344928503036499
GSE190260::LAM1163:CATCGAAGTCAGAGGT-1,15,GSE190260::LAM1163:CTAAGACGTGGTTTCA-1,State_15,15,GSE190260,LAM1163,3.347093343734741
GSE190260::LAM1163:CATCGAAGTCAGAGGT-1,16,GSE190260::LAM1163:AACACGTAGCTAAACA-1,State_15,15,GSE190260,LAM1163,3.3670289516448975
GSE190260::LAM1163:CATCGAAGTCAGAGGT-1,17,GSE190260::LAM1163:CTCGGAGCAACACGCC-1,State_16,16,GSE190260,LAM1163,3.413679838180542
GSE190260::LAM1163:CATCGAAGTCAGAGGT-1,18,GSE190260::LAM1163:AGAATAGTCCCTGACT-1,State_15,15,GSE190260,LAM1163,3.4346346855163574
GSE190260::LAM1163:CATCGAAGTCAGAGGT-1,19,GSE190260::LAM1163:CTTACCGTCGTCTGCT-1,State_15,15,GSE190260,LAM1163,3.445032835006714
GSE190260::LAM1163:CATCGAAGTCAGAGGT-1,20,GSE190260::LAM1163:CCTCAGTAGTAGATGT-1,State_15,15,GSE190260,LAM1163,3.459186553955078
GSE190260::LAM1163:CATCGAAGTCAGAGGT-1,21,GSE190260::LAM1163:TGCGCAGCAAGGCTCC-1,State_15,15,GSE190260,LAM1163,3.483159303665161
GSE190260::LAM1163:CATCGAAGTCAGAGGT-1,22,GSE190260::LAM1163:GTGTTAGTCTCCAACC-1,State_15,15,GSE190260,LAM1163,3.5029714107513428
GSE190260::LAM1163:CATCGAAGTCAGAGGT-1,23,GSE190260::LAM1163:CGATCGGAGATATGGT-1,State_15,15,GSE190260,LAM1163,3.5296709537506104
GSE190260::LAM1163:CATCGAAGTCAGAGGT-1,24,GSE302356::LAM13:TGTTGTAAGCTCATAA-1,State_16,16,GSE302356,LAM50,3.5335733890533447
GSE190260::LAM1163:CATCGAAGTCAGAGGT-1,25,GSE135851::LAM3:TTGACTTGTAGCGCAA-1,State_16,16,GSE135851,LAM3,3.536297082901001
GSE190260::LAM1163:CATCGAAGTCAGAGGT-1,26,GSE135851::LAM3:CCACGGAAGGCAATTA-1,State_15,15,GSE135851,LAM3,3.5418708324432373
GSE190260::LAM1163:CATCGAAGTCAGAGGT-1,27,GSE302356::LAM10:TGGTTCTGTCTAACCT-1,boundary,,GSE302356,LAM3,3.555861711502075
GSE190260::LAM1163:CATCGAAGTCAGAGGT-1,28,GSE302356::LAM13:CCTAAAGGTCATGCAA-1,State_15,15,GSE302356,LAM50,3.5687129497528076
GSE190260::LAM1163:CATCGAAGTCAGAGGT-1,29,GSE190260::LAM1163:TTTACTGAGCTGAAAT-1,State_15,15,GSE190260,LAM1163,3.6041533946990967
GSE190260::LAM1163:CATCGAAGTCAGAGGT-1,30,GSE302356::LAM10:CAGAATCTCGCTAGTG-1,State_16,16,GSE302356,LAM3,3.6206681728363037
GSE190260::LAM1163:CATTCGCAGCAATCTC-1,1,GSE135851::LAM3:TACAGTGAGGCAATTA-1,State_15,15,GSE135851,LAM3,1.8354068994522095
GSE190260::LAM1163:CATTCGCAGCAATCTC-1,2,GSE190260::LAM1163:CTCGAGGAGCCCGAAA-1,State_15,15,GSE190260,LAM1163,2.1451895236968994
GSE190260::LAM1163:CATTCGCAGCAATCTC-1,3,GSE190260::LAM1163:TGCACCTAGACATAAC-1,State_15,15,GSE190260,LAM1163,2.1571993827819824
GSE190260::LAM1163:CATTCGCAGCAATCTC-1,4,GSE135851::LAM3:CGTAGGCGTACTCAAC-1,State_15,15,GSE135851,LAM3,2.17688250541687
GSE190260::LAM1163:CATTCGCAGCAATCTC-1,5,GSE190260::LAM1158:TACGGTATCCAGGGCT-1,State_15,15,GSE190260,LAM1158,2.3397765159606934
GSE190260::LAM1163:CATTCGCAGCAATCTC-1,6,GSE135851::LAM3:TTTGTCACAGTTCCCT-1,State_15,15,GSE135851,LAM3,2.4348065853118896
GSE190260::LAM1163:CATTCGCAGCAATCTC-1,7,GSE190260::LAM1158:ATCCGAATCCAGTATG-1,State_15,15,GSE190260,LAM1158,2.4672629833221436
GSE190260::LAM1163:CATTCGCAGCAATCTC-1,8,GSE190260::LAM1163:AAAGCAAAGTCAAGGC-1,State_15,15,GSE190260,LAM1163,2.5205836296081543
GSE190260::LAM1163:CATTCGCAGCAATCTC-1,9,GSE135851::LAM3:ATGAGGGGTGTGCGTC-1,State_15,15,GSE135851,LAM3,2.5367329120635986
GSE190260::LAM1163:CATTCGCAGCAATCTC-1,10,GSE190260::LAM1163:TTGGAACTCGGCGGTT-1,State_15,15,GSE190260,LAM1163,2.556413173675537
GSE190260::LAM1163:CATTCGCAGCAATCTC-1,11,GSE135851::LAM3:ACCTTTACACTCAGGC-1,State_15,15,GSE135851,LAM3,2.606032371520996
GSE190260::LAM1163:CATTCGCAGCAATCTC-1,12,GSE135851::LAM1:TGCGCAGGTTCGCTAA-1,State_15,15,GSE135851,LAM1,2.629319190979004
GSE190260::LAM1163:CATTCGCAGCAATCTC-1,13,GSE135851::LAM3:CCACGGACACCTATCC-1,State_15,15,GSE135851,LAM3,2.654646873474121
GSE190260::LAM1163:CATTCGCAGCAATCTC-1,14,GSE135851::LAM3:AACCATGCACGAAGCA-1,State_15,15,GSE135851,LAM3,2.672208547592163
GSE190260::LAM1163:CATTCGCAGCAATCTC-1,15,GSE135851::LAM3:CGGCTAGGTTAAGGGC-1,State_15,15,GSE135851,LAM3,2.6754415035247803
GSE190260::LAM1163:CATTCGCAGCAATCTC-1,16,GSE190260::LAM1164-1:AGCTTGACATCGTCGG-1,State_17,17,GSE190260,LAM1164,2.6774280071258545
GSE190260::LAM1163:CATTCGCAGCAATCTC-1,17,GSE135851::LAM3:GGAATAAGTAGCTGCC-1,State_15,15,GSE135851,LAM3,2.6893601417541504
GSE190260::LAM1163:CATTCGCAGCAATCTC-1,18,GSE302356::LAM3:TACCCGTTCTGGACCG-1,State_15,15,GSE302356,LAM32,2.7211337089538574
GSE190260::LAM1163:CATTCGCAGCAATCTC-1,19,GSE190260::LAM1163:GCACTCTCATCCGGGT-1,State_15,15,GSE190260,LAM1163,2.763387680053711
GSE190260::LAM1163:CATTCGCAGCAATCTC-1,20,GSE190260::LAM1163:ATCACGACAGTAAGAT-1,State_15,15,GSE190260,LAM1163,2.783461332321167
GSE190260::LAM1163:CATTCGCAGCAATCTC-1,21,GSE190260::LAM1163:CGTAGCGTCCCAGGTG-1,State_15,15,GSE190260,LAM1163,2.8138036727905273
GSE190260::LAM1163:CATTCGCAGCAATCTC-1,22,GSE190260::LAM1163:CTCTGGTCATCCCACT-1,State_15,15,GSE190260,LAM1163,2.819967746734619
GSE190260::LAM1163:CATTCGCAGCAATCTC-1,23,GSE190260::LAM1163:TCGAGGCAGACTAGAT-1,State_15,15,GSE190260,LAM1163,2.836451530456543
GSE190260::LAM1163:CATTCGCAGCAATCTC-1,24,GSE135851::LAM3:GTAACTGTCAAACAAG-1,State_15,15,GSE135851,LAM3,2.845879077911377
GSE190260::LAM1163:CATTCGCAGCAATCTC-1,25,GSE135851::LAM3:CGCTTCATCGCACTCT-1,State_15,15,GSE135851,LAM3,2.848557710647583
GSE190260::LAM1163:CATTCGCAGCAATCTC-1,26,GSE190260::LAM1163:TTAGGCAAGGAGCGAG-1,State_15,15,GSE190260,LAM1163,2.89188551902771
GSE190260::LAM1163:CATTCGCAGCAATCTC-1,27,GSE302356::LAM3:GCAGCTGCATATGAAG-1,State_15,15,GSE302356,LAM32,2.899141311645508
GSE190260::LAM1163:CATTCGCAGCAATCTC-1,28,GSE135851::LAM3:ATCTGCCTCAGAGCTT-1,State_15,15,GSE135851,LAM3,2.9031026363372803
GSE190260::LAM1163:CATTCGCAGCAATCTC-1,29,GSE302356::LAM3:GTAGCTAGTAGCTTAC-1,State_15,15,GSE302356,LAM32,2.923253297805786
GSE190260::LAM1163:CATTCGCAGCAATCTC-1,30,GSE135851::LAM3:TTTATGCAGCCAACAG-1,State_15,15,GSE135851,LAM3,2.9461138248443604
GSE190260::LAM1163:CCACCTAAGGTACTCT-1,1,GSE190260::LAM1163:GGGTTGCGTCAGAATA-1,State_15,15,GSE190260,LAM1163,1.6755645275115967
GSE190260::LAM1163:CCACCTAAGGTACTCT-1,2,GSE190260::LAM1163:ATCACGACAGTAAGAT-1,State_15,15,GSE190260,LAM1163,1.8411916494369507
GSE190260::LAM1163:CCACCTAAGGTACTCT-1,3,GSE190260::LAM1163:ATGTGTGGTAGTAGTA-1,State_15,15,GSE190260,LAM1163,1.942558765411377
GSE190260::LAM1163:CCACCTAAGGTACTCT-1,4,GSE190260::LAM1163:CGCTTCAAGCCCAACC-1,State_15,15,GSE190260,LAM1163,2.0270144939422607
GSE190260::LAM1163:CCACCTAAGGTACTCT-1,5,GSE190260::LAM1163:TGCGCAGCAAGGCTCC-1,State_15,15,GSE190260,LAM1163,2.0628502368927
GSE190260::LAM1163:CCACCTAAGGTACTCT-1,6,GSE190260::LAM1163:AGTCTTTAGATAGTCA-1,State_15,15,GSE190260,LAM1163,2.0819737911224365
GSE190260::LAM1163:CCACCTAAGGTACTCT-1,7,GSE190260::LAM1163:GCTCCTAGTTCCACAA-1,State_15,15,GSE190260,LAM1163,2.101055383682251
GSE190260::LAM1163:CCACCTAAGGTACTCT-1,8,GSE190260::LAM1163:CTCAGAAGTGATAAGT-1,State_15,15,GSE190260,LAM1163,2.1138646602630615
GSE190260::LAM1163:CCACCTAAGGTACTCT-1,9,GSE190260::LAM1163:CTTACCGTCGTCTGCT-1,State_15,15,GSE190260,LAM1163,2.165829658508301
GSE190260::LAM1163:CCACCTAAGGTACTCT-1,10,GSE190260::LAM1163:CATCAGACAAGAAAGG-1,State_15,15,GSE190260,LAM1163,2.180238723754883
GSE190260::LAM1163:CCACCTAAGGTACTCT-1,11,GSE190260::LAM1163:GGATGTTTCTTCCTTC-1,State_15,15,GSE190260,LAM1163,2.1953823566436768
GSE190260::LAM1163:CCACCTAAGGTACTCT-1,12,GSE190260::LAM1163:ATTACTCGTGTCCTCT-1,State_15,15,GSE190260,LAM1163,2.2297275066375732
GSE190260::LAM1163:CCACCTAAGGTACTCT-1,13,GSE135851::LAM3:CACAAACCAATAGCGG-1,State_15,15,GSE135851,LAM3,2.2365317344665527
GSE190260::LAM1163:CCACCTAAGGTACTCT-1,14,GSE135851::LAM3:CCAATCCGTAGCTGCC-1,State_15,15,GSE135851,LAM3,2.253699541091919
GSE190260::LAM1163:CCACCTAAGGTACTCT-1,15,GSE190260::LAM1163:TTTACTGGTGACGCCT-1,State_15,15,GSE190260,LAM1163,2.280458450317383
GSE190260::LAM1163:CCACCTAAGGTACTCT-1,16,GSE190260::LAM1163:TTCTCAAAGTCCGTAT-1,State_15,15,GSE190260,LAM1163,2.2925639152526855
GSE190260::LAM1163:CCACCTAAGGTACTCT-1,17,GSE190260::LAM1163:CGGACTGGTCCAAGTT-1,State_15,15,GSE190260,LAM1163,2.3030588626861572
GSE190260::LAM1163:CCACCTAAGGTACTCT-1,18,GSE190260::LAM1163:CTCTGGTCATCCCACT-1,State_15,15,GSE190260,LAM1163,2.304140329360962
GSE190260::LAM1163:CCACCTAAGGTACTCT-1,19,GSE190260::LAM1163:CACAGTATCTTGTATC-1,State_15,15,GSE190260,LAM1163,2.3046908378601074
GSE190260::LAM1163:CCACCTAAGGTACTCT-1,20,GSE190260::LAM1163:GCATGATAGCGTTCCG-1,State_15,15,GSE190260,LAM1163,2.3100690841674805
GSE190260::LAM1163:CCACCTAAGGTACTCT-1,21,GSE190260::LAM1163:CACACTCAGATAGGAG-1,State_15,15,GSE190260,LAM1163,2.3530075550079346
GSE190260::LAM1163:CCACCTAAGGTACTCT-1,22,GSE190260::LAM1163:CCCAGTTGTCGTTGTA-1,State_15,15,GSE190260,LAM1163,2.3646976947784424
GSE190260::LAM1163:CCACCTAAGGTACTCT-1,23,GSE190260::LAM1163:CTCAGAATCACTTACT-1,State_15,15,GSE190260,LAM1163,2.394996404647827
GSE190260::LAM1163:CCACCTAAGGTACTCT-1,24,GSE190260::LAM1163:AGAGTGGCATGATCCA-1,State_15,15,GSE190260,LAM1163,2.402557611465454
GSE190260::LAM1163:CCACCTAAGGTACTCT-1,25,GSE190260::LAM1163:CGTCTACGTTTGTTGG-1,State_15,15,GSE190260,LAM1163,2.4107346534729004
GSE190260::LAM1163:CCACCTAAGGTACTCT-1,26,GSE135851::LAM3:TCGTACCAGGGATCTG-1,State_15,15,GSE135851,LAM3,2.4194395542144775
GSE190260::LAM1163:CCACCTAAGGTACTCT-1,27,GSE190260::LAM1163:CAGTCCTTCGTAGGTT-1,State_15,15,GSE190260,LAM1163,2.4341094493865967
GSE190260::LAM1163:CCACCTAAGGTACTCT-1,28,GSE190260::LAM1163:TGCCCTACAGACGCCT-1,State_15,15,GSE190260,LAM1163,2.4568288326263428
GSE190260::LAM1163:CCACCTAAGGTACTCT-1,29,GSE190260::LAM1163:GGTGCGTTCTGTACGA-1,State_15,15,GSE190260,LAM1163,2.467231512069702
GSE190260::LAM1163:CCACCTAAGGTACTCT-1,30,GSE190260::LAM1163:TGAGGGATCTGTTGAG-1,State_15,15,GSE190260,LAM1163,2.475895404815674
GSE190260::LAM1163:CCAGCGAGTAGCCTAT-1,1,GSE190260::LAM1163:CTCAGAATCACTTACT-1,State_15,15,GSE190260,LAM1163,1.351383090019226
GSE190260::LAM1163:CCAGCGAGTAGCCTAT-1,2,GSE190260::LAM1163:TGCGCAGCAAGGCTCC-1,State_15,15,GSE190260,LAM1163,1.4701277017593384
GSE190260::LAM1163:CCAGCGAGTAGCCTAT-1,3,GSE190260::LAM1163:AGCCTAAAGATGCCAG-1,State_15,15,GSE190260,LAM1163,1.513051986694336
GSE190260::LAM1163:CCAGCGAGTAGCCTAT-1,4,GSE190260::LAM1163:AGGGTGACAAACTGTC-1,State_15,15,GSE190260,LAM1163,1.677917718887329
GSE190260::LAM1163:CCAGCGAGTAGCCTAT-1,5,GSE190260::LAM1163:CGTCTACGTTTGTTGG-1,State_15,15,GSE190260,LAM1163,1.6784039735794067
GSE190260::LAM1163:CCAGCGAGTAGCCTAT-1,6,GSE190260::LAM1163:GGTGCGTTCTGTACGA-1,State_15,15,GSE190260,LAM1163,1.6851557493209839
GSE190260::LAM1163:CCAGCGAGTAGCCTAT-1,7,GSE190260::LAM1163:TAGACCATCGCACTCT-1,State_15,15,GSE190260,LAM1163,1.6995817422866821
GSE190260::LAM1163:CCAGCGAGTAGCCTAT-1,8,GSE190260::LAM1163:CATCAGACAAGAAAGG-1,State_15,15,GSE190260,LAM1163,1.711085319519043
GSE190260::LAM1163:CCAGCGAGTAGCCTAT-1,9,GSE190260::LAM1163:CACAGTATCTTGTATC-1,State_15,15,GSE190260,LAM1163,1.7396043539047241
GSE190260::LAM1163:CCAGCGAGTAGCCTAT-1,10,GSE190260::LAM1163:AAAGCAACAAGAGTCG-1,State_15,15,GSE190260,LAM1163,1.7501723766326904
GSE190260::LAM1163:CCAGCGAGTAGCCTAT-1,11,GSE190260::LAM1163:AGTCTTTAGATAGTCA-1,State_15,15,GSE190260,LAM1163,1.7709417343139648
GSE190260::LAM1163:CCAGCGAGTAGCCTAT-1,12,GSE190260::LAM1163:CTTACCGTCGTCTGCT-1,State_15,15,GSE190260,LAM1163,1.7999038696289062
GSE190260::LAM1163:CCAGCGAGTAGCCTAT-1,13,GSE190260::LAM1163:TTGTAGGGTGCAACTT-1,State_15,15,GSE190260,LAM1163,1.8287526369094849
GSE190260::LAM1163:CCAGCGAGTAGCCTAT-1,14,GSE190260::LAM1163:GAGTCCGAGCTAAACA-1,State_15,15,GSE190260,LAM1163,1.835730791091919
GSE190260::LAM1163:CCAGCGAGTAGCCTAT-1,15,GSE190260::LAM1163:CGCTATCGTAGGCATG-1,State_15,15,GSE190260,LAM1163,1.8413976430892944
GSE190260::LAM1163:CCAGCGAGTAGCCTAT-1,16,GSE190260::LAM1163:GCTCCTAGTTCCACAA-1,State_15,15,GSE190260,LAM1163,1.8750495910644531
GSE190260::LAM1163:CCAGCGAGTAGCCTAT-1,17,GSE190260::LAM1163:GGATGTTTCTTCCTTC-1,State_15,15,GSE190260,LAM1163,1.8904783725738525
GSE190260::LAM1163:CCAGCGAGTAGCCTAT-1,18,GSE190260::LAM1163:CACACTCTCTGTCCGT-1,State_15,15,GSE190260,LAM1163,1.8958892822265625
GSE190260::LAM1163:CCAGCGAGTAGCCTAT-1,19,GSE190260::LAM1163:GGGTTGCGTCAGAATA-1,State_15,15,GSE190260,LAM1163,1.917694330215454
GSE190260::LAM1163:CCAGCGAGTAGCCTAT-1,20,GSE190260::LAM1163:CAGCATATCCTCCTAG-1,State_15,15,GSE190260,LAM1163,1.9358779191970825
GSE190260::LAM1163:CCAGCGAGTAGCCTAT-1,21,GSE190260::LAM1163:TTGTAGGGTAAAGTCA-1,State_15,15,GSE190260,LAM1163,1.953137993812561
GSE190260::LAM1163:CCAGCGAGTAGCCTAT-1,22,GSE190260::LAM1163:CCTCAGTAGTAGATGT-1,State_15,15,GSE190260,LAM1163,1.9623101949691772
GSE190260::LAM1163:CCAGCGAGTAGCCTAT-1,23,GSE190260::LAM1163:ATTACTCGTGTCCTCT-1,State_15,15,GSE190260,LAM1163,1.9824551343917847
GSE190260::LAM1163:CCAGCGAGTAGCCTAT-1,24,GSE190260::LAM1163:TTTGCGCAGCCAGAAC-1,State_15,15,GSE190260,LAM1163,1.987428903579712
GSE190260::LAM1163:CCAGCGAGTAGCCTAT-1,25,GSE190260::LAM1163:CGTCCATTCGTAGGAG-1,State_15,15,GSE190260,LAM1163,1.9924979209899902
GSE190260::LAM1163:CCAGCGAGTAGCCTAT-1,26,GSE190260::LAM1163:CGCTTCAAGCCCAACC-1,State_15,15,GSE190260,LAM1163,2.012740135192871
GSE190260::LAM1163:CCAGCGAGTAGCCTAT-1,27,GSE190260::LAM1163:CGGAGCTAGAGAACAG-1,State_15,15,GSE190260,LAM1163,2.0244269371032715
GSE190260::LAM1163:CCAGCGAGTAGCCTAT-1,28,GSE190260::LAM1163:TTTACTGAGCTGAAAT-1,State_15,15,GSE190260,LAM1163,2.0280418395996094
GSE190260::LAM1163:CCAGCGAGTAGCCTAT-1,29,GSE190260::LAM1163:TGCCCTACAGACGCCT-1,State_15,15,GSE190260,LAM1163,2.0488078594207764
GSE190260::LAM1163:CCAGCGAGTAGCCTAT-1,30,GSE190260::LAM1163:ATCACGACAGTAAGAT-1,State_15,15,GSE190260,LAM1163,2.0508086681365967
GSE190260::LAM1163:CCCAGTTGTCGTTGTA-1,1,GSE190260::LAM1163:TGCGCAGCAAGGCTCC-1,State_15,15,GSE190260,LAM1163,1.671260952949524
GSE190260::LAM1163:CCCAGTTGTCGTTGTA-1,2,GSE190260::LAM1163:AGCCTAAAGATGCCAG-1,State_15,15,GSE190260,LAM1163,2.0070040225982666
GSE190260::LAM1163:CCCAGTTGTCGTTGTA-1,3,GSE190260::LAM1163:CTCTGGTCATCCCACT-1,State_15,15,GSE190260,LAM1163,2.0146121978759766
GSE190260::LAM1163:CCCAGTTGTCGTTGTA-1,4,GSE190260::LAM1163:TTTGCGCAGCCAGAAC-1,State_15,15,GSE190260,LAM1163,2.0245211124420166
GSE190260::LAM1163:CCCAGTTGTCGTTGTA-1,5,GSE190260::LAM1163:CTCAGAAGTGATAAGT-1,State_15,15,GSE190260,LAM1163,2.040280342102051
GSE190260::LAM1163:CCCAGTTGTCGTTGTA-1,6,GSE190260::LAM1163:CACACTCAGATAGGAG-1,State_15,15,GSE190260,LAM1163,2.051755428314209
GSE190260::LAM1163:CCCAGTTGTCGTTGTA-1,7,GSE190260::LAM1163:ATCACGACAGTAAGAT-1,State_15,15,GSE190260,LAM1163,2.090733766555786
GSE190260::LAM1163:CCCAGTTGTCGTTGTA-1,8,GSE190260::LAM1163:CCAGCGAGTAGCCTAT-1,State_15,15,GSE190260,LAM1163,2.1239795684814453
GSE190260::LAM1163:CCCAGTTGTCGTTGTA-1,9,GSE190260::LAM1163:TGCACCTAGACATAAC-1,State_15,15,GSE190260,LAM1163,2.1344423294067383
GSE190260::LAM1163:CCCAGTTGTCGTTGTA-1,10,GSE190260::LAM1163:ATTACTCGTGTCCTCT-1,State_15,15,GSE190260,LAM1163,2.163503408432007
GSE190260::LAM1163:CCCAGTTGTCGTTGTA-1,11,GSE190260::LAM1163:CGCTTCAAGCCCAACC-1,State_15,15,GSE190260,LAM1163,2.1652400493621826
GSE190260::LAM1163:CCCAGTTGTCGTTGTA-1,12,GSE190260::LAM1163:CGTCTACGTTTGTTGG-1,State_15,15,GSE190260,LAM1163,2.173640489578247
GSE190260::LAM1163:CCCAGTTGTCGTTGTA-1,13,GSE190260::LAM1163:TTTACTGGTGACGCCT-1,State_15,15,GSE190260,LAM1163,2.2333836555480957
GSE190260::LAM1163:CCCAGTTGTCGTTGTA-1,14,GSE190260::LAM1163:AGTCTTTAGATAGTCA-1,State_15,15,GSE190260,LAM1163,2.233563184738159
GSE190260::LAM1163:CCCAGTTGTCGTTGTA-1,15,GSE190260::LAM1163:CTTACCGTCGTCTGCT-1,State_15,15,GSE190260,LAM1163,2.247109889984131
GSE190260::LAM1163:CCCAGTTGTCGTTGTA-1,16,GSE190260::LAM1163:GGGTTGCGTCAGAATA-1,State_15,15,GSE190260,LAM1163,2.2576634883880615
GSE190260::LAM1163:CCCAGTTGTCGTTGTA-1,17,GSE190260::LAM1163:AGAATAGTCCCTGACT-1,State_15,15,GSE190260,LAM1163,2.3267831802368164
GSE190260::LAM1163:CCCAGTTGTCGTTGTA-1,18,GSE190260::LAM1163:CCACCTAAGGTACTCT-1,State_15,15,GSE190260,LAM1163,2.3646976947784424
GSE190260::LAM1163:CCCAGTTGTCGTTGTA-1,19,GSE190260::LAM1163:CAGTCCTTCGTAGGTT-1,State_15,15,GSE190260,LAM1163,2.395897626876831
GSE190260::LAM1163:CCCAGTTGTCGTTGTA-1,20,GSE190260::LAM1163:AAAGCAACAAGAGTCG-1,State_15,15,GSE190260,LAM1163,2.4626359939575195
GSE190260::LAM1163:CCCAGTTGTCGTTGTA-1,21,GSE190260::LAM1163:TTGTAGGGTAAAGTCA-1,State_15,15,GSE190260,LAM1163,2.462778329849243
GSE190260::LAM1163:CCCAGTTGTCGTTGTA-1,22,GSE190260::LAM1163:GCATGATAGCGTTCCG-1,State_15,15,GSE190260,LAM1163,2.468193769454956
GSE190260::LAM1163:CCCAGTTGTCGTTGTA-1,23,GSE190260::LAM1163:TTAGGCAAGGAGCGAG-1,State_15,15,GSE190260,LAM1163,2.470371961593628
GSE190260::LAM1163:CCCAGTTGTCGTTGTA-1,24,GSE190260::LAM1163:ATGTGTGGTAGTAGTA-1,State_15,15,GSE190260,LAM1163,2.4737565517425537
GSE190260::LAM1163:CCCAGTTGTCGTTGTA-1,25,GSE190260::LAM1163:CACAGTATCTTGTATC-1,State_15,15,GSE190260,LAM1163,2.483328342437744
GSE190260::LAM1163:CCCAGTTGTCGTTGTA-1,26,GSE190260::LAM1163:GCTCCTAGTTCCACAA-1,State_15,15,GSE190260,LAM1163,2.4860565662384033
GSE190260::LAM1163:CCCAGTTGTCGTTGTA-1,27,GSE190260::LAM1163:CGTAGCGTCCCAGGTG-1,State_15,15,GSE190260,LAM1163,2.4900271892547607
GSE190260::LAM1163:CCCAGTTGTCGTTGTA-1,28,GSE190260::LAM1163:CTCAGAATCACTTACT-1,State_15,15,GSE190260,LAM1163,2.4990193843841553
GSE190260::LAM1163:CCCAGTTGTCGTTGTA-1,29,GSE190260::LAM1163:TAGACCATCGCACTCT-1,State_15,15,GSE190260,LAM1163,2.5031940937042236
GSE190260::LAM1163:CCCAGTTGTCGTTGTA-1,30,GSE190260::LAM1163:TCGAGGCAGACTAGAT-1,State_15,15,GSE190260,LAM1163,2.512840986251831
GSE190260::LAM1163:CCGGGATCAAACCTAC-1,1,GSE190260::LAM1163:AACACGTAGCTAAACA-1,State_15,15,GSE190260,LAM1163,1.9510804414749146
GSE190260::LAM1163:CCGGGATCAAACCTAC-1,2,GSE190260::LAM1163:CGGAGCTAGAGAACAG-1,State_15,15,GSE190260,LAM1163,2.126549482345581
GSE190260::LAM1163:CCGGGATCAAACCTAC-1,3,GSE190260::LAM1163:TTGTAGGGTGCAACTT-1,State_15,15,GSE190260,LAM1163,2.5950357913970947
GSE190260::LAM1163:CCGGGATCAAACCTAC-1,4,GSE190260::LAM1163:TACGGTATCACCTTAT-1,State_15,15,GSE190260,LAM1163,2.6121604442596436
GSE190260::LAM1163:CCGGGATCAAACCTAC-1,5,GSE190260::LAM1163:CTTCTCTGTACTTGAC-1,State_15,15,GSE190260,LAM1163,2.616952896118164
GSE190260::LAM1163:CCGGGATCAAACCTAC-1,6,GSE190260::LAM1163:CACCACTCACAGTCGC-1,State_15,15,GSE190260,LAM1163,2.649624824523926
GSE190260::LAM1163:CCGGGATCAAACCTAC-1,7,GSE190260::LAM1163:TAGACCATCGCACTCT-1,State_15,15,GSE190260,LAM1163,2.654392957687378
GSE190260::LAM1163:CCGGGATCAAACCTAC-1,8,GSE190260::LAM1163:GACTACATCGAGGTAG-1,State_15,15,GSE190260,LAM1163,2.7220733165740967
GSE190260::LAM1163:CCGGGATCAAACCTAC-1,9,GSE190260::LAM1163:CCTCAGTAGTAGATGT-1,State_15,15,GSE190260,LAM1163,2.7889609336853027
GSE190260::LAM1163:CCGGGATCAAACCTAC-1,10,GSE190260::LAM1163:CTGATCCTCGCTTAGA-1,State_15,15,GSE190260,LAM1163,2.8355154991149902
GSE190260::LAM1163:CCGGGATCAAACCTAC-1,11,GSE190260::LAM1163:CAAGTTGGTCGCCATG-1,State_15,15,GSE190260,LAM1163,2.8593437671661377
GSE190260::LAM1163:CCGGGATCAAACCTAC-1,12,GSE190260::LAM1163:TCAGGATGTGACAAAT-1,State_15,15,GSE190260,LAM1163,2.8631937503814697
GSE190260::LAM1163:CCGGGATCAAACCTAC-1,13,GSE190260::LAM1163:CGATCGGAGATATGGT-1,State_15,15,GSE190260,LAM1163,2.885554313659668
GSE190260::LAM1163:CCGGGATCAAACCTAC-1,14,GSE190260::LAM1163:GTTACAGCAAGCTGGA-1,State_15,15,GSE190260,LAM1163,2.886340379714966
GSE190260::LAM1163:CCGGGATCAAACCTAC-1,15,GSE190260::LAM1163:CTCAGAATCACTTACT-1,State_15,15,GSE190260,LAM1163,2.897203207015991
GSE190260::LAM1163:CCGGGATCAAACCTAC-1,16,GSE190260::LAM1163:CCAGCGAGTAGCCTAT-1,State_15,15,GSE190260,LAM1163,2.8974955081939697
GSE190260::LAM1163:CCGGGATCAAACCTAC-1,17,GSE190260::LAM1163:CACACTCTCTGTCCGT-1,State_15,15,GSE190260,LAM1163,2.9104480743408203
GSE190260::LAM1163:CCGGGATCAAACCTAC-1,18,GSE190260::LAM1163:AGCCTAAAGATGCCAG-1,State_15,15,GSE190260,LAM1163,2.9315967559814453
GSE190260::LAM1163:CCGGGATCAAACCTAC-1,19,GSE190260::LAM1163:CAGATCAGTATCACCA-1,State_15,15,GSE190260,LAM1163,2.9385929107666016
GSE190260::LAM1163:CCGGGATCAAACCTAC-1,20,GSE190260::LAM1163:AAGACCTTCCCTTGCA-1,State_15,15,GSE190260,LAM1163,2.9737000465393066
GSE190260::LAM1163:CCGGGATCAAACCTAC-1,21,GSE190260::LAM1163:AAAGCAACAAGAGTCG-1,State_15,15,GSE190260,LAM1163,2.9872357845306396
GSE190260::LAM1163:CCGGGATCAAACCTAC-1,22,GSE190260::LAM1163:CATCAGACAAGAAAGG-1,State_15,15,GSE190260,LAM1163,3.0222365856170654
GSE190260::LAM1163:CCGGGATCAAACCTAC-1,23,GSE190260::LAM1163:TATCTCAAGAGACTAT-1,State_15,15,GSE190260,LAM1163,3.027564287185669
GSE190260::LAM1163:CCGGGATCAAACCTAC-1,24,GSE190260::LAM1163:AGGGTGACAAACTGTC-1,State_15,15,GSE190260,LAM1163,3.0400140285491943
GSE190260::LAM1163:CCGGGATCAAACCTAC-1,25,GSE190260::LAM1163:TTTACTGAGCTGAAAT-1,State_15,15,GSE190260,LAM1163,3.0512380599975586
GSE190260::LAM1163:CCGGGATCAAACCTAC-1,26,GSE190260::LAM1163:TACGGATTCTATCCTA-1,State_15,15,GSE190260,LAM1163,3.0842549800872803
GSE190260::LAM1163:CCGGGATCAAACCTAC-1,27,GSE190260::LAM1163:GGATGTTTCTTCCTTC-1,State_15,15,GSE190260,LAM1163,3.1502773761749268
GSE190260::LAM1163:CCGGGATCAAACCTAC-1,28,GSE190260::LAM1163:AGTCTTTAGATAGTCA-1,State_15,15,GSE190260,LAM1163,3.1556236743927
GSE190260::LAM1163:CCGGGATCAAACCTAC-1,29,GSE190260::LAM1163:TGCCCTACAGACGCCT-1,State_15,15,GSE190260,LAM1163,3.161984920501709
GSE190260::LAM1163:CCGGGATCAAACCTAC-1,30,GSE190260::LAM1163:CGTCCATTCGTAGGAG-1,State_15,15,GSE190260,LAM1163,3.1743481159210205
GSE190260::LAM1163:CCTAGCTTCTGAGGGA-1,1,GSE190260::LAM1163:GTCCTCATCCACTGGG-1,State_15,15,GSE190260,LAM1163,1.594733715057373
GSE190260::LAM1163:CCTAGCTTCTGAGGGA-1,2,GSE190260::LAM1163:CGTGTAAGTTGTACAC-1,State_15,15,GSE190260,LAM1163,2.0530598163604736
GSE190260::LAM1163:CCTAGCTTCTGAGGGA-1,3,GSE190260::LAM1163:ATGGGAGGTAATAGCA-1,State_15,15,GSE190260,LAM1163,2.7377915382385254
GSE190260::LAM1163:CCTAGCTTCTGAGGGA-1,4,GSE190260::LAM1163:TAAACCGAGGCAATTA-1,State_15,15,GSE190260,LAM1163,2.8445308208465576
GSE190260::LAM1163:CCTAGCTTCTGAGGGA-1,5,GSE135851::LAM1:TTCTACACAGTTCATG-1,State_15,15,GSE135851,LAM1,2.9014170169830322
GSE190260::LAM1163:CCTAGCTTCTGAGGGA-1,6,GSE190260::LAM1163:CGTCTACGTTTGTTGG-1,State_15,15,GSE190260,LAM1163,2.9431750774383545
GSE190260::LAM1163:CCTAGCTTCTGAGGGA-1,7,GSE135851::LAM1:CGAGAAGCACTTGGAT-1,State_15,15,GSE135851,LAM1,2.9460160732269287
GSE190260::LAM1163:CCTAGCTTCTGAGGGA-1,8,GSE190260::LAM1163:CTCGTCAGTGAGTATA-1,State_15,15,GSE190260,LAM1163,2.9533233642578125
GSE190260::LAM1163:CCTAGCTTCTGAGGGA-1,9,GSE135851::LAM3:CGTAGGCGTACTCAAC-1,State_15,15,GSE135851,LAM3,2.954387664794922
GSE190260::LAM1163:CCTAGCTTCTGAGGGA-1,10,GSE135851::LAM1:ACACTGATCCTTGCCA-1,State_15,15,GSE135851,LAM1,2.9832441806793213
GSE190260::LAM1163:CCTAGCTTCTGAGGGA-1,11,GSE190260::LAM1163:TCGAGGCAGACTAGAT-1,State_15,15,GSE190260,LAM1163,3.0125811100006104
GSE190260::LAM1163:CCTAGCTTCTGAGGGA-1,12,GSE190260::LAM1163:ATCACGACAGTAAGAT-1,State_15,15,GSE190260,LAM1163,3.019906997680664
GSE190260::LAM1163:CCTAGCTTCTGAGGGA-1,13,GSE190260::LAM1163:CAGCATATCCTCCTAG-1,State_15,15,GSE190260,LAM1163,3.022186040878296
GSE190260::LAM1163:CCTAGCTTCTGAGGGA-1,14,GSE190260::LAM1163:TGCGCAGCAAGGCTCC-1,State_15,15,GSE190260,LAM1163,3.02496337890625
GSE190260::LAM1163:CCTAGCTTCTGAGGGA-1,15,GSE190260::LAM1163:CTCTGGTCATCCCACT-1,State_15,15,GSE190260,LAM1163,3.0780787467956543
GSE190260::LAM1163:CCTAGCTTCTGAGGGA-1,16,GSE135851::LAM1:TAAGTGCCATCTACGA-1,State_15,15,GSE135851,LAM1,3.115910291671753
GSE190260::LAM1163:CCTAGCTTCTGAGGGA-1,17,GSE190260::LAM1163:AAAGCAACAAGAGTCG-1,State_15,15,GSE190260,LAM1163,3.140681505203247
GSE190260::LAM1163:CCTAGCTTCTGAGGGA-1,18,GSE190260::LAM1163:GGTGCGTTCTGTACGA-1,State_15,15,GSE190260,LAM1163,3.1515696048736572
GSE190260::LAM1163:CCTAGCTTCTGAGGGA-1,19,GSE190260::LAM1163:AGCTCCTGTCAAAGCG-1,State_15,15,GSE190260,LAM1163,3.1965460777282715
GSE190260::LAM1163:CCTAGCTTCTGAGGGA-1,20,GSE190260::LAM1163:GCACTCTCATCCGGGT-1,State_15,15,GSE190260,LAM1163,3.218951940536499
GSE190260::LAM1163:CCTAGCTTCTGAGGGA-1,21,GSE217108::LAM32:GTTGGCGGTTCGGGAT-1,State_15,15,GSE217108,LAM32,3.2299909591674805
GSE190260::LAM1163:CCTAGCTTCTGAGGGA-1,22,GSE190260::LAM1163:GCATGATAGCGTTCCG-1,State_15,15,GSE190260,LAM1163,3.2361395359039307
GSE190260::LAM1163:CCTAGCTTCTGAGGGA-1,23,GSE190260::LAM1163:CGAGAAGTCTCTGTCG-1,State_15,15,GSE190260,LAM1163,3.2554931640625
GSE190260::LAM1163:CCTAGCTTCTGAGGGA-1,24,GSE190260::LAM1163:CGTAGCGTCCCAGGTG-1,State_15,15,GSE190260,LAM1163,3.268059730529785
GSE190260::LAM1163:CCTAGCTTCTGAGGGA-1,25,GSE302356::LAM10:CAGGATGCAATAATGG-1,State_16,16,GSE302356,LAM3,3.2765724658966064
GSE190260::LAM1163:CCTAGCTTCTGAGGGA-1,26,GSE190260::LAM1163:AGAGCTTCACGTTGGC-1,State_15,15,GSE190260,LAM1163,3.3094375133514404
GSE190260::LAM1163:CCTAGCTTCTGAGGGA-1,27,GSE190260::LAM1163:CCTCAGTAGTAGATGT-1,State_15,15,GSE190260,LAM1163,3.3181231021881104
GSE190260::LAM1163:CCTAGCTTCTGAGGGA-1,28,GSE190260::LAM1163:ATAAGAGAGGCGCTCT-1,State_15,15,GSE190260,LAM1163,3.320340156555176
GSE190260::LAM1163:CCTAGCTTCTGAGGGA-1,29,GSE190260::LAM1163:CATCAGACAAGAAAGG-1,State_15,15,GSE190260,LAM1163,3.3424429893493652
GSE190260::LAM1163:CCTAGCTTCTGAGGGA-1,30,GSE190260::LAM1163:TTAGGCAAGGAGCGAG-1,State_15,15,GSE190260,LAM1163,3.3434038162231445
GSE190260::LAM1163:CCTCAGTAGTAGATGT-1,1,GSE190260::LAM1163:CGATCGGAGATATGGT-1,State_15,15,GSE190260,LAM1163,1.056331992149353
GSE190260::LAM1163:CCTCAGTAGTAGATGT-1,2,GSE190260::LAM1163:CAAGTTGGTCGCCATG-1,State_15,15,GSE190260,LAM1163,1.1451880931854248
GSE190260::LAM1163:CCTCAGTAGTAGATGT-1,3,GSE190260::LAM1163:TGCCCTACAGACGCCT-1,State_15,15,GSE190260,LAM1163,1.454924464225769
GSE190260::LAM1163:CCTCAGTAGTAGATGT-1,4,GSE190260::LAM1163:CTCAGAATCACTTACT-1,State_15,15,GSE190260,LAM1163,1.4802533388137817
GSE190260::LAM1163:CCTCAGTAGTAGATGT-1,5,GSE190260::LAM1163:TAGACCATCGCACTCT-1,State_15,15,GSE190260,LAM1163,1.5621415376663208
GSE190260::LAM1163:CCTCAGTAGTAGATGT-1,6,GSE190260::LAM1163:AACACGTAGCTAAACA-1,State_15,15,GSE190260,LAM1163,1.5663658380508423
GSE190260::LAM1163:CCTCAGTAGTAGATGT-1,7,GSE190260::LAM1163:TTTACTGAGCTGAAAT-1,State_15,15,GSE190260,LAM1163,1.6343047618865967
GSE190260::LAM1163:CCTCAGTAGTAGATGT-1,8,GSE190260::LAM1163:CGCTATCGTAGGCATG-1,State_15,15,GSE190260,LAM1163,1.6417993307113647
GSE190260::LAM1163:CCTCAGTAGTAGATGT-1,9,GSE190260::LAM1163:CACACTCTCTGTCCGT-1,State_15,15,GSE190260,LAM1163,1.6762114763259888
GSE190260::LAM1163:CCTCAGTAGTAGATGT-1,10,GSE190260::LAM1163:TTGTAGGGTGCAACTT-1,State_15,15,GSE190260,LAM1163,1.6837538480758667
GSE190260::LAM1163:CCTCAGTAGTAGATGT-1,11,GSE190260::LAM1163:AGTCTTTAGATAGTCA-1,State_15,15,GSE190260,LAM1163,1.6851061582565308
GSE190260::LAM1163:CCTCAGTAGTAGATGT-1,12,GSE190260::LAM1163:CTTCTCTGTACTTGAC-1,State_15,15,GSE190260,LAM1163,1.695456624031067
GSE190260::LAM1163:CCTCAGTAGTAGATGT-1,13,GSE190260::LAM1163:TACGGGCCAGTTAACC-1,State_15,15,GSE190260,LAM1163,1.714447021484375
GSE190260::LAM1163:CCTCAGTAGTAGATGT-1,14,GSE190260::LAM1163:CGGAGCTAGAGAACAG-1,State_15,15,GSE190260,LAM1163,1.757584810256958
GSE190260::LAM1163:CCTCAGTAGTAGATGT-1,15,GSE190260::LAM1163:GAGTCCGAGCTAAACA-1,State_15,15,GSE190260,LAM1163,1.798501968383789
GSE190260::LAM1163:CCTCAGTAGTAGATGT-1,16,GSE190260::LAM1163:AGAATAGTCCCTGACT-1,State_15,15,GSE190260,LAM1163,1.87723970413208
GSE190260::LAM1163:CCTCAGTAGTAGATGT-1,17,GSE190260::LAM1163:GGGTTGCGTCAGAATA-1,State_15,15,GSE190260,LAM1163,1.9534003734588623
GSE190260::LAM1163:CCTCAGTAGTAGATGT-1,18,GSE190260::LAM1163:CCAGCGAGTAGCCTAT-1,State_15,15,GSE190260,LAM1163,1.9623101949691772
GSE190260::LAM1163:CCTCAGTAGTAGATGT-1,19,GSE190260::LAM1163:CATCAGACAAGAAAGG-1,State_15,15,GSE190260,LAM1163,1.9841985702514648
GSE190260::LAM1163:CCTCAGTAGTAGATGT-1,20,GSE190260::LAM1163:TGCGCAGCAAGGCTCC-1,State_15,15,GSE190260,LAM1163,1.9945985078811646
GSE190260::LAM1163:CCTCAGTAGTAGATGT-1,21,GSE190260::LAM1163:CTTACCGTCGTCTGCT-1,State_15,15,GSE190260,LAM1163,2.0031557083129883
GSE190260::LAM1163:CCTCAGTAGTAGATGT-1,22,GSE190260::LAM1163:GGATGTTTCTTCCTTC-1,State_15,15,GSE190260,LAM1163,2.0040805339813232
GSE190260::LAM1163:CCTCAGTAGTAGATGT-1,23,GSE190260::LAM1163:TCGTAGAGTTACCGAT-1,State_15,15,GSE190260,LAM1163,2.0301623344421387
GSE190260::LAM1163:CCTCAGTAGTAGATGT-1,24,GSE190260::LAM1163:AGCCTAAAGATGCCAG-1,State_15,15,GSE190260,LAM1163,2.0555579662323
GSE190260::LAM1163:CCTCAGTAGTAGATGT-1,25,GSE190260::LAM1163:AAAGCAACAAGAGTCG-1,State_15,15,GSE190260,LAM1163,2.0849063396453857
GSE190260::LAM1163:CCTCAGTAGTAGATGT-1,26,GSE190260::LAM1163:CACAGTATCTTGTATC-1,State_15,15,GSE190260,LAM1163,2.1469037532806396
GSE190260::LAM1163:CCTCAGTAGTAGATGT-1,27,GSE190260::LAM1163:CGCTTCAAGCCCAACC-1,State_15,15,GSE190260,LAM1163,2.1585745811462402
GSE190260::LAM1163:CCTCAGTAGTAGATGT-1,28,GSE190260::LAM1163:AGGGTGACAAACTGTC-1,State_15,15,GSE190260,LAM1163,2.1603479385375977
GSE190260::LAM1163:CCTCAGTAGTAGATGT-1,29,GSE190260::LAM1163:TCAGGATGTGACAAAT-1,State_15,15,GSE190260,LAM1163,2.1657347679138184
GSE190260::LAM1163:CCTCAGTAGTAGATGT-1,30,GSE190260::LAM1163:ATGTGTGGTAGTAGTA-1,State_15,15,GSE190260,LAM1163,2.166187286376953
GSE190260::LAM1163:CCTTTCTCATCGGGTC-1,1,GSE190260::LAM1163:AGAGCTTCACGTTGGC-1,State_15,15,GSE190260,LAM1163,1.1776725053787231
GSE190260::LAM1163:CCTTTCTCATCGGGTC-1,2,GSE190260::LAM1163:CGTCTACGTTTGTTGG-1,State_15,15,GSE190260,LAM1163,1.655078649520874
GSE190260::LAM1163:CCTTTCTCATCGGGTC-1,3,GSE190260::LAM1163:CGCTATCGTAGGCATG-1,State_15,15,GSE190260,LAM1163,1.6773037910461426
GSE190260::LAM1163:CCTTTCTCATCGGGTC-1,4,GSE190260::LAM1163:AGGGTGACAAACTGTC-1,State_15,15,GSE190260,LAM1163,1.868914008140564
GSE190260::LAM1163:CCTTTCTCATCGGGTC-1,5,GSE190260::LAM1163:CTTACCGTCGTCTGCT-1,State_15,15,GSE190260,LAM1163,1.9016945362091064
GSE190260::LAM1163:CCTTTCTCATCGGGTC-1,6,GSE190260::LAM1163:GGTGCGTTCTGTACGA-1,State_15,15,GSE190260,LAM1163,1.9252692461013794
GSE190260::LAM1163:CCTTTCTCATCGGGTC-1,7,GSE190260::LAM1163:AAGACCTTCCCTTGCA-1,State_15,15,GSE190260,LAM1163,1.9267597198486328
GSE190260::LAM1163:CCTTTCTCATCGGGTC-1,8,GSE190260::LAM1163:CACCACTCACAGTCGC-1,State_15,15,GSE190260,LAM1163,1.9630613327026367
GSE190260::LAM1163:CCTTTCTCATCGGGTC-1,9,GSE190260::LAM1163:TGCGCAGCAAGGCTCC-1,State_15,15,GSE190260,LAM1163,1.991263747215271
GSE190260::LAM1163:CCTTTCTCATCGGGTC-1,10,GSE190260::LAM1163:TTAGGACGTCGGATCC-1,State_15,15,GSE190260,LAM1163,2.000969886779785
GSE190260::LAM1163:CCTTTCTCATCGGGTC-1,11,GSE190260::LAM1163:CAGCATATCCTCCTAG-1,State_15,15,GSE190260,LAM1163,2.0760655403137207
GSE190260::LAM1163:CCTTTCTCATCGGGTC-1,12,GSE190260::LAM1163:TTCTCAAAGTCCGTAT-1,State_15,15,GSE190260,LAM1163,2.1161229610443115
GSE190260::LAM1163:CCTTTCTCATCGGGTC-1,13,GSE190260::LAM1163:CATCAGACAAGAAAGG-1,State_15,15,GSE190260,LAM1163,2.1582162380218506
GSE190260::LAM1163:CCTTTCTCATCGGGTC-1,14,GSE190260::LAM1163:CTCAGAATCACTTACT-1,State_15,15,GSE190260,LAM1163,2.1820356845855713
GSE190260::LAM1163:CCTTTCTCATCGGGTC-1,15,GSE190260::LAM1163:GCTTCCATCAGTTTGG-1,State_15,15,GSE190260,LAM1163,2.1881227493286133
GSE190260::LAM1163:CCTTTCTCATCGGGTC-1,16,GSE190260::LAM1163:GACTACATCGAGGTAG-1,State_15,15,GSE190260,LAM1163,2.193085193634033
GSE190260::LAM1163:CCTTTCTCATCGGGTC-1,17,GSE190260::LAM1163:CGGAGCTAGAGAACAG-1,State_15,15,GSE190260,LAM1163,2.263659954071045
GSE190260::LAM1163:CCTTTCTCATCGGGTC-1,18,GSE190260::LAM1163:TACGGGCCAGTTAACC-1,State_15,15,GSE190260,LAM1163,2.2934677600860596
GSE190260::LAM1163:CCTTTCTCATCGGGTC-1,19,GSE190260::LAM1163:CACACTCTCTGTCCGT-1,State_15,15,GSE190260,LAM1163,2.316913604736328
GSE190260::LAM1163:CCTTTCTCATCGGGTC-1,20,GSE190260::LAM1163:CTGATCCTCGCTTAGA-1,State_15,15,GSE190260,LAM1163,2.3181240558624268
GSE190260::LAM1163:CCTTTCTCATCGGGTC-1,21,GSE190260::LAM1163:TACGGATTCTATCCTA-1,State_15,15,GSE190260,LAM1163,2.3311314582824707
GSE190260::LAM1163:CCTTTCTCATCGGGTC-1,22,GSE190260::LAM1163:CGTCCATTCGTAGGAG-1,State_15,15,GSE190260,LAM1163,2.3523619174957275
GSE190260::LAM1163:CCTTTCTCATCGGGTC-1,23,GSE190260::LAM1163:ATGTGTGGTAGTAGTA-1,State_15,15,GSE190260,LAM1163,2.3552300930023193
GSE190260::LAM1163:CCTTTCTCATCGGGTC-1,24,GSE190260::LAM1163:GACTAACGTTGTGGCC-1,State_15,15,GSE190260,LAM1163,2.3574843406677246
GSE190260::LAM1163:CCTTTCTCATCGGGTC-1,25,GSE190260::LAM1163:TAGACCATCGCACTCT-1,State_15,15,GSE190260,LAM1163,2.3664209842681885
GSE190260::LAM1163:CCTTTCTCATCGGGTC-1,26,GSE190260::LAM1163:CATATGGTCGCCCTTA-1,State_15,15,GSE190260,LAM1163,2.3948543071746826
GSE190260::LAM1163:CCTTTCTCATCGGGTC-1,27,GSE190260::LAM1163:CCAGCGAGTAGCCTAT-1,State_15,15,GSE190260,LAM1163,2.396883726119995
GSE190260::LAM1163:CCTTTCTCATCGGGTC-1,28,GSE190260::LAM1163:AAAGCAACAAGAGTCG-1,State_15,15,GSE190260,LAM1163,2.3998196125030518
GSE190260::LAM1163:CCTTTCTCATCGGGTC-1,29,GSE190260::LAM1163:CACAGTATCTTGTATC-1,State_15,15,GSE190260,LAM1163,2.410547971725464
GSE190260::LAM1163:CCTTTCTCATCGGGTC-1,30,GSE190260::LAM1163:TCAGGATGTGACAAAT-1,State_15,15,GSE190260,LAM1163,2.4216363430023193
GSE190260::LAM1163:CGAACATCAATCACAC-1,1,GSE190260::LAM1163:CGTGTAAGTTGTACAC-1,State_15,15,GSE190260,LAM1163,2.762838840484619
GSE190260::LAM1163:CGAACATCAATCACAC-1,2,GSE190260::LAM1163:GGCAATTGTGTAAGTA-1,boundary,,GSE190260,LAM1163,2.8844828605651855
GSE190260::LAM1163:CGAACATCAATCACAC-1,3,GSE190260::LAM1163:GCATGATGTACATCCA-1,boundary,,GSE190260,LAM1163,2.9024698734283447
GSE190260::LAM1163:CGAACATCAATCACAC-1,4,GSE190260::LAM1163:TAAACCGAGGCAATTA-1,State_15,15,GSE190260,LAM1163,2.908747673034668
GSE190260::LAM1163:CGAACATCAATCACAC-1,5,GSE190260::LAM1163:CGAGAAGTCTCTGTCG-1,State_15,15,GSE190260,LAM1163,2.9795825481414795
GSE190260::LAM1163:CGAACATCAATCACAC-1,6,GSE190260::LAM1163:AGGGAGTTCCTCTAGC-1,boundary,,GSE190260,LAM1163,2.9975481033325195
GSE190260::LAM1163:CGAACATCAATCACAC-1,7,GSE190260::LAM1163:ACTGCTCAGAGTACCG-1,boundary,,GSE190260,LAM1163,3.0063788890838623
GSE190260::LAM1163:CGAACATCAATCACAC-1,8,GSE190260::LAM1163:AGTAGTCTCTGTGCAA-1,boundary,,GSE190260,LAM1163,3.0389163494110107
GSE190260::LAM1163:CGAACATCAATCACAC-1,9,GSE190260::LAM1163:ACAGCCGGTGCAACGA-1,boundary,,GSE190260,LAM1163,3.0927438735961914
GSE190260::LAM1163:CGAACATCAATCACAC-1,10,GSE122960::GSE122960_Donor_06:CCTTACGGTGGCTCCA-1,normal,,GSE122960,GSE122960_Donor_06,3.238469123840332
GSE190260::LAM1163:CGAACATCAATCACAC-1,11,GSE190260::LAM1163:ATTTCTGAGATCTGAA-1,State_7,7,GSE190260,LAM1163,3.2660574913024902
GSE190260::LAM1163:CGAACATCAATCACAC-1,12,GSE190260::LAM1163:CCCAGTTCAACTTGAC-1,boundary,,GSE190260,LAM1163,3.266367197036743
GSE190260::LAM1163:CGAACATCAATCACAC-1,13,GSE190260::LAM1163:GTTCATTAGTTATCGC-1,boundary,,GSE190260,LAM1163,3.2810146808624268
GSE190260::LAM1163:CGAACATCAATCACAC-1,14,GSE190260::LAM1163:AAGGAGCTCCACTCCA-1,boundary,,GSE190260,LAM1163,3.2839345932006836
GSE190260::LAM1163:CGAACATCAATCACAC-1,15,GSE122960::GSE122960_Donor_06:GCTGCGAAGCAACGGT-1,normal,,GSE122960,GSE122960_Donor_06,3.322157144546509
GSE190260::LAM1163:CGAACATCAATCACAC-1,16,GSE122960::GSE122960_Donor_06:GTGTGCGGTTAAGAAC-1,normal,,GSE122960,GSE122960_Donor_06,3.328171491622925
GSE190260::LAM1163:CGAACATCAATCACAC-1,17,GSE190260::LAM1163:AGTGTCATCTAGAGTC-1,boundary,,GSE190260,LAM1163,3.3342740535736084
GSE190260::LAM1163:CGAACATCAATCACAC-1,18,GSE122960::GSE122960_Donor_06:TCGCGTTAGAAGGTGA-1,normal,,GSE122960,GSE122960_Donor_06,3.3495752811431885
GSE190260::LAM1163:CGAACATCAATCACAC-1,19,GSE122960::GSE122960_Donor_06:CGTAGGCCAGCTCGCA-1,normal,,GSE122960,GSE122960_Donor_06,3.349811315536499
GSE190260::LAM1163:CGAACATCAATCACAC-1,20,GSE190260::LAM1163:GGACGTCAGACCGGAT-1,boundary,,GSE190260,LAM1163,3.3545515537261963
GSE190260::LAM1163:CGAACATCAATCACAC-1,21,GSE190260::LAM1163:TTCTCAAAGACATAAC-1,State_7,7,GSE190260,LAM1163,3.3773374557495117
GSE190260::LAM1163:CGAACATCAATCACAC-1,22,GSE302356::LAM10:GTAAGCTTCCGGCTAA-1,boundary,,GSE302356,LAM3,3.3937020301818848
GSE190260::LAM1163:CGAACATCAATCACAC-1,23,GSE190260::LAM1163:ATCATGGGTCTGCGGT-1,boundary,,GSE190260,LAM1163,3.4063045978546143
GSE190260::LAM1163:CGAACATCAATCACAC-1,24,GSE190260::LAM1163:CTCGTCACAAGTCATC-1,boundary,,GSE190260,LAM1163,3.407647132873535
GSE190260::LAM1163:CGAACATCAATCACAC-1,25,GSE122960::GSE122960_Donor_06:GAACGGAAGGTGCACA-1,normal,,GSE122960,GSE122960_Donor_06,3.425647020339966
GSE190260::LAM1163:CGAACATCAATCACAC-1,26,GSE122960::GSE122960_Donor_06:GTACGTAGTTCAACCA-1,normal,,GSE122960,GSE122960_Donor_06,3.4305145740509033
GSE190260::LAM1163:CGAACATCAATCACAC-1,27,GSE190260::LAM1163:CTCGGAGCAACACGCC-1,State_16,16,GSE190260,LAM1163,3.4347236156463623
GSE190260::LAM1163:CGAACATCAATCACAC-1,28,GSE190260::LAM1163:CATATGGTCACCAGGC-1,State_7,7,GSE190260,LAM1163,3.4356298446655273
GSE190260::LAM1163:CGAACATCAATCACAC-1,29,GSE190260::LAM1163:CTACACCAGGGTTTCT-1,boundary,,GSE190260,LAM1163,3.43696928024292
GSE190260::LAM1163:CGAACATCAATCACAC-1,30,GSE190260::LAM1163:GTAACTGAGCACCGCT-1,State_15,15,GSE190260,LAM1163,3.443957567214966
GSE190260::LAM1163:CGAGAAGTCTCTGTCG-1,1,GSE190260::LAM1163:TAAACCGAGGCAATTA-1,State_15,15,GSE190260,LAM1163,2.188319206237793
GSE190260::LAM1163:CGAGAAGTCTCTGTCG-1,2,GSE190260::LAM1163:CGAACATCAATCACAC-1,State_15,15,GSE190260,LAM1163,2.9795825481414795
GSE190260::LAM1163:CGAGAAGTCTCTGTCG-1,3,GSE302356::LAM10:TGATCAGGTCAATACG-1,State_15,15,GSE302356,LAM3,3.157914638519287
GSE190260::LAM1163:CGAGAAGTCTCTGTCG-1,4,GSE190260::LAM1163:TTCCCAGGTCTACCTC-1,State_7,7,GSE190260,LAM1163,3.1955459117889404
GSE190260::LAM1163:CGAGAAGTCTCTGTCG-1,5,GSE190260::LAM1163:GTCCTCATCCACTGGG-1,State_15,15,GSE190260,LAM1163,3.2328195571899414
GSE190260::LAM1163:CGAGAAGTCTCTGTCG-1,6,GSE190260::LAM1163:CCTAGCTTCTGAGGGA-1,State_15,15,GSE190260,LAM1163,3.2554931640625
GSE190260::LAM1163:CGAGAAGTCTCTGTCG-1,7,GSE190260::LAM1163:CGTGTAAGTTGTACAC-1,State_15,15,GSE190260,LAM1163,3.327582597732544
GSE190260::LAM1163:CGAGAAGTCTCTGTCG-1,8,GSE190260::LAM1163:AGGGAGTTCCTCTAGC-1,boundary,,GSE190260,LAM1163,3.338174819946289
GSE190260::LAM1163:CGAGAAGTCTCTGTCG-1,9,GSE190260::LAM1163:TTCGAAGGTGTGCGTC-1,boundary,,GSE190260,LAM1163,3.350520133972168
GSE190260::LAM1163:CGAGAAGTCTCTGTCG-1,10,GSE190260::LAM1163:CCCAGTTCAACTTGAC-1,boundary,,GSE190260,LAM1163,3.3667819499969482
GSE190260::LAM1163:CGAGAAGTCTCTGTCG-1,11,GSE302356::LAM10:ACTTATGAGTAGCCAT-1,State_12,12,GSE302356,LAM3,3.488651990890503
GSE190260::LAM1163:CGAGAAGTCTCTGTCG-1,12,GSE190260::LAM1163:ACTGCTCAGAGTACCG-1,boundary,,GSE190260,LAM1163,3.5104613304138184
GSE190260::LAM1163:CGAGAAGTCTCTGTCG-1,13,GSE190260::LAM1163:AGTAGTCTCTGTGCAA-1,boundary,,GSE190260,LAM1163,3.5638134479522705
GSE190260::LAM1163:CGAGAAGTCTCTGTCG-1,14,GSE190260::LAM1163:GTTCATTAGTTATCGC-1,boundary,,GSE190260,LAM1163,3.58251690864563
GSE190260::LAM1163:CGAGAAGTCTCTGTCG-1,15,GSE302356::LAM13:CCTAAAGGTCATGCAA-1,State_15,15,GSE302356,LAM50,3.6379873752593994
GSE190260::LAM1163:CGAGAAGTCTCTGTCG-1,16,GSE190260::LAM1163:AGTGTCATCTAGAGTC-1,boundary,,GSE190260,LAM1163,3.6670007705688477
GSE190260::LAM1163:CGAGAAGTCTCTGTCG-1,17,GSE190260::LAM1163:TTAGGCATCCAGAGGA-1,boundary,,GSE190260,LAM1163,3.742626190185547
GSE190260::LAM1163:CGAGAAGTCTCTGTCG-1,18,GSE190260::LAM1163:TCAGCTCGTCCGCTGA-1,State_12,12,GSE190260,LAM1163,3.765190839767456
GSE190260::LAM1163:CGAGAAGTCTCTGTCG-1,19,GSE190260::LAM1163:TTCTCAAAGACATAAC-1,State_7,7,GSE190260,LAM1163,3.767897605895996
GSE190260::LAM1163:CGAGAAGTCTCTGTCG-1,20,GSE302356::LAM10:TGGTTCTGTCTAACCT-1,boundary,,GSE302356,LAM3,3.771129608154297
GSE190260::LAM1163:CGAGAAGTCTCTGTCG-1,21,GSE190260::LAM1163:GAGGTGACATTCACTT-1,boundary,,GSE190260,LAM1163,3.773852825164795
GSE190260::LAM1163:CGAGAAGTCTCTGTCG-1,22,GSE217108::LAM32:GGTTAATGTAACCTAG-1,State_12,12,GSE217108,LAM32,3.797973394393921
GSE190260::LAM1163:CGAGAAGTCTCTGTCG-1,23,GSE190260::LAM1163:AAGGCAGAGGAGTCTG-1,boundary,,GSE190260,LAM1163,3.799616575241089
GSE190260::LAM1163:CGAGAAGTCTCTGTCG-1,24,GSE135851::LAM1:TTCTACACAGTTCATG-1,State_15,15,GSE135851,LAM1,3.800788164138794
GSE190260::LAM1163:CGAGAAGTCTCTGTCG-1,25,GSE190260::LAM1163:CTACACCAGGGTTTCT-1,boundary,,GSE190260,LAM1163,3.819831132888794
GSE190260::LAM1163:CGAGAAGTCTCTGTCG-1,26,GSE190260::LAM1163:TCGCGAGGTATGGTTC-1,boundary,,GSE190260,LAM1163,3.8223013877868652
GSE190260::LAM1163:CGAGAAGTCTCTGTCG-1,27,GSE190260::LAM1163:CATGGCGAGCACAGGT-1,State_12,12,GSE190260,LAM1163,3.8268251419067383
GSE190260::LAM1163:CGAGAAGTCTCTGTCG-1,28,GSE190260::LAM1163:CATATGGTCACCAGGC-1,State_7,7,GSE190260,LAM1163,3.837559461593628
GSE190260::LAM1163:CGAGAAGTCTCTGTCG-1,29,GSE190260::LAM1163:GCGCCAACAGGAATCG-1,boundary,,GSE190260,LAM1163,3.837888240814209
GSE190260::LAM1163:CGAGAAGTCTCTGTCG-1,30,GSE190260::LAM1163:AATCGGTTCTGATACG-1,boundary,,GSE190260,LAM1163,3.839674472808838
GSE190260::LAM1163:CGATCGGAGATATGGT-1,1,GSE190260::LAM1163:CAAGTTGGTCGCCATG-1,State_15,15,GSE190260,LAM1163,0.8080147504806519
GSE190260::LAM1163:CGATCGGAGATATGGT-1,2,GSE190260::LAM1163:CCTCAGTAGTAGATGT-1,State_15,15,GSE190260,LAM1163,1.056331992149353
GSE190260::LAM1163:CGATCGGAGATATGGT-1,3,GSE190260::LAM1163:TTTACTGAGCTGAAAT-1,State_15,15,GSE190260,LAM1163,1.307330846786499
GSE190260::LAM1163:CGATCGGAGATATGGT-1,4,GSE190260::LAM1163:TGCCCTACAGACGCCT-1,State_15,15,GSE190260,LAM1163,1.6051185131072998
GSE190260::LAM1163:CGATCGGAGATATGGT-1,5,GSE190260::LAM1163:TAGACCATCGCACTCT-1,State_15,15,GSE190260,LAM1163,1.628685474395752
GSE190260::LAM1163:CGATCGGAGATATGGT-1,6,GSE190260::LAM1163:CGCTATCGTAGGCATG-1,State_15,15,GSE190260,LAM1163,1.6591641902923584
GSE190260::LAM1163:CGATCGGAGATATGGT-1,7,GSE190260::LAM1163:AGTCTTTAGATAGTCA-1,State_15,15,GSE190260,LAM1163,1.775262713432312
GSE190260::LAM1163:CGATCGGAGATATGGT-1,8,GSE190260::LAM1163:AGAATAGTCCCTGACT-1,State_15,15,GSE190260,LAM1163,1.8117154836654663
GSE190260::LAM1163:CGATCGGAGATATGGT-1,9,GSE190260::LAM1163:CTCAGAATCACTTACT-1,State_15,15,GSE190260,LAM1163,1.8581843376159668
GSE190260::LAM1163:CGATCGGAGATATGGT-1,10,GSE190260::LAM1163:CACACTCTCTGTCCGT-1,State_15,15,GSE190260,LAM1163,1.8608949184417725
GSE190260::LAM1163:CGATCGGAGATATGGT-1,11,GSE190260::LAM1163:AGCCTAAAGATGCCAG-1,State_15,15,GSE190260,LAM1163,1.8911240100860596
GSE190260::LAM1163:CGATCGGAGATATGGT-1,12,GSE190260::LAM1163:TTGTAGGGTGCAACTT-1,State_15,15,GSE190260,LAM1163,1.9224525690078735
GSE190260::LAM1163:CGATCGGAGATATGGT-1,13,GSE190260::LAM1163:TCGTAGAGTTACCGAT-1,State_15,15,GSE190260,LAM1163,1.9259247779846191
GSE190260::LAM1163:CGATCGGAGATATGGT-1,14,GSE190260::LAM1163:GAGTCCGAGCTAAACA-1,State_15,15,GSE190260,LAM1163,1.949190378189087
GSE190260::LAM1163:CGATCGGAGATATGGT-1,15,GSE190260::LAM1163:CGGAGCTAGAGAACAG-1,State_15,15,GSE190260,LAM1163,1.95636785030365
GSE190260::LAM1163:CGATCGGAGATATGGT-1,16,GSE190260::LAM1163:AACACGTAGCTAAACA-1,State_15,15,GSE190260,LAM1163,1.9818631410598755
GSE190260::LAM1163:CGATCGGAGATATGGT-1,17,GSE190260::LAM1163:CTTCTCTGTACTTGAC-1,State_15,15,GSE190260,LAM1163,1.9891334772109985
GSE190260::LAM1163:CGATCGGAGATATGGT-1,18,GSE190260::LAM1163:TGCGCAGCAAGGCTCC-1,State_15,15,GSE190260,LAM1163,2.008653163909912
GSE190260::LAM1163:CGATCGGAGATATGGT-1,19,GSE190260::LAM1163:TACGGATTCTATCCTA-1,State_15,15,GSE190260,LAM1163,2.008924722671509
GSE190260::LAM1163:CGATCGGAGATATGGT-1,20,GSE190260::LAM1163:CTTACCGTCGTCTGCT-1,State_15,15,GSE190260,LAM1163,2.0254971981048584
GSE190260::LAM1163:CGATCGGAGATATGGT-1,21,GSE190260::LAM1163:ATGTGTGGTAGTAGTA-1,State_15,15,GSE190260,LAM1163,2.0400912761688232
GSE190260::LAM1163:CGATCGGAGATATGGT-1,22,GSE190260::LAM1163:TTTGCGCAGCCAGAAC-1,State_15,15,GSE190260,LAM1163,2.0622410774230957
GSE190260::LAM1163:CGATCGGAGATATGGT-1,23,GSE190260::LAM1163:CGGACTGGTCCAAGTT-1,State_15,15,GSE190260,LAM1163,2.0671143531799316
GSE190260::LAM1163:CGATCGGAGATATGGT-1,24,GSE190260::LAM1163:CCAGCGAGTAGCCTAT-1,State_15,15,GSE190260,LAM1163,2.091294288635254
GSE190260::LAM1163:CGATCGGAGATATGGT-1,25,GSE190260::LAM1163:GGGTTGCGTCAGAATA-1,State_15,15,GSE190260,LAM1163,2.1012775897979736
GSE190260::LAM1163:CGATCGGAGATATGGT-1,26,GSE190260::LAM1163:TACGGGCCAGTTAACC-1,State_15,15,GSE190260,LAM1163,2.1271209716796875
GSE190260::LAM1163:CGATCGGAGATATGGT-1,27,GSE190260::LAM1163:CACAGTATCTTGTATC-1,State_15,15,GSE190260,LAM1163,2.213628053665161
GSE190260::LAM1163:CGATCGGAGATATGGT-1,28,GSE190260::LAM1163:GGATGTTTCTTCCTTC-1,State_15,15,GSE190260,LAM1163,2.219325304031372
GSE190260::LAM1163:CGATCGGAGATATGGT-1,29,GSE190260::LAM1163:AAAGCAACAAGAGTCG-1,State_15,15,GSE190260,LAM1163,2.2229204177856445
GSE190260::LAM1163:CGATCGGAGATATGGT-1,30,GSE190260::LAM1163:CGCTTCAAGCCCAACC-1,State_15,15,GSE190260,LAM1163,2.23214054107666
GSE190260::LAM1163:CGCTATCGTAGGCATG-1,1,GSE190260::LAM1163:CTCAGAATCACTTACT-1,State_15,15,GSE190260,LAM1163,1.3670904636383057
GSE190260::LAM1163:CGCTATCGTAGGCATG-1,2,GSE190260::LAM1163:AGGGTGACAAACTGTC-1,State_15,15,GSE190260,LAM1163,1.4389625787734985
GSE190260::LAM1163:CGCTATCGTAGGCATG-1,3,GSE190260::LAM1163:CGCTTCAAGCCCAACC-1,State_15,15,GSE190260,LAM1163,1.4651671648025513
GSE190260::LAM1163:CGCTATCGTAGGCATG-1,4,GSE190260::LAM1163:ATGTGTGGTAGTAGTA-1,State_15,15,GSE190260,LAM1163,1.4729573726654053
GSE190260::LAM1163:CGCTATCGTAGGCATG-1,5,GSE190260::LAM1163:AGAGCTTCACGTTGGC-1,State_15,15,GSE190260,LAM1163,1.4830669164657593
GSE190260::LAM1163:CGCTATCGTAGGCATG-1,6,GSE190260::LAM1163:CTTACCGTCGTCTGCT-1,State_15,15,GSE190260,LAM1163,1.4883400201797485
GSE190260::LAM1163:CGCTATCGTAGGCATG-1,7,GSE190260::LAM1163:TGCGCAGCAAGGCTCC-1,State_15,15,GSE190260,LAM1163,1.5109819173812866
GSE190260::LAM1163:CGCTATCGTAGGCATG-1,8,GSE190260::LAM1163:GGGTTGCGTCAGAATA-1,State_15,15,GSE190260,LAM1163,1.5132336616516113
GSE190260::LAM1163:CGCTATCGTAGGCATG-1,9,GSE190260::LAM1163:CACACTCTCTGTCCGT-1,State_15,15,GSE190260,LAM1163,1.5357433557510376
GSE190260::LAM1163:CGCTATCGTAGGCATG-1,10,GSE190260::LAM1163:TAGACCATCGCACTCT-1,State_15,15,GSE190260,LAM1163,1.536103367805481
GSE190260::LAM1163:CGCTATCGTAGGCATG-1,11,GSE190260::LAM1163:CACAGTATCTTGTATC-1,State_15,15,GSE190260,LAM1163,1.551513671875
GSE190260::LAM1163:CGCTATCGTAGGCATG-1,12,GSE190260::LAM1163:TTCTCAAAGTCCGTAT-1,State_15,15,GSE190260,LAM1163,1.5657907724380493
GSE190260::LAM1163:CGCTATCGTAGGCATG-1,13,GSE190260::LAM1163:CGTCTACGTTTGTTGG-1,State_15,15,GSE190260,LAM1163,1.5792038440704346
GSE190260::LAM1163:CGCTATCGTAGGCATG-1,14,GSE190260::LAM1163:CATCAGACAAGAAAGG-1,State_15,15,GSE190260,LAM1163,1.5888580083847046
GSE190260::LAM1163:CGCTATCGTAGGCATG-1,15,GSE190260::LAM1163:TACGGATTCTATCCTA-1,State_15,15,GSE190260,LAM1163,1.6157699823379517
GSE190260::LAM1163:CGCTATCGTAGGCATG-1,16,GSE190260::LAM1163:GGATGTTTCTTCCTTC-1,State_15,15,GSE190260,LAM1163,1.6249334812164307
GSE190260::LAM1163:CGCTATCGTAGGCATG-1,17,GSE190260::LAM1163:GGTGCGTTCTGTACGA-1,State_15,15,GSE190260,LAM1163,1.6339887380599976
GSE190260::LAM1163:CGCTATCGTAGGCATG-1,18,GSE190260::LAM1163:CCTCAGTAGTAGATGT-1,State_15,15,GSE190260,LAM1163,1.6417993307113647
GSE190260::LAM1163:CGCTATCGTAGGCATG-1,19,GSE190260::LAM1163:CGATCGGAGATATGGT-1,State_15,15,GSE190260,LAM1163,1.6591641902923584
GSE190260::LAM1163:CGCTATCGTAGGCATG-1,20,GSE190260::LAM1163:CGGAGCTAGAGAACAG-1,State_15,15,GSE190260,LAM1163,1.675934910774231
GSE190260::LAM1163:CGCTATCGTAGGCATG-1,21,GSE190260::LAM1163:CCTTTCTCATCGGGTC-1,State_15,15,GSE190260,LAM1163,1.6773037910461426
GSE190260::LAM1163:CGCTATCGTAGGCATG-1,22,GSE190260::LAM1163:AGTCTTTAGATAGTCA-1,State_15,15,GSE190260,LAM1163,1.6929173469543457
GSE190260::LAM1163:CGCTATCGTAGGCATG-1,23,GSE190260::LAM1163:TGCCCTACAGACGCCT-1,State_15,15,GSE190260,LAM1163,1.706680417060852
GSE190260::LAM1163:CGCTATCGTAGGCATG-1,24,GSE190260::LAM1163:AAGACCTTCCCTTGCA-1,State_15,15,GSE190260,LAM1163,1.7085388898849487
GSE190260::LAM1163:CGCTATCGTAGGCATG-1,25,GSE190260::LAM1163:CAGCATATCCTCCTAG-1,State_15,15,GSE190260,LAM1163,1.720942735671997
GSE190260::LAM1163:CGCTATCGTAGGCATG-1,26,GSE190260::LAM1163:AAAGCAACAAGAGTCG-1,State_15,15,GSE190260,LAM1163,1.7304414510726929
GSE190260::LAM1163:CGCTATCGTAGGCATG-1,27,GSE190260::LAM1163:GAGTCCGAGCTAAACA-1,State_15,15,GSE190260,LAM1163,1.7434462308883667
GSE190260::LAM1163:CGCTATCGTAGGCATG-1,28,GSE190260::LAM1163:TACGGGCCAGTTAACC-1,State_15,15,GSE190260,LAM1163,1.781504511833191
GSE190260::LAM1163:CGCTATCGTAGGCATG-1,29,GSE190260::LAM1163:AGCCTAAAGATGCCAG-1,State_15,15,GSE190260,LAM1163,1.8166637420654297
GSE190260::LAM1163:CGCTATCGTAGGCATG-1,30,GSE190260::LAM1163:ATTACTCGTGTCCTCT-1,State_15,15,GSE190260,LAM1163,1.818904161453247
GSE190260::LAM1163:CGCTGGACAAGTTCTG-1,1,GSE190260::LAM1163:AAGACCTTCCCTTGCA-1,State_15,15,GSE190260,LAM1163,1.6824119091033936
GSE190260::LAM1163:CGCTGGACAAGTTCTG-1,2,GSE190260::LAM1163:GGGATGATCACAAACC-1,State_15,15,GSE190260,LAM1163,1.7592047452926636
GSE190260::LAM1163:CGCTGGACAAGTTCTG-1,3,GSE190260::LAM1163:TTCTCAAAGTCCGTAT-1,State_15,15,GSE190260,LAM1163,1.9319268465042114
GSE190260::LAM1163:CGCTGGACAAGTTCTG-1,4,GSE190260::LAM1163:ATGTGTGGTAGTAGTA-1,State_15,15,GSE190260,LAM1163,2.08809494972229
GSE190260::LAM1163:CGCTGGACAAGTTCTG-1,5,GSE190260::LAM1163:TACGGATTCTATCCTA-1,State_15,15,GSE190260,LAM1163,2.089508533477783
GSE190260::LAM1163:CGCTGGACAAGTTCTG-1,6,GSE190260::LAM1163:TCAGGATGTGACAAAT-1,State_15,15,GSE190260,LAM1163,2.0980679988861084
GSE190260::LAM1163:CGCTGGACAAGTTCTG-1,7,GSE190260::LAM1163:CTGATCCTCGCTTAGA-1,State_15,15,GSE190260,LAM1163,2.1348891258239746
GSE190260::LAM1163:CGCTGGACAAGTTCTG-1,8,GSE190260::LAM1163:TCGTACCCAAGCCGTC-1,State_15,15,GSE190260,LAM1163,2.1641061305999756
GSE190260::LAM1163:CGCTGGACAAGTTCTG-1,9,GSE135851::LAM1:TCGAGGCTCGACCAGC-1,State_15,15,GSE135851,LAM1,2.1781044006347656
GSE190260::LAM1163:CGCTGGACAAGTTCTG-1,10,GSE135851::LAM1:CGAGCACCATTATCTC-1,State_15,15,GSE135851,LAM1,2.2056024074554443
GSE190260::LAM1163:CGCTGGACAAGTTCTG-1,11,GSE190260::LAM1163:GACGCGTCATCCGGGT-1,State_15,15,GSE190260,LAM1163,2.2122087478637695
GSE190260::LAM1163:CGCTGGACAAGTTCTG-1,12,GSE190260::LAM1163:CGCTGGAGTAAGTAGT-1,State_15,15,GSE190260,LAM1163,2.2554802894592285
GSE190260::LAM1163:CGCTGGACAAGTTCTG-1,13,GSE190260::LAM1163:TGCGCAGTCTCTAAGG-1,State_15,15,GSE190260,LAM1163,2.260669231414795
GSE190260::LAM1163:CGCTGGACAAGTTCTG-1,14,GSE190260::LAM1163:CGGACTGGTCCAAGTT-1,State_15,15,GSE190260,LAM1163,2.267758369445801
GSE190260::LAM1163:CGCTGGACAAGTTCTG-1,15,GSE135851::LAM1:GGCGACTTCGCACTCT-1,State_15,15,GSE135851,LAM1,2.3716061115264893
GSE190260::LAM1163:CGCTGGACAAGTTCTG-1,16,GSE190260::LAM1163:CGGAGCTAGAGAACAG-1,State_15,15,GSE190260,LAM1163,2.388658046722412
GSE190260::LAM1163:CGCTGGACAAGTTCTG-1,17,GSE135851::LAM1:TTAACTCGTACTCAAC-1,State_15,15,GSE135851,LAM1,2.3957252502441406
GSE190260::LAM1163:CGCTGGACAAGTTCTG-1,18,GSE190260::LAM1163:CAGATCAGTATCACCA-1,State_15,15,GSE190260,LAM1163,2.410998821258545
GSE190260::LAM1163:CGCTGGACAAGTTCTG-1,19,GSE190260::LAM1163:GACTACATCGAGGTAG-1,State_15,15,GSE190260,LAM1163,2.4628829956054688
GSE190260::LAM1163:CGCTGGACAAGTTCTG-1,20,GSE190260::LAM1163:TACGGTATCACCTTAT-1,State_15,15,GSE190260,LAM1163,2.470628499984741
GSE190260::LAM1163:CGCTGGACAAGTTCTG-1,21,GSE190260::LAM1163:GCTTCCATCAGTTTGG-1,State_15,15,GSE190260,LAM1163,2.497002601623535
GSE190260::LAM1163:CGCTGGACAAGTTCTG-1,22,GSE190260::LAM1163:CTGAAGTCACCGAATT-1,State_15,15,GSE190260,LAM1163,2.5059432983398438
GSE190260::LAM1163:CGCTGGACAAGTTCTG-1,23,GSE190260::LAM1158:CTAAGACAGTCTCGGC-1,State_15,15,GSE190260,LAM1158,2.515484094619751
GSE190260::LAM1163:CGCTGGACAAGTTCTG-1,24,GSE190260::LAM1163:AGGGTGACAAACTGTC-1,State_15,15,GSE190260,LAM1163,2.527367353439331
GSE190260::LAM1163:CGCTGGACAAGTTCTG-1,25,GSE190260::LAM1163:CGCTATCGTAGGCATG-1,State_15,15,GSE190260,LAM1163,2.5389347076416016
GSE190260::LAM1163:CGCTGGACAAGTTCTG-1,26,GSE190260::LAM1163:TATCTCAAGAGACTAT-1,State_15,15,GSE190260,LAM1163,2.5435681343078613
GSE190260::LAM1163:CGCTGGACAAGTTCTG-1,27,GSE190260::LAM1163:AGCTCCTTCCGCTGTT-1,State_15,15,GSE190260,LAM1163,2.5550687313079834
GSE190260::LAM1163:CGCTGGACAAGTTCTG-1,28,GSE190260::LAM1163:GACTAACGTTGTGGCC-1,State_15,15,GSE190260,LAM1163,2.5802695751190186
GSE190260::LAM1163:CGCTGGACAAGTTCTG-1,29,GSE190260::LAM1163:CACCACTCACAGTCGC-1,State_15,15,GSE190260,LAM1163,2.5803756713867188
GSE190260::LAM1163:CGCTGGACAAGTTCTG-1,30,GSE135851::LAM1:TATCTCATCAAGCCTA-1,State_15,15,GSE135851,LAM1,2.5807604789733887
GSE190260::LAM1163:CGCTGGAGTAAGTAGT-1,1,GSE190260::LAM1163:GGGATGATCACAAACC-1,State_15,15,GSE190260,LAM1163,1.8464347124099731
GSE190260::LAM1163:CGCTGGAGTAAGTAGT-1,2,GSE190260::LAM1163:CTGAAGTCACCGAATT-1,State_15,15,GSE190260,LAM1163,1.956175446510315
GSE190260::LAM1163:CGCTGGAGTAAGTAGT-1,3,GSE190260::LAM1163:TACGGATTCTATCCTA-1,State_15,15,GSE190260,LAM1163,2.047994613647461
GSE190260::LAM1163:CGCTGGAGTAAGTAGT-1,4,GSE190260::LAM1163:AAGACCTTCCCTTGCA-1,State_15,15,GSE190260,LAM1163,2.086688280105591
GSE190260::LAM1163:CGCTGGAGTAAGTAGT-1,5,GSE190260::LAM1163:GACGCGTCATCCGGGT-1,State_15,15,GSE190260,LAM1163,2.1471734046936035
GSE190260::LAM1163:CGCTGGAGTAAGTAGT-1,6,GSE190260::LAM1163:TCAGGATGTGACAAAT-1,State_15,15,GSE190260,LAM1163,2.168771743774414
GSE190260::LAM1163:CGCTGGAGTAAGTAGT-1,7,GSE190260::LAM1163:CAGATCAGTATCACCA-1,State_15,15,GSE190260,LAM1163,2.178666591644287
GSE190260::LAM1163:CGCTGGAGTAAGTAGT-1,8,GSE135851::LAM1:CGGACACTCAGAGGTG-1,State_15,15,GSE135851,LAM1,2.1829781532287598
GSE190260::LAM1163:CGCTGGAGTAAGTAGT-1,9,GSE190260::LAM1163:CATATTCGTCTCCCTA-1,State_15,15,GSE190260,LAM1163,2.2151896953582764
GSE190260::LAM1163:CGCTGGAGTAAGTAGT-1,10,GSE135851::LAM1:TCGAGGCTCGACCAGC-1,State_15,15,GSE135851,LAM1,2.2337653636932373
GSE190260::LAM1163:CGCTGGAGTAAGTAGT-1,11,GSE190260::LAM1163:GCGGGTTTCACATAGC-1,State_15,15,GSE190260,LAM1163,2.246044635772705
GSE190260::LAM1163:CGCTGGAGTAAGTAGT-1,12,GSE190260::LAM1163:TCGTACCCAAGCCGTC-1,State_15,15,GSE190260,LAM1163,2.255406141281128
GSE190260::LAM1163:CGCTGGAGTAAGTAGT-1,13,GSE190260::LAM1163:CGCTGGACAAGTTCTG-1,State_15,15,GSE190260,LAM1163,2.2554802894592285
GSE190260::LAM1163:CGCTGGAGTAAGTAGT-1,14,GSE190260::LAM1163:CATATGGTCGCCCTTA-1,State_15,15,GSE190260,LAM1163,2.2835710048675537
GSE190260::LAM1163:CGCTGGAGTAAGTAGT-1,15,GSE135851::LAM1:GGCGACTTCGCACTCT-1,State_15,15,GSE135851,LAM1,2.31304669380188
GSE190260::LAM1163:CGCTGGAGTAAGTAGT-1,16,GSE135851::LAM1:CGAGCACCATTATCTC-1,State_15,15,GSE135851,LAM1,2.329679012298584
GSE190260::LAM1163:CGCTGGAGTAAGTAGT-1,17,GSE135851::LAM1:TGCACCTTCGAACTGT-1,State_15,15,GSE135851,LAM1,2.332632541656494
GSE190260::LAM1163:CGCTGGAGTAAGTAGT-1,18,GSE135851::LAM1:TTAACTCGTACTCAAC-1,State_15,15,GSE135851,LAM1,2.351349115371704
GSE190260::LAM1163:CGCTGGAGTAAGTAGT-1,19,GSE190260::LAM1163:TGGACGCTCAAGAAGT-1,State_15,15,GSE190260,LAM1163,2.3586294651031494
GSE190260::LAM1163:CGCTGGAGTAAGTAGT-1,20,GSE190260::LAM1163:TTCTCAAAGTCCGTAT-1,State_15,15,GSE190260,LAM1163,2.4121904373168945
GSE190260::LAM1163:CGCTGGAGTAAGTAGT-1,21,GSE190260::LAM1163:TTAGGACGTCGGATCC-1,State_15,15,GSE190260,LAM1163,2.4510931968688965
GSE190260::LAM1163:CGCTGGAGTAAGTAGT-1,22,GSE190260::LAM1163:GAGGTGAAGCCAGGAT-1,State_15,15,GSE190260,LAM1163,2.4518322944641113
GSE190260::LAM1163:CGCTGGAGTAAGTAGT-1,23,GSE190260::LAM1163:ACATGGTCATCGATTG-1,State_15,15,GSE190260,LAM1163,2.4595165252685547
GSE190260::LAM1163:CGCTGGAGTAAGTAGT-1,24,GSE135851::LAM1:ATTACTCAGCCACCTG-1,State_15,15,GSE135851,LAM1,2.478527545928955
GSE190260::LAM1163:CGCTGGAGTAAGTAGT-1,25,GSE190260::LAM1163:TACGGTATCACCTTAT-1,State_15,15,GSE190260,LAM1163,2.4905102252960205
GSE190260::LAM1163:CGCTGGAGTAAGTAGT-1,26,GSE190260::LAM1163:ATTACTCGTGTCCTCT-1,State_15,15,GSE190260,LAM1163,2.49601674079895
GSE190260::LAM1163:CGCTGGAGTAAGTAGT-1,27,GSE190260::LAM1163:TATCTCAAGAGACTAT-1,State_15,15,GSE190260,LAM1163,2.5488462448120117
GSE190260::LAM1163:CGCTGGAGTAAGTAGT-1,28,GSE190260::LAM1163:GTCACAAAGACTTGAA-1,State_15,15,GSE190260,LAM1163,2.5697247982025146
GSE190260::LAM1163:CGCTGGAGTAAGTAGT-1,29,GSE190260::LAM1163:TTTGCGCAGCCAGAAC-1,State_15,15,GSE190260,LAM1163,2.572495222091675
GSE190260::LAM1163:CGCTGGAGTAAGTAGT-1,30,GSE190260::LAM1163:CTTACCGTCGTCTGCT-1,State_15,15,GSE190260,LAM1163,2.5816423892974854
GSE190260::LAM1163:CGCTTCAAGCCCAACC-1,1,GSE190260::LAM1163:GGGTTGCGTCAGAATA-1,State_15,15,GSE190260,LAM1163,0.9703084826469421
GSE190260::LAM1163:CGCTTCAAGCCCAACC-1,2,GSE190260::LAM1163:ATGTGTGGTAGTAGTA-1,State_15,15,GSE190260,LAM1163,1.1484712362289429
GSE190260::LAM1163:CGCTTCAAGCCCAACC-1,3,GSE190260::LAM1163:ATCACGACAGTAAGAT-1,State_15,15,GSE190260,LAM1163,1.2603532075881958
GSE190260::LAM1163:CGCTTCAAGCCCAACC-1,4,GSE190260::LAM1163:AGTCTTTAGATAGTCA-1,State_15,15,GSE190260,LAM1163,1.2608850002288818
GSE190260::LAM1163:CGCTTCAAGCCCAACC-1,5,GSE190260::LAM1163:GCTCCTAGTTCCACAA-1,State_15,15,GSE190260,LAM1163,1.293733835220337
GSE190260::LAM1163:CGCTTCAAGCCCAACC-1,6,GSE190260::LAM1163:ATTACTCGTGTCCTCT-1,State_15,15,GSE190260,LAM1163,1.3133776187896729
GSE190260::LAM1163:CGCTTCAAGCCCAACC-1,7,GSE190260::LAM1163:CTCAGAAGTGATAAGT-1,State_15,15,GSE190260,LAM1163,1.336266279220581
GSE190260::LAM1163:CGCTTCAAGCCCAACC-1,8,GSE190260::LAM1163:CACACTCAGATAGGAG-1,State_15,15,GSE190260,LAM1163,1.3678429126739502
GSE190260::LAM1163:CGCTTCAAGCCCAACC-1,9,GSE190260::LAM1163:TGCGCAGTCTCTAAGG-1,State_15,15,GSE190260,LAM1163,1.4187380075454712
GSE190260::LAM1163:CGCTTCAAGCCCAACC-1,10,GSE190260::LAM1163:GGATGTTTCTTCCTTC-1,State_15,15,GSE190260,LAM1163,1.4264494180679321
GSE190260::LAM1163:CGCTTCAAGCCCAACC-1,11,GSE190260::LAM1163:CTCAGAATCACTTACT-1,State_15,15,GSE190260,LAM1163,1.4624106884002686
GSE190260::LAM1163:CGCTTCAAGCCCAACC-1,12,GSE190260::LAM1163:CGCTATCGTAGGCATG-1,State_15,15,GSE190260,LAM1163,1.4651671648025513
GSE190260::LAM1163:CGCTTCAAGCCCAACC-1,13,GSE190260::LAM1163:TTCTCAAAGTCCGTAT-1,State_15,15,GSE190260,LAM1163,1.4863426685333252
GSE190260::LAM1163:CGCTTCAAGCCCAACC-1,14,GSE190260::LAM1163:CACAGTATCTTGTATC-1,State_15,15,GSE190260,LAM1163,1.5035938024520874
GSE190260::LAM1163:CGCTTCAAGCCCAACC-1,15,GSE190260::LAM1163:CTTACCGTCGTCTGCT-1,State_15,15,GSE190260,LAM1163,1.5215457677841187
GSE190260::LAM1163:CGCTTCAAGCCCAACC-1,16,GSE190260::LAM1163:TGCGCAGCAAGGCTCC-1,State_15,15,GSE190260,LAM1163,1.5303207635879517
GSE190260::LAM1163:CGCTTCAAGCCCAACC-1,17,GSE190260::LAM1163:CATCAGACAAGAAAGG-1,State_15,15,GSE190260,LAM1163,1.5541174411773682
GSE190260::LAM1163:CGCTTCAAGCCCAACC-1,18,GSE190260::LAM1163:AGGGTGACAAACTGTC-1,State_15,15,GSE190260,LAM1163,1.5912213325500488
GSE190260::LAM1163:CGCTTCAAGCCCAACC-1,19,GSE190260::LAM1163:GGATGTTTCAAGCCTA-1,State_15,15,GSE190260,LAM1163,1.599483609199524
GSE190260::LAM1163:CGCTTCAAGCCCAACC-1,20,GSE190260::LAM1163:CGGACTGGTCCAAGTT-1,State_15,15,GSE190260,LAM1163,1.6144582033157349
GSE190260::LAM1163:CGCTTCAAGCCCAACC-1,21,GSE190260::LAM1163:GAGTCCGAGCTAAACA-1,State_15,15,GSE190260,LAM1163,1.614529013633728
GSE190260::LAM1163:CGCTTCAAGCCCAACC-1,22,GSE190260::LAM1163:CGTCTACGTTTGTTGG-1,State_15,15,GSE190260,LAM1163,1.623604655265808
GSE190260::LAM1163:CGCTTCAAGCCCAACC-1,23,GSE190260::LAM1163:CAGATCAGTATCACCA-1,State_15,15,GSE190260,LAM1163,1.6354303359985352
GSE190260::LAM1163:CGCTTCAAGCCCAACC-1,24,GSE190260::LAM1163:CGTCCATTCGTAGGAG-1,State_15,15,GSE190260,LAM1163,1.6423242092132568
GSE190260::LAM1163:CGCTTCAAGCCCAACC-1,25,GSE190260::LAM1163:TATCTCAAGAGACTAT-1,State_15,15,GSE190260,LAM1163,1.6462739706039429
GSE190260::LAM1163:CGCTTCAAGCCCAACC-1,26,GSE190260::LAM1163:TACGGATTCTATCCTA-1,State_15,15,GSE190260,LAM1163,1.659657597541809
GSE190260::LAM1163:CGCTTCAAGCCCAACC-1,27,GSE190260::LAM1163:TTGTAGGGTAAAGTCA-1,State_15,15,GSE190260,LAM1163,1.6828802824020386
GSE190260::LAM1163:CGCTTCAAGCCCAACC-1,28,GSE190260::LAM1163:TTTGCGCAGCCAGAAC-1,State_15,15,GSE190260,LAM1163,1.7380808591842651
GSE190260::LAM1163:CGCTTCAAGCCCAACC-1,29,GSE190260::LAM1163:GGTGCGTTCTGTACGA-1,State_15,15,GSE190260,LAM1163,1.7516272068023682
GSE190260::LAM1163:CGCTTCAAGCCCAACC-1,30,GSE190260::LAM1163:TAGACCATCGCACTCT-1,State_15,15,GSE190260,LAM1163,1.75393545627594
GSE190260::LAM1163:CGGACTGGTCCAAGTT-1,1,GSE190260::LAM1163:ATGTGTGGTAGTAGTA-1,State_15,15,GSE190260,LAM1163,1.1870228052139282
GSE190260::LAM1163:CGGACTGGTCCAAGTT-1,2,GSE190260::LAM1163:TACGGATTCTATCCTA-1,State_15,15,GSE190260,LAM1163,1.4456557035446167
GSE190260::LAM1163:CGGACTGGTCCAAGTT-1,3,GSE190260::LAM1163:ATTACTCGTGTCCTCT-1,State_15,15,GSE190260,LAM1163,1.5213251113891602
GSE190260::LAM1163:CGGACTGGTCCAAGTT-1,4,GSE190260::LAM1163:AGTCTTTAGATAGTCA-1,State_15,15,GSE190260,LAM1163,1.5834373235702515
GSE190260::LAM1163:CGGACTGGTCCAAGTT-1,5,GSE190260::LAM1163:CGCTTCAAGCCCAACC-1,State_15,15,GSE190260,LAM1163,1.6144582033157349
GSE190260::LAM1163:CGGACTGGTCCAAGTT-1,6,GSE190260::LAM1163:TAGACCATCGCACTCT-1,State_15,15,GSE190260,LAM1163,1.6288315057754517
GSE190260::LAM1163:CGGACTGGTCCAAGTT-1,7,GSE190260::LAM1163:TTCTCAAAGTCCGTAT-1,State_15,15,GSE190260,LAM1163,1.635048270225525
GSE190260::LAM1163:CGGACTGGTCCAAGTT-1,8,GSE190260::LAM1163:CAGATCAGTATCACCA-1,State_15,15,GSE190260,LAM1163,1.707351565361023
GSE190260::LAM1163:CGGACTGGTCCAAGTT-1,9,GSE190260::LAM1163:TTTGCGCAGCCAGAAC-1,State_15,15,GSE190260,LAM1163,1.747820258140564
GSE190260::LAM1163:CGGACTGGTCCAAGTT-1,10,GSE190260::LAM1163:CTGAAGTCACCGAATT-1,State_15,15,GSE190260,LAM1163,1.8409161567687988
GSE190260::LAM1163:CGGACTGGTCCAAGTT-1,11,GSE190260::LAM1163:TGCGCAGTCTCTAAGG-1,State_15,15,GSE190260,LAM1163,1.8547124862670898
GSE190260::LAM1163:CGGACTGGTCCAAGTT-1,12,GSE190260::LAM1163:AGCCTAAAGATGCCAG-1,State_15,15,GSE190260,LAM1163,1.8662102222442627
GSE190260::LAM1163:CGGACTGGTCCAAGTT-1,13,GSE190260::LAM1163:GGATGTTTCTTCCTTC-1,State_15,15,GSE190260,LAM1163,1.8664970397949219
GSE190260::LAM1163:CGGACTGGTCCAAGTT-1,14,GSE190260::LAM1163:CTTACCGTCGTCTGCT-1,State_15,15,GSE190260,LAM1163,1.8967219591140747
GSE190260::LAM1163:CGGACTGGTCCAAGTT-1,15,GSE190260::LAM1163:TATCTCAAGAGACTAT-1,State_15,15,GSE190260,LAM1163,1.9124120473861694
GSE190260::LAM1163:CGGACTGGTCCAAGTT-1,16,GSE190260::LAM1163:GGGTTGCGTCAGAATA-1,State_15,15,GSE190260,LAM1163,1.9152088165283203
GSE190260::LAM1163:CGGACTGGTCCAAGTT-1,17,GSE190260::LAM1163:TTGTAGGGTGCAACTT-1,State_15,15,GSE190260,LAM1163,1.9336581230163574
GSE190260::LAM1163:CGGACTGGTCCAAGTT-1,18,GSE190260::LAM1163:CGCTATCGTAGGCATG-1,State_15,15,GSE190260,LAM1163,1.9587210416793823
GSE190260::LAM1163:CGGACTGGTCCAAGTT-1,19,GSE190260::LAM1163:CTCAGAAGTGATAAGT-1,State_15,15,GSE190260,LAM1163,1.981657862663269
GSE190260::LAM1163:CGGACTGGTCCAAGTT-1,20,GSE190260::LAM1163:CACAGTATCTTGTATC-1,State_15,15,GSE190260,LAM1163,1.9965885877609253
GSE190260::LAM1163:CGGACTGGTCCAAGTT-1,21,GSE190260::LAM1163:TGCGCAGCAAGGCTCC-1,State_15,15,GSE190260,LAM1163,2.002509117126465
GSE190260::LAM1163:CGGACTGGTCCAAGTT-1,22,GSE190260::LAM1163:CACACTCTCTGTCCGT-1,State_15,15,GSE190260,LAM1163,2.03338885307312
GSE190260::LAM1163:CGGACTGGTCCAAGTT-1,23,GSE190260::LAM1163:GAGTCCGAGCTAAACA-1,State_15,15,GSE190260,LAM1163,2.050661563873291
GSE190260::LAM1163:CGGACTGGTCCAAGTT-1,24,GSE190260::LAM1163:CTCTGGTCATCCCACT-1,State_15,15,GSE190260,LAM1163,2.0625932216644287
GSE190260::LAM1163:CGGACTGGTCCAAGTT-1,25,GSE190260::LAM1163:CGATCGGAGATATGGT-1,State_15,15,GSE190260,LAM1163,2.0671143531799316
GSE190260::LAM1163:CGGACTGGTCCAAGTT-1,26,GSE190260::LAM1163:AAGACCTTCCCTTGCA-1,State_15,15,GSE190260,LAM1163,2.0702900886535645
GSE190260::LAM1163:CGGACTGGTCCAAGTT-1,27,GSE190260::LAM1163:AGGGTGACAAACTGTC-1,State_15,15,GSE190260,LAM1163,2.139896869659424
GSE190260::LAM1163:CGGACTGGTCCAAGTT-1,28,GSE190260::LAM1163:CAAGTTGGTCGCCATG-1,State_15,15,GSE190260,LAM1163,2.1473312377929688
GSE190260::LAM1163:CGGACTGGTCCAAGTT-1,29,GSE190260::LAM1163:CGGAGCTAGAGAACAG-1,State_15,15,GSE190260,LAM1163,2.153540849685669
GSE190260::LAM1163:CGGACTGGTCCAAGTT-1,30,GSE190260::LAM1163:GGATGTTTCAAGCCTA-1,State_15,15,GSE190260,LAM1163,2.157071828842163
GSE190260::LAM1163:CGGAGCTAGAGAACAG-1,1,GSE190260::LAM1163:AAAGCAACAAGAGTCG-1,State_15,15,GSE190260,LAM1163,1.512749195098877
GSE190260::LAM1163:CGGAGCTAGAGAACAG-1,2,GSE190260::LAM1163:TAGACCATCGCACTCT-1,State_15,15,GSE190260,LAM1163,1.6060233116149902
GSE190260::LAM1163:CGGAGCTAGAGAACAG-1,3,GSE190260::LAM1163:AACACGTAGCTAAACA-1,State_15,15,GSE190260,LAM1163,1.6122020483016968
GSE190260::LAM1163:CGGAGCTAGAGAACAG-1,4,GSE190260::LAM1163:GACTACATCGAGGTAG-1,State_15,15,GSE190260,LAM1163,1.673510193824768
GSE190260::LAM1163:CGGAGCTAGAGAACAG-1,5,GSE190260::LAM1163:CGCTATCGTAGGCATG-1,State_15,15,GSE190260,LAM1163,1.675934910774231
GSE190260::LAM1163:CGGAGCTAGAGAACAG-1,6,GSE190260::LAM1163:TTGTAGGGTGCAACTT-1,State_15,15,GSE190260,LAM1163,1.6761897802352905
GSE190260::LAM1163:CGGAGCTAGAGAACAG-1,7,GSE190260::LAM1163:GGTGCGTTCTGTACGA-1,State_15,15,GSE190260,LAM1163,1.6982412338256836
GSE190260::LAM1163:CGGAGCTAGAGAACAG-1,8,GSE190260::LAM1163:CCTCAGTAGTAGATGT-1,State_15,15,GSE190260,LAM1163,1.757584810256958
GSE190260::LAM1163:CGGAGCTAGAGAACAG-1,9,GSE190260::LAM1163:TCAGGATGTGACAAAT-1,State_15,15,GSE190260,LAM1163,1.7584052085876465
GSE190260::LAM1163:CGGAGCTAGAGAACAG-1,10,GSE190260::LAM1163:AAGACCTTCCCTTGCA-1,State_15,15,GSE190260,LAM1163,1.7669453620910645
GSE190260::LAM1163:CGGAGCTAGAGAACAG-1,11,GSE190260::LAM1163:TACGGATTCTATCCTA-1,State_15,15,GSE190260,LAM1163,1.7722034454345703
GSE190260::LAM1163:CGGAGCTAGAGAACAG-1,12,GSE190260::LAM1163:CATCAGACAAGAAAGG-1,State_15,15,GSE190260,LAM1163,1.7777692079544067
GSE190260::LAM1163:CGGAGCTAGAGAACAG-1,13,GSE190260::LAM1163:CACACTCTCTGTCCGT-1,State_15,15,GSE190260,LAM1163,1.7970144748687744
GSE190260::LAM1163:CGGAGCTAGAGAACAG-1,14,GSE190260::LAM1163:CTGATCCTCGCTTAGA-1,State_15,15,GSE190260,LAM1163,1.8046060800552368
GSE190260::LAM1163:CGGAGCTAGAGAACAG-1,15,GSE190260::LAM1163:CAGATCAGTATCACCA-1,State_15,15,GSE190260,LAM1163,1.8076202869415283
GSE190260::LAM1163:CGGAGCTAGAGAACAG-1,16,GSE190260::LAM1163:AGCCTAAAGATGCCAG-1,State_15,15,GSE190260,LAM1163,1.8334870338439941
GSE190260::LAM1163:CGGAGCTAGAGAACAG-1,17,GSE190260::LAM1163:CTCAGAATCACTTACT-1,State_15,15,GSE190260,LAM1163,1.8336131572723389
GSE190260::LAM1163:CGGAGCTAGAGAACAG-1,18,GSE190260::LAM1163:AGGGTGACAAACTGTC-1,State_15,15,GSE190260,LAM1163,1.8463457822799683
GSE190260::LAM1163:CGGAGCTAGAGAACAG-1,19,GSE190260::LAM1163:TATCTCAAGAGACTAT-1,State_15,15,GSE190260,LAM1163,1.8632901906967163
GSE190260::LAM1163:CGGAGCTAGAGAACAG-1,20,GSE190260::LAM1163:GGATGTTTCTTCCTTC-1,State_15,15,GSE190260,LAM1163,1.863382339477539
GSE190260::LAM1163:CGGAGCTAGAGAACAG-1,21,GSE190260::LAM1163:CTTCTCTGTACTTGAC-1,State_15,15,GSE190260,LAM1163,1.8723875284194946
GSE190260::LAM1163:CGGAGCTAGAGAACAG-1,22,GSE190260::LAM1163:TACGGTATCACCTTAT-1,State_15,15,GSE190260,LAM1163,1.8805515766143799
GSE190260::LAM1163:CGGAGCTAGAGAACAG-1,23,GSE190260::LAM1163:CACCACTCACAGTCGC-1,State_15,15,GSE190260,LAM1163,1.9255685806274414
GSE190260::LAM1163:CGGAGCTAGAGAACAG-1,24,GSE190260::LAM1163:AGTCTTTAGATAGTCA-1,State_15,15,GSE190260,LAM1163,1.9383625984191895
GSE190260::LAM1163:CGGAGCTAGAGAACAG-1,25,GSE190260::LAM1163:GGGTTGCGTCAGAATA-1,State_15,15,GSE190260,LAM1163,1.9527584314346313
GSE190260::LAM1163:CGGAGCTAGAGAACAG-1,26,GSE190260::LAM1163:CGATCGGAGATATGGT-1,State_15,15,GSE190260,LAM1163,1.95636785030365
GSE190260::LAM1163:CGGAGCTAGAGAACAG-1,27,GSE190260::LAM1163:ATGTGTGGTAGTAGTA-1,State_15,15,GSE190260,LAM1163,1.9928947687149048
GSE190260::LAM1163:CGGAGCTAGAGAACAG-1,28,GSE190260::LAM1163:AGAGCTTCACGTTGGC-1,State_15,15,GSE190260,LAM1163,2.007140874862671
GSE190260::LAM1163:CGGAGCTAGAGAACAG-1,29,GSE190260::LAM1163:TTGTAGGGTAAAGTCA-1,State_15,15,GSE190260,LAM1163,2.0204403400421143
GSE190260::LAM1163:CGGAGCTAGAGAACAG-1,30,GSE190260::LAM1163:CCAGCGAGTAGCCTAT-1,State_15,15,GSE190260,LAM1163,2.0244269371032715
GSE190260::LAM1163:CGGCTAGAGTGGTAGC-1,1,GSE190260::LAM1163:GTCACAAAGACTTGAA-1,State_15,15,GSE190260,LAM1163,1.074506163597107
GSE190260::LAM1163:CGGCTAGAGTGGTAGC-1,2,GSE190260::LAM1163:TGACGGCAGTGGCACA-1,State_15,15,GSE190260,LAM1163,1.3590401411056519
GSE190260::LAM1163:CGGCTAGAGTGGTAGC-1,3,GSE190260::LAM1163:ACAGCCGAGGACTGGT-1,State_15,15,GSE190260,LAM1163,1.3616909980773926
GSE190260::LAM1163:CGGCTAGAGTGGTAGC-1,4,GSE190260::LAM1163:GACTAACGTTGTGGCC-1,State_15,15,GSE190260,LAM1163,1.6132309436798096
GSE190260::LAM1163:CGGCTAGAGTGGTAGC-1,5,GSE190260::LAM1163:TCGAGGCAGACTAGAT-1,State_15,15,GSE190260,LAM1163,1.6170240640640259
GSE190260::LAM1163:CGGCTAGAGTGGTAGC-1,6,GSE190260::LAM1163:TTAGGACGTCGGATCC-1,State_15,15,GSE190260,LAM1163,1.7263691425323486
GSE190260::LAM1163:CGGCTAGAGTGGTAGC-1,7,GSE190260::LAM1163:GCGGGTTTCACATAGC-1,State_15,15,GSE190260,LAM1163,1.7465468645095825
GSE190260::LAM1163:CGGCTAGAGTGGTAGC-1,8,GSE135851::LAM3:CGTAGGCGTACTCAAC-1,State_15,15,GSE135851,LAM3,1.7656350135803223
GSE190260::LAM1163:CGGCTAGAGTGGTAGC-1,9,GSE190260::LAM1163:TTGGAACTCGGCGGTT-1,State_15,15,GSE190260,LAM1163,1.7710027694702148
GSE190260::LAM1163:CGGCTAGAGTGGTAGC-1,10,GSE190260::LAM1163:CTCTGGTCATCCCACT-1,State_15,15,GSE190260,LAM1163,1.7829138040542603
GSE190260::LAM1163:CGGCTAGAGTGGTAGC-1,11,GSE190260::LAM1163:AGCTCCTGTCAAAGCG-1,State_15,15,GSE190260,LAM1163,1.8072943687438965
GSE190260::LAM1163:CGGCTAGAGTGGTAGC-1,12,GSE190260::LAM1163:AGGTCCGAGGCATGTG-1,State_15,15,GSE190260,LAM1163,1.8441938161849976
GSE190260::LAM1163:CGGCTAGAGTGGTAGC-1,13,GSE190260::LAM1163:TCGTACCCAAGCCGTC-1,State_15,15,GSE190260,LAM1163,1.9679371118545532
GSE190260::LAM1163:CGGCTAGAGTGGTAGC-1,14,GSE190260::LAM1163:AGAGTGGCATGATCCA-1,State_15,15,GSE190260,LAM1163,1.9751185178756714
GSE190260::LAM1163:CGGCTAGAGTGGTAGC-1,15,GSE190260::LAM1163:GCACTCTCATCCGGGT-1,State_15,15,GSE190260,LAM1163,1.9943060874938965
GSE190260::LAM1163:CGGCTAGAGTGGTAGC-1,16,GSE190260::LAM1163:CTGATCCTCGCTTAGA-1,State_15,15,GSE190260,LAM1163,2.043874979019165
GSE190260::LAM1163:CGGCTAGAGTGGTAGC-1,17,GSE190260::LAM1163:TTGTAGGGTAAAGTCA-1,State_15,15,GSE190260,LAM1163,2.04545521736145
GSE190260::LAM1163:CGGCTAGAGTGGTAGC-1,18,GSE190260::LAM1163:CATATGGTCGCCCTTA-1,State_15,15,GSE190260,LAM1163,2.057673215866089
GSE190260::LAM1163:CGGCTAGAGTGGTAGC-1,19,GSE190260::LAM1163:TATCTCAAGAGACTAT-1,State_15,15,GSE190260,LAM1163,2.163872718811035
GSE190260::LAM1163:CGGCTAGAGTGGTAGC-1,20,GSE190260::LAM1163:TGCGCAGTCTCTAAGG-1,State_15,15,GSE190260,LAM1163,2.2408218383789062
GSE190260::LAM1163:CGGCTAGAGTGGTAGC-1,21,GSE135851::LAM3:ATGAGGGGTGTGCGTC-1,State_15,15,GSE135851,LAM3,2.2461929321289062
GSE190260::LAM1163:CGGCTAGAGTGGTAGC-1,22,GSE135851::LAM3:ATCTGCCTCAGAGCTT-1,State_15,15,GSE135851,LAM3,2.277038335800171
GSE190260::LAM1163:CGGCTAGAGTGGTAGC-1,23,GSE190260::LAM1163:AAAGCAACAAGAGTCG-1,State_15,15,GSE190260,LAM1163,2.289834976196289
GSE190260::LAM1163:CGGCTAGAGTGGTAGC-1,24,GSE190260::LAM1163:ATTACTCGTGTCCTCT-1,State_15,15,GSE190260,LAM1163,2.3087780475616455
GSE190260::LAM1163:CGGCTAGAGTGGTAGC-1,25,GSE190260::LAM1163:TACGGTATCACCTTAT-1,State_15,15,GSE190260,LAM1163,2.324547052383423
GSE190260::LAM1163:CGGCTAGAGTGGTAGC-1,26,GSE135851::LAM1:CGGACACTCAGAGGTG-1,State_15,15,GSE135851,LAM1,2.325442314147949
GSE190260::LAM1163:CGGCTAGAGTGGTAGC-1,27,GSE135851::LAM3:AACCATGCACGAAGCA-1,State_15,15,GSE135851,LAM3,2.370419502258301
GSE190260::LAM1163:CGGCTAGAGTGGTAGC-1,28,GSE190260::LAM1163:GGTGCGTTCTGTACGA-1,State_15,15,GSE190260,LAM1163,2.3836309909820557
GSE190260::LAM1163:CGGCTAGAGTGGTAGC-1,29,GSE135851::LAM1:TGCGCAGGTTCGCTAA-1,State_15,15,GSE135851,LAM1,2.44891357421875
GSE190260::LAM1163:CGGCTAGAGTGGTAGC-1,30,GSE135851::LAM3:CGCTTCATCGCACTCT-1,State_15,15,GSE135851,LAM3,2.4760682582855225
GSE190260::LAM1163:CGTAGCGTCCCAGGTG-1,1,GSE190260::LAM1163:TTTACTGGTGACGCCT-1,State_15,15,GSE190260,LAM1163,1.8197993040084839
GSE190260::LAM1163:CGTAGCGTCCCAGGTG-1,2,GSE190260::LAM1163:TGCGCAGCAAGGCTCC-1,State_15,15,GSE190260,LAM1163,2.0303988456726074
GSE190260::LAM1163:CGTAGCGTCCCAGGTG-1,3,GSE190260::LAM1163:ATCACGACAGTAAGAT-1,State_15,15,GSE190260,LAM1163,2.1401526927948
GSE190260::LAM1163:CGTAGCGTCCCAGGTG-1,4,GSE190260::LAM1163:CAGCATATCCTCCTAG-1,State_15,15,GSE190260,LAM1163,2.211118459701538
GSE190260::LAM1163:CGTAGCGTCCCAGGTG-1,5,GSE190260::LAM1163:CTTACCGTCGTCTGCT-1,State_15,15,GSE190260,LAM1163,2.212205648422241
GSE190260::LAM1163:CGTAGCGTCCCAGGTG-1,6,GSE190260::LAM1163:TCTTCGGTCCCGGATG-1,State_15,15,GSE190260,LAM1163,2.2573492527008057
GSE190260::LAM1163:CGTAGCGTCCCAGGTG-1,7,GSE135851::LAM3:CGTCACTCAGGCTCAC-1,State_15,15,GSE135851,LAM3,2.2806317806243896
GSE190260::LAM1163:CGTAGCGTCCCAGGTG-1,8,GSE190260::LAM1163:AGAGCTTCACGTTGGC-1,State_15,15,GSE190260,LAM1163,2.2867660522460938
GSE190260::LAM1163:CGTAGCGTCCCAGGTG-1,9,GSE190260::LAM1163:CTCGAGGAGCCCGAAA-1,State_15,15,GSE190260,LAM1163,2.2957763671875
GSE190260::LAM1163:CGTAGCGTCCCAGGTG-1,10,GSE135851::LAM3:TCGTACCAGGGATCTG-1,State_15,15,GSE135851,LAM3,2.3176400661468506
GSE190260::LAM1163:CGTAGCGTCCCAGGTG-1,11,GSE190260::LAM1163:GGGTTGCGTCAGAATA-1,State_15,15,GSE190260,LAM1163,2.3403260707855225
GSE190260::LAM1163:CGTAGCGTCCCAGGTG-1,12,GSE190260::LAM1163:TTAGGCAAGGAGCGAG-1,State_15,15,GSE190260,LAM1163,2.3559353351593018
GSE190260::LAM1163:CGTAGCGTCCCAGGTG-1,13,GSE190260::LAM1163:TTAGGACGTCGGATCC-1,State_15,15,GSE190260,LAM1163,2.3574399948120117
GSE190260::LAM1163:CGTAGCGTCCCAGGTG-1,14,GSE135851::LAM3:CGTAGGCGTACTCAAC-1,State_15,15,GSE135851,LAM3,2.3658223152160645
GSE190260::LAM1163:CGTAGCGTCCCAGGTG-1,15,GSE190260::LAM1163:CGTCTACGTTTGTTGG-1,State_15,15,GSE190260,LAM1163,2.3709075450897217
GSE190260::LAM1163:CGTAGCGTCCCAGGTG-1,16,GSE190260::LAM1163:CGCTTCAAGCCCAACC-1,State_15,15,GSE190260,LAM1163,2.378887414932251
GSE190260::LAM1163:CGTAGCGTCCCAGGTG-1,17,GSE190260::LAM1163:GCATGATAGCGTTCCG-1,State_15,15,GSE190260,LAM1163,2.404087543487549
GSE190260::LAM1163:CGTAGCGTCCCAGGTG-1,18,GSE190260::LAM1163:GCACTCTCATCCGGGT-1,State_15,15,GSE190260,LAM1163,2.426814317703247
GSE190260::LAM1163:CGTAGCGTCCCAGGTG-1,19,GSE135851::LAM3:CACAAACCAATAGCGG-1,State_15,15,GSE135851,LAM3,2.4442505836486816
GSE190260::LAM1163:CGTAGCGTCCCAGGTG-1,20,GSE190260::LAM1163:CGTCCATTCGTAGGAG-1,State_15,15,GSE190260,LAM1163,2.467435359954834
GSE190260::LAM1163:CGTAGCGTCCCAGGTG-1,21,GSE190260::LAM1163:TGCACCTAGACATAAC-1,State_15,15,GSE190260,LAM1163,2.47823166847229
GSE190260::LAM1163:CGTAGCGTCCCAGGTG-1,22,GSE190260::LAM1163:GCTCCTAGTTCCACAA-1,State_15,15,GSE190260,LAM1163,2.4832918643951416
GSE190260::LAM1163:CGTAGCGTCCCAGGTG-1,23,GSE190260::LAM1163:CCCAGTTGTCGTTGTA-1,State_15,15,GSE190260,LAM1163,2.4900271892547607
GSE190260::LAM1163:CGTAGCGTCCCAGGTG-1,24,GSE190260::LAM1163:GGATGTTTCAAGCCTA-1,State_15,15,GSE190260,LAM1163,2.5013303756713867
GSE190260::LAM1163:CGTAGCGTCCCAGGTG-1,25,GSE190260::LAM1163:CTCTGGTCATCCCACT-1,State_15,15,GSE190260,LAM1163,2.5018088817596436
GSE190260::LAM1163:CGTAGCGTCCCAGGTG-1,26,GSE190260::LAM1163:TGACGGCAGTGGCACA-1,State_15,15,GSE190260,LAM1163,2.516840934753418
GSE190260::LAM1163:CGTAGCGTCCCAGGTG-1,27,GSE190260::LAM1163:CACACTCAGATAGGAG-1,State_15,15,GSE190260,LAM1163,2.5527071952819824
GSE190260::LAM1163:CGTAGCGTCCCAGGTG-1,28,GSE190260::LAM1163:AGAGTGGCATGATCCA-1,State_15,15,GSE190260,LAM1163,2.5858235359191895
GSE190260::LAM1163:CGTAGCGTCCCAGGTG-1,29,GSE190260::LAM1163:CATCAGACAAGAAAGG-1,State_15,15,GSE190260,LAM1163,2.5881240367889404
GSE190260::LAM1163:CGTAGCGTCCCAGGTG-1,30,GSE190260::LAM1163:CTCAGAAGTGATAAGT-1,State_15,15,GSE190260,LAM1163,2.597677230834961
GSE190260::LAM1163:CGTCCATCATGCCTAA-1,1,GSE190260::LAM1163:CTAAGACGTGGTTTCA-1,State_15,15,GSE190260,LAM1163,2.77349853515625
GSE190260::LAM1163:CGTCCATCATGCCTAA-1,2,GSE190260::LAM1163:CGTGTAAGTTGTACAC-1,State_15,15,GSE190260,LAM1163,3.17909574508667
GSE190260::LAM1163:CGTCCATCATGCCTAA-1,3,GSE302356::LAM10:CCCGTTGTCATGTGGT-1,boundary,,GSE302356,LAM3,3.243245840072632
GSE190260::LAM1163:CGTCCATCATGCCTAA-1,4,GSE190260::LAM1163:GTAACTGAGCACCGCT-1,State_15,15,GSE190260,LAM1163,3.2556936740875244
GSE190260::LAM1163:CGTCCATCATGCCTAA-1,5,GSE190260::LAM1163:CACAGGCGTAGTAGTA-1,State_16,16,GSE190260,LAM1163,3.290398597717285
GSE190260::LAM1163:CGTCCATCATGCCTAA-1,6,GSE190260::LAM1163:ATAAGAGAGGCGCTCT-1,State_15,15,GSE190260,LAM1163,3.3471405506134033
GSE190260::LAM1163:CGTCCATCATGCCTAA-1,7,GSE190260::LAM1163:CGACCTTGTAACGTTC-1,State_16,16,GSE190260,LAM1163,3.3517203330993652
GSE190260::LAM1163:CGTCCATCATGCCTAA-1,8,GSE190260::LAM1163:CAGTCCTTCGTAGGTT-1,State_15,15,GSE190260,LAM1163,3.412353277206421
GSE190260::LAM1163:CGTCCATCATGCCTAA-1,9,GSE190260::LAM1163:CTCGGAGCAACACGCC-1,State_16,16,GSE190260,LAM1163,3.4184930324554443
GSE190260::LAM1163:CGTCCATCATGCCTAA-1,10,GSE190260::LAM1163:ACGGGCTGTTCGTGAT-1,State_16,16,GSE190260,LAM1163,3.4259567260742188
GSE190260::LAM1163:CGTCCATCATGCCTAA-1,11,GSE190260::LAM1163:GTGTTAGTCTCCAACC-1,State_15,15,GSE190260,LAM1163,3.463327169418335
GSE190260::LAM1163:CGTCCATCATGCCTAA-1,12,GSE190260::LAM1163:CCCATACGTGTTTGGT-1,State_16,16,GSE190260,LAM1163,3.5180420875549316
GSE190260::LAM1163:CGTCCATCATGCCTAA-1,13,GSE190260::LAM1163:TTCTTAGCAGGCGATA-1,State_15,15,GSE190260,LAM1163,3.5346672534942627
GSE190260::LAM1163:CGTCCATCATGCCTAA-1,14,GSE135851::LAM3:TAGTTGGGTCTCTTAT-1,State_16,16,GSE135851,LAM3,3.5703184604644775
GSE190260::LAM1163:CGTCCATCATGCCTAA-1,15,GSE190260::LAM1163:TTTGGTTTCAGGCAAG-1,State_16,16,GSE190260,LAM1163,3.574185371398926
GSE190260::LAM1163:CGTCCATCATGCCTAA-1,16,GSE190260::LAM1163:TGCGCAGCAAGGCTCC-1,State_15,15,GSE190260,LAM1163,3.5950775146484375
GSE190260::LAM1163:CGTCCATCATGCCTAA-1,17,GSE190260::LAM1163:GCAATCATCATCGGAT-1,boundary,,GSE190260,LAM1163,3.5959105491638184
GSE190260::LAM1163:CGTCCATCATGCCTAA-1,18,GSE302356::LAM10:AGGTGAGGTTGAAGCC-1,State_16,16,GSE302356,LAM3,3.6016361713409424
GSE190260::LAM1163:CGTCCATCATGCCTAA-1,19,GSE190260::LAM1163:TCGTAGAGTTACCGAT-1,State_15,15,GSE190260,LAM1163,3.6148335933685303
GSE190260::LAM1163:CGTCCATCATGCCTAA-1,20,GSE302356::LAM10:GGTCCGTAGCTTGCTC-1,State_16,16,GSE302356,LAM3,3.6469781398773193
GSE190260::LAM1163:CGTCCATCATGCCTAA-1,21,GSE302356::LAM10:CAGGATGCAATAATGG-1,State_16,16,GSE302356,LAM3,3.6774024963378906
GSE190260::LAM1163:CGTCCATCATGCCTAA-1,22,GSE190260::LAM1163:AAAGTAGGTGAGTGAC-1,boundary,,GSE190260,LAM1163,3.710557222366333
GSE190260::LAM1163:CGTCCATCATGCCTAA-1,23,GSE190260::LAM1163:CGTCTACGTTTGTTGG-1,State_15,15,GSE190260,LAM1163,3.7183587551116943
GSE190260::LAM1163:CGTCCATCATGCCTAA-1,24,GSE190260::LAM1163:TTTACTGAGCTGAAAT-1,State_15,15,GSE190260,LAM1163,3.7342188358306885
GSE190260::LAM1163:CGTCCATCATGCCTAA-1,25,GSE190260::LAM1163:CGAACATCAATCACAC-1,State_15,15,GSE190260,LAM1163,3.736642837524414
GSE190260::LAM1163:CGTCCATCATGCCTAA-1,26,GSE190260::LAM1163:GTCCTCATCCACTGGG-1,State_15,15,GSE190260,LAM1163,3.7366721630096436
GSE190260::LAM1163:CGTCCATCATGCCTAA-1,27,GSE190260::LAM1163:CATCGAAGTCAGAGGT-1,State_15,15,GSE190260,LAM1163,3.7384932041168213
GSE190260::LAM1163:CGTCCATCATGCCTAA-1,28,GSE135851::LAM3:CCTTTCTCACAGGTTT-1,State_16,16,GSE135851,LAM3,3.7501511573791504
GSE190260::LAM1163:CGTCCATCATGCCTAA-1,29,GSE190260::LAM1163:TTGCCGTCAGCCTGTG-1,boundary,,GSE190260,LAM1163,3.7512612342834473
GSE190260::LAM1163:CGTCCATCATGCCTAA-1,30,GSE190260::LAM1163:AGCCTAAAGGAATGGA-1,State_16,16,GSE190260,LAM1163,3.7542967796325684
GSE190260::LAM1163:CGTCCATTCGTAGGAG-1,1,GSE190260::LAM1163:GCTCCTAGTTCCACAA-1,State_15,15,GSE190260,LAM1163,0.9571294784545898
GSE190260::LAM1163:CGTCCATTCGTAGGAG-1,2,GSE190260::LAM1163:AGGGTGACAAACTGTC-1,State_15,15,GSE190260,LAM1163,1.119774580001831
GSE190260::LAM1163:CGTCCATTCGTAGGAG-1,3,GSE190260::LAM1163:CTCAGAATCACTTACT-1,State_15,15,GSE190260,LAM1163,1.4298135042190552
GSE190260::LAM1163:CGTCCATTCGTAGGAG-1,4,GSE190260::LAM1163:CATCAGACAAGAAAGG-1,State_15,15,GSE190260,LAM1163,1.4768697023391724
GSE190260::LAM1163:CGTCCATTCGTAGGAG-1,5,GSE190260::LAM1163:GGATGTTTCTTCCTTC-1,State_15,15,GSE190260,LAM1163,1.4957095384597778
GSE190260::LAM1163:CGTCCATTCGTAGGAG-1,6,GSE190260::LAM1163:CGCTTCAAGCCCAACC-1,State_15,15,GSE190260,LAM1163,1.6423242092132568
GSE190260::LAM1163:CGTCCATTCGTAGGAG-1,7,GSE190260::LAM1163:GGGTTGCGTCAGAATA-1,State_15,15,GSE190260,LAM1163,1.67140531539917
GSE190260::LAM1163:CGTCCATTCGTAGGAG-1,8,GSE190260::LAM1163:CTTACCGTCGTCTGCT-1,State_15,15,GSE190260,LAM1163,1.687656044960022
GSE190260::LAM1163:CGTCCATTCGTAGGAG-1,9,GSE190260::LAM1163:TGCGCAGCAAGGCTCC-1,State_15,15,GSE190260,LAM1163,1.7281324863433838
GSE190260::LAM1163:CGTCCATTCGTAGGAG-1,10,GSE190260::LAM1163:CACAGTATCTTGTATC-1,State_15,15,GSE190260,LAM1163,1.7450898885726929
GSE190260::LAM1163:CGTCCATTCGTAGGAG-1,11,GSE190260::LAM1163:CAGCATATCCTCCTAG-1,State_15,15,GSE190260,LAM1163,1.7634254693984985
GSE190260::LAM1163:CGTCCATTCGTAGGAG-1,12,GSE190260::LAM1163:CACCACTCACAGTCGC-1,State_15,15,GSE190260,LAM1163,1.7721794843673706
GSE190260::LAM1163:CGTCCATTCGTAGGAG-1,13,GSE190260::LAM1163:TAGACCATCGCACTCT-1,State_15,15,GSE190260,LAM1163,1.814578890800476
GSE190260::LAM1163:CGTCCATTCGTAGGAG-1,14,GSE190260::LAM1163:CGCTATCGTAGGCATG-1,State_15,15,GSE190260,LAM1163,1.8200616836547852
GSE190260::LAM1163:CGTCCATTCGTAGGAG-1,15,GSE190260::LAM1163:CGTCTACGTTTGTTGG-1,State_15,15,GSE190260,LAM1163,1.8294756412506104
GSE190260::LAM1163:CGTCCATTCGTAGGAG-1,16,GSE190260::LAM1163:ATCACGACAGTAAGAT-1,State_15,15,GSE190260,LAM1163,1.8637290000915527
GSE190260::LAM1163:CGTCCATTCGTAGGAG-1,17,GSE190260::LAM1163:GACTAACGTTGTGGCC-1,State_15,15,GSE190260,LAM1163,1.8818293809890747
GSE190260::LAM1163:CGTCCATTCGTAGGAG-1,18,GSE190260::LAM1163:TTCTCAAAGTCCGTAT-1,State_15,15,GSE190260,LAM1163,1.8832101821899414
GSE190260::LAM1163:CGTCCATTCGTAGGAG-1,19,GSE190260::LAM1163:GCACTCTCATCCGGGT-1,State_15,15,GSE190260,LAM1163,1.8868122100830078
GSE190260::LAM1163:CGTCCATTCGTAGGAG-1,20,GSE190260::LAM1163:AAGACCTTCCCTTGCA-1,State_15,15,GSE190260,LAM1163,1.887995719909668
GSE190260::LAM1163:CGTCCATTCGTAGGAG-1,21,GSE190260::LAM1163:CACACTCAGATAGGAG-1,State_15,15,GSE190260,LAM1163,1.902326226234436
GSE190260::LAM1163:CGTCCATTCGTAGGAG-1,22,GSE190260::LAM1163:ATTACTCGTGTCCTCT-1,State_15,15,GSE190260,LAM1163,1.9047868251800537
GSE190260::LAM1163:CGTCCATTCGTAGGAG-1,23,GSE190260::LAM1163:GACTACATCGAGGTAG-1,State_15,15,GSE190260,LAM1163,1.945652961730957
GSE190260::LAM1163:CGTCCATTCGTAGGAG-1,24,GSE190260::LAM1163:ATGTGTGGTAGTAGTA-1,State_15,15,GSE190260,LAM1163,1.9597702026367188
GSE190260::LAM1163:CGTCCATTCGTAGGAG-1,25,GSE190260::LAM1163:TTGTAGGGTAAAGTCA-1,State_15,15,GSE190260,LAM1163,1.992300271987915
GSE190260::LAM1163:CGTCCATTCGTAGGAG-1,26,GSE190260::LAM1163:CCAGCGAGTAGCCTAT-1,State_15,15,GSE190260,LAM1163,1.9924979209899902
GSE190260::LAM1163:CGTCCATTCGTAGGAG-1,27,GSE190260::LAM1163:TGCGCAGTCTCTAAGG-1,State_15,15,GSE190260,LAM1163,2.023233413696289
GSE190260::LAM1163:CGTCCATTCGTAGGAG-1,28,GSE190260::LAM1163:GAGTCCGAGCTAAACA-1,State_15,15,GSE190260,LAM1163,2.058906316757202
GSE190260::LAM1163:CGTCCATTCGTAGGAG-1,29,GSE190260::LAM1163:CTTCTCTGTACTTGAC-1,State_15,15,GSE190260,LAM1163,2.0695323944091797
GSE190260::LAM1163:CGTCCATTCGTAGGAG-1,30,GSE190260::LAM1163:AGTCTTTAGATAGTCA-1,State_15,15,GSE190260,LAM1163,2.0759642124176025
GSE190260::LAM1163:CGTCTACGTTTGTTGG-1,1,GSE190260::LAM1163:TGCGCAGCAAGGCTCC-1,State_15,15,GSE190260,LAM1163,0.9607161283493042
GSE190260::LAM1163:CGTCTACGTTTGTTGG-1,2,GSE190260::LAM1163:CTTACCGTCGTCTGCT-1,State_15,15,GSE190260,LAM1163,1.213566780090332
GSE190260::LAM1163:CGTCTACGTTTGTTGG-1,3,GSE190260::LAM1163:GGTGCGTTCTGTACGA-1,State_15,15,GSE190260,LAM1163,1.4123718738555908
GSE190260::LAM1163:CGTCTACGTTTGTTGG-1,4,GSE190260::LAM1163:AGGGTGACAAACTGTC-1,State_15,15,GSE190260,LAM1163,1.4472171068191528
GSE190260::LAM1163:CGTCTACGTTTGTTGG-1,5,GSE190260::LAM1163:CAGCATATCCTCCTAG-1,State_15,15,GSE190260,LAM1163,1.5117216110229492
GSE190260::LAM1163:CGTCTACGTTTGTTGG-1,6,GSE190260::LAM1163:TTCTCAAAGTCCGTAT-1,State_15,15,GSE190260,LAM1163,1.5154330730438232
GSE190260::LAM1163:CGTCTACGTTTGTTGG-1,7,GSE190260::LAM1163:AGAGCTTCACGTTGGC-1,State_15,15,GSE190260,LAM1163,1.5358065366744995
GSE190260::LAM1163:CGTCTACGTTTGTTGG-1,8,GSE190260::LAM1163:CATCAGACAAGAAAGG-1,State_15,15,GSE190260,LAM1163,1.5378954410552979
GSE190260::LAM1163:CGTCTACGTTTGTTGG-1,9,GSE190260::LAM1163:AAGACCTTCCCTTGCA-1,State_15,15,GSE190260,LAM1163,1.5639746189117432
GSE190260::LAM1163:CGTCTACGTTTGTTGG-1,10,GSE190260::LAM1163:CACAGTATCTTGTATC-1,State_15,15,GSE190260,LAM1163,1.5743317604064941
GSE190260::LAM1163:CGTCTACGTTTGTTGG-1,11,GSE190260::LAM1163:CGCTATCGTAGGCATG-1,State_15,15,GSE190260,LAM1163,1.5792038440704346
GSE190260::LAM1163:CGTCTACGTTTGTTGG-1,12,GSE190260::LAM1163:GCTCCTAGTTCCACAA-1,State_15,15,GSE190260,LAM1163,1.5823454856872559
GSE190260::LAM1163:CGTCTACGTTTGTTGG-1,13,GSE190260::LAM1163:ATGTGTGGTAGTAGTA-1,State_15,15,GSE190260,LAM1163,1.6100951433181763
GSE190260::LAM1163:CGTCTACGTTTGTTGG-1,14,GSE190260::LAM1163:CGCTTCAAGCCCAACC-1,State_15,15,GSE190260,LAM1163,1.623604655265808
GSE190260::LAM1163:CGTCTACGTTTGTTGG-1,15,GSE190260::LAM1163:TTAGGACGTCGGATCC-1,State_15,15,GSE190260,LAM1163,1.6425225734710693
GSE190260::LAM1163:CGTCTACGTTTGTTGG-1,16,GSE190260::LAM1163:GGGTTGCGTCAGAATA-1,State_15,15,GSE190260,LAM1163,1.6452056169509888
GSE190260::LAM1163:CGTCTACGTTTGTTGG-1,17,GSE190260::LAM1163:GGATGTTTCTTCCTTC-1,State_15,15,GSE190260,LAM1163,1.648812174797058
GSE190260::LAM1163:CGTCTACGTTTGTTGG-1,18,GSE190260::LAM1163:CCTTTCTCATCGGGTC-1,State_15,15,GSE190260,LAM1163,1.655078649520874
GSE190260::LAM1163:CGTCTACGTTTGTTGG-1,19,GSE190260::LAM1163:TACGGATTCTATCCTA-1,State_15,15,GSE190260,LAM1163,1.6597799062728882
GSE190260::LAM1163:CGTCTACGTTTGTTGG-1,20,GSE190260::LAM1163:ATTACTCGTGTCCTCT-1,State_15,15,GSE190260,LAM1163,1.6702346801757812
GSE190260::LAM1163:CGTCTACGTTTGTTGG-1,21,GSE190260::LAM1163:CCAGCGAGTAGCCTAT-1,State_15,15,GSE190260,LAM1163,1.6784039735794067
GSE190260::LAM1163:CGTCTACGTTTGTTGG-1,22,GSE190260::LAM1163:ATCACGACAGTAAGAT-1,State_15,15,GSE190260,LAM1163,1.679551124572754
GSE190260::LAM1163:CGTCTACGTTTGTTGG-1,23,GSE190260::LAM1163:CTCAGAATCACTTACT-1,State_15,15,GSE190260,LAM1163,1.682154655456543
GSE190260::LAM1163:CGTCTACGTTTGTTGG-1,24,GSE190260::LAM1163:CGTCCATTCGTAGGAG-1,State_15,15,GSE190260,LAM1163,1.8294756412506104
GSE190260::LAM1163:CGTCTACGTTTGTTGG-1,25,GSE190260::LAM1163:CTCTGGTCATCCCACT-1,State_15,15,GSE190260,LAM1163,1.8504960536956787
GSE190260::LAM1163:CGTCTACGTTTGTTGG-1,26,GSE190260::LAM1163:GCATGATAGCGTTCCG-1,State_15,15,GSE190260,LAM1163,1.9014562368392944
GSE190260::LAM1163:CGTCTACGTTTGTTGG-1,27,GSE190260::LAM1163:TACGGGCCAGTTAACC-1,State_15,15,GSE190260,LAM1163,1.9538123607635498
GSE190260::LAM1163:CGTCTACGTTTGTTGG-1,28,GSE190260::LAM1163:TAGACCATCGCACTCT-1,State_15,15,GSE190260,LAM1163,1.9686487913131714
GSE190260::LAM1163:CGTCTACGTTTGTTGG-1,29,GSE190260::LAM1163:AGTCTTTAGATAGTCA-1,State_15,15,GSE190260,LAM1163,1.9943156242370605
GSE190260::LAM1163:CGTCTACGTTTGTTGG-1,30,GSE190260::LAM1163:AAAGCAACAAGAGTCG-1,State_15,15,GSE190260,LAM1163,2.0041275024414062
GSE190260::LAM1163:CGTGTAAGTTGTACAC-1,1,GSE190260::LAM1163:GTCCTCATCCACTGGG-1,State_15,15,GSE190260,LAM1163,1.3705997467041016
GSE190260::LAM1163:CGTGTAAGTTGTACAC-1,2,GSE190260::LAM1163:CCTAGCTTCTGAGGGA-1,State_15,15,GSE190260,LAM1163,2.0530598163604736
GSE190260::LAM1163:CGTGTAAGTTGTACAC-1,3,GSE135851::LAM1:TTCTACACAGTTCATG-1,State_15,15,GSE135851,LAM1,2.3891525268554688
GSE190260::LAM1163:CGTGTAAGTTGTACAC-1,4,GSE190260::LAM1163:CCCATACGTGTTTGGT-1,State_16,16,GSE190260,LAM1163,2.5729546546936035
GSE190260::LAM1163:CGTGTAAGTTGTACAC-1,5,GSE190260::LAM1163:TAAACCGAGGCAATTA-1,State_15,15,GSE190260,LAM1163,2.6076834201812744
GSE190260::LAM1163:CGTGTAAGTTGTACAC-1,6,GSE190260::LAM1163:CTCGTCAGTGAGTATA-1,State_15,15,GSE190260,LAM1163,2.641288995742798
GSE190260::LAM1163:CGTGTAAGTTGTACAC-1,7,GSE190260::LAM1163:CGAACATCAATCACAC-1,State_15,15,GSE190260,LAM1163,2.762838840484619
GSE190260::LAM1163:CGTGTAAGTTGTACAC-1,8,GSE135851::LAM1:TAAGTGCCATCTACGA-1,State_15,15,GSE135851,LAM1,2.79732608795166
GSE190260::LAM1163:CGTGTAAGTTGTACAC-1,9,GSE190260::LAM1163:TGCGCAGCAAGGCTCC-1,State_15,15,GSE190260,LAM1163,2.805143117904663
GSE190260::LAM1163:CGTGTAAGTTGTACAC-1,10,GSE190260::LAM1163:TGCCCTACAGACGCCT-1,State_15,15,GSE190260,LAM1163,2.8430240154266357
GSE190260::LAM1163:CGTGTAAGTTGTACAC-1,11,GSE190260::LAM1163:CCTCAGTAGTAGATGT-1,State_15,15,GSE190260,LAM1163,2.871983051300049
GSE190260::LAM1163:CGTGTAAGTTGTACAC-1,12,GSE190260::LAM1163:AGAATAGTCCCTGACT-1,State_15,15,GSE190260,LAM1163,2.9323318004608154
GSE190260::LAM1163:CGTGTAAGTTGTACAC-1,13,GSE190260::LAM1163:ATAAGAGAGGCGCTCT-1,State_15,15,GSE190260,LAM1163,2.942687511444092
GSE190260::LAM1163:CGTGTAAGTTGTACAC-1,14,GSE190260::LAM1163:GCGCGATCATTTCACT-1,State_7,7,GSE190260,LAM1163,2.97217059135437
GSE190260::LAM1163:CGTGTAAGTTGTACAC-1,15,GSE190260::LAM1163:CTTGGCTGTCCCTACT-1,State_15,15,GSE190260,LAM1163,2.984700918197632
GSE190260::LAM1163:CGTGTAAGTTGTACAC-1,16,GSE190260::LAM1163:CGTCTACGTTTGTTGG-1,State_15,15,GSE190260,LAM1163,2.9880764484405518
GSE190260::LAM1163:CGTGTAAGTTGTACAC-1,17,GSE190260::LAM1163:CAGCATATCCTCCTAG-1,State_15,15,GSE190260,LAM1163,3.0153968334198
GSE190260::LAM1163:CGTGTAAGTTGTACAC-1,18,GSE190260::LAM1163:CTAAGACGTGGTTTCA-1,State_15,15,GSE190260,LAM1163,3.02775502204895
GSE190260::LAM1163:CGTGTAAGTTGTACAC-1,19,GSE190260::LAM1163:AAAGCAACAAGAGTCG-1,State_15,15,GSE190260,LAM1163,3.0311732292175293
GSE190260::LAM1163:CGTGTAAGTTGTACAC-1,20,GSE190260::LAM1163:ATGGGAGGTAATAGCA-1,State_15,15,GSE190260,LAM1163,3.0329651832580566
GSE190260::LAM1163:CGTGTAAGTTGTACAC-1,21,GSE190260::LAM1163:CGATCGGAGATATGGT-1,State_15,15,GSE190260,LAM1163,3.03826904296875
GSE190260::LAM1163:CGTGTAAGTTGTACAC-1,22,GSE190260::LAM1163:CAAGTTGGTCGCCATG-1,State_15,15,GSE190260,LAM1163,3.0392444133758545
GSE190260::LAM1163:CGTGTAAGTTGTACAC-1,23,GSE190260::LAM1163:TTTACTGAGCTGAAAT-1,State_15,15,GSE190260,LAM1163,3.0900328159332275
GSE190260::LAM1163:CGTGTAAGTTGTACAC-1,24,GSE135851::LAM1:CGAGAAGCACTTGGAT-1,State_15,15,GSE135851,LAM1,3.1420953273773193
GSE190260::LAM1163:CGTGTAAGTTGTACAC-1,25,GSE190260::LAM1163:TCGTAGAGTTACCGAT-1,State_15,15,GSE190260,LAM1163,3.1446127891540527
GSE190260::LAM1163:CGTGTAAGTTGTACAC-1,26,GSE190260::LAM1163:TTCTTAGCAGGCGATA-1,State_15,15,GSE190260,LAM1163,3.146989107131958
GSE190260::LAM1163:CGTGTAAGTTGTACAC-1,27,GSE190260::LAM1163:CTTACCGTCGTCTGCT-1,State_15,15,GSE190260,LAM1163,3.151528835296631
GSE190260::LAM1163:CGTGTAAGTTGTACAC-1,28,GSE190260::LAM1163:CGTCCATCATGCCTAA-1,State_15,15,GSE190260,LAM1163,3.17909574508667
GSE190260::LAM1163:CGTGTAAGTTGTACAC-1,29,GSE190260::LAM1163:AGAGCTTCACGTTGGC-1,State_15,15,GSE190260,LAM1163,3.1852805614471436
GSE190260::LAM1163:CGTGTAAGTTGTACAC-1,30,GSE190260::LAM1163:GTGTTAGTCTCCAACC-1,State_15,15,GSE190260,LAM1163,3.196300745010376
GSE190260::LAM1163:CTAAGACCAAGCCCAC-1,1,GSE190260::LAM1163:TTAGGACCAGCTGTAT-1,State_15,15,GSE190260,LAM1163,1.884735345840454
GSE190260::LAM1163:CTAAGACCAAGCCCAC-1,2,GSE190260::LAM1163:GATCGATTCAGTGTTG-1,State_15,15,GSE190260,LAM1163,2.6889355182647705
GSE190260::LAM1163:CTAAGACCAAGCCCAC-1,3,GSE190260::LAM1163:TCGTAGAGTTACCGAT-1,State_15,15,GSE190260,LAM1163,2.7988550662994385
GSE190260::LAM1163:CTAAGACCAAGCCCAC-1,4,GSE190260::LAM1163:GTAACTGAGCACCGCT-1,State_15,15,GSE190260,LAM1163,3.0560951232910156
GSE190260::LAM1163:CTAAGACCAAGCCCAC-1,5,GSE190260::LAM1163:TTAGGCAAGGAGCGAG-1,State_15,15,GSE190260,LAM1163,3.0692496299743652
GSE190260::LAM1163:CTAAGACCAAGCCCAC-1,6,GSE135851::LAM3:GCGGGTTAGGCTAGAC-1,State_15,15,GSE135851,LAM3,3.1617605686187744
GSE190260::LAM1163:CTAAGACCAAGCCCAC-1,7,GSE190260::LAM1163:TCTTCGGTCCCGGATG-1,State_15,15,GSE190260,LAM1163,3.2184407711029053
GSE190260::LAM1163:CTAAGACCAAGCCCAC-1,8,GSE190260::LAM1163:TGCGCAGCAAGGCTCC-1,State_15,15,GSE190260,LAM1163,3.2207248210906982
GSE190260::LAM1163:CTAAGACCAAGCCCAC-1,9,GSE190260::LAM1163:CAAGTTGGTCGCCATG-1,State_15,15,GSE190260,LAM1163,3.223975896835327
GSE190260::LAM1163:CTAAGACCAAGCCCAC-1,10,GSE190260::LAM1163:CATCGAAGTCAGAGGT-1,State_15,15,GSE190260,LAM1163,3.2666125297546387
GSE190260::LAM1163:CTAAGACCAAGCCCAC-1,11,GSE190260::LAM1163:CTTACCGTCGTCTGCT-1,State_15,15,GSE190260,LAM1163,3.329977035522461
GSE190260::LAM1163:CTAAGACCAAGCCCAC-1,12,GSE190260::LAM1163:GGACAAGTCAATCTCT-1,State_16,16,GSE190260,LAM1163,3.400994300842285
GSE190260::LAM1163:CTAAGACCAAGCCCAC-1,13,GSE190260::LAM1163:TAGACCATCGCACTCT-1,State_15,15,GSE190260,LAM1163,3.414928436279297
GSE190260::LAM1163:CTAAGACCAAGCCCAC-1,14,GSE190260::LAM1163:CTCTGGTCATCCCACT-1,State_15,15,GSE190260,LAM1163,3.44441556930542
GSE190260::LAM1163:CTAAGACCAAGCCCAC-1,15,GSE190260::LAM1163:GGCAATTGTTGAGTTC-1,State_16,16,GSE190260,LAM1163,3.4620890617370605
GSE190260::LAM1163:CTAAGACCAAGCCCAC-1,16,GSE190260::LAM1163:TTTGCGCAGCCAGAAC-1,State_15,15,GSE190260,LAM1163,3.462780237197876
GSE190260::LAM1163:CTAAGACCAAGCCCAC-1,17,GSE190260::LAM1163:CAGTCCTTCGTAGGTT-1,State_15,15,GSE190260,LAM1163,3.4651362895965576
GSE190260::LAM1163:CTAAGACCAAGCCCAC-1,18,GSE190260::LAM1163:CTAAGACGTGGTTTCA-1,State_15,15,GSE190260,LAM1163,3.4705140590667725
GSE190260::LAM1163:CTAAGACCAAGCCCAC-1,19,GSE190260::LAM1163:CTCAGAATCTATCCCG-1,State_16,16,GSE190260,LAM1163,3.5017666816711426
GSE190260::LAM1163:CTAAGACCAAGCCCAC-1,20,GSE190260::LAM1163:CCTCAGTAGTAGATGT-1,State_15,15,GSE190260,LAM1163,3.5044305324554443
GSE190260::LAM1163:CTAAGACCAAGCCCAC-1,21,GSE190260::LAM1163:TATCTCAAGACCTAGG-1,State_16,16,GSE190260,LAM1163,3.518855094909668
GSE190260::LAM1163:CTAAGACCAAGCCCAC-1,22,GSE190260::LAM1163:TTTACTGAGCTGAAAT-1,State_15,15,GSE190260,LAM1163,3.5352654457092285
GSE190260::LAM1163:CTAAGACCAAGCCCAC-1,23,GSE190260::LAM1163:CCCAGTTGTCGTTGTA-1,State_15,15,GSE190260,LAM1163,3.5503904819488525
GSE190260::LAM1163:CTAAGACCAAGCCCAC-1,24,GSE190260::LAM1163:TCGAGGCAGACTAGAT-1,State_15,15,GSE190260,LAM1163,3.572248935699463
GSE190260::LAM1163:CTAAGACCAAGCCCAC-1,25,GSE190260::LAM1163:AGAATAGTCCCTGACT-1,State_15,15,GSE190260,LAM1163,3.5725138187408447
GSE190260::LAM1163:CTAAGACCAAGCCCAC-1,26,GSE190260::LAM1163:AGGTCCGAGGCATGTG-1,State_15,15,GSE190260,LAM1163,3.5735116004943848
GSE190260::LAM1163:CTAAGACCAAGCCCAC-1,27,GSE190260::LAM1163:CCACCTAAGGTACTCT-1,State_15,15,GSE190260,LAM1163,3.5755107402801514
GSE190260::LAM1163:CTAAGACCAAGCCCAC-1,28,GSE190260::LAM1163:CGATCGGAGATATGGT-1,State_15,15,GSE190260,LAM1163,3.5830492973327637
GSE190260::LAM1163:CTAAGACCAAGCCCAC-1,29,GSE190260::LAM1163:AACACGTAGCTAAACA-1,State_15,15,GSE190260,LAM1163,3.5908403396606445
GSE190260::LAM1163:CTAAGACCAAGCCCAC-1,30,GSE190260::LAM1163:TTTGGTTTCAGGCAAG-1,State_16,16,GSE190260,LAM1163,3.6042215824127197
GSE190260::LAM1163:CTAAGACGTGGTTTCA-1,1,GSE190260::LAM1163:GTGTTAGTCTCCAACC-1,State_15,15,GSE190260,LAM1163,1.9028793573379517
GSE190260::LAM1163:CTAAGACGTGGTTTCA-1,2,GSE190260::LAM1163:TCGTAGAGTTACCGAT-1,State_15,15,GSE190260,LAM1163,2.1334943771362305
GSE190260::LAM1163:CTAAGACGTGGTTTCA-1,3,GSE190260::LAM1163:TCAGGATGTGACAAAT-1,State_15,15,GSE190260,LAM1163,2.4842121601104736
GSE190260::LAM1163:CTAAGACGTGGTTTCA-1,4,GSE190260::LAM1163:CTTACCGTCGTCTGCT-1,State_15,15,GSE190260,LAM1163,2.539680004119873
GSE190260::LAM1163:CTAAGACGTGGTTTCA-1,5,GSE190260::LAM1163:TACGGATTCTATCCTA-1,State_15,15,GSE190260,LAM1163,2.541300058364868
GSE190260::LAM1163:CTAAGACGTGGTTTCA-1,6,GSE190260::LAM1163:CAAGTTGGTCGCCATG-1,State_15,15,GSE190260,LAM1163,2.640676259994507
GSE190260::LAM1163:CTAAGACGTGGTTTCA-1,7,GSE190260::LAM1163:CGATCGGAGATATGGT-1,State_15,15,GSE190260,LAM1163,2.670379638671875
GSE190260::LAM1163:CTAAGACGTGGTTTCA-1,8,GSE190260::LAM1163:TGCGCAGCAAGGCTCC-1,State_15,15,GSE190260,LAM1163,2.679367780685425
GSE190260::LAM1163:CTAAGACGTGGTTTCA-1,9,GSE190260::LAM1163:CGGACTGGTCCAAGTT-1,State_15,15,GSE190260,LAM1163,2.6825218200683594
GSE190260::LAM1163:CTAAGACGTGGTTTCA-1,10,GSE190260::LAM1163:GCCTCTAAGAGCCCAA-1,State_15,15,GSE190260,LAM1163,2.6934380531311035
GSE190260::LAM1163:CTAAGACGTGGTTTCA-1,11,GSE190260::LAM1163:CGTCTACGTTTGTTGG-1,State_15,15,GSE190260,LAM1163,2.697411298751831
GSE190260::LAM1163:CTAAGACGTGGTTTCA-1,12,GSE190260::LAM1163:ATGTGTGGTAGTAGTA-1,State_15,15,GSE190260,LAM1163,2.706948757171631
GSE190260::LAM1163:CTAAGACGTGGTTTCA-1,13,GSE190260::LAM1163:CGCTATCGTAGGCATG-1,State_15,15,GSE190260,LAM1163,2.710099935531616
GSE190260::LAM1163:CTAAGACGTGGTTTCA-1,14,GSE190260::LAM1163:TTTACTGAGCTGAAAT-1,State_15,15,GSE190260,LAM1163,2.7680928707122803
GSE190260::LAM1163:CTAAGACGTGGTTTCA-1,15,GSE190260::LAM1163:CGTCCATCATGCCTAA-1,State_15,15,GSE190260,LAM1163,2.77349853515625
GSE190260::LAM1163:CTAAGACGTGGTTTCA-1,16,GSE135851::LAM1:TATCTCATCAAGCCTA-1,State_15,15,GSE135851,LAM1,2.7957422733306885
GSE190260::LAM1163:CTAAGACGTGGTTTCA-1,17,GSE190260::LAM1163:TAGACCATCGCACTCT-1,State_15,15,GSE190260,LAM1163,2.7991783618927
GSE190260::LAM1163:CTAAGACGTGGTTTCA-1,18,GSE190260::LAM1163:AAGACCTTCCCTTGCA-1,State_15,15,GSE190260,LAM1163,2.83107852935791
GSE190260::LAM1163:CTAAGACGTGGTTTCA-1,19,GSE190260::LAM1163:TGCCCTACAGACGCCT-1,State_15,15,GSE190260,LAM1163,2.846909999847412
GSE190260::LAM1163:CTAAGACGTGGTTTCA-1,20,GSE190260::LAM1163:CCTTTCTCATCGGGTC-1,State_15,15,GSE190260,LAM1163,2.8527019023895264
GSE190260::LAM1163:CTAAGACGTGGTTTCA-1,21,GSE190260::LAM1163:GGTGCGTTCTGTACGA-1,State_15,15,GSE190260,LAM1163,2.8675577640533447
GSE190260::LAM1163:CTAAGACGTGGTTTCA-1,22,GSE190260::LAM1163:AGAGCTTCACGTTGGC-1,State_15,15,GSE190260,LAM1163,2.8781168460845947
GSE190260::LAM1163:CTAAGACGTGGTTTCA-1,23,GSE190260::LAM1163:TTCTCAAAGTCCGTAT-1,State_15,15,GSE190260,LAM1163,2.885000228881836
GSE190260::LAM1163:CTAAGACGTGGTTTCA-1,24,GSE190260::LAM1163:GTAACTGAGCACCGCT-1,State_15,15,GSE190260,LAM1163,2.8854634761810303
GSE190260::LAM1163:CTAAGACGTGGTTTCA-1,25,GSE190260::LAM1163:AAAGCAACAAGAGTCG-1,State_15,15,GSE190260,LAM1163,2.8944411277770996
GSE190260::LAM1163:CTAAGACGTGGTTTCA-1,26,GSE190260::LAM1163:CCTCAGTAGTAGATGT-1,State_15,15,GSE190260,LAM1163,2.8989598751068115
GSE190260::LAM1163:CTAAGACGTGGTTTCA-1,27,GSE190260::LAM1163:TTCTTAGCAGGCGATA-1,State_15,15,GSE190260,LAM1163,2.908600091934204
GSE190260::LAM1163:CTAAGACGTGGTTTCA-1,28,GSE190260::LAM1163:TTTGCGCAGCCAGAAC-1,State_15,15,GSE190260,LAM1163,2.9144904613494873
GSE190260::LAM1163:CTAAGACGTGGTTTCA-1,29,GSE190260::LAM1163:CGCTGGAGTAAGTAGT-1,State_15,15,GSE190260,LAM1163,2.917293071746826
GSE190260::LAM1163:CTAAGACGTGGTTTCA-1,30,GSE135851::LAM1:GGCGACTTCGCACTCT-1,State_15,15,GSE135851,LAM1,2.9290430545806885
GSE190260::LAM1163:CTCAGAAGTGATAAGT-1,1,GSE190260::LAM1163:ATCACGACAGTAAGAT-1,State_15,15,GSE190260,LAM1163,1.2352168560028076
GSE190260::LAM1163:CTCAGAAGTGATAAGT-1,2,GSE190260::LAM1163:CGCTTCAAGCCCAACC-1,State_15,15,GSE190260,LAM1163,1.336266279220581
GSE190260::LAM1163:CTCAGAAGTGATAAGT-1,3,GSE190260::LAM1163:CACACTCAGATAGGAG-1,State_15,15,GSE190260,LAM1163,1.3692253828048706
GSE190260::LAM1163:CTCAGAAGTGATAAGT-1,4,GSE190260::LAM1163:ATTACTCGTGTCCTCT-1,State_15,15,GSE190260,LAM1163,1.4472858905792236
GSE190260::LAM1163:CTCAGAAGTGATAAGT-1,5,GSE190260::LAM1163:TTGTAGGGTAAAGTCA-1,State_15,15,GSE190260,LAM1163,1.5299527645111084
GSE190260::LAM1163:CTCAGAAGTGATAAGT-1,6,GSE190260::LAM1163:CTCTGGTCATCCCACT-1,State_15,15,GSE190260,LAM1163,1.6304677724838257
GSE190260::LAM1163:CTCAGAAGTGATAAGT-1,7,GSE190260::LAM1163:GGGTTGCGTCAGAATA-1,State_15,15,GSE190260,LAM1163,1.6439650058746338
GSE190260::LAM1163:CTCAGAAGTGATAAGT-1,8,GSE190260::LAM1163:GAGTCCGAGCTAAACA-1,State_15,15,GSE190260,LAM1163,1.6933071613311768
GSE190260::LAM1163:CTCAGAAGTGATAAGT-1,9,GSE190260::LAM1163:AGTCTTTAGATAGTCA-1,State_15,15,GSE190260,LAM1163,1.7022778987884521
GSE190260::LAM1163:CTCAGAAGTGATAAGT-1,10,GSE190260::LAM1163:TTTGCGCAGCCAGAAC-1,State_15,15,GSE190260,LAM1163,1.7237900495529175
GSE190260::LAM1163:CTCAGAAGTGATAAGT-1,11,GSE190260::LAM1163:TCGAGGCAGACTAGAT-1,State_15,15,GSE190260,LAM1163,1.7628421783447266
GSE190260::LAM1163:CTCAGAAGTGATAAGT-1,12,GSE190260::LAM1163:AGCCTAAAGATGCCAG-1,State_15,15,GSE190260,LAM1163,1.8472949266433716
GSE190260::LAM1163:CTCAGAAGTGATAAGT-1,13,GSE190260::LAM1163:CACAGTATCTTGTATC-1,State_15,15,GSE190260,LAM1163,1.859877109527588
GSE190260::LAM1163:CTCAGAAGTGATAAGT-1,14,GSE190260::LAM1163:ATGTGTGGTAGTAGTA-1,State_15,15,GSE190260,LAM1163,1.8778233528137207
GSE190260::LAM1163:CTCAGAAGTGATAAGT-1,15,GSE190260::LAM1163:GGATGTTTCTTCCTTC-1,State_15,15,GSE190260,LAM1163,1.9361226558685303
GSE190260::LAM1163:CTCAGAAGTGATAAGT-1,16,GSE190260::LAM1163:GGTGCGTTCTGTACGA-1,State_15,15,GSE190260,LAM1163,1.9404743909835815
GSE190260::LAM1163:CTCAGAAGTGATAAGT-1,17,GSE190260::LAM1163:TATCTCAAGAGACTAT-1,State_15,15,GSE190260,LAM1163,1.9700002670288086
GSE190260::LAM1163:CTCAGAAGTGATAAGT-1,18,GSE190260::LAM1163:CGGACTGGTCCAAGTT-1,State_15,15,GSE190260,LAM1163,1.981657862663269
GSE190260::LAM1163:CTCAGAAGTGATAAGT-1,19,GSE190260::LAM1163:GGATGTTTCAAGCCTA-1,State_15,15,GSE190260,LAM1163,2.018042802810669
GSE190260::LAM1163:CTCAGAAGTGATAAGT-1,20,GSE190260::LAM1163:TGCGCAGTCTCTAAGG-1,State_15,15,GSE190260,LAM1163,2.020646333694458
GSE190260::LAM1163:CTCAGAAGTGATAAGT-1,21,GSE190260::LAM1163:CCCAGTTGTCGTTGTA-1,State_15,15,GSE190260,LAM1163,2.040280342102051
GSE190260::LAM1163:CTCAGAAGTGATAAGT-1,22,GSE190260::LAM1163:TGCGCAGCAAGGCTCC-1,State_15,15,GSE190260,LAM1163,2.0612094402313232
GSE190260::LAM1163:CTCAGAAGTGATAAGT-1,23,GSE190260::LAM1163:CATCAGACAAGAAAGG-1,State_15,15,GSE190260,LAM1163,2.0784215927124023
GSE190260::LAM1163:CTCAGAAGTGATAAGT-1,24,GSE190260::LAM1163:CCACCTAAGGTACTCT-1,State_15,15,GSE190260,LAM1163,2.1138646602630615
GSE190260::LAM1163:CTCAGAAGTGATAAGT-1,25,GSE190260::LAM1163:CCAGCGAGTAGCCTAT-1,State_15,15,GSE190260,LAM1163,2.1206552982330322
GSE190260::LAM1163:CTCAGAAGTGATAAGT-1,26,GSE190260::LAM1163:TTGTAGGGTGCAACTT-1,State_15,15,GSE190260,LAM1163,2.1315371990203857
GSE190260::LAM1163:CTCAGAAGTGATAAGT-1,27,GSE190260::LAM1163:AAAGCAACAAGAGTCG-1,State_15,15,GSE190260,LAM1163,2.1459975242614746
GSE190260::LAM1163:CTCAGAAGTGATAAGT-1,28,GSE190260::LAM1163:GCTCCTAGTTCCACAA-1,State_15,15,GSE190260,LAM1163,2.1496057510375977
GSE190260::LAM1163:CTCAGAAGTGATAAGT-1,29,GSE190260::LAM1163:CTCAGAATCACTTACT-1,State_15,15,GSE190260,LAM1163,2.1576461791992188
GSE190260::LAM1163:CTCAGAAGTGATAAGT-1,30,GSE190260::LAM1163:CGCTATCGTAGGCATG-1,State_15,15,GSE190260,LAM1163,2.1806466579437256
GSE190260::LAM1163:CTCAGAATCACTTACT-1,1,GSE190260::LAM1163:GCTCCTAGTTCCACAA-1,State_15,15,GSE190260,LAM1163,1.2631157636642456
GSE190260::LAM1163:CTCAGAATCACTTACT-1,2,GSE190260::LAM1163:CATCAGACAAGAAAGG-1,State_15,15,GSE190260,LAM1163,1.3027745485305786
GSE190260::LAM1163:CTCAGAATCACTTACT-1,3,GSE190260::LAM1163:CCAGCGAGTAGCCTAT-1,State_15,15,GSE190260,LAM1163,1.351383090019226
GSE190260::LAM1163:CTCAGAATCACTTACT-1,4,GSE190260::LAM1163:CGCTATCGTAGGCATG-1,State_15,15,GSE190260,LAM1163,1.3670904636383057
GSE190260::LAM1163:CTCAGAATCACTTACT-1,5,GSE190260::LAM1163:CACACTCTCTGTCCGT-1,State_15,15,GSE190260,LAM1163,1.3681241273880005
GSE190260::LAM1163:CTCAGAATCACTTACT-1,6,GSE190260::LAM1163:TAGACCATCGCACTCT-1,State_15,15,GSE190260,LAM1163,1.3693666458129883
GSE190260::LAM1163:CTCAGAATCACTTACT-1,7,GSE190260::LAM1163:AGGGTGACAAACTGTC-1,State_15,15,GSE190260,LAM1163,1.3927406072616577
GSE190260::LAM1163:CTCAGAATCACTTACT-1,8,GSE190260::LAM1163:TACGGGCCAGTTAACC-1,State_15,15,GSE190260,LAM1163,1.417887568473816
GSE190260::LAM1163:CTCAGAATCACTTACT-1,9,GSE190260::LAM1163:GGGTTGCGTCAGAATA-1,State_15,15,GSE190260,LAM1163,1.4214951992034912
GSE190260::LAM1163:CTCAGAATCACTTACT-1,10,GSE190260::LAM1163:TGCGCAGCAAGGCTCC-1,State_15,15,GSE190260,LAM1163,1.4244780540466309
GSE190260::LAM1163:CTCAGAATCACTTACT-1,11,GSE190260::LAM1163:CGTCCATTCGTAGGAG-1,State_15,15,GSE190260,LAM1163,1.4298135042190552
GSE190260::LAM1163:CTCAGAATCACTTACT-1,12,GSE190260::LAM1163:CGCTTCAAGCCCAACC-1,State_15,15,GSE190260,LAM1163,1.4624106884002686
GSE190260::LAM1163:CTCAGAATCACTTACT-1,13,GSE190260::LAM1163:CCTCAGTAGTAGATGT-1,State_15,15,GSE190260,LAM1163,1.4802533388137817
GSE190260::LAM1163:CTCAGAATCACTTACT-1,14,GSE190260::LAM1163:CTTACCGTCGTCTGCT-1,State_15,15,GSE190260,LAM1163,1.4841562509536743
GSE190260::LAM1163:CTCAGAATCACTTACT-1,15,GSE190260::LAM1163:AGTCTTTAGATAGTCA-1,State_15,15,GSE190260,LAM1163,1.486725926399231
GSE190260::LAM1163:CTCAGAATCACTTACT-1,16,GSE190260::LAM1163:CTTCTCTGTACTTGAC-1,State_15,15,GSE190260,LAM1163,1.4931453466415405
GSE190260::LAM1163:CTCAGAATCACTTACT-1,17,GSE190260::LAM1163:CACAGTATCTTGTATC-1,State_15,15,GSE190260,LAM1163,1.5233900547027588
GSE190260::LAM1163:CTCAGAATCACTTACT-1,18,GSE190260::LAM1163:GAGTCCGAGCTAAACA-1,State_15,15,GSE190260,LAM1163,1.5498504638671875
GSE190260::LAM1163:CTCAGAATCACTTACT-1,19,GSE190260::LAM1163:GGATGTTTCTTCCTTC-1,State_15,15,GSE190260,LAM1163,1.5764118432998657
GSE190260::LAM1163:CTCAGAATCACTTACT-1,20,GSE190260::LAM1163:ATGTGTGGTAGTAGTA-1,State_15,15,GSE190260,LAM1163,1.65359628200531
GSE190260::LAM1163:CTCAGAATCACTTACT-1,21,GSE190260::LAM1163:GGTGCGTTCTGTACGA-1,State_15,15,GSE190260,LAM1163,1.6592315435409546
GSE190260::LAM1163:CTCAGAATCACTTACT-1,22,GSE190260::LAM1163:CGTCTACGTTTGTTGG-1,State_15,15,GSE190260,LAM1163,1.682154655456543
GSE190260::LAM1163:CTCAGAATCACTTACT-1,23,GSE190260::LAM1163:TGCCCTACAGACGCCT-1,State_15,15,GSE190260,LAM1163,1.7192579507827759
GSE190260::LAM1163:CTCAGAATCACTTACT-1,24,GSE190260::LAM1163:TTGTAGGGTGCAACTT-1,State_15,15,GSE190260,LAM1163,1.7537676095962524
GSE190260::LAM1163:CTCAGAATCACTTACT-1,25,GSE190260::LAM1163:CACCACTCACAGTCGC-1,State_15,15,GSE190260,LAM1163,1.7877237796783447
GSE190260::LAM1163:CTCAGAATCACTTACT-1,26,GSE190260::LAM1163:CGGAGCTAGAGAACAG-1,State_15,15,GSE190260,LAM1163,1.8336131572723389
GSE190260::LAM1163:CTCAGAATCACTTACT-1,27,GSE190260::LAM1163:CGATCGGAGATATGGT-1,State_15,15,GSE190260,LAM1163,1.8581843376159668
GSE190260::LAM1163:CTCAGAATCACTTACT-1,28,GSE190260::LAM1163:CAGCATATCCTCCTAG-1,State_15,15,GSE190260,LAM1163,1.8588016033172607
GSE190260::LAM1163:CTCAGAATCACTTACT-1,29,GSE190260::LAM1163:TTCTCAAAGTCCGTAT-1,State_15,15,GSE190260,LAM1163,1.8810449838638306
GSE190260::LAM1163:CTCAGAATCACTTACT-1,30,GSE190260::LAM1163:ATCACGACAGTAAGAT-1,State_15,15,GSE190260,LAM1163,1.886487364768982
GSE190260::LAM1163:CTCGAGGAGCCCGAAA-1,1,GSE190260::LAM1163:TGCACCTAGACATAAC-1,State_15,15,GSE190260,LAM1163,1.8310415744781494
GSE190260::LAM1163:CTCGAGGAGCCCGAAA-1,2,GSE190260::LAM1163:CATTCGCAGCAATCTC-1,State_15,15,GSE190260,LAM1163,2.1451895236968994
GSE190260::LAM1163:CTCGAGGAGCCCGAAA-1,3,GSE190260::LAM1163:GCACTCTCATCCGGGT-1,State_15,15,GSE190260,LAM1163,2.1485679149627686
GSE190260::LAM1163:CTCGAGGAGCCCGAAA-1,4,GSE135851::LAM3:CGTAGGCGTACTCAAC-1,State_15,15,GSE135851,LAM3,2.2745559215545654
GSE190260::LAM1163:CTCGAGGAGCCCGAAA-1,5,GSE190260::LAM1163:CGTAGCGTCCCAGGTG-1,State_15,15,GSE190260,LAM1163,2.2957763671875
GSE190260::LAM1163:CTCGAGGAGCCCGAAA-1,6,GSE190260::LAM1163:ATCACGACAGTAAGAT-1,State_15,15,GSE190260,LAM1163,2.3351361751556396
GSE190260::LAM1163:CTCGAGGAGCCCGAAA-1,7,GSE190260::LAM1163:CTCTGGTCATCCCACT-1,State_15,15,GSE190260,LAM1163,2.4037773609161377
GSE190260::LAM1163:CTCGAGGAGCCCGAAA-1,8,GSE190260::LAM1163:TTGGAACTCGGCGGTT-1,State_15,15,GSE190260,LAM1163,2.4386260509490967
GSE190260::LAM1163:CTCGAGGAGCCCGAAA-1,9,GSE190260::LAM1163:AGCTCCTGTCAAAGCG-1,State_15,15,GSE190260,LAM1163,2.4544572830200195
GSE190260::LAM1163:CTCGAGGAGCCCGAAA-1,10,GSE135851::LAM3:TACAGTGAGGCAATTA-1,State_15,15,GSE135851,LAM3,2.5486819744110107
GSE190260::LAM1163:CTCGAGGAGCCCGAAA-1,11,GSE135851::LAM1:TGCGCAGGTTCGCTAA-1,State_15,15,GSE135851,LAM1,2.573498487472534
GSE190260::LAM1163:CTCGAGGAGCCCGAAA-1,12,GSE190260::LAM1163:TCGAGGCAGACTAGAT-1,State_15,15,GSE190260,LAM1163,2.5747427940368652
GSE190260::LAM1163:CTCGAGGAGCCCGAAA-1,13,GSE190260::LAM1163:CCCAGTTGTCGTTGTA-1,State_15,15,GSE190260,LAM1163,2.6022675037384033
GSE190260::LAM1163:CTCGAGGAGCCCGAAA-1,14,GSE190260::LAM1163:TTAGGACGTCGGATCC-1,State_15,15,GSE190260,LAM1163,2.6392674446105957
GSE190260::LAM1163:CTCGAGGAGCCCGAAA-1,15,GSE135851::LAM3:CGGCTAGGTTAAGGGC-1,State_15,15,GSE135851,LAM3,2.7049567699432373
GSE190260::LAM1163:CTCGAGGAGCCCGAAA-1,16,GSE135851::LAM3:TCGTACCAGGGATCTG-1,State_15,15,GSE135851,LAM3,2.7254910469055176
GSE190260::LAM1163:CTCGAGGAGCCCGAAA-1,17,GSE190260::LAM1163:CACACTCAGATAGGAG-1,State_15,15,GSE190260,LAM1163,2.7396860122680664
GSE190260::LAM1163:CTCGAGGAGCCCGAAA-1,18,GSE135851::LAM3:AACCATGCACGAAGCA-1,State_15,15,GSE135851,LAM3,2.7502670288085938
GSE190260::LAM1163:CTCGAGGAGCCCGAAA-1,19,GSE190260::LAM1163:TGCGCAGCAAGGCTCC-1,State_15,15,GSE190260,LAM1163,2.7618632316589355
GSE190260::LAM1163:CTCGAGGAGCCCGAAA-1,20,GSE135851::LAM3:CCAATCCGTAGCTGCC-1,State_15,15,GSE135851,LAM3,2.763096332550049
GSE190260::LAM1163:CTCGAGGAGCCCGAAA-1,21,GSE190260::LAM1163:TTTACTGGTGACGCCT-1,State_15,15,GSE190260,LAM1163,2.764763116836548
GSE190260::LAM1163:CTCGAGGAGCCCGAAA-1,22,GSE190260::LAM1163:CGTCTACGTTTGTTGG-1,State_15,15,GSE190260,LAM1163,2.7657811641693115
GSE190260::LAM1163:CTCGAGGAGCCCGAAA-1,23,GSE190260::LAM1163:TGACGGCAGTGGCACA-1,State_15,15,GSE190260,LAM1163,2.7696642875671387
GSE190260::LAM1163:CTCGAGGAGCCCGAAA-1,24,GSE190260::LAM1163:GACTAACGTTGTGGCC-1,State_15,15,GSE190260,LAM1163,2.8022496700286865
GSE190260::LAM1163:CTCGAGGAGCCCGAAA-1,25,GSE190260::LAM1163:GCATGATAGCGTTCCG-1,State_15,15,GSE190260,LAM1163,2.8242242336273193
GSE190260::LAM1163:CTCGAGGAGCCCGAAA-1,26,GSE190260::LAM1163:CTCAGAAGTGATAAGT-1,State_15,15,GSE190260,LAM1163,2.8533003330230713
GSE190260::LAM1163:CTCGAGGAGCCCGAAA-1,27,GSE135851::LAM3:TTTATGCAGCCAACAG-1,State_15,15,GSE135851,LAM3,2.853682518005371
GSE190260::LAM1163:CTCGAGGAGCCCGAAA-1,28,GSE135851::LAM3:CACAAACCAATAGCGG-1,State_15,15,GSE135851,LAM3,2.863595724105835
GSE190260::LAM1163:CTCGAGGAGCCCGAAA-1,29,GSE135851::LAM3:CGTCACTCAGGCTCAC-1,State_15,15,GSE135851,LAM3,2.872173309326172
GSE190260::LAM1163:CTCGAGGAGCCCGAAA-1,30,GSE190260::LAM1163:CGTCCATTCGTAGGAG-1,State_15,15,GSE190260,LAM1163,2.8900115489959717
GSE190260::LAM1163:CTCGTCAGTGAGTATA-1,1,GSE217108::LAM32:GTTGGCGGTTCGGGAT-1,State_15,15,GSE217108,LAM32,1.6617693901062012
GSE190260::LAM1163:CTCGTCAGTGAGTATA-1,2,GSE135851::LAM1:TAAGTGCCATCTACGA-1,State_15,15,GSE135851,LAM1,1.7770190238952637
GSE190260::LAM1163:CTCGTCAGTGAGTATA-1,3,GSE190260::LAM1163:CTTGGCTGTCCCTACT-1,State_15,15,GSE190260,LAM1163,2.003000497817993
GSE190260::LAM1163:CTCGTCAGTGAGTATA-1,4,GSE190260::LAM1163:GTCCTCATCCACTGGG-1,State_15,15,GSE190260,LAM1163,2.5662732124328613
GSE190260::LAM1163:CTCGTCAGTGAGTATA-1,5,GSE190260::LAM1163:ATGGGAGGTAATAGCA-1,State_15,15,GSE190260,LAM1163,2.6185429096221924
GSE190260::LAM1163:CTCGTCAGTGAGTATA-1,6,GSE190260::LAM1163:CGTGTAAGTTGTACAC-1,State_15,15,GSE190260,LAM1163,2.641288995742798
GSE190260::LAM1163:CTCGTCAGTGAGTATA-1,7,GSE122960::GSE122960_Donor_07:GAAACTCAGAAACCTA-1,normal,,GSE122960,GSE122960_Donor_07,2.6881415843963623
GSE190260::LAM1163:CTCGTCAGTGAGTATA-1,8,GSE135851::LAM1:TTCTACACAGTTCATG-1,State_15,15,GSE135851,LAM1,2.768359422683716
GSE190260::LAM1163:CTCGTCAGTGAGTATA-1,9,GSE190260::LAM1163:GCGCGATCATTTCACT-1,State_7,7,GSE190260,LAM1163,2.774129629135132
GSE190260::LAM1163:CTCGTCAGTGAGTATA-1,10,GSE190260::LAM1163:CCTAGCTTCTGAGGGA-1,State_15,15,GSE190260,LAM1163,2.9533233642578125
GSE190260::LAM1163:CTCGTCAGTGAGTATA-1,11,GSE122960::GSE122960_Donor_07:TGGTTAGCAAGCCGTC-1,normal,,GSE122960,GSE122960_Donor_07,2.994091033935547
GSE190260::LAM1163:CTCGTCAGTGAGTATA-1,12,GSE122960::GSE122960_Donor_07:CAGCAGCGTTCGAATC-1,normal,,GSE122960,GSE122960_Donor_07,3.0621016025543213
GSE190260::LAM1163:CTCGTCAGTGAGTATA-1,13,GSE190260::LAM1163:GCGCAACCAGGCTGAA-1,State_15,15,GSE190260,LAM1163,3.0643017292022705
GSE190260::LAM1163:CTCGTCAGTGAGTATA-1,14,GSE122960::GSE122960_Donor_07:CAGGTGCGTAGAGGAA-1,normal,,GSE122960,GSE122960_Donor_07,3.0906238555908203
GSE190260::LAM1163:CTCGTCAGTGAGTATA-1,15,GSE190260::LAM1163:CCTACCACAGCTGCAC-1,State_7,7,GSE190260,LAM1163,3.130253314971924
GSE190260::LAM1163:CTCGTCAGTGAGTATA-1,16,GSE122960::GSE122960_Donor_03:ACATGGTAGAGAACAG-1,normal,,GSE122960,GSE122960_Donor_03,3.153200149536133
GSE190260::LAM1163:CTCGTCAGTGAGTATA-1,17,GSE122960::GSE122960_Donor_07:AGCAGCCGTCCATGAT-1,normal,,GSE122960,GSE122960_Donor_07,3.1548471450805664
GSE190260::LAM1163:CTCGTCAGTGAGTATA-1,18,GSE190260::LAM1164-1:GGAACTTGTTCAGGCC-1,boundary,,GSE190260,LAM1164,3.1726109981536865
GSE190260::LAM1163:CTCGTCAGTGAGTATA-1,19,GSE190260::LAM1163:CACCAGGCAGGTCTCG-1,boundary,,GSE190260,LAM1163,3.176593780517578
GSE190260::LAM1163:CTCGTCAGTGAGTATA-1,20,GSE122960::GSE122960_Donor_05:CACAAACGTGATAAAC-1,normal,,GSE122960,GSE122960_Donor_05,3.179536819458008
GSE190260::LAM1163:CTCGTCAGTGAGTATA-1,21,GSE190260::LAM1163:TAAACCGAGGCAATTA-1,State_15,15,GSE190260,LAM1163,3.1795530319213867
GSE190260::LAM1163:CTCGTCAGTGAGTATA-1,22,GSE122960::GSE122960_Donor_07:ATTTCTGGTTCGCTAA-1,normal,,GSE122960,GSE122960_Donor_07,3.182065725326538
GSE190260::LAM1163:CTCGTCAGTGAGTATA-1,23,GSE122960::GSE122960_Donor_03:GAACCTAGTGGTTTCA-1,normal,,GSE122960,GSE122960_Donor_03,3.183303117752075
GSE190260::LAM1163:CTCGTCAGTGAGTATA-1,24,GSE190260::LAM1163:CTACACCAGGGTTTCT-1,boundary,,GSE190260,LAM1163,3.1913628578186035
GSE190260::LAM1163:CTCGTCAGTGAGTATA-1,25,GSE122960::GSE122960_Donor_07:CGTCCATGTCACTGGC-1,normal,,GSE122960,GSE122960_Donor_07,3.201106548309326
GSE190260::LAM1163:CTCGTCAGTGAGTATA-1,26,GSE190260::LAM1163:AGTAGTCTCTGTGCAA-1,boundary,,GSE190260,LAM1163,3.218078136444092
GSE190260::LAM1163:CTCGTCAGTGAGTATA-1,27,GSE122960::GSE122960_Donor_05:ACGGGTCGTAAGTAGT-1,normal,,GSE122960,GSE122960_Donor_05,3.21907639503479
GSE190260::LAM1163:CTCGTCAGTGAGTATA-1,28,GSE190260::LAM1163:AGGGAGTTCCTCTAGC-1,boundary,,GSE190260,LAM1163,3.221874952316284
GSE190260::LAM1163:CTCGTCAGTGAGTATA-1,29,GSE217108::LAM32:TGGACGGAGAAAGCAT-1,State_12,12,GSE217108,LAM32,3.2291014194488525
GSE190260::LAM1163:CTCGTCAGTGAGTATA-1,30,GSE122960::GSE122960_Donor_01:CGAGCCACACCACGTG-1,normal,,GSE122960,GSE122960_Donor_01,3.2328782081604004
GSE190260::LAM1163:CTCTGGTCATCCCACT-1,1,GSE190260::LAM1163:TCGAGGCAGACTAGAT-1,State_15,15,GSE190260,LAM1163,0.6861556172370911
GSE190260::LAM1163:CTCTGGTCATCCCACT-1,2,GSE190260::LAM1163:TTGTAGGGTAAAGTCA-1,State_15,15,GSE190260,LAM1163,1.5128709077835083
GSE190260::LAM1163:CTCTGGTCATCCCACT-1,3,GSE190260::LAM1163:ATCACGACAGTAAGAT-1,State_15,15,GSE190260,LAM1163,1.56818687915802
GSE190260::LAM1163:CTCTGGTCATCCCACT-1,4,GSE190260::LAM1163:ATTACTCGTGTCCTCT-1,State_15,15,GSE190260,LAM1163,1.5725442171096802
GSE190260::LAM1163:CTCTGGTCATCCCACT-1,5,GSE190260::LAM1163:TTTGCGCAGCCAGAAC-1,State_15,15,GSE190260,LAM1163,1.5943807363510132
GSE190260::LAM1163:CTCTGGTCATCCCACT-1,6,GSE190260::LAM1163:CTCAGAAGTGATAAGT-1,State_15,15,GSE190260,LAM1163,1.6304677724838257
GSE190260::LAM1163:CTCTGGTCATCCCACT-1,7,GSE135851::LAM3:CGTAGGCGTACTCAAC-1,State_15,15,GSE135851,LAM3,1.694203495979309
GSE190260::LAM1163:CTCTGGTCATCCCACT-1,8,GSE190260::LAM1163:TGACGGCAGTGGCACA-1,State_15,15,GSE190260,LAM1163,1.7277129888534546
GSE190260::LAM1163:CTCTGGTCATCCCACT-1,9,GSE190260::LAM1163:GCACTCTCATCCGGGT-1,State_15,15,GSE190260,LAM1163,1.754116415977478
GSE190260::LAM1163:CTCTGGTCATCCCACT-1,10,GSE190260::LAM1163:CGGCTAGAGTGGTAGC-1,State_15,15,GSE190260,LAM1163,1.7829138040542603
GSE190260::LAM1163:CTCTGGTCATCCCACT-1,11,GSE190260::LAM1163:GGTGCGTTCTGTACGA-1,State_15,15,GSE190260,LAM1163,1.8173400163650513
GSE190260::LAM1163:CTCTGGTCATCCCACT-1,12,GSE190260::LAM1163:GACTAACGTTGTGGCC-1,State_15,15,GSE190260,LAM1163,1.8204370737075806
GSE190260::LAM1163:CTCTGGTCATCCCACT-1,13,GSE190260::LAM1163:TATCTCAAGAGACTAT-1,State_15,15,GSE190260,LAM1163,1.8232353925704956
GSE190260::LAM1163:CTCTGGTCATCCCACT-1,14,GSE190260::LAM1163:CGTCTACGTTTGTTGG-1,State_15,15,GSE190260,LAM1163,1.8504960536956787
GSE190260::LAM1163:CTCTGGTCATCCCACT-1,15,GSE190260::LAM1163:CGCTTCAAGCCCAACC-1,State_15,15,GSE190260,LAM1163,1.8509575128555298
GSE190260::LAM1163:CTCTGGTCATCCCACT-1,16,GSE190260::LAM1163:GGATGTTTCTTCCTTC-1,State_15,15,GSE190260,LAM1163,1.858815312385559
GSE190260::LAM1163:CTCTGGTCATCCCACT-1,17,GSE190260::LAM1163:TGCGCAGCAAGGCTCC-1,State_15,15,GSE190260,LAM1163,1.8596587181091309
GSE190260::LAM1163:CTCTGGTCATCCCACT-1,18,GSE190260::LAM1163:AAAGCAACAAGAGTCG-1,State_15,15,GSE190260,LAM1163,1.8656401634216309
GSE190260::LAM1163:CTCTGGTCATCCCACT-1,19,GSE190260::LAM1163:CACACTCAGATAGGAG-1,State_15,15,GSE190260,LAM1163,1.8702644109725952
GSE190260::LAM1163:CTCTGGTCATCCCACT-1,20,GSE190260::LAM1163:TACGGATTCTATCCTA-1,State_15,15,GSE190260,LAM1163,1.8989731073379517
GSE190260::LAM1163:CTCTGGTCATCCCACT-1,21,GSE190260::LAM1163:TTAGGACGTCGGATCC-1,State_15,15,GSE190260,LAM1163,1.9155420064926147
GSE190260::LAM1163:CTCTGGTCATCCCACT-1,22,GSE190260::LAM1163:AGCCTAAAGATGCCAG-1,State_15,15,GSE190260,LAM1163,1.994103193283081
GSE190260::LAM1163:CTCTGGTCATCCCACT-1,23,GSE190260::LAM1163:AGCTCCTGTCAAAGCG-1,State_15,15,GSE190260,LAM1163,2.013482093811035
GSE190260::LAM1163:CTCTGGTCATCCCACT-1,24,GSE190260::LAM1163:CCCAGTTGTCGTTGTA-1,State_15,15,GSE190260,LAM1163,2.0146121978759766
GSE190260::LAM1163:CTCTGGTCATCCCACT-1,25,GSE135851::LAM1:TGCGCAGGTTCGCTAA-1,State_15,15,GSE135851,LAM1,2.023707151412964
GSE190260::LAM1163:CTCTGGTCATCCCACT-1,26,GSE190260::LAM1163:GCGGGTTTCACATAGC-1,State_15,15,GSE190260,LAM1163,2.050313711166382
GSE190260::LAM1163:CTCTGGTCATCCCACT-1,27,GSE190260::LAM1163:AGAGTGGCATGATCCA-1,State_15,15,GSE190260,LAM1163,2.0525665283203125
GSE190260::LAM1163:CTCTGGTCATCCCACT-1,28,GSE135851::LAM3:CCAATCCGTAGCTGCC-1,State_15,15,GSE135851,LAM3,2.0531935691833496
GSE190260::LAM1163:CTCTGGTCATCCCACT-1,29,GSE190260::LAM1163:CGGACTGGTCCAAGTT-1,State_15,15,GSE190260,LAM1163,2.0625932216644287
GSE190260::LAM1163:CTCTGGTCATCCCACT-1,30,GSE190260::LAM1163:CTTACCGTCGTCTGCT-1,State_15,15,GSE190260,LAM1163,2.08762264251709
GSE190260::LAM1163:CTGAAGTCACCGAATT-1,1,GSE190260::LAM1163:CAGATCAGTATCACCA-1,State_15,15,GSE190260,LAM1163,1.5838340520858765
GSE190260::LAM1163:CTGAAGTCACCGAATT-1,2,GSE190260::LAM1163:TACGGATTCTATCCTA-1,State_15,15,GSE190260,LAM1163,1.5924550294876099
GSE190260::LAM1163:CTGAAGTCACCGAATT-1,3,GSE190260::LAM1163:ATTACTCGTGTCCTCT-1,State_15,15,GSE190260,LAM1163,1.6518925428390503
GSE190260::LAM1163:CTGAAGTCACCGAATT-1,4,GSE190260::LAM1163:ATGTGTGGTAGTAGTA-1,State_15,15,GSE190260,LAM1163,1.6960864067077637
GSE190260::LAM1163:CTGAAGTCACCGAATT-1,5,GSE190260::LAM1163:TTTGCGCAGCCAGAAC-1,State_15,15,GSE190260,LAM1163,1.696771264076233
GSE190260::LAM1163:CTGAAGTCACCGAATT-1,6,GSE190260::LAM1163:TATCTCAAGAGACTAT-1,State_15,15,GSE190260,LAM1163,1.7134499549865723
GSE190260::LAM1163:CTGAAGTCACCGAATT-1,7,GSE190260::LAM1163:TTCTCAAAGTCCGTAT-1,State_15,15,GSE190260,LAM1163,1.726440191268921
GSE190260::LAM1163:CTGAAGTCACCGAATT-1,8,GSE190260::LAM1163:CGGACTGGTCCAAGTT-1,State_15,15,GSE190260,LAM1163,1.8409161567687988
GSE190260::LAM1163:CTGAAGTCACCGAATT-1,9,GSE190260::LAM1163:AAGACCTTCCCTTGCA-1,State_15,15,GSE190260,LAM1163,1.8693917989730835
GSE190260::LAM1163:CTGAAGTCACCGAATT-1,10,GSE190260::LAM1163:CACAGTATCTTGTATC-1,State_15,15,GSE190260,LAM1163,1.87173593044281
GSE190260::LAM1163:CTGAAGTCACCGAATT-1,11,GSE190260::LAM1163:GGATGTTTCTTCCTTC-1,State_15,15,GSE190260,LAM1163,1.8786898851394653
GSE190260::LAM1163:CTGAAGTCACCGAATT-1,12,GSE190260::LAM1163:TAGACCATCGCACTCT-1,State_15,15,GSE190260,LAM1163,1.9319132566452026
GSE190260::LAM1163:CTGAAGTCACCGAATT-1,13,GSE190260::LAM1163:TTGTAGGGTGCAACTT-1,State_15,15,GSE190260,LAM1163,1.9372363090515137
GSE190260::LAM1163:CTGAAGTCACCGAATT-1,14,GSE190260::LAM1163:CGCTGGAGTAAGTAGT-1,State_15,15,GSE190260,LAM1163,1.956175446510315
GSE190260::LAM1163:CTGAAGTCACCGAATT-1,15,GSE190260::LAM1163:CGCTTCAAGCCCAACC-1,State_15,15,GSE190260,LAM1163,1.9759509563446045
GSE190260::LAM1163:CTGAAGTCACCGAATT-1,16,GSE190260::LAM1163:TTGTAGGGTAAAGTCA-1,State_15,15,GSE190260,LAM1163,2.0168542861938477
GSE190260::LAM1163:CTGAAGTCACCGAATT-1,17,GSE190260::LAM1163:AGTCTTTAGATAGTCA-1,State_15,15,GSE190260,LAM1163,2.0305891036987305
GSE190260::LAM1163:CTGAAGTCACCGAATT-1,18,GSE190260::LAM1163:GGTGCGTTCTGTACGA-1,State_15,15,GSE190260,LAM1163,2.053138017654419
GSE190260::LAM1163:CTGAAGTCACCGAATT-1,19,GSE190260::LAM1163:CTTACCGTCGTCTGCT-1,State_15,15,GSE190260,LAM1163,2.0550806522369385
GSE190260::LAM1163:CTGAAGTCACCGAATT-1,20,GSE190260::LAM1163:AGCCTAAAGATGCCAG-1,State_15,15,GSE190260,LAM1163,2.056102752685547
GSE190260::LAM1163:CTGAAGTCACCGAATT-1,21,GSE190260::LAM1163:CATCAGACAAGAAAGG-1,State_15,15,GSE190260,LAM1163,2.0675671100616455
GSE190260::LAM1163:CTGAAGTCACCGAATT-1,22,GSE190260::LAM1163:CGCTATCGTAGGCATG-1,State_15,15,GSE190260,LAM1163,2.1201589107513428
GSE190260::LAM1163:CTGAAGTCACCGAATT-1,23,GSE190260::LAM1163:CTTCTCTGTACTTGAC-1,State_15,15,GSE190260,LAM1163,2.1318411827087402
GSE190260::LAM1163:CTGAAGTCACCGAATT-1,24,GSE190260::LAM1163:AAAGCAACAAGAGTCG-1,State_15,15,GSE190260,LAM1163,2.133103609085083
GSE190260::LAM1163:CTGAAGTCACCGAATT-1,25,GSE190260::LAM1163:CACACTCTCTGTCCGT-1,State_15,15,GSE190260,LAM1163,2.1377463340759277
GSE190260::LAM1163:CTGAAGTCACCGAATT-1,26,GSE190260::LAM1163:GGGTTGCGTCAGAATA-1,State_15,15,GSE190260,LAM1163,2.141415596008301
GSE190260::LAM1163:CTGAAGTCACCGAATT-1,27,GSE190260::LAM1163:GAGTCCGAGCTAAACA-1,State_15,15,GSE190260,LAM1163,2.1559112071990967
GSE190260::LAM1163:CTGAAGTCACCGAATT-1,28,GSE190260::LAM1163:TCGTACCCAAGCCGTC-1,State_15,15,GSE190260,LAM1163,2.161719799041748
GSE190260::LAM1163:CTGAAGTCACCGAATT-1,29,GSE190260::LAM1163:AGGGTGACAAACTGTC-1,State_15,15,GSE190260,LAM1163,2.178177833557129
GSE190260::LAM1163:CTGAAGTCACCGAATT-1,30,GSE190260::LAM1163:CGGAGCTAGAGAACAG-1,State_15,15,GSE190260,LAM1163,2.2216150760650635
GSE190260::LAM1163:CTGATCCTCGCTTAGA-1,1,GSE190260::LAM1163:GACTAACGTTGTGGCC-1,State_15,15,GSE190260,LAM1163,1.421777367591858
GSE190260::LAM1163:CTGATCCTCGCTTAGA-1,2,GSE190260::LAM1163:TACGGTATCACCTTAT-1,State_15,15,GSE190260,LAM1163,1.519978404045105
GSE190260::LAM1163:CTGATCCTCGCTTAGA-1,3,GSE190260::LAM1163:AAGACCTTCCCTTGCA-1,State_15,15,GSE190260,LAM1163,1.5787639617919922
GSE190260::LAM1163:CTGATCCTCGCTTAGA-1,4,GSE190260::LAM1163:GGGATGATCACAAACC-1,State_15,15,GSE190260,LAM1163,1.6079787015914917
GSE190260::LAM1163:CTGATCCTCGCTTAGA-1,5,GSE190260::LAM1163:GACTACATCGAGGTAG-1,State_15,15,GSE190260,LAM1163,1.6985681056976318
GSE190260::LAM1163:CTGATCCTCGCTTAGA-1,6,GSE190260::LAM1163:GTTACAGCAAGCTGGA-1,State_15,15,GSE190260,LAM1163,1.7020453214645386
GSE190260::LAM1163:CTGATCCTCGCTTAGA-1,7,GSE190260::LAM1163:TGACGGCAGTGGCACA-1,State_15,15,GSE190260,LAM1163,1.7273331880569458
GSE190260::LAM1163:CTGATCCTCGCTTAGA-1,8,GSE190260::LAM1163:TCGTACCCAAGCCGTC-1,State_15,15,GSE190260,LAM1163,1.7421361207962036
GSE190260::LAM1163:CTGATCCTCGCTTAGA-1,9,GSE190260::LAM1163:CGGAGCTAGAGAACAG-1,State_15,15,GSE190260,LAM1163,1.8046060800552368
GSE190260::LAM1163:CTGATCCTCGCTTAGA-1,10,GSE190260::LAM1163:CACCACTCACAGTCGC-1,State_15,15,GSE190260,LAM1163,1.818971037864685
GSE190260::LAM1163:CTGATCCTCGCTTAGA-1,11,GSE190260::LAM1163:TGCGCAGTCTCTAAGG-1,State_15,15,GSE190260,LAM1163,1.9284844398498535
GSE190260::LAM1163:CTGATCCTCGCTTAGA-1,12,GSE190260::LAM1163:GCACTCTCATCCGGGT-1,State_15,15,GSE190260,LAM1163,1.9360977411270142
GSE190260::LAM1163:CTGATCCTCGCTTAGA-1,13,GSE190260::LAM1163:GTCACAAAGACTTGAA-1,State_15,15,GSE190260,LAM1163,1.9569700956344604
GSE190260::LAM1163:CTGATCCTCGCTTAGA-1,14,GSE190260::LAM1163:TTAGGACGTCGGATCC-1,State_15,15,GSE190260,LAM1163,1.957482099533081
GSE190260::LAM1163:CTGATCCTCGCTTAGA-1,15,GSE190260::LAM1163:AGCTCCTGTCAAAGCG-1,State_15,15,GSE190260,LAM1163,1.9777390956878662
GSE190260::LAM1163:CTGATCCTCGCTTAGA-1,16,GSE190260::LAM1163:TATCTCAAGAGACTAT-1,State_15,15,GSE190260,LAM1163,1.9944382905960083
GSE190260::LAM1163:CTGATCCTCGCTTAGA-1,17,GSE190260::LAM1163:AGAGTGGCATGATCCA-1,State_15,15,GSE190260,LAM1163,2.0298914909362793
GSE190260::LAM1163:CTGATCCTCGCTTAGA-1,18,GSE190260::LAM1163:CGGCTAGAGTGGTAGC-1,State_15,15,GSE190260,LAM1163,2.043874979019165
GSE190260::LAM1163:CTGATCCTCGCTTAGA-1,19,GSE190260::LAM1163:AGGGTGACAAACTGTC-1,State_15,15,GSE190260,LAM1163,2.088731050491333
GSE190260::LAM1163:CTGATCCTCGCTTAGA-1,20,GSE190260::LAM1163:GCTTCCATCAGTTTGG-1,State_15,15,GSE190260,LAM1163,2.093592643737793
GSE190260::LAM1163:CTGATCCTCGCTTAGA-1,21,GSE190260::LAM1163:GACGCGTCATCCGGGT-1,State_15,15,GSE190260,LAM1163,2.1319453716278076
GSE190260::LAM1163:CTGATCCTCGCTTAGA-1,22,GSE190260::LAM1163:CGCTGGACAAGTTCTG-1,State_15,15,GSE190260,LAM1163,2.1348891258239746
GSE190260::LAM1163:CTGATCCTCGCTTAGA-1,23,GSE190260::LAM1163:CATATGGTCGCCCTTA-1,State_15,15,GSE190260,LAM1163,2.1386196613311768
GSE190260::LAM1163:CTGATCCTCGCTTAGA-1,24,GSE190260::LAM1163:GGATGTTTCTTCCTTC-1,State_15,15,GSE190260,LAM1163,2.1393938064575195
GSE190260::LAM1163:CTGATCCTCGCTTAGA-1,25,GSE135851::LAM1:TCGAGGCTCGACCAGC-1,State_15,15,GSE135851,LAM1,2.153212785720825
GSE190260::LAM1163:CTGATCCTCGCTTAGA-1,26,GSE190260::LAM1163:GGTGCGTTCTGTACGA-1,State_15,15,GSE190260,LAM1163,2.16762375831604
GSE190260::LAM1163:CTGATCCTCGCTTAGA-1,27,GSE190260::LAM1163:CATCAGACAAGAAAGG-1,State_15,15,GSE190260,LAM1163,2.1690831184387207
GSE190260::LAM1163:CTGATCCTCGCTTAGA-1,28,GSE190260::LAM1163:AGAGCTTCACGTTGGC-1,State_15,15,GSE190260,LAM1163,2.234525203704834
GSE190260::LAM1163:CTGATCCTCGCTTAGA-1,29,GSE190260::LAM1163:CGTCCATTCGTAGGAG-1,State_15,15,GSE190260,LAM1163,2.249473810195923
GSE190260::LAM1163:CTGATCCTCGCTTAGA-1,30,GSE190260::LAM1163:TACGGATTCTATCCTA-1,State_15,15,GSE190260,LAM1163,2.2591543197631836
GSE190260::LAM1163:CTTACCGCACATGTGT-1,1,GSE190260::LAM1163:CATATTCGTCTCCCTA-1,State_15,15,GSE190260,LAM1163,2.3653504848480225
GSE190260::LAM1163:CTTACCGCACATGTGT-1,2,GSE190260::LAM1163:GACGCGTCATCCGGGT-1,State_15,15,GSE190260,LAM1163,2.456843852996826
GSE190260::LAM1163:CTTACCGCACATGTGT-1,3,GSE302356::LAM3:TTTATGCAGAGCCTGA-1,State_15,15,GSE302356,LAM32,2.5026981830596924
GSE190260::LAM1163:CTTACCGCACATGTGT-1,4,GSE302356::LAM4:CCCGAAGGTATGGAAT-1,State_16,16,GSE302356,LAM18,2.680025339126587
GSE190260::LAM1163:CTTACCGCACATGTGT-1,5,GSE190260::LAM1163:TCACAAGCAAAGTCAA-1,State_15,15,GSE190260,LAM1163,2.6984925270080566
GSE190260::LAM1163:CTTACCGCACATGTGT-1,6,GSE135851::LAM1:CACAGTAAGAGAACAG-1,State_15,15,GSE135851,LAM1,2.7209906578063965
GSE190260::LAM1163:CTTACCGCACATGTGT-1,7,GSE135851::LAM1:CGGACACTCAGAGGTG-1,State_15,15,GSE135851,LAM1,2.7355055809020996
GSE190260::LAM1163:CTTACCGCACATGTGT-1,8,GSE135851::LAM1:TGCACCTTCGAACTGT-1,State_15,15,GSE135851,LAM1,2.7513911724090576
GSE190260::LAM1163:CTTACCGCACATGTGT-1,9,GSE190260::LAM1163:GCGGGTTTCACATAGC-1,State_15,15,GSE190260,LAM1163,2.753427505493164
GSE190260::LAM1163:CTTACCGCACATGTGT-1,10,GSE190260::LAM1163:GTCACAAAGACTTGAA-1,State_15,15,GSE190260,LAM1163,2.8339452743530273
GSE190260::LAM1163:CTTACCGCACATGTGT-1,11,GSE190260::LAM1163:CGCTGGAGTAAGTAGT-1,State_15,15,GSE190260,LAM1163,2.8880326747894287
GSE190260::LAM1163:CTTACCGCACATGTGT-1,12,GSE135851::LAM1:TCGAGGCTCGACCAGC-1,State_15,15,GSE135851,LAM1,2.9563989639282227
GSE190260::LAM1163:CTTACCGCACATGTGT-1,13,GSE190260::LAM1163:AGGTCCGAGGCATGTG-1,State_15,15,GSE190260,LAM1163,2.961529016494751
GSE190260::LAM1163:CTTACCGCACATGTGT-1,14,GSE190260::LAM1163:GGGATGATCACAAACC-1,State_15,15,GSE190260,LAM1163,2.9743101596832275
GSE190260::LAM1163:CTTACCGCACATGTGT-1,15,GSE135851::LAM1:GGGAGATAGCCATCGC-1,State_15,15,GSE135851,LAM1,3.004993200302124
GSE190260::LAM1163:CTTACCGCACATGTGT-1,16,GSE190260::LAM1163:ACAGCCGAGGACTGGT-1,State_15,15,GSE190260,LAM1163,3.0265281200408936
GSE190260::LAM1163:CTTACCGCACATGTGT-1,17,GSE190260::LAM1158:CTCATTAGTCGGGTCT-1,State_15,15,GSE190260,LAM1158,3.052760362625122
GSE190260::LAM1163:CTTACCGCACATGTGT-1,18,GSE190260::LAM1163:CATCAAGCAATACGCT-1,State_15,15,GSE190260,LAM1163,3.0577728748321533
GSE190260::LAM1163:CTTACCGCACATGTGT-1,19,GSE190260::LAM1158:CACACAAAGTGTACGG-1,State_15,15,GSE190260,LAM1158,3.070854425430298
GSE190260::LAM1163:CTTACCGCACATGTGT-1,20,GSE190260::LAM1163:CATCGAAAGGCAGTCA-1,State_16,16,GSE190260,LAM1163,3.0712907314300537
GSE190260::LAM1163:CTTACCGCACATGTGT-1,21,GSE190260::LAM1163:CGGCTAGAGTGGTAGC-1,State_15,15,GSE190260,LAM1163,3.074768304824829
GSE190260::LAM1163:CTTACCGCACATGTGT-1,22,GSE302356::LAM3:TGCGATACACACGGTC-1,State_15,15,GSE302356,LAM32,3.102595567703247
GSE190260::LAM1163:CTTACCGCACATGTGT-1,23,GSE190260::LAM1163:ATCCACCTCTTGTCAT-1,State_15,15,GSE190260,LAM1163,3.1085081100463867
GSE190260::LAM1163:CTTACCGCACATGTGT-1,24,GSE190260::LAM1163:GAATGAATCGGATGGA-1,State_16,16,GSE190260,LAM1163,3.1269943714141846
GSE190260::LAM1163:CTTACCGCACATGTGT-1,25,GSE190260::LAM1163:TGGACGCTCAAGAAGT-1,State_15,15,GSE190260,LAM1163,3.176543951034546
GSE190260::LAM1163:CTTACCGCACATGTGT-1,26,GSE190260::LAM1163:GAATGAAGTACTCGCG-1,State_16,16,GSE190260,LAM1163,3.179389476776123
GSE190260::LAM1163:CTTACCGCACATGTGT-1,27,GSE135851::LAM1:ATTACTCAGCCACCTG-1,State_15,15,GSE135851,LAM1,3.1823678016662598
GSE190260::LAM1163:CTTACCGCACATGTGT-1,28,GSE190260::LAM1163:TTGGAACTCGGCGGTT-1,State_15,15,GSE190260,LAM1163,3.1951050758361816
GSE190260::LAM1163:CTTACCGCACATGTGT-1,29,GSE190260::LAM1163:TCGTACCCAAGCCGTC-1,State_15,15,GSE190260,LAM1163,3.2015185356140137
GSE190260::LAM1163:CTTACCGCACATGTGT-1,30,GSE190260::LAM1163:GTTACAGCAAGCTGGA-1,State_15,15,GSE190260,LAM1163,3.229208469390869
GSE190260::LAM1163:CTTACCGTCGTCTGCT-1,1,GSE190260::LAM1163:TGCGCAGCAAGGCTCC-1,State_15,15,GSE190260,LAM1163,0.8942849636077881
GSE190260::LAM1163:CTTACCGTCGTCTGCT-1,2,GSE190260::LAM1163:CGTCTACGTTTGTTGG-1,State_15,15,GSE190260,LAM1163,1.213566780090332
GSE190260::LAM1163:CTTACCGTCGTCTGCT-1,3,GSE190260::LAM1163:CATCAGACAAGAAAGG-1,State_15,15,GSE190260,LAM1163,1.254469871520996
GSE190260::LAM1163:CTTACCGTCGTCTGCT-1,4,GSE190260::LAM1163:TAGACCATCGCACTCT-1,State_15,15,GSE190260,LAM1163,1.2924813032150269
GSE190260::LAM1163:CTTACCGTCGTCTGCT-1,5,GSE190260::LAM1163:GGGTTGCGTCAGAATA-1,State_15,15,GSE190260,LAM1163,1.3525936603546143
GSE190260::LAM1163:CTTACCGTCGTCTGCT-1,6,GSE190260::LAM1163:AGGGTGACAAACTGTC-1,State_15,15,GSE190260,LAM1163,1.3925867080688477
GSE190260::LAM1163:CTTACCGTCGTCTGCT-1,7,GSE190260::LAM1163:AGAGCTTCACGTTGGC-1,State_15,15,GSE190260,LAM1163,1.4257071018218994
GSE190260::LAM1163:CTTACCGTCGTCTGCT-1,8,GSE190260::LAM1163:CAGCATATCCTCCTAG-1,State_15,15,GSE190260,LAM1163,1.464334487915039
GSE190260::LAM1163:CTTACCGTCGTCTGCT-1,9,GSE190260::LAM1163:CTCAGAATCACTTACT-1,State_15,15,GSE190260,LAM1163,1.4841562509536743
GSE190260::LAM1163:CTTACCGTCGTCTGCT-1,10,GSE190260::LAM1163:CGCTATCGTAGGCATG-1,State_15,15,GSE190260,LAM1163,1.4883400201797485
GSE190260::LAM1163:CTTACCGTCGTCTGCT-1,11,GSE190260::LAM1163:GGATGTTTCTTCCTTC-1,State_15,15,GSE190260,LAM1163,1.5004876852035522
GSE190260::LAM1163:CTTACCGTCGTCTGCT-1,12,GSE190260::LAM1163:CGCTTCAAGCCCAACC-1,State_15,15,GSE190260,LAM1163,1.5215457677841187
GSE190260::LAM1163:CTTACCGTCGTCTGCT-1,13,GSE190260::LAM1163:TTCTCAAAGTCCGTAT-1,State_15,15,GSE190260,LAM1163,1.5428110361099243
GSE190260::LAM1163:CTTACCGTCGTCTGCT-1,14,GSE190260::LAM1163:ATGTGTGGTAGTAGTA-1,State_15,15,GSE190260,LAM1163,1.5439441204071045
GSE190260::LAM1163:CTTACCGTCGTCTGCT-1,15,GSE190260::LAM1163:GACTACATCGAGGTAG-1,State_15,15,GSE190260,LAM1163,1.5487465858459473
GSE190260::LAM1163:CTTACCGTCGTCTGCT-1,16,GSE190260::LAM1163:GCTCCTAGTTCCACAA-1,State_15,15,GSE190260,LAM1163,1.5598479509353638
GSE190260::LAM1163:CTTACCGTCGTCTGCT-1,17,GSE190260::LAM1163:ATTACTCGTGTCCTCT-1,State_15,15,GSE190260,LAM1163,1.6517162322998047
GSE190260::LAM1163:CTTACCGTCGTCTGCT-1,18,GSE190260::LAM1163:TTAGGACGTCGGATCC-1,State_15,15,GSE190260,LAM1163,1.6618964672088623
GSE190260::LAM1163:CTTACCGTCGTCTGCT-1,19,GSE190260::LAM1163:AGTCTTTAGATAGTCA-1,State_15,15,GSE190260,LAM1163,1.6684961318969727
GSE190260::LAM1163:CTTACCGTCGTCTGCT-1,20,GSE190260::LAM1163:TGCCCTACAGACGCCT-1,State_15,15,GSE190260,LAM1163,1.6694997549057007
GSE190260::LAM1163:CTTACCGTCGTCTGCT-1,21,GSE190260::LAM1163:CGTCCATTCGTAGGAG-1,State_15,15,GSE190260,LAM1163,1.687656044960022
GSE190260::LAM1163:CTTACCGTCGTCTGCT-1,22,GSE190260::LAM1163:TACGGATTCTATCCTA-1,State_15,15,GSE190260,LAM1163,1.7127572298049927
GSE190260::LAM1163:CTTACCGTCGTCTGCT-1,23,GSE190260::LAM1163:CACAGTATCTTGTATC-1,State_15,15,GSE190260,LAM1163,1.7148792743682861
GSE190260::LAM1163:CTTACCGTCGTCTGCT-1,24,GSE190260::LAM1163:GGTGCGTTCTGTACGA-1,State_15,15,GSE190260,LAM1163,1.7385562658309937
GSE190260::LAM1163:CTTACCGTCGTCTGCT-1,25,GSE190260::LAM1163:AAGACCTTCCCTTGCA-1,State_15,15,GSE190260,LAM1163,1.7780070304870605
GSE190260::LAM1163:CTTACCGTCGTCTGCT-1,26,GSE190260::LAM1163:CCAGCGAGTAGCCTAT-1,State_15,15,GSE190260,LAM1163,1.7999038696289062
GSE190260::LAM1163:CTTACCGTCGTCTGCT-1,27,GSE190260::LAM1163:TCAGGATGTGACAAAT-1,State_15,15,GSE190260,LAM1163,1.8405554294586182
GSE190260::LAM1163:CTTACCGTCGTCTGCT-1,28,GSE190260::LAM1163:ATCACGACAGTAAGAT-1,State_15,15,GSE190260,LAM1163,1.853010654449463
GSE190260::LAM1163:CTTACCGTCGTCTGCT-1,29,GSE190260::LAM1163:TACGGGCCAGTTAACC-1,State_15,15,GSE190260,LAM1163,1.8530404567718506
GSE190260::LAM1163:CTTACCGTCGTCTGCT-1,30,GSE190260::LAM1163:CACACTCTCTGTCCGT-1,State_15,15,GSE190260,LAM1163,1.8610645532608032
GSE190260::LAM1163:CTTCTCTGTACTTGAC-1,1,GSE190260::LAM1163:TTGTAGGGTGCAACTT-1,State_15,15,GSE190260,LAM1163,1.3369085788726807
GSE190260::LAM1163:CTTCTCTGTACTTGAC-1,2,GSE190260::LAM1163:CTCAGAATCACTTACT-1,State_15,15,GSE190260,LAM1163,1.4931453466415405
GSE190260::LAM1163:CTTCTCTGTACTTGAC-1,3,GSE190260::LAM1163:CACACTCTCTGTCCGT-1,State_15,15,GSE190260,LAM1163,1.5943560600280762
GSE190260::LAM1163:CTTCTCTGTACTTGAC-1,4,GSE190260::LAM1163:GAGTCCGAGCTAAACA-1,State_15,15,GSE190260,LAM1163,1.627371907234192
GSE190260::LAM1163:CTTCTCTGTACTTGAC-1,5,GSE190260::LAM1163:AGTCTTTAGATAGTCA-1,State_15,15,GSE190260,LAM1163,1.6311193704605103
GSE190260::LAM1163:CTTCTCTGTACTTGAC-1,6,GSE190260::LAM1163:TAGACCATCGCACTCT-1,State_15,15,GSE190260,LAM1163,1.648478388786316
GSE190260::LAM1163:CTTCTCTGTACTTGAC-1,7,GSE190260::LAM1163:CCTCAGTAGTAGATGT-1,State_15,15,GSE190260,LAM1163,1.695456624031067
GSE190260::LAM1163:CTTCTCTGTACTTGAC-1,8,GSE190260::LAM1163:GGATGTTTCTTCCTTC-1,State_15,15,GSE190260,LAM1163,1.7364038228988647
GSE190260::LAM1163:CTTCTCTGTACTTGAC-1,9,GSE190260::LAM1163:AGGGTGACAAACTGTC-1,State_15,15,GSE190260,LAM1163,1.8042643070220947
GSE190260::LAM1163:CTTCTCTGTACTTGAC-1,10,GSE190260::LAM1163:ATGTGTGGTAGTAGTA-1,State_15,15,GSE190260,LAM1163,1.8143421411514282
GSE190260::LAM1163:CTTCTCTGTACTTGAC-1,11,GSE190260::LAM1163:CACAGTATCTTGTATC-1,State_15,15,GSE190260,LAM1163,1.8197635412216187
GSE190260::LAM1163:CTTCTCTGTACTTGAC-1,12,GSE190260::LAM1163:TATCTCAAGAGACTAT-1,State_15,15,GSE190260,LAM1163,1.8526278734207153
GSE190260::LAM1163:CTTCTCTGTACTTGAC-1,13,GSE190260::LAM1163:CGCTTCAAGCCCAACC-1,State_15,15,GSE190260,LAM1163,1.8706821203231812
GSE190260::LAM1163:CTTCTCTGTACTTGAC-1,14,GSE190260::LAM1163:CGGAGCTAGAGAACAG-1,State_15,15,GSE190260,LAM1163,1.8723875284194946
GSE190260::LAM1163:CTTCTCTGTACTTGAC-1,15,GSE190260::LAM1163:CGCTATCGTAGGCATG-1,State_15,15,GSE190260,LAM1163,1.885720133781433
GSE190260::LAM1163:CTTCTCTGTACTTGAC-1,16,GSE190260::LAM1163:CAGATCAGTATCACCA-1,State_15,15,GSE190260,LAM1163,1.956621766090393
GSE190260::LAM1163:CTTCTCTGTACTTGAC-1,17,GSE190260::LAM1163:GGGTTGCGTCAGAATA-1,State_15,15,GSE190260,LAM1163,1.958123803138733
GSE190260::LAM1163:CTTCTCTGTACTTGAC-1,18,GSE190260::LAM1163:GCTCCTAGTTCCACAA-1,State_15,15,GSE190260,LAM1163,1.9652864933013916
GSE190260::LAM1163:CTTCTCTGTACTTGAC-1,19,GSE190260::LAM1163:CGATCGGAGATATGGT-1,State_15,15,GSE190260,LAM1163,1.9891334772109985
GSE190260::LAM1163:CTTCTCTGTACTTGAC-1,20,GSE190260::LAM1163:CATCAGACAAGAAAGG-1,State_15,15,GSE190260,LAM1163,1.995001196861267
GSE190260::LAM1163:CTTCTCTGTACTTGAC-1,21,GSE190260::LAM1163:AGCTCCTTCCGCTGTT-1,State_15,15,GSE190260,LAM1163,2.0331714153289795
GSE190260::LAM1163:CTTCTCTGTACTTGAC-1,22,GSE190260::LAM1163:AAGACCTTCCCTTGCA-1,State_15,15,GSE190260,LAM1163,2.057692527770996
GSE190260::LAM1163:CTTCTCTGTACTTGAC-1,23,GSE190260::LAM1163:TACGGATTCTATCCTA-1,State_15,15,GSE190260,LAM1163,2.0633418560028076
GSE190260::LAM1163:CTTCTCTGTACTTGAC-1,24,GSE190260::LAM1163:CGTCCATTCGTAGGAG-1,State_15,15,GSE190260,LAM1163,2.0695323944091797
GSE190260::LAM1163:CTTCTCTGTACTTGAC-1,25,GSE190260::LAM1163:CCAGCGAGTAGCCTAT-1,State_15,15,GSE190260,LAM1163,2.0968027114868164
GSE190260::LAM1163:CTTCTCTGTACTTGAC-1,26,GSE190260::LAM1163:CAAGTTGGTCGCCATG-1,State_15,15,GSE190260,LAM1163,2.108914375305176
GSE190260::LAM1163:CTTCTCTGTACTTGAC-1,27,GSE190260::LAM1163:CTGAAGTCACCGAATT-1,State_15,15,GSE190260,LAM1163,2.1318411827087402
GSE190260::LAM1163:CTTCTCTGTACTTGAC-1,28,GSE190260::LAM1163:TGCCCTACAGACGCCT-1,State_15,15,GSE190260,LAM1163,2.1356801986694336
GSE190260::LAM1163:CTTCTCTGTACTTGAC-1,29,GSE190260::LAM1163:AGCCTAAAGATGCCAG-1,State_15,15,GSE190260,LAM1163,2.142697334289551
GSE190260::LAM1163:CTTCTCTGTACTTGAC-1,30,GSE190260::LAM1163:TTCTCAAAGTCCGTAT-1,State_15,15,GSE190260,LAM1163,2.1474626064300537
GSE190260::LAM1163:CTTGGCTGTCCCTACT-1,1,GSE190260::LAM1163:CTCGTCAGTGAGTATA-1,State_15,15,GSE190260,LAM1163,2.003000497817993
GSE190260::LAM1163:CTTGGCTGTCCCTACT-1,2,GSE135851::LAM1:TAAGTGCCATCTACGA-1,State_15,15,GSE135851,LAM1,2.5695767402648926
GSE190260::LAM1163:CTTGGCTGTCCCTACT-1,3,GSE190260::LAM1163:GCGCAACCAGGCTGAA-1,State_15,15,GSE190260,LAM1163,2.86124324798584
GSE190260::LAM1163:CTTGGCTGTCCCTACT-1,4,GSE217108::LAM32:GTTGGCGGTTCGGGAT-1,State_15,15,GSE217108,LAM32,2.8670101165771484
GSE190260::LAM1163:CTTGGCTGTCCCTACT-1,5,GSE190260::LAM1163:ATAAGAGAGGCGCTCT-1,State_15,15,GSE190260,LAM1163,2.895421266555786
GSE190260::LAM1163:CTTGGCTGTCCCTACT-1,6,GSE190260::LAM1163:ATGGGAGGTAATAGCA-1,State_15,15,GSE190260,LAM1163,2.910571336746216
GSE190260::LAM1163:CTTGGCTGTCCCTACT-1,7,GSE190260::LAM1163:CGTGTAAGTTGTACAC-1,State_15,15,GSE190260,LAM1163,2.984700918197632
GSE190260::LAM1163:CTTGGCTGTCCCTACT-1,8,GSE122960::GSE122960_Donor_07:GAAACTCAGAAACCTA-1,normal,,GSE122960,GSE122960_Donor_07,2.995422124862671
GSE190260::LAM1163:CTTGGCTGTCCCTACT-1,9,GSE122960::GSE122960_Donor_07:AGCAGCCGTCCATGAT-1,normal,,GSE122960,GSE122960_Donor_07,3.031743049621582
GSE190260::LAM1163:CTTGGCTGTCCCTACT-1,10,GSE122960::GSE122960_Donor_07:TGGTTAGCAAGCCGTC-1,normal,,GSE122960,GSE122960_Donor_07,3.1321358680725098
GSE190260::LAM1163:CTTGGCTGTCCCTACT-1,11,GSE190260::LAM1163:GTCCTCATCCACTGGG-1,State_15,15,GSE190260,LAM1163,3.1518397331237793
GSE190260::LAM1163:CTTGGCTGTCCCTACT-1,12,GSE122960::GSE122960_Donor_07:ATTATCCCAAGCCCAC-1,normal,,GSE122960,GSE122960_Donor_07,3.1575515270233154
GSE190260::LAM1163:CTTGGCTGTCCCTACT-1,13,GSE122960::GSE122960_Donor_07:ACTTGTTAGTGTGGCA-1,normal,,GSE122960,GSE122960_Donor_07,3.201756477355957
GSE190260::LAM1163:CTTGGCTGTCCCTACT-1,14,GSE122960::GSE122960_Donor_03:CTACACCGTCGTTGTA-1,normal,,GSE122960,GSE122960_Donor_03,3.2098312377929688
GSE190260::LAM1163:CTTGGCTGTCCCTACT-1,15,GSE190260::LAM1163:GCGCGATCATTTCACT-1,State_7,7,GSE190260,LAM1163,3.2317094802856445
GSE190260::LAM1163:CTTGGCTGTCCCTACT-1,16,GSE190260::LAM1164-1:GGAACTTGTTCAGGCC-1,boundary,,GSE190260,LAM1164,3.248969316482544
GSE190260::LAM1163:CTTGGCTGTCCCTACT-1,17,GSE135851::LAM1:TTCTACACAGTTCATG-1,State_15,15,GSE135851,LAM1,3.255972385406494
GSE190260::LAM1163:CTTGGCTGTCCCTACT-1,18,GSE190260::LAM1163:ACATACGCAGGGTTAG-1,State_7,7,GSE190260,LAM1163,3.2560200691223145
GSE190260::LAM1163:CTTGGCTGTCCCTACT-1,19,GSE122960::GSE122960_Donor_03:ACATGGTAGAGAACAG-1,normal,,GSE122960,GSE122960_Donor_03,3.2745602130889893
GSE190260::LAM1163:CTTGGCTGTCCCTACT-1,20,GSE122960::GSE122960_Donor_07:CAGGTGCGTAGAGGAA-1,normal,,GSE122960,GSE122960_Donor_07,3.2891972064971924
GSE190260::LAM1163:CTTGGCTGTCCCTACT-1,21,GSE122960::GSE122960_Donor_07:TTGAACGCAATCCGAT-1,normal,,GSE122960,GSE122960_Donor_07,3.301982879638672
GSE190260::LAM1163:CTTGGCTGTCCCTACT-1,22,GSE190260::LAM1163:ACCAGTACATAGGATA-1,boundary,,GSE190260,LAM1163,3.3290271759033203
GSE190260::LAM1163:CTTGGCTGTCCCTACT-1,23,GSE122960::GSE122960_Donor_07:TTGAACGGTGCCTGTG-1,normal,,GSE122960,GSE122960_Donor_07,3.3305511474609375
GSE190260::LAM1163:CTTGGCTGTCCCTACT-1,24,GSE122960::GSE122960_Donor_07:TAAGTGCCACGTGAGA-1,normal,,GSE122960,GSE122960_Donor_07,3.343531847000122
GSE190260::LAM1163:CTTGGCTGTCCCTACT-1,25,GSE122960::GSE122960_Donor_07:GCTGCTTAGGCGCTCT-1,normal,,GSE122960,GSE122960_Donor_07,3.34916615486145
GSE190260::LAM1163:CTTGGCTGTCCCTACT-1,26,GSE190260::LAM1163:TACGGTAAGTGGACGT-1,boundary,,GSE190260,LAM1163,3.357816219329834
GSE190260::LAM1163:CTTGGCTGTCCCTACT-1,27,GSE122960::GSE122960_Donor_07:CGTGAGCGTGGTGTAG-1,normal,,GSE122960,GSE122960_Donor_07,3.3640682697296143
GSE190260::LAM1163:CTTGGCTGTCCCTACT-1,28,GSE122960::GSE122960_Donor_07:GGCCGATCAGATAATG-1,normal,,GSE122960,GSE122960_Donor_07,3.3641998767852783
GSE190260::LAM1163:CTTGGCTGTCCCTACT-1,29,GSE190260::LAM1163:AAGTCTGGTGACTCAT-1,boundary,,GSE190260,LAM1163,3.3720483779907227
GSE190260::LAM1163:CTTGGCTGTCCCTACT-1,30,GSE190260::LAM1163:GCAAACTAGCACCGCT-1,boundary,,GSE190260,LAM1163,3.3798139095306396
GSE190260::LAM1163:GAAATGACATGGGACA-1,1,GSE135851::LAM1:ATTACTCAGCCACCTG-1,State_15,15,GSE135851,LAM1,1.931933045387268
GSE190260::LAM1163:GAAATGACATGGGACA-1,2,GSE135851::LAM1:CGAGCACCATTATCTC-1,State_15,15,GSE135851,LAM1,2.092210531234741
GSE190260::LAM1163:GAAATGACATGGGACA-1,3,GSE190260::LAM1163:GGGATGATCACAAACC-1,State_15,15,GSE190260,LAM1163,2.390592336654663
GSE190260::LAM1163:GAAATGACATGGGACA-1,4,GSE135851::LAM1:GGGAGATAGCCATCGC-1,State_15,15,GSE135851,LAM1,2.4340226650238037
GSE190260::LAM1163:GAAATGACATGGGACA-1,5,GSE190260::LAM1163:ATCCACCTCTTGTCAT-1,State_15,15,GSE190260,LAM1163,2.4997763633728027
GSE190260::LAM1163:GAAATGACATGGGACA-1,6,GSE135851::LAM1:TGCACCTTCGAACTGT-1,State_15,15,GSE135851,LAM1,2.6174404621124268
GSE190260::LAM1163:GAAATGACATGGGACA-1,7,GSE190260::LAM1163:CGCTGGAGTAAGTAGT-1,State_15,15,GSE190260,LAM1163,2.6854610443115234
GSE190260::LAM1163:GAAATGACATGGGACA-1,8,GSE190260::LAM1158:CAGCTAAGTGTCAATC-1,State_15,15,GSE190260,LAM1158,2.687965154647827
GSE190260::LAM1163:GAAATGACATGGGACA-1,9,GSE190260::LAM1158:CACACAAAGTGTACGG-1,State_15,15,GSE190260,LAM1158,2.7922115325927734
GSE190260::LAM1163:GAAATGACATGGGACA-1,10,GSE190260::LAM1163:CGCTGGACAAGTTCTG-1,State_15,15,GSE190260,LAM1163,2.80256986618042
GSE190260::LAM1163:GAAATGACATGGGACA-1,11,GSE190260::LAM1163:CATATTCGTCTCCCTA-1,State_15,15,GSE190260,LAM1163,2.845477342605591
GSE190260::LAM1163:GAAATGACATGGGACA-1,12,GSE135851::LAM1:CCTATTACACGAGGTA-1,State_15,15,GSE135851,LAM1,2.9569733142852783
GSE190260::LAM1163:GAAATGACATGGGACA-1,13,GSE135851::LAM1:TCGAGGCTCGACCAGC-1,State_15,15,GSE135851,LAM1,2.9706079959869385
GSE190260::LAM1163:GAAATGACATGGGACA-1,14,GSE135851::LAM1:TTAACTCGTACTCAAC-1,State_15,15,GSE135851,LAM1,2.9761593341827393
GSE190260::LAM1163:GAAATGACATGGGACA-1,15,GSE190260::LAM1163:TGGACGCTCAAGAAGT-1,State_15,15,GSE190260,LAM1163,3.0821120738983154
GSE190260::LAM1163:GAAATGACATGGGACA-1,16,GSE135851::LAM1:CGGACACTCAGAGGTG-1,State_15,15,GSE135851,LAM1,3.097675085067749
GSE190260::LAM1163:GAAATGACATGGGACA-1,17,GSE135851::LAM1:GGCGACTTCGCACTCT-1,State_15,15,GSE135851,LAM1,3.13185453414917
GSE190260::LAM1163:GAAATGACATGGGACA-1,18,GSE190260::LAM1163:AGGGAGTCACTCTGTC-1,State_16,16,GSE190260,LAM1163,3.1321332454681396
GSE190260::LAM1163:GAAATGACATGGGACA-1,19,GSE190260::LAM1163:GACGCGTCATCCGGGT-1,State_15,15,GSE190260,LAM1163,3.1792426109313965
GSE190260::LAM1163:GAAATGACATGGGACA-1,20,GSE302356::LAM10:AGCCGCTAGAGGATAT-1,State_16,16,GSE302356,LAM3,3.20054030418396
GSE190260::LAM1163:GAAATGACATGGGACA-1,21,GSE190260::LAM1163:TACGGTATCACCTTAT-1,State_15,15,GSE190260,LAM1163,3.217344045639038
GSE190260::LAM1163:GAAATGACATGGGACA-1,22,GSE190260::LAM1163:GAGGTGAAGCCAGGAT-1,State_15,15,GSE190260,LAM1163,3.2186899185180664
GSE190260::LAM1163:GAAATGACATGGGACA-1,23,GSE190260::LAM1163:CTGATCCTCGCTTAGA-1,State_15,15,GSE190260,LAM1163,3.2744407653808594
GSE190260::LAM1163:GAAATGACATGGGACA-1,24,GSE190260::LAM1158:CTCATTAGTCGGGTCT-1,State_15,15,GSE190260,LAM1158,3.300851821899414
GSE190260::LAM1163:GAAATGACATGGGACA-1,25,GSE190260::LAM1163:AAGACCTTCCCTTGCA-1,State_15,15,GSE190260,LAM1163,3.331679582595825
GSE190260::LAM1163:GAAATGACATGGGACA-1,26,GSE135851::LAM1:TGCCCTAGTCCATGAT-1,State_16,16,GSE135851,LAM1,3.3322761058807373
GSE190260::LAM1163:GAAATGACATGGGACA-1,27,GSE135851::LAM1:ATGCGATGTCCGCTGA-1,State_15,15,GSE135851,LAM1,3.373020648956299
GSE190260::LAM1163:GAAATGACATGGGACA-1,28,GSE190260::LAM1163:CAGATCAGTATCACCA-1,State_15,15,GSE190260,LAM1163,3.3756508827209473
GSE190260::LAM1163:GAAATGACATGGGACA-1,29,GSE190260::LAM1163:TCAGGATGTGACAAAT-1,State_15,15,GSE190260,LAM1163,3.429598808288574
GSE190260::LAM1163:GAAATGACATGGGACA-1,30,GSE190260::LAM1163:TCGTACCCAAGCCGTC-1,State_15,15,GSE190260,LAM1163,3.4353556632995605
GSE190260::LAM1163:GACGCGTCATCCGGGT-1,1,GSE135851::LAM1:TCGAGGCTCGACCAGC-1,State_15,15,GSE135851,LAM1,1.3115878105163574
GSE190260::LAM1163:GACGCGTCATCCGGGT-1,2,GSE135851::LAM1:CGGACACTCAGAGGTG-1,State_15,15,GSE135851,LAM1,1.5363329648971558
GSE190260::LAM1163:GACGCGTCATCCGGGT-1,3,GSE190260::LAM1163:GGGATGATCACAAACC-1,State_15,15,GSE190260,LAM1163,1.623609185218811
GSE190260::LAM1163:GACGCGTCATCCGGGT-1,4,GSE135851::LAM1:ATGTGTGCAGACAAGC-1,State_15,15,GSE135851,LAM1,1.7441524267196655
GSE190260::LAM1163:GACGCGTCATCCGGGT-1,5,GSE135851::LAM1:TGCACCTTCGAACTGT-1,State_15,15,GSE135851,LAM1,1.7808771133422852
GSE190260::LAM1163:GACGCGTCATCCGGGT-1,6,GSE190260::LAM1158:CTAAGACAGTCTCGGC-1,State_15,15,GSE190260,LAM1158,1.7815048694610596
GSE190260::LAM1163:GACGCGTCATCCGGGT-1,7,GSE190260::LAM1163:TCGTACCCAAGCCGTC-1,State_15,15,GSE190260,LAM1163,1.8220268487930298
GSE190260::LAM1163:GACGCGTCATCCGGGT-1,8,GSE190260::LAM1163:GCGGGTTTCACATAGC-1,State_15,15,GSE190260,LAM1163,1.9445000886917114
GSE190260::LAM1163:GACGCGTCATCCGGGT-1,9,GSE135851::LAM1:TATCTCATCAAGCCTA-1,State_15,15,GSE135851,LAM1,2.0048398971557617
GSE190260::LAM1163:GACGCGTCATCCGGGT-1,10,GSE135851::LAM1:GGGAGATAGCCATCGC-1,State_15,15,GSE135851,LAM1,2.1107592582702637
GSE190260::LAM1163:GACGCGTCATCCGGGT-1,11,GSE190260::LAM1163:CTGATCCTCGCTTAGA-1,State_15,15,GSE190260,LAM1163,2.1319453716278076
GSE190260::LAM1163:GACGCGTCATCCGGGT-1,12,GSE190260::LAM1163:CGCTGGAGTAAGTAGT-1,State_15,15,GSE190260,LAM1163,2.1471734046936035
GSE190260::LAM1163:GACGCGTCATCCGGGT-1,13,GSE190260::LAM1163:TACGGTATCACCTTAT-1,State_15,15,GSE190260,LAM1163,2.14775013923645
GSE190260::LAM1163:GACGCGTCATCCGGGT-1,14,GSE302356::LAM3:TGCGATACACACGGTC-1,State_15,15,GSE302356,LAM32,2.195305824279785
GSE190260::LAM1163:GACGCGTCATCCGGGT-1,15,GSE190260::LAM1163:CGCTGGACAAGTTCTG-1,State_15,15,GSE190260,LAM1163,2.2122087478637695
GSE190260::LAM1163:GACGCGTCATCCGGGT-1,16,GSE135851::LAM1:GGCGACTTCGCACTCT-1,State_15,15,GSE135851,LAM1,2.2511038780212402
GSE190260::LAM1163:GACGCGTCATCCGGGT-1,17,GSE190260::LAM1163:CATCAAGCAATACGCT-1,State_15,15,GSE190260,LAM1163,2.263984441757202
GSE190260::LAM1163:GACGCGTCATCCGGGT-1,18,GSE135851::LAM1:CGAGCACCATTATCTC-1,State_15,15,GSE135851,LAM1,2.2743847370147705
GSE190260::LAM1163:GACGCGTCATCCGGGT-1,19,GSE135851::LAM1:GTTTCTACATTGTGCA-1,State_15,15,GSE135851,LAM1,2.28011155128479
GSE190260::LAM1163:GACGCGTCATCCGGGT-1,20,GSE190260::LAM1163:AAGACCTTCCCTTGCA-1,State_15,15,GSE190260,LAM1163,2.286454439163208
GSE190260::LAM1163:GACGCGTCATCCGGGT-1,21,GSE190260::LAM1163:GACTAACGTTGTGGCC-1,State_15,15,GSE190260,LAM1163,2.36771297454834
GSE190260::LAM1163:GACGCGTCATCCGGGT-1,22,GSE190260::LAM1163:TCAGGATGTGACAAAT-1,State_15,15,GSE190260,LAM1163,2.3838675022125244
GSE190260::LAM1163:GACGCGTCATCCGGGT-1,23,GSE190260::LAM1163:CATATTCGTCTCCCTA-1,State_15,15,GSE190260,LAM1163,2.418400764465332
GSE190260::LAM1163:GACGCGTCATCCGGGT-1,24,GSE190260::LAM1163:GTTACAGCAAGCTGGA-1,State_15,15,GSE190260,LAM1163,2.4201512336730957
GSE190260::LAM1163:GACGCGTCATCCGGGT-1,25,GSE135851::LAM1:ATTACTCAGCCACCTG-1,State_15,15,GSE135851,LAM1,2.4519245624542236
GSE190260::LAM1163:GACGCGTCATCCGGGT-1,26,GSE135851::LAM1:TTGGCAAAGAATCTCC-1,State_15,15,GSE135851,LAM1,2.4526703357696533
GSE190260::LAM1163:GACGCGTCATCCGGGT-1,27,GSE190260::LAM1163:CTTACCGCACATGTGT-1,State_15,15,GSE190260,LAM1163,2.456843852996826
GSE190260::LAM1163:GACGCGTCATCCGGGT-1,28,GSE190260::LAM1163:TTAGGACGTCGGATCC-1,State_15,15,GSE190260,LAM1163,2.4708735942840576
GSE190260::LAM1163:GACGCGTCATCCGGGT-1,29,GSE302356::LAM3:TTTATGCAGAGCCTGA-1,State_15,15,GSE302356,LAM32,2.5045580863952637
GSE190260::LAM1163:GACGCGTCATCCGGGT-1,30,GSE190260::LAM1163:AGAGTGGCATGATCCA-1,State_15,15,GSE190260,LAM1163,2.5446012020111084
GSE190260::LAM1163:GACTAACGTTGTGGCC-1,1,GSE190260::LAM1163:TGACGGCAGTGGCACA-1,State_15,15,GSE190260,LAM1163,0.9863508939743042
GSE190260::LAM1163:GACTAACGTTGTGGCC-1,2,GSE190260::LAM1163:TTAGGACGTCGGATCC-1,State_15,15,GSE190260,LAM1163,1.3619358539581299
GSE190260::LAM1163:GACTAACGTTGTGGCC-1,3,GSE190260::LAM1163:CTGATCCTCGCTTAGA-1,State_15,15,GSE190260,LAM1163,1.421777367591858
GSE190260::LAM1163:GACTAACGTTGTGGCC-1,4,GSE190260::LAM1163:GTCACAAAGACTTGAA-1,State_15,15,GSE190260,LAM1163,1.4791580438613892
GSE190260::LAM1163:GACTAACGTTGTGGCC-1,5,GSE190260::LAM1163:TCGTACCCAAGCCGTC-1,State_15,15,GSE190260,LAM1163,1.5256999731063843
GSE190260::LAM1163:GACTAACGTTGTGGCC-1,6,GSE190260::LAM1163:TGCGCAGTCTCTAAGG-1,State_15,15,GSE190260,LAM1163,1.5477032661437988
GSE190260::LAM1163:GACTAACGTTGTGGCC-1,7,GSE190260::LAM1163:GCACTCTCATCCGGGT-1,State_15,15,GSE190260,LAM1163,1.5615612268447876
GSE190260::LAM1163:GACTAACGTTGTGGCC-1,8,GSE190260::LAM1163:GGATGTTTCTTCCTTC-1,State_15,15,GSE190260,LAM1163,1.5707720518112183
GSE190260::LAM1163:GACTAACGTTGTGGCC-1,9,GSE190260::LAM1163:AGGGTGACAAACTGTC-1,State_15,15,GSE190260,LAM1163,1.6037161350250244
GSE190260::LAM1163:GACTAACGTTGTGGCC-1,10,GSE190260::LAM1163:CGGCTAGAGTGGTAGC-1,State_15,15,GSE190260,LAM1163,1.6132309436798096
GSE190260::LAM1163:GACTAACGTTGTGGCC-1,11,GSE190260::LAM1163:AGCTCCTGTCAAAGCG-1,State_15,15,GSE190260,LAM1163,1.7035057544708252
GSE190260::LAM1163:GACTAACGTTGTGGCC-1,12,GSE190260::LAM1163:TATCTCAAGAGACTAT-1,State_15,15,GSE190260,LAM1163,1.7122939825057983
GSE190260::LAM1163:GACTAACGTTGTGGCC-1,13,GSE190260::LAM1163:AAGACCTTCCCTTGCA-1,State_15,15,GSE190260,LAM1163,1.7177902460098267
GSE190260::LAM1163:GACTAACGTTGTGGCC-1,14,GSE190260::LAM1163:ATTACTCGTGTCCTCT-1,State_15,15,GSE190260,LAM1163,1.719539999961853
GSE190260::LAM1163:GACTAACGTTGTGGCC-1,15,GSE190260::LAM1163:CATATGGTCGCCCTTA-1,State_15,15,GSE190260,LAM1163,1.7360589504241943
GSE190260::LAM1163:GACTAACGTTGTGGCC-1,16,GSE190260::LAM1163:AGAGTGGCATGATCCA-1,State_15,15,GSE190260,LAM1163,1.741141438484192
GSE190260::LAM1163:GACTAACGTTGTGGCC-1,17,GSE190260::LAM1163:TCGAGGCAGACTAGAT-1,State_15,15,GSE190260,LAM1163,1.8029413223266602
GSE190260::LAM1163:GACTAACGTTGTGGCC-1,18,GSE190260::LAM1163:CTCTGGTCATCCCACT-1,State_15,15,GSE190260,LAM1163,1.8204370737075806
GSE190260::LAM1163:GACTAACGTTGTGGCC-1,19,GSE190260::LAM1163:GCGGGTTTCACATAGC-1,State_15,15,GSE190260,LAM1163,1.8247365951538086
GSE190260::LAM1163:GACTAACGTTGTGGCC-1,20,GSE190260::LAM1163:GACTACATCGAGGTAG-1,State_15,15,GSE190260,LAM1163,1.8269621133804321
GSE190260::LAM1163:GACTAACGTTGTGGCC-1,21,GSE190260::LAM1163:CATCAGACAAGAAAGG-1,State_15,15,GSE190260,LAM1163,1.8492639064788818
GSE190260::LAM1163:GACTAACGTTGTGGCC-1,22,GSE190260::LAM1163:CGTCCATTCGTAGGAG-1,State_15,15,GSE190260,LAM1163,1.8818293809890747
GSE190260::LAM1163:GACTAACGTTGTGGCC-1,23,GSE190260::LAM1163:TTGTAGGGTAAAGTCA-1,State_15,15,GSE190260,LAM1163,1.9007716178894043
GSE190260::LAM1163:GACTAACGTTGTGGCC-1,24,GSE190260::LAM1163:GGTGCGTTCTGTACGA-1,State_15,15,GSE190260,LAM1163,1.9204530715942383
GSE190260::LAM1163:GACTAACGTTGTGGCC-1,25,GSE190260::LAM1163:TACGGTATCACCTTAT-1,State_15,15,GSE190260,LAM1163,1.9210219383239746
GSE190260::LAM1163:GACTAACGTTGTGGCC-1,26,GSE190260::LAM1163:AGAGCTTCACGTTGGC-1,State_15,15,GSE190260,LAM1163,1.9212192296981812
GSE190260::LAM1163:GACTAACGTTGTGGCC-1,27,GSE190260::LAM1163:ACAGCCGAGGACTGGT-1,State_15,15,GSE190260,LAM1163,1.9255280494689941
GSE190260::LAM1163:GACTAACGTTGTGGCC-1,28,GSE190260::LAM1163:TACGGATTCTATCCTA-1,State_15,15,GSE190260,LAM1163,1.9346439838409424
GSE190260::LAM1163:GACTAACGTTGTGGCC-1,29,GSE135851::LAM3:CGTAGGCGTACTCAAC-1,State_15,15,GSE135851,LAM3,1.95639967918396
GSE190260::LAM1163:GACTAACGTTGTGGCC-1,30,GSE190260::LAM1163:TTGGAACTCGGCGGTT-1,State_15,15,GSE190260,LAM1163,1.9725643396377563
GSE190260::LAM1163:GACTACATCGAGGTAG-1,1,GSE190260::LAM1163:CATCAGACAAGAAAGG-1,State_15,15,GSE190260,LAM1163,1.212111234664917
GSE190260::LAM1163:GACTACATCGAGGTAG-1,2,GSE190260::LAM1163:CACCACTCACAGTCGC-1,State_15,15,GSE190260,LAM1163,1.5229406356811523
GSE190260::LAM1163:GACTACATCGAGGTAG-1,3,GSE190260::LAM1163:CTTACCGTCGTCTGCT-1,State_15,15,GSE190260,LAM1163,1.5487465858459473
GSE190260::LAM1163:GACTACATCGAGGTAG-1,4,GSE190260::LAM1163:GGATGTTTCTTCCTTC-1,State_15,15,GSE190260,LAM1163,1.5667320489883423
GSE190260::LAM1163:GACTACATCGAGGTAG-1,5,GSE190260::LAM1163:TCAGGATGTGACAAAT-1,State_15,15,GSE190260,LAM1163,1.6721441745758057
GSE190260::LAM1163:GACTACATCGAGGTAG-1,6,GSE190260::LAM1163:CGGAGCTAGAGAACAG-1,State_15,15,GSE190260,LAM1163,1.673510193824768
GSE190260::LAM1163:GACTACATCGAGGTAG-1,7,GSE190260::LAM1163:TAGACCATCGCACTCT-1,State_15,15,GSE190260,LAM1163,1.6735320091247559
GSE190260::LAM1163:GACTACATCGAGGTAG-1,8,GSE190260::LAM1163:AAGACCTTCCCTTGCA-1,State_15,15,GSE190260,LAM1163,1.6796079874038696
GSE190260::LAM1163:GACTACATCGAGGTAG-1,9,GSE190260::LAM1163:CTGATCCTCGCTTAGA-1,State_15,15,GSE190260,LAM1163,1.6985681056976318
GSE190260::LAM1163:GACTACATCGAGGTAG-1,10,GSE190260::LAM1163:AGGGTGACAAACTGTC-1,State_15,15,GSE190260,LAM1163,1.751084566116333
GSE190260::LAM1163:GACTACATCGAGGTAG-1,11,GSE190260::LAM1163:GGTGCGTTCTGTACGA-1,State_15,15,GSE190260,LAM1163,1.805845856666565
GSE190260::LAM1163:GACTACATCGAGGTAG-1,12,GSE190260::LAM1163:AGAGCTTCACGTTGGC-1,State_15,15,GSE190260,LAM1163,1.8151006698608398
GSE190260::LAM1163:GACTACATCGAGGTAG-1,13,GSE190260::LAM1163:GACTAACGTTGTGGCC-1,State_15,15,GSE190260,LAM1163,1.8269621133804321
GSE190260::LAM1163:GACTACATCGAGGTAG-1,14,GSE190260::LAM1163:CACACTCTCTGTCCGT-1,State_15,15,GSE190260,LAM1163,1.850111484527588
GSE190260::LAM1163:GACTACATCGAGGTAG-1,15,GSE190260::LAM1163:AACACGTAGCTAAACA-1,State_15,15,GSE190260,LAM1163,1.8542462587356567
GSE190260::LAM1163:GACTACATCGAGGTAG-1,16,GSE190260::LAM1163:GCTTCCATCAGTTTGG-1,State_15,15,GSE190260,LAM1163,1.8752431869506836
GSE190260::LAM1163:GACTACATCGAGGTAG-1,17,GSE190260::LAM1163:GGGTTGCGTCAGAATA-1,State_15,15,GSE190260,LAM1163,1.9140820503234863
GSE190260::LAM1163:GACTACATCGAGGTAG-1,18,GSE190260::LAM1163:AGCTCCTGTCAAAGCG-1,State_15,15,GSE190260,LAM1163,1.9156299829483032
GSE190260::LAM1163:GACTACATCGAGGTAG-1,19,GSE190260::LAM1163:TTAGGACGTCGGATCC-1,State_15,15,GSE190260,LAM1163,1.9278843402862549
GSE190260::LAM1163:GACTACATCGAGGTAG-1,20,GSE190260::LAM1163:CTCAGAATCACTTACT-1,State_15,15,GSE190260,LAM1163,1.9377977848052979
GSE190260::LAM1163:GACTACATCGAGGTAG-1,21,GSE190260::LAM1163:CGTCCATTCGTAGGAG-1,State_15,15,GSE190260,LAM1163,1.945652961730957
GSE190260::LAM1163:GACTACATCGAGGTAG-1,22,GSE190260::LAM1163:GCACTCTCATCCGGGT-1,State_15,15,GSE190260,LAM1163,2.00278902053833
GSE190260::LAM1163:GACTACATCGAGGTAG-1,23,GSE190260::LAM1163:TGCCCTACAGACGCCT-1,State_15,15,GSE190260,LAM1163,2.004640579223633
GSE190260::LAM1163:GACTACATCGAGGTAG-1,24,GSE190260::LAM1163:GTTACAGCAAGCTGGA-1,State_15,15,GSE190260,LAM1163,2.019946813583374
GSE190260::LAM1163:GACTACATCGAGGTAG-1,25,GSE190260::LAM1163:CGTCTACGTTTGTTGG-1,State_15,15,GSE190260,LAM1163,2.021151542663574
GSE190260::LAM1163:GACTACATCGAGGTAG-1,26,GSE190260::LAM1163:TACGGTATCACCTTAT-1,State_15,15,GSE190260,LAM1163,2.0383338928222656
GSE190260::LAM1163:GACTACATCGAGGTAG-1,27,GSE190260::LAM1163:GCTCCTAGTTCCACAA-1,State_15,15,GSE190260,LAM1163,2.0517585277557373
GSE190260::LAM1163:GACTACATCGAGGTAG-1,28,GSE190260::LAM1163:TCGTACCCAAGCCGTC-1,State_15,15,GSE190260,LAM1163,2.0548696517944336
GSE190260::LAM1163:GACTACATCGAGGTAG-1,29,GSE190260::LAM1163:AAAGCAACAAGAGTCG-1,State_15,15,GSE190260,LAM1163,2.0634539127349854
GSE190260::LAM1163:GACTACATCGAGGTAG-1,30,GSE190260::LAM1163:TACGGGCCAGTTAACC-1,State_15,15,GSE190260,LAM1163,2.0686895847320557
GSE190260::LAM1163:GAGGTGAAGCCAGGAT-1,1,GSE302356::LAM10:AGCCGCTAGAGGATAT-1,State_16,16,GSE302356,LAM3,1.9238871335983276
GSE190260::LAM1163:GAGGTGAAGCCAGGAT-1,2,GSE190260::LAM1163:CAGATCAGTATCACCA-1,State_15,15,GSE190260,LAM1163,2.104433536529541
GSE190260::LAM1163:GAGGTGAAGCCAGGAT-1,3,GSE190260::LAM1163:TGGACGCTCAAGAAGT-1,State_15,15,GSE190260,LAM1163,2.2371857166290283
GSE190260::LAM1163:GAGGTGAAGCCAGGAT-1,4,GSE135851::LAM1:CCACCTACAATGTTGC-1,State_15,15,GSE135851,LAM1,2.257286787033081
GSE190260::LAM1163:GAGGTGAAGCCAGGAT-1,5,GSE190260::LAM1163:CGCTGGAGTAAGTAGT-1,State_15,15,GSE190260,LAM1163,2.4518322944641113
GSE190260::LAM1163:GAGGTGAAGCCAGGAT-1,6,GSE190260::LAM1163:CATATTCGTCTCCCTA-1,State_15,15,GSE190260,LAM1163,2.5617527961730957
GSE190260::LAM1163:GAGGTGAAGCCAGGAT-1,7,GSE190260::LAM1163:CTGAAGTCACCGAATT-1,State_15,15,GSE190260,LAM1163,2.633817672729492
GSE190260::LAM1163:GAGGTGAAGCCAGGAT-1,8,GSE190260::LAM1163:TATCTCAAGAGACTAT-1,State_15,15,GSE190260,LAM1163,2.645479440689087
GSE190260::LAM1163:GAGGTGAAGCCAGGAT-1,9,GSE190260::LAM1163:TCAGGATGTGACAAAT-1,State_15,15,GSE190260,LAM1163,2.6713972091674805
GSE190260::LAM1163:GAGGTGAAGCCAGGAT-1,10,GSE190260::LAM1163:CGGACTGGTCCAAGTT-1,State_15,15,GSE190260,LAM1163,2.6985960006713867
GSE190260::LAM1163:GAGGTGAAGCCAGGAT-1,11,GSE190260::LAM1163:TACGGATTCTATCCTA-1,State_15,15,GSE190260,LAM1163,2.7181434631347656
GSE190260::LAM1163:GAGGTGAAGCCAGGAT-1,12,GSE190260::LAM1163:CAAGTTGGTCGCCATG-1,State_15,15,GSE190260,LAM1163,2.7434823513031006
GSE190260::LAM1163:GAGGTGAAGCCAGGAT-1,13,GSE190260::LAM1163:CGGAGCTAGAGAACAG-1,State_15,15,GSE190260,LAM1163,2.747877359390259
GSE190260::LAM1163:GAGGTGAAGCCAGGAT-1,14,GSE135851::LAM1:GTCTTCGGTTAAGAAC-1,State_15,15,GSE135851,LAM1,2.757824659347534
GSE190260::LAM1163:GAGGTGAAGCCAGGAT-1,15,GSE190260::LAM1163:TGCCCTACAGACGCCT-1,State_15,15,GSE190260,LAM1163,2.771968126296997
GSE190260::LAM1163:GAGGTGAAGCCAGGAT-1,16,GSE190260::LAM1163:GGGATGATCACAAACC-1,State_15,15,GSE190260,LAM1163,2.819570302963257
GSE190260::LAM1163:GAGGTGAAGCCAGGAT-1,17,GSE190260::LAM1163:TTGTAGGGTGCAACTT-1,State_15,15,GSE190260,LAM1163,2.8527441024780273
GSE190260::LAM1163:GAGGTGAAGCCAGGAT-1,18,GSE190260::LAM1163:TAGACCATCGCACTCT-1,State_15,15,GSE190260,LAM1163,2.8601462841033936
GSE190260::LAM1163:GAGGTGAAGCCAGGAT-1,19,GSE190260::LAM1163:AAAGCAACAAGAGTCG-1,State_15,15,GSE190260,LAM1163,2.863132953643799
GSE190260::LAM1163:GAGGTGAAGCCAGGAT-1,20,GSE135851::LAM1:CACAGTAAGAGAACAG-1,State_15,15,GSE135851,LAM1,2.8633389472961426
GSE190260::LAM1163:GAGGTGAAGCCAGGAT-1,21,GSE190260::LAM1163:TTTGCGCAGCCAGAAC-1,State_15,15,GSE190260,LAM1163,2.8648407459259033
GSE190260::LAM1163:GAGGTGAAGCCAGGAT-1,22,GSE190260::LAM1163:ATGTGTGGTAGTAGTA-1,State_15,15,GSE190260,LAM1163,2.8650922775268555
GSE190260::LAM1163:GAGGTGAAGCCAGGAT-1,23,GSE190260::LAM1163:AGGGAGTCACTCTGTC-1,State_16,16,GSE190260,LAM1163,2.8796255588531494
GSE190260::LAM1163:GAGGTGAAGCCAGGAT-1,24,GSE190260::LAM1163:ACATGGTCATCGATTG-1,State_15,15,GSE190260,LAM1163,2.8797292709350586
GSE190260::LAM1163:GAGGTGAAGCCAGGAT-1,25,GSE190260::LAM1163:GGATGTTTCTTCCTTC-1,State_15,15,GSE190260,LAM1163,2.90154767036438
GSE190260::LAM1163:GAGGTGAAGCCAGGAT-1,26,GSE190260::LAM1163:AACACGTAGCTAAACA-1,State_15,15,GSE190260,LAM1163,2.9230661392211914
GSE190260::LAM1163:GAGGTGAAGCCAGGAT-1,27,GSE302356::LAM10:GATAATCGTGTTTGCT-1,State_16,16,GSE302356,LAM3,2.928828239440918
GSE190260::LAM1163:GAGGTGAAGCCAGGAT-1,28,GSE135851::LAM1:CGGACACTCAGAGGTG-1,State_15,15,GSE135851,LAM1,2.9337451457977295
GSE190260::LAM1163:GAGGTGAAGCCAGGAT-1,29,GSE190260::LAM1163:GCCTCTAAGAGCCCAA-1,State_15,15,GSE190260,LAM1163,2.9677910804748535
GSE190260::LAM1163:GAGGTGAAGCCAGGAT-1,30,GSE135851::LAM1:CGAGCACCATTATCTC-1,State_15,15,GSE135851,LAM1,2.9680612087249756
GSE190260::LAM1163:GAGTCCGAGCTAAACA-1,1,GSE190260::LAM1163:AGTCTTTAGATAGTCA-1,State_15,15,GSE190260,LAM1163,1.2778537273406982
GSE190260::LAM1163:GAGTCCGAGCTAAACA-1,2,GSE190260::LAM1163:TAGACCATCGCACTCT-1,State_15,15,GSE190260,LAM1163,1.4173651933670044
GSE190260::LAM1163:GAGTCCGAGCTAAACA-1,3,GSE190260::LAM1163:TTGTAGGGTGCAACTT-1,State_15,15,GSE190260,LAM1163,1.4890387058258057
GSE190260::LAM1163:GAGTCCGAGCTAAACA-1,4,GSE190260::LAM1163:CTCAGAATCACTTACT-1,State_15,15,GSE190260,LAM1163,1.5498504638671875
GSE190260::LAM1163:GAGTCCGAGCTAAACA-1,5,GSE190260::LAM1163:CGCTTCAAGCCCAACC-1,State_15,15,GSE190260,LAM1163,1.614529013633728
GSE190260::LAM1163:GAGTCCGAGCTAAACA-1,6,GSE190260::LAM1163:TTGTAGGGTAAAGTCA-1,State_15,15,GSE190260,LAM1163,1.6247910261154175
GSE190260::LAM1163:GAGTCCGAGCTAAACA-1,7,GSE190260::LAM1163:CTTCTCTGTACTTGAC-1,State_15,15,GSE190260,LAM1163,1.627371907234192
GSE190260::LAM1163:GAGTCCGAGCTAAACA-1,8,GSE190260::LAM1163:AGCCTAAAGATGCCAG-1,State_15,15,GSE190260,LAM1163,1.651029109954834
GSE190260::LAM1163:GAGTCCGAGCTAAACA-1,9,GSE190260::LAM1163:TTTGCGCAGCCAGAAC-1,State_15,15,GSE190260,LAM1163,1.684178113937378
GSE190260::LAM1163:GAGTCCGAGCTAAACA-1,10,GSE190260::LAM1163:CACAGTATCTTGTATC-1,State_15,15,GSE190260,LAM1163,1.6889728307724
GSE190260::LAM1163:GAGTCCGAGCTAAACA-1,11,GSE190260::LAM1163:CTCAGAAGTGATAAGT-1,State_15,15,GSE190260,LAM1163,1.6933071613311768
GSE190260::LAM1163:GAGTCCGAGCTAAACA-1,12,GSE190260::LAM1163:GGATGTTTCTTCCTTC-1,State_15,15,GSE190260,LAM1163,1.7272937297821045
GSE190260::LAM1163:GAGTCCGAGCTAAACA-1,13,GSE190260::LAM1163:GGGTTGCGTCAGAATA-1,State_15,15,GSE190260,LAM1163,1.7339191436767578
GSE190260::LAM1163:GAGTCCGAGCTAAACA-1,14,GSE190260::LAM1163:CGCTATCGTAGGCATG-1,State_15,15,GSE190260,LAM1163,1.7434462308883667
GSE190260::LAM1163:GAGTCCGAGCTAAACA-1,15,GSE190260::LAM1163:CACACTCTCTGTCCGT-1,State_15,15,GSE190260,LAM1163,1.7873567342758179
GSE190260::LAM1163:GAGTCCGAGCTAAACA-1,16,GSE190260::LAM1163:CCTCAGTAGTAGATGT-1,State_15,15,GSE190260,LAM1163,1.798501968383789
GSE190260::LAM1163:GAGTCCGAGCTAAACA-1,17,GSE190260::LAM1163:CCAGCGAGTAGCCTAT-1,State_15,15,GSE190260,LAM1163,1.835730791091919
GSE190260::LAM1163:GAGTCCGAGCTAAACA-1,18,GSE190260::LAM1163:TGCCCTACAGACGCCT-1,State_15,15,GSE190260,LAM1163,1.8423576354980469
GSE190260::LAM1163:GAGTCCGAGCTAAACA-1,19,GSE190260::LAM1163:AGGGTGACAAACTGTC-1,State_15,15,GSE190260,LAM1163,1.857977032661438
GSE190260::LAM1163:GAGTCCGAGCTAAACA-1,20,GSE190260::LAM1163:CATCAGACAAGAAAGG-1,State_15,15,GSE190260,LAM1163,1.8924602270126343
GSE190260::LAM1163:GAGTCCGAGCTAAACA-1,21,GSE190260::LAM1163:ATTACTCGTGTCCTCT-1,State_15,15,GSE190260,LAM1163,1.921160340309143
GSE190260::LAM1163:GAGTCCGAGCTAAACA-1,22,GSE190260::LAM1163:CACACTCAGATAGGAG-1,State_15,15,GSE190260,LAM1163,1.9299391508102417
GSE190260::LAM1163:GAGTCCGAGCTAAACA-1,23,GSE190260::LAM1163:CGATCGGAGATATGGT-1,State_15,15,GSE190260,LAM1163,1.949190378189087
GSE190260::LAM1163:GAGTCCGAGCTAAACA-1,24,GSE190260::LAM1163:ATGTGTGGTAGTAGTA-1,State_15,15,GSE190260,LAM1163,1.9703223705291748
GSE190260::LAM1163:GAGTCCGAGCTAAACA-1,25,GSE190260::LAM1163:ATCACGACAGTAAGAT-1,State_15,15,GSE190260,LAM1163,1.975299596786499
GSE190260::LAM1163:GAGTCCGAGCTAAACA-1,26,GSE190260::LAM1163:CTTACCGTCGTCTGCT-1,State_15,15,GSE190260,LAM1163,1.9784274101257324
GSE190260::LAM1163:GAGTCCGAGCTAAACA-1,27,GSE190260::LAM1163:TGCGCAGCAAGGCTCC-1,State_15,15,GSE190260,LAM1163,2.0028295516967773
GSE190260::LAM1163:GAGTCCGAGCTAAACA-1,28,GSE190260::LAM1163:TATCTCAAGAGACTAT-1,State_15,15,GSE190260,LAM1163,2.0032498836517334
GSE190260::LAM1163:GAGTCCGAGCTAAACA-1,29,GSE190260::LAM1163:CAAGTTGGTCGCCATG-1,State_15,15,GSE190260,LAM1163,2.015420436859131
GSE190260::LAM1163:GAGTCCGAGCTAAACA-1,30,GSE190260::LAM1163:CGGACTGGTCCAAGTT-1,State_15,15,GSE190260,LAM1163,2.050661563873291
GSE190260::LAM1163:GATCGATTCAGTGTTG-1,1,GSE190260::LAM1163:GTAACTGAGCACCGCT-1,State_15,15,GSE190260,LAM1163,1.3522244691848755
GSE190260::LAM1163:GATCGATTCAGTGTTG-1,2,GSE190260::LAM1163:CTAAGACCAAGCCCAC-1,State_15,15,GSE190260,LAM1163,2.6889355182647705
GSE190260::LAM1163:GATCGATTCAGTGTTG-1,3,GSE190260::LAM1163:CAAGTTGGTCGCCATG-1,State_15,15,GSE190260,LAM1163,2.7290537357330322
GSE190260::LAM1163:GATCGATTCAGTGTTG-1,4,GSE190260::LAM1163:TCGTAGAGTTACCGAT-1,State_15,15,GSE190260,LAM1163,3.03334903717041
GSE190260::LAM1163:GATCGATTCAGTGTTG-1,5,GSE190260::LAM1163:CGCCAAGGTACCCAAT-1,boundary,,GSE190260,LAM1163,3.070812940597534
GSE190260::LAM1163:GATCGATTCAGTGTTG-1,6,GSE190260::LAM1163:AGAATAGTCCCTGACT-1,State_15,15,GSE190260,LAM1163,3.0757107734680176
GSE190260::LAM1163:GATCGATTCAGTGTTG-1,7,GSE190260::LAM1163:CGATCGGAGATATGGT-1,State_15,15,GSE190260,LAM1163,3.0769503116607666
GSE190260::LAM1163:GATCGATTCAGTGTTG-1,8,GSE190260::LAM1163:CCCATACGTGTTTGGT-1,State_16,16,GSE190260,LAM1163,3.1053390502929688
GSE190260::LAM1163:GATCGATTCAGTGTTG-1,9,GSE190260::LAM1163:TTTACTGAGCTGAAAT-1,State_15,15,GSE190260,LAM1163,3.168250560760498
GSE190260::LAM1163:GATCGATTCAGTGTTG-1,10,GSE190260::LAM1163:CATCGAAGTCAGAGGT-1,State_15,15,GSE190260,LAM1163,3.176567554473877
GSE190260::LAM1163:GATCGATTCAGTGTTG-1,11,GSE190260::LAM1163:TTAGGACCAGCTGTAT-1,State_15,15,GSE190260,LAM1163,3.1798338890075684
GSE190260::LAM1163:GATCGATTCAGTGTTG-1,12,GSE190260::LAM1163:CTAAGACGTGGTTTCA-1,State_15,15,GSE190260,LAM1163,3.285709857940674
GSE190260::LAM1163:GATCGATTCAGTGTTG-1,13,GSE190260::LAM1163:CGCGGTATCAGTCCCT-1,boundary,,GSE190260,LAM1163,3.2982654571533203
GSE190260::LAM1163:GATCGATTCAGTGTTG-1,14,GSE190260::LAM1163:GGCAATTGTTGAGTTC-1,State_16,16,GSE190260,LAM1163,3.341960906982422
GSE190260::LAM1163:GATCGATTCAGTGTTG-1,15,GSE190260::LAM1163:CCTCAGTAGTAGATGT-1,State_15,15,GSE190260,LAM1163,3.3472530841827393
GSE190260::LAM1163:GATCGATTCAGTGTTG-1,16,GSE190260::LAM1163:AAAGTAGGTGAGTGAC-1,boundary,,GSE190260,LAM1163,3.3814358711242676
GSE190260::LAM1163:GATCGATTCAGTGTTG-1,17,GSE190260::LAM1163:AACACGTAGCTAAACA-1,State_15,15,GSE190260,LAM1163,3.429417848587036
GSE190260::LAM1163:GATCGATTCAGTGTTG-1,18,GSE190260::LAM1163:GGACAAGTCAATCTCT-1,State_16,16,GSE190260,LAM1163,3.466115713119507
GSE190260::LAM1163:GATCGATTCAGTGTTG-1,19,GSE190260::LAM1163:TGCCCTACAGACGCCT-1,State_15,15,GSE190260,LAM1163,3.4668893814086914
GSE190260::LAM1163:GATCGATTCAGTGTTG-1,20,GSE190260::LAM1163:CTCGGAGCAACACGCC-1,State_16,16,GSE190260,LAM1163,3.4839565753936768
GSE190260::LAM1163:GATCGATTCAGTGTTG-1,21,GSE190260::LAM1163:TCCCGATCAGACTCGC-1,State_16,16,GSE190260,LAM1163,3.501126527786255
GSE190260::LAM1163:GATCGATTCAGTGTTG-1,22,GSE190260::LAM1163:CGTGTAAGTTGTACAC-1,State_15,15,GSE190260,LAM1163,3.509845495223999
GSE190260::LAM1163:GATCGATTCAGTGTTG-1,23,GSE190260::LAM1163:CACAGGCGTAGTAGTA-1,State_16,16,GSE190260,LAM1163,3.5306358337402344
GSE190260::LAM1163:GATCGATTCAGTGTTG-1,24,GSE190260::LAM1163:CCACCTATCCTACAGA-1,boundary,,GSE190260,LAM1163,3.566969156265259
GSE190260::LAM1163:GATCGATTCAGTGTTG-1,25,GSE190260::LAM1163:GAGGTGAAGCCAGGAT-1,State_15,15,GSE190260,LAM1163,3.5754168033599854
GSE190260::LAM1163:GATCGATTCAGTGTTG-1,26,GSE190260::LAM1163:TTTGCGCAGCCAGAAC-1,State_15,15,GSE190260,LAM1163,3.597294330596924
GSE190260::LAM1163:GATCGATTCAGTGTTG-1,27,GSE190260::LAM1163:TGCACCTCATCCGGGT-1,boundary,,GSE190260,LAM1163,3.626534938812256
GSE190260::LAM1163:GATCGATTCAGTGTTG-1,28,GSE190260::LAM1163:GAACGGACATGCCTTC-1,boundary,,GSE190260,LAM1163,3.6420936584472656
GSE190260::LAM1163:GATCGATTCAGTGTTG-1,29,GSE190260::LAM1163:AGCCTAAAGATGCCAG-1,State_15,15,GSE190260,LAM1163,3.642941951751709
GSE190260::LAM1163:GATCGATTCAGTGTTG-1,30,GSE190260::LAM1163:TGAAAGAGTAAGTGGC-1,boundary,,GSE190260,LAM1163,3.653827428817749
GSE190260::LAM1163:GCACTCTCATCCGGGT-1,1,GSE190260::LAM1163:GACTAACGTTGTGGCC-1,State_15,15,GSE190260,LAM1163,1.5615612268447876
GSE190260::LAM1163:GCACTCTCATCCGGGT-1,2,GSE190260::LAM1163:AGCTCCTGTCAAAGCG-1,State_15,15,GSE190260,LAM1163,1.6437723636627197
GSE190260::LAM1163:GCACTCTCATCCGGGT-1,3,GSE190260::LAM1163:TTGGAACTCGGCGGTT-1,State_15,15,GSE190260,LAM1163,1.6452149152755737
GSE190260::LAM1163:GCACTCTCATCCGGGT-1,4,GSE135851::LAM3:CGTAGGCGTACTCAAC-1,State_15,15,GSE135851,LAM3,1.6966884136199951
GSE190260::LAM1163:GCACTCTCATCCGGGT-1,5,GSE190260::LAM1163:TCGAGGCAGACTAGAT-1,State_15,15,GSE190260,LAM1163,1.7387200593948364
GSE190260::LAM1163:GCACTCTCATCCGGGT-1,6,GSE190260::LAM1163:CTCTGGTCATCCCACT-1,State_15,15,GSE190260,LAM1163,1.754116415977478
GSE190260::LAM1163:GCACTCTCATCCGGGT-1,7,GSE190260::LAM1163:CATCAGACAAGAAAGG-1,State_15,15,GSE190260,LAM1163,1.7837363481521606
GSE190260::LAM1163:GCACTCTCATCCGGGT-1,8,GSE190260::LAM1163:TGACGGCAGTGGCACA-1,State_15,15,GSE190260,LAM1163,1.7878681421279907
GSE190260::LAM1163:GCACTCTCATCCGGGT-1,9,GSE190260::LAM1163:GGTGCGTTCTGTACGA-1,State_15,15,GSE190260,LAM1163,1.8154270648956299
GSE190260::LAM1163:GCACTCTCATCCGGGT-1,10,GSE190260::LAM1163:ATCACGACAGTAAGAT-1,State_15,15,GSE190260,LAM1163,1.8235005140304565
GSE190260::LAM1163:GCACTCTCATCCGGGT-1,11,GSE190260::LAM1163:CGCTTCAAGCCCAACC-1,State_15,15,GSE190260,LAM1163,1.827129602432251
GSE190260::LAM1163:GCACTCTCATCCGGGT-1,12,GSE190260::LAM1163:CGTCCATTCGTAGGAG-1,State_15,15,GSE190260,LAM1163,1.8868122100830078
GSE190260::LAM1163:GCACTCTCATCCGGGT-1,13,GSE190260::LAM1163:GGATGTTTCTTCCTTC-1,State_15,15,GSE190260,LAM1163,1.891462802886963
GSE190260::LAM1163:GCACTCTCATCCGGGT-1,14,GSE190260::LAM1163:TTGTAGGGTAAAGTCA-1,State_15,15,GSE190260,LAM1163,1.8992265462875366
GSE190260::LAM1163:GCACTCTCATCCGGGT-1,15,GSE190260::LAM1163:GTCACAAAGACTTGAA-1,State_15,15,GSE190260,LAM1163,1.9100261926651
GSE190260::LAM1163:GCACTCTCATCCGGGT-1,16,GSE190260::LAM1163:GCTCCTAGTTCCACAA-1,State_15,15,GSE190260,LAM1163,1.9164433479309082
GSE190260::LAM1163:GCACTCTCATCCGGGT-1,17,GSE190260::LAM1163:AGAGTGGCATGATCCA-1,State_15,15,GSE190260,LAM1163,1.9264947175979614
GSE190260::LAM1163:GCACTCTCATCCGGGT-1,18,GSE190260::LAM1163:CTGATCCTCGCTTAGA-1,State_15,15,GSE190260,LAM1163,1.9360977411270142
GSE190260::LAM1163:GCACTCTCATCCGGGT-1,19,GSE190260::LAM1163:TATCTCAAGAGACTAT-1,State_15,15,GSE190260,LAM1163,1.9364908933639526
GSE190260::LAM1163:GCACTCTCATCCGGGT-1,20,GSE190260::LAM1163:TCGTACCCAAGCCGTC-1,State_15,15,GSE190260,LAM1163,1.9491175413131714
GSE190260::LAM1163:GCACTCTCATCCGGGT-1,21,GSE190260::LAM1163:AGGGTGACAAACTGTC-1,State_15,15,GSE190260,LAM1163,1.9637693166732788
GSE190260::LAM1163:GCACTCTCATCCGGGT-1,22,GSE190260::LAM1163:CGGCTAGAGTGGTAGC-1,State_15,15,GSE190260,LAM1163,1.9943060874938965
GSE190260::LAM1163:GCACTCTCATCCGGGT-1,23,GSE190260::LAM1163:GGGTTGCGTCAGAATA-1,State_15,15,GSE190260,LAM1163,1.997028112411499
GSE190260::LAM1163:GCACTCTCATCCGGGT-1,24,GSE190260::LAM1163:GACTACATCGAGGTAG-1,State_15,15,GSE190260,LAM1163,2.00278902053833
GSE190260::LAM1163:GCACTCTCATCCGGGT-1,25,GSE190260::LAM1163:TGCGCAGTCTCTAAGG-1,State_15,15,GSE190260,LAM1163,2.005375623703003
GSE190260::LAM1163:GCACTCTCATCCGGGT-1,26,GSE190260::LAM1163:AAAGCAACAAGAGTCG-1,State_15,15,GSE190260,LAM1163,2.0218727588653564
GSE190260::LAM1163:GCACTCTCATCCGGGT-1,27,GSE190260::LAM1163:CTCAGAATCACTTACT-1,State_15,15,GSE190260,LAM1163,2.0220117568969727
GSE190260::LAM1163:GCACTCTCATCCGGGT-1,28,GSE190260::LAM1163:TTAGGACGTCGGATCC-1,State_15,15,GSE190260,LAM1163,2.0305209159851074
GSE190260::LAM1163:GCACTCTCATCCGGGT-1,29,GSE190260::LAM1163:CGGAGCTAGAGAACAG-1,State_15,15,GSE190260,LAM1163,2.0444843769073486
GSE190260::LAM1163:GCACTCTCATCCGGGT-1,30,GSE190260::LAM1163:CGTCTACGTTTGTTGG-1,State_15,15,GSE190260,LAM1163,2.0638206005096436
GSE190260::LAM1163:GCATGATAGCGTTCCG-1,1,GSE190260::LAM1163:ATCACGACAGTAAGAT-1,State_15,15,GSE190260,LAM1163,1.6659502983093262
GSE190260::LAM1163:GCATGATAGCGTTCCG-1,2,GSE190260::LAM1163:CGTCTACGTTTGTTGG-1,State_15,15,GSE190260,LAM1163,1.9014562368392944
GSE190260::LAM1163:GCATGATAGCGTTCCG-1,3,GSE190260::LAM1163:CAGCATATCCTCCTAG-1,State_15,15,GSE190260,LAM1163,1.9887272119522095
GSE190260::LAM1163:GCATGATAGCGTTCCG-1,4,GSE190260::LAM1163:TGCGCAGCAAGGCTCC-1,State_15,15,GSE190260,LAM1163,2.0048651695251465
GSE190260::LAM1163:GCATGATAGCGTTCCG-1,5,GSE190260::LAM1163:GGGTTGCGTCAGAATA-1,State_15,15,GSE190260,LAM1163,2.005812883377075
GSE190260::LAM1163:GCATGATAGCGTTCCG-1,6,GSE190260::LAM1163:GCTCCTAGTTCCACAA-1,State_15,15,GSE190260,LAM1163,2.062767267227173
GSE190260::LAM1163:GCATGATAGCGTTCCG-1,7,GSE190260::LAM1163:CATCAGACAAGAAAGG-1,State_15,15,GSE190260,LAM1163,2.0768277645111084
GSE190260::LAM1163:GCATGATAGCGTTCCG-1,8,GSE190260::LAM1163:CACACTCAGATAGGAG-1,State_15,15,GSE190260,LAM1163,2.078150749206543
GSE190260::LAM1163:GCATGATAGCGTTCCG-1,9,GSE190260::LAM1163:CACAGTATCTTGTATC-1,State_15,15,GSE190260,LAM1163,2.1046202182769775
GSE190260::LAM1163:GCATGATAGCGTTCCG-1,10,GSE190260::LAM1163:CAGCGACTCTGAGTGT-1,State_15,15,GSE190260,LAM1163,2.1353089809417725
GSE190260::LAM1163:GCATGATAGCGTTCCG-1,11,GSE190260::LAM1163:CTTACCGTCGTCTGCT-1,State_15,15,GSE190260,LAM1163,2.179819107055664
GSE190260::LAM1163:GCATGATAGCGTTCCG-1,12,GSE190260::LAM1163:GGATGTTTCTTCCTTC-1,State_15,15,GSE190260,LAM1163,2.186109781265259
GSE190260::LAM1163:GCATGATAGCGTTCCG-1,13,GSE190260::LAM1163:CGCTTCAAGCCCAACC-1,State_15,15,GSE190260,LAM1163,2.187185525894165
GSE190260::LAM1163:GCATGATAGCGTTCCG-1,14,GSE190260::LAM1163:ATTACTCGTGTCCTCT-1,State_15,15,GSE190260,LAM1163,2.1906280517578125
GSE190260::LAM1163:GCATGATAGCGTTCCG-1,15,GSE190260::LAM1163:CGTCCATTCGTAGGAG-1,State_15,15,GSE190260,LAM1163,2.256357431411743
GSE190260::LAM1163:GCATGATAGCGTTCCG-1,16,GSE190260::LAM1163:CTCAGAAGTGATAAGT-1,State_15,15,GSE190260,LAM1163,2.294783353805542
GSE190260::LAM1163:GCATGATAGCGTTCCG-1,17,GSE190260::LAM1163:TGCACCTAGACATAAC-1,State_15,15,GSE190260,LAM1163,2.2989728450775146
GSE190260::LAM1163:GCATGATAGCGTTCCG-1,18,GSE190260::LAM1163:CCACCTAAGGTACTCT-1,State_15,15,GSE190260,LAM1163,2.3100690841674805
GSE190260::LAM1163:GCATGATAGCGTTCCG-1,19,GSE190260::LAM1163:GGTGCGTTCTGTACGA-1,State_15,15,GSE190260,LAM1163,2.3185768127441406
GSE190260::LAM1163:GCATGATAGCGTTCCG-1,20,GSE190260::LAM1163:AGGGTGACAAACTGTC-1,State_15,15,GSE190260,LAM1163,2.334258794784546
GSE190260::LAM1163:GCATGATAGCGTTCCG-1,21,GSE190260::LAM1163:TTCTCAAAGTCCGTAT-1,State_15,15,GSE190260,LAM1163,2.376755714416504
GSE190260::LAM1163:GCATGATAGCGTTCCG-1,22,GSE190260::LAM1163:TTAGGACGTCGGATCC-1,State_15,15,GSE190260,LAM1163,2.3844540119171143
GSE190260::LAM1163:GCATGATAGCGTTCCG-1,23,GSE135851::LAM3:TCGTACCAGGGATCTG-1,State_15,15,GSE135851,LAM3,2.391702651977539
GSE190260::LAM1163:GCATGATAGCGTTCCG-1,24,GSE190260::LAM1163:CGTAGCGTCCCAGGTG-1,State_15,15,GSE190260,LAM1163,2.404087543487549
GSE190260::LAM1163:GCATGATAGCGTTCCG-1,25,GSE190260::LAM1163:ATGTGTGGTAGTAGTA-1,State_15,15,GSE190260,LAM1163,2.405320167541504
GSE190260::LAM1163:GCATGATAGCGTTCCG-1,26,GSE135851::LAM3:CCAATCCGTAGCTGCC-1,State_15,15,GSE135851,LAM3,2.4166347980499268
GSE190260::LAM1163:GCATGATAGCGTTCCG-1,27,GSE190260::LAM1163:GGATGTTTCAAGCCTA-1,State_15,15,GSE190260,LAM1163,2.436274528503418
GSE190260::LAM1163:GCATGATAGCGTTCCG-1,28,GSE135851::LAM3:CACAAACCAATAGCGG-1,State_15,15,GSE135851,LAM3,2.464829921722412
GSE190260::LAM1163:GCATGATAGCGTTCCG-1,29,GSE190260::LAM1163:CCCAGTTGTCGTTGTA-1,State_15,15,GSE190260,LAM1163,2.468193769454956
GSE190260::LAM1163:GCATGATAGCGTTCCG-1,30,GSE190260::LAM1163:AGCTCCTGTCAAAGCG-1,State_15,15,GSE190260,LAM1163,2.4830880165100098
GSE190260::LAM1163:GCCTCTAAGAGCCCAA-1,1,GSE190260::LAM1163:GCTTCCATCAGTTTGG-1,State_15,15,GSE190260,LAM1163,1.9352784156799316
GSE190260::LAM1163:GCCTCTAAGAGCCCAA-1,2,GSE190260::LAM1163:CGCTATCGTAGGCATG-1,State_15,15,GSE190260,LAM1163,1.9484690427780151
GSE190260::LAM1163:GCCTCTAAGAGCCCAA-1,3,GSE190260::LAM1163:TGAGGGATCTGTTGAG-1,State_15,15,GSE190260,LAM1163,1.9678736925125122
GSE190260::LAM1163:GCCTCTAAGAGCCCAA-1,4,GSE190260::LAM1163:CACACTCTCTGTCCGT-1,State_15,15,GSE190260,LAM1163,2.012974500656128
GSE190260::LAM1163:GCCTCTAAGAGCCCAA-1,5,GSE190260::LAM1163:TGCCCTACAGACGCCT-1,State_15,15,GSE190260,LAM1163,2.0175209045410156
GSE190260::LAM1163:GCCTCTAAGAGCCCAA-1,6,GSE190260::LAM1163:TCAGGATGTGACAAAT-1,State_15,15,GSE190260,LAM1163,2.050443649291992
GSE190260::LAM1163:GCCTCTAAGAGCCCAA-1,7,GSE190260::LAM1163:TACGGGCCAGTTAACC-1,State_15,15,GSE190260,LAM1163,2.1050379276275635
GSE190260::LAM1163:GCCTCTAAGAGCCCAA-1,8,GSE190260::LAM1163:GGGTTGCGTCAGAATA-1,State_15,15,GSE190260,LAM1163,2.1461148262023926
GSE190260::LAM1163:GCCTCTAAGAGCCCAA-1,9,GSE190260::LAM1163:ATGTGTGGTAGTAGTA-1,State_15,15,GSE190260,LAM1163,2.173576831817627
GSE190260::LAM1163:GCCTCTAAGAGCCCAA-1,10,GSE190260::LAM1163:CCTCAGTAGTAGATGT-1,State_15,15,GSE190260,LAM1163,2.2369754314422607
GSE190260::LAM1163:GCCTCTAAGAGCCCAA-1,11,GSE190260::LAM1163:TCTGAGAAGATGTTAG-1,State_15,15,GSE190260,LAM1163,2.2564632892608643
GSE190260::LAM1163:GCCTCTAAGAGCCCAA-1,12,GSE190260::LAM1163:AGCTCCTTCCGCTGTT-1,State_15,15,GSE190260,LAM1163,2.2578258514404297
GSE190260::LAM1163:GCCTCTAAGAGCCCAA-1,13,GSE190260::LAM1163:CGGAGCTAGAGAACAG-1,State_15,15,GSE190260,LAM1163,2.319131374359131
GSE190260::LAM1163:GCCTCTAAGAGCCCAA-1,14,GSE190260::LAM1163:CGATCGGAGATATGGT-1,State_15,15,GSE190260,LAM1163,2.3306570053100586
GSE190260::LAM1163:GCCTCTAAGAGCCCAA-1,15,GSE190260::LAM1163:CAAGTTGGTCGCCATG-1,State_15,15,GSE190260,LAM1163,2.3831498622894287
GSE190260::LAM1163:GCCTCTAAGAGCCCAA-1,16,GSE190260::LAM1163:CTTACCGTCGTCTGCT-1,State_15,15,GSE190260,LAM1163,2.4161217212677
GSE190260::LAM1163:GCCTCTAAGAGCCCAA-1,17,GSE190260::LAM1163:AGTCTTTAGATAGTCA-1,State_15,15,GSE190260,LAM1163,2.4242100715637207
GSE190260::LAM1163:GCCTCTAAGAGCCCAA-1,18,GSE190260::LAM1163:CATCAGACAAGAAAGG-1,State_15,15,GSE190260,LAM1163,2.448915719985962
GSE190260::LAM1163:GCCTCTAAGAGCCCAA-1,19,GSE190260::LAM1163:TTCTCAAAGTCCGTAT-1,State_15,15,GSE190260,LAM1163,2.4501078128814697
GSE190260::LAM1163:GCCTCTAAGAGCCCAA-1,20,GSE190260::LAM1163:AAGACCTTCCCTTGCA-1,State_15,15,GSE190260,LAM1163,2.4654948711395264
GSE190260::LAM1163:GCCTCTAAGAGCCCAA-1,21,GSE190260::LAM1163:CGCTTCAAGCCCAACC-1,State_15,15,GSE190260,LAM1163,2.4896128177642822
GSE190260::LAM1163:GCCTCTAAGAGCCCAA-1,22,GSE190260::LAM1163:CTCAGAATCACTTACT-1,State_15,15,GSE190260,LAM1163,2.492295503616333
GSE190260::LAM1163:GCCTCTAAGAGCCCAA-1,23,GSE190260::LAM1163:GGTGCGTTCTGTACGA-1,State_15,15,GSE190260,LAM1163,2.499171257019043
GSE190260::LAM1163:GCCTCTAAGAGCCCAA-1,24,GSE190260::LAM1163:CAGATCAGTATCACCA-1,State_15,15,GSE190260,LAM1163,2.521470546722412
GSE190260::LAM1163:GCCTCTAAGAGCCCAA-1,25,GSE190260::LAM1163:CTTCTCTGTACTTGAC-1,State_15,15,GSE190260,LAM1163,2.54958176612854
GSE190260::LAM1163:GCCTCTAAGAGCCCAA-1,26,GSE135851::LAM1:TATCTCATCAAGCCTA-1,State_15,15,GSE135851,LAM1,2.5538172721862793
GSE190260::LAM1163:GCCTCTAAGAGCCCAA-1,27,GSE135851::LAM1:GTTTCTACATTGTGCA-1,State_15,15,GSE135851,LAM1,2.5550012588500977
GSE190260::LAM1163:GCCTCTAAGAGCCCAA-1,28,GSE190260::LAM1163:GACTACATCGAGGTAG-1,State_15,15,GSE190260,LAM1163,2.5644567012786865
GSE190260::LAM1163:GCCTCTAAGAGCCCAA-1,29,GSE190260::LAM1163:TAGACCATCGCACTCT-1,State_15,15,GSE190260,LAM1163,2.567958116531372
GSE190260::LAM1163:GCCTCTAAGAGCCCAA-1,30,GSE190260::LAM1163:CTGAAGTCACCGAATT-1,State_15,15,GSE190260,LAM1163,2.5927505493164062
GSE190260::LAM1163:GCGCAACCAGGCTGAA-1,1,GSE190260::LAM1163:GCATGATAGCGTTCCG-1,State_15,15,GSE190260,LAM1163,2.773510456085205
GSE190260::LAM1163:GCGCAACCAGGCTGAA-1,2,GSE190260::LAM1163:CTTGGCTGTCCCTACT-1,State_15,15,GSE190260,LAM1163,2.86124324798584
GSE190260::LAM1163:GCGCAACCAGGCTGAA-1,3,GSE190260::LAM1163:CATCAGACAAGAAAGG-1,State_15,15,GSE190260,LAM1163,2.976983070373535
GSE190260::LAM1163:GCGCAACCAGGCTGAA-1,4,GSE135851::LAM1:ACACTGATCCTTGCCA-1,State_15,15,GSE135851,LAM1,3.004810094833374
GSE190260::LAM1163:GCGCAACCAGGCTGAA-1,5,GSE190260::LAM1163:CTCGTCAGTGAGTATA-1,State_15,15,GSE190260,LAM1163,3.0643017292022705
GSE190260::LAM1163:GCGCAACCAGGCTGAA-1,6,GSE190260::LAM1163:GGTGCGTTCTGTACGA-1,State_15,15,GSE190260,LAM1163,3.0680551528930664
GSE190260::LAM1163:GCGCAACCAGGCTGAA-1,7,GSE190260::LAM1163:CCACCTAAGGTACTCT-1,State_15,15,GSE190260,LAM1163,3.096559524536133
GSE190260::LAM1163:GCGCAACCAGGCTGAA-1,8,GSE190260::LAM1163:TGCGCAGCAAGGCTCC-1,State_15,15,GSE190260,LAM1163,3.124847650527954
GSE190260::LAM1163:GCGCAACCAGGCTGAA-1,9,GSE190260::LAM1163:CGTCTACGTTTGTTGG-1,State_15,15,GSE190260,LAM1163,3.1678802967071533
GSE190260::LAM1163:GCGCAACCAGGCTGAA-1,10,GSE135851::LAM1:CGAGAAGCACTTGGAT-1,State_15,15,GSE135851,LAM1,3.2206575870513916
GSE190260::LAM1163:GCGCAACCAGGCTGAA-1,11,GSE190260::LAM1163:AGCTCCTGTCAAAGCG-1,State_15,15,GSE190260,LAM1163,3.2314653396606445
GSE190260::LAM1163:GCGCAACCAGGCTGAA-1,12,GSE135851::LAM3:CTCGAAAGTCGCCATG-1,State_15,15,GSE135851,LAM3,3.242694139480591
GSE190260::LAM1163:GCGCAACCAGGCTGAA-1,13,GSE135851::LAM3:CGTCACTCAGGCTCAC-1,State_15,15,GSE135851,LAM3,3.2764952182769775
GSE190260::LAM1163:GCGCAACCAGGCTGAA-1,14,GSE135851::LAM3:CACAAACCAATAGCGG-1,State_15,15,GSE135851,LAM3,3.2791008949279785
GSE190260::LAM1163:GCGCAACCAGGCTGAA-1,15,GSE190260::LAM1163:TGCCCTACAGACGCCT-1,State_15,15,GSE190260,LAM1163,3.2826883792877197
GSE190260::LAM1163:GCGCAACCAGGCTGAA-1,16,GSE135851::LAM3:TCGTACCAGGGATCTG-1,State_15,15,GSE135851,LAM3,3.287094831466675
GSE190260::LAM1163:GCGCAACCAGGCTGAA-1,17,GSE190260::LAM1163:AGAGCTTCACGTTGGC-1,State_15,15,GSE190260,LAM1163,3.292422294616699
GSE190260::LAM1163:GCGCAACCAGGCTGAA-1,18,GSE122960::GSE122960_Donor_01:CGAGCCACACCACGTG-1,normal,,GSE122960,GSE122960_Donor_01,3.299583911895752
GSE190260::LAM1163:GCGCAACCAGGCTGAA-1,19,GSE190260::LAM1163:GGATGTTTCTTCCTTC-1,State_15,15,GSE190260,LAM1163,3.302889108657837
GSE190260::LAM1163:GCGCAACCAGGCTGAA-1,20,GSE190260::LAM1163:ATGGGAGGTAATAGCA-1,State_15,15,GSE190260,LAM1163,3.305077314376831
GSE190260::LAM1163:GCGCAACCAGGCTGAA-1,21,GSE190260::LAM1163:CCTTTCTCATCGGGTC-1,State_15,15,GSE190260,LAM1163,3.32826828956604
GSE190260::LAM1163:GCGCAACCAGGCTGAA-1,22,GSE190260::LAM1163:CACACTCTCTGTCCGT-1,State_15,15,GSE190260,LAM1163,3.333125114440918
GSE190260::LAM1163:GCGCAACCAGGCTGAA-1,23,GSE302356::LAM10:CGATTTGCAACAGGAT-1,State_12,12,GSE302356,LAM3,3.344635248184204
GSE190260::LAM1163:GCGCAACCAGGCTGAA-1,24,GSE190260::LAM1163:GCTTCCATCAGTTTGG-1,State_15,15,GSE190260,LAM1163,3.3449416160583496
GSE190260::LAM1163:GCGCAACCAGGCTGAA-1,25,GSE190260::LAM1163:ATCACGACAGTAAGAT-1,State_15,15,GSE190260,LAM1163,3.357745885848999
GSE190260::LAM1163:GCGCAACCAGGCTGAA-1,26,GSE190260::LAM1163:CTTACCGTCGTCTGCT-1,State_15,15,GSE190260,LAM1163,3.3773550987243652
GSE190260::LAM1163:GCGCAACCAGGCTGAA-1,27,GSE135851::LAM3:CGTAGGCGTACTCAAC-1,State_15,15,GSE135851,LAM3,3.384486436843872
GSE190260::LAM1163:GCGCAACCAGGCTGAA-1,28,GSE190260::LAM1163:CACAGTATCTTGTATC-1,State_15,15,GSE190260,LAM1163,3.4025797843933105
GSE190260::LAM1163:GCGCAACCAGGCTGAA-1,29,GSE135851::LAM1:TATCTCATCAAGCCTA-1,State_15,15,GSE135851,LAM1,3.4027442932128906
GSE190260::LAM1163:GCGCAACCAGGCTGAA-1,30,GSE190260::LAM1163:TACGGGCCAGTTAACC-1,State_15,15,GSE190260,LAM1163,3.4061899185180664
GSE190260::LAM1163:GCGGGTTTCACATAGC-1,1,GSE190260::LAM1163:TCGTACCCAAGCCGTC-1,State_15,15,GSE190260,LAM1163,1.4215136766433716
GSE190260::LAM1163:GCGGGTTTCACATAGC-1,2,GSE135851::LAM1:CGGACACTCAGAGGTG-1,State_15,15,GSE135851,LAM1,1.4317235946655273
GSE190260::LAM1163:GCGGGTTTCACATAGC-1,3,GSE190260::LAM1163:ACAGCCGAGGACTGGT-1,State_15,15,GSE190260,LAM1163,1.6091560125350952
GSE190260::LAM1163:GCGGGTTTCACATAGC-1,4,GSE190260::LAM1163:GTCACAAAGACTTGAA-1,State_15,15,GSE190260,LAM1163,1.6229634284973145
GSE190260::LAM1163:GCGGGTTTCACATAGC-1,5,GSE190260::LAM1163:CGGCTAGAGTGGTAGC-1,State_15,15,GSE190260,LAM1163,1.7465468645095825
GSE190260::LAM1163:GCGGGTTTCACATAGC-1,6,GSE190260::LAM1163:GACTAACGTTGTGGCC-1,State_15,15,GSE190260,LAM1163,1.8247365951538086
GSE190260::LAM1163:GCGGGTTTCACATAGC-1,7,GSE190260::LAM1163:TATCTCAAGAGACTAT-1,State_15,15,GSE190260,LAM1163,1.868748426437378
GSE190260::LAM1163:GCGGGTTTCACATAGC-1,8,GSE135851::LAM1:TGCGCAGGTTCGCTAA-1,State_15,15,GSE135851,LAM1,1.9157085418701172
GSE190260::LAM1163:GCGGGTTTCACATAGC-1,9,GSE190260::LAM1163:TACGGTATCACCTTAT-1,State_15,15,GSE190260,LAM1163,1.9295562505722046
GSE190260::LAM1163:GCGGGTTTCACATAGC-1,10,GSE190260::LAM1163:AGCTCCTGTCAAAGCG-1,State_15,15,GSE190260,LAM1163,1.934311866760254
GSE190260::LAM1163:GCGGGTTTCACATAGC-1,11,GSE190260::LAM1163:GACGCGTCATCCGGGT-1,State_15,15,GSE190260,LAM1163,1.9445000886917114
GSE190260::LAM1163:GCGGGTTTCACATAGC-1,12,GSE190260::LAM1163:TTGTAGGGTAAAGTCA-1,State_15,15,GSE190260,LAM1163,1.9732322692871094
GSE190260::LAM1163:GCGGGTTTCACATAGC-1,13,GSE190260::LAM1163:CAGATCAGTATCACCA-1,State_15,15,GSE190260,LAM1163,1.98484468460083
GSE190260::LAM1163:GCGGGTTTCACATAGC-1,14,GSE190260::LAM1163:TCGAGGCAGACTAGAT-1,State_15,15,GSE190260,LAM1163,1.9850682020187378
GSE190260::LAM1163:GCGGGTTTCACATAGC-1,15,GSE190260::LAM1163:CATCAAGCAATACGCT-1,State_15,15,GSE190260,LAM1163,2.003056526184082
GSE190260::LAM1163:GCGGGTTTCACATAGC-1,16,GSE135851::LAM1:GTGCAGCAGAGGGCTT-1,State_15,15,GSE135851,LAM1,2.008091688156128
GSE190260::LAM1163:GCGGGTTTCACATAGC-1,17,GSE190260::LAM1163:CTCTGGTCATCCCACT-1,State_15,15,GSE190260,LAM1163,2.050313711166382
GSE190260::LAM1163:GCGGGTTTCACATAGC-1,18,GSE190260::LAM1163:ATTACTCGTGTCCTCT-1,State_15,15,GSE190260,LAM1163,2.0518245697021484
GSE190260::LAM1163:GCGGGTTTCACATAGC-1,19,GSE135851::LAM1:TTGGCAAAGAATCTCC-1,State_15,15,GSE135851,LAM1,2.0671908855438232
GSE190260::LAM1163:GCGGGTTTCACATAGC-1,20,GSE190260::LAM1163:GGATGTTTCTTCCTTC-1,State_15,15,GSE190260,LAM1163,2.1076650619506836
GSE190260::LAM1163:GCGGGTTTCACATAGC-1,21,GSE190260::LAM1163:TTAGGACGTCGGATCC-1,State_15,15,GSE190260,LAM1163,2.1180193424224854
GSE190260::LAM1163:GCGGGTTTCACATAGC-1,22,GSE190260::LAM1163:TGCGCAGTCTCTAAGG-1,State_15,15,GSE190260,LAM1163,2.1383931636810303
GSE190260::LAM1163:GCGGGTTTCACATAGC-1,23,GSE190260::LAM1163:TGGACGCTCAAGAAGT-1,State_15,15,GSE190260,LAM1163,2.1552133560180664
GSE190260::LAM1163:GCGGGTTTCACATAGC-1,24,GSE190260::LAM1163:GCACTCTCATCCGGGT-1,State_15,15,GSE190260,LAM1163,2.179645299911499
GSE190260::LAM1163:GCGGGTTTCACATAGC-1,25,GSE190260::LAM1163:ACATGGTCATCGATTG-1,State_15,15,GSE190260,LAM1163,2.186769485473633
GSE190260::LAM1163:GCGGGTTTCACATAGC-1,26,GSE190260::LAM1163:AAGACCTTCCCTTGCA-1,State_15,15,GSE190260,LAM1163,2.1925735473632812
GSE190260::LAM1163:GCGGGTTTCACATAGC-1,27,GSE190260::LAM1163:TGACGGCAGTGGCACA-1,State_15,15,GSE190260,LAM1163,2.217407464981079
GSE190260::LAM1163:GCGGGTTTCACATAGC-1,28,GSE190260::LAM1163:TACGGATTCTATCCTA-1,State_15,15,GSE190260,LAM1163,2.2230889797210693
GSE190260::LAM1163:GCGGGTTTCACATAGC-1,29,GSE190260::LAM1163:AGGTCCGAGGCATGTG-1,State_15,15,GSE190260,LAM1163,2.230729103088379
GSE190260::LAM1163:GCGGGTTTCACATAGC-1,30,GSE190260::LAM1163:AGAGTGGCATGATCCA-1,State_15,15,GSE190260,LAM1163,2.241128444671631
GSE190260::LAM1163:GCTCCTAGTTCCACAA-1,1,GSE190260::LAM1163:CGTCCATTCGTAGGAG-1,State_15,15,GSE190260,LAM1163,0.9571294784545898
GSE190260::LAM1163:GCTCCTAGTTCCACAA-1,2,GSE190260::LAM1163:GGGTTGCGTCAGAATA-1,State_15,15,GSE190260,LAM1163,1.2599952220916748
GSE190260::LAM1163:GCTCCTAGTTCCACAA-1,3,GSE190260::LAM1163:CTCAGAATCACTTACT-1,State_15,15,GSE190260,LAM1163,1.2631157636642456
GSE190260::LAM1163:GCTCCTAGTTCCACAA-1,4,GSE190260::LAM1163:CGCTTCAAGCCCAACC-1,State_15,15,GSE190260,LAM1163,1.293733835220337
GSE190260::LAM1163:GCTCCTAGTTCCACAA-1,5,GSE190260::LAM1163:AGGGTGACAAACTGTC-1,State_15,15,GSE190260,LAM1163,1.4389920234680176
GSE190260::LAM1163:GCTCCTAGTTCCACAA-1,6,GSE190260::LAM1163:CATCAGACAAGAAAGG-1,State_15,15,GSE190260,LAM1163,1.4993199110031128
GSE190260::LAM1163:GCTCCTAGTTCCACAA-1,7,GSE190260::LAM1163:GGATGTTTCTTCCTTC-1,State_15,15,GSE190260,LAM1163,1.5508651733398438
GSE190260::LAM1163:GCTCCTAGTTCCACAA-1,8,GSE190260::LAM1163:ATCACGACAGTAAGAT-1,State_15,15,GSE190260,LAM1163,1.553670048713684
GSE190260::LAM1163:GCTCCTAGTTCCACAA-1,9,GSE190260::LAM1163:CTTACCGTCGTCTGCT-1,State_15,15,GSE190260,LAM1163,1.5598479509353638
GSE190260::LAM1163:GCTCCTAGTTCCACAA-1,10,GSE190260::LAM1163:CACAGTATCTTGTATC-1,State_15,15,GSE190260,LAM1163,1.560742974281311
GSE190260::LAM1163:GCTCCTAGTTCCACAA-1,11,GSE190260::LAM1163:CGTCTACGTTTGTTGG-1,State_15,15,GSE190260,LAM1163,1.5823454856872559
GSE190260::LAM1163:GCTCCTAGTTCCACAA-1,12,GSE190260::LAM1163:TGCGCAGCAAGGCTCC-1,State_15,15,GSE190260,LAM1163,1.5857621431350708
GSE190260::LAM1163:GCTCCTAGTTCCACAA-1,13,GSE190260::LAM1163:ATGTGTGGTAGTAGTA-1,State_15,15,GSE190260,LAM1163,1.636574387550354
GSE190260::LAM1163:GCTCCTAGTTCCACAA-1,14,GSE190260::LAM1163:TTCTCAAAGTCCGTAT-1,State_15,15,GSE190260,LAM1163,1.653334140777588
GSE190260::LAM1163:GCTCCTAGTTCCACAA-1,15,GSE190260::LAM1163:CACACTCAGATAGGAG-1,State_15,15,GSE190260,LAM1163,1.6557806730270386
GSE190260::LAM1163:GCTCCTAGTTCCACAA-1,16,GSE190260::LAM1163:AGTCTTTAGATAGTCA-1,State_15,15,GSE190260,LAM1163,1.785948634147644
GSE190260::LAM1163:GCTCCTAGTTCCACAA-1,17,GSE190260::LAM1163:TACGGGCCAGTTAACC-1,State_15,15,GSE190260,LAM1163,1.7871445417404175
GSE190260::LAM1163:GCTCCTAGTTCCACAA-1,18,GSE190260::LAM1163:CAGCATATCCTCCTAG-1,State_15,15,GSE190260,LAM1163,1.8190473318099976
GSE190260::LAM1163:GCTCCTAGTTCCACAA-1,19,GSE190260::LAM1163:CACCACTCACAGTCGC-1,State_15,15,GSE190260,LAM1163,1.8297847509384155
GSE190260::LAM1163:GCTCCTAGTTCCACAA-1,20,GSE190260::LAM1163:AAGACCTTCCCTTGCA-1,State_15,15,GSE190260,LAM1163,1.8519178628921509
GSE190260::LAM1163:GCTCCTAGTTCCACAA-1,21,GSE190260::LAM1163:CCAGCGAGTAGCCTAT-1,State_15,15,GSE190260,LAM1163,1.8750495910644531
GSE190260::LAM1163:GCTCCTAGTTCCACAA-1,22,GSE190260::LAM1163:CGCTATCGTAGGCATG-1,State_15,15,GSE190260,LAM1163,1.8788665533065796
GSE190260::LAM1163:GCTCCTAGTTCCACAA-1,23,GSE190260::LAM1163:ATTACTCGTGTCCTCT-1,State_15,15,GSE190260,LAM1163,1.88178288936615
GSE190260::LAM1163:GCTCCTAGTTCCACAA-1,24,GSE190260::LAM1163:GCACTCTCATCCGGGT-1,State_15,15,GSE190260,LAM1163,1.9164433479309082
GSE190260::LAM1163:GCTCCTAGTTCCACAA-1,25,GSE190260::LAM1163:AGCTCCTTCCGCTGTT-1,State_15,15,GSE190260,LAM1163,1.9189536571502686
GSE190260::LAM1163:GCTCCTAGTTCCACAA-1,26,GSE190260::LAM1163:TAGACCATCGCACTCT-1,State_15,15,GSE190260,LAM1163,1.942408800125122
GSE190260::LAM1163:GCTCCTAGTTCCACAA-1,27,GSE190260::LAM1163:TGCGCAGTCTCTAAGG-1,State_15,15,GSE190260,LAM1163,1.9601365327835083
GSE190260::LAM1163:GCTCCTAGTTCCACAA-1,28,GSE190260::LAM1163:CTTCTCTGTACTTGAC-1,State_15,15,GSE190260,LAM1163,1.9652864933013916
GSE190260::LAM1163:GCTCCTAGTTCCACAA-1,29,GSE190260::LAM1163:GGTGCGTTCTGTACGA-1,State_15,15,GSE190260,LAM1163,1.9867068529129028
GSE190260::LAM1163:GCTCCTAGTTCCACAA-1,30,GSE190260::LAM1163:GACTACATCGAGGTAG-1,State_15,15,GSE190260,LAM1163,2.0517585277557373
GSE190260::LAM1163:GCTTCCATCAGTTTGG-1,1,GSE190260::LAM1163:CACACTCTCTGTCCGT-1,State_15,15,GSE190260,LAM1163,1.840213656425476
GSE190260::LAM1163:GCTTCCATCAGTTTGG-1,2,GSE190260::LAM1163:GACTACATCGAGGTAG-1,State_15,15,GSE190260,LAM1163,1.8752431869506836
GSE190260::LAM1163:GCTTCCATCAGTTTGG-1,3,GSE190260::LAM1163:CGCTATCGTAGGCATG-1,State_15,15,GSE190260,LAM1163,1.888767957687378
GSE190260::LAM1163:GCTTCCATCAGTTTGG-1,4,GSE190260::LAM1163:GCCTCTAAGAGCCCAA-1,State_15,15,GSE190260,LAM1163,1.9352784156799316
GSE190260::LAM1163:GCTTCCATCAGTTTGG-1,5,GSE190260::LAM1163:CATCAGACAAGAAAGG-1,State_15,15,GSE190260,LAM1163,1.9757306575775146
GSE190260::LAM1163:GCTTCCATCAGTTTGG-1,6,GSE190260::LAM1163:GGATGTTTCTTCCTTC-1,State_15,15,GSE190260,LAM1163,2.0549662113189697
GSE190260::LAM1163:GCTTCCATCAGTTTGG-1,7,GSE190260::LAM1163:AAGACCTTCCCTTGCA-1,State_15,15,GSE190260,LAM1163,2.0557520389556885
GSE190260::LAM1163:GCTTCCATCAGTTTGG-1,8,GSE190260::LAM1163:CTGATCCTCGCTTAGA-1,State_15,15,GSE190260,LAM1163,2.093592643737793
GSE190260::LAM1163:GCTTCCATCAGTTTGG-1,9,GSE190260::LAM1163:TCGTACCCAAGCCGTC-1,State_15,15,GSE190260,LAM1163,2.161107301712036
GSE190260::LAM1163:GCTTCCATCAGTTTGG-1,10,GSE190260::LAM1163:TGCCCTACAGACGCCT-1,State_15,15,GSE190260,LAM1163,2.1612279415130615
GSE190260::LAM1163:GCTTCCATCAGTTTGG-1,11,GSE190260::LAM1163:ATGTGTGGTAGTAGTA-1,State_15,15,GSE190260,LAM1163,2.1619858741760254
GSE190260::LAM1163:GCTTCCATCAGTTTGG-1,12,GSE190260::LAM1163:AGAGCTTCACGTTGGC-1,State_15,15,GSE190260,LAM1163,2.177830219268799
GSE190260::LAM1163:GCTTCCATCAGTTTGG-1,13,GSE190260::LAM1163:CCTTTCTCATCGGGTC-1,State_15,15,GSE190260,LAM1163,2.1881227493286133
GSE190260::LAM1163:GCTTCCATCAGTTTGG-1,14,GSE190260::LAM1163:CACCACTCACAGTCGC-1,State_15,15,GSE190260,LAM1163,2.1970314979553223
GSE190260::LAM1163:GCTTCCATCAGTTTGG-1,15,GSE190260::LAM1163:GGTGCGTTCTGTACGA-1,State_15,15,GSE190260,LAM1163,2.2122788429260254
GSE190260::LAM1163:GCTTCCATCAGTTTGG-1,16,GSE190260::LAM1163:CGGAGCTAGAGAACAG-1,State_15,15,GSE190260,LAM1163,2.2166311740875244
GSE190260::LAM1163:GCTTCCATCAGTTTGG-1,17,GSE190260::LAM1163:GGGTTGCGTCAGAATA-1,State_15,15,GSE190260,LAM1163,2.221083879470825
GSE190260::LAM1163:GCTTCCATCAGTTTGG-1,18,GSE190260::LAM1163:TACGGGCCAGTTAACC-1,State_15,15,GSE190260,LAM1163,2.2312633991241455
GSE190260::LAM1163:GCTTCCATCAGTTTGG-1,19,GSE190260::LAM1163:TGCGCAGTCTCTAAGG-1,State_15,15,GSE190260,LAM1163,2.2357089519500732
GSE190260::LAM1163:GCTTCCATCAGTTTGG-1,20,GSE190260::LAM1163:GACTAACGTTGTGGCC-1,State_15,15,GSE190260,LAM1163,2.2578985691070557
GSE190260::LAM1163:GCTTCCATCAGTTTGG-1,21,GSE190260::LAM1163:GCACTCTCATCCGGGT-1,State_15,15,GSE190260,LAM1163,2.3196325302124023
GSE190260::LAM1163:GCTTCCATCAGTTTGG-1,22,GSE190260::LAM1163:CTCAGAATCACTTACT-1,State_15,15,GSE190260,LAM1163,2.3248846530914307
GSE190260::LAM1163:GCTTCCATCAGTTTGG-1,23,GSE190260::LAM1163:CTTACCGTCGTCTGCT-1,State_15,15,GSE190260,LAM1163,2.3306219577789307
GSE190260::LAM1163:GCTTCCATCAGTTTGG-1,24,GSE190260::LAM1163:TCAGGATGTGACAAAT-1,State_15,15,GSE190260,LAM1163,2.348071813583374
GSE190260::LAM1163:GCTTCCATCAGTTTGG-1,25,GSE190260::LAM1163:AGGGTGACAAACTGTC-1,State_15,15,GSE190260,LAM1163,2.3732142448425293
GSE190260::LAM1163:GCTTCCATCAGTTTGG-1,26,GSE190260::LAM1163:TGAGGGATCTGTTGAG-1,State_15,15,GSE190260,LAM1163,2.374886989593506
GSE190260::LAM1163:GCTTCCATCAGTTTGG-1,27,GSE190260::LAM1163:TAGACCATCGCACTCT-1,State_15,15,GSE190260,LAM1163,2.378530979156494
GSE190260::LAM1163:GCTTCCATCAGTTTGG-1,28,GSE190260::LAM1163:CGCTTCAAGCCCAACC-1,State_15,15,GSE190260,LAM1163,2.427340030670166
GSE190260::LAM1163:GCTTCCATCAGTTTGG-1,29,GSE190260::LAM1163:TACGGTATCACCTTAT-1,State_15,15,GSE190260,LAM1163,2.462217330932617
GSE190260::LAM1163:GCTTCCATCAGTTTGG-1,30,GSE190260::LAM1163:TTCTCAAAGTCCGTAT-1,State_15,15,GSE190260,LAM1163,2.474738836288452
GSE190260::LAM1163:GGATGTTTCAAGCCTA-1,1,GSE190260::LAM1163:TGCGCAGTCTCTAAGG-1,State_15,15,GSE190260,LAM1163,1.4517745971679688
GSE190260::LAM1163:GGATGTTTCAAGCCTA-1,2,GSE190260::LAM1163:CGCTTCAAGCCCAACC-1,State_15,15,GSE190260,LAM1163,1.599483609199524
GSE190260::LAM1163:GGATGTTTCAAGCCTA-1,3,GSE190260::LAM1163:ATTACTCGTGTCCTCT-1,State_15,15,GSE190260,LAM1163,1.7951984405517578
GSE190260::LAM1163:GGATGTTTCAAGCCTA-1,4,GSE190260::LAM1163:TTCTCAAAGTCCGTAT-1,State_15,15,GSE190260,LAM1163,1.8323503732681274
GSE190260::LAM1163:GGATGTTTCAAGCCTA-1,5,GSE190260::LAM1163:ATGTGTGGTAGTAGTA-1,State_15,15,GSE190260,LAM1163,1.9008331298828125
GSE190260::LAM1163:GGATGTTTCAAGCCTA-1,6,GSE190260::LAM1163:CACACTCAGATAGGAG-1,State_15,15,GSE190260,LAM1163,1.932291030883789
GSE190260::LAM1163:GGATGTTTCAAGCCTA-1,7,GSE190260::LAM1163:GGGTTGCGTCAGAATA-1,State_15,15,GSE190260,LAM1163,1.944053053855896
GSE190260::LAM1163:GGATGTTTCAAGCCTA-1,8,GSE190260::LAM1163:TTTACTGGTGACGCCT-1,State_15,15,GSE190260,LAM1163,1.9486526250839233
GSE190260::LAM1163:GGATGTTTCAAGCCTA-1,9,GSE190260::LAM1163:CTCAGAAGTGATAAGT-1,State_15,15,GSE190260,LAM1163,2.018042802810669
GSE190260::LAM1163:GGATGTTTCAAGCCTA-1,10,GSE190260::LAM1163:ATCACGACAGTAAGAT-1,State_15,15,GSE190260,LAM1163,2.135700225830078
GSE190260::LAM1163:GGATGTTTCAAGCCTA-1,11,GSE190260::LAM1163:CGGACTGGTCCAAGTT-1,State_15,15,GSE190260,LAM1163,2.157071828842163
GSE190260::LAM1163:GGATGTTTCAAGCCTA-1,12,GSE190260::LAM1163:GCTCCTAGTTCCACAA-1,State_15,15,GSE190260,LAM1163,2.1707699298858643
GSE190260::LAM1163:GGATGTTTCAAGCCTA-1,13,GSE190260::LAM1163:CACAGTATCTTGTATC-1,State_15,15,GSE190260,LAM1163,2.2028133869171143
GSE190260::LAM1163:GGATGTTTCAAGCCTA-1,14,GSE190260::LAM1163:AGTCTTTAGATAGTCA-1,State_15,15,GSE190260,LAM1163,2.2156503200531006
GSE190260::LAM1163:GGATGTTTCAAGCCTA-1,15,GSE190260::LAM1163:AGGGTGACAAACTGTC-1,State_15,15,GSE190260,LAM1163,2.2530274391174316
GSE190260::LAM1163:GGATGTTTCAAGCCTA-1,16,GSE190260::LAM1163:GACTAACGTTGTGGCC-1,State_15,15,GSE190260,LAM1163,2.2612485885620117
GSE190260::LAM1163:GGATGTTTCAAGCCTA-1,17,GSE190260::LAM1163:CGCTATCGTAGGCATG-1,State_15,15,GSE190260,LAM1163,2.262855052947998
GSE190260::LAM1163:GGATGTTTCAAGCCTA-1,18,GSE190260::LAM1163:CGTCTACGTTTGTTGG-1,State_15,15,GSE190260,LAM1163,2.2847533226013184
GSE190260::LAM1163:GGATGTTTCAAGCCTA-1,19,GSE190260::LAM1163:CTTACCGTCGTCTGCT-1,State_15,15,GSE190260,LAM1163,2.288823127746582
GSE190260::LAM1163:GGATGTTTCAAGCCTA-1,20,GSE190260::LAM1163:GGATGTTTCTTCCTTC-1,State_15,15,GSE190260,LAM1163,2.2975375652313232
GSE190260::LAM1163:GGATGTTTCAAGCCTA-1,21,GSE190260::LAM1163:TATCTCAAGAGACTAT-1,State_15,15,GSE190260,LAM1163,2.3022689819335938
GSE190260::LAM1163:GGATGTTTCAAGCCTA-1,22,GSE190260::LAM1163:TCGTACCCAAGCCGTC-1,State_15,15,GSE190260,LAM1163,2.304720401763916
GSE190260::LAM1163:GGATGTTTCAAGCCTA-1,23,GSE190260::LAM1163:AGAGTGGCATGATCCA-1,State_15,15,GSE190260,LAM1163,2.3073177337646484
GSE190260::LAM1163:GGATGTTTCAAGCCTA-1,24,GSE190260::LAM1163:CTCTGGTCATCCCACT-1,State_15,15,GSE190260,LAM1163,2.309041738510132
GSE190260::LAM1163:GGATGTTTCAAGCCTA-1,25,GSE190260::LAM1163:TTAGGACGTCGGATCC-1,State_15,15,GSE190260,LAM1163,2.333723306655884
GSE190260::LAM1163:GGATGTTTCAAGCCTA-1,26,GSE190260::LAM1163:CGTCCATTCGTAGGAG-1,State_15,15,GSE190260,LAM1163,2.3697597980499268
GSE190260::LAM1163:GGATGTTTCAAGCCTA-1,27,GSE190260::LAM1163:TACGGATTCTATCCTA-1,State_15,15,GSE190260,LAM1163,2.3830482959747314
GSE190260::LAM1163:GGATGTTTCAAGCCTA-1,28,GSE190260::LAM1163:TGCGCAGCAAGGCTCC-1,State_15,15,GSE190260,LAM1163,2.3842296600341797
GSE190260::LAM1163:GGATGTTTCAAGCCTA-1,29,GSE135851::LAM1:TTGGCAAAGAATCTCC-1,State_15,15,GSE135851,LAM1,2.393827199935913
GSE190260::LAM1163:GGATGTTTCAAGCCTA-1,30,GSE190260::LAM1163:TTGTAGGGTAAAGTCA-1,State_15,15,GSE190260,LAM1163,2.430156707763672
GSE190260::LAM1163:GGATGTTTCTTCCTTC-1,1,GSE190260::LAM1163:CATCAGACAAGAAAGG-1,State_15,15,GSE190260,LAM1163,1.0763657093048096
GSE190260::LAM1163:GGATGTTTCTTCCTTC-1,2,GSE190260::LAM1163:AGGGTGACAAACTGTC-1,State_15,15,GSE190260,LAM1163,1.243468165397644
GSE190260::LAM1163:GGATGTTTCTTCCTTC-1,3,GSE190260::LAM1163:ATGTGTGGTAGTAGTA-1,State_15,15,GSE190260,LAM1163,1.2577019929885864
GSE190260::LAM1163:GGATGTTTCTTCCTTC-1,4,GSE190260::LAM1163:GGGTTGCGTCAGAATA-1,State_15,15,GSE190260,LAM1163,1.297520637512207
GSE190260::LAM1163:GGATGTTTCTTCCTTC-1,5,GSE190260::LAM1163:CACAGTATCTTGTATC-1,State_15,15,GSE190260,LAM1163,1.3651834726333618
GSE190260::LAM1163:GGATGTTTCTTCCTTC-1,6,GSE190260::LAM1163:TATCTCAAGAGACTAT-1,State_15,15,GSE190260,LAM1163,1.371592402458191
GSE190260::LAM1163:GGATGTTTCTTCCTTC-1,7,GSE190260::LAM1163:TAGACCATCGCACTCT-1,State_15,15,GSE190260,LAM1163,1.3843190670013428
GSE190260::LAM1163:GGATGTTTCTTCCTTC-1,8,GSE190260::LAM1163:TTGTAGGGTGCAACTT-1,State_15,15,GSE190260,LAM1163,1.4011528491973877
GSE190260::LAM1163:GGATGTTTCTTCCTTC-1,9,GSE190260::LAM1163:CGCTTCAAGCCCAACC-1,State_15,15,GSE190260,LAM1163,1.4264494180679321
GSE190260::LAM1163:GGATGTTTCTTCCTTC-1,10,GSE190260::LAM1163:TACGGATTCTATCCTA-1,State_15,15,GSE190260,LAM1163,1.4295612573623657
GSE190260::LAM1163:GGATGTTTCTTCCTTC-1,11,GSE190260::LAM1163:TTGTAGGGTAAAGTCA-1,State_15,15,GSE190260,LAM1163,1.4689664840698242
GSE190260::LAM1163:GGATGTTTCTTCCTTC-1,12,GSE190260::LAM1163:ATCACGACAGTAAGAT-1,State_15,15,GSE190260,LAM1163,1.478771448135376
GSE190260::LAM1163:GGATGTTTCTTCCTTC-1,13,GSE190260::LAM1163:CGTCCATTCGTAGGAG-1,State_15,15,GSE190260,LAM1163,1.4957095384597778
GSE190260::LAM1163:GGATGTTTCTTCCTTC-1,14,GSE190260::LAM1163:CTTACCGTCGTCTGCT-1,State_15,15,GSE190260,LAM1163,1.5004876852035522
GSE190260::LAM1163:GGATGTTTCTTCCTTC-1,15,GSE190260::LAM1163:AGTCTTTAGATAGTCA-1,State_15,15,GSE190260,LAM1163,1.5093804597854614
GSE190260::LAM1163:GGATGTTTCTTCCTTC-1,16,GSE190260::LAM1163:AAGACCTTCCCTTGCA-1,State_15,15,GSE190260,LAM1163,1.5315922498703003
GSE190260::LAM1163:GGATGTTTCTTCCTTC-1,17,GSE190260::LAM1163:ATTACTCGTGTCCTCT-1,State_15,15,GSE190260,LAM1163,1.533047080039978
GSE190260::LAM1163:GGATGTTTCTTCCTTC-1,18,GSE190260::LAM1163:GCTCCTAGTTCCACAA-1,State_15,15,GSE190260,LAM1163,1.5508651733398438
GSE190260::LAM1163:GGATGTTTCTTCCTTC-1,19,GSE190260::LAM1163:TTTGCGCAGCCAGAAC-1,State_15,15,GSE190260,LAM1163,1.5527523756027222
GSE190260::LAM1163:GGATGTTTCTTCCTTC-1,20,GSE190260::LAM1163:GGTGCGTTCTGTACGA-1,State_15,15,GSE190260,LAM1163,1.5663893222808838
GSE190260::LAM1163:GGATGTTTCTTCCTTC-1,21,GSE190260::LAM1163:GACTACATCGAGGTAG-1,State_15,15,GSE190260,LAM1163,1.5667320489883423
GSE190260::LAM1163:GGATGTTTCTTCCTTC-1,22,GSE190260::LAM1163:GACTAACGTTGTGGCC-1,State_15,15,GSE190260,LAM1163,1.5707720518112183
GSE190260::LAM1163:GGATGTTTCTTCCTTC-1,23,GSE190260::LAM1163:CTCAGAATCACTTACT-1,State_15,15,GSE190260,LAM1163,1.5764118432998657
GSE190260::LAM1163:GGATGTTTCTTCCTTC-1,24,GSE190260::LAM1163:TTCTCAAAGTCCGTAT-1,State_15,15,GSE190260,LAM1163,1.6107591390609741
GSE190260::LAM1163:GGATGTTTCTTCCTTC-1,25,GSE190260::LAM1163:CACACTCTCTGTCCGT-1,State_15,15,GSE190260,LAM1163,1.6228580474853516
GSE190260::LAM1163:GGATGTTTCTTCCTTC-1,26,GSE190260::LAM1163:CGCTATCGTAGGCATG-1,State_15,15,GSE190260,LAM1163,1.6249334812164307
GSE190260::LAM1163:GGATGTTTCTTCCTTC-1,27,GSE190260::LAM1163:TGCGCAGCAAGGCTCC-1,State_15,15,GSE190260,LAM1163,1.6335558891296387
GSE190260::LAM1163:GGATGTTTCTTCCTTC-1,28,GSE190260::LAM1163:CGTCTACGTTTGTTGG-1,State_15,15,GSE190260,LAM1163,1.648812174797058
GSE190260::LAM1163:GGATGTTTCTTCCTTC-1,29,GSE190260::LAM1163:TGCGCAGTCTCTAAGG-1,State_15,15,GSE190260,LAM1163,1.706101417541504
GSE190260::LAM1163:GGATGTTTCTTCCTTC-1,30,GSE190260::LAM1163:CAGATCAGTATCACCA-1,State_15,15,GSE190260,LAM1163,1.7175400257110596
GSE190260::LAM1163:GGGATGATCACAAACC-1,1,GSE190260::LAM1163:TCGTACCCAAGCCGTC-1,State_15,15,GSE190260,LAM1163,1.5774931907653809
GSE190260::LAM1163:GGGATGATCACAAACC-1,2,GSE190260::LAM1163:AAGACCTTCCCTTGCA-1,State_15,15,GSE190260,LAM1163,1.5924146175384521
GSE190260::LAM1163:GGGATGATCACAAACC-1,3,GSE190260::LAM1163:CTGATCCTCGCTTAGA-1,State_15,15,GSE190260,LAM1163,1.6079787015914917
GSE190260::LAM1163:GGGATGATCACAAACC-1,4,GSE190260::LAM1163:GACGCGTCATCCGGGT-1,State_15,15,GSE190260,LAM1163,1.623609185218811
GSE190260::LAM1163:GGGATGATCACAAACC-1,5,GSE190260::LAM1163:TACGGTATCACCTTAT-1,State_15,15,GSE190260,LAM1163,1.6741156578063965
GSE190260::LAM1163:GGGATGATCACAAACC-1,6,GSE190260::LAM1163:CGCTGGACAAGTTCTG-1,State_15,15,GSE190260,LAM1163,1.7592047452926636
GSE190260::LAM1163:GGGATGATCACAAACC-1,7,GSE135851::LAM1:CGGACACTCAGAGGTG-1,State_15,15,GSE135851,LAM1,1.7771766185760498
GSE190260::LAM1163:GGGATGATCACAAACC-1,8,GSE190260::LAM1163:CGCTGGAGTAAGTAGT-1,State_15,15,GSE190260,LAM1163,1.8464347124099731
GSE190260::LAM1163:GGGATGATCACAAACC-1,9,GSE135851::LAM1:TCGAGGCTCGACCAGC-1,State_15,15,GSE135851,LAM1,1.8615041971206665
GSE190260::LAM1163:GGGATGATCACAAACC-1,10,GSE135851::LAM1:GGGAGATAGCCATCGC-1,State_15,15,GSE135851,LAM1,1.8934102058410645
GSE190260::LAM1163:GGGATGATCACAAACC-1,11,GSE190260::LAM1163:ATCCACCTCTTGTCAT-1,State_15,15,GSE190260,LAM1163,1.903672695159912
GSE190260::LAM1163:GGGATGATCACAAACC-1,12,GSE135851::LAM1:CGAGCACCATTATCTC-1,State_15,15,GSE135851,LAM1,1.9793057441711426
GSE190260::LAM1163:GGGATGATCACAAACC-1,13,GSE135851::LAM1:ATTACTCAGCCACCTG-1,State_15,15,GSE135851,LAM1,2.0358359813690186
GSE190260::LAM1163:GGGATGATCACAAACC-1,14,GSE190260::LAM1163:CATATTCGTCTCCCTA-1,State_15,15,GSE190260,LAM1163,2.048537492752075
GSE190260::LAM1163:GGGATGATCACAAACC-1,15,GSE190260::LAM1158:CTAAGACAGTCTCGGC-1,State_15,15,GSE190260,LAM1158,2.06927752494812
GSE190260::LAM1163:GGGATGATCACAAACC-1,16,GSE135851::LAM1:TGCACCTTCGAACTGT-1,State_15,15,GSE135851,LAM1,2.0971086025238037
GSE190260::LAM1163:GGGATGATCACAAACC-1,17,GSE190260::LAM1163:GTTACAGCAAGCTGGA-1,State_15,15,GSE190260,LAM1163,2.134171962738037
GSE190260::LAM1163:GGGATGATCACAAACC-1,18,GSE190260::LAM1163:GACTAACGTTGTGGCC-1,State_15,15,GSE190260,LAM1163,2.149714469909668
GSE190260::LAM1163:GGGATGATCACAAACC-1,19,GSE190260::LAM1163:TCAGGATGTGACAAAT-1,State_15,15,GSE190260,LAM1163,2.1764638423919678
GSE190260::LAM1163:GGGATGATCACAAACC-1,20,GSE135851::LAM1:GGCGACTTCGCACTCT-1,State_15,15,GSE135851,LAM1,2.191781759262085
GSE190260::LAM1163:GGGATGATCACAAACC-1,21,GSE190260::LAM1163:CGGAGCTAGAGAACAG-1,State_15,15,GSE190260,LAM1163,2.203360080718994
GSE190260::LAM1163:GGGATGATCACAAACC-1,22,GSE190260::LAM1163:GACTACATCGAGGTAG-1,State_15,15,GSE190260,LAM1163,2.2187533378601074
GSE190260::LAM1163:GGGATGATCACAAACC-1,23,GSE190260::LAM1163:CATATGGTCGCCCTTA-1,State_15,15,GSE190260,LAM1163,2.231057643890381
GSE190260::LAM1163:GGGATGATCACAAACC-1,24,GSE190260::LAM1163:GTCACAAAGACTTGAA-1,State_15,15,GSE190260,LAM1163,2.2358124256134033
GSE190260::LAM1163:GGGATGATCACAAACC-1,25,GSE190260::LAM1163:GCGGGTTTCACATAGC-1,State_15,15,GSE190260,LAM1163,2.25563383102417
GSE190260::LAM1163:GGGATGATCACAAACC-1,26,GSE190260::LAM1163:TCACAAGCAAAGTCAA-1,State_15,15,GSE190260,LAM1163,2.2882511615753174
GSE190260::LAM1163:GGGATGATCACAAACC-1,27,GSE190260::LAM1163:TACGGATTCTATCCTA-1,State_15,15,GSE190260,LAM1163,2.290470838546753
GSE190260::LAM1163:GGGATGATCACAAACC-1,28,GSE190260::LAM1163:CAGATCAGTATCACCA-1,State_15,15,GSE190260,LAM1163,2.334704637527466
GSE190260::LAM1163:GGGATGATCACAAACC-1,29,GSE190260::LAM1163:AGCTCCTGTCAAAGCG-1,State_15,15,GSE190260,LAM1163,2.3451952934265137
GSE190260::LAM1163:GGGATGATCACAAACC-1,30,GSE190260::LAM1163:TATCTCAAGAGACTAT-1,State_15,15,GSE190260,LAM1163,2.3613669872283936
GSE190260::LAM1163:GGGTTGCGTCAGAATA-1,1,GSE190260::LAM1163:CGCTTCAAGCCCAACC-1,State_15,15,GSE190260,LAM1163,0.9703084826469421
GSE190260::LAM1163:GGGTTGCGTCAGAATA-1,2,GSE190260::LAM1163:AGTCTTTAGATAGTCA-1,State_15,15,GSE190260,LAM1163,1.0898311138153076
GSE190260::LAM1163:GGGTTGCGTCAGAATA-1,3,GSE190260::LAM1163:ATGTGTGGTAGTAGTA-1,State_15,15,GSE190260,LAM1163,1.193476676940918
GSE190260::LAM1163:GGGTTGCGTCAGAATA-1,4,GSE190260::LAM1163:CATCAGACAAGAAAGG-1,State_15,15,GSE190260,LAM1163,1.2081067562103271
GSE190260::LAM1163:GGGTTGCGTCAGAATA-1,5,GSE190260::LAM1163:GCTCCTAGTTCCACAA-1,State_15,15,GSE190260,LAM1163,1.2599952220916748
GSE190260::LAM1163:GGGTTGCGTCAGAATA-1,6,GSE190260::LAM1163:ATCACGACAGTAAGAT-1,State_15,15,GSE190260,LAM1163,1.284240484237671
GSE190260::LAM1163:GGGTTGCGTCAGAATA-1,7,GSE190260::LAM1163:GGATGTTTCTTCCTTC-1,State_15,15,GSE190260,LAM1163,1.297520637512207
GSE190260::LAM1163:GGGTTGCGTCAGAATA-1,8,GSE190260::LAM1163:CTTACCGTCGTCTGCT-1,State_15,15,GSE190260,LAM1163,1.3525936603546143
GSE190260::LAM1163:GGGTTGCGTCAGAATA-1,9,GSE190260::LAM1163:CTCAGAATCACTTACT-1,State_15,15,GSE190260,LAM1163,1.4214951992034912
GSE190260::LAM1163:GGGTTGCGTCAGAATA-1,10,GSE190260::LAM1163:CACAGTATCTTGTATC-1,State_15,15,GSE190260,LAM1163,1.4538754224777222
GSE190260::LAM1163:GGGTTGCGTCAGAATA-1,11,GSE190260::LAM1163:TTCTCAAAGTCCGTAT-1,State_15,15,GSE190260,LAM1163,1.5125043392181396
GSE190260::LAM1163:GGGTTGCGTCAGAATA-1,12,GSE190260::LAM1163:TGCGCAGCAAGGCTCC-1,State_15,15,GSE190260,LAM1163,1.5125088691711426
GSE190260::LAM1163:GGGTTGCGTCAGAATA-1,13,GSE190260::LAM1163:CGCTATCGTAGGCATG-1,State_15,15,GSE190260,LAM1163,1.5132336616516113
GSE190260::LAM1163:GGGTTGCGTCAGAATA-1,14,GSE190260::LAM1163:TACGGGCCAGTTAACC-1,State_15,15,GSE190260,LAM1163,1.5627206563949585
GSE190260::LAM1163:GGGTTGCGTCAGAATA-1,15,GSE190260::LAM1163:CTCAGAAGTGATAAGT-1,State_15,15,GSE190260,LAM1163,1.6439650058746338
GSE190260::LAM1163:GGGTTGCGTCAGAATA-1,16,GSE190260::LAM1163:CGTCTACGTTTGTTGG-1,State_15,15,GSE190260,LAM1163,1.6452056169509888
GSE190260::LAM1163:GGGTTGCGTCAGAATA-1,17,GSE190260::LAM1163:GGTGCGTTCTGTACGA-1,State_15,15,GSE190260,LAM1163,1.6637946367263794
GSE190260::LAM1163:GGGTTGCGTCAGAATA-1,18,GSE190260::LAM1163:CGTCCATTCGTAGGAG-1,State_15,15,GSE190260,LAM1163,1.67140531539917
GSE190260::LAM1163:GGGTTGCGTCAGAATA-1,19,GSE190260::LAM1163:CCACCTAAGGTACTCT-1,State_15,15,GSE190260,LAM1163,1.6755645275115967
GSE190260::LAM1163:GGGTTGCGTCAGAATA-1,20,GSE190260::LAM1163:TAGACCATCGCACTCT-1,State_15,15,GSE190260,LAM1163,1.701467514038086
GSE190260::LAM1163:GGGTTGCGTCAGAATA-1,21,GSE190260::LAM1163:ATTACTCGTGTCCTCT-1,State_15,15,GSE190260,LAM1163,1.70866060256958
GSE190260::LAM1163:GGGTTGCGTCAGAATA-1,22,GSE190260::LAM1163:TGCGCAGTCTCTAAGG-1,State_15,15,GSE190260,LAM1163,1.7200101613998413
GSE190260::LAM1163:GGGTTGCGTCAGAATA-1,23,GSE190260::LAM1163:GAGTCCGAGCTAAACA-1,State_15,15,GSE190260,LAM1163,1.7339191436767578
GSE190260::LAM1163:GGGTTGCGTCAGAATA-1,24,GSE190260::LAM1163:AGGGTGACAAACTGTC-1,State_15,15,GSE190260,LAM1163,1.7357062101364136
GSE190260::LAM1163:GGGTTGCGTCAGAATA-1,25,GSE190260::LAM1163:CACACTCTCTGTCCGT-1,State_15,15,GSE190260,LAM1163,1.7377032041549683
GSE190260::LAM1163:GGGTTGCGTCAGAATA-1,26,GSE190260::LAM1163:CAGCATATCCTCCTAG-1,State_15,15,GSE190260,LAM1163,1.7402112483978271
GSE190260::LAM1163:GGGTTGCGTCAGAATA-1,27,GSE190260::LAM1163:TGCCCTACAGACGCCT-1,State_15,15,GSE190260,LAM1163,1.740614891052246
GSE190260::LAM1163:GGGTTGCGTCAGAATA-1,28,GSE190260::LAM1163:CACACTCAGATAGGAG-1,State_15,15,GSE190260,LAM1163,1.8016440868377686
GSE190260::LAM1163:GGGTTGCGTCAGAATA-1,29,GSE190260::LAM1163:TTGTAGGGTAAAGTCA-1,State_15,15,GSE190260,LAM1163,1.8309533596038818
GSE190260::LAM1163:GGGTTGCGTCAGAATA-1,30,GSE190260::LAM1163:CAGATCAGTATCACCA-1,State_15,15,GSE190260,LAM1163,1.8388100862503052
GSE190260::LAM1163:GGTGCGTTCTGTACGA-1,1,GSE190260::LAM1163:CATCAGACAAGAAAGG-1,State_15,15,GSE190260,LAM1163,1.1805492639541626
GSE190260::LAM1163:GGTGCGTTCTGTACGA-1,2,GSE190260::LAM1163:AAAGCAACAAGAGTCG-1,State_15,15,GSE190260,LAM1163,1.3009257316589355
GSE190260::LAM1163:GGTGCGTTCTGTACGA-1,3,GSE190260::LAM1163:CGTCTACGTTTGTTGG-1,State_15,15,GSE190260,LAM1163,1.4123718738555908
GSE190260::LAM1163:GGTGCGTTCTGTACGA-1,4,GSE190260::LAM1163:AGCTCCTGTCAAAGCG-1,State_15,15,GSE190260,LAM1163,1.4804028272628784
GSE190260::LAM1163:GGTGCGTTCTGTACGA-1,5,GSE190260::LAM1163:GGATGTTTCTTCCTTC-1,State_15,15,GSE190260,LAM1163,1.5663893222808838
GSE190260::LAM1163:GGTGCGTTCTGTACGA-1,6,GSE190260::LAM1163:CACACTCTCTGTCCGT-1,State_15,15,GSE190260,LAM1163,1.628927230834961
GSE190260::LAM1163:GGTGCGTTCTGTACGA-1,7,GSE190260::LAM1163:CGCTATCGTAGGCATG-1,State_15,15,GSE190260,LAM1163,1.6339887380599976
GSE190260::LAM1163:GGTGCGTTCTGTACGA-1,8,GSE190260::LAM1163:CTCAGAATCACTTACT-1,State_15,15,GSE190260,LAM1163,1.6592315435409546
GSE190260::LAM1163:GGTGCGTTCTGTACGA-1,9,GSE190260::LAM1163:GGGTTGCGTCAGAATA-1,State_15,15,GSE190260,LAM1163,1.6637946367263794
GSE190260::LAM1163:GGTGCGTTCTGTACGA-1,10,GSE190260::LAM1163:CCAGCGAGTAGCCTAT-1,State_15,15,GSE190260,LAM1163,1.6851557493209839
GSE190260::LAM1163:GGTGCGTTCTGTACGA-1,11,GSE190260::LAM1163:CGGAGCTAGAGAACAG-1,State_15,15,GSE190260,LAM1163,1.6982412338256836
GSE190260::LAM1163:GGTGCGTTCTGTACGA-1,12,GSE190260::LAM1163:ATGTGTGGTAGTAGTA-1,State_15,15,GSE190260,LAM1163,1.7029637098312378
GSE190260::LAM1163:GGTGCGTTCTGTACGA-1,13,GSE190260::LAM1163:ATTACTCGTGTCCTCT-1,State_15,15,GSE190260,LAM1163,1.7031354904174805
GSE190260::LAM1163:GGTGCGTTCTGTACGA-1,14,GSE190260::LAM1163:AGGGTGACAAACTGTC-1,State_15,15,GSE190260,LAM1163,1.7137459516525269
GSE190260::LAM1163:GGTGCGTTCTGTACGA-1,15,GSE190260::LAM1163:TTGTAGGGTAAAGTCA-1,State_15,15,GSE190260,LAM1163,1.7202346324920654
GSE190260::LAM1163:GGTGCGTTCTGTACGA-1,16,GSE190260::LAM1163:CACAGTATCTTGTATC-1,State_15,15,GSE190260,LAM1163,1.7213976383209229
GSE190260::LAM1163:GGTGCGTTCTGTACGA-1,17,GSE190260::LAM1163:AGAGCTTCACGTTGGC-1,State_15,15,GSE190260,LAM1163,1.7270863056182861
GSE190260::LAM1163:GGTGCGTTCTGTACGA-1,18,GSE190260::LAM1163:TGCGCAGCAAGGCTCC-1,State_15,15,GSE190260,LAM1163,1.7297110557556152
GSE190260::LAM1163:GGTGCGTTCTGTACGA-1,19,GSE190260::LAM1163:CTTACCGTCGTCTGCT-1,State_15,15,GSE190260,LAM1163,1.7385562658309937
GSE190260::LAM1163:GGTGCGTTCTGTACGA-1,20,GSE190260::LAM1163:AAGACCTTCCCTTGCA-1,State_15,15,GSE190260,LAM1163,1.7427562475204468
GSE190260::LAM1163:GGTGCGTTCTGTACGA-1,21,GSE190260::LAM1163:CGCTTCAAGCCCAACC-1,State_15,15,GSE190260,LAM1163,1.7516272068023682
GSE190260::LAM1163:GGTGCGTTCTGTACGA-1,22,GSE190260::LAM1163:ATCACGACAGTAAGAT-1,State_15,15,GSE190260,LAM1163,1.7782728672027588
GSE190260::LAM1163:GGTGCGTTCTGTACGA-1,23,GSE190260::LAM1163:TTCTCAAAGTCCGTAT-1,State_15,15,GSE190260,LAM1163,1.7946274280548096
GSE190260::LAM1163:GGTGCGTTCTGTACGA-1,24,GSE190260::LAM1163:GACTACATCGAGGTAG-1,State_15,15,GSE190260,LAM1163,1.805845856666565
GSE190260::LAM1163:GGTGCGTTCTGTACGA-1,25,GSE190260::LAM1163:GCACTCTCATCCGGGT-1,State_15,15,GSE190260,LAM1163,1.8154270648956299
GSE190260::LAM1163:GGTGCGTTCTGTACGA-1,26,GSE190260::LAM1163:CTCTGGTCATCCCACT-1,State_15,15,GSE190260,LAM1163,1.8173400163650513
GSE190260::LAM1163:GGTGCGTTCTGTACGA-1,27,GSE190260::LAM1163:TCGAGGCAGACTAGAT-1,State_15,15,GSE190260,LAM1163,1.8197530508041382
GSE190260::LAM1163:GGTGCGTTCTGTACGA-1,28,GSE190260::LAM1163:TACGGATTCTATCCTA-1,State_15,15,GSE190260,LAM1163,1.8446584939956665
GSE190260::LAM1163:GGTGCGTTCTGTACGA-1,29,GSE190260::LAM1163:GACTAACGTTGTGGCC-1,State_15,15,GSE190260,LAM1163,1.9204530715942383
GSE190260::LAM1163:GGTGCGTTCTGTACGA-1,30,GSE190260::LAM1163:TTAGGACGTCGGATCC-1,State_15,15,GSE190260,LAM1163,1.9237148761749268
GSE190260::LAM1163:GTAACTGAGCACCGCT-1,1,GSE190260::LAM1163:GATCGATTCAGTGTTG-1,State_15,15,GSE190260,LAM1163,1.3522244691848755
GSE190260::LAM1163:GTAACTGAGCACCGCT-1,2,GSE190260::LAM1163:CGCCAAGGTACCCAAT-1,boundary,,GSE190260,LAM1163,2.7261722087860107
GSE190260::LAM1163:GTAACTGAGCACCGCT-1,3,GSE190260::LAM1163:CTAAGACGTGGTTTCA-1,State_15,15,GSE190260,LAM1163,2.8854634761810303
GSE190260::LAM1163:GTAACTGAGCACCGCT-1,4,GSE190260::LAM1163:TCGTAGAGTTACCGAT-1,State_15,15,GSE190260,LAM1163,2.9375417232513428
GSE190260::LAM1163:GTAACTGAGCACCGCT-1,5,GSE190260::LAM1163:AAAGTAGGTGAGTGAC-1,boundary,,GSE190260,LAM1163,2.951240301132202
GSE190260::LAM1163:GTAACTGAGCACCGCT-1,6,GSE190260::LAM1163:CTCGGAGCAACACGCC-1,State_16,16,GSE190260,LAM1163,3.0504865646362305
GSE190260::LAM1163:GTAACTGAGCACCGCT-1,7,GSE190260::LAM1163:CTAAGACCAAGCCCAC-1,State_15,15,GSE190260,LAM1163,3.0560951232910156
GSE190260::LAM1163:GTAACTGAGCACCGCT-1,8,GSE190260::LAM1163:CAAGTTGGTCGCCATG-1,State_15,15,GSE190260,LAM1163,3.0708577632904053
GSE190260::LAM1163:GTAACTGAGCACCGCT-1,9,GSE190260::LAM1163:TTAGGACCAGCTGTAT-1,State_15,15,GSE190260,LAM1163,3.1082983016967773
GSE190260::LAM1163:GTAACTGAGCACCGCT-1,10,GSE190260::LAM1163:CATCGAAGTCAGAGGT-1,State_15,15,GSE190260,LAM1163,3.1165733337402344
GSE190260::LAM1163:GTAACTGAGCACCGCT-1,11,GSE190260::LAM1163:GGCAATTGTTGAGTTC-1,State_16,16,GSE190260,LAM1163,3.1168994903564453
GSE190260::LAM1163:GTAACTGAGCACCGCT-1,12,GSE190260::LAM1163:TCCCGATCAGACTCGC-1,State_16,16,GSE190260,LAM1163,3.1509971618652344
GSE190260::LAM1163:GTAACTGAGCACCGCT-1,13,GSE190260::LAM1163:CGCGGTATCAGTCCCT-1,boundary,,GSE190260,LAM1163,3.1649787425994873
GSE190260::LAM1163:GTAACTGAGCACCGCT-1,14,GSE190260::LAM1163:GGACAAGTCAATCTCT-1,State_16,16,GSE190260,LAM1163,3.184417963027954
GSE190260::LAM1163:GTAACTGAGCACCGCT-1,15,GSE190260::LAM1163:CCCATACGTGTTTGGT-1,State_16,16,GSE190260,LAM1163,3.2109243869781494
GSE190260::LAM1163:GTAACTGAGCACCGCT-1,16,GSE190260::LAM1163:CGTCCATCATGCCTAA-1,State_15,15,GSE190260,LAM1163,3.2556936740875244
GSE190260::LAM1163:GTAACTGAGCACCGCT-1,17,GSE190260::LAM1163:CGATCGGAGATATGGT-1,State_15,15,GSE190260,LAM1163,3.276291847229004
GSE190260::LAM1163:GTAACTGAGCACCGCT-1,18,GSE190260::LAM1163:TTTACTGAGCTGAAAT-1,State_15,15,GSE190260,LAM1163,3.30588698387146
GSE190260::LAM1163:GTAACTGAGCACCGCT-1,19,GSE190260::LAM1163:CCACCTATCCTACAGA-1,boundary,,GSE190260,LAM1163,3.393200397491455
GSE190260::LAM1163:GTAACTGAGCACCGCT-1,20,GSE190260::LAM1163:AGAATAGTCCCTGACT-1,State_15,15,GSE190260,LAM1163,3.406611442565918
GSE190260::LAM1163:GTAACTGAGCACCGCT-1,21,GSE190260::LAM1163:CGTGTAAGTTGTACAC-1,State_15,15,GSE190260,LAM1163,3.4082932472229004
GSE190260::LAM1163:GTAACTGAGCACCGCT-1,22,GSE190260::LAM1163:GAACGGACATGCCTTC-1,boundary,,GSE190260,LAM1163,3.4108588695526123
GSE190260::LAM1163:GTAACTGAGCACCGCT-1,23,GSE190260::LAM1163:CACAGGCGTAGTAGTA-1,State_16,16,GSE190260,LAM1163,3.428769826889038
GSE190260::LAM1163:GTAACTGAGCACCGCT-1,24,GSE190260::LAM1163:CCGGTAGTCCGTTGTC-1,boundary,,GSE190260,LAM1163,3.434224843978882
GSE190260::LAM1163:GTAACTGAGCACCGCT-1,25,GSE190260::LAM1163:CGAACATCAATCACAC-1,State_15,15,GSE190260,LAM1163,3.443957567214966
GSE190260::LAM1163:GTAACTGAGCACCGCT-1,26,GSE190260::LAM1163:GATGAGGGTTAGAACA-1,boundary,,GSE190260,LAM1163,3.4721620082855225
GSE190260::LAM1163:GTAACTGAGCACCGCT-1,27,GSE190260::LAM1163:GCTTCCATCGTAGGAG-1,boundary,,GSE190260,LAM1163,3.5329771041870117
GSE190260::LAM1163:GTAACTGAGCACCGCT-1,28,GSE190260::LAM1163:TGAAAGAGTAAGTGGC-1,boundary,,GSE190260,LAM1163,3.5344078540802
GSE190260::LAM1163:GTAACTGAGCACCGCT-1,29,GSE190260::LAM1163:AAAGCAACAAGAGTCG-1,State_15,15,GSE190260,LAM1163,3.534883737564087
GSE190260::LAM1163:GTAACTGAGCACCGCT-1,30,GSE190260::LAM1163:CGACCTTGTAACGTTC-1,State_16,16,GSE190260,LAM1163,3.537513494491577
GSE190260::LAM1163:GTCACAAAGACTTGAA-1,1,GSE190260::LAM1163:CGGCTAGAGTGGTAGC-1,State_15,15,GSE190260,LAM1163,1.074506163597107
GSE190260::LAM1163:GTCACAAAGACTTGAA-1,2,GSE190260::LAM1163:ACAGCCGAGGACTGGT-1,State_15,15,GSE190260,LAM1163,1.1213161945343018
GSE190260::LAM1163:GTCACAAAGACTTGAA-1,3,GSE190260::LAM1163:GACTAACGTTGTGGCC-1,State_15,15,GSE190260,LAM1163,1.4791580438613892
GSE190260::LAM1163:GTCACAAAGACTTGAA-1,4,GSE190260::LAM1163:TGACGGCAGTGGCACA-1,State_15,15,GSE190260,LAM1163,1.4915090799331665
GSE190260::LAM1163:GTCACAAAGACTTGAA-1,5,GSE190260::LAM1163:AGGTCCGAGGCATGTG-1,State_15,15,GSE190260,LAM1163,1.5819743871688843
GSE190260::LAM1163:GTCACAAAGACTTGAA-1,6,GSE190260::LAM1163:GCGGGTTTCACATAGC-1,State_15,15,GSE190260,LAM1163,1.6229634284973145
GSE190260::LAM1163:GTCACAAAGACTTGAA-1,7,GSE190260::LAM1163:TTGGAACTCGGCGGTT-1,State_15,15,GSE190260,LAM1163,1.6931376457214355
GSE190260::LAM1163:GTCACAAAGACTTGAA-1,8,GSE190260::LAM1163:TCGTACCCAAGCCGTC-1,State_15,15,GSE190260,LAM1163,1.712164044380188
GSE190260::LAM1163:GTCACAAAGACTTGAA-1,9,GSE190260::LAM1163:AGCTCCTGTCAAAGCG-1,State_15,15,GSE190260,LAM1163,1.7629680633544922
GSE190260::LAM1163:GTCACAAAGACTTGAA-1,10,GSE190260::LAM1163:TCGAGGCAGACTAGAT-1,State_15,15,GSE190260,LAM1163,1.8034956455230713
GSE190260::LAM1163:GTCACAAAGACTTGAA-1,11,GSE190260::LAM1163:TACGGTATCACCTTAT-1,State_15,15,GSE190260,LAM1163,1.807974934577942
GSE190260::LAM1163:GTCACAAAGACTTGAA-1,12,GSE190260::LAM1163:TATCTCAAGAGACTAT-1,State_15,15,GSE190260,LAM1163,1.8830801248550415
GSE190260::LAM1163:GTCACAAAGACTTGAA-1,13,GSE190260::LAM1163:GCACTCTCATCCGGGT-1,State_15,15,GSE190260,LAM1163,1.9100261926651
GSE190260::LAM1163:GTCACAAAGACTTGAA-1,14,GSE190260::LAM1163:TTGTAGGGTAAAGTCA-1,State_15,15,GSE190260,LAM1163,1.9272658824920654
GSE190260::LAM1163:GTCACAAAGACTTGAA-1,15,GSE190260::LAM1163:CTGATCCTCGCTTAGA-1,State_15,15,GSE190260,LAM1163,1.9569700956344604
GSE190260::LAM1163:GTCACAAAGACTTGAA-1,16,GSE190260::LAM1163:TTAGGACGTCGGATCC-1,State_15,15,GSE190260,LAM1163,1.9814057350158691
GSE190260::LAM1163:GTCACAAAGACTTGAA-1,17,GSE190260::LAM1163:CATATGGTCGCCCTTA-1,State_15,15,GSE190260,LAM1163,2.0333690643310547
GSE190260::LAM1163:GTCACAAAGACTTGAA-1,18,GSE190260::LAM1163:CTCTGGTCATCCCACT-1,State_15,15,GSE190260,LAM1163,2.08974289894104
GSE190260::LAM1163:GTCACAAAGACTTGAA-1,19,GSE135851::LAM3:CGTAGGCGTACTCAAC-1,State_15,15,GSE135851,LAM3,2.1147620677948
GSE190260::LAM1163:GTCACAAAGACTTGAA-1,20,GSE135851::LAM1:CGGACACTCAGAGGTG-1,State_15,15,GSE135851,LAM1,2.1236026287078857
GSE190260::LAM1163:GTCACAAAGACTTGAA-1,21,GSE190260::LAM1163:AGAGTGGCATGATCCA-1,State_15,15,GSE190260,LAM1163,2.1376278400421143
GSE190260::LAM1163:GTCACAAAGACTTGAA-1,22,GSE190260::LAM1163:CATATTCGTCTCCCTA-1,State_15,15,GSE190260,LAM1163,2.192751407623291
GSE190260::LAM1163:GTCACAAAGACTTGAA-1,23,GSE190260::LAM1163:TGGACGCTCAAGAAGT-1,State_15,15,GSE190260,LAM1163,2.22904896736145
GSE190260::LAM1163:GTCACAAAGACTTGAA-1,24,GSE190260::LAM1163:GGGATGATCACAAACC-1,State_15,15,GSE190260,LAM1163,2.2358124256134033
GSE190260::LAM1163:GTCACAAAGACTTGAA-1,25,GSE190260::LAM1163:GGATGTTTCTTCCTTC-1,State_15,15,GSE190260,LAM1163,2.2647171020507812
GSE190260::LAM1163:GTCACAAAGACTTGAA-1,26,GSE190260::LAM1163:TGCGCAGTCTCTAAGG-1,State_15,15,GSE190260,LAM1163,2.299692392349243
GSE190260::LAM1163:GTCACAAAGACTTGAA-1,27,GSE190260::LAM1163:GACTACATCGAGGTAG-1,State_15,15,GSE190260,LAM1163,2.322401285171509
GSE190260::LAM1163:GTCACAAAGACTTGAA-1,28,GSE190260::LAM1163:CAGATCAGTATCACCA-1,State_15,15,GSE190260,LAM1163,2.3234946727752686
GSE190260::LAM1163:GTCACAAAGACTTGAA-1,29,GSE190260::LAM1163:ATCCACCTCTTGTCAT-1,State_15,15,GSE190260,LAM1163,2.3657138347625732
GSE190260::LAM1163:GTCACAAAGACTTGAA-1,30,GSE190260::LAM1163:AAGACCTTCCCTTGCA-1,State_15,15,GSE190260,LAM1163,2.3694469928741455
GSE190260::LAM1163:GTCCTCATCCACTGGG-1,1,GSE190260::LAM1163:CGTGTAAGTTGTACAC-1,State_15,15,GSE190260,LAM1163,1.3705997467041016
GSE190260::LAM1163:GTCCTCATCCACTGGG-1,2,GSE190260::LAM1163:CCTAGCTTCTGAGGGA-1,State_15,15,GSE190260,LAM1163,1.594733715057373
GSE190260::LAM1163:GTCCTCATCCACTGGG-1,3,GSE190260::LAM1163:TAAACCGAGGCAATTA-1,State_15,15,GSE190260,LAM1163,2.356522560119629
GSE190260::LAM1163:GTCCTCATCCACTGGG-1,4,GSE135851::LAM1:TTCTACACAGTTCATG-1,State_15,15,GSE135851,LAM1,2.4507832527160645
GSE190260::LAM1163:GTCCTCATCCACTGGG-1,5,GSE190260::LAM1163:CTCGTCAGTGAGTATA-1,State_15,15,GSE190260,LAM1163,2.5662732124328613
GSE190260::LAM1163:GTCCTCATCCACTGGG-1,6,GSE217108::LAM32:GTTGGCGGTTCGGGAT-1,State_15,15,GSE217108,LAM32,2.6419472694396973
GSE190260::LAM1163:GTCCTCATCCACTGGG-1,7,GSE135851::LAM1:TAAGTGCCATCTACGA-1,State_15,15,GSE135851,LAM1,2.6720492839813232
GSE190260::LAM1163:GTCCTCATCCACTGGG-1,8,GSE190260::LAM1163:ATGGGAGGTAATAGCA-1,State_15,15,GSE190260,LAM1163,2.8555490970611572
GSE190260::LAM1163:GTCCTCATCCACTGGG-1,9,GSE190260::LAM1163:CAGCATATCCTCCTAG-1,State_15,15,GSE190260,LAM1163,2.868793487548828
GSE190260::LAM1163:GTCCTCATCCACTGGG-1,10,GSE190260::LAM1163:CCTCAGTAGTAGATGT-1,State_15,15,GSE190260,LAM1163,3.0123229026794434
GSE190260::LAM1163:GTCCTCATCCACTGGG-1,11,GSE190260::LAM1163:TGCGCAGCAAGGCTCC-1,State_15,15,GSE190260,LAM1163,3.075798749923706
GSE190260::LAM1163:GTCCTCATCCACTGGG-1,12,GSE190260::LAM1163:CGTCTACGTTTGTTGG-1,State_15,15,GSE190260,LAM1163,3.09735369682312
GSE190260::LAM1163:GTCCTCATCCACTGGG-1,13,GSE190260::LAM1163:TACGGGCCAGTTAACC-1,State_15,15,GSE190260,LAM1163,3.1273295879364014
GSE190260::LAM1163:GTCCTCATCCACTGGG-1,14,GSE190260::LAM1163:CTTGGCTGTCCCTACT-1,State_15,15,GSE190260,LAM1163,3.1518397331237793
GSE190260::LAM1163:GTCCTCATCCACTGGG-1,15,GSE190260::LAM1163:TTCTTAGCAGGCGATA-1,State_15,15,GSE190260,LAM1163,3.156649589538574
GSE190260::LAM1163:GTCCTCATCCACTGGG-1,16,GSE190260::LAM1163:CGAGAAGTCTCTGTCG-1,State_15,15,GSE190260,LAM1163,3.2328195571899414
GSE190260::LAM1163:GTCCTCATCCACTGGG-1,17,GSE190260::LAM1163:TGCCCTACAGACGCCT-1,State_15,15,GSE190260,LAM1163,3.2531192302703857
GSE190260::LAM1163:GTCCTCATCCACTGGG-1,18,GSE190260::LAM1163:GCGCGATCATTTCACT-1,State_7,7,GSE190260,LAM1163,3.2894411087036133
GSE190260::LAM1163:GTCCTCATCCACTGGG-1,19,GSE190260::LAM1163:AGAATAGTCCCTGACT-1,State_15,15,GSE190260,LAM1163,3.2908577919006348
GSE190260::LAM1163:GTCCTCATCCACTGGG-1,20,GSE190260::LAM1163:ATAAGAGAGGCGCTCT-1,State_15,15,GSE190260,LAM1163,3.298600196838379
GSE190260::LAM1163:GTCCTCATCCACTGGG-1,21,GSE135851::LAM1:ACACTGATCCTTGCCA-1,State_15,15,GSE135851,LAM1,3.3147573471069336
GSE190260::LAM1163:GTCCTCATCCACTGGG-1,22,GSE190260::LAM1163:CCCATACGTGTTTGGT-1,State_16,16,GSE190260,LAM1163,3.315605878829956
GSE190260::LAM1163:GTCCTCATCCACTGGG-1,23,GSE302356::LAM13:CTGGTCAAGGACCAGG-1,State_9,9,GSE302356,LAM50,3.324603796005249
GSE190260::LAM1163:GTCCTCATCCACTGGG-1,24,GSE190260::LAM1163:AGAGCTTCACGTTGGC-1,State_15,15,GSE190260,LAM1163,3.3432729244232178
GSE190260::LAM1163:GTCCTCATCCACTGGG-1,25,GSE190260::LAM1163:AAAGCAACAAGAGTCG-1,State_15,15,GSE190260,LAM1163,3.3433632850646973
GSE190260::LAM1163:GTCCTCATCCACTGGG-1,26,GSE190260::LAM1163:CGCTATCGTAGGCATG-1,State_15,15,GSE190260,LAM1163,3.3822712898254395
GSE190260::LAM1163:GTCCTCATCCACTGGG-1,27,GSE135851::LAM1:CGAGAAGCACTTGGAT-1,State_15,15,GSE135851,LAM1,3.4318294525146484
GSE190260::LAM1163:GTCCTCATCCACTGGG-1,28,GSE190260::LAM1163:CCAGCGAGTAGCCTAT-1,State_15,15,GSE190260,LAM1163,3.4389560222625732
GSE190260::LAM1163:GTCCTCATCCACTGGG-1,29,GSE190260::LAM1163:GGTGCGTTCTGTACGA-1,State_15,15,GSE190260,LAM1163,3.4434750080108643
GSE190260::LAM1163:GTCCTCATCCACTGGG-1,30,GSE190260::LAM1163:CTCAGAATCACTTACT-1,State_15,15,GSE190260,LAM1163,3.450465440750122
GSE190260::LAM1163:GTGTTAGTCTCCAACC-1,1,GSE190260::LAM1163:CTAAGACGTGGTTTCA-1,State_15,15,GSE190260,LAM1163,1.9028793573379517
GSE190260::LAM1163:GTGTTAGTCTCCAACC-1,2,GSE190260::LAM1163:TCGTAGAGTTACCGAT-1,State_15,15,GSE190260,LAM1163,2.095586061477661
GSE190260::LAM1163:GTGTTAGTCTCCAACC-1,3,GSE190260::LAM1163:CGGACTGGTCCAAGTT-1,State_15,15,GSE190260,LAM1163,2.1609928607940674
GSE190260::LAM1163:GTGTTAGTCTCCAACC-1,4,GSE190260::LAM1163:TGCGCAGCAAGGCTCC-1,State_15,15,GSE190260,LAM1163,2.2109928131103516
GSE190260::LAM1163:GTGTTAGTCTCCAACC-1,5,GSE190260::LAM1163:ATGTGTGGTAGTAGTA-1,State_15,15,GSE190260,LAM1163,2.218641996383667
GSE190260::LAM1163:GTGTTAGTCTCCAACC-1,6,GSE190260::LAM1163:CGTCTACGTTTGTTGG-1,State_15,15,GSE190260,LAM1163,2.2576417922973633
GSE190260::LAM1163:GTGTTAGTCTCCAACC-1,7,GSE190260::LAM1163:CTTACCGTCGTCTGCT-1,State_15,15,GSE190260,LAM1163,2.278348922729492
GSE190260::LAM1163:GTGTTAGTCTCCAACC-1,8,GSE190260::LAM1163:TACGGATTCTATCCTA-1,State_15,15,GSE190260,LAM1163,2.3840155601501465
GSE190260::LAM1163:GTGTTAGTCTCCAACC-1,9,GSE135851::LAM3:CGTCACTCAGGCTCAC-1,State_15,15,GSE135851,LAM3,2.3864197731018066
GSE190260::LAM1163:GTGTTAGTCTCCAACC-1,10,GSE135851::LAM3:CTCGAAAGTCGCCATG-1,State_15,15,GSE135851,LAM3,2.389115810394287
GSE190260::LAM1163:GTGTTAGTCTCCAACC-1,11,GSE190260::LAM1163:CGATCGGAGATATGGT-1,State_15,15,GSE190260,LAM1163,2.432332754135132
GSE190260::LAM1163:GTGTTAGTCTCCAACC-1,12,GSE190260::LAM1163:CGCTATCGTAGGCATG-1,State_15,15,GSE190260,LAM1163,2.4407501220703125
GSE190260::LAM1163:GTGTTAGTCTCCAACC-1,13,GSE190260::LAM1163:CCTTTCTCATCGGGTC-1,State_15,15,GSE190260,LAM1163,2.544832944869995
GSE190260::LAM1163:GTGTTAGTCTCCAACC-1,14,GSE135851::LAM3:TCGTACCAGGGATCTG-1,State_15,15,GSE135851,LAM3,2.5755748748779297
GSE190260::LAM1163:GTGTTAGTCTCCAACC-1,15,GSE190260::LAM1163:AGAGCTTCACGTTGGC-1,State_15,15,GSE190260,LAM1163,2.583665609359741
GSE190260::LAM1163:GTGTTAGTCTCCAACC-1,16,GSE190260::LAM1163:CAAGTTGGTCGCCATG-1,State_15,15,GSE190260,LAM1163,2.5981733798980713
GSE190260::LAM1163:GTGTTAGTCTCCAACC-1,17,GSE190260::LAM1163:TTCTCAAAGTCCGTAT-1,State_15,15,GSE190260,LAM1163,2.611534833908081
GSE190260::LAM1163:GTGTTAGTCTCCAACC-1,18,GSE190260::LAM1163:CGCTTCAAGCCCAACC-1,State_15,15,GSE190260,LAM1163,2.615583896636963
GSE190260::LAM1163:GTGTTAGTCTCCAACC-1,19,GSE135851::LAM3:CACAAACCAATAGCGG-1,State_15,15,GSE135851,LAM3,2.620842695236206
GSE190260::LAM1163:GTGTTAGTCTCCAACC-1,20,GSE190260::LAM1163:GGGTTGCGTCAGAATA-1,State_15,15,GSE190260,LAM1163,2.6296226978302
GSE190260::LAM1163:GTGTTAGTCTCCAACC-1,21,GSE135851::LAM3:CCAATCCGTAGCTGCC-1,State_15,15,GSE135851,LAM3,2.692786455154419
GSE190260::LAM1163:GTGTTAGTCTCCAACC-1,22,GSE190260::LAM1163:TGCCCTACAGACGCCT-1,State_15,15,GSE190260,LAM1163,2.7015178203582764
GSE190260::LAM1163:GTGTTAGTCTCCAACC-1,23,GSE190260::LAM1163:GCCTCTAAGAGCCCAA-1,State_15,15,GSE190260,LAM1163,2.7040696144104004
GSE190260::LAM1163:GTGTTAGTCTCCAACC-1,24,GSE190260::LAM1163:GGTGCGTTCTGTACGA-1,State_15,15,GSE190260,LAM1163,2.707216262817383
GSE190260::LAM1163:GTGTTAGTCTCCAACC-1,25,GSE190260::LAM1163:AGTCTTTAGATAGTCA-1,State_15,15,GSE190260,LAM1163,2.7138285636901855
GSE190260::LAM1163:GTGTTAGTCTCCAACC-1,26,GSE190260::LAM1163:TAGACCATCGCACTCT-1,State_15,15,GSE190260,LAM1163,2.7262420654296875
GSE190260::LAM1163:GTGTTAGTCTCCAACC-1,27,GSE190260::LAM1163:AAGACCTTCCCTTGCA-1,State_15,15,GSE190260,LAM1163,2.7481818199157715
GSE190260::LAM1163:GTGTTAGTCTCCAACC-1,28,GSE190260::LAM1163:GGATGTTTCTTCCTTC-1,State_15,15,GSE190260,LAM1163,2.7738096714019775
GSE190260::LAM1163:GTGTTAGTCTCCAACC-1,29,GSE190260::LAM1163:CTCAGAATCACTTACT-1,State_15,15,GSE190260,LAM1163,2.7843880653381348
GSE190260::LAM1163:GTGTTAGTCTCCAACC-1,30,GSE190260::LAM1163:CACAGTATCTTGTATC-1,State_15,15,GSE190260,LAM1163,2.7930243015289307
GSE190260::LAM1163:GTTACAGCAAGCTGGA-1,1,GSE190260::LAM1163:CTGATCCTCGCTTAGA-1,State_15,15,GSE190260,LAM1163,1.7020453214645386
GSE190260::LAM1163:GTTACAGCAAGCTGGA-1,2,GSE190260::LAM1163:TACGGTATCACCTTAT-1,State_15,15,GSE190260,LAM1163,1.867795467376709
GSE190260::LAM1163:GTTACAGCAAGCTGGA-1,3,GSE190260::LAM1163:GACTACATCGAGGTAG-1,State_15,15,GSE190260,LAM1163,2.019946813583374
GSE190260::LAM1163:GTTACAGCAAGCTGGA-1,4,GSE190260::LAM1163:TCACAAGCAAAGTCAA-1,State_15,15,GSE190260,LAM1163,2.1243937015533447
GSE190260::LAM1163:GTTACAGCAAGCTGGA-1,5,GSE190260::LAM1163:GGGATGATCACAAACC-1,State_15,15,GSE190260,LAM1163,2.134171962738037
GSE190260::LAM1163:GTTACAGCAAGCTGGA-1,6,GSE190260::LAM1163:CACCACTCACAGTCGC-1,State_15,15,GSE190260,LAM1163,2.31868839263916
GSE190260::LAM1163:GTTACAGCAAGCTGGA-1,7,GSE190260::LAM1163:CGGAGCTAGAGAACAG-1,State_15,15,GSE190260,LAM1163,2.3813347816467285
GSE190260::LAM1163:GTTACAGCAAGCTGGA-1,8,GSE190260::LAM1163:CATATTCGTCTCCCTA-1,State_15,15,GSE190260,LAM1163,2.3986387252807617
GSE190260::LAM1163:GTTACAGCAAGCTGGA-1,9,GSE190260::LAM1163:GACGCGTCATCCGGGT-1,State_15,15,GSE190260,LAM1163,2.4201512336730957
GSE190260::LAM1163:GTTACAGCAAGCTGGA-1,10,GSE190260::LAM1163:TTGGAACTCGGCGGTT-1,State_15,15,GSE190260,LAM1163,2.431098222732544
GSE190260::LAM1163:GTTACAGCAAGCTGGA-1,11,GSE190260::LAM1163:TCGTACCCAAGCCGTC-1,State_15,15,GSE190260,LAM1163,2.4702353477478027
GSE190260::LAM1163:GTTACAGCAAGCTGGA-1,12,GSE190260::LAM1158:CTAAGACAGTCTCGGC-1,State_15,15,GSE190260,LAM1158,2.4711618423461914
GSE190260::LAM1163:GTTACAGCAAGCTGGA-1,13,GSE190260::LAM1163:AGCTCCTGTCAAAGCG-1,State_15,15,GSE190260,LAM1163,2.5238492488861084
GSE190260::LAM1163:GTTACAGCAAGCTGGA-1,14,GSE190260::LAM1163:TCAGGATGTGACAAAT-1,State_15,15,GSE190260,LAM1163,2.5292301177978516
GSE190260::LAM1163:GTTACAGCAAGCTGGA-1,15,GSE190260::LAM1163:GCTTCCATCAGTTTGG-1,State_15,15,GSE190260,LAM1163,2.55061936378479
GSE190260::LAM1163:GTTACAGCAAGCTGGA-1,16,GSE190260::LAM1163:GCACTCTCATCCGGGT-1,State_15,15,GSE190260,LAM1163,2.561908483505249
GSE190260::LAM1163:GTTACAGCAAGCTGGA-1,17,GSE190260::LAM1163:GACTAACGTTGTGGCC-1,State_15,15,GSE190260,LAM1163,2.569770574569702
GSE190260::LAM1163:GTTACAGCAAGCTGGA-1,18,GSE190260::LAM1163:GTCACAAAGACTTGAA-1,State_15,15,GSE190260,LAM1163,2.5820329189300537
GSE190260::LAM1163:GTTACAGCAAGCTGGA-1,19,GSE190260::LAM1163:CATCAAGCAATACGCT-1,State_15,15,GSE190260,LAM1163,2.587820053100586
GSE190260::LAM1163:GTTACAGCAAGCTGGA-1,20,GSE190260::LAM1163:AAGACCTTCCCTTGCA-1,State_15,15,GSE190260,LAM1163,2.6036105155944824
GSE190260::LAM1163:GTTACAGCAAGCTGGA-1,21,GSE190260::LAM1163:AACACGTAGCTAAACA-1,State_15,15,GSE190260,LAM1163,2.658939838409424
GSE190260::LAM1163:GTTACAGCAAGCTGGA-1,22,GSE190260::LAM1163:TGACGGCAGTGGCACA-1,State_15,15,GSE190260,LAM1163,2.694674253463745
GSE190260::LAM1163:GTTACAGCAAGCTGGA-1,23,GSE135851::LAM1:TCGAGGCTCGACCAGC-1,State_15,15,GSE135851,LAM1,2.7164759635925293
GSE190260::LAM1163:GTTACAGCAAGCTGGA-1,24,GSE135851::LAM1:GGGAGATAGCCATCGC-1,State_15,15,GSE135851,LAM1,2.7267305850982666
GSE190260::LAM1163:GTTACAGCAAGCTGGA-1,25,GSE190260::LAM1163:AGGTCCGAGGCATGTG-1,State_15,15,GSE190260,LAM1163,2.7501420974731445
GSE190260::LAM1163:GTTACAGCAAGCTGGA-1,26,GSE190260::LAM1163:CATCAGACAAGAAAGG-1,State_15,15,GSE190260,LAM1163,2.7554571628570557
GSE190260::LAM1163:GTTACAGCAAGCTGGA-1,27,GSE135851::LAM1:GGCGACTTCGCACTCT-1,State_15,15,GSE135851,LAM1,2.7870399951934814
GSE190260::LAM1163:GTTACAGCAAGCTGGA-1,28,GSE190260::LAM1163:TTAGGACGTCGGATCC-1,State_15,15,GSE190260,LAM1163,2.8025033473968506
GSE190260::LAM1163:GTTACAGCAAGCTGGA-1,29,GSE190260::LAM1163:AGAGTGGCATGATCCA-1,State_15,15,GSE190260,LAM1163,2.8334310054779053
GSE190260::LAM1163:GTTACAGCAAGCTGGA-1,30,GSE190260::LAM1163:CATATGGTCGCCCTTA-1,State_15,15,GSE190260,LAM1163,2.8429574966430664
GSE190260::LAM1163:TAAACCGAGGCAATTA-1,1,GSE190260::LAM1163:CGAGAAGTCTCTGTCG-1,State_15,15,GSE190260,LAM1163,2.188319206237793
GSE190260::LAM1163:TAAACCGAGGCAATTA-1,2,GSE190260::LAM1163:GTCCTCATCCACTGGG-1,State_15,15,GSE190260,LAM1163,2.356522560119629
GSE190260::LAM1163:TAAACCGAGGCAATTA-1,3,GSE190260::LAM1163:CGTGTAAGTTGTACAC-1,State_15,15,GSE190260,LAM1163,2.6076834201812744
GSE190260::LAM1163:TAAACCGAGGCAATTA-1,4,GSE190260::LAM1163:CCTAGCTTCTGAGGGA-1,State_15,15,GSE190260,LAM1163,2.8445308208465576
GSE190260::LAM1163:TAAACCGAGGCAATTA-1,5,GSE190260::LAM1163:CGAACATCAATCACAC-1,State_15,15,GSE190260,LAM1163,2.908747673034668
GSE190260::LAM1163:TAAACCGAGGCAATTA-1,6,GSE302356::LAM10:TGATCAGGTCAATACG-1,State_15,15,GSE302356,LAM3,2.993544340133667
GSE190260::LAM1163:TAAACCGAGGCAATTA-1,7,GSE302356::LAM13:CCTAAAGGTCATGCAA-1,State_15,15,GSE302356,LAM50,3.015625238418579
GSE190260::LAM1163:TAAACCGAGGCAATTA-1,8,GSE217108::LAM32:GTTGGCGGTTCGGGAT-1,State_15,15,GSE217108,LAM32,3.12684965133667
GSE190260::LAM1163:TAAACCGAGGCAATTA-1,9,GSE190260::LAM1163:CTCGTCAGTGAGTATA-1,State_15,15,GSE190260,LAM1163,3.1795530319213867
GSE190260::LAM1163:TAAACCGAGGCAATTA-1,10,GSE190260::LAM1163:ACTGCTCAGAGTACCG-1,boundary,,GSE190260,LAM1163,3.224337577819824
GSE190260::LAM1163:TAAACCGAGGCAATTA-1,11,GSE190260::LAM1163:AGGGAGTTCCTCTAGC-1,boundary,,GSE190260,LAM1163,3.252878427505493
GSE190260::LAM1163:TAAACCGAGGCAATTA-1,12,GSE135851::LAM1:TAAGTGCCATCTACGA-1,State_15,15,GSE135851,LAM1,3.2837071418762207
GSE190260::LAM1163:TAAACCGAGGCAATTA-1,13,GSE190260::LAM1163:TTCTTAGCAGGCGATA-1,State_15,15,GSE190260,LAM1163,3.2888007164001465
GSE190260::LAM1163:TAAACCGAGGCAATTA-1,14,GSE217108::LAM32:GGTTAATGTAACCTAG-1,State_12,12,GSE217108,LAM32,3.2959470748901367
GSE190260::LAM1163:TAAACCGAGGCAATTA-1,15,GSE302356::LAM10:CGTGCACAGCAGCTCA-1,State_12,12,GSE302356,LAM3,3.3179850578308105
GSE190260::LAM1163:TAAACCGAGGCAATTA-1,16,GSE135851::LAM1:TTCTACACAGTTCATG-1,State_15,15,GSE135851,LAM1,3.3864128589630127
GSE190260::LAM1163:TAAACCGAGGCAATTA-1,17,GSE302356::LAM10:ACTTATGAGTAGCCAT-1,State_12,12,GSE302356,LAM3,3.4307994842529297
GSE190260::LAM1163:TAAACCGAGGCAATTA-1,18,GSE217108::LAM32:TGGACGGAGAAAGCAT-1,State_12,12,GSE217108,LAM32,3.4448843002319336
GSE190260::LAM1163:TAAACCGAGGCAATTA-1,19,GSE190260::LAM1163:CCCAGTTCAACTTGAC-1,boundary,,GSE190260,LAM1163,3.4881160259246826
GSE190260::LAM1163:TAAACCGAGGCAATTA-1,20,GSE190260::LAM1163:GCGCCAACAGGAATCG-1,boundary,,GSE190260,LAM1163,3.506256580352783
GSE190260::LAM1163:TAAACCGAGGCAATTA-1,21,GSE190260::LAM1163:TTTGGTTTCAGGCAAG-1,State_16,16,GSE190260,LAM1163,3.5111403465270996
GSE190260::LAM1163:TAAACCGAGGCAATTA-1,22,GSE190260::LAM1163:CCTACCACAGCTGCAC-1,State_7,7,GSE190260,LAM1163,3.525479555130005
GSE190260::LAM1163:TAAACCGAGGCAATTA-1,23,GSE190260::LAM1163:TCAGCTCGTCCGCTGA-1,State_12,12,GSE190260,LAM1163,3.604769229888916
GSE190260::LAM1163:TAAACCGAGGCAATTA-1,24,GSE190260::LAM1163:TGGTTCCAGTGGGTTG-1,boundary,,GSE190260,LAM1163,3.6065540313720703
GSE190260::LAM1163:TAAACCGAGGCAATTA-1,25,GSE190260::LAM1163:GCAGCCAGTGTGAAAT-1,boundary,,GSE190260,LAM1163,3.607809543609619
GSE190260::LAM1163:TAAACCGAGGCAATTA-1,26,GSE190260::LAM1163:AGTAGTCTCTGTGCAA-1,boundary,,GSE190260,LAM1163,3.6102983951568604
GSE190260::LAM1163:TAAACCGAGGCAATTA-1,27,GSE190260::LAM1163:CATCGAAGTCAGAGGT-1,State_15,15,GSE190260,LAM1163,3.6550064086914062
GSE190260::LAM1163:TAAACCGAGGCAATTA-1,28,GSE135851::LAM3:TAGAGCTTCCTGCAGG-1,State_5,5,GSE135851,LAM3,3.682072162628174
GSE190260::LAM1163:TAAACCGAGGCAATTA-1,29,GSE302356::LAM10:CAGGATGCAATAATGG-1,State_16,16,GSE302356,LAM3,3.7102885246276855
GSE190260::LAM1163:TAAACCGAGGCAATTA-1,30,GSE190260::LAM1163:GCGCGATCATTTCACT-1,State_7,7,GSE190260,LAM1163,3.7162137031555176
GSE190260::LAM1163:TACGGATTCTATCCTA-1,1,GSE190260::LAM1163:AAGACCTTCCCTTGCA-1,State_15,15,GSE190260,LAM1163,1.297619104385376
GSE190260::LAM1163:TACGGATTCTATCCTA-1,2,GSE190260::LAM1163:ATGTGTGGTAGTAGTA-1,State_15,15,GSE190260,LAM1163,1.3076751232147217
GSE190260::LAM1163:TACGGATTCTATCCTA-1,3,GSE190260::LAM1163:TTTGCGCAGCCAGAAC-1,State_15,15,GSE190260,LAM1163,1.4171173572540283
GSE190260::LAM1163:TACGGATTCTATCCTA-1,4,GSE190260::LAM1163:GGATGTTTCTTCCTTC-1,State_15,15,GSE190260,LAM1163,1.4295612573623657
GSE190260::LAM1163:TACGGATTCTATCCTA-1,5,GSE190260::LAM1163:TTCTCAAAGTCCGTAT-1,State_15,15,GSE190260,LAM1163,1.4381968975067139
GSE190260::LAM1163:TACGGATTCTATCCTA-1,6,GSE190260::LAM1163:ATTACTCGTGTCCTCT-1,State_15,15,GSE190260,LAM1163,1.4446873664855957
GSE190260::LAM1163:TACGGATTCTATCCTA-1,7,GSE190260::LAM1163:CGGACTGGTCCAAGTT-1,State_15,15,GSE190260,LAM1163,1.4456557035446167
GSE190260::LAM1163:TACGGATTCTATCCTA-1,8,GSE190260::LAM1163:AGGGTGACAAACTGTC-1,State_15,15,GSE190260,LAM1163,1.5011485815048218
GSE190260::LAM1163:TACGGATTCTATCCTA-1,9,GSE190260::LAM1163:CTGAAGTCACCGAATT-1,State_15,15,GSE190260,LAM1163,1.5924550294876099
GSE190260::LAM1163:TACGGATTCTATCCTA-1,10,GSE190260::LAM1163:CAGATCAGTATCACCA-1,State_15,15,GSE190260,LAM1163,1.5951446294784546
GSE190260::LAM1163:TACGGATTCTATCCTA-1,11,GSE190260::LAM1163:TAGACCATCGCACTCT-1,State_15,15,GSE190260,LAM1163,1.6005167961120605
GSE190260::LAM1163:TACGGATTCTATCCTA-1,12,GSE190260::LAM1163:TATCTCAAGAGACTAT-1,State_15,15,GSE190260,LAM1163,1.603324055671692
GSE190260::LAM1163:TACGGATTCTATCCTA-1,13,GSE190260::LAM1163:CGCTATCGTAGGCATG-1,State_15,15,GSE190260,LAM1163,1.6157699823379517
GSE190260::LAM1163:TACGGATTCTATCCTA-1,14,GSE190260::LAM1163:CGCTTCAAGCCCAACC-1,State_15,15,GSE190260,LAM1163,1.659657597541809
GSE190260::LAM1163:TACGGATTCTATCCTA-1,15,GSE190260::LAM1163:CGTCTACGTTTGTTGG-1,State_15,15,GSE190260,LAM1163,1.6597799062728882
GSE190260::LAM1163:TACGGATTCTATCCTA-1,16,GSE190260::LAM1163:TTGTAGGGTGCAACTT-1,State_15,15,GSE190260,LAM1163,1.6823920011520386
GSE190260::LAM1163:TACGGATTCTATCCTA-1,17,GSE190260::LAM1163:CTTACCGTCGTCTGCT-1,State_15,15,GSE190260,LAM1163,1.7127572298049927
GSE190260::LAM1163:TACGGATTCTATCCTA-1,18,GSE190260::LAM1163:CACAGTATCTTGTATC-1,State_15,15,GSE190260,LAM1163,1.7159171104431152
GSE190260::LAM1163:TACGGATTCTATCCTA-1,19,GSE190260::LAM1163:AGCCTAAAGATGCCAG-1,State_15,15,GSE190260,LAM1163,1.7226735353469849
GSE190260::LAM1163:TACGGATTCTATCCTA-1,20,GSE190260::LAM1163:TGCGCAGCAAGGCTCC-1,State_15,15,GSE190260,LAM1163,1.7691501379013062
GSE190260::LAM1163:TACGGATTCTATCCTA-1,21,GSE190260::LAM1163:CGGAGCTAGAGAACAG-1,State_15,15,GSE190260,LAM1163,1.7722034454345703
GSE190260::LAM1163:TACGGATTCTATCCTA-1,22,GSE190260::LAM1163:GGTGCGTTCTGTACGA-1,State_15,15,GSE190260,LAM1163,1.8446584939956665
GSE190260::LAM1163:TACGGATTCTATCCTA-1,23,GSE190260::LAM1163:TTAGGACGTCGGATCC-1,State_15,15,GSE190260,LAM1163,1.8860214948654175
GSE190260::LAM1163:TACGGATTCTATCCTA-1,24,GSE190260::LAM1163:AGTCTTTAGATAGTCA-1,State_15,15,GSE190260,LAM1163,1.8877387046813965
GSE190260::LAM1163:TACGGATTCTATCCTA-1,25,GSE190260::LAM1163:CTCTGGTCATCCCACT-1,State_15,15,GSE190260,LAM1163,1.8989731073379517
GSE190260::LAM1163:TACGGATTCTATCCTA-1,26,GSE190260::LAM1163:TTGTAGGGTAAAGTCA-1,State_15,15,GSE190260,LAM1163,1.9120386838912964
GSE190260::LAM1163:TACGGATTCTATCCTA-1,27,GSE190260::LAM1163:TCGTACCCAAGCCGTC-1,State_15,15,GSE190260,LAM1163,1.9297531843185425
GSE190260::LAM1163:TACGGATTCTATCCTA-1,28,GSE190260::LAM1163:GACTAACGTTGTGGCC-1,State_15,15,GSE190260,LAM1163,1.9346439838409424
GSE190260::LAM1163:TACGGATTCTATCCTA-1,29,GSE190260::LAM1163:CATCAGACAAGAAAGG-1,State_15,15,GSE190260,LAM1163,1.9376574754714966
GSE190260::LAM1163:TACGGATTCTATCCTA-1,30,GSE190260::LAM1163:GGGTTGCGTCAGAATA-1,State_15,15,GSE190260,LAM1163,1.9453719854354858
GSE190260::LAM1163:TACGGGCCAGTTAACC-1,1,GSE190260::LAM1163:CTCAGAATCACTTACT-1,State_15,15,GSE190260,LAM1163,1.417887568473816
GSE190260::LAM1163:TACGGGCCAGTTAACC-1,2,GSE190260::LAM1163:GGGTTGCGTCAGAATA-1,State_15,15,GSE190260,LAM1163,1.5627206563949585
GSE190260::LAM1163:TACGGGCCAGTTAACC-1,3,GSE190260::LAM1163:CATCAGACAAGAAAGG-1,State_15,15,GSE190260,LAM1163,1.653396487236023
GSE190260::LAM1163:TACGGGCCAGTTAACC-1,4,GSE190260::LAM1163:CCTCAGTAGTAGATGT-1,State_15,15,GSE190260,LAM1163,1.714447021484375
GSE190260::LAM1163:TACGGGCCAGTTAACC-1,5,GSE190260::LAM1163:CGCTATCGTAGGCATG-1,State_15,15,GSE190260,LAM1163,1.781504511833191
GSE190260::LAM1163:TACGGGCCAGTTAACC-1,6,GSE190260::LAM1163:GCTCCTAGTTCCACAA-1,State_15,15,GSE190260,LAM1163,1.7871445417404175
GSE190260::LAM1163:TACGGGCCAGTTAACC-1,7,GSE190260::LAM1163:TGCCCTACAGACGCCT-1,State_15,15,GSE190260,LAM1163,1.8248928785324097
GSE190260::LAM1163:TACGGGCCAGTTAACC-1,8,GSE190260::LAM1163:CTTACCGTCGTCTGCT-1,State_15,15,GSE190260,LAM1163,1.8530404567718506
GSE190260::LAM1163:TACGGGCCAGTTAACC-1,9,GSE190260::LAM1163:CACACTCTCTGTCCGT-1,State_15,15,GSE190260,LAM1163,1.871540904045105
GSE190260::LAM1163:TACGGGCCAGTTAACC-1,10,GSE190260::LAM1163:TGCGCAGCAAGGCTCC-1,State_15,15,GSE190260,LAM1163,1.880228877067566
GSE190260::LAM1163:TACGGGCCAGTTAACC-1,11,GSE190260::LAM1163:CAGCATATCCTCCTAG-1,State_15,15,GSE190260,LAM1163,1.9125330448150635
GSE190260::LAM1163:TACGGGCCAGTTAACC-1,12,GSE190260::LAM1163:CACCACTCACAGTCGC-1,State_15,15,GSE190260,LAM1163,1.9275397062301636
GSE190260::LAM1163:TACGGGCCAGTTAACC-1,13,GSE190260::LAM1163:CGTCTACGTTTGTTGG-1,State_15,15,GSE190260,LAM1163,1.9538123607635498
GSE190260::LAM1163:TACGGGCCAGTTAACC-1,14,GSE190260::LAM1163:GGTGCGTTCTGTACGA-1,State_15,15,GSE190260,LAM1163,2.042086124420166
GSE190260::LAM1163:TACGGGCCAGTTAACC-1,15,GSE190260::LAM1163:AGTCTTTAGATAGTCA-1,State_15,15,GSE190260,LAM1163,2.0464653968811035
GSE190260::LAM1163:TACGGGCCAGTTAACC-1,16,GSE190260::LAM1163:CGCTTCAAGCCCAACC-1,State_15,15,GSE190260,LAM1163,2.057649850845337
GSE190260::LAM1163:TACGGGCCAGTTAACC-1,17,GSE190260::LAM1163:GACTACATCGAGGTAG-1,State_15,15,GSE190260,LAM1163,2.0686895847320557
GSE190260::LAM1163:TACGGGCCAGTTAACC-1,18,GSE190260::LAM1163:CGTCCATTCGTAGGAG-1,State_15,15,GSE190260,LAM1163,2.0813546180725098
GSE190260::LAM1163:TACGGGCCAGTTAACC-1,19,GSE190260::LAM1163:CCAGCGAGTAGCCTAT-1,State_15,15,GSE190260,LAM1163,2.0859286785125732
GSE190260::LAM1163:TACGGGCCAGTTAACC-1,20,GSE190260::LAM1163:AACACGTAGCTAAACA-1,State_15,15,GSE190260,LAM1163,2.0902302265167236
GSE190260::LAM1163:TACGGGCCAGTTAACC-1,21,GSE190260::LAM1163:GCCTCTAAGAGCCCAA-1,State_15,15,GSE190260,LAM1163,2.1050379276275635
GSE190260::LAM1163:TACGGGCCAGTTAACC-1,22,GSE190260::LAM1163:CGATCGGAGATATGGT-1,State_15,15,GSE190260,LAM1163,2.1271209716796875
GSE190260::LAM1163:TACGGGCCAGTTAACC-1,23,GSE190260::LAM1163:CGGAGCTAGAGAACAG-1,State_15,15,GSE190260,LAM1163,2.145317316055298
GSE190260::LAM1163:TACGGGCCAGTTAACC-1,24,GSE190260::LAM1163:ATGTGTGGTAGTAGTA-1,State_15,15,GSE190260,LAM1163,2.174203395843506
GSE190260::LAM1163:TACGGGCCAGTTAACC-1,25,GSE190260::LAM1163:TTTACTGAGCTGAAAT-1,State_15,15,GSE190260,LAM1163,2.1792397499084473
GSE190260::LAM1163:TACGGGCCAGTTAACC-1,26,GSE190260::LAM1163:TCAGGATGTGACAAAT-1,State_15,15,GSE190260,LAM1163,2.1911942958831787
GSE190260::LAM1163:TACGGGCCAGTTAACC-1,27,GSE190260::LAM1163:GGATGTTTCTTCCTTC-1,State_15,15,GSE190260,LAM1163,2.195045232772827
GSE190260::LAM1163:TACGGGCCAGTTAACC-1,28,GSE190260::LAM1163:AGCTCCTTCCGCTGTT-1,State_15,15,GSE190260,LAM1163,2.2080771923065186
GSE190260::LAM1163:TACGGGCCAGTTAACC-1,29,GSE190260::LAM1163:CAAGTTGGTCGCCATG-1,State_15,15,GSE190260,LAM1163,2.211467742919922
GSE190260::LAM1163:TACGGGCCAGTTAACC-1,30,GSE190260::LAM1163:GCTTCCATCAGTTTGG-1,State_15,15,GSE190260,LAM1163,2.2312633991241455
GSE190260::LAM1163:TACGGTATCACCTTAT-1,1,GSE190260::LAM1163:TCGTACCCAAGCCGTC-1,State_15,15,GSE190260,LAM1163,1.4613361358642578
GSE190260::LAM1163:TACGGTATCACCTTAT-1,2,GSE190260::LAM1163:CTGATCCTCGCTTAGA-1,State_15,15,GSE190260,LAM1163,1.519978404045105
GSE190260::LAM1163:TACGGTATCACCTTAT-1,3,GSE190260::LAM1163:GGGATGATCACAAACC-1,State_15,15,GSE190260,LAM1163,1.6741156578063965
GSE190260::LAM1163:TACGGTATCACCTTAT-1,4,GSE190260::LAM1163:AAGACCTTCCCTTGCA-1,State_15,15,GSE190260,LAM1163,1.7651548385620117
GSE190260::LAM1163:TACGGTATCACCTTAT-1,5,GSE190260::LAM1163:TATCTCAAGAGACTAT-1,State_15,15,GSE190260,LAM1163,1.80231511592865
GSE190260::LAM1163:TACGGTATCACCTTAT-1,6,GSE190260::LAM1163:GTCACAAAGACTTGAA-1,State_15,15,GSE190260,LAM1163,1.807974934577942
GSE190260::LAM1163:TACGGTATCACCTTAT-1,7,GSE190260::LAM1163:GTTACAGCAAGCTGGA-1,State_15,15,GSE190260,LAM1163,1.867795467376709
GSE190260::LAM1163:TACGGTATCACCTTAT-1,8,GSE190260::LAM1163:CGGAGCTAGAGAACAG-1,State_15,15,GSE190260,LAM1163,1.8805515766143799
GSE190260::LAM1163:TACGGTATCACCTTAT-1,9,GSE190260::LAM1163:GACTAACGTTGTGGCC-1,State_15,15,GSE190260,LAM1163,1.9210219383239746
GSE190260::LAM1163:TACGGTATCACCTTAT-1,10,GSE190260::LAM1163:GCGGGTTTCACATAGC-1,State_15,15,GSE190260,LAM1163,1.9295562505722046
GSE190260::LAM1163:TACGGTATCACCTTAT-1,11,GSE190260::LAM1163:CAGATCAGTATCACCA-1,State_15,15,GSE190260,LAM1163,2.0006144046783447
GSE190260::LAM1163:TACGGTATCACCTTAT-1,12,GSE135851::LAM1:CGGACACTCAGAGGTG-1,State_15,15,GSE135851,LAM1,2.0310683250427246
GSE190260::LAM1163:TACGGTATCACCTTAT-1,13,GSE190260::LAM1163:GACTACATCGAGGTAG-1,State_15,15,GSE190260,LAM1163,2.0383338928222656
GSE190260::LAM1163:TACGGTATCACCTTAT-1,14,GSE190260::LAM1163:TGGACGCTCAAGAAGT-1,State_15,15,GSE190260,LAM1163,2.0423190593719482
GSE190260::LAM1163:TACGGTATCACCTTAT-1,15,GSE190260::LAM1163:GGATGTTTCTTCCTTC-1,State_15,15,GSE190260,LAM1163,2.078742742538452
GSE190260::LAM1163:TACGGTATCACCTTAT-1,16,GSE190260::LAM1163:AGGGTGACAAACTGTC-1,State_15,15,GSE190260,LAM1163,2.12957763671875
GSE190260::LAM1163:TACGGTATCACCTTAT-1,17,GSE190260::LAM1163:TCACAAGCAAAGTCAA-1,State_15,15,GSE190260,LAM1163,2.129615068435669
GSE190260::LAM1163:TACGGTATCACCTTAT-1,18,GSE190260::LAM1163:CATCAAGCAATACGCT-1,State_15,15,GSE190260,LAM1163,2.1333255767822266
GSE190260::LAM1163:TACGGTATCACCTTAT-1,19,GSE190260::LAM1163:GACGCGTCATCCGGGT-1,State_15,15,GSE190260,LAM1163,2.14775013923645
GSE190260::LAM1163:TACGGTATCACCTTAT-1,20,GSE190260::LAM1163:ACAGCCGAGGACTGGT-1,State_15,15,GSE190260,LAM1163,2.1521224975585938
GSE190260::LAM1163:TACGGTATCACCTTAT-1,21,GSE190260::LAM1163:TACGGATTCTATCCTA-1,State_15,15,GSE190260,LAM1163,2.179170608520508
GSE190260::LAM1163:TACGGTATCACCTTAT-1,22,GSE190260::LAM1163:GCACTCTCATCCGGGT-1,State_15,15,GSE190260,LAM1163,2.1951446533203125
GSE190260::LAM1163:TACGGTATCACCTTAT-1,23,GSE190260::LAM1163:CATATGGTCGCCCTTA-1,State_15,15,GSE190260,LAM1163,2.205500364303589
GSE190260::LAM1163:TACGGTATCACCTTAT-1,24,GSE190260::LAM1163:AGCTCCTGTCAAAGCG-1,State_15,15,GSE190260,LAM1163,2.2195518016815186
GSE190260::LAM1163:TACGGTATCACCTTAT-1,25,GSE190260::LAM1163:CGTCCATTCGTAGGAG-1,State_15,15,GSE190260,LAM1163,2.232790470123291
GSE190260::LAM1163:TACGGTATCACCTTAT-1,26,GSE190260::LAM1163:TCAGGATGTGACAAAT-1,State_15,15,GSE190260,LAM1163,2.253892421722412
GSE190260::LAM1163:TACGGTATCACCTTAT-1,27,GSE190260::LAM1163:CATCAGACAAGAAAGG-1,State_15,15,GSE190260,LAM1163,2.2549221515655518
GSE190260::LAM1163:TACGGTATCACCTTAT-1,28,GSE190260::LAM1163:TTGTAGGGTAAAGTCA-1,State_15,15,GSE190260,LAM1163,2.293795585632324
GSE190260::LAM1163:TACGGTATCACCTTAT-1,29,GSE190260::LAM1163:TGACGGCAGTGGCACA-1,State_15,15,GSE190260,LAM1163,2.3205034732818604
GSE190260::LAM1163:TACGGTATCACCTTAT-1,30,GSE190260::LAM1163:TTGTAGGGTGCAACTT-1,State_15,15,GSE190260,LAM1163,2.3232762813568115
GSE190260::LAM1163:TACTTGTGTGACGCCT-1,1,GSE135851::LAM3:GCGGGTTAGGCTAGAC-1,State_15,15,GSE135851,LAM3,2.754248857498169
GSE190260::LAM1163:TACTTGTGTGACGCCT-1,2,GSE190260::LAM1163:TTAGGCAAGGAGCGAG-1,State_15,15,GSE190260,LAM1163,3.338470458984375
GSE190260::LAM1163:TACTTGTGTGACGCCT-1,3,GSE190260::LAM1164-1:GCACATAAGGAATGGA-1,State_20,20,GSE190260,LAM1164,3.449521064758301
GSE190260::LAM1163:TACTTGTGTGACGCCT-1,4,GSE190260::LAM1164-1:CCTAAAGTCCGGCACA-1,State_17,17,GSE190260,LAM1164,3.4903061389923096
GSE190260::LAM1163:TACTTGTGTGACGCCT-1,5,GSE190260::LAM1163:TCTTCGGTCCCGGATG-1,State_15,15,GSE190260,LAM1163,3.6130669116973877
GSE190260::LAM1163:TACTTGTGTGACGCCT-1,6,GSE122960::GSE122960_Donor_07:GTGCAGCAGCTTTGGT-1,normal,,GSE122960,GSE122960_Donor_07,3.6723594665527344
GSE190260::LAM1163:TACTTGTGTGACGCCT-1,7,GSE190260::LAM1163:CTAAGACCAAGCCCAC-1,State_15,15,GSE190260,LAM1163,3.6830291748046875
GSE190260::LAM1163:TACTTGTGTGACGCCT-1,8,GSE217108::LAM32:GCTGCACAGTAGCTTA-1,State_16,16,GSE217108,LAM32,3.721737861633301
GSE190260::LAM1163:TACTTGTGTGACGCCT-1,9,GSE190260::LAM1163:ACGGGTCAGGTGATTA-1,State_7,7,GSE190260,LAM1163,3.7224771976470947
GSE190260::LAM1163:TACTTGTGTGACGCCT-1,10,GSE122960::GSE122960_Donor_07:CATCAAGAGAACAATC-1,normal,,GSE122960,GSE122960_Donor_07,3.7689225673675537
GSE190260::LAM1163:TACTTGTGTGACGCCT-1,11,GSE135851::LAM3:TTCTTAGCAACACCCG-1,State_15,15,GSE135851,LAM3,3.819009780883789
GSE190260::LAM1163:TACTTGTGTGACGCCT-1,12,GSE135851::LAM3:GTAACTGTCAAACAAG-1,State_15,15,GSE135851,LAM3,3.946568727493286
GSE190260::LAM1163:TACTTGTGTGACGCCT-1,13,GSE122960::GSE122960_Donor_07:ATCTACTTCGATGAGG-1,normal,,GSE122960,GSE122960_Donor_07,3.9496612548828125
GSE190260::LAM1163:TACTTGTGTGACGCCT-1,14,GSE217108::LAM32:TTCATTCAGGACACTT-1,boundary,,GSE217108,LAM32,3.964207172393799
GSE190260::LAM1163:TACTTGTGTGACGCCT-1,15,GSE135851::LAM3:TACAGTGAGGCAATTA-1,State_15,15,GSE135851,LAM3,3.976787805557251
GSE190260::LAM1163:TACTTGTGTGACGCCT-1,16,GSE190260::LAM1163:GCACTCTAGACGCACA-1,State_16,16,GSE190260,LAM1163,3.991126775741577
GSE190260::LAM1163:TACTTGTGTGACGCCT-1,17,GSE190260::LAM1164-1:CTCGGGACAGATCTGT-1,State_20,20,GSE190260,LAM1164,4.000607490539551
GSE190260::LAM1163:TACTTGTGTGACGCCT-1,18,GSE190260::LAM1163:CATTCGCAGCAATCTC-1,State_15,15,GSE190260,LAM1163,4.002982139587402
GSE190260::LAM1163:TACTTGTGTGACGCCT-1,19,GSE122960::GSE122960_Donor_07:GGGTCTGGTGAACCTT-1,normal,,GSE122960,GSE122960_Donor_07,4.02221155166626
GSE190260::LAM1163:TACTTGTGTGACGCCT-1,20,GSE190260::LAM1164-1:AGCTTGACATCGTCGG-1,State_17,17,GSE190260,LAM1164,4.067707061767578
GSE190260::LAM1163:TACTTGTGTGACGCCT-1,21,GSE122960::GSE122960_Donor_07:GTCTTCGCAGTAACGG-1,normal,,GSE122960,GSE122960_Donor_07,4.068108558654785
GSE190260::LAM1163:TACTTGTGTGACGCCT-1,22,GSE190260::LAM1164-1:TTCCCAGCAAGAAGAG-1,State_17,17,GSE190260,LAM1164,4.068431854248047
GSE190260::LAM1163:TACTTGTGTGACGCCT-1,23,GSE122960::GSE122960_Donor_07:CTCGGAGAGACACGAC-1,normal,,GSE122960,GSE122960_Donor_07,4.126688480377197
GSE190260::LAM1163:TACTTGTGTGACGCCT-1,24,GSE217108::LAM32:GAGTTGCGTAAGCTTG-1,boundary,,GSE217108,LAM32,4.155232906341553
GSE190260::LAM1163:TACTTGTGTGACGCCT-1,25,GSE122960::GSE122960_Donor_07:TACTTGTTCGGTGTCG-1,normal,,GSE122960,GSE122960_Donor_07,4.164902687072754
GSE190260::LAM1163:TACTTGTGTGACGCCT-1,26,GSE122960::GSE122960_Donor_07:GACAGAGCACATAACC-1,normal,,GSE122960,GSE122960_Donor_07,4.1824212074279785
GSE190260::LAM1163:TACTTGTGTGACGCCT-1,27,GSE122960::GSE122960_Donor_07:GTCACGGTCTTTACGT-1,normal,,GSE122960,GSE122960_Donor_07,4.186084270477295
GSE190260::LAM1163:TACTTGTGTGACGCCT-1,28,GSE217108::LAM44:TCAGTAATCTTTGAGA-1,State_12,12,GSE217108,LAM44,4.192900657653809
GSE190260::LAM1163:TACTTGTGTGACGCCT-1,29,GSE135851::LAM3:ACCTTTACACTCAGGC-1,State_15,15,GSE135851,LAM3,4.206693172454834
GSE190260::LAM1163:TACTTGTGTGACGCCT-1,30,GSE190260::LAM1163:GATCGATTCAGTGTTG-1,State_15,15,GSE190260,LAM1163,4.214242458343506
GSE190260::LAM1163:TAGACCATCGCACTCT-1,1,GSE190260::LAM1163:CTTACCGTCGTCTGCT-1,State_15,15,GSE190260,LAM1163,1.2924813032150269
GSE190260::LAM1163:TAGACCATCGCACTCT-1,2,GSE190260::LAM1163:AGTCTTTAGATAGTCA-1,State_15,15,GSE190260,LAM1163,1.3562437295913696
GSE190260::LAM1163:TAGACCATCGCACTCT-1,3,GSE190260::LAM1163:AGGGTGACAAACTGTC-1,State_15,15,GSE190260,LAM1163,1.3669196367263794
GSE190260::LAM1163:TAGACCATCGCACTCT-1,4,GSE190260::LAM1163:CTCAGAATCACTTACT-1,State_15,15,GSE190260,LAM1163,1.3693666458129883
GSE190260::LAM1163:TAGACCATCGCACTCT-1,5,GSE190260::LAM1163:GGATGTTTCTTCCTTC-1,State_15,15,GSE190260,LAM1163,1.3843190670013428
GSE190260::LAM1163:TAGACCATCGCACTCT-1,6,GSE190260::LAM1163:CACACTCTCTGTCCGT-1,State_15,15,GSE190260,LAM1163,1.4058568477630615
GSE190260::LAM1163:TAGACCATCGCACTCT-1,7,GSE190260::LAM1163:TTGTAGGGTGCAACTT-1,State_15,15,GSE190260,LAM1163,1.4098167419433594
GSE190260::LAM1163:TAGACCATCGCACTCT-1,8,GSE190260::LAM1163:GAGTCCGAGCTAAACA-1,State_15,15,GSE190260,LAM1163,1.4173651933670044
GSE190260::LAM1163:TAGACCATCGCACTCT-1,9,GSE190260::LAM1163:TGCCCTACAGACGCCT-1,State_15,15,GSE190260,LAM1163,1.4482313394546509
GSE190260::LAM1163:TAGACCATCGCACTCT-1,10,GSE190260::LAM1163:CATCAGACAAGAAAGG-1,State_15,15,GSE190260,LAM1163,1.4488075971603394
GSE190260::LAM1163:TAGACCATCGCACTCT-1,11,GSE190260::LAM1163:TGCGCAGCAAGGCTCC-1,State_15,15,GSE190260,LAM1163,1.5332821607589722
GSE190260::LAM1163:TAGACCATCGCACTCT-1,12,GSE190260::LAM1163:CGCTATCGTAGGCATG-1,State_15,15,GSE190260,LAM1163,1.536103367805481
GSE190260::LAM1163:TAGACCATCGCACTCT-1,13,GSE190260::LAM1163:CAAGTTGGTCGCCATG-1,State_15,15,GSE190260,LAM1163,1.5546021461486816
GSE190260::LAM1163:TAGACCATCGCACTCT-1,14,GSE190260::LAM1163:CCTCAGTAGTAGATGT-1,State_15,15,GSE190260,LAM1163,1.5621415376663208
GSE190260::LAM1163:TAGACCATCGCACTCT-1,15,GSE190260::LAM1163:TACGGATTCTATCCTA-1,State_15,15,GSE190260,LAM1163,1.6005167961120605
GSE190260::LAM1163:TAGACCATCGCACTCT-1,16,GSE190260::LAM1163:CGGAGCTAGAGAACAG-1,State_15,15,GSE190260,LAM1163,1.6060233116149902
GSE190260::LAM1163:TAGACCATCGCACTCT-1,17,GSE190260::LAM1163:CGATCGGAGATATGGT-1,State_15,15,GSE190260,LAM1163,1.628685474395752
GSE190260::LAM1163:TAGACCATCGCACTCT-1,18,GSE190260::LAM1163:CGGACTGGTCCAAGTT-1,State_15,15,GSE190260,LAM1163,1.6288315057754517
GSE190260::LAM1163:TAGACCATCGCACTCT-1,19,GSE190260::LAM1163:ATGTGTGGTAGTAGTA-1,State_15,15,GSE190260,LAM1163,1.6304229497909546
GSE190260::LAM1163:TAGACCATCGCACTCT-1,20,GSE190260::LAM1163:TTTGCGCAGCCAGAAC-1,State_15,15,GSE190260,LAM1163,1.6344190835952759
GSE190260::LAM1163:TAGACCATCGCACTCT-1,21,GSE190260::LAM1163:CTTCTCTGTACTTGAC-1,State_15,15,GSE190260,LAM1163,1.648478388786316
GSE190260::LAM1163:TAGACCATCGCACTCT-1,22,GSE190260::LAM1163:AGCCTAAAGATGCCAG-1,State_15,15,GSE190260,LAM1163,1.6617369651794434
GSE190260::LAM1163:TAGACCATCGCACTCT-1,23,GSE190260::LAM1163:GACTACATCGAGGTAG-1,State_15,15,GSE190260,LAM1163,1.6735320091247559
GSE190260::LAM1163:TAGACCATCGCACTCT-1,24,GSE190260::LAM1163:CCAGCGAGTAGCCTAT-1,State_15,15,GSE190260,LAM1163,1.6995817422866821
GSE190260::LAM1163:TAGACCATCGCACTCT-1,25,GSE190260::LAM1163:GGGTTGCGTCAGAATA-1,State_15,15,GSE190260,LAM1163,1.701467514038086
GSE190260::LAM1163:TAGACCATCGCACTCT-1,26,GSE190260::LAM1163:CGCTTCAAGCCCAACC-1,State_15,15,GSE190260,LAM1163,1.75393545627594
GSE190260::LAM1163:TAGACCATCGCACTCT-1,27,GSE190260::LAM1163:CACAGTATCTTGTATC-1,State_15,15,GSE190260,LAM1163,1.7798672914505005
GSE190260::LAM1163:TAGACCATCGCACTCT-1,28,GSE190260::LAM1163:ATTACTCGTGTCCTCT-1,State_15,15,GSE190260,LAM1163,1.7948260307312012
GSE190260::LAM1163:TAGACCATCGCACTCT-1,29,GSE190260::LAM1163:TTCTCAAAGTCCGTAT-1,State_15,15,GSE190260,LAM1163,1.806979775428772
GSE190260::LAM1163:TAGACCATCGCACTCT-1,30,GSE190260::LAM1163:CGTCCATTCGTAGGAG-1,State_15,15,GSE190260,LAM1163,1.814578890800476
GSE190260::LAM1163:TATCTCAAGAGACTAT-1,1,GSE190260::LAM1163:CAGATCAGTATCACCA-1,State_15,15,GSE190260,LAM1163,1.2781577110290527
GSE190260::LAM1163:TATCTCAAGAGACTAT-1,2,GSE190260::LAM1163:GGATGTTTCTTCCTTC-1,State_15,15,GSE190260,LAM1163,1.371592402458191
GSE190260::LAM1163:TATCTCAAGAGACTAT-1,3,GSE190260::LAM1163:TTGTAGGGTAAAGTCA-1,State_15,15,GSE190260,LAM1163,1.4691497087478638
GSE190260::LAM1163:TATCTCAAGAGACTAT-1,4,GSE190260::LAM1163:TTGTAGGGTGCAACTT-1,State_15,15,GSE190260,LAM1163,1.5224281549453735
GSE190260::LAM1163:TATCTCAAGAGACTAT-1,5,GSE190260::LAM1163:TGCGCAGTCTCTAAGG-1,State_15,15,GSE190260,LAM1163,1.5622650384902954
GSE190260::LAM1163:TATCTCAAGAGACTAT-1,6,GSE190260::LAM1163:TACGGATTCTATCCTA-1,State_15,15,GSE190260,LAM1163,1.603324055671692
GSE190260::LAM1163:TATCTCAAGAGACTAT-1,7,GSE190260::LAM1163:CGCTTCAAGCCCAACC-1,State_15,15,GSE190260,LAM1163,1.6462739706039429
GSE190260::LAM1163:TATCTCAAGAGACTAT-1,8,GSE190260::LAM1163:TCGTACCCAAGCCGTC-1,State_15,15,GSE190260,LAM1163,1.6673271656036377
GSE190260::LAM1163:TATCTCAAGAGACTAT-1,9,GSE190260::LAM1163:TCGAGGCAGACTAGAT-1,State_15,15,GSE190260,LAM1163,1.682175636291504
GSE190260::LAM1163:TATCTCAAGAGACTAT-1,10,GSE190260::LAM1163:GACTAACGTTGTGGCC-1,State_15,15,GSE190260,LAM1163,1.7122939825057983
GSE190260::LAM1163:TATCTCAAGAGACTAT-1,11,GSE190260::LAM1163:CTGAAGTCACCGAATT-1,State_15,15,GSE190260,LAM1163,1.7134499549865723
GSE190260::LAM1163:TATCTCAAGAGACTAT-1,12,GSE190260::LAM1163:ATTACTCGTGTCCTCT-1,State_15,15,GSE190260,LAM1163,1.7238404750823975
GSE190260::LAM1163:TATCTCAAGAGACTAT-1,13,GSE190260::LAM1163:ATGTGTGGTAGTAGTA-1,State_15,15,GSE190260,LAM1163,1.7333735227584839
GSE190260::LAM1163:TATCTCAAGAGACTAT-1,14,GSE190260::LAM1163:AAGACCTTCCCTTGCA-1,State_15,15,GSE190260,LAM1163,1.7944107055664062
GSE190260::LAM1163:TATCTCAAGAGACTAT-1,15,GSE190260::LAM1163:TACGGTATCACCTTAT-1,State_15,15,GSE190260,LAM1163,1.80231511592865
GSE190260::LAM1163:TATCTCAAGAGACTAT-1,16,GSE190260::LAM1163:TTTGCGCAGCCAGAAC-1,State_15,15,GSE190260,LAM1163,1.8087409734725952
GSE190260::LAM1163:TATCTCAAGAGACTAT-1,17,GSE190260::LAM1163:CTCTGGTCATCCCACT-1,State_15,15,GSE190260,LAM1163,1.8232353925704956
GSE190260::LAM1163:TATCTCAAGAGACTAT-1,18,GSE190260::LAM1163:CTTCTCTGTACTTGAC-1,State_15,15,GSE190260,LAM1163,1.8526278734207153
GSE190260::LAM1163:TATCTCAAGAGACTAT-1,19,GSE190260::LAM1163:CGGAGCTAGAGAACAG-1,State_15,15,GSE190260,LAM1163,1.8632901906967163
GSE190260::LAM1163:TATCTCAAGAGACTAT-1,20,GSE190260::LAM1163:GCGGGTTTCACATAGC-1,State_15,15,GSE190260,LAM1163,1.868748426437378
GSE190260::LAM1163:TATCTCAAGAGACTAT-1,21,GSE190260::LAM1163:GTCACAAAGACTTGAA-1,State_15,15,GSE190260,LAM1163,1.8830801248550415
GSE190260::LAM1163:TATCTCAAGAGACTAT-1,22,GSE190260::LAM1163:CGGACTGGTCCAAGTT-1,State_15,15,GSE190260,LAM1163,1.9124120473861694
GSE190260::LAM1163:TATCTCAAGAGACTAT-1,23,GSE190260::LAM1163:TAGACCATCGCACTCT-1,State_15,15,GSE190260,LAM1163,1.9205689430236816
GSE190260::LAM1163:TATCTCAAGAGACTAT-1,24,GSE190260::LAM1163:GGGTTGCGTCAGAATA-1,State_15,15,GSE190260,LAM1163,1.9218592643737793
GSE190260::LAM1163:TATCTCAAGAGACTAT-1,25,GSE190260::LAM1163:AGGGTGACAAACTGTC-1,State_15,15,GSE190260,LAM1163,1.9261116981506348
GSE190260::LAM1163:TATCTCAAGAGACTAT-1,26,GSE190260::LAM1163:GCACTCTCATCCGGGT-1,State_15,15,GSE190260,LAM1163,1.9364908933639526
GSE190260::LAM1163:TATCTCAAGAGACTAT-1,27,GSE190260::LAM1163:ATCACGACAGTAAGAT-1,State_15,15,GSE190260,LAM1163,1.960660696029663
GSE190260::LAM1163:TATCTCAAGAGACTAT-1,28,GSE190260::LAM1163:CTCAGAAGTGATAAGT-1,State_15,15,GSE190260,LAM1163,1.9700002670288086
GSE190260::LAM1163:TATCTCAAGAGACTAT-1,29,GSE190260::LAM1163:AGTCTTTAGATAGTCA-1,State_15,15,GSE190260,LAM1163,1.9789485931396484
GSE190260::LAM1163:TATCTCAAGAGACTAT-1,30,GSE190260::LAM1163:CTGATCCTCGCTTAGA-1,State_15,15,GSE190260,LAM1163,1.9944382905960083
GSE190260::LAM1163:TCACAAGCAAAGTCAA-1,1,GSE190260::LAM1163:GTTACAGCAAGCTGGA-1,State_15,15,GSE190260,LAM1163,2.1243937015533447
GSE190260::LAM1163:TCACAAGCAAAGTCAA-1,2,GSE190260::LAM1163:TACGGTATCACCTTAT-1,State_15,15,GSE190260,LAM1163,2.129615068435669
GSE190260::LAM1163:TCACAAGCAAAGTCAA-1,3,GSE190260::LAM1163:GGGATGATCACAAACC-1,State_15,15,GSE190260,LAM1163,2.2882511615753174
GSE190260::LAM1163:TCACAAGCAAAGTCAA-1,4,GSE190260::LAM1163:ATCCACCTCTTGTCAT-1,State_15,15,GSE190260,LAM1163,2.2890071868896484
GSE190260::LAM1163:TCACAAGCAAAGTCAA-1,5,GSE190260::LAM1163:CATATTCGTCTCCCTA-1,State_15,15,GSE190260,LAM1163,2.3734071254730225
GSE190260::LAM1163:TCACAAGCAAAGTCAA-1,6,GSE190260::LAM1163:CATCAAGCAATACGCT-1,State_15,15,GSE190260,LAM1163,2.376187801361084
GSE190260::LAM1163:TCACAAGCAAAGTCAA-1,7,GSE190260::LAM1163:TGGACGCTCAAGAAGT-1,State_15,15,GSE190260,LAM1163,2.4121952056884766
GSE190260::LAM1163:TCACAAGCAAAGTCAA-1,8,GSE190260::LAM1163:GTCACAAAGACTTGAA-1,State_15,15,GSE190260,LAM1163,2.4173173904418945
GSE190260::LAM1163:TCACAAGCAAAGTCAA-1,9,GSE190260::LAM1163:TCGTACCCAAGCCGTC-1,State_15,15,GSE190260,LAM1163,2.466372489929199
GSE190260::LAM1163:TCACAAGCAAAGTCAA-1,10,GSE190260::LAM1163:ACAGCCGAGGACTGGT-1,State_15,15,GSE190260,LAM1163,2.532754421234131
GSE190260::LAM1163:TCACAAGCAAAGTCAA-1,11,GSE135851::LAM1:CGGACACTCAGAGGTG-1,State_15,15,GSE135851,LAM1,2.5465753078460693
GSE190260::LAM1163:TCACAAGCAAAGTCAA-1,12,GSE190260::LAM1163:CTTACCGCACATGTGT-1,State_15,15,GSE190260,LAM1163,2.6984925270080566
GSE190260::LAM1163:TCACAAGCAAAGTCAA-1,13,GSE190260::LAM1163:CTGATCCTCGCTTAGA-1,State_15,15,GSE190260,LAM1163,2.7009661197662354
GSE190260::LAM1163:TCACAAGCAAAGTCAA-1,14,GSE190260::LAM1163:TTGGAACTCGGCGGTT-1,State_15,15,GSE190260,LAM1163,2.7427918910980225
GSE190260::LAM1163:TCACAAGCAAAGTCAA-1,15,GSE190260::LAM1163:GACGCGTCATCCGGGT-1,State_15,15,GSE190260,LAM1163,2.7486722469329834
GSE190260::LAM1163:TCACAAGCAAAGTCAA-1,16,GSE190260::LAM1163:AGGTCCGAGGCATGTG-1,State_15,15,GSE190260,LAM1163,2.839754343032837
GSE190260::LAM1163:TCACAAGCAAAGTCAA-1,17,GSE302356::LAM3:TTTATGCAGAGCCTGA-1,State_15,15,GSE302356,LAM32,2.8476903438568115
GSE190260::LAM1163:TCACAAGCAAAGTCAA-1,18,GSE135851::LAM1:GGGAGATAGCCATCGC-1,State_15,15,GSE135851,LAM1,2.875889778137207
GSE190260::LAM1163:TCACAAGCAAAGTCAA-1,19,GSE190260::LAM1163:CGGCTAGAGTGGTAGC-1,State_15,15,GSE190260,LAM1163,2.9049017429351807
GSE190260::LAM1163:TCACAAGCAAAGTCAA-1,20,GSE190260::LAM1163:GCGGGTTTCACATAGC-1,State_15,15,GSE190260,LAM1163,2.9084763526916504
GSE190260::LAM1163:TCACAAGCAAAGTCAA-1,21,GSE190260::LAM1163:GCACTCTCATCCGGGT-1,State_15,15,GSE190260,LAM1163,2.9860591888427734
GSE190260::LAM1163:TCACAAGCAAAGTCAA-1,22,GSE190260::LAM1163:CATATGGTCGCCCTTA-1,State_15,15,GSE190260,LAM1163,3.0050084590911865
GSE190260::LAM1163:TCACAAGCAAAGTCAA-1,23,GSE190260::LAM1163:GACTAACGTTGTGGCC-1,State_15,15,GSE190260,LAM1163,3.083845615386963
GSE190260::LAM1163:TCACAAGCAAAGTCAA-1,24,GSE135851::LAM1:ATTACTCAGCCACCTG-1,State_15,15,GSE135851,LAM1,3.109276294708252
GSE190260::LAM1163:TCACAAGCAAAGTCAA-1,25,GSE190260::LAM1163:AAGACCTTCCCTTGCA-1,State_15,15,GSE190260,LAM1163,3.182748794555664
GSE190260::LAM1163:TCACAAGCAAAGTCAA-1,26,GSE190260::LAM1163:TATCTCAAGAGACTAT-1,State_15,15,GSE190260,LAM1163,3.191784620285034
GSE190260::LAM1163:TCACAAGCAAAGTCAA-1,27,GSE190260::LAM1163:CGCTGGAGTAAGTAGT-1,State_15,15,GSE190260,LAM1163,3.193260669708252
GSE190260::LAM1163:TCACAAGCAAAGTCAA-1,28,GSE135851::LAM1:CGAGCACCATTATCTC-1,State_15,15,GSE135851,LAM1,3.2150442600250244
GSE190260::LAM1163:TCACAAGCAAAGTCAA-1,29,GSE190260::LAM1163:AGCTCCTGTCAAAGCG-1,State_15,15,GSE190260,LAM1163,3.2248408794403076
GSE190260::LAM1163:TCACAAGCAAAGTCAA-1,30,GSE190260::LAM1163:CAGATCAGTATCACCA-1,State_15,15,GSE190260,LAM1163,3.2311248779296875
GSE190260::LAM1163:TCAGGATGTGACAAAT-1,1,GSE190260::LAM1163:GACTACATCGAGGTAG-1,State_15,15,GSE190260,LAM1163,1.6721441745758057
GSE190260::LAM1163:TCAGGATGTGACAAAT-1,2,GSE190260::LAM1163:CGGAGCTAGAGAACAG-1,State_15,15,GSE190260,LAM1163,1.7584052085876465
GSE190260::LAM1163:TCAGGATGTGACAAAT-1,3,GSE190260::LAM1163:CTTACCGTCGTCTGCT-1,State_15,15,GSE190260,LAM1163,1.8405554294586182
GSE190260::LAM1163:TCAGGATGTGACAAAT-1,4,GSE190260::LAM1163:AAGACCTTCCCTTGCA-1,State_15,15,GSE190260,LAM1163,1.8617061376571655
GSE190260::LAM1163:TCAGGATGTGACAAAT-1,5,GSE190260::LAM1163:CATCAGACAAGAAAGG-1,State_15,15,GSE190260,LAM1163,1.8899368047714233
GSE190260::LAM1163:TCAGGATGTGACAAAT-1,6,GSE190260::LAM1163:TAGACCATCGCACTCT-1,State_15,15,GSE190260,LAM1163,1.9307503700256348
GSE190260::LAM1163:TCAGGATGTGACAAAT-1,7,GSE190260::LAM1163:TTCTCAAAGTCCGTAT-1,State_15,15,GSE190260,LAM1163,1.973429560661316
GSE190260::LAM1163:TCAGGATGTGACAAAT-1,8,GSE135851::LAM1:GTTTCTACATTGTGCA-1,State_15,15,GSE135851,LAM1,1.9816557168960571
GSE190260::LAM1163:TCAGGATGTGACAAAT-1,9,GSE190260::LAM1163:GCCTCTAAGAGCCCAA-1,State_15,15,GSE190260,LAM1163,2.050443649291992
GSE190260::LAM1163:TCAGGATGTGACAAAT-1,10,GSE190260::LAM1163:GGGTTGCGTCAGAATA-1,State_15,15,GSE190260,LAM1163,2.071125030517578
GSE190260::LAM1163:TCAGGATGTGACAAAT-1,11,GSE190260::LAM1163:TACGGATTCTATCCTA-1,State_15,15,GSE190260,LAM1163,2.073457717895508
GSE190260::LAM1163:TCAGGATGTGACAAAT-1,12,GSE190260::LAM1163:ATGTGTGGTAGTAGTA-1,State_15,15,GSE190260,LAM1163,2.077510118484497
GSE190260::LAM1163:TCAGGATGTGACAAAT-1,13,GSE190260::LAM1163:TTTACTGAGCTGAAAT-1,State_15,15,GSE190260,LAM1163,2.0831949710845947
GSE190260::LAM1163:TCAGGATGTGACAAAT-1,14,GSE190260::LAM1163:CGCTATCGTAGGCATG-1,State_15,15,GSE190260,LAM1163,2.085005283355713
GSE190260::LAM1163:TCAGGATGTGACAAAT-1,15,GSE190260::LAM1163:CAGATCAGTATCACCA-1,State_15,15,GSE190260,LAM1163,2.0932843685150146
GSE190260::LAM1163:TCAGGATGTGACAAAT-1,16,GSE190260::LAM1163:CGCTGGACAAGTTCTG-1,State_15,15,GSE190260,LAM1163,2.0980679988861084
GSE190260::LAM1163:TCAGGATGTGACAAAT-1,17,GSE190260::LAM1163:TGCCCTACAGACGCCT-1,State_15,15,GSE190260,LAM1163,2.1236183643341064
GSE190260::LAM1163:TCAGGATGTGACAAAT-1,18,GSE190260::LAM1163:GGATGTTTCTTCCTTC-1,State_15,15,GSE190260,LAM1163,2.130154848098755
GSE190260::LAM1163:TCAGGATGTGACAAAT-1,19,GSE190260::LAM1163:AACACGTAGCTAAACA-1,State_15,15,GSE190260,LAM1163,2.130523443222046
GSE190260::LAM1163:TCAGGATGTGACAAAT-1,20,GSE135851::LAM1:TATCTCATCAAGCCTA-1,State_15,15,GSE135851,LAM1,2.138685703277588
GSE190260::LAM1163:TCAGGATGTGACAAAT-1,21,GSE190260::LAM1163:CAAGTTGGTCGCCATG-1,State_15,15,GSE190260,LAM1163,2.141789674758911
GSE190260::LAM1163:TCAGGATGTGACAAAT-1,22,GSE190260::LAM1163:CCTCAGTAGTAGATGT-1,State_15,15,GSE190260,LAM1163,2.1657347679138184
GSE190260::LAM1163:TCAGGATGTGACAAAT-1,23,GSE190260::LAM1163:CGCTGGAGTAAGTAGT-1,State_15,15,GSE190260,LAM1163,2.168771743774414
GSE190260::LAM1163:TCAGGATGTGACAAAT-1,24,GSE190260::LAM1163:GGGATGATCACAAACC-1,State_15,15,GSE190260,LAM1163,2.1764638423919678
GSE190260::LAM1163:TCAGGATGTGACAAAT-1,25,GSE190260::LAM1163:ACATGGTCATCGATTG-1,State_15,15,GSE190260,LAM1163,2.177475690841675
GSE190260::LAM1163:TCAGGATGTGACAAAT-1,26,GSE190260::LAM1163:CACACTCTCTGTCCGT-1,State_15,15,GSE190260,LAM1163,2.1877946853637695
GSE190260::LAM1163:TCAGGATGTGACAAAT-1,27,GSE190260::LAM1163:TACGGGCCAGTTAACC-1,State_15,15,GSE190260,LAM1163,2.1911942958831787
GSE190260::LAM1163:TCAGGATGTGACAAAT-1,28,GSE190260::LAM1163:AGGGTGACAAACTGTC-1,State_15,15,GSE190260,LAM1163,2.2224206924438477
GSE190260::LAM1163:TCAGGATGTGACAAAT-1,29,GSE190260::LAM1163:AGTCTTTAGATAGTCA-1,State_15,15,GSE190260,LAM1163,2.2369494438171387
GSE190260::LAM1163:TCAGGATGTGACAAAT-1,30,GSE190260::LAM1163:TCGTACCCAAGCCGTC-1,State_15,15,GSE190260,LAM1163,2.2479465007781982
GSE190260::LAM1163:TCGAGGCAGACTAGAT-1,1,GSE190260::LAM1163:CTCTGGTCATCCCACT-1,State_15,15,GSE190260,LAM1163,0.6861556172370911
GSE190260::LAM1163:TCGAGGCAGACTAGAT-1,2,GSE190260::LAM1163:TTGTAGGGTAAAGTCA-1,State_15,15,GSE190260,LAM1163,1.353251576423645
GSE190260::LAM1163:TCGAGGCAGACTAGAT-1,3,GSE190260::LAM1163:TGACGGCAGTGGCACA-1,State_15,15,GSE190260,LAM1163,1.5946762561798096
GSE190260::LAM1163:TCGAGGCAGACTAGAT-1,4,GSE190260::LAM1163:CGGCTAGAGTGGTAGC-1,State_15,15,GSE190260,LAM1163,1.6170240640640259
GSE190260::LAM1163:TCGAGGCAGACTAGAT-1,5,GSE190260::LAM1163:ATCACGACAGTAAGAT-1,State_15,15,GSE190260,LAM1163,1.6328011751174927
GSE190260::LAM1163:TCGAGGCAGACTAGAT-1,6,GSE135851::LAM3:CGTAGGCGTACTCAAC-1,State_15,15,GSE135851,LAM3,1.665234923362732
GSE190260::LAM1163:TCGAGGCAGACTAGAT-1,7,GSE190260::LAM1163:TATCTCAAGAGACTAT-1,State_15,15,GSE190260,LAM1163,1.682175636291504
GSE190260::LAM1163:TCGAGGCAGACTAGAT-1,8,GSE190260::LAM1163:TTTGCGCAGCCAGAAC-1,State_15,15,GSE190260,LAM1163,1.7274729013442993
GSE190260::LAM1163:TCGAGGCAGACTAGAT-1,9,GSE190260::LAM1163:GCACTCTCATCCGGGT-1,State_15,15,GSE190260,LAM1163,1.7387200593948364
GSE190260::LAM1163:TCGAGGCAGACTAGAT-1,10,GSE190260::LAM1163:CTCAGAAGTGATAAGT-1,State_15,15,GSE190260,LAM1163,1.7628421783447266
GSE190260::LAM1163:TCGAGGCAGACTAGAT-1,11,GSE190260::LAM1163:GACTAACGTTGTGGCC-1,State_15,15,GSE190260,LAM1163,1.8029413223266602
GSE190260::LAM1163:TCGAGGCAGACTAGAT-1,12,GSE190260::LAM1163:GTCACAAAGACTTGAA-1,State_15,15,GSE190260,LAM1163,1.8034956455230713
GSE190260::LAM1163:TCGAGGCAGACTAGAT-1,13,GSE190260::LAM1163:AAAGCAACAAGAGTCG-1,State_15,15,GSE190260,LAM1163,1.8122676610946655
GSE190260::LAM1163:TCGAGGCAGACTAGAT-1,14,GSE190260::LAM1163:GGTGCGTTCTGTACGA-1,State_15,15,GSE190260,LAM1163,1.8197530508041382
GSE190260::LAM1163:TCGAGGCAGACTAGAT-1,15,GSE190260::LAM1163:GGATGTTTCTTCCTTC-1,State_15,15,GSE190260,LAM1163,1.8260388374328613
GSE190260::LAM1163:TCGAGGCAGACTAGAT-1,16,GSE190260::LAM1163:ATTACTCGTGTCCTCT-1,State_15,15,GSE190260,LAM1163,1.8473788499832153
GSE190260::LAM1163:TCGAGGCAGACTAGAT-1,17,GSE190260::LAM1163:AGCTCCTGTCAAAGCG-1,State_15,15,GSE190260,LAM1163,1.917155146598816
GSE190260::LAM1163:TCGAGGCAGACTAGAT-1,18,GSE190260::LAM1163:GCGGGTTTCACATAGC-1,State_15,15,GSE190260,LAM1163,1.9850682020187378
GSE190260::LAM1163:TCGAGGCAGACTAGAT-1,19,GSE190260::LAM1163:TTGTAGGGTGCAACTT-1,State_15,15,GSE190260,LAM1163,1.9986883401870728
GSE190260::LAM1163:TCGAGGCAGACTAGAT-1,20,GSE190260::LAM1163:TACGGATTCTATCCTA-1,State_15,15,GSE190260,LAM1163,2.004777431488037
GSE190260::LAM1163:TCGAGGCAGACTAGAT-1,21,GSE190260::LAM1163:CGCTTCAAGCCCAACC-1,State_15,15,GSE190260,LAM1163,2.005689859390259
GSE190260::LAM1163:TCGAGGCAGACTAGAT-1,22,GSE190260::LAM1163:TTAGGACGTCGGATCC-1,State_15,15,GSE190260,LAM1163,2.023670196533203
GSE190260::LAM1163:TCGAGGCAGACTAGAT-1,23,GSE190260::LAM1163:ACAGCCGAGGACTGGT-1,State_15,15,GSE190260,LAM1163,2.0278196334838867
GSE190260::LAM1163:TCGAGGCAGACTAGAT-1,24,GSE190260::LAM1163:CACACTCAGATAGGAG-1,State_15,15,GSE190260,LAM1163,2.057244062423706
GSE190260::LAM1163:TCGAGGCAGACTAGAT-1,25,GSE190260::LAM1163:CGTCTACGTTTGTTGG-1,State_15,15,GSE190260,LAM1163,2.1130785942077637
GSE190260::LAM1163:TCGAGGCAGACTAGAT-1,26,GSE190260::LAM1163:AGAGTGGCATGATCCA-1,State_15,15,GSE190260,LAM1163,2.118685722351074
GSE190260::LAM1163:TCGAGGCAGACTAGAT-1,27,GSE190260::LAM1163:CAGATCAGTATCACCA-1,State_15,15,GSE190260,LAM1163,2.1538796424865723
GSE190260::LAM1163:TCGAGGCAGACTAGAT-1,28,GSE190260::LAM1163:CATCAGACAAGAAAGG-1,State_15,15,GSE190260,LAM1163,2.1553425788879395
GSE190260::LAM1163:TCGAGGCAGACTAGAT-1,29,GSE190260::LAM1163:TGCGCAGTCTCTAAGG-1,State_15,15,GSE190260,LAM1163,2.1648945808410645
GSE190260::LAM1163:TCGAGGCAGACTAGAT-1,30,GSE190260::LAM1163:TGCGCAGCAAGGCTCC-1,State_15,15,GSE190260,LAM1163,2.182682752609253
GSE190260::LAM1163:TCGTACCCAAGCCGTC-1,1,GSE190260::LAM1163:GCGGGTTTCACATAGC-1,State_15,15,GSE190260,LAM1163,1.4215136766433716
GSE190260::LAM1163:TCGTACCCAAGCCGTC-1,2,GSE190260::LAM1163:TACGGTATCACCTTAT-1,State_15,15,GSE190260,LAM1163,1.4613361358642578
GSE190260::LAM1163:TCGTACCCAAGCCGTC-1,3,GSE190260::LAM1163:AAGACCTTCCCTTGCA-1,State_15,15,GSE190260,LAM1163,1.5001051425933838
GSE190260::LAM1163:TCGTACCCAAGCCGTC-1,4,GSE135851::LAM1:CGGACACTCAGAGGTG-1,State_15,15,GSE135851,LAM1,1.5201925039291382
GSE190260::LAM1163:TCGTACCCAAGCCGTC-1,5,GSE190260::LAM1163:GACTAACGTTGTGGCC-1,State_15,15,GSE190260,LAM1163,1.5256999731063843
GSE190260::LAM1163:TCGTACCCAAGCCGTC-1,6,GSE190260::LAM1163:TGCGCAGTCTCTAAGG-1,State_15,15,GSE190260,LAM1163,1.5421663522720337
GSE190260::LAM1163:TCGTACCCAAGCCGTC-1,7,GSE190260::LAM1163:GGGATGATCACAAACC-1,State_15,15,GSE190260,LAM1163,1.5774931907653809
GSE190260::LAM1163:TCGTACCCAAGCCGTC-1,8,GSE190260::LAM1163:TATCTCAAGAGACTAT-1,State_15,15,GSE190260,LAM1163,1.6673271656036377
GSE190260::LAM1163:TCGTACCCAAGCCGTC-1,9,GSE190260::LAM1163:GTCACAAAGACTTGAA-1,State_15,15,GSE190260,LAM1163,1.712164044380188
GSE190260::LAM1163:TCGTACCCAAGCCGTC-1,10,GSE190260::LAM1163:CTGATCCTCGCTTAGA-1,State_15,15,GSE190260,LAM1163,1.7421361207962036
GSE190260::LAM1163:TCGTACCCAAGCCGTC-1,11,GSE190260::LAM1163:CAGATCAGTATCACCA-1,State_15,15,GSE190260,LAM1163,1.7867482900619507
GSE190260::LAM1163:TCGTACCCAAGCCGTC-1,12,GSE190260::LAM1163:GGATGTTTCTTCCTTC-1,State_15,15,GSE190260,LAM1163,1.80220365524292
GSE190260::LAM1163:TCGTACCCAAGCCGTC-1,13,GSE190260::LAM1163:GACGCGTCATCCGGGT-1,State_15,15,GSE190260,LAM1163,1.8220268487930298
GSE190260::LAM1163:TCGTACCCAAGCCGTC-1,14,GSE190260::LAM1163:ACAGCCGAGGACTGGT-1,State_15,15,GSE190260,LAM1163,1.8777034282684326
GSE190260::LAM1163:TCGTACCCAAGCCGTC-1,15,GSE190260::LAM1163:AGGGTGACAAACTGTC-1,State_15,15,GSE190260,LAM1163,1.8931103944778442
GSE190260::LAM1163:TCGTACCCAAGCCGTC-1,16,GSE190260::LAM1163:TACGGATTCTATCCTA-1,State_15,15,GSE190260,LAM1163,1.9297531843185425
GSE190260::LAM1163:TCGTACCCAAGCCGTC-1,17,GSE190260::LAM1163:GCACTCTCATCCGGGT-1,State_15,15,GSE190260,LAM1163,1.9491175413131714
GSE190260::LAM1163:TCGTACCCAAGCCGTC-1,18,GSE190260::LAM1163:CGCTTCAAGCCCAACC-1,State_15,15,GSE190260,LAM1163,1.9607415199279785
GSE190260::LAM1163:TCGTACCCAAGCCGTC-1,19,GSE190260::LAM1163:CGGCTAGAGTGGTAGC-1,State_15,15,GSE190260,LAM1163,1.9679371118545532
GSE190260::LAM1163:TCGTACCCAAGCCGTC-1,20,GSE190260::LAM1163:TTCTCAAAGTCCGTAT-1,State_15,15,GSE190260,LAM1163,2.007594108581543
GSE190260::LAM1163:TCGTACCCAAGCCGTC-1,21,GSE190260::LAM1163:CATCAGACAAGAAAGG-1,State_15,15,GSE190260,LAM1163,2.022176742553711
GSE190260::LAM1163:TCGTACCCAAGCCGTC-1,22,GSE190260::LAM1163:TGACGGCAGTGGCACA-1,State_15,15,GSE190260,LAM1163,2.0256776809692383
GSE190260::LAM1163:TCGTACCCAAGCCGTC-1,23,GSE190260::LAM1163:ATGTGTGGTAGTAGTA-1,State_15,15,GSE190260,LAM1163,2.0311343669891357
GSE190260::LAM1163:TCGTACCCAAGCCGTC-1,24,GSE190260::LAM1163:AGCTCCTGTCAAAGCG-1,State_15,15,GSE190260,LAM1163,2.0390214920043945
GSE190260::LAM1163:TCGTACCCAAGCCGTC-1,25,GSE190260::LAM1163:TTAGGACGTCGGATCC-1,State_15,15,GSE190260,LAM1163,2.0519509315490723
GSE190260::LAM1163:TCGTACCCAAGCCGTC-1,26,GSE190260::LAM1163:TTGTAGGGTAAAGTCA-1,State_15,15,GSE190260,LAM1163,2.0537056922912598
GSE190260::LAM1163:TCGTACCCAAGCCGTC-1,27,GSE190260::LAM1163:GACTACATCGAGGTAG-1,State_15,15,GSE190260,LAM1163,2.0548696517944336
GSE190260::LAM1163:TCGTACCCAAGCCGTC-1,28,GSE190260::LAM1163:ATTACTCGTGTCCTCT-1,State_15,15,GSE190260,LAM1163,2.0597856044769287
GSE190260::LAM1163:TCGTACCCAAGCCGTC-1,29,GSE190260::LAM1163:CGTCCATTCGTAGGAG-1,State_15,15,GSE190260,LAM1163,2.113816738128662
GSE190260::LAM1163:TCGTACCCAAGCCGTC-1,30,GSE190260::LAM1163:CATCAAGCAATACGCT-1,State_15,15,GSE190260,LAM1163,2.1162776947021484
GSE190260::LAM1163:TCGTAGAGTTACCGAT-1,1,GSE190260::LAM1163:CTTACCGTCGTCTGCT-1,State_15,15,GSE190260,LAM1163,1.9131108522415161
GSE190260::LAM1163:TCGTAGAGTTACCGAT-1,2,GSE190260::LAM1163:CGATCGGAGATATGGT-1,State_15,15,GSE190260,LAM1163,1.9259247779846191
GSE190260::LAM1163:TCGTAGAGTTACCGAT-1,3,GSE190260::LAM1163:TGCGCAGCAAGGCTCC-1,State_15,15,GSE190260,LAM1163,1.9412204027175903
GSE190260::LAM1163:TCGTAGAGTTACCGAT-1,4,GSE190260::LAM1163:CAAGTTGGTCGCCATG-1,State_15,15,GSE190260,LAM1163,1.9769586324691772
GSE190260::LAM1163:TCGTAGAGTTACCGAT-1,5,GSE190260::LAM1163:TAGACCATCGCACTCT-1,State_15,15,GSE190260,LAM1163,2.0067665576934814
GSE190260::LAM1163:TCGTAGAGTTACCGAT-1,6,GSE190260::LAM1163:CTCAGAATCACTTACT-1,State_15,15,GSE190260,LAM1163,2.0264365673065186
GSE190260::LAM1163:TCGTAGAGTTACCGAT-1,7,GSE190260::LAM1163:CCTCAGTAGTAGATGT-1,State_15,15,GSE190260,LAM1163,2.0301623344421387
GSE190260::LAM1163:TCGTAGAGTTACCGAT-1,8,GSE190260::LAM1163:TGCCCTACAGACGCCT-1,State_15,15,GSE190260,LAM1163,2.0564327239990234
GSE190260::LAM1163:TCGTAGAGTTACCGAT-1,9,GSE190260::LAM1163:GTGTTAGTCTCCAACC-1,State_15,15,GSE190260,LAM1163,2.095586061477661
GSE190260::LAM1163:TCGTAGAGTTACCGAT-1,10,GSE190260::LAM1163:CTAAGACGTGGTTTCA-1,State_15,15,GSE190260,LAM1163,2.1334943771362305
GSE190260::LAM1163:TCGTAGAGTTACCGAT-1,11,GSE190260::LAM1163:TTAGGACCAGCTGTAT-1,State_15,15,GSE190260,LAM1163,2.218045234680176
GSE190260::LAM1163:TCGTAGAGTTACCGAT-1,12,GSE190260::LAM1163:CCAGCGAGTAGCCTAT-1,State_15,15,GSE190260,LAM1163,2.2544727325439453
GSE190260::LAM1163:TCGTAGAGTTACCGAT-1,13,GSE190260::LAM1163:CGCTATCGTAGGCATG-1,State_15,15,GSE190260,LAM1163,2.257011651992798
GSE190260::LAM1163:TCGTAGAGTTACCGAT-1,14,GSE190260::LAM1163:TTTACTGAGCTGAAAT-1,State_15,15,GSE190260,LAM1163,2.2741539478302
GSE190260::LAM1163:TCGTAGAGTTACCGAT-1,15,GSE190260::LAM1163:CACACTCTCTGTCCGT-1,State_15,15,GSE190260,LAM1163,2.2905731201171875
GSE190260::LAM1163:TCGTAGAGTTACCGAT-1,16,GSE190260::LAM1163:CGTCTACGTTTGTTGG-1,State_15,15,GSE190260,LAM1163,2.3273298740386963
GSE190260::LAM1163:TCGTAGAGTTACCGAT-1,17,GSE190260::LAM1163:AGAGCTTCACGTTGGC-1,State_15,15,GSE190260,LAM1163,2.329817295074463
GSE190260::LAM1163:TCGTAGAGTTACCGAT-1,18,GSE190260::LAM1163:TACGGGCCAGTTAACC-1,State_15,15,GSE190260,LAM1163,2.330204725265503
GSE190260::LAM1163:TCGTAGAGTTACCGAT-1,19,GSE190260::LAM1163:AGTCTTTAGATAGTCA-1,State_15,15,GSE190260,LAM1163,2.386578321456909
GSE190260::LAM1163:TCGTAGAGTTACCGAT-1,20,GSE190260::LAM1163:CATCAGACAAGAAAGG-1,State_15,15,GSE190260,LAM1163,2.3974251747131348
GSE190260::LAM1163:TCGTAGAGTTACCGAT-1,21,GSE190260::LAM1163:AAAGCAACAAGAGTCG-1,State_15,15,GSE190260,LAM1163,2.4088568687438965
GSE190260::LAM1163:TCGTAGAGTTACCGAT-1,22,GSE190260::LAM1163:CGGACTGGTCCAAGTT-1,State_15,15,GSE190260,LAM1163,2.4127004146575928
GSE190260::LAM1163:TCGTAGAGTTACCGAT-1,23,GSE190260::LAM1163:AACACGTAGCTAAACA-1,State_15,15,GSE190260,LAM1163,2.4482779502868652
GSE190260::LAM1163:TCGTAGAGTTACCGAT-1,24,GSE190260::LAM1163:GGTGCGTTCTGTACGA-1,State_15,15,GSE190260,LAM1163,2.450540542602539
GSE190260::LAM1163:TCGTAGAGTTACCGAT-1,25,GSE190260::LAM1163:CGGAGCTAGAGAACAG-1,State_15,15,GSE190260,LAM1163,2.4905669689178467
GSE190260::LAM1163:TCGTAGAGTTACCGAT-1,26,GSE190260::LAM1163:AGAATAGTCCCTGACT-1,State_15,15,GSE190260,LAM1163,2.535878896713257
GSE190260::LAM1163:TCGTAGAGTTACCGAT-1,27,GSE190260::LAM1163:GGGTTGCGTCAGAATA-1,State_15,15,GSE190260,LAM1163,2.543379545211792
GSE190260::LAM1163:TCGTAGAGTTACCGAT-1,28,GSE190260::LAM1163:CCTTTCTCATCGGGTC-1,State_15,15,GSE190260,LAM1163,2.5574533939361572
GSE190260::LAM1163:TCGTAGAGTTACCGAT-1,29,GSE190260::LAM1163:CATCGAAGTCAGAGGT-1,State_15,15,GSE190260,LAM1163,2.5627541542053223
GSE190260::LAM1163:TCGTAGAGTTACCGAT-1,30,GSE190260::LAM1163:GACTACATCGAGGTAG-1,State_15,15,GSE190260,LAM1163,2.5666275024414062
GSE190260::LAM1163:TCTGAGAAGATGTTAG-1,1,GSE190260::LAM1163:CGCTATCGTAGGCATG-1,State_15,15,GSE190260,LAM1163,1.994644045829773
GSE190260::LAM1163:TCTGAGAAGATGTTAG-1,2,GSE190260::LAM1163:GCCTCTAAGAGCCCAA-1,State_15,15,GSE190260,LAM1163,2.2564632892608643
GSE190260::LAM1163:TCTGAGAAGATGTTAG-1,3,GSE190260::LAM1163:CGCTTCAAGCCCAACC-1,State_15,15,GSE190260,LAM1163,2.4059581756591797
GSE190260::LAM1163:TCTGAGAAGATGTTAG-1,4,GSE190260::LAM1163:GCTTCCATCAGTTTGG-1,State_15,15,GSE190260,LAM1163,2.4971201419830322
GSE190260::LAM1163:TCTGAGAAGATGTTAG-1,5,GSE190260::LAM1163:CCTCAGTAGTAGATGT-1,State_15,15,GSE190260,LAM1163,2.5430073738098145
GSE190260::LAM1163:TCTGAGAAGATGTTAG-1,6,GSE190260::LAM1163:CTCAGAATCACTTACT-1,State_15,15,GSE190260,LAM1163,2.5469844341278076
GSE190260::LAM1163:TCTGAGAAGATGTTAG-1,7,GSE190260::LAM1163:GGGTTGCGTCAGAATA-1,State_15,15,GSE190260,LAM1163,2.553138017654419
GSE190260::LAM1163:TCTGAGAAGATGTTAG-1,8,GSE190260::LAM1163:TGCCCTACAGACGCCT-1,State_15,15,GSE190260,LAM1163,2.587249279022217
GSE190260::LAM1163:TCTGAGAAGATGTTAG-1,9,GSE190260::LAM1163:GCACTCTCATCCGGGT-1,State_15,15,GSE190260,LAM1163,2.5972225666046143
GSE190260::LAM1163:TCTGAGAAGATGTTAG-1,10,GSE190260::LAM1163:GGTGCGTTCTGTACGA-1,State_15,15,GSE190260,LAM1163,2.602363348007202
GSE190260::LAM1163:TCTGAGAAGATGTTAG-1,11,GSE190260::LAM1163:ATGTGTGGTAGTAGTA-1,State_15,15,GSE190260,LAM1163,2.6158454418182373
GSE190260::LAM1163:TCTGAGAAGATGTTAG-1,12,GSE190260::LAM1163:TACGGGCCAGTTAACC-1,State_15,15,GSE190260,LAM1163,2.617277145385742
GSE190260::LAM1163:TCTGAGAAGATGTTAG-1,13,GSE190260::LAM1163:ATCACGACAGTAAGAT-1,State_15,15,GSE190260,LAM1163,2.634932518005371
GSE190260::LAM1163:TCTGAGAAGATGTTAG-1,14,GSE190260::LAM1163:CACACTCTCTGTCCGT-1,State_15,15,GSE190260,LAM1163,2.6469647884368896
GSE190260::LAM1163:TCTGAGAAGATGTTAG-1,15,GSE190260::LAM1163:AAAGCAACAAGAGTCG-1,State_15,15,GSE190260,LAM1163,2.6497230529785156
GSE190260::LAM1163:TCTGAGAAGATGTTAG-1,16,GSE190260::LAM1163:CAAGTTGGTCGCCATG-1,State_15,15,GSE190260,LAM1163,2.665005683898926
GSE190260::LAM1163:TCTGAGAAGATGTTAG-1,17,GSE190260::LAM1163:CGATCGGAGATATGGT-1,State_15,15,GSE190260,LAM1163,2.678218364715576
GSE190260::LAM1163:TCTGAGAAGATGTTAG-1,18,GSE190260::LAM1163:TTCTTAGCAGGCGATA-1,State_15,15,GSE190260,LAM1163,2.684736967086792
GSE190260::LAM1163:TCTGAGAAGATGTTAG-1,19,GSE190260::LAM1163:ACATGGTCATCGATTG-1,State_15,15,GSE190260,LAM1163,2.7078323364257812
GSE190260::LAM1163:TCTGAGAAGATGTTAG-1,20,GSE190260::LAM1163:TACGGATTCTATCCTA-1,State_15,15,GSE190260,LAM1163,2.726992607116699
GSE190260::LAM1163:TCTGAGAAGATGTTAG-1,21,GSE190260::LAM1163:CACAGTATCTTGTATC-1,State_15,15,GSE190260,LAM1163,2.7316722869873047
GSE190260::LAM1163:TCTGAGAAGATGTTAG-1,22,GSE190260::LAM1163:GGATGTTTCTTCCTTC-1,State_15,15,GSE190260,LAM1163,2.73876690864563
GSE190260::LAM1163:TCTGAGAAGATGTTAG-1,23,GSE190260::LAM1163:TGCGCAGCAAGGCTCC-1,State_15,15,GSE190260,LAM1163,2.7559144496917725
GSE190260::LAM1163:TCTGAGAAGATGTTAG-1,24,GSE190260::LAM1163:CATCAGACAAGAAAGG-1,State_15,15,GSE190260,LAM1163,2.7764275074005127
GSE190260::LAM1163:TCTGAGAAGATGTTAG-1,25,GSE190260::LAM1163:CGTCTACGTTTGTTGG-1,State_15,15,GSE190260,LAM1163,2.7932896614074707
GSE190260::LAM1163:TCTGAGAAGATGTTAG-1,26,GSE190260::LAM1163:AGCTCCTTCCGCTGTT-1,State_15,15,GSE190260,LAM1163,2.798694133758545
GSE190260::LAM1163:TCTGAGAAGATGTTAG-1,27,GSE190260::LAM1163:GAGTCCGAGCTAAACA-1,State_15,15,GSE190260,LAM1163,2.8073272705078125
GSE190260::LAM1163:TCTGAGAAGATGTTAG-1,28,GSE190260::LAM1163:TATCTCAAGAGACTAT-1,State_15,15,GSE190260,LAM1163,2.813331127166748
GSE190260::LAM1163:TCTGAGAAGATGTTAG-1,29,GSE190260::LAM1163:TCGAGGCAGACTAGAT-1,State_15,15,GSE190260,LAM1163,2.81455659866333
GSE190260::LAM1163:TCTGAGAAGATGTTAG-1,30,GSE190260::LAM1163:TCGTACCCAAGCCGTC-1,State_15,15,GSE190260,LAM1163,2.816718339920044
GSE190260::LAM1163:TCTTCGGTCCCGGATG-1,1,GSE135851::LAM3:CGTCACTCAGGCTCAC-1,State_15,15,GSE135851,LAM3,2.1905441284179688
GSE190260::LAM1163:TCTTCGGTCCCGGATG-1,2,GSE190260::LAM1163:CGTAGCGTCCCAGGTG-1,State_15,15,GSE190260,LAM1163,2.2573492527008057
GSE190260::LAM1163:TCTTCGGTCCCGGATG-1,3,GSE190260::LAM1163:TTAGGCAAGGAGCGAG-1,State_15,15,GSE190260,LAM1163,2.316964626312256
GSE190260::LAM1163:TCTTCGGTCCCGGATG-1,4,GSE135851::LAM3:TCGTACCAGGGATCTG-1,State_15,15,GSE135851,LAM3,2.319584369659424
GSE190260::LAM1163:TCTTCGGTCCCGGATG-1,5,GSE135851::LAM3:CACAAACCAATAGCGG-1,State_15,15,GSE135851,LAM3,2.491584300994873
GSE190260::LAM1163:TCTTCGGTCCCGGATG-1,6,GSE135851::LAM3:CCAATCCGTAGCTGCC-1,State_15,15,GSE135851,LAM3,2.5530691146850586
GSE190260::LAM1163:TCTTCGGTCCCGGATG-1,7,GSE190260::LAM1163:TTTACTGGTGACGCCT-1,State_15,15,GSE190260,LAM1163,2.635972738265991
GSE190260::LAM1163:TCTTCGGTCCCGGATG-1,8,GSE190260::LAM1163:TTTGGTTTCAGGCAAG-1,State_16,16,GSE190260,LAM1163,2.6447372436523438
GSE190260::LAM1163:TCTTCGGTCCCGGATG-1,9,GSE190260::LAM1163:TGCGCAGCAAGGCTCC-1,State_15,15,GSE190260,LAM1163,2.6968724727630615
GSE190260::LAM1163:TCTTCGGTCCCGGATG-1,10,GSE135851::LAM3:CGTAGGCGTACTCAAC-1,State_15,15,GSE135851,LAM3,2.70414662361145
GSE190260::LAM1163:TCTTCGGTCCCGGATG-1,11,GSE135851::LAM3:AACCATGCACGAAGCA-1,State_15,15,GSE135851,LAM3,2.8186757564544678
GSE190260::LAM1163:TCTTCGGTCCCGGATG-1,12,GSE190260::LAM1163:CCACCTAAGGTACTCT-1,State_15,15,GSE190260,LAM1163,2.8419909477233887
GSE190260::LAM1163:TCTTCGGTCCCGGATG-1,13,GSE190260::LAM1163:CTCTGGTCATCCCACT-1,State_15,15,GSE190260,LAM1163,2.8461809158325195
GSE190260::LAM1163:TCTTCGGTCCCGGATG-1,14,GSE190260::LAM1163:ATCACGACAGTAAGAT-1,State_15,15,GSE190260,LAM1163,2.8553991317749023
GSE190260::LAM1163:TCTTCGGTCCCGGATG-1,15,GSE190260::LAM1163:TCGTAGAGTTACCGAT-1,State_15,15,GSE190260,LAM1163,2.858821153640747
GSE190260::LAM1163:TCTTCGGTCCCGGATG-1,16,GSE190260::LAM1163:CCCAGTTGTCGTTGTA-1,State_15,15,GSE190260,LAM1163,2.8591549396514893
GSE190260::LAM1163:TCTTCGGTCCCGGATG-1,17,GSE135851::LAM3:GCGGGTTAGGCTAGAC-1,State_15,15,GSE135851,LAM3,2.8788845539093018
GSE190260::LAM1163:TCTTCGGTCCCGGATG-1,18,GSE135851::LAM3:CGGCTAGGTTAAGGGC-1,State_15,15,GSE135851,LAM3,2.9063496589660645
GSE190260::LAM1163:TCTTCGGTCCCGGATG-1,19,GSE190260::LAM1163:TTAGGACCAGCTGTAT-1,State_15,15,GSE190260,LAM1163,2.9152705669403076
GSE190260::LAM1163:TCTTCGGTCCCGGATG-1,20,GSE135851::LAM3:GGCGACTAGGTGATTA-1,boundary,,GSE135851,LAM3,2.919990062713623
GSE190260::LAM1163:TCTTCGGTCCCGGATG-1,21,GSE190260::LAM1163:CTCAGAATCTATCCCG-1,State_16,16,GSE190260,LAM1163,2.9226467609405518
GSE190260::LAM1163:TCTTCGGTCCCGGATG-1,22,GSE190260::LAM1163:CTCGAGGAGCCCGAAA-1,State_15,15,GSE190260,LAM1163,2.9435908794403076
GSE190260::LAM1163:TCTTCGGTCCCGGATG-1,23,GSE190260::LAM1163:CTTACCGTCGTCTGCT-1,State_15,15,GSE190260,LAM1163,2.951211452484131
GSE190260::LAM1163:TCTTCGGTCCCGGATG-1,24,GSE190260::LAM1163:GTGTTAGTCTCCAACC-1,State_15,15,GSE190260,LAM1163,2.968003988265991
GSE190260::LAM1163:TCTTCGGTCCCGGATG-1,25,GSE190260::LAM1163:CGTCTACGTTTGTTGG-1,State_15,15,GSE190260,LAM1163,3.0094943046569824
GSE190260::LAM1163:TCTTCGGTCCCGGATG-1,26,GSE190260::LAM1163:CTCAGAAGTGATAAGT-1,State_15,15,GSE190260,LAM1163,3.061579465866089
GSE190260::LAM1163:TCTTCGGTCCCGGATG-1,27,GSE190260::LAM1163:AGAGTGGCATGATCCA-1,State_15,15,GSE190260,LAM1163,3.0783274173736572
GSE190260::LAM1163:TCTTCGGTCCCGGATG-1,28,GSE190260::LAM1163:CGCTTCAAGCCCAACC-1,State_15,15,GSE190260,LAM1163,3.098135471343994
GSE190260::LAM1163:TCTTCGGTCCCGGATG-1,29,GSE135851::LAM3:ATGAGGGGTGTGCGTC-1,State_15,15,GSE135851,LAM3,3.105740785598755
GSE190260::LAM1163:TCTTCGGTCCCGGATG-1,30,GSE190260::LAM1163:AGAGCTTCACGTTGGC-1,State_15,15,GSE190260,LAM1163,3.106330156326294
GSE190260::LAM1163:TGACGGCAGTGGCACA-1,1,GSE190260::LAM1163:GACTAACGTTGTGGCC-1,State_15,15,GSE190260,LAM1163,0.9863508939743042
GSE190260::LAM1163:TGACGGCAGTGGCACA-1,2,GSE190260::LAM1163:CGGCTAGAGTGGTAGC-1,State_15,15,GSE190260,LAM1163,1.3590401411056519
GSE190260::LAM1163:TGACGGCAGTGGCACA-1,3,GSE190260::LAM1163:GTCACAAAGACTTGAA-1,State_15,15,GSE190260,LAM1163,1.4915090799331665
GSE190260::LAM1163:TGACGGCAGTGGCACA-1,4,GSE190260::LAM1163:TTAGGACGTCGGATCC-1,State_15,15,GSE190260,LAM1163,1.5186687707901
GSE190260::LAM1163:TGACGGCAGTGGCACA-1,5,GSE135851::LAM3:CGTAGGCGTACTCAAC-1,State_15,15,GSE135851,LAM3,1.5750924348831177
GSE190260::LAM1163:TGACGGCAGTGGCACA-1,6,GSE190260::LAM1163:TCGAGGCAGACTAGAT-1,State_15,15,GSE190260,LAM1163,1.5946762561798096
GSE190260::LAM1163:TGACGGCAGTGGCACA-1,7,GSE190260::LAM1163:TTGGAACTCGGCGGTT-1,State_15,15,GSE190260,LAM1163,1.6377404928207397
GSE190260::LAM1163:TGACGGCAGTGGCACA-1,8,GSE190260::LAM1163:AGAGTGGCATGATCCA-1,State_15,15,GSE190260,LAM1163,1.7261444330215454
GSE190260::LAM1163:TGACGGCAGTGGCACA-1,9,GSE190260::LAM1163:CTGATCCTCGCTTAGA-1,State_15,15,GSE190260,LAM1163,1.7273331880569458
GSE190260::LAM1163:TGACGGCAGTGGCACA-1,10,GSE190260::LAM1163:CTCTGGTCATCCCACT-1,State_15,15,GSE190260,LAM1163,1.7277129888534546
GSE190260::LAM1163:TGACGGCAGTGGCACA-1,11,GSE190260::LAM1163:GCACTCTCATCCGGGT-1,State_15,15,GSE190260,LAM1163,1.7878681421279907
GSE190260::LAM1163:TGACGGCAGTGGCACA-1,12,GSE190260::LAM1163:ACAGCCGAGGACTGGT-1,State_15,15,GSE190260,LAM1163,1.8252381086349487
GSE190260::LAM1163:TGACGGCAGTGGCACA-1,13,GSE190260::LAM1163:AGCTCCTGTCAAAGCG-1,State_15,15,GSE190260,LAM1163,1.8713099956512451
GSE190260::LAM1163:TGACGGCAGTGGCACA-1,14,GSE190260::LAM1163:TGCGCAGTCTCTAAGG-1,State_15,15,GSE190260,LAM1163,1.8958499431610107
GSE190260::LAM1163:TGACGGCAGTGGCACA-1,15,GSE190260::LAM1163:AGAGCTTCACGTTGGC-1,State_15,15,GSE190260,LAM1163,1.9187740087509155
GSE190260::LAM1163:TGACGGCAGTGGCACA-1,16,GSE190260::LAM1163:GGATGTTTCTTCCTTC-1,State_15,15,GSE190260,LAM1163,1.9593720436096191
GSE190260::LAM1163:TGACGGCAGTGGCACA-1,17,GSE190260::LAM1163:CATATGGTCGCCCTTA-1,State_15,15,GSE190260,LAM1163,1.9927493333816528
GSE190260::LAM1163:TGACGGCAGTGGCACA-1,18,GSE190260::LAM1163:TTGTAGGGTAAAGTCA-1,State_15,15,GSE190260,LAM1163,1.9948508739471436
GSE190260::LAM1163:TGACGGCAGTGGCACA-1,19,GSE190260::LAM1163:TCGTACCCAAGCCGTC-1,State_15,15,GSE190260,LAM1163,2.0256776809692383
GSE190260::LAM1163:TGACGGCAGTGGCACA-1,20,GSE190260::LAM1163:TATCTCAAGAGACTAT-1,State_15,15,GSE190260,LAM1163,2.037113666534424
GSE190260::LAM1163:TGACGGCAGTGGCACA-1,21,GSE190260::LAM1163:GGTGCGTTCTGTACGA-1,State_15,15,GSE190260,LAM1163,2.050438165664673
GSE190260::LAM1163:TGACGGCAGTGGCACA-1,22,GSE190260::LAM1163:AGGGTGACAAACTGTC-1,State_15,15,GSE190260,LAM1163,2.05552339553833
GSE190260::LAM1163:TGACGGCAGTGGCACA-1,23,GSE190260::LAM1163:GACTACATCGAGGTAG-1,State_15,15,GSE190260,LAM1163,2.07663631439209
GSE190260::LAM1163:TGACGGCAGTGGCACA-1,24,GSE190260::LAM1163:ATTACTCGTGTCCTCT-1,State_15,15,GSE190260,LAM1163,2.1320579051971436
GSE190260::LAM1163:TGACGGCAGTGGCACA-1,25,GSE190260::LAM1163:CATCAGACAAGAAAGG-1,State_15,15,GSE190260,LAM1163,2.1340978145599365
GSE190260::LAM1163:TGACGGCAGTGGCACA-1,26,GSE190260::LAM1163:AAAGCAACAAGAGTCG-1,State_15,15,GSE190260,LAM1163,2.1783361434936523
GSE190260::LAM1163:TGACGGCAGTGGCACA-1,27,GSE190260::LAM1163:GCGGGTTTCACATAGC-1,State_15,15,GSE190260,LAM1163,2.217407464981079
GSE190260::LAM1163:TGACGGCAGTGGCACA-1,28,GSE135851::LAM3:ATCTGCCTCAGAGCTT-1,State_15,15,GSE135851,LAM3,2.2201433181762695
GSE190260::LAM1163:TGACGGCAGTGGCACA-1,29,GSE190260::LAM1163:AAGACCTTCCCTTGCA-1,State_15,15,GSE190260,LAM1163,2.2622947692871094
GSE190260::LAM1163:TGACGGCAGTGGCACA-1,30,GSE190260::LAM1163:CGGAGCTAGAGAACAG-1,State_15,15,GSE190260,LAM1163,2.2894821166992188
GSE190260::LAM1163:TGAGGGATCTGTTGAG-1,1,GSE190260::LAM1163:GCCTCTAAGAGCCCAA-1,State_15,15,GSE190260,LAM1163,1.9678736925125122
GSE190260::LAM1163:TGAGGGATCTGTTGAG-1,2,GSE190260::LAM1163:TGCCCTACAGACGCCT-1,State_15,15,GSE190260,LAM1163,2.166949987411499
GSE190260::LAM1163:TGAGGGATCTGTTGAG-1,3,GSE190260::LAM1163:TACGGGCCAGTTAACC-1,State_15,15,GSE190260,LAM1163,2.2320258617401123
GSE190260::LAM1163:TGAGGGATCTGTTGAG-1,4,GSE190260::LAM1163:CACACTCTCTGTCCGT-1,State_15,15,GSE190260,LAM1163,2.3006956577301025
GSE190260::LAM1163:TGAGGGATCTGTTGAG-1,5,GSE190260::LAM1163:GGGTTGCGTCAGAATA-1,State_15,15,GSE190260,LAM1163,2.3474903106689453
GSE190260::LAM1163:TGAGGGATCTGTTGAG-1,6,GSE190260::LAM1163:GCTTCCATCAGTTTGG-1,State_15,15,GSE190260,LAM1163,2.374886989593506
GSE190260::LAM1163:TGAGGGATCTGTTGAG-1,7,GSE190260::LAM1163:CCACCTAAGGTACTCT-1,State_15,15,GSE190260,LAM1163,2.475895404815674
GSE190260::LAM1163:TGAGGGATCTGTTGAG-1,8,GSE190260::LAM1163:ATGTGTGGTAGTAGTA-1,State_15,15,GSE190260,LAM1163,2.4835925102233887
GSE190260::LAM1163:TGAGGGATCTGTTGAG-1,9,GSE190260::LAM1163:AGTCTTTAGATAGTCA-1,State_15,15,GSE190260,LAM1163,2.683727979660034
GSE190260::LAM1163:TGAGGGATCTGTTGAG-1,10,GSE190260::LAM1163:CATCAGACAAGAAAGG-1,State_15,15,GSE190260,LAM1163,2.6908047199249268
GSE190260::LAM1163:TGAGGGATCTGTTGAG-1,11,GSE190260::LAM1163:CGCTATCGTAGGCATG-1,State_15,15,GSE190260,LAM1163,2.705151319503784
GSE190260::LAM1163:TGAGGGATCTGTTGAG-1,12,GSE190260::LAM1163:CTTACCGTCGTCTGCT-1,State_15,15,GSE190260,LAM1163,2.7406725883483887
GSE190260::LAM1163:TGAGGGATCTGTTGAG-1,13,GSE190260::LAM1163:CTCAGAATCACTTACT-1,State_15,15,GSE190260,LAM1163,2.7838146686553955
GSE190260::LAM1163:TGAGGGATCTGTTGAG-1,14,GSE190260::LAM1163:GGTGCGTTCTGTACGA-1,State_15,15,GSE190260,LAM1163,2.8049609661102295
GSE190260::LAM1163:TGAGGGATCTGTTGAG-1,15,GSE302356::LAM3:GCACGGTAGGCACTCC-1,boundary,,GSE302356,LAM32,2.80696964263916
GSE190260::LAM1163:TGAGGGATCTGTTGAG-1,16,GSE190260::LAM1163:CCTCAGTAGTAGATGT-1,State_15,15,GSE190260,LAM1163,2.8099589347839355
GSE190260::LAM1163:TGAGGGATCTGTTGAG-1,17,GSE190260::LAM1163:GACTACATCGAGGTAG-1,State_15,15,GSE190260,LAM1163,2.8295390605926514
GSE190260::LAM1163:TGAGGGATCTGTTGAG-1,18,GSE135851::LAM1:GTTTCTACATTGTGCA-1,State_15,15,GSE135851,LAM1,2.84877347946167
GSE190260::LAM1163:TGAGGGATCTGTTGAG-1,19,GSE190260::LAM1163:TGCGCAGCAAGGCTCC-1,State_15,15,GSE190260,LAM1163,2.862639904022217
GSE190260::LAM1163:TGAGGGATCTGTTGAG-1,20,GSE190260::LAM1163:CCACTACTCAAACAAG-1,boundary,,GSE190260,LAM1163,2.872825860977173
GSE190260::LAM1163:TGAGGGATCTGTTGAG-1,21,GSE190260::LAM1163:GGATGTTTCTTCCTTC-1,State_15,15,GSE190260,LAM1163,2.8807828426361084
GSE190260::LAM1163:TGAGGGATCTGTTGAG-1,22,GSE190260::LAM1163:ACTATCTAGCGAAGGG-1,boundary,,GSE190260,LAM1163,2.881378173828125
GSE190260::LAM1163:TGAGGGATCTGTTGAG-1,23,GSE190260::LAM1163:CGCTTCAAGCCCAACC-1,State_15,15,GSE190260,LAM1163,2.8824939727783203
GSE190260::LAM1163:TGAGGGATCTGTTGAG-1,24,GSE190260::LAM1163:CGATCGGAGATATGGT-1,State_15,15,GSE190260,LAM1163,2.8867998123168945
GSE190260::LAM1163:TGAGGGATCTGTTGAG-1,25,GSE190260::LAM1163:GTGTTAGTCTCCAACC-1,State_15,15,GSE190260,LAM1163,2.8899495601654053
GSE190260::LAM1163:TGAGGGATCTGTTGAG-1,26,GSE135851::LAM1:TATCTCATCAAGCCTA-1,State_15,15,GSE135851,LAM1,2.8958075046539307
GSE190260::LAM1163:TGAGGGATCTGTTGAG-1,27,GSE190260::LAM1163:TCAGGATGTGACAAAT-1,State_15,15,GSE190260,LAM1163,2.900050401687622
GSE190260::LAM1163:TGAGGGATCTGTTGAG-1,28,GSE190260::LAM1163:TTCTCAAAGTCCGTAT-1,State_15,15,GSE190260,LAM1163,2.9008913040161133
GSE190260::LAM1163:TGAGGGATCTGTTGAG-1,29,GSE190260::LAM1163:CGGACTGGTCCAAGTT-1,State_15,15,GSE190260,LAM1163,2.9488282203674316
GSE190260::LAM1163:TGAGGGATCTGTTGAG-1,30,GSE190260::LAM1163:CAAGTTGGTCGCCATG-1,State_15,15,GSE190260,LAM1163,2.9573781490325928
GSE190260::LAM1163:TGCACCTAGACATAAC-1,1,GSE190260::LAM1163:CTCGAGGAGCCCGAAA-1,State_15,15,GSE190260,LAM1163,1.8310415744781494
GSE190260::LAM1163:TGCACCTAGACATAAC-1,2,GSE190260::LAM1163:CACACTCAGATAGGAG-1,State_15,15,GSE190260,LAM1163,2.0172340869903564
GSE190260::LAM1163:TGCACCTAGACATAAC-1,3,GSE190260::LAM1163:ATCACGACAGTAAGAT-1,State_15,15,GSE190260,LAM1163,2.0530335903167725
GSE190260::LAM1163:TGCACCTAGACATAAC-1,4,GSE190260::LAM1163:CCCAGTTGTCGTTGTA-1,State_15,15,GSE190260,LAM1163,2.1344423294067383
GSE190260::LAM1163:TGCACCTAGACATAAC-1,5,GSE190260::LAM1163:CATTCGCAGCAATCTC-1,State_15,15,GSE190260,LAM1163,2.1571993827819824
GSE190260::LAM1163:TGCACCTAGACATAAC-1,6,GSE190260::LAM1163:GCATGATAGCGTTCCG-1,State_15,15,GSE190260,LAM1163,2.2989728450775146
GSE190260::LAM1163:TGCACCTAGACATAAC-1,7,GSE190260::LAM1163:CTCAGAAGTGATAAGT-1,State_15,15,GSE190260,LAM1163,2.311231851577759
GSE190260::LAM1163:TGCACCTAGACATAAC-1,8,GSE190260::LAM1163:CTCTGGTCATCCCACT-1,State_15,15,GSE190260,LAM1163,2.3738648891448975
GSE190260::LAM1163:TGCACCTAGACATAAC-1,9,GSE135851::LAM1:TGCGCAGGTTCGCTAA-1,State_15,15,GSE135851,LAM1,2.410942316055298
GSE190260::LAM1163:TGCACCTAGACATAAC-1,10,GSE190260::LAM1163:CGTAGCGTCCCAGGTG-1,State_15,15,GSE190260,LAM1163,2.47823166847229
GSE190260::LAM1163:TGCACCTAGACATAAC-1,11,GSE190260::LAM1163:TTTACTGGTGACGCCT-1,State_15,15,GSE190260,LAM1163,2.4894680976867676
GSE190260::LAM1163:TGCACCTAGACATAAC-1,12,GSE190260::LAM1163:GCACTCTCATCCGGGT-1,State_15,15,GSE190260,LAM1163,2.594735622406006
GSE190260::LAM1163:TGCACCTAGACATAAC-1,13,GSE135851::LAM3:CCAATCCGTAGCTGCC-1,State_15,15,GSE135851,LAM3,2.62328839302063
GSE190260::LAM1163:TGCACCTAGACATAAC-1,14,GSE190260::LAM1163:CGCTTCAAGCCCAACC-1,State_15,15,GSE190260,LAM1163,2.6473827362060547
GSE190260::LAM1163:TGCACCTAGACATAAC-1,15,GSE190260::LAM1163:GCTCCTAGTTCCACAA-1,State_15,15,GSE190260,LAM1163,2.681297779083252
GSE190260::LAM1163:TGCACCTAGACATAAC-1,16,GSE135851::LAM3:CGTAGGCGTACTCAAC-1,State_15,15,GSE135851,LAM3,2.6951143741607666
GSE190260::LAM1163:TGCACCTAGACATAAC-1,17,GSE190260::LAM1163:ATTACTCGTGTCCTCT-1,State_15,15,GSE190260,LAM1163,2.70025897026062
GSE190260::LAM1163:TGCACCTAGACATAAC-1,18,GSE190260::LAM1163:TCGAGGCAGACTAGAT-1,State_15,15,GSE190260,LAM1163,2.7021548748016357
GSE190260::LAM1163:TGCACCTAGACATAAC-1,19,GSE190260::LAM1163:TGCGCAGCAAGGCTCC-1,State_15,15,GSE190260,LAM1163,2.7336556911468506
GSE190260::LAM1163:TGCACCTAGACATAAC-1,20,GSE190260::LAM1163:GGATGTTTCAAGCCTA-1,State_15,15,GSE190260,LAM1163,2.7559890747070312
GSE190260::LAM1163:TGCACCTAGACATAAC-1,21,GSE190260::LAM1163:CCACCTAAGGTACTCT-1,State_15,15,GSE190260,LAM1163,2.7568023204803467
GSE190260::LAM1163:TGCACCTAGACATAAC-1,22,GSE190260::LAM1163:GGGTTGCGTCAGAATA-1,State_15,15,GSE190260,LAM1163,2.7835371494293213
GSE190260::LAM1163:TGCACCTAGACATAAC-1,23,GSE190260::LAM1163:TTGTAGGGTAAAGTCA-1,State_15,15,GSE190260,LAM1163,2.787870407104492
GSE190260::LAM1163:TGCACCTAGACATAAC-1,24,GSE190260::LAM1163:CGTCCATTCGTAGGAG-1,State_15,15,GSE190260,LAM1163,2.8371477127075195
GSE190260::LAM1163:TGCACCTAGACATAAC-1,25,GSE190260::LAM1163:CGTCTACGTTTGTTGG-1,State_15,15,GSE190260,LAM1163,2.8485240936279297
GSE190260::LAM1163:TGCACCTAGACATAAC-1,26,GSE135851::LAM3:TCGTACCAGGGATCTG-1,State_15,15,GSE135851,LAM3,2.944627523422241
GSE190260::LAM1163:TGCACCTAGACATAAC-1,27,GSE135851::LAM1:GTGCAGCAGAGGGCTT-1,State_15,15,GSE135851,LAM1,2.9713499546051025
GSE190260::LAM1163:TGCACCTAGACATAAC-1,28,GSE135851::LAM3:ATGAGGGGTGTGCGTC-1,State_15,15,GSE135851,LAM3,2.9719080924987793
GSE190260::LAM1163:TGCACCTAGACATAAC-1,29,GSE190260::LAM1163:GACTAACGTTGTGGCC-1,State_15,15,GSE190260,LAM1163,2.980694055557251
GSE190260::LAM1163:TGCACCTAGACATAAC-1,30,GSE190260::LAM1163:GGATGTTTCTTCCTTC-1,State_15,15,GSE190260,LAM1163,2.9918019771575928
GSE190260::LAM1163:TGCCCTACAGACGCCT-1,1,GSE190260::LAM1163:CACACTCTCTGTCCGT-1,State_15,15,GSE190260,LAM1163,1.1799973249435425
GSE190260::LAM1163:TGCCCTACAGACGCCT-1,2,GSE190260::LAM1163:TAGACCATCGCACTCT-1,State_15,15,GSE190260,LAM1163,1.4482313394546509
GSE190260::LAM1163:TGCCCTACAGACGCCT-1,3,GSE190260::LAM1163:CCTCAGTAGTAGATGT-1,State_15,15,GSE190260,LAM1163,1.454924464225769
GSE190260::LAM1163:TGCCCTACAGACGCCT-1,4,GSE190260::LAM1163:CAAGTTGGTCGCCATG-1,State_15,15,GSE190260,LAM1163,1.5431628227233887
GSE190260::LAM1163:TGCCCTACAGACGCCT-1,5,GSE190260::LAM1163:CATCAGACAAGAAAGG-1,State_15,15,GSE190260,LAM1163,1.5902557373046875
GSE190260::LAM1163:TGCCCTACAGACGCCT-1,6,GSE190260::LAM1163:CGATCGGAGATATGGT-1,State_15,15,GSE190260,LAM1163,1.6051185131072998
GSE190260::LAM1163:TGCCCTACAGACGCCT-1,7,GSE190260::LAM1163:AGTCTTTAGATAGTCA-1,State_15,15,GSE190260,LAM1163,1.6296221017837524
GSE190260::LAM1163:TGCCCTACAGACGCCT-1,8,GSE190260::LAM1163:CTTACCGTCGTCTGCT-1,State_15,15,GSE190260,LAM1163,1.6694997549057007
GSE190260::LAM1163:TGCCCTACAGACGCCT-1,9,GSE190260::LAM1163:CGCTATCGTAGGCATG-1,State_15,15,GSE190260,LAM1163,1.706680417060852
GSE190260::LAM1163:TGCCCTACAGACGCCT-1,10,GSE190260::LAM1163:CTCAGAATCACTTACT-1,State_15,15,GSE190260,LAM1163,1.7192579507827759
GSE190260::LAM1163:TGCCCTACAGACGCCT-1,11,GSE190260::LAM1163:GGGTTGCGTCAGAATA-1,State_15,15,GSE190260,LAM1163,1.740614891052246
GSE190260::LAM1163:TGCCCTACAGACGCCT-1,12,GSE190260::LAM1163:TGCGCAGCAAGGCTCC-1,State_15,15,GSE190260,LAM1163,1.7543776035308838
GSE190260::LAM1163:TGCCCTACAGACGCCT-1,13,GSE190260::LAM1163:AACACGTAGCTAAACA-1,State_15,15,GSE190260,LAM1163,1.7766914367675781
GSE190260::LAM1163:TGCCCTACAGACGCCT-1,14,GSE190260::LAM1163:TACGGGCCAGTTAACC-1,State_15,15,GSE190260,LAM1163,1.8248928785324097
GSE190260::LAM1163:TGCCCTACAGACGCCT-1,15,GSE190260::LAM1163:AAAGCAACAAGAGTCG-1,State_15,15,GSE190260,LAM1163,1.8352878093719482
GSE190260::LAM1163:TGCCCTACAGACGCCT-1,16,GSE190260::LAM1163:GAGTCCGAGCTAAACA-1,State_15,15,GSE190260,LAM1163,1.8423576354980469
GSE190260::LAM1163:TGCCCTACAGACGCCT-1,17,GSE190260::LAM1163:GGATGTTTCTTCCTTC-1,State_15,15,GSE190260,LAM1163,1.8543587923049927
GSE190260::LAM1163:TGCCCTACAGACGCCT-1,18,GSE190260::LAM1163:TTTACTGAGCTGAAAT-1,State_15,15,GSE190260,LAM1163,1.9781301021575928
GSE190260::LAM1163:TGCCCTACAGACGCCT-1,19,GSE190260::LAM1163:TTGTAGGGTGCAACTT-1,State_15,15,GSE190260,LAM1163,1.9989184141159058
GSE190260::LAM1163:TGCCCTACAGACGCCT-1,20,GSE190260::LAM1163:ATGTGTGGTAGTAGTA-1,State_15,15,GSE190260,LAM1163,2.000746488571167
GSE190260::LAM1163:TGCCCTACAGACGCCT-1,21,GSE190260::LAM1163:GACTACATCGAGGTAG-1,State_15,15,GSE190260,LAM1163,2.004640579223633
GSE190260::LAM1163:TGCCCTACAGACGCCT-1,22,GSE190260::LAM1163:GCCTCTAAGAGCCCAA-1,State_15,15,GSE190260,LAM1163,2.0175209045410156
GSE190260::LAM1163:TGCCCTACAGACGCCT-1,23,GSE190260::LAM1163:GGTGCGTTCTGTACGA-1,State_15,15,GSE190260,LAM1163,2.044161558151245
GSE190260::LAM1163:TGCCCTACAGACGCCT-1,24,GSE190260::LAM1163:CCAGCGAGTAGCCTAT-1,State_15,15,GSE190260,LAM1163,2.0488078594207764
GSE190260::LAM1163:TGCCCTACAGACGCCT-1,25,GSE190260::LAM1163:TCGTAGAGTTACCGAT-1,State_15,15,GSE190260,LAM1163,2.0564327239990234
GSE190260::LAM1163:TGCCCTACAGACGCCT-1,26,GSE190260::LAM1163:CGGAGCTAGAGAACAG-1,State_15,15,GSE190260,LAM1163,2.095287322998047
GSE190260::LAM1163:TGCCCTACAGACGCCT-1,27,GSE190260::LAM1163:AGAGCTTCACGTTGGC-1,State_15,15,GSE190260,LAM1163,2.105455160140991
GSE190260::LAM1163:TGCCCTACAGACGCCT-1,28,GSE190260::LAM1163:TCAGGATGTGACAAAT-1,State_15,15,GSE190260,LAM1163,2.1236183643341064
GSE190260::LAM1163:TGCCCTACAGACGCCT-1,29,GSE190260::LAM1163:CACAGTATCTTGTATC-1,State_15,15,GSE190260,LAM1163,2.1268351078033447
GSE190260::LAM1163:TGCCCTACAGACGCCT-1,30,GSE190260::LAM1163:CTTCTCTGTACTTGAC-1,State_15,15,GSE190260,LAM1163,2.1356801986694336
GSE190260::LAM1163:TGCGCAGCAAGGCTCC-1,1,GSE190260::LAM1163:CTTACCGTCGTCTGCT-1,State_15,15,GSE190260,LAM1163,0.8942849636077881
GSE190260::LAM1163:TGCGCAGCAAGGCTCC-1,2,GSE190260::LAM1163:CGTCTACGTTTGTTGG-1,State_15,15,GSE190260,LAM1163,0.9607161283493042
GSE190260::LAM1163:TGCGCAGCAAGGCTCC-1,3,GSE190260::LAM1163:CTCAGAATCACTTACT-1,State_15,15,GSE190260,LAM1163,1.4244780540466309
GSE190260::LAM1163:TGCGCAGCAAGGCTCC-1,4,GSE190260::LAM1163:CATCAGACAAGAAAGG-1,State_15,15,GSE190260,LAM1163,1.4628254175186157
GSE190260::LAM1163:TGCGCAGCAAGGCTCC-1,5,GSE190260::LAM1163:CCAGCGAGTAGCCTAT-1,State_15,15,GSE190260,LAM1163,1.4701277017593384
GSE190260::LAM1163:TGCGCAGCAAGGCTCC-1,6,GSE190260::LAM1163:CAGCATATCCTCCTAG-1,State_15,15,GSE190260,LAM1163,1.4880293607711792
GSE190260::LAM1163:TGCGCAGCAAGGCTCC-1,7,GSE190260::LAM1163:CGCTATCGTAGGCATG-1,State_15,15,GSE190260,LAM1163,1.5109819173812866
GSE190260::LAM1163:TGCGCAGCAAGGCTCC-1,8,GSE190260::LAM1163:GGGTTGCGTCAGAATA-1,State_15,15,GSE190260,LAM1163,1.5125088691711426
GSE190260::LAM1163:TGCGCAGCAAGGCTCC-1,9,GSE190260::LAM1163:AGGGTGACAAACTGTC-1,State_15,15,GSE190260,LAM1163,1.5155375003814697
GSE190260::LAM1163:TGCGCAGCAAGGCTCC-1,10,GSE190260::LAM1163:CGCTTCAAGCCCAACC-1,State_15,15,GSE190260,LAM1163,1.5303207635879517
GSE190260::LAM1163:TGCGCAGCAAGGCTCC-1,11,GSE190260::LAM1163:TAGACCATCGCACTCT-1,State_15,15,GSE190260,LAM1163,1.5332821607589722
GSE190260::LAM1163:TGCGCAGCAAGGCTCC-1,12,GSE190260::LAM1163:AGAGCTTCACGTTGGC-1,State_15,15,GSE190260,LAM1163,1.55705988407135
GSE190260::LAM1163:TGCGCAGCAAGGCTCC-1,13,GSE190260::LAM1163:GCTCCTAGTTCCACAA-1,State_15,15,GSE190260,LAM1163,1.5857621431350708
GSE190260::LAM1163:TGCGCAGCAAGGCTCC-1,14,GSE190260::LAM1163:ATGTGTGGTAGTAGTA-1,State_15,15,GSE190260,LAM1163,1.6166141033172607
GSE190260::LAM1163:TGCGCAGCAAGGCTCC-1,15,GSE190260::LAM1163:ATTACTCGTGTCCTCT-1,State_15,15,GSE190260,LAM1163,1.62687087059021
GSE190260::LAM1163:TGCGCAGCAAGGCTCC-1,16,GSE190260::LAM1163:CACAGTATCTTGTATC-1,State_15,15,GSE190260,LAM1163,1.6277631521224976
GSE190260::LAM1163:TGCGCAGCAAGGCTCC-1,17,GSE190260::LAM1163:GGATGTTTCTTCCTTC-1,State_15,15,GSE190260,LAM1163,1.6335558891296387
GSE190260::LAM1163:TGCGCAGCAAGGCTCC-1,18,GSE190260::LAM1163:ATCACGACAGTAAGAT-1,State_15,15,GSE190260,LAM1163,1.6632410287857056
GSE190260::LAM1163:TGCGCAGCAAGGCTCC-1,19,GSE190260::LAM1163:CCCAGTTGTCGTTGTA-1,State_15,15,GSE190260,LAM1163,1.671260952949524
GSE190260::LAM1163:TGCGCAGCAAGGCTCC-1,20,GSE190260::LAM1163:AGTCTTTAGATAGTCA-1,State_15,15,GSE190260,LAM1163,1.676719307899475
GSE190260::LAM1163:TGCGCAGCAAGGCTCC-1,21,GSE190260::LAM1163:TTCTCAAAGTCCGTAT-1,State_15,15,GSE190260,LAM1163,1.681872010231018
GSE190260::LAM1163:TGCGCAGCAAGGCTCC-1,22,GSE190260::LAM1163:CGTCCATTCGTAGGAG-1,State_15,15,GSE190260,LAM1163,1.7281324863433838
GSE190260::LAM1163:TGCGCAGCAAGGCTCC-1,23,GSE190260::LAM1163:GGTGCGTTCTGTACGA-1,State_15,15,GSE190260,LAM1163,1.7297110557556152
GSE190260::LAM1163:TGCGCAGCAAGGCTCC-1,24,GSE190260::LAM1163:TGCCCTACAGACGCCT-1,State_15,15,GSE190260,LAM1163,1.7543776035308838
GSE190260::LAM1163:TGCGCAGCAAGGCTCC-1,25,GSE190260::LAM1163:TACGGATTCTATCCTA-1,State_15,15,GSE190260,LAM1163,1.7691501379013062
GSE190260::LAM1163:TGCGCAGCAAGGCTCC-1,26,GSE190260::LAM1163:TTTGCGCAGCCAGAAC-1,State_15,15,GSE190260,LAM1163,1.7892754077911377
GSE190260::LAM1163:TGCGCAGCAAGGCTCC-1,27,GSE190260::LAM1163:CTCTGGTCATCCCACT-1,State_15,15,GSE190260,LAM1163,1.8596587181091309
GSE190260::LAM1163:TGCGCAGCAAGGCTCC-1,28,GSE190260::LAM1163:TTAGGACGTCGGATCC-1,State_15,15,GSE190260,LAM1163,1.8625038862228394
GSE190260::LAM1163:TGCGCAGCAAGGCTCC-1,29,GSE190260::LAM1163:AGCCTAAAGATGCCAG-1,State_15,15,GSE190260,LAM1163,1.8672138452529907
GSE190260::LAM1163:TGCGCAGCAAGGCTCC-1,30,GSE190260::LAM1163:TACGGGCCAGTTAACC-1,State_15,15,GSE190260,LAM1163,1.880228877067566
GSE190260::LAM1163:TGCGCAGTCTCTAAGG-1,1,GSE190260::LAM1163:CGCTTCAAGCCCAACC-1,State_15,15,GSE190260,LAM1163,1.4187380075454712
GSE190260::LAM1163:TGCGCAGTCTCTAAGG-1,2,GSE190260::LAM1163:GGATGTTTCAAGCCTA-1,State_15,15,GSE190260,LAM1163,1.4517745971679688
GSE190260::LAM1163:TGCGCAGTCTCTAAGG-1,3,GSE190260::LAM1163:ATGTGTGGTAGTAGTA-1,State_15,15,GSE190260,LAM1163,1.5406097173690796
GSE190260::LAM1163:TGCGCAGTCTCTAAGG-1,4,GSE190260::LAM1163:TCGTACCCAAGCCGTC-1,State_15,15,GSE190260,LAM1163,1.5421663522720337
GSE190260::LAM1163:TGCGCAGTCTCTAAGG-1,5,GSE190260::LAM1163:GACTAACGTTGTGGCC-1,State_15,15,GSE190260,LAM1163,1.5477032661437988
GSE190260::LAM1163:TGCGCAGTCTCTAAGG-1,6,GSE190260::LAM1163:TATCTCAAGAGACTAT-1,State_15,15,GSE190260,LAM1163,1.5622650384902954
GSE190260::LAM1163:TGCGCAGTCTCTAAGG-1,7,GSE190260::LAM1163:AGAGTGGCATGATCCA-1,State_15,15,GSE190260,LAM1163,1.6630669832229614
GSE190260::LAM1163:TGCGCAGTCTCTAAGG-1,8,GSE190260::LAM1163:TTCTCAAAGTCCGTAT-1,State_15,15,GSE190260,LAM1163,1.6973803043365479
GSE190260::LAM1163:TGCGCAGTCTCTAAGG-1,9,GSE190260::LAM1163:GGATGTTTCTTCCTTC-1,State_15,15,GSE190260,LAM1163,1.706101417541504
GSE190260::LAM1163:TGCGCAGTCTCTAAGG-1,10,GSE190260::LAM1163:ATTACTCGTGTCCTCT-1,State_15,15,GSE190260,LAM1163,1.715533971786499
GSE190260::LAM1163:TGCGCAGTCTCTAAGG-1,11,GSE190260::LAM1163:GGGTTGCGTCAGAATA-1,State_15,15,GSE190260,LAM1163,1.7200101613998413
GSE190260::LAM1163:TGCGCAGTCTCTAAGG-1,12,GSE190260::LAM1163:AAGACCTTCCCTTGCA-1,State_15,15,GSE190260,LAM1163,1.8210910558700562
GSE190260::LAM1163:TGCGCAGTCTCTAAGG-1,13,GSE190260::LAM1163:CGGACTGGTCCAAGTT-1,State_15,15,GSE190260,LAM1163,1.8547124862670898
GSE190260::LAM1163:TGCGCAGTCTCTAAGG-1,14,GSE190260::LAM1163:AGGGTGACAAACTGTC-1,State_15,15,GSE190260,LAM1163,1.8935586214065552
GSE190260::LAM1163:TGCGCAGTCTCTAAGG-1,15,GSE190260::LAM1163:TGACGGCAGTGGCACA-1,State_15,15,GSE190260,LAM1163,1.8958499431610107
GSE190260::LAM1163:TGCGCAGTCTCTAAGG-1,16,GSE190260::LAM1163:CGCTATCGTAGGCATG-1,State_15,15,GSE190260,LAM1163,1.9267910718917847
GSE190260::LAM1163:TGCGCAGTCTCTAAGG-1,17,GSE190260::LAM1163:CTGATCCTCGCTTAGA-1,State_15,15,GSE190260,LAM1163,1.9284844398498535
GSE190260::LAM1163:TGCGCAGTCTCTAAGG-1,18,GSE190260::LAM1163:TACGGATTCTATCCTA-1,State_15,15,GSE190260,LAM1163,1.9528532028198242
GSE190260::LAM1163:TGCGCAGTCTCTAAGG-1,19,GSE190260::LAM1163:GCTCCTAGTTCCACAA-1,State_15,15,GSE190260,LAM1163,1.9601365327835083
GSE190260::LAM1163:TGCGCAGTCTCTAAGG-1,20,GSE190260::LAM1163:TTGTAGGGTAAAGTCA-1,State_15,15,GSE190260,LAM1163,1.9726920127868652
GSE190260::LAM1163:TGCGCAGTCTCTAAGG-1,21,GSE190260::LAM1163:CAGATCAGTATCACCA-1,State_15,15,GSE190260,LAM1163,1.975724458694458
GSE190260::LAM1163:TGCGCAGTCTCTAAGG-1,22,GSE190260::LAM1163:GCACTCTCATCCGGGT-1,State_15,15,GSE190260,LAM1163,2.005375623703003
GSE190260::LAM1163:TGCGCAGTCTCTAAGG-1,23,GSE190260::LAM1163:CTCAGAAGTGATAAGT-1,State_15,15,GSE190260,LAM1163,2.020646333694458
GSE190260::LAM1163:TGCGCAGTCTCTAAGG-1,24,GSE190260::LAM1163:CGTCCATTCGTAGGAG-1,State_15,15,GSE190260,LAM1163,2.023233413696289
GSE190260::LAM1163:TGCGCAGTCTCTAAGG-1,25,GSE190260::LAM1163:ATCACGACAGTAAGAT-1,State_15,15,GSE190260,LAM1163,2.031923770904541
GSE190260::LAM1163:TGCGCAGTCTCTAAGG-1,26,GSE190260::LAM1163:AGTCTTTAGATAGTCA-1,State_15,15,GSE190260,LAM1163,2.0415866374969482
GSE190260::LAM1163:TGCGCAGTCTCTAAGG-1,27,GSE190260::LAM1163:GGTGCGTTCTGTACGA-1,State_15,15,GSE190260,LAM1163,2.043729305267334
GSE190260::LAM1163:TGCGCAGTCTCTAAGG-1,28,GSE190260::LAM1163:CATCAGACAAGAAAGG-1,State_15,15,GSE190260,LAM1163,2.0762863159179688
GSE190260::LAM1163:TGCGCAGTCTCTAAGG-1,29,GSE135851::LAM1:TTGGCAAAGAATCTCC-1,State_15,15,GSE135851,LAM1,2.080385684967041
GSE190260::LAM1163:TGCGCAGTCTCTAAGG-1,30,GSE190260::LAM1163:CGGAGCTAGAGAACAG-1,State_15,15,GSE190260,LAM1163,2.1108202934265137
GSE190260::LAM1163:TGGACGCTCAAGAAGT-1,1,GSE135851::LAM1:CGGACACTCAGAGGTG-1,State_15,15,GSE135851,LAM1,1.9887584447860718
GSE190260::LAM1163:TGGACGCTCAAGAAGT-1,2,GSE190260::LAM1163:TACGGTATCACCTTAT-1,State_15,15,GSE190260,LAM1163,2.0423190593719482
GSE190260::LAM1163:TGGACGCTCAAGAAGT-1,3,GSE190260::LAM1163:CAGATCAGTATCACCA-1,State_15,15,GSE190260,LAM1163,2.0430045127868652
GSE190260::LAM1163:TGGACGCTCAAGAAGT-1,4,GSE190260::LAM1163:GCGGGTTTCACATAGC-1,State_15,15,GSE190260,LAM1163,2.1552133560180664
GSE190260::LAM1163:TGGACGCTCAAGAAGT-1,5,GSE190260::LAM1163:GTCACAAAGACTTGAA-1,State_15,15,GSE190260,LAM1163,2.22904896736145
GSE190260::LAM1163:TGGACGCTCAAGAAGT-1,6,GSE190260::LAM1163:GAGGTGAAGCCAGGAT-1,State_15,15,GSE190260,LAM1163,2.2371857166290283
GSE190260::LAM1163:TGGACGCTCAAGAAGT-1,7,GSE190260::LAM1163:TATCTCAAGAGACTAT-1,State_15,15,GSE190260,LAM1163,2.243316411972046
GSE190260::LAM1163:TGGACGCTCAAGAAGT-1,8,GSE190260::LAM1163:TCGTACCCAAGCCGTC-1,State_15,15,GSE190260,LAM1163,2.3257720470428467
GSE190260::LAM1163:TGGACGCTCAAGAAGT-1,9,GSE190260::LAM1163:CGCTGGAGTAAGTAGT-1,State_15,15,GSE190260,LAM1163,2.3586294651031494
GSE190260::LAM1163:TGGACGCTCAAGAAGT-1,10,GSE190260::LAM1163:GGGATGATCACAAACC-1,State_15,15,GSE190260,LAM1163,2.389035940170288
GSE190260::LAM1163:TGGACGCTCAAGAAGT-1,11,GSE190260::LAM1163:TCACAAGCAAAGTCAA-1,State_15,15,GSE190260,LAM1163,2.4121952056884766
GSE190260::LAM1163:TGGACGCTCAAGAAGT-1,12,GSE190260::LAM1163:CATCAAGCAATACGCT-1,State_15,15,GSE190260,LAM1163,2.438786268234253
GSE190260::LAM1163:TGGACGCTCAAGAAGT-1,13,GSE190260::LAM1163:ACAGCCGAGGACTGGT-1,State_15,15,GSE190260,LAM1163,2.4853310585021973
GSE190260::LAM1163:TGGACGCTCAAGAAGT-1,14,GSE135851::LAM1:GTCTTCGGTTAAGAAC-1,State_15,15,GSE135851,LAM1,2.5230824947357178
GSE190260::LAM1163:TGGACGCTCAAGAAGT-1,15,GSE190260::LAM1163:CATATTCGTCTCCCTA-1,State_15,15,GSE190260,LAM1163,2.531898260116577
GSE190260::LAM1163:TGGACGCTCAAGAAGT-1,16,GSE190260::LAM1163:ATCCACCTCTTGTCAT-1,State_15,15,GSE190260,LAM1163,2.5644001960754395
GSE190260::LAM1163:TGGACGCTCAAGAAGT-1,17,GSE135851::LAM3:GTACTTTCACTACAGT-1,State_15,15,GSE135851,LAM3,2.6451497077941895
GSE190260::LAM1163:TGGACGCTCAAGAAGT-1,18,GSE190260::LAM1163:GACGCGTCATCCGGGT-1,State_15,15,GSE190260,LAM1163,2.662416934967041
GSE190260::LAM1163:TGGACGCTCAAGAAGT-1,19,GSE190260::LAM1163:CGGCTAGAGTGGTAGC-1,State_15,15,GSE190260,LAM1163,2.676612138748169
GSE190260::LAM1163:TGGACGCTCAAGAAGT-1,20,GSE190260::LAM1163:TCGAGGCAGACTAGAT-1,State_15,15,GSE190260,LAM1163,2.684875965118408
GSE190260::LAM1163:TGGACGCTCAAGAAGT-1,21,GSE190260::LAM1163:CTGAAGTCACCGAATT-1,State_15,15,GSE190260,LAM1163,2.709366798400879
GSE190260::LAM1163:TGGACGCTCAAGAAGT-1,22,GSE190260::LAM1163:TACGGATTCTATCCTA-1,State_15,15,GSE190260,LAM1163,2.7138960361480713
GSE190260::LAM1163:TGGACGCTCAAGAAGT-1,23,GSE190260::LAM1163:ACATGGTCATCGATTG-1,State_15,15,GSE190260,LAM1163,2.744863510131836
GSE190260::LAM1163:TGGACGCTCAAGAAGT-1,24,GSE190260::LAM1163:AAGACCTTCCCTTGCA-1,State_15,15,GSE190260,LAM1163,2.80039381980896
GSE190260::LAM1163:TGGACGCTCAAGAAGT-1,25,GSE135851::LAM1:GTGCAGCAGAGGGCTT-1,State_15,15,GSE135851,LAM1,2.819500684738159
GSE190260::LAM1163:TGGACGCTCAAGAAGT-1,26,GSE190260::LAM1163:TTGTAGGGTGCAACTT-1,State_15,15,GSE190260,LAM1163,2.847369432449341
GSE190260::LAM1163:TGGACGCTCAAGAAGT-1,27,GSE190260::LAM1163:CTGATCCTCGCTTAGA-1,State_15,15,GSE190260,LAM1163,2.8490333557128906
GSE190260::LAM1163:TGGACGCTCAAGAAGT-1,28,GSE190260::LAM1163:CGGAGCTAGAGAACAG-1,State_15,15,GSE190260,LAM1163,2.8496787548065186
GSE190260::LAM1163:TGGACGCTCAAGAAGT-1,29,GSE135851::LAM1:ATTACTCAGCCACCTG-1,State_15,15,GSE135851,LAM1,2.8523824214935303
GSE190260::LAM1163:TGGACGCTCAAGAAGT-1,30,GSE190260::LAM1163:TTGTAGGGTAAAGTCA-1,State_15,15,GSE190260,LAM1163,2.8657662868499756
GSE190260::LAM1163:TTAGGACCAGCTGTAT-1,1,GSE190260::LAM1163:CTAAGACCAAGCCCAC-1,State_15,15,GSE190260,LAM1163,1.884735345840454
GSE190260::LAM1163:TTAGGACCAGCTGTAT-1,2,GSE190260::LAM1163:TCGTAGAGTTACCGAT-1,State_15,15,GSE190260,LAM1163,2.218045234680176
GSE190260::LAM1163:TTAGGACCAGCTGTAT-1,3,GSE190260::LAM1163:TTTGGTTTCAGGCAAG-1,State_16,16,GSE190260,LAM1163,2.3922786712646484
GSE190260::LAM1163:TTAGGACCAGCTGTAT-1,4,GSE190260::LAM1163:CATCGAAGTCAGAGGT-1,State_15,15,GSE190260,LAM1163,2.4960663318634033
GSE190260::LAM1163:TTAGGACCAGCTGTAT-1,5,GSE190260::LAM1163:CTCAGAATCTATCCCG-1,State_16,16,GSE190260,LAM1163,2.8209431171417236
GSE190260::LAM1163:TTAGGACCAGCTGTAT-1,6,GSE190260::LAM1163:TCTTCGGTCCCGGATG-1,State_15,15,GSE190260,LAM1163,2.9152705669403076
GSE190260::LAM1163:TTAGGACCAGCTGTAT-1,7,GSE190260::LAM1163:CTAAGACGTGGTTTCA-1,State_15,15,GSE190260,LAM1163,2.9805691242218018
GSE190260::LAM1163:TTAGGACCAGCTGTAT-1,8,GSE190260::LAM1163:GCTTCCATCGTAGGAG-1,boundary,,GSE190260,LAM1163,3.071694850921631
GSE190260::LAM1163:TTAGGACCAGCTGTAT-1,9,GSE190260::LAM1163:GTGGGTCGTTGGTTTG-1,State_16,16,GSE190260,LAM1163,3.0760018825531006
GSE190260::LAM1163:TTAGGACCAGCTGTAT-1,10,GSE190260::LAM1163:TGCGCAGCAAGGCTCC-1,State_15,15,GSE190260,LAM1163,3.0959298610687256
GSE190260::LAM1163:TTAGGACCAGCTGTAT-1,11,GSE190260::LAM1163:GTAACTGAGCACCGCT-1,State_15,15,GSE190260,LAM1163,3.1082983016967773
GSE190260::LAM1163:TTAGGACCAGCTGTAT-1,12,GSE190260::LAM1163:CTTACCGTCGTCTGCT-1,State_15,15,GSE190260,LAM1163,3.1130905151367188
GSE190260::LAM1163:TTAGGACCAGCTGTAT-1,13,GSE190260::LAM1163:CTCGGAGCAACACGCC-1,State_16,16,GSE190260,LAM1163,3.134932279586792
GSE190260::LAM1163:TTAGGACCAGCTGTAT-1,14,GSE190260::LAM1163:GTGTTAGTCTCCAACC-1,State_15,15,GSE190260,LAM1163,3.1391680240631104
GSE190260::LAM1163:TTAGGACCAGCTGTAT-1,15,GSE190260::LAM1163:GATCGATTCAGTGTTG-1,State_15,15,GSE190260,LAM1163,3.1798338890075684
GSE190260::LAM1163:TTAGGACCAGCTGTAT-1,16,GSE190260::LAM1163:GGACAAGTCAATCTCT-1,State_16,16,GSE190260,LAM1163,3.2745022773742676
GSE190260::LAM1163:TTAGGACCAGCTGTAT-1,17,GSE190260::LAM1163:TATCTCAAGACCTAGG-1,State_16,16,GSE190260,LAM1163,3.2828896045684814
GSE190260::LAM1163:TTAGGACCAGCTGTAT-1,18,GSE190260::LAM1163:CAGTCCTTCGTAGGTT-1,State_15,15,GSE190260,LAM1163,3.2923390865325928
GSE190260::LAM1163:TTAGGACCAGCTGTAT-1,19,GSE190260::LAM1163:CTCACACTCGCTTAGA-1,State_16,16,GSE190260,LAM1163,3.3234894275665283
GSE190260::LAM1163:TTAGGACCAGCTGTAT-1,20,GSE190260::LAM1163:CAAGTTGGTCGCCATG-1,State_15,15,GSE190260,LAM1163,3.3391661643981934
GSE190260::LAM1163:TTAGGACCAGCTGTAT-1,21,GSE217108::LAM32:GCTGCACAGTAGCTTA-1,State_16,16,GSE217108,LAM32,3.3462142944335938
GSE190260::LAM1163:TTAGGACCAGCTGTAT-1,22,GSE190260::LAM1163:TTAGGCAAGGAGCGAG-1,State_15,15,GSE190260,LAM1163,3.3778576850891113
GSE190260::LAM1163:TTAGGACCAGCTGTAT-1,23,GSE190260::LAM1163:CGGACGTCAGGCGATA-1,State_16,16,GSE190260,LAM1163,3.382361650466919
GSE190260::LAM1163:TTAGGACCAGCTGTAT-1,24,GSE190260::LAM1163:GCTCCTAGTAGCTCCG-1,State_16,16,GSE190260,LAM1163,3.408907175064087
GSE190260::LAM1163:TTAGGACCAGCTGTAT-1,25,GSE302356::LAM10:CCCGTTGTCATGTGGT-1,boundary,,GSE302356,LAM3,3.4149394035339355
GSE190260::LAM1163:TTAGGACCAGCTGTAT-1,26,GSE302356::LAM10:GGTCCGTAGCTTGCTC-1,State_16,16,GSE302356,LAM3,3.4190802574157715
GSE190260::LAM1163:TTAGGACCAGCTGTAT-1,27,GSE190260::LAM1163:AAAGTAGGTGAGTGAC-1,boundary,,GSE190260,LAM1163,3.4263763427734375
GSE190260::LAM1163:TTAGGACCAGCTGTAT-1,28,GSE190260::LAM1163:TAGACCATCGCACTCT-1,State_15,15,GSE190260,LAM1163,3.480367660522461
GSE190260::LAM1163:TTAGGACCAGCTGTAT-1,29,GSE190260::LAM1163:GAACGGACATGCCTTC-1,boundary,,GSE190260,LAM1163,3.4805872440338135
GSE190260::LAM1163:TTAGGACCAGCTGTAT-1,30,GSE190260::LAM1163:GGCAATTGTTGAGTTC-1,State_16,16,GSE190260,LAM1163,3.4832305908203125
GSE190260::LAM1163:TTAGGACGTCGGATCC-1,1,GSE190260::LAM1163:GACTAACGTTGTGGCC-1,State_15,15,GSE190260,LAM1163,1.3619358539581299
GSE190260::LAM1163:TTAGGACGTCGGATCC-1,2,GSE190260::LAM1163:AGAGCTTCACGTTGGC-1,State_15,15,GSE190260,LAM1163,1.3672009706497192
GSE190260::LAM1163:TTAGGACGTCGGATCC-1,3,GSE190260::LAM1163:TGACGGCAGTGGCACA-1,State_15,15,GSE190260,LAM1163,1.5186687707901
GSE190260::LAM1163:TTAGGACGTCGGATCC-1,4,GSE190260::LAM1163:AGCTCCTGTCAAAGCG-1,State_15,15,GSE190260,LAM1163,1.6291733980178833
GSE190260::LAM1163:TTAGGACGTCGGATCC-1,5,GSE190260::LAM1163:CGTCTACGTTTGTTGG-1,State_15,15,GSE190260,LAM1163,1.6425225734710693
GSE190260::LAM1163:TTAGGACGTCGGATCC-1,6,GSE190260::LAM1163:CTTACCGTCGTCTGCT-1,State_15,15,GSE190260,LAM1163,1.6618964672088623
GSE190260::LAM1163:TTAGGACGTCGGATCC-1,7,GSE190260::LAM1163:AGGGTGACAAACTGTC-1,State_15,15,GSE190260,LAM1163,1.6846579313278198
GSE190260::LAM1163:TTAGGACGTCGGATCC-1,8,GSE190260::LAM1163:CGGCTAGAGTGGTAGC-1,State_15,15,GSE190260,LAM1163,1.7263691425323486
GSE190260::LAM1163:TTAGGACGTCGGATCC-1,9,GSE190260::LAM1163:CATATGGTCGCCCTTA-1,State_15,15,GSE190260,LAM1163,1.7494747638702393
GSE190260::LAM1163:TTAGGACGTCGGATCC-1,10,GSE190260::LAM1163:ATTACTCGTGTCCTCT-1,State_15,15,GSE190260,LAM1163,1.7678786516189575
GSE190260::LAM1163:TTAGGACGTCGGATCC-1,11,GSE190260::LAM1163:TGCGCAGCAAGGCTCC-1,State_15,15,GSE190260,LAM1163,1.8625038862228394
GSE190260::LAM1163:TTAGGACGTCGGATCC-1,12,GSE190260::LAM1163:TACGGATTCTATCCTA-1,State_15,15,GSE190260,LAM1163,1.8860214948654175
GSE190260::LAM1163:TTAGGACGTCGGATCC-1,13,GSE190260::LAM1163:CAGCATATCCTCCTAG-1,State_15,15,GSE190260,LAM1163,1.891973614692688
GSE190260::LAM1163:TTAGGACGTCGGATCC-1,14,GSE190260::LAM1163:CATCAGACAAGAAAGG-1,State_15,15,GSE190260,LAM1163,1.912479043006897
GSE190260::LAM1163:TTAGGACGTCGGATCC-1,15,GSE190260::LAM1163:GGATGTTTCTTCCTTC-1,State_15,15,GSE190260,LAM1163,1.9133449792861938
GSE190260::LAM1163:TTAGGACGTCGGATCC-1,16,GSE190260::LAM1163:CTCTGGTCATCCCACT-1,State_15,15,GSE190260,LAM1163,1.9155420064926147
GSE190260::LAM1163:TTAGGACGTCGGATCC-1,17,GSE190260::LAM1163:GGTGCGTTCTGTACGA-1,State_15,15,GSE190260,LAM1163,1.9237148761749268
GSE190260::LAM1163:TTAGGACGTCGGATCC-1,18,GSE190260::LAM1163:GACTACATCGAGGTAG-1,State_15,15,GSE190260,LAM1163,1.9278843402862549
GSE190260::LAM1163:TTAGGACGTCGGATCC-1,19,GSE190260::LAM1163:AAGACCTTCCCTTGCA-1,State_15,15,GSE190260,LAM1163,1.9409152269363403
GSE190260::LAM1163:TTAGGACGTCGGATCC-1,20,GSE190260::LAM1163:CTGATCCTCGCTTAGA-1,State_15,15,GSE190260,LAM1163,1.957482099533081
GSE190260::LAM1163:TTAGGACGTCGGATCC-1,21,GSE190260::LAM1163:GTCACAAAGACTTGAA-1,State_15,15,GSE190260,LAM1163,1.9814057350158691
GSE190260::LAM1163:TTAGGACGTCGGATCC-1,22,GSE190260::LAM1163:AAAGCAACAAGAGTCG-1,State_15,15,GSE190260,LAM1163,1.9837067127227783
GSE190260::LAM1163:TTAGGACGTCGGATCC-1,23,GSE190260::LAM1163:AGAGTGGCATGATCCA-1,State_15,15,GSE190260,LAM1163,1.9965919256210327
GSE190260::LAM1163:TTAGGACGTCGGATCC-1,24,GSE190260::LAM1163:CCTTTCTCATCGGGTC-1,State_15,15,GSE190260,LAM1163,2.000969886779785
GSE190260::LAM1163:TTAGGACGTCGGATCC-1,25,GSE190260::LAM1163:CGCTATCGTAGGCATG-1,State_15,15,GSE190260,LAM1163,2.0086162090301514
GSE190260::LAM1163:TTAGGACGTCGGATCC-1,26,GSE190260::LAM1163:TCGAGGCAGACTAGAT-1,State_15,15,GSE190260,LAM1163,2.023670196533203
GSE190260::LAM1163:TTAGGACGTCGGATCC-1,27,GSE190260::LAM1163:GCACTCTCATCCGGGT-1,State_15,15,GSE190260,LAM1163,2.0305209159851074
GSE190260::LAM1163:TTAGGACGTCGGATCC-1,28,GSE190260::LAM1163:TCGTACCCAAGCCGTC-1,State_15,15,GSE190260,LAM1163,2.0519509315490723
GSE190260::LAM1163:TTAGGACGTCGGATCC-1,29,GSE135851::LAM3:CGTAGGCGTACTCAAC-1,State_15,15,GSE135851,LAM3,2.0687568187713623
GSE190260::LAM1163:TTAGGACGTCGGATCC-1,30,GSE190260::LAM1163:TTCTCAAAGTCCGTAT-1,State_15,15,GSE190260,LAM1163,2.0824854373931885
GSE190260::LAM1163:TTAGGCAAGGAGCGAG-1,1,GSE190260::LAM1163:TCTTCGGTCCCGGATG-1,State_15,15,GSE190260,LAM1163,2.316964626312256
GSE190260::LAM1163:TTAGGCAAGGAGCGAG-1,2,GSE190260::LAM1163:CGTAGCGTCCCAGGTG-1,State_15,15,GSE190260,LAM1163,2.3559353351593018
GSE190260::LAM1163:TTAGGCAAGGAGCGAG-1,3,GSE190260::LAM1163:AGAATAGTCCCTGACT-1,State_15,15,GSE190260,LAM1163,2.360818386077881
GSE190260::LAM1163:TTAGGCAAGGAGCGAG-1,4,GSE190260::LAM1163:CTCTGGTCATCCCACT-1,State_15,15,GSE190260,LAM1163,2.4083497524261475
GSE190260::LAM1163:TTAGGCAAGGAGCGAG-1,5,GSE190260::LAM1163:ATCACGACAGTAAGAT-1,State_15,15,GSE190260,LAM1163,2.4665420055389404
GSE190260::LAM1163:TTAGGCAAGGAGCGAG-1,6,GSE190260::LAM1163:CCCAGTTGTCGTTGTA-1,State_15,15,GSE190260,LAM1163,2.470371961593628
GSE190260::LAM1163:TTAGGCAAGGAGCGAG-1,7,GSE190260::LAM1163:CTCAGAAGTGATAAGT-1,State_15,15,GSE190260,LAM1163,2.471949577331543
GSE190260::LAM1163:TTAGGCAAGGAGCGAG-1,8,GSE190260::LAM1163:TCGAGGCAGACTAGAT-1,State_15,15,GSE190260,LAM1163,2.4849040508270264
GSE190260::LAM1163:TTAGGCAAGGAGCGAG-1,9,GSE190260::LAM1163:GAGTCCGAGCTAAACA-1,State_15,15,GSE190260,LAM1163,2.4912750720977783
GSE190260::LAM1163:TTAGGCAAGGAGCGAG-1,10,GSE190260::LAM1163:TGCGCAGCAAGGCTCC-1,State_15,15,GSE190260,LAM1163,2.503993511199951
GSE190260::LAM1163:TTAGGCAAGGAGCGAG-1,11,GSE190260::LAM1163:TTTACTGGTGACGCCT-1,State_15,15,GSE190260,LAM1163,2.5921778678894043
GSE190260::LAM1163:TTAGGCAAGGAGCGAG-1,12,GSE190260::LAM1163:TCGTAGAGTTACCGAT-1,State_15,15,GSE190260,LAM1163,2.617971897125244
GSE190260::LAM1163:TTAGGCAAGGAGCGAG-1,13,GSE190260::LAM1163:TGCCCTACAGACGCCT-1,State_15,15,GSE190260,LAM1163,2.633632183074951
GSE190260::LAM1163:TTAGGCAAGGAGCGAG-1,14,GSE190260::LAM1163:AAAGCAACAAGAGTCG-1,State_15,15,GSE190260,LAM1163,2.7195444107055664
GSE190260::LAM1163:TTAGGCAAGGAGCGAG-1,15,GSE135851::LAM3:CGTAGGCGTACTCAAC-1,State_15,15,GSE135851,LAM3,2.725191116333008
GSE190260::LAM1163:TTAGGCAAGGAGCGAG-1,16,GSE190260::LAM1163:AGTCTTTAGATAGTCA-1,State_15,15,GSE190260,LAM1163,2.7420859336853027
GSE190260::LAM1163:TTAGGCAAGGAGCGAG-1,17,GSE190260::LAM1163:CCAGCGAGTAGCCTAT-1,State_15,15,GSE190260,LAM1163,2.7454686164855957
GSE190260::LAM1163:TTAGGCAAGGAGCGAG-1,18,GSE190260::LAM1163:CTCAGAATCACTTACT-1,State_15,15,GSE190260,LAM1163,2.767800807952881
GSE190260::LAM1163:TTAGGCAAGGAGCGAG-1,19,GSE190260::LAM1163:CCTCAGTAGTAGATGT-1,State_15,15,GSE190260,LAM1163,2.7698445320129395
GSE190260::LAM1163:TTAGGCAAGGAGCGAG-1,20,GSE190260::LAM1163:TTGTAGGGTAAAGTCA-1,State_15,15,GSE190260,LAM1163,2.798445224761963
GSE190260::LAM1163:TTAGGCAAGGAGCGAG-1,21,GSE190260::LAM1163:CACACTCAGATAGGAG-1,State_15,15,GSE190260,LAM1163,2.7986562252044678
GSE190260::LAM1163:TTAGGCAAGGAGCGAG-1,22,GSE190260::LAM1163:TTTGCGCAGCCAGAAC-1,State_15,15,GSE190260,LAM1163,2.8166840076446533
GSE190260::LAM1163:TTAGGCAAGGAGCGAG-1,23,GSE190260::LAM1163:CGCTTCAAGCCCAACC-1,State_15,15,GSE190260,LAM1163,2.83025860786438
GSE190260::LAM1163:TTAGGCAAGGAGCGAG-1,24,GSE190260::LAM1163:TAGACCATCGCACTCT-1,State_15,15,GSE190260,LAM1163,2.84977388381958
GSE190260::LAM1163:TTAGGCAAGGAGCGAG-1,25,GSE190260::LAM1163:GGGTTGCGTCAGAATA-1,State_15,15,GSE190260,LAM1163,2.8562586307525635
GSE190260::LAM1163:TTAGGCAAGGAGCGAG-1,26,GSE190260::LAM1163:AGCCTAAAGATGCCAG-1,State_15,15,GSE190260,LAM1163,2.8568484783172607
GSE190260::LAM1163:TTAGGCAAGGAGCGAG-1,27,GSE190260::LAM1163:CGCTATCGTAGGCATG-1,State_15,15,GSE190260,LAM1163,2.863792657852173
GSE190260::LAM1163:TTAGGCAAGGAGCGAG-1,28,GSE190260::LAM1163:CTTACCGTCGTCTGCT-1,State_15,15,GSE190260,LAM1163,2.87483286857605
GSE190260::LAM1163:TTAGGCAAGGAGCGAG-1,29,GSE190260::LAM1163:CAAGTTGGTCGCCATG-1,State_15,15,GSE190260,LAM1163,2.8756420612335205
GSE190260::LAM1163:TTAGGCAAGGAGCGAG-1,30,GSE190260::LAM1163:CGATCGGAGATATGGT-1,State_15,15,GSE190260,LAM1163,2.8818533420562744
GSE190260::LAM1163:TTCTCAAAGTCCGTAT-1,1,GSE190260::LAM1163:ATGTGTGGTAGTAGTA-1,State_15,15,GSE190260,LAM1163,0.8795486092567444
GSE190260::LAM1163:TTCTCAAAGTCCGTAT-1,2,GSE190260::LAM1163:ATTACTCGTGTCCTCT-1,State_15,15,GSE190260,LAM1163,1.2664968967437744
GSE190260::LAM1163:TTCTCAAAGTCCGTAT-1,3,GSE190260::LAM1163:CACAGTATCTTGTATC-1,State_15,15,GSE190260,LAM1163,1.2747761011123657
GSE190260::LAM1163:TTCTCAAAGTCCGTAT-1,4,GSE190260::LAM1163:AAGACCTTCCCTTGCA-1,State_15,15,GSE190260,LAM1163,1.389531135559082
GSE190260::LAM1163:TTCTCAAAGTCCGTAT-1,5,GSE190260::LAM1163:TACGGATTCTATCCTA-1,State_15,15,GSE190260,LAM1163,1.4381968975067139
GSE190260::LAM1163:TTCTCAAAGTCCGTAT-1,6,GSE190260::LAM1163:CGCTTCAAGCCCAACC-1,State_15,15,GSE190260,LAM1163,1.4863426685333252
GSE190260::LAM1163:TTCTCAAAGTCCGTAT-1,7,GSE190260::LAM1163:GGGTTGCGTCAGAATA-1,State_15,15,GSE190260,LAM1163,1.5125043392181396
GSE190260::LAM1163:TTCTCAAAGTCCGTAT-1,8,GSE190260::LAM1163:CGTCTACGTTTGTTGG-1,State_15,15,GSE190260,LAM1163,1.5154330730438232
GSE190260::LAM1163:TTCTCAAAGTCCGTAT-1,9,GSE190260::LAM1163:AGGGTGACAAACTGTC-1,State_15,15,GSE190260,LAM1163,1.531572699546814
GSE190260::LAM1163:TTCTCAAAGTCCGTAT-1,10,GSE190260::LAM1163:CTTACCGTCGTCTGCT-1,State_15,15,GSE190260,LAM1163,1.5428110361099243
GSE190260::LAM1163:TTCTCAAAGTCCGTAT-1,11,GSE190260::LAM1163:CGCTATCGTAGGCATG-1,State_15,15,GSE190260,LAM1163,1.5657907724380493
GSE190260::LAM1163:TTCTCAAAGTCCGTAT-1,12,GSE190260::LAM1163:GGATGTTTCTTCCTTC-1,State_15,15,GSE190260,LAM1163,1.6107591390609741
GSE190260::LAM1163:TTCTCAAAGTCCGTAT-1,13,GSE190260::LAM1163:CGGACTGGTCCAAGTT-1,State_15,15,GSE190260,LAM1163,1.635048270225525
GSE190260::LAM1163:TTCTCAAAGTCCGTAT-1,14,GSE190260::LAM1163:GCTCCTAGTTCCACAA-1,State_15,15,GSE190260,LAM1163,1.653334140777588
GSE190260::LAM1163:TTCTCAAAGTCCGTAT-1,15,GSE190260::LAM1163:TGCGCAGCAAGGCTCC-1,State_15,15,GSE190260,LAM1163,1.681872010231018
GSE190260::LAM1163:TTCTCAAAGTCCGTAT-1,16,GSE190260::LAM1163:TGCGCAGTCTCTAAGG-1,State_15,15,GSE190260,LAM1163,1.6973803043365479
GSE190260::LAM1163:TTCTCAAAGTCCGTAT-1,17,GSE190260::LAM1163:AGCTCCTTCCGCTGTT-1,State_15,15,GSE190260,LAM1163,1.6988747119903564
GSE190260::LAM1163:TTCTCAAAGTCCGTAT-1,18,GSE190260::LAM1163:AGTCTTTAGATAGTCA-1,State_15,15,GSE190260,LAM1163,1.7205320596694946
GSE190260::LAM1163:TTCTCAAAGTCCGTAT-1,19,GSE190260::LAM1163:CTGAAGTCACCGAATT-1,State_15,15,GSE190260,LAM1163,1.726440191268921
GSE190260::LAM1163:TTCTCAAAGTCCGTAT-1,20,GSE190260::LAM1163:CATCAGACAAGAAAGG-1,State_15,15,GSE190260,LAM1163,1.7499133348464966
GSE190260::LAM1163:TTCTCAAAGTCCGTAT-1,21,GSE190260::LAM1163:GGTGCGTTCTGTACGA-1,State_15,15,GSE190260,LAM1163,1.7946274280548096
GSE190260::LAM1163:TTCTCAAAGTCCGTAT-1,22,GSE190260::LAM1163:TAGACCATCGCACTCT-1,State_15,15,GSE190260,LAM1163,1.806979775428772
GSE190260::LAM1163:TTCTCAAAGTCCGTAT-1,23,GSE190260::LAM1163:GGATGTTTCAAGCCTA-1,State_15,15,GSE190260,LAM1163,1.8323503732681274
GSE190260::LAM1163:TTCTCAAAGTCCGTAT-1,24,GSE190260::LAM1163:CTCAGAATCACTTACT-1,State_15,15,GSE190260,LAM1163,1.8810449838638306
GSE190260::LAM1163:TTCTCAAAGTCCGTAT-1,25,GSE190260::LAM1163:CGTCCATTCGTAGGAG-1,State_15,15,GSE190260,LAM1163,1.8832101821899414
GSE190260::LAM1163:TTCTCAAAGTCCGTAT-1,26,GSE190260::LAM1163:AGCCTAAAGATGCCAG-1,State_15,15,GSE190260,LAM1163,1.9014201164245605
GSE190260::LAM1163:TTCTCAAAGTCCGTAT-1,27,GSE190260::LAM1163:CGCTGGACAAGTTCTG-1,State_15,15,GSE190260,LAM1163,1.9319268465042114
GSE190260::LAM1163:TTCTCAAAGTCCGTAT-1,28,GSE190260::LAM1163:TCAGGATGTGACAAAT-1,State_15,15,GSE190260,LAM1163,1.973429560661316
GSE190260::LAM1163:TTCTCAAAGTCCGTAT-1,29,GSE190260::LAM1163:CAGATCAGTATCACCA-1,State_15,15,GSE190260,LAM1163,1.9880497455596924
GSE190260::LAM1163:TTCTCAAAGTCCGTAT-1,30,GSE190260::LAM1163:TTTGCGCAGCCAGAAC-1,State_15,15,GSE190260,LAM1163,2.0004167556762695
GSE190260::LAM1163:TTCTTAGCAGGCGATA-1,1,GSE190260::LAM1163:TCTGAGAAGATGTTAG-1,State_15,15,GSE190260,LAM1163,2.684736967086792
GSE190260::LAM1163:TTCTTAGCAGGCGATA-1,2,GSE190260::LAM1163:TCGTAGAGTTACCGAT-1,State_15,15,GSE190260,LAM1163,2.7764108180999756
GSE190260::LAM1163:TTCTTAGCAGGCGATA-1,3,GSE190260::LAM1163:CTAAGACGTGGTTTCA-1,State_15,15,GSE190260,LAM1163,2.908600091934204
GSE190260::LAM1163:TTCTTAGCAGGCGATA-1,4,GSE190260::LAM1163:GTGTTAGTCTCCAACC-1,State_15,15,GSE190260,LAM1163,2.9749512672424316
GSE190260::LAM1163:TTCTTAGCAGGCGATA-1,5,GSE190260::LAM1163:CCTCAGTAGTAGATGT-1,State_15,15,GSE190260,LAM1163,3.0781712532043457
GSE190260::LAM1163:TTCTTAGCAGGCGATA-1,6,GSE190260::LAM1163:CGATCGGAGATATGGT-1,State_15,15,GSE190260,LAM1163,3.1210713386535645
GSE190260::LAM1163:TTCTTAGCAGGCGATA-1,7,GSE190260::LAM1163:CGCTATCGTAGGCATG-1,State_15,15,GSE190260,LAM1163,3.1307878494262695
GSE190260::LAM1163:TTCTTAGCAGGCGATA-1,8,GSE190260::LAM1163:GCCTCTAAGAGCCCAA-1,State_15,15,GSE190260,LAM1163,3.1341137886047363
GSE190260::LAM1163:TTCTTAGCAGGCGATA-1,9,GSE190260::LAM1163:TTAGGCAAGGAGCGAG-1,State_15,15,GSE190260,LAM1163,3.136077880859375
GSE190260::LAM1163:TTCTTAGCAGGCGATA-1,10,GSE190260::LAM1163:CGTGTAAGTTGTACAC-1,State_15,15,GSE190260,LAM1163,3.146989107131958
GSE190260::LAM1163:TTCTTAGCAGGCGATA-1,11,GSE190260::LAM1163:GTCCTCATCCACTGGG-1,State_15,15,GSE190260,LAM1163,3.156649589538574
GSE190260::LAM1163:TTCTTAGCAGGCGATA-1,12,GSE190260::LAM1163:CAAGTTGGTCGCCATG-1,State_15,15,GSE190260,LAM1163,3.184211492538452
GSE190260::LAM1163:TTCTTAGCAGGCGATA-1,13,GSE190260::LAM1163:TGCCCTACAGACGCCT-1,State_15,15,GSE190260,LAM1163,3.197702407836914
GSE190260::LAM1163:TTCTTAGCAGGCGATA-1,14,GSE190260::LAM1163:TAAACCGAGGCAATTA-1,State_15,15,GSE190260,LAM1163,3.2888007164001465
GSE190260::LAM1163:TTCTTAGCAGGCGATA-1,15,GSE190260::LAM1163:AGAATAGTCCCTGACT-1,State_15,15,GSE190260,LAM1163,3.383863687515259
GSE190260::LAM1163:TTCTTAGCAGGCGATA-1,16,GSE190260::LAM1163:TACGGGCCAGTTAACC-1,State_15,15,GSE190260,LAM1163,3.4117977619171143
GSE190260::LAM1163:TTCTTAGCAGGCGATA-1,17,GSE190260::LAM1163:TGCTACCCACTTACGA-1,State_16,16,GSE190260,LAM1163,3.4129791259765625
GSE190260::LAM1163:TTCTTAGCAGGCGATA-1,18,GSE190260::LAM1163:AAAGCAACAAGAGTCG-1,State_15,15,GSE190260,LAM1163,3.4159562587738037
GSE190260::LAM1163:TTCTTAGCAGGCGATA-1,19,GSE190260::LAM1163:TGCGCAGCAAGGCTCC-1,State_15,15,GSE190260,LAM1163,3.422760486602783
GSE190260::LAM1163:TTCTTAGCAGGCGATA-1,20,GSE190260::LAM1163:CGATGTAGTAATAGCA-1,State_12,12,GSE190260,LAM1163,3.455723524093628
GSE190260::LAM1163:TTCTTAGCAGGCGATA-1,21,GSE190260::LAM1163:AGAGCTTCACGTTGGC-1,State_15,15,GSE190260,LAM1163,3.498769760131836
GSE190260::LAM1163:TTCTTAGCAGGCGATA-1,22,GSE190260::LAM1163:TTTACTGAGCTGAAAT-1,State_15,15,GSE190260,LAM1163,3.5157368183135986
GSE190260::LAM1163:TTCTTAGCAGGCGATA-1,23,GSE190260::LAM1163:TCTTCGGTCCCGGATG-1,State_15,15,GSE190260,LAM1163,3.51716685295105
GSE190260::LAM1163:TTCTTAGCAGGCGATA-1,24,GSE190260::LAM1163:CAGCATATCCTCCTAG-1,State_15,15,GSE190260,LAM1163,3.5193498134613037
GSE190260::LAM1163:TTCTTAGCAGGCGATA-1,25,GSE190260::LAM1163:CCTAGCTTCTGAGGGA-1,State_15,15,GSE190260,LAM1163,3.525700330734253
GSE190260::LAM1163:TTCTTAGCAGGCGATA-1,26,GSE190260::LAM1163:CGTCCATCATGCCTAA-1,State_15,15,GSE190260,LAM1163,3.5346672534942627
GSE190260::LAM1163:TTCTTAGCAGGCGATA-1,27,GSE190260::LAM1163:CGTCTACGTTTGTTGG-1,State_15,15,GSE190260,LAM1163,3.5629329681396484
GSE190260::LAM1163:TTCTTAGCAGGCGATA-1,28,GSE190260::LAM1163:CTTACCGTCGTCTGCT-1,State_15,15,GSE190260,LAM1163,3.5796329975128174
GSE190260::LAM1163:TTCTTAGCAGGCGATA-1,29,GSE190260::LAM1163:GTAACTGAGCACCGCT-1,State_15,15,GSE190260,LAM1163,3.58128023147583
GSE190260::LAM1163:TTCTTAGCAGGCGATA-1,30,GSE190260::LAM1163:CTCAGAATCACTTACT-1,State_15,15,GSE190260,LAM1163,3.591777801513672
GSE190260::LAM1163:TTGGAACTCGGCGGTT-1,1,GSE135851::LAM3:CGTAGGCGTACTCAAC-1,State_15,15,GSE135851,LAM3,1.5675747394561768
GSE190260::LAM1163:TTGGAACTCGGCGGTT-1,2,GSE190260::LAM1163:TGACGGCAGTGGCACA-1,State_15,15,GSE190260,LAM1163,1.6377404928207397
GSE190260::LAM1163:TTGGAACTCGGCGGTT-1,3,GSE190260::LAM1163:GCACTCTCATCCGGGT-1,State_15,15,GSE190260,LAM1163,1.6452149152755737
GSE190260::LAM1163:TTGGAACTCGGCGGTT-1,4,GSE190260::LAM1163:GTCACAAAGACTTGAA-1,State_15,15,GSE190260,LAM1163,1.6931376457214355
GSE190260::LAM1163:TTGGAACTCGGCGGTT-1,5,GSE190260::LAM1163:CGGCTAGAGTGGTAGC-1,State_15,15,GSE190260,LAM1163,1.7710027694702148
GSE190260::LAM1163:TTGGAACTCGGCGGTT-1,6,GSE190260::LAM1163:ACAGCCGAGGACTGGT-1,State_15,15,GSE190260,LAM1163,1.7996717691421509
GSE190260::LAM1163:TTGGAACTCGGCGGTT-1,7,GSE190260::LAM1163:AGGTCCGAGGCATGTG-1,State_15,15,GSE190260,LAM1163,1.882656216621399
GSE190260::LAM1163:TTGGAACTCGGCGGTT-1,8,GSE190260::LAM1163:AGCTCCTGTCAAAGCG-1,State_15,15,GSE190260,LAM1163,1.9360480308532715
GSE190260::LAM1163:TTGGAACTCGGCGGTT-1,9,GSE190260::LAM1163:GACTAACGTTGTGGCC-1,State_15,15,GSE190260,LAM1163,1.9725643396377563
GSE190260::LAM1163:TTGGAACTCGGCGGTT-1,10,GSE190260::LAM1163:AGAGTGGCATGATCCA-1,State_15,15,GSE190260,LAM1163,2.1915061473846436
GSE190260::LAM1163:TTGGAACTCGGCGGTT-1,11,GSE190260::LAM1163:TCGAGGCAGACTAGAT-1,State_15,15,GSE190260,LAM1163,2.2022757530212402
GSE190260::LAM1163:TTGGAACTCGGCGGTT-1,12,GSE190260::LAM1163:TTAGGACGTCGGATCC-1,State_15,15,GSE190260,LAM1163,2.2537918090820312
GSE190260::LAM1163:TTGGAACTCGGCGGTT-1,13,GSE190260::LAM1163:CTGATCCTCGCTTAGA-1,State_15,15,GSE190260,LAM1163,2.319864511489868
GSE190260::LAM1163:TTGGAACTCGGCGGTT-1,14,GSE190260::LAM1163:GTTACAGCAAGCTGGA-1,State_15,15,GSE190260,LAM1163,2.431098222732544
GSE190260::LAM1163:TTGGAACTCGGCGGTT-1,15,GSE190260::LAM1163:CTCGAGGAGCCCGAAA-1,State_15,15,GSE190260,LAM1163,2.4386260509490967
GSE190260::LAM1163:TTGGAACTCGGCGGTT-1,16,GSE190260::LAM1163:GCGGGTTTCACATAGC-1,State_15,15,GSE190260,LAM1163,2.4577291011810303
GSE190260::LAM1163:TTGGAACTCGGCGGTT-1,17,GSE190260::LAM1163:CTCTGGTCATCCCACT-1,State_15,15,GSE190260,LAM1163,2.460245370864868
GSE190260::LAM1163:TTGGAACTCGGCGGTT-1,18,GSE190260::LAM1163:TCGTACCCAAGCCGTC-1,State_15,15,GSE190260,LAM1163,2.463529109954834
GSE190260::LAM1163:TTGGAACTCGGCGGTT-1,19,GSE135851::LAM3:ATCTGCCTCAGAGCTT-1,State_15,15,GSE135851,LAM3,2.503466844558716
GSE190260::LAM1163:TTGGAACTCGGCGGTT-1,20,GSE190260::LAM1163:GACTACATCGAGGTAG-1,State_15,15,GSE190260,LAM1163,2.509347438812256
GSE190260::LAM1163:TTGGAACTCGGCGGTT-1,21,GSE190260::LAM1163:TTGTAGGGTAAAGTCA-1,State_15,15,GSE190260,LAM1163,2.535034656524658
GSE190260::LAM1163:TTGGAACTCGGCGGTT-1,22,GSE190260::LAM1163:CATTCGCAGCAATCTC-1,State_15,15,GSE190260,LAM1163,2.556413173675537
GSE190260::LAM1163:TTGGAACTCGGCGGTT-1,23,GSE190260::LAM1163:CATCAAGCAATACGCT-1,State_15,15,GSE190260,LAM1163,2.572157859802246
GSE190260::LAM1163:TTGGAACTCGGCGGTT-1,24,GSE190260::LAM1163:TACGGTATCACCTTAT-1,State_15,15,GSE190260,LAM1163,2.574596881866455
GSE190260::LAM1163:TTGGAACTCGGCGGTT-1,25,GSE190260::LAM1163:CATATGGTCGCCCTTA-1,State_15,15,GSE190260,LAM1163,2.6045374870300293
GSE190260::LAM1163:TTGGAACTCGGCGGTT-1,26,GSE190260::LAM1163:AAAGCAACAAGAGTCG-1,State_15,15,GSE190260,LAM1163,2.6064906120300293
GSE190260::LAM1163:TTGGAACTCGGCGGTT-1,27,GSE135851::LAM3:AACCATGCACGAAGCA-1,State_15,15,GSE135851,LAM3,2.617119789123535
GSE190260::LAM1163:TTGGAACTCGGCGGTT-1,28,GSE135851::LAM3:ATGAGGGGTGTGCGTC-1,State_15,15,GSE135851,LAM3,2.6186771392822266
GSE190260::LAM1163:TTGGAACTCGGCGGTT-1,29,GSE190260::LAM1163:CATCAGACAAGAAAGG-1,State_15,15,GSE190260,LAM1163,2.625962257385254
GSE190260::LAM1163:TTGGAACTCGGCGGTT-1,30,GSE190260::LAM1163:AGAGCTTCACGTTGGC-1,State_15,15,GSE190260,LAM1163,2.6399967670440674
GSE190260::LAM1163:TTGTAGGGTAAAGTCA-1,1,GSE190260::LAM1163:TTTGCGCAGCCAGAAC-1,State_15,15,GSE190260,LAM1163,1.3474329710006714
GSE190260::LAM1163:TTGTAGGGTAAAGTCA-1,2,GSE190260::LAM1163:TCGAGGCAGACTAGAT-1,State_15,15,GSE190260,LAM1163,1.353251576423645
GSE190260::LAM1163:TTGTAGGGTAAAGTCA-1,3,GSE190260::LAM1163:GGATGTTTCTTCCTTC-1,State_15,15,GSE190260,LAM1163,1.4689664840698242
GSE190260::LAM1163:TTGTAGGGTAAAGTCA-1,4,GSE190260::LAM1163:TATCTCAAGAGACTAT-1,State_15,15,GSE190260,LAM1163,1.4691497087478638
GSE190260::LAM1163:TTGTAGGGTAAAGTCA-1,5,GSE190260::LAM1163:CTCTGGTCATCCCACT-1,State_15,15,GSE190260,LAM1163,1.5128709077835083
GSE190260::LAM1163:TTGTAGGGTAAAGTCA-1,6,GSE190260::LAM1163:CTCAGAAGTGATAAGT-1,State_15,15,GSE190260,LAM1163,1.5299527645111084
GSE190260::LAM1163:TTGTAGGGTAAAGTCA-1,7,GSE190260::LAM1163:TTGTAGGGTGCAACTT-1,State_15,15,GSE190260,LAM1163,1.5418916940689087
GSE190260::LAM1163:TTGTAGGGTAAAGTCA-1,8,GSE190260::LAM1163:ATTACTCGTGTCCTCT-1,State_15,15,GSE190260,LAM1163,1.5447156429290771
GSE190260::LAM1163:TTGTAGGGTAAAGTCA-1,9,GSE190260::LAM1163:AAAGCAACAAGAGTCG-1,State_15,15,GSE190260,LAM1163,1.5740219354629517
GSE190260::LAM1163:TTGTAGGGTAAAGTCA-1,10,GSE190260::LAM1163:AGCCTAAAGATGCCAG-1,State_15,15,GSE190260,LAM1163,1.581155776977539
GSE190260::LAM1163:TTGTAGGGTAAAGTCA-1,11,GSE190260::LAM1163:ATCACGACAGTAAGAT-1,State_15,15,GSE190260,LAM1163,1.5889607667922974
GSE190260::LAM1163:TTGTAGGGTAAAGTCA-1,12,GSE190260::LAM1163:GAGTCCGAGCTAAACA-1,State_15,15,GSE190260,LAM1163,1.6247910261154175
GSE190260::LAM1163:TTGTAGGGTAAAGTCA-1,13,GSE190260::LAM1163:CGCTTCAAGCCCAACC-1,State_15,15,GSE190260,LAM1163,1.6828802824020386
GSE190260::LAM1163:TTGTAGGGTAAAGTCA-1,14,GSE190260::LAM1163:GGTGCGTTCTGTACGA-1,State_15,15,GSE190260,LAM1163,1.7202346324920654
GSE190260::LAM1163:TTGTAGGGTAAAGTCA-1,15,GSE190260::LAM1163:CATCAGACAAGAAAGG-1,State_15,15,GSE190260,LAM1163,1.7258366346359253
GSE190260::LAM1163:TTGTAGGGTAAAGTCA-1,16,GSE190260::LAM1163:CACACTCAGATAGGAG-1,State_15,15,GSE190260,LAM1163,1.745464563369751
GSE190260::LAM1163:TTGTAGGGTAAAGTCA-1,17,GSE190260::LAM1163:AGGGTGACAAACTGTC-1,State_15,15,GSE190260,LAM1163,1.7707699537277222
GSE190260::LAM1163:TTGTAGGGTAAAGTCA-1,18,GSE190260::LAM1163:AGTCTTTAGATAGTCA-1,State_15,15,GSE190260,LAM1163,1.772475242614746
GSE190260::LAM1163:TTGTAGGGTAAAGTCA-1,19,GSE190260::LAM1163:CAGATCAGTATCACCA-1,State_15,15,GSE190260,LAM1163,1.8108506202697754
GSE190260::LAM1163:TTGTAGGGTAAAGTCA-1,20,GSE190260::LAM1163:GGGTTGCGTCAGAATA-1,State_15,15,GSE190260,LAM1163,1.8309533596038818
GSE190260::LAM1163:TTGTAGGGTAAAGTCA-1,21,GSE190260::LAM1163:CACAGTATCTTGTATC-1,State_15,15,GSE190260,LAM1163,1.8385621309280396
GSE190260::LAM1163:TTGTAGGGTAAAGTCA-1,22,GSE190260::LAM1163:TAGACCATCGCACTCT-1,State_15,15,GSE190260,LAM1163,1.8494324684143066
GSE190260::LAM1163:TTGTAGGGTAAAGTCA-1,23,GSE190260::LAM1163:GCACTCTCATCCGGGT-1,State_15,15,GSE190260,LAM1163,1.8992265462875366
GSE190260::LAM1163:TTGTAGGGTAAAGTCA-1,24,GSE190260::LAM1163:GACTAACGTTGTGGCC-1,State_15,15,GSE190260,LAM1163,1.9007716178894043
GSE190260::LAM1163:TTGTAGGGTAAAGTCA-1,25,GSE190260::LAM1163:TACGGATTCTATCCTA-1,State_15,15,GSE190260,LAM1163,1.9120386838912964
GSE190260::LAM1163:TTGTAGGGTAAAGTCA-1,26,GSE190260::LAM1163:AGCTCCTGTCAAAGCG-1,State_15,15,GSE190260,LAM1163,1.9236739873886108
GSE190260::LAM1163:TTGTAGGGTAAAGTCA-1,27,GSE190260::LAM1163:GTCACAAAGACTTGAA-1,State_15,15,GSE190260,LAM1163,1.9272658824920654
GSE190260::LAM1163:TTGTAGGGTAAAGTCA-1,28,GSE190260::LAM1163:CCAGCGAGTAGCCTAT-1,State_15,15,GSE190260,LAM1163,1.953137993812561
GSE190260::LAM1163:TTGTAGGGTAAAGTCA-1,29,GSE190260::LAM1163:TGCGCAGTCTCTAAGG-1,State_15,15,GSE190260,LAM1163,1.9726920127868652
GSE190260::LAM1163:TTGTAGGGTAAAGTCA-1,30,GSE190260::LAM1163:GCGGGTTTCACATAGC-1,State_15,15,GSE190260,LAM1163,1.9732322692871094
GSE190260::LAM1163:TTGTAGGGTGCAACTT-1,1,GSE190260::LAM1163:CTTCTCTGTACTTGAC-1,State_15,15,GSE190260,LAM1163,1.3369085788726807
GSE190260::LAM1163:TTGTAGGGTGCAACTT-1,2,GSE190260::LAM1163:GGATGTTTCTTCCTTC-1,State_15,15,GSE190260,LAM1163,1.4011528491973877
GSE190260::LAM1163:TTGTAGGGTGCAACTT-1,3,GSE190260::LAM1163:TAGACCATCGCACTCT-1,State_15,15,GSE190260,LAM1163,1.4098167419433594
GSE190260::LAM1163:TTGTAGGGTGCAACTT-1,4,GSE190260::LAM1163:GAGTCCGAGCTAAACA-1,State_15,15,GSE190260,LAM1163,1.4890387058258057
GSE190260::LAM1163:TTGTAGGGTGCAACTT-1,5,GSE190260::LAM1163:TTTGCGCAGCCAGAAC-1,State_15,15,GSE190260,LAM1163,1.4925285577774048
GSE190260::LAM1163:TTGTAGGGTGCAACTT-1,6,GSE190260::LAM1163:AGTCTTTAGATAGTCA-1,State_15,15,GSE190260,LAM1163,1.506160855293274
GSE190260::LAM1163:TTGTAGGGTGCAACTT-1,7,GSE190260::LAM1163:TATCTCAAGAGACTAT-1,State_15,15,GSE190260,LAM1163,1.5224281549453735
GSE190260::LAM1163:TTGTAGGGTGCAACTT-1,8,GSE190260::LAM1163:TTGTAGGGTAAAGTCA-1,State_15,15,GSE190260,LAM1163,1.5418916940689087
GSE190260::LAM1163:TTGTAGGGTGCAACTT-1,9,GSE190260::LAM1163:CAGATCAGTATCACCA-1,State_15,15,GSE190260,LAM1163,1.6044002771377563
GSE190260::LAM1163:TTGTAGGGTGCAACTT-1,10,GSE190260::LAM1163:AGCCTAAAGATGCCAG-1,State_15,15,GSE190260,LAM1163,1.672247052192688
GSE190260::LAM1163:TTGTAGGGTGCAACTT-1,11,GSE190260::LAM1163:CGGAGCTAGAGAACAG-1,State_15,15,GSE190260,LAM1163,1.6761897802352905
GSE190260::LAM1163:TTGTAGGGTGCAACTT-1,12,GSE190260::LAM1163:TACGGATTCTATCCTA-1,State_15,15,GSE190260,LAM1163,1.6823920011520386
GSE190260::LAM1163:TTGTAGGGTGCAACTT-1,13,GSE190260::LAM1163:CCTCAGTAGTAGATGT-1,State_15,15,GSE190260,LAM1163,1.6837538480758667
GSE190260::LAM1163:TTGTAGGGTGCAACTT-1,14,GSE190260::LAM1163:CACACTCTCTGTCCGT-1,State_15,15,GSE190260,LAM1163,1.7300695180892944
GSE190260::LAM1163:TTGTAGGGTGCAACTT-1,15,GSE190260::LAM1163:CTCAGAATCACTTACT-1,State_15,15,GSE190260,LAM1163,1.7537676095962524
GSE190260::LAM1163:TTGTAGGGTGCAACTT-1,16,GSE190260::LAM1163:CATCAGACAAGAAAGG-1,State_15,15,GSE190260,LAM1163,1.8085979223251343
GSE190260::LAM1163:TTGTAGGGTGCAACTT-1,17,GSE190260::LAM1163:CCAGCGAGTAGCCTAT-1,State_15,15,GSE190260,LAM1163,1.8287526369094849
GSE190260::LAM1163:TTGTAGGGTGCAACTT-1,18,GSE190260::LAM1163:AGGGTGACAAACTGTC-1,State_15,15,GSE190260,LAM1163,1.8429642915725708
GSE190260::LAM1163:TTGTAGGGTGCAACTT-1,19,GSE190260::LAM1163:ATGTGTGGTAGTAGTA-1,State_15,15,GSE190260,LAM1163,1.8909270763397217
GSE190260::LAM1163:TTGTAGGGTGCAACTT-1,20,GSE190260::LAM1163:AAAGCAACAAGAGTCG-1,State_15,15,GSE190260,LAM1163,1.8950608968734741
GSE190260::LAM1163:TTGTAGGGTGCAACTT-1,21,GSE190260::LAM1163:CGCTTCAAGCCCAACC-1,State_15,15,GSE190260,LAM1163,1.912551760673523
GSE190260::LAM1163:TTGTAGGGTGCAACTT-1,22,GSE190260::LAM1163:CGATCGGAGATATGGT-1,State_15,15,GSE190260,LAM1163,1.9224525690078735
GSE190260::LAM1163:TTGTAGGGTGCAACTT-1,23,GSE190260::LAM1163:CACAGTATCTTGTATC-1,State_15,15,GSE190260,LAM1163,1.924545407295227
GSE190260::LAM1163:TTGTAGGGTGCAACTT-1,24,GSE190260::LAM1163:CGGACTGGTCCAAGTT-1,State_15,15,GSE190260,LAM1163,1.9336581230163574
GSE190260::LAM1163:TTGTAGGGTGCAACTT-1,25,GSE190260::LAM1163:CTGAAGTCACCGAATT-1,State_15,15,GSE190260,LAM1163,1.9372363090515137
GSE190260::LAM1163:TTGTAGGGTGCAACTT-1,26,GSE190260::LAM1163:CAAGTTGGTCGCCATG-1,State_15,15,GSE190260,LAM1163,1.9683388471603394
GSE190260::LAM1163:TTGTAGGGTGCAACTT-1,27,GSE190260::LAM1163:AACACGTAGCTAAACA-1,State_15,15,GSE190260,LAM1163,1.9786697626113892
GSE190260::LAM1163:TTGTAGGGTGCAACTT-1,28,GSE190260::LAM1163:GGTGCGTTCTGTACGA-1,State_15,15,GSE190260,LAM1163,1.9793386459350586
GSE190260::LAM1163:TTGTAGGGTGCAACTT-1,29,GSE190260::LAM1163:GGGTTGCGTCAGAATA-1,State_15,15,GSE190260,LAM1163,1.9936928749084473
GSE190260::LAM1163:TTGTAGGGTGCAACTT-1,30,GSE190260::LAM1163:TCGAGGCAGACTAGAT-1,State_15,15,GSE190260,LAM1163,1.9986883401870728
GSE190260::LAM1163:TTTACTGAGCTGAAAT-1,1,GSE190260::LAM1163:CGATCGGAGATATGGT-1,State_15,15,GSE190260,LAM1163,1.307330846786499
GSE190260::LAM1163:TTTACTGAGCTGAAAT-1,2,GSE190260::LAM1163:CAAGTTGGTCGCCATG-1,State_15,15,GSE190260,LAM1163,1.4081251621246338
GSE190260::LAM1163:TTTACTGAGCTGAAAT-1,3,GSE190260::LAM1163:CCTCAGTAGTAGATGT-1,State_15,15,GSE190260,LAM1163,1.6343047618865967
GSE190260::LAM1163:TTTACTGAGCTGAAAT-1,4,GSE190260::LAM1163:AGCCTAAAGATGCCAG-1,State_15,15,GSE190260,LAM1163,1.8799556493759155
GSE190260::LAM1163:TTTACTGAGCTGAAAT-1,5,GSE190260::LAM1163:AGTCTTTAGATAGTCA-1,State_15,15,GSE190260,LAM1163,1.898966670036316
GSE190260::LAM1163:TTTACTGAGCTGAAAT-1,6,GSE190260::LAM1163:TGCGCAGCAAGGCTCC-1,State_15,15,GSE190260,LAM1163,1.9065488576889038
GSE190260::LAM1163:TTTACTGAGCTGAAAT-1,7,GSE190260::LAM1163:CTTACCGTCGTCTGCT-1,State_15,15,GSE190260,LAM1163,1.947418451309204
GSE190260::LAM1163:TTTACTGAGCTGAAAT-1,8,GSE190260::LAM1163:TAGACCATCGCACTCT-1,State_15,15,GSE190260,LAM1163,1.9479435682296753
GSE190260::LAM1163:TTTACTGAGCTGAAAT-1,9,GSE190260::LAM1163:CGCTATCGTAGGCATG-1,State_15,15,GSE190260,LAM1163,1.9635226726531982
GSE190260::LAM1163:TTTACTGAGCTGAAAT-1,10,GSE190260::LAM1163:TGCCCTACAGACGCCT-1,State_15,15,GSE190260,LAM1163,1.9781301021575928
GSE190260::LAM1163:TTTACTGAGCTGAAAT-1,11,GSE190260::LAM1163:CCAGCGAGTAGCCTAT-1,State_15,15,GSE190260,LAM1163,2.0280418395996094
GSE190260::LAM1163:TTTACTGAGCTGAAAT-1,12,GSE190260::LAM1163:CTCAGAATCACTTACT-1,State_15,15,GSE190260,LAM1163,2.061711549758911
GSE190260::LAM1163:TTTACTGAGCTGAAAT-1,13,GSE190260::LAM1163:TCAGGATGTGACAAAT-1,State_15,15,GSE190260,LAM1163,2.0831949710845947
GSE190260::LAM1163:TTTACTGAGCTGAAAT-1,14,GSE190260::LAM1163:TTTGCGCAGCCAGAAC-1,State_15,15,GSE190260,LAM1163,2.112029552459717
GSE190260::LAM1163:TTTACTGAGCTGAAAT-1,15,GSE190260::LAM1163:TACGGATTCTATCCTA-1,State_15,15,GSE190260,LAM1163,2.1383931636810303
GSE190260::LAM1163:TTTACTGAGCTGAAAT-1,16,GSE190260::LAM1163:CACAGTATCTTGTATC-1,State_15,15,GSE190260,LAM1163,2.153881072998047
GSE190260::LAM1163:TTTACTGAGCTGAAAT-1,17,GSE190260::LAM1163:GGGTTGCGTCAGAATA-1,State_15,15,GSE190260,LAM1163,2.1661078929901123
GSE190260::LAM1163:TTTACTGAGCTGAAAT-1,18,GSE190260::LAM1163:ATGTGTGGTAGTAGTA-1,State_15,15,GSE190260,LAM1163,2.177990436553955
GSE190260::LAM1163:TTTACTGAGCTGAAAT-1,19,GSE190260::LAM1163:TACGGGCCAGTTAACC-1,State_15,15,GSE190260,LAM1163,2.1792397499084473
GSE190260::LAM1163:TTTACTGAGCTGAAAT-1,20,GSE190260::LAM1163:TTCTCAAAGTCCGTAT-1,State_15,15,GSE190260,LAM1163,2.2265164852142334
GSE190260::LAM1163:TTTACTGAGCTGAAAT-1,21,GSE190260::LAM1163:GAGTCCGAGCTAAACA-1,State_15,15,GSE190260,LAM1163,2.233781099319458
GSE190260::LAM1163:TTTACTGAGCTGAAAT-1,22,GSE190260::LAM1163:CGTCTACGTTTGTTGG-1,State_15,15,GSE190260,LAM1163,2.2542691230773926
GSE190260::LAM1163:TTTACTGAGCTGAAAT-1,23,GSE190260::LAM1163:CAGCATATCCTCCTAG-1,State_15,15,GSE190260,LAM1163,2.2649853229522705
GSE190260::LAM1163:TTTACTGAGCTGAAAT-1,24,GSE190260::LAM1163:TCGTAGAGTTACCGAT-1,State_15,15,GSE190260,LAM1163,2.2741539478302
GSE190260::LAM1163:TTTACTGAGCTGAAAT-1,25,GSE190260::LAM1163:CTTCTCTGTACTTGAC-1,State_15,15,GSE190260,LAM1163,2.293583393096924
GSE190260::LAM1163:TTTACTGAGCTGAAAT-1,26,GSE190260::LAM1163:AGAATAGTCCCTGACT-1,State_15,15,GSE190260,LAM1163,2.3010830879211426
GSE190260::LAM1163:TTTACTGAGCTGAAAT-1,27,GSE190260::LAM1163:CGCTTCAAGCCCAACC-1,State_15,15,GSE190260,LAM1163,2.3198862075805664
GSE190260::LAM1163:TTTACTGAGCTGAAAT-1,28,GSE190260::LAM1163:TTGTAGGGTGCAACTT-1,State_15,15,GSE190260,LAM1163,2.3285775184631348
GSE190260::LAM1163:TTTACTGAGCTGAAAT-1,29,GSE190260::LAM1163:CTGAAGTCACCGAATT-1,State_15,15,GSE190260,LAM1163,2.3364827632904053
GSE190260::LAM1163:TTTACTGAGCTGAAAT-1,30,GSE190260::LAM1163:CACACTCTCTGTCCGT-1,State_15,15,GSE190260,LAM1163,2.339207649230957
GSE190260::LAM1163:TTTACTGGTGACGCCT-1,1,GSE190260::LAM1163:CGTAGCGTCCCAGGTG-1,State_15,15,GSE190260,LAM1163,1.8197993040084839
GSE190260::LAM1163:TTTACTGGTGACGCCT-1,2,GSE190260::LAM1163:GGATGTTTCAAGCCTA-1,State_15,15,GSE190260,LAM1163,1.9486526250839233
GSE190260::LAM1163:TTTACTGGTGACGCCT-1,3,GSE190260::LAM1163:TGCGCAGCAAGGCTCC-1,State_15,15,GSE190260,LAM1163,2.0604822635650635
GSE190260::LAM1163:TTTACTGGTGACGCCT-1,4,GSE190260::LAM1163:CGCTTCAAGCCCAACC-1,State_15,15,GSE190260,LAM1163,2.1346006393432617
GSE190260::LAM1163:TTTACTGGTGACGCCT-1,5,GSE190260::LAM1163:ATCACGACAGTAAGAT-1,State_15,15,GSE190260,LAM1163,2.204127311706543
GSE190260::LAM1163:TTTACTGGTGACGCCT-1,6,GSE190260::LAM1163:GGGTTGCGTCAGAATA-1,State_15,15,GSE190260,LAM1163,2.22324538230896
GSE190260::LAM1163:TTTACTGGTGACGCCT-1,7,GSE190260::LAM1163:CCCAGTTGTCGTTGTA-1,State_15,15,GSE190260,LAM1163,2.2333836555480957
GSE190260::LAM1163:TTTACTGGTGACGCCT-1,8,GSE190260::LAM1163:CACACTCAGATAGGAG-1,State_15,15,GSE190260,LAM1163,2.2511653900146484
GSE190260::LAM1163:TTTACTGGTGACGCCT-1,9,GSE190260::LAM1163:CCACCTAAGGTACTCT-1,State_15,15,GSE190260,LAM1163,2.280458450317383
GSE190260::LAM1163:TTTACTGGTGACGCCT-1,10,GSE190260::LAM1163:CGTCTACGTTTGTTGG-1,State_15,15,GSE190260,LAM1163,2.365751266479492
GSE190260::LAM1163:TTTACTGGTGACGCCT-1,11,GSE190260::LAM1163:CTCAGAAGTGATAAGT-1,State_15,15,GSE190260,LAM1163,2.3695549964904785
GSE190260::LAM1163:TTTACTGGTGACGCCT-1,12,GSE190260::LAM1163:CTCTGGTCATCCCACT-1,State_15,15,GSE190260,LAM1163,2.3909270763397217
GSE190260::LAM1163:TTTACTGGTGACGCCT-1,13,GSE190260::LAM1163:AGTCTTTAGATAGTCA-1,State_15,15,GSE190260,LAM1163,2.4058525562286377
GSE190260::LAM1163:TTTACTGGTGACGCCT-1,14,GSE190260::LAM1163:CTTACCGTCGTCTGCT-1,State_15,15,GSE190260,LAM1163,2.416127920150757
GSE190260::LAM1163:TTTACTGGTGACGCCT-1,15,GSE190260::LAM1163:ATGTGTGGTAGTAGTA-1,State_15,15,GSE190260,LAM1163,2.417301654815674
GSE190260::LAM1163:TTTACTGGTGACGCCT-1,16,GSE190260::LAM1163:GCTCCTAGTTCCACAA-1,State_15,15,GSE190260,LAM1163,2.4277162551879883
GSE190260::LAM1163:TTTACTGGTGACGCCT-1,17,GSE190260::LAM1163:CGCTATCGTAGGCATG-1,State_15,15,GSE190260,LAM1163,2.4356813430786133
GSE190260::LAM1163:TTTACTGGTGACGCCT-1,18,GSE190260::LAM1163:TGCACCTAGACATAAC-1,State_15,15,GSE190260,LAM1163,2.4894680976867676
GSE190260::LAM1163:TTTACTGGTGACGCCT-1,19,GSE190260::LAM1163:TGCGCAGTCTCTAAGG-1,State_15,15,GSE190260,LAM1163,2.50736665725708
GSE190260::LAM1163:TTTACTGGTGACGCCT-1,20,GSE190260::LAM1163:ATTACTCGTGTCCTCT-1,State_15,15,GSE190260,LAM1163,2.509302854537964
GSE190260::LAM1163:TTTACTGGTGACGCCT-1,21,GSE190260::LAM1163:TTCTCAAAGTCCGTAT-1,State_15,15,GSE190260,LAM1163,2.539670467376709
GSE190260::LAM1163:TTTACTGGTGACGCCT-1,22,GSE190260::LAM1163:CAGCATATCCTCCTAG-1,State_15,15,GSE190260,LAM1163,2.5816588401794434
GSE190260::LAM1163:TTTACTGGTGACGCCT-1,23,GSE190260::LAM1163:TTAGGCAAGGAGCGAG-1,State_15,15,GSE190260,LAM1163,2.5921778678894043
GSE190260::LAM1163:TTTACTGGTGACGCCT-1,24,GSE190260::LAM1163:AGAGCTTCACGTTGGC-1,State_15,15,GSE190260,LAM1163,2.633772611618042
GSE190260::LAM1163:TTTACTGGTGACGCCT-1,25,GSE190260::LAM1163:TCTTCGGTCCCGGATG-1,State_15,15,GSE190260,LAM1163,2.635972738265991
GSE190260::LAM1163:TTTACTGGTGACGCCT-1,26,GSE135851::LAM3:CCAATCCGTAGCTGCC-1,State_15,15,GSE135851,LAM3,2.637812852859497
GSE190260::LAM1163:TTTACTGGTGACGCCT-1,27,GSE190260::LAM1163:CGTCCATTCGTAGGAG-1,State_15,15,GSE190260,LAM1163,2.644821882247925
GSE190260::LAM1163:TTTACTGGTGACGCCT-1,28,GSE190260::LAM1163:CGGACTGGTCCAAGTT-1,State_15,15,GSE190260,LAM1163,2.6634626388549805
GSE190260::LAM1163:TTTACTGGTGACGCCT-1,29,GSE135851::LAM1:TGCGCAGGTTCGCTAA-1,State_15,15,GSE135851,LAM1,2.6854898929595947
GSE190260::LAM1163:TTTACTGGTGACGCCT-1,30,GSE190260::LAM1163:CACAGTATCTTGTATC-1,State_15,15,GSE190260,LAM1163,2.699153423309326
GSE190260::LAM1163:TTTGCGCAGCCAGAAC-1,1,GSE190260::LAM1163:AGCCTAAAGATGCCAG-1,State_15,15,GSE190260,LAM1163,1.296312928199768
GSE190260::LAM1163:TTTGCGCAGCCAGAAC-1,2,GSE190260::LAM1163:TTGTAGGGTAAAGTCA-1,State_15,15,GSE190260,LAM1163,1.3474329710006714
GSE190260::LAM1163:TTTGCGCAGCCAGAAC-1,3,GSE190260::LAM1163:ATTACTCGTGTCCTCT-1,State_15,15,GSE190260,LAM1163,1.3654019832611084
GSE190260::LAM1163:TTTGCGCAGCCAGAAC-1,4,GSE190260::LAM1163:TACGGATTCTATCCTA-1,State_15,15,GSE190260,LAM1163,1.4171173572540283
GSE190260::LAM1163:TTTGCGCAGCCAGAAC-1,5,GSE190260::LAM1163:TTGTAGGGTGCAACTT-1,State_15,15,GSE190260,LAM1163,1.4925285577774048
GSE190260::LAM1163:TTTGCGCAGCCAGAAC-1,6,GSE190260::LAM1163:GGATGTTTCTTCCTTC-1,State_15,15,GSE190260,LAM1163,1.5527523756027222
GSE190260::LAM1163:TTTGCGCAGCCAGAAC-1,7,GSE190260::LAM1163:CTCTGGTCATCCCACT-1,State_15,15,GSE190260,LAM1163,1.5943807363510132
GSE190260::LAM1163:TTTGCGCAGCCAGAAC-1,8,GSE190260::LAM1163:AGTCTTTAGATAGTCA-1,State_15,15,GSE190260,LAM1163,1.59476637840271
GSE190260::LAM1163:TTTGCGCAGCCAGAAC-1,9,GSE190260::LAM1163:TAGACCATCGCACTCT-1,State_15,15,GSE190260,LAM1163,1.6344190835952759
GSE190260::LAM1163:TTTGCGCAGCCAGAAC-1,10,GSE190260::LAM1163:CAGATCAGTATCACCA-1,State_15,15,GSE190260,LAM1163,1.6475305557250977
GSE190260::LAM1163:TTTGCGCAGCCAGAAC-1,11,GSE190260::LAM1163:GAGTCCGAGCTAAACA-1,State_15,15,GSE190260,LAM1163,1.684178113937378
GSE190260::LAM1163:TTTGCGCAGCCAGAAC-1,12,GSE190260::LAM1163:CACAGTATCTTGTATC-1,State_15,15,GSE190260,LAM1163,1.6932954788208008
GSE190260::LAM1163:TTTGCGCAGCCAGAAC-1,13,GSE190260::LAM1163:CTGAAGTCACCGAATT-1,State_15,15,GSE190260,LAM1163,1.696771264076233
GSE190260::LAM1163:TTTGCGCAGCCAGAAC-1,14,GSE190260::LAM1163:CTCAGAAGTGATAAGT-1,State_15,15,GSE190260,LAM1163,1.7237900495529175
GSE190260::LAM1163:TTTGCGCAGCCAGAAC-1,15,GSE190260::LAM1163:TCGAGGCAGACTAGAT-1,State_15,15,GSE190260,LAM1163,1.7274729013442993
GSE190260::LAM1163:TTTGCGCAGCCAGAAC-1,16,GSE190260::LAM1163:CGCTTCAAGCCCAACC-1,State_15,15,GSE190260,LAM1163,1.7380808591842651
GSE190260::LAM1163:TTTGCGCAGCCAGAAC-1,17,GSE190260::LAM1163:AAAGCAACAAGAGTCG-1,State_15,15,GSE190260,LAM1163,1.739177942276001
GSE190260::LAM1163:TTTGCGCAGCCAGAAC-1,18,GSE190260::LAM1163:CGGACTGGTCCAAGTT-1,State_15,15,GSE190260,LAM1163,1.747820258140564
GSE190260::LAM1163:TTTGCGCAGCCAGAAC-1,19,GSE190260::LAM1163:ATGTGTGGTAGTAGTA-1,State_15,15,GSE190260,LAM1163,1.7762688398361206
GSE190260::LAM1163:TTTGCGCAGCCAGAAC-1,20,GSE190260::LAM1163:TGCGCAGCAAGGCTCC-1,State_15,15,GSE190260,LAM1163,1.7892754077911377
GSE190260::LAM1163:TTTGCGCAGCCAGAAC-1,21,GSE190260::LAM1163:TATCTCAAGAGACTAT-1,State_15,15,GSE190260,LAM1163,1.8087409734725952
GSE190260::LAM1163:TTTGCGCAGCCAGAAC-1,22,GSE190260::LAM1163:CATCAGACAAGAAAGG-1,State_15,15,GSE190260,LAM1163,1.8641139268875122
GSE190260::LAM1163:TTTGCGCAGCCAGAAC-1,23,GSE190260::LAM1163:ATCACGACAGTAAGAT-1,State_15,15,GSE190260,LAM1163,1.8663069009780884
GSE190260::LAM1163:TTTGCGCAGCCAGAAC-1,24,GSE190260::LAM1163:AGGGTGACAAACTGTC-1,State_15,15,GSE190260,LAM1163,1.887505292892456
GSE190260::LAM1163:TTTGCGCAGCCAGAAC-1,25,GSE190260::LAM1163:GGGTTGCGTCAGAATA-1,State_15,15,GSE190260,LAM1163,1.8989064693450928
GSE190260::LAM1163:TTTGCGCAGCCAGAAC-1,26,GSE190260::LAM1163:CTTACCGTCGTCTGCT-1,State_15,15,GSE190260,LAM1163,1.901916742324829
GSE190260::LAM1163:TTTGCGCAGCCAGAAC-1,27,GSE190260::LAM1163:CACACTCAGATAGGAG-1,State_15,15,GSE190260,LAM1163,1.9208993911743164
GSE190260::LAM1163:TTTGCGCAGCCAGAAC-1,28,GSE190260::LAM1163:GGTGCGTTCTGTACGA-1,State_15,15,GSE190260,LAM1163,1.977524757385254
GSE190260::LAM1163:TTTGCGCAGCCAGAAC-1,29,GSE190260::LAM1163:CCAGCGAGTAGCCTAT-1,State_15,15,GSE190260,LAM1163,1.987428903579712
GSE190260::LAM1163:TTTGCGCAGCCAGAAC-1,30,GSE190260::LAM1163:CGCTATCGTAGGCATG-1,State_15,15,GSE190260,LAM1163,1.9891759157180786
GSE190260::LAM1164-1:CTGCTGTAGAACTGTA-1,1,GSE190260::LAM1163:CCACCTAAGGTACTCT-1,State_15,15,GSE190260,LAM1163,2.7365000247955322
GSE190260::LAM1164-1:CTGCTGTAGAACTGTA-1,2,GSE190260::LAM1158:GTTCGGGCAGCTGCAC-1,State_20,20,GSE190260,LAM1158,2.7970595359802246
GSE190260::LAM1164-1:CTGCTGTAGAACTGTA-1,3,GSE190260::LAM1164-1:GAAACTCCACCGATAT-1,boundary,,GSE190260,LAM1164,2.9934072494506836
GSE190260::LAM1164-1:CTGCTGTAGAACTGTA-1,4,GSE122960::GSE122960_Donor_07:GACGCGTTCCGCGTTT-1,normal,,GSE122960,GSE122960_Donor_07,3.0008797645568848
GSE190260::LAM1164-1:CTGCTGTAGAACTGTA-1,5,GSE190260::LAM1164-1:TGTATTCGTTTGCATG-1,boundary,,GSE190260,LAM1164,3.003290891647339
GSE190260::LAM1164-1:CTGCTGTAGAACTGTA-1,6,GSE135851::LAM3:CCAATCCGTAGCTGCC-1,State_15,15,GSE135851,LAM3,3.052124261856079
GSE190260::LAM1164-1:CTGCTGTAGAACTGTA-1,7,GSE217108::LAM32:GGACGAAGTAAAGCAA-1,boundary,,GSE217108,LAM32,3.0735559463500977
GSE190260::LAM1164-1:CTGCTGTAGAACTGTA-1,8,GSE302356::LAM4:CGGCAGTGTGTAAACA-1,State_20,20,GSE302356,LAM18,3.0777039527893066
GSE190260::LAM1164-1:CTGCTGTAGAACTGTA-1,9,GSE135851::LAM1:GTCTTCGGTTAAGAAC-1,State_15,15,GSE135851,LAM1,3.133788824081421
GSE190260::LAM1164-1:CTGCTGTAGAACTGTA-1,10,GSE190260::LAM1163:AGAATAGTCCCTGACT-1,State_15,15,GSE190260,LAM1163,3.135788679122925
GSE190260::LAM1164-1:CTGCTGTAGAACTGTA-1,11,GSE190260::LAM1164-3:TTCTCAATCCGTTGCT-1,boundary,,GSE190260,LAM1164,3.1370930671691895
GSE190260::LAM1164-1:CTGCTGTAGAACTGTA-1,12,GSE190260::LAM1164-1:ATGCGATTCACCTCGT-1,State_20,20,GSE190260,LAM1164,3.1410152912139893
GSE190260::LAM1164-1:CTGCTGTAGAACTGTA-1,13,GSE135851::LAM3:CACAAACCAATAGCGG-1,State_15,15,GSE135851,LAM3,3.1626908779144287
GSE190260::LAM1164-1:CTGCTGTAGAACTGTA-1,14,GSE302356::LAM4:TTTGTTGCAGTGTACT-1,State_20,20,GSE302356,LAM18,3.2010700702667236
GSE190260::LAM1164-1:CTGCTGTAGAACTGTA-1,15,GSE302356::LAM4:AGTAGCTAGAGGTCGT-1,boundary,,GSE302356,LAM18,3.2081525325775146
GSE190260::LAM1164-1:CTGCTGTAGAACTGTA-1,16,GSE122960::GSE122960_Donor_07:GTCTCGTTCGCCAGCA-1,normal,,GSE122960,GSE122960_Donor_07,3.222325086593628
GSE190260::LAM1164-1:CTGCTGTAGAACTGTA-1,17,GSE190260::LAM1163:TGAGGGATCTGTTGAG-1,State_15,15,GSE190260,LAM1163,3.2379157543182373
GSE190260::LAM1164-1:CTGCTGTAGAACTGTA-1,18,GSE122960::GSE122960_Donor_04:ATCACGAGTTAAAGTG-1,normal,,GSE122960,GSE122960_Donor_04,3.2501444816589355
GSE190260::LAM1164-1:CTGCTGTAGAACTGTA-1,19,GSE190260::LAM1164-1:AAAGCAATCTGCAGTA-1,State_20,20,GSE190260,LAM1164,3.256751775741577
GSE190260::LAM1164-1:CTGCTGTAGAACTGTA-1,20,GSE302356::LAM4:ACGGAAGGTGACTAAA-1,State_20,20,GSE302356,LAM18,3.290527582168579
GSE190260::LAM1164-1:CTGCTGTAGAACTGTA-1,21,GSE190260::LAM1163:ATAAGAGAGGCGCTCT-1,State_15,15,GSE190260,LAM1163,3.309262752532959
GSE190260::LAM1164-1:CTGCTGTAGAACTGTA-1,22,GSE190260::LAM1164-1:CGGACTGCAAGAAGAG-1,boundary,,GSE190260,LAM1164,3.3130745887756348
GSE190260::LAM1164-1:CTGCTGTAGAACTGTA-1,23,GSE302356::LAM4:AGGGTCCCAACACGTT-1,State_20,20,GSE302356,LAM18,3.330918788909912
GSE190260::LAM1164-1:CTGCTGTAGAACTGTA-1,24,GSE302356::LAM4:AACAGGGCACACGGTC-1,boundary,,GSE302356,LAM18,3.3313674926757812
GSE190260::LAM1164-1:CTGCTGTAGAACTGTA-1,25,GSE302356::LAM4:AAGTTCGCACGGCTAC-1,State_20,20,GSE302356,LAM18,3.333526611328125
GSE190260::LAM1164-1:CTGCTGTAGAACTGTA-1,26,GSE190260::LAM1164-1:TTGAACGGTATTCTCT-1,boundary,,GSE190260,LAM1164,3.353559970855713
GSE190260::LAM1164-1:CTGCTGTAGAACTGTA-1,27,GSE190260::LAM1163:CTGAAGTAGGCAAAGA-1,boundary,,GSE190260,LAM1163,3.359771251678467
GSE190260::LAM1164-1:CTGCTGTAGAACTGTA-1,28,GSE190260::LAM1163:GGGTTGCGTCAGAATA-1,State_15,15,GSE190260,LAM1163,3.3768320083618164
GSE190260::LAM1164-1:CTGCTGTAGAACTGTA-1,29,GSE190260::LAM1163:GTGTTAGTCTCCAACC-1,State_15,15,GSE190260,LAM1163,3.387802839279175
GSE190260::LAM1164-1:CTGCTGTAGAACTGTA-1,30,GSE190260::LAM1164-1:CGTAGCGCATTACGAC-1,boundary,,GSE190260,LAM1164,3.398430585861206
GSE217108::LAM32:GTTGGCGGTTCGGGAT-1,1,GSE190260::LAM1163:CTCGTCAGTGAGTATA-1,State_15,15,GSE190260,LAM1163,1.6617693901062012
GSE217108::LAM32:GTTGGCGGTTCGGGAT-1,2,GSE135851::LAM1:TAAGTGCCATCTACGA-1,State_15,15,GSE135851,LAM1,2.386258602142334
GSE217108::LAM32:GTTGGCGGTTCGGGAT-1,3,GSE190260::LAM1163:GTCCTCATCCACTGGG-1,State_15,15,GSE190260,LAM1163,2.6419472694396973
GSE217108::LAM32:GTTGGCGGTTCGGGAT-1,4,GSE190260::LAM1163:CTTGGCTGTCCCTACT-1,State_15,15,GSE190260,LAM1163,2.8670101165771484
GSE217108::LAM32:GTTGGCGGTTCGGGAT-1,5,GSE190260::LAM1163:ATGGGAGGTAATAGCA-1,State_15,15,GSE190260,LAM1163,3.0133187770843506
GSE217108::LAM32:GTTGGCGGTTCGGGAT-1,6,GSE135851::LAM1:TTCTACACAGTTCATG-1,State_15,15,GSE135851,LAM1,3.017375946044922
GSE217108::LAM32:GTTGGCGGTTCGGGAT-1,7,GSE190260::LAM1163:TCAGCTCGTCCGCTGA-1,State_12,12,GSE190260,LAM1163,3.0752527713775635
GSE217108::LAM32:GTTGGCGGTTCGGGAT-1,8,GSE217108::LAM32:GGTCTTGAGCTTGCTC-1,State_12,12,GSE217108,LAM32,3.081890344619751
GSE217108::LAM32:GTTGGCGGTTCGGGAT-1,9,GSE190260::LAM1163:TAAACCGAGGCAATTA-1,State_15,15,GSE190260,LAM1163,3.12684965133667
GSE217108::LAM32:GTTGGCGGTTCGGGAT-1,10,GSE190260::LAM1163:AGGGAGTTCCTCTAGC-1,boundary,,GSE190260,LAM1163,3.219214916229248
GSE217108::LAM32:GTTGGCGGTTCGGGAT-1,11,GSE302356::LAM10:CGTGCACAGCAGCTCA-1,State_12,12,GSE302356,LAM3,3.22869873046875
GSE217108::LAM32:GTTGGCGGTTCGGGAT-1,12,GSE190260::LAM1163:CCTAGCTTCTGAGGGA-1,State_15,15,GSE190260,LAM1163,3.2299909591674805
GSE217108::LAM32:GTTGGCGGTTCGGGAT-1,13,GSE190260::LAM1163:CGTGTAAGTTGTACAC-1,State_15,15,GSE190260,LAM1163,3.2321701049804688
GSE217108::LAM32:GTTGGCGGTTCGGGAT-1,14,GSE190260::LAM1163:CCTACCACAGCTGCAC-1,State_7,7,GSE190260,LAM1163,3.238128900527954
GSE217108::LAM32:GTTGGCGGTTCGGGAT-1,15,GSE190260::LAM1163:GCGCGATCATTTCACT-1,State_7,7,GSE190260,LAM1163,3.2416770458221436
GSE217108::LAM32:GTTGGCGGTTCGGGAT-1,16,GSE217108::LAM32:GCGTGCTAGACAACGA-1,State_12,12,GSE217108,LAM32,3.3335189819335938
GSE217108::LAM32:GTTGGCGGTTCGGGAT-1,17,GSE217108::LAM32:CCGGTTAAGGCTAAGA-1,boundary,,GSE217108,LAM32,3.3520286083221436
GSE217108::LAM32:GTTGGCGGTTCGGGAT-1,18,GSE190260::LAM1163:TTAGGCATCATAAAGG-1,boundary,,GSE190260,LAM1163,3.394016742706299
GSE217108::LAM32:GTTGGCGGTTCGGGAT-1,19,GSE122960::GSE122960_Donor_07:GAAACTCAGAAACCTA-1,normal,,GSE122960,GSE122960_Donor_07,3.416961669921875
GSE217108::LAM32:GTTGGCGGTTCGGGAT-1,20,GSE190260::LAM1163:CCCAGTTCAACTTGAC-1,boundary,,GSE190260,LAM1163,3.447800636291504
GSE217108::LAM32:GTTGGCGGTTCGGGAT-1,21,GSE217108::LAM32:GGTTAATGTAACCTAG-1,State_12,12,GSE217108,LAM32,3.458585739135742
GSE217108::LAM32:GTTGGCGGTTCGGGAT-1,22,GSE190260::LAM1163:AGTAGTCTCTGTGCAA-1,boundary,,GSE190260,LAM1163,3.5111217498779297
GSE217108::LAM32:GTTGGCGGTTCGGGAT-1,23,GSE122960::GSE122960_Donor_07:CACACAACACGGACAA-1,normal,,GSE122960,GSE122960_Donor_07,3.55175518989563
GSE217108::LAM32:GTTGGCGGTTCGGGAT-1,24,GSE217108::LAM32:TGGACGGAGAAAGCAT-1,State_12,12,GSE217108,LAM32,3.5544791221618652
GSE217108::LAM32:GTTGGCGGTTCGGGAT-1,25,GSE190260::LAM1163:CTACACCAGGGTTTCT-1,boundary,,GSE190260,LAM1163,3.556070327758789
GSE217108::LAM32:GTTGGCGGTTCGGGAT-1,26,GSE217108::LAM32:TCCGGTTTCTATTGTC-1,boundary,,GSE217108,LAM32,3.566882848739624
GSE217108::LAM32:GTTGGCGGTTCGGGAT-1,27,GSE122960::GSE122960_Donor_07:GCTCCTATCCCGACTT-1,normal,,GSE122960,GSE122960_Donor_07,3.5747973918914795
GSE217108::LAM32:GTTGGCGGTTCGGGAT-1,28,GSE122960::GSE122960_Donor_03:CAACTAGTCACTTCAT-1,normal,,GSE122960,GSE122960_Donor_03,3.5963943004608154
GSE217108::LAM32:GTTGGCGGTTCGGGAT-1,29,GSE122960::GSE122960_Donor_07:CAGCAGCGTTCGAATC-1,normal,,GSE122960,GSE122960_Donor_07,3.6087100505828857
GSE217108::LAM32:GTTGGCGGTTCGGGAT-1,30,GSE190260::LAM1163:GCGCAACCAGGCTGAA-1,State_15,15,GSE190260,LAM1163,3.622074842453003
GSE302356::LAM3:CAAAGAATCCTGCTAC-1,1,GSE190260::LAM1158:AAACGGGAGTCGCCGT-1,State_15,15,GSE190260,LAM1158,2.1374335289001465
GSE302356::LAM3:CAAAGAATCCTGCTAC-1,2,GSE135851::LAM3:CCACGGACACCTATCC-1,State_15,15,GSE135851,LAM3,2.324115514755249
GSE302356::LAM3:CAAAGAATCCTGCTAC-1,3,GSE302356::LAM3:GCAGCTGCATATGAAG-1,State_15,15,GSE302356,LAM32,2.500077962875366
GSE302356::LAM3:CAAAGAATCCTGCTAC-1,4,GSE135851::LAM3:TAGAGCTAGTTAGCGG-1,State_15,15,GSE135851,LAM3,2.5213470458984375
GSE302356::LAM3:CAAAGAATCCTGCTAC-1,5,GSE302356::LAM3:CAACCAATCTCGAGTA-1,State_15,15,GSE302356,LAM32,2.5516722202301025
GSE302356::LAM3:CAAAGAATCCTGCTAC-1,6,GSE135851::LAM3:TTTGTCACAGTTCCCT-1,State_15,15,GSE135851,LAM3,2.570678949356079
GSE302356::LAM3:CAAAGAATCCTGCTAC-1,7,GSE135851::LAM3:GGAATAAGTAGCTGCC-1,State_15,15,GSE135851,LAM3,2.714768648147583
GSE302356::LAM3:CAAAGAATCCTGCTAC-1,8,GSE302356::LAM3:GTAGCTAGTAGCTTAC-1,State_15,15,GSE302356,LAM32,2.735833168029785
GSE302356::LAM3:CAAAGAATCCTGCTAC-1,9,GSE135851::LAM3:CGGCTAGGTTAAGGGC-1,State_15,15,GSE135851,LAM3,2.798186779022217
GSE302356::LAM3:CAAAGAATCCTGCTAC-1,10,GSE135851::LAM3:CCTACACCAATGTTGC-1,State_15,15,GSE135851,LAM3,2.83557391166687
GSE302356::LAM3:CAAAGAATCCTGCTAC-1,11,GSE135851::LAM3:ATCTGCCTCAGAGCTT-1,State_15,15,GSE135851,LAM3,2.907593011856079
GSE302356::LAM3:CAAAGAATCCTGCTAC-1,12,GSE135851::LAM3:CGCTTCATCGCACTCT-1,State_15,15,GSE135851,LAM3,2.9236648082733154
GSE302356::LAM3:CAAAGAATCCTGCTAC-1,13,GSE135851::LAM3:GGCGACTAGGTGATTA-1,boundary,,GSE135851,LAM3,2.97174072265625
GSE302356::LAM3:CAAAGAATCCTGCTAC-1,14,GSE135851::LAM3:TACAGTGAGGCAATTA-1,State_15,15,GSE135851,LAM3,3.0095760822296143
GSE302356::LAM3:CAAAGAATCCTGCTAC-1,15,GSE302356::LAM3:TACCCGTTCTGGACCG-1,State_15,15,GSE302356,LAM32,3.0116982460021973
GSE302356::LAM3:CAAAGAATCCTGCTAC-1,16,GSE302356::LAM3:GCAGGCTAGGCTTTCA-1,State_20,20,GSE302356,LAM32,3.070540189743042
GSE302356::LAM3:CAAAGAATCCTGCTAC-1,17,GSE135851::LAM3:ATGAGGGGTGTGCGTC-1,State_15,15,GSE135851,LAM3,3.0804696083068848
GSE302356::LAM3:CAAAGAATCCTGCTAC-1,18,GSE135851::LAM3:GTAACTGTCAAACAAG-1,State_15,15,GSE135851,LAM3,3.0991578102111816
GSE302356::LAM3:CAAAGAATCCTGCTAC-1,19,GSE135851::LAM3:TTTATGCAGCCAACAG-1,State_15,15,GSE135851,LAM3,3.109893560409546
GSE302356::LAM3:CAAAGAATCCTGCTAC-1,20,GSE302356::LAM3:GCACGTGAGACATACA-1,State_15,15,GSE302356,LAM32,3.1701345443725586
GSE302356::LAM3:CAAAGAATCCTGCTAC-1,21,GSE135851::LAM3:CTCGTACCAAGCCCAC-1,State_15,15,GSE135851,LAM3,3.2048144340515137
GSE302356::LAM3:CAAAGAATCCTGCTAC-1,22,GSE135851::LAM3:AACCATGCACGAAGCA-1,State_15,15,GSE135851,LAM3,3.2108285427093506
GSE302356::LAM3:CAAAGAATCCTGCTAC-1,23,GSE190260::LAM1163:CGGCTAGAGTGGTAGC-1,State_15,15,GSE190260,LAM1163,3.222895383834839
GSE302356::LAM3:CAAAGAATCCTGCTAC-1,24,GSE302356::LAM3:GGTCACGGTATGGTAA-1,State_15,15,GSE302356,LAM32,3.2382571697235107
GSE302356::LAM3:CAAAGAATCCTGCTAC-1,25,GSE135851::LAM3:ACCTTTACACTCAGGC-1,State_15,15,GSE135851,LAM3,3.2857511043548584
GSE302356::LAM3:CAAAGAATCCTGCTAC-1,26,GSE190260::LAM1163:TTGGAACTCGGCGGTT-1,State_15,15,GSE190260,LAM1163,3.374689817428589
GSE302356::LAM3:CAAAGAATCCTGCTAC-1,27,GSE190260::LAM1163:TGACGGCAGTGGCACA-1,State_15,15,GSE190260,LAM1163,3.4274814128875732
GSE302356::LAM3:CAAAGAATCCTGCTAC-1,28,GSE190260::LAM1158:ATCCGAATCCAGTATG-1,State_15,15,GSE190260,LAM1158,3.4639546871185303
GSE302356::LAM3:CAAAGAATCCTGCTAC-1,29,GSE135851::LAM3:CGTAGGCGTACTCAAC-1,State_15,15,GSE135851,LAM3,3.530379056930542
GSE302356::LAM3:CAAAGAATCCTGCTAC-1,30,GSE302356::LAM3:TATCTTGGTATGTCTG-1,State_20,20,GSE302356,LAM32,3.635814905166626
GSE302356::LAM3:CAACCAATCTCGAGTA-1,1,GSE302356::LAM3:GTAGCTAGTAGCTTAC-1,State_15,15,GSE302356,LAM32,2.000727415084839
GSE302356::LAM3:CAACCAATCTCGAGTA-1,2,GSE302356::LAM3:GCAGCTGCATATGAAG-1,State_15,15,GSE302356,LAM32,2.0531203746795654
GSE302356::LAM3:CAACCAATCTCGAGTA-1,3,GSE302356::LAM3:GCACGTGAGACATACA-1,State_15,15,GSE302356,LAM32,2.0847949981689453
GSE302356::LAM3:CAACCAATCTCGAGTA-1,4,GSE302356::LAM3:TACCCGTTCTGGACCG-1,State_15,15,GSE302356,LAM32,2.1160624027252197
GSE302356::LAM3:CAACCAATCTCGAGTA-1,5,GSE190260::LAM1158:AAACGGGAGTCGCCGT-1,State_15,15,GSE190260,LAM1158,2.4933457374572754
GSE302356::LAM3:CAACCAATCTCGAGTA-1,6,GSE302356::LAM3:CAAAGAATCCTGCTAC-1,State_15,15,GSE302356,LAM32,2.5516722202301025
GSE302356::LAM3:CAACCAATCTCGAGTA-1,7,GSE135851::LAM3:CCACGGACACCTATCC-1,State_15,15,GSE135851,LAM3,2.571030616760254
GSE302356::LAM3:CAACCAATCTCGAGTA-1,8,GSE302356::LAM3:GGTCACGGTATGGTAA-1,State_15,15,GSE302356,LAM32,2.5713374614715576
GSE302356::LAM3:CAACCAATCTCGAGTA-1,9,GSE190260::LAM1163:TTGGAACTCGGCGGTT-1,State_15,15,GSE190260,LAM1163,3.1330761909484863
GSE302356::LAM3:CAACCAATCTCGAGTA-1,10,GSE135851::LAM3:TACAGTGAGGCAATTA-1,State_15,15,GSE135851,LAM3,3.1633641719818115
GSE302356::LAM3:CAACCAATCTCGAGTA-1,11,GSE135851::LAM3:GGAATAAGTAGCTGCC-1,State_15,15,GSE135851,LAM3,3.2417261600494385
GSE302356::LAM3:CAACCAATCTCGAGTA-1,12,GSE135851::LAM3:TAGAGCTAGTTAGCGG-1,State_15,15,GSE135851,LAM3,3.30633544921875
GSE302356::LAM3:CAACCAATCTCGAGTA-1,13,GSE190260::LAM1163:AAAGCAAAGTCAAGGC-1,State_15,15,GSE190260,LAM1163,3.33501935005188
GSE302356::LAM3:CAACCAATCTCGAGTA-1,14,GSE190260::LAM1163:ACAGCCGAGGACTGGT-1,State_15,15,GSE190260,LAM1163,3.3585097789764404
GSE302356::LAM3:CAACCAATCTCGAGTA-1,15,GSE135851::LAM3:GTAACTGTCAAACAAG-1,State_15,15,GSE135851,LAM3,3.3614768981933594
GSE302356::LAM3:CAACCAATCTCGAGTA-1,16,GSE135851::LAM3:TTTGTCACAGTTCCCT-1,State_15,15,GSE135851,LAM3,3.367156982421875
GSE302356::LAM3:CAACCAATCTCGAGTA-1,17,GSE135851::LAM3:ACCTTTACACTCAGGC-1,State_15,15,GSE135851,LAM3,3.4025511741638184
GSE302356::LAM3:CAACCAATCTCGAGTA-1,18,GSE135851::LAM3:CGGCTAGGTTAAGGGC-1,State_15,15,GSE135851,LAM3,3.4138762950897217
GSE302356::LAM3:CAACCAATCTCGAGTA-1,19,GSE190260::LAM1163:CGGCTAGAGTGGTAGC-1,State_15,15,GSE190260,LAM1163,3.455167055130005
GSE302356::LAM3:CAACCAATCTCGAGTA-1,20,GSE135851::LAM3:ATCTGCCTCAGAGCTT-1,State_15,15,GSE135851,LAM3,3.4913148880004883
GSE302356::LAM3:CAACCAATCTCGAGTA-1,21,GSE135851::LAM3:AACCATGCACGAAGCA-1,State_15,15,GSE135851,LAM3,3.5337586402893066
GSE302356::LAM3:CAACCAATCTCGAGTA-1,22,GSE135851::LAM3:ATGAGGGGTGTGCGTC-1,State_15,15,GSE135851,LAM3,3.584843635559082
GSE302356::LAM3:CAACCAATCTCGAGTA-1,23,GSE135851::LAM3:CGCTTCATCGCACTCT-1,State_15,15,GSE135851,LAM3,3.5986337661743164
GSE302356::LAM3:CAACCAATCTCGAGTA-1,24,GSE190260::LAM1163:CATTCGCAGCAATCTC-1,State_15,15,GSE190260,LAM1163,3.6117074489593506
GSE302356::LAM3:CAACCAATCTCGAGTA-1,25,GSE190260::LAM1163:GTCACAAAGACTTGAA-1,State_15,15,GSE190260,LAM1163,3.6221354007720947
GSE302356::LAM3:CAACCAATCTCGAGTA-1,26,GSE135851::LAM3:CTCGTACCAAGCCCAC-1,State_15,15,GSE135851,LAM3,3.6373746395111084
GSE302356::LAM3:CAACCAATCTCGAGTA-1,27,GSE190260::LAM1158:ATCCGAATCCAGTATG-1,State_15,15,GSE190260,LAM1158,3.6479485034942627
GSE302356::LAM3:CAACCAATCTCGAGTA-1,28,GSE135851::LAM3:CCTACACCAATGTTGC-1,State_15,15,GSE135851,LAM3,3.679166555404663
GSE302356::LAM3:CAACCAATCTCGAGTA-1,29,GSE135851::LAM3:CGTAGGCGTACTCAAC-1,State_15,15,GSE135851,LAM3,3.682149887084961
GSE302356::LAM3:CAACCAATCTCGAGTA-1,30,GSE135851::LAM3:TTTATGCAGCCAACAG-1,State_15,15,GSE135851,LAM3,3.7288222312927246
GSE302356::LAM3:GCACGTGAGACATACA-1,1,GSE302356::LAM3:TACCCGTTCTGGACCG-1,State_15,15,GSE302356,LAM32,1.6564842462539673
GSE302356::LAM3:GCACGTGAGACATACA-1,2,GSE302356::LAM3:GCAGCTGCATATGAAG-1,State_15,15,GSE302356,LAM32,2.0687906742095947
GSE302356::LAM3:GCACGTGAGACATACA-1,3,GSE302356::LAM3:CAACCAATCTCGAGTA-1,State_15,15,GSE302356,LAM32,2.0847949981689453
GSE302356::LAM3:GCACGTGAGACATACA-1,4,GSE302356::LAM3:GGTCACGGTATGGTAA-1,State_15,15,GSE302356,LAM32,2.1486127376556396
GSE302356::LAM3:GCACGTGAGACATACA-1,5,GSE302356::LAM3:GTAGCTAGTAGCTTAC-1,State_15,15,GSE302356,LAM32,2.1816322803497314
GSE302356::LAM3:GCACGTGAGACATACA-1,6,GSE190260::LAM1158:AAACGGGAGTCGCCGT-1,State_15,15,GSE190260,LAM1158,2.383110284805298
GSE302356::LAM3:GCACGTGAGACATACA-1,7,GSE135851::LAM3:CCACGGACACCTATCC-1,State_15,15,GSE135851,LAM3,2.8061463832855225
GSE302356::LAM3:GCACGTGAGACATACA-1,8,GSE190260::LAM1163:AAAGCAAAGTCAAGGC-1,State_15,15,GSE190260,LAM1163,2.809480667114258
GSE302356::LAM3:GCACGTGAGACATACA-1,9,GSE135851::LAM1:CAACTAGTCATGTCTT-1,State_15,15,GSE135851,LAM1,2.913250207901001
GSE302356::LAM3:GCACGTGAGACATACA-1,10,GSE190260::LAM1158:ATCCGAATCCAGTATG-1,State_15,15,GSE190260,LAM1158,3.0096006393432617
GSE302356::LAM3:GCACGTGAGACATACA-1,11,GSE135851::LAM3:GTAACTGTCAAACAAG-1,State_15,15,GSE135851,LAM3,3.066614866256714
GSE302356::LAM3:GCACGTGAGACATACA-1,12,GSE190260::LAM1163:ACAGCCGAGGACTGGT-1,State_15,15,GSE190260,LAM1163,3.1248390674591064
GSE302356::LAM3:GCACGTGAGACATACA-1,13,GSE135851::LAM3:TACAGTGAGGCAATTA-1,State_15,15,GSE135851,LAM3,3.1340200901031494
GSE302356::LAM3:GCACGTGAGACATACA-1,14,GSE135851::LAM3:ATGAGGGGTGTGCGTC-1,State_15,15,GSE135851,LAM3,3.162635564804077
GSE302356::LAM3:GCACGTGAGACATACA-1,15,GSE302356::LAM3:CAAAGAATCCTGCTAC-1,State_15,15,GSE302356,LAM32,3.1701345443725586
GSE302356::LAM3:GCACGTGAGACATACA-1,16,GSE190260::LAM1163:CGGCTAGAGTGGTAGC-1,State_15,15,GSE190260,LAM1163,3.1720285415649414
GSE302356::LAM3:GCACGTGAGACATACA-1,17,GSE190260::LAM1163:TTGGAACTCGGCGGTT-1,State_15,15,GSE190260,LAM1163,3.3183867931365967
GSE302356::LAM3:GCACGTGAGACATACA-1,18,GSE190260::LAM1163:CATTCGCAGCAATCTC-1,State_15,15,GSE190260,LAM1163,3.3263731002807617
GSE302356::LAM3:GCACGTGAGACATACA-1,19,GSE135851::LAM3:TAGAGCTAGTTAGCGG-1,State_15,15,GSE135851,LAM3,3.3382668495178223
GSE302356::LAM3:GCACGTGAGACATACA-1,20,GSE190260::LAM1163:GTCACAAAGACTTGAA-1,State_15,15,GSE190260,LAM1163,3.3962209224700928
GSE302356::LAM3:GCACGTGAGACATACA-1,21,GSE135851::LAM3:GTACTTTCACTACAGT-1,State_15,15,GSE135851,LAM3,3.402482032775879
GSE302356::LAM3:GCACGTGAGACATACA-1,22,GSE135851::LAM3:CGCTTCATCGCACTCT-1,State_15,15,GSE135851,LAM3,3.446449041366577
GSE302356::LAM3:GCACGTGAGACATACA-1,23,GSE135851::LAM3:AACCATGCACGAAGCA-1,State_15,15,GSE135851,LAM3,3.4780220985412598
GSE302356::LAM3:GCACGTGAGACATACA-1,24,GSE135851::LAM3:GGAATAAGTAGCTGCC-1,State_15,15,GSE135851,LAM3,3.4814586639404297
GSE302356::LAM3:GCACGTGAGACATACA-1,25,GSE135851::LAM3:CGTAGGCGTACTCAAC-1,State_15,15,GSE135851,LAM3,3.4904496669769287
GSE302356::LAM3:GCACGTGAGACATACA-1,26,GSE135851::LAM3:CGGCTAGGTTAAGGGC-1,State_15,15,GSE135851,LAM3,3.5091233253479004
GSE302356::LAM3:GCACGTGAGACATACA-1,27,GSE135851::LAM3:TTTGTCACAGTTCCCT-1,State_15,15,GSE135851,LAM3,3.5185720920562744
GSE302356::LAM3:GCACGTGAGACATACA-1,28,GSE135851::LAM1:TGCGCAGGTTCGCTAA-1,State_15,15,GSE135851,LAM1,3.5381393432617188
GSE302356::LAM3:GCACGTGAGACATACA-1,29,GSE135851::LAM1:GTGCAGCAGAGGGCTT-1,State_15,15,GSE135851,LAM1,3.5475919246673584
GSE302356::LAM3:GCACGTGAGACATACA-1,30,GSE135851::LAM3:ACCTTTACACTCAGGC-1,State_15,15,GSE135851,LAM3,3.5920863151550293
GSE302356::LAM3:GCAGCTGCATATGAAG-1,1,GSE302356::LAM3:GTAGCTAGTAGCTTAC-1,State_15,15,GSE302356,LAM32,1.3954694271087646
GSE302356::LAM3:GCAGCTGCATATGAAG-1,2,GSE302356::LAM3:TACCCGTTCTGGACCG-1,State_15,15,GSE302356,LAM32,1.6244080066680908
GSE302356::LAM3:GCAGCTGCATATGAAG-1,3,GSE302356::LAM3:CAACCAATCTCGAGTA-1,State_15,15,GSE302356,LAM32,2.0531203746795654
GSE302356::LAM3:GCAGCTGCATATGAAG-1,4,GSE302356::LAM3:GCACGTGAGACATACA-1,State_15,15,GSE302356,LAM32,2.0687906742095947
GSE302356::LAM3:GCAGCTGCATATGAAG-1,5,GSE302356::LAM3:GGTCACGGTATGGTAA-1,State_15,15,GSE302356,LAM32,2.1774895191192627
GSE302356::LAM3:GCAGCTGCATATGAAG-1,6,GSE190260::LAM1158:AAACGGGAGTCGCCGT-1,State_15,15,GSE190260,LAM1158,2.285338878631592
GSE302356::LAM3:GCAGCTGCATATGAAG-1,7,GSE135851::LAM3:CCACGGACACCTATCC-1,State_15,15,GSE135851,LAM3,2.3473405838012695
GSE302356::LAM3:GCAGCTGCATATGAAG-1,8,GSE135851::LAM3:TACAGTGAGGCAATTA-1,State_15,15,GSE135851,LAM3,2.3655481338500977
GSE302356::LAM3:GCAGCTGCATATGAAG-1,9,GSE190260::LAM1158:ATCCGAATCCAGTATG-1,State_15,15,GSE190260,LAM1158,2.4280574321746826
GSE302356::LAM3:GCAGCTGCATATGAAG-1,10,GSE190260::LAM1163:AAAGCAAAGTCAAGGC-1,State_15,15,GSE190260,LAM1163,2.486814022064209
GSE302356::LAM3:GCAGCTGCATATGAAG-1,11,GSE302356::LAM3:CAAAGAATCCTGCTAC-1,State_15,15,GSE302356,LAM32,2.500077962875366
GSE302356::LAM3:GCAGCTGCATATGAAG-1,12,GSE135851::LAM3:CGGCTAGGTTAAGGGC-1,State_15,15,GSE135851,LAM3,2.6953532695770264
GSE302356::LAM3:GCAGCTGCATATGAAG-1,13,GSE135851::LAM3:TTTGTCACAGTTCCCT-1,State_15,15,GSE135851,LAM3,2.8150763511657715
GSE302356::LAM3:GCAGCTGCATATGAAG-1,14,GSE135851::LAM3:TAGAGCTAGTTAGCGG-1,State_15,15,GSE135851,LAM3,2.8648083209991455
GSE302356::LAM3:GCAGCTGCATATGAAG-1,15,GSE190260::LAM1163:CATTCGCAGCAATCTC-1,State_15,15,GSE190260,LAM1163,2.899141311645508
GSE302356::LAM3:GCAGCTGCATATGAAG-1,16,GSE135851::LAM3:AACCATGCACGAAGCA-1,State_15,15,GSE135851,LAM3,2.910010814666748
GSE302356::LAM3:GCAGCTGCATATGAAG-1,17,GSE135851::LAM3:GGAATAAGTAGCTGCC-1,State_15,15,GSE135851,LAM3,3.0054447650909424
GSE302356::LAM3:GCAGCTGCATATGAAG-1,18,GSE135851::LAM3:GTAACTGTCAAACAAG-1,State_15,15,GSE135851,LAM3,3.0476133823394775
GSE302356::LAM3:GCAGCTGCATATGAAG-1,19,GSE135851::LAM3:ATGAGGGGTGTGCGTC-1,State_15,15,GSE135851,LAM3,3.054980754852295
GSE302356::LAM3:GCAGCTGCATATGAAG-1,20,GSE135851::LAM3:ACCTTTACACTCAGGC-1,State_15,15,GSE135851,LAM3,3.0618793964385986
GSE302356::LAM3:GCAGCTGCATATGAAG-1,21,GSE135851::LAM3:ATCTGCCTCAGAGCTT-1,State_15,15,GSE135851,LAM3,3.147660970687866
GSE302356::LAM3:GCAGCTGCATATGAAG-1,22,GSE135851::LAM3:CGCTTCATCGCACTCT-1,State_15,15,GSE135851,LAM3,3.1567535400390625
GSE302356::LAM3:GCAGCTGCATATGAAG-1,23,GSE190260::LAM1163:CGGCTAGAGTGGTAGC-1,State_15,15,GSE190260,LAM1163,3.2913670539855957
GSE302356::LAM3:GCAGCTGCATATGAAG-1,24,GSE190260::LAM1163:TTGGAACTCGGCGGTT-1,State_15,15,GSE190260,LAM1163,3.3890578746795654
GSE302356::LAM3:GCAGCTGCATATGAAG-1,25,GSE135851::LAM1:CAACTAGTCATGTCTT-1,State_15,15,GSE135851,LAM1,3.430112838745117
GSE302356::LAM3:GCAGCTGCATATGAAG-1,26,GSE135851::LAM3:CGTAGGCGTACTCAAC-1,State_15,15,GSE135851,LAM3,3.432497978210449
GSE302356::LAM3:GCAGCTGCATATGAAG-1,27,GSE135851::LAM3:CCTACACCAATGTTGC-1,State_15,15,GSE135851,LAM3,3.4344706535339355
GSE302356::LAM3:GCAGCTGCATATGAAG-1,28,GSE190260::LAM1158:TACGGTATCCAGGGCT-1,State_15,15,GSE190260,LAM1158,3.4485020637512207
GSE302356::LAM3:GCAGCTGCATATGAAG-1,29,GSE135851::LAM3:TTTATGCAGCCAACAG-1,State_15,15,GSE135851,LAM3,3.462456464767456
GSE302356::LAM3:GCAGCTGCATATGAAG-1,30,GSE135851::LAM1:TGCGCAGGTTCGCTAA-1,State_15,15,GSE135851,LAM1,3.5020039081573486
GSE302356::LAM3:GGTCACGGTATGGTAA-1,1,GSE302356::LAM3:GCACGTGAGACATACA-1,State_15,15,GSE302356,LAM32,2.1486127376556396
GSE302356::LAM3:GGTCACGGTATGGTAA-1,2,GSE302356::LAM3:GCAGCTGCATATGAAG-1,State_15,15,GSE302356,LAM32,2.1774895191192627
GSE302356::LAM3:GGTCACGGTATGGTAA-1,3,GSE302356::LAM3:TACCCGTTCTGGACCG-1,State_15,15,GSE302356,LAM32,2.250545024871826
GSE302356::LAM3:GGTCACGGTATGGTAA-1,4,GSE302356::LAM3:CAACCAATCTCGAGTA-1,State_15,15,GSE302356,LAM32,2.5713374614715576
GSE302356::LAM3:GGTCACGGTATGGTAA-1,5,GSE302356::LAM3:GTAGCTAGTAGCTTAC-1,State_15,15,GSE302356,LAM32,2.774454116821289
GSE302356::LAM3:GGTCACGGTATGGTAA-1,6,GSE135851::LAM3:CCACGGACACCTATCC-1,State_15,15,GSE135851,LAM3,3.0338828563690186
GSE302356::LAM3:GGTCACGGTATGGTAA-1,7,GSE190260::LAM1158:AAACGGGAGTCGCCGT-1,State_15,15,GSE190260,LAM1158,3.1088531017303467
GSE302356::LAM3:GGTCACGGTATGGTAA-1,8,GSE190260::LAM1158:ATCCGAATCCAGTATG-1,State_15,15,GSE190260,LAM1158,3.237065076828003
GSE302356::LAM3:GGTCACGGTATGGTAA-1,9,GSE302356::LAM3:CAAAGAATCCTGCTAC-1,State_15,15,GSE302356,LAM32,3.2382571697235107
GSE302356::LAM3:GGTCACGGTATGGTAA-1,10,GSE190260::LAM1163:AAAGCAAAGTCAAGGC-1,State_15,15,GSE190260,LAM1163,3.4092190265655518
GSE302356::LAM3:GGTCACGGTATGGTAA-1,11,GSE135851::LAM3:TACAGTGAGGCAATTA-1,State_15,15,GSE135851,LAM3,3.716433048248291
GSE302356::LAM3:GGTCACGGTATGGTAA-1,12,GSE135851::LAM3:ACCTTTACACTCAGGC-1,State_15,15,GSE135851,LAM3,3.9356560707092285
GSE302356::LAM3:GGTCACGGTATGGTAA-1,13,GSE135851::LAM3:GTAACTGTCAAACAAG-1,State_15,15,GSE135851,LAM3,3.9513144493103027
GSE302356::LAM3:GGTCACGGTATGGTAA-1,14,GSE135851::LAM3:GGAATAAGTAGCTGCC-1,State_15,15,GSE135851,LAM3,3.9734206199645996
GSE302356::LAM3:GGTCACGGTATGGTAA-1,15,GSE135851::LAM3:TTTGTCACAGTTCCCT-1,State_15,15,GSE135851,LAM3,3.9797017574310303
GSE302356::LAM3:GGTCACGGTATGGTAA-1,16,GSE135851::LAM1:CAACTAGTCATGTCTT-1,State_15,15,GSE135851,LAM1,4.045976638793945
GSE302356::LAM3:GGTCACGGTATGGTAA-1,17,GSE135851::LAM3:TAGAGCTAGTTAGCGG-1,State_15,15,GSE135851,LAM3,4.0468220710754395
GSE302356::LAM3:GGTCACGGTATGGTAA-1,18,GSE190260::LAM1163:CATTCGCAGCAATCTC-1,State_15,15,GSE190260,LAM1163,4.151669979095459
GSE302356::LAM3:GGTCACGGTATGGTAA-1,19,GSE135851::LAM3:CGGCTAGGTTAAGGGC-1,State_15,15,GSE135851,LAM3,4.209627628326416
GSE302356::LAM3:GGTCACGGTATGGTAA-1,20,GSE190260::LAM1158:CGTCCATGTTGGTGGA-1,State_15,15,GSE190260,LAM1158,4.22505521774292
GSE302356::LAM3:GGTCACGGTATGGTAA-1,21,GSE135851::LAM3:ATGAGGGGTGTGCGTC-1,State_15,15,GSE135851,LAM3,4.237116813659668
GSE302356::LAM3:GGTCACGGTATGGTAA-1,22,GSE135851::LAM3:CGCTTCATCGCACTCT-1,State_15,15,GSE135851,LAM3,4.379296779632568
GSE302356::LAM3:GGTCACGGTATGGTAA-1,23,GSE135851::LAM3:CTCGTACCAAGCCCAC-1,State_15,15,GSE135851,LAM3,4.475177764892578
GSE302356::LAM3:GGTCACGGTATGGTAA-1,24,GSE135851::LAM3:AACCATGCACGAAGCA-1,State_15,15,GSE135851,LAM3,4.497262954711914
GSE302356::LAM3:GGTCACGGTATGGTAA-1,25,GSE190260::LAM1163:CGGCTAGAGTGGTAGC-1,State_15,15,GSE190260,LAM1163,4.521334171295166
GSE302356::LAM3:GGTCACGGTATGGTAA-1,26,GSE302356::LAM10:GGTTCTTGTGGTTCTT-1,State_16,16,GSE302356,LAM3,4.523728370666504
GSE302356::LAM3:GGTCACGGTATGGTAA-1,27,GSE190260::LAM1158:TACGGTATCCAGGGCT-1,State_15,15,GSE190260,LAM1158,4.573810577392578
GSE302356::LAM3:GGTCACGGTATGGTAA-1,28,GSE302356::LAM10:ACCTAAATCATCAGTA-1,State_16,16,GSE302356,LAM3,4.577471733093262
GSE302356::LAM3:GGTCACGGTATGGTAA-1,29,GSE190260::LAM1163:ACAGCCGAGGACTGGT-1,State_15,15,GSE190260,LAM1163,4.5913920402526855
GSE302356::LAM3:GGTCACGGTATGGTAA-1,30,GSE217108::LAM44:GGGTCAACAAAGCTAA-1,State_16,16,GSE217108,LAM44,4.602400779724121
GSE302356::LAM3:GTAGCTAGTAGCTTAC-1,1,GSE302356::LAM3:GCAGCTGCATATGAAG-1,State_15,15,GSE302356,LAM32,1.3954694271087646
GSE302356::LAM3:GTAGCTAGTAGCTTAC-1,2,GSE302356::LAM3:TACCCGTTCTGGACCG-1,State_15,15,GSE302356,LAM32,1.9471793174743652
GSE302356::LAM3:GTAGCTAGTAGCTTAC-1,3,GSE302356::LAM3:CAACCAATCTCGAGTA-1,State_15,15,GSE302356,LAM32,2.000727415084839
GSE302356::LAM3:GTAGCTAGTAGCTTAC-1,4,GSE302356::LAM3:GCACGTGAGACATACA-1,State_15,15,GSE302356,LAM32,2.1816322803497314
GSE302356::LAM3:GTAGCTAGTAGCTTAC-1,5,GSE190260::LAM1158:AAACGGGAGTCGCCGT-1,State_15,15,GSE190260,LAM1158,2.323800802230835
GSE302356::LAM3:GTAGCTAGTAGCTTAC-1,6,GSE190260::LAM1163:AAAGCAAAGTCAAGGC-1,State_15,15,GSE190260,LAM1163,2.5825297832489014
GSE302356::LAM3:GTAGCTAGTAGCTTAC-1,7,GSE135851::LAM3:CCACGGACACCTATCC-1,State_15,15,GSE135851,LAM3,2.599536180496216
GSE302356::LAM3:GTAGCTAGTAGCTTAC-1,8,GSE135851::LAM3:TACAGTGAGGCAATTA-1,State_15,15,GSE135851,LAM3,2.683584690093994
GSE302356::LAM3:GTAGCTAGTAGCTTAC-1,9,GSE302356::LAM3:CAAAGAATCCTGCTAC-1,State_15,15,GSE302356,LAM32,2.735833168029785
GSE302356::LAM3:GTAGCTAGTAGCTTAC-1,10,GSE302356::LAM3:GGTCACGGTATGGTAA-1,State_15,15,GSE302356,LAM32,2.774454116821289
GSE302356::LAM3:GTAGCTAGTAGCTTAC-1,11,GSE190260::LAM1163:CGGCTAGAGTGGTAGC-1,State_15,15,GSE190260,LAM1163,2.783512592315674
GSE302356::LAM3:GTAGCTAGTAGCTTAC-1,12,GSE135851::LAM3:AACCATGCACGAAGCA-1,State_15,15,GSE135851,LAM3,2.7957661151885986
GSE302356::LAM3:GTAGCTAGTAGCTTAC-1,13,GSE190260::LAM1163:ACAGCCGAGGACTGGT-1,State_15,15,GSE190260,LAM1163,2.8326354026794434
GSE302356::LAM3:GTAGCTAGTAGCTTAC-1,14,GSE135851::LAM3:TAGAGCTAGTTAGCGG-1,State_15,15,GSE135851,LAM3,2.842613697052002
GSE302356::LAM3:GTAGCTAGTAGCTTAC-1,15,GSE190260::LAM1158:ATCCGAATCCAGTATG-1,State_15,15,GSE190260,LAM1158,2.8729634284973145
GSE302356::LAM3:GTAGCTAGTAGCTTAC-1,16,GSE135851::LAM3:CGGCTAGGTTAAGGGC-1,State_15,15,GSE135851,LAM3,2.9029197692871094
GSE302356::LAM3:GTAGCTAGTAGCTTAC-1,17,GSE135851::LAM3:ATGAGGGGTGTGCGTC-1,State_15,15,GSE135851,LAM3,2.906208038330078
GSE302356::LAM3:GTAGCTAGTAGCTTAC-1,18,GSE135851::LAM3:TTTGTCACAGTTCCCT-1,State_15,15,GSE135851,LAM3,2.914433717727661
GSE302356::LAM3:GTAGCTAGTAGCTTAC-1,19,GSE190260::LAM1163:CATTCGCAGCAATCTC-1,State_15,15,GSE190260,LAM1163,2.923253297805786
GSE302356::LAM3:GTAGCTAGTAGCTTAC-1,20,GSE135851::LAM3:ATCTGCCTCAGAGCTT-1,State_15,15,GSE135851,LAM3,2.9544620513916016
GSE302356::LAM3:GTAGCTAGTAGCTTAC-1,21,GSE190260::LAM1163:TTGGAACTCGGCGGTT-1,State_15,15,GSE190260,LAM1163,2.9851596355438232
GSE302356::LAM3:GTAGCTAGTAGCTTAC-1,22,GSE135851::LAM3:GGAATAAGTAGCTGCC-1,State_15,15,GSE135851,LAM3,3.052074670791626
GSE302356::LAM3:GTAGCTAGTAGCTTAC-1,23,GSE135851::LAM3:CGCTTCATCGCACTCT-1,State_15,15,GSE135851,LAM3,3.0727624893188477
GSE302356::LAM3:GTAGCTAGTAGCTTAC-1,24,GSE135851::LAM3:CGTAGGCGTACTCAAC-1,State_15,15,GSE135851,LAM3,3.143146514892578
GSE302356::LAM3:GTAGCTAGTAGCTTAC-1,25,GSE190260::LAM1163:GTCACAAAGACTTGAA-1,State_15,15,GSE190260,LAM1163,3.236940860748291
GSE302356::LAM3:GTAGCTAGTAGCTTAC-1,26,GSE190260::LAM1163:TGACGGCAGTGGCACA-1,State_15,15,GSE190260,LAM1163,3.310922861099243
GSE302356::LAM3:GTAGCTAGTAGCTTAC-1,27,GSE135851::LAM3:TTTATGCAGCCAACAG-1,State_15,15,GSE135851,LAM3,3.3737740516662598
GSE302356::LAM3:GTAGCTAGTAGCTTAC-1,28,GSE135851::LAM3:ACCTTTACACTCAGGC-1,State_15,15,GSE135851,LAM3,3.3981986045837402
GSE302356::LAM3:GTAGCTAGTAGCTTAC-1,29,GSE135851::LAM3:GTAACTGTCAAACAAG-1,State_15,15,GSE135851,LAM3,3.4208226203918457
GSE302356::LAM3:GTAGCTAGTAGCTTAC-1,30,GSE135851::LAM1:TGCGCAGGTTCGCTAA-1,State_15,15,GSE135851,LAM1,3.45442271232605
GSE302356::LAM3:TACCCGTTCTGGACCG-1,1,GSE302356::LAM3:GCAGCTGCATATGAAG-1,State_15,15,GSE302356,LAM32,1.6244080066680908
GSE302356::LAM3:TACCCGTTCTGGACCG-1,2,GSE302356::LAM3:GCACGTGAGACATACA-1,State_15,15,GSE302356,LAM32,1.6564842462539673
GSE302356::LAM3:TACCCGTTCTGGACCG-1,3,GSE302356::LAM3:GTAGCTAGTAGCTTAC-1,State_15,15,GSE302356,LAM32,1.9471793174743652
GSE302356::LAM3:TACCCGTTCTGGACCG-1,4,GSE302356::LAM3:CAACCAATCTCGAGTA-1,State_15,15,GSE302356,LAM32,2.1160624027252197
GSE302356::LAM3:TACCCGTTCTGGACCG-1,5,GSE302356::LAM3:GGTCACGGTATGGTAA-1,State_15,15,GSE302356,LAM32,2.250545024871826
GSE302356::LAM3:TACCCGTTCTGGACCG-1,6,GSE190260::LAM1158:AAACGGGAGTCGCCGT-1,State_15,15,GSE190260,LAM1158,2.4563543796539307
GSE302356::LAM3:TACCCGTTCTGGACCG-1,7,GSE190260::LAM1158:ATCCGAATCCAGTATG-1,State_15,15,GSE190260,LAM1158,2.5245611667633057
GSE302356::LAM3:TACCCGTTCTGGACCG-1,8,GSE135851::LAM3:CCACGGACACCTATCC-1,State_15,15,GSE135851,LAM3,2.6692111492156982
GSE302356::LAM3:TACCCGTTCTGGACCG-1,9,GSE190260::LAM1163:AAAGCAAAGTCAAGGC-1,State_15,15,GSE190260,LAM1163,2.700911521911621
GSE302356::LAM3:TACCCGTTCTGGACCG-1,10,GSE190260::LAM1163:CATTCGCAGCAATCTC-1,State_15,15,GSE190260,LAM1163,2.7211337089538574
GSE302356::LAM3:TACCCGTTCTGGACCG-1,11,GSE135851::LAM3:TACAGTGAGGCAATTA-1,State_15,15,GSE135851,LAM3,2.775893211364746
GSE302356::LAM3:TACCCGTTCTGGACCG-1,12,GSE302356::LAM3:CAAAGAATCCTGCTAC-1,State_15,15,GSE302356,LAM32,3.0116982460021973
GSE302356::LAM3:TACCCGTTCTGGACCG-1,13,GSE135851::LAM1:CAACTAGTCATGTCTT-1,State_15,15,GSE135851,LAM1,3.1649491786956787
GSE302356::LAM3:TACCCGTTCTGGACCG-1,14,GSE135851::LAM3:GTAACTGTCAAACAAG-1,State_15,15,GSE135851,LAM3,3.188066244125366
GSE302356::LAM3:TACCCGTTCTGGACCG-1,15,GSE135851::LAM3:ATGAGGGGTGTGCGTC-1,State_15,15,GSE135851,LAM3,3.1887030601501465
GSE302356::LAM3:TACCCGTTCTGGACCG-1,16,GSE190260::LAM1158:TACGGTATCCAGGGCT-1,State_15,15,GSE190260,LAM1158,3.191946029663086
GSE302356::LAM3:TACCCGTTCTGGACCG-1,17,GSE190260::LAM1163:TTGGAACTCGGCGGTT-1,State_15,15,GSE190260,LAM1163,3.232069492340088
GSE302356::LAM3:TACCCGTTCTGGACCG-1,18,GSE135851::LAM3:ACCTTTACACTCAGGC-1,State_15,15,GSE135851,LAM3,3.249361276626587
GSE302356::LAM3:TACCCGTTCTGGACCG-1,19,GSE135851::LAM3:TTTGTCACAGTTCCCT-1,State_15,15,GSE135851,LAM3,3.269287347793579
GSE302356::LAM3:TACCCGTTCTGGACCG-1,20,GSE190260::LAM1158:CGTCCATGTTGGTGGA-1,State_15,15,GSE190260,LAM1158,3.288092851638794
GSE302356::LAM3:TACCCGTTCTGGACCG-1,21,GSE135851::LAM3:GGAATAAGTAGCTGCC-1,State_15,15,GSE135851,LAM3,3.3092236518859863
GSE302356::LAM3:TACCCGTTCTGGACCG-1,22,GSE135851::LAM3:CGGCTAGGTTAAGGGC-1,State_15,15,GSE135851,LAM3,3.33128023147583
GSE302356::LAM3:TACCCGTTCTGGACCG-1,23,GSE135851::LAM3:TAGAGCTAGTTAGCGG-1,State_15,15,GSE135851,LAM3,3.362332820892334
GSE302356::LAM3:TACCCGTTCTGGACCG-1,24,GSE135851::LAM3:AACCATGCACGAAGCA-1,State_15,15,GSE135851,LAM3,3.4310169219970703
GSE302356::LAM3:TACCCGTTCTGGACCG-1,25,GSE135851::LAM3:CGCTTCATCGCACTCT-1,State_15,15,GSE135851,LAM3,3.4461731910705566
GSE302356::LAM3:TACCCGTTCTGGACCG-1,26,GSE135851::LAM3:CGTAGGCGTACTCAAC-1,State_15,15,GSE135851,LAM3,3.4647738933563232
GSE302356::LAM3:TACCCGTTCTGGACCG-1,27,GSE190260::LAM1163:ACAGCCGAGGACTGGT-1,State_15,15,GSE190260,LAM1163,3.465327024459839
GSE302356::LAM3:TACCCGTTCTGGACCG-1,28,GSE190260::LAM1163:CGGCTAGAGTGGTAGC-1,State_15,15,GSE190260,LAM1163,3.4869048595428467
GSE302356::LAM3:TACCCGTTCTGGACCG-1,29,GSE135851::LAM1:TGCGCAGGTTCGCTAA-1,State_15,15,GSE135851,LAM1,3.5109879970550537
GSE302356::LAM3:TACCCGTTCTGGACCG-1,30,GSE135851::LAM3:ATCTGCCTCAGAGCTT-1,State_15,15,GSE135851,LAM3,3.5612850189208984
GSE302356::LAM3:TGCGATACACACGGTC-1,1,GSE135851::LAM1:ATGTGTGCAGACAAGC-1,State_15,15,GSE135851,LAM1,1.8377025127410889
GSE302356::LAM3:TGCGATACACACGGTC-1,2,GSE135851::LAM1:GGGAGATAGCCATCGC-1,State_15,15,GSE135851,LAM1,1.968932867050171
GSE302356::LAM3:TGCGATACACACGGTC-1,3,GSE302356::LAM3:TTTATGCAGAGCCTGA-1,State_15,15,GSE302356,LAM32,1.9895169734954834
GSE302356::LAM3:TGCGATACACACGGTC-1,4,GSE135851::LAM1:TCGAGGCTCGACCAGC-1,State_15,15,GSE135851,LAM1,2.031726837158203
GSE302356::LAM3:TGCGATACACACGGTC-1,5,GSE190260::LAM1163:GACGCGTCATCCGGGT-1,State_15,15,GSE190260,LAM1163,2.195305824279785
GSE302356::LAM3:TGCGATACACACGGTC-1,6,GSE135851::LAM1:TGCACCTTCGAACTGT-1,State_15,15,GSE135851,LAM1,2.2528018951416016
GSE302356::LAM3:TGCGATACACACGGTC-1,7,GSE135851::LAM1:CGGACACTCAGAGGTG-1,State_15,15,GSE135851,LAM1,2.664876699447632
GSE302356::LAM3:TGCGATACACACGGTC-1,8,GSE190260::LAM1158:CTAAGACAGTCTCGGC-1,State_15,15,GSE190260,LAM1158,2.74983286857605
GSE302356::LAM3:TGCGATACACACGGTC-1,9,GSE190260::LAM1163:GGGATGATCACAAACC-1,State_15,15,GSE190260,LAM1163,2.8292832374572754
GSE302356::LAM3:TGCGATACACACGGTC-1,10,GSE135851::LAM1:ATTACTCAGCCACCTG-1,State_15,15,GSE135851,LAM1,3.0119969844818115
GSE302356::LAM3:TGCGATACACACGGTC-1,11,GSE135851::LAM1:CGAGCACCATTATCTC-1,State_15,15,GSE135851,LAM1,3.0176143646240234
GSE302356::LAM3:TGCGATACACACGGTC-1,12,GSE190260::LAM1158:CTCATTAGTCGGGTCT-1,State_15,15,GSE190260,LAM1158,3.055082321166992
GSE302356::LAM3:TGCGATACACACGGTC-1,13,GSE190260::LAM1163:GCGGGTTTCACATAGC-1,State_15,15,GSE190260,LAM1163,3.062763214111328
GSE302356::LAM3:TGCGATACACACGGTC-1,14,GSE190260::LAM1163:AGAGTGGCATGATCCA-1,State_15,15,GSE190260,LAM1163,3.07075834274292
GSE302356::LAM3:TGCGATACACACGGTC-1,15,GSE190260::LAM1163:ATCCACCTCTTGTCAT-1,State_15,15,GSE190260,LAM1163,3.083770751953125
GSE302356::LAM3:TGCGATACACACGGTC-1,16,GSE190260::LAM1163:CTTACCGCACATGTGT-1,State_15,15,GSE190260,LAM1163,3.102595567703247
GSE302356::LAM3:TGCGATACACACGGTC-1,17,GSE190260::LAM1163:CTGATCCTCGCTTAGA-1,State_15,15,GSE190260,LAM1163,3.1185901165008545
GSE302356::LAM3:TGCGATACACACGGTC-1,18,GSE190260::LAM1163:CATCAAGCAATACGCT-1,State_15,15,GSE190260,LAM1163,3.125018358230591
GSE302356::LAM3:TGCGATACACACGGTC-1,19,GSE190260::LAM1163:TCGTACCCAAGCCGTC-1,State_15,15,GSE190260,LAM1163,3.146103858947754
GSE302356::LAM3:TGCGATACACACGGTC-1,20,GSE190260::LAM1158:CACACAAAGTGTACGG-1,State_15,15,GSE190260,LAM1158,3.1479976177215576
GSE302356::LAM3:TGCGATACACACGGTC-1,21,GSE135851::LAM1:GGCGACTTCGCACTCT-1,State_15,15,GSE135851,LAM1,3.199064254760742
GSE302356::LAM3:TGCGATACACACGGTC-1,22,GSE135851::LAM3:ATCTGCCTCAGAGCTT-1,State_15,15,GSE135851,LAM3,3.3144471645355225
GSE302356::LAM3:TGCGATACACACGGTC-1,23,GSE190260::LAM1163:GTTACAGCAAGCTGGA-1,State_15,15,GSE190260,LAM1163,3.3266026973724365
GSE302356::LAM3:TGCGATACACACGGTC-1,24,GSE190260::LAM1163:CGGCTAGAGTGGTAGC-1,State_15,15,GSE190260,LAM1163,3.337287664413452
GSE302356::LAM3:TGCGATACACACGGTC-1,25,GSE135851::LAM1:GCACTCTTCAGGCGAA-1,State_15,15,GSE135851,LAM1,3.353895902633667
GSE302356::LAM3:TGCGATACACACGGTC-1,26,GSE190260::LAM1163:GACTAACGTTGTGGCC-1,State_15,15,GSE190260,LAM1163,3.368774652481079
GSE302356::LAM3:TGCGATACACACGGTC-1,27,GSE135851::LAM1:TATCTCATCAAGCCTA-1,State_15,15,GSE135851,LAM1,3.3869991302490234
GSE302356::LAM3:TGCGATACACACGGTC-1,28,GSE135851::LAM1:CACAGTAAGAGAACAG-1,State_15,15,GSE135851,LAM1,3.42323899269104
GSE302356::LAM3:TGCGATACACACGGTC-1,29,GSE190260::LAM1163:GTCACAAAGACTTGAA-1,State_15,15,GSE190260,LAM1163,3.425673007965088
GSE302356::LAM3:TGCGATACACACGGTC-1,30,GSE190260::LAM1163:AGCTCCTGTCAAAGCG-1,State_15,15,GSE190260,LAM1163,3.454704761505127
GSE302356::LAM3:TTTATGCAGAGCCTGA-1,1,GSE302356::LAM3:TGCGATACACACGGTC-1,State_15,15,GSE302356,LAM32,1.9895169734954834
GSE302356::LAM3:TTTATGCAGAGCCTGA-1,2,GSE190260::LAM1163:CTTACCGCACATGTGT-1,State_15,15,GSE190260,LAM1163,2.5026981830596924
GSE302356::LAM3:TTTATGCAGAGCCTGA-1,3,GSE190260::LAM1163:GACGCGTCATCCGGGT-1,State_15,15,GSE190260,LAM1163,2.5045580863952637
GSE302356::LAM3:TTTATGCAGAGCCTGA-1,4,GSE135851::LAM1:GGGAGATAGCCATCGC-1,State_15,15,GSE135851,LAM1,2.5365612506866455
GSE302356::LAM3:TTTATGCAGAGCCTGA-1,5,GSE135851::LAM1:ATGTGTGCAGACAAGC-1,State_15,15,GSE135851,LAM1,2.6190905570983887
GSE302356::LAM3:TTTATGCAGAGCCTGA-1,6,GSE135851::LAM1:CGGACACTCAGAGGTG-1,State_15,15,GSE135851,LAM1,2.688812494277954
GSE302356::LAM3:TTTATGCAGAGCCTGA-1,7,GSE190260::LAM1163:ACAGCCGAGGACTGGT-1,State_15,15,GSE190260,LAM1163,2.838695764541626
GSE302356::LAM3:TTTATGCAGAGCCTGA-1,8,GSE190260::LAM1163:TCACAAGCAAAGTCAA-1,State_15,15,GSE190260,LAM1163,2.8476903438568115
GSE302356::LAM3:TTTATGCAGAGCCTGA-1,9,GSE135851::LAM1:TCGAGGCTCGACCAGC-1,State_15,15,GSE135851,LAM1,2.8492355346679688
GSE302356::LAM3:TTTATGCAGAGCCTGA-1,10,GSE190260::LAM1163:GTTACAGCAAGCTGGA-1,State_15,15,GSE190260,LAM1163,2.9074437618255615
GSE302356::LAM3:TTTATGCAGAGCCTGA-1,11,GSE135851::LAM1:TGCACCTTCGAACTGT-1,State_15,15,GSE135851,LAM1,2.90794038772583
GSE302356::LAM3:TTTATGCAGAGCCTGA-1,12,GSE190260::LAM1163:CATCAAGCAATACGCT-1,State_15,15,GSE190260,LAM1163,2.9228944778442383
GSE302356::LAM3:TTTATGCAGAGCCTGA-1,13,GSE190260::LAM1163:TTGGAACTCGGCGGTT-1,State_15,15,GSE190260,LAM1163,2.9233105182647705
GSE302356::LAM3:TTTATGCAGAGCCTGA-1,14,GSE190260::LAM1163:GTCACAAAGACTTGAA-1,State_15,15,GSE190260,LAM1163,2.9342331886291504
GSE302356::LAM3:TTTATGCAGAGCCTGA-1,15,GSE190260::LAM1163:GCGGGTTTCACATAGC-1,State_15,15,GSE190260,LAM1163,2.937873363494873
GSE302356::LAM3:TTTATGCAGAGCCTGA-1,16,GSE190260::LAM1163:CATATTCGTCTCCCTA-1,State_15,15,GSE190260,LAM1163,3.0329854488372803
GSE302356::LAM3:TTTATGCAGAGCCTGA-1,17,GSE190260::LAM1163:ATCCACCTCTTGTCAT-1,State_15,15,GSE190260,LAM1163,3.057037115097046
GSE302356::LAM3:TTTATGCAGAGCCTGA-1,18,GSE190260::LAM1163:AGAGTGGCATGATCCA-1,State_15,15,GSE190260,LAM1163,3.062666654586792
GSE302356::LAM3:TTTATGCAGAGCCTGA-1,19,GSE190260::LAM1163:AGCTCCTGTCAAAGCG-1,State_15,15,GSE190260,LAM1163,3.0704505443573
GSE302356::LAM3:TTTATGCAGAGCCTGA-1,20,GSE190260::LAM1163:TCGTACCCAAGCCGTC-1,State_15,15,GSE190260,LAM1163,3.0808169841766357
GSE302356::LAM3:TTTATGCAGAGCCTGA-1,21,GSE190260::LAM1163:CGGCTAGAGTGGTAGC-1,State_15,15,GSE190260,LAM1163,3.093047618865967
GSE302356::LAM3:TTTATGCAGAGCCTGA-1,22,GSE190260::LAM1163:GGGATGATCACAAACC-1,State_15,15,GSE190260,LAM1163,3.1055898666381836
GSE302356::LAM3:TTTATGCAGAGCCTGA-1,23,GSE190260::LAM1163:AGGTCCGAGGCATGTG-1,State_15,15,GSE190260,LAM1163,3.1368837356567383
GSE302356::LAM3:TTTATGCAGAGCCTGA-1,24,GSE190260::LAM1158:CTAAGACAGTCTCGGC-1,State_15,15,GSE190260,LAM1158,3.200709342956543
GSE302356::LAM3:TTTATGCAGAGCCTGA-1,25,GSE135851::LAM3:ATCTGCCTCAGAGCTT-1,State_15,15,GSE135851,LAM3,3.2024409770965576
GSE302356::LAM3:TTTATGCAGAGCCTGA-1,26,GSE190260::LAM1163:CTGATCCTCGCTTAGA-1,State_15,15,GSE190260,LAM1163,3.2809488773345947
GSE302356::LAM3:TTTATGCAGAGCCTGA-1,27,GSE135851::LAM1:CACAGTAAGAGAACAG-1,State_15,15,GSE135851,LAM1,3.3150699138641357
GSE302356::LAM3:TTTATGCAGAGCCTGA-1,28,GSE190260::LAM1163:TACGGTATCACCTTAT-1,State_15,15,GSE190260,LAM1163,3.3566877841949463
GSE302356::LAM3:TTTATGCAGAGCCTGA-1,29,GSE135851::LAM3:CGTAGGCGTACTCAAC-1,State_15,15,GSE135851,LAM3,3.364158868789673
GSE302356::LAM3:TTTATGCAGAGCCTGA-1,30,GSE190260::LAM1163:GACTAACGTTGTGGCC-1,State_15,15,GSE190260,LAM1163,3.38675594329834
GSE302356::LAM10:TGATCAGGTCAATACG-1,1,GSE190260::LAM1163:TAAACCGAGGCAATTA-1,State_15,15,GSE190260,LAM1163,2.993544340133667
GSE302356::LAM10:TGATCAGGTCAATACG-1,2,GSE190260::LAM1163:CATCGAAGTCAGAGGT-1,State_15,15,GSE190260,LAM1163,3.1238224506378174
GSE302356::LAM10:TGATCAGGTCAATACG-1,3,GSE190260::LAM1163:CGAGAAGTCTCTGTCG-1,State_15,15,GSE190260,LAM1163,3.157914638519287
GSE302356::LAM10:TGATCAGGTCAATACG-1,4,GSE302356::LAM10:GGGAATATCCGGGACT-1,State_16,16,GSE302356,LAM3,3.187424898147583
GSE302356::LAM10:TGATCAGGTCAATACG-1,5,GSE190260::LAM1163:CGTGTAAGTTGTACAC-1,State_15,15,GSE190260,LAM1163,3.207836866378784
GSE302356::LAM10:TGATCAGGTCAATACG-1,6,GSE302356::LAM10:CAGAATCTCGCTAGTG-1,State_16,16,GSE302356,LAM3,3.2889487743377686
GSE302356::LAM10:TGATCAGGTCAATACG-1,7,GSE302356::LAM10:CGTGCACAGCAGCTCA-1,State_12,12,GSE302356,LAM3,3.3879992961883545
GSE302356::LAM10:TGATCAGGTCAATACG-1,8,GSE302356::LAM10:CGTTTCTCAATAACCT-1,State_16,16,GSE302356,LAM3,3.4024085998535156
GSE302356::LAM10:TGATCAGGTCAATACG-1,9,GSE302356::LAM10:ACTTATGAGTAGCCAT-1,State_12,12,GSE302356,LAM3,3.4090864658355713
GSE302356::LAM10:TGATCAGGTCAATACG-1,10,GSE190260::LAM1163:GTCCTCATCCACTGGG-1,State_15,15,GSE190260,LAM1163,3.5002686977386475
GSE302356::LAM10:TGATCAGGTCAATACG-1,11,GSE302356::LAM10:TGGTTCTGTCTAACCT-1,boundary,,GSE302356,LAM3,3.5129547119140625
GSE302356::LAM10:TGATCAGGTCAATACG-1,12,GSE190260::LAM1163:TTAGGACCAGCTGTAT-1,State_15,15,GSE190260,LAM1163,3.533062696456909
GSE302356::LAM10:TGATCAGGTCAATACG-1,13,GSE302356::LAM13:CCTAAAGGTCATGCAA-1,State_15,15,GSE302356,LAM50,3.6009886264801025
GSE302356::LAM10:TGATCAGGTCAATACG-1,14,GSE302356::LAM10:GGTCCGTAGCTTGCTC-1,State_16,16,GSE302356,LAM3,3.639768600463867
GSE302356::LAM10:TGATCAGGTCAATACG-1,15,GSE190260::LAM1163:CGAACATCAATCACAC-1,State_15,15,GSE190260,LAM1163,3.660632848739624
GSE302356::LAM10:TGATCAGGTCAATACG-1,16,GSE302356::LAM10:CAGGATGCAATAATGG-1,State_16,16,GSE302356,LAM3,3.6804213523864746
GSE302356::LAM10:TGATCAGGTCAATACG-1,17,GSE190260::LAM1163:CCTAGCTTCTGAGGGA-1,State_15,15,GSE190260,LAM1163,3.701840400695801
GSE302356::LAM10:TGATCAGGTCAATACG-1,18,GSE190260::LAM1163:TTTGGTTTCAGGCAAG-1,State_16,16,GSE190260,LAM1163,3.7257301807403564
GSE302356::LAM10:TGATCAGGTCAATACG-1,19,GSE302356::LAM10:GACCTGCAGAACCTGT-1,State_16,16,GSE302356,LAM3,3.7377474308013916
GSE302356::LAM10:TGATCAGGTCAATACG-1,20,GSE302356::LAM10:TAAGGACCATAAACCT-1,State_13,13,GSE302356,LAM3,3.778588056564331
GSE302356::LAM10:TGATCAGGTCAATACG-1,21,GSE135851::LAM3:CCACGGAAGGCAATTA-1,State_15,15,GSE135851,LAM3,3.7847540378570557
GSE302356::LAM10:TGATCAGGTCAATACG-1,22,GSE217108::LAM32:AGCGGACCAGTTTGGC-1,State_12,12,GSE217108,LAM32,3.8226168155670166
GSE302356::LAM10:TGATCAGGTCAATACG-1,23,GSE302356::LAM10:CTGTTTAGTCCCGAAG-1,State_12,12,GSE302356,LAM3,3.8704113960266113
GSE302356::LAM10:TGATCAGGTCAATACG-1,24,GSE302356::LAM10:GTTACGCCATAATGAG-1,State_16,16,GSE302356,LAM3,3.8873183727264404
GSE302356::LAM10:TGATCAGGTCAATACG-1,25,GSE302356::LAM10:AGATGCTTCCGCAAAT-1,State_16,16,GSE302356,LAM3,3.93452525138855
GSE302356::LAM10:TGATCAGGTCAATACG-1,26,GSE302356::LAM10:CTGTGTGAGCCTGGTA-1,State_16,16,GSE302356,LAM3,3.943913698196411
GSE302356::LAM10:TGATCAGGTCAATACG-1,27,GSE302356::LAM10:ACGAATCTCGTTAGCG-1,State_16,16,GSE302356,LAM3,3.954610586166382
GSE302356::LAM10:TGATCAGGTCAATACG-1,28,GSE217108::LAM32:GCTGCACAGTAGCTTA-1,State_16,16,GSE217108,LAM32,3.97102952003479
GSE302356::LAM10:TGATCAGGTCAATACG-1,29,GSE190260::LAM1163:CTCGGAGCAACACGCC-1,State_16,16,GSE190260,LAM1163,3.97170352935791
GSE302356::LAM10:TGATCAGGTCAATACG-1,30,GSE135851::LAM1:TAAGTGCCATCTACGA-1,State_15,15,GSE135851,LAM1,3.972411870956421
GSE302356::LAM13:CCTAAAGGTCATGCAA-1,1,GSE190260::LAM1163:TAAACCGAGGCAATTA-1,State_15,15,GSE190260,LAM1163,3.015625238418579
GSE302356::LAM13:CCTAAAGGTCATGCAA-1,2,GSE302356::LAM13:GAGTGTTTCTTTGAGA-1,boundary,,GSE302356,LAM50,3.1587257385253906
GSE302356::LAM13:CCTAAAGGTCATGCAA-1,3,GSE190260::LAM1163:TTAGGCATCATAAAGG-1,boundary,,GSE190260,LAM1163,3.346463441848755
GSE302356::LAM13:CCTAAAGGTCATGCAA-1,4,GSE190260::LAM1163:TTCTCAAAGACATAAC-1,State_7,7,GSE190260,LAM1163,3.420581817626953
GSE302356::LAM13:CCTAAAGGTCATGCAA-1,5,GSE190260::LAM1163:CGAACATCAATCACAC-1,State_15,15,GSE190260,LAM1163,3.450371742248535
GSE302356::LAM13:CCTAAAGGTCATGCAA-1,6,GSE217108::LAM32:AGCGGACCAGTTTGGC-1,State_12,12,GSE217108,LAM32,3.5132312774658203
GSE302356::LAM13:CCTAAAGGTCATGCAA-1,7,GSE190260::LAM1163:CGTGTAAGTTGTACAC-1,State_15,15,GSE190260,LAM1163,3.5242514610290527
GSE302356::LAM13:CCTAAAGGTCATGCAA-1,8,GSE190260::LAM1163:TGCGGGTGTACGCTGC-1,boundary,,GSE190260,LAM1163,3.53780460357666
GSE302356::LAM13:CCTAAAGGTCATGCAA-1,9,GSE190260::LAM1163:CATCGAAGTCAGAGGT-1,State_15,15,GSE190260,LAM1163,3.5687129497528076
GSE302356::LAM13:CCTAAAGGTCATGCAA-1,10,GSE302356::LAM10:TGATCAGGTCAATACG-1,State_15,15,GSE302356,LAM3,3.6009886264801025
GSE302356::LAM13:CCTAAAGGTCATGCAA-1,11,GSE190260::LAM1163:AGGGAGTTCCTCTAGC-1,boundary,,GSE190260,LAM1163,3.6057581901550293
GSE302356::LAM13:CCTAAAGGTCATGCAA-1,12,GSE190260::LAM1163:GTTCATTAGTTATCGC-1,boundary,,GSE190260,LAM1163,3.6078875064849854
GSE302356::LAM13:CCTAAAGGTCATGCAA-1,13,GSE190260::LAM1163:GTCCTCATCCACTGGG-1,State_15,15,GSE190260,LAM1163,3.609668016433716
GSE302356::LAM13:CCTAAAGGTCATGCAA-1,14,GSE190260::LAM1163:CGAGAAGTCTCTGTCG-1,State_15,15,GSE190260,LAM1163,3.6379873752593994
GSE302356::LAM13:CCTAAAGGTCATGCAA-1,15,GSE302356::LAM13:CAATGCCCAAGGTACG-1,State_9,9,GSE302356,LAM50,3.6582443714141846
GSE302356::LAM13:CCTAAAGGTCATGCAA-1,16,GSE302356::LAM13:ATGAAGTAGAAACTGG-1,State_9,9,GSE302356,LAM50,3.696995496749878
GSE302356::LAM13:CCTAAAGGTCATGCAA-1,17,GSE302356::LAM13:CTAAGTCAGCTGCACA-1,State_16,16,GSE302356,LAM50,3.7171082496643066
GSE302356::LAM13:CCTAAAGGTCATGCAA-1,18,GSE217108::LAM32:GGACCTCAGCCGCTAA-1,boundary,,GSE217108,LAM32,3.72646427154541
GSE302356::LAM13:CCTAAAGGTCATGCAA-1,19,GSE302356::LAM13:GGGCGAATCTACCTAT-1,boundary,,GSE302356,LAM50,3.735325813293457
GSE302356::LAM13:CCTAAAGGTCATGCAA-1,20,GSE122960::GSE122960_Donor_03:AGTAGTCGTCAAACTC-1,normal,,GSE122960,GSE122960_Donor_03,3.745744228363037
GSE302356::LAM13:CCTAAAGGTCATGCAA-1,21,GSE302356::LAM10:CTGTTTAGTCCCGAAG-1,State_12,12,GSE302356,LAM3,3.7487926483154297
GSE302356::LAM13:CCTAAAGGTCATGCAA-1,22,GSE122960::GSE122960_Donor_03:CCGGGATTCCGCATCT-1,normal,,GSE122960,GSE122960_Donor_03,3.773163080215454
GSE302356::LAM13:CCTAAAGGTCATGCAA-1,23,GSE302356::LAM13:CTGGTCAAGGACCAGG-1,State_9,9,GSE302356,LAM50,3.773806095123291
GSE302356::LAM13:CCTAAAGGTCATGCAA-1,24,GSE302356::LAM13:TGATTGCAGGGATTAG-1,State_12,12,GSE302356,LAM50,3.7819478511810303
GSE302356::LAM13:CCTAAAGGTCATGCAA-1,25,GSE122960::GSE122960_Donor_03:ACTTGTTTCAAGGCTT-1,normal,,GSE122960,GSE122960_Donor_03,3.790363073348999
GSE302356::LAM13:CCTAAAGGTCATGCAA-1,26,GSE190260::LAM1163:AAGGCAGCAGGGCATA-1,boundary,,GSE190260,LAM1163,3.7994935512542725
GSE302356::LAM13:CCTAAAGGTCATGCAA-1,27,GSE122960::GSE122960_Donor_03:AGGTCCGAGCATCATC-1,normal,,GSE122960,GSE122960_Donor_03,3.8041133880615234
GSE302356::LAM13:CCTAAAGGTCATGCAA-1,28,GSE190260::LAM1163:AGTGTCATCTAGAGTC-1,boundary,,GSE190260,LAM1163,3.805297374725342
GSE302356::LAM13:CCTAAAGGTCATGCAA-1,29,GSE302356::LAM10:ACTTATGAGTAGCCAT-1,State_12,12,GSE302356,LAM3,3.8093857765197754
GSE302356::LAM13:CCTAAAGGTCATGCAA-1,30,GSE190260::LAM1163:CCCAGTTCAACTTGAC-1,boundary,,GSE190260,LAM1163,3.8190643787384033
