unit_id,in_tissue,array_row,array_col,y,x,total_counts,n_genes_detected,LAMCORE,LAF_fibroblast,lymphatic_endothelial,immune,protease,antiprotease,ECM_remodeling,modality,patient_id,sample_id,unit_type
CACGGTCTCCTTACGA-1,1,0,2,11882,2251,13667.0,5640,1.7592784761960591,1.5847259098847637,1.1026527965504689,1.6468464368773745,1.5581253628750915,2.2803674644182728,1.7502395856539954,Visium,LAM4,LAM20,spot
ATAGCTGCGGATAAGA-1,1,0,4,11882,2359,8665.0,4379,1.5669349245977726,1.3571667988296747,1.4956428748934294,0.8149148762051092,1.4627797703647525,2.3804326637454527,1.8910136700605833,Visium,LAM4,LAM20,spot
ATGTACCAGTTACTCG-1,1,0,8,11884,2576,18501.0,6780,1.9491677607323386,1.7313718560596045,1.1296203248532413,0.8444550861370552,1.780389378853617,2.19917651939773,1.8139868627778661,Visium,LAM4,LAM20,spot
ACGCTCAGTGCACCGT-1,1,0,10,11884,2684,9718.0,4843,2.238489049826508,1.7987664877969918,1.236609922449641,0.503698186497248,1.93396123282093,2.104515571238853,2.0887110623834277,Visium,LAM4,LAM20,spot
CTCCAAGTGAGCCAAT-1,1,0,24,11889,3443,19812.0,6812,1.393386054364293,1.5761001233666585,1.3452609824586532,1.3225961160385777,1.6043979770611265,2.087710309654114,1.5388863291663752,Visium,LAM4,LAM20,spot
ACTGAGCAAGAACACG-1,1,0,26,11889,3551,27432.0,7876,1.7916553101562263,1.479375063131557,1.130140721158928,1.3480790015453952,1.58375363011574,2.2582817856933817,1.7472834038441694,Visium,LAM4,LAM20,spot
TGCATAAGTTCCTGAA-1,1,0,28,11890,3659,26829.0,7740,2.9637416658921865,1.5767348079303094,1.3817460332153515,0.8850702975813874,2.3384218539509507,2.0819093899568317,1.8423601759995936,Visium,LAM4,LAM20,spot
GGCATCGAACCTCATA-1,1,0,30,11890,3768,23371.0,7395,2.1774871080362845,2.309667055137768,2.018254834213301,0.45962097250505796,1.6009815657964537,2.440874414033052,2.337941663661449,Visium,LAM4,LAM20,spot
AAGCGAGCCGTCCGCT-1,1,0,32,11891,3876,14978.0,5747,1.8319074866051985,2.3746852518576445,1.8338145128181476,0.678602558955846,1.4674662932389662,2.9516608956212362,2.24379314785635,Visium,LAM4,LAM20,spot
GCGGTGGACATCAATC-1,1,0,34,11892,3984,10586.0,4753,1.5641424847327978,2.3280101123101566,2.029792563719197,0.47071400668775354,1.6356546172530864,2.799059216749751,2.603913474657843,Visium,LAM4,LAM20,spot
CTATCGATCACGATTA-1,1,0,38,11893,4201,17957.0,6340,2.6648128933047577,1.839027204258845,2.0657815345578703,0.30334521196381725,2.3679881537137955,2.0145032203132742,2.6501688846885942,Visium,LAM4,LAM20,spot
GTACGAAGGCGTCTAT-1,1,0,42,11894,4418,9013.0,4538,1.971514859681367,2.376177010567706,2.261626712088639,0.8377830104397055,2.138792681461485,2.0827967926520476,2.680437726472876,Visium,LAM4,LAM20,spot
AAGGTTACTATGACGC-1,1,0,44,11895,4526,10535.0,4962,1.1955094005355873,2.03398882528649,2.2047896252352865,0.9029913120001931,1.6845691590874572,2.5788231947508944,2.1371304533929356,Visium,LAM4,LAM20,spot
CGTACATCGATGTCTT-1,1,0,46,11895,4634,16165.0,6130,2.347181317986267,2.030676508651465,1.796131791720454,0.8052433891238477,1.9504071145739132,2.379066779321097,2.1492125411127563,Visium,LAM4,LAM20,spot
CGGCTTCCTACTGGTT-1,1,0,48,11896,4743,18615.0,6656,1.2620114568651966,2.32628797964458,2.7280476765096378,0.6307697781907655,1.391718784265002,2.775187410946031,2.446042216610093,Visium,LAM4,LAM20,spot
TCAGTCGAGCGATGAA-1,1,0,50,11897,4851,13897.0,5604,1.4561719242632112,2.681025471609342,2.7338216012401184,0.9181194080840008,1.9368020912958572,3.034397233697837,3.190327981536908,Visium,LAM4,LAM20,spot
AACCAAGCGTGGCCTC-1,1,0,104,11913,7776,40330.0,8514,3.1198452264521777,1.4047809923079217,1.3157372687544662,0.16579444635629567,2.415656935429905,1.7567857240442173,1.7260024745600657,Visium,LAM4,LAM20,spot
GGTCTACAGGCTACAA-1,1,0,106,11914,7884,51789.0,9039,3.309474582060922,1.3893453702465535,0.9051571335092856,0.3138092522160138,2.615321405419852,1.5545796341514826,1.5961972683713208,Visium,LAM4,LAM20,spot
ATGTGCCGGTGACAGA-1,1,0,108,11915,7993,19812.0,6584,3.046690144960538,1.3419687767380626,1.5916344967689628,0.312682185022755,2.4345214832061632,2.011905959191205,1.701033623622815,Visium,LAM4,LAM20,spot
GATGCCATCTATAACC-1,1,0,114,11916,8318,7069.0,3696,2.74408968452306,1.7595345518102192,2.192466414900803,0.571891481664725,2.2684688851820334,1.8224449128883426,1.6902268295399323,Visium,LAM4,LAM20,spot
TCAATTATACCAGAAC-1,1,0,116,11917,8426,14545.0,5562,2.7557351993082344,1.5355467504744797,1.2505506325963434,0.36291500481092676,2.074574094366619,1.6341556779331976,1.7451412314145152,Visium,LAM4,LAM20,spot
AGTGTATGCGCTGCCT-1,1,0,118,11918,8534,16515.0,5983,2.8128162751606944,1.4080807365702528,1.2078707379201659,0.2853881379699361,2.06530177830775,1.9537509612395485,1.739185285164685,Visium,LAM4,LAM20,spot
GTAGACCAACTCCAAT-1,1,0,120,11918,8643,13501.0,5374,1.4032880884111973,1.7603476067856183,1.6773824109520987,0.8530107639740214,1.1700201695610448,1.8220948510578925,1.807011790851175,Visium,LAM4,LAM20,spot
AACACCTACTATCGAA-1,1,0,122,11919,8751,16097.0,5821,0.6352409184461106,1.193487510252634,1.1049288813820182,0.483187445969421,1.0521149527390719,2.0451130684422294,1.225914571379646,Visium,LAM4,LAM20,spot
TATCTAATGCATTACA-1,1,0,124,11920,8859,6178.0,3285,1.1976586884421163,1.9672323331182446,1.3949970751919478,0.46285239530367617,1.490569794925728,1.6707947831184133,2.011508899700422,Visium,LAM4,LAM20,spot
TAGTTCACAGGCAATG-1,1,0,126,11920,8968,5062.0,2971,1.4120505642745358,1.5995910926201609,1.5995910926201609,0.6407776501704655,1.0037761174048134,1.8354589213685393,2.0042312389358132,Visium,LAM4,LAM20,spot
AGGATCCGTAAGTAAT-1,1,1,3,11788,2306,9006.0,4237,1.5700702388300485,1.714251976349342,0.7468636969097436,1.10487799014033,1.5576185145323194,2.53836005670907,1.4973680391985953,Visium,LAM4,LAM20,spot
CTCGTTCACGACTGCA-1,1,1,9,11790,2631,8501.0,4371,2.276083789395091,1.7618090677555667,1.8851857440833475,0.6741955347684598,1.862611829734771,1.928860044473582,1.9500021234380198,Visium,LAM4,LAM20,spot
AGATGCGGCTAGTGAC-1,1,1,11,11790,2739,18487.0,6376,3.1888119132012083,1.495572922796387,1.0387232736900534,0.13760641463451478,2.5034096931236225,1.672856777402217,1.8682298885287512,Visium,LAM4,LAM20,spot
GTTGACGCTCGATGGC-1,1,1,25,11795,3497,21009.0,7022,1.1118384578830287,1.560309264596844,1.066070476932327,0.6688406374686626,1.217855712229764,2.3607653858718898,1.5578063599223109,Visium,LAM4,LAM20,spot
CTTCCGAGACATTGAT-1,1,1,27,11795,3606,16961.0,6095,1.6826503930968129,1.7012634594710139,0.7089116589416748,0.9378048514542717,1.4098488530977158,2.2564389746192375,1.7688490166395296,Visium,LAM4,LAM20,spot
CGCCTCGGCTACTCGC-1,1,1,29,11796,3714,13687.0,5463,2.8496883638445536,1.6558629429194847,1.8686668399021602,0.6574580204422588,2.426572105453368,1.6833799156340739,2.180888329927169,Visium,LAM4,LAM20,spot
TAGTGCACTTGTACCG-1,1,1,31,11797,3822,8988.0,4178,2.0380422221060717,1.9470538777350803,2.2641153216673877,0.5928624765163316,0.9816633509831806,2.8624000684991273,2.3604886674950767,Visium,LAM4,LAM20,spot
CACGAACGGTCTTCAG-1,1,1,33,11797,3931,8806.0,4223,1.6205116367145929,1.9485671397960493,2.0915471680188022,1.2162217208473989,1.2683764651324692,2.7209576824044737,2.4177250243212836,Visium,LAM4,LAM20,spot
TGTCAAGAACTCGGCG-1,1,1,39,11799,4256,21227.0,6792,2.5370921368014,1.8292461863079967,2.2676238214598063,0.44260181478392907,2.0505321139826416,2.281752774773846,2.13755510868585,Visium,LAM4,LAM20,spot
GGCCATGCGTCTGTCG-1,1,1,41,11800,4364,19681.0,6660,1.578375457899118,2.4260865507129803,1.5025688835619133,0.553345166432093,1.6470920471644708,2.274438314396312,2.555437893290581,Visium,LAM4,LAM20,spot
ACAGAATACATACTAA-1,1,1,43,11800,4472,15365.0,6290,1.2012868518170414,2.3699973689970646,1.2590192161646618,0.954546112675541,1.876721345320442,1.825619439245942,2.7448524121712716,Visium,LAM4,LAM20,spot
GGTGTCATACTATTAG-1,1,1,45,11801,4581,11411.0,5308,1.1404808452826773,2.3890127983806253,0.971971896636222,0.9217521655295318,2.067019158610548,2.1680324430153677,2.601796710821832,Visium,LAM4,LAM20,spot
CATCGGATACGCACAG-1,1,1,47,11801,4689,12611.0,5527,1.25051913142039,1.879573394599436,1.6415240567809581,0.921807453784108,1.5406092831538007,2.3012705614140354,2.071710121419852,Visium,LAM4,LAM20,spot
ATCATTCCACTTAGCA-1,1,1,103,11819,7722,20485.0,6636,2.925501419203927,1.7634979294815059,0.9019833514574499,0.4269267765972936,2.2232967179396845,1.994170500448847,1.8224053812740835,Visium,LAM4,LAM20,spot
TCTACTTAACCGGCCT-1,1,1,105,11819,7831,17883.0,6161,3.0277901138724372,1.5335794338613782,1.4713571596574253,0.44416664321474364,2.3717315436207786,1.6474900957037135,1.6202056557106856,Visium,LAM4,LAM20,spot
CGGACCAGCAGAATTC-1,1,1,107,11820,7939,9450.0,4547,2.3244900543584044,1.8883514950659352,1.8178706132317408,1.0048881520194195,1.95793133063153,2.617279964691895,2.029956691827725,Visium,LAM4,LAM20,spot
GTTGACGAATCAACTA-1,1,1,111,11821,8156,12501.0,5473,2.349941419163675,1.5432352070003776,2.2082032078927822,0.9554622169846718,2.028078776752503,2.036812365189036,1.9740121402712223,Visium,LAM4,LAM20,spot
CTAGTGTAGTAAGTCA-1,1,1,113,11822,8264,11643.0,5214,2.2982703291295845,1.450152252588356,1.3327292230282712,1.3171630266430174,2.3360562505947895,2.1667615329001046,1.8844531358917223,Visium,LAM4,LAM20,spot
GGCTGTGGAATAGCGT-1,1,1,115,11823,8372,12846.0,5271,2.639862465376526,1.4695654237029274,1.1749715299623855,0.35389838682689123,2.055591735124005,1.9957013854824044,1.8487477623251172,Visium,LAM4,LAM20,spot
GCAGTACTCAACGAAG-1,1,1,117,11823,8481,14410.0,5684,2.556955991317063,1.6144220013892987,1.5165675020620157,0.632985750299236,1.9186763903912254,2.1821006324530203,1.767763467984198,Visium,LAM4,LAM20,spot
TCTACTCGTTCATCGC-1,1,1,119,11824,8589,9240.0,4365,1.8580551037460054,1.7129785913749407,1.59395063592832,0.4639344817583096,1.4461547490435696,2.1901449017481576,1.8149375437271125,Visium,LAM4,LAM20,spot
GTCGAACCGTTCACTC-1,1,1,121,11824,8697,13545.0,4615,0.10026926682347403,0.509495836335989,0.6046245444040388,0.33839757989823577,0.8688949439473775,2.08114735800366,0.4406455266854755,Visium,LAM4,LAM20,spot
ATGAGTAGCGTGTTAG-1,1,1,123,11825,8806,5026.0,2430,0.2501641892583168,1.3824069901642106,0.8080521341304657,0.0,0.8080521341304657,2.0749048038340328,1.2490610535122586,Visium,LAM4,LAM20,spot
CGAAGGAGAACAGTTG-1,1,1,125,11826,8914,3745.0,2464,0.3231416316227933,2.362062430055893,2.3991082763435125,0.21732498125922672,0.6938145145853782,2.2466197157303096,2.59150138345863,Visium,LAM4,LAM20,spot
ATCCGGATTACCGGTC-1,1,1,127,11826,9022,1338.0,1044,1.8466355611568372,2.2994411425040777,2.1369839541960753,0.8581870499419502,1.0537754358794715,2.2741323056985947,2.2415680174961237,Visium,LAM4,LAM20,spot
ACAGTATGCCTGGATG-1,1,2,2,11693,2252,14256.0,5721,1.254250672327658,1.834330774562425,1.0746652828175984,1.2117781979387872,1.4246891699825346,2.24257055439926,1.6996078760796332,Visium,LAM4,LAM20,spot
TCATAGTACTAGTTCA-1,1,2,4,11694,2360,11069.0,4864,2.4155373576284123,1.801573531801271,1.109454613643132,0.8028719629263031,2.0064535353322936,2.1609182748872704,1.7479775217305245,Visium,LAM4,LAM20,spot
GAGTCTATTCCAGGAC-1,1,2,10,11696,2685,15010.0,5894,2.7808525221962337,2.027569518200258,1.6089047923361743,0.6140604488807277,2.2240291764561784,2.171632777070723,2.326676299576612,Visium,LAM4,LAM20,spot
CGACGCCAGAGGAACT-1,1,2,12,11696,2794,26166.0,7777,2.913234855225633,1.6420427946040195,1.1623718242157541,0.2720776412936094,2.1568083848350823,1.8179740316233461,1.9418289350026796,Visium,LAM4,LAM20,spot
TACAAGCATAGGCTGG-1,1,2,26,11701,3552,29136.0,8070,2.8148077164956993,1.665860806593207,0.8458553047532217,0.383917661611624,2.294922642670556,1.6766157262655528,1.9030025661548566,Visium,LAM4,LAM20,spot
ACAATATGAATCATGA-1,1,2,28,11701,3660,21097.0,6822,2.149901949040011,1.605752882953247,1.063331914857093,1.0331211943062697,2.032875817756922,1.7611302476050477,1.6835262472089512,Visium,LAM4,LAM20,spot
TCATCCGATTGAATTC-1,1,2,30,11702,3769,9913.0,4651,2.352452763283689,2.1239448382365222,2.3828341905294517,0.6017785819353638,1.9885388142333498,2.0444845662423314,2.503289719448815,Visium,LAM4,LAM20,spot
ACGCATCGTCGAGCAG-1,1,2,32,11703,3877,16027.0,5808,1.251558917387333,2.2497833366391644,2.072091013658605,0.5845115727903587,1.3163461715770646,2.54560997555833,2.1746765613966845,Visium,LAM4,LAM20,spot
ATTACTTGAGCAAGAT-1,1,2,34,11703,3985,6081.0,3390,1.2765245386330435,2.4726213305397917,2.103468124185965,0.4687451947178554,1.18207721376572,2.250913788407261,2.0252315614030802,Visium,LAM4,LAM20,spot
ACTTGAGCACGAACAT-1,1,2,38,11704,4202,24029.0,7354,2.282269299205661,1.9970521267270278,2.4015206681037875,0.26441184622157615,2.0757777989526462,2.854693315161482,2.6901173964482874,Visium,LAM4,LAM20,spot
TGTCCTTCGCCTCGTA-1,1,2,40,11705,4310,12459.0,5120,1.7406651033426566,1.5110714576974953,1.8433142538909615,0.4126169541135484,1.612067088163483,2.9683893706015536,1.8898579467965708,Visium,LAM4,LAM20,spot
CCGGTGGCAAGCCGTA-1,1,2,52,11709,4960,10018.0,4453,0.8256673813276585,2.2705130533628393,2.3256549179815473,0.6457711959159305,1.582690885128756,3.018714305226409,2.2094167583478987,Visium,LAM4,LAM20,spot
AAGCAGCCTACTAAGC-1,1,2,102,11724,7669,17642.0,6227,2.5637477054195403,1.731301339616096,1.1396292534106818,0.7333906358981374,2.098780595348721,2.290545251153593,2.007902798559893,Visium,LAM4,LAM20,spot
GGACGGCTGACTAGTT-1,1,2,104,11725,7777,30482.0,7737,3.0539669600214645,1.4917024447034937,1.5799542992823263,0.2139743481588938,2.413225915292465,1.3026890265925346,1.7432513989846499,Visium,LAM4,LAM20,spot
CATCCTAGAATTATTG-1,1,2,106,11725,7885,15018.0,5660,2.3968050771819986,1.6476900876195457,1.5571979371440312,0.9454101883118062,2.177469003578541,1.772071808466309,1.5214890387824078,Visium,LAM4,LAM20,spot
ACCGTGTTATAAGTCG-1,1,2,108,11726,7994,22216.0,6911,3.2105361926451383,1.7292274960235035,1.7741249975250704,0.5979630281037218,2.6020226096131522,1.7049772210589234,2.2626648193969796,Visium,LAM4,LAM20,spot
AGACGTTGCACCGCCA-1,1,2,110,11727,8102,10881.0,5013,1.811615641001302,1.845362229047538,2.3101020322667773,0.9824414825103625,1.7422269102612815,2.4077884416284987,2.036402316695618,Visium,LAM4,LAM20,spot
GTAACATAAGACCGTA-1,1,2,112,11727,8210,21509.0,6290,1.777472245749149,1.0507120533747236,0.9435597708650671,2.209920997762348,2.882194537618777,1.83563474248145,1.2689369287771453,Visium,LAM4,LAM20,spot
GACTTGTCGTTCCGGC-1,1,2,114,11728,8319,19471.0,6090,2.1552903194045423,0.8699022829916044,0.45602028069951317,2.195434249713111,2.901700358132796,1.894530738704262,1.7604154817977984,Visium,LAM4,LAM20,spot
TCCAGATCGGTCGAGT-1,1,2,116,11729,8427,16499.0,6138,2.869283406914013,1.5208196381248429,0.9520460302870036,0.4027265770917556,2.1221334154692353,2.125153675236035,1.739984370906237,Visium,LAM4,LAM20,spot
AGTTAAGGTAGATACT-1,1,2,118,11729,8535,10921.0,4995,2.2236504913468575,1.650976800368953,1.4362349875620883,0.45913049425295027,1.5395878709296398,1.745880699375479,1.6106458630916152,Visium,LAM4,LAM20,spot
CTTACGAATGCGCCTG-1,1,2,120,11730,8644,16869.0,6069,0.8918608660268609,1.0429904952978728,0.847501086604085,0.3954288709681392,0.9090680783188935,1.3261238100274468,0.9948466784273823,Visium,LAM4,LAM20,spot
GGAATCAAGTACGCAC-1,1,2,122,11730,8752,15982.0,5864,1.087382140801405,0.9416698569623697,0.8457055176076648,0.2503001473216191,1.0567869266094736,1.514171948062387,0.8115557244621566,Visium,LAM4,LAM20,spot
TGGCGACTGCTATCAA-1,1,2,124,11731,8860,7732.0,4089,0.8300033555367227,1.7095804927375566,1.0218478138297709,0.6004977103836285,1.1827454688745982,2.0104440511592325,1.4804634113174824,Visium,LAM4,LAM20,spot
GAGGATGCACCAAGTT-1,1,2,126,11732,8969,3427.0,2231,1.4666897323688588,1.9640038350003932,1.0380666930063336,0.4256246634039342,1.2678636836323987,1.8484034976053922,2.023599653859893,Visium,LAM4,LAM20,spot
CCGCACAACGTGGTCA-1,1,3,1,11599,2199,23572.0,7273,2.08320104125271,1.5811438793542687,1.121068803593122,0.8038518284627726,1.6964294917278984,2.2717916921937675,1.6866597437659954,Visium,LAM4,LAM20,spot
CCTCGCTTGAAGGTCA-1,1,3,3,11599,2307,12186.0,5142,2.1124281790012605,1.750861109117186,1.1487067685887187,1.6727643614099685,1.77895836945314,2.3839222698321803,1.845930341608786,Visium,LAM4,LAM20,spot
GTACGATTGCGATGGC-1,1,3,11,11602,2740,13404.0,5680,2.428165683768436,2.1085931951956303,1.534062006428956,0.3414129810552155,2.1994436723927557,2.1055694138936585,2.2498457804050465,Visium,LAM4,LAM20,spot
GTTATTGTACGTATAC-1,1,3,27,11607,3607,16033.0,6236,1.7443888047948555,1.8308510333433672,0.9697360158126433,1.5323147379824777,1.452666282881142,1.979225535200738,1.8530943830336886,Visium,LAM4,LAM20,spot
CCTCGGCGCCGATTGA-1,1,3,29,11607,3715,20251.0,6609,2.1539309415156187,1.3388556856285767,1.3290996375931672,0.8337104018244774,1.917243532485493,2.186146148950566,1.952897678716212,Visium,LAM4,LAM20,spot
GTAGCGCTAGATCCGT-1,1,3,31,11608,3823,12306.0,5424,2.089556565139454,2.1080586911921833,2.2331567990097723,0.5097435261651915,1.581019042053284,1.9782422581391634,1.959332240687898,Visium,LAM4,LAM20,spot
AGACCTGATAACAGTG-1,1,3,33,11609,3932,16286.0,6260,0.5819138056174741,2.514420939243836,2.2772515406726,0.7497202393337018,1.4587035525191308,2.4279902044897104,2.3308924105001667,Visium,LAM4,LAM20,spot
TCTTGCGGCCTTAGTG-1,1,3,39,11610,4257,28170.0,7661,1.811882892844191,1.9559011495108964,1.1550867889175533,0.394790986159474,1.643086207572575,2.9343112010612447,2.129464949520483,Visium,LAM4,LAM20,spot
GGCGCCGTGGTTACAT-1,1,3,41,11611,4365,14856.0,5678,1.105053534770967,1.5900810662151128,0.5146953480403416,0.5146953480403416,1.105053534770967,2.8488132057269286,2.0232685776943478,Visium,LAM4,LAM20,spot
CCGGATCACTATGGCC-1,1,3,49,11614,4798,5538.0,3194,0.5731658629385338,2.530239940991702,2.7661351147046145,0.599262492024533,1.4783489764644493,2.8302916255403034,2.596316006528796,Visium,LAM4,LAM20,spot
ATTGCAATTATGGTTG-1,1,3,51,11614,4907,11992.0,4939,0.78448145360409,1.8851068207162105,1.7014982298510146,0.9227348399421832,1.6223956255060366,2.6236754889890537,1.8755668269717416,Visium,LAM4,LAM20,spot
TGCCAGTGCAGAGTAT-1,1,3,103,11630,7723,41267.0,8638,3.2129238305936836,1.428982449688741,0.9340590927200773,0.28551146596638666,2.494578948750015,1.8830404266076815,1.66794408740965,Visium,LAM4,LAM20,spot
GTATGTAGGCTTAAGA-1,1,3,105,11631,7832,24769.0,6993,3.1418867852088126,1.2184701393774087,1.5441610995279034,0.1369851165013289,2.406337873399595,1.503854572545535,1.693969330435283,Visium,LAM4,LAM20,spot
TCCTCAAGCGAGGTCC-1,1,3,107,11632,7940,13103.0,5298,2.828368555863954,1.6481800534261557,1.801065041818661,0.6057162797457766,2.3907234390807948,1.6234028839617831,1.8320837439359627,Visium,LAM4,LAM20,spot
GCGGTCCATCACGGCA-1,1,3,109,11632,8048,14928.0,5670,2.493280109639061,1.4545188059671736,1.9136426978111145,0.7106296367332504,2.2015026587272977,2.2137792588336644,1.7531762805727527,Visium,LAM4,LAM20,spot
TCGATCGTATAACGAC-1,1,3,111,11633,8157,16409.0,6099,2.4968113676991246,1.840862034112456,1.7577192119694618,1.0967675493474072,2.3749751978863443,2.2546444064195947,2.0217174604291643,Visium,LAM4,LAM20,spot
ACATTGAACTAAGCTA-1,1,3,113,11633,8265,15603.0,5945,2.0026987039995894,1.3732473671932606,1.4361582231526526,1.6364173933826005,2.3696499817984518,2.3721440770767726,1.7022571258035009,Visium,LAM4,LAM20,spot
TAGAACGATTGCCTCC-1,1,3,115,11634,8373,21548.0,6905,3.1067229099248475,1.5100615597341482,1.0080676676494638,0.38122719071745714,2.3190078790643986,2.1494311730070192,1.8463931963445845,Visium,LAM4,LAM20,spot
AATGGCTCCACGAATT-1,1,3,117,11635,8482,20130.0,6676,2.3657054811021254,1.6042581020680113,0.8612515751610689,0.4619040324534127,1.6042581020680113,1.8916155437843996,1.4990418329166182,Visium,LAM4,LAM20,spot
CACGAAGGTGAATGGT-1,1,3,119,11635,8590,15084.0,6056,1.7791472790100307,1.6182034136944838,0.8078316346569895,0.4716807014774008,1.5360599432287305,1.5825254773010786,1.7731348802039504,Visium,LAM4,LAM20,spot
AATTATCTAGATAACC-1,1,3,121,11636,8698,10877.0,5134,1.597398138758802,0.9411515079736658,1.7425302089458448,0.3491740666978418,1.3540383971785872,1.5427604869176599,1.3540383971785872,Visium,LAM4,LAM20,spot
GCGGTGGATGGCGACG-1,1,3,123,11636,8807,15882.0,6125,1.2321594222592855,0.9696697478809413,0.6649870974256533,0.2516934146368465,0.7428304400832065,1.5639931096528752,0.9144504802739846,Visium,LAM4,LAM20,spot
CATACCAGGTTCCTAA-1,1,3,125,11637,8915,10166.0,4759,2.213799491097303,1.8731179168169152,0.9064450581450654,0.16453877937920686,1.4912957723704017,1.9552905210654563,1.5710557223024126,Visium,LAM4,LAM20,spot
ATTAACGGAGTGAATT-1,1,3,127,11638,9023,1932.0,1336,1.1688466252431262,1.9756326167134286,1.2775926360630334,0.3856323655458011,1.07874754764167,2.350355972875779,2.170649586868351,Visium,LAM4,LAM20,spot
CGAGTCAACAATCTGG-1,1,4,0,11504,2145,28630.0,7842,2.952969142550169,1.6334572878789642,1.1578319393980119,0.6527623569490602,2.397736494753865,1.9028492624580189,2.0097904275521192,Visium,LAM4,LAM20,spot
TACAGCCTCGCATTGC-1,1,4,2,11505,2253,6739.0,3603,2.355116359039665,1.4149278192461476,0.6561912994610669,1.85567261780475,1.9366673879669651,2.554992063670205,1.9366673879669651,Visium,LAM4,LAM20,spot
GCACAGGCTCTACCAT-1,1,4,8,11507,2578,12125.0,5207,2.3992332446329714,1.711287116005482,1.1521367690838142,0.5156872638576747,2.13092811635662,2.461437515247153,1.7297378239185983,Visium,LAM4,LAM20,spot
GCTTCTGAACCGCTAT-1,1,4,10,11507,2687,19264.0,6378,2.3072963317179824,1.7446394212657272,0.8597819018106163,0.6886444580802175,2.0390687947585127,2.401161853585807,1.7911536656110543,Visium,LAM4,LAM20,spot
GTCTTGAAGATTCATG-1,1,4,12,11508,2795,7228.0,3976,2.0438012559494454,1.9583238848338431,1.532926133950446,0.5622643017590038,1.7350729645950254,2.301865409623652,2.0906882424003146,Visium,LAM4,LAM20,spot
GTACTTAGTTGCGAAT-1,1,4,26,11512,3553,17760.0,6084,1.7055667578592613,1.1441080288882446,0.6122595214208447,0.9100468732716478,1.2623691903008079,2.1298570109516937,1.3014305536011506,Visium,LAM4,LAM20,spot
CGTTAACGAGAAGGAC-1,1,4,28,11513,3662,10971.0,4856,1.6914337158258494,1.8810078322661672,1.0377958549407065,1.5360014157080901,1.1874576304309719,2.252057480128398,1.4327553350635636,Visium,LAM4,LAM20,spot
GGTGCATCCAGAACGG-1,1,4,30,11513,3770,24721.0,7320,2.8336374843034577,1.3744633948111484,0.9230394784971891,0.7434699970887702,2.366290220152993,1.719994242630943,1.6862311409326445,Visium,LAM4,LAM20,spot
TAAGATTAGATATTCC-1,1,4,32,11514,3878,18578.0,6335,2.5822180796152834,1.949992664394656,1.5038022425984752,0.2945604651484761,2.0958181747717113,2.1650707753271146,2.234648981119636,Visium,LAM4,LAM20,spot
CAATGCAGATCATAGA-1,1,4,34,11515,3987,16982.0,6203,1.799621990338042,2.019735669453823,2.444592417042722,0.2785371633505702,1.4442621281836743,2.7297397570784976,2.0692764015125404,Visium,LAM4,LAM20,spot
TAGACAATACTGGAAG-1,1,4,38,11516,4203,21135.0,6636,2.0831396194805207,1.6864515242778426,1.8441817688219635,0.44415738731111354,1.6254900734975046,2.8336956539589475,1.8987864451080856,Visium,LAM4,LAM20,spot
GCTCGGACCTTCAAGT-1,1,4,40,11517,4312,21054.0,6796,2.151704763482843,1.843664495028413,1.4779969116854006,0.4174912621914958,1.9787879576798164,2.8737386903305953,2.13077520762824,Visium,LAM4,LAM20,spot
AAGTCTTAATAGAACT-1,1,4,50,11520,4853,17115.0,6333,1.2539248967116818,2.278726926197241,1.709860753873865,0.932314427397182,1.810331672809066,2.7351664687922725,2.4811748926310444,Visium,LAM4,LAM20,spot
AAGCCACGCATAATGA-1,1,4,104,11536,7778,20083.0,6643,2.6041310727742895,1.5118974926749675,1.9423614180272528,0.4908679732055535,2.035993912370671,1.8554039037571388,1.9060157182775053,Visium,LAM4,LAM20,spot
AGCAACAGTATGTCGC-1,1,4,106,11537,7886,33181.0,7934,3.122328147815287,1.433797821385385,1.2702399246044975,0.26342316074247357,2.365003250452505,1.671424658817673,1.7287621418601642,Visium,LAM4,LAM20,spot
GAGTCACCGTCCTCCA-1,1,4,108,11538,7995,27166.0,7439,2.992287700770683,1.5356323087792823,1.2615066170315832,0.6437131235129083,2.375355942487653,1.982079822110166,1.83186560720131,Visium,LAM4,LAM20,spot
TACTAGTGAGACAATG-1,1,4,110,11538,8103,18966.0,6425,2.30645070808471,1.7932522558348567,1.677075864534067,0.9484782772536251,1.8466422222618897,2.0940838963559942,2.0355743866958407,Visium,LAM4,LAM20,spot
CTCAAGAAGCACTGTA-1,1,4,112,11539,8211,15486.0,6029,2.3860680233436997,1.7978753024987408,2.140863529951166,0.9941467178922554,2.0515971736438456,2.216965207482841,2.330450988535335,Visium,LAM4,LAM20,spot
CCAGGATACCGTTAGT-1,1,4,114,11539,8320,17884.0,6221,3.0392746594132336,1.3911472502980415,1.8534667383321792,0.7014390936379031,2.331757295053547,1.4275725253431826,1.9171100773412237,Visium,LAM4,LAM20,spot
AGCCGACCGATGTACA-1,1,4,116,11540,8428,18176.0,6556,2.8489414737588907,1.5087612460887005,1.3401593945835146,0.262438131531432,2.028426192353601,1.8288420866178923,1.6208818630229307,Visium,LAM4,LAM20,spot
TAGCTTAACTAGGTTC-1,1,4,118,11541,8536,14060.0,5797,1.3467606544657829,1.3090630131839005,0.6360724382257144,0.4586403324378809,1.2497101524478242,2.5350356029296233,1.573375790313232,Visium,LAM4,LAM20,spot
CCATTCTTACGCGTTA-1,1,4,120,11541,8645,15113.0,6151,2.2814552153726573,1.3971693089155466,0.9117944347327972,0.543390527034616,1.7855091377471006,1.6034383457315513,1.5522242271588436,Visium,LAM4,LAM20,spot
TACGGACACCTCCATA-1,1,4,122,11542,8753,7964.0,4224,1.6686662051100665,1.2911222933246245,1.2102563863529638,0.3761050593814145,1.6854311695338506,1.60467184313159,1.1119995920835986,Visium,LAM4,LAM20,spot
AACCATAGAATTCGAA-1,1,4,124,11543,8861,22105.0,7333,2.2477156413835404,1.000289205478011,0.9919356358917585,0.4282947828482713,1.6778847553601477,2.1178902176956496,1.2654459556969728,Visium,LAM4,LAM20,spot
CTGGTAATGAGCTCGT-1,1,4,126,11543,8970,10491.0,4693,1.3852350696561064,1.0991840439724219,0.4673430536842993,0.526640837755135,1.1457170502475587,2.8902993828379904,1.2187613964633477,Visium,LAM4,LAM20,spot
GATCACGGCGTCTGGA-1,1,5,7,11412,2525,25630.0,7311,2.8492933603476587,1.9526871997684865,0.9958351011656239,0.40318061032533614,2.2342887070692448,2.074176698751234,1.9867031592638826,Visium,LAM4,LAM20,spot
GCGATGCCTCTAAGTC-1,1,5,11,11413,2741,16546.0,6298,2.6660194444582967,2.489900405424368,1.7106971974264065,0.47273469643601945,2.5304124484337143,2.181194991577652,2.6705116212630577,Visium,LAM4,LAM20,spot
GGTAGTGCATGAAGTG-1,1,5,27,11418,3608,12587.0,5262,1.7907280174298401,1.7793016939802484,0.871428649464813,0.8938372451562656,1.7347505915925021,1.8187353520725995,1.7859829059467889,Visium,LAM4,LAM20,spot
GTGGTTGCACGCGGCA-1,1,5,29,11419,3716,20280.0,6911,2.483990479316221,1.9050764140697833,0.8827971769401595,1.3175992244494625,2.142383930207756,1.4165678182837278,1.7268263929462846,Visium,LAM4,LAM20,spot
ACCTGCACTAGATGGC-1,1,5,31,11420,3825,33213.0,7888,1.5921147306748729,1.755662766580626,1.1577865093613409,0.8270057806037923,1.3109731994677107,1.6706419881813057,1.6443379718481184,Visium,LAM4,LAM20,spot
CTTACGCAGAGGCTCG-1,1,5,33,11420,3933,25909.0,7530,2.8029838676106915,1.5404477978452527,1.268924947502073,0.42285806074490206,2.2704999249017246,1.7509809843102733,1.7866322946718523,Visium,LAM4,LAM20,spot
GGAATGCACCTCAATA-1,1,5,35,11421,4041,37120.0,8499,2.2477855291874542,1.2388114168229574,1.4186973947446886,0.7429258096121205,1.827698873626233,2.3272076162204494,1.5766876003248038,Visium,LAM4,LAM20,spot
ATGACCTCACGCACTG-1,1,5,37,11421,4150,18321.0,6458,2.741050533007106,1.856865824859691,1.8331467752467185,0.7139411357155504,2.239859239427379,2.1135558653858713,1.8221765565818684,Visium,LAM4,LAM20,spot
TGCGAATCCGGCTTGA-1,1,5,39,11422,4258,19258.0,6682,2.198502964370614,2.371201253523256,1.3827310567448607,0.5073490107718311,1.8543228350896803,2.1020786255538333,2.166085038499035,Visium,LAM4,LAM20,spot
TGGTCATCTAGGTCAT-1,1,5,41,11423,4366,19348.0,6910,0.8766666177164953,1.8194545402475828,1.840185311352466,1.089714335503043,1.6360397829839324,2.6578649494411466,2.2405821183364454,Visium,LAM4,LAM20,spot
TACGACTACCTTCCTC-1,1,5,103,11442,7725,10977.0,4895,1.7378523823987562,1.9346284882000269,1.901170257372246,1.6209853506287852,1.714694569186889,2.516683579081812,1.901170257372246,Visium,LAM4,LAM20,spot
TCTAGACGGTGGCTGA-1,1,5,105,11442,7833,19475.0,6645,1.9890317687673862,1.7799224645598573,1.3071872447414277,0.7515658054333217,1.73791805805245,2.102755578371207,1.8549733007714344,Visium,LAM4,LAM20,spot
ACGGTCGCATCTAGAA-1,1,5,107,11443,7941,38930.0,8524,2.718964938857284,1.449800851052332,1.0627867813858074,0.6227363420528884,2.107118176027584,1.9691956926619723,1.7716511183472872,Visium,LAM4,LAM20,spot
TAAGATTGCAAGTTCT-1,1,5,109,11444,8049,23775.0,7160,2.291816792123019,1.720021357877009,0.9867266555964211,1.2809710198871262,1.8586939086064622,2.180573888313621,1.8338004890994617,Visium,LAM4,LAM20,spot
GTGGCGGACATTCTCG-1,1,5,111,11444,8158,17143.0,6272,2.285770488836321,1.8510690219855301,1.8089646299973465,0.7229958545204848,1.9838637241270733,2.067207036292655,2.106410810020611,Visium,LAM4,LAM20,spot
GAGCCACTTATGCATT-1,1,5,113,11445,8266,25374.0,7072,3.2182378482056984,1.5230841149310568,1.2563036307567532,0.38237354529478024,2.5550846345026814,1.5568785349925833,1.9473504067502974,Visium,LAM4,LAM20,spot
ATGTGACATAGAGTCC-1,1,5,115,11446,8374,16233.0,5936,3.080486034272079,1.3438391983501197,1.86675222495892,0.44470276550740995,2.3486522247212207,1.4552345265080155,1.86675222495892,Visium,LAM4,LAM20,spot
TGAATATGGCCTGCCA-1,1,5,117,11446,8483,20962.0,6738,3.0936986518931477,1.8769922403425647,1.3816801637036644,0.36024818989732527,2.349606323087241,1.485887394229604,2.3323911915334725,Visium,LAM4,LAM20,spot
CAACAGTACGGCAATG-1,1,5,119,11447,8591,15323.0,6058,2.5080447431338646,1.6314863342848582,1.0844596623128941,0.5023581060736534,1.962662415238193,1.9890516375379022,2.060824825805294,Visium,LAM4,LAM20,spot
GAAGTAAGTTCCTCGA-1,1,5,121,11447,8699,12874.0,5602,0.7977872698807287,1.130514708790211,1.142976239803812,1.2844653880304817,1.3391379401177135,2.045356497252608,1.4589003958810705,Visium,LAM4,LAM20,spot
GGCAGCATCGAGAACC-1,1,5,125,11449,8916,13928.0,5631,2.731738307346305,1.276680765165854,0.8903394297064017,0.4621205690235756,2.134050878441541,2.056785911044966,1.5808599615680223,Visium,LAM4,LAM20,spot
TCTTGCACGTATGGAC-1,1,5,127,11449,9024,2031.0,1425,1.992036832151258,1.8588028515645214,0.8024143830867535,0.369912219733777,1.2418006606187766,2.947251022768811,1.4054354514533154,Visium,LAM4,LAM20,spot
GAATGACAACAGAATA-1,1,6,6,11318,2471,32857.0,8042,3.1260016253877185,1.7110558519234869,1.0522676207401978,0.3072533188018857,2.4256720321895515,1.650611185906682,1.9582597192160307,Visium,LAM4,LAM20,spot
CGGTCTGCGGACTCTG-1,1,6,26,11324,3554,13566.0,5737,2.3186119107460996,2.264312183518323,1.1076138660094192,0.9840657372546884,1.9311004071059246,1.6442468774041343,2.146592332300208,Visium,LAM4,LAM20,spot
TCGACCTGCAGCTCAG-1,1,6,28,11324,3663,17169.0,6386,2.0676390164720653,1.463240841022391,0.9277917012285024,1.2495088461699564,1.9825567930537344,1.9758499857473937,1.5807706690689074,Visium,LAM4,LAM20,spot
GAAGCTGCCTCGTGAG-1,1,6,30,11325,3771,20754.0,6863,1.7610164190949276,1.6563494517184754,1.010382441627879,1.1322249897553707,1.6745725264714313,2.0367143184930327,1.6968940846446174,Visium,LAM4,LAM20,spot
ACTTGAATGTATTGGA-1,1,6,32,11326,3879,31747.0,8082,1.9176316185570312,1.423085184078306,0.7242061073801327,0.6200735158889515,1.6735609536913627,2.0021290670150176,1.6204770181211616,Visium,LAM4,LAM20,spot
TACCTCAGCGGTTGAT-1,1,6,34,11326,3988,25650.0,7714,2.633412273982256,1.8030663252708388,0.8605760637732806,0.7242893020678759,2.0755352867127708,2.129113151477074,2.0816321230596544,Visium,LAM4,LAM20,spot
ACGGCCTGGCTAAGTT-1,1,6,36,11327,4096,22607.0,6875,2.379054406377311,1.6056442879023216,1.2006541706473062,0.49677024735756115,2.1358812005481695,2.3093608646573207,1.7878074642617015,Visium,LAM4,LAM20,spot
GTACGGTTAATGCAGG-1,1,6,38,11327,4204,16989.0,6320,2.3190089347322984,1.9631335565735726,1.7548372093941522,0.31814380830726774,1.9815594836471484,2.6141238809493594,2.314864445480192,Visium,LAM4,LAM20,spot
AGGAGTACAGTGCATA-1,1,6,40,11328,4313,4522.0,2816,1.166710367102277,1.5601212939224225,2.31471817659969,1.3901768871276319,1.5830875798356214,2.6835548760423467,1.7403342574206178,Visium,LAM4,LAM20,spot
GAATCATTATGAGCTG-1,1,6,42,11329,4421,29471.0,7949,0.4273647675579256,1.2461731027309197,1.3459349319443537,1.514555858540612,1.4406660280581178,2.4291434502609572,1.4703486086370747,Visium,LAM4,LAM20,spot
TCTGTACCTCACTCGC-1,1,6,44,11329,4529,5088.0,3033,0.9875451949771632,1.512428175993694,1.3732377958174629,0.4291950351502741,1.4336046947314485,2.548855374388274,2.032514322753607,Visium,LAM4,LAM20,spot
TAGTGCGTGGAGAAGT-1,1,6,46,11330,4638,674.0,563,1.9958733034608742,1.6958061548627639,1.8815694322898637,0.0,1.0489315203133447,2.3879548330931195,2.4954835532119155,Visium,LAM4,LAM20,spot
TAGACAGGATGCAATA-1,1,6,104,11348,7779,22849.0,7280,1.9281961375003147,1.4646860805211626,1.1764946842279187,0.5854160946119472,1.7021944942035285,2.285038136747818,1.7789492750739313,Visium,LAM4,LAM20,spot
TCTATTGATGCATGCC-1,1,6,106,11348,7888,26830.0,7772,1.5973961569516666,1.4881732358644022,0.5021409843194294,1.2254562281256955,1.8349193920992122,2.0741005553067673,1.6473245556879677,Visium,LAM4,LAM20,spot
CACTCAACGCAACGAC-1,1,6,108,11349,7996,24785.0,7267,2.8243863168076366,1.8056163496578788,0.6974751023675104,0.7764447908862079,2.3103619163775537,2.053064495626795,2.068054583244572,Visium,LAM4,LAM20,spot
AGGAGCTGCAAGGACT-1,1,6,114,11351,8321,13795.0,5583,2.9562669283992418,1.7297709540976767,1.1833557824341538,0.4656819711286296,2.2435743367350662,1.9517269204639631,1.9813138770992067,Visium,LAM4,LAM20,spot
GCTGTCTAATTGGCAA-1,1,6,116,11352,8429,24514.0,7146,2.963046739437586,1.6171101270481492,1.176688723866348,0.4181732452558605,2.515359330368811,1.677331125009222,1.9336911363608869,Visium,LAM4,LAM20,spot
GTAACACTGTACCACG-1,1,6,118,11352,8538,16170.0,6186,2.9910344462339475,1.7404770244165573,1.6437228167184919,0.40944884180984875,2.2269441449010965,1.633713123918585,2.2101279821721276,Visium,LAM4,LAM20,spot
TAATGGCAGATGTCGG-1,1,6,120,11353,8646,12966.0,5468,1.8899581536401737,1.7679553250133673,1.0408820806040406,0.9051821856407685,2.0094483022055605,2.1194858159920145,2.208065900600605,Visium,LAM4,LAM20,spot
CTAGTTGTCCACGTCA-1,1,6,122,11353,8754,10114.0,4816,1.6284874932227498,2.4577296571268996,1.5226026933687073,0.7317007980840735,1.7823221568473895,2.130070931729292,2.8656920536222783,Visium,LAM4,LAM20,spot
TAGCGTGGCGCAAGCC-1,1,6,124,11354,8863,10935.0,4989,2.774077749609078,1.5958109636986613,1.3200167886996803,0.8809992720830089,2.2469747419662816,2.0220612037571875,1.8697953106352176,Visium,LAM4,LAM20,spot
ACCTAACAATCTTCAA-1,1,6,126,11355,8971,3994.0,2512,2.1413908034615363,1.8730725071657732,1.0570319250919262,0.37516279346354353,2.399260025989908,2.2786145531466433,2.17750206701086,Visium,LAM4,LAM20,spot
AGATAGGTGAATTGCC-1,1,7,5,11223,2417,19580.0,6608,3.012323769617831,1.6754436916576203,1.153915238772599,0.500783729616194,2.202092970761576,1.7372413209482829,1.936895466732035,Visium,LAM4,LAM20,spot
AACGCACTGGTGCTCG-1,1,7,27,11230,3609,39077.0,8793,3.173259827972606,1.482407992436817,0.6395710341387042,0.5827624623879946,2.4609573248799324,1.3826774347654434,1.7793783729947017,Visium,LAM4,LAM20,spot
TACCATTGTCCGCCTT-1,1,7,29,11230,3717,28146.0,7813,2.170838419289354,1.2987402117130356,0.587455005655262,0.8294093650547452,1.6523196048269684,1.8909151711431602,1.4022608647250654,Visium,LAM4,LAM20,spot
GTCGAGTGCTCCTTCG-1,1,7,31,11231,3826,20500.0,6784,2.438248357904598,1.3037077701106166,0.47608267532211773,0.7668591287886466,1.9511230192438465,2.0474305482817847,1.5121746070088935,Visium,LAM4,LAM20,spot
ATCAATGGTTGTACCT-1,1,7,33,11232,3934,18805.0,6871,2.1601837834396416,2.1080434684533036,1.0966605492266892,1.0080854743796992,2.0079124106816995,2.090667402764538,2.504195618848553,Visium,LAM4,LAM20,spot
CATCCTTCGACTAAGT-1,1,7,37,11233,4151,17586.0,6523,2.046708648344951,1.6391965447655321,1.7995007612153733,0.6306323264745103,1.8111873967814713,2.4105998789318908,1.7757096004557917,Visium,LAM4,LAM20,spot
AACGACATTAAGATGG-1,1,7,39,11234,4259,18888.0,6432,2.025531878436932,1.9733042172544417,1.6168016693476637,0.42489948419194484,1.5203219774919543,2.967437954588539,2.145284603846201,Visium,LAM4,LAM20,spot
TCCAGTCACGGTGGCT-1,1,7,43,11235,4476,15913.0,6002,2.5105342979086482,2.4635068827268225,1.671542285097987,0.3364020473222773,2.13563897597154,2.2272317577376546,2.825390453867921,Visium,LAM4,LAM20,spot
CTGACTGGTCTACCTT-1,1,7,45,11235,4584,4429.0,2682,2.6549677041484214,2.2113735242973895,1.090450828720691,0.5994049738234671,2.4617035760380537,2.4123634715439923,2.838326886184607,Visium,LAM4,LAM20,spot
ATCCACGAACGTTCGG-1,1,7,103,11253,7726,27963.0,7685,2.577100181888706,1.603325502899141,0.8695176287321398,0.576754829733766,2.1671585875657744,2.23477293227889,1.8986904707996004,Visium,LAM4,LAM20,spot
GGATCTTCTAAGCGAA-1,1,7,105,11254,7834,31324.0,7994,2.8147236804487403,1.626555287813074,1.1102709588582218,0.5455485141398816,2.1906692770775265,1.9701917014658643,1.8417286208204386,Visium,LAM4,LAM20,spot
TCTGCGAGGTGCACGT-1,1,7,107,11255,7942,27403.0,7415,2.7470748655945565,1.559977158911254,0.7820740908880918,0.42578909538855153,2.2104203461191396,2.0240112640414964,1.8886894816134907,Visium,LAM4,LAM20,spot
CCATAGTAGGTGCTTG-1,1,7,117,11258,8484,12505.0,5294,1.8514865682478379,2.033050037807516,1.9311794609161252,1.086152055770578,2.0011341327819836,1.9455673702585383,2.2403523215407595,Visium,LAM4,LAM20,spot
CGTAACTAACAATCAT-1,1,7,119,11258,8592,10372.0,4742,2.486461827949105,2.355645048053762,1.4191090645161313,1.1325516258998576,2.1224439571993146,2.1462101476030284,2.848957270250718,Visium,LAM4,LAM20,spot
GCGTCTGGCCTGCAGC-1,1,7,121,11259,8701,6963.0,3802,2.43916547339978,2.453381844228182,1.4840756017706498,1.0395143276496883,2.352762584867035,1.7961778616754112,2.731872564308306,Visium,LAM4,LAM20,spot
GTCAGGTGGCTCACCT-1,1,7,123,11259,8809,12292.0,5312,2.8821067658071153,1.5902507806800446,1.2056472883503344,0.8776333602952485,2.2974629833663185,1.771764828705154,2.2009598638554277,Visium,LAM4,LAM20,spot
GCTCTGACTCGACTTA-1,1,7,125,11260,8917,6868.0,3605,2.6755448872660486,1.6804710230961888,0.7381305685246147,0.5079199397347091,1.8370676003005861,2.1708215574285155,1.6804710230961888,Visium,LAM4,LAM20,spot
GCGGTGAATCCTGTTA-1,1,7,127,11261,9026,1069.0,853,2.567044222728928,2.1381383724225227,1.205561812465115,0.9935572448958614,1.9237500745761817,1.9791180365896037,1.5058428056152875,Visium,LAM4,LAM20,spot
GCAGATAGTTGGAGAC-1,1,8,6,11129,2472,27511.0,7457,3.21223872780155,1.5795979467557504,1.239406749677289,0.2603635724764231,2.4920870175616026,1.690552064650825,1.7914262136512713,Visium,LAM4,LAM20,spot
CGCACGCATAATGGTG-1,1,8,8,11130,2580,11605.0,5313,1.1680741965809873,1.79140036411413,1.4167395659214694,0.48654673624114897,1.3630843843405072,2.453381844228182,1.6488077544266901,Visium,LAM4,LAM20,spot
ACCTCCACAGCTACGT-1,1,8,26,11135,3555,22195.0,7322,2.601705854183303,1.9702628275958969,1.574782567471896,0.6424346923239314,1.891891200040568,1.758872439274323,1.9811956534279676,Visium,LAM4,LAM20,spot
TCCTAAGCGGTTCATC-1,1,8,28,11136,3664,28853.0,7906,2.351976529989625,1.5493594451253978,0.5765093835749951,1.3525302929620886,1.9490344255243137,2.0413023954802267,1.5621587539040502,Visium,LAM4,LAM20,spot
CTGTTATGGCCAGCGG-1,1,8,30,11136,3772,19210.0,6584,1.9278794744919308,1.4659365561318731,0.5398637282608056,0.8231853035765111,1.5767383163231359,2.0386909411636895,1.521451188906095,Visium,LAM4,LAM20,spot
CTCACCGAGGATCCGC-1,1,8,32,11137,3880,25361.0,7378,2.88158372620801,1.5572829991671853,0.8029907516478427,0.6769377830325878,2.2745996354175895,1.8545545415755675,1.8442149627556788,Visium,LAM4,LAM20,spot
TCATTACGGCACAGTA-1,1,8,36,11138,4097,11162.0,5221,0.7663359791002966,2.163864536158587,2.0142697196494135,0.5017210852167951,1.242342053133258,2.6168023158448404,2.415094337011693,Visium,LAM4,LAM20,spot
AGCATAATTCCAGATA-1,1,8,38,11139,4205,8497.0,4340,1.649266929372742,1.929262310850155,2.343255493112834,0.4958771273818109,1.5737857332740877,2.499829466756685,2.1403776436177053,Visium,LAM4,LAM20,spot
CAAGTCTTGGCGATAG-1,1,8,44,11141,4530,43834.0,8725,2.980970848755637,1.8573539754833026,1.295288905510015,0.7114634373097474,2.385709516881377,2.0645848008170065,2.367169239773235,Visium,LAM4,LAM20,spot
TGTAGGAGCTTCAATA-1,1,8,102,11159,7672,31374.0,7889,2.672626669283017,1.6920164961597004,1.0127071801627434,0.5615420727998325,2.1151789159667382,2.2171221494372966,1.8082501041872339,Visium,LAM4,LAM20,spot
CTATCGTATGGTGATG-1,1,8,104,11159,7780,45960.0,8921,3.115312359054877,1.713335217128526,0.9036788989178662,0.4407301134680969,2.3685912051002864,1.6358908461543196,1.9078649227895512,Visium,LAM4,LAM20,spot
AGAAGCTGGCCTAGTG-1,1,8,106,11160,7889,37424.0,8285,3.265527201146934,1.4801362475268844,0.8484576346664471,0.1977230902459268,2.6691161790708486,1.5655799854530223,1.7303702283515041,Visium,LAM4,LAM20,spot
GCACATCGTCTGCGGA-1,1,8,118,11164,8539,18999.0,6613,2.3123594890404706,1.9154183061912382,1.4250488479566545,1.5842846192667281,2.147822790474158,2.1033241987948816,1.944073780934587,Visium,LAM4,LAM20,spot
CTCATATTACTATGGT-1,1,8,120,11164,8647,8067.0,4200,1.5133159845969884,1.9564443501891309,1.3722190721832956,1.3095811002306568,1.8104871832406457,2.203595162484303,2.203595162484303,Visium,LAM4,LAM20,spot
GTCGCAGTATTAGGAT-1,1,8,122,11165,8755,11919.0,5243,2.7095975512748924,1.5277256069304395,1.6064802750418878,0.6498580695161844,2.3045045517764815,1.7499498066809702,1.8315775200795728,Visium,LAM4,LAM20,spot
GCCTGGACAATGTATC-1,1,8,124,11166,8864,16579.0,5920,3.111545111847613,1.448595815569787,0.7565673221561104,0.437182619166746,2.27685735289032,1.6334825174533179,1.917736563962676,Visium,LAM4,LAM20,spot
TAGATGTCACGGTCGA-1,1,8,126,11166,8972,3591.0,2352,2.355905809230333,1.4682631094504688,1.3309770937292644,0.5650151529141255,1.7093197885683875,1.8824345681207493,1.7093197885683875,Visium,LAM4,LAM20,spot
TAATACCATTCTAGAT-1,1,9,5,11034,2418,20004.0,6846,2.3165894660987916,1.8162846216121893,1.4613641780910351,1.0832125265513264,1.8906805800931958,1.945738740073063,1.9185885373539295,Visium,LAM4,LAM20,spot
GGTAGGCCACATGCAA-1,1,9,7,11035,2527,12618.0,5557,1.8258354855778183,1.891134441970735,1.4743519756282415,0.4083476386715595,1.6410766427433152,2.246388427373229,1.9520277567662634,Visium,LAM4,LAM20,spot
CATAGCTTGACAACGG-1,1,9,25,11041,3502,34831.0,8350,3.1507181843252305,1.6018064435809956,1.192953687428641,0.2109903736758058,2.4498694162109635,1.7716774540508113,1.8480213553571505,Visium,LAM4,LAM20,spot
GTGGATAATCATAATC-1,1,9,27,11041,3610,30771.0,8280,2.22109133607526,1.5485804956571736,1.1737959891785137,0.9189797311745346,1.7137507897180968,1.98553902923223,1.5891894413946692,Visium,LAM4,LAM20,spot
TCGGTAATAGCGGTTC-1,1,9,29,11042,3718,16553.0,6209,1.531415957129602,1.594685761359448,0.5625543939116414,1.7348717420876723,1.4982136987819223,2.2782659079221923,1.5149526203716526,Visium,LAM4,LAM20,spot
GGACTCACTAGAGCCG-1,1,9,31,11043,3827,22977.0,7204,2.1644227571667836,1.5657775374252074,1.3706019591639362,1.3880327314529282,1.717356844678318,1.9488363303065592,1.5239992040743613,Visium,LAM4,LAM20,spot
CTGCATTGAGGAGCCG-1,1,9,37,11044,4152,15499.0,5754,1.4412593696341753,1.839066615826034,1.5148230196055466,0.5994776955016289,1.6780530538163332,2.9192837792805806,1.8693722714859564,Visium,LAM4,LAM20,spot
TACACTCAGTAGAATG-1,1,9,45,11047,4585,14904.0,5820,0.9667846883961206,2.141801261806867,1.3911136475558394,0.8766838611188735,1.326468283103887,2.890242527463212,2.0315291121564147,Visium,LAM4,LAM20,spot
TACAAGTGGTCTGAGG-1,1,9,101,11064,7618,54012.0,9266,3.143757196279768,1.435796635421508,0.6432093907794909,0.3975048558601345,2.454944090321095,2.008104513900752,1.7602249576397329,Visium,LAM4,LAM20,spot
GAAGTCCAATCGTGTT-1,1,9,103,11065,7727,44761.0,8739,3.2807706815562376,1.321203122902029,0.5932477233508656,0.3552292570838703,2.532849629570732,1.6501060111515196,1.7091072343260252,Visium,LAM4,LAM20,spot
AGTGTAGCTCTTATCT-1,1,9,105,11065,7835,36593.0,8036,3.449664581473391,1.63973428863721,0.6535263108373354,0.49830303615571886,2.7766029401584436,1.5833843234882028,1.8822101044371689,Visium,LAM4,LAM20,spot
CGTAATGTTATCGCCG-1,1,9,117,11069,8485,27632.0,7441,3.364462230535614,1.4314382131363024,0.9134203742982616,0.4442362565418687,2.6602453648872197,1.530176601764451,1.8747153940617167,Visium,LAM4,LAM20,spot
ACAGGAGTCATAATGT-1,1,9,119,11070,8593,15923.0,6111,2.101374052658273,1.7531866652093515,1.3820619668068157,1.4068366281435927,1.9633595877232766,1.9559853363418802,2.087564898065973,Visium,LAM4,LAM20,spot
ATGTCGCATGCCATAC-1,1,9,121,11070,8702,11718.0,4933,1.8696560901499792,1.484679762273118,1.0344112729139192,1.836651433606373,2.2090637202394237,2.1933229984565785,1.6409881783638645,Visium,LAM4,LAM20,spot
ACTACCAACTGTGGCT-1,1,9,123,11071,8810,14455.0,5909,2.4402457898720438,1.7532671889620715,1.2044223746480343,0.8418745458175463,1.9656769260179114,2.054472530350634,2.1825901698177814,Visium,LAM4,LAM20,spot
TAGTTCGAAGACATGC-1,1,9,125,11072,8918,11118.0,4965,2.7746825505455583,1.3783024459108626,1.573319416065785,0.3991820213677447,2.33521822648813,1.807770597479194,1.8380423310348688,Visium,LAM4,LAM20,spot
GGACCGGCTAAGTAGA-1,1,9,127,11072,9027,1346.0,1021,1.9971564398819563,2.216194892749168,1.0498964159440518,0.8547572816910757,1.7304845617275033,1.97285579717085,1.5506874619384676,Visium,LAM4,LAM20,spot
CTATCCGTACGTTGGC-1,1,10,4,10940,2365,19078.0,6247,0.6797819380220133,1.4712440868126568,0.9945593862595402,0.8678929465651678,0.9448750304931478,2.6889097579801597,1.8206900952521372,Visium,LAM4,LAM20,spot
CTTCTGAGGTCGCATA-1,1,10,6,10941,2473,14063.0,5721,2.515870067760785,1.9214569913418558,1.8597341797354952,0.677862204624814,2.1041029353806957,2.0483784620253473,2.0483784620253473,Visium,LAM4,LAM20,spot
TAACCGTACCATCCTG-1,1,10,24,10946,3448,45273.0,9068,2.9844178713917313,1.7566751177001174,0.7174448208781087,0.4068008875587279,2.4246817218631285,1.8050525042069272,1.8878096652046583,Visium,LAM4,LAM20,spot
GAGTGCGTACTGTAAC-1,1,10,26,10947,3556,32997.0,8204,3.0810430790637513,1.662621409443495,1.062678185137612,0.6321346211102323,2.397977921524801,1.7662579964995357,1.791835230821509,Visium,LAM4,LAM20,spot
TAGTGCACATAGTCTG-1,1,10,28,10947,3665,13432.0,5474,1.6790738171546837,1.4529617194989422,0.8737673702617188,1.5944251382448422,1.4913905476230922,2.402487021135676,1.664081751854993,Visium,LAM4,LAM20,spot
CCTAATCAGGCCATTA-1,1,10,30,10948,3773,16740.0,6190,1.9047457247945854,1.7119988139019855,0.9718282921527501,1.6239299820699382,1.5387795482810775,2.247364500975428,1.7542259023335078,Visium,LAM4,LAM20,spot
CGGCACTCTAGCGGAA-1,1,10,36,10950,4098,28333.0,7909,2.2428634458500136,1.7578676539278375,1.964651301050567,0.22847930031871075,1.8604354240292795,2.63485771797179,2.2482015434665374,Visium,LAM4,LAM20,spot
TATCCGATCTTGGCGG-1,1,10,46,10953,4640,8279.0,4083,0.9372623185493074,2.400198562034775,1.8137606951335201,0.5061192251307475,1.3912043792679634,2.403843717836811,2.62710587787807,Visium,LAM4,LAM20,spot
ACCTGCCAGAGGATCT-1,1,10,104,10971,7781,17205.0,5935,2.8587895568127806,1.9272203660123175,0.8042886872595734,0.6683921502334053,2.3599323875709,1.960499923181271,1.863924674458497,Visium,LAM4,LAM20,spot
ATAGAATTCTACTTGA-1,1,10,116,10975,8431,10517.0,4809,2.3650197882480546,1.7983145910665106,1.3173914759398007,1.0946454730245316,2.095722191050034,2.0760404680762377,1.8482159509645422,Visium,LAM4,LAM20,spot
GTTCTGGACACGCAAC-1,1,10,118,10975,8540,14387.0,5863,2.2129088553068796,1.6157017042032553,1.6260093735978742,1.278353487325291,1.8942347534146464,2.0877277067430398,1.9326962993463173,Visium,LAM4,LAM20,spot
AGTGTAAGCCGAACAA-1,1,10,120,10976,8648,10533.0,4504,1.2358513157955773,0.6675201621189568,0.6047106928830631,2.0228012273589395,2.1917877118175864,2.304510514359712,1.846935371281897,Visium,LAM4,LAM20,spot
CTTCAAGACGCAAGTG-1,1,10,124,10977,8865,10608.0,4810,2.4995939236445226,1.8521178857986746,0.831251904221412,0.6189548246711383,2.102666167839707,1.7963575628536814,2.0433776053652855,Visium,LAM4,LAM20,spot
CACCTCGAAGCGCTAG-1,1,10,126,10978,8973,3530.0,2202,1.7675237197493825,1.1836544633357622,0.5354491397938886,0.9342080586445165,1.842391544113878,2.2996535102051077,1.8969783317940656,Visium,LAM4,LAM20,spot
TCCACGCTGAGTACTT-1,1,11,1,10845,2203,15952.0,6098,2.6186156428225154,1.9027959224613389,1.509883533126662,0.45100650401626335,2.303725365404594,1.6034689466552907,2.2638036013227474,Visium,LAM4,LAM20,spot
GCCGATACGGTATCAG-1,1,11,3,10845,2311,14150.0,5938,2.205713877133087,1.8406057202199027,1.1657974809580558,0.7684590534971433,1.9840430187507574,2.158260342217524,1.9469192308765584,Visium,LAM4,LAM20,spot
GGAGATGTGCCATAAC-1,1,11,5,10846,2419,33561.0,8225,2.879969711933523,1.8172310897620763,0.9703269015833111,0.4674565127655128,2.2346292399648267,2.1573009939224503,2.0513894179574454,Visium,LAM4,LAM20,spot
TCCATGTCGGACCGAC-1,1,11,7,10847,2528,6562.0,3515,1.989709128502934,2.1540419471031584,1.299338398072423,0.34756482967583296,2.0117893698689855,2.1830823533434573,2.0117893698689855,Visium,LAM4,LAM20,spot
GTTCCGTACCTCCACT-1,1,11,23,10852,3394,24330.0,7315,2.6785185254964343,1.564720823033244,1.082592059291279,0.26153326617224243,2.0842593460886976,2.0159345931427923,1.6898030569744473,Visium,LAM4,LAM20,spot
TGCTTAGCCTGTTGGT-1,1,11,25,10852,3503,26327.0,7592,2.543232259013415,1.494369879656922,1.0806759629603664,0.6587265804629499,1.9702362234177269,1.8433607016626767,1.6626335251074322,Visium,LAM4,LAM20,spot
CTGGTGCACCATACCA-1,1,11,27,10853,3611,16635.0,6188,2.519445042353863,1.5144102295437225,1.2469493741872517,1.225118259182237,2.0298000233266724,2.04287535245389,1.958200663515808,Visium,LAM4,LAM20,spot
ACTCGATAAGACCAGG-1,1,11,29,10853,3719,13002.0,5290,0.792361216537209,1.624581852815324,1.2247973763903874,1.7739945903523289,0.7671727444134565,2.4207975999573543,1.7590559541880717,Visium,LAM4,LAM20,spot
GGATCGAGTGTCCACT-1,1,11,37,10856,4153,14678.0,6036,1.547230712233864,2.4936231492090446,1.9525259443303915,0.6570194507550136,1.7671599621728749,2.20408456350104,2.9780957139538895,Visium,LAM4,LAM20,spot
CGACCAGAACTGTCAT-1,1,11,45,10858,4586,5444.0,3166,0.23302424960383727,2.2459797526146206,2.201257580052876,0.7742323868321948,0.5240370125948166,2.7336484008286575,2.3863061006129938,Visium,LAM4,LAM20,spot
CGGCTTCTACGATATG-1,1,11,83,10870,6644,36.0,35,3.7057989999725383,0.0,0.0,0.0,3.5757729663414546,0.0,3.5757729663414546,Visium,LAM4,LAM20,spot
GTGACAGCCTAGCCTC-1,1,11,117,10881,8486,17228.0,6315,2.60425475489387,1.4871928820742655,1.2221146479384328,1.511928892526409,2.0751078089107504,2.302283213209571,1.664081751854993,Visium,LAM4,LAM20,spot
CTACTGAGTGACGGAC-1,1,11,119,10881,8594,9237.0,4278,0.3811536536322807,1.858329189048329,0.9646632335552082,0.9832437381394507,1.446403021564652,3.0796083652467847,1.6213189845879283,Visium,LAM4,LAM20,spot
TGAATACAGACTGCTC-1,1,11,123,10883,8811,13110.0,5348,2.56390942915641,1.7718576760692608,0.6696076024358254,0.6054736709114988,2.074471162492919,1.8666450499268474,2.098144268754017,Visium,LAM4,LAM20,spot
AGCAGGATAGGTCTCC-1,1,11,125,10883,8919,12283.0,5104,2.7507520525938123,1.3893630014387772,1.1103212661257313,0.6355951189016836,2.094781635569477,1.8605943260542945,1.603198508944034,Visium,LAM4,LAM20,spot
GTCTGAAGGCCTTAAT-1,1,11,127,10884,9028,869.0,673,2.221334740964092,1.723300730917309,0.0,1.1289051469268216,2.1031794198384812,1.5760520802977676,1.9100964152929425,Visium,LAM4,LAM20,spot
AACGCATGCCTCAATA-1,1,12,0,10750,2149,50350.0,9525,2.9862463688147685,1.5672495429419306,1.3429140654896656,0.6621117085473619,2.420654968231845,1.8451993051062874,1.947044418282268,Visium,LAM4,LAM20,spot
GAGGTTAGATCGAAGA-1,1,12,2,10751,2258,21333.0,6943,2.8413358565716598,1.5968715907873425,1.0560628645740082,0.4678765128929094,2.4102618665377116,1.7519264757721544,2.2570458615653135,Visium,LAM4,LAM20,spot
TGGCTCACTCAATCAC-1,1,12,4,10751,2366,21979.0,7148,3.0044019208437995,1.7219261570536466,1.0762521373581118,0.4826896555456015,2.424264255167013,1.8051045670287686,2.0499900520294227,Visium,LAM4,LAM20,spot
CAGAAGATTAGAATGG-1,1,12,6,10752,2474,40367.0,8811,2.9923981540137827,1.9128025952418464,0.8196042244849726,0.593737395727052,2.3005938631674554,1.5596580843833183,2.1320118277337547,Visium,LAM4,LAM20,spot
ATGATTGATTCCGAAT-1,1,12,22,10757,3341,16427.0,6367,1.3971772777791962,2.234298561316322,1.2559321579693066,0.913973678004613,1.5536328806988333,1.9144433454057166,2.1439795872283245,Visium,LAM4,LAM20,spot
TAATCGCAATGTAATA-1,1,12,24,10758,3449,25958.0,7581,1.7365790254126214,2.066325232833686,1.023070995819078,0.8611342903802864,1.6466296256269535,1.9779636660930986,1.955505911197597,Visium,LAM4,LAM20,spot
GGCCATGCTCCTCGTG-1,1,12,26,10758,3558,25744.0,7409,2.6882816671607417,1.5700133251748591,0.7498890136155109,0.6327697173040461,2.090508878857255,1.6747724187423672,1.5760559317223417,Visium,LAM4,LAM20,spot
CACCTCGAGGACTCTA-1,1,12,28,10759,3666,13791.0,5354,0.6587032562802924,1.6070567169367174,0.6452104698027213,1.1759593298856774,1.1835569805794413,2.049973948146947,1.833709099789235,Visium,LAM4,LAM20,spot
GTAGTCCATTGTTCGT-1,1,12,38,10762,4208,13602.0,5743,2.0708741629862946,2.206849885369002,1.5618909099343758,0.7898344298287946,1.9551932866607669,2.259382143751014,2.47954997678328,Visium,LAM4,LAM20,spot
CTGATTACAATGTCCA-1,1,12,44,10764,4532,9435.0,3975,1.5333958220879946,2.038263429173101,2.2350107017018144,0.5154974513888576,1.4916946216158613,2.2490859256246956,1.398016589519834,Visium,LAM4,LAM20,spot
TAGGTCTGCCTCTGTA-1,1,12,46,10764,4641,3039.0,1814,1.4564163525066791,2.222067884257693,1.848006471307447,0.6404973833778149,1.4564163525066791,2.688571750716463,2.222067884257693,Visium,LAM4,LAM20,spot
AGTTAGAAGGACGAAT-1,1,12,78,10774,6374,18.0,17,0.0,0.0,0.0,0.0,0.0,0.0,4.254824377101007,Visium,LAM4,LAM20,spot
TCGTATCAACAGCACC-1,1,12,80,10775,6482,25.0,24,0.0,0.0,0.0,0.0,0.0,4.214593690373678,0.0,Visium,LAM4,LAM20,spot
GCAACATCAGTCAAGT-1,1,12,92,10779,7132,33829.0,8197,2.1519081288522024,1.7610169086924412,1.0464509929404024,0.27950686157361754,1.8783318595102074,2.347495322786465,2.211469302865065,Visium,LAM4,LAM20,spot
ATTCACATCGTCACAG-1,1,12,94,10779,7241,9845.0,4529,1.592875477331028,1.853707665285712,1.1090536095295245,0.9072281365130836,1.6944920680523938,2.499235529103865,2.045018847595674,Visium,LAM4,LAM20,spot
TACGTGTTGCCACTGA-1,1,12,124,10789,8866,7624.0,3813,2.933906304565725,1.5417184016675003,1.0877101233622612,1.21929881107509,2.4972471209847478,1.2251529980710878,1.7211163085660228,Visium,LAM4,LAM20,spot
CTACCTGTGCGATGTA-1,1,13,1,10656,2204,35087.0,8523,2.692036712625638,1.8085517829646907,1.0969578870128798,0.4510830621602562,2.2602829420117225,1.6539497309544626,1.988662293529112,Visium,LAM4,LAM20,spot
GGTAGTTGAAGTCCAT-1,1,13,5,10657,2421,47128.0,9118,3.1397405470188904,1.5593500130039457,1.250821078912642,0.3804589223906268,2.49211621197357,1.6157327755108488,2.032202859640472,Visium,LAM4,LAM20,spot
TGCGAACATATCGGCT-1,1,13,7,10658,2529,24001.0,7299,2.7762629860768966,1.9156608396106878,1.1427336964306507,0.5852397592319075,2.2931284113689165,2.1481661013155056,1.9443852409393052,Visium,LAM4,LAM20,spot
AGTGTCTGAACTGTGG-1,1,13,23,10663,3396,30213.0,8259,1.594226174891638,2.1722609813840115,1.0368817090213034,0.9418214598419974,1.7214074607079675,1.8132342187989003,2.3249492332937667,Visium,LAM4,LAM20,spot
AAGATTAGGCTGTCTA-1,1,13,25,10664,3504,21103.0,6909,1.1737015205489423,2.0264021476455034,0.908594031794668,1.357451476035243,1.4896472237817904,1.774378995787101,1.797547547803856,Visium,LAM4,LAM20,spot
ACAATACACTTCCATC-1,1,13,27,10664,3612,12970.0,5233,1.6458629873350732,1.8558400983478416,0.9329590587552872,1.5654773091651448,1.30793681718562,2.179128708239408,1.9143568489362306,Visium,LAM4,LAM20,spot
ACTGTAGCAGCTTCTG-1,1,13,37,10667,4154,24459.0,7667,1.7660591484878232,2.20323922442276,1.722683364616024,1.063180425900627,2.0136293313220275,2.295208236280814,2.600453668895511,Visium,LAM4,LAM20,spot
GTGACATATGCTAGAT-1,1,13,45,10670,4587,38697.0,8314,1.969224015518917,1.9303511048796682,1.720427951417023,0.46204300067420057,1.6730699448443422,2.4834692440251405,1.9516820221226603,Visium,LAM4,LAM20,spot
CATGCATATTCTGCCT-1,1,13,73,10679,6104,17.0,17,4.44304663061823,0.0,0.0,0.0,0.0,0.0,0.0,Visium,LAM4,LAM20,spot
GTACAGAACCGATTAT-1,1,13,89,10683,6970,27840.0,7899,1.6201358218178272,1.562671561042327,0.9089361670344847,1.2092878082402008,1.8186340748313108,2.102169792757392,1.8889509329922518,Visium,LAM4,LAM20,spot
ATTCATAGTTCTAACT-1,1,13,91,10684,7079,42064.0,8717,3.1903871231246272,1.2584523447370637,0.886407799512074,0.3129151574585435,2.587965641068955,1.6562397100044868,1.8895577047048437,Visium,LAM4,LAM20,spot
CTTGGACTTGTCTGTC-1,1,13,93,10685,7187,48636.0,9034,3.2211234820413517,1.5694003512352785,0.9021772938118788,0.3176057867886149,2.6283259082463784,1.631625982099618,1.9803631682563985,Visium,LAM4,LAM20,spot
GACAAGCCTCGTTAGT-1,1,13,95,10685,7295,18600.0,6494,2.8931839801253716,1.8525949058444695,2.4640819950232826,0.21863683260578004,2.374405504438177,1.9591351637812002,2.355463152483145,Visium,LAM4,LAM20,spot
CTTAGTCTTCGATGTC-1,1,14,0,10562,2150,27867.0,7958,1.477828825306128,1.5619054348146768,0.9262812101928777,0.7916486735175616,1.4526630102974107,2.3465682679370268,1.6518183861565408,Visium,LAM4,LAM20,spot
CTCAACATCCAGATTG-1,1,14,2,10562,2259,11641.0,5104,2.180870861712164,1.844668586582889,0.676210470943764,0.8107089257274022,2.03568603649766,1.9271724005964195,1.868154555228204,Visium,LAM4,LAM20,spot
TCGCGGAGTTAGACTT-1,1,14,4,10563,2367,27236.0,7846,2.8812726802496007,1.7532082337897283,1.105053534770967,0.47050918241591844,2.164515798644522,1.7208923207182674,2.1905198183825014,Visium,LAM4,LAM20,spot
CGTGAGGCCTACAAGT-1,1,14,6,10564,2475,51666.0,9195,3.223302420495807,1.5550940902049701,0.7365532217782955,0.4122887829634552,2.601506174410407,1.9731956765604446,1.9319998446851336,Visium,LAM4,LAM20,spot
TGGACTGACGTACCAC-1,1,14,22,10569,3342,45754.0,9252,2.7134699332771945,1.7209368253895412,0.7894026826783386,0.551097776512883,2.2451556278669114,1.8260024830326602,1.8097373841692823,Visium,LAM4,LAM20,spot
AACGGCACAGAATATT-1,1,14,24,10569,3450,40545.0,8806,3.1163265680526213,1.7763288222455644,0.7466300848800913,0.7197031649490575,2.4354117731914773,1.493567585783694,1.8746534351384474,Visium,LAM4,LAM20,spot
TAGAGCAGACAGTCCA-1,1,14,26,10570,3559,20089.0,6522,0.6546441577938894,1.5651024437448235,0.8883567724324004,1.5594097153284419,1.1561918872784558,2.165122014493454,1.6426692211290888,Visium,LAM4,LAM20,spot
CCTCACAATACAACTG-1,1,14,28,10570,3667,8465.0,4021,1.0495562888131023,1.4874671482311754,0.7799370327194278,0.959699294037936,1.0195699336612825,2.453761139499061,1.8661978792853076,Visium,LAM4,LAM20,spot
ACTAATAGTCAACATA-1,1,14,36,10573,4100,9976.0,4754,1.7937622738230257,1.7937622738230257,1.9479701177398183,0.738853342403247,1.5600421118165235,2.653125245762072,1.9830732641961257,Visium,LAM4,LAM20,spot
GAATGTGCCTAGCAGA-1,1,14,38,10573,4209,27316.0,7337,3.2106653180527953,1.457398537645669,1.5871231265974042,0.20942078141285128,2.4244631477767107,1.8890851561106559,1.834576835850801,Visium,LAM4,LAM20,spot
TAGTGACCGTCGATTA-1,1,14,42,10575,4425,7182.0,3677,1.0949722495770695,2.220830626843398,1.7093197885683875,2.0089564106292985,1.3309770937292644,2.395952507717945,2.117452571594441,Visium,LAM4,LAM20,spot
AAGGTTGCTGAGTTGA-1,1,14,44,10575,4534,34914.0,8437,1.9303654649627453,1.8583741546615802,2.211249361244853,0.5013509566107881,1.7132368038232482,2.5222604154912225,2.1712330111935305,Visium,LAM4,LAM20,spot
GATGCCAGACATAATG-1,1,14,46,10576,4642,30870.0,8099,2.145130180367814,2.134237360432252,0.9316563625507053,0.8310623743080966,1.897460063107149,2.477038248404435,2.049269496697685,Visium,LAM4,LAM20,spot
CAGCCTGGTTGAACTA-1,1,14,88,10589,6917,39675.0,8627,3.0299279878587244,1.6695953952459444,0.598372459136526,0.46734356694751344,2.518113077893678,1.9937754242848562,2.017797378568629,Visium,LAM4,LAM20,spot
CCACTCCAGCACCTAC-1,1,14,90,10590,7025,39053.0,8789,2.0685930853065884,1.7106040500374449,0.7958372451478595,0.5567020811879639,1.7413682750347954,2.384938749501404,2.12749312027105,Visium,LAM4,LAM20,spot
CGACTTCGCAAGCGGT-1,1,14,92,10590,7134,36346.0,8481,2.95889822040167,1.8889953951459089,1.2259547016211059,0.3185860592734525,2.3104940853667553,1.927093271215515,2.2828180123064894,Visium,LAM4,LAM20,spot
TAAGATTGGCGGTCGT-1,1,14,94,10591,7242,24785.0,7351,2.9064400026699304,1.8635905301196554,1.6934422848496484,0.461760512124192,2.339945788408827,1.7989623010855385,2.2537414676417065,Visium,LAM4,LAM20,spot
ATCGTCCTAGTACGAA-1,1,14,96,10591,7350,34512.0,8444,2.981118426275905,1.9497441040425005,1.4057634312876264,0.567525945313411,2.4644596911719403,2.0365795292424664,2.217632538403592,Visium,LAM4,LAM20,spot
CACTACCATACGCAGA-1,1,15,1,10468,2205,22631.0,6871,0.6662219665326249,1.5311192270369662,1.017939715400323,1.8085527399014598,1.6898591985535094,2.2164418179713667,1.474596459128241,Visium,LAM4,LAM20,spot
ACAACGTGAATTCACG-1,1,15,5,10469,2422,29928.0,7970,2.97878145866239,1.8157498796357903,0.9823317323848725,0.8993662217079698,2.304747948805747,1.8301442093226368,1.9945057230138374,Visium,LAM4,LAM20,spot
GTAGAATCGCACATCG-1,1,15,7,10470,2530,31879.0,7821,2.784478442474271,1.5806966810944199,0.5789787186669962,0.5214130342279112,2.296572511738504,2.2257473856366046,1.609337527835523,Visium,LAM4,LAM20,spot
GTCAACAGCATAGATT-1,1,15,23,10475,3397,62222.0,9841,3.234069421093597,1.486869409766447,0.9028095050069678,1.1136525647590225,2.5378016575439744,1.5001040230185172,1.6637429634129988,Visium,LAM4,LAM20,spot
CGGTTGATTGAGCGCC-1,1,15,25,10475,3505,24252.0,7380,2.673411452100209,1.7477861531518588,0.8933004465103214,0.6014014799631802,2.0742014633360095,1.7357452424614452,1.7477861531518588,Visium,LAM4,LAM20,spot
GAGCGATACTCCAGGC-1,1,15,27,10476,3613,20265.0,6714,2.1284607867951406,2.1459269543284814,0.5888278749918012,0.6403806803488805,1.7052638509196494,2.0362380744235513,2.0117893698689855,Visium,LAM4,LAM20,spot
TATTCGTTAATGCTCC-1,1,15,35,10478,4047,17239.0,5979,0.770182340289079,1.6552874472152226,1.4834143340559967,1.1173187119901873,1.1779809839562605,2.4704832096824076,1.6357039915906189,Visium,LAM4,LAM20,spot
CTTAGTCTGTGCATCC-1,1,15,37,10479,4155,38807.0,8502,3.0852311914746124,1.6487111523996059,1.62107911762315,0.3352151464883435,2.419745481279271,1.8713851680911113,1.9400324051006639,Visium,LAM4,LAM20,spot
CGACAATCATACGCAC-1,1,15,41,10480,4372,8262.0,4038,1.7941485164441597,1.8635564423396647,1.886754171944038,2.18856058237293,1.8635564423396647,3.043138210766059,2.1116865538110616,Visium,LAM4,LAM20,spot
ATTGGCCTTCCGTGCA-1,1,15,43,10481,4480,3651.0,2195,1.208271568757062,2.221041670657696,1.6308986612818104,0.8087005855912205,1.7566860830249376,2.3154932968782904,2.143845244773413,Visium,LAM4,LAM20,spot
ATGAGCTACATGGAAG-1,1,15,83,10493,6647,12586.0,5273,1.6039565258171473,2.088320645269408,1.2189404756594648,0.30833113579542776,1.6039565258171473,2.276227739380988,2.3733265275487634,Visium,LAM4,LAM20,spot
CGAGCGTGGACTGGAA-1,1,15,85,10494,6755,24228.0,7481,2.1593236738941286,1.9437379289959202,1.1527577113069492,0.6996772115056944,1.987102838321183,2.1949718139948367,2.274108501714991,Visium,LAM4,LAM20,spot
TGCTATGGTTGCGACA-1,1,15,87,10494,6863,39868.0,8871,2.6472173108613677,1.6513292657579146,0.8536486755818904,0.6833535819533122,2.1755483522002184,2.2629865284565627,2.0901197530179756,Visium,LAM4,LAM20,spot
AGCCAGATACTCGAAC-1,1,15,89,10495,6972,46838.0,9461,2.420198261635016,1.8532067812710415,1.0348790568735264,0.39557064848329376,1.9465870258133664,2.0164760031186355,2.212633942654454,Visium,LAM4,LAM20,spot
TCAACAGGCCATGCCG-1,1,15,91,10496,7080,62592.0,10068,2.9156069412284524,1.3990892019118164,1.0842155243519482,0.26620731451636037,2.293230379715283,1.8361334302483758,1.953182610685915,Visium,LAM4,LAM20,spot
GCGTCCTCTGCCGTTG-1,1,15,93,10496,7188,36970.0,8369,3.0989867436942933,1.6780087311148995,1.4217680241401343,0.5091816637170534,2.44073455892743,1.6813705873346287,1.8418754411436462,Visium,LAM4,LAM20,spot
CCGCAGTGATCACTGT-1,1,15,95,10497,7297,47534.0,8629,3.6215370450240316,1.383123183494614,0.9263297915248958,0.12564138024259408,2.885300553469765,1.6634790024826802,1.6551398056562856,Visium,LAM4,LAM20,spot
AGCGACCGTTCTATAC-1,1,15,97,10497,7405,12602.0,5268,2.416133592908756,1.5369132941735313,1.8014986949555871,0.5431299056214094,1.8801783617889973,2.4718922827256846,1.9245764343564233,Visium,LAM4,LAM20,spot
TGACGGCAGCCAGACC-1,1,15,119,10504,8597,11635.0,5089,2.9142553109062903,1.2001408046312922,0.8740711130872619,0.27196162015014097,2.3156917762319926,1.8630480053989327,1.5826093718984218,Visium,LAM4,LAM20,spot
GACAAGGTGGTCCGGC-1,1,16,0,10373,2151,29778.0,8028,1.1947568688315875,1.3046902788677388,0.6541467400083294,1.384251415788124,1.5814316688735057,2.3995831158514602,1.3272080728903477,Visium,LAM4,LAM20,spot
TGGCTGGACCTTAGGA-1,1,16,2,10374,2260,17420.0,6098,0.6851606410520321,1.3825560390092835,1.1016692264709036,1.110303069300793,1.407452409886823,3.1724731642553445,1.4419766892703654,Visium,LAM4,LAM20,spot
CTATGCCACGAGGCTG-1,1,16,4,10374,2368,19190.0,6565,2.2498763702031646,1.6014855842436053,0.8620034643932873,0.9226469155873177,1.5079492268609405,2.557115543639701,1.4174607182027126,Visium,LAM4,LAM20,spot
CAAGTCGCAGTCACTC-1,1,16,6,10375,2476,31403.0,8144,2.761922555856988,1.807477723125517,0.8387912532867726,0.9184312571691096,2.2017292007724936,2.0532780108080617,1.787691082911775,Visium,LAM4,LAM20,spot
TGGCATCGATCAATTG-1,1,16,22,10380,3343,50827.0,9227,3.2926553542340176,1.4689518800823043,0.845024268794816,0.8197379206816162,2.5800835701328304,1.5762003270487135,1.7697624908777039,Visium,LAM4,LAM20,spot
GTCTATGGTGAAGAGC-1,1,16,24,10381,3451,25083.0,7525,2.662158594879391,1.5659928445215345,1.8992884250864739,0.5022164032036739,2.063968423388075,1.8842580518902503,1.9850145383193813,Visium,LAM4,LAM20,spot
TGGAAGCCATAACAGT-1,1,16,26,10381,3560,16534.0,6192,2.438395548610183,1.844093510508343,1.4820772839971643,1.5082729590064967,1.9844367464734993,1.893854710479478,2.0449224716571717,Visium,LAM4,LAM20,spot
GGTGCACTCCGGTTCG-1,1,16,28,10382,3668,15031.0,5916,2.5104086434569264,1.6077866263198637,1.4647493441298072,0.765067883860453,1.8174289883571901,1.9906474091198607,1.8440884190095075,Visium,LAM4,LAM20,spot
GTGGTTGACAAGGAGC-1,1,16,36,10384,4101,42340.0,9014,1.1610017649654054,1.6539677151299201,1.4938430808175547,0.8825683376702267,1.453261879546532,2.4363664150197337,1.8840089012403034,Visium,LAM4,LAM20,spot
TGAGATGCTCTAATGA-1,1,16,38,10385,4210,8444.0,4248,1.4385202583272703,2.000814025108346,2.275626176711233,0.49832806111717187,1.16954023074742,2.438956677097161,2.320239791378167,Visium,LAM4,LAM20,spot
CTAGGACGCAAGCATT-1,1,16,40,10386,4318,20962.0,6556,3.102924564219723,1.47866417349684,1.5212410050238236,0.3900493713702881,2.457370734138612,2.0069011130851613,1.8696641601806205,Visium,LAM4,LAM20,spot
ATCCGAGTACAGGAAT-1,1,16,82,10399,6593,33090.0,8314,2.5347556877052075,2.0064662007492475,1.1363712711747724,0.3643462054375839,2.24725956721105,2.0605141734206605,2.3780563801120618,Visium,LAM4,LAM20,spot
CGTAACATAAGTCATC-1,1,16,84,10399,6701,37041.0,8335,3.095410812847578,1.444481510498596,1.2225963923229979,0.199576379233548,2.2900367247918463,1.4338118518733978,1.6586175305054038,Visium,LAM4,LAM20,spot
TCCTGACACTTCACGG-1,1,16,86,10400,6810,32143.0,8134,2.939745429386085,1.5413934757122962,1.5709245370247589,0.3733022105183924,2.3125314194565534,1.7067626184113822,1.7616783329146966,Visium,LAM4,LAM20,spot
CGCTATGGTTGGTTAA-1,1,16,88,10400,6918,44882.0,9291,2.984641118291681,1.7638571971280315,1.2859147606448464,0.4996621093081555,2.400282526810978,1.8362684924986905,2.132527933624935,Visium,LAM4,LAM20,spot
AAGTGGACGAATCTAC-1,1,16,90,10401,7026,45758.0,9251,3.01951573831369,1.5916576280012236,1.0109927854238612,0.516105914013925,2.405160142736708,1.8884655708209686,2.018750672422355,Visium,LAM4,LAM20,spot
AGGCCTGTCTAGTGGC-1,1,16,92,10402,7135,47456.0,8818,3.2849640549033268,1.290339165515611,0.8955615122411188,0.3516725675233208,2.4944905501747607,1.5067460935677037,1.8438328312774053,Visium,LAM4,LAM20,spot
TCGGCGCTATCACGTG-1,1,16,94,10402,7243,34649.0,8203,3.0063303148213154,1.62321882036527,1.259972745823894,0.8824468097885066,2.4005417197213577,2.0204602621657672,1.885825234297964,Visium,LAM4,LAM20,spot
CTTGGAGGCCACCTGC-1,1,16,96,10403,7351,7566.0,3999,2.2509399452601095,2.174529410470138,1.7273912863297745,1.4734654310588653,2.0717794314545643,1.938404996701444,2.3274646606351657,Visium,LAM4,LAM20,spot
ATCAAGTGGTGATGGC-1,1,16,114,10408,8326,13823.0,5550,0.8948071729625046,1.481634135430162,1.8171758399595945,1.2894149118801619,1.6408849845652413,2.55069871043679,2.1300369328920046,Visium,LAM4,LAM20,spot
GATGCAACTCGCGTTG-1,1,16,120,10410,8651,19062.0,6728,2.65780792867984,1.5189236840073814,0.9950881425627528,0.42173465438307,2.160137772957941,1.697290050842981,1.7210301508692825,Visium,LAM4,LAM20,spot
TATGACGCCTTCCGTG-1,1,16,122,10411,8760,14909.0,5905,2.2339087176477133,1.559432307386901,1.3908616868060404,0.5132641265017411,1.9147284789764722,2.1388752273653577,1.5803655436119017,Visium,LAM4,LAM20,spot
CTCCAATGGTCGCAGA-1,1,16,124,10412,8868,5969.0,2987,1.0697512142221355,1.0448087408041762,0.7164127081478724,0.3763151025224747,1.059434016117536,2.876567189322697,1.2564657474180956,Visium,LAM4,LAM20,spot
TGTCAGATAAGGTGAC-1,1,17,1,10279,2206,16951.0,6048,1.211864419865191,1.5635172042155023,0.9061754413950123,0.9169523135717228,1.211864419865191,2.477698264581536,1.7177543523676142,Visium,LAM4,LAM20,spot
TACGACCGAGCGCAAC-1,1,17,3,10280,2314,10642.0,4852,1.440246412827588,1.8194072988096168,1.3702864417367218,0.8969945113309762,1.276507601008149,2.310900980626318,1.3996885643983477,Visium,LAM4,LAM20,spot
ACTTGAATTAGCCGGT-1,1,17,5,10281,2423,30841.0,8136,2.364119417554154,1.489974694296471,1.1207173605202956,0.6017704368355093,1.9456970519192736,2.135066052694513,1.6593129323261417,Visium,LAM4,LAM20,spot
TATTCGTTAACAGGCA-1,1,17,7,10281,2531,15039.0,5650,1.996658249384768,1.4331067555301673,0.5097877823827179,0.6766022121477887,1.7614375813987002,2.4917413349045234,1.4049535545397123,Visium,LAM4,LAM20,spot
TCCGAATACTCGCTGG-1,1,17,23,10286,3398,36548.0,8736,2.499716159834914,1.712350430358417,1.3972200114864424,0.5992970266611222,2.150919375331064,2.0237579393128753,1.953549867386719,Visium,LAM4,LAM20,spot
TGCACCGGTCACCTCC-1,1,17,25,10287,3506,24566.0,7511,2.52220398824861,1.5310207925975814,1.93187885844565,0.7290816278294474,2.016643749973091,1.6756084561416162,1.9891794552530395,Visium,LAM4,LAM20,spot
GTATTACGGCCATTAT-1,1,17,27,10287,3614,18995.0,6586,2.9108818088126465,1.4252087726852234,0.9475424654481929,0.890268896264377,2.2639159518348917,1.928435498444506,1.7698039602057776,Visium,LAM4,LAM20,spot
CACTGGCGGTAACACC-1,1,17,29,10288,3723,18279.0,6158,2.277596878974017,1.7413171395183022,0.8903878023762706,0.639332328359015,1.9187857605728202,1.8092786976460962,1.6946961990510885,Visium,LAM4,LAM20,spot
TAATGATCCGGTTATT-1,1,17,35,10290,4048,28615.0,7693,2.4055586479005506,1.7736869537208046,0.9277917012285024,0.5485281803529701,2.004375436500942,2.0925835898542355,1.9865593920781672,Visium,LAM4,LAM20,spot
CAACCGTACTGATCTT-1,1,17,37,10290,4156,44625.0,9061,2.711618590061243,1.7095747242429762,1.37147927533475,0.4382795739159148,2.173286426411039,2.0633225974749267,2.079791620451134,Visium,LAM4,LAM20,spot
CTTCATTGGATACCAC-1,1,17,39,10291,4264,18348.0,6443,2.866997091510834,1.5135040369730282,1.5430577138899009,0.6886082868307026,2.123189271679641,2.2065632291473833,1.7872985494373073,Visium,LAM4,LAM20,spot
TACACTTCGAGGTGAC-1,1,17,81,10304,6539,40299.0,8686,2.7082151449177108,1.8223263245410333,0.8865876972906354,0.3877976765638396,2.204389541572457,1.7715886095066244,1.978881432969891,Visium,LAM4,LAM20,spot
ATCCACATGTTGGACC-1,1,17,83,10305,6648,46067.0,8826,3.2590830274885563,1.2882980710340102,0.8101218877352004,0.24394758903394223,2.6033527506865664,1.5907345569843465,1.7768699703437985,Visium,LAM4,LAM20,spot
TACGCCTTGCCGTGTT-1,1,17,85,10305,6756,54817.0,9302,3.3009688365717476,1.5286655420230644,0.739339191721748,0.2612204554207842,2.6191574128548165,1.454806122553219,1.8676017987813818,Visium,LAM4,LAM20,spot
CTGTTGCTACTCACAG-1,1,17,87,10306,6864,39109.0,8490,3.320182548124948,1.4280660694428664,1.1344583604187977,0.264044185416961,2.561386883372905,1.5491753539865443,1.8157810194987198,Visium,LAM4,LAM20,spot
CCTCACGTTACTCGCA-1,1,17,89,10306,6973,34890.0,8203,3.122402622046697,1.709919823037466,1.31448768322051,1.2605678174347201,2.522892870348872,1.6214416272482164,1.9069170642530613,Visium,LAM4,LAM20,spot
AGCGTGTATGTACGGT-1,1,17,91,10307,7081,45401.0,8985,2.98809907125462,1.7694685611765004,0.8540276901020314,0.924970026299615,2.4147524154603333,1.8026940861335825,2.1024211106348596,Visium,LAM4,LAM20,spot
TGCGGATCATCCTAGA-1,1,17,93,10308,7189,16124.0,6186,1.9108660206971555,2.308052629282481,1.5015382736170513,0.7811607013945839,1.6898889103122452,2.301865409623652,2.3837568693441114,Visium,LAM4,LAM20,spot
GACTCGGCTTGCGGAT-1,1,17,111,10313,8164,8634.0,4259,1.19888692580485,1.6866219916935155,2.1088575250935677,0.8623816700401506,1.2416153229802689,1.7286149776525817,1.4655349082648392,Visium,LAM4,LAM20,spot
CCGCTGGCACCAAGAC-1,1,17,113,10314,8273,14468.0,5870,1.8610840523500691,1.1000857211107538,2.438348234497164,0.8680920432876689,1.4942296625706202,1.660564388005392,1.6042822616870536,Visium,LAM4,LAM20,spot
AGATAAGTGCTACGAC-1,1,17,115,10315,8381,31969.0,8494,0.992538029544672,1.4908420406508647,1.0007850500596174,1.0059979619154018,1.3390002308259674,2.2940372940390685,1.9092099515613155,Visium,LAM4,LAM20,spot
GTTGCTGACTCATTCG-1,1,17,117,10315,8489,20426.0,7108,1.6067374264426086,1.7824964245783288,1.2016102781681202,1.1430484415714506,1.5674034922407065,2.348042172425035,2.3143437504857025,Visium,LAM4,LAM20,spot
GGCGCAGGTCGCGTCT-1,1,17,119,10316,8598,21748.0,6947,1.1936381804030933,1.7058677354065015,1.4795835055753381,0.9013961334411082,1.2610055282121784,2.4220683289593943,1.762679063970425,Visium,LAM4,LAM20,spot
GCTTCGCTAAGCGACC-1,1,17,121,10316,8706,13172.0,5649,1.7899140296526508,1.878251934402063,1.5273889421184388,0.8672426872322727,1.7966820434455708,2.0254621853169703,1.9828323101523884,Visium,LAM4,LAM20,spot
ATAGTCGAAGGAAGCT-1,1,17,123,10317,8814,7028.0,3784,1.7361017247578614,1.4183587110910398,1.1976065381949337,0.7104082238804511,1.5918684187508734,2.5721907082458717,1.7582405499699318,Visium,LAM4,LAM20,spot
ATACTATGCCAGTGAG-1,1,17,125,10318,8923,6332.0,3482,0.7552093730768427,1.5330629282127874,1.0899414084991552,1.193053704821599,1.1542077494384788,2.5529234010293296,1.8760208763333428,Visium,LAM4,LAM20,spot
ATAGATCGGCATCCGA-1,1,17,127,10318,9031,357.0,303,1.6097579892552696,0.0,0.0,0.0,1.5043885839578734,2.335736285411718,1.5043885839578734,Visium,LAM4,LAM20,spot
ACTACGTCTAATGGCC-1,1,18,0,10185,2152,19001.0,6604,1.9899895179890228,1.5663788861070653,1.0673948304211838,1.574339040018471,1.6755770412896631,2.1348464400691163,1.7236627654163639,Visium,LAM4,LAM20,spot
CAGTATACTGCAGCAA-1,1,18,2,10185,2261,6836.0,3570,0.9013166856549797,1.9455757288532167,0.8241703101680248,1.3330786251446294,1.2697539702635925,2.3046699086974933,1.7812204143014327,Visium,LAM4,LAM20,spot
TAGACACCGGCGTCAA-1,1,18,4,10186,2369,9772.0,4665,2.3233664294350453,1.3252155326060142,1.194678827816362,0.44351916273662456,1.7005716309340404,1.7827363020038454,1.7236579610744933,Visium,LAM4,LAM20,spot
GGAACGATAACATTAT-1,1,18,6,10187,2477,19760.0,6600,1.8136880817256256,1.6775126837836545,0.8176551911240028,1.0438973570312553,1.4561640410803764,2.2263363487215506,1.606498373547866,Visium,LAM4,LAM20,spot
GTCGTAGACTGACAAG-1,1,18,26,10193,3561,16035.0,6218,1.9791180365896037,1.9962073575099382,1.6354149979022279,0.44912571530229256,1.73647021481081,2.162346475339301,1.9237500745761817,Visium,LAM4,LAM20,spot
GTCTGTGGATCTGACG-1,1,18,28,10193,3669,20358.0,7070,2.5649104919459322,1.6051848491384981,1.0226763629472266,0.6843156852135444,2.0482219397159036,1.7052451301113356,1.7236714133151594,Visium,LAM4,LAM20,spot
TGTCGAGTGCGTTAGC-1,1,18,30,10194,3777,32912.0,7966,3.095361066776268,1.698630509545583,0.6478995916141,0.4035924345782531,2.403761490663617,1.3704508284045178,1.8552301805470963,Visium,LAM4,LAM20,spot
TGGCATGCGTTCACGC-1,1,18,36,10196,4102,45583.0,8910,3.056151836976279,1.6759229068722608,1.4106803297282091,0.29195433409319366,2.293777802542201,1.5991533221816896,1.8437137930673644,Visium,LAM4,LAM20,spot
TGGTACTGGTATCTTG-1,1,18,38,10196,4211,20252.0,6741,2.6375789329925627,1.8839885182065146,1.599433462004703,0.5670804639377939,2.136341374237914,2.068494022114456,1.9872816384659475,Visium,LAM4,LAM20,spot
AAGAGCAGATGTGCCA-1,1,18,40,10197,4319,10759.0,4685,1.7993323318687129,1.7793677369328915,1.500839725276355,0.5163902189443442,1.62262321203839,2.5227860037762966,1.829084325116157,Visium,LAM4,LAM20,spot
TACTATGTTGAATCTT-1,1,18,80,10209,6486,38338.0,8273,3.154104818050721,1.5088018742058984,0.889785741835213,0.19343684783945797,2.4701964127106826,1.8411371049289817,1.8981028602532535,Visium,LAM4,LAM20,spot
GTTAGGTACTAACTGG-1,1,18,82,10210,6594,47570.0,9004,3.2803980745503067,1.458707904756481,0.8502066262135,0.14226727446352505,2.5137930774126236,1.7146428557641458,1.882626133648012,Visium,LAM4,LAM20,spot
GCCTGTGACACCAGAA-1,1,18,84,10211,6702,49370.0,9299,3.1550561247655478,1.4822580184140024,0.9824736365488362,0.47477751083201264,2.511029278641864,1.6262560585293442,2.136425520393735,Visium,LAM4,LAM20,spot
ACATAAGCAATGCGGT-1,1,18,86,10211,6811,47218.0,8934,3.203924751192142,1.474158685836376,1.1455942709803233,0.22337533127367334,2.552052003568517,1.675518617084985,1.8227249232359848,Visium,LAM4,LAM20,spot
CTGTTCTGCTCAGGAC-1,1,18,88,10212,6919,34394.0,8275,2.992736821477804,1.6846011595865245,1.0485536573698333,1.0838179535023027,2.3874265882719916,1.9811518446559637,2.030057711181786,Visium,LAM4,LAM20,spot
GTGCAGAAGGTGCGAG-1,1,18,110,10219,8111,15694.0,6297,2.208424646138588,2.7092558798245445,1.4690781107343827,0.6558690399253353,2.436584707832003,2.356864240053532,3.205001506011657,Visium,LAM4,LAM20,spot
TACACTGAATAGCAGA-1,1,18,112,10219,8219,17230.0,6286,2.686517199368853,2.037890780028893,1.4503612098070866,0.9691203330069262,2.2110576509423465,2.0504163076477715,1.8849745594008123,Visium,LAM4,LAM20,spot
CTTGGATCAACCGTAT-1,1,18,114,10220,8327,19035.0,6767,2.09552690597992,1.4729828158242557,1.5840055989618416,0.5402195746186018,1.6617367426035494,2.1123097399700748,1.8742843940077791,Visium,LAM4,LAM20,spot
GTTGTCGTGGCATTAC-1,1,18,116,10221,8436,31494.0,8181,2.6877627562674316,1.3824608971658052,0.7089922774666483,0.2535992487446681,2.163309156839873,2.207920542028904,1.7582892148553508,Visium,LAM4,LAM20,spot
TCTAGGCTTAAGACTG-1,1,18,118,10221,8544,21678.0,7012,3.092040633424363,1.64823627207832,1.3859021816350785,0.5134089032517528,2.4317859210270107,1.7521064784654359,2.146368745146317,Visium,LAM4,LAM20,spot
TAACGCTAGTACGCAG-1,1,18,120,10222,8652,28558.0,7896,2.7761496761427784,1.4887635941050854,1.225944098742317,0.36856873680465563,2.1983367039066226,1.9640138695512728,1.8468803149161037,Visium,LAM4,LAM20,spot
GCTAGTCGATAGGTGC-1,1,18,122,10222,8761,15515.0,5984,2.644393386814675,1.425090457003466,1.204906947317733,0.5662941174431856,1.9519688264217723,1.948148178072115,1.5658324795811525,Visium,LAM4,LAM20,spot
AACATGACTTGGCTGC-1,1,18,124,10223,8869,12574.0,5160,0.704343329758762,1.1714962774182685,0.6902002627329641,1.0577141761955193,1.381870721346676,2.589793854788098,1.5429187449330517,Visium,LAM4,LAM20,spot
CGTGAGGCATAATGGA-1,1,18,126,10224,8977,1784.0,1318,0.5882136503910999,1.4732123107258863,0.5310238467685229,1.8076001833253545,0.5310238467685229,2.3362424693705823,2.2415680174961237,Visium,LAM4,LAM20,spot
AGGTGGACTTGCCACC-1,1,19,1,10091,2207,10725.0,4951,1.525274170840248,1.7337780100741556,0.9223330463301177,1.240733160404547,1.3030900953276252,2.135255488285053,1.7741223277419482,Visium,LAM4,LAM20,spot
GAGCCAGTATTGTCAA-1,1,19,3,10091,2315,12571.0,5239,0.9949553455620064,1.4115669250610356,0.9128962251604096,1.032441457570652,1.0259820042126369,1.8822659553594818,1.521626394762233,Visium,LAM4,LAM20,spot
AGCCGTTGCATCCTAG-1,1,19,5,10092,2424,10802.0,4812,0.9505018784554886,1.4225214791109202,1.1258861530722257,1.454471675115775,1.4445964561182858,1.9483933753538172,1.9966795937175466,Visium,LAM4,LAM20,spot
GCGGTCGGCGTACCTT-1,1,19,7,10093,2532,14592.0,5780,2.5830631774196924,2.0343759294579584,0.8631490081248221,0.752081661128975,2.0388465293467366,2.089578222489715,1.8690994725537062,Visium,LAM4,LAM20,spot
AGGTACAGCTATGATA-1,1,19,27,10099,3615,17191.0,6409,1.6237151235197804,1.7009386445573165,1.3996851935491343,0.42449484416931393,1.2020105522893987,2.4227382217553597,1.6379496719668236,Visium,LAM4,LAM20,spot
GCCGCTTCTAAGGTGA-1,1,19,29,10099,3724,13799.0,5687,1.7866303701740718,1.6210235572487177,1.0337983473317995,0.618667165358478,1.4911674038259832,2.0016732322582604,1.9557586900939046,Visium,LAM4,LAM20,spot
CGCCTTACGAGTAGCG-1,1,19,37,10102,4157,48002.0,8988,3.224297067320067,1.475874377775115,1.13439347581141,0.15738610602467681,2.600720236739833,1.5433840475751994,1.8089367582258111,Visium,LAM4,LAM20,spot
TCGGAGTTGTCTTGTT-1,1,19,39,10103,4265,10745.0,4701,3.0668726745813504,1.780450219495612,1.0512868493109593,0.35278821768810936,2.449825024361258,1.8608005962764693,1.8486636412136852,Visium,LAM4,LAM20,spot
TCCATGCGTCCACCAG-1,1,19,79,10115,6432,42390.0,8604,3.3026808402656576,1.739501397420133,0.7376707376344279,0.17648198284448505,2.6180792063156604,1.6036335712853653,1.8785119728397273,Visium,LAM4,LAM20,spot
GTACGAAGGATTATTG-1,1,19,81,10116,6540,34472.0,8438,2.6129815684472177,1.9711500439822471,1.2110433627421775,0.42359135570951434,2.194720219221016,1.5925403211208968,2.2381919933237238,Visium,LAM4,LAM20,spot
TCAGTCAGCGATCAGA-1,1,19,83,10116,6649,42683.0,8797,2.9107506062233597,1.7171371385899887,0.8778458580634422,0.39868839134033457,2.39131367275277,1.8171472675001228,1.8499146172580945,Visium,LAM4,LAM20,spot
GTGCAGGCTGGACATG-1,1,19,85,10117,6757,44553.0,8641,3.4426248022456014,1.6350886392052715,0.9110743580419968,0.2190202489697585,2.7519736142736306,1.5718773023774606,1.9221656361163038,Visium,LAM4,LAM20,spot
GCTCGATGCTCGCATG-1,1,19,87,10117,6865,33282.0,7738,3.413109461721969,1.6895055813137636,0.6425842182213797,0.303869567644627,2.6224680048589413,1.580202315773043,1.909001525698943,Visium,LAM4,LAM20,spot
CACGATGGTGCTAATA-1,1,19,109,10124,8057,22148.0,7077,2.6319053597187083,2.015131758451755,1.0114531344933664,1.4451877506856063,2.412240148507836,2.2194638852181954,2.2654117677917864,Visium,LAM4,LAM20,spot
CCTCTAGCTCTGGCAG-1,1,19,111,10125,8165,16243.0,5921,3.1272688964417235,1.9765866573143875,0.8025842124682777,0.964347977589078,2.4916916404993037,2.1861455796980667,2.144961254166168,Visium,LAM4,LAM20,spot
CGGTCTTATCCAAGCT-1,1,19,113,10125,8274,19921.0,6561,3.101294386708633,1.5071570553803375,0.8405774436706827,0.27721014810803996,2.435028473637909,1.875152121728434,1.815691472289816,Visium,LAM4,LAM20,spot
ACGTTACGCAGACAGC-1,1,19,115,10126,8382,32031.0,8037,3.189694890454131,1.2957346731034611,1.1827794942661698,0.3140518761294846,2.4421420498769795,1.6210834910861889,1.8841154959134003,Visium,LAM4,LAM20,spot
GAACAGCCATGTTGCA-1,1,19,117,10127,8490,32143.0,8121,3.052948179312881,1.5805775564502151,1.0799172206542123,0.43007404178723174,2.520376951009048,1.9480205038926057,1.8870658779982588,Visium,LAM4,LAM20,spot
AACCGCATGTATGTTA-1,1,19,119,10127,8599,29316.0,8027,2.5296435486870705,1.4685387429544738,0.804923826843433,0.4234170135983103,2.067810511481501,2.0856249139370093,1.971665701108091,Visium,LAM4,LAM20,spot
CATCTGTACCACGCGA-1,1,19,121,10128,8707,21331.0,6974,3.070852941473328,1.4759909004789542,1.056124011029263,0.2610773476525869,2.383688171622814,1.6672057558219153,1.951013734639042,Visium,LAM4,LAM20,spot
TCAGTGCCAAGTAGCA-1,1,19,123,10129,8815,21268.0,7030,2.796178811717687,1.6813429709567804,0.632125757252209,0.46901788187431426,2.2029860602077935,1.7269603940843157,1.970079026226938,Visium,LAM4,LAM20,spot
ATGTTACTGGAGGCGG-1,1,19,125,10129,8924,6318.0,3526,0.6441908107462619,1.5000949424828856,1.0226763629472266,1.6151998640185696,1.517597489530849,2.6709452180344244,1.8471753083696245,Visium,LAM4,LAM20,spot
CGAAGAACGACTCGAT-1,1,19,127,10130,9032,464.0,409,1.4058071753434724,0.0,1.3067005469314699,2.379197762762777,0.0,2.102169792757392,1.3067005469314699,Visium,LAM4,LAM20,spot
AAGATTCTGGTCGCGA-1,1,20,0,9996,2154,16132.0,6059,0.9184632842737129,1.590312467154724,1.023231946490263,1.0507019753525706,0.994985949092111,2.5637533753096013,1.9299138069650106,Visium,LAM4,LAM20,spot
GGTTGCTACCGGAACA-1,1,20,2,9997,2262,12876.0,5203,0.9373777948496919,1.6769426729873775,0.7265230685731637,1.0668790774570998,0.9373777948496919,2.2283082374459395,1.3132492215745624,Visium,LAM4,LAM20,spot
ATAATTATCGACCACG-1,1,20,4,9997,2370,15285.0,5772,1.31114158175133,1.451890345517204,0.9375867242294564,1.5944089564322088,1.6108761972008727,1.6377329654098483,1.6430188369865608,Visium,LAM4,LAM20,spot
TAATGATCTACTAACC-1,1,20,6,9998,2479,17622.0,6194,0.5936996862491705,1.4697361203325017,0.8534562020710191,1.6445465231067984,1.8983279713536065,2.1696771852377963,1.5298831120451675,Visium,LAM4,LAM20,spot
TACGGCCTTGTAGGAG-1,1,20,28,10005,3670,20245.0,6693,1.5103262813529008,1.5997093401470188,0.9575611316496475,0.6642299695314534,1.2790523256832276,2.222728285001757,1.6121016867006066,Visium,LAM4,LAM20,spot
GCCATTGTAATGTCTT-1,1,20,30,10005,3778,24754.0,7311,2.481988967432944,1.6643306030934792,0.8164360246378483,0.3903007996852208,1.7308966420480114,2.0712715256935375,1.8567927374741273,Visium,LAM4,LAM20,spot
GTCTATGTTAATAGAA-1,1,20,32,10006,3887,14901.0,5836,2.7698256257076803,1.5166224372033787,0.7767609617262019,0.7975857346541997,2.1160347564847073,1.6147389167755715,1.7690783994503088,Visium,LAM4,LAM20,spot
CCTCACATGTCTTACT-1,1,20,38,10008,4212,37486.0,8804,2.785361599744874,2.0510244472561454,1.041695504480119,0.8050576215744981,2.23034765902384,1.873826182758481,2.182630224009506,Visium,LAM4,LAM20,spot
GTGCATTCCTGTGGTC-1,1,20,40,10009,4320,27647.0,7675,2.71853404207763,1.8880381052640693,0.9831550087449021,1.5368480912376867,2.246523101474098,2.270151725122486,2.1512691563881465,Visium,LAM4,LAM20,spot
AGTGGTATGTCCAAGT-1,1,20,42,10009,4428,14808.0,5675,2.208683968627045,1.412553783992543,1.1072191196363348,0.8546796701471826,2.0696353792561584,2.496722039658591,1.8299632363711362,Visium,LAM4,LAM20,spot
ATCCGAGTACCACGTG-1,1,20,78,10020,6378,26135.0,7409,2.7745767554505054,1.8127417973120097,1.1328390218266147,0.21792271824858533,2.163369203915206,1.8984678421406163,1.983143213592016,Visium,LAM4,LAM20,spot
CATCAGGTGCCTGATA-1,1,20,80,10021,6487,21292.0,7087,2.2176264006544946,2.07918319532989,1.3549758393964026,0.41366891583027965,1.9100363956055069,1.8441641961765944,2.2019828964373183,Visium,LAM4,LAM20,spot
AGGACTAGGACCGCAG-1,1,20,82,10022,6595,26141.0,7296,3.2634054136504447,1.4199309681717522,1.0011588601995374,0.2723054230919581,2.5314610065673913,1.5738953658920574,1.818774795102179,Visium,LAM4,LAM20,spot
GTGACCAGATCGAGAT-1,1,20,108,10030,8003,12209.0,5263,2.7414335776027268,2.200205178388778,1.628326299124933,0.9119671446113329,2.3631200951303244,2.1880331736972054,2.53937254831708,Visium,LAM4,LAM20,spot
ACTACGCCTCATGATT-1,1,20,110,10030,8112,28805.0,7567,3.15978491608849,1.6148390265578498,1.1806691763112278,0.27429418352429147,2.4867709064680508,1.8350248108914853,1.8668361324956875,Visium,LAM4,LAM20,spot
GACCACTTACGGACAT-1,1,20,112,10031,8220,10451.0,4658,2.344855960160065,1.6320676787575759,1.2561063350333423,0.41997015153357664,1.7129001582798993,3.324737219753627,1.8153211192862266,Visium,LAM4,LAM20,spot
GATCACTTAACGGATT-1,1,20,114,10031,8328,22943.0,7197,2.737333120366085,1.5298883345432126,1.8467713781911153,0.21328983468720028,2.2162019535178645,1.7938276772649653,1.7938276772649653,Visium,LAM4,LAM20,spot
GGACGAGTCTGTTCAC-1,1,20,116,10032,8437,27795.0,7745,3.0016931936797495,1.3828254985357356,0.8150193040646574,0.3310891542888236,2.432609263166953,1.715089804957586,1.9623749924050384,Visium,LAM4,LAM20,spot
TCTACACTCCGGCTCC-1,1,20,118,10033,8545,18101.0,6683,2.356087071321124,1.6049640779674197,1.493543871019092,0.4716765464796333,1.976179688416441,1.8323140394515507,1.727543775620533,Visium,LAM4,LAM20,spot
ACATCTCAGTATTGCA-1,1,20,120,10033,8653,17817.0,6355,2.7621181819745204,1.4742068586103285,1.1100709605204786,0.3053991049067606,2.2575083488250236,1.87473227136267,1.9406686845621643,Visium,LAM4,LAM20,spot
TCTTGAGTCTCCGAAT-1,1,20,122,10034,8762,10349.0,4717,2.784044839324888,1.6399653367435971,0.9899071623998692,0.6304382259417574,2.296371996468239,1.7904971446108195,1.98524075689827,Visium,LAM4,LAM20,spot
GTACGCACTCAATTGC-1,1,20,124,10035,8870,7751.0,4055,2.008318797969924,1.583190098111029,1.3195084448512038,2.0544623047605164,1.514672030350843,2.4266813909930627,1.844018838766274,Visium,LAM4,LAM20,spot
CATGCGAGTGAGCTAA-1,1,20,126,10035,8978,1203.0,929,0.0,1.4644169453156246,1.4151750166135588,2.0542748595836984,1.4151750166135588,1.6402146089984386,1.6402146089984386,Visium,LAM4,LAM20,spot
CGTCCACCATTCGGTG-1,1,21,3,9903,2317,16220.0,6091,1.448978843821895,1.7270291225962875,0.9018841240359653,0.6692683271263761,1.1975403229677701,2.0517813674688266,1.6706571206317216,Visium,LAM4,LAM20,spot
TAGTGCTGTAGCGTTG-1,1,21,5,9904,2425,14012.0,5529,0.8867992981883057,1.7296856343305138,0.6837540738176772,1.5744090603173673,1.6643131368842294,2.2703752396160417,1.7296856343305138,Visium,LAM4,LAM20,spot
ATTGACTTATGTGGTA-1,1,21,7,9904,2533,17032.0,6259,2.937336470175234,1.7901925619817374,0.988797073178635,0.8009407900366035,2.221355678644369,1.722621202573559,1.8023691835931752,Visium,LAM4,LAM20,spot
ACGCAAGGCATAAGTC-1,1,21,27,9910,3617,28572.0,7719,2.756821635312103,1.7074552793721423,0.759626278710148,0.5117262909311548,2.137840202941222,2.093902025123159,1.9938323349449767,Visium,LAM4,LAM20,spot
GGTTCTATACCGCTTG-1,1,21,29,9911,3725,21107.0,6662,2.14948327780197,1.6698490333562814,0.6356933095117576,0.969521444566955,1.9087332480662589,2.3027603749260064,1.807156503652019,Visium,LAM4,LAM20,spot
GGACCATCACCGCCAA-1,1,21,31,9912,3833,34767.0,8487,2.841900092199662,1.6090466603649671,1.3823244007569506,0.454419161763494,2.18715174095301,1.7893516741719515,1.742206077757168,Visium,LAM4,LAM20,spot
GTGGTAGGTCTAAGAA-1,1,21,37,9913,4158,38187.0,8538,2.905991831634398,1.899501466177848,1.1813044201785692,0.35663423434915437,2.4627154124812463,2.1305656433261424,2.36000083297535,Visium,LAM4,LAM20,spot
TCGCCTAGATAATTAA-1,1,21,39,9914,4267,40561.0,8247,3.455587687908925,1.4708594119181018,0.9564819710642379,0.1457358193213699,2.5805077818205078,1.529518331334769,2.0028437145715334,Visium,LAM4,LAM20,spot
ACGGTTCACCTTCCGG-1,1,21,41,9915,4375,53968.0,9202,3.160378454750249,1.5168101678509491,0.9092096871427816,0.42015335291525446,2.502283696582363,1.6836757591179154,1.9052343945297074,Visium,LAM4,LAM20,spot
TGTAGGTTCTGGCTTA-1,1,21,43,9915,4483,37068.0,8519,2.4803241311478526,1.8256208536761718,0.8248018807419168,1.0858634109384808,2.0338158779803357,2.486221684658179,2.0069871641896637,Visium,LAM4,LAM20,spot
GAGGCGCTCCATTCCT-1,1,21,45,9916,4592,4839.0,2829,1.9740293611205488,2.0023285981205716,1.2762502117513543,1.7723311918132592,2.226370208627592,2.542421223677986,2.0762591739535066,Visium,LAM4,LAM20,spot
GTCTTGCTGGACGATA-1,1,21,79,9926,6433,25145.0,7395,2.8411224839110387,1.75307417312973,0.6391186231762235,0.45645164949787254,2.266940400204156,1.969103012536103,1.7616493783145915,Visium,LAM4,LAM20,spot
CACTACTGGCTGAACC-1,1,21,81,9927,6541,15749.0,5801,3.0380830282625992,1.4290675906242951,0.9808689372836639,0.10925562076997537,2.2588393308936787,1.6137126326601794,1.8049533129495445,Visium,LAM4,LAM20,spot
TACGTATCCTATCACG-1,1,21,109,9936,8058,34808.0,8102,3.2355234269001363,1.706647626275819,1.3065329189514732,0.18974260595885542,2.6416109498251115,1.6512688209505446,2.165725450612298,Visium,LAM4,LAM20,spot
GCAGTTCGGCATTAGC-1,1,21,111,9936,8166,6970.0,3594,2.283736714090765,1.7465139479507996,1.7651041474698348,0.5020747819247381,1.8531995797501726,3.1661669452071464,1.9597512004671847,Visium,LAM4,LAM20,spot
CTTCGAGCTGCAGCCT-1,1,21,115,9938,8383,21193.0,6930,2.992806209958911,1.5022354712076982,1.0805832021428956,0.12105539218483218,2.3895819210488245,1.7158237127170652,1.9052709812129285,Visium,LAM4,LAM20,spot
TCCAGTTGTACCTGTC-1,1,21,117,9938,8491,23007.0,7098,2.8085178916246125,1.5277066122166891,0.9669605433722872,0.27467990423265193,2.2714046436511564,1.7793556933490402,1.696563016457964,Visium,LAM4,LAM20,spot
GAACTAACATGTATCC-1,1,21,119,9939,8600,22234.0,7118,2.954035940465205,1.4334898132212288,1.4882714496241518,0.42627145862353244,2.3021082319899895,1.6482306838708949,2.0326098569257773,Visium,LAM4,LAM20,spot
TACGTGACGGATCCAC-1,1,21,121,9939,8708,8440.0,4073,1.0514795180354102,1.3150986589531402,1.021461656100946,1.3063862846244456,1.5791252716252777,2.1634864377043694,1.4488685727475472,Visium,LAM4,LAM20,spot
CCTGTCATTGAATTAT-1,1,21,123,9940,8816,7979.0,4019,1.3971611057834705,1.7068991569339642,1.161041493139838,1.560220285064182,0.9425868805280314,2.2580214775402108,1.8447443178849232,Visium,LAM4,LAM20,spot
TCATGATTCACTCAGT-1,1,21,125,9941,8925,6449.0,3574,1.5614676942313757,1.4841879305414598,1.3120014893035312,1.1803332535586861,1.0778260796592372,1.860538675809688,1.6609343184616538,Visium,LAM4,LAM20,spot
TGCGGACATTCGCCGG-1,1,21,127,9941,9033,871.0,724,1.4540235182678343,1.4916261737251453,1.6687244340177636,1.127350292668585,1.9081382792116832,1.9081382792116832,1.353322738381558,Visium,LAM4,LAM20,spot
TCTATCCGTGTTGCCA-1,1,22,0,9808,2155,14566.0,5654,0.6326972409219901,1.591930055053807,0.8273477162773707,1.55703043890211,1.2738220987624682,2.6257717384293,1.4889979106505868,Visium,LAM4,LAM20,spot
AATCTGCGTTCCTTAC-1,1,22,2,9808,2263,11330.0,5099,1.564989588607483,1.839862921250032,1.056244528133984,0.6326604574433442,1.408335624388642,1.6888150445979775,1.8572353267450092,Visium,LAM4,LAM20,spot
GTAGCGTGGCACGCAG-1,1,22,4,9809,2371,11402.0,5020,1.7936996011397075,1.1329795371095746,1.1945972950755837,1.01308280654394,1.2588834737432424,2.2334355951139737,1.2588834737432424,Visium,LAM4,LAM20,spot
ACGCGTTCGCGATCAT-1,1,22,6,9810,2480,8871.0,4239,1.4774609417763336,1.8579980155890878,0.9898768035250576,0.6535279497885103,1.4774609417763336,2.2059374543535246,1.6804863108797872,Visium,LAM4,LAM20,spot
TAAGGTCCGTGACCGT-1,1,22,24,9815,3455,8656.0,3948,0.6882500759416751,1.726522408830883,1.1058258875949039,0.9459914598854976,1.1058258875949039,2.7117607044317125,1.7766270654669478,Visium,LAM4,LAM20,spot
ATCCAACGCCACATCG-1,1,22,28,9816,3671,27116.0,7751,2.80906393887489,1.6351841579075455,0.6041894027893739,0.8361706879126727,2.1631398875891823,2.0004375536640957,1.869598381848577,Visium,LAM4,LAM20,spot
GAATGTATTGGATCAA-1,1,22,30,9817,3780,24391.0,7391,1.337981205872807,1.683963398756723,0.8899284879401648,1.0777705120219296,1.4539292530386194,2.1735872389062827,1.6089129909552198,Visium,LAM4,LAM20,spot
TGCCACTCAACCGGCC-1,1,22,32,9818,3888,14923.0,5739,2.7317293576122745,2.0238025235644512,1.2075781714599858,0.6167319445245357,1.888907705835771,1.544490989655995,1.8234722184723424,Visium,LAM4,LAM20,spot
AGCTGACGTAACGCTG-1,1,22,38,9819,4213,14709.0,5720,2.5903567567239207,1.7855649653525618,1.0241120150335183,0.3595157926969212,1.9262549424938062,1.8623494812979184,2.009371854511267,Visium,LAM4,LAM20,spot
ATGTTAAGATTACTGA-1,1,22,40,9820,4321,3860.0,2403,2.891727857469087,1.4742767690969698,1.0794312298162658,0.38596389557982247,2.512375639729688,1.8890564739042994,1.9675108424653236,Visium,LAM4,LAM20,spot
CAGGCCAACGGTCGTA-1,1,22,42,9821,4430,13696.0,5559,2.4362917039118064,1.8567724689043743,1.3426802494270196,0.381605835534225,1.9229516794994053,2.3735282939578592,1.7324770999064094,Visium,LAM4,LAM20,spot
CATCCGAAGCGTATGG-1,1,22,44,9821,4538,28907.0,7899,2.3689564804010814,2.010763979090898,1.291370691175298,1.220862362313856,2.2395357589347533,2.4367457487365103,2.018836648886619,Visium,LAM4,LAM20,spot
TGCTTAGCTCCTGGCT-1,1,22,46,9822,4646,10296.0,3953,0.44147590254467395,1.173681799357453,0.3105821874430032,2.22999085440392,2.0846242807517186,2.4719595166795707,1.6107191425901488,Visium,LAM4,LAM20,spot
TCAGGATACACTACAA-1,1,22,78,9832,6380,29397.0,7725,1.8704671438745513,1.570678908508255,0.6603499873432025,0.607025193461151,1.7946750139663998,2.539962562920638,1.5742088139716695,Visium,LAM4,LAM20,spot
AGTGTCTAGGCTAATA-1,1,22,80,9832,6488,26238.0,7374,2.7219911000816084,1.522264370247677,0.9811150571235348,0.3228995503550772,2.049626113022192,2.0698708996423187,1.600233396843819,Visium,LAM4,LAM20,spot
CTCACCAGTGTAAGTT-1,1,22,108,9841,8004,23231.0,7378,2.5830418475312404,2.014894411319204,1.8448157330855073,0.4861984192837415,2.222733562717395,2.065260058259932,2.3738951663484027,Visium,LAM4,LAM20,spot
CTCATAATAGCACCGT-1,1,22,110,9842,8113,10858.0,5019,2.3857897528785417,2.0677926333078664,2.110542466226179,0.4070323360813157,2.124395712719314,2.381746105146943,2.3005384245681015,Visium,LAM4,LAM20,spot
CGGTGAGCATGTATAC-1,1,22,114,9843,8329,16165.0,6134,2.893491900527381,1.6617421401351442,1.3307267193214833,0.4815742286467748,2.4504769981131145,1.613635708585412,1.7298226403137713,Visium,LAM4,LAM20,spot
AGTAACCGCAGGTCAA-1,1,22,116,9844,8438,29262.0,7782,3.009827859614945,1.370918051975577,0.6843601397420331,0.17092664160907983,2.3659503302450786,1.560067305081039,1.8734254387528486,Visium,LAM4,LAM20,spot
CGCCACCTGGAAGACA-1,1,22,118,9844,8546,24483.0,7149,3.0779609667245613,1.1775641631608038,0.4457200178781792,0.3685093753752529,2.4077605651875755,1.7518417939875919,1.7399637308809255,Visium,LAM4,LAM20,spot
ATGTACTAGAGGAATT-1,1,22,120,9845,8654,9454.0,4610,2.181275416292879,1.786988214881639,0.9503558693509537,0.8109622688339087,1.7509183762013758,2.1287403054739977,1.7276956491200053,Visium,LAM4,LAM20,spot
CGTACACGGCGTCTCC-1,1,22,122,9845,8763,8292.0,4013,0.6213372079349165,1.6755128792623286,0.6442122881175926,0.7401962927822524,0.977658529695817,2.1791602678443955,1.6811413697051245,Visium,LAM4,LAM20,spot
CGCTAGATGTATTCTA-1,1,22,124,9846,8871,9203.0,4488,2.4995061991068668,2.002959034295036,1.7259862890534614,0.5823587055773973,2.08727506276614,1.6419648130682742,2.183561203041328,Visium,LAM4,LAM20,spot
CAGTCTCACTTAAGCA-1,1,22,126,9847,8979,2853.0,1928,2.8635690726210834,1.6498307928160327,1.7612123296942863,0.4930410334254702,2.1845259939990918,2.004985247479762,1.5980164684787401,Visium,LAM4,LAM20,spot
GGTATGGTTGTCCTCG-1,1,23,3,9714,2318,10352.0,4649,1.1216754039489596,1.9716308345840778,1.0336271625795421,0.6303026946722019,1.2965040808874415,1.9849907297619713,1.7630143492524475,Visium,LAM4,LAM20,spot
TGAGGACCACTGTTAC-1,1,23,5,9715,2426,10183.0,4716,1.1328035748226388,1.9014756037255702,1.2036683290278254,0.5389481420811102,1.044263149004975,2.302778206691153,1.755681542221312,Visium,LAM4,LAM20,spot
GTGCACCAATCATAAC-1,1,23,7,9716,2534,18194.0,6570,2.7966524120039975,1.9287726647950851,1.3394288029798318,0.4380173199488635,2.1784100659944197,1.8131778334609019,1.9426541749320496,Visium,LAM4,LAM20,spot
ATCGTAATCCACATGC-1,1,23,27,9722,3618,24627.0,7355,2.997068183061557,1.5888597377983402,1.1086589699894125,0.6146618162936213,2.3310350961453516,1.9683077631092671,1.8998389067784927,Visium,LAM4,LAM20,spot
ACCTCCTAGAGGCATG-1,1,23,29,9722,3726,11610.0,5196,1.7362066100831914,1.6018293680344915,0.781306333859225,1.1359610279706973,1.3627638637096964,2.02860902631913,1.6890432356596214,Visium,LAM4,LAM20,spot
TACGCTCCGGTTGGTA-1,1,23,31,9723,3834,14409.0,5767,1.561819245844972,1.9413988333235415,1.3286765700036884,0.6978710511406961,1.5166216706340863,1.9962996645791822,2.0157493553389862,Visium,LAM4,LAM20,spot
GGCGGAGTTGAACTAT-1,1,23,33,9724,3943,7143.0,3798,1.8870526795308162,1.0367239773234516,1.4643967648506047,1.3009199578984587,1.542213441006363,1.813721637011076,1.7448260430839801,Visium,LAM4,LAM20,spot
CGTGCGGATTCATGTA-1,1,23,37,9725,4159,34194.0,8535,2.0337600254754875,2.09626852195802,1.3672363240681977,0.7114116262878569,1.828979030263283,2.123454322541272,2.3893780842433965,Visium,LAM4,LAM20,spot
CTGGTGATCGCCGTAG-1,1,23,39,9726,4268,30931.0,7711,3.3410790295505817,1.5022184897597974,1.310395443648941,0.2111741661926192,2.577498886785319,1.7936167199012123,1.9939881393450214,Visium,LAM4,LAM20,spot
CACTCAATAAGCCGAA-1,1,23,41,9726,4376,27206.0,7433,3.1932172130376246,1.6253077885199994,1.3477188856135507,0.3371727533525065,2.390987963853885,2.333276403708081,2.386773257414868,Visium,LAM4,LAM20,spot
GCTATGCGTGAACGGT-1,1,23,43,9727,4484,11052.0,5047,1.2019698691243415,1.6925994464888885,1.8065785468299713,1.0033383007531864,1.530233314059274,2.4472185212278394,1.7492470613615372,Visium,LAM4,LAM20,spot
CAGTTGCTCACGTGTC-1,1,23,45,9727,4593,20903.0,6747,0.6713107206524095,1.8113794747949312,1.2036330824639594,1.2467400120226841,1.3986678586587684,2.4164378878499466,1.8902770299095741,Visium,LAM4,LAM20,spot
TCAGTATGTAGGACAA-1,1,23,47,9728,4701,23553.0,6597,0.3103635545131424,0.8214186168492967,0.7736111079155664,2.221516415609815,2.1318028661230795,2.034923276329712,1.1556047902438127,Visium,LAM4,LAM20,spot
ACCAAGTGATGGTGAG-1,1,23,49,9729,4809,3219.0,2090,0.8464606421858889,0.6585383698050812,0.32809391763464335,1.6555981705278267,1.8619804013616743,1.9014133337004284,1.2029471153927114,Visium,LAM4,LAM20,spot
TAGTATCCAATTACGT-1,1,23,77,9737,6326,10817.0,4948,2.06273995967182,1.998617543700846,1.296876466863705,0.9213858507380868,2.0110683687883584,2.248584465639319,2.168189607342525,Visium,LAM4,LAM20,spot
CTAATGAGCGAGGCTA-1,1,23,79,9738,6434,22743.0,7015,2.473741712548814,1.8226781264706082,0.8411736563864857,0.7125972053433656,1.9981756404758053,2.101899578047464,1.9287538748030804,Visium,LAM4,LAM20,spot
TAACATGGCCACCTCC-1,1,23,81,9739,6543,10596.0,4820,2.778821616714027,1.6929765494362008,1.3119177464442506,0.9670286024724744,2.367760444154908,2.199654406767989,1.563395950375472,Visium,LAM4,LAM20,spot
ACGTCAGATTACTTCG-1,1,23,107,9747,7951,12981.0,5570,2.1887071466327632,2.4989880227205608,2.071057755283412,0.6099770167394576,2.129978155896737,2.410814150490527,2.514688805589435,Visium,LAM4,LAM20,spot
CTTGTATCGTATGATT-1,1,23,109,9747,8059,6132.0,3399,2.625635118830706,2.1592584222606894,2.16862494385005,0.4656280024158714,2.16862494385005,2.184043452644428,2.299514499656022,Visium,LAM4,LAM20,spot
CGAGATGCCGCATCTT-1,1,23,111,9748,8168,4502.0,2704,1.8554269663415248,1.9132705127494516,2.07208446914661,0.4736166976545614,1.7913891948505138,3.2647664271658194,2.2029831757525606,Visium,LAM4,LAM20,spot
TAAGTGTCAAGGTGGC-1,1,23,113,9748,8276,8670.0,4262,2.1493759152202143,1.912059732145318,1.104744925749604,0.6091339640903802,1.645014339077792,2.6304245793196848,1.9740169460501829,Visium,LAM4,LAM20,spot
CTTGGAACTCCACGCC-1,1,23,115,9749,8384,15651.0,5731,2.596271312046672,1.8710105649959086,1.1494358541956062,0.3411727086993572,2.121994833266469,1.8611242747478507,1.8856591213813891,Visium,LAM4,LAM20,spot
ATGCTGCCGGCATACT-1,1,23,117,9750,8493,17270.0,6185,2.614188774199499,1.4451803560132852,0.9242497103891,0.6665557563129827,2.0452803871949925,1.856979335113221,1.8494163755406379,Visium,LAM4,LAM20,spot
GACCGTGAATGTAAGT-1,1,23,119,9750,8601,12680.0,5187,1.821725089393571,1.1899954484360316,0.8671535043306229,1.7828777766221893,2.0915914069938597,2.0915914069938597,1.3244860737480144,Visium,LAM4,LAM20,spot
ACGTTCACTAGTTGTA-1,1,23,121,9751,8709,5132.0,2914,1.1715292081646318,1.1453094302577316,0.9950975901640019,1.4323545079502265,1.4270539998379181,1.923616949301481,1.5376295903578028,Visium,LAM4,LAM20,spot
GTGAGGTTGGACGGCG-1,1,23,123,9752,8818,11618.0,5206,2.000671448132493,1.7312944289854868,1.6479035436516138,0.48611556161102254,1.7464191917298428,2.083100130368218,1.8187908194494615,Visium,LAM4,LAM20,spot
TGCTGTTCTTGTCCAA-1,1,23,125,9752,8926,8282.0,4152,2.968183747968278,1.6536523590680554,1.4976979186055939,0.43750327518100374,2.523378626060978,1.9512088127047216,2.013565895805198,Visium,LAM4,LAM20,spot
AAGCACTCAGGAATGT-1,1,24,0,9619,2156,28859.0,7750,0.5553360549682543,1.290194687863275,1.0667149143244705,1.8139584144731191,1.5710371270905363,2.3865219377608056,1.456721919135055,Visium,LAM4,LAM20,spot
CCGCGACCGTAGCTAT-1,1,24,2,9620,2264,9345.0,4242,0.2667701394361815,1.865236653162335,1.26454077266336,1.9364571478357526,1.4688034654068836,2.5331134725842537,2.1545951719413683,Visium,LAM4,LAM20,spot
TGCAGACGAACCAGAT-1,1,24,4,9620,2372,10908.0,4801,0.579862498685217,1.5977824249235706,1.2256826262006368,1.8192422320688022,1.634211017639318,2.3916529856940123,1.8718867971681956,Visium,LAM4,LAM20,spot
AACAGTCAGGCTCCGC-1,1,24,6,9621,2481,12040.0,4906,0.46578258317584587,1.5378312815881312,1.0170226117062586,2.1721468105472486,1.9189724933235048,2.557596383156278,1.6191908618799562,Visium,LAM4,LAM20,spot
GAGGCCACTTCTAGAT-1,1,24,8,9622,2589,13096.0,5158,1.0863784671577432,1.0678024496756733,1.3759709460184835,1.9901987457524968,2.0136397509514983,2.126013619046071,1.5723505360268561,Visium,LAM4,LAM20,spot
TATGACGCGTATGTCG-1,1,24,30,9629,3781,16509.0,6289,0.7121625578029902,2.249207829568176,1.062261844095961,0.6887349034833699,0.9516740127952722,1.9250354971413726,2.1831811732715325,Visium,LAM4,LAM20,spot
TCTTGCTCCGTCGGCA-1,1,24,32,9629,3889,18905.0,6500,2.6059379316294806,1.5253891306725471,0.8979807747044599,0.912566655757702,2.096909091603173,1.9451794127430007,1.6796959622631993,Visium,LAM4,LAM20,spot
GGAGCGAATTGGACGG-1,1,24,34,9630,3997,18913.0,6439,2.9231284427455444,1.4410890266103764,0.8977300760987239,0.6978395089426263,2.1895342731659904,1.9192882419281736,1.8064989998103969,Visium,LAM4,LAM20,spot
TCCGATGCGTATCCGG-1,1,24,38,9631,4214,45556.0,8952,3.255403313339851,1.7815367624774892,0.5700102563325101,0.26185020252859803,2.5872047058536505,1.643006338708407,2.109465256159993,Visium,LAM4,LAM20,spot
TAAGCAGTAGATACTC-1,1,24,40,9632,4322,58896.0,9568,3.3526679821866616,1.6276625712500894,1.0754700786714633,0.6229337166561949,2.605891713366996,1.8482045072415718,2.1035102890446256,Visium,LAM4,LAM20,spot
ATGTAATTGTCGTTCG-1,1,24,42,9632,4431,15489.0,5977,2.3601047322902744,1.8798203236590558,2.092088010762393,0.11099145479278212,1.7227735150686634,2.3887167853215985,2.0409997877615815,Visium,LAM4,LAM20,spot
ATTGCATCACTGACTG-1,1,24,44,9633,4539,16623.0,6403,0.8650105544740759,2.014505901455474,1.7728834413215326,1.1419465879472586,1.7981059682348932,2.418303260570778,1.8701673307015771,Visium,LAM4,LAM20,spot
GTTAACAACTTCGGAT-1,1,24,46,9633,4647,30252.0,8392,1.4035090042269374,1.5893512305181792,0.6680090436424866,0.5603384584488746,1.4502656101236742,2.249636486197563,1.6514618816356017,Visium,LAM4,LAM20,spot
GACAATCTATTAGATT-1,1,24,48,9634,4756,29079.0,8120,0.25832807304180716,1.215757012198779,0.3871991790556511,0.7241297934943108,1.1053754780542955,1.9963288415994016,1.1607428267956195,Visium,LAM4,LAM20,spot
GCGTACCGGATGGCTC-1,1,24,50,9635,4864,19356.0,6412,1.2341823127613611,1.731606166370918,0.6773693011178207,1.08943999018732,1.3625331961845388,2.118542692893349,2.3568611220379494,Visium,LAM4,LAM20,spot
CGCTATTATGATACGT-1,1,24,52,9635,4972,6109.0,3235,1.9897724725068067,1.8565895258646952,0.5979924969319554,0.36910205688162684,1.7415482598395242,2.4544508174091857,2.0994359280694144,Visium,LAM4,LAM20,spot
GTATTCCAAGTTACCT-1,1,24,78,9643,6381,20407.0,6798,2.965842462170566,1.741214691699249,1.339637828386019,0.5637875848933473,2.309115397511011,1.7180400932879814,1.9375306633871072,Visium,LAM4,LAM20,spot
CTCCTTATCTTAAGAC-1,1,24,80,9644,6489,15422.0,5786,3.079594379148599,1.8119790354360135,0.8315380346236716,0.7788446354659035,2.5002319217099886,1.8568503493508777,1.809327836071935,Visium,LAM4,LAM20,spot
GGCAGGAAGTCTTCTA-1,1,24,108,9653,8006,14091.0,5520,2.615403287015254,1.7123385176165933,2.1855017273507618,0.5733431655122578,2.175478871708186,2.5330079312348173,1.9876478104803075,Visium,LAM4,LAM20,spot
GTAGCATAGTTACAGG-1,1,24,110,9653,8114,8517.0,4130,1.6473681941273275,2.5262404306650605,2.1030969524443512,0.4276778837862168,1.1166860043521185,2.378096274601031,2.6743146322578077,Visium,LAM4,LAM20,spot
TGCGCCTCTGGCTACA-1,1,24,114,9654,8331,8017.0,4058,1.0231441008465383,2.523775884478914,1.556469141047207,1.283179700401624,1.556469141047207,2.0074941057320355,1.9351249930956813,Visium,LAM4,LAM20,spot
GGAAGCTATGGCACAG-1,1,24,116,9655,8439,13546.0,5354,0.9485299660331896,1.831204464148311,0.7882828555213179,0.9596081940729371,1.442139512463365,2.6063740164855416,1.7889255939194144,Visium,LAM4,LAM20,spot
GCCGAAGATGTATTGA-1,1,24,118,9656,8547,12774.0,5330,2.938817365712222,1.3799725574014479,0.9422236629846349,1.0721029051234656,2.497779443098466,1.9827545729833413,1.6870424150673484,Visium,LAM4,LAM20,spot
CTGAATACCAGCAACG-1,1,24,120,9656,8656,11991.0,5143,1.7518882155025297,1.5046609976098793,1.1597518700715976,1.1387313880171528,1.6224625547001925,2.653548094168959,1.5587369922337257,Visium,LAM4,LAM20,spot
GAATGTCAGAATTCTG-1,1,24,122,9657,8764,10973.0,4986,2.3008924973358673,1.8808533386773103,1.0376781472217667,0.7309359887794346,1.7746789151901505,2.5046855505123693,1.7938078574081584,Visium,LAM4,LAM20,spot
TGTCATCCAAGCTGCG-1,1,24,124,9658,8872,10726.0,4861,2.907687795070084,1.4928056222102912,0.9675728384310817,0.4658015186128533,2.5004328291304065,1.8128238848500782,2.1212997323351326,Visium,LAM4,LAM20,spot
ACCTGCTTCCACATTG-1,1,25,1,9525,2210,10742.0,4749,0.5097930936563744,1.9264112232765982,0.9666489401637925,2.1136187362074774,1.2365403815666447,2.347979748579167,1.8670503465483854,Visium,LAM4,LAM20,spot
GTTCCGATGAACCGGC-1,1,25,3,9526,2319,6802.0,3510,0.0,1.7915144132315337,0.976039795379751,1.7598247925597268,1.1057415732225788,2.1223548497898057,1.4604390864941175,Visium,LAM4,LAM20,spot
GGATGTAACTAATCCG-1,1,25,5,9527,2427,9869.0,4425,0.6251469280691823,1.3179725583666955,1.1878026434691134,1.275151220440831,1.0200124548415768,2.3310116012976576,1.1484200339279305,Visium,LAM4,LAM20,spot
CGAAGTCGTTGGCTCG-1,1,25,7,9527,2535,10019.0,4556,0.5382060230350009,1.6661670495986436,1.1381439011481689,1.6259313653122847,1.3848710510600217,2.2669818764456626,1.9793653062149474,Visium,LAM4,LAM20,spot
CAAGATAAGTGCAATG-1,1,25,11,9528,2752,43882.0,7369,0.12241173291449085,0.5073374817264307,0.9314615213257084,2.252824314861608,2.073229542928452,2.1153254260364656,1.3252409408513868,Visium,LAM4,LAM20,spot
TACCTCAGGCAACAGA-1,1,25,29,9534,3727,10940.0,5079,1.3539810504977745,1.6495722848560563,1.2236141109431435,0.8807315802410765,1.1173269912226658,2.0612235813530138,1.8335316520301577,Visium,LAM4,LAM20,spot
TACCTGCGGTTGTCCT-1,1,25,31,9535,3835,13241.0,5296,0.7318388853549478,1.6827504190231553,0.614987626765871,1.4084415759262146,0.7574567464053478,2.3812104500383855,1.5436711368602294,Visium,LAM4,LAM20,spot
GCGTCTCGCAACTCAT-1,1,25,33,9535,3944,20996.0,6844,2.5091657027307375,1.6830204764656667,1.08676233286208,0.9562945043522287,2.1402342486149704,2.2422299306471203,1.8212467496643585,Visium,LAM4,LAM20,spot
TAGGCGCATATCTAAC-1,1,25,35,9536,4052,12213.0,4966,3.1248585591095046,1.942653046166469,0.9302919850629545,0.41940372348151544,2.4281021837336136,1.7771191269034627,2.1839081428082414,Visium,LAM4,LAM20,spot
CGATGATCAGCTATAA-1,1,25,39,9537,4269,61446.0,9620,3.3900112286049313,1.4856044842427711,0.7977701916359916,0.3466055687374891,2.6634050004229035,1.6649872370419272,2.002569355105935,Visium,LAM4,LAM20,spot
TAACGCATTGGTCCAA-1,1,25,41,9538,4377,13182.0,5548,2.5504325699069956,1.3948677306005326,2.0815823224612404,0.3462721997594801,1.9557023073612185,1.9734303763682606,2.007970636539504,Visium,LAM4,LAM20,spot
AAGTCTGTCAATTCTT-1,1,25,45,9539,4594,7283.0,4132,1.9003737429650203,2.096779721758997,2.0840478325200933,0.6279502057823128,1.8162857378846564,2.0025086478888827,2.2776016925571065,Visium,LAM4,LAM20,spot
ACAACTAAGGTGTTAT-1,1,25,47,9540,4702,53821.0,10235,0.3539529729142246,1.4731597961945304,0.802419508903493,0.7164937454820366,0.9653701730256588,1.8398082187485694,1.910998262862735,Visium,LAM4,LAM20,spot
TAACAGGAACCGACAA-1,1,25,49,9540,4810,60082.0,10326,2.760838000809183,1.6314045170493967,0.7232155124216926,0.5719241022927615,2.1140500712873638,1.9083792198983485,1.9969154621646503,Visium,LAM4,LAM20,spot
AATATTAGGCTTCTGG-1,1,25,51,9541,4919,36759.0,8479,3.0208791029600985,1.722322487370921,1.3319524150403312,0.35095885905747454,2.2585631883856987,1.890428531919978,1.9772656447771244,Visium,LAM4,LAM20,spot
GGATCGCTGGCATATT-1,1,25,53,9541,5027,47424.0,9043,3.23593215703537,1.6274262940976738,0.7941078488835088,0.3915255196507194,2.5582964234138448,1.5303572175114049,1.856826327913136,Visium,LAM4,LAM20,spot
GCTTGCTTACTTAACG-1,1,25,55,9542,5135,36421.0,8572,2.844877137655381,1.7587058748873345,1.234535271079316,0.6923593626062665,2.2597000041839035,1.548976987715256,1.875741833035565,Visium,LAM4,LAM20,spot
GCCACTATAGACCATA-1,1,25,57,9543,5244,29871.0,7954,2.1009221807137366,2.0748403998464857,0.9677507292485857,1.0171006589421336,1.900784048371991,2.033353316364394,2.04063017193775,Visium,LAM4,LAM20,spot
TCCGGCTCTATGGACA-1,1,25,59,9543,5352,12317.0,5178,2.5149834535116002,2.136453918136774,1.0391253512881198,1.3554497569088564,1.7872161336625763,1.9774724103315757,1.958564752741913,Visium,LAM4,LAM20,spot
GTCAGTGAGGATCGTT-1,1,25,77,9549,6327,13529.0,5424,2.682495276516052,2.0541502670384837,1.464686828280527,1.6928443566032276,2.270583143126111,2.1842854408039623,2.3171798217096136,Visium,LAM4,LAM20,spot
ATTCCGGTTACATACC-1,1,25,79,9549,6435,19849.0,6858,2.509566552635702,2.0734852518252067,1.495966942835184,0.7842707853165247,2.0938654548085793,1.9160020058807872,2.0380203135464567,Visium,LAM4,LAM20,spot
CAGTATGCGTGGCGCT-1,1,25,81,9550,6544,14009.0,5686,1.9482702742392402,2.1643948322901743,1.3723312428453862,1.6396128856007817,1.9680568575042143,1.8858027054792628,2.3037907332529453,Visium,LAM4,LAM20,spot
TGTACCAACTACGCAT-1,1,25,107,9558,7952,14883.0,5690,1.4501023659777401,2.428986545488111,1.9877556067577795,0.6503636604196618,1.9406361899360862,2.885340970733852,2.35846270308072,Visium,LAM4,LAM20,spot
CAGAACATGATAGGAC-1,1,25,109,9559,8060,9572.0,4425,1.897815224017952,2.247302944464148,2.133407035647928,0.8457118947613431,1.209141205294079,2.525076530349137,2.3910336593258155,Visium,LAM4,LAM20,spot
AAGATGAAGGTCATCG-1,1,25,113,9560,8277,5216.0,3108,1.5174264052158384,2.2030019935762315,2.486885773873852,0.5289536762918382,0.8911302184242045,2.159720181877765,2.042534101765922,Visium,LAM4,LAM20,spot
GGTCTTGATAACGTCA-1,1,25,115,9561,8385,8976.0,4050,0.9522544966139219,1.4683917233070913,1.3311000442306296,0.963358615256877,1.0816843134763359,2.109186367494997,1.770554343739395,Visium,LAM4,LAM20,spot
GTGACACCAAGTGAAT-1,1,25,117,9561,8494,6827.0,3524,1.1944632099988057,1.539429647709101,1.8707086337695902,1.0047024267256313,1.4140653974070858,2.7023899564473015,1.7823160651853418,Visium,LAM4,LAM20,spot
TGGTCTCAGAATGCAC-1,1,25,119,9562,8602,7705.0,4062,1.5492987109299303,1.780338232333703,1.5193186491990174,1.0604929686406939,1.5879232428825312,2.9189100936392727,1.8742451545593206,Visium,LAM4,LAM20,spot
GTTATTGACCTCATTC-1,1,25,121,9562,8710,11311.0,5019,3.0779151143187575,1.7379549861578643,0.795537149352374,0.39355021115405847,2.432570510201027,2.070074285729274,1.8412748896712854,Visium,LAM4,LAM20,spot
GTCCGTCGGCATGCGT-1,1,25,123,9563,8819,4615.0,2725,2.6610028294133423,1.2189201227802264,0.7340125110859276,0.9461946783650405,2.268758257397299,2.230685974910726,2.0149752461751733,Visium,LAM4,LAM20,spot
TGAGTCGCCTCCGTCG-1,1,26,0,9431,2157,15671.0,5998,1.187539990786836,1.839979213069383,1.3328358287021578,1.5378764140648145,1.413627796370954,2.0549731105613493,1.9770880786617593,Visium,LAM4,LAM20,spot
TCTTAGTCTGCCATCA-1,1,26,2,9431,2265,6168.0,3362,0.769205392484009,1.9222870032918773,1.4451626539750544,1.6053261811343749,1.2331159711115716,2.0483759844465093,1.6200172911990962,Visium,LAM4,LAM20,spot
TGCGCCAGTAATGATC-1,1,26,4,9432,2373,6690.0,3396,0.6174281608771034,1.7018903642270535,1.0537754358794715,1.1113048706232045,0.9864189824905131,2.2741323056985947,1.176237450698646,Visium,LAM4,LAM20,spot
GCTTAATAGAGGCGAG-1,1,26,6,9433,2482,11060.0,4882,0.41651210548653783,1.8741641092257586,1.0325858216263524,0.8033210155017854,1.0325858216263524,2.3067355997192722,1.8947664036419316,Visium,LAM4,LAM20,spot
AATGGTCTCGAGCGCT-1,1,26,8,9433,2590,4136.0,2532,1.2289955978112672,2.3899510170535128,0.9207296082159993,1.600678010421706,1.8625345470422479,1.8307487085533791,2.110623408679571,Visium,LAM4,LAM20,spot
AGGAGCATCACTCAGC-1,1,26,12,9434,2807,41887.0,7114,0.21409276084361265,0.2883562787187987,0.9712790557645409,2.419835674517152,2.0958418778978847,2.2898117761618013,1.2546880674317635,Visium,LAM4,LAM20,spot
AATTGCGGTGCTAATA-1,1,26,24,9438,3457,3488.0,2036,0.3432829174233277,0.7639732331285577,1.5225099348023439,2.523156531922,1.4411006862980744,2.6984733988475593,1.3524718952127666,Visium,LAM4,LAM20,spot
TCGATATTAGACATAC-1,1,26,28,9439,3673,6789.0,3374,1.5660375278071312,1.295096351067647,0.5518632379904804,1.1867482192773946,1.3726877001793685,2.3108826784766094,1.2218847767884748,Visium,LAM4,LAM20,spot
GTAAGTTGCTGGTGGA-1,1,26,30,9440,3782,14799.0,5651,0.5162437188576033,1.7690354899429022,0.6999152249816177,1.531330092331559,1.3316666972260993,2.4690771314615616,1.8702988669965137,Visium,LAM4,LAM20,spot
CGCACGCAGGTAAGTC-1,1,26,32,9441,3890,16320.0,5923,1.1865958042445945,1.8834236760214624,1.0431824837287789,0.8488245782410035,1.238658362313826,2.3215222940137967,1.6362802929609646,Visium,LAM4,LAM20,spot
CAGCTGGATGCGGCTA-1,1,26,34,9441,3998,19548.0,6565,2.969864901514602,1.5219018149577266,0.8236942801229453,0.38189327155785985,2.44121651338388,1.878229771170833,1.7004043525947792,Visium,LAM4,LAM20,spot
GCCGGCGAACCATTGT-1,1,26,40,9443,4323,49230.0,9358,3.126442556727182,1.5425756154861696,0.8417107659757465,0.3277126619874417,2.4028687578512318,2.3198966318830916,2.1268959718682185,Visium,LAM4,LAM20,spot
CCATAGTATTGTCTGC-1,1,26,42,9444,4432,23183.0,7178,3.138121197039457,1.662100669404236,1.776072503655988,0.302267573229736,2.4621364609712058,1.6566294330198696,2.1137271013415644,Visium,LAM4,LAM20,spot
CTGCCGATTGCGATGT-1,1,26,48,9446,4757,19446.0,7057,1.646236484654058,2.4980784586635774,1.3915771019604077,0.9146831273167199,1.7833246680451307,1.9084156110724237,2.68290203548497,Visium,LAM4,LAM20,spot
TACACTGTCGAACCAA-1,1,26,50,9446,4865,48843.0,9027,3.387935549577636,1.6120061163901687,1.37843748065282,0.21669291231359555,2.6855480301145356,1.7178390681467344,1.9977512590036919,Visium,LAM4,LAM20,spot
CGCACTGTGAGCCTGT-1,1,26,52,9447,4973,31248.0,7921,3.209752333714194,1.3962928523115086,1.7509903655830472,0.34167211834096495,2.613065962370284,1.5318868355099353,1.9459650082044617,Visium,LAM4,LAM20,spot
ATACTGGAGGATAACG-1,1,26,54,9447,5082,30469.0,7818,2.939716041152035,1.590379240176932,1.8776949488354098,0.283826475628344,2.337350647125754,1.6717236600349963,2.271854151112977,Visium,LAM4,LAM20,spot
AACTAGCCTTGCAATA-1,1,26,56,9448,5190,32952.0,8300,2.8507508058893034,1.6106025653536342,1.6286262671596623,0.5245559971560878,2.2549841340398564,1.7141718662203027,1.9230553188405608,Visium,LAM4,LAM20,spot
CCGCGTCGTTGGTCTG-1,1,26,58,9449,5298,12734.0,5289,2.993698525676639,1.8713550604928257,0.8224683719979425,0.7946401242767854,2.451137777795328,2.0379739210086893,1.9718885120082792,Visium,LAM4,LAM20,spot
ATGTACTACCGACTTC-1,1,26,60,9449,5407,24033.0,7092,1.9632635465002892,1.8706396374388805,1.1582941344660307,0.8101670851219407,1.578746608796191,2.146989290273605,1.7552834291242332,Visium,LAM4,LAM20,spot
GTCAACCTGACGATAG-1,1,26,78,9455,6382,14516.0,5850,2.8063464977519823,1.7132044330879614,2.0976848354220237,0.7249635918303297,2.226431661723803,2.4277563405624143,1.8866562265776523,Visium,LAM4,LAM20,spot
ATTCACCTGACCAGTT-1,1,26,80,9455,6490,28276.0,7859,3.0327514804802385,1.8070844535904786,1.3654967560437052,0.27877214079414364,2.4480262901311014,1.9807168769166632,2.0775299690066973,Visium,LAM4,LAM20,spot
CCTAAGCATGCCTTGT-1,1,26,82,9456,6598,5455.0,3057,2.055271330914247,2.2634230398984148,0.8649491947290391,1.343673155733934,2.0636204368049857,2.25704810994819,2.3844733784978858,Visium,LAM4,LAM20,spot
TAACCTTGAGACTTCG-1,1,26,108,9464,8007,5696.0,3293,1.255053395515916,2.0374923906216744,2.2104405433585237,0.8905275771014449,1.3488207164589328,2.5646972369465955,2.2574452106791942,Visium,LAM4,LAM20,spot
CATGCGCTACTGGAGG-1,1,26,110,9465,8115,8796.0,4166,1.5201809657742065,1.981393419767993,2.515177496347607,0.5443393206665064,0.3551048169820368,2.782440368505882,2.1603234395840967,Visium,LAM4,LAM20,spot
TAGCGGACCACTGTTA-1,1,26,112,9465,8223,8051.0,4164,2.0915689415758445,2.3574547692444403,2.2223281032655007,0.5824477972064238,2.1159217431725863,2.134461116748809,2.5372236199330427,Visium,LAM4,LAM20,spot
CCATGAACATCGTTGG-1,1,26,114,9466,8332,20519.0,6631,2.594709429363182,1.9168495065321802,1.060735117543843,0.20009940270541524,2.1101378792905527,1.9927380358961597,2.35169778653907,Visium,LAM4,LAM20,spot
TATCTAGGAGTGGACA-1,1,26,116,9467,8440,8776.0,4228,2.555913090778354,1.8312314188458327,2.0945389418922393,0.27061085688988806,2.2103308588998924,1.9296745343495538,2.4208339372925134,Visium,LAM4,LAM20,spot
GTGCACTTGTTCCTGG-1,1,26,118,9467,8548,7399.0,3670,1.255613672152974,1.9186264776672273,2.111968652826289,0.5522748282009822,1.3964801790778831,2.957288120537894,1.620299110151692,Visium,LAM4,LAM20,spot
TGGCCAAGCGTACAAG-1,1,26,120,9468,8657,5980.0,3395,1.4123494748672234,1.8486391374215994,1.7591832987934424,1.038247337198464,1.5607815185812346,2.542049579796939,1.9547103009833118,Visium,LAM4,LAM20,spot
GGTAGGTTGTTACGGC-1,1,27,1,9337,2211,18058.0,6532,1.3475447171615902,1.8254277945109283,1.1891554042704922,1.1833907072007788,1.4797502063910286,2.0926946013468157,1.6124017295200588,Visium,LAM4,LAM20,spot
GTTACAGGTACATGGC-1,1,27,3,9337,2320,7603.0,3890,0.7548886056296694,1.915036904086064,0.9723261514128437,1.6908503220453743,1.2430392142528353,2.1082702940341513,1.780405856897059,Visium,LAM4,LAM20,spot
GGCGATCGGTCTGCTC-1,1,27,5,9338,2428,7529.0,3950,0.1737369134609027,1.979970439372582,0.9784189924511103,1.192151067971477,0.691219437083972,2.241976796806954,1.6708419605604081,Visium,LAM4,LAM20,spot
TAGCAGTCGTCATGAA-1,1,27,7,9339,2536,5061.0,2864,0.7556910598133437,1.8460762459789284,1.0039012838638506,1.4429773995821435,1.3128777128789426,2.4456547609308648,2.2138154216358727,Visium,LAM4,LAM20,spot
AGTCTAGGATTGTCAC-1,1,27,13,9340,2861,37193.0,6860,0.14292107015478078,0.4814354949545628,1.0229001648337186,2.3591044157388708,2.1072782385618156,2.233760249763121,1.2775538488425984,Visium,LAM4,LAM20,spot
ATCGATGTCAGATAGA-1,1,27,15,9341,2970,10054.0,3780,0.2501201606230363,0.4679874744390016,1.0950251983331514,2.376341783161943,1.9934423654092523,2.1155258540624087,1.317809331900236,Visium,LAM4,LAM20,spot
CCTCATGATTATCTGA-1,1,27,29,9345,3728,7970.0,3869,0.9605725882592936,1.6371555987566562,0.7409211148544319,1.6741831533922051,1.161816796189242,2.4385028038074013,1.7413682750347954,Visium,LAM4,LAM20,spot
CGAAGACCGCCAGGCG-1,1,27,31,9346,3836,11520.0,4881,0.31628688303344427,1.3957976723827186,0.2818054639627959,0.7060060687354858,1.1189480889802155,2.5316370809944218,1.5218581921498313,Visium,LAM4,LAM20,spot
GTAGACCTGTCAACCA-1,1,27,33,9347,3945,9823.0,4502,0.9554129943941961,1.8395488888182643,1.151612700214479,1.2256051020468233,1.399718060131091,2.0303987496543896,1.8869339039614144,Visium,LAM4,LAM20,spot
CATTGCGTGCCACCTT-1,1,27,35,9347,4053,17351.0,6278,2.3793337212093326,1.5327543960372574,1.029993965206915,1.2112671703137445,1.9634084939862135,2.068889551565066,1.8224536979855754,Visium,LAM4,LAM20,spot
CTGAAGGAGCCTCACT-1,1,27,41,9349,4378,31472.0,8272,2.037655262695142,1.6037788185885133,0.8025633906019656,0.740820908225515,1.8931020100512868,2.652278426737093,2.088125763074902,Visium,LAM4,LAM20,spot
TGACATTACAACGCCG-1,1,27,43,9350,4486,18545.0,6604,2.667484414476539,2.0806877316998214,1.8550924243834943,0.6833070179070154,2.5224122858029765,2.1028795507862075,2.50053388355421,Visium,LAM4,LAM20,spot
ATCCTCGTTCCAGGCC-1,1,27,45,9350,4595,7694.0,4124,0.5554320484222716,2.410342007154088,2.0776853865567957,0.6653887511445098,1.5890601262643327,2.4707190233861867,1.8243647994889272,Visium,LAM4,LAM20,spot
ATCCGGATGACGTAAC-1,1,27,49,9352,4811,11438.0,5122,1.5574936273011637,2.089597004023441,1.7012288962690059,1.2423883067162254,2.265246852374465,2.214839052080103,2.064955235031141,Visium,LAM4,LAM20,spot
GGTCCTGCGAGTAGGT-1,1,27,51,9352,4920,8941.0,4624,1.6703438911972797,1.5691796407355543,2.416430924504212,0.6497645308370713,1.749788080111643,1.9137739579713025,1.8425484050050172,Visium,LAM4,LAM20,spot
ATTAGCCTCACTTCTA-1,1,27,53,9353,5028,4952.0,2992,2.105607852957476,1.7306972180094058,2.856901843874342,0.0,1.6171624439232073,2.3758695859402583,2.1186952634842995,Visium,LAM4,LAM20,spot
TGGTTGCCTCCGGCTT-1,1,27,55,9353,5136,5535.0,3289,1.7309049526177247,1.9141822648643656,2.4125690503955535,0.4006081321060913,1.3701300934088054,2.211574599366026,2.613504558835088,Visium,LAM4,LAM20,spot
CGCAACCATGCACCGA-1,1,27,57,9354,5245,19937.0,6846,2.6419872759922622,1.6119626855940132,1.783912473959392,0.7818687360316333,2.2928422442514305,2.112986280946951,1.9486150194682292,Visium,LAM4,LAM20,spot
ACCAGTATGAAGTTCC-1,1,27,59,9355,5353,50317.0,9220,3.215091933798135,1.5425905491443732,0.8401232228181058,0.4213062249220048,2.539708416171328,1.6306695368764264,1.8312633467700905,Visium,LAM4,LAM20,spot
TCGTATCACGTTATGA-1,1,27,61,9355,5461,34634.0,8301,3.0447659656747614,1.5466664188159769,0.848180170943524,0.7049235192279939,2.253147089525017,1.8395093459361311,1.9078493071303808,Visium,LAM4,LAM20,spot
TCCTCACGTGTAGACG-1,1,27,79,9361,6436,6360.0,3476,2.732779336301907,1.6573292001385154,2.4000370598668455,0.35684645581635027,2.1593028105431133,1.7434408919572473,2.1593028105431133,Visium,LAM4,LAM20,spot
AGAACAGGAGCATGGA-1,1,27,81,9362,6545,28232.0,7828,2.4576074673163846,1.933732508596473,1.3999615190231118,0.5542394804958473,2.062140211130981,2.0374361861387524,2.010131097608749,Visium,LAM4,LAM20,spot
CGCTATAGTCTTCATC-1,1,27,109,9370,8061,6345.0,3508,2.048270075390432,1.7453895417702476,1.811912267236033,0.45305261673323327,1.423611402494898,2.4198601632161876,2.040984917938555,Visium,LAM4,LAM20,spot
AAGCGAGGAAGTGAAC-1,1,27,111,9371,8170,10803.0,4672,1.8388872962035656,2.523990580088594,1.4976697971960633,0.7390628425922909,1.5481315346240136,2.8083232813400225,2.305108981119461,Visium,LAM4,LAM20,spot
TAAGCCATACGACACG-1,1,27,113,9371,8278,9789.0,4634,2.6890727079473478,1.9202790900449227,1.8095623912687682,0.5555784775950627,2.2162031670937337,1.8095623912687682,2.2162031670937337,Visium,LAM4,LAM20,spot
ATCACTTAGGCCTTGT-1,1,27,117,9373,8495,6477.0,3518,1.6034383457315513,1.7006271589869582,2.0968702181141445,0.610928331068497,1.580999680204935,2.860400957414891,2.229863316549087,Visium,LAM4,LAM20,spot
CTTACGACAACGATAC-1,1,27,119,9373,8603,8554.0,4199,2.337213525622977,2.0054909284148557,1.2893286147542613,1.069176830644834,2.0440735795116045,2.990696624736644,2.168472349681757,Visium,LAM4,LAM20,spot
CTATGTCGTTCCGCTA-1,1,28,0,9242,2158,26180.0,7614,2.2919756996505747,1.6920981000195832,1.1003932330391044,1.6081035966983062,1.9413707773183742,2.0877150898966144,1.7283577263799745,Visium,LAM4,LAM20,spot
ACGGCCGGAACGCTAG-1,1,28,2,9243,2266,13289.0,5347,1.9487655763035325,1.5286637561398178,0.9907039582726364,1.115888318646324,1.7243858529959746,2.293000085323726,1.70747390406905,Visium,LAM4,LAM20,spot
GTGACAATAGGTATGT-1,1,28,4,9243,2374,12291.0,5108,0.965921266398153,1.8515653666287795,0.965921266398153,1.0470027159433843,1.4479569848998417,2.0160793413960594,2.0160793413960594,Visium,LAM4,LAM20,spot
TAGTATTGCCGAGTTG-1,1,28,6,9244,2483,6725.0,3423,0.9930353887897502,1.7244910791660097,1.228574742753848,2.0831100326485785,0.7491690545244918,2.5375053701335495,1.5512730881125485,Visium,LAM4,LAM20,spot
GTACGAGGTAGTGCAC-1,1,28,16,9247,3024,19153.0,5408,0.07193672324376811,0.42009846213246654,1.228108767650194,2.3044122366552138,2.101573806867807,2.085486254385674,1.4801772093047083,Visium,LAM4,LAM20,spot
CGACATTGTATGGAGG-1,1,28,26,9250,3566,6527.0,3593,2.442852214416445,1.6657942070013834,1.4922790116723752,0.9825948285825471,1.7883062946344512,1.8897464599111584,1.8800531553150115,Visium,LAM4,LAM20,spot
AAGTCGCTATCCTGTC-1,1,28,28,9251,3674,11131.0,5121,1.496319788013927,1.8960997898817424,0.8533883404766713,1.2144638839324369,1.548809921642446,1.9655742751648047,1.7819036147910758,Visium,LAM4,LAM20,spot
AATAGATAGCCTAACC-1,1,28,30,9252,3783,7050.0,3481,0.7956159812432863,1.2271073797275929,0.8069823232087439,1.972629295788823,1.9499546439518196,2.2272397671632747,1.7858317695947798,Visium,LAM4,LAM20,spot
GGTCACCGCATAACAA-1,1,28,32,9252,3891,10239.0,4624,0.6082074686940131,2.0207005522240635,0.8513914333551054,1.1964840552023706,1.7511470272528498,2.2125307971517083,1.8127793052478014,Visium,LAM4,LAM20,spot
CGGCAAGATGCGTCGG-1,1,28,34,9253,3999,12751.0,5251,1.9687867154870442,1.232904769783855,0.522489745778487,1.6901568226777206,2.010905812737959,1.8079017128115615,1.6885112973444587,Visium,LAM4,LAM20,spot
TGACTTCGGCGTAACA-1,1,28,36,9253,4108,39415.0,8381,3.2708915345344898,1.493008140583825,0.7615986564172854,0.5527735511366371,2.5881369010875765,1.5958485950315766,1.9762879846424053,Visium,LAM4,LAM20,spot
TCTACTTAGGTTCTTA-1,1,28,42,9255,4433,32317.0,8345,2.8016457689839327,1.7990304721027959,1.0894524571414141,0.7133544731260477,2.3960087560429875,1.850583907989506,2.154065197377708,Visium,LAM4,LAM20,spot
CTTCCAATTGAAGATT-1,1,28,48,9257,4758,7350.0,3546,2.054472530350634,2.1539745935424026,1.6585519632460397,0.3155823500392046,1.751268107873318,2.6005878729088954,2.337347951642895,Visium,LAM4,LAM20,spot
AAGTTCCTATTGCTGG-1,1,28,50,9258,4866,14938.0,5790,0.9653732182174859,2.28610242716694,1.6455693142536574,0.5482897553208365,1.1815242912197403,3.115000843857236,2.4167048315543704,Visium,LAM4,LAM20,spot
TGGACGCCTGCGACCG-1,1,28,54,9259,5083,4806.0,2867,2.484753060124778,1.7553866874330744,1.534990563258068,0.32086172778899463,1.824844578212324,2.4638916079696362,2.5212408530573054,Visium,LAM4,LAM20,spot
CTAATCTGGCCGTGTT-1,1,28,60,9261,5408,26982.0,7568,3.0526879744015267,1.5488753671135322,0.9637281101761055,0.5545945726149482,2.3287825451098363,1.9879423769884437,1.8076311647093224,Visium,LAM4,LAM20,spot
TAAGGACGCCTGGTTG-1,1,28,62,9261,5516,32636.0,8295,2.4910988091779402,1.5937249622283842,1.4836053458092378,0.5285004531789032,1.844332228282968,2.1165896797783317,1.6657693580733686,Visium,LAM4,LAM20,spot
ATCGTACACCTATGCC-1,1,28,64,9262,5624,14488.0,5672,3.2522390391391514,1.5386290837152519,1.2284094953616016,0.2728774758051375,2.590601869227481,1.2935944289327996,1.8067169886494272,Visium,LAM4,LAM20,spot
GCTGTAGTGCTGTCGC-1,1,28,76,9266,6274,6387.0,3634,1.418606790049761,2.246509175407552,2.9850839537428104,0.3555769418075826,1.3190697033183705,2.3902273270898164,2.9133389372510807,Visium,LAM4,LAM20,spot
TCCATGATGTGATCAA-1,1,28,80,9267,6491,39808.0,8568,3.0907527091273543,1.7999320383574557,1.181988538535995,0.4943503981076734,2.6163655418985874,1.7747002618070604,2.0797366649273292,Visium,LAM4,LAM20,spot
TGACCAATCAGCCACG-1,1,28,82,9268,6599,9737.0,4313,1.8140185319207565,1.6308160609288187,0.9816633509831806,1.3103774309884095,1.8140185319207565,2.536822945669644,1.235224241818258,Visium,LAM4,LAM20,spot
TCTGGTATCTGTAGCC-1,1,28,108,9276,8008,19677.0,6865,2.3729079058928098,1.9740993777929914,1.8361994472065066,0.5265081859045185,2.045593876077181,2.2746206721820657,2.4352133742720765,Visium,LAM4,LAM20,spot
GAGCTAACCTACTTAC-1,1,28,110,9276,8116,9340.0,4434,2.4986035865800527,1.960486781278155,2.074342912628355,0.3965356044211163,2.004715688016126,1.9298752695701291,2.3890967020083997,Visium,LAM4,LAM20,spot
CTTCGACTCCAGACTG-1,1,28,112,9277,8224,7922.0,3872,2.3042319491150236,2.5145275441923083,1.2139706268087134,0.8658655764216157,1.8991754322278322,2.9493256587975356,2.3019790017587636,Visium,LAM4,LAM20,spot
AGCTGTCCAGATGCTA-1,1,28,114,9277,8333,9087.0,4278,1.3428095111975469,2.3584092103580243,1.9533967145327435,0.5879778399512453,1.426442639143616,2.2049873495150942,2.147772075825737,Visium,LAM4,LAM20,spot
TATCTAATCACCTCGG-1,1,28,116,9278,8441,6160.0,3605,1.199696512599722,1.9697426244234115,1.9865837095542183,0.25863376562317586,1.2340358294446703,2.0140368446544157,2.274766658550405,Visium,LAM4,LAM20,spot
CTTGAGTCTTACAGTG-1,1,28,118,9279,8549,7666.0,4084,0.8348469213645772,1.8481856673578994,2.1401428935675906,0.7820156893043183,1.188698910211413,2.1528496740069456,2.0603124417526653,Visium,LAM4,LAM20,spot
CTCATCCTCGGCAAGT-1,1,28,120,9279,8658,4917.0,2816,0.7711025480950287,1.9602752281981466,1.9954485124299914,1.2777126509181362,1.3340586706206574,2.283704147794196,1.6718004864628155,Visium,LAM4,LAM20,spot
GAAGCGAGAACATGGA-1,1,28,122,9280,8766,6648.0,3732,0.35751694795792605,1.9695245989484513,2.2066399342566068,1.2804292754453106,0.9903729172075193,2.305108981119461,2.2066399342566068,Visium,LAM4,LAM20,spot
GTATCTCAGCCTTGGT-1,1,28,124,9281,8874,3605.0,2279,0.5836392036854793,1.8791367832613377,1.49680801204625,1.6163738334870528,1.49680801204625,2.816540349713452,2.26887482820145,Visium,LAM4,LAM20,spot
CATCCTGGTACCTGCT-1,1,29,1,9148,2213,19970.0,6817,2.5934401075942977,1.6876222633313254,0.8658667851355029,0.7383824205044219,1.9471969665048308,1.9937267244396533,1.9291745640556048,Visium,LAM4,LAM20,spot
TATTCGTGCGTTCTGG-1,1,29,3,9149,2321,19686.0,6625,2.568502214347145,1.8297205225705082,0.9506622195077047,0.9792521323678782,2.0286320434711786,1.9594893232881792,1.9772283364320546,Visium,LAM4,LAM20,spot
CAATCTATGAGGTCAG-1,1,29,5,9150,2429,20624.0,6712,2.833258978026151,1.2725156133397242,0.6466502538010639,0.7839656278035572,2.1347469715953293,1.9314164676169698,1.423510171485243,Visium,LAM4,LAM20,spot
GAGCGGCAATGGAATA-1,1,29,7,9150,2538,9483.0,4708,1.5926545396544212,1.4513814110034964,0.9982734930092592,1.1029933100044709,1.6002851122508162,1.5823890161970617,1.6002851122508162,Visium,LAM4,LAM20,spot
CCTTAGTTATACCAGA-1,1,29,9,9151,2646,3966.0,2498,0.5425621651015531,1.9532314565210547,1.0616281043885867,1.1193915500507927,0.4887996492056371,1.5648898723639315,1.0616281043885867,Visium,LAM4,LAM20,spot
TGCTATTGCGGCGTGG-1,1,29,13,9152,2863,5632.0,3172,1.188719068364542,2.0004044834743535,1.357199762198857,1.2761012506238556,1.6519176230924941,2.162647945877493,1.9125892057755904,Visium,LAM4,LAM20,spot
AGTCGGTTATACATAG-1,1,29,23,9155,3404,15609.0,6045,2.6517767929324334,1.480576050485485,0.9248769943809608,0.5636868878339972,2.075324873011152,1.8959885872007427,1.5610570436961695,Visium,LAM4,LAM20,spot
AAGCATTGAGTGGTTG-1,1,29,25,9156,3513,26559.0,7469,3.2830578657631975,1.5044413000823988,0.47737968755874227,0.4143829832478924,2.4212722050424786,1.3735657539561228,1.9560568156515388,Visium,LAM4,LAM20,spot
CAGCACGCTAATCAGA-1,1,29,27,9156,3621,10211.0,4858,1.9280394233396558,1.4878748494887126,1.125283112946977,0.5884947016428084,1.7534106378151388,2.1600377976307024,1.6413585918458726,Visium,LAM4,LAM20,spot
TGAATTATGCCGCAGT-1,1,29,29,9157,3729,2243.0,1566,1.068395774905445,1.4160522527445694,0.7488555913573733,1.3447193203273058,1.331428039259801,2.366468584666713,1.8829541383296113,Visium,LAM4,LAM20,spot
CTCGATGTTGCTATGT-1,1,29,31,9158,3837,3218.0,1967,0.8466380874773983,1.3341502256573836,1.0791576430815462,2.0872293759411407,2.2560887534232448,1.9016776376819917,0.9375668218910265,Visium,LAM4,LAM20,spot
CTTGCGTAACAGCAGT-1,1,29,33,9158,3946,10401.0,4595,1.2448142473364532,1.635927517011573,0.7892786223580439,1.2119150645423142,1.293075541593575,2.462673580412423,1.8193377240336865,Visium,LAM4,LAM20,spot
GTTGACATGAACCAAC-1,1,29,35,9159,4054,16244.0,6169,2.730135400378733,1.4499128888904318,0.6933318470835071,1.1035102454906232,2.2311708168785596,1.8935801145203366,1.8173865743639679,Visium,LAM4,LAM20,spot
CAGATTATCATAACGC-1,1,29,37,9159,4162,26466.0,7257,3.100686741180005,1.564112606986766,0.8220772073813732,0.6912114376602121,2.508628686604498,1.7334357303440764,1.784935056937014,Visium,LAM4,LAM20,spot
AGACCGTCATTAGTTA-1,1,29,41,9161,4379,26668.0,7749,2.68877223847676,1.8503792416418903,1.0721926468979246,0.8309026661139463,2.361692758250838,2.0556814162919985,2.40068668795116,Visium,LAM4,LAM20,spot
ATAGATTGAGTTCGAG-1,1,29,43,9161,4487,23800.0,7104,2.7347416150776183,2.0919678014990164,1.6689744486790163,0.47695041456887466,2.4196208840798845,2.3469637801875955,2.618131622921846,Visium,LAM4,LAM20,spot
TATGAGGATCTACTGG-1,1,29,47,9163,4704,7932.0,4230,0.6421230554834111,2.204816017645401,1.8742043477583856,0.9572590504430286,1.7174122556624436,2.1718401994112027,2.5005220317655845,Visium,LAM4,LAM20,spot
AACCACTGCCATAGCC-1,1,29,49,9163,4812,9626.0,4650,0.8482980511849156,2.385924315828087,2.0646326579835588,0.9576246932336472,1.4761973563822492,2.560849481441109,2.6834122999453993,Visium,LAM4,LAM20,spot
CGGTATAGGATGAGCG-1,1,29,51,9164,4921,7157.0,3784,0.8743153548448284,1.6736183283809967,1.1849442241713068,1.333543941279505,1.8309201711941583,2.161572543589995,1.9370484687053595,Visium,LAM4,LAM20,spot
TCTTGCACTATTCAGA-1,1,29,53,9164,5029,14851.0,5937,1.3817847515925783,1.9826834418805988,2.1873902813192183,1.0425439720569607,1.4931166722874372,2.2543573590089885,2.6119366101931507,Visium,LAM4,LAM20,spot
GTATGTTAGTTCTACC-1,1,29,61,9167,5462,35160.0,8255,2.859648346887187,1.2855370632256258,0.6908692752469514,0.8184289490998043,2.1891972478028876,1.9688319473425595,1.5768300980750054,Visium,LAM4,LAM20,spot
TCAGCGTGACCTTACC-1,1,29,63,9167,5571,25646.0,7269,3.212499101290341,1.3672217955800692,1.1456815922801422,0.5765283659447614,2.571669419101197,1.6281037613109943,1.7538106599556487,Visium,LAM4,LAM20,spot
GCATTACCTGTCAAGA-1,1,29,75,9171,6221,9988.0,4750,0.35703531151755874,2.398986896514953,2.80448837156557,0.43574201963670456,1.17948641796647,2.7419633221498483,2.7174703825029565,Visium,LAM4,LAM20,spot
AATAGTGCTCATAGAA-1,1,29,79,9172,6437,38378.0,8293,3.299305607078778,1.590966203752456,0.9539588708329064,0.15342015160393066,2.631745987305377,1.6171624439232073,2.0167877408131916,Visium,LAM4,LAM20,spot
ATCTCCTTGCGATACA-1,1,29,81,9173,6546,11281.0,4747,1.6923499492142657,1.7555811345431902,1.3271133271808209,0.896311831296422,1.58477676819001,2.1441511046112285,1.6717412008397177,Visium,LAM4,LAM20,spot
TAAGCTCCTTCACGCC-1,1,29,109,9182,8062,27864.0,7497,3.2369325619872438,1.721648299079886,1.2562432266809151,0.23191141140033897,2.580377771581785,1.8056983016790988,2.180488828155637,Visium,LAM4,LAM20,spot
TGCACTCCAGCTACTC-1,1,29,111,9182,8171,12400.0,5183,2.8673226992047702,2.029844600540464,1.4412101187160054,0.6694071932568724,2.237185986605427,2.56205020446797,2.3490684510655626,Visium,LAM4,LAM20,spot
ACTCCAGTAGCTCCAG-1,1,29,113,9183,8279,6596.0,3435,2.097672931848845,2.07617666652732,1.0630154843391766,0.6753762274717413,1.4402259247897413,2.8133743304097654,2.1494749066363537,Visium,LAM4,LAM20,spot
AGTATTGGTATGTCTA-1,1,29,115,9184,8387,5560.0,3165,1.0291054104877546,1.855623302383213,0.9453604853058685,0.683618605098175,0.853956015585794,2.8784437199377564,1.618746966411824,Visium,LAM4,LAM20,spot
TAACGCTCACATTCTA-1,1,29,117,9184,8496,6751.0,3674,1.5254801934549844,1.9135230073464131,1.1107830233827047,0.793870711344823,1.4225495817634448,2.157927713442621,1.659870223038982,Visium,LAM4,LAM20,spot
TACTAGTACACCTAAG-1,1,29,119,9185,8604,9268.0,4264,1.579701154905726,2.627554218509679,1.9364942336109587,0.7318780821978446,1.4438423312601452,2.0114154325197746,2.30622541624215,Visium,LAM4,LAM20,spot
GTTCCGGCTGAGCCGA-1,1,29,121,9185,8712,8400.0,3842,0.784118958765672,2.052290552613885,1.7251023032301986,1.4958667734951663,1.776766684641914,1.96722335065686,2.097141118779237,Visium,LAM4,LAM20,spot
TCCAACATGACCGGTC-1,1,29,123,9186,8821,4170.0,2554,1.4874580041061864,1.7977367733365144,1.855623302383213,1.1569045054890412,1.807620229950598,2.151055542018317,2.207562641576111,Visium,LAM4,LAM20,spot
ACTATTGTTCGCACAG-1,1,29,125,9187,8929,4611.0,2667,1.24661412993985,2.1250924567420766,2.015726797388694,1.0204391806915176,1.2354185126968544,2.805935437981938,2.6204037769853374,Visium,LAM4,LAM20,spot
AGTTCAGTTCATACAT-1,1,29,127,9187,9037,297.0,280,1.7595813987472655,1.4740770455137444,2.24257055439926,0.0,0.0,3.3693062694805684,2.24257055439926,Visium,LAM4,LAM20,spot
AGTCGCAGGAACGAGT-1,1,30,0,9054,2159,28393.0,8392,1.257241670626973,1.524410331157071,0.783295544968292,0.9680953532014369,1.670428340448173,2.0401535561620343,1.556484195361236,Visium,LAM4,LAM20,spot
ACCTTCGGTGCTACGA-1,1,30,2,9054,2267,22441.0,7296,2.2808445537134947,1.4264405781360052,1.0233324679523068,0.7769356728563047,1.8303312622704593,1.611538996689503,1.4811041139300198,Visium,LAM4,LAM20,spot
TCCAGTGATGCGTATC-1,1,30,4,9055,2376,19294.0,6462,2.904266299808068,1.7789799092362542,1.3974786034592903,0.5066062879151252,2.4017045503977994,1.8356712571315177,1.9495021441074432,Visium,LAM4,LAM20,spot
GTGAACGGTTCTAACG-1,1,30,6,9056,2484,22627.0,6875,3.1719989747679658,1.5687761119146464,0.7442559438465757,0.5205859100460332,2.564017428982517,1.4620102110365105,1.796279226021054,Visium,LAM4,LAM20,spot
TACATCGGACAACTGG-1,1,30,8,9056,2592,10197.0,4602,0.6100825674893563,1.1803659510117297,1.1651897711931956,1.4788292576125242,0.9992305446968863,2.10311627995999,1.371698806592492,Visium,LAM4,LAM20,spot
ACTCAGCTTCTGAGAC-1,1,30,10,9057,2701,2607.0,1763,0.0,1.4033140255719685,1.2230079718760813,1.7107752817433861,1.3550281181411608,2.160059457882318,1.2230079718760813,Visium,LAM4,LAM20,spot
CGGCTTACGTGCACGA-1,1,30,12,9057,2809,8393.0,4206,1.6911020595666129,2.021955420152209,1.261827984780245,0.7845721323479701,1.725787510602961,2.1908853277045925,1.077094859400057,Visium,LAM4,LAM20,spot
AAGCAGTATCAGAATC-1,1,30,14,9058,2917,10428.0,4814,1.242969033199288,2.0428678781921454,1.1111279375689733,0.9435952667559946,1.1870876661534617,2.0219276866235827,1.7360553551286562,Visium,LAM4,LAM20,spot
ATGTATCCATAAGTTG-1,1,30,16,9059,3026,3326.0,2239,1.1466344827438093,1.9897753564255087,1.4776059597468667,1.069286517455273,1.4776059597468667,1.505790811897448,1.5598837764162656,Visium,LAM4,LAM20,spot
CGAGCCTGCAAGGTTA-1,1,30,18,9059,3134,6113.0,3325,1.88838030880307,1.9534069247136312,1.0439238543154123,1.2607720084679714,1.0439238543154123,2.123621216939197,1.875030924327888,Visium,LAM4,LAM20,spot
TACACTGCGTCCGGAC-1,1,30,20,9060,3242,2569.0,1809,0.747711824023166,1.8640167614594136,2.4175181737153344,0.8818973025769824,1.3659446788057312,1.9226192672551705,2.1160819757546583,Visium,LAM4,LAM20,spot
CTGTCTATCCACATCT-1,1,30,22,9061,3351,13102.0,5490,1.9609307760197174,1.7460822992642568,1.9874288500309325,1.3646103770546616,1.4227165211085435,2.1406795622381383,1.6108412929804932,Visium,LAM4,LAM20,spot
CTATTATGAGATACGA-1,1,30,24,9061,3459,18592.0,6538,2.781119663064359,1.4789998372787163,0.9346664700946984,0.6313483443536342,2.0615051795721904,1.9967043844200587,1.9626581003890051,Visium,LAM4,LAM20,spot
TGCCTATCGGCTATGT-1,1,30,26,9062,3567,4547.0,2771,1.9415289908932516,1.9984797657987765,0.6014263288392747,1.0294008961676366,1.7831084185689925,2.543909985945522,1.8282881171200345,Visium,LAM4,LAM20,spot
GAATACTAAGGCGAAT-1,1,30,28,9062,3676,2108.0,1552,1.4789765806448303,1.7481267604803563,0.4656059279762332,1.4929176637392734,1.6391625048041434,2.3501999032919008,1.6391625048041434,Visium,LAM4,LAM20,spot
GCCTATAGCATACCTT-1,1,30,30,9063,3784,409.0,352,1.5024849469806003,1.2369203558558783,0.0,0.0,1.4002551341476428,2.213749425747868,1.4002551341476428,Visium,LAM4,LAM20,spot
CTATCCATTAGCTCGA-1,1,30,32,9064,3892,1677.0,1230,1.483295217268459,1.7527454530577335,0.0,1.1532186050418256,1.553268171013947,2.4792423239533194,1.174380012240196,Visium,LAM4,LAM20,spot
AGCGGAATGTCGCTGT-1,1,30,34,9064,4001,12178.0,5381,1.0150905808911397,1.8970132293108806,1.11608614329857,1.1282382014188734,1.4307818253533546,1.9683209603191911,1.6697900675849526,Visium,LAM4,LAM20,spot
CTACAGATGGTCATAC-1,1,30,36,9065,4109,6398.0,3381,1.8843540787812554,1.6221112509706197,0.9411739346466597,1.3459402655863852,1.6673705740685363,2.339681494019503,1.4173028081794365,Visium,LAM4,LAM20,spot
GTTGGTCCGCCAATCT-1,1,30,42,9067,4434,27447.0,7710,3.1225484984935594,1.7719200430619244,1.1149462621936646,0.5280103573594844,2.4904564921335584,1.6230344723966077,1.9540382100596672,Visium,LAM4,LAM20,spot
TCACATCCTTCTCAGT-1,1,30,46,9068,4651,5226.0,3163,1.6815233309079667,2.5544139103642407,2.3577876897848764,0.9421918161241082,1.9430083429729983,2.5242119953514974,3.002464250958055,Visium,LAM4,LAM20,spot
CAAGCCGCCATAGAGG-1,1,30,48,9069,4759,6653.0,3794,1.851308620327653,2.193476559897544,2.2465259765628627,0.43604282425486984,1.8343055140706754,1.8735388466681506,2.6630421437409386,Visium,LAM4,LAM20,spot
CGACAAGTACTCCTTA-1,1,30,50,9069,4867,3668.0,2397,1.315410779858827,2.5217512794198624,2.4769690140238048,0.22141706923666957,1.915943879482453,2.55052941570778,3.1852525032002923,Visium,LAM4,LAM20,spot
ATCCGTAGCTTCAGTA-1,1,30,60,9072,5409,20494.0,6591,2.631583788694091,1.779732718467661,1.0824120261875285,0.33592203516261065,2.05030545675586,2.1282959889551862,1.7290864201830274,Visium,LAM4,LAM20,spot
CCGGCGAACCGTGCAC-1,1,30,62,9073,5517,20148.0,6586,2.266986276501792,1.9032654463573764,1.2475022679236423,0.7967220322636324,1.7100043461272523,1.9860659924799007,1.5653804266299094,Visium,LAM4,LAM20,spot
ACCAAGTGGCTGTATG-1,1,30,64,9074,5626,13094.0,5369,2.4400589863115543,1.6776830883470273,1.4459211717454734,0.810799065741029,1.9747935667687693,1.9614556253559714,1.9203399776809529,Visium,LAM4,LAM20,spot
TAGTGATGACTCCTGG-1,1,30,74,9077,6167,4663.0,2906,0.47792611691561104,1.8833976981888652,2.549053044944212,0.8606548154986872,1.3030968861283176,2.1407597453698854,2.6295301499305426,Visium,LAM4,LAM20,spot
AATGTCAGGTCATTAC-1,1,30,78,9078,6384,8829.0,4245,1.820952861803043,1.7699080802507778,1.807770597479194,0.41530475238277254,1.6577263569895282,2.250737251755437,1.9583880006474355,Visium,LAM4,LAM20,spot
CTGGTGGCCAATAAGT-1,1,30,80,9078,6492,11489.0,4936,2.07482869060418,1.9215684317098403,1.084646886986238,0.7824877834923779,1.6569299272170204,2.1451645979443765,1.7556464645744188,Visium,LAM4,LAM20,spot
AACCTACAGAGGTAGT-1,1,30,108,9087,8009,16726.0,6194,1.7695791006191262,2.017140540934631,1.7549178441625826,0.9876475089476586,1.8990850503683463,2.403712099419815,2.412677906738729,Visium,LAM4,LAM20,spot
ATCCGTAGTGTCGCTC-1,1,30,110,9088,8117,24593.0,7549,1.5263800315521698,1.8575539105937473,1.1095848194269438,0.5534877195981069,1.6225905753999832,2.2265606277314283,2.2659906196277446,Visium,LAM4,LAM20,spot
AGCTAGCGTACAGTAA-1,1,30,112,9088,8225,8747.0,4407,1.9045293034529613,1.9543346068942253,1.9664077711526011,0.6603066031170822,1.792045240670002,2.939738622710962,2.061722314793233,Visium,LAM4,LAM20,spot
CCTGTCTAAGTAGGCT-1,1,30,114,9089,8334,8283.0,4102,1.6369143554120498,2.0947023828285496,1.788433892501678,0.6870206514435574,1.70970762156072,2.084744571107762,1.951105234020918,Visium,LAM4,LAM20,spot
ACCTAAGTAGAACAGA-1,1,30,116,9090,8442,8046.0,4092,2.0241097067063034,1.8669528693968542,2.0783223473828207,0.51755501514097,1.2030775491184247,2.1350088735336517,2.0182283331828503,Visium,LAM4,LAM20,spot
ATAGGCCGATGATCTA-1,1,30,118,9090,8550,4796.0,2632,1.9397979945356472,1.7924542514417887,1.5911737174907372,0.17357668100707074,0.834286134313728,2.8919304843775238,1.907161146385372,Visium,LAM4,LAM20,spot
TGACGGAGTGAGGTTA-1,1,30,120,9091,8659,8553.0,4011,2.1613884562222685,2.2174914576079265,1.5685818162372573,0.6712093714593562,1.2483269609866545,2.784970825308836,2.279199062440859,Visium,LAM4,LAM20,spot
TCTACAGCTGAATCAA-1,1,30,122,9091,8767,6821.0,3639,2.068308421632994,2.3115028422508748,1.8714525166887968,0.9552571588166839,1.651524610471461,2.0277893838436922,2.4691326946070804,Visium,LAM4,LAM20,spot
ACAGATCTGAAGTATC-1,1,31,1,8960,2214,20034.0,7290,0.495772577268535,1.637628200657385,1.1382795786384245,0.9683466203267515,1.445620346322071,1.151517651359896,1.7033585787531806,Visium,LAM4,LAM20,spot
TGAGTGCAGAGGACCA-1,1,31,3,8960,2322,20224.0,6865,2.0697028181830874,2.1648858951156242,1.9799779203394992,0.6413389453034882,1.9183816645220846,2.080051192303014,2.311122516776811,Visium,LAM4,LAM20,spot
CAGCCAACGATAGCTT-1,1,31,5,8961,2430,19705.0,6374,2.697804687672198,1.6797797848001284,1.7169225344469463,0.5528274253733357,2.1232835843029054,1.637921220031406,2.1678132169297726,Visium,LAM4,LAM20,spot
ACGGTGATAATGTTAC-1,1,31,7,8962,2539,12329.0,5167,1.9159723608497345,1.5013429724823628,1.5148072000118886,1.2755748821484443,1.9138380814769484,2.066142781174742,1.8834697771235454,Visium,LAM4,LAM20,spot
GAATCAATTACCGACC-1,1,31,9,8962,2647,12465.0,5063,1.0003006460527273,1.6431977238872797,0.8771053169346273,1.307917812554107,1.6116816829082712,2.3379078386894436,1.7250704000321555,Visium,LAM4,LAM20,spot
AATCCGGAGCTTGTCT-1,1,31,11,8963,2755,7798.0,3801,0.7415481931534196,1.7919731764072924,1.0164157142578818,1.5290908846367672,1.315082343551629,2.3824660103987165,1.8640980243233698,Visium,LAM4,LAM20,spot
TGAATGCGGTTATGGA-1,1,31,13,8964,2864,11284.0,4956,1.4566687663287665,1.9241011552593872,1.167991079612948,1.3610600063124265,1.4380594513194251,2.288699699192467,1.825595045274322,Visium,LAM4,LAM20,spot
TACGGAGGAAGCACCT-1,1,31,15,8964,2972,10282.0,4724,0.9275588770402584,1.977473867636805,1.8672882412949756,0.844251723258039,1.3014380051013477,2.0756982413407825,1.8092736145524506,Visium,LAM4,LAM20,spot
GGCGGATATTGATTGA-1,1,31,17,8965,3080,11619.0,5267,2.275167027015385,1.873065885159813,1.7649376873560045,0.6621213261489963,1.9494203888028352,1.8187187126917992,1.853030220490235,Visium,LAM4,LAM20,spot
TCGAATTGTACACTAT-1,1,31,19,8965,3189,10689.0,4908,2.106209097157575,1.8157163084794994,2.0668142048896208,0.7033897516538452,1.650567465603387,2.02138708338238,2.2048667394130437,Visium,LAM4,LAM20,spot
GTAATCAGGCGGACGG-1,1,31,21,8966,3297,11629.0,5155,1.8571111278565602,1.6346400546013156,2.3054959782319986,0.7392874449122567,1.687710266375698,2.0081326541792563,1.9016543618435784,Visium,LAM4,LAM20,spot
ATGTCGGCTGTCGTAA-1,1,31,23,8967,3405,14300.0,5785,2.271229472646063,1.7129785913749407,1.237664543782783,0.820420954965132,1.728618572357122,1.9378860337852652,2.0785670335349034,Visium,LAM4,LAM20,spot
CAAGTAGCCTCGATCC-1,1,31,25,8967,3514,5041.0,3005,1.3438838236256796,1.3801757000707975,0.6890722357968054,1.5659305183115146,1.2469365227611493,2.1130804897230515,1.2469365227611493,Visium,LAM4,LAM20,spot
GAAGCTGTTCTACATC-1,1,31,27,8968,3622,786.0,657,1.0358573853569368,1.806493476039112,1.7528440529783813,0.7685348596290619,0.9517855852412069,2.619047483467966,1.4304695061680068,Visium,LAM4,LAM20,spot
CAAGTACTTCAATAGT-1,1,31,29,8968,3730,282.0,248,2.7848611315314105,0.0,0.0,1.4407178255553375,1.692422279362423,1.932993586064968,0.0,Visium,LAM4,LAM20,spot
GTTCCTGAACCTTCAA-1,1,31,31,8969,3839,431.0,345,2.031970113164633,1.7299498842123755,1.9169908506071447,1.1343846431451599,1.3610360433048678,2.801413280414541,1.3610360433048678,Visium,LAM4,LAM20,spot
GTTATGTTGCTTAGAT-1,1,31,33,8970,3947,6748.0,3678,2.5700951329815616,1.6672481588354235,0.7473703813036386,0.0,1.987622592972747,1.899222101098672,1.8519074383002343,Visium,LAM4,LAM20,spot
CTTGAGCCTTGTTCCA-1,1,31,35,8970,4055,10859.0,4906,0.9970348953044708,1.8470667063511708,0.8181180004539591,1.07346812624619,1.1946003523291902,2.067712186626833,1.8931846338956255,Visium,LAM4,LAM20,spot
TAAGATTGAGATTACA-1,1,31,37,8971,4164,8248.0,4171,1.954739010377751,1.806999998437421,1.1383862074757105,0.7940847382674281,1.7131773282043115,2.088453511265546,1.5974360120131612,Visium,LAM4,LAM20,spot
ATCGTAACTACCTCTT-1,1,31,41,8972,4380,18735.0,6790,1.704536645334208,2.0513964717367688,1.1211306119600528,0.8784585779663212,1.9931213880010383,2.236685149737747,2.2126434498194714,Visium,LAM4,LAM20,spot
CATGCTCATCTGAACG-1,1,31,43,8973,4489,12860.0,5394,2.779300760558158,2.1541464251821854,1.5462049150901749,1.3961774979264259,2.538769217229512,1.8427114231813815,2.4250917052784424,Visium,LAM4,LAM20,spot
TGCTGTCAGAACGAAG-1,1,31,47,8974,4705,48478.0,8969,3.2900359625944575,1.8175861414893248,1.1765868943978224,0.18754052834562526,2.6802430165151705,1.6672316169752706,2.4006481196115783,Visium,LAM4,LAM20,spot
TCATTGTTCAATGCGT-1,1,31,49,8975,4814,12553.0,5316,2.8292316881951627,2.3494501314073037,1.5858691005496985,0.3090284011294557,2.357022884611532,2.475459812366621,2.863908745593264,Visium,LAM4,LAM20,spot
CGGTTATCTGTCTTAA-1,1,31,61,8978,5464,26377.0,7378,2.831866727560897,1.4928985584816643,0.6907368777257626,0.6928938286001537,2.1823029178291717,1.9990205657685327,1.6877404125657358,Visium,LAM4,LAM20,spot
CTGGAATAGTGCAAGT-1,1,31,63,8979,5572,19157.0,6548,1.8514687789900501,1.7761080508642995,1.148436808182345,1.1120400122835523,1.773896286922101,2.0744330219772573,1.7849065098335228,Visium,LAM4,LAM20,spot
GCTCATACAATTAGAC-1,1,31,65,8980,5680,14295.0,5871,2.5488461620447507,1.977679146469317,1.6481338289340355,0.6367516159989096,2.045512852102908,2.1355638652216347,2.089750238698764,Visium,LAM4,LAM20,spot
ATCATTGTCCATGCCA-1,1,31,77,8983,6330,5795.0,3346,1.4931851979048982,1.7332805879539839,1.7484117587708707,1.0026979574623334,1.7101456881644752,1.7230644292220383,1.3360903420181858,Visium,LAM4,LAM20,spot
CCTACCACTCCAGTTA-1,1,31,79,8984,6439,18655.0,6597,2.806109941614383,1.6655147087483029,1.302979756100594,0.8184686891806059,2.0921915937273545,1.8070533373783253,1.7269409720355429,Visium,LAM4,LAM20,spot
TGAATGTACCTTCGTC-1,1,31,109,8993,8063,15855.0,6132,0.6886997688654646,1.5913632143030774,1.581683221319309,1.0006812064682982,1.404806899183873,2.19600912694408,1.9219279656739834,Visium,LAM4,LAM20,spot
TAGTATAACCTCGACA-1,1,31,111,8994,8172,14575.0,5879,1.885077660920241,1.8806035473459204,2.393206298905565,0.40478916891695327,1.5449679995775756,2.608496228294576,2.028644648394561,Visium,LAM4,LAM20,spot
CCTCTTCGAGCGGTTG-1,1,31,113,8994,8280,15770.0,5880,2.6802121146386844,1.6458010271989387,1.5360418471969255,0.7668330062884866,2.1057259083944326,1.4774935679019643,1.9379977800052464,Visium,LAM4,LAM20,spot
ATACATCATGCACCAA-1,1,31,115,8995,8388,16352.0,6114,1.442782762088006,1.5144603583213285,1.2148357991194847,0.47719395941399056,1.5244969755526474,2.559174775922837,1.5077128765122028,Visium,LAM4,LAM20,spot
ATGCTGCGGATGGTTG-1,1,31,117,8996,8497,12540.0,5496,2.267787483910739,2.8580455289378244,2.113446091772423,0.4574009875455949,2.4130045608816904,1.863960609469889,3.350323708782168,Visium,LAM4,LAM20,spot
TATTGTTAACCGAGAC-1,1,31,119,8996,8605,7079.0,3786,1.9818187894293657,2.387698215135966,2.2107566257480116,0.1208191414041816,1.8116895019950872,2.409090594944653,2.680785417655842,Visium,LAM4,LAM20,spot
CACGGCGTCAGCCTGC-1,1,31,121,8997,8713,4287.0,2555,2.0791790859677306,2.3574328279702983,1.7845411932858122,0.6142286296113783,1.1122042810648016,2.8296577684635515,2.3064730232061192,Visium,LAM4,LAM20,spot
TAACTCCGATACGTAA-1,1,31,123,8998,8822,2734.0,1933,0.7154179746849428,2.118095862962761,2.5201240873177158,0.0,0.6494100658061963,2.0419579192518538,2.171621203058484,Visium,LAM4,LAM20,spot
CCGGCGAGAATATTGA-1,1,31,125,8998,8930,3380.0,2307,0.8188819864472373,2.2282950378099593,3.007204674716228,0.5916046018908487,1.1690505319328692,1.780187179397346,2.212233015661648,Visium,LAM4,LAM20,spot
GTCCTCCGGATTATAC-1,1,31,127,8999,9038,126.0,124,0.0,2.1901449017481576,0.0,0.0,2.390654111541811,2.6551776412092223,0.0,Visium,LAM4,LAM20,spot
GTCGTGCTAATGCCTT-1,1,32,0,8865,2160,20595.0,7457,1.190596885444353,1.4923283571493784,1.6808265522216796,1.0940553635591543,1.5219099483516332,1.5174837522511035,1.4390765926179319,Visium,LAM4,LAM20,spot
ACTTGAATTAACTTAG-1,1,32,2,8866,2268,16923.0,6539,1.0498250790531973,1.6012260683548811,2.4349125170335157,0.939170314931433,1.4293899612035943,1.7790565961600948,1.636349025862757,Visium,LAM4,LAM20,spot
AGCACGTGCACTGTAA-1,1,32,4,8866,2377,13319.0,5337,2.461792903932223,1.7587481337732453,1.4767363535580955,0.4788994021589392,1.9333467087206928,1.7926558647360569,1.9468321440603757,Visium,LAM4,LAM20,spot
TACAGTCTCGGCACGG-1,1,32,6,8867,2485,13508.0,5587,2.624425780401783,2.1632243138495895,1.8798108408853633,0.8236066537020765,2.3717812801055165,1.93476489160847,2.405738555415931,Visium,LAM4,LAM20,spot
CCTACCATCGCAGTAT-1,1,32,8,8868,2593,8962.0,4368,2.573729375238487,2.0969453413071166,1.6980510706789969,0.883824377588691,2.281065303756424,1.9910191760028708,2.1759733077211423,Visium,LAM4,LAM20,spot
ATGTACATCGTGGTTA-1,1,32,10,8868,2702,11313.0,4984,1.9182072120644926,1.8957002557227556,1.6900393852919355,1.3169910583871993,1.6484104119591791,1.9088907969116813,1.972353398425553,Visium,LAM4,LAM20,spot
GTTGAATGTTGCTGCC-1,1,32,12,8869,2810,11853.0,5066,1.9998264773447219,2.0030839630704893,0.9068137556039472,0.765680252752019,1.2615824788567174,1.8249719440261156,1.6918025529047118,Visium,LAM4,LAM20,spot
CGTCGGCGGTAGATCA-1,1,32,14,8870,2918,29223.0,7704,3.1831527719648447,1.2905845874071789,0.5214049234815498,0.5753308968776604,2.444304563445384,1.52454652538681,1.7781794424965982,Visium,LAM4,LAM20,spot
TCCAATCCAGATACAT-1,1,32,16,8870,3027,16566.0,6270,2.4590038932774667,1.70970762156072,2.0529714992556434,1.0528527694038752,2.246125244142657,1.8614121093371723,1.762874310213816,Visium,LAM4,LAM20,spot
CTACGAGCCGGACGGT-1,1,32,18,8871,3135,23653.0,7176,2.7862485414328995,1.5696599899950758,1.307039650227728,0.8686293661920991,2.1651286547698643,2.0764193919612923,1.8464984614630497,Visium,LAM4,LAM20,spot
ATGTGAATTGCTGACC-1,1,32,20,8871,3243,12449.0,5434,1.5416140276295522,1.563478503737806,1.1013397089373749,1.5527164375598204,1.2838882153294677,2.2008594871248714,1.7951675838317975,Visium,LAM4,LAM20,spot
TCCTTGGCTCAAGAGT-1,1,32,22,8872,3352,6269.0,3406,1.3176257572415893,1.809023316676344,1.278742545020371,2.2263281644745114,1.3840186839226112,2.194526909536405,2.1255581565959187,Visium,LAM4,LAM20,spot
TGACGCTCGCGGTAGT-1,1,32,24,8873,3460,2690.0,1854,1.8422425576328738,1.6976257965720383,1.0503795899038049,0.9894519904056397,1.5512730881125485,2.269452377850342,1.3318656536208857,Visium,LAM4,LAM20,spot
AACTTGCAACTTGGAC-1,1,32,26,8873,3568,675.0,563,1.9945923276947013,1.376991968457577,1.0479685558493548,1.6174862456169288,1.8803128665695001,1.7814181154333224,1.5483502204542623,Visium,LAM4,LAM20,spot
TGAGTGACCTACTCGT-1,1,32,28,8874,3677,234.0,217,0.0,1.6626950891076318,0.0,2.1713376923595,0.0,2.724252514845439,0.0,Visium,LAM4,LAM20,spot
CGAGCGAGCCACGCTA-1,1,32,30,8875,3785,235.0,206,2.5770340966766088,0.0,1.843584537092641,1.5827801206268868,3.103536609160478,2.0909004594839073,0.0,Visium,LAM4,LAM20,spot
TCCTGAAGCGTGCACT-1,1,32,32,8875,3893,611.0,524,1.7362775708281983,0.9695134240053791,1.1137722974706554,1.3802128201300132,1.1137722974706554,1.8649382695448538,2.2173872765793767,Visium,LAM4,LAM20,spot
CGGCACTCCGGTTCGC-1,1,32,34,8876,4002,10504.0,4741,2.1051261494287137,2.096807021473631,1.182047209209682,0.4182383139347028,1.6419205854208445,2.2417192641255785,2.1536379116236706,Visium,LAM4,LAM20,spot
TATTAACTTCCGCTCA-1,1,32,36,8876,4110,8706.0,4200,0.7648318848822534,2.1889200313393995,0.7648318848822534,0.6625801012410817,1.3536634199237223,2.3023476806344685,2.1360717638776663,Visium,LAM4,LAM20,spot
GCAGGTGCTGATGCTT-1,1,32,38,8877,4218,10099.0,4557,1.895859518728756,1.5608249778303902,1.0920555395671654,1.5645979336407014,1.989586058879881,2.091421023554584,1.6262090529438333,Visium,LAM4,LAM20,spot
GCGATCTTGCTCACGC-1,1,32,40,8878,4327,23142.0,6282,0.40135363495143644,0.7732098317932083,0.7061979367554361,2.3887037546324783,2.2144275624500347,1.9218442151302888,1.5979819979764003,Visium,LAM4,LAM20,spot
GCACGCATAGATTGCT-1,1,32,42,8878,4435,15038.0,6130,0.9612474228758778,1.8224276808928324,1.7896514724859318,0.8714678294666324,1.590615785803498,1.9749832704314174,1.8696617147074053,Visium,LAM4,LAM20,spot
TGTCAGAAGTTGTAAC-1,1,32,44,8879,4543,11856.0,5029,1.0322599006032562,2.0900129967878383,2.0057065664961895,0.4296658649909007,1.3472052182582273,1.99141750637582,2.3603159550400203,Visium,LAM4,LAM20,spot
CAACCGTATTACTGTA-1,1,32,46,8879,4652,16479.0,6166,3.0332888972968717,2.0458648021220314,1.877531971369003,0.36556841208028457,2.5811643271807387,1.7320777329870163,2.4848105632898494,Visium,LAM4,LAM20,spot
ACGACTGAAGACTTAC-1,1,32,48,8880,4760,40575.0,8566,3.274132559781046,1.8004502861602785,1.2689155875463425,0.3227270356065166,2.6145990439384055,1.606311238557636,2.373514883908314,Visium,LAM4,LAM20,spot
GTCAGTTCTGCCTGGA-1,1,32,50,8881,4868,9204.0,4460,2.4865763711050786,2.304365341396312,1.6241916419386395,0.582310744767087,2.1834647881026785,2.3079739945228375,2.802293081664988,Visium,LAM4,LAM20,spot
CGATGCACCAGGCCTC-1,1,32,62,8884,5518,18685.0,6229,2.4793193738256174,1.4873171441647124,0.6257681290669668,0.9195888606637517,1.737461792956815,2.0399023405655177,1.6254713839579311,Visium,LAM4,LAM20,spot
GATGTAGGAGTTGGCC-1,1,32,64,8885,5627,8506.0,4166,2.086149535841725,1.4837291233462886,0.9618398383496453,1.3007121633141077,1.9283575162495952,1.899456777499212,1.7409157048005852,Visium,LAM4,LAM20,spot
GCCTTGGCGAACAATC-1,1,32,66,8886,5735,38983.0,8402,3.2718112631502585,1.4427167846267193,1.0048596943321568,0.5440239178108466,2.5911511344792175,1.5873118842346186,1.7484445024550435,Visium,LAM4,LAM20,spot
CGACCAGAAGGATCCG-1,1,32,68,8886,5843,10827.0,4280,1.4582967691690731,0.9073658287246791,0.8197680319128473,2.126913583904901,1.962761907858006,2.310774735128309,0.8693774420151661,Visium,LAM4,LAM20,spot
ATGGAGTAATCGGACC-1,1,32,74,8888,6168,21063.0,7035,2.0253684329148274,2.225804636605491,1.7384142472812059,0.7524413184920031,2.018634043982013,2.1604898826265724,2.6556410002666553,Visium,LAM4,LAM20,spot
GCGTACCGTGTATCAG-1,1,32,76,8889,6277,5443.0,3217,2.684299421078992,1.7215257032187516,1.9082556217212727,0.6070995010863959,2.149263881054101,2.158147837596278,2.1221284139082948,Visium,LAM4,LAM20,spot
GAGCTACAGCTCGGTA-1,1,32,78,8889,6385,12388.0,5348,1.8040230926858656,1.7653122776869983,1.4885664832776333,0.312562961975885,1.3930522307644098,1.9343734628920373,1.8158192210962467,Visium,LAM4,LAM20,spot
ATAGTCCGCCGTTGGC-1,1,32,80,8890,6493,25172.0,7195,3.1338920219047037,1.7099783125770858,0.8714748621708901,0.4786894162196794,2.276227739380988,1.9400360827138519,1.7348160237278363,Visium,LAM4,LAM20,spot
CTGTGGCTTGTCAGCT-1,1,32,110,8899,8118,10809.0,4952,2.3653762714392377,1.9211015549564279,2.1145185055351785,0.28999438702422603,2.0570703951355678,2.5308703664267633,2.371563161892024,Visium,LAM4,LAM20,spot
CGCTGCTATGACAGAC-1,1,32,112,8900,8227,17846.0,6342,2.9699804596161448,1.446925575263516,1.726844820481646,0.3049713572698352,2.2920852443787583,2.079987733406706,1.726844820481646,Visium,LAM4,LAM20,spot
GTCAGTGCTGACAGCG-1,1,32,114,8901,8335,19905.0,6494,2.580278266726525,1.6330700502860622,0.7263744699723268,0.5745974264422721,2.0355704946610316,2.2467379339823124,1.5215903978031478,Visium,LAM4,LAM20,spot
GCCAACGAGCGGCATA-1,1,32,116,8901,8443,25215.0,7680,0.7575821227802485,1.0795272305480397,0.5271110910748933,0.5839898346637549,0.9111615979479494,2.3961511632351615,1.0929116236210985,Visium,LAM4,LAM20,spot
GATCGTTGATGGATGC-1,1,32,118,8902,8552,17755.0,6526,2.5261935963453266,1.9655889230299555,1.3754643136632523,0.4467488377470734,2.0756678857529964,1.7057971820574023,2.2824168680388013,Visium,LAM4,LAM20,spot
GTTATTCGCCGATCGC-1,1,32,122,8903,8768,3923.0,2490,2.198486177552076,1.765284106106124,1.9977804591229376,0.7694913626223681,1.1726170788725117,2.7093748395677584,2.1934220755922067,Visium,LAM4,LAM20,spot
ACGCGGCTCAAGTTCA-1,1,32,124,8904,8877,5129.0,2934,2.0748317349902017,2.0319531716491244,2.1176240644359265,0.0,1.3672508529117635,2.4615815458724284,2.1465251373145087,Visium,LAM4,LAM20,spot
AACGTGACGGTCCACC-1,1,32,126,8904,8985,1110.0,862,2.1658494547684657,1.7055667578592613,2.1841261532903014,0.0,0.7543016037132759,2.443260575400111,2.5943130239653702,Visium,LAM4,LAM20,spot
GGTCTGGTATGTGGCC-1,1,33,1,8771,2215,13554.0,5851,1.7840179228575996,3.48135131911724,2.542578651872604,0.959243980158861,2.2398962201939616,2.2099966007530756,4.013130132329596,Visium,LAM4,LAM20,spot
AATCCTCGTCACAGGC-1,1,33,3,8772,2323,11544.0,5131,1.9193103205503894,2.1644296211615863,2.4426332338271926,0.623931534037728,1.858493689625869,1.954976930394542,2.404253771012949,Visium,LAM4,LAM20,spot
CTATTAGTACTGGCTC-1,1,33,5,8773,2431,17233.0,6123,2.263982802367287,1.7095003700880433,1.108888328753131,0.6942991678652249,1.88482689566823,2.2318809986855697,1.8397673283775133,Visium,LAM4,LAM20,spot
ACAGGCACGCGAGGAT-1,1,33,7,8773,2540,23672.0,7118,3.1101203770642405,1.7532909795611473,1.2626114783540585,0.20735705819718595,2.591993454206891,1.5690241932378657,2.0488586430778213,Visium,LAM4,LAM20,spot
ACAGGATACCGGATTC-1,1,33,9,8774,2648,11407.0,4850,2.141733363586838,1.5248129681454414,1.0893942807001011,1.0413380746971823,1.8341687017099342,2.2012167408988197,1.8515225357033371,Visium,LAM4,LAM20,spot
CTTAGCACGACAGAAC-1,1,33,11,8774,2756,17510.0,6266,2.699320576571291,1.5256092540141288,1.210689205007916,0.48428898814285937,2.033275003038631,2.1311238237941974,1.6231639517666328,Visium,LAM4,LAM20,spot
GCAGTAGATGTCCAAT-1,1,33,13,8775,2865,13649.0,5594,2.5677504504643487,1.8596739434149816,1.0408546426034389,0.6926841690113608,1.9779018366957473,1.994655621968632,1.7826207121517115,Visium,LAM4,LAM20,spot
CTGAAGTTGCAGACAT-1,1,33,15,8776,2973,15201.0,6029,1.8495236016596528,1.7582570856550708,1.9345115907999701,1.4278316029564466,2.0144073162701543,2.312562996778977,1.9345115907999701,Visium,LAM4,LAM20,spot
TCCAGTGATTGGTGCT-1,1,33,17,8776,3081,21472.0,7020,2.259949571555758,1.5530331375666655,0.944611663818172,1.1503379061556147,1.8941489213971552,2.115812512436619,1.7015761518982122,Visium,LAM4,LAM20,spot
GTACTGCATAAGGTTA-1,1,33,19,8777,3190,9326.0,4454,1.0957283202950359,1.5810746208906095,1.227477367401863,1.4156915051950363,1.0088482133714112,2.1407597453698854,1.4703705604286317,Visium,LAM4,LAM20,spot
CGGTCTTGCTATTCTA-1,1,33,21,8777,3298,5534.0,3154,1.2757662319798382,1.2612456556605511,1.0321202886327214,1.4161446668966242,1.3702648740067243,2.335654671964754,1.5768938129423307,Visium,LAM4,LAM20,spot
CCGGCAATGAAGTGAA-1,1,33,23,8778,3406,5754.0,3201,2.734362350455787,1.8543517981438764,0.8344041285366789,1.498694689722236,2.201425373570566,1.6204075336445063,2.045683807643636,Visium,LAM4,LAM20,spot
CGACCTGCATCTGCAT-1,1,33,25,8779,3515,412.0,357,2.4338079978671843,1.231739068703661,1.394753626065867,0.0,0.0,0.0,1.394753626065867,Visium,LAM4,LAM20,spot
CAAGTCCGCTACCGTT-1,1,33,27,8779,3623,270.0,242,1.8391208816311395,0.0,1.7280436548419473,1.4740770455137444,1.7280436548419473,0.0,1.7280436548419473,Visium,LAM4,LAM20,spot
TCTTACGAGGAATAAG-1,1,33,29,8780,3731,700.0,553,0.0,1.349926716949016,0.0,1.588439765594327,0.0,1.751268107873318,1.5198257537444133,Visium,LAM4,LAM20,spot
ATTCGGAAGCTATTAC-1,1,33,37,8782,4165,10445.0,4800,1.5747602388518134,1.850251142774942,0.8903958650322669,0.8723705387667317,1.442488265504382,1.8847653778516509,1.8725751593639317,Visium,LAM4,LAM20,spot
TGCTACTTGTGGCTGG-1,1,33,39,8783,4273,18228.0,6615,2.6727715911263843,1.7144165250248173,0.9985692529338585,0.9147694364435096,2.0259456223307337,1.7812812395699353,2.0787829970396383,Visium,LAM4,LAM20,spot
GGTCTTCCGCACATCC-1,1,33,41,8784,4381,4153.0,2612,2.5412479237519165,1.2943675675054087,1.3887594157275174,0.6289282020851326,1.9907103231051195,1.9487268588043742,2.107019465240397,Visium,LAM4,LAM20,spot
ATCGTCAGTTAGTCCA-1,1,33,45,8785,4598,9138.0,4472,1.3788487075946094,1.916916174918027,1.6821911230829842,0.829992134554592,1.6028062097876632,2.3144571434353898,2.220016764831489,Visium,LAM4,LAM20,spot
AATCCGCCTGGTCAAT-1,1,33,47,8786,4706,18930.0,6686,2.810694783818602,1.731426449547334,2.1355502176743046,0.3592217628725614,2.253208386002062,2.1171737174378187,2.326749303986918,Visium,LAM4,LAM20,spot
AGTAGAGCATGGACGT-1,1,33,49,8786,4815,21194.0,6900,3.026005177809274,1.657558300773583,1.5126488629115533,0.5721585999916212,2.447311490237081,1.743674444706664,2.1107477999599444,Visium,LAM4,LAM20,spot
GACCACATTCTTGAAT-1,1,33,63,8790,5573,17639.0,6215,2.899757881891861,1.283114130328983,0.6153955327423339,0.9345865874906141,2.4413137111920533,1.728090275923151,1.7238856493555004,Visium,LAM4,LAM20,spot
TAACGTCACTATAATC-1,1,33,65,8791,5681,18959.0,6494,2.641600404255725,1.7112910448914669,0.8962914503992,1.367359235008863,2.2518385356132553,1.8080792087618318,1.8044691173902907,Visium,LAM4,LAM20,spot
CCTCTACCGTGATTGG-1,1,33,67,8792,5790,22801.0,7074,2.892694561782348,1.6673401689644347,1.0131666022665418,0.7112999913277289,2.203742960626092,1.6972415820391191,1.9023320265659112,Visium,LAM4,LAM20,spot
GCTTCTAGCGTTCATT-1,1,33,73,8794,6115,16953.0,6127,2.858306692713912,2.4057471222589237,1.3546997772327236,0.3569703695883846,2.3664099902474867,1.7264415842750147,2.3383502602903743,Visium,LAM4,LAM20,spot
TGCTATCCATGTAATA-1,1,33,75,8794,6223,33907.0,7984,3.07670547204204,1.5756777110608033,1.1077718512825072,0.1491678532645479,2.3131084640864943,1.2823675695447212,1.97316552235117,Visium,LAM4,LAM20,spot
GGCGTGGCACGGCACT-1,1,33,77,8795,6331,9129.0,4289,1.8921383468361266,1.5756610031199865,1.5756610031199865,0.9529404399610467,1.8468984649060016,1.5371612488641648,1.889185202783179,Visium,LAM4,LAM20,spot
CCGACAACGTCATCGG-1,1,33,79,8795,6440,16330.0,6166,1.9634270728463012,1.84492384324389,1.3434418312583623,0.40615146903108856,1.5087612460887005,1.6257965393651936,1.574289728089443,Visium,LAM4,LAM20,spot
CGCTGCTTCGCATACT-1,1,33,81,8796,6548,26046.0,7355,3.096323313072762,1.6232861411826025,0.8720330127291734,0.4658423650877893,2.3000325021136465,1.790286630032754,1.882068320629516,Visium,LAM4,LAM20,spot
AGCACGAGATAACGGT-1,1,33,111,8805,8173,25530.0,7667,2.159413225021052,1.3805000900597388,1.0510160843786258,0.5785172180932983,1.6785195644165576,2.647720939762327,1.6876168215820946,Visium,LAM4,LAM20,spot
TCGGACCAGGATCGCC-1,1,33,113,8806,8281,21756.0,7073,2.7330854855306477,1.5717442548374168,1.1397063550170055,0.34914697222851954,2.0661852834293657,2.227169464924077,1.7721875562603044,Visium,LAM4,LAM20,spot
GTTATTGCTGAATCCG-1,1,33,115,8807,8390,13538.0,5625,1.6526742283834706,1.4469450530039787,0.6048591190134451,1.5881654239439775,1.7738725711219023,2.1974652973089333,1.4425906316182227,Visium,LAM4,LAM20,spot
ATGTCTGCGTTGCAGC-1,1,33,117,8807,8498,10774.0,5105,0.6565663805472777,1.5100615597341482,0.38122719071745714,0.8178719570598865,0.8722304076078575,1.928378668509074,1.5253215763001031,Visium,LAM4,LAM20,spot
GTCTTGCTCAGATTAC-1,1,33,119,8808,8606,15930.0,5861,3.0228519949161283,1.7083369194689537,1.1373983137032662,0.33609714896046083,2.3281806401830094,1.795414634907899,2.214922930757697,Visium,LAM4,LAM20,spot
TGGTTGGCGAAGCCTT-1,1,33,123,8809,8823,4652.0,2904,2.5631335309036087,1.5829509135951405,2.3422439005264746,0.6816295312737504,2.077720370859063,2.2982478129320723,2.4405509637918987,Visium,LAM4,LAM20,spot
TCATACTGGTGAACCG-1,1,33,125,8810,8931,2642.0,1809,1.769248516756821,2.3109527118291378,1.7459361335809813,0.0,1.2136157900018165,1.5654883979499734,2.656584242168239,Visium,LAM4,LAM20,spot
GTCGAGACTGCCTAAG-1,1,33,127,8810,9040,295.0,266,2.74263486618783,1.4792906177938183,2.24861202924938,0.0,2.8875429016956873,2.5095533286607186,1.6558038329920262,Visium,LAM4,LAM20,spot
GCAACAGCGTGGATCA-1,1,34,0,8677,2161,21544.0,7398,2.154733384271524,2.5303373912867757,2.7030370372800037,0.5887539134929157,2.2107889693090597,1.8465495514962917,3.0059243093564403,Visium,LAM4,LAM20,spot
CGGAGCTCACTTGCAT-1,1,34,2,8677,2269,16644.0,6337,2.370141380737326,3.0246422161785174,2.1844460098218392,0.39983437624601653,2.4693451962313926,1.947076770104455,3.514357251722738,Visium,LAM4,LAM20,spot
TATGACCGATGAAGTG-1,1,34,4,8678,2378,17859.0,6020,1.5932256738998152,3.0142588471157286,2.3729492544543325,0.5078708787339761,1.8869814118916133,1.9285297735176974,3.600766421397157,Visium,LAM4,LAM20,spot
GACAACTTGATTGTGA-1,1,34,6,8679,2486,31799.0,7842,2.1560850829160327,1.7212188560162272,1.223149985184721,0.5557828801410732,1.7904745365888879,2.1144882194609886,2.038958042176644,Visium,LAM4,LAM20,spot
AACTTCATCTTCTGGT-1,1,34,8,8679,2594,15361.0,5725,1.9255607188910087,1.7938729818585937,1.1100047350109654,0.8077325824390651,1.7992719216662014,2.112573080735232,2.0053398291150217,Visium,LAM4,LAM20,spot
CATGTTATTGATGCAG-1,1,34,10,8680,2703,19176.0,6414,1.5043885839578734,1.6432365524037624,0.9417462024726251,0.9230867167405176,1.7277863099603006,2.323652118656908,1.7840816203854062,Visium,LAM4,LAM20,spot
TCCTATTGACTGTTGA-1,1,34,12,8680,2811,17302.0,6272,2.081711615323816,1.57165045673023,0.6243070460581389,0.7182546649387209,1.6041296629302555,2.0087473790431027,1.6185512703324008,Visium,LAM4,LAM20,spot
TGGAAGCTCCATCGAC-1,1,34,14,8681,2919,19506.0,6890,2.243081018299666,1.6394953166597812,1.405110379960731,1.160167677477198,2.132224933154571,1.6294958333041987,1.9673855005393495,Visium,LAM4,LAM20,spot
AAGGCCAGTCGCAATT-1,1,34,16,8682,3028,13077.0,5647,2.1444999416673984,1.437877244221813,2.111988974125463,0.5277907447125789,1.8785615935304938,1.7432095198895712,1.737619315444043,Visium,LAM4,LAM20,spot
CTGGCGGACAACGCAC-1,1,34,18,8682,3136,11632.0,5121,2.1097307602625435,1.5283859840684544,0.9180773055645052,0.8452772061165852,1.8001776278624826,2.3052637580113573,1.8001776278624826,Visium,LAM4,LAM20,spot
TCATGAGGTTGATATG-1,1,34,20,8683,3244,12444.0,5473,1.941557971359621,1.7192820933443114,1.0676547802026188,0.985911869963891,1.8283165154915284,2.244723045196292,1.9059287113027628,Visium,LAM4,LAM20,spot
TGCGTATCTTGTACCG-1,1,34,22,8684,3353,2294.0,1478,1.2501797012763813,0.8362770850977306,0.7370681173050136,0.7833864141920511,1.1567550736793095,2.6445844357522503,1.863924674458497,Visium,LAM4,LAM20,spot
CTTACGCCATGCACAG-1,1,34,24,8684,3461,694.0,547,1.632552801743339,0.8923759147051952,1.5265573682681532,1.5952959427994147,1.0300310245135798,2.8798027064828844,1.0300310245135798,Visium,LAM4,LAM20,spot
AGACGTGGCGTTGAGT-1,1,34,38,8688,4219,11871.0,5053,1.8586947962241562,1.618093796582561,1.346269685755035,0.9875980543365614,1.5666870940561406,2.2869723113528484,1.5444623767169918,Visium,LAM4,LAM20,spot
TGAACGGATCTGGTAC-1,1,34,40,8689,4328,15071.0,5892,2.9449646728298235,1.8626703020775621,1.2493922694689361,0.5789516753882009,2.4234436294812887,1.6907425644955407,1.6701413736410773,Visium,LAM4,LAM20,spot
GATGAGTGAACGGCTG-1,1,34,42,8690,4436,5338.0,2991,2.7548869348589218,1.7040325530832388,0.6609753757915152,0.6160110500136561,1.958462837681895,1.7910306745180806,1.777926250653002,Visium,LAM4,LAM20,spot
AAGACTGTCATAGTGC-1,1,34,46,8691,4653,6409.0,3529,1.6118779262900065,2.0821100018875556,2.1749254677193575,0.3545492518804098,1.462247919771027,2.232337617643957,2.3567771309399914,Visium,LAM4,LAM20,spot
CTACAGATCGGTCGCC-1,1,34,48,8692,4761,14755.0,5743,3.08708041927267,1.7942977564018643,1.9358876850879556,0.5535107655635894,2.5138247969597862,1.8597126046238708,2.4279375855327956,Visium,LAM4,LAM20,spot
ATCCGGTATCACAAGT-1,1,34,50,8692,4869,18649.0,6160,1.4572032823817476,2.089160102302547,1.4857807755701458,0.6805424199523653,1.739051242124399,2.053115862309617,2.1870924507753426,Visium,LAM4,LAM20,spot
TGAGGTAGGACTACTG-1,1,34,64,8697,5628,25750.0,7500,2.9547513436117527,1.7056303154981163,0.8163094653360647,0.30235761784380777,2.187468402390855,2.01122853245675,2.0347691016282434,Visium,LAM4,LAM20,spot
GTACCTGAAGTGAATG-1,1,34,66,8697,5736,23948.0,7247,2.7132447954393846,1.6028016097572022,0.8121358065915055,1.1274773304270935,2.2243029858812586,1.8821513207498004,1.7582149493550305,Visium,LAM4,LAM20,spot
AGGACGTCGGCACGAA-1,1,34,68,8698,5844,8958.0,4429,2.78192409823587,1.849767166342608,1.2155598021779819,0.6488573174996846,2.093904431965744,1.4699371549692963,2.093904431965744,Visium,LAM4,LAM20,spot
GCCGCTGATTGGCCAG-1,1,34,70,8698,5953,4412.0,2637,1.7676176913874333,1.789490350941069,1.7606831970815704,0.8048216861829026,1.7107467132909924,2.346021979392564,1.5439681630359976,Visium,LAM4,LAM20,spot
GAGTAGGATGGTAGTC-1,1,34,72,8699,6061,25292.0,7379,2.7123277327320023,1.7887236041173897,1.6001588728996068,0.47688292177539204,2.2142731423602697,1.759663227905782,1.9640896185348837,Visium,LAM4,LAM20,spot
CAAGACCACTATCGAA-1,1,34,74,8700,6169,26712.0,7568,2.937175342095866,1.8489899801217609,1.53687688054826,0.38964918694519074,2.324219688716009,1.769296823239746,1.9966278275018818,Visium,LAM4,LAM20,spot
CTATGTAGGCCGAACG-1,1,34,76,8700,6278,11480.0,5117,2.121298341569939,1.6781055277789747,0.9682284178999464,1.1928564470798677,1.8631883955128874,1.7309049526177247,1.7932102166172745,Visium,LAM4,LAM20,spot
AGGCATTACTATAGTA-1,1,34,78,8701,6386,8493.0,4144,1.2593373779376278,1.5112341117831187,1.2533515153901156,1.1098029137419911,1.2104161482735778,2.180372444754411,1.6333577108075978,Visium,LAM4,LAM20,spot
CTAAGCGTGCCTGCAA-1,1,34,80,8701,6494,12369.0,5229,1.9791777561560628,1.7242467394470675,0.9620078322661108,0.36532701914988436,1.3688210586159606,2.1764817034378052,1.8807238699578435,Visium,LAM4,LAM20,spot
CGATAAGGTGCCTGAC-1,1,34,82,8702,6603,26202.0,7549,2.872635864947204,1.7527809474396985,1.0675519653358427,0.7133734111347333,2.1500513023808154,1.9961737299469582,1.8770084021509166,Visium,LAM4,LAM20,spot
TCTGTCACCGTTAATA-1,1,34,112,8711,8228,20507.0,6872,2.6508613811135624,1.6284877635337278,0.8505805423349447,0.42655391971736023,2.0730268533963048,2.3901667088013525,1.6843125760940383,Visium,LAM4,LAM20,spot
AGTGTACCTCTGTATG-1,1,34,114,8712,8336,17175.0,6256,3.077826716333963,1.1850169799629797,0.7379785938566756,0.641763342106974,2.4342770948305152,1.948264068724333,1.8310081743756277,Visium,LAM4,LAM20,spot
AGGTGGCTGTCGCCAA-1,1,34,116,8713,8444,10928.0,4881,1.645427500867885,1.78195066081497,0.9560462721362145,1.2274407725029193,1.7972349346326482,2.302414263371774,1.63273684638125,Visium,LAM4,LAM20,spot
CTCATATGATAACTAT-1,1,34,118,8713,8553,13926.0,5442,2.335541682080608,1.4759024164795203,0.8528832669592679,0.9426299130304738,1.9606144993682237,1.9263385120870817,1.9731710424825997,Visium,LAM4,LAM20,spot
AAGATACAGGCGAACG-1,1,34,120,8714,8661,11007.0,4751,3.006106059019371,1.3628314591010144,1.4302621247836085,0.285455804684125,2.417766400582461,1.9752151823637234,1.8642470296895293,Visium,LAM4,LAM20,spot
TGCCTACGCAGGCTGC-1,1,34,122,8714,8769,4466.0,2680,2.576827178511901,1.8867439028671964,2.006538534125457,0.5956626726515308,2.178946388329268,2.669644799618013,1.8867439028671964,Visium,LAM4,LAM20,spot
GCGTCGTAGGCTCATC-1,1,34,124,8715,8878,3428.0,2211,3.004189492428824,1.5670101953587787,0.5477098872582523,0.425523538549622,2.5950979521298025,1.48236447981222,1.8671238057954906,Visium,LAM4,LAM20,spot
ATGCTGCGCTGTTGCA-1,1,34,126,8716,8986,1714.0,1321,2.823517827131189,2.1499696013344844,2.1996849217304417,0.425523538549622,1.8091109745392548,2.2774168714036565,2.3495399350499033,Visium,LAM4,LAM20,spot
CGTAACATCGTTACGG-1,1,35,1,8583,2216,12496.0,5364,2.282669783293104,3.3195724726193525,2.2303000421759953,0.41161540309688444,2.4512975627358413,2.1825828874536373,3.854707164118436,Visium,LAM4,LAM20,spot
TACACCAGTGCCGACA-1,1,35,3,8583,2324,11286.0,4998,2.2083909707560845,2.9576514385805583,2.5873122457539144,0.4471521609932855,2.321682103306676,2.1777932359791627,3.4308955340676617,Visium,LAM4,LAM20,spot
ATGTACAGTGCCTATG-1,1,35,9,8585,2649,9381.0,4452,1.7703777866303012,2.787697596420532,1.734074194899863,0.4583396540083437,2.070514165737055,2.176706537078941,3.314780840853391,Visium,LAM4,LAM20,spot
TCCTTGAACAGGACCA-1,1,35,11,8586,2757,15229.0,5875,2.5655004961467385,2.4983913925569885,1.3539799434738744,0.7580917299070409,2.2972454966106945,2.277803118387938,2.8238452850445994,Visium,LAM4,LAM20,spot
CACCATTCTTACGAGC-1,1,35,13,8587,2866,24252.0,7528,1.6565470217586686,1.4191879279028816,0.6292571928253379,1.1311346007207457,1.6134871007230143,1.9909521563558736,1.7567226353384462,Visium,LAM4,LAM20,spot
GAACTACAAGTAGGAG-1,1,35,15,8587,2974,15966.0,6336,2.203077034044227,1.4337235666780257,2.3927003372979727,0.3753587047478768,1.831864684312749,1.7400243491038925,1.9274337477466825,Visium,LAM4,LAM20,spot
AACCTACTGTAACTCA-1,1,35,17,8588,3082,18845.0,6513,2.81037309416937,1.6573053399288018,1.0498619220617456,0.36058201231623105,2.304678946049686,1.7985902473910291,2.0750208002395736,Visium,LAM4,LAM20,spot
CTCACGATCTCCGGAG-1,1,35,19,8588,3191,14341.0,5708,2.684248193628286,1.723157508206422,1.1001915908520465,0.5657071883278483,2.227910537035687,1.791313871819871,2.208947734010099,Visium,LAM4,LAM20,spot
GCAAGAATGTTCCACC-1,1,35,21,8589,3299,7269.0,3672,2.730896451121004,1.7838177127669845,1.1741898746172517,0.3185935657387448,2.296776537696521,2.3850144442131413,2.1068684013922976,Visium,LAM4,LAM20,spot
TGGAGTGATGGCTCTT-1,1,35,23,8590,3407,3887.0,2567,1.5422836021946065,2.629251609570466,1.961517802788453,0.7744502456693558,1.074834701958382,2.0057540150561706,3.1710509780105554,Visium,LAM4,LAM20,spot
AACGAATTGACCGGTT-1,1,35,39,8595,4274,7586.0,3918,2.001854527856779,1.3942379446592243,0.8407986876901032,0.7877206301921454,1.664722702904688,2.026975039336794,1.495220881175061,Visium,LAM4,LAM20,spot
CGCCATGAGGCGATGA-1,1,35,41,8595,4382,11206.0,4823,1.36917432098862,1.7299498842123755,1.5435253738182255,0.7961010578382689,1.4166603106420754,2.1325666245082546,1.4433536168124288,Visium,LAM4,LAM20,spot
CTTAGTGGTACACGAC-1,1,35,43,8596,4491,5303.0,3166,1.3066809004947175,1.8068874070175727,1.9304905640158347,0.9985324391477941,1.2789518713339545,2.1076174385038877,1.6108700374998568,Visium,LAM4,LAM20,spot
GTCACTTATCCAAGAC-1,1,35,45,8596,4599,5959.0,3369,1.2911777473142352,1.8249065083655576,2.365491346308281,0.1419834978005634,1.370351534806034,2.404130655108175,2.2834229720586454,Visium,LAM4,LAM20,spot
ACGGTTCGTACAGTTG-1,1,35,47,8597,4707,6557.0,3700,1.9601441870761152,1.9813958103345952,2.3361322531732442,0.8698041223640605,1.4887262368447327,2.062154810457457,1.9866388910087676,Visium,LAM4,LAM20,spot
TCAGCTAGGATGTACT-1,1,35,49,8598,4816,16829.0,6203,2.7846938594154973,1.8387209952135461,1.5661344809279578,0.7325535159088142,2.3449854953414078,2.3981293290665655,2.1661650556234284,Visium,LAM4,LAM20,spot
TGGTAGCATCAAGTCT-1,1,35,65,8603,5682,29468.0,7795,2.6556823128898817,1.6759173341991902,0.8020679317490974,0.639035739827443,2.0951148674125424,1.8431654972576117,1.967215817861328,Visium,LAM4,LAM20,spot
CATTAACTATTGTTCC-1,1,35,67,8603,5791,14305.0,5597,2.1388758848452656,1.7498227326769749,1.2374163692822189,0.6364223119117263,1.7437292399329662,2.0486657869718377,1.8590576358720767,Visium,LAM4,LAM20,spot
CTCGACTCCTAATGGA-1,1,35,69,8604,5899,24404.0,7328,2.775358141168083,1.509399311781088,1.0978197548414579,0.9844454362405147,2.167267855872672,1.917666347292448,1.7336219516961282,Visium,LAM4,LAM20,spot
TGAAGTATGATCGTGC-1,1,35,71,8604,6007,22172.0,6986,2.5283817542584655,1.4462926659251454,1.0896419933892407,0.9066698696438195,1.9585105155244766,1.9040327137153712,1.4647051296532516,Visium,LAM4,LAM20,spot
ATTAAGAACAGCTCCG-1,1,35,73,8605,6116,22449.0,7142,2.141134308432281,1.9221221944974693,1.1184885733152754,0.8826735880529795,1.9398847655701057,2.2236394565622675,1.784344934882032,Visium,LAM4,LAM20,spot
GACAAGCTGAATCTGG-1,1,35,75,8606,6224,24209.0,7413,2.8257545100401713,1.858048130907387,1.4476063858798762,0.5163693933379218,2.2479097862342465,1.8297316332256934,2.191830974900754,Visium,LAM4,LAM20,spot
TAGTGACTCAATTGCT-1,1,35,77,8606,6332,6968.0,3769,1.743170203361708,1.7214125569540397,1.3058628962980454,0.7766602911330416,1.4419766892703654,2.1580259756023814,1.7019783692689778,Visium,LAM4,LAM20,spot
TGAGACAGAAGTGCTC-1,1,35,79,8607,6441,9137.0,4290,0.7392915299114444,1.8154630276554145,1.159676740180997,0.40378221792035107,0.971413828867979,2.5538537154192125,1.9290073610637213,Visium,LAM4,LAM20,spot
GACAACTTAACCAACC-1,1,35,81,8608,6549,11270.0,4858,2.410605270540186,1.7563881845954412,0.7462799533204176,0.2796438834117216,1.9756326167134286,2.162176683200445,1.80862327528006,Visium,LAM4,LAM20,spot
GGAGCGGCACCTCGTA-1,1,35,83,8608,6657,17836.0,6248,3.0341557253977176,2.108097430958459,0.9865596073413309,0.4451112602173734,2.449497903829466,1.9564060332842084,2.3935022659276197,Visium,LAM4,LAM20,spot
GCGATGACCGTGTAAT-1,1,35,91,8611,7091,16111.0,6088,2.804411246463325,2.126594394312284,1.353437811472614,1.1808276674670497,2.348092018109784,1.836716654764124,2.238512397590641,Visium,LAM4,LAM20,spot
CGTTGTGAGCAAGTGG-1,1,35,93,8611,7199,17179.0,6096,2.5304346087433442,2.4703996562627126,0.7378570611984524,1.0480750748976728,2.2753773870320684,1.975348459117514,2.354416981472031,Visium,LAM4,LAM20,spot
ATTCCGCAACGCCGCT-1,1,35,95,8612,7307,16554.0,5931,2.7351275365142076,2.782693650658899,1.1599591809553091,0.9312452963277971,2.5940385876345227,2.134209572246639,3.1310509106809628,Visium,LAM4,LAM20,spot
TCGGAACGTCTGCAAG-1,1,35,97,8613,7416,17370.0,6356,3.035948113513921,2.12453763618522,1.355455234719555,1.5509430929930692,2.661181046110556,2.1268280107463875,2.560777877195728,Visium,LAM4,LAM20,spot
GGACGTCGCACGAGAA-1,1,35,99,8613,7524,8348.0,4166,2.7868821738678,2.1867347835311524,0.9152360311675349,1.6366972503802846,2.619408362906416,2.239138452777542,2.223055350680649,Visium,LAM4,LAM20,spot
ATCGACAGCGGCAACA-1,1,35,113,8617,8282,20955.0,6922,2.6502407208924734,1.7694411533960688,0.8885656089036221,0.552453696649586,2.0230933599578274,2.0990230825987735,2.0617787135728376,Visium,LAM4,LAM20,spot
ATACTAGTAACTGAGT-1,1,35,115,8618,8391,14687.0,5688,2.7833907220939285,1.4187667583169388,0.9620577885803235,0.5193140405199602,2.378394289190257,1.9798072696348372,1.9024540008702475,Visium,LAM4,LAM20,spot
AATACGAGAACACTCG-1,1,35,117,8619,8499,13355.0,5503,2.6577500993476395,1.843143237496014,1.6328238668220314,0.5589202473921472,2.3734332248243284,1.979601900566367,2.598869148562312,Visium,LAM4,LAM20,spot
TCGAGCTGGTTGCCGA-1,1,35,121,8620,8716,16672.0,6044,2.728487046074548,1.6131737278810108,1.458369489724321,0.3992807243365906,2.1997140118431497,1.9738055206679088,2.207989628928781,Visium,LAM4,LAM20,spot
AGCCAGCGTTACAGTC-1,1,35,125,8621,8932,11482.0,5038,2.8649194556263144,1.5196896619203277,1.2844790064612417,0.21311416870705874,2.369222524665359,1.8962748272833942,1.8630412286270457,Visium,LAM4,LAM20,spot
GTCGAGTGATTACTGT-1,1,35,127,8622,9041,616.0,537,3.0852066013831303,1.4461547490435696,1.1083054178737695,0.0,1.9583555735763694,2.2101279821721276,1.9583555735763694,Visium,LAM4,LAM20,spot
CTCCGCAGCCGCCTTC-1,1,36,0,8488,2162,34263.0,8518,2.841163416818673,2.1158338112370227,1.528611253386711,0.40820924586230756,2.400862531826024,1.9709795324572605,2.3740522088953564,Visium,LAM4,LAM20,spot
ACGCAACGTGTAATTG-1,1,36,2,8489,2270,12564.0,5403,2.6994690451434837,2.922620547812528,2.356229966001738,0.4097875138174134,2.4802262880901824,2.014910095404924,3.3962610963987787,Visium,LAM4,LAM20,spot
GTAGCACGAGCTCAAG-1,1,36,4,8489,2379,7010.0,3740,1.7734210232142882,3.008559776610423,2.4285450988668935,0.7117132231146367,2.199915516831004,1.6177720832230984,3.551918506827555,Visium,LAM4,LAM20,spot
AGCTATAAGTCCAGCA-1,1,36,14,8493,2920,12597.0,5501,2.406323840446883,2.3762285609975873,1.994798053348953,0.19597933370432635,2.2123165607260713,1.7963575628536814,3.0513412795541517,Visium,LAM4,LAM20,spot
ACGTGCAATTATTCGG-1,1,36,16,8493,3029,15411.0,6219,2.3381949405649913,1.9132534937295773,1.667494991560833,0.9061367712974657,1.8987829968761942,1.8054896784259962,2.1064326860562534,Visium,LAM4,LAM20,spot
GGTTCTCCTATCAGTT-1,1,36,18,8494,3137,16967.0,6304,2.50816777824987,1.8223757339843296,1.1431076131141098,0.9163860996267469,2.012656929113187,2.051281610270359,1.9412516375965843,Visium,LAM4,LAM20,spot
ACATCGTAGACAGGTT-1,1,36,20,8494,3245,15098.0,5940,2.1700626504958747,2.056952503541472,1.4613315420589554,0.9880362671055325,1.8915874213841584,2.2277798930061445,2.200648156333106,Visium,LAM4,LAM20,spot
CGACGCCAAGGTGCAA-1,1,36,22,8495,3354,10458.0,4961,1.515483532512189,2.1464020056284716,2.024710068054275,0.5279319028092674,1.352897163214561,1.7817758831099673,2.682796138137862,Visium,LAM4,LAM20,spot
ATGACCAGACGGCCGG-1,1,36,24,8496,3462,4393.0,2814,0.6808610289415726,1.9979299850798953,2.0208191679528924,0.8955105352586735,1.1867296122868913,1.7803764156261115,2.28450781457871,Visium,LAM4,LAM20,spot
CTCGGAGTCTTAAGGA-1,1,36,26,8496,3570,3683.0,2370,0.771795523093011,2.0525769753084906,0.7022019082802282,0.9086641621062543,1.55463732429815,1.9927139839116086,1.6238863820147722,Visium,LAM4,LAM20,spot
CAGAGGCACTTAAGTC-1,1,36,38,8500,4220,7402.0,4008,2.30965081952657,1.7215789548791978,1.1616974439946193,0.6204251341204061,2.026312065464156,1.9248723438318958,2.0909596595816757,Visium,LAM4,LAM20,spot
GTCATCACTATTGTGC-1,1,36,40,8501,4329,9508.0,4426,1.2249484564290045,1.7643936050108164,1.1325278635241083,0.8495463400639994,1.5150486378731625,1.914655697620322,1.914655697620322,Visium,LAM4,LAM20,spot
AGCACGCTCGATCTAA-1,1,36,42,8501,4437,11965.0,5266,1.9585709059503758,1.7370071454268745,1.9690421180991078,1.0379773779512218,1.740678760654501,1.861365051701701,1.6841367195024641,Visium,LAM4,LAM20,spot
TCTGAGTCAGATCTTG-1,1,36,44,8502,4545,9887.0,4831,2.3270193525045517,1.784399590308825,1.9556588890569615,0.3782586955754902,1.8421361574226494,1.8012386902717064,2.287471968599678,Visium,LAM4,LAM20,spot
ATAGACATGGCTATGG-1,1,36,46,8502,4654,16936.0,6170,3.1398329096529722,1.5764969208876305,1.167584165865507,0.42968943401681986,2.478509281683711,1.7616567727111871,2.0043451992680774,Visium,LAM4,LAM20,spot
CACTACTGCGGAATTG-1,1,36,48,8503,4762,23057.0,7607,2.307165075772671,1.5899227053372131,0.9656156592790744,1.1656373462515734,2.0580771064211425,2.306136628207817,2.0580771064211425,Visium,LAM4,LAM20,spot
TGTCTTGCGACTAATT-1,1,36,50,8504,4870,22949.0,7067,2.9825051737911856,1.4200655427714868,0.9889933607520958,0.5611329664671815,2.301316259256847,2.3103648238659997,1.9524622196995651,Visium,LAM4,LAM20,spot
GTTCCAGTGCCTTACC-1,1,36,52,8504,4979,16854.0,6361,2.712733876138505,1.874564194108361,0.9676148789956757,0.7054928509246292,2.3717187717816928,1.8926064321280185,2.2850113788986524,Visium,LAM4,LAM20,spot
GAGGTATTAATAGCGG-1,1,36,66,8509,5737,11967.0,5128,2.6483956844111627,2.060790795211505,1.2244928340665011,0.6869099125008491,2.38127316081966,1.8612238969707509,2.079243059545188,Visium,LAM4,LAM20,spot
CAACGCTTGCTCCTAC-1,1,36,68,8509,5845,23140.0,7078,2.857721174394583,1.5601895620688049,0.8995568569970255,1.046078976162786,2.196648208444183,2.041007036238193,1.7867049418952965,Visium,LAM4,LAM20,spot
GTCCTTCATCAGATCA-1,1,36,70,8510,5954,15837.0,5942,2.782191548428505,1.701683823611734,1.0066577990828194,1.4915950323860334,2.220140585161037,1.8175410096247002,1.9898350560024087,Visium,LAM4,LAM20,spot
GTGACAAGATGCTCAT-1,1,36,72,8511,6062,17650.0,6478,2.75562554430831,1.658093169352063,1.3436115712374912,0.6010894960219553,2.2131499724565424,1.9654138396907703,1.658093169352063,Visium,LAM4,LAM20,spot
TAGGTCTTGGCTCGTC-1,1,36,74,8511,6170,29085.0,7519,3.219606420660297,1.6607707453214107,0.8830469638469345,0.40553282790451,2.6558486893982147,1.9564473626071706,1.9108723303897261,Visium,LAM4,LAM20,spot
GCGACACTAAGCTAAG-1,1,36,76,8512,6279,32891.0,7966,3.1192714099838716,1.4186540296815597,0.9970203216467718,0.1997652175357247,2.4347690853207475,1.5580939443396051,1.9838542720166144,Visium,LAM4,LAM20,spot
CAACTGCTGGAGTTAT-1,1,36,78,8512,6387,14471.0,5465,1.184958458216737,1.4940688635368071,0.7926825951510732,0.7265658319087128,1.1504110641975265,2.499119239495374,1.532113043113752,Visium,LAM4,LAM20,spot
AGTGCCAGATGCTCTG-1,1,36,80,8513,6495,8844.0,4141,0.8976256623921784,1.8428228261312019,0.8810314067380134,1.2131937597035085,1.265283598206985,2.4305245948586385,1.1821627360593132,Visium,LAM4,LAM20,spot
CCAGCACTCGACTGAC-1,1,36,82,8514,6604,9289.0,4435,2.2945449216140403,2.2172145851529486,0.8525743508867571,1.2374133918677506,1.9912501657773523,2.385850572177415,2.128377797325859,Visium,LAM4,LAM20,spot
CAGACAGTCGGATCTG-1,1,36,84,8514,6712,14216.0,5520,2.223564854622517,2.1836266341028026,1.3614021295636476,0.7046680160155776,1.8643287551963972,2.362134401966397,1.9678165252948705,Visium,LAM4,LAM20,spot
GTAACATACACCTGTT-1,1,36,86,8515,6820,8871.0,4347,2.2717208833031894,2.0049107544168594,1.4109842242708042,0.8898258156242257,1.9135716686078574,1.9998375114302718,1.7803277500740395,Visium,LAM4,LAM20,spot
TAGACATACGTCTAAT-1,1,36,88,8515,6929,12375.0,5232,2.751166819256112,1.6945957207744073,1.6758685817237096,0.9617082115649478,2.1606490718496656,2.0965502419007835,1.7129785913749407,Visium,LAM4,LAM20,spot
GCATTGACTACAGCGA-1,1,36,90,8516,7037,14103.0,5685,2.2836789549701937,2.018022779722162,2.2522206206919475,0.32697362801336555,1.9370788118342015,1.8980023863507265,2.1123874618632974,Visium,LAM4,LAM20,spot
GGTCTTATAGGCTGGC-1,1,36,92,8517,7145,11629.0,5012,2.3933844986330564,2.0532722718209175,2.294720383466931,0.4364606049756534,2.0081326541792563,1.6943148914132562,1.687710266375698,Visium,LAM4,LAM20,spot
GATTGTCGCAACGAGG-1,1,36,94,8517,7254,13001.0,5270,2.0557458484077578,2.7530986182129547,1.196197093657072,0.7172886005960731,1.8075937533942783,1.7254468621046712,2.5132738955002245,Visium,LAM4,LAM20,spot
CATTAGGCAATGGTTA-1,1,36,96,8518,7362,8619.0,4122,2.330377212907908,2.833868316754989,1.4668724150413903,0.8633868113416892,1.8735053674508657,2.4705363151294266,2.759560434481451,Visium,LAM4,LAM20,spot
GTTCTTGATCTGTTGA-1,1,36,98,8519,7470,7255.0,3649,2.624600099892057,2.910573699457973,0.7912102870856752,0.7550645607167266,2.226800478824394,2.467858094687942,2.931000763429978,Visium,LAM4,LAM20,spot
TGTTCCTCACATTAAT-1,1,36,100,8519,7579,12103.0,5143,2.843205903829617,2.6191547221084672,0.9754961279565071,0.7892778023841578,2.39954639180635,2.402666059708697,2.9040439660742705,Visium,LAM4,LAM20,spot
AACTATTCTGCGGCCT-1,1,36,110,8522,8120,4007.0,2393,1.0233838538702342,1.5567645007146929,1.054912714187314,1.7903026228341514,1.9794943485155125,1.9794943485155125,1.8893660173998474,Visium,LAM4,LAM20,spot
GGTCTGGTTGTAGAAC-1,1,36,114,8524,8337,15673.0,6003,2.734463151649536,1.6749768581380093,1.7825184934777722,0.3407668708858965,2.1944985613791173,1.826267093304529,2.1944985613791173,Visium,LAM4,LAM20,spot
GACGTCTTATCTCAGC-1,1,36,116,8524,8445,7919.0,4052,2.759543536815466,1.880419876581459,2.0111328208612007,0.5240136005779472,2.3485992924498924,2.072583249637792,2.333409557668758,Visium,LAM4,LAM20,spot
CGCTGACATTGCGGTC-1,1,36,124,8527,8879,10249.0,4825,2.6060010773028055,1.6846701008371263,1.398489190711362,1.0517685343912533,2.1614449938645337,1.7143905002328976,1.9248659333876676,Visium,LAM4,LAM20,spot
CACGTGCCAGAATTCT-1,1,36,126,8527,8987,4327.0,2605,2.9698276371823766,1.595099414372708,1.1059805006816175,0.19070074897101003,2.298114750737602,1.579346343692492,1.8700762746004815,Visium,LAM4,LAM20,spot
GCCGGCATTCCGCCGA-1,1,37,1,8394,2217,28586.0,7627,3.1670941339401044,1.8265379111351618,0.9109733241672602,0.22666988850214373,2.5187386234156444,1.7133799454342336,2.1059703106905547,Visium,LAM4,LAM20,spot
CTAACGTGAATGATGT-1,1,37,3,8395,2325,22255.0,7087,2.8509678695545633,2.7925383645127573,1.8101249472983114,0.3989009889804107,2.494947437179829,1.7821651747392824,3.1815767869176845,Visium,LAM4,LAM20,spot
ATGATAATTCCTTGCG-1,1,37,11,8397,2758,2864.0,1939,1.0970148442389527,2.377371207064974,1.7580264643184806,1.5022134633382114,2.0773443720891125,2.536766202194894,2.7624995898546847,Visium,LAM4,LAM20,spot
AGGACCGCAATAGTTA-1,1,37,17,8399,3083,21561.0,6842,2.538547467405567,1.156837732793032,1.1458382965200484,0.7401526313535831,2.1443810972525115,1.8818445924403095,1.562006224033192,Visium,LAM4,LAM20,spot
CTCCTGTCGAAGCCAA-1,1,37,19,8400,3192,16647.0,6084,2.712954812607727,1.3871800143469937,1.3489473045626277,0.43573494695720355,2.3259009885945576,1.9888933880011188,1.9469222601651441,Visium,LAM4,LAM20,spot
CAACTGACAAGACAAG-1,1,37,21,8400,3300,17325.0,6343,2.8084634341788552,1.878109251750946,1.3000697662322165,0.6916374490709802,2.0140368446544157,2.151739830893807,2.2527337599233963,Visium,LAM4,LAM20,spot
GTCTATTGCGAGTTAC-1,1,37,23,8401,3408,10600.0,4882,2.4197090315895102,2.0651895189726344,1.7434408919572473,0.41513801425346764,2.274845389904893,1.494951324311896,2.1861572706965378,Visium,LAM4,LAM20,spot
CTGAAGGATCTGTACG-1,1,37,25,8402,3517,14178.0,5698,1.1036643611103987,2.23999511186703,1.243754901590519,1.3064480011394788,1.8105086355958109,1.9782818941390152,2.6734041401478157,Visium,LAM4,LAM20,spot
GTTATGATACGATTAT-1,1,37,27,8402,3625,7551.0,3993,0.9216832079459911,1.5492882804275554,1.7579766433507158,0.6112612571263739,1.0370740151488589,1.6890669367610507,2.0090322921559567,Visium,LAM4,LAM20,spot
TCTACAGCACGTCCGA-1,1,37,29,8403,3733,953.0,760,0.0,0.7175070272224767,0.0,0.669840376348083,0.8379604431481411,2.0788729995377366,0.8379604431481411,Visium,LAM4,LAM20,spot
CGGAGCGGTAAGACGC-1,1,37,41,8407,4383,10548.0,4715,2.5481060046929893,1.4179275095278934,0.4653235632123951,1.1488782919180112,1.9179203520219728,1.7746545019574609,1.6152608955755263,Visium,LAM4,LAM20,spot
TAGACCGCGGAAGGAC-1,1,37,43,8407,4492,13569.0,5549,2.0324502780847684,1.5123707179512647,1.1374483786174443,0.9585618798719094,1.5443381509701957,2.0795981363900182,1.5042165932851228,Visium,LAM4,LAM20,spot
ACTCTACTTCCGCATT-1,1,37,45,8408,4600,16492.0,6375,1.8785200919682883,1.66867194576764,1.3361556649998532,0.8892079920357188,1.7665846885093588,2.3797991241668597,1.8651944501124833,Visium,LAM4,LAM20,spot
GTGGCGCACCTGTTCC-1,1,37,47,8409,4708,12732.0,5380,1.6392916676062148,1.796200321854245,1.3473343742635897,0.8870847648741512,1.825101468984587,2.1040983945550553,2.0880051461285025,Visium,LAM4,LAM20,spot
GTCAGTAGGTGACCGG-1,1,37,49,8409,4817,18251.0,6695,1.7933432547274566,1.2585774148086593,0.8628004814499929,1.2356787425499827,1.7802327316673354,2.6497121071612115,1.5325434955647461,Visium,LAM4,LAM20,spot
TACGACGCGATTCAAG-1,1,37,51,8410,4925,32992.0,8112,3.1047600209412227,1.291159966058509,0.704569332075936,0.49088560937634507,2.4870210875375482,1.722243968006591,1.719985003024953,Visium,LAM4,LAM20,spot
GTTCATCTTACATTCC-1,1,37,53,8410,5033,11107.0,4986,2.751273662259404,1.5065851787047102,0.988843778024073,0.6841980507857548,2.291603979874385,2.0671859914000135,1.8024312919401926,Visium,LAM4,LAM20,spot
GTCTGATATCTGAATT-1,1,37,75,8417,6225,22827.0,6955,3.0155635534218805,1.358746611974617,1.160142719702363,0.27657206514455107,2.289608634608488,1.8452916314330354,1.8070836907252816,Visium,LAM4,LAM20,spot
AACTTCGCTTAGTCAG-1,1,37,77,8418,6333,27012.0,7539,3.1355291664282094,1.4574124223192273,0.527172840697561,0.18392897682792342,2.4467604368957225,1.6942330043874383,1.8512830301090832,Visium,LAM4,LAM20,spot
TCTTCGCCATTCGAAT-1,1,37,79,8418,6442,5546.0,3199,1.3437638646838028,1.5658021300104243,1.5751756754524349,0.5042077010254338,1.1080638156283606,2.3041345590986895,1.7848235830352126,Visium,LAM4,LAM20,spot
GGCTGACGCCGAATCA-1,1,37,81,8419,6550,7332.0,3683,0.46028269690920437,1.7293886883746499,0.9299450402416622,0.8064289258885589,1.3605288190821443,2.4581999019261938,1.5935457960531527,Visium,LAM4,LAM20,spot
TGCGTTATGTTCCGGA-1,1,37,83,8420,6658,6793.0,3635,1.9599137907430835,1.511394721212731,1.324470636300459,1.0078699028984086,1.7228244287117074,2.5084708110170384,1.786470469063431,Visium,LAM4,LAM20,spot
TAATACCGTTAATTGC-1,1,37,85,8420,6767,18179.0,6397,2.7331200077584157,1.8462203582420542,1.4587339875519392,0.9933493759687492,2.089682395166747,2.016147882897759,1.828703554456119,Visium,LAM4,LAM20,spot
CCTGGCTTATGGTCTG-1,1,37,87,8421,6875,23484.0,7181,2.7550145211718977,1.4733873506310555,1.051859733757367,0.696385918351929,2.0625976143578026,1.999766037912366,1.6897085725844627,Visium,LAM4,LAM20,spot
TGCGAATTCTCCGCAC-1,1,37,89,8422,6983,29841.0,7820,2.9815448243229,1.7564888099063638,1.4894986380113715,0.41732540647871896,2.3561844626473096,2.026895505929812,1.9623101861642265,Visium,LAM4,LAM20,spot
GTATTATGAGTTAGCG-1,1,37,91,8422,7092,15751.0,5845,2.174746980483482,1.6589322434567009,1.5197761524888962,0.7939170911137787,1.7090157575218006,2.3635878328104525,1.61886574487793,Visium,LAM4,LAM20,spot
TGGATCCAGTCACTTC-1,1,37,93,8423,7200,18324.0,6205,2.3299522077036974,1.7199325735234172,1.452642393416585,0.5843321172168523,1.7883884440694429,2.033364077695821,1.667261898226759,Visium,LAM4,LAM20,spot
TGAATTCGTGGTATAA-1,1,37,95,8423,7308,17024.0,6250,2.558463027459989,1.8384289952168182,0.7769422378520321,1.1083054178737695,2.172832801904181,2.1894142899598226,1.8266806293724276,Visium,LAM4,LAM20,spot
ACCATTAGATCGTGGC-1,1,37,97,8424,7417,13745.0,5672,2.306801106063356,2.2055965320508673,1.431022865883419,0.6204779844240139,2.068330570283115,1.8461329750773823,2.0450726262564864,Visium,LAM4,LAM20,spot
CGAGCTTAGAATACCT-1,1,37,99,8425,7525,12477.0,5310,2.34071904144739,1.7866034034590932,1.5907013192702588,0.36267452825759355,1.8420992221259467,2.2564430984158146,1.9036745566937565,Visium,LAM4,LAM20,spot
TCCGAACATAGTCTGA-1,1,37,101,8425,7633,19143.0,6733,2.4571552978816085,1.9978364472834718,1.7407218354565546,1.2302143424833107,2.010158984877274,1.7708057155888346,2.1639166861168078,Visium,LAM4,LAM20,spot
GTCACTTATGTCGTAT-1,1,37,103,8426,7742,7700.0,3950,0.9819881359783706,1.864784604242945,1.6832675527216658,1.3437860774507915,0.8323443107201453,2.3328581359650693,1.7698767579785473,Visium,LAM4,LAM20,spot
CTGAAGTGCTATGGCG-1,1,37,113,8429,8283,9356.0,4584,2.546092775107633,2.003234811960494,2.0210972780018666,0.09273105792902821,2.213737525427276,2.0950136927120515,2.664475144813893,Visium,LAM4,LAM20,spot
AGTTCGTGCATGTCGA-1,1,37,115,8430,8392,9915.0,4645,2.8579248710849554,2.2483413558936243,2.310271062561493,0.37736888894353776,2.4281486185412064,1.9998067325380058,2.7243231934962187,Visium,LAM4,LAM20,spot
CTGTATCGGAAGCTCC-1,1,37,117,8430,8500,1717.0,1315,1.790441242121744,2.9774235792889012,2.5375167820637756,0.42491781221254754,2.3479581600350965,1.92046219677068,3.8472685805734743,Visium,LAM4,LAM20,spot
TATGTTGGCGAGAACA-1,1,37,123,8432,8825,9973.0,4743,1.3519301234089371,1.9902080682987668,2.199628183901532,0.49352877392287847,1.6604173101733049,2.3378172429265067,2.5480231360475565,Visium,LAM4,LAM20,spot
CTTATTGAGTTCTGTA-1,1,37,125,8433,8933,7361.0,3827,2.3146551046983577,1.5694137248359732,1.8348557401764527,0.40145978157500845,2.074726599201039,2.1367442869048947,1.9130433409749612,Visium,LAM4,LAM20,spot
TGTTGGCCTACACGTG-1,1,37,127,8433,9042,476.0,428,2.772963801948616,1.131673150928998,2.4427123321769195,1.5727136984609096,2.8187744574102545,2.079791620451134,2.1835933439445823,Visium,LAM4,LAM20,spot
TGCGATGCAGGTGCGA-1,1,38,0,8300,2163,15254.0,5825,2.923517597292185,2.0564139084407898,1.3313508473304752,0.7847859622830383,2.3039870205461734,2.022296624690783,2.367398094617573,Visium,LAM4,LAM20,spot
ACTAATCGGCCACCGA-1,1,38,2,8300,2272,20559.0,6708,2.9624038206389094,2.363757199697526,1.8389060876521057,0.6335949763038108,2.4802384429547244,2.1255068311052794,2.6655696772351583,Visium,LAM4,LAM20,spot
GTGGCTGAATGCGAGT-1,1,38,4,8301,2380,14974.0,5809,2.951083049689407,3.0556542546227807,1.467671826065804,0.4744393612917851,2.6699995435612704,2.052782620027656,3.4981898721281723,Visium,LAM4,LAM20,spot
CGATTGGAACAGGCCA-1,1,38,6,8302,2488,7029.0,3643,3.1508693403643058,2.0017568072427903,1.2995157588054276,0.5743669653104231,2.6377659243972693,1.8646376502319382,2.7346667811938388,Visium,LAM4,LAM20,spot
TCATTGGCGACCGACG-1,1,38,10,8303,2705,16584.0,6054,0.6665757798255418,2.3424456993348244,1.0328187594013403,1.0328187594013403,1.7357496251198188,1.9783642413666969,2.823074436642641,Visium,LAM4,LAM20,spot
AACGAGCCTCTTCGGC-1,1,38,12,8303,2813,18813.0,6335,0.2652380802388973,1.7458501246670908,1.76650480889048,0.545132712139097,1.2598378361733327,2.3826547865527394,2.2447773552913395,Visium,LAM4,LAM20,spot
ATTAAGTGGCCTAAGG-1,1,38,14,8304,2922,9639.0,4400,0.5544810020878951,2.708423614101321,2.529055400395062,0.24915545669855407,1.3146134730550458,2.4613255821747404,3.2641631539428206,Visium,LAM4,LAM20,spot
GCACGCAACCATACCA-1,1,38,18,8305,3138,15350.0,6106,2.498808331201574,1.691933135163597,2.1197422277039895,0.5709310284386865,2.3225793095234963,1.8264388580132218,2.3993747818713285,Visium,LAM4,LAM20,spot
CGGTCAACGGCGGATT-1,1,38,20,8306,3247,16039.0,6114,2.8660085583042263,1.9874839562326356,1.588572060347892,0.33415539038545783,2.5032903626732996,1.888783694617496,2.5770196941643264,Visium,LAM4,LAM20,spot
ATGCATGTCACTCGTG-1,1,38,22,8307,3355,12307.0,5336,2.5704807715203053,1.7707527370983926,2.0930701149480653,0.5531250050317754,2.2546262237330166,1.8798307317221992,2.0284026700266495,Visium,LAM4,LAM20,spot
CTTAGTAAGCGTGGCA-1,1,38,24,8307,3463,10021.0,4720,1.6899649798900733,2.1841894058791116,2.1528106134601255,0.736504988854888,1.5298325238849473,1.7328737768903946,2.714390039172172,Visium,LAM4,LAM20,spot
GTTCCTTGAGGAACGC-1,1,38,26,8308,3572,13097.0,5391,2.7483098149787795,2.138020497233469,1.8772670394573077,0.2979249911191117,2.2804045930774417,1.8066848994967462,2.490825572356058,Visium,LAM4,LAM20,spot
ATAGCTTCACAACCGT-1,1,38,28,8308,3680,11329.0,5193,1.1847213031415162,2.01914856338069,1.6472691207103376,0.33734537495566214,1.1302368509349396,1.9076871348244309,2.0871025614475727,Visium,LAM4,LAM20,spot
TGGACTGAGTACCTAG-1,1,38,30,8309,3788,5063.0,3142,0.2485454391699126,1.6762082883548393,0.9087967930345088,0.541290684751963,0.9087967930345088,2.026002775935709,1.4943522035246037,Visium,LAM4,LAM20,spot
GCCTTCTGTCACGCTC-1,1,38,42,8313,4438,10372.0,4679,2.4514770800129306,1.6381763962037563,0.6750515413459403,0.8764586759797087,1.9833259855838261,2.20104523919394,1.7404932378906472,Visium,LAM4,LAM20,spot
AGACTCATGACCTGGC-1,1,38,44,8313,4546,14566.0,5718,2.6422006160046108,1.4733886904105646,0.7493439898199916,1.4604337616008134,2.1461456501267437,2.0478065204118416,1.830145435741854,Visium,LAM4,LAM20,spot
TCGGCGCAGATAGATA-1,1,38,46,8314,4655,24616.0,6660,0.45764168067514654,0.6385471918210324,0.8845273563994372,2.347014247178863,2.280844124238853,2.1177384138087416,1.9447720300803357,Visium,LAM4,LAM20,spot
TCCAACTGAATAAGGT-1,1,38,48,8315,4763,11875.0,5106,0.7898234807953135,1.8546518994589574,1.1664348850068709,1.069484015745086,1.318240897874875,2.4805110383149622,1.8838747581358608,Visium,LAM4,LAM20,spot
CGATAAGAATTCCAGT-1,1,38,50,8315,4871,24626.0,7612,2.5292527264172486,1.2918426610879747,1.1735378773124876,1.1562640233112884,2.1994419930636133,2.295927718226832,1.8532452358790656,Visium,LAM4,LAM20,spot
TAACGAGCCGAAGGTC-1,1,38,52,8316,4980,27371.0,7514,3.1456239793899092,1.3384678003445445,1.146269225394522,0.3354458826887453,2.477784419407128,1.6720953954979896,1.9101742258173706,Visium,LAM4,LAM20,spot
AGTAGACAGTAAGGAG-1,1,38,54,8316,5088,13451.0,5214,3.1301911409292824,1.260644146923017,0.7042002846055843,0.34040183659618034,2.497459798503983,2.0560269049091136,1.5898585893241963,Visium,LAM4,LAM20,spot
CGCCTTGTGAAGTCTA-1,1,38,76,8323,6280,22467.0,7018,2.9835417693479487,1.5463505418413128,1.171083719889088,0.8306580583829646,2.574815919740411,1.7093113760804974,1.898367703957366,Visium,LAM4,LAM20,spot
ATGTGCGTCTGAACAG-1,1,38,78,8324,6388,23465.0,7374,2.8516363510492577,1.627513492196113,0.8466279456240254,0.5516446738579139,2.4510822459919845,1.5611867037904519,1.877962578752632,Visium,LAM4,LAM20,spot
GGCCTTCGACCAGGTA-1,1,38,80,8324,6496,9597.0,4330,1.0247046795729189,2.02347304902742,0.9411739346466597,0.6165572092770016,1.2455172636574576,2.2150942846425066,1.6673705740685363,Visium,LAM4,LAM20,spot
CTTCCGACGCACAACC-1,1,38,82,8325,6605,5942.0,3290,0.7894098412555876,1.9053826248062058,1.0623983822997933,0.8658168279478353,0.8163383565073582,2.456043125437697,1.2597109348248545,Visium,LAM4,LAM20,spot
GGAGCGAGTGTAACTT-1,1,38,84,8326,6713,8064.0,4058,1.5136060546293533,1.497885426528353,1.2470779048607596,1.6857774682002387,1.5184684962815174,2.5150635077778194,1.5518592422315889,Visium,LAM4,LAM20,spot
TCAGCTCGCCAGGATG-1,1,38,86,8326,6821,10425.0,4790,2.1759889264927508,1.8815314872418776,1.1872876149251481,0.9771435942263303,1.855623302383213,2.2816643348272594,1.817406959072339,Visium,LAM4,LAM20,spot
CCGCTGTTGCCATACG-1,1,38,88,8327,6930,10229.0,4670,2.576446769477078,1.464153859060922,1.0835749050472199,1.1971659469569846,1.6862613541725522,1.9265345076654516,1.513773774207394,Visium,LAM4,LAM20,spot
GTAGAAGGACATCATA-1,1,38,90,8328,7038,6821.0,3583,2.4398972637815177,1.8370225477893607,1.2185703289108891,1.6354224890558315,2.1629572861758954,2.1198998870354093,1.952672996012539,Visium,LAM4,LAM20,spot
CGAATGGACCGTCTTG-1,1,38,92,8328,7146,10119.0,4517,2.1867161744388333,1.5999853329662743,0.9092096871427816,1.50491255988367,1.7394375296731184,2.52808315195971,1.7608997915676723,Visium,LAM4,LAM20,spot
ACGAACGCACGAGCAC-1,1,38,94,8329,7255,19315.0,6578,2.984989146734217,1.531287450782603,0.9623776412358891,0.7335840963579142,2.321382205107544,1.8068179526422747,2.1409033211667223,Visium,LAM4,LAM20,spot
GCGAATAGTGGCTAAT-1,1,38,96,8329,7363,22423.0,7060,2.533318729270456,1.638516423182751,0.8492582085311497,0.6795688528584153,1.8832187877830404,2.2640624667046017,2.089365158092379,Visium,LAM4,LAM20,spot
ACATTGGTTCACAGTG-1,1,38,98,8330,7471,22207.0,6910,2.9382979982749684,1.7215419741275855,1.2460825720031374,0.4530608194130352,2.2150471258517674,1.8685280452031887,1.6846395358941075,Visium,LAM4,LAM20,spot
GAACGCTAGAAGGCTA-1,1,38,100,8331,7580,21941.0,7025,2.8148955469081733,1.4753763865409388,1.5839202478550172,0.3755334183407659,2.363500827589787,1.8787280115728064,2.036743205718551,Visium,LAM4,LAM20,spot
TGTAGGTCACTACATG-1,1,38,102,8331,7688,18486.0,6694,2.366481513003997,1.7320394022954588,0.9642614076367797,0.6597806700219568,1.8786611475807682,2.1591138381302555,2.066497037857012,Visium,LAM4,LAM20,spot
AACCAAGGTATCAGGC-1,1,38,104,8332,7796,4678.0,2807,1.7193163933481481,2.0316635841670885,1.3710005789116833,0.4593216090311789,1.556230138369037,2.2932355507063833,1.7595371543363183,Visium,LAM4,LAM20,spot
TATGAGTTCCGAGTGA-1,1,38,106,8333,7905,3002.0,1929,1.5700702388300485,2.158894724928707,1.4658244585710067,1.3933405220666375,1.5576185145323194,2.493511904706355,2.089220354998214,Visium,LAM4,LAM20,spot
GTCGCTAAGTGAGGTT-1,1,38,110,8334,8121,1751.0,1359,0.9676378715934507,1.98542264659769,0.8869671960729383,0.4181732452558605,1.1447428405896063,2.662056427972123,2.09664002638736,Visium,LAM4,LAM20,spot
TCTAGAATTGCGGTTG-1,1,38,112,8334,8230,7184.0,3951,1.7531070535725957,2.235578792941939,2.2898935362515562,0.8721223873265557,2.0297148310698474,2.1846906925622256,2.4521995691493035,Visium,LAM4,LAM20,spot
CAACTGCATTCGACTC-1,1,38,114,8335,8338,6730.0,3623,2.3762426498709237,1.9797197131987785,2.3308591510332977,0.9106283713420961,2.1957375882146413,2.1888244174139766,2.727959650961359,Visium,LAM4,LAM20,spot
AGACTCCGCTTCGTAT-1,1,38,116,8336,8446,6125.0,3450,1.6024162334967484,2.493374100887099,1.9042374526547452,0.6368614623137278,1.80862327528006,2.4520601360157044,3.1372672660390353,Visium,LAM4,LAM20,spot
GCAGATCGGTAATTAT-1,1,38,122,8337,8771,4632.0,2897,2.5186073698281173,2.2876204845211365,2.0117893698689855,0.6837611432815448,2.490253584458258,1.855866118193075,2.976573221502249,Visium,LAM4,LAM20,spot
ATCGCAGTAATATCAG-1,1,38,124,8338,8880,14439.0,5652,2.907677721892984,1.9593346204828035,1.4761973563822492,0.3651468479380575,2.4625601010524534,1.7660965011923475,2.560849481441109,Visium,LAM4,LAM20,spot
AGGATCGAGCACCGCC-1,1,38,126,8339,8988,2691.0,1768,2.8896961449877967,1.62682581090685,1.883143163941708,0.29104622592370843,2.49718693891809,1.2462830999180883,2.185679598607073,Visium,LAM4,LAM20,spot
CGGCCTGCGATCGATG-1,1,39,5,8207,2435,26882.0,7408,3.265356746327316,2.268770764193388,0.9660263819503249,0.5753823218220463,2.867917501677694,2.0724078359602434,2.6890275686158622,Visium,LAM4,LAM20,spot
CCTCACTTCCTTCCGA-1,1,39,7,8208,2543,2612.0,1800,2.331925100792096,2.4280634731666675,1.9770331047075083,0.2986546475367295,2.212171024039424,1.908464276479323,2.8763639467653173,Visium,LAM4,LAM20,spot
TAATGACGAAGCGGCT-1,1,39,9,8208,2651,14114.0,5634,0.7950715681042728,2.364227792863859,1.8286229519074064,0.7992178926526635,1.3890890918678964,2.0603850579416534,2.5547163431280926,Visium,LAM4,LAM20,spot
GCTTGGTCAACCGTGG-1,1,39,11,8209,2760,22020.0,6688,0.5000240159265411,1.8498341382545176,0.7848591183778676,0.5790883137819763,1.2022001168773386,2.4572027715844613,1.972351304050658,Visium,LAM4,LAM20,spot
TCAGTCCAACGGAAGT-1,1,39,23,8213,3410,6869.0,3750,0.4848436792108155,2.0217027739790754,2.8446740556413275,0.5078619595920753,1.3163157284688298,2.0217027739790754,2.720914161257007,Visium,LAM4,LAM20,spot
CGATAAGGATAGGCAA-1,1,39,27,8214,3626,17716.0,6454,1.205516623796224,2.0933709439016996,1.1591705010437539,0.4798154516718468,1.6137860882101038,2.237816746898781,2.386749416530058,Visium,LAM4,LAM20,spot
CGGTAGAACGTGACTT-1,1,39,29,8214,3735,13266.0,5581,0.5617886962912104,2.032546347090056,1.8368359314828278,0.4371078681241375,1.2915230079300573,2.413803586751912,2.0641357986292013,Visium,LAM4,LAM20,spot
CGGTAGATTCCTATGC-1,1,39,31,8215,3843,5388.0,3190,0.9519809046695638,2.0626910447644717,0.7701013476863606,0.611734048783219,1.049413726341931,2.4166161511573723,2.2840022114831595,Visium,LAM4,LAM20,spot
GTCAGCCTCCGAACCT-1,1,39,43,8219,4493,10319.0,4705,1.0295234928288088,1.5015653879516584,0.8469378493060513,1.7034810707271084,1.6089338606224126,2.2056024879115204,1.8452961026047143,Visium,LAM4,LAM20,spot
AACCGCCAGACTACTT-1,1,39,45,8219,4601,10441.0,4852,1.3181399133722487,1.7222773349955438,1.0281200792788874,1.5194787766799258,1.6467744796890071,2.0208468613777306,1.7559273192939089,Visium,LAM4,LAM20,spot
TACTCCGAAGTAGAAT-1,1,39,47,8220,4710,11342.0,5035,0.5628816571460707,1.6879521137143467,1.4341520302937683,1.397679108665756,1.2309894858114234,2.010311685724662,1.5575411821572256,Visium,LAM4,LAM20,spot
TGAACGGACACGTATC-1,1,39,49,8221,4818,10432.0,4744,0.803109274992319,1.426318491418853,1.1868211845420165,1.557557367244225,1.3233394524815432,2.247868660804737,1.6702790391407831,Visium,LAM4,LAM20,spot
TCCTGGTGGCAATAGC-1,1,39,51,8221,4926,13992.0,5696,2.3509200830515242,1.7052157826359127,1.835914952382443,1.2806248188501035,1.9047239345489706,2.0679646507624643,1.9691015247873953,Visium,LAM4,LAM20,spot
CGTCGGCAGACGGTAT-1,1,39,53,8222,5035,22934.0,6993,3.1186054509719385,1.3552739959810236,1.8973859301593996,0.4666176500659791,2.547326802054321,1.9909505194557051,1.757232238836021,Visium,LAM4,LAM20,spot
CGATGTCCGACTACAG-1,1,39,55,8223,5143,15400.0,5694,2.670752190010951,1.6401308588335066,1.3457090810048122,0.16305007530978394,1.9583555735763694,2.3638715787452393,2.0248104890478555,Visium,LAM4,LAM20,spot
GTATCTGTCAACGGTG-1,1,39,77,8229,6334,24386.0,7208,2.8258699472344007,1.50087371391131,0.8470400680258041,1.0123726324541493,2.329992490233925,1.7432378657288097,1.7956475785729846,Visium,LAM4,LAM20,spot
AACTCAACCTTGACCA-1,1,39,79,8230,6443,23634.0,7194,2.790719491056592,1.5525393098293134,0.8650553363373285,0.3795212033117785,2.2189790217057714,2.07712227645062,1.7870234404702392,Visium,LAM4,LAM20,spot
TGTAAGATCTTCACAT-1,1,39,81,8231,6551,6435.0,3458,0.8467268396721874,2.153459322176225,0.6786683520031552,0.9376613660680927,1.1431879132568141,2.4746888654049073,1.6626950891076318,Visium,LAM4,LAM20,spot
GCAGATCCTAATGTGG-1,1,39,83,8231,6659,8743.0,4214,0.8360208779329706,1.4356943511267222,1.0991459066103344,1.5567234705335158,1.050342405462128,2.259499204923692,1.2327106409036106,Visium,LAM4,LAM20,spot
ATTCTACTGGTCGTTC-1,1,39,85,8232,6768,10533.0,4773,2.449192820969222,1.5481259282634001,0.9788692017792731,1.0936342842373359,1.9363982079425208,1.9918819533777121,1.592548724218257,Visium,LAM4,LAM20,spot
GCCTGGTCAGGTTGCC-1,1,39,87,8232,6876,18255.0,6340,3.0461235491620986,1.4426726234947813,1.2227760118471354,0.4368314179742065,2.2717389656548157,1.7645350472326515,1.8893246844352947,Visium,LAM4,LAM20,spot
GGTCTGCGAACTGTAT-1,1,39,93,8234,7201,17329.0,6409,2.697974023178536,1.5823444166819207,1.2597867095871158,0.5199768308431639,2.0880388488279213,1.954332737757642,1.9943928892876628,Visium,LAM4,LAM20,spot
GTGAAGTGATCGTGCT-1,1,39,95,8235,7309,14422.0,5739,2.738387484241794,1.5121037748389798,0.9056112488306078,0.6325954403174854,2.103386371782534,2.0855994484475873,1.6576533924163017,Visium,LAM4,LAM20,spot
ATTCCTGCCTTAACAG-1,1,39,97,8236,7418,8813.0,4347,2.1539244403557527,1.6037026728803543,1.2678054426639442,0.8055114693089603,1.7857845460555366,2.3650755350421004,1.809287169548747,Visium,LAM4,LAM20,spot
ACGATGACTATTAGAT-1,1,39,99,8236,7526,14121.0,5658,2.7321335732196936,1.4973904681640442,0.9182292242779699,0.4154347098763285,2.163471973442407,2.173593845179913,1.7993434135832576,Visium,LAM4,LAM20,spot
TCATTCACTGTAATGG-1,1,39,101,8237,7634,16078.0,5956,2.7735933619833464,1.500296988061524,0.997100557946317,0.41136953101561125,1.9214636277678336,2.2403443818312714,1.692219266620159,Visium,LAM4,LAM20,spot
TAAGAATATGAGATAG-1,1,39,103,8237,7743,14986.0,5841,2.746311561699597,1.56935522372272,1.0121952292920193,0.6147950263201007,2.225456414692686,1.8811042527122543,1.7643623486200841,Visium,LAM4,LAM20,spot
TGACGGAGCGCTATAC-1,1,39,105,8238,7851,12500.0,5373,2.0319005969108357,2.0228711901914416,1.0647107369924285,1.9510915077973108,1.791759469228055,2.0193376176101303,1.8562979903656263,Visium,LAM4,LAM20,spot
ATTCTAGTCCACAAGA-1,1,39,107,8239,7959,10802.0,4992,2.247499464219415,1.9351133204201936,1.416925744116668,1.105199868831951,2.128950009625688,2.0122704155252604,2.1150881599783045,Visium,LAM4,LAM20,spot
TAGCGTCACGACAGGC-1,1,39,109,8239,8068,9465.0,4537,2.604714036982227,1.7681514065293369,1.5185868725433154,0.5142199429839683,1.8377871195179225,2.1887364627134054,2.1433236469482067,Visium,LAM4,LAM20,spot
GGTGCAATCAGACTTC-1,1,39,111,8240,8176,8750.0,4334,1.97464775882267,2.0014800002101243,1.4880770554298328,0.6601408840917753,1.9661128563728327,2.2181677511814626,2.0243817644968085,Visium,LAM4,LAM20,spot
TGTACCACATACTGGT-1,1,39,113,8240,8284,11644.0,5160,2.576121106115992,1.6985140291622334,1.4895829964290954,0.3295690504081392,2.202914682607334,2.399663380759929,2.2492647586566346,Visium,LAM4,LAM20,spot
CCATGAACAATGCTCC-1,1,39,115,8241,8393,5418.0,3208,1.0458089143741671,2.6464915268539975,1.841562789876262,1.3487079371448043,1.1237639698973036,2.3835871041392975,3.1518427466498067,Visium,LAM4,LAM20,spot
TATTCTCGTGCTTGGC-1,1,39,123,8244,8826,11866.0,5040,3.147273236297793,2.099651412295481,1.522061790631527,0.32430237108605614,2.498674573834196,2.1334843674322324,2.6284184807448745,Visium,LAM4,LAM20,spot
CGTAAGGATACGGCAC-1,1,39,125,8244,8934,9516.0,4292,3.425056280522613,1.608091903986582,1.3583756591639873,0.0,2.8269752991609076,1.7144705054787241,1.9704372463838478,Visium,LAM4,LAM20,spot
ATGTGATCCGTCTAAC-1,1,40,6,8113,2489,36595.0,8461,3.0659840871770965,2.1481907254184063,1.021082702281786,0.5280215670999329,2.6103771645447713,2.109173438693853,2.2975032035428318,Visium,LAM4,LAM20,spot
CGTGTTACCATATGTA-1,1,40,8,8114,2598,7345.0,3519,2.4758459843313525,2.2158088514249377,1.9148983808488267,0.5553898493055511,2.097738076699493,2.264119257091114,2.584241559805033,Visium,LAM4,LAM20,spot
GGATAATTATGCTGGT-1,1,40,10,8114,2706,26606.0,7528,2.209123591535005,1.8871060949204905,0.5605925339464325,0.9836740134306737,1.8419697147274157,1.8833024928923536,2.0064027391144443,Visium,LAM4,LAM20,spot
TCAGATTACCAGGTTA-1,1,40,12,8115,2814,19451.0,6384,1.4766954235145746,1.6903479074226415,0.7383541795467261,1.218943768108575,1.8150077628158625,2.027855521173365,1.6191179159834048,Visium,LAM4,LAM20,spot
ATTATCCAGGTGAAGT-1,1,40,18,8117,3139,13991.0,5185,0.5392644942667137,1.9464613719674781,2.35704647497416,0.5006348887118448,1.2532223420200526,2.5395661817547666,1.9937969925479826,Visium,LAM4,LAM20,spot
CCGGCGCTAAGGATGA-1,1,40,22,8118,3356,6159.0,3338,1.1998099522385213,2.014177531482112,2.1877628428010287,0.46399474869505464,1.173257464092753,2.3741465090232636,2.2749123175473964,Visium,LAM4,LAM20,spot
TCAGTTGACAGTGCCA-1,1,40,28,8120,3681,17561.0,6093,1.2589784393163426,2.021362382649908,1.3836857569536325,0.6584609526381209,1.309644757160662,2.377270341472787,2.2098744583827945,Visium,LAM4,LAM20,spot
CCACATGGCGACGTCT-1,1,40,30,8121,3789,7586.0,3899,1.6735926644123484,2.172189901972163,2.0050293191459896,1.1109510665231772,1.912087817181507,2.554429597240512,2.76190370949908,Visium,LAM4,LAM20,spot
AGGACCTGTACCATTC-1,1,40,32,8121,3898,3010.0,1933,0.6674277001523695,2.0765303314723775,1.2503871061280754,0.4725298828751529,1.639544898427663,2.5788231947508944,2.5682661100875306,Visium,LAM4,LAM20,spot
CGGTCCATTACAACTA-1,1,40,44,8125,4548,13606.0,5713,2.5944702225254272,1.6031858645837944,1.1646838836429874,0.7588705559861791,2.1111615298218833,1.7106062045107169,1.9285836120702984,Visium,LAM4,LAM20,spot
CTACCAGACCTCTTAG-1,1,40,46,8125,4656,11091.0,4960,2.6304818423892895,1.7848986116274166,1.2787625641803895,0.8378813756101419,1.8578267778958968,1.9474631842206538,1.8036352950149135,Visium,LAM4,LAM20,spot
TAACAGGTCCATACCA-1,1,40,48,8126,4764,9510.0,4514,0.7185832780777208,1.6498307928160327,1.2137044774244727,1.4009319512141079,0.8391530189810714,2.1235389233560933,1.8338004890994617,Visium,LAM4,LAM20,spot
CTCAGGTCACTACAGC-1,1,40,50,8127,4873,9428.0,4441,0.7939850899435527,1.8241112419146794,1.1382626169961334,1.4074652808659365,1.3308502672551912,2.1099603217077005,1.7299607919104312,Visium,LAM4,LAM20,spot
CAGCCATGTCTGCCGT-1,1,40,52,8127,4981,10740.0,4765,1.8850360946966158,1.5527394650904172,2.0918180804387307,0.6580891137206627,1.6467229329730835,2.20491956549511,2.047752912444715,Visium,LAM4,LAM20,spot
AGACGGCCTTACGGAG-1,1,40,54,8128,5089,7464.0,3996,2.2224568919503405,1.227174226434749,2.3557295667819056,0.39688640426940763,1.613289008336198,2.1508312051123997,1.9735822116264556,Visium,LAM4,LAM20,spot
TCTTACTCTGTATGCG-1,1,40,56,8129,5198,11851.0,5203,1.949791025936481,2.5764881704125,1.9476444832770308,0.3786147444388843,2.2447553762352337,2.396539142627226,2.979059583830488,Visium,LAM4,LAM20,spot
CTGTCACTCGGCCTTA-1,1,40,78,8135,6389,11560.0,4842,2.7220561239583243,1.3492857323747973,0.3594392857128822,0.5351882729946483,2.383239803932962,2.0694436318401346,1.651947064218664,Visium,LAM4,LAM20,spot
ATGTATCGGAATACGG-1,1,40,80,8136,6498,9914.0,4649,2.2361877312443696,2.022392889346044,0.6974751023675104,0.784846295436433,1.8596713540861907,2.1278681967171025,1.9884517512654336,Visium,LAM4,LAM20,spot
CGGCAACCTAAGTCCA-1,1,40,82,8137,6606,12490.0,5107,0.6497268802756523,1.8122316891962884,0.6422330650440357,1.1348733483895548,0.9560040255435226,2.241424899441995,1.224340429989234,Visium,LAM4,LAM20,spot
GTGACTGTCCTGGTAT-1,1,40,84,8137,6714,10056.0,4540,1.810616800970973,1.0260330415499308,0.8617681784577417,1.0948928369837214,1.3504054025611345,2.3303323262130053,1.4716013230140574,Visium,LAM4,LAM20,spot
TACACTGCAGGTTAGA-1,1,40,86,8138,6823,15132.0,5632,3.159692424481702,1.4124494473548779,0.60216281463354,0.3924602687856613,2.2947032003524805,1.6024348597803908,1.9502246828930758,Visium,LAM4,LAM20,spot
TAACGCTTATGCCATA-1,1,40,88,8138,6931,5928.0,3255,3.0330733758436836,1.7146364716578533,1.1998143724497878,0.5691570295029251,2.2881083389947783,1.6519750344721893,2.0473880648715497,Visium,LAM4,LAM20,spot
ACAGAATGTCTTATTG-1,1,40,90,8139,7039,12898.0,5338,2.5705296513300055,1.7041699638073111,1.1102770749753874,0.7876445523114393,2.026853859730411,2.2267851080720678,1.5229705169230554,Visium,LAM4,LAM20,spot
GGTCTGAAGTATGTCA-1,1,40,92,8140,7148,18075.0,6273,2.928737996314595,1.3969565429524813,0.7116471943038655,0.4722173220697646,2.222415590744842,1.7246255025099255,1.7409271105481354,Visium,LAM4,LAM20,spot
GTCACTAAGCCAGCGG-1,1,40,94,8140,7256,12058.0,5199,2.446189565449615,1.5186588349773438,0.6590683092136139,0.4237975230594294,1.9911023636652485,2.1990903525728984,1.4863580736502666,Visium,LAM4,LAM20,spot
CGCCTCGATAATGCGG-1,1,40,100,8142,7581,12380.0,5199,3.0645420372707375,1.7235163742851536,0.7937305526038527,0.932981330943432,2.3789925195365194,2.263433305844419,1.8644432412911642,Visium,LAM4,LAM20,spot
CCGCTCTGCTGAATTC-1,1,40,102,8143,7689,13444.0,5507,2.6055585459914483,1.535737245231561,0.948033851476358,0.8262744586505437,2.256960101819645,2.3075612858479393,1.7477888239402455,Visium,LAM4,LAM20,spot
ATGTATGAGTACCGGA-1,1,40,104,8143,7798,14866.0,5775,2.6439831679928933,2.018225000128516,0.6102246406545166,0.798878822136739,2.375259238031668,2.141423783046783,2.087297725875526,Visium,LAM4,LAM20,spot
GTACTTACTTCATACC-1,1,40,106,8144,7906,9861.0,4590,2.721120614458411,1.8363023493111497,1.065203675914693,0.8683006458199827,2.1814613754673347,2.004530421141443,2.091700040119833,Visium,LAM4,LAM20,spot
ACCACGGCCTCGCACC-1,1,40,108,8145,8014,11936.0,5230,1.8351671642839475,1.7390070420594406,0.9841748566676485,0.5220468556225765,1.6053410599326958,2.2383682359347317,1.7786884900306323,Visium,LAM4,LAM20,spot
CTGTGGTAAGCTAATA-1,1,40,110,8145,8123,13320.0,5649,2.3857315820594933,1.902958761859714,0.95371958882129,0.7049527318779054,2.1627705966854007,1.7500264269747374,2.1186405983269605,Visium,LAM4,LAM20,spot
TACACCTTGCGGCAGG-1,1,40,112,8146,8231,11695.0,5081,2.635346620476469,2.0914998004515564,1.0356781043296408,1.0527774485090327,2.059306452112656,2.2566105422797444,2.233973874680593,Visium,LAM4,LAM20,spot
AGCTCGCATTAGGATT-1,1,40,120,8148,8664,4382.0,2724,2.1774997544940145,2.000097471691286,2.3964419954026415,0.6042291245209711,1.663711699122697,1.9580506247919838,2.585211045590649,Visium,LAM4,LAM20,spot
GCTTGAACTCGCCATG-1,1,40,122,8149,8772,12648.0,5296,2.905868066973871,1.6314580690239757,1.6581678356396587,0.3585534613245524,2.281959546547601,2.109912872219881,2.004709986825688,Visium,LAM4,LAM20,spot
CAGTGATATTGATGTC-1,1,40,124,8150,8881,7668.0,3812,3.26388381448496,1.6179565594189609,1.6560148335490061,0.11203897593986037,2.42214016226157,1.499099708575527,2.1205451866737173,Visium,LAM4,LAM20,spot
ATACGCGGTGAAGCCG-1,1,40,126,8150,8989,1413.0,1046,2.84353180218043,1.1388396265850198,1.2958027021951217,0.0,2.3731431461164116,1.2116572864283575,2.089037952869073,Visium,LAM4,LAM20,spot
AGGCTTAACCGATTGT-1,1,41,7,8019,2544,17094.0,6154,2.6476437467751377,2.006199445413618,1.6840822698154998,0.276943036000075,2.185771226011583,1.9929990488685045,2.2494488891239897,Visium,LAM4,LAM20,spot
ATCGTCTTAACGAAGG-1,1,41,9,8020,2652,21251.0,6557,2.5571187573952847,1.609400266438218,1.1370466060053122,0.35612594208773396,2.0794003662991782,2.4363186125394747,1.8014763534172502,Visium,LAM4,LAM20,spot
TCGTTAGCCAGGCCAG-1,1,41,11,8020,2761,20477.0,6524,2.7233981812559307,1.7210716243876696,0.5137125012159188,0.5872991798858362,2.027195505645262,2.119298085196977,1.9692714122273136,Visium,LAM4,LAM20,spot
TACACTTCGCACCGAT-1,1,41,13,8021,2869,20904.0,5902,1.3355073710953596,1.480804025767393,0.6712873295593867,1.0390504043153912,1.6107191425901488,2.051172250817018,1.3219344182447172,Visium,LAM4,LAM20,spot
CCAGCGGATTCCGCTG-1,1,41,15,8022,2977,7046.0,3487,1.038417571861115,1.9196988054139574,1.0823005806024235,0.5733121998008075,1.5898316893520468,1.898665766557794,1.5898316893520468,Visium,LAM4,LAM20,spot
CACTGGTGAGTTATCG-1,1,41,17,8022,3086,7616.0,3760,1.4762151670796424,2.5507901169204326,1.7508882350501698,0.7296205432502455,1.4545516680278883,2.277626338548495,2.4708464318258323,Visium,LAM4,LAM20,spot
GCAGGCAGTGATCTAC-1,1,41,19,8023,3194,12333.0,4776,1.5732918713190116,1.8486903735639955,1.0735432437126804,1.730568255772272,1.943033350523446,2.3213516496726383,1.9856737945150678,Visium,LAM4,LAM20,spot
TGCGGATCGGATCTTA-1,1,41,21,8023,3302,10628.0,4635,2.094827435290118,1.6905165328016594,1.1739247970083981,0.825516729038285,2.1432711881776405,2.0468142741214193,1.5103721004298074,Visium,LAM4,LAM20,spot
CCACGGTACACCAACC-1,1,41,23,8024,3411,10527.0,4772,1.5398836443639046,2.1735571085489336,2.626418251137241,0.3589254903806721,1.706965034199075,2.395560883607358,2.582521370613567,Visium,LAM4,LAM20,spot
CAGAATTCTTGAACCA-1,1,41,29,8026,3736,14369.0,5468,1.3040941839371114,2.0387561890635886,0.9756397372462586,0.9726541898441874,1.67702956605316,1.7298162787270153,1.9828595882416822,Visium,LAM4,LAM20,spot
GACTTCATACCGCTGT-1,1,41,31,8027,3844,13860.0,5536,2.201612654312186,1.429019305786232,1.4461547490435696,0.61663468108079,1.7851237448126567,2.229719549948739,2.0019284001123605,Visium,LAM4,LAM20,spot
CGAACTACAGATGTAA-1,1,41,33,8027,3952,4693.0,2864,1.0390138719323596,1.8448392909813747,2.4088763494672967,0.7711598122922396,1.4957324248440935,2.092206865368775,2.035862313513591,Visium,LAM4,LAM20,spot
TGTCTTGGAATTGGCA-1,1,41,45,8031,4602,7193.0,3737,2.766031901504758,2.107694960770214,0.9415765638154497,0.6337678650770776,2.157134122333866,1.8451825822366001,1.932755747227343,Visium,LAM4,LAM20,spot
ATTAGTGCTTGGTCAT-1,1,41,47,8032,4711,17360.0,6109,2.831119995485915,1.4274849512948904,0.8620826916775829,0.5499335401225814,2.0592946731117783,1.8822636299363666,1.7370039671120336,Visium,LAM4,LAM20,spot
TGCCAGTGATTCGTGC-1,1,41,49,8032,4819,9709.0,4687,0.9047802776087289,1.6128105275543405,1.3093261101524363,1.087318940183254,1.2372675182925017,1.8439601578536986,1.9531817355375254,Visium,LAM4,LAM20,spot
ATCTACTCACATCTCC-1,1,41,51,8033,4927,9269.0,4439,2.505609286063463,1.5407609443757873,0.8538114405251036,1.0520426097587698,1.974563402077947,1.8268875772469313,1.670619581129838,Visium,LAM4,LAM20,spot
TCTGCAATTCACAAGA-1,1,41,53,8033,5036,13950.0,5559,2.8437596263034717,1.5226220197574771,1.1187194119672041,0.6136609597045675,2.0554095531232544,1.6451140733458909,1.8525949058444695,Visium,LAM4,LAM20,spot
GTCTCATGACTAGTTG-1,1,41,55,8034,5144,13864.0,5505,2.8007065026503777,2.2524755360157496,1.7999008867369666,0.23292610752105763,2.339572856449591,1.9976100323870483,2.7242862132384085,Visium,LAM4,LAM20,spot
TCCGCCAGTGATTAAT-1,1,41,57,8035,5252,6496.0,3281,3.0023430273520435,1.7260160626826553,1.4058071753434724,0.13098112150223282,2.6174048220425346,2.3005715729696,2.2876339785470887,Visium,LAM4,LAM20,spot
CATGTTACCGAAGGCG-1,1,41,77,8041,6336,1910.0,1377,2.5030041759245654,1.742576557786441,1.2858663957210401,1.4659708757323553,2.0208191679528924,2.5131542803212503,1.5946697115387498,Visium,LAM4,LAM20,spot
ATTCACGTCGCAGGCT-1,1,41,79,8041,6444,11791.0,5013,2.66217073186732,1.4990041930431979,0.8663311962740198,0.43158944652759207,2.0521777250100643,2.139076218428083,1.857339026621745,Visium,LAM4,LAM20,spot
ATAGTTAAGGCACGAG-1,1,41,81,8042,6552,11712.0,4843,1.4570616137452843,1.612030178023806,0.9139656265389076,1.2025560038204917,1.2397493048362662,2.3410436410359896,1.5089607180471951,Visium,LAM4,LAM20,spot
AAGTGGCGAAGTTAAT-1,1,41,83,8043,6661,8528.0,4141,1.1020015177418783,1.7179641436299515,0.7060791485132037,1.269315837165659,1.331031016190142,2.358615430032962,1.3690260431992818,Visium,LAM4,LAM20,spot
GAGTCCACTCATAACA-1,1,41,85,8043,6769,7486.0,3883,2.390896783198739,1.4042329523574126,1.2052810585274003,1.395246712629817,1.8474003212728136,1.9152422501288002,1.7361400004154548,Visium,LAM4,LAM20,spot
CAGTACAGTTGTGGAA-1,1,41,87,8044,6877,12317.0,5232,2.83355168635953,1.57191552086901,0.8412717835196348,0.5093868128558036,2.0923580875331074,1.7467624052539492,1.9295155724448576,Visium,LAM4,LAM20,spot
CGATGAGGCCAACGTA-1,1,41,89,8045,6986,18396.0,6312,2.7814892150013675,1.436801849996005,0.7027228440874727,1.2444118755137232,2.191664464892715,1.9936056185852724,1.7620591407004849,Visium,LAM4,LAM20,spot
CCGATGGAACATCAGC-1,1,41,91,8045,7094,5636.0,3161,2.8313747241742533,1.2978625293459696,1.1687243191687942,1.5833439054192364,1.8786574812241805,1.9754797791928649,1.6078753011352476,Visium,LAM4,LAM20,spot
TATCAAGGCCGCGTGG-1,1,41,97,8047,7419,2044.0,1370,1.3338527243412635,0.6823256288167671,0.47719395941399056,2.378131783679531,1.7736579382780293,2.582556496886973,1.5410040124541569,Visium,LAM4,LAM20,spot
AGGACGAATGCTTCAA-1,1,41,103,8049,7744,7924.0,4133,2.4541693571925856,1.6659623264716263,1.3856000262332298,1.1200713004119192,1.9892356776300517,2.0176028334194367,1.9892356776300517,Visium,LAM4,LAM20,spot
AATGGAGGACCTGGTG-1,1,41,105,8049,7852,16232.0,6249,2.6595212152426653,1.6583923476511298,1.2860001205771774,0.6689075546517285,2.1634193257543632,1.9395060587011317,2.1545292403912044,Visium,LAM4,LAM20,spot
TCCGAATAGAAGCACC-1,1,41,107,8050,7961,15864.0,5956,2.954406616208454,1.603672458745527,0.8830671286482099,0.29552498129428634,2.42675771261481,1.6491175502251454,1.8742043477583856,Visium,LAM4,LAM20,spot
TAGACAGGAGATCATT-1,1,41,109,8051,8069,12128.0,5319,2.9077369633924306,2.080512867341658,1.2150751921195704,0.5155875945014525,2.4344722421105747,1.7595472671001888,2.674273743958355,Visium,LAM4,LAM20,spot
CGAGCGTAATGGAGTG-1,1,41,111,8051,8177,12546.0,5263,3.0134413594752014,2.009051404247918,0.953252583563871,0.5020747819247381,2.2584731129873763,1.8635564423396647,2.553839296637034,Visium,LAM4,LAM20,spot
CGCCACATGCGTCCAA-1,1,41,119,8054,8611,3226.0,2125,1.91054902769568,1.8357259257769616,2.472272932659389,0.0,1.4109416095494534,2.427693531851613,2.169000559288798,Visium,LAM4,LAM20,spot
AGCCATCCGTCAACTC-1,1,41,121,8054,8719,10757.0,4733,2.9193971537009715,1.4256911516189525,2.0904318697381163,0.2259673177091511,2.4387149009919944,1.835439388321689,1.9184171010213742,Visium,LAM4,LAM20,spot
AACATATTCTTGCGAA-1,1,41,123,8055,8827,19776.0,6399,3.22682840024011,1.4316690830273693,1.6909358713952618,0.12919167190306202,2.5360954349390306,1.6673556567518215,2.0162909458171128,Visium,LAM4,LAM20,spot
TCACGTCTAAGACTAG-1,1,41,125,8056,8936,9323.0,4151,3.303308118983515,1.2432945858128412,1.5868309705790786,0.17816385136573049,2.5281755035020224,0.7288116309183068,1.7153496008492084,Visium,LAM4,LAM20,spot
GTTCGAGCTCGCGAAT-1,1,41,127,8056,9044,591.0,487,3.22573645246585,2.0500371268431237,1.654433924726018,0.9314649739083363,2.247097423620547,0.0,1.9940439978934954,Visium,LAM4,LAM20,spot
GATTATGTGACATGAT-1,1,42,8,7925,2599,11033.0,4959,2.5276364192355207,2.224405508593512,1.7307977335843527,0.40171449317096813,2.202107046348265,2.091853244837168,2.342152607518141,Visium,LAM4,LAM20,spot
CTCGGTCTCCAACTGC-1,1,42,10,7926,2707,17707.0,6104,2.7577375412756537,2.2118260140652843,0.8200810681953733,0.5416093241030847,2.400100492367672,2.2076948095844333,2.146341714655607,Visium,LAM4,LAM20,spot
CGCACGTGACTGTTGG-1,1,42,12,7926,2815,24817.0,7062,2.726278280106109,1.905368500991393,1.1682076121438514,0.7238323622834352,2.134706820026287,2.118692411022485,2.214816616881718,Visium,LAM4,LAM20,spot
GTGCAGTTGTGGCGCT-1,1,42,14,7927,2924,18298.0,6062,1.5070207332190817,2.0511316859259194,1.834202184865122,0.6388417307920807,1.5452039319415802,2.1576875683110233,1.615518415863594,Visium,LAM4,LAM20,spot
CACCTAGAATACTTCT-1,1,42,16,7928,3032,7650.0,3733,1.1758499454140374,2.3175059017562516,2.0411354428190966,0.8862540971287698,1.4887093665479603,2.2277394598626685,2.3799091764285887,Visium,LAM4,LAM20,spot
GACCTGCTGTACGAAG-1,1,42,18,7928,3140,18594.0,5791,2.07837880658422,2.2678597997040044,1.798726644632213,0.753539971675032,2.0867558048873422,2.07837880658422,2.1114738094169465,Visium,LAM4,LAM20,spot
TAGCAGTGATTCTGTC-1,1,42,20,7929,3249,18204.0,6067,2.4639527494904527,2.199468207103151,1.1835615541504219,0.5872449566875432,2.096948352896659,2.4368770181377886,2.088478262482975,Visium,LAM4,LAM20,spot
TCTGCCTGGATGTCAG-1,1,42,22,7930,3357,17376.0,5866,2.26515283484988,1.7438206920654222,1.8778224095874785,0.6901710502639677,2.0114902053494848,1.6886586362459333,1.809537123686004,Visium,LAM4,LAM20,spot
CCTACCATGTGATCAC-1,1,42,24,7930,3465,5474.0,2203,1.5922122635608704,1.4123494748672234,1.5855524274447435,0.5094030160327806,1.487334266636551,1.3974064276208893,1.5376487135490804,Visium,LAM4,LAM20,spot
AGCGGTGCAGGCATCT-1,1,42,28,7931,3682,14008.0,5518,2.2146936831207635,1.9037512900480893,2.0402593771838884,0.3745149640678132,1.776292091337887,2.153469624319014,2.09664002638736,Visium,LAM4,LAM20,spot
CGGTGAACTCACATTG-1,1,42,30,7932,3790,12507.0,5274,1.8691284526184146,1.3758255861512523,0.7881520301691038,1.2855665581266145,1.503641990219637,2.1197708906837582,1.8400786750774787,Visium,LAM4,LAM20,spot
CTGAATTCGCGTAAGG-1,1,42,32,7933,3899,10875.0,4854,2.420039667488008,1.4610179073158271,1.2278240201481159,0.5120787567620582,1.8919341478535159,2.141192416571734,1.975038421978337,Visium,LAM4,LAM20,spot
GTTCATACCTTGGTTA-1,1,42,34,7933,4007,7347.0,3778,2.694994715262747,1.8200519555849104,2.010255423965598,0.6880797331132773,2.196831293410412,2.287181920479444,2.0763914340950924,Visium,LAM4,LAM20,spot
TCCGAGTACGACTTAG-1,1,42,48,7938,4765,13582.0,5613,2.045315638670114,1.511624233354651,1.0440404597740978,0.5124253929700028,1.5034718370651314,1.7763847604349123,1.7065002142919308,Visium,LAM4,LAM20,spot
CTTCGTCAAGACTCGT-1,1,42,50,7938,4874,9314.0,4503,2.0071282614343593,1.6666893718342324,1.057405494619184,1.6097970335281266,1.8513267212688946,1.6666893718342324,1.87218201258594,Visium,LAM4,LAM20,spot
CATCCGCCTAAGGAAC-1,1,42,52,7939,4982,11470.0,5145,2.5224001567436725,1.6287788710462998,1.4766784225881597,1.389242377302524,2.129497148041183,1.8525949058444695,1.7380312392198936,Visium,LAM4,LAM20,spot
CTGTATCTTCGCCATA-1,1,42,54,7939,5090,21223.0,6778,3.2544589428712376,1.9897772933919788,0.8811031506734222,0.5219808477570825,2.5432364547445374,1.671325441288749,2.505492280215792,Visium,LAM4,LAM20,spot
CACTGGCCAGCCAGAT-1,1,42,56,7940,5199,23690.0,6807,3.2450819193886833,1.4954572628505618,0.9282910437178231,0.5251664468184171,2.595235805925814,1.5684224279703212,2.013579505431363,Visium,LAM4,LAM20,spot
GCACGCATAGGCGATC-1,1,42,78,7947,6390,11551.0,4587,1.5497418142276402,0.7539805733019682,1.0048332708994578,1.9544565781009928,2.070124180747221,2.4576456077539834,1.631629463994452,Visium,LAM4,LAM20,spot
GATCCACCGCGTGCAA-1,1,42,80,7948,6499,9945.0,4564,2.1193840286675836,1.8129019058018643,0.7566953924986649,1.8114091342694643,1.932606504069976,2.4179556722012423,1.7752846320245501,Visium,LAM4,LAM20,spot
CCAGACAATATCGTTA-1,1,42,82,7948,6607,8067.0,4056,2.6589736441226277,1.7203686054082674,1.0506213587633162,1.030719174613292,2.0564159873931254,1.784814205016616,1.7035866846624654,Visium,LAM4,LAM20,spot
CGAGGATTCGATCATA-1,1,42,84,7949,6715,7847.0,4037,0.8987072719643051,1.4317291234140614,1.0686885245470097,1.881127426149812,1.352566372687026,2.2050852698891243,1.4690781107343827,Visium,LAM4,LAM20,spot
CCAATCTTGCCTATGG-1,1,42,86,7949,6824,11116.0,4989,2.725572577306051,1.485799335418009,1.2771383184203167,0.8005354730337003,1.9073143369968273,2.047309712718825,1.6190354649762688,Visium,LAM4,LAM20,spot
TCCAACTGCCGCCATA-1,1,42,88,7950,6932,6024.0,3381,2.204198662950055,1.788433892501678,0.48397430835037064,1.5629305445406372,1.678510462021568,2.230028679855624,1.597884038957273,Visium,LAM4,LAM20,spot
CATCGCGGTCGGTGCG-1,1,42,90,7951,7040,12069.0,4976,2.2284745713938086,1.499620827043017,1.2779511562047345,1.592672540870814,1.870150048374235,2.627766719100959,1.5964951228906237,Visium,LAM4,LAM20,spot
CGCATGGAATTCACGA-1,1,42,106,7956,7907,11319.0,5062,2.8641141965611365,1.721702712439337,0.8438083821640734,0.9579352682877713,2.4415823492279025,1.971896961936368,2.074093313607883,Visium,LAM4,LAM20,spot
ATGCCTTCGTAAGTTA-1,1,42,108,7956,8015,4778.0,2977,2.269099977782776,2.013311130465406,0.8364154442579325,1.7828727302529186,2.3181189020426074,2.076489651812893,2.1802448072898764,Visium,LAM4,LAM20,spot
AGGATCCGTGAGGCGG-1,1,42,110,7957,8124,3463.0,2255,3.129554195729307,1.8241952569792428,1.0313299289999087,0.5808438796388714,2.374522897176657,1.9132894468672992,2.0145371821424822,Visium,LAM4,LAM20,spot
GCCAGGCTTAATGGCC-1,1,42,120,7960,8665,12071.0,5031,3.027505510160591,1.916778844568758,1.0153819471341026,0.5174880716228883,2.3440543802533345,1.7634489325809997,2.3830240948759784,Visium,LAM4,LAM20,spot
TCCAGTTGCGGTGCAC-1,1,42,122,7960,8774,8334.0,4260,2.777856543194755,1.9458415807612657,1.3862343641197228,0.683975066354255,2.2082032078927822,2.219132182869191,2.2082032078927822,Visium,LAM4,LAM20,spot
AAGGTGATCCGTGACG-1,1,42,124,7961,8882,19184.0,6132,3.436712336478913,1.2383621436027232,1.0834153856774655,0.17357668100707074,2.6777944643707157,1.329749015460062,1.9263285148529563,Visium,LAM4,LAM20,spot
GGAGCAATGCGGTGCA-1,1,42,126,7962,8990,2396.0,1558,3.3044735311826305,1.2539547217051836,1.2832961059922372,0.3216632992049505,2.780642596539606,1.3303627305630792,1.2832961059922372,Visium,LAM4,LAM20,spot
ATTACTGTACGCGGTG-1,1,43,13,7833,2870,18706.0,6547,2.746412267895959,1.7598026623835508,2.021375489061831,0.7503658012170787,2.228519886952463,2.148655945584033,1.976104471374746,Visium,LAM4,LAM20,spot
TGCATTCTTACGGAGG-1,1,43,15,7833,2978,14035.0,5682,1.3741722247766468,2.2490580416826798,2.7009474922452483,0.8023107349858875,1.6459556802027784,2.448313207110542,2.6135163497309084,Visium,LAM4,LAM20,spot
GGCTGTTCAATGTCAA-1,1,43,17,7834,3087,8165.0,3856,1.6815856306908914,2.1928604381219614,2.242844189585286,0.2881968873037325,1.3632193922855922,2.942481778842772,2.122074510215665,Visium,LAM4,LAM20,spot
CTGTATGGCTCAACAT-1,1,43,19,7834,3195,7674.0,3648,1.6988719824741065,2.5019826775911778,2.346361280960739,0.21263050145171553,1.7157518436579313,2.4546187862010624,2.617778129643704,Visium,LAM4,LAM20,spot
TCGAATTAGTTACTCC-1,1,43,25,7836,3520,25938.0,6743,2.8052702074867772,1.368655710421932,0.9138666379848653,0.4451842859860713,2.1192822545305634,1.7274727990679946,1.8855918427441767,Visium,LAM4,LAM20,spot
GAGCGAATCGGTAGAA-1,1,43,27,7837,3628,25522.0,6793,2.358168710661391,1.2660520897742078,1.1795648076035177,0.5584824333343277,1.935319941309017,1.7292673396560008,1.8152516952301756,Visium,LAM4,LAM20,spot
ATTGCAGTTCTTCATT-1,1,43,29,7837,3737,10086.0,4591,2.4888858613883706,1.4974234533774076,0.9111615979479494,0.8161941800908391,2.1896164459787038,1.7275543213239946,1.9736237421151175,Visium,LAM4,LAM20,spot
ATGCTCCAACCTGGCC-1,1,43,31,7838,3845,8836.0,4380,2.2752671332941863,1.312691188928149,1.2252256617177613,1.4325650836491128,1.7836156390631979,1.9774830089790691,1.7096334602487384,Visium,LAM4,LAM20,spot
TAGATGCGTGCCAGCG-1,1,43,33,7839,3953,7523.0,3875,2.8524893646159972,1.494266775837701,1.0394736684118848,1.477861894512156,2.212846231475289,1.7705259813513814,2.2998297386122815,Visium,LAM4,LAM20,spot
TCACCATAGATTGTTA-1,1,43,35,7839,4062,8242.0,3923,2.354518283827886,1.5605045688812842,1.0891035006990823,0.6325466865325547,1.8656045256447555,1.9835781473259175,2.0177623115450234,Visium,LAM4,LAM20,spot
ACAGGTTCAGTGAACG-1,1,43,49,7844,4820,13103.0,5547,2.564402399148438,1.7190281939628629,0.9638481394768638,0.7790799786872875,2.062887276940271,2.198715913459762,1.5719271003761754,Visium,LAM4,LAM20,spot
TCGCCTGACGGCCACT-1,1,43,51,7844,4928,11043.0,4898,1.6861008918318652,1.5693061622990683,1.0335765970642998,1.0038543424816866,1.5550657758358444,2.053050428230165,1.312823554541093,Visium,LAM4,LAM20,spot
GCCGGCGTGAACTTGC-1,1,43,53,7845,5037,9302.0,4536,1.6962992848285983,1.745744423118064,2.530250762733291,0.577649651000549,1.8311097298062111,1.5977305741724204,2.2188949474044706,Visium,LAM4,LAM20,spot
TCGCCTATCGACTCCT-1,1,43,55,7846,5145,13243.0,5297,2.892815704153478,1.8262091686959216,1.1238149348452136,0.6009018454924951,2.2507710304816357,1.7974277190733978,1.9911697000060868,Visium,LAM4,LAM20,spot
ATCGCAATGCACTAAC-1,1,43,57,7846,5253,21821.0,6698,3.1438747359805137,1.8061295482018314,1.0209434218109232,0.2876497844343301,2.373819161309526,1.835800693310122,2.373819161309526,Visium,LAM4,LAM20,spot
GTTGTCCTGTGATGTA-1,1,43,79,7853,6445,24851.0,7094,2.434040471985872,1.1920025280318303,0.7686697314374753,1.7046652812269079,2.0720858760539533,2.195100043703076,1.6340490605883153,Visium,LAM4,LAM20,spot
ATAGATGCCTAAGCAC-1,1,43,81,7854,6553,11406.0,4981,2.8852695458493876,1.580548358403615,1.012859424728415,0.9220161051897727,2.3121481981236416,1.9019216943859056,1.6203547848877928,Visium,LAM4,LAM20,spot
CACTTGACATTCAGAA-1,1,43,83,7854,6662,8470.0,4149,2.329853687124107,1.588439765594327,0.5526766046367672,1.1116216425426293,1.6063635337562117,2.0652224708332643,1.4803157425501416,Visium,LAM4,LAM20,spot
ATGCATGGTTCCGCCT-1,1,43,85,7855,6770,11816.0,5004,3.0535548873508636,1.7174084246375505,0.9086788968345251,0.6932395010351535,2.247400117953527,1.8500226997839602,1.855551901345354,Visium,LAM4,LAM20,spot
CCGGCGTCTTAATAAG-1,1,43,87,7855,6878,8493.0,4114,2.1676200407746022,1.4578781665763625,0.8435567033442195,1.2418234963747357,1.7160622000187105,1.9850870846258801,1.5112341117831187,Visium,LAM4,LAM20,spot
AATGATTACAACCTAA-1,1,43,89,7856,6987,11574.0,4836,2.2530403673873503,1.6043098737546775,0.6227276828015903,1.1380704241052217,1.7305983000628498,2.323960892282237,1.3371088362759178,Visium,LAM4,LAM20,spot
CTCGTTCTGTCACGTT-1,1,43,91,7857,7095,7046.0,3530,1.6597003037814853,1.450269460721186,0.807296663505357,0.7091082000607615,1.8156001720693318,2.7207985687015754,1.6253760754015658,Visium,LAM4,LAM20,spot
GAGTCTCGAGATAGTC-1,1,43,107,7862,7962,534.0,461,1.3016150067583188,2.1389639921072794,0.0,1.4827027707192817,2.0822465926074445,2.809733552284937,2.7110419759590325,Visium,LAM4,LAM20,spot
TAGTTGGCTTAGGCCT-1,1,43,109,7862,8070,790.0,660,2.1081836338124473,1.2617639293543441,0.9486721413771949,1.9100964152929425,2.350772302668273,1.6523842312573567,1.9918546251059737,Visium,LAM4,LAM20,spot
ACGAGGACCTGCTAGT-1,1,43,111,7863,8178,839.0,710,2.4173630693289443,1.5207564885335916,0.0,0.7340688558850105,2.436161180686475,2.826836279798519,2.1340888593878113,Visium,LAM4,LAM20,spot
TCCAGAGGTCGACAGC-1,1,43,121,7866,8720,14598.0,5921,2.7460685116658485,1.8792673663069863,1.2959519557307075,0.5217806057907782,2.343640516905436,2.0310272145334043,2.2930729453409264,Visium,LAM4,LAM20,spot
GAGGACAGTGATCGGC-1,1,43,123,7867,8828,17762.0,6107,3.123056370682605,1.56278598532127,0.7205796298433528,0.5696944342283362,2.494794547046523,1.771442878850441,2.1353190932783335,Visium,LAM4,LAM20,spot
TAGCCGTAGCCAGGTG-1,1,43,125,7867,8937,5080.0,2912,2.4584055975566272,0.8662399309162784,1.4917532971311254,0.5398908751774225,2.0338818821531857,2.14545535199573,1.4348032708928686,Visium,LAM4,LAM20,spot
GTCACTTACGTGTATG-1,1,44,0,7734,2166,18234.0,6058,2.720026852279492,1.808348107315799,0.803775141384854,0.6917152625183375,2.2441134660679967,2.1607869669048525,1.9407731111072293,Visium,LAM4,LAM20,spot
AGCTCAACATCGTCCG-1,1,44,14,7739,2925,4272.0,2537,0.849130621495873,2.166160272856602,2.3932026316201784,0.9941467178922554,1.3676287276506225,2.5107354071155643,1.9663656334107893,Visium,LAM4,LAM20,spot
AGGTTCCACGCCGAAG-1,1,44,16,7739,3033,3691.0,2374,1.076778727099169,2.118072027956491,2.6537913040784806,0.5532516118586005,1.478558108256754,2.391883956750122,2.211333315328424,Visium,LAM4,LAM20,spot
TCAGAATCTAATAGTC-1,1,44,18,7740,3141,3714.0,2356,0.5705783052971911,2.531934442684771,2.671564212240984,0.6826403234056053,1.7998045649128867,2.6074980406707224,2.671564212240984,Visium,LAM4,LAM20,spot
GTCAGCCAACATCACG-1,1,44,20,7740,3250,4217.0,2564,0.0,1.5166713291858673,2.6629737869124708,1.0023293807594693,1.2995847472915798,2.522647465703659,2.0177288399758915,Visium,LAM4,LAM20,spot
GGAGAAGCCAAGCGCT-1,1,44,26,7742,3575,23295.0,6801,2.3577110663907233,1.3548433426355464,0.7546426022421026,0.66093573831676,1.867682553256733,2.2144374387711148,1.6764283511133438,Visium,LAM4,LAM20,spot
TCAACCGGAGACCTCG-1,1,44,28,7743,3683,22573.0,6730,1.085827149058176,1.181523608802178,0.7188840962053961,1.062241711000136,1.3557182294535295,2.509329459853091,1.326755209640374,Visium,LAM4,LAM20,spot
GAATCATAGTCTGAAG-1,1,44,30,7744,3791,10836.0,4748,1.8571199774956744,1.4637782137636295,0.2971882403391926,1.391340502499773,1.8949859264564142,1.7523352982759777,1.8774934218237038,Visium,LAM4,LAM20,spot
AGGTTGAGTAGGAGAT-1,1,44,32,7744,3900,6317.0,3408,0.7564672987858307,1.7211200224994398,0.6878299187164442,2.0117021014496435,1.6009166691777077,2.351201862664172,1.7490415392860912,Visium,LAM4,LAM20,spot
CTGGAACAATAGACAG-1,1,44,34,7745,4008,7345.0,3852,2.055065846190645,1.4510349551000912,0.7844888551249308,1.9551150435045053,1.8895008353295932,2.5493990784179004,1.443027224930012,Visium,LAM4,LAM20,spot
CCTGAAGCGTATAGCA-1,1,44,36,7745,4116,5798.0,3264,1.8595097615132943,2.0667273915449247,0.731385640558074,1.560888868178469,1.8878846450025115,1.7226392879407464,1.854701338678987,Visium,LAM4,LAM20,spot
AGCATGCACCGCGTCA-1,1,44,38,7746,4225,4049.0,2423,2.1704307690230054,1.7816234785956921,1.2440812818194904,0.0,1.6121016867006066,2.5277649330462957,2.297856717698962,Visium,LAM4,LAM20,spot
GTTGAGCTTCGTCCGG-1,1,44,40,7747,4333,4090.0,2404,2.161510728470243,1.6865800473773154,1.4002551341476428,1.0217934912490496,1.3219188258843997,1.9618495024523999,1.9179288654115085,Visium,LAM4,LAM20,spot
CGTTGGTCGTCACTGT-1,1,44,42,7747,4441,2677.0,1767,2.0019875566109677,1.6310188253611986,0.3831790110576571,0.9924980953359964,1.4512822116263613,2.2075749553348203,1.8142295580208474,Visium,LAM4,LAM20,spot
TAGTTCGAGTAGGAAG-1,1,44,46,7748,4658,7441.0,4002,1.6893001365263527,2.189309087390694,1.7983452699859,0.7982871492420521,1.6157611122392868,2.127216862478622,2.3897991551711617,Visium,LAM4,LAM20,spot
AGCGTTATACCTGTTG-1,1,44,48,7749,4766,8935.0,4342,2.0222466828274714,1.7978034692160012,1.1309146016635392,0.5955119720460157,1.8864589930671416,1.9678907936517402,1.8650210257678617,Visium,LAM4,LAM20,spot
ACGCGTCGGTGAGGTT-1,1,44,50,7750,4875,8082.0,4203,1.9217737958264018,1.6259307027106988,1.102152989802177,0.6993035304273807,1.5501023628961061,2.0808737416907546,1.6136852518891505,Visium,LAM4,LAM20,spot
AGGTCTTCCATCGCCG-1,1,44,52,7750,4983,14057.0,5692,2.448347526944454,1.5009185868963237,1.1135811482669191,0.6101637860008521,1.9897329517384006,2.0487501889760655,2.07141517868917,Visium,LAM4,LAM20,spot
TCCGTGTCTTACATAA-1,1,44,54,7751,5091,11266.0,5128,2.3402160819593245,1.8016224983520368,1.6517741158993562,0.8970996374509842,2.0210501335978717,1.996239693106874,2.0210501335978717,Visium,LAM4,LAM20,spot
TCAGTCGCCAAGGTTG-1,1,44,56,7752,5200,28379.0,7444,2.839574871550376,1.809830514716585,1.0777470440676262,0.5703094510124394,2.2373918830417336,2.34148071158973,2.0232615211724596,Visium,LAM4,LAM20,spot
TCGGCGCAGAATGTCT-1,1,44,78,7758,6391,7511.0,3404,1.1288729739348131,0.7876582127458207,0.6924146529741643,2.066732677115645,1.8445926504738237,2.33405124906741,1.2517163361768728,Visium,LAM4,LAM20,spot
CCTTGTGATGGTCTAG-1,1,44,80,7759,6500,14478.0,4783,0.9848543543652312,0.525144499089197,0.7525440351726539,2.043640485634905,1.7638608895643382,2.288894155964658,1.4936938244766476,Visium,LAM4,LAM20,spot
TCTGCGTGCTTCAGAC-1,1,44,82,7760,6608,17075.0,6018,2.9393843386727347,1.411950691593998,0.775327482567142,0.6161888014727162,2.1274993733375926,2.260674577178296,1.5700180579308025,Visium,LAM4,LAM20,spot
GGAATGGCAACTTGGA-1,1,44,84,7760,6716,9828.0,4569,2.3182132504308184,1.6626950891076318,0.9758565923423478,0.7018596254993947,1.9243407430162573,2.284252284455756,1.8670320438961197,Visium,LAM4,LAM20,spot
GATTCCATTGAGTTGA-1,1,44,86,7761,6825,8280.0,4089,2.4140758485994556,1.5046140214202222,0.7211335262774285,0.5701628947877145,1.6823201509364427,1.7280436548419473,1.4635461096834048,Visium,LAM4,LAM20,spot
CACCTAGACGAGCCGG-1,1,44,88,7761,6933,8434.0,4083,2.1737957938323174,1.4354006558538774,0.7819256302471044,1.182820224496327,1.0219168039215958,2.141158249698372,1.7217836967485523,Visium,LAM4,LAM20,spot
CTCATAGCCAATGTCG-1,1,44,90,7762,7041,9400.0,4395,2.386780960000654,1.77386990447728,0.953873443023198,1.33622194388063,1.943627911472847,2.3914269449419474,1.6073079861762753,Visium,LAM4,LAM20,spot
ACTGCCGTTGGTGAGC-1,1,45,1,7640,2221,8310.0,4044,2.456028236051468,1.7601789696989585,0.9763064049579996,0.2838183658901565,2.069312193600671,1.9764959888289608,1.9902946402646615,Visium,LAM4,LAM20,spot
ACGCTCAGTGCTATTC-1,1,45,25,7648,3521,7246.0,3857,1.3755611246094617,1.8093153794149095,2.488282122286518,0.9185014197667709,1.7630600822921656,1.909586802503108,1.7630600822921656,Visium,LAM4,LAM20,spot
GCAGATACGTTGAACG-1,1,45,27,7648,3629,9476.0,4473,1.0328575934744728,2.233969042498975,1.9175307752381459,1.00314731990415,1.4269306060132216,2.4769367916612475,2.0275704438182784,Visium,LAM4,LAM20,spot
CCTGCTCGCCGTCCAG-1,1,45,29,7649,3738,15081.0,5525,1.2690910616154611,1.5503843984639767,1.0669056562151282,0.9887435813550801,1.6538706471386235,1.8236091218951804,1.4230260442806977,Visium,LAM4,LAM20,spot
AGATCTCCGCCTTATT-1,1,45,31,7650,3846,9376.0,4410,0.6492936167640259,1.409279031365106,0.6591941387979332,1.387728330942201,0.8472369126498694,2.2166900644210217,0.7883991830592204,Visium,LAM4,LAM20,spot
CGCAGATTCGACCGAA-1,1,45,33,7650,3954,4732.0,2710,0.7918985350733851,1.0653809294793053,0.5835983249362586,1.6162997384358124,1.2924201742978925,2.0849560355545234,1.3624493393497084,Visium,LAM4,LAM20,spot
GAGCTACAAGATCAAG-1,1,45,35,7651,4063,3418.0,2172,0.8126470026290199,1.0135671671279636,0.3116751297309104,1.6073505180427157,1.6842728626057761,1.8506194736443538,1.3675415044472972,Visium,LAM4,LAM20,spot
ATACGGCGACTGGTCT-1,1,45,37,7651,4171,8541.0,3977,1.1551141446600561,1.9076196402228343,1.290430814326913,0.822973647078772,1.4397790823390233,2.4285365089653914,1.5696934700733811,Visium,LAM4,LAM20,spot
TCCAACGTGGTTGTTC-1,1,45,39,7652,4279,12527.0,5141,1.93586677402342,1.8607062170539148,1.3846765448185578,0.9817495678696785,1.806485136308093,2.2100095225616267,1.8544777628715128,Visium,LAM4,LAM20,spot
GTACAGATGACATCGC-1,1,45,41,7653,4388,8752.0,3765,1.8794271700663434,2.131425867816668,1.2319818004270733,0.4844205602271253,1.5196472071843525,1.8752649786771862,1.7174639765637278,Visium,LAM4,LAM20,spot
TAGGACATCAGCATGG-1,1,45,43,7653,4496,10485.0,4585,2.315371718577153,1.489184015553938,0.9817229879894397,0.6697472466449511,1.9054542568690056,2.1366474207914963,1.831875444427483,Visium,LAM4,LAM20,spot
GACAATTGTATGCTTC-1,1,45,45,7654,4604,10097.0,4679,1.9969852299535036,1.9931366956303245,0.9105099670598907,0.4319216698089858,1.9376416470968791,2.2426590732902585,2.1017350102325842,Visium,LAM4,LAM20,spot
AGCGTGCTTCGCTCAT-1,1,45,47,7655,4713,14648.0,5782,2.7737827114992704,1.5874614330441348,1.1689877829921134,0.40312883265754273,2.1209296168859937,1.8300076098973581,2.035515620175965,Visium,LAM4,LAM20,spot
TGGCCTGGCACTGTGG-1,1,45,49,7655,4821,20577.0,6789,3.0409522224772467,1.503866783485797,0.6154364781218391,1.001740896637696,2.4325436285649977,1.8219299362143277,2.022966838723271,Visium,LAM4,LAM20,spot
GAATGACACGACTAGG-1,1,45,51,7656,4929,16255.0,6246,2.4075557624911275,1.6454473608966371,1.2849757020300356,0.7507257342481839,2.0299032509171138,1.9529454419684007,2.107609214499084,Visium,LAM4,LAM20,spot
ATAGTTCGCAGCCGTG-1,1,45,53,7656,5038,11045.0,5027,2.1702484668074193,2.1417955542506872,1.7497704794619533,0.6446851653504534,2.038258741923283,2.1453336901616686,2.4735629387929023,Visium,LAM4,LAM20,spot
TGATGGCCGGCATCGC-1,1,45,55,7657,5146,17284.0,6246,2.932278890950746,1.8532776387375154,0.952069714703411,0.7187881464386014,2.369406357303045,1.8256983058164007,2.053892279001769,Visium,LAM4,LAM20,spot
ACTCAGTGAGCCTCCA-1,1,45,57,7658,5254,22210.0,6947,3.059901885397348,1.737404548364203,1.2620463028750706,0.503743999744471,2.3417018974483437,1.6345733534978932,2.097733374461474,Visium,LAM4,LAM20,spot
CCTGTCTGCATAGGTC-1,1,45,77,7664,6338,14020.0,4738,0.3418726329990695,0.6183805914779151,0.8490285811042793,2.0384594545892565,1.834234874997582,2.1247044453432724,1.5939114360634132,Visium,LAM4,LAM20,spot
AGCGTGGCACCGACAA-1,1,45,79,7664,6446,18232.0,5869,0.6628230256474019,0.8862702170922487,0.7404945693324739,1.9786258878841172,1.9506628313801968,2.402935271795457,1.7338005905593605,Visium,LAM4,LAM20,spot
GAACTACCTTATCATA-1,1,45,81,7665,6554,10918.0,4871,2.767349377707744,1.3919114554642338,1.1186818736123858,1.0699050391328389,2.0629805496626528,2.023411226359858,1.6108657257429881,Visium,LAM4,LAM20,spot
TCGAGTGGTAGGTCAC-1,1,45,83,7666,6663,12004.0,5032,2.830094678066523,1.5401831891775581,0.6612372326682957,0.9518041833815332,2.036592126786637,1.921528098984208,1.6419589715149272,Visium,LAM4,LAM20,spot
ATACAAGGTCAGTAGA-1,1,45,85,7666,6771,7466.0,3784,2.179862300360941,1.613074474546475,0.6082036541082818,0.6801191574070078,1.9498059602617681,2.2494902039670923,1.5791416296412653,Visium,LAM4,LAM20,spot
CTCGGATCGGAATACG-1,1,45,87,7667,6879,5727.0,3263,2.32527222684508,1.378361811580155,1.4001235616817596,1.2640712122447386,1.7198250609633892,1.919915625879901,1.5497928177087874,Visium,LAM4,LAM20,spot
CAAGTGTTCGCCACGC-1,1,45,89,7668,6988,15620.0,5850,2.778231724235261,1.5087612460887005,0.7886319464502026,0.6878368655104488,2.1885801227198782,1.82910980215995,1.6255683186912442,Visium,LAM4,LAM20,spot
CACGTGGCGGCACTAG-1,1,45,117,7676,8504,12254.0,4367,0.11027045015162082,0.218989349438584,0.7031346778143678,2.147929564968565,2.1093077057139764,1.797140031748316,1.6050870214904744,Visium,LAM4,LAM20,spot
AATGCGAACCTCGCGT-1,1,46,0,7546,2168,28134.0,7711,2.7191151029978857,2.224218073530372,1.5912454191848393,0.43781558757037636,2.377196142637132,2.30303758651346,2.171939781351592,Visium,LAM4,LAM20,spot
TAACGTGCCATAGTTA-1,1,46,24,7553,3467,5640.0,3244,0.5652447268076234,1.974868737760259,2.5452531074858125,0.5910766120835697,1.0968376653097411,2.2586060319210235,2.4350742760401247,Visium,LAM4,LAM20,spot
CTCGGAATTCTTGATA-1,1,46,26,7554,3576,11431.0,5220,1.4757426126335225,1.8183045441078396,2.750671293622246,1.0946758404084076,1.7408390523775725,1.8087939323648592,2.132498763641619,Visium,LAM4,LAM20,spot
AAGCAGTGAGTGCGAC-1,1,46,28,7554,3684,12746.0,4901,1.1044086721095208,2.096728107258605,1.7417564248300195,0.6183608553073152,1.3717134448886263,2.002457748048876,1.8855516817697693,Visium,LAM4,LAM20,spot
CCAGATTGTAGCCTAC-1,1,46,30,7555,3792,7120.0,3871,1.226038942915803,2.2435743367350662,1.4255420834157684,1.025158878177828,1.2901762707740534,2.2435743367350662,1.889789813919447,Visium,LAM4,LAM20,spot
CCGCTCGCTAGTCTAA-1,1,46,32,7556,3901,8774.0,4208,0.5955859425335034,1.560481333689103,1.5176864714418816,1.0525733770495864,0.9967997438144103,1.9019067775007905,1.715404581248468,Visium,LAM4,LAM20,spot
ACCTAATTGTCGCTGA-1,1,46,34,7556,4009,12126.0,5000,0.7228494040715217,1.4959627542530178,0.7084508877211407,1.2234966793367033,1.6134871007230143,2.0633484201759114,1.5499074468820704,Visium,LAM4,LAM20,spot
ACTGACGGCGAATAGT-1,1,46,36,7557,4117,9292.0,4297,1.195778694388785,1.727689580791451,0.9081648227076992,1.0156094738414114,1.5330225682672305,2.3172425355015385,1.5330225682672305,Visium,LAM4,LAM20,spot
GCACTACACTATTGCG-1,1,46,38,7558,4226,6064.0,3244,1.8591679728103034,2.4751849647371,1.184019110210768,0.6415887363296157,1.0491457744535115,2.1307100996136854,2.0544365864501453,Visium,LAM4,LAM20,spot
TGTATGGTGCCAAGGT-1,1,46,40,7558,4334,11375.0,5117,2.0021586277120984,2.367466961774475,2.02728031725082,0.3917180349525782,1.7255100836868542,2.2037154723364565,2.2472349979108808,Visium,LAM4,LAM20,spot
ATGCATGTATGTGAGT-1,1,46,42,7559,4442,12096.0,5229,2.734921978676693,1.9390841839849136,1.8358301493042983,0.26284514930484176,1.9883861038270942,1.6880958603864993,2.120719781310809,Visium,LAM4,LAM20,spot
CGGTCATGGAGGACTC-1,1,46,44,7559,4551,12809.0,5337,1.91684814758494,1.878392351440244,1.6479407235126307,0.5770071460654103,1.528388895389804,2.0827248489780397,1.9106782135022178,Visium,LAM4,LAM20,spot
TATGAGCGATCCATTA-1,1,46,46,7560,4659,10967.0,4896,2.6773940609098097,1.8531329385424733,1.4859923902086793,0.0,2.0144713295533423,2.2362752502867287,2.244361957507177,Visium,LAM4,LAM20,spot
ACGTTAATACAATGAC-1,1,46,48,7561,4767,13284.0,5501,2.5089307124822215,1.4957791515801684,1.6186396498473876,0.6363944638726409,2.1096746998293026,1.707782000514498,2.026419309365073,Visium,LAM4,LAM20,spot
GTCTAAGATCGGACTA-1,1,46,50,7561,4876,9494.0,4506,2.4709691507436906,1.900285393116253,1.4254887415059916,0.5687363829775075,2.043136313150341,2.3660499918710363,2.6692771091195047,Visium,LAM4,LAM20,spot
CGTCCATCGTCCAATA-1,1,46,52,7562,4984,7928.0,4090,2.2668824741223768,2.272469122445001,2.269214038389156,0.4532019528037225,1.9218741249575217,2.1232057223903706,2.967706982068211,Visium,LAM4,LAM20,spot
AATTGCATTGAAGAAT-1,1,46,54,7562,5092,15418.0,5964,2.3013482963802647,1.8227315818647631,1.3234925590574627,1.1001912487680292,2.075981808347643,2.160446696536709,1.9911262335370963,Visium,LAM4,LAM20,spot
CGGACTGTGAGTATAG-1,1,46,56,7563,5201,19739.0,6533,2.7059143646192085,1.6877902281419477,0.9732329682045049,0.5782663238606812,2.2630530694200117,1.7744848426548445,1.9660854989896561,Visium,LAM4,LAM20,spot
TGCACGTAGTTCGAAG-1,1,46,78,7570,6392,25432.0,7462,2.129983812646825,1.4220579717330866,0.8655105423615994,0.8579605104232738,1.8182100499787335,2.564392665648682,1.5340999635626638,Visium,LAM4,LAM20,spot
GCCAGACATCTATCAC-1,1,46,80,7571,6501,7847.0,4107,2.2572215731502405,1.368908207744908,0.9528021877284297,1.266593947497562,1.8588077413245394,2.5060936084221646,1.539834976689374,Visium,LAM4,LAM20,spot
AGTAAGCTCGGCCAAT-1,1,46,82,7571,6609,14158.0,5587,3.0240767710836836,1.3778893111958044,1.1654084656256347,0.7379182691100468,2.3031358665623647,2.0725963462879355,1.604027057719513,Visium,LAM4,LAM20,spot
ACATGGATGCGTAAGC-1,1,46,84,7572,6717,6368.0,3357,1.98532411759619,1.7959383303030219,0.8646006383279031,1.7424038185681054,1.840539662860424,2.3929339986444886,1.5538375511225457,Visium,LAM4,LAM20,spot
GATGTAGCGAGGTCCA-1,1,46,86,7572,6826,12705.0,5323,2.704227382735622,1.5133482081002407,1.1519957492279849,0.580589547777787,2.204717533325568,1.7212240206756135,1.8425902402966772,Visium,LAM4,LAM20,spot
TGCGCTCATAGAACGA-1,1,46,88,7573,6934,11561.0,4954,2.991017554931896,1.7504814557453703,1.4196183738524217,0.3864900000215268,2.209280512428617,1.9937699812061376,2.2669341618122325,Visium,LAM4,LAM20,spot
ACGTTCACATGATCTG-1,1,46,116,7582,8451,11580.0,4165,0.22052477866360004,0.41748242011218173,0.49936119387529126,2.2323297332278362,2.2078188067036013,2.3649082951113405,1.4183735855473565,Visium,LAM4,LAM20,spot
ACGGCTTATTGGTATG-1,1,47,17,7457,3089,17018.0,6306,1.157686847175077,1.5967594541743295,1.0680646324112366,0.6461233696567895,1.2931530580629258,2.506552733265103,1.7276569925217031,Visium,LAM4,LAM20,spot
TGAGGAATCCATAGAA-1,1,47,19,7457,3197,14664.0,5868,1.9922919954326461,2.3750706758241487,1.782395891097271,0.5910766120835697,1.9533448388900188,2.6758841355318355,2.546589727320285,Visium,LAM4,LAM20,spot
AAGCCATCCGTGCTAT-1,1,47,27,7460,3631,19478.0,6596,2.899343592965808,1.5790813796247734,1.4371652950453984,0.1711686031896876,2.1925130356568494,1.7710970412560914,2.046191264436692,Visium,LAM4,LAM20,spot
TCGGTGATCGCCGGCC-1,1,47,29,7460,3739,6035.0,3407,1.6602943733482889,2.0098641106862116,1.7869148338269096,0.643861676436869,1.4126627769230424,2.4655968587745454,2.2284006409544963,Visium,LAM4,LAM20,spot
GTCGGCCGTTGTGAAT-1,1,47,31,7461,3847,5449.0,3090,1.5958600573328476,2.2255308193966563,1.8726629382345903,1.204684941626745,1.4908792043938395,2.6280248257145935,1.678702356511505,Visium,LAM4,LAM20,spot
GTTCGTAGGTAGTGAA-1,1,47,33,7462,3956,9526.0,4398,0.717722008424811,1.9130433409749612,0.9457088769611657,1.2473907050937314,1.5420483858373828,2.1631194885386464,1.4229337808395741,Visium,LAM4,LAM20,spot
CTATCCATTGAGCCAC-1,1,47,35,7462,4064,6543.0,3434,1.224273626958372,1.7200938734983298,1.3014481180068407,1.031842976415152,1.13188022310723,2.5627995192444017,1.532520886835464,Visium,LAM4,LAM20,spot
CGACCAGATTCAGTGA-1,1,47,37,7463,4172,5642.0,3112,1.5682086001169737,1.9241011552593872,1.3558826607018672,0.9598450926864848,1.4640165971061492,2.617567454020834,1.4640165971061492,Visium,LAM4,LAM20,spot
CGACTAGGAGATAAGC-1,1,47,39,7464,4281,4827.0,2955,1.5784437083631424,2.004476642414111,2.359109141359504,0.5615215308714274,1.4739572418765543,2.5974970265650894,2.2828558004854984,Visium,LAM4,LAM20,spot
ATACATCACGCCTTCT-1,1,47,41,7464,4389,4378.0,2666,2.5193676612000284,1.8331477720726495,1.6644520056133736,0.8975354399790725,1.98532411759619,1.9588350285564855,2.542094672515693,Visium,LAM4,LAM20,spot
CTGACTCGAATTCGTG-1,1,47,43,7465,4497,12022.0,5022,2.9723327915226463,1.4055308723243147,0.9398668809797179,0.3207018967623807,2.3276549913625817,1.4649284014157273,2.13845017168487,Visium,LAM4,LAM20,spot
GGATGGATCACTCATA-1,1,47,45,7465,4606,12452.0,5265,2.8164559582810296,1.6895349812285765,0.8777148477158198,0.36328506127885374,2.018238281154402,2.0574786965089125,1.8903350532575773,Visium,LAM4,LAM20,spot
CAGTGCCTTGCGGTCT-1,1,47,47,7466,4714,9954.0,4799,2.348718711448941,1.6901573512440904,1.4794651506570542,0.24215183634901022,1.8562728745187813,2.062411338507692,2.035439474316826,Visium,LAM4,LAM20,spot
TGATAGGAGCATCAAC-1,1,47,49,7467,4822,11576.0,5179,1.821825832916112,1.6383188190791618,1.2480624328867012,0.7784005053639336,1.8042075846399155,2.3096094314969706,1.7680116129331465,Visium,LAM4,LAM20,spot
TCTACTGTCTCAATGA-1,1,47,51,7467,4930,6117.0,3534,2.0506168693478175,1.8807284043644859,1.9053498810265324,0.4665404335995202,1.9352979770565335,2.0898970186012127,2.3418089499660293,Visium,LAM4,LAM20,spot
CTCACGAGTAGATGAG-1,1,47,53,7468,5039,14613.0,5926,2.6802461094124848,1.8572577192357511,1.5056652835874267,0.40392315815986296,2.2479691229086054,1.9025081661323633,2.3092894554649424,Visium,LAM4,LAM20,spot
ACGATGTTACCTCATT-1,1,47,55,7469,5147,13138.0,5379,2.5785801699048974,1.947778658702495,0.9621988718419164,0.5258848585683846,2.2377968832047443,1.884304157989206,1.9450616496516595,Visium,LAM4,LAM20,spot
ATCTGAGGAACGGTTG-1,1,47,57,7469,5255,18209.0,6230,3.2033436641367987,1.920049653292416,0.6734867805041462,0.33604564041016555,2.5392411987725763,1.4139129827747055,1.9419482223408933,Visium,LAM4,LAM20,spot
TATTGATCGTGATCTT-1,1,47,79,7476,6447,21110.0,6897,2.7086004545935154,1.7133668021938167,0.46507677987678503,0.29603390365927795,2.2096217545492327,2.1585181449571906,2.0167014970552395,Visium,LAM4,LAM20,spot
ACGTTCACGACTAGGT-1,1,47,81,7477,6555,13898.0,5354,2.9913882095669213,1.3366205860740437,0.891611070703727,0.5032669412959888,2.301994905916406,1.9280582113109963,1.9496242309100036,Visium,LAM4,LAM20,spot
TCACGATACCTAGCCA-1,1,47,83,7477,6664,3583.0,2256,1.5235256408746924,2.110999433695485,1.4206539900186586,1.39740260774381,1.5015623751906937,2.4189012839339643,1.711146778696734,Visium,LAM4,LAM20,spot
CTCCGGCCTACAGCTT-1,1,47,85,7478,6772,8597.0,4098,1.3840610244322407,1.5766147440898557,1.1571935284454875,1.1695825177963215,1.3251079757511357,2.0522389722355476,1.2446710270830252,Visium,LAM4,LAM20,spot
TGCTTATGACGCTGGC-1,1,47,87,7478,6880,11816.0,5065,3.0872146511217466,1.8046527472253087,1.5703634309716534,0.4796434204446239,2.430740687466052,1.7571261266562033,2.1537127174606674,Visium,LAM4,LAM20,spot
TCTAACCGTGCTAGCT-1,1,47,115,7487,8397,4176.0,2182,0.2942287406780953,0.671849182881011,1.3067005469314699,2.019004663471487,2.0649087686454926,2.4660518490243706,1.64685180712353,Visium,LAM4,LAM20,spot
GTAGTGACATTACGAC-1,1,47,117,7488,8505,9328.0,3666,0.0,0.4291950351502741,0.9058591531643394,2.217734599210273,2.0236978515982225,2.3654068755125626,1.7149099141584279,Visium,LAM4,LAM20,spot
AAGCAGTGGCTCATCC-1,1,48,4,7358,2385,5327.0,3052,2.6490504083387063,2.024232991870697,1.9266313996362565,0.6169602820756519,2.1411146534909515,2.5066171991531685,2.317620728888361,Visium,LAM4,LAM20,spot
TAATTAGCTCGATTGT-1,1,48,26,7365,3577,27488.0,7682,2.875516128948478,1.5498386669515012,0.8410313852240865,0.5273982982622136,2.166839376290105,1.9199652975605332,2.0030853088791853,Visium,LAM4,LAM20,spot
AGTCACTTATTCAAGG-1,1,48,28,7366,3685,23689.0,7157,2.7996047254163043,1.628206183528878,1.0462126802124194,0.47872625517443756,2.169826515171762,1.7672232109410737,2.2508184489600582,Visium,LAM4,LAM20,spot
GGACGTCGAACGGCTT-1,1,48,30,7367,3794,8928.0,4548,2.3145713417767375,2.043870075894968,1.8871239540637543,0.47682294451779056,1.6752776699296434,2.0677621930416663,1.9879295830407135,Visium,LAM4,LAM20,spot
GGTTAGACTCACTAGC-1,1,48,32,7367,3902,5607.0,2911,1.3356900858859124,2.0042526052007723,0.5121089091522404,0.7584408642262909,1.0237037144188812,2.3525098156208593,2.096045396369469,Visium,LAM4,LAM20,spot
TCGGCACTGGCGCCGA-1,1,48,34,7368,4010,3405.0,2089,1.5635949428671967,1.7905350292562934,0.7425664734069386,0.72655691015848,1.042230976279002,3.1366427612315193,2.029191060665276,Visium,LAM4,LAM20,spot
GTCCTTCGGAACCTGC-1,1,48,36,7368,4119,3438.0,2155,2.034494332929283,1.919468729875753,1.2655619541628051,0.9503234294265442,2.0208191679528924,2.574095807956945,2.0208191679528924,Visium,LAM4,LAM20,spot
GTCAGCGATTGATTCA-1,1,48,38,7369,4227,4114.0,2603,1.5727136984609096,2.3723814011596307,2.453967864856965,0.0,0.6478995916141,2.6070315426122272,2.8568947943484506,Visium,LAM4,LAM20,spot
TCGCACTGCTGTGCTC-1,1,48,42,7370,4444,2260.0,1646,2.4081857820835246,1.0188153718278128,1.16701501555251,1.102359616393718,1.6909771172238708,1.9314786592037287,1.8765560058881319,Visium,LAM4,LAM20,spot
AGGTGAGCAATGTCTT-1,1,48,44,7371,4552,8466.0,4308,2.6141544300873156,1.7652274227866729,1.2556274791908277,0.6762210256101727,1.910775437452317,1.709810815709163,2.108371704560703,Visium,LAM4,LAM20,spot
GGTAGCTTAGCCAATC-1,1,48,46,7371,4660,15035.0,5756,2.605808042253268,1.8438644283623087,0.9148930145844733,0.6767330073723223,2.012883467930067,2.0054508104424755,1.882564954924876,Visium,LAM4,LAM20,spot
TCATCTCCAACCACCT-1,1,48,48,7372,4769,10939.0,4972,1.8894239054679196,1.9243400641303154,1.079290394142212,0.8094100777897086,1.319748768807918,1.8927085869069709,1.7772567864589848,Visium,LAM4,LAM20,spot
TACGGAATACTCGTTC-1,1,48,50,7373,4877,10979.0,5017,2.445784735097169,1.7145451853537663,1.6289922631524707,0.6032372759444506,1.966846715823433,1.7145451853537663,2.141752454885448,Visium,LAM4,LAM20,spot
GTATGTGCAAGCCGGA-1,1,48,52,7373,4985,11431.0,5201,2.6208418011135417,1.8463054215020835,1.9479576160310847,0.14760683791082305,2.2193537125832945,1.7083548274785532,2.106231507132025,Visium,LAM4,LAM20,spot
GCATACTAGCATCGAA-1,1,48,54,7374,5094,16604.0,6090,2.541691685529527,1.7712748459950067,0.9185526863000942,1.1600374621996905,2.178091444019131,2.1550919849225263,1.9383620308975222,Visium,LAM4,LAM20,spot
CAGGCCGTATCTGTTA-1,1,48,56,7375,5202,18335.0,6212,3.000181048637095,1.6997027857151918,0.7696384571001077,0.9112653583759581,2.3025032789028863,1.9587354693629313,1.6921997493159429,Visium,LAM4,LAM20,spot
ATTCACATCTTATTCT-1,1,48,78,7381,6394,17048.0,6294,3.1001212776939884,1.7077723954401909,1.0413572571373868,0.39199366140255004,2.484769771970792,1.7729433722007264,1.8488537918194243,Visium,LAM4,LAM20,spot
AGTATTCAGCTGAATG-1,1,48,80,7382,6502,11130.0,4941,2.0038638328630918,1.670094244545285,1.0678967829620356,1.0285278191660634,1.9390841839849136,2.0653793695607923,1.448556033443186,Visium,LAM4,LAM20,spot
CAGTCAGCCGATCCGG-1,1,48,82,7383,6610,9726.0,4442,2.7340042450579656,1.5478643519304414,0.8811759107144941,0.6599531733479586,2.087990133576988,1.993392444339376,1.606266118124647,Visium,LAM4,LAM20,spot
TCCGAATCGCAGGTTC-1,1,48,84,7383,6719,3371.0,2198,1.6559066875771271,1.450002850840186,1.2797300492364512,1.231719969378921,1.5492841082734978,2.24124393350137,1.0487387731272038,Visium,LAM4,LAM20,spot
GTCTTGTATTGTAGAT-1,1,48,86,7384,6827,6911.0,3563,1.1207318380341462,1.8024339771968438,0.8948499526582903,1.0896182974018116,1.3594207798458338,2.137239163927668,1.8603728413922642,Visium,LAM4,LAM20,spot
AAGGCCGATTCTGAGC-1,1,48,88,7384,6935,10128.0,4529,2.1204260145366702,1.516116275494226,1.8219085970474562,0.3707361827022087,1.987111218636969,2.2743600507148023,1.7167751460827554,Visium,LAM4,LAM20,spot
CTACCTTATCAACTGA-1,1,48,102,7389,7693,4073.0,2294,1.0129487646383835,1.7767110518391669,1.667062704122191,0.6380558180659379,0.8009231415212164,2.83078408768856,2.5140824003907722,Visium,LAM4,LAM20,spot
CATTGGCGGTTGAGTC-1,1,48,104,7389,7802,6374.0,3120,0.7517103677488506,1.8459587974390914,1.1496859166339275,0.1333281315313836,0.9434674949591116,2.960287708039665,2.011109619855944,Visium,LAM4,LAM20,spot
TGACTCCAAGTCTACC-1,1,48,106,7390,7910,1402.0,1069,2.095888989996992,2.459503490001821,1.023589453588521,0.0,2.380232747831324,2.459503490001821,2.601367947960466,Visium,LAM4,LAM20,spot
GCAACATGGTTCTTCA-1,1,49,5,7265,2440,5842.0,3205,2.7361545080871883,1.4869278713344791,1.5792715994371296,0.1446309040220205,2.2116508093984732,2.396545716908798,1.8140471861556478,Visium,LAM4,LAM20,spot
GGTAGTACAGGTTAGA-1,1,49,13,7267,2873,11226.0,4908,2.6376328707096217,2.328662900721068,1.4153098938344897,0.3960105809877612,2.1484670749054935,1.6687404980386187,2.0241363471600358,Visium,LAM4,LAM20,spot
ATGGTAACGGACCGGA-1,1,49,17,7268,3090,10592.0,4814,2.718767987876792,1.583267622513424,1.4032383658372936,1.545561993296497,2.132372702867824,2.1087778883779587,1.7644837460880582,Visium,LAM4,LAM20,spot
ACATGTTGCTTGATCT-1,1,49,19,7269,3198,17867.0,6505,2.306080245127873,1.6589234507948059,0.8150571835441281,0.5955873125357402,1.917921326441138,2.2099784808663436,1.8094652650975698,Visium,LAM4,LAM20,spot
CTCGCATACTCAACTC-1,1,49,21,7270,3307,13911.0,5475,3.169601178465109,1.3910812466892044,1.7668305049362665,0.23222382440004435,2.4966920549098877,1.8167444516022515,2.1351277143878624,Visium,LAM4,LAM20,spot
GACGTACAGGAACGCT-1,1,49,25,7271,3523,16321.0,6253,2.5710149087823075,1.4170196014703398,1.6059516636138633,0.5447103536927768,2.04637366415028,1.8258410726359104,1.9956306123144425,Visium,LAM4,LAM20,spot
AGTTCGTCTAGTGCAG-1,1,49,27,7271,3632,23585.0,7312,2.540833111598651,1.726613032444796,0.9309798572892546,0.549485048803955,2.1179373219545194,1.8951145834254324,2.276750743434346,Visium,LAM4,LAM20,spot
TACGACGTCTCATATT-1,1,49,29,7272,3740,18569.0,6259,3.2190013718671002,1.3350974309665458,0.9354183825549881,0.29468411897306934,2.459872796544982,1.4210426948688815,1.864488747150382,Visium,LAM4,LAM20,spot
CTGGTGCTTATGACCA-1,1,49,31,7273,3848,10531.0,4714,2.1976224163522944,1.983372599109201,1.5175233473821659,0.5748854649071037,1.662618134976719,1.632145251250541,1.9192965286811896,Visium,LAM4,LAM20,spot
TGTTCATAGTATGACG-1,1,49,33,7273,3957,5320.0,3024,1.228691614472077,2.4114732139161785,1.340132319356728,0.705713146553441,1.608309456418169,2.1783905701662065,2.1422751328062524,Visium,LAM4,LAM20,spot
CGGATTCCAGACGGTT-1,1,49,35,7274,4065,3976.0,2566,1.257065284037428,2.5510786449333103,2.4586597615262877,1.0399787021431406,1.5628987340209872,2.5445181469495064,2.2163782212770915,Visium,LAM4,LAM20,spot
CACGGATTCTCATCAC-1,1,49,37,7274,4173,2227.0,1679,1.0731009220194503,2.3446600068182493,2.503553739737245,0.3423217026610363,1.4742501356120727,2.0458225321890016,2.6721492222393595,Visium,LAM4,LAM20,spot
GGAGATGGCTCGAGAT-1,1,49,39,7275,4282,3236.0,2260,0.8434560763116027,1.6726622205573463,2.9321986037912176,0.4458779842278958,1.7290596631549497,1.118466081942695,2.4362014634664395,Visium,LAM4,LAM20,spot
CTTGAACTTAGAGGAA-1,1,49,41,7276,4390,7774.0,4132,0.9042593662075025,1.9882936420202997,2.6407832090485246,1.1699583387703574,1.0183837591971419,2.36532916998799,2.779718505945262,Visium,LAM4,LAM20,spot
AGTTAAGACTGGCTCC-1,1,49,45,7277,4607,12723.0,5342,2.0460082729862714,1.494768393060941,0.9446668154125479,1.0988361482947704,1.6150497401848145,2.3938619892064423,1.490351268666461,Visium,LAM4,LAM20,spot
TGTTGGCCAGACCTAC-1,1,49,47,7278,4715,10270.0,4683,2.292786232098687,1.6078787618551424,0.7397557113531168,1.2717398207495807,1.5106553037099968,2.4605121913820587,1.6601273244240027,Visium,LAM4,LAM20,spot
TATGTTGGTCCAGTGA-1,1,49,49,7278,4823,9160.0,4484,1.9576051525549807,2.3301492842659823,1.7999139041932195,0.9508589925719292,1.7770964499179807,2.2567164212986977,2.636480712925263,Visium,LAM4,LAM20,spot
TATGGCCGGCGACACT-1,1,49,51,7279,4932,8332.0,4213,2.4536113774461286,2.0282872072404623,1.7317872389746656,0.6840939725939238,1.902243658316125,2.0282872072404623,2.5650970624948544,Visium,LAM4,LAM20,spot
AGATCAGTCGATAGAA-1,1,49,53,7279,5040,15823.0,5960,2.8788003147636396,1.6430937999441002,1.1419817529404406,0.765037648069174,2.349456376694457,1.961396787837137,2.1590490528942055,Visium,LAM4,LAM20,spot
ACATTGTACATTCTTG-1,1,49,55,7280,5148,20098.0,6746,2.9398088065813752,1.6055293984748247,0.557523841164648,0.5703914481560937,2.3820290161363107,1.7157751625942943,1.8960845201285954,Visium,LAM4,LAM20,spot
CGTCAGAACGTTGCCG-1,1,49,79,7287,6448,25847.0,7726,2.918888210691346,1.446893948428531,1.3363075010042822,0.5117860616757268,2.2215330549781873,1.8282590625330755,1.8812304944610851,Visium,LAM4,LAM20,spot
GGCGCCACCGGAGCAA-1,1,49,81,7288,6557,10630.0,4993,1.6421193499167528,1.8354747342205893,1.3711281936484794,0.8976628184193324,1.4005386183058952,1.983970640274378,1.9621728375140817,Visium,LAM4,LAM20,spot
GTATCTACAGATCTCC-1,1,49,83,7289,6665,3406.0,2232,1.986698109418214,1.883790197896035,0.5504302010812344,0.5881899122345873,1.3701637856952693,2.12106180821844,1.8725697579303608,Visium,LAM4,LAM20,spot
GGAGTCCAGATAGCTT-1,1,49,85,7289,6773,4455.0,2705,0.2781369024151261,1.1770133145455368,1.536348156074758,1.1120575287082708,0.9871225399875154,2.2622384188369704,1.536348156074758,Visium,LAM4,LAM20,spot
GCCATTGTAACTGATC-1,1,49,87,7290,6882,6705.0,3509,1.0707426948961987,1.644030252057905,1.4714864107586307,1.3114847562720806,1.5922894777710415,2.192129730374727,2.1781524810492785,Visium,LAM4,LAM20,spot
TGAGACAAGGACGACC-1,1,49,89,7291,6990,5674.0,3147,2.0856348718227404,1.6543769051419424,2.3275441831395582,0.27796571621115196,2.0293441258260256,2.654522006060845,2.573884134079598,Visium,LAM4,LAM20,spot
CTTCGACCAAGCCGAG-1,1,49,103,7295,7748,4694.0,3002,0.47541382618354655,1.4340289233967787,1.4955671117387124,0.9358449739577764,1.141154149769254,2.0472025068792092,2.334123394229972,Visium,LAM4,LAM20,spot
TATTCGACAACCGTGA-1,1,49,105,7296,7857,4739.0,3013,1.7618498684186998,2.126506930258451,1.6007060834722473,0.7659285784292768,1.6007060834722473,2.6647447223257785,2.4467502922833804,Visium,LAM4,LAM20,spot
AAGCCACCATTCAAGA-1,1,50,12,7172,2820,19182.0,6257,3.292763796187254,1.8350349211656614,1.1880824390724174,0.2502585888221391,2.5642112138590973,1.9937136886364712,2.017104051123916,Visium,LAM4,LAM20,spot
AAGGTGGATATGATCG-1,1,50,20,7175,3253,24851.0,7377,2.4638347716833366,1.6611612781038434,1.1191634122041065,1.1500396458640123,1.9366351019111718,2.353603846996058,1.8845325434377387,Visium,LAM4,LAM20,spot
CGGTGAACGGTTAGAT-1,1,50,22,7176,3361,13460.0,5567,2.405393000940018,2.1405030927643747,1.5893261734748165,1.107309555003831,2.0273071961244034,2.0067137268927433,2.577613145770672,Visium,LAM4,LAM20,spot
CGAGATGCGGTATGCG-1,1,50,24,7176,3470,20759.0,6584,3.071594251957685,1.3460297003814903,0.9880589447079254,0.3322731048822768,2.335371807949158,1.3789169895053828,1.718530556142715,Visium,LAM4,LAM20,spot
CGGTCCGGTTCTTAGC-1,1,50,26,7177,3578,38776.0,8256,3.2783235265188746,1.2532049704768395,0.6261436197181797,0.2294368900624401,2.4923235438699938,1.4707708934154473,1.838448272313064,Visium,LAM4,LAM20,spot
GCGTTGTATCGGAGCT-1,1,50,28,7177,3686,22863.0,6983,3.047250157037104,1.5420277568991299,1.1590610822365544,0.4425524791716345,2.362977614993137,1.784577588806618,2.3421749943285843,Visium,LAM4,LAM20,spot
TGTAGGATCAGAGCGT-1,1,50,30,7178,3795,15592.0,5717,2.947043438268059,1.7028338586310456,1.2252682955586962,0.5641565813665962,2.2167298178328396,1.7028338586310456,2.1348462737437526,Visium,LAM4,LAM20,spot
ATTGCACGACCACTTG-1,1,50,36,7180,4120,5369.0,3092,1.222215312699068,3.219948075281811,2.6417543784484607,0.6133520759524496,1.5528862847600826,2.473579520503452,3.8766457441993873,Visium,LAM4,LAM20,spot
GGCATACATGGCTCAG-1,1,50,40,7181,4336,4233.0,2713,0.2907905296989201,1.998564266621939,2.401539591700538,0.6200662382011036,0.9068439359316489,1.7448043790797898,2.5731657059859376,Visium,LAM4,LAM20,spot
ATGTCGGATAAGCCGA-1,1,50,44,7182,4553,13379.0,6019,1.5554462627989194,1.7288424081411775,0.6102382969235061,0.9411117765746198,1.5749769129729176,2.2215746052158285,1.915842637899693,Visium,LAM4,LAM20,spot
CGACGCTCCGCACGTG-1,1,50,46,7183,4661,9563.0,4533,1.7013894377653251,1.6041536626828174,1.1700351934843713,1.0973883914495164,1.4510991727427447,2.2370408028990516,1.387887778814829,Visium,LAM4,LAM20,spot
GATGGACCTGGACGGA-1,1,50,48,7184,4770,10850.0,4792,1.1335446891306147,1.5641898546890678,1.4412101187160054,1.6137853818682697,1.5447150425081004,2.161078157421274,1.7445809089529645,Visium,LAM4,LAM20,spot
AGCTTGAGTCAGGCCG-1,1,50,50,7184,4878,7986.0,4079,2.399487702271785,2.2125776332931504,1.9825115934583704,0.7053327258390539,1.7668247370043557,1.9533478660174861,2.734380519115059,Visium,LAM4,LAM20,spot
TCCAATTGGTTACAGT-1,1,50,52,7185,4986,12468.0,5161,2.576070204947258,1.8646942279612346,0.9178294896311308,0.5045411527086215,2.030374630846142,1.7827178972529987,2.2323023758517557,Visium,LAM4,LAM20,spot
CACCTTAGCTATTGTC-1,1,50,54,7185,5095,9123.0,4555,2.494683424480171,1.6835286595291197,1.2027553585081896,0.6401862729838964,1.969310631819557,1.84022654164445,1.8032934129682243,Visium,LAM4,LAM20,spot
CCTCGGATCTTGCGGT-1,1,50,78,7193,6395,2741.0,1903,2.1767716456931194,1.1597017822777023,1.7156663475830638,0.5088203642695841,1.433241302954848,2.3729325940042028,1.6300914484305,Visium,LAM4,LAM20,spot
ATGCTTACTCTAGGAA-1,1,50,80,7194,6503,17612.0,6398,2.9825064273414297,1.4570345128544113,1.2683764651324692,0.2698028311874538,2.1344392143907003,1.9804139224824802,2.117502517099909,Visium,LAM4,LAM20,spot
GCCAGTTCCTCGTGCC-1,1,50,82,7194,6611,9817.0,4622,2.095620937638614,1.7014738256746789,0.9765545698147943,0.9455635004985501,1.8278560453619221,2.1365346377399197,1.764481687126953,Visium,LAM4,LAM20,spot
TAACTTGCACGGCGGA-1,1,50,84,7195,6720,7492.0,3742,0.8479078489688321,1.2245288928702056,0.9814964089508091,0.9928004603751294,1.0421445693175058,2.5828854762126428,1.3000592686775168,Visium,LAM4,LAM20,spot
TAAGCCTGTAGCGTCC-1,1,50,86,7195,6828,10056.0,4566,2.3797544694371333,1.7358637703927837,0.6903588895680459,0.8178571431052903,2.0265821008701126,2.0320277171120953,2.0900503432806854,Visium,LAM4,LAM20,spot
GTACGCTTGATACCAC-1,1,51,11,7078,2766,4355.0,2693,1.7214125569540397,1.8734787711615253,2.4527257753363982,0.34888978645319496,1.4916261737251453,2.427714467565385,2.232566601429908,Visium,LAM4,LAM20,spot
AGCTATAGAATAGTCT-1,1,51,17,7080,3091,10391.0,4561,2.6433874499742536,1.9411419354018429,1.2255175036573054,0.7996832851148123,2.0459621827501207,2.066482205260426,1.8952078509259536,Visium,LAM4,LAM20,spot
TGCGACTACGTGCGAG-1,1,51,21,7081,3308,27228.0,7728,2.866737514801668,1.995210861655758,0.9755819267679291,1.099706818796868,2.4553749026625646,1.9630692006975432,2.250564728358046,Visium,LAM4,LAM20,spot
GGCATTCCGATGCTCG-1,1,51,23,7082,3416,30952.0,7782,3.240799665848022,1.6298535720046015,0.8470301289479327,0.48044320182064076,2.510235765539838,1.5955048181301763,2.0573344713250012,Visium,LAM4,LAM20,spot
AGTCCGTGATCACTAC-1,1,51,25,7082,3524,15419.0,5876,2.9430756065359773,1.3821187183493358,1.32344496754583,0.751521542105365,2.2943078542506252,1.9686817052952992,2.209030294881864,Visium,LAM4,LAM20,spot
AAGACTAAGGAGATCC-1,1,51,27,7083,3633,22010.0,6749,3.0834997848438968,1.3629666730250178,0.9517297955051202,0.8060767645404485,2.2941901171465737,1.5657279615830888,2.063296460923624,Visium,LAM4,LAM20,spot
GAGCCAAGCGATCGTA-1,1,51,29,7083,3741,9081.0,4196,3.12968134680479,1.7656347300664206,1.3933446612241804,0.1825034051579456,2.225596301225102,1.784298603980319,2.1799712800498674,Visium,LAM4,LAM20,spot
AGACCTATCCTTATAG-1,1,51,31,7084,3849,4964.0,2855,1.9521070933758808,2.6877543014823075,1.9157013140157555,1.414231711444028,2.512164054184694,2.275164481302018,3.657697255909356,Visium,LAM4,LAM20,spot
TGCGTTGTATTGCCTG-1,1,51,33,7085,3958,3993.0,2565,1.3512244433294514,2.8920260639863624,2.3409819102295963,0.5205859100460332,2.104146370696414,1.9233080001555032,3.5225303322987247,Visium,LAM4,LAM20,spot
AGCGAGGAACTGGTCC-1,1,51,37,7086,4174,2851.0,2031,0.6942239169011549,2.612064006577593,2.405518955731241,0.2767733251286961,1.1607144876646838,2.279199062440859,3.399102355702906,Visium,LAM4,LAM20,spot
GTAATCTTGTCTAGTT-1,1,51,39,7087,4283,2861.0,2027,1.3852827146102815,2.9352354397974105,2.8680458519404133,1.0669554952883595,1.4007817105768958,1.624883663328036,3.5450692200989553,Visium,LAM4,LAM20,spot
GCATAACCGAGGTGAT-1,1,51,45,7088,4608,14351.0,6018,1.8832022444037255,1.697379105773649,1.4609086406677458,0.8989321290274896,1.557172271146671,2.132116914259821,1.5197713135475006,Visium,LAM4,LAM20,spot
CTCAGGATACGCGGCA-1,1,51,47,7089,4716,8845.0,4251,0.8294658101574554,1.2491223350498533,0.8809651925981767,1.4317901382052343,1.6008083596195704,2.122115974266525,1.5113993106472434,Visium,LAM4,LAM20,spot
ACTTGAGCCGTTCTTA-1,1,51,49,7090,4824,11525.0,5184,2.1028333017259433,1.4579590037019023,1.5678021378607978,1.062334719344625,2.085658618063949,1.7530592279810406,1.8255284500534616,Visium,LAM4,LAM20,spot
CGACTAGGTCCTTAAC-1,1,51,51,7090,4933,14849.0,5610,2.802709171092919,1.2110659131121733,0.8165637817075779,0.5148849873703123,2.108945093667959,1.985885552286704,1.8543536304489487,Visium,LAM4,LAM20,spot
GATAGTGACACTCCAA-1,1,51,53,7091,5041,4597.0,2823,1.7336756543454572,1.8278979003949445,1.2375762911365804,0.9485873153521707,1.5118061361762092,1.9689903019949826,1.9815638964688573,Visium,LAM4,LAM20,spot
GCACAGCTGTGGTTGA-1,1,51,79,7099,6449,9484.0,4599,2.260292122962014,1.1998733120770446,1.04563792955619,0.6220254280832446,1.9168109628105932,2.281027235756678,1.9548476166989717,Visium,LAM4,LAM20,spot
TCCAAGACCGCTTGAT-1,1,51,81,7100,6558,14610.0,5843,2.6038659794580408,1.486662971807466,1.0284453636268678,0.6265448466171596,1.9804112406672334,2.0742661830798417,1.561202009417967,Visium,LAM4,LAM20,spot
AACTTCAGATACTACC-1,1,51,83,7100,6666,10027.0,4592,0.8251627645098775,1.3842727718621117,0.7523452225497925,0.8963446271015169,0.9146737875459767,3.0884688115529246,1.3842727718621117,Visium,LAM4,LAM20,spot
GCTGCCGCCTATGTAG-1,1,51,85,7101,6774,8926.0,4206,1.396461443783262,1.2097593015541495,0.35074207562159615,0.9273148260500794,1.504301436208151,2.158199362121622,1.175772478444462,Visium,LAM4,LAM20,spot
TCTTCGAACAGCGTTA-1,1,51,87,7101,6883,8160.0,4086,2.9368917735310576,2.2595138387585116,1.6942205003279953,0.6372462330912868,2.500008543248038,2.046427020411426,2.724338393950384,Visium,LAM4,LAM20,spot
GTGGCGCCACTACGCT-1,1,51,99,7105,7533,6923.0,3744,2.8859633289130624,1.7521033972243336,1.9655667011905051,0.33213697514919327,2.5301734675928174,1.8774934218237038,2.287199390338487,Visium,LAM4,LAM20,spot
TACGGTAGTTGCGTGA-1,1,51,101,7106,7641,6856.0,3720,2.0638387010236707,1.9430723205921134,2.047165734919316,0.425523538549622,1.715247568753414,2.023346465103713,2.4004114638201326,Visium,LAM4,LAM20,spot
ATGTCGTTACCAGACG-1,1,51,103,7106,7749,9953.0,4400,2.321017320040611,1.3384745388367156,1.4206370559746124,0.3114133879281199,1.7746168195895726,2.290010974043881,1.4505235683744173,Visium,LAM4,LAM20,spot
CCGGAGACAAGAATAA-1,1,51,105,7107,7858,11347.0,5066,2.2836980594570404,1.7196741578780088,2.1771863240332423,0.2153951096401726,1.9225753748391972,2.327623713335434,2.338310133126202,Visium,LAM4,LAM20,spot
GTTCCGTCATACGGCT-1,1,51,107,7108,7966,7628.0,3885,2.4574461140931145,1.7665357769927605,2.043641818714239,0.6695843342722119,2.270589396300617,1.992835288318029,2.1821964107365472,Visium,LAM4,LAM20,spot
AATAACTTCATACGGA-1,1,51,111,7109,8183,4409.0,2630,1.079794822184695,1.5323280736552327,2.1581137344101826,0.9743779430296554,1.3441981181804916,2.890963805579594,1.4820889696427895,Visium,LAM4,LAM20,spot
ATTGTTATACTTCACG-1,1,52,14,6985,2929,14348.0,5443,3.3315742017087007,1.5610017419159907,1.419807862418511,0.17402081797391614,2.553214716022599,1.9008903979062417,1.710232682195826,Visium,LAM4,LAM20,spot
CTTAGCAACTAGGACC-1,1,52,16,6985,3037,19770.0,6252,3.452074012915456,1.5018831178977026,1.0415431326494369,0.2436519092533823,2.5007142804167204,1.5130852065860716,1.8621451768214303,Visium,LAM4,LAM20,spot
GGATAAGTCAGGATAG-1,1,52,22,6987,3362,26519.0,7618,2.9992204429912235,1.7880130027340064,0.8615998638091521,0.8488461505555446,2.3755711375462707,1.8271886664831678,2.076453371750749,Visium,LAM4,LAM20,spot
GTGCAACTACTGTACG-1,1,52,24,6988,3471,23921.0,7139,3.0974318952786746,1.684443079436874,0.9631420864786817,0.4014908826323605,2.225309132496329,1.684443079436874,2.0797184566399767,Visium,LAM4,LAM20,spot
GAGCTAAGGTTGCGTT-1,1,52,26,6988,3579,7963.0,4204,2.1853376505928437,1.7310341160626965,1.9849990626720484,0.8628783459597794,1.894787743274771,1.6855334668893676,2.215146650066482,Visium,LAM4,LAM20,spot
TGCGTTAGCACGTACC-1,1,52,28,6989,3687,12256.0,5104,3.1111668286262373,1.746130100821126,1.4501391037898193,0.46587096195973504,2.6786066011019174,1.7741997555289613,2.3001015939069753,Visium,LAM4,LAM20,spot
TACACCTCGTACTCCA-1,1,52,30,6990,3796,8823.0,4076,3.274142981426066,2.1243083879292453,1.093081133484639,0.1873696026427554,2.842054676863627,1.8083389368653895,2.671326801534467,Visium,LAM4,LAM20,spot
GTATTACGGTATTGAG-1,1,52,34,6991,4012,3440.0,2260,0.8090828112940883,2.535909204240373,2.067377787259072,0.5837852472999701,1.6088563480094509,2.4136271127167848,3.3665938996493057,Visium,LAM4,LAM20,spot
GGCGCTAATATGCTCC-1,1,52,38,6992,4229,1881.0,1445,0.9238417063229837,2.8302066707397744,2.7050686207867045,0.0,1.2969604399014494,1.843136935157257,3.552244594984986,Visium,LAM4,LAM20,spot
GAACTCCTGGAGGCTC-1,1,52,44,6994,4554,15551.0,5871,3.1415254118877485,1.4233306638002232,1.046882304920546,0.49655150958785294,2.2947802949903138,1.724281964543628,1.9268423445389389,Visium,LAM4,LAM20,spot
CTGCCTGACACGGATT-1,1,52,46,6995,4662,13128.0,5551,2.0612235813530138,1.3979567424506227,0.6689381499889854,1.1681208496180555,1.5300094787816207,2.265189242305467,1.5704170574309442,Visium,LAM4,LAM20,spot
CTTCTGTACGGACATC-1,1,52,48,6995,4771,7015.0,3718,2.46752294567211,1.4864202448706565,1.143673325653293,0.32842371643630097,2.050425179603921,2.328823717096589,1.8754688932823185,Visium,LAM4,LAM20,spot
GATCTATGAAGATGCG-1,1,52,50,6996,4879,12220.0,5229,2.7330184039087824,1.166112867024751,0.8008780434798707,1.195800834711433,2.0345665754510427,1.7766430621058624,1.6474933995749295,Visium,LAM4,LAM20,spot
CGGCGTAGCGCTAGGA-1,1,52,52,6996,4987,7730.0,3827,3.015775847900052,1.2774059970283562,1.0220134070413334,0.8801521744972542,2.224308827691897,1.8547740829346469,1.943504744990528,Visium,LAM4,LAM20,spot
CATTGCTATGTTAGCT-1,1,52,54,6997,5096,2739.0,1907,2.7135220855940956,2.0715149921941007,1.8681727152258614,0.691004091200248,1.9362669738623386,2.0403680733749243,2.3152464749292863,Visium,LAM4,LAM20,spot
GAACTTGGTGAGGATA-1,1,52,78,7004,6396,11801.0,5383,0.21681173383130597,1.4792251804547911,1.9662094536900445,0.37994929379736336,0.9512131446624948,2.0871056542384876,2.1424807878264405,Visium,LAM4,LAM20,spot
TACAAGCGCCTCTACA-1,1,52,80,7005,6504,8193.0,4156,2.326432316615811,1.7719336511344708,0.9265153476700141,0.6353463008827596,2.0229344761808488,2.255899998318468,1.9387706363412889,Visium,LAM4,LAM20,spot
GTCGTGTTCATGTCAG-1,1,52,82,7006,6612,7637.0,3909,0.914879309604066,1.3560187248241995,0.5979482948109961,0.8369941121819805,0.2831872404940155,3.4236131389373208,1.029778404897354,Visium,LAM4,LAM20,spot
GAGGTCACTGTAAGCT-1,1,52,84,7006,6721,8387.0,3991,0.6160815503302519,0.9361003728013267,0.7145569806764376,0.6244093868740734,0.638818276735612,3.3260151319270754,1.3036524954032032,Visium,LAM4,LAM20,spot
AGGATATCGCGAATAC-1,1,52,86,7007,6829,11938.0,5193,2.571562456146611,1.796078047189334,1.0224617750555807,0.725669702136281,2.1323000370381195,2.077002371185867,1.9997443095882763,Visium,LAM4,LAM20,spot
GTGCCGTCCTGTCAGC-1,1,52,98,7011,7479,9717.0,4646,2.925424041199423,2.129385129698734,1.2366829498419778,0.7526798945266641,2.521640852269866,1.9463706985872258,2.250267566487757,Visium,LAM4,LAM20,spot
TCAATTAATAGAACCT-1,1,52,100,7011,7587,5345.0,3224,2.458810707675147,1.2862724436754678,2.2427377648905695,0.4122735248311794,2.1381383724225227,2.275306507914067,2.16533169476061,Visium,LAM4,LAM20,spot
TGGCCACTCCGCGGAC-1,1,52,102,7012,7696,8596.0,4334,2.716426464804003,1.475600682977791,1.5018516653778733,0.7215277877772979,2.36061691672804,1.9746969712697384,2.039811251874145,Visium,LAM4,LAM20,spot
ACAACTAAGTGGCGCT-1,1,52,104,7012,7804,11779.0,5036,2.381745417170765,1.9618640944480892,1.5728482540779343,0.6948090054406185,2.238959644987819,2.0710618772416063,2.2613261379781497,Visium,LAM4,LAM20,spot
TAACGACCTTGCCTAT-1,1,52,106,7013,7912,14002.0,5491,3.2579591855721346,1.8494586648347568,1.4383711650812638,0.46016293580972845,2.6603763968591934,1.8494586648347568,2.381398649627413,Visium,LAM4,LAM20,spot
ATTGTTACGACTAGCG-1,1,52,108,7014,8021,12637.0,5435,2.7241785701329495,2.002796585742179,1.877828503342991,0.5419685486306196,2.387990765925662,2.0098910531044694,2.5315642389586377,Visium,LAM4,LAM20,spot
AGGACCAGTGCGCCAG-1,1,52,110,7014,8129,8939.0,4301,2.063308797817373,1.740205112314547,1.886079284653387,0.8424685724077532,1.74997291351027,2.2396666184573815,2.3252483571880562,Visium,LAM4,LAM20,spot
TACATTGAATGAACGT-1,1,52,112,7015,8237,18342.0,6189,2.812706697792568,1.7288503641250987,0.9946360182628659,0.36884961649108006,2.399529527125165,1.8783704502596166,1.9057674726348386,Visium,LAM4,LAM20,spot
CGTAACCGGTATGCTA-1,1,52,114,7016,8346,6330.0,2876,1.1807533782365882,1.566837085544405,0.9477036708262888,1.053270144230107,1.5585602629255542,2.0258313278959847,1.8138929075874912,Visium,LAM4,LAM20,spot
TGGCCGTCTATCAGGA-1,1,53,5,6888,2442,7205.0,3538,1.0240593697671718,3.0305459698210013,1.180308462328936,0.5636362825556382,1.5354260227832948,3.0504530669476706,2.5759915676572196,Visium,LAM4,LAM20,spot
ATTAGCCTCAGTAGAT-1,1,53,13,6890,2875,6994.0,3573,2.379946245924779,1.8390006223423474,1.3958284070129163,0.500719354896594,1.9567988114654655,2.0376276301827083,1.981740745690412,Visium,LAM4,LAM20,spot
ATTACCTTCGCAGAAG-1,1,53,17,6891,3092,23172.0,7071,3.2032439360403995,1.637623174474844,1.0225105364456757,0.41212284942156735,2.4106813762304005,1.6570135043304348,1.7201337298373833,Visium,LAM4,LAM20,spot
ATCTACCATATTCCAG-1,1,53,23,6893,3417,18694.0,6569,2.7854632369556582,2.132453829560258,0.8490081761435093,0.3962904180895555,2.278240659859202,1.9161996696381443,2.338076977437127,Visium,LAM4,LAM20,spot
CGCCGGTATCTAGCAC-1,1,53,25,6894,3525,25307.0,7241,3.2230273093217185,1.661573701627616,1.0567310671197465,0.47665808628955825,2.461158405487984,1.803533335742683,1.9283017944702163,Visium,LAM4,LAM20,spot
CCTTGTCTTACGGTTC-1,1,53,31,6896,3850,6291.0,3554,1.4830186728845451,2.5084574787315717,2.234868741377134,1.1975840344465487,1.7173987638858592,2.1613594083292833,3.2594711842665967,Visium,LAM4,LAM20,spot
CTCCTTATGGAACCTT-1,1,53,33,6896,3959,2284.0,1631,1.2532989412093223,2.8191037625398963,2.220211884304073,0.5855906911505395,1.9487831758269962,1.8095990050569273,3.3057762791854146,Visium,LAM4,LAM20,spot
ATTATCGAGTGCAGAT-1,1,53,43,6899,4500,6450.0,3644,2.5446405964790246,1.6459716557665562,1.765579963646284,0.3526499411527948,1.8297868648172944,1.8604077507736227,2.1005353247396354,Visium,LAM4,LAM20,spot
CTGGCCTTGCATTCGG-1,1,53,45,6900,4609,19226.0,6490,2.818546190201809,1.251796547819037,0.6472214214533634,0.4494267740145881,1.933905131167046,1.7964009457638255,1.5488210925221104,Visium,LAM4,LAM20,spot
TATTCTCCTATGATGG-1,1,53,47,6901,4717,4239.0,2547,1.800900990657613,1.4592347662113605,0.779106262318108,0.7286562380358226,1.018589239525885,1.6723975751859814,1.7939195941769572,Visium,LAM4,LAM20,spot
AGACCGCCGGCCAATG-1,1,53,49,6901,4825,12721.0,5228,2.747208859245505,1.2793035397793082,0.3996573261963345,0.7624030042297003,2.335532123803526,1.9863408129588833,1.3977643710953247,Visium,LAM4,LAM20,spot
TGGTATTGAGTTGTAA-1,1,53,51,6902,4934,6202.0,3297,1.9443162398209537,1.319366661174958,0.8799732494750044,1.1627457997711066,1.2865078764016957,2.1109067731042854,1.4409639230532216,Visium,LAM4,LAM20,spot
AATTGGCTTGAGTTGC-1,1,53,53,6902,5042,7213.0,3775,3.0256528935317815,1.5270564120239039,1.3727200446881136,0.48868756411023473,2.1745721053894456,1.546930077567716,1.8787843248766354,Visium,LAM4,LAM20,spot
CTCCATGGCGACCAGT-1,1,53,55,6903,5150,2595.0,1919,1.3224345709649277,2.0216879150337426,2.269082106489045,0.7183138998844654,1.2262658109938966,1.437772288429621,1.5797133931867215,Visium,LAM4,LAM20,spot
TCTACACTAATTACTC-1,1,53,73,6909,6125,11623.0,4008,0.31388113371396387,0.41621897342066144,0.5612246011381932,2.26214122824132,2.26214122824132,2.184551445191987,1.7271234355213232,Visium,LAM4,LAM20,spot
AGTTACCTCACCAGCA-1,1,53,77,6910,6342,4012.0,2525,0.5377494622870054,1.384048571030638,2.645163134881806,0.5186621450370041,1.0541000994853778,1.978419667401477,2.0610785555689155,Visium,LAM4,LAM20,spot
GTCACTTATGAATGCG-1,1,53,79,6910,6450,6271.0,3505,1.6293401440599797,1.505900712706123,1.7200120500004974,0.6258340023329433,1.2214088111206296,2.101189458628091,1.7550826923491671,Visium,LAM4,LAM20,spot
ATCCGATGACCTCGGA-1,1,53,81,6911,6559,8590.0,4233,0.6920656046818064,1.6907871898325415,0.8982002584945192,0.27573138259916,0.8982002584945192,2.6390296115084038,1.7328190124216476,Visium,LAM4,LAM20,spot
CCTATGTCTTACCGGC-1,1,53,83,6912,6667,11069.0,4936,0.49792446491666814,1.1531691409422846,0.3727435416561292,0.5534051543786752,0.7557838808307639,2.9791333804400417,1.2153541719326262,Visium,LAM4,LAM20,spot
GTTAGACAATGGATGA-1,1,53,85,6912,6775,10215.0,4819,1.774064262442858,1.774064262442858,0.9981165546021826,0.8479841629591801,1.5413885855996317,2.665770045669662,1.6873774272295088,Visium,LAM4,LAM20,spot
ACCGTACTATCGGAGG-1,1,53,87,6913,6884,7588.0,3938,3.0690349448313263,2.201549540243837,1.8360125765415118,0.3070575339722461,2.616263940296912,2.280932574364534,2.87006206127837,Visium,LAM4,LAM20,spot
AACTGCTACCTCGATA-1,1,53,97,6916,7425,14194.0,5612,3.026552363194448,1.3759906495315963,0.8419898101826425,0.5701716422418556,2.0740727805503254,1.3397508611079785,1.7347419500695653,Visium,LAM4,LAM20,spot
GCGAATGCAGTGTCAA-1,1,53,99,6917,7534,16288.0,6164,2.8206201420111694,1.4762993699423066,1.0711007508430475,0.6381716466783617,2.3887560301415824,1.9656412324055936,1.7235907037642664,Visium,LAM4,LAM20,spot
TGTCAAGCGGATCGGT-1,1,53,101,6917,7642,5373.0,3102,2.0343123118795385,1.5120895504887846,1.1294008668066378,0.7007069804158406,1.8845624055159615,2.302144521982076,1.811265240398728,Visium,LAM4,LAM20,spot
GCTTGACCTCCGCTTC-1,1,53,103,6918,7750,2952.0,1938,2.321871391377244,1.5531399604283977,0.6134996070960601,0.0,1.3772768606278183,2.360666497388705,1.655255538065809,Visium,LAM4,LAM20,spot
CAGACACTTACAAGAC-1,1,53,105,6919,7859,4922.0,2831,2.1788949073904758,1.6992288442530372,2.093212598419827,1.276979625307812,1.9229516794994053,2.41219904487381,2.124043461695449,Visium,LAM4,LAM20,spot
GTACATAAGCTACGCC-1,1,53,107,6919,7967,8019.0,4081,2.803293977962107,1.6563081711174439,1.3365357146548293,0.9057443204878786,2.306679455594865,2.1379733520877235,2.041587894663317,Visium,LAM4,LAM20,spot
GAGTTAGCAGTAGATG-1,1,53,109,6920,8075,7815.0,3899,2.0012032937074853,2.018351960538965,1.6091819615752676,0.5294266302702515,1.729620852678184,2.5098471739844186,2.3605642405306777,Visium,LAM4,LAM20,spot
CAAGTACTTATTAAGC-1,1,53,111,6920,8184,4923.0,2982,1.621872971130213,1.6990628390989204,1.9592275371581502,0.9790618619479442,1.621872971130213,2.0930344981441587,1.8849499467222548,Visium,LAM4,LAM20,spot
GGCCAATAACGCTACA-1,1,53,113,6921,8292,8034.0,3946,1.554797960592994,1.7237352241003778,1.1563283614610687,0.8577567332837898,1.5871347753584373,2.2518724946284543,1.6783079649941688,Visium,LAM4,LAM20,spot
ACCGGCCGACCTGCAC-1,1,53,115,6922,8400,5225.0,2915,0.7389057058126509,1.7552145986499816,1.069484015745086,1.6097858292854832,1.2215212745673165,2.471930747036376,1.2215212745673165,Visium,LAM4,LAM20,spot
GATAGAGTGATAAGCT-1,1,54,22,6799,3363,17681.0,6202,1.2307830101327895,1.3423148739065718,0.8812632396411874,1.7982042517400358,2.0881207524609544,2.278955345033162,1.7344879332160401,Visium,LAM4,LAM20,spot
GGATTCCGACGTGATG-1,1,54,24,6799,3472,23887.0,7483,2.495170722225036,1.6778126836133451,0.943863708453714,0.761618267929323,2.156418669229854,1.7603262749698239,1.778166433572909,Visium,LAM4,LAM20,spot
GCAATTCTGTGACAGA-1,1,54,26,6800,3580,21764.0,6809,3.345386674424991,1.580952968247085,0.8169363625584657,0.1896711343798843,2.4077048150980938,1.4206333388082628,1.8739064745392973,Visium,LAM4,LAM20,spot
TCCTAATTGCGGCCTG-1,1,54,30,6801,3797,4673.0,2814,1.8722230241273312,1.9136633192168084,1.967443022027,1.0802486193498182,2.1068549749047762,1.9030833371181364,2.64668613055613,Visium,LAM4,LAM20,spot
AGGTGATTGGCGGTAT-1,1,54,44,6805,4555,14812.0,5821,2.833812270090876,1.6842362060389182,1.3310205581102632,0.6201754220309035,1.9685861657304347,1.5262050163464618,1.9078507535187068,Visium,LAM4,LAM20,spot
CGTCCAATCTGCGTCC-1,1,54,46,6806,4663,5372.0,3155,1.2218212906654304,1.7960935729724643,1.3925110362095885,1.4387267546768372,1.50192400850006,1.9307621333488452,2.1057582456125803,Visium,LAM4,LAM20,spot
CCAGATGATATGTAGG-1,1,54,48,6807,4772,12188.0,5422,2.339582633244528,1.0882757110400325,0.7058654344973425,1.1276830776234579,1.9958851197278298,1.545892225043455,1.4780702422548886,Visium,LAM4,LAM20,spot
GTTGAATAAGTCAGCA-1,1,54,50,6807,4880,5554.0,3188,1.5262754712845237,1.7371819749506543,1.3085371803182735,0.5036371154013248,1.4761225569688092,2.272377058320644,1.9244878147336013,Visium,LAM4,LAM20,spot
GGCCTGCGTTATGCCG-1,1,54,52,6808,4988,7184.0,3782,2.6892728196177247,1.5302115010472184,1.4996131036475886,0.6343557630016977,2.1379349802112273,1.6878689056836866,1.7090917527877574,Visium,LAM4,LAM20,spot
CACTAGTCGACATCTA-1,1,54,54,6808,5097,5036.0,3164,1.4159478997629769,1.818535704849602,1.9748198757658706,0.30824683422833904,1.4414374634367517,1.8397886831399457,1.9034343993184357,Visium,LAM4,LAM20,spot
TGTTACCTATTGGACA-1,1,54,60,6810,5422,326.0,220,1.6830825244673235,1.4030247893791001,1.5757478890511167,2.237071938289875,1.5757478890511167,1.810331672809066,0.0,Visium,LAM4,LAM20,spot
ATCAGATACCAGCTGT-1,1,54,62,6811,5530,209.0,193,0.0,0.0,0.0,2.9122891993298046,0.0,0.0,0.0,Visium,LAM4,LAM20,spot
TGCCGAGTTAAGAACG-1,1,54,64,6812,5638,561.0,460,0.0,0.0,0.0,1.4447910281658545,0.0,1.378989073320264,0.0,Visium,LAM4,LAM20,spot
CCTATGCCAGCAATCC-1,1,54,66,6812,5747,705.0,537,0.0,0.8831225869053485,0.0,2.0078721291121413,1.0199476696071976,2.3472012988220485,1.843584537092641,Visium,LAM4,LAM20,spot
CGCTGTGACATAGGCA-1,1,54,76,6815,6288,5394.0,3125,1.7970862879852112,2.061719618073007,2.4951432864176915,1.1603301536576942,1.881255089531455,2.092686158590278,2.4951432864176915,Visium,LAM4,LAM20,spot
ATCAGTAAGCTCGCCG-1,1,54,78,6816,6397,2184.0,1594,1.594252552618515,1.5396598033724467,2.566427554330848,0.8103750615915116,1.3511130974417096,2.390654111541811,2.0628206604437955,Visium,LAM4,LAM20,spot
CGCTAGCCGCATGCAT-1,1,54,80,6817,6505,5619.0,3163,1.3341148504161526,1.727604493597719,1.4145010781435394,0.2803382770779016,1.4671581206068653,2.577267029379992,1.4671581206068653,Visium,LAM4,LAM20,spot
ACGTTCTGCCATAATC-1,1,54,82,6817,6613,10923.0,4971,0.579258052598478,1.3685371549420668,0.45246772514031897,0.8465699518431724,1.4891042495978462,3.100500743622125,1.1905071010160388,Visium,LAM4,LAM20,spot
TCTAGATAAGGTTAGC-1,1,54,84,6818,6722,10736.0,4943,0.5100162692884643,1.4045689813633722,1.091695726839353,0.4654546177687556,1.1300310455734088,2.685204697584203,1.7533059728660374,Visium,LAM4,LAM20,spot
CACGGTCTTGGTTAAT-1,1,54,86,6818,6830,4193.0,2649,2.5851546331589605,2.235081691233444,2.022679368120967,0.6244647660162324,2.4101777923175387,2.392169540716389,2.9225613221282085,Visium,LAM4,LAM20,spot
TGTTAAGGAAGTCTTA-1,1,54,96,6821,7372,9463.0,4301,2.4739637546268685,1.6334111626733394,0.9497723144353512,0.6230526953155853,1.7501321145041961,1.9934047791825242,1.6538354578025378,Visium,LAM4,LAM20,spot
AACCTAAGATACTGAG-1,1,54,98,6822,7480,15255.0,5861,2.9532080811673365,1.6222043204337486,0.6847541419056519,0.5394805765111685,2.312077751250405,1.8660456132478702,1.4909909396060441,Visium,LAM4,LAM20,spot
ACAGAATAAGAACCAT-1,1,54,100,6823,7588,6268.0,3521,2.142556718088186,1.9548047439087644,1.0966959674173453,0.8352245074123693,1.9716050852978724,2.7657182268880316,2.1492211701738904,Visium,LAM4,LAM20,spot
TCTTGTTATTCTTGAT-1,1,54,102,6823,7697,1654.0,1267,2.068084322504227,2.1815167391362724,1.1839428234964529,1.1626903872395906,2.0543407442214083,2.571993598287207,2.571993598287207,Visium,LAM4,LAM20,spot
CTGATTAGGTGCCGAA-1,1,54,110,6826,8130,3397.0,2266,1.7273863464696766,1.7924951420339854,2.1233908166062534,0.5893673217979287,1.4613428471577232,1.9985265650958493,2.3223184526226133,Visium,LAM4,LAM20,spot
TGATGGTTCCACTGAT-1,1,54,112,6826,8238,2792.0,1924,1.7236579610744933,1.6673283091846978,1.8519907331680459,0.5015091112833687,1.1751222039722873,2.2361472844741055,1.9834685348043175,Visium,LAM4,LAM20,spot
AGGATAGGCTCAGTTG-1,1,54,114,6827,8347,7523.0,3899,0.8455493091481975,2.194503286002198,0.9144546727641405,0.792275246987367,1.3414724528358393,2.218886531269154,1.6714892942866943,Visium,LAM4,LAM20,spot
GGCGACTTCTTGATGT-1,1,54,116,6828,8455,9992.0,4637,1.986605993889321,1.8252205716383727,1.0121102804360822,1.1580016486769213,1.9285755933162674,2.100763185071353,1.9465961769806868,Visium,LAM4,LAM20,spot
AGCGTTGGCTCACGAT-1,1,55,13,6702,2877,19437.0,6072,3.4022475996317567,1.3016374762694962,0.826893989606141,0.7957263268475626,2.521498895550357,2.039696433196631,1.8566210975990465,Visium,LAM4,LAM20,spot
TGGTATTAGCTAGACC-1,1,55,23,6705,3418,14225.0,5695,2.1670934574759895,1.3743605178329847,1.2156790618813689,1.7115370042264266,2.1260114841718933,2.1670934574759895,1.7172909255645898,Visium,LAM4,LAM20,spot
CTACAGGTCGCTAAGC-1,1,55,25,6705,3527,20818.0,6684,2.044455293685249,1.2792405006488126,0.7888590299178796,1.2242952085817103,1.5523891262163536,2.044455293685249,1.5395937667305393,Visium,LAM4,LAM20,spot
GTCAACAGACGCACGT-1,1,55,27,6706,3635,14098.0,5522,1.3447642732406875,1.5601212939224225,0.7666976741241445,1.0315971092092788,1.4540948636261442,2.301056521910102,1.7087252641680042,Visium,LAM4,LAM20,spot
ACTGACTGTCATCTAC-1,1,55,29,6706,3743,16763.0,5153,0.6163833230055228,0.5740919346867344,1.1030566522464265,2.3400865306418477,2.1865357740079507,2.4712606365930925,2.089893500027985,Visium,LAM4,LAM20,spot
ATGAAGCTGAATCCAG-1,1,55,33,6708,3960,10736.0,4931,2.956457056041199,1.6470236774984919,1.6243412077064203,0.5665016586590448,2.213770166728185,1.7329340227581367,1.9700210069116102,Visium,LAM4,LAM20,spot
AGAAGGCGTAGAATAG-1,1,55,39,6710,4285,2839.0,2024,0.920117747609217,1.7802457471373376,2.368982136097309,0.27779474195161974,1.015659397715751,2.1554525058328635,2.899856593976387,Visium,LAM4,LAM20,spot
TCTTGCCATCGTTGTA-1,1,55,41,6710,4393,2606.0,1870,2.160398879065886,1.8519475971371853,2.214219279319729,0.0,1.7572755371886029,1.0711209308034144,2.043201799280575,Visium,LAM4,LAM20,spot
GTCAACAGCGCACCGA-1,1,55,43,6711,4501,14613.0,5670,2.769918135904624,1.5893650782391018,1.1706374279390892,0.3171923126111331,2.1230353020630743,1.6952658526060354,1.741293022348657,Visium,LAM4,LAM20,spot
AAGTTACTATTACATC-1,1,55,45,6711,4610,5235.0,2987,1.0682285681151722,1.753633349402676,1.1470840322011941,1.6082563515939559,1.4119881729044583,1.9970647154870251,2.099651412295481,Visium,LAM4,LAM20,spot
GAACGCCAGTGCATAC-1,1,55,47,6712,4718,4731.0,2862,1.71007854710592,1.61264561366087,0.583691770730552,1.5775599032427887,1.6020549868417997,1.719139025758794,1.4280544063383127,Visium,LAM4,LAM20,spot
GTCTATCAATGGATTA-1,1,55,49,6713,4826,6192.0,3450,1.7253077947872735,1.5843188523387683,0.7935535843805128,1.0158841210395888,1.4421958843413532,2.3941689745801176,1.765579963646284,Visium,LAM4,LAM20,spot
CTTCGTATTAATACGG-1,1,55,51,6713,4935,7378.0,3750,2.6644592921456534,1.5675875588468318,1.3986198244456416,0.11619639271682994,2.0511583554209767,1.8238436621450484,1.622579696873627,Visium,LAM4,LAM20,spot
CCAAGCTGGCCATTGC-1,1,55,53,6714,5043,7116.0,3629,1.6124527161095115,2.047094285328068,1.9419675925545044,0.7653644459305547,1.8633783320381916,1.2743437776959474,1.7479526516836477,Visium,LAM4,LAM20,spot
GTCTGATAGATTATAA-1,1,55,59,6716,5368,1430.0,1000,1.608638392103683,0.5302168130806412,1.010964981609354,1.9956901747898,1.5033000939777121,1.7337780100741556,1.9627505668505607,Visium,LAM4,LAM20,spot
AATAGTGGAAGAGCAT-1,1,55,61,6716,5476,1320.0,945,0.7334495595839676,0.5639354490799391,0.666274162308849,2.2261858774754186,1.746561330851078,1.8001417479808595,1.3457090810048122,Visium,LAM4,LAM20,spot
GAATCATGAACCAGTG-1,1,55,63,6717,5585,684.0,544,0.0,0.0,0.0,2.3324896543997173,1.8690994725537062,2.5789460124041703,1.5379356293417232,Visium,LAM4,LAM20,spot
TAACTCCAACATGGAC-1,1,55,65,6718,5693,738.0,566,0.0,0.0,0.0,0.8028221008303901,0.9909405626160468,2.8218842002790048,0.0,Visium,LAM4,LAM20,spot
TGTCAGTGGCTTCCAT-1,1,55,67,6718,5801,371.0,310,1.5791017576895545,1.8548650234579704,0.0,2.1223979878299617,1.474596459128241,1.7033585787531806,0.0,Visium,LAM4,LAM20,spot
CTAAGCTTACAGTACG-1,1,55,79,6722,6451,7016.0,3794,1.110594297304307,1.813378884437495,1.7596551455916567,1.1640121056233579,1.3482360280133847,2.231553983469099,1.8191738520927954,Visium,LAM4,LAM20,spot
CACGAGGTATAGGTAT-1,1,55,81,6723,6560,6378.0,3563,0.5139922215172298,1.71323558943345,1.3201029643353308,0.9430844022601306,1.3711281936484794,2.2083582605147276,1.593252441822898,Visium,LAM4,LAM20,spot
CCGTCTTATGGACGAG-1,1,55,83,6723,6668,10005.0,4621,0.35652500766136924,1.4347036907811137,0.3183174263408411,0.24105496176993163,0.8106525387091993,2.8327428803467534,1.2524059403934642,Visium,LAM4,LAM20,spot
CTCGATGTTGAACGGC-1,1,55,85,6724,6776,9718.0,4434,2.9790606874483925,2.3383446965258385,1.3086498182875146,0.503698186497248,2.7513338678912787,2.0171825543850064,2.6745530782827185,Visium,LAM4,LAM20,spot
GACCACTTAGACAGGT-1,1,55,97,6728,7426,13801.0,5353,2.649435102173426,1.499178492256601,1.065412588685764,0.3330580415028959,1.9683666728541873,2.0177345512908476,1.803703887285159,Visium,LAM4,LAM20,spot
TGTTCATTGGTCCAAG-1,1,55,99,6728,7535,3106.0,2009,1.6369467687824097,1.4397344158908099,0.3382184803442187,0.256724264779758,1.1026821239954372,2.6303264738311265,1.6913709517753925,Visium,LAM4,LAM20,spot
GTAGTTGTTCATGTAG-1,1,55,113,6732,8293,5406.0,3231,0.949934335797626,1.9343216715065525,1.914067677856884,0.6976270914073263,1.5955048181301763,2.2966357498473835,1.3877731044577444,Visium,LAM4,LAM20,spot
TACGCTTCCGCAAGCT-1,1,55,115,6733,8401,9971.0,4359,2.631495742343174,2.2217924301196352,1.0579476826687064,0.899663626372391,2.4665106147646867,1.3013959752531343,1.912016996084947,Visium,LAM4,LAM20,spot
AGCGACAGCTACATCG-1,1,55,117,6734,8510,10585.0,4635,3.152892888818144,1.65847547609875,1.1396421028771944,1.274397209617721,2.5315501172432935,2.2515652365937067,1.765031642607192,Visium,LAM4,LAM20,spot
ATAACGAAGAGCACGC-1,1,56,14,6608,2931,4960.0,2906,2.405199907177258,2.1353110427912605,2.11727520461389,0.6504600557807598,1.510330208573461,2.2758877841702123,1.7558397533961365,Visium,LAM4,LAM20,spot
CTGATTAACAGCGGCC-1,1,56,18,6609,3148,7548.0,3827,2.9728709190635674,1.7293502228831148,0.9768467706474088,0.8436573557976638,2.3456049883247743,2.1409490098500727,2.1538428313992326,Visium,LAM4,LAM20,spot
TCTTAGGCGACAGTCA-1,1,56,24,6611,3473,16843.0,6290,2.3100978738452795,1.5685738619720149,1.0998780865863729,1.7108837845587128,2.076461090771073,2.3700008607796303,1.870554590225588,Visium,LAM4,LAM20,spot
AACTAGCATCACGTAC-1,1,56,26,6611,3581,14737.0,5945,1.8144500881502315,1.7609231328234092,1.052935275917374,1.8216034513411947,1.8203553009378133,2.162218253946759,1.8995632215413996,Visium,LAM4,LAM20,spot
GAGCCTCCAGTACCGA-1,1,56,28,6612,3690,9578.0,4517,0.714937684918821,1.7401620692292443,0.9423829319419879,1.5679030142890273,1.8066134505837115,2.1172688708198533,1.8278175764897762,Visium,LAM4,LAM20,spot
GAAGCGGCTGATCAGT-1,1,56,30,6613,3798,5111.0,2838,1.3337086052232197,1.5512730881125485,1.1635053742147972,1.8739466237244202,2.028596097234009,2.2490202926460605,1.9621016918952168,Visium,LAM4,LAM20,spot
TCATCGCTGTGCAACA-1,1,56,32,6613,3906,10598.0,4825,2.407820779466161,2.0411394477951994,1.6574819253159647,0.5721174881833506,2.1177845271382854,2.088996614318191,2.462418782414599,Visium,LAM4,LAM20,spot
GTGACCGTGGATTAGC-1,1,56,34,6614,4015,11011.0,4857,2.4317898656471306,1.7756617132155024,2.735496792386049,0.40237527027116515,1.9801398900563723,1.7653540969451043,2.2527867920906,Visium,LAM4,LAM20,spot
GAATGGCCAAGGAGGC-1,1,56,38,6615,4231,4936.0,2900,0.7690314328249543,1.6197572558619493,2.0907228861438756,1.6197572558619493,1.843413989559607,1.6844561747863749,2.3865969732865797,Visium,LAM4,LAM20,spot
GTCCATCTATACAAGG-1,1,56,42,6616,4448,10365.0,4707,3.043800228783257,1.5403416657467675,1.2955924566780432,0.7608996801273888,2.387757668347798,1.8415522011260805,1.9328698033440854,Visium,LAM4,LAM20,spot
AGCATGAGCGAATATT-1,1,56,44,6617,4556,6325.0,3525,1.2483165405382335,1.969348722027331,1.0219674030831447,1.1026763631119667,1.6766901394432678,2.1565916538981056,1.6766901394432678,Visium,LAM4,LAM20,spot
CAGGAGCGTATCGCAT-1,1,56,46,6618,4665,4946.0,2953,1.8243890230970354,1.8654678082685405,0.6985912911933223,2.0059448819339094,1.2605312269118023,2.129825439000667,1.8809979998889825,Visium,LAM4,LAM20,spot
TGATTCGTCTGGATCT-1,1,56,48,6618,4773,6414.0,3359,1.3009338506029597,1.73647021481081,1.205561812465115,1.0447051630986615,1.0814192873223574,2.0814274076440737,1.4154110713506494,Visium,LAM4,LAM20,spot
CTCACCTTAATAAGAT-1,1,56,50,6619,4881,7452.0,3907,2.181527204652152,1.5310845981875851,1.303956572307046,0.47621205333565075,1.6474088255476136,1.8512362210595148,1.6791962807980754,Visium,LAM4,LAM20,spot
AAGAATTCTGGCTGCA-1,1,56,52,6619,4990,7899.0,4131,1.888053453047712,1.7151553715961172,1.6921123464566963,0.20715947084933375,1.8023584581899412,2.126432593455505,1.7759153216540875,Visium,LAM4,LAM20,spot
ACGGCTATGGCATACC-1,1,56,54,6620,5098,4500.0,2716,2.5199979695992702,1.6094379124341003,1.466337068793427,0.3393540829961018,1.791759469228055,2.129113151477074,1.6945957207744073,Visium,LAM4,LAM20,spot
GATACTTCACTCAGCA-1,1,56,56,6621,5206,4153.0,2520,1.699609529727096,1.2260956511030854,1.03173269294251,1.7975254174556623,1.1336288778210926,2.6277162737446247,1.81103631263763,Visium,LAM4,LAM20,spot
TGCATTCGCTACAATG-1,1,56,58,6621,5315,4886.0,2868,2.418884334052117,1.3520469340053287,1.0263393814401078,1.5520645210510338,2.067810511481501,2.0123801701151547,1.6279314235178908,Visium,LAM4,LAM20,spot
ATGCTACTGAATAGTA-1,1,56,60,6622,5423,6720.0,3531,1.80862327528006,1.1731453405306764,0.8338145100499166,2.0495065864505437,1.6277221139289892,1.6982334112172315,1.4697652517874953,Visium,LAM4,LAM20,spot
GTATACGGTACACGCA-1,1,56,62,6622,5531,5844.0,2940,1.1631691434598537,0.8624364318846447,0.8256513517279379,2.273294626348305,1.9132620977408865,2.3151230918002574,1.4370870168618024,Visium,LAM4,LAM20,spot
CTTACGAACTCCGTCC-1,1,56,64,6623,5639,886.0,680,0.0,0.7554965125883218,0.0,1.4056522626847783,1.8936149781883371,2.1429390301602433,1.3406876120879996,Visium,LAM4,LAM20,spot
AGACATCTTAGCACCT-1,1,56,78,6627,6398,7677.0,4077,1.5119589857534455,1.805022692155174,1.485982311711538,0.8340355137079847,1.4094385502012452,1.8605805767761336,2.0590613736649086,Visium,LAM4,LAM20,spot
AATACGTAGACAGTTA-1,1,56,80,6628,6506,5599.0,3208,0.5684015420155699,1.8212367695451552,0.8499478810487556,0.5943391956158622,1.0246187992699753,1.8497295372090599,2.011479891420637,Visium,LAM4,LAM20,spot
GAGCCAGCTTACGGTA-1,1,56,82,6629,6614,6600.0,3536,0.6236903795819543,1.3938415667552735,1.2418814683078339,1.6083353764900004,1.5257268684731273,2.056452023455137,1.4397633173409132,Visium,LAM4,LAM20,spot
CGGCCTAACGATAATG-1,1,56,84,6629,6723,15218.0,5731,3.021680175122872,1.9708669471374858,1.032141439322282,0.430249314571368,2.4647280811552723,1.816031367492028,2.369539703418269,Visium,LAM4,LAM20,spot
CAGCTTGGTTCGGTCG-1,1,56,88,6631,6939,2338.0,1654,2.432506470075295,3.1459279349710303,1.66338806773757,0.32846362755106084,2.363078875475964,2.574032587666822,3.814973075325421,Visium,LAM4,LAM20,spot
TCACGCTATCCACTAC-1,1,56,90,6631,7048,4495.0,2660,1.95138874647682,2.4385190476541814,1.9227617114818494,0.5927629705212247,2.141047164850246,2.8077663411157188,3.1580648675611296,Visium,LAM4,LAM20,spot
CAGGACAGAAGGCTGG-1,1,56,96,6633,7373,9272.0,4425,2.198538476108691,1.6289190480059228,2.305836918279889,0.3989335090464177,1.8338231429338137,2.3013476293485007,2.080734924054576,Visium,LAM4,LAM20,spot
CAGTATCTTACACTAA-1,1,56,98,6634,7481,2171.0,1511,2.108790456766103,1.944197819869801,1.3555406951517004,1.3689448591276039,1.821632753519514,2.3235972377139182,1.6154996503194365,Visium,LAM4,LAM20,spot
TCGCAATGATAGTTCA-1,1,56,112,6638,8239,5452.0,3140,0.5800239033555468,1.2719673787072532,1.3814219083637298,0.5110123601481158,0.9574002859256157,2.5350080300847155,1.678254686245086,Visium,LAM4,LAM20,spot
GTCTATAGAATCGAGC-1,1,56,114,6639,8348,4714.0,2897,1.3938871369454504,1.9966062592847504,2.1922151150644864,1.0063662823465227,1.2951862017133433,2.286345901221928,2.3805826966051953,Visium,LAM4,LAM20,spot
GCACAGTCTTGATAGA-1,1,56,116,6639,8456,7313.0,3966,2.107522677166037,2.0233543759865,3.0280433820577013,0.6260354158210407,1.9434065782051315,1.901751659713207,2.23809944433627,Visium,LAM4,LAM20,spot
CAGGTACCACTCGCGG-1,1,56,118,6640,8564,11709.0,5022,2.8880842371814444,1.839767131562348,1.3285706113988471,1.733144924161298,2.2213937485504323,2.2849423997006415,1.9273899610419012,Visium,LAM4,LAM20,spot
TAGGTCCGTAGCCTAT-1,1,56,120,6640,8673,2703.0,1806,2.8854946255250886,1.6232525196697534,0.6548731150138559,0.9864260127049405,2.41357898990119,2.2651307311197617,2.1281348070511776,Visium,LAM4,LAM20,spot
AGCAGGTATGCCATTG-1,1,57,17,6514,3094,3921.0,2505,2.276664543498924,1.9982212515291704,2.228798808053285,1.3303115629011615,1.9078124251812376,2.76488142139229,1.7547398513964978,Visium,LAM4,LAM20,spot
GGTGCAGTTCCATATG-1,1,57,25,6517,3528,13202.0,5540,2.3431662291986894,2.0563198994380576,1.8103950248496865,1.5802490407957508,2.1813952609427356,1.840903052733203,2.1920266920360425,Visium,LAM4,LAM20,spot
TGATGGATGATCACGG-1,1,57,27,6517,3636,21251.0,7129,2.2830258800761785,2.4294339322015013,1.5734686015417099,0.7678027233656795,1.962536755372619,1.9514563832620782,2.8050971145322685,Visium,LAM4,LAM20,spot
TCGTCACGATGTTCGA-1,1,57,29,6518,3744,5677.0,3026,0.9202237007560364,1.4694487115443575,1.1637341344423724,1.072141522899254,1.2302409268680543,2.545004987623508,1.2925990472300437,Visium,LAM4,LAM20,spot
AAGCATCAAGCGTGAT-1,1,57,31,6519,3853,6805.0,3728,1.4722139453716527,1.9904577444936997,1.7536941011422904,0.9567027833183773,1.7213748456159255,2.1508846703241575,2.1219667139184386,Visium,LAM4,LAM20,spot
CGCTTAGAATTCTTAC-1,1,57,33,6519,3961,5538.0,3092,2.6681872070604675,2.0149752461751733,1.5763206012990336,0.599262492024533,2.3054340463986818,1.9906063810670025,2.2110921038125118,Visium,LAM4,LAM20,spot
CACGGCTGCGCTTGGC-1,1,57,37,6520,4178,3767.0,2419,1.06338777690243,2.694903367883213,2.5607749258946977,0.6756555136802744,0.6908881934854277,1.295995495370902,3.5121197838459475,Visium,LAM4,LAM20,spot
ACATCGGCTTACAAGG-1,1,57,39,6521,4286,4791.0,2999,0.7851393739590787,1.7579730693729791,1.9460294131957094,0.564744829300785,1.2834469770216672,1.7088068134759211,2.5448066116408903,Visium,LAM4,LAM20,spot
ACGACAAGCACTTCAC-1,1,57,41,6522,4394,3583.0,2419,2.678008659392466,1.5907320878395852,1.6460467459686967,0.2261178363474611,1.9359729754857085,2.1869174571510617,1.4206539900186586,Visium,LAM4,LAM20,spot
TCTACTTCACCGTGGA-1,1,57,43,6522,4503,10036.0,4544,2.0939895908325274,1.9847738417703105,1.1761685401007476,1.2104988022750978,1.7018088880613942,1.572687375588088,1.9428307670598943,Visium,LAM4,LAM20,spot
GTCACTAAGAGGAATA-1,1,57,45,6523,4611,5255.0,3021,1.0657273138397185,1.874652535125948,0.538599974299005,1.2795248628460565,1.2174871620661367,2.0766227931632533,1.9034273588420896,Visium,LAM4,LAM20,spot
CTACCAGGAGACATCT-1,1,57,47,6524,4719,4726.0,2920,1.391976151771572,0.721723533216878,0.9504856528418176,0.852931832487054,1.2933406916022658,2.3193571798979438,1.3633934138036428,Visium,LAM4,LAM20,spot
CTGGTGATCCTGAAGG-1,1,57,49,6524,4828,5323.0,2998,1.057317913405419,1.89249725565048,1.2762366682036692,1.114953148926556,0.8792033792863585,2.2790079266950616,1.9608803290032455,Visium,LAM4,LAM20,spot
GGTATGCAACAGTGGC-1,1,57,51,6525,4936,10288.0,4574,2.81486710960407,1.41352519036667,0.7952559141228857,0.3659069045791111,2.054642002688748,2.054642002688748,1.6815777192938297,Visium,LAM4,LAM20,spot
CTGTTCGTATGCACCA-1,1,57,53,6525,5044,6118.0,3371,2.136777985718262,1.525174694929004,1.4513894860695038,0.637400275993772,1.4981392019465918,2.0554695612753795,1.874338751376498,Visium,LAM4,LAM20,spot
GCTGAGGACAAGAAGT-1,1,57,55,6526,5153,7146.0,3715,1.385964451841949,1.5037352665457313,1.2875357570227253,1.3006144037448624,1.3796955305759213,2.2151818116240674,1.1311041336746985,Visium,LAM4,LAM20,spot
ATGTAGCCGACCAAGG-1,1,57,57,6527,5261,9100.0,4249,1.3819679040271184,1.0536609008058433,0.9739374269738049,1.807453191836632,1.8495790401168812,2.1624384612508036,1.3570239788197775,Visium,LAM4,LAM20,spot
TGCGGACTTCTGTCGC-1,1,57,59,6527,5369,11041.0,4829,2.2953351510020408,1.6244679492494565,0.5183688796587164,1.1179060684911968,2.023721912854008,1.8379013459538165,1.4279166874040676,Visium,LAM4,LAM20,spot
TGAGACTATTGAATCT-1,1,57,61,6528,5478,6724.0,3596,1.6977472767350843,1.551390276674704,1.2286799261768433,1.5074547143916637,1.6272439367936806,2.0719527336206136,1.5900361565926175,Visium,LAM4,LAM20,spot
CGGATGTTGAACCACG-1,1,57,63,6529,5586,2215.0,1516,0.4977119588224776,1.1809097887287352,1.3406876120879996,1.1158377247490916,1.7074123012126048,2.677179779093507,1.4784186793323044,Visium,LAM4,LAM20,spot
ACAGGACTGAGCCGAT-1,1,57,65,6529,5694,443.0,393,0.0,1.7074123012126048,1.8936149781883371,1.6300731139408222,0.0,2.775640869327777,1.3406876120879996,Visium,LAM4,LAM20,spot
ACGATGTCGCACAATC-1,1,57,75,6532,6236,8739.0,4257,2.843956046768255,1.7389935669841254,1.1459901580057785,1.0182901141876741,2.1327360649078027,1.7523078359741366,1.9263654454357504,Visium,LAM4,LAM20,spot
TCCGCCTTGTTCTGAT-1,1,57,77,6533,6344,3571.0,2382,1.4351759606531562,1.8438202278373081,1.9879779168636458,0.7022575620531961,1.4231994253624665,1.7346998858938696,1.5790739695758318,Visium,LAM4,LAM20,spot
TGCAGTCGAGCACCAA-1,1,57,79,6533,6453,5806.0,3206,0.6852175909450543,1.790897920109544,0.9191114141474752,1.5263367427246175,1.2763495410462653,2.1357679347183334,1.853538416348092,Visium,LAM4,LAM20,spot
TATGGCAGTTCGTCTA-1,1,57,81,6534,6561,4378.0,2648,0.2823982820121308,1.5378638884514224,0.7617745215667234,1.0539106858647136,1.2724721780921529,2.1966152856189693,1.4875464028621412,Visium,LAM4,LAM20,spot
CAACGGCACTCAGTCC-1,1,57,83,6535,6669,6111.0,3391,2.314222008823056,1.6897751275460784,0.8007878634371581,0.9113305921387974,1.7047629684313101,2.0907570317237063,2.0991487081387517,Visium,LAM4,LAM20,spot
GTCACTACTTAATGGA-1,1,57,85,6535,6778,6197.0,3565,2.0393045278951005,2.5478731153351117,2.008849556934415,0.7763794392237632,2.2483233142226733,1.7177728608167884,2.9836129793222463,Visium,LAM4,LAM20,spot
CGTCCATGTAGCGTCT-1,1,57,89,6537,6994,2800.0,1876,1.9632516240918005,3.061386243775428,1.9174476843915518,0.2811673914305872,2.150515579370612,2.2335922215070942,3.5909318708452354,Visium,LAM4,LAM20,spot
AGGACTGAAGTGCCTT-1,1,57,95,6538,7319,2290.0,1607,0.4847877523850125,2.1310350093514896,2.9451282382402533,0.784334687086891,1.4528096389762708,2.1136038550844503,2.885995383296366,Visium,LAM4,LAM20,spot
CGCACTTAAGGCATGC-1,1,57,97,6539,7428,3060.0,1991,1.5549452453472703,1.5249189704182293,2.2595138387585116,0.9104507772513925,2.2595138387585116,2.853008432745304,1.5425436776040702,Visium,LAM4,LAM20,spot
GAATTCACAACTGCAG-1,1,57,113,6544,8294,11233.0,5169,1.3344426738181248,1.6793645002210171,1.695830385220583,0.4488518934172615,1.517527981014971,2.5076704929263633,1.993736336841739,Visium,LAM4,LAM20,spot
GTGCACCGAATGTTAA-1,1,57,115,6545,8402,15299.0,5818,3.207519719883449,1.9844328067299286,1.7472626442693278,0.26013713333027544,2.6728563171962674,1.7183752643142471,2.553124297305757,Visium,LAM4,LAM20,spot
TACCACAGGCCATTGC-1,1,57,117,6545,8511,6336.0,3468,2.020036526670304,2.1489393361767575,1.7115545359948683,0.7644636436512185,1.8447794916592704,2.185086107900572,2.0921446059360895,Visium,LAM4,LAM20,spot
AGTACCGAACCGCAAT-1,1,57,119,6546,8619,6193.0,3484,2.906935975645788,1.8450785374661456,2.0621156606351194,1.3701309356927078,2.493308202633978,2.175264143447334,2.1598630172445934,Visium,LAM4,LAM20,spot
TCTGGTAATCGTCCAA-1,1,57,121,6546,8727,4280.0,2557,0.9816633509831806,2.109363221544885,1.964756797153081,1.5284176668031282,0.9002753165521786,2.21676247389256,1.5679342214371368,Visium,LAM4,LAM20,spot
GGACAGGTCGCATAAT-1,1,57,123,6547,8836,2469.0,1735,1.359184245026321,2.1150983361383537,2.362671128419884,1.1660255536963666,1.2616913420826357,3.118002474159516,2.090367860698212,Visium,LAM4,LAM20,spot
AACATAGTCTATCTAC-1,1,58,26,6423,3582,28019.0,7476,2.8720018417697335,1.579911730382165,1.086186645783774,0.5001146560157628,2.281226525131467,1.9967022123051945,1.8348644476759814,Visium,LAM4,LAM20,spot
GCTGCGTTATGTGGAC-1,1,58,28,6423,3691,19155.0,6698,1.5537090876434323,1.9084494553127045,1.1890618736504819,0.9424147926662754,1.7739829790019928,1.7553585245767371,1.7286874322408146,Visium,LAM4,LAM20,spot
CAAGTGAATTGGATGC-1,1,58,30,6424,3799,5658.0,3219,0.8164416600899026,1.8124581063386782,1.2326148793223188,0.6750042183500731,1.3537813940420995,2.088108365248045,2.1414167990196664,Visium,LAM4,LAM20,spot
AGACCTTCGCGTGAAC-1,1,58,32,6425,3907,9916.0,4635,2.352178966889248,2.123678432964321,1.0169771703993638,0.24297565932910273,1.6161919784726637,1.8262308314888784,1.9882776552781827,Visium,LAM4,LAM20,spot
GTACGAAGATTATCCG-1,1,58,34,6425,4016,7567.0,3812,3.0890246601936466,1.6286003008241368,1.2464184304853994,0.21533535541299587,2.3110990304789594,1.5094128776049578,2.0071997556732084,Visium,LAM4,LAM20,spot
CATACCTCGATTGTTC-1,1,58,38,6427,4232,13016.0,5715,1.4569044450085635,2.1788918792035545,1.8677990922641556,1.3147769333235964,2.0061163229972725,1.5772092924842864,2.906158528385868,Visium,LAM4,LAM20,spot
GCTCGCATCGTCATTA-1,1,58,40,6427,4341,7384.0,3937,2.5495684994911625,1.9400113427549404,1.858969121774113,1.374927929083047,2.499204452909135,1.1090309207225744,2.3331794484422814,Visium,LAM4,LAM20,spot
AATCGAACGGACGGAG-1,1,58,42,6428,4449,16404.0,5995,3.0745233642583636,1.525335116474853,0.9555958486455882,0.6348301677121984,2.2141362265713274,1.5812126918443012,2.0118421757696727,Visium,LAM4,LAM20,spot
GTGCACTTGTAAGCAC-1,1,58,44,6428,4557,5025.0,2920,0.6167403568191127,1.7876049140209078,1.0952900264761318,1.2095204810939126,1.3181007437050591,1.7876049140209078,1.7450815006628069,Visium,LAM4,LAM20,spot
TGTCGATTCACGTAGT-1,1,58,46,6429,4666,5024.0,2998,1.4177551142060623,1.852259192524375,0.9134203742982616,1.0330051919172623,1.008556327956609,2.0752528450200063,1.828560652255421,Visium,LAM4,LAM20,spot
CTTAGTGCGACCTATT-1,1,58,48,6430,4774,4245.0,2531,0.9868058050407047,1.2785097606769076,1.118822848330143,1.3858391766954037,1.0176857983475653,2.690677285545804,1.210664148186561,Visium,LAM4,LAM20,spot
ATTAAGAATAACGCTT-1,1,58,50,6430,4882,5121.0,2866,0.6080739875292019,1.6669586030683257,0.6812627407263508,1.082734773650119,1.1621617443917913,1.8768315922903354,1.4855289458952852,Visium,LAM4,LAM20,spot
GACGGTGGTTGATGTC-1,1,58,52,6431,4991,6916.0,3575,1.120244473121417,1.3210229707666667,0.734501133044938,1.324524669165076,0.9657141472589778,1.9145212008382146,1.708107499103678,Visium,LAM4,LAM20,spot
TGACCTCCTTCAGATT-1,1,58,54,6431,5099,5026.0,2934,0.8842555557327781,1.1595879642344784,1.2490610535122586,1.8318533472001293,1.0083035085639744,2.1926156615773817,1.8674153303848557,Visium,LAM4,LAM20,spot
GTCAGTAATCCAATTA-1,1,58,56,6432,5207,7650.0,3683,0.31734965015368877,1.3879270145437759,1.0854542040905986,1.8099141310383846,2.1226137135450447,2.1546965370455853,1.8291769822617667,Visium,LAM4,LAM20,spot
CGGATTGCGTCTACCT-1,1,58,58,6433,5316,4598.0,2752,1.733496567838457,1.342163832882379,0.85835930485705,1.4727346746923669,1.9813763742073771,2.0652224708332643,1.9034504920871451,Visium,LAM4,LAM20,spot
TAAGCCTGGCTTCAGT-1,1,58,60,6433,5424,3810.0,2386,1.3862006184434685,1.9511457631092584,0.9709379755329836,1.351516163361681,1.2877637782825913,1.9001338114480733,1.2877637782825913,Visium,LAM4,LAM20,spot
TATTCTAAGGCTCATC-1,1,58,62,6434,5532,2823.0,1841,0.9235212463653497,1.8972793770706886,0.8451702000100868,0.49716888673007176,1.2965742662121007,2.5951172339225135,1.4108746495945885,Visium,LAM4,LAM20,spot
GAGTTAATTCCACTGG-1,1,58,64,6435,5641,4151.0,2266,0.0,1.9491399484545098,0.6436400646696946,0.9294189568548948,0.7905138938623394,2.4715479231952586,1.7609765180378927,Visium,LAM4,LAM20,spot
GGTACGGTATGCTCCA-1,1,58,66,6435,5749,3330.0,2135,1.4888517238136882,1.3870448301982647,1.4766784225881597,1.0684973212393651,1.2885788885143163,2.398804859908563,1.3870448301982647,Visium,LAM4,LAM20,spot
ACCAATGAGCCTCATC-1,1,58,70,6436,5966,3949.0,2480,1.0327488660708355,1.920483808610667,0.9488272939638687,1.194552202613642,1.2619454388055857,2.2887907157417136,1.9920732788035573,Visium,LAM4,LAM20,spot
CTCGATGCGGTGTTAA-1,1,58,74,6438,6182,12980.0,5332,3.0194741651093544,1.4792906177938183,0.7680802579613912,0.4887888174395158,2.1964538643886278,1.5525876175304978,1.9689747049864947,Visium,LAM4,LAM20,spot
CCGTATAATCTGGCCG-1,1,58,76,6438,6291,4882.0,2898,2.564751256528464,1.628589678521531,1.5227020924250672,0.6580711566834483,1.8920477408937924,1.9664159648757085,1.9664159648757085,Visium,LAM4,LAM20,spot
CTTGATGCAATCACAA-1,1,58,78,6439,6399,6541.0,3608,1.55029160201123,1.3222551292696902,1.9622435855572253,1.2127498945386885,1.6120640285152292,2.1269556635193796,1.7539809200591998,Visium,LAM4,LAM20,spot
ACAGAATAAGATAGTG-1,1,58,80,6440,6507,6754.0,3546,1.3216740508881444,1.2576160153886726,1.3765490729100185,1.97291605449266,1.727556495381127,2.4085169585777897,1.6236684242468011,Visium,LAM4,LAM20,spot
TCGGAGCGTTACCTCG-1,1,58,82,6440,6616,5890.0,3265,2.6286257839357896,1.689036483358471,1.1385510409527344,0.655481054057897,2.2275102175990393,2.3080596107162097,2.3358129599569875,Visium,LAM4,LAM20,spot
TATGTCATAAGCGTCG-1,1,58,84,6441,6724,3570.0,2357,1.5263694232137124,2.1796417067783525,1.7752846320245501,1.1109289620006595,1.9882196321538628,1.9557323676555578,2.9733549058853423,Visium,LAM4,LAM20,spot
TACGACTCTGAACACT-1,1,58,88,6442,6941,5870.0,3346,1.4264249509412388,2.6712660401415804,1.9706680534257697,0.5734360832671589,2.109025152994887,1.940541663736181,3.2950794336636293,Visium,LAM4,LAM20,spot
AAGTGAGCCTGTTACA-1,1,58,94,6444,7266,7229.0,3911,1.6766419390762608,2.6491146808384967,2.352356272296456,0.6961670505709293,1.9284875499199403,2.097666802908565,3.4256076677225873,Visium,LAM4,LAM20,spot
CTCCTACTTGAGTAAG-1,1,58,96,6444,7374,3790.0,2438,0.9193768056041479,2.1577575717622217,1.378347299427359,0.8916676779103405,2.0276620855297494,2.3678654233558256,2.9517721147604212,Visium,LAM4,LAM20,spot
GTTCCGGCTGCAGTCA-1,1,58,114,6450,8349,3188.0,2131,2.464245973885463,1.8940412227543115,2.264477937773059,0.2508834265755803,2.3797668449360256,1.9842411425495177,2.3427946038740703,Visium,LAM4,LAM20,spot
GTTGAATTATTCGGTG-1,1,58,116,6451,8457,15025.0,5818,2.4135467221819975,2.0611809860110792,2.240992865094636,0.3531442895252097,2.2498019424963744,1.8957046743220276,2.4693959636468863,Visium,LAM4,LAM20,spot
CACTCGTAGGCCACGG-1,1,58,118,6451,8566,5331.0,2858,1.6133533819163965,2.1181453687489826,1.4545804237566926,0.5200528860408079,1.1347186236786115,2.9514110993649982,2.5796738310615686,Visium,LAM4,LAM20,spot
CGGTCCATACTTGAGC-1,1,58,120,6452,8674,4085.0,2423,1.8318887951625207,2.2584170333603275,2.08417329133097,0.9391497500660436,1.6050218110472216,1.702557348180469,2.0453605960386976,Visium,LAM4,LAM20,spot
GGTTACCAAGGAATCT-1,1,58,122,6453,8782,4501.0,2827,1.3497621309236436,2.989950204091952,2.2627207601870807,1.035948584090111,1.96146755800066,2.524041670809322,3.650441815748331,Visium,LAM4,LAM20,spot
TAACGAGCTATCCGTC-1,1,58,126,6454,8999,438.0,384,2.0179858913541247,1.7167143996647707,1.9032654463573764,1.1234837538017854,1.3490807647794563,1.5696934700733811,2.2577596616139815,Visium,LAM4,LAM20,spot
GTCTATCCAGGACGTC-1,1,59,25,6328,3529,38041.0,8360,3.1897826688147783,1.6942523158359817,0.8391380896177413,0.27053814292814277,2.4028774521831147,1.9586741309391127,1.9524754284350265,Visium,LAM4,LAM20,spot
CGCCTCGTACGAAGGC-1,1,59,27,6329,3637,21022.0,7054,2.5979340584821404,1.8449450196751156,1.0656649464892058,0.5997427091887823,2.0814967966667624,1.879425589419494,1.820209556111776,Visium,LAM4,LAM20,spot
ATCACGTTCAATGATA-1,1,59,29,6330,3745,4032.0,2508,1.2470779048607596,1.9027588186429214,1.1537754004590226,0.8556119960394707,1.7317082197086526,2.226480827577899,1.8358301493042983,Visium,LAM4,LAM20,spot
CGCAGACACTGGCGTA-1,1,59,31,6330,3854,18545.0,6325,1.0995619076086554,1.8550924243834943,1.6047897579190091,0.7777178173676303,1.39455082688487,2.1245895658036105,2.0109949716613897,Visium,LAM4,LAM20,spot
CAACTTGGACATAGAT-1,1,59,33,6331,3962,12288.0,5299,2.237570267965593,1.6231456144627836,1.0040559479196014,0.846587380783605,1.5394680012993223,1.6231456144627836,1.9888281596839827,Visium,LAM4,LAM20,spot
TATTCCGGTTGTTAAT-1,1,59,35,6331,4070,6311.0,3373,1.929405477156805,1.6635935301675744,1.749826583067324,0.13457340151019231,1.1564834891378486,1.702840029496119,1.9375907848020488,Visium,LAM4,LAM20,spot
TAGACCATTGCTTAGA-1,1,59,39,6333,4287,16792.0,5943,3.2185164054899937,1.7094578466612431,1.520197885542904,1.0996512048257951,2.656781980997223,1.8807165285968437,2.2807427499212873,Visium,LAM4,LAM20,spot
GCTTGGTGTTCGAACA-1,1,59,41,6333,4395,12533.0,5193,3.1885361180120113,1.6541886669326453,1.3590167258823098,0.25475315260040915,2.431208386216423,1.607329251770017,2.101819532353417,Visium,LAM4,LAM20,spot
TGTCGTTCATACGATA-1,1,59,43,6334,4504,6622.0,3513,2.4484868026519853,1.5313212657578488,0.842150233577543,0.7411119961493499,1.8382314345061648,1.9867994494176546,1.639544898427663,Visium,LAM4,LAM20,spot
GCCTGTGAAGTCGGCG-1,1,59,45,6334,4612,4111.0,2522,0.8712929297511828,1.6824089143342775,1.5999549984739896,1.1666951393181222,1.1405331683682085,1.9574498017079591,1.7690018599829498,Visium,LAM4,LAM20,spot
ACTGAGCGCAACTCAT-1,1,59,47,6335,4720,4544.0,2746,0.48782674702106116,1.2922158169071682,0.9747589292006371,1.1633708560162728,1.0735051242005398,2.454167084209544,1.458860652536589,Visium,LAM4,LAM20,spot
CAATAACTCAAGGCAA-1,1,59,49,6336,4829,10979.0,4848,2.6116492935593327,1.5354294259674828,0.8613041621020188,0.8436526371458886,1.9010152938563787,2.0385437999405074,1.6289922631524707,Visium,LAM4,LAM20,spot
AAGGCGACGGTGTCGG-1,1,59,51,6336,4937,6220.0,3354,0.5241494200667246,1.6448174709977403,0.9584751419361789,1.4034655854109626,1.2844111794461497,2.3135642578025095,1.6525466793636665,Visium,LAM4,LAM20,spot
AATTCTTGGATACGGA-1,1,59,53,6337,5045,6215.0,3385,0.652030636285593,1.3178328965092108,1.102359616393718,1.4734565714640888,1.573064308947474,2.4387377454238752,1.613933023551033,Visium,LAM4,LAM20,spot
TATGTTGCAGTCTAGG-1,1,59,55,6338,5154,6386.0,3391,1.3041195370527936,1.793584715491096,0.7767730440384915,1.2296600312972183,1.5516123760971496,2.481691339014973,2.009480683613159,Visium,LAM4,LAM20,spot
TGCGTGTCAGCCAGTG-1,1,59,57,6338,5262,10069.0,4665,2.324550274446541,1.5631760817603748,0.7501372969489271,0.776439763425223,1.8268085508490313,1.8659868483901643,1.6761651677393001,Visium,LAM4,LAM20,spot
GCACGCTTCGTTGTTC-1,1,59,59,6339,5370,2503.0,1679,1.8142860158218768,1.334117525779541,1.790760168655239,1.0353183669330657,1.3853950355534064,1.6084786030632254,1.3853950355534064,Visium,LAM4,LAM20,spot
AGCCGTAGTGGAGTGC-1,1,59,61,6339,5479,4128.0,2438,1.1237639698973036,1.6328061468155695,0.6462810363694524,1.406870501169253,0.9218951527662862,2.442122316267135,1.9959256340365654,Visium,LAM4,LAM20,spot
CACGTACGTAGCTCAT-1,1,59,63,6340,5587,2668.0,1654,0.0,1.7702912877502075,1.2067425781519077,1.9647735381882627,1.0557266971300208,1.791342924047708,1.8904259656809026,Visium,LAM4,LAM20,spot
CGGCAATCAACGTGGA-1,1,59,65,6341,5695,8628.0,4035,0.6031510237203231,1.573760289248703,1.3603463247461405,0.7196196510364529,0.7001923098901044,2.5481428435867737,1.3603463247461405,Visium,LAM4,LAM20,spot
GAGTAACGTGGCTTGA-1,1,59,67,6341,5804,6197.0,3317,2.324449481726293,2.0918899599757808,1.7649109384894273,0.550138301396224,1.6933435086442483,2.3430700935105087,1.7649109384894273,Visium,LAM4,LAM20,spot
TCATCGGCCTGTGCGG-1,1,59,69,6342,5912,4714.0,2791,1.9107158492407823,1.527420409295721,2.4515828136656443,0.45650509519467414,1.4922698764259805,1.841081510701222,2.1621568276992518,Visium,LAM4,LAM20,spot
TACTAGGATCAATGGC-1,1,59,71,6342,6020,3172.0,2126,1.4237310607415163,1.6289190480059228,2.0411220616382284,1.4237310607415163,1.0886850765052478,2.720415635625632,1.8120441403995609,Visium,LAM4,LAM20,spot
GATAGATGTTGAAGAT-1,1,59,73,6343,6129,15447.0,5817,3.2462079997338282,1.2598129417102593,1.1835084704827514,0.534284592588473,2.464925654801732,1.5860156132598258,1.8596929621659326,Visium,LAM4,LAM20,spot
CACGGCTTACTCCGTT-1,1,59,75,6344,6237,11305.0,4975,2.767025001469291,1.6231427742187294,1.0576858609588922,0.5444931405790604,2.167903105030833,1.4453654531176658,1.9094933612129048,Visium,LAM4,LAM20,spot
AACCAGAATCAGACGT-1,1,59,77,6344,6345,5978.0,3187,1.3526490529082102,1.8749113205380863,1.1284947713868072,1.0384634146509706,1.1284947713868072,2.322427079521938,2.118482090883436,Visium,LAM4,LAM20,spot
ACATCGTCGGTCTACC-1,1,59,79,6345,6454,4019.0,2451,1.021469238291666,1.008587940038576,1.4134781181059397,1.1104698981069092,1.3347915137343105,2.2730155915163643,1.55440536403246,Visium,LAM4,LAM20,spot
GTTGACGTCAGATTAG-1,1,59,81,6346,6562,7824.0,3908,3.1395379033446136,1.871172751231716,0.4941224825747356,0.5289536762918382,2.4599514558618183,1.7748599177234718,2.0831412333400574,Visium,LAM4,LAM20,spot
ATCTTAGACGCCTACT-1,1,59,83,6346,6670,4771.0,2863,2.651468284334906,1.986227779497881,1.743267939984887,0.17441131119264836,2.120582076950852,2.120582076950852,2.700419681422535,Visium,LAM4,LAM20,spot
CTTGCCGGAAGACGCA-1,1,59,93,6349,7212,1315.0,1023,2.2711902771416255,2.687045330488517,1.5690910901727264,0.5255115863129884,1.5690910901727264,2.410489897718771,3.561629217076263,Visium,LAM4,LAM20,spot
TGCCGGCATTATAGAT-1,1,59,95,6350,7320,1159.0,952,0.0,2.067179438063236,2.1458858707191477,1.9844440826022776,0.7316541592751197,2.403890807154579,2.904507782536537,Visium,LAM4,LAM20,spot
GCGAGTTGAACGTCGA-1,1,59,117,6357,8512,3434.0,2281,1.4651203054894575,2.4409026258687923,2.696804914508602,0.5845576052991616,1.8076488689574084,2.2758475838051555,2.31255272303963,Visium,LAM4,LAM20,spot
GTGACATGCAATTAAT-1,1,59,119,6357,8620,5114.0,3021,2.041776687776983,2.5593986478647,2.524773945474503,0.9554676864979348,2.2823185333031915,2.17721074275495,2.6358116636434623,Visium,LAM4,LAM20,spot
ATGCTGCGGAACTACC-1,1,59,121,6358,8729,5186.0,3031,1.7848027431614928,1.9965062691748001,2.3871445656344386,0.16152099106088777,2.0475559891458888,2.005197592637031,2.8419543228148414,Visium,LAM4,LAM20,spot
CTGCACTACACTCATT-1,1,59,123,6359,8837,4699.0,2937,2.0397066051923827,2.2747266957019954,1.9626721706404653,0.7704732302405738,1.843763655087457,2.0462753859636433,2.5419655497188276,Visium,LAM4,LAM20,spot
TGAGACGTGAACGGTC-1,1,59,125,6359,8945,6783.0,3616,0.9059469873620997,1.887409121156492,0.5522383327672612,1.3733478759233073,1.5445120736824003,2.6406812218763274,1.9574687927240848,Visium,LAM4,LAM20,spot
GTTCTTACTGAAGTAT-1,1,60,24,6234,3475,12046.0,5027,2.7387958408422777,2.033555797469162,0.8088064654296387,0.6448070833894314,2.3944176921065847,2.2151902636300873,1.9777040599338056,Visium,LAM4,LAM20,spot
TCAACACCAATCATTA-1,1,60,26,6234,3583,17708.0,6185,1.7508946718656397,2.1867287070451344,0.7884676278845102,0.6274045752540254,1.707966924142861,2.782119807652161,1.985470255083299,Visium,LAM4,LAM20,spot
TGCGGACTTAACTTCC-1,1,60,28,6235,3692,9634.0,4401,0.7119642490623007,1.8559151581160938,0.7119642490623007,1.6208918714251908,1.1649397422385404,2.6121913505186516,1.8229273730058944,Visium,LAM4,LAM20,spot
TCCACCAAGTGACGAA-1,1,60,30,6236,3800,6226.0,3368,1.042260682275666,1.8406057202199027,1.6517672829807837,0.7041398926678812,1.2264927733202142,2.482861156973167,1.8595452020224874,Visium,LAM4,LAM20,spot
GTCGAAGTCGTGTTCT-1,1,60,32,6236,3908,9556.0,4515,1.0274515313882295,1.778062068266031,1.085904566848084,1.0656275299080193,1.355261052486967,1.7420584676010655,1.6951508327291198,Visium,LAM4,LAM20,spot
CAGTAGATTGACGGAT-1,1,60,34,6237,4017,17823.0,6409,2.065999065039404,1.2911707206124328,1.0379724710153337,0.5388838547790125,1.5948336672918118,1.8744472268800005,1.6089665002090592,Visium,LAM4,LAM20,spot
CCTATGCCGTCGGCAC-1,1,60,36,6237,4125,5077.0,2980,1.8025111826272848,1.8434187264506667,2.096795503424945,0.5401373613336664,1.4922111529905784,2.353283699395468,2.1265936654049993,Visium,LAM4,LAM20,spot
GTGCATTGCAATGTTG-1,1,60,38,6238,4233,9798.0,4475,3.209462986958532,1.295713742707925,1.9082034672026598,0.7034026392812326,2.460995778914538,1.690588552608847,1.9634270728463012,Visium,LAM4,LAM20,spot
TCGAATGGTTCCACGC-1,1,60,40,6239,4342,4806.0,2947,2.2638626802568003,1.5123200239699128,1.979924648397705,0.44946443521119894,1.6412204220788607,1.767303223022861,1.6412204220788607,Visium,LAM4,LAM20,spot
CTATTAAGCCAGCACT-1,1,60,42,6239,4450,9345.0,4451,2.8540019118896196,1.3016150067583188,1.3718784833114366,0.5193692070602428,2.12308459340216,1.8485264306009423,1.7372413209482829,Visium,LAM4,LAM20,spot
AACTATGCTGCATTCG-1,1,60,44,6240,4558,7835.0,3939,3.029740331849858,1.069693570828978,0.5865095255203518,0.29868759969922143,2.311922347607468,1.8091567133221464,1.6691386495126668,Visium,LAM4,LAM20,spot
GCAATCGTGACTCCAA-1,1,60,46,6241,4667,5574.0,2987,0.9312785736744159,1.5987603706896807,1.1763615124200077,1.0274899280950378,1.4205935134453416,2.412895661978379,1.5234632813292202,Visium,LAM4,LAM20,spot
ACGGTTCGCAAGTAAC-1,1,60,48,6241,4775,1921.0,1380,0.5559865220968657,1.5355621641452268,1.0825195852454714,0.8836498103053014,1.0825195852454714,2.2696523945590714,1.5900953562801112,Visium,LAM4,LAM20,spot
TCATAGGTAGTGACGA-1,1,60,50,6242,4883,4857.0,2772,1.2098585640072763,1.356463234381178,1.1180501712916082,1.1774405254055822,1.581122314857348,2.4832982836496797,1.773230479759276,Visium,LAM4,LAM20,spot
GTCGCACGCAGCCTGC-1,1,60,52,6242,4992,4676.0,2709,0.47686928923058824,1.2715275164087285,0.9570237575095081,1.3651333966613028,1.054750081906738,1.9025372779773402,1.4369565753232714,Visium,LAM4,LAM20,spot
AAGACAATCTCCTGCA-1,1,60,54,6243,5100,4776.0,2801,1.02772037383065,1.3689760824584214,1.0410103830624473,1.1294008668066378,0.8366527440771909,2.4396487657284607,1.5399064896371213,Visium,LAM4,LAM20,spot
AATTGTAGAATCCTAG-1,1,60,56,6244,5208,4983.0,2939,2.1001292808587104,1.725565063632933,1.3888497927998846,1.2154171109561056,1.8746847562608886,2.082422244476572,1.835443108861458,Visium,LAM4,LAM20,spot
AATCCGCCGACCTGAG-1,1,60,58,6244,5317,5769.0,3298,1.6505207747900288,1.9796556823205058,1.0055472321486976,0.581047510107628,1.2188895948897214,2.238378559653773,1.858932539080041,Visium,LAM4,LAM20,spot
ATCCGGATCGCCGTAT-1,1,60,60,6245,5425,4484.0,2663,1.6975043377789099,1.5191285883903904,0.0,0.7959051722102196,1.4027724779527975,2.294614068746682,1.4027724779527975,Visium,LAM4,LAM20,spot
CTAAGTCAAGATCATG-1,1,60,62,6245,5533,3485.0,2165,0.34353301171017697,1.353109912379206,0.8898318544737024,1.1271562682043048,1.0272595946116758,2.2626295331495263,1.1480626616240863,Visium,LAM4,LAM20,spot
GTTATTCGGCCATTCG-1,1,60,64,6246,5642,4120.0,2425,1.6411085910616734,1.3642075737170472,1.3165643941890695,1.0938939077527021,1.231739068703661,1.8340043991154942,1.8658096496055305,Visium,LAM4,LAM20,spot
TACAACGGACGGCTCA-1,1,60,66,6247,5750,4570.0,2706,1.981270913327627,1.9638784143820287,2.358332348720446,0.3349364874996225,1.5164008582807094,1.9740607648555735,1.9484078087989503,Visium,LAM4,LAM20,spot
GGCAAGACAATCAGCT-1,1,60,68,6247,5858,3477.0,2196,2.649546635156665,1.7230644292220383,2.403890807154579,0.4206274631495112,2.2646887828459494,1.6703568623472915,1.6003080674385077,Visium,LAM4,LAM20,spot
AACTTCAAGGATAATC-1,1,60,70,6248,5967,7468.0,3781,2.848383085219683,1.612860009667408,0.983503766507541,0.739832073464003,2.103814038241747,2.069190103188011,1.612860009667408,Visium,LAM4,LAM20,spot
ATTCTACGTGGCAGAT-1,1,60,72,6249,6075,5596.0,3012,1.8092207525100528,1.792354955460146,0.5128963874749997,1.135232864468737,1.7773603723558757,1.850181215191381,2.0119441561138247,Visium,LAM4,LAM20,spot
TCCAGTCAGTACATTA-1,1,60,74,6249,6183,7552.0,3758,2.6154985214486994,1.9011900806279547,0.8433554746896749,0.6112006972942414,2.13397210897859,2.0308764581100687,1.963498212354766,Visium,LAM4,LAM20,spot
CACGTTGCACATACCG-1,1,60,76,6250,6292,5865.0,3248,1.810759407472959,1.521821842075346,0.8236368674854434,1.1537435675223462,1.700320728604317,1.9412714688626542,1.4838882213500395,Visium,LAM4,LAM20,spot
AGTGTCATGGTTGTGG-1,1,60,78,6250,6400,6258.0,3386,1.2559212737121142,1.7000594688291029,1.0287972740819584,0.9547244500776901,0.9547244500776901,2.642619741996322,1.5250553441588588,Visium,LAM4,LAM20,spot
TGACAGTACTATTCTA-1,1,60,80,6251,6508,5456.0,3282,2.645589304223165,2.051752324984433,1.3808727994826622,0.7730463264657846,1.9062243088951194,1.54023555105427,2.5221445163785075,Visium,LAM4,LAM20,spot
TCCAGTACCGAGCGCA-1,1,60,82,6252,6617,12751.0,5238,3.1337127184544475,1.670229519897077,1.3462310061642433,0.35611654307585283,2.449918724551408,2.3044733569404214,2.1457473565975818,Visium,LAM4,LAM20,spot
GTGGCGATCTGCGATA-1,1,60,84,6252,6725,6162.0,3523,2.4762254704089575,2.514461250468034,2.066497037857012,0.2585597952609951,1.836455805325024,1.9769829145847317,3.2562222637538696,Visium,LAM4,LAM20,spot
TATCCAATACCGCAAT-1,1,60,94,6255,7267,1625.0,1193,1.0145934326149337,1.778856064392147,1.1962507582320256,1.7002880657308959,1.9676501356917193,1.4053425560905852,2.2472349979108808,Visium,LAM4,LAM20,spot
ATGCATGTCGATGTGG-1,1,60,120,6263,8675,2653.0,1902,1.9348800567191926,2.1877988816318634,2.0276620855297494,0.5219616873802936,1.562203266051524,1.562203266051524,2.388254320803664,Visium,LAM4,LAM20,spot
TACTAAGGAACATCAA-1,1,60,122,6264,8783,8105.0,4144,2.8355331102202794,1.801479707422098,2.1285694767116654,0.5795021421508848,2.4935571784844255,1.74564411239626,2.4807338595589004,Visium,LAM4,LAM20,spot
ATGCTGACGACTCGCT-1,1,60,124,6265,8892,16987.0,6166,3.068977780069078,1.7421286032660863,1.3144412272486934,1.2262015221390945,2.5588446596116237,1.3468550255343315,1.9611662806442187,Visium,LAM4,LAM20,spot
AATGAACTACGTCCAG-1,1,61,23,6139,3421,2754.0,1816,1.5327905475866168,1.4511392078839955,0.645935290956885,2.1116865538110616,2.1651660828208033,1.8635564423396647,1.7905483754624876,Visium,LAM4,LAM20,spot
CCGTGCTGGCAATATG-1,1,61,25,6140,3530,8445.0,4058,1.5156540982243807,1.8261904511538036,0.7110440936244662,1.9651467835449872,1.8681977473119908,2.5371804842744066,2.0552465110180846,Visium,LAM4,LAM20,spot
GTACAGGAACGAATGG-1,1,61,29,6141,3746,11161.0,4908,1.576894410298425,1.717302234772499,1.103914338501021,0.6817977807116815,1.4978158606721377,2.268108714986617,1.6378103639224597,Visium,LAM4,LAM20,spot
TGTCGCGGAAGAGCTA-1,1,61,31,6142,3855,5109.0,2926,0.75069620742268,1.4186957994752725,1.3701637856952693,1.3473003167004787,1.084286902409043,2.3783093518547234,1.6871381161761685,Visium,LAM4,LAM20,spot
ATCGACCGGAGTATCG-1,1,61,33,6142,3963,6460.0,3370,1.4100048408922992,1.7027759828515512,0.9353038774544133,0.8182523757745179,1.5425436776040702,2.3055733996127046,1.6957008153724507,Visium,LAM4,LAM20,spot
GCCATTGCATGTTAAC-1,1,61,35,6143,4071,9406.0,4396,2.6325859281350383,2.0409413853632197,1.755126658374739,0.6762558584355691,1.9804514118301366,2.153998088320102,2.3452102662532535,Visium,LAM4,LAM20,spot
GGCCTTGGATGTTGTC-1,1,61,39,6144,4288,7779.0,3877,2.4069859725454106,1.6809660257202585,1.788647978890121,0.7741037125166509,2.20104523919394,1.8825980296798501,2.0266010533457592,Visium,LAM4,LAM20,spot
TAGAATTCAACGTGGC-1,1,61,41,6145,4396,7173.0,3822,2.8174189245708936,1.5611118814415874,1.645258714158168,0.4100887847225603,2.031046008959811,1.8475275332651961,1.9351375487820022,Visium,LAM4,LAM20,spot
CATCCGGTACCAACGA-1,1,61,43,6145,4505,8148.0,4209,2.8408408514363814,1.6194028249042243,1.7231872961065848,0.28871915666563724,2.352473375286466,1.8434467840538666,1.8515077554192945,Visium,LAM4,LAM20,spot
GGACGTACATACCAGA-1,1,61,45,6146,4613,5150.0,2980,2.396633602179331,0.9374250439481288,1.6343672954766255,1.5108213015322969,2.198302744556565,1.9669539265223717,1.424394207352161,Visium,LAM4,LAM20,spot
ATGACACTAATCGCAC-1,1,61,47,6147,4721,3556.0,2346,1.1015006090329347,1.5967594541743295,0.7200596107214327,1.6273559790186223,1.134336949373656,2.24457936733239,1.7173486044474529,Visium,LAM4,LAM20,spot
CGTGAGCAATGGACAT-1,1,61,49,6147,4830,3249.0,2114,1.1626752757486194,1.6694069140955288,0.32550789317207196,1.4719389996848848,1.1964654703039632,2.220035055270804,2.247510216711563,Visium,LAM4,LAM20,spot
TCTACATGAATCTGAT-1,1,61,51,6148,4938,2723.0,1884,1.1309264453591241,1.5416771654689407,1.0424686758955042,2.080813584340814,1.192485854624298,1.5416771654689407,1.4382622351253833,Visium,LAM4,LAM20,spot
GGAAGTCTTGTCGCAT-1,1,61,53,6148,5046,4254.0,2632,2.0859436294321316,1.698617443468371,1.0163338914124131,1.5782871269007857,2.1563873464951873,2.1788073974285562,2.1217856494121925,Visium,LAM4,LAM20,spot
CCGCGTATCGTTGCAG-1,1,61,55,6149,5155,5932.0,3246,2.568115813457525,1.3075853332661163,0.906260829412904,1.2389630783982803,2.1252812701881734,2.18232934660424,1.8354633489323398,Visium,LAM4,LAM20,spot
GAATTAACCTTCAATT-1,1,61,57,6150,5263,4198.0,2551,1.4018435706987615,1.570975368205924,1.218492888218753,1.3389913533940663,1.7516617637208447,1.520197885542904,1.6426118690018177,Visium,LAM4,LAM20,spot
GGCGTCGGTAGTGATA-1,1,61,59,6150,5371,2129.0,1480,3.018431158270719,1.739946893415401,0.4619274218208105,0.6173494746138642,2.54495088051511,1.592129119868966,1.9273534740846066,Visium,LAM4,LAM20,spot
TGGTACAAGACACTGA-1,1,61,61,6151,5480,4914.0,2930,1.6233416203649136,1.399334727866905,0.0,0.9802046823837159,1.3345082606201415,2.0074315935928677,1.6233416203649136,Visium,LAM4,LAM20,spot
CCGGATCTCCGAAGCG-1,1,61,63,6152,5588,2981.0,1832,1.2226359171462897,1.6791417019070374,0.9848049021979375,0.0,1.13030857031208,2.544827219988769,1.2573052794921058,Visium,LAM4,LAM20,spot
TATGTAGAGCTGATCA-1,1,61,65,6152,5696,6745.0,2988,0.8201245255061614,1.449662349415535,1.46690712923527,0.23867033915924796,0.8317159015799924,1.3775460503234942,1.3775460503234942,Visium,LAM4,LAM20,spot
ATTAGTTCACAGACTC-1,1,61,67,6153,5805,5639.0,2810,1.8437337990225284,1.871406502032016,2.4544632866677563,0.27947082565498327,1.6509137098482793,1.3751340119732496,1.7710040917030094,Visium,LAM4,LAM20,spot
AGGAATTACGGTGACG-1,1,61,69,6153,5913,5073.0,2947,2.6357470456819483,1.5147307441584736,2.1562264351289073,0.5404663683436629,2.1272878909359574,1.2887624497047097,1.7796954006493113,Visium,LAM4,LAM20,spot
GAACAAGGTCGAGCAA-1,1,61,71,6154,6021,5292.0,2944,2.2933753365683693,1.6763828329210342,0.5356841426197041,0.5230368884362464,1.9659011937622426,2.1094417751193917,1.6125321377623483,Visium,LAM4,LAM20,spot
AGCTGTTCCGGTGATT-1,1,61,73,6155,6130,5069.0,2728,1.089496093945805,2.092110019508824,1.089496093945805,0.6401240883994406,1.0029008973311353,2.7172230560077093,2.003035682759793,Visium,LAM4,LAM20,spot
TAGTCACTGGATAGGC-1,1,61,75,6155,6238,3502.0,2262,1.541452703343221,1.4876348139956597,0.8869671960729383,1.2797996511162115,1.5193794805642722,2.628270800342953,1.7912834374201416,Visium,LAM4,LAM20,spot
GCACCGAAGATGTCTA-1,1,61,77,6156,6346,5234.0,3009,0.5981890322401486,1.934822100445865,1.220307896849861,1.1811023573104038,1.2884207150255083,2.729771561076905,1.7115681494848218,Visium,LAM4,LAM20,spot
CAACTTGGTACGATGT-1,1,61,79,6156,6455,9469.0,4431,2.5586674749230918,1.590762118604244,0.9992067133633654,0.7208001519954101,2.0623596264049002,2.0623596264049002,2.0623596264049002,Visium,LAM4,LAM20,spot
AGATAACCAATACGCC-1,1,61,81,6157,6563,15996.0,5865,3.194530131696372,1.704952667915091,1.3384695972681937,0.10765618045005042,2.4398541779073426,1.906664191177047,2.158502753359335,Visium,LAM4,LAM20,spot
TAGACCAGGATATCGG-1,1,61,83,6158,6671,10626.0,4572,3.1491924558786257,1.52085453925109,1.510518743584091,0.4143063564493325,2.3314876594643743,2.280695969001134,2.0866851473175574,Visium,LAM4,LAM20,spot
CATCCGTGCGGTCTAC-1,1,61,93,6161,7213,20415.0,5352,0.19056223689423318,0.5222225910787883,0.7716626954255564,2.415689907777599,2.7533471058062085,2.0298290336002855,1.9459801231649214,Visium,LAM4,LAM20,spot
GGTTCTCGCTCACGCC-1,1,61,123,6170,8838,13010.0,5538,2.782116864565231,1.4234509220803857,1.6900362512065352,0.6462610791104499,2.4230803069626674,1.7017856109199483,2.069107778371188,Visium,LAM4,LAM20,spot
GTCAACATGGTGCTAT-1,1,62,24,6045,3476,13990.0,5442,0.9684352925461158,1.2532734069730935,1.0871096456673868,2.3685826019261236,1.8216860116410307,2.2717843953066645,1.836035107060678,Visium,LAM4,LAM20,spot
GAATGACAACTAGTCA-1,1,62,28,6046,3693,7311.0,3742,1.550240891389233,1.574814466817164,1.170212739393183,1.6539812540719263,1.5239846152217242,2.0591125140620226,1.8130735816850863,Visium,LAM4,LAM20,spot
TGCTATTGTCAAGGAG-1,1,62,30,6047,3801,10905.0,4866,1.6720463938185677,1.4153277474693207,1.0416965834576442,1.3865756770551678,1.4642186483422557,2.4329803642009584,1.5158776907017295,Visium,LAM4,LAM20,spot
TCACTCCGCTCACTGG-1,1,62,32,6048,3909,9102.0,4262,0.3858432724538769,1.4317726045987929,0.7412988720180956,1.4806625188137803,1.0243634527941694,2.4683949465816437,1.5492581488058614,Visium,LAM4,LAM20,spot
ACAGAATGTTGAGTCC-1,1,62,36,6049,4126,5585.0,3209,2.80958450345993,1.6671830436074935,1.3634297544163603,0.9021767846603578,1.9520302752600418,1.521921809735891,2.013648877226398,Visium,LAM4,LAM20,spot
GTGGCGATAGGCAGAA-1,1,62,42,6051,4451,4296.0,2723,2.3649514642231915,1.2022954206505634,2.5595271490857123,0.6132666966215077,1.5022134633382114,1.5022134633382114,1.7326273705368842,Visium,LAM4,LAM20,spot
CACTACCTTCGCTTCA-1,1,62,44,6051,4559,5589.0,3181,2.0988660790624327,1.5213621913558286,0.8509718025220211,0.6810457552500299,1.6145776603373008,2.1694336263140905,1.739891573160234,Visium,LAM4,LAM20,spot
GCGTTAATAGTCAGTA-1,1,62,46,6052,4668,3586.0,2243,0.33531058466724395,0.9832663255544984,1.009011749171005,1.3967726589261609,1.5757478890511167,2.5713924399194075,1.7104610934439464,Visium,LAM4,LAM20,spot
AGACCGGAGCAACGCT-1,1,62,48,6053,4776,3909.0,2441,0.740207760312801,1.4036034000122848,1.2692545258141754,1.3325672062094298,0.6725998401166386,2.160398879065886,1.2692545258141754,Visium,LAM4,LAM20,spot
TACGGATCCTTGCGAT-1,1,62,50,6053,4884,5548.0,3019,0.415406260949198,1.2594354769553233,1.0304945105373915,2.0001966465817813,1.6204798257262933,2.3333727733220857,1.9577361245424187,Visium,LAM4,LAM20,spot
ATAATTAGTTCTACGG-1,1,62,52,6054,4993,4461.0,2692,2.002116806785214,0.7518051295761795,0.7518051295761795,1.6638339264620583,1.4730395067529003,2.2213080937956544,1.9691434533738414,Visium,LAM4,LAM20,spot
AAGTACTAAGGTTACG-1,1,62,54,6054,5101,7224.0,3866,2.7620025105671697,1.525863690213768,1.1237639698973036,0.32029163916445413,2.0248935539431834,1.6833454742734038,1.7947542421359892,Visium,LAM4,LAM20,spot
ACTTAAGCCAGTAGGA-1,1,62,56,6055,5209,5431.0,3002,2.5316128686045767,1.2219107505167774,1.4934439217717517,0.5125582742844133,2.067470896646452,2.0478690365050674,1.637613904058639,Visium,LAM4,LAM20,spot
CGGTCTAGATCGAATG-1,1,62,58,6056,5318,4059.0,2527,1.5084048453246648,1.1685409133815094,1.546602793095745,1.659258869909903,1.7262185570576485,1.9683916081309998,1.7262185570576485,Visium,LAM4,LAM20,spot
TCATCCATGCCAAGCG-1,1,62,60,6056,5426,4904.0,2850,1.286961886924087,1.294972952935659,0.8217469793334516,1.6954428015730312,1.5734810351950148,2.214475679005988,1.8079410520792967,Visium,LAM4,LAM20,spot
GTATACATTGGCTCAG-1,1,62,62,6057,5534,4021.0,2341,0.5368180540366786,2.0748613096467197,0.9377937622685303,0.37306005948372833,1.6176606653230103,1.3613442130904163,1.554013004055567,Visium,LAM4,LAM20,spot
GGTACTGTGATCTTCC-1,1,62,64,6058,5643,3538.0,2207,0.7935978186535817,1.9366613406313975,2.211134048433605,0.0,0.7226675642200636,1.7423520050901482,1.9467980693622673,Visium,LAM4,LAM20,spot
TGCCTTAGGCGTCTAT-1,1,62,66,6058,5751,4738.0,2893,1.2273305125051817,1.4269306060132216,0.8411886624964338,0.0,1.291501143488614,1.8368105835384378,1.8368105835384378,Visium,LAM4,LAM20,spot
CTGGCCTTACCACTTA-1,1,62,68,6059,5859,6612.0,3572,1.5417960298728006,1.5957941388418866,1.2405899636448088,0.5232216636536557,1.4383775733252553,1.9529718387522392,1.8395024072498711,Visium,LAM4,LAM20,spot
CTTCGCCGCAACATTA-1,1,62,70,6059,5968,7007.0,3195,0.7989775240564261,1.7909266216742923,1.394431565120393,0.9882857825872705,1.252049141639445,1.2174536698999983,1.199696512599722,Visium,LAM4,LAM20,spot
ACTCTTGCGGAGAACC-1,1,62,72,6060,6076,6001.0,2883,1.1450186804206552,1.734463813940974,1.1912780009693449,0.2646538002451057,1.3651168514288654,1.5868324941307301,1.4662088768129418,Visium,LAM4,LAM20,spot
GGCGGATACAACGCAC-1,1,62,74,6061,6184,2039.0,1442,1.3356572250596024,1.489089057223956,1.2390066230336765,1.416086017829311,0.8002472318820105,2.5848207766500644,1.402469843017071,Visium,LAM4,LAM20,spot
CGTGAGCTGTTATCGT-1,1,62,76,6061,6293,5165.0,2884,0.9781462211358954,2.099685390455003,1.2296801782395066,1.2424638258558163,1.2980501555133908,2.4825105362666107,1.6782629737784711,Visium,LAM4,LAM20,spot
TAAGCAAGTAATGTGG-1,1,62,78,6062,6401,9061.0,4524,2.4478384314993544,1.748436618747468,0.7436648735070123,1.413479636509139,2.0665707435902667,1.5815955481999115,2.3917563327611995,Visium,LAM4,LAM20,spot
ATTGTTAAGTAGACTA-1,1,62,80,6063,6509,9132.0,4392,2.910412384624232,1.682725825009299,1.4865994124606334,0.585784812964062,2.2783336883571725,1.5754004142305105,2.4095737175170666,Visium,LAM4,LAM20,spot
TCGCTTGTTCCAGTTG-1,1,62,82,6063,6618,10477.0,4875,2.6646278702190718,1.666786142073762,0.7293733483822762,0.870591225191633,2.09906495553537,1.9523163615008317,2.0693810825903984,Visium,LAM4,LAM20,spot
GGTTACCAGACAACAT-1,1,62,94,6067,7268,4315.0,2359,0.6897479317534778,0.6559637881094997,0.7695286795181605,1.9003749787020534,2.271157802298098,2.0236964834318627,1.1992106140146872,Visium,LAM4,LAM20,spot
CAGAACATGCCTAGTG-1,1,62,120,6075,8676,12753.0,5405,2.9103302226982133,1.8331678204675277,1.6883834438682142,0.9972539015405298,2.3705800543607167,2.0702083991539895,2.2013631738619748,Visium,LAM4,LAM20,spot
CAAGGCAAGATTAGCA-1,1,62,122,6076,8784,21592.0,7086,2.958068385288057,1.9355887124589557,1.3743438374386276,0.5398522315860246,2.4505051072870376,1.9706204047088738,2.4751643990507493,Visium,LAM4,LAM20,spot
CTCGGAAGGCCAATAA-1,1,62,124,6076,8893,7578.0,4077,1.6384808175075136,1.5741976541859748,0.5066999435249027,1.0294291696788684,1.6655782427355432,2.520644925039531,2.09098719604179,Visium,LAM4,LAM20,spot
TAGATGAGCCGTCATT-1,1,63,23,5951,3422,16641.0,6230,2.0843559615177023,1.5008204243501486,1.2466924023411214,1.4910290356680556,1.7719850850280177,2.647606758579873,1.7719850850280177,Visium,LAM4,LAM20,spot
GTACAGCTGAGCCGGA-1,1,63,25,5951,3531,19604.0,6770,2.320601776709423,1.9486463677968666,0.9283378485932249,1.3055229497778773,2.301635856649696,2.4160922973584325,2.351433552604791,Visium,LAM4,LAM20,spot
TATTAATATGTCGACT-1,1,63,29,5953,3747,6132.0,3277,2.1884054260048833,1.624715268087574,0.8866314679655019,1.2585492639775788,1.738449975836909,1.9032654463573764,1.701957033684973,Visium,LAM4,LAM20,spot
TCGGTATCGTAATTGG-1,1,63,31,5953,3856,9311.0,4432,1.5760277398164642,1.706708657235854,0.9069463821287119,1.368407034597806,1.4079936389201781,2.383702873371557,1.614921721134035,Visium,LAM4,LAM20,spot
ATGACGAGATCATTAA-1,1,63,33,5954,3964,4975.0,2837,0.25243049982532717,1.1665996296530423,0.9193012710270263,2.334018243584412,1.325434158792727,2.489502438115202,1.6622877836718046,Visium,LAM4,LAM20,spot
GATCGTCATGCGGAGG-1,1,63,37,5955,4181,4261.0,2700,2.20236698932247,1.9928674397271697,1.8830934156521235,0.3553662430270391,1.5714574530819916,2.413209832013821,2.567077324794144,Visium,LAM4,LAM20,spot
ACGTTCGTCCGCCTAT-1,1,63,39,5956,4289,3721.0,2504,1.57675225485157,2.724152063169416,1.7409988080644272,0.0,1.6802887719221908,2.29839285460276,3.64514602086157,Visium,LAM4,LAM20,spot
TACGTGGAGGCATGGC-1,1,63,43,5957,4506,4500.0,2658,3.074308705305,1.413693335308005,1.5284688499004333,1.2882025383536888,2.4709204078132605,1.5483502204542623,1.791759469228055,Visium,LAM4,LAM20,spot
ACATTGAATACGCATA-1,1,63,45,5957,4614,5446.0,3125,2.121643413698038,1.164229001759459,0.5238872126493673,0.8481941014788262,1.7210732283854944,2.19242533163948,1.2598205297444314,Visium,LAM4,LAM20,spot
TAGGACTTCATGTTAT-1,1,63,47,5958,4722,4157.0,2545,0.2953930818908787,1.22541554114186,0.9176849963852219,1.159046075249606,1.22541554114186,2.00348913291062,1.22541554114186,Visium,LAM4,LAM20,spot
CTATAACTCCTGGAGG-1,1,63,49,5959,4831,5630.0,3010,0.22613324165074633,1.3459717978133685,0.8467902461631058,2.2573836696995095,1.6522047285941321,1.746854583577204,1.4656536819015265,Visium,LAM4,LAM20,spot
GATCTTGTCATGATCT-1,1,63,51,5959,4939,8438.0,3813,0.6132977408149032,0.6668504140241613,0.36770654742131564,2.1449531005965725,2.0931829122180576,2.0685285330162273,1.666959695500674,Visium,LAM4,LAM20,spot
TCGAATCTTGCGTTAC-1,1,63,53,5960,5047,5056.0,3003,2.1218174819078714,1.5598087888416716,0.4017662927947068,0.814758704812973,1.6005376629638361,1.9828185279121588,1.4954254491003793,Visium,LAM4,LAM20,spot
GCGATGTACTGCTATT-1,1,63,55,5961,5156,2749.0,1786,2.285884545284095,1.5342156279728765,1.5342156279728765,0.9758771989823785,2.0567692132409023,2.183987793575854,1.0363265935987045,Visium,LAM4,LAM20,spot
GTTGCCACGACAAGAA-1,1,63,57,5961,5264,5513.0,3190,1.6382283447008121,1.6432511840175503,1.183984779833875,0.7674641998628046,1.4289503340377225,2.146854069206428,1.8627898870230981,Visium,LAM4,LAM20,spot
CGTCCATCCTAGCATC-1,1,63,59,5962,5372,4169.0,2566,0.707047990534876,1.1501893838294233,1.1310228970795044,1.22338028068343,1.5256181919573635,2.281879683642564,1.8558256432792104,Visium,LAM4,LAM20,spot
GGCCGTCCAGTAGGAC-1,1,63,61,5962,5481,4488.0,2737,1.3519053483820362,1.6967760334227162,1.6443817015402749,1.171913552360717,1.5890896817780187,2.039204269224438,2.235976694953156,Visium,LAM4,LAM20,spot
TAGTTGAGTTCTGCAC-1,1,63,63,5963,5589,4705.0,2881,1.1395617989686155,2.0266649619637302,1.366709563444619,0.4572059241508363,1.2965742662121007,1.6583798792603706,2.0336423835171145,Visium,LAM4,LAM20,spot
GTTCGCTGGTATTAGA-1,1,63,65,5964,5697,17716.0,6613,0.14951829432103955,0.5172174352286081,0.6508918382216261,0.3796905390119051,0.7556162215424791,2.617423849508947,0.5744394117572797,Visium,LAM4,LAM20,spot
TATTCGTTATCGCCTG-1,1,63,67,5964,5806,13806.0,5719,0.0,0.41013812636741964,0.24029249154470375,0.33295544627674356,0.644693769765303,2.5232009461158458,0.30907268757360135,Visium,LAM4,LAM20,spot
GGAGATGCGTGCAGTA-1,1,63,69,5965,5914,16127.0,6184,0.2356630700123277,0.4824743763803336,0.4334487958242597,0.4103442866608137,0.9361699541234942,2.9543350342077024,0.27005695731971896,Visium,LAM4,LAM20,spot
GAACTCCTCATACATA-1,1,63,71,5966,6022,7354.0,3527,0.5749439742789645,1.27637568324398,1.3583021853070694,0.4017744729202333,1.1661718063158422,1.7894148377357848,0.8585786444922177,Visium,LAM4,LAM20,spot
GTTCCGTCTTATCTTA-1,1,63,73,5966,6131,2774.0,1961,0.9341142593480322,2.3038100093845486,1.5271215332467576,0.6846891485344654,1.3093261101524363,1.5271215332467576,1.7845235476418781,Visium,LAM4,LAM20,spot
TGACCAAGTAAGGACC-1,1,63,75,5967,6239,4958.0,2594,1.1042438401564771,1.7648440707462312,1.0169771703993638,0.6506529352574539,0.9213605532189549,2.4354422634914896,1.4533760353737257,Visium,LAM4,LAM20,spot
AACTCACGGAGTACGT-1,1,63,77,5967,6347,5704.0,3206,1.7506883842692886,1.3363288922446357,0.7398982672900677,0.889700361500798,1.5054789387015626,2.278884274528251,1.6416620411919756,Visium,LAM4,LAM20,spot
TCGGACGGCCGAGGAA-1,1,63,79,5968,6456,12482.0,5284,3.1492192471448535,1.657487689202093,1.0995732112276366,0.19761768318372522,2.4261163217660258,1.527184248804855,2.3526791426977978,Visium,LAM4,LAM20,spot
GATAAGTTGGCGATTA-1,1,63,81,5969,6564,16527.0,5977,3.3123743394440024,1.5326482125811858,0.9798076749254011,0.28520785119877495,2.5374680230651223,1.7116386035618785,2.1206410289269497,Visium,LAM4,LAM20,spot
GAATCACCAGTGATAC-1,1,63,121,5981,8731,21027.0,6853,3.1330815104123406,1.6729325874843208,1.1442564230943473,0.23064076626651536,2.4596339598208665,1.8912555788017549,1.9716513025914113,Visium,LAM4,LAM20,spot
TCTGGTCACTATCTGT-1,1,63,123,5982,8839,4487.0,2716,2.1565324321871917,1.6552627496000405,0.8725113934581521,0.7955381599136268,1.8394488476935276,1.7628050703861773,2.075002239650799,Visium,LAM4,LAM20,spot
CTGGTGAGGTCTCGTC-1,1,64,22,5856,3369,10607.0,4931,2.0798741138668038,2.145017312234149,1.1382305798634023,1.6150649795236294,2.102748927649326,2.329286171215777,2.5755248253686682,Visium,LAM4,LAM20,spot
GTATGGTGGAGCGGCC-1,1,64,24,5857,3477,26586.0,7601,2.7344132869261157,1.5119784298736598,0.9367082660357466,1.221892568776942,2.185927016750538,1.983613724978233,1.820005919178177,Visium,LAM4,LAM20,spot
AAGCCAGATATCAGAA-1,1,64,26,5857,3586,14274.0,5849,2.443096064863005,1.565089320054051,0.9463513731827741,1.1522832213667278,2.046792991395742,2.122983666831564,1.6493212572288525,Visium,LAM4,LAM20,spot
ATTATGTTAAGGTAGT-1,1,64,28,5858,3694,10641.0,4377,0.5908429265805677,1.2087821961107774,0.8794781683923962,1.1959467300349436,1.3703565422602506,2.6164302250696023,1.4831112949233443,Visium,LAM4,LAM20,spot
TCCTACCGATCGTGGC-1,1,64,32,5859,3911,9412.0,4258,1.0372272033245498,1.205204514647512,0.9005275338970699,1.795519343315237,1.7545992469060674,2.4682531881405008,1.9233144802906335,Visium,LAM4,LAM20,spot
CTGACCGCCAATTAGG-1,1,64,34,5860,4019,3523.0,2180,0.593877589148616,1.8098092314229415,0.8834554921810599,1.2754872018569505,1.3450790401321222,2.7207985687015754,2.0913978799957973,Visium,LAM4,LAM20,spot
CCGCGAGGTGCGATGG-1,1,64,36,5860,4127,5958.0,3281,1.1499271624516538,1.679687686426106,1.7976167364130127,1.279242132161119,1.0606395376743383,2.6295734095811443,1.8317889376307055,Visium,LAM4,LAM20,spot
GACAACCTAGGAGTCT-1,1,64,40,5862,4344,3347.0,2241,1.879263348021182,2.3850472473953666,2.298903391063759,0.8578427599967028,1.9945600620529607,2.5611730744503944,3.2149481935184174,Visium,LAM4,LAM20,spot
CCTCACATGTACCTGG-1,1,64,44,5863,4560,5970.0,3228,2.990922928656019,1.430928176887171,0.6084173468826282,0.37626256948719466,2.1444902969474398,1.532396466055507,1.830099323809594,Visium,LAM4,LAM20,spot
ATACTGACTTCGGCAC-1,1,64,46,5864,4669,5139.0,2941,1.8376468660433387,1.4604822511319955,0.21771925361011368,1.4727258528132328,1.8095990050569273,1.8227859629658172,1.4260182631732288,Visium,LAM4,LAM20,spot
CGTAGTACAAGGTACT-1,1,64,48,5864,4777,4134.0,2577,1.0035071239008586,1.2976984070127535,1.0346863842289933,1.5556995185551286,1.0346863842289933,2.111048493736989,1.6550206899485211,Visium,LAM4,LAM20,spot
GATGACTCTGAATCTT-1,1,64,50,5865,4885,4808.0,2851,0.637302239787014,1.5568301543774643,0.939968260226889,1.3444776326168124,1.4158046992692792,2.0710173612515828,1.2059259705295857,Visium,LAM4,LAM20,spot
TCAACATGGATACAAC-1,1,64,52,5865,4994,5907.0,3171,0.7926390984761877,1.1633941355406936,0.6132666966215077,1.9012597950041408,1.3768970346026692,2.553370818437839,1.5704975053443746,Visium,LAM4,LAM20,spot
GATATGCTCACGTTAC-1,1,64,54,5866,5102,1933.0,1393,1.8202344711613248,1.4119580740936721,0.8300033555367227,1.9620515706060844,1.0784060620887905,2.570399611054862,1.7095804927375566,Visium,LAM4,LAM20,spot
ATAGTTAAGCCTGCCG-1,1,64,56,5867,5210,1679.0,1289,1.2676627778520333,2.021748703450407,1.380769897648095,1.3102874371960755,1.69871988814155,1.9395939792010246,2.295952064999632,Visium,LAM4,LAM20,spot
AACCTTAGCGTCCGGT-1,1,64,58,5867,5319,4151.0,2608,2.2256638349396374,1.6283379166275358,1.389121005612078,0.9294189568548948,1.9053132614080055,2.0574086527586672,2.1433907992574137,Visium,LAM4,LAM20,spot
GTAGCAGAGCAATAGC-1,1,64,60,5868,5427,5343.0,3131,1.848053252435664,1.668592793129703,1.0548720509874345,1.1124342788513382,1.5567152648072233,2.101019091103591,1.8893130599564578,Visium,LAM4,LAM20,spot
TCAAGTGATGGTTAAT-1,1,64,62,5868,5535,5071.0,3010,1.3395013139850598,1.7800232153712106,1.2427117789628728,1.2031352510443687,1.2427117789628728,1.6625352710186327,1.4361544656999858,Visium,LAM4,LAM20,spot
GTTGCTACGTCTTAAT-1,1,64,64,5869,5644,7178.0,4032,0.9524940282084358,1.1721827601867838,1.0700671825493726,0.4905707044294077,0.7970577740364796,2.103880410989078,1.0084804677181582,Visium,LAM4,LAM20,spot
AGGAGCCGCTGAGTAG-1,1,64,66,5870,5752,14148.0,5591,0.09619468253109646,0.24898709045848327,0.42533980008519806,0.2786001669372569,0.5850971594236075,2.3990939954462136,0.16271681774809912,Visium,LAM4,LAM20,spot
CTATCGTTACAACCTT-1,1,64,68,5870,5860,6729.0,3562,0.3538920591056786,0.138552943918553,0.3159241560772587,0.5161129626690621,1.2281542111666184,3.0356610174092915,0.3159241560772587,Visium,LAM4,LAM20,spot
TAGGCTTATCTAGCTC-1,1,64,70,5871,5969,9124.0,4404,0.27242568080553736,0.19819663194957682,0.34430146920828253,0.6401344516294503,1.1167860502751763,3.0746142228251077,0.12839437150706684,Visium,LAM4,LAM20,spot
TAGATGTCGAGGCCAG-1,1,64,72,5872,6077,15152.0,5866,0.09009907760145612,0.46623465596081526,0.22113520012914195,0.2623568800611419,0.6881187195211119,2.7278229204114597,0.6457782604324164,Visium,LAM4,LAM20,spot
ATGTACCGATCCAGAA-1,1,64,74,5872,6185,6626.0,3661,0.7314080092570598,1.972377526724047,1.3428025415747336,0.6005950411315499,1.060047362049647,2.174474995403478,1.5629782632234208,Visium,LAM4,LAM20,spot
GATTGACTCCATGCGA-1,1,64,76,5873,6294,4846.0,2770,0.25835156205545395,1.94366720159156,1.1195768463010212,1.7711314535555718,1.1195768463010212,2.296776537696521,1.27520830986793,Visium,LAM4,LAM20,spot
TAGTAAGCGGTGGATA-1,1,64,78,5873,6402,16546.0,6131,2.4819942145506473,1.7106971974264065,0.7924273603144114,0.6876211327076878,2.110517173423508,2.1226491809724015,1.908292681108144,Visium,LAM4,LAM20,spot
CCTGGATTGCGTAACA-1,1,64,80,5874,6510,9699.0,4587,3.0389943093861245,1.5279283425932215,0.7700681251206022,0.5044730647729065,2.5638542756970994,1.8977229580254638,2.2244368333191846,Visium,LAM4,LAM20,spot
TCTTGCTGTCCTAGGC-1,1,64,86,5876,6835,12792.0,5192,2.4802575438092003,1.4905754952054315,1.7214647142964807,0.5368859498070807,2.0716525304648807,2.1158008100450627,1.5503794494166296,Visium,LAM4,LAM20,spot
CTAATTATGTTGCCGC-1,1,64,88,5877,6944,13049.0,5078,2.751746791822076,1.5429653179260698,1.4025045122608402,0.3972127104973316,2.322005978943904,2.394475726428835,1.6140864520831026,Visium,LAM4,LAM20,spot
GACCTGCTGTCGTGTA-1,1,64,120,5886,8677,13690.0,5346,3.287461503650939,1.4891133005474062,0.695336163557327,0.2355636118478235,2.6101020184076034,1.7488504432465346,2.0247400392698296,Visium,LAM4,LAM20,spot
GTCACTGTGATAACTC-1,1,64,122,5887,8785,8067.0,3993,2.9001882212850725,1.8054050451270143,0.657371623098875,0.5165027068953862,2.39031622246947,2.203595162484303,1.973815850307107,Visium,LAM4,LAM20,spot
ACTCGTTCCTGATACA-1,1,65,13,5759,2882,2981.0,1735,0.6721539276563402,0.0,1.13030857031208,2.5327873241097922,1.725004471379592,1.699785252322211,0.8144649063326417,Visium,LAM4,LAM20,spot
TGGTACAAGACCAATC-1,1,65,21,5762,3315,2799.0,1858,1.5201048323403383,1.7920571502947606,0.8500501557026001,1.824010622028945,1.4173366425996339,2.168008563649159,1.8498800654112995,Visium,LAM4,LAM20,spot
AGCGGCGAATAATCTT-1,1,65,23,5762,3424,15880.0,6161,1.7980369537471939,1.9612648517255689,1.0609688364421803,1.5274889542430108,2.050208567962503,2.229084054102755,2.137469819172154,Visium,LAM4,LAM20,spot
GAGGTGAGGATTCATT-1,1,65,25,5763,3532,19176.0,6590,2.683286962023568,1.4672993475435858,0.8345221580557154,0.8031674337492564,2.0598117717833806,2.0057479975078056,1.9998832633070183,Visium,LAM4,LAM20,spot
CATGGCTACTGTACGT-1,1,65,27,5763,3640,9258.0,4324,2.3722344782438554,1.6301339091682974,0.6653280609953524,1.489940393101968,1.8564127493886804,2.284543282232142,1.81330857298021,Visium,LAM4,LAM20,spot
CTCACCAGGAATTGAC-1,1,65,31,5765,3857,10203.0,4571,0.3506882265579503,0.9806454666444816,1.0429920308999407,2.095318372408848,1.6883355049391788,2.21566815791959,1.9637008544694623,Visium,LAM4,LAM20,spot
TACCTGTTAACGGCCT-1,1,65,33,5765,3965,4093.0,2556,1.711518474626868,1.429390825463865,1.7726431443641688,0.7469454972523125,1.6630909905824285,2.338491041126389,2.1558221554218258,Visium,LAM4,LAM20,spot
ACCATCCGTTCGAGTG-1,1,65,35,5766,4074,3240.0,2188,1.7664567352193004,1.8320875146150268,2.0226915411598383,1.3365357146548293,2.249991408306212,2.629012932021669,1.497885426528353,Visium,LAM4,LAM20,spot
GAGTGCGGATACAGTC-1,1,65,45,5769,4615,6312.0,3515,2.6480824640992697,1.5008331594995892,0.5834115256106438,0.5423993154093454,1.9655867357396208,2.0954720594072263,1.7146653393881093,Visium,LAM4,LAM20,spot
TAGTTCGATCCTCACG-1,1,65,47,5770,4724,5243.0,3141,2.7010980324103304,1.571655035973492,1.2871766366397035,0.7946831812484076,2.1271366767624733,1.8569276001177681,1.710160567949059,Visium,LAM4,LAM20,spot
TCGCAATAGTGACGCA-1,1,65,49,5770,4832,4190.0,2452,0.0,1.4681712585959845,1.4543321226966037,1.7149329384635301,1.219836757237905,2.1922622277645565,1.7001813777671784,Visium,LAM4,LAM20,spot
ATCTTAGATAGGTTCA-1,1,65,51,5771,4940,2473.0,1673,0.45594741384459625,1.5345644602777269,0.6985912911933223,1.7542107024448255,0.6985912911933223,2.7181886851126027,1.9552248438176223,Visium,LAM4,LAM20,spot
TGTATGATTGTAGGTG-1,1,65,53,5771,5049,4135.0,2658,0.5252997411824257,1.5829722658277627,1.2291666626698992,1.2291666626698992,1.3920215809947853,2.060777926889403,1.9086015813658623,Visium,LAM4,LAM20,spot
TATTAAGCAGCGCCGG-1,1,65,55,5772,5157,944.0,783,1.7119857595386558,1.6558038329920262,0.8433554746896749,0.0,1.8400114202520943,2.087179884903007,1.6039142102654682,Visium,LAM4,LAM20,spot
TAATTGATTCTGTCGC-1,1,65,57,5773,5265,1085.0,857,1.2901444608437282,1.876399886150221,1.4943011419128347,1.796287673698203,2.2043674648485996,2.4640819950232826,1.9110774246025222,Visium,LAM4,LAM20,spot
GGCCGCCAACTATTGC-1,1,65,59,5773,5374,4413.0,2526,0.6786205012008757,1.1116696556325432,1.343527826704495,2.154329629474744,1.7105610470164518,2.3089774890881167,1.808054710957846,Visium,LAM4,LAM20,spot
CAGGCCAACAGCGAGT-1,1,65,61,5774,5482,5174.0,2928,1.3247003107543924,0.9345991064546637,0.9899678861853551,1.942178275973328,1.5312360554184732,2.090222669581632,0.9899678861853551,Visium,LAM4,LAM20,spot
GCCGGCAATAGGCAGG-1,1,65,63,5775,5590,4456.0,2698,1.5783889006124403,1.6173063364345985,1.6501593633003708,0.7031346778143678,1.4074997074581141,2.0454316451268264,1.9302065726117243,Visium,LAM4,LAM20,spot
ATCTGAAGTATGCACG-1,1,65,65,5775,5699,6892.0,3887,0.896478818406014,1.2841851480412882,0.9678683735270692,0.5830149849995684,1.0969665164780584,2.4951876612973205,1.4069018037003809,Visium,LAM4,LAM20,spot
TCAGCGCCTAGTCTTA-1,1,65,67,5776,5807,9432.0,4683,0.2646080147978421,0.9517855852412069,0.2351157034174323,0.5156255591365794,1.1379743545674035,2.795645706767497,0.8438385943067321,Visium,LAM4,LAM20,spot
CAGCGATAACTGAACC-1,1,65,69,5776,5915,13657.0,5653,0.3495396410962333,0.7056266497882795,0.31196920009357443,0.18206968397397205,0.6965462445222509,2.7264395447840304,0.31196920009357443,Visium,LAM4,LAM20,spot
CGCTGCGAGTCCACAT-1,1,65,71,5777,6024,5966.0,3279,0.21466945417462666,0.40736295964069097,0.4876973250473693,0.4759325941972158,0.7166698818237744,2.5659116147162004,0.19022409666776577,Visium,LAM4,LAM20,spot
TCAAGGACGTTAGGAG-1,1,65,73,5778,6132,11437.0,5351,0.2229961491521278,1.0111318293618345,0.7385716651951739,0.14753484279855453,0.7385716651951739,2.348722306268539,0.8841092751524696,Visium,LAM4,LAM20,spot
ATACGACATCTAGACC-1,1,65,75,5778,6240,4436.0,2582,1.1799720172924215,1.7464124239170407,1.2630155253023543,1.4537093564503707,1.3396884643444433,1.892465345576232,2.049349459307588,Visium,LAM4,LAM20,spot
AATGCCGACGAGCAAC-1,1,65,77,5779,6348,5533.0,3134,2.55542655926905,1.6403311482523855,1.666276978944965,1.0891144018761019,2.0217593943258536,1.859731678240622,1.894305618002387,Visium,LAM4,LAM20,spot
CTCAATTGGCGATTCC-1,1,65,79,5779,6457,6941.0,3718,2.774124732989219,1.8899121081894523,1.401556921711591,0.5037226191702163,2.3556266062310756,1.94633541245066,2.104569787684558,Visium,LAM4,LAM20,spot
CACTCAATGGTTCGGA-1,1,65,85,5781,6782,15313.0,5762,2.7796393785529223,1.4806512420968032,1.2380552316951272,0.3475328744227149,2.275666894541658,2.0189480294357356,1.8543553517094227,Visium,LAM4,LAM20,spot
CTGGAAGTCTAAGCTC-1,1,65,87,5782,6890,12268.0,5370,2.092267088235019,2.120602572297643,2.2992211105281433,0.781909550565412,2.0704758090938076,2.3393008530060184,2.2138946238620925,Visium,LAM4,LAM20,spot
ATGCTGGCTTACTACA-1,1,65,97,5785,7432,3209.0,1833,0.636763597330016,0.660040490255036,1.0810073071033137,2.220890124463031,1.9232177161361346,2.047930721227822,1.6648393042335436,Visium,LAM4,LAM20,spot
CGGCCATCAACCGGCG-1,1,65,99,5786,7540,1037.0,821,2.065342757016371,0.0,0.7909089857932539,1.5055471479132103,2.472209863638044,2.2012167408988197,0.7909089857932539,Visium,LAM4,LAM20,spot
AGTTGGAAGAGTATTG-1,1,65,121,5792,8732,18977.0,6410,3.0911728145702573,1.5338476971085733,0.8957298469989224,0.25264742421865816,2.4849198235432453,1.6847829583855722,1.9066674541640376,Visium,LAM4,LAM20,spot
CTGAAGTTGGATCGGC-1,1,66,12,5665,2828,6244.0,3054,0.7626524127600394,0.3923536897589487,0.6936275264181926,2.1312402845690706,1.9467334578883535,2.00231072315989,0.8760291184276847,Visium,LAM4,LAM20,spot
TCAGACCGGCCTGCTC-1,1,66,18,5666,3153,19522.0,6540,3.0079417429847592,1.7516067233287618,0.63997029578472,1.3210844216029036,2.5018708434974783,2.1905087734415543,2.176080340858024,Visium,LAM4,LAM20,spot
GTATAAGGCGTCTTCA-1,1,66,20,5667,3262,8884.0,4177,2.4381798664145706,1.3386910205371234,1.0399696051607719,1.8438945769290425,2.2599745797210504,2.245182986036692,1.8255146797146218,Visium,LAM4,LAM20,spot
CGCTGCAATCGCTGTT-1,1,66,22,5668,3370,10251.0,4387,1.2146476785901976,1.3426016598096082,0.9498072063279894,2.1445346636338507,2.0577839611904123,2.2803017793980076,1.750179131113362,Visium,LAM4,LAM20,spot
CTGGAATAGGAATTAG-1,1,66,24,5668,3478,16291.0,6161,2.155140540832001,2.208563751423265,0.6918880246421579,1.5198213941052205,2.194984980619833,2.4002548248724076,2.463183020731668,Visium,LAM4,LAM20,spot
AACTTATGATACGTAC-1,1,66,26,5669,3587,6340.0,3441,1.5749612237589257,1.3452423191102465,0.9467373209827223,1.6406075070523196,2.0416708807933692,2.551759132029944,2.0157438866838846,Visium,LAM4,LAM20,spot
CGAACGTGAAGTCCAA-1,1,66,30,5670,3803,8062.0,4166,2.194322195426166,1.17331665002774,1.6156700030369664,1.1450144093329317,1.8360386413232974,2.3717719973106375,1.9743497404318866,Visium,LAM4,LAM20,spot
TCTGAGCGTAATTGTC-1,1,66,32,5671,3912,4858.0,2916,2.4748927497007225,2.053215487604047,1.4079801180314215,1.6684713009868803,2.4241211978303636,1.9706558355195092,2.6106629376985993,Visium,LAM4,LAM20,spot
GCACTCTTGCTACCGA-1,1,66,34,5671,4020,6069.0,3433,1.9629210816355709,1.9361172805589053,1.3567384423805326,1.2659536264750824,1.7104091751929007,1.912059732145318,1.881150338458457,Visium,LAM4,LAM20,spot
GAGGAAGGCAACGGCG-1,1,66,36,5672,4128,6639.0,3644,2.721413486041466,0.9187879876963478,0.9912246490720563,0.7397708233797957,2.412980359898916,2.1437364441253526,1.6001769056234905,Visium,LAM4,LAM20,spot
ACTGGTAAGGCCTCAG-1,1,66,38,5673,4237,1956.0,1515,2.1166813170150633,1.5214221271238828,2.0831412333400574,1.2011243564785776,2.0002079816773017,1.810331672809066,2.159720181877765,Visium,LAM4,LAM20,spot
ACATCTATCCGAACCA-1,1,66,40,5673,4345,4643.0,2760,3.0444931341664088,1.6691321754629627,0.8527596720625238,0.7769316609718078,2.442318942193503,1.6691321754629627,1.7657584772114325,Visium,LAM4,LAM20,spot
TGCCACTATCAGGCAG-1,1,66,42,5674,4453,7179.0,3686,2.990938000333375,1.6173187424109445,0.9427654132555541,0.4098075845800187,2.1787610725164956,1.598719956391796,2.117820102128604,Visium,LAM4,LAM20,spot
TCTATTCCTTCCGGAA-1,1,66,44,5674,4562,3549.0,2264,1.9513124056731903,1.59833109456711,1.2428520845959141,1.0271444699370522,1.8378759607469068,2.0248034437787608,1.9441374561129547,Visium,LAM4,LAM20,spot
CTGGTTGGCTTGTTAC-1,1,66,46,5675,4670,5913.0,3389,1.676866903147776,1.5519392132885068,1.4775914564437507,0.9311574563722624,1.376138106816663,2.049594984528219,1.7685195188098413,Visium,LAM4,LAM20,spot
GTCGGCCTCCGGCATC-1,1,66,48,5676,4778,5037.0,2755,0.24968072957773896,1.3295737871601383,0.9118736053703745,1.207847469059928,1.0937031637766694,2.765678360990209,1.3163544745216484,Visium,LAM4,LAM20,spot
GTCAGGATCAACCAAC-1,1,66,50,5676,4887,4640.0,2681,0.8026861464412466,1.9197077766612891,1.0597937934649173,1.5523532557855113,1.562671561042327,2.102169792757392,1.6175942143579236,Visium,LAM4,LAM20,spot
TGCTTAGTTGACTTAC-1,1,66,52,5677,4995,2835.0,1960,0.9209661042396386,1.7201807428108877,0.36527979113225084,1.5101338771433883,1.164582764668419,2.449453082463221,1.9703016021794724,Visium,LAM4,LAM20,spot
CTTGTCAGTTCGGTAA-1,1,66,54,5678,5103,2701.0,1973,1.8388094511005202,1.548058655711704,0.38034663661877516,0.9868902462296443,1.6419291154754925,1.548058655711704,1.727739140351404,Visium,LAM4,LAM20,spot
AATCTTAGCCTCTGTC-1,1,66,56,5678,5212,623.0,519,1.7202821040416216,2.0042526052007723,0.0,1.3656910339532249,0.0,2.4596665804327604,2.400809452334152,Visium,LAM4,LAM20,spot
GCCTGTGATAGATTGG-1,1,66,58,5679,5320,958.0,766,1.3818856112177356,1.1274208652998847,1.8276423553023669,2.03374135094646,1.283597888272375,1.499504985973591,2.5449989755533777,Visium,LAM4,LAM20,spot
TCTTGCACTGGTGCTC-1,1,66,60,5679,5428,928.0,767,0.0,0.7312067423842903,0.8531305707067053,1.3708942541988023,0.0,2.7322754584473596,1.8544104341897223,Visium,LAM4,LAM20,spot
TGACCTGTCTATCTCG-1,1,66,62,5680,5537,3224.0,2214,1.6070245097862594,1.67568093541768,1.7984574179121826,1.18044069562251,1.6610599369031032,1.974563402077947,1.201861395729331,Visium,LAM4,LAM20,spot
CTAGCATAGAGCGAGC-1,1,66,64,5681,5645,2877.0,1953,1.498694689722236,1.8267668858635406,2.271053891515968,1.1668626692361324,1.2828437340537304,1.9977403997409875,1.7542797954888314,Visium,LAM4,LAM20,spot
ACGGCCGTGACATTAA-1,1,66,66,5681,5753,4575.0,2810,1.8418746043367134,1.9629384242834242,1.7780040941595696,0.3346253828500654,1.5155474893254217,1.808318631284674,1.8663227111369658,Visium,LAM4,LAM20,spot
GTGCCGCATCCTTCCT-1,1,66,68,5682,5862,5752.0,3029,0.8072809403620861,1.6433487362040233,1.0837833637764214,0.38807706241387413,1.0074197209180789,1.7291867681666375,1.546363316916309,Visium,LAM4,LAM20,spot
TAGCAATTATGGACCG-1,1,66,70,5682,5970,9868.0,4741,0.0,0.748919686493036,0.6348316560271878,0.24402436451737625,0.7608285587172123,2.6272813519673948,0.4099140537678954,Visium,LAM4,LAM20,spot
TAACCGGATGGACAGG-1,1,66,72,5683,6078,12112.0,5160,0.3029452555994658,0.2853676392811135,0.1876464122379431,0.20308053224705253,0.8057797376096573,2.6043192261116537,0.48194492709389386,Visium,LAM4,LAM20,spot
AAGATATTGGACGTCC-1,1,66,74,5684,6187,5014.0,3052,0.7606497784656031,1.6841212504024707,0.6917501141716513,0.5453673592100466,1.0967490994147089,2.30006896649936,1.5559378307573932,Visium,LAM4,LAM20,spot
CGACTAATGTTAGGCT-1,1,66,76,5684,6295,6376.0,3424,2.384938749501404,1.6248764660856505,0.8638741759459239,0.6921771653630617,1.9842411425495177,1.870160061101533,1.870160061101533,Visium,LAM4,LAM20,spot
ATCGAACATGCTAAGC-1,1,66,78,5685,6403,10302.0,4585,3.212903007384181,1.5451349165253463,1.0367492766005282,0.42491781221254754,2.637836294358793,1.4435291685703149,1.8076488689574084,Visium,LAM4,LAM20,spot
CATCAGTAATCAGACA-1,1,66,84,5687,6728,9897.0,4815,2.5062459242652544,1.7490109347504394,1.8611205102208117,0.4965155591942916,2.00705172796691,1.9547910489492517,2.1492070760893816,Visium,LAM4,LAM20,spot
TGAACGGATTCAAGTT-1,1,66,86,5687,6837,12844.0,5278,2.4858442060220356,1.6933874074326136,1.2614010872810024,0.24929281332395012,2.317300333173386,2.127808962236969,2.127808962236969,Visium,LAM4,LAM20,spot
AGTATTGATTGAGTCA-1,1,66,100,5692,7595,393.0,304,0.0,0.0,0.0,1.7274727990679946,1.4304695061680068,0.0,0.0,Visium,LAM4,LAM20,spot
GTATGCCTTACTCCAC-1,1,66,102,5692,7703,269.0,194,1.8422425576328738,0.0,0.0,2.410412991357112,1.7310961229939337,1.9734956971021012,0.0,Visium,LAM4,LAM20,spot
GCCTCCGTGCTGTAAT-1,1,66,120,5698,8678,21182.0,6776,3.1141472724570805,1.4486780861920245,0.6022226111350606,0.3571014587485658,2.4219803576174406,1.784573544768054,1.86084046196991,Visium,LAM4,LAM20,spot
ATGTCGCATTGATTGC-1,1,66,122,5699,8786,20060.0,6561,3.0881832987182056,1.384048571030638,1.157182135346466,0.30935700286752826,2.527959454300038,1.6715432664480492,1.5155325280944592,Visium,LAM4,LAM20,spot
GACGTACTGCGTGCGG-1,1,67,9,5569,2666,20546.0,5321,0.6439018363979162,0.6029005731080985,0.7396030365479155,2.778079557868582,2.976384424559285,2.2783773720722476,0.9717842846073853,Visium,LAM4,LAM20,spot
ATGTCATCAGGTTATG-1,1,67,11,5570,2775,29169.0,6505,0.7072912545938463,0.6003690182454826,0.5956559411251172,2.6365682738064895,2.806742436230059,1.9620360830918187,1.044757726182538,Visium,LAM4,LAM20,spot
ATACGGTCCTTGTCTT-1,1,67,17,5572,3100,10443.0,4880,1.6564566154349927,2.4028450041565215,0.9384694612509867,1.3079631304425756,2.186054504528075,1.9992967535092552,2.7997761007921884,Visium,LAM4,LAM20,spot
AACCATCGGAAGCGAC-1,1,67,19,5572,3208,7480.0,3908,1.9344952517593879,2.090079939884892,0.7746285895401139,0.8995248114270259,1.8993901334204204,2.271077869748338,2.1618467382545683,Visium,LAM4,LAM20,spot
AACATGCGCAAGTGAG-1,1,67,21,5573,3316,7037.0,3853,1.2917395953845856,1.605222702980126,1.083145848328942,1.2396946265528934,1.2986885459860122,2.393103882937276,1.9764584733388106,Visium,LAM4,LAM20,spot
CAATAAGAACCGACTT-1,1,67,23,5574,3425,10583.0,4756,1.1068485044668903,1.6031439334773174,1.0194642219975791,1.7743352744783858,1.4038795476350039,2.550335058803828,2.0300387690404977,Visium,LAM4,LAM20,spot
AACTGCCGGAGTAACA-1,1,67,25,5574,3533,9439.0,4306,0.9801384903728741,1.5715207247856766,0.7224313150371684,1.3074518257654921,1.0012128423693574,2.6562605222240117,1.7052199107222414,Visium,LAM4,LAM20,spot
CCTCTATGTTGCTTAT-1,1,67,27,5575,3641,5925.0,3308,0.9887095144370321,1.5138745360212573,0.7202039819474586,1.1943756907159728,0.9069646786929653,2.784385949111821,1.5231167459860784,Visium,LAM4,LAM20,spot
CGCCTCTGACTATTGT-1,1,67,29,5576,3750,9074.0,4454,2.63258833476956,1.5575063855806288,1.2469208158677632,1.164431122762361,2.116385627881623,1.8152968010323374,1.68791618173912,Visium,LAM4,LAM20,spot
GAAGGATGGTATACGT-1,1,67,31,5576,3858,5890.0,3306,1.2996357100438405,1.4002039636742227,0.6145889392813738,1.671784265586911,1.3790525829325924,2.439710754199617,2.02537432040956,Visium,LAM4,LAM20,spot
TCGTATACAAGACGAG-1,1,67,33,5577,3966,4907.0,2829,1.4356610723153564,1.5835085459759544,0.9275980723529681,1.4666647900224365,1.572996297122504,1.8074298096009103,1.8074298096009103,Visium,LAM4,LAM20,spot
CTGACGTATCCGCCAC-1,1,67,35,5577,4075,8535.0,4272,2.734010952408537,1.5073915629835528,1.1152664303684585,0.6163235321259245,2.0074155789100936,1.9254495096852318,1.5393146005830942,Visium,LAM4,LAM20,spot
CGAGTCCATGTCAACA-1,1,67,37,5578,4183,6812.0,3774,2.4591965818687496,1.927453817512078,1.5796988238303784,0.6596836313058007,1.843955174875548,2.3078364984385096,2.3017332916765896,Visium,LAM4,LAM20,spot
CGATGACCTCATCCTC-1,1,67,39,5579,4291,7531.0,3886,3.022290917506081,1.7771577407329633,1.1498591074039137,0.7354489888271653,2.315396055123298,1.60613942302312,1.9182924780830934,Visium,LAM4,LAM20,spot
GTAGCATCGAAGGTCT-1,1,67,41,5579,4400,5467.0,3254,2.2366439319234406,1.6845409732158378,0.9557084117406988,0.8459952228377541,1.6760207117343098,2.154257516992278,2.1453781042166424,Visium,LAM4,LAM20,spot
TAAGAACAGGTGTAAC-1,1,67,43,5580,4508,5773.0,3301,1.4391111411681967,1.456562474339843,0.8325400205652687,1.344042113898125,1.7515543812119179,1.9948915834105678,1.4961355562452328,Visium,LAM4,LAM20,spot
CACTCAAGACCATGCA-1,1,67,45,5580,4616,3292.0,2039,1.153656567429651,1.7149685229809855,0.9237959117587098,1.4618235034254012,1.644185602590941,1.95661467116005,1.4855457314130418,Visium,LAM4,LAM20,spot
GTCCTTCATGGATTAG-1,1,67,47,5581,4725,4646.0,2794,0.8019731807018443,1.4915149616951808,1.37612661532946,1.0840796701458502,1.0589495205837407,2.464869384548928,1.2300608709012983,Visium,LAM4,LAM20,spot
CATGCGGCCGGAATTC-1,1,67,49,5582,4833,5002.0,2707,0.6188546498083449,1.886730333235186,1.748869497585776,1.0983456930920172,0.810708058172183,2.233235157710283,1.748869497585776,Visium,LAM4,LAM20,spot
CCTATGATGGTCAATG-1,1,67,51,5582,4941,4742.0,2743,0.7907443136961284,2.0198674802313916,1.5455234057534364,1.3547150957433551,1.2156296095548853,2.281027235756678,2.5124310051064187,Visium,LAM4,LAM20,spot
AAGCCAGGCTGCTTGA-1,1,67,53,5583,5050,4785.0,2979,2.2039689619390366,1.8285188861757333,1.039792898161347,0.9242196969538835,1.8696295749606986,1.6447526065676197,2.1489393361767575,Visium,LAM4,LAM20,spot
AACATCTAATGACCGG-1,1,67,55,5584,5158,3148.0,2127,2.0550262776278885,2.0374342303790227,0.9510051678094027,0.8936025777675436,1.6804279411754963,1.9951410531564355,2.461390018480417,Visium,LAM4,LAM20,spot
GTATTCCGCTCGGATG-1,1,67,57,5584,5266,3127.0,2089,2.4024947157149312,1.6404208075226745,1.9453617781600654,0.4583396540083437,1.824012717242741,2.070514165737055,1.9453617781600654,Visium,LAM4,LAM20,spot
CAGTTGCAACCGAGAT-1,1,67,59,5585,5375,1309.0,988,1.1577271465239656,1.4001400066737715,1.5727136984609096,0.5273833881266144,0.6703530702498889,1.9968996394323153,1.7534754193822768,Visium,LAM4,LAM20,spot
AGTCGTTGCCTTACCT-1,1,67,61,5585,5483,1248.0,919,0.7629943878528123,1.436304781694552,1.3874955624655247,0.8988908101732906,1.0996800944289398,2.4581999019261938,1.0996800944289398,Visium,LAM4,LAM20,spot
TCCAATAACGTGCTAG-1,1,67,65,5587,5700,5040.0,3038,0.24954920275633694,1.329135947279942,1.6517825566585127,0.5431964229080128,0.689171032180306,2.631660425334374,1.0933072364384164,Visium,LAM4,LAM20,spot
TCGCTTACTCGCAAGT-1,1,67,67,5587,5808,3374.0,2250,1.9355253093871887,1.7478329768804166,1.624382004158923,0.0,1.4665650305880176,1.7816645583392936,1.8224053812740835,Visium,LAM4,LAM20,spot
GTCTGCTCAACACCAA-1,1,67,69,5588,5916,5534.0,3288,2.331483529182285,1.40411439837724,1.2483648551786417,1.0321202886327214,1.8595791032489801,1.7610762749050524,1.8595791032489801,Visium,LAM4,LAM20,spot
ACTATTACCAGGTGCT-1,1,67,71,5589,6025,13801.0,6098,0.2704365980793827,1.2211635169107833,0.7356690554554172,0.5449865432955675,0.9671042357948236,2.533169913248767,0.932063090438175,Visium,LAM4,LAM20,spot
ATTCTTGAGGCGACGC-1,1,67,73,5589,6133,6248.0,3634,0.5223195850986649,1.2699907043942789,0.6933072189695051,0.362211908815127,0.9557084117406988,1.8030766079816327,1.1633708560162728,Visium,LAM4,LAM20,spot
GTATGTTCTGGATCGC-1,1,67,75,5590,6241,5864.0,3352,1.081445047509606,2.356106462722384,1.5762887708573998,0.7348667009939062,1.4840200758387816,1.8997767526872265,2.0292157465302396,Visium,LAM4,LAM20,spot
GGACGTTAGATTCAGG-1,1,67,77,5590,6350,6026.0,3420,2.4363280463777404,2.1362518660319147,2.2517982471036504,0.4721548604397284,1.9481361084389914,1.5835270561500698,2.294520801898268,Visium,LAM4,LAM20,spot
GAACAGATCCGCTAGA-1,1,67,79,5591,6458,5736.0,3342,2.2738641544304987,1.6786725027288816,2.338978887450614,0.6683071626593873,1.9291840754047178,1.6229216778606284,2.5638490849660327,Visium,LAM4,LAM20,spot
GTGAGCACCAGCATCC-1,1,67,81,5592,6566,3793.0,2415,1.9496372483838895,1.7484315546069122,2.1870964177422065,0.9849700580577141,2.0694724260470183,1.9673477030917166,2.258467622502944,Visium,LAM4,LAM20,spot
CTTGGACAGGTTAGAA-1,1,67,83,5592,6675,8611.0,4482,1.0955439521336394,1.6671084597856751,1.2845209986840531,0.6122546874709861,1.200750803550857,2.1900417609668823,1.9798996242674356,Visium,LAM4,LAM20,spot
CATGCACGCCGACGGA-1,1,67,85,5593,6783,10187.0,4786,1.7998022239186773,1.7928223510457348,1.3408325577658022,0.6839264352663613,1.7763439845431153,2.217066483849503,2.1807728949052483,Visium,LAM4,LAM20,spot
TGCTGTATTAGCGGTC-1,1,67,97,5597,7433,2628.0,1733,0.0,0.0,0.0,2.5464289170405476,1.4654585657060917,1.2632176583336785,0.0,Visium,LAM4,LAM20,spot
AATTACCAACTCCGTA-1,1,67,121,5604,8733,15326.0,6061,2.52293359322801,1.418745254766361,1.0275946622358125,0.8604772788850307,2.018212168004837,1.927509569693823,1.7458068518183882,Visium,LAM4,LAM20,spot
TGGAAGTCCGCAGTCT-1,1,67,123,5605,8841,21140.0,6928,3.088711414129737,1.6229694100107226,0.883399989420949,0.1947578802430561,2.513889681537801,1.514638482023723,2.2276617095220828,Visium,LAM4,LAM20,spot
GCCGCTAGATCACCTT-1,1,67,125,5605,8950,1934.0,1401,2.4284475473069147,1.2768464502317292,0.8297117141630173,0.3853014115918454,2.169733038188983,2.3494199974687313,1.7091568982166119,Visium,LAM4,LAM20,spot
AAGATAGTCGACCTTG-1,1,68,8,5475,2613,29593.0,6473,0.7236895847613593,0.5938806156571085,0.7207589289639151,2.643043168441269,2.879839156684305,1.7938317600752685,1.0936891184167277,Visium,LAM4,LAM20,spot
CGGCTTCGATCTCCAA-1,1,68,10,5475,2721,38210.0,7033,0.6002213395686727,0.802021536381056,0.7631340619118905,2.6400713725824074,2.8194796749931927,1.9971891115147862,1.200774814759345,Visium,LAM4,LAM20,spot
TGACGCTGCAGCTCAT-1,1,68,14,5477,2938,7303.0,3867,1.9269355217118007,2.220919589542237,0.7876105253593046,0.8625946742365386,2.30972101215684,2.060067755733135,2.6517983362953017,Visium,LAM4,LAM20,spot
GCCTTGCCTAGTCGAT-1,1,68,16,5477,3046,10269.0,4801,1.0809944382625183,1.9650079517119021,0.9004486997851784,1.6061818803170487,2.0405586816629664,2.373793186863631,1.9751921687883935,Visium,LAM4,LAM20,spot
AGGTCACCTCCGCCTC-1,1,68,18,5478,3154,8468.0,4406,1.9321852427544275,2.0604262755663485,0.7797451513721239,0.7797451513721239,1.77007268729937,2.114122850148956,1.8427889908366077,Visium,LAM4,LAM20,spot
TCATAGGTATTGCGTG-1,1,68,20,5478,3263,16066.0,6190,2.5788441113586913,1.7238374971544734,0.9975717918745439,0.8086453555334593,2.089412825485615,1.716407987278492,1.7883302174963518,Visium,LAM4,LAM20,spot
TGTCCGGATGGCAGTT-1,1,68,22,5479,3371,7771.0,4024,1.5811427561859608,1.7948644965093972,1.2735934545260787,1.2058813479436112,1.4765791247824405,2.345337535443808,1.6452327507093645,Visium,LAM4,LAM20,spot
TCGCGGAGTACAACCA-1,1,68,24,5480,3479,10588.0,4610,0.5930736636949394,1.212287218017666,0.8323176305497535,1.44990247308683,1.4869735549048035,2.6548263465513164,1.1765313282901653,Visium,LAM4,LAM20,spot
GTCTCGACTGACGAGT-1,1,68,26,5480,3588,7410.0,3685,1.0742843033788698,1.5355167805013936,0.6992016894686516,1.402932262977088,0.9883916787681094,2.658184334866007,1.6519750344721893,Visium,LAM4,LAM20,spot
CTGGTGCGAGAAGCTT-1,1,68,28,5481,3696,7952.0,3956,1.6698900560254835,1.7757023339017604,1.3427282040896933,1.1898067220375728,1.458860652536589,2.344838657901704,2.048892875942576,Visium,LAM4,LAM20,spot
ACTGAGACCTTAGCAC-1,1,68,30,5482,3804,4984.0,2971,1.86345956995369,1.3886991718980697,1.0136417287133326,1.7156065065866055,1.3241072733017867,2.400809452334152,1.7518483091033752,Visium,LAM4,LAM20,spot
CTACCATCGATGAGAA-1,1,68,32,5482,3913,5549.0,3041,1.118275413902285,1.4870533888695903,0.6424133373559076,1.6907231890675487,1.5269804455967524,2.6752479635528705,1.6203352493655567,Visium,LAM4,LAM20,spot
CACCTTGCGAGTTATG-1,1,68,34,5483,4021,4583.0,2797,1.2509578696050785,1.757918108206288,1.3157300114379336,1.380131159040849,1.4523080374077124,2.021008426315043,1.7765524192467022,Visium,LAM4,LAM20,spot
TACGTGTACATCCGTG-1,1,68,36,5483,4129,7400.0,3916,2.5168865794103192,1.4453278927040836,1.3090630131839005,0.8549902060103592,1.5510068289982575,1.9887378528030788,1.3090630131839005,Visium,LAM4,LAM20,spot
CGAGCGTGCATTGTGG-1,1,68,38,5484,4238,9437.0,4492,2.7429322468561583,1.6760868996828509,0.8435365759043545,0.39316516385235833,2.114465260283394,1.9714864046939455,1.6810313344228012,Visium,LAM4,LAM20,spot
ACATTGCAGTTCGGCA-1,1,68,40,5485,4346,4869.0,2904,1.4415907961607393,1.2425890407776103,1.1163899315145223,1.7012947912134802,1.6307334707190888,2.292518852089549,1.7711822557163257,Visium,LAM4,LAM20,spot
AATAACGTATTGAACA-1,1,68,42,5485,4454,5163.0,2932,1.2499723739506374,1.2012380980569894,1.0773404439212901,1.9184765875116407,1.7227735150686634,2.306444895001668,1.7650982017915022,Visium,LAM4,LAM20,spot
TACACTGTAGTCAACG-1,1,68,44,5486,4563,5491.0,3065,0.41892871351052025,1.9473140594356517,1.6287726416378043,1.0371488218274902,0.7599766013513393,2.642740559090012,2.0283734708995467,Visium,LAM4,LAM20,spot
AGGAGCCTCGAACGTT-1,1,68,46,5487,4671,2859.0,1980,1.252298876696822,2.3460143885918616,2.3626211005683677,1.1711890230122477,1.503572041948127,1.625445286221748,3.090422209534906,Visium,LAM4,LAM20,spot
TGTAATGCCTAACACC-1,1,68,48,5487,4779,4454.0,2557,2.199275202854547,1.9547235922333577,1.595146786429949,0.1857379021856403,0.9872633815668866,1.6324022571914962,2.6721492222393595,Visium,LAM4,LAM20,spot
CGATTAACTAATCTTA-1,1,68,50,5488,4888,5662.0,3005,1.9889307211902274,2.704889672031424,1.5587950971008298,0.7532635479548204,1.1655543125779286,1.8859843881241258,2.329455033839767,Visium,LAM4,LAM20,spot
CATCGGTAGCGTCCGA-1,1,68,52,5488,4996,3321.0,2221,1.0008716042027899,1.461461049101956,2.651391157747094,0.739534672314681,0.561206125894989,2.254609110989037,1.8939985872236276,Visium,LAM4,LAM20,spot
TCCTGCCGTGTCTAAG-1,1,68,54,5489,5104,5368.0,3143,1.2978109429572044,1.7329340227581367,1.2701748999721902,0.7818337557077354,1.33350964214567,1.5530331375666655,1.9861273194459452,Visium,LAM4,LAM20,spot
GCGACGTAGAGCGTTA-1,1,68,56,5490,5213,3806.0,2219,1.3869885124539874,1.9886730558733938,1.7794223370709779,0.6706097225769168,1.7224099543150482,1.682511894257268,1.5975971989809274,Visium,LAM4,LAM20,spot
CTTGAGTCCAAGGCTG-1,1,68,58,5490,5321,3152.0,2139,1.3135521095959666,2.1158884974262766,2.3146315317546238,0.6233958964272073,0.5839722928266483,1.5478504753138778,1.817338981543459,Visium,LAM4,LAM20,spot
TGTCACAGACGTATCC-1,1,68,62,5491,5538,1722.0,1294,2.032978806318324,2.211574599366026,2.0193067824395325,0.0,1.80521862260206,2.6087651685478925,2.4125690503955535,Visium,LAM4,LAM20,spot
ATGTACCATTATTGTC-1,1,68,70,5494,5971,3466.0,2333,2.4251725135467157,1.3571667988296747,1.6028379926859597,1.697247201436185,1.6729300120570219,1.981167269501648,1.7384292975497169,Visium,LAM4,LAM20,spot
AACCGTGCTTATGTTG-1,1,68,72,5495,6079,6192.0,3429,0.2075932212256442,1.8949859264564142,1.1695699241191753,1.0158841210395888,0.591941101075754,2.3437997752602557,1.924880301701432,Visium,LAM4,LAM20,spot
CGCACTCACCAGCACG-1,1,68,74,5495,6188,8154.0,4108,0.3003991426891784,2.0311065719069585,1.1461909004805975,0.89583179185407,1.043658947386475,1.5858774361045351,1.8979290761734453,Visium,LAM4,LAM20,spot
TATGGATATGGTGCGA-1,1,68,76,5496,6296,6381.0,3503,1.0264112085981159,1.9166967323445638,1.8694970134030833,0.5378620464052518,1.3707773189535724,2.316657887376413,1.928156599686851,Visium,LAM4,LAM20,spot
CAACCGTTAACAGACC-1,1,68,78,5496,6404,8411.0,4234,1.9379638552814695,1.8670259663230957,1.3793448140987725,1.116317238328206,1.9591381676151736,2.1200637778119527,2.095993257431712,Visium,LAM4,LAM20,spot
CACCTATTACTCAGAT-1,1,68,80,5497,6513,4561.0,2887,2.178196125393618,1.7619020767723133,2.0950233060339807,1.2213666433146095,2.1914097551860263,1.7492729355269443,2.3601173802706232,Visium,LAM4,LAM20,spot
GCCTCATGCGAGCAGG-1,1,68,82,5498,6621,7638.0,4027,2.406933987271252,2.393362173467386,1.8039050162911323,0.6060384170985179,2.1993462085905393,1.9303025035709773,2.7658562381489284,Visium,LAM4,LAM20,spot
ACATGTTCCACTGATA-1,1,68,84,5498,6729,5879.0,3492,1.7257830004599164,2.320939179925062,2.574092665317925,1.1998153547238997,1.969349660234035,2.054620816613978,2.7652798011340836,Visium,LAM4,LAM20,spot
CCTATCTATCAATCGC-1,1,68,86,5499,6838,12843.0,5594,2.418898520342838,1.8997211306226764,1.2335021238641866,1.0187113374397399,2.4928366594499587,2.2444478692097665,2.2782550635762555,Visium,LAM4,LAM20,spot
ATACTATGGTTACATT-1,1,68,98,5503,7488,2280.0,1454,0.0,0.8397506547518206,0.0,1.8218703970380083,0.7402651035370152,1.367105580469022,0.43712242797885603,Visium,LAM4,LAM20,spot
TGTTCAGATAACGGTC-1,1,68,120,5509,8679,7144.0,3688,2.103993679073604,1.2973468751033945,0.9457516809063079,0.6369823385124722,1.8324470762192706,2.481978390008912,1.5421033995525673,Visium,LAM4,LAM20,spot
TGTATGTCGAGGAAGC-1,1,68,122,5510,8788,19710.0,6718,3.0447295006402295,1.640999505472876,1.0656025871158086,0.37928083113565225,2.563895061106631,1.8581407443514888,1.884175068187953,Visium,LAM4,LAM20,spot
GGTACGTGCCTTATCC-1,1,68,124,5511,8896,11762.0,4936,3.0406514815977244,1.3585800563723922,0.6711418229632827,0.20853456768065942,2.4980545467853013,2.017322204596862,1.5739930917150493,Visium,LAM4,LAM20,spot
CGTACAGGATTGGAAT-1,1,68,126,5511,9004,1064.0,830,3.0511497050463703,1.0576858609588922,0.7769422378520321,0.6175659116388075,2.7894800318741293,1.7403342574206178,2.221774546748259,Visium,LAM4,LAM20,spot
GCGGTTCTGTGGACGT-1,1,69,11,5381,2776,13289.0,5103,1.5830961224163953,1.3887933055364878,0.7987747987773368,2.0417538677221523,2.3779269445007163,2.330283802811074,1.7243858529959746,Visium,LAM4,LAM20,spot
CGTCTTGCAACTTCTG-1,1,69,13,5382,2884,19067.0,6515,2.609127623422138,1.3296371497908945,0.8377521109350798,0.7628086025850154,2.0309584709618127,1.7888269029710857,1.4836550078795987,Visium,LAM4,LAM20,spot
GTACAGCTGTTGTCCT-1,1,69,15,5383,2992,14536.0,5838,2.5565804470972453,1.7486493455743264,1.0912009259984674,1.0344928410507255,2.0421919171255567,2.237515641480291,1.8590417119096938,Visium,LAM4,LAM20,spot
ACAGAAGTGATCAATC-1,1,69,17,5383,3101,11838.0,5165,1.8030988876942282,1.9575716690578326,0.7207242186460749,1.385037985425134,1.853982844159259,2.604929379365587,2.075569381447661,Visium,LAM4,LAM20,spot
TCGAACAGGTTGCACG-1,1,69,19,5384,3209,8621.0,4269,2.22844499840387,1.709072753190449,1.3230618730351693,1.7298544491163041,1.8733089868070891,2.1890110850951126,2.0372853096276073,Visium,LAM4,LAM20,spot
TACGTTCCACGCTCGT-1,1,69,21,5385,3317,7032.0,3637,1.1090672233040721,1.5768300980750054,0.9554458088487511,0.7717329454055728,1.4350032608140433,2.4361117453722176,1.5545455499182768,Visium,LAM4,LAM20,spot
GCCACGACCGTTAAGT-1,1,69,23,5385,3426,9099.0,4295,2.3437450267325373,1.5078192729313906,0.6011779352095287,1.0641279822762055,1.8278267998339823,2.281583593694671,1.6598857016644415,Visium,LAM4,LAM20,spot
TGCCACCTATTACATT-1,1,69,25,5386,3534,5898.0,3176,0.8974247388989088,1.2160059137740835,0.9096904969791251,1.4438187796757542,0.9915800047578365,2.554777023200187,1.9364678517045384,Visium,LAM4,LAM20,spot
CAATCTGAGTCGACTC-1,1,69,27,5386,3642,6487.0,3528,1.5568282232929875,1.6110398350834336,0.674710969376704,1.8445631536230813,1.4970472793878251,2.327206265598675,1.3585109974237677,Visium,LAM4,LAM20,spot
ATAGGCCGGTAATTCT-1,1,69,29,5387,3751,12295.0,5289,2.4880823374405465,1.4087129929181457,1.075575482188386,1.9337205785833111,1.8384365947801413,1.9408235495968917,2.0157972931924073,Visium,LAM4,LAM20,spot
CAAGGCAAGCATCTCG-1,1,69,31,5388,3859,16191.0,6167,2.8968558722122184,1.4378570590272952,1.4451626539750544,0.9000986722981467,2.3728223261285772,1.832554287787669,1.8807838271493862,Visium,LAM4,LAM20,spot
CTTGGACATTACAGGA-1,1,69,33,5388,3967,7370.0,3758,1.2584235433151472,1.3120298168513425,0.41132758262119107,1.647486111645159,1.6234505372961474,2.1877319536694833,1.6234505372961474,Visium,LAM4,LAM20,spot
AAGGAGTGGCTACCAA-1,1,69,35,5389,4076,8309.0,4027,1.119449447865771,1.2941054334308606,0.8560962738725364,1.8840240702850006,1.9696281532002071,2.004009599259843,1.8587659077691725,Visium,LAM4,LAM20,spot
CTAATCACTCCGAGAC-1,1,69,37,5389,4184,6391.0,3408,1.6141299299086374,0.9418416530390783,0.6820547488452758,1.8116989403353663,1.7732031311775276,2.051603666909785,1.1478667878225994,Visium,LAM4,LAM20,spot
CCAGGTTACGAGACTG-1,1,69,39,5390,4292,4604.0,2727,0.936660236748477,1.0834383762853128,1.312386863423053,0.8680232965506484,1.1543699729337542,1.967681275340591,1.236496343555328,Visium,LAM4,LAM20,spot
GCACGAGCTATTGTCG-1,1,69,41,5391,4401,4955.0,2970,1.10464852429996,1.4885977362317295,0.4084877804347504,1.7203950667960652,1.10464852429996,2.276792817805948,1.7121511329488845,Visium,LAM4,LAM20,spot
ATCGCATCACGCATCT-1,1,69,43,5391,4509,4969.0,2817,0.8909662893271105,1.530926868087434,0.5622859398254945,1.4570195110831423,1.3263204381990086,2.462423502805581,1.9148428640832134,Visium,LAM4,LAM20,spot
TCTAGAGTCTCCACGC-1,1,69,45,5392,4617,3706.0,2302,1.074106614119885,2.0813959177441728,2.130657256155822,0.9995714673549488,1.618891200149191,2.3020272831927193,2.3778257208067353,Visium,LAM4,LAM20,spot
CCTCCGAAGCTGTACC-1,1,69,47,5393,4726,4179.0,2468,2.1015394369183102,2.335282282482865,1.5237439469869212,0.19683070976519643,0.9145184036732975,1.5237439469869212,2.6504947657629785,Visium,LAM4,LAM20,spot
AGATCATTCACGCTGT-1,1,69,51,5394,4942,3739.0,2209,2.766372694147546,1.4989231301255062,1.388498402753482,0.0,0.8489775706504306,1.8483010693001893,2.3380286485376476,Visium,LAM4,LAM20,spot
GTATCTGTGGCGTCTA-1,1,69,53,5394,5051,3973.0,2448,1.8552895625449202,1.9153148888382836,1.7438561505571988,0.9561730360018484,0.9451186069424151,1.6476933137796883,1.9427409167415512,Visium,LAM4,LAM20,spot
CATCGGATCCTACCTG-1,1,69,55,5395,5159,4433.0,2642,1.18044069562251,2.3271621574873933,1.340187824920287,1.1153826070037185,1.8042757447818136,1.6362062807501,1.8042757447818136,Visium,LAM4,LAM20,spot
ATCTGATACTTCATTA-1,1,69,57,5396,5267,2174.0,1563,1.4552565666965989,2.561830778139097,2.429181268950255,0.6077691143497569,1.3545159861326568,1.9647442416205885,2.478600391866452,Visium,LAM4,LAM20,spot
GCACATGCCGGTCTGG-1,1,69,65,5398,5701,1957.0,1454,1.682666393112954,2.2707605680454885,2.3590591189439487,0.3815363603392594,1.070280803140632,2.490836345983447,1.6994850447621939,Visium,LAM4,LAM20,spot
CCATGGTTCCAATGTC-1,1,69,67,5399,5809,1944.0,1402,1.164582764668419,1.815481354198642,1.815481354198642,1.815481354198642,1.2731302713198018,1.9461060930159677,2.005531397376964,Visium,LAM4,LAM20,spot
GTCTAGCGTTGTGACC-1,1,69,69,5399,5917,2054.0,1484,0.5279818256719648,1.769607443554486,1.769607443554486,0.6340290139805668,0.7962168561351813,1.8991141004757923,2.3153561644044593,Visium,LAM4,LAM20,spot
TATGCCACAGCCGGTG-1,1,69,71,5400,6026,2242.0,1577,1.0686885245470097,1.9802321552102509,0.9830569215649502,0.5938594307643569,0.9830569215649502,2.294614068746682,1.9647202725481308,Visium,LAM4,LAM20,spot
CACCTACATGATTGAT-1,1,69,73,5401,6134,4602.0,2699,0.2703507789099385,1.4988971668483275,1.6241916419386395,1.876589464435845,1.7258969757874747,2.0174204922481564,1.5691771105534162,Visium,LAM4,LAM20,spot
CTGGAAGGCAACCGGA-1,1,69,75,5401,6242,5513.0,3094,1.0345694424746474,1.5320791865725325,1.3731023405243836,0.8412205523614665,0.9505598319337387,2.279025371302099,1.5320791865725325,Visium,LAM4,LAM20,spot
TCTTGCACGTCTAATG-1,1,69,77,5402,6351,5509.0,3090,0.5754597630791913,1.6438367084067085,1.1844885144472361,1.8374679361392743,1.580487746863429,1.9092713068936757,1.9314398552984058,Visium,LAM4,LAM20,spot
AGCGCATCGTGGTCGA-1,1,69,79,5402,6459,5003.0,2927,1.0982124485988083,1.5255869096998138,1.321316007111717,1.7124869621714416,1.9090315697509765,2.196691421708795,1.8320776390686375,Visium,LAM4,LAM20,spot
AACTATCGTCATAGTC-1,1,69,81,5403,6567,4756.0,2911,1.2246514286545311,2.123353794277224,1.043727052324115,1.4907962622304463,1.6496609050485798,1.8881225220292037,2.15431141863232,Visium,LAM4,LAM20,spot
GACTACGCCTATAGCC-1,1,69,83,5404,6676,7660.0,4094,2.51578756369205,2.193154804277046,1.828080487918096,0.21298052278908938,2.1408337999813445,2.2497790430405558,2.6659218706678995,Visium,LAM4,LAM20,spot
TGCGGACCATGGTACC-1,1,69,85,5404,6784,5189.0,3168,2.2549207161639524,2.141934888946796,2.07768146600033,0.9465335842050436,2.1643126940031854,1.7041464057456592,2.6223029383243133,Visium,LAM4,LAM20,spot
ATTATCCATTGTGACA-1,1,69,87,5405,6892,12089.0,5525,1.1015779225526865,1.6834596159033604,0.8519429996050182,0.9762173440604803,1.3328393089399526,1.80846188020652,1.5075364490326995,Visium,LAM4,LAM20,spot
TATTCGATGATCTAGT-1,1,69,97,5408,7434,1459.0,1076,0.6826645431688989,1.117173256104691,1.2726366292224058,1.250579765806791,1.2726366292224058,2.0610241779036627,0.0,Visium,LAM4,LAM20,spot
AAGGACCTGCAAGCAT-1,1,69,119,5415,8626,7042.0,3723,3.009246659858602,1.6327927043632187,0.8837886646729034,1.7538041243769766,2.439985729991395,2.2534270679315345,1.9509285739304858,Visium,LAM4,LAM20,spot
CCATGACAGGAGAACA-1,1,69,121,5415,8734,23723.0,7329,2.963557407045124,1.576075485456776,0.6937160866952443,0.478180874016822,2.5076442550397533,1.8356404736650629,2.0193920795337985,Visium,LAM4,LAM20,spot
GTTGCAGCCGGCTTGG-1,1,69,123,5416,8842,14360.0,5925,2.575424164725214,1.4523115934389226,1.1556804271035308,0.6004797451826536,2.158734021570475,2.17204696115041,1.8282265911408673,Visium,LAM4,LAM20,spot
ACCAGCACTCCAATAC-1,1,69,125,5417,8951,3930.0,2504,3.0089308654566516,1.996239693106874,1.6360525890442932,0.7685348596290619,2.546977115057106,2.2931257357411945,1.8574106027350312,Visium,LAM4,LAM20,spot
TATGAGCCGCAATCCG-1,1,69,127,5417,9059,243.0,217,2.5461420290202113,0.0,2.4237460475970547,1.5562723089431452,2.4237460475970547,2.689031902628088,0.0,Visium,LAM4,LAM20,spot
GGTGCATGATACGGAT-1,1,70,10,5287,2722,16799.0,6169,1.6746623573122654,1.9644959775730244,0.8498797124307805,1.8061361078657745,2.24158575070186,2.3152572047741726,2.124236821593425,Visium,LAM4,LAM20,spot
CTGCGGAAGCAGGCAC-1,1,70,12,5288,2830,27842.0,7722,2.8692855243522133,1.5849467736920455,1.105365765636504,0.8496050770505594,2.181189477037317,1.8820767199628297,1.7028590361063995,Visium,LAM4,LAM20,spot
GATTCCGTCTAACGTT-1,1,70,14,5288,2939,18289.0,6214,2.7821384221455867,1.6186251715862228,0.9177441013786559,0.6649701967173824,2.1341467054454464,2.2771060429689793,1.8454697830400695,Visium,LAM4,LAM20,spot
ATACTATGAATGTCTT-1,1,70,16,5289,3047,12534.0,5345,2.768255393785848,1.7828104453141767,1.027874066726972,0.8353148532458008,2.3770816467784437,2.1493621248293198,1.9991311927470539,Visium,LAM4,LAM20,spot
TCTACCGGTCAATAGC-1,1,70,18,5289,3155,13526.0,5480,2.8847264833859465,1.5778332512908981,1.1396057899943526,1.1040371274749154,2.1163463664836826,1.820544201481737,1.726461627892078,Visium,LAM4,LAM20,spot
CGATAACTCCTTATGC-1,1,70,20,5290,3264,9397.0,4505,2.400944922313623,1.7920254761990062,1.2605617253982198,1.0766575314956521,1.7786376785117233,2.1548443647592666,1.8850812238485846,Visium,LAM4,LAM20,spot
CTCATCTATTCGATAC-1,1,70,22,5291,3372,8965.0,4234,2.4014381452156024,1.8665112730652687,0.813096796035638,1.038607520672614,1.904593383655347,2.896108098361636,2.237071938289875,Visium,LAM4,LAM20,spot
GAACGCCACGGTGGTT-1,1,70,34,5294,4022,5874.0,3291,2.5201545014792637,1.2679685326214316,1.1404007890728465,1.1526941717992203,2.027735998108705,2.191051640145547,2.0822465926074445,Visium,LAM4,LAM20,spot
AGCTTCGCTGCGGTCA-1,1,70,36,5295,4130,4500.0,2786,1.6945957207744073,1.2367626271489267,1.1700712526502546,2.137090856332616,2.03688192726104,1.6945957207744073,1.8370160608161759,Visium,LAM4,LAM20,spot
CCGCTCTGGATATCGG-1,1,70,38,5296,4239,2976.0,2024,1.07162570027986,1.4725213804022117,0.9858569156886918,1.2365734123896113,1.1314454681647834,1.7011574241076965,1.371228481571178,Visium,LAM4,LAM20,spot
GAATACCTGCCACGGC-1,1,70,40,5296,4347,4352.0,2710,1.0884063229022252,1.3237147044676525,0.6214754352268573,1.4190895746476893,1.3538338345631287,2.7442340048460574,1.6136569409798296,Visium,LAM4,LAM20,spot
GCACTCCGACTGGCGT-1,1,70,42,5297,4455,7271.0,3894,0.778797859869537,1.71173777326855,0.5233449213264909,0.7538975596319489,1.1193915500507927,3.0950499496309996,1.8981028602532535,Visium,LAM4,LAM20,spot
TGTAATCGAGACTGGC-1,1,70,44,5297,4564,4749.0,2810,0.643140230923982,1.9309383576969483,1.3597826070022674,1.447924036990526,1.4251687875868644,2.4748128281417023,2.092698197363449,Visium,LAM4,LAM20,spot
AGGTGAATCCACAACC-1,1,70,46,5298,4672,5342.0,3016,1.1440255350195063,2.912851084693448,2.0523077263936456,0.29293525956318567,1.8894719436980947,2.209572284689487,2.465023525055059,Visium,LAM4,LAM20,spot
AAGGCGCCGACAATCT-1,1,70,48,5299,4780,3998.0,2394,2.398349942261509,1.5585394743897822,1.338654110833638,0.7593712034480011,1.0563788711228908,1.7201965383958011,1.9814326260127937,Visium,LAM4,LAM20,spot
GCAACAGCTCCTATGA-1,1,70,52,5300,4997,5358.0,2897,2.3352304123667653,0.8357128555163709,1.0530457397859347,0.2921766902949608,0.38294135001385105,1.2494691871977028,1.6485294071434227,Visium,LAM4,LAM20,spot
CAGAGGCGAATTGCCA-1,1,70,56,5301,5214,5036.0,2890,1.7617162272620217,2.7782813841986043,1.9034343993184357,0.893696428963838,1.7432770416583783,1.6037026728803543,2.1908500537587834,Visium,LAM4,LAM20,spot
CGAGCGTATGCCAGCG-1,1,70,58,5302,5322,4441.0,2593,2.2706095341654327,1.9885434786026983,1.179191806834463,0.1862339768070225,0.4465662800474814,1.4765046617285376,2.528938977675556,Visium,LAM4,LAM20,spot
TCGTATTAGATCCGGT-1,1,70,60,5302,5430,2927.0,1837,2.4203149821901606,2.3576515810726084,0.99629664614527,0.0,1.1427223461271274,0.4507005355151493,2.457574895499532,Visium,LAM4,LAM20,spot
ATTGGCCTAGGAATCG-1,1,70,62,5303,5539,1392.0,1070,2.102169792757392,2.0102947174560706,2.206283042137879,0.0,1.3067005469314699,1.2221965432823876,1.9859436554605994,Visium,LAM4,LAM20,spot
CGACAATTCGTCATGT-1,1,70,68,5305,5864,3264.0,2390,0.0,2.006040333284419,1.0698109609082291,0.6073504277934938,0.9289552947154768,0.9289552947154768,1.721978472125634,Visium,LAM4,LAM20,spot
ATAGTGTCAGATGTAG-1,1,70,70,5305,5972,3725.0,2577,0.32462310377309844,1.6147926775717603,1.740112880365888,0.9019108368195832,1.1030765817967951,1.3041521355640715,1.9028084727030943,Visium,LAM4,LAM20,spot
GGTAGCGTACATCTGT-1,1,70,72,5306,6080,2959.0,1947,0.3939244952576736,1.1078072401973689,1.375506403448515,1.6679346078891588,1.6533399845961243,1.9734956971021012,1.4769391540352048,Visium,LAM4,LAM20,spot
CCACAGGAAGATGTGC-1,1,70,74,5307,6189,6949.0,3400,0.48041071024869475,1.3917836564535506,0.9627688831860794,2.0375756187337655,2.1035583661443242,2.214262006916226,1.670940819096336,Visium,LAM4,LAM20,spot
ATTGCCTGATGTGCGG-1,1,70,76,5307,6297,7970.0,3846,0.5405636535373634,1.5611118814415874,0.8130192079933439,1.9842411425495177,1.6848177049847801,2.143381938556423,1.4930027759834068,Visium,LAM4,LAM20,spot
TCCTGCTACATGCAGA-1,1,70,78,5308,6405,6597.0,3286,0.6239013792039928,1.3941834272316693,1.1859394159145418,1.4918005935572618,1.4401102404021644,2.088639422436777,1.5260826655916284,Visium,LAM4,LAM20,spot
AAGGTGCCGCTAAGGT-1,1,70,80,5309,6514,5286.0,2942,1.2332308691286775,1.8095718835532402,0.7804107643604958,0.8653540079343127,1.4610844960938265,1.9886911984562616,2.0614987048995275,Visium,LAM4,LAM20,spot
ATGCTCATGCCTGCCT-1,1,70,82,5309,6622,3756.0,2425,1.7824613420949336,1.8857133225310987,1.2028539677990897,1.0771488774763334,1.6726776672169725,2.0918333832691975,2.118856796406753,Visium,LAM4,LAM20,spot
AGCTCACTATGCAGTT-1,1,70,84,5310,6730,9018.0,4423,2.5800521621781223,1.6078398297927543,1.363753457225888,0.4730308577200365,2.1050857268696794,1.9064684776987781,1.7900947443555022,Visium,LAM4,LAM20,spot
CTATCCATAATCGATA-1,1,70,86,5310,6839,8908.0,4548,2.5546925012002513,1.6176662032014117,2.181332867486501,0.5968711100957138,1.9898653401905602,1.7029912328868224,2.0458225321890016,Visium,LAM4,LAM20,spot
CTTCAATCGTACTACG-1,1,70,88,5311,6947,8224.0,4308,1.5364068818706444,1.5874071236950278,0.4749766518059138,0.5731176368346727,1.7425375484410228,1.8356377483413306,1.5364068818706444,Visium,LAM4,LAM20,spot
CTATGCACCAATCCAG-1,1,70,98,5314,7489,1696.0,1251,0.9875451949771632,0.4634966556803493,0.5521757806707273,1.6654712415356578,0.9058591531643394,1.3732377958174629,0.5521757806707273,Visium,LAM4,LAM20,spot
ATTAGCTAGATGCGCA-1,1,70,120,5321,8680,19634.0,6717,2.7988129145794955,1.4491873787054745,1.4310893025711005,0.28074286752776145,2.459223979835478,2.030929555174786,1.6242407145301374,Visium,LAM4,LAM20,spot
TCGACTGCAATTCTCG-1,1,70,122,5322,8789,24483.0,7579,2.2347325127391606,1.6884753361528777,1.6059026916064323,0.6944218354207801,2.1818400103026017,1.8092036748352014,2.2268961256539597,Visium,LAM4,LAM20,spot
CACGCCTGGCGAATGT-1,1,70,124,5322,8897,7359.0,3858,2.967432932551058,1.5696289028820922,1.9380365530015853,0.3152513095262025,2.569558910092038,1.710115650571825,2.2324996675172994,Visium,LAM4,LAM20,spot
ATCCGAACGCAACCTT-1,1,70,126,5323,9005,614.0,502,2.7053787283404427,0.9664759206827517,0.0,1.93476489160847,2.58135131561925,1.312228148722298,2.2130238287746855,Visium,LAM4,LAM20,spot
GGTTCTATCATATGGC-1,1,71,9,5192,2668,20984.0,6752,2.8291170169917255,1.4333947372008864,0.6384470017812992,1.1387394867142773,2.045279494905865,1.8809588322136717,1.5587463993372774,Visium,LAM4,LAM20,spot
GTAACGGCAGCCTACA-1,1,71,11,5193,2777,20585.0,6697,2.661974348396839,1.300695195578803,0.9933507254637103,0.7849946304797826,2.014562909274015,1.8601440178315862,1.5484458439578273,Visium,LAM4,LAM20,spot
ATGTAGTCCAGAACAT-1,1,71,13,5194,2885,18293.0,6397,2.4858426873993205,1.6814343410285084,0.7708702143892772,0.7387486388493807,2.040772253569813,2.0583730120624,1.9477982374981222,Visium,LAM4,LAM20,spot
GAACGCTTAGAACGTC-1,1,71,15,5194,2993,9989.0,4644,2.359151490124837,1.6103184936745836,1.4767556650687197,0.9700838341834217,1.7056486776797912,2.5133170362533663,1.813299753909544,Visium,LAM4,LAM20,spot
TCAGGAATAGAACCTG-1,1,71,17,5195,3102,11062.0,5073,2.2805104442469264,1.2357005975223494,1.6229424095891432,1.0893542883502592,1.9114624883482674,2.0895526693936652,1.8058227152756787,Visium,LAM4,LAM20,spot
AATGGTCGAACGTGAA-1,1,71,19,5195,3210,22238.0,7001,2.770583224334907,1.525500891341496,1.0490483743813501,0.551492131131497,2.1569316504309484,1.9872618556296042,1.963876343390968,Visium,LAM4,LAM20,spot
TCATAATTCGTGCAGA-1,1,71,21,5196,3318,12541.0,5125,2.716355499708785,1.6984288295185428,1.1291849841178339,1.0078660079470283,2.2053601556068534,2.509296902031049,1.7200775080294974,Visium,LAM4,LAM20,spot
TGGCGATGAGTGGCAG-1,1,71,33,5200,3968,4488.0,2788,1.5043885839578734,1.4683917233070913,1.746561330851078,0.47479282332883566,1.5890896817780187,2.2159301587100253,1.8392614203669382,Visium,LAM4,LAM20,spot
ATTAGTTGGACGTGAT-1,1,71,35,5200,4077,5711.0,3249,2.44287219949506,1.913729657691219,1.0119669642827345,1.30998050549342,2.1069233303292956,2.0799448294726015,1.9943464757825506,Visium,LAM4,LAM20,spot
ACCACGGATCCGGATA-1,1,71,37,5201,4185,5825.0,3157,2.7546092327531824,1.2247847680691475,1.2120942424251027,1.0552890110046456,2.1413276749540953,2.1984954273881185,1.6661670495986436,Visium,LAM4,LAM20,spot
CATATTCTTGTCGTAA-1,1,71,39,5202,4293,4823.0,2857,1.7976414482516,0.8082773582261746,1.1227838874448879,1.2384843145115059,1.0346863842289933,2.572216992994995,1.278638957209969,Visium,LAM4,LAM20,spot
GTGAACTCGTGGTATC-1,1,71,41,5202,4402,10945.0,4922,0.42008503055216745,1.294620776959179,0.10814330069305735,0.22248716250907494,0.8630961818448767,3.1520798466725117,1.153712853376686,Visium,LAM4,LAM20,spot
CTATCGAATGGTCTGT-1,1,71,43,5203,4510,7121.0,3633,0.5891499096352065,1.3372601705487512,1.1334792185888978,1.7220308949373122,1.6511346822103186,3.175419256160934,1.4254354042420923,Visium,LAM4,LAM20,spot
AGATGCACGTAGGTGC-1,1,71,45,5203,4618,4585.0,2667,0.27122871402588583,2.155660152914969,1.1572034976112566,1.4284914383320466,1.4519738614093665,2.196901410296445,2.1235732113024297,Visium,LAM4,LAM20,spot
TCTAGCTTATTCGCCA-1,1,71,47,5204,4727,3112.0,2002,0.8659054658717507,3.2481600492714438,2.005086356847789,0.9004140174399424,1.4382622351253833,1.5579190931363678,2.860399774048644,Visium,LAM4,LAM20,spot
TACATTGACTGAGTCC-1,1,71,49,5205,4835,3738.0,2193,2.69180647074384,2.22928347959845,0.6947510301419199,0.21769070384151562,0.6947510301419199,1.7757289232451998,2.3382703213866765,Visium,LAM4,LAM20,spot
ATTGCGTAGTTAGGAG-1,1,71,51,5205,4943,3463.0,2147,2.4963537449608255,1.6179490915374233,1.0313299289999087,0.5808438796388714,0.7337496881012506,1.579025343199811,1.9651941555475438,Visium,LAM4,LAM20,spot
GCGAGCTAACTCCTAG-1,1,71,55,5207,5160,2434.0,1660,1.208271568757062,2.7594064899449,2.326696339357448,0.7516472070866251,1.2719462574507099,2.2927035080659626,2.50945896354162,Visium,LAM4,LAM20,spot
CACGCCACTCCTTCAT-1,1,71,57,5207,5268,4123.0,2466,2.3374873795758897,1.480600796099951,0.4739673857780794,0.0,0.6468581304775671,1.4431214708145526,1.5343107453560743,Visium,LAM4,LAM20,spot
TGGTTGGTATCGGCAT-1,1,71,61,5208,5485,3798.0,2236,2.267079129621821,0.8400498105364338,0.5057575102887387,0.0,0.2845175128488179,0.3638285131726351,1.7811717578292343,Visium,LAM4,LAM20,spot
ATCAAGGAGCTTACAT-1,1,71,63,5209,5593,2805.0,1759,2.156335381961427,2.83572669756275,1.5184321806768288,0.28073040106364056,1.0233610149927357,1.6407891758698392,1.8480757777550814,Visium,LAM4,LAM20,spot
GACTTGAAGCCATAGC-1,1,71,67,5210,5810,1637.0,1354,0.0,1.961324378736942,1.1911233453093988,0.0,0.9271055890902766,0.7021676643674638,2.240657698686243,Visium,LAM4,LAM20,spot
TGACCATCCATCTGCT-1,1,71,69,5211,5918,7189.0,4159,0.18125122815393188,1.3663797509228959,0.8717175643442854,0.6340290139805668,1.5371708034614036,1.048961644037749,1.3302603997390197,Visium,LAM4,LAM20,spot
TCATTCACGCGAGCTC-1,1,71,71,5212,6027,1202.0,980,0.7832142596973249,1.465056330913444,1.4158046992692792,0.5632179962934281,1.8244956166263262,1.3279117471417436,0.7129171819609491,Visium,LAM4,LAM20,spot
AGCCTACGGTGACCAA-1,1,71,75,5213,6243,4283.0,2370,0.981225258777743,1.4513179677131338,1.1128309039153488,1.967869214289096,1.964154367288582,2.297583892739248,1.7853180345296997,Visium,LAM4,LAM20,spot
AATTGAATTCACTAGA-1,1,71,77,5213,6352,5487.0,3055,0.7136469095540307,1.4957607064044502,0.6477547367754297,1.037619304257199,1.1872676166689955,2.5291175858339967,1.866784774154871,Visium,LAM4,LAM20,spot
GTGCCACCTTGAGCAT-1,1,71,79,5214,6460,8934.0,3895,0.49445908959652024,1.6588781365704763,0.6094881365790692,0.885661776255193,0.8150259884088297,2.0905079830171545,1.9075423133279936,Visium,LAM4,LAM20,spot
GAGCTGCGGTGGTAAT-1,1,71,81,5215,6568,6114.0,3370,1.1323378041640069,1.5944089564322088,1.2393551040988602,1.2606548009333745,1.627076655196287,2.020535368065779,1.7408735547336214,Visium,LAM4,LAM20,spot
TATGCGTACCTGAGTC-1,1,71,83,5215,6677,8585.0,4236,2.4409026258687923,1.7332983469419634,0.8985453928490843,1.403862956791992,2.096118822408296,1.7670272195355712,1.8543121818627333,Visium,LAM4,LAM20,spot
GGTCTTGCACGTTGCG-1,1,71,85,5216,6785,9624.0,4577,3.0742172203578693,1.919681504028071,1.689365516610282,0.24949913393172019,2.4097270633128476,1.705226579221376,2.245213952994212,Visium,LAM4,LAM20,spot
CGTGGCTACATCCATT-1,1,71,87,5216,6893,14105.0,5673,3.066134997948409,1.7492152670481182,1.5139930195507043,0.4974465863815376,2.5483977863815412,1.949650549695999,1.9241011552593872,Visium,LAM4,LAM20,spot
ATTACATGTTATTGAC-1,1,71,97,5220,7435,2804.0,1894,0.0,0.7275003658495978,0.3686570788574646,1.2791815654277592,1.518710652935273,0.7833433681145417,0.0,Visium,LAM4,LAM20,spot
CTAACAAGGCTCACTT-1,1,71,113,5225,8302,133.0,123,0.0,2.1422751328062524,2.9855300312745556,0.0,2.3416612034430044,0.0,2.3416612034430044,Visium,LAM4,LAM20,spot
TACCATGGCGCCTTGT-1,1,71,119,5226,8627,5964.0,3360,1.1492394610827903,1.7096746599986452,2.5445181469495064,0.5665338880149011,1.3697259347726578,2.7247224269466908,1.6866597437659954,Visium,LAM4,LAM20,spot
AGGATAGATAATTGGA-1,1,72,8,5098,2615,28404.0,7864,2.9287237144887275,1.4689335455369472,0.7830851959841728,0.8382146552138998,2.380819270158246,1.6534083042280732,1.7027104528874752,Visium,LAM4,LAM20,spot
CAGCTTCTCCGCTCTT-1,1,72,10,5098,2723,15296.0,6015,2.5321871217333047,1.6827311475196833,0.5973007691430354,1.4373189811522187,2.1030875816995365,2.239644550568064,1.8679930323754492,Visium,LAM4,LAM20,spot
CGAATTAAGTGGACTA-1,1,72,12,5099,2831,17563.0,6109,2.9601808275891988,1.866563332568959,1.0962180337334617,0.7841386505266005,2.577977355282392,2.304100389909466,2.2252712025046417,Visium,LAM4,LAM20,spot
TCGCCGTTGTTACAAG-1,1,72,14,5100,2940,8731.0,4307,2.521997031232413,2.063320423886179,0.9999022994812105,0.8559412151205685,1.9477736863912947,2.177760660026481,1.9060877856338445,Visium,LAM4,LAM20,spot
AGGAGCCTTCGCCTTA-1,1,72,16,5100,3048,13581.0,5409,2.714384910822008,1.4953095554389715,1.1659495184369248,0.983373857006822,2.1127781128332366,2.2478872988206606,1.8466169563244368,Visium,LAM4,LAM20,spot
CCGCGTAAGATTCCTT-1,1,72,18,5101,3156,17098.0,5985,3.28593631231389,1.4528395089962836,1.0132690396717474,0.6714381018286475,2.4759572994414203,1.5689521580216863,1.8915012347297813,Visium,LAM4,LAM20,spot
GTGAAGTATTGGTCAC-1,1,72,20,5101,3265,5158.0,3067,2.468229085093857,1.7985221266310838,1.6331180870917388,0.8036777831756372,2.34672998244776,2.274629115662293,1.9879965076150836,Visium,LAM4,LAM20,spot
ACCTGTAACCGAATAA-1,1,72,34,5106,4023,6598.0,3527,2.0142994810101547,2.0947451811413673,1.5663272546442677,0.975839420859027,1.605124287470188,2.813089355641359,2.2539525399256113,Visium,LAM4,LAM20,spot
CCTATGTCGAATAGAA-1,1,72,36,5106,4131,6519.0,3519,2.618132798202801,1.2830876151773476,1.8208609522312065,0.3494995319734603,2.0672296817274325,2.000340614829456,1.9651398413463197,Visium,LAM4,LAM20,spot
CTGGAATGGATAGTTC-1,1,72,38,5107,4240,7065.0,3780,2.2069725724737017,1.7353501190935432,1.1939439141237933,1.03013857909093,2.1107063340065224,2.1458084946045775,1.6906884482858768,Visium,LAM4,LAM20,spot
GAAGCTTGACGCTTAA-1,1,72,40,5108,4348,6127.0,3408,1.0526661261059533,2.1018545513365985,0.7993478850241661,0.36819490281089107,1.23784660957458,2.2149117464278736,1.7026240819635505,Visium,LAM4,LAM20,spot
GTACGACAGCTCCGGA-1,1,72,42,5108,4456,5066.0,2987,0.0,1.5158081202242635,1.003275789264894,1.027651228318234,1.1695946698758286,2.0679765427799772,1.821577597466184,Visium,LAM4,LAM20,spot
GCGGAGCCTGTAACAT-1,1,72,44,5109,4565,3499.0,2238,0.3423690424590295,1.6096665230540592,1.520049006901024,1.7811155829478051,1.4386980704918144,1.9730034183125207,2.097391785554167,Visium,LAM4,LAM20,spot
CTATGCCATTGGAGAA-1,1,72,54,5112,5106,1585.0,1177,1.0305524781712954,2.9266830687994134,2.3479142650697717,0.7641264155550341,0.9467373209827223,1.8338004890994617,2.551759132029944,Visium,LAM4,LAM20,spot
TAACGAGCGTCTGGCC-1,1,72,56,5113,5215,2538.0,1622,2.245283632985702,2.4543012007119227,1.375001521940546,0.5402195746186018,1.492363845258317,1.597387663559581,2.0662541015448754,Visium,LAM4,LAM20,spot
CTGGCACTTCTGCGTC-1,1,72,58,5113,5323,1623.0,1180,1.6865880166004943,1.5468937044736826,0.9323047651923089,0.4447691191692802,0.9323047651923089,1.8139325760606124,2.2483364353980084,Visium,LAM4,LAM20,spot
CTGTGCGTGAGCCGTC-1,1,72,64,5115,5648,4039.0,2346,2.2866953605818443,2.5937088715282552,1.614081730679637,0.37167143293029564,1.5504923703942637,1.7836803748827674,2.236020918403005,Visium,LAM4,LAM20,spot
CCGAAGCCAGGTTCAG-1,1,72,66,5116,5756,1566.0,1213,1.3182100610402736,1.575139928642226,2.562884155370387,1.0085247180213863,1.756006554950046,2.25279187165251,1.9995451621674152,Visium,LAM4,LAM20,spot
TGCCTATGGACTGGTC-1,1,72,68,5116,5865,3859.0,2651,0.3149509706753488,1.3481976597187288,1.5180020524231592,0.6638765650154388,1.0796022986938028,1.3920864858343183,1.7679399745386974,Visium,LAM4,LAM20,spot
GTCCTTATACATTACG-1,1,72,70,5117,5973,3779.0,2527,0.32065418617191915,1.5485585611670827,0.9760214717387193,0.7897380892871023,0.9760214717387193,1.688311536727201,1.460416509259021,Visium,LAM4,LAM20,spot
ATTAGATTCGTACTCA-1,1,72,72,5118,6081,1858.0,1335,0.5703442620268585,1.7654014950916126,1.1046935093406423,0.0,1.8535021048935292,1.5234632813292202,2.276853189182065,Visium,LAM4,LAM20,spot
AGATCTAACGAGCTCA-1,1,72,74,5118,6190,4435.0,2583,0.27923126098337336,1.7064889149605753,1.1801281973533555,0.4792997348540955,1.4110694626774096,1.3878902309727859,1.9741749712520096,Visium,LAM4,LAM20,spot
AATGAAGAGGATGTAT-1,1,72,76,5119,6298,6482.0,3496,0.6321023510169405,2.1103160439729463,0.9332397716218361,1.0378818904984353,1.942775696231879,2.0722031272927772,2.4004165650349476,Visium,LAM4,LAM20,spot
GCTAACAGATTGGTAG-1,1,72,78,5119,6406,6579.0,3364,0.7351072153000596,1.7425626256285265,0.9969435869487725,0.6038154462130582,1.1281656799350663,2.409936329909161,1.607429513000555,Visium,LAM4,LAM20,spot
ATTATCGAAGCCTAAG-1,1,72,80,5120,6515,3524.0,2255,0.5937505044542993,1.3448691767717065,1.3448691767717065,1.3448691767717065,1.5896057727841608,2.030942197874135,1.6594704805445724,Visium,LAM4,LAM20,spot
AATCCGACCACGGTCC-1,1,72,82,5121,6623,5376.0,3050,2.068003071783895,1.282090583589888,0.2090567006568557,1.477513144390477,2.0467803688152113,2.056740372428594,1.9188137674979084,Visium,LAM4,LAM20,spot
GGTGCGCAACTAACGG-1,1,72,84,5121,6731,7801.0,3974,2.912189619577621,1.6296401069967135,2.1437166404180688,0.20950728036942537,2.5539237344017436,1.62122984069246,1.9585390609412545,Visium,LAM4,LAM20,spot
TACGGATCTTGCGATG-1,1,72,86,5122,6840,8191.0,4279,2.80470875090639,1.94336055281529,2.2561185608804277,0.3673798085521646,2.3181031783656456,1.6625961496788628,2.3181031783656456,Visium,LAM4,LAM20,spot
CCAGACCAGCGGCAAG-1,1,72,96,5125,7381,2779.0,1881,0.7071087902122576,0.30736827360698527,0.0,1.0861255675835508,0.3714270554488435,1.385964451841949,1.0293366444642702,Visium,LAM4,LAM20,spot
GGAGATTCACGACCAT-1,1,72,124,5134,8898,2544.0,1796,3.0547383355350153,1.872285852848143,1.6904960695312239,0.0,2.953869709002482,2.3196297791755995,2.6228667693262415,Visium,LAM4,LAM20,spot
TATGTTGGAGTTGTAA-1,1,73,7,5003,2561,27732.0,7803,3.034047326627048,1.5115656765008505,0.8162847031919341,0.5041791403926978,2.4025720450021595,1.6728128403732343,2.0433049182544494,Visium,LAM4,LAM20,spot
GTAGACGTGCATGTGC-1,1,73,9,5004,2670,22449.0,7012,2.931435286661436,1.6023210173918245,0.9176528933807002,0.6370572855875211,2.337424776360579,1.8934762213781888,1.812006869445595,Visium,LAM4,LAM20,spot
TGCAGAACTATCAACT-1,1,73,11,5004,2778,12338.0,5324,2.1699313061692407,1.6514665056786166,1.8515350852364698,1.3541857437142788,1.9132160383304047,2.3471646486304945,1.9132160383304047,Visium,LAM4,LAM20,spot
CATGCAGGTAGTTGTA-1,1,73,13,5005,2886,15442.0,5965,2.8603219146597136,1.872489376590015,0.9932181939904519,0.7781436204085839,2.22534788369203,2.0401426836091403,1.7948845727984097,Visium,LAM4,LAM20,spot
CCTTAGTGGATCCACG-1,1,73,17,5006,3103,14528.0,5530,2.9946382202927704,1.358658268757852,0.828818696134378,0.9170113372137967,2.3145452229719887,2.134978526278752,1.7309828305345858,Visium,LAM4,LAM20,spot
TAACGACTGGCCGTCG-1,1,73,19,5007,3211,5723.0,3217,2.7711601918294915,1.3338784636478282,1.400650023463721,0.5845833867609215,2.2980843279732523,2.148476154194778,2.078108310144857,Visium,LAM4,LAM20,spot
TCCGAAGTGACAGGCT-1,1,73,31,5011,3861,3547.0,2278,2.203327788411213,2.049791460956214,1.654205875115665,1.0275063847810293,1.944620502320329,2.8591002366689646,2.5360389971015325,Visium,LAM4,LAM20,spot
CGACCTATCTCGCAAG-1,1,73,33,5011,3970,5237.0,2962,2.5439398338761974,1.8173660459022796,0.9823795114998163,0.29801354121068563,2.209957963253373,2.7292359398208963,2.099316240272343,Visium,LAM4,LAM20,spot
CACGATCTTCGCCGAC-1,1,73,35,5012,4078,8386.0,4121,1.6269726230770496,1.6202544702858115,1.6143388334325173,0.8793259549348298,1.34341324830841,2.6042342781335406,1.643573159672299,Visium,LAM4,LAM20,spot
AGCGGTACGGCGCATC-1,1,73,37,5013,4186,6818.0,3636,2.421872813976386,1.9267015706469677,1.0414711300413928,0.5108362906602179,1.8718247413513018,2.443337102906392,2.2046284104752747,Visium,LAM4,LAM20,spot
CTGCGGCATGTAAGTA-1,1,73,39,5013,4295,4535.0,2812,1.6282857883797321,1.6032445725755118,0.8663311962740198,1.1001479770249336,1.5808070147268505,2.122290147167757,1.688275585974767,Visium,LAM4,LAM20,spot
GGTGTCAAGCTGCACC-1,1,73,41,5014,4403,5334.0,3233,1.2268333936664233,1.8907442474306662,1.0559711593768801,0.9297592909314675,1.134336949373656,1.980893717909112,1.6521568692378392,Visium,LAM4,LAM20,spot
ATTACTGATATTCGCC-1,1,73,43,5014,4511,5561.0,3022,0.22864129408215017,1.2577598398387952,0.8538527423899572,2.123030951185886,1.618602763752618,2.301703568078859,1.9557264297244195,Visium,LAM4,LAM20,spot
TCGTCATCGTACCAAT-1,1,73,45,5015,4620,3038.0,2028,1.0581154865725615,2.1483576053016242,1.4566687663287665,1.3843923799407294,0.600434020575189,2.386459009959368,2.1767546218742226,Visium,LAM4,LAM20,spot
TACAAGTTATACGCTG-1,1,73,47,5016,4728,3413.0,2167,0.6082074686940131,2.119255116987504,1.7511470272528498,1.0524038248661038,1.1623630692063827,2.463277470117522,2.0271531033578736,Visium,LAM4,LAM20,spot
TATGTCTAAGACGCAA-1,1,73,49,5016,4836,4013.0,2314,0.3045287934156711,1.8298565984302722,1.3358925076482053,1.0339997628742525,1.250446378903301,2.3161892858272655,1.8398017834311853,Visium,LAM4,LAM20,spot
AGGATTCCTTGCTGCG-1,1,73,51,5017,4944,4088.0,1680,0.2997006964014752,1.1636399269589879,0.9277705738724442,0.200800072029001,0.6509278468760363,1.840559987561673,1.144353669988183,Visium,LAM4,LAM20,spot
GCAATCAACTCCAGAT-1,1,73,53,5017,5053,2819.0,1815,0.924376335478932,1.7861269876133203,1.2976046440016018,0.9602827746808216,1.0201744570104014,2.3475220574317346,1.7711512674551848,Visium,LAM4,LAM20,spot
GCACCTTAATCGGATA-1,1,73,55,5018,5161,3531.0,2140,0.5928624765163316,2.2508892671253347,1.2464722356819977,1.0304117119268215,1.6578638884356225,2.7493395649119754,1.9484961135656018,Visium,LAM4,LAM20,spot
GAACCTTAGTTGATTA-1,1,73,57,5019,5269,2726.0,1775,2.1816383220191087,2.485334535732363,1.3220981633834668,0.8475646159739805,1.6345062395574146,2.1206743102214767,2.1742179967400213,Visium,LAM4,LAM20,spot
CGGAGCCATCTGGATA-1,1,73,59,5019,5378,3025.0,1916,2.029669490658566,0.8425641237370047,1.120411517010694,0.26276873678109763,0.34587301090591877,1.5803693481330194,1.551598664059269,Visium,LAM4,LAM20,spot
TGGCGAATTCTATGGT-1,1,73,61,5020,5486,4985.0,2790,2.0997771388631943,0.7900973024227719,1.1006162973548248,0.1675169047886754,0.40646761445779,1.1006162973548248,2.017507449541224,Visium,LAM4,LAM20,spot
TGTAGCCGTACATAAC-1,1,73,63,5021,5594,4225.0,2408,2.2463411830498017,1.2139817192032574,0.25917301489342737,0.0,0.46481266467876564,0.9469787100330387,1.6933874074326136,Visium,LAM4,LAM20,spot
CCAACTGGAGATTCAT-1,1,73,65,5021,5703,2330.0,1692,1.4025622987478537,2.598707837386491,1.5592734137415285,0.5768018545633314,1.3035656459222618,0.8881443794381219,2.0762174658080834,Visium,LAM4,LAM20,spot
TGAGTACGCTGCTCAG-1,1,73,67,5022,5811,3462.0,2260,1.9726426175207041,2.575030355423274,1.8587862266253432,0.7180178269784951,2.1497045478563326,1.7602985445721633,3.088386758490631,Visium,LAM4,LAM20,spot
ACCAAGGCTTCGCTAG-1,1,73,69,5022,5919,4677.0,2812,1.5401635545662853,2.031849344715589,1.3711601016089747,0.7729969900270611,1.6112323246048987,1.7899166109691793,2.073033411751826,Visium,LAM4,LAM20,spot
CTCATATGTAACCGTG-1,1,73,71,5023,6028,5396.0,3288,0.7222133818327564,1.548933742962694,0.6557631784337343,0.5151561485819744,1.5969811071925109,1.782034382752605,1.7689538199512822,Visium,LAM4,LAM20,spot
CTACCTGTAATAAGCA-1,1,73,73,5024,6136,6257.0,3473,0.7615432089030003,2.160031179338461,0.5872893203564404,0.836219449734711,1.525180378851981,1.7098734225829586,2.563916134328745,Visium,LAM4,LAM20,spot
AACCATGAATTGCCTT-1,1,73,75,5024,6244,5325.0,3068,0.8507411923402977,2.049054932111599,0.776434888376809,1.169187821345835,1.399122525374003,1.4913027020954364,2.1951358037308277,Visium,LAM4,LAM20,spot
TGGTACTGACCGCTGC-1,1,73,77,5025,6353,6167.0,3323,0.3806910294214468,1.9687654078901429,1.107544763041104,1.409926841988456,1.445286578883262,2.1158822969865465,1.867589802309381,Visium,LAM4,LAM20,spot
AGGAGCATCTTAACTC-1,1,73,79,5025,6461,5847.0,3187,0.0,1.6631107916967107,0.8253629312984809,1.2492362480131087,1.143537364203049,2.022351033662083,1.9439046700031881,Visium,LAM4,LAM20,spot
AGGTACTCTGCCACCG-1,1,73,81,5026,6569,4041.0,2546,1.2454894350361685,1.6012879890749547,1.049413726341931,0.8543306030208696,1.6136852518891505,1.9131136486235427,1.8821985210730219,Visium,LAM4,LAM20,spot
GAGGATGAGGATCCTC-1,1,73,83,5027,6678,7452.0,3752,2.914792312511777,1.3397360041319268,0.7766522386689575,0.3974137846577861,2.2029337810685963,1.7784005205788516,1.9025800915936797,Visium,LAM4,LAM20,spot
ATGTTACGCCATTCCT-1,1,73,85,5027,6786,3439.0,2304,1.9783838709565766,2.2441806711813803,2.8328027437185455,0.4244143757091746,1.971177068859099,1.9879128528190575,2.3808322871766934,Visium,LAM4,LAM20,spot
TAGATGCTGTATCGTA-1,1,73,95,5030,7328,972.0,760,0.0,0.0,1.2731302713198018,1.0545062360387463,0.0,1.488254038749617,0.0,Visium,LAM4,LAM20,spot
CTTGGTGCAGCCTCCA-1,1,73,121,5038,8736,16478.0,6094,3.2535346250584323,1.7140723483199598,1.5511893949263638,0.540700719568082,2.6478442317769564,1.865912233147035,2.3203174618168183,Visium,LAM4,LAM20,spot
GTGCGGCATGCTCATC-1,1,73,125,5040,8953,842.0,699,2.9787410959239766,2.458634207183597,1.9370484687053595,0.0,2.5554027455779567,2.3884939886290413,2.5554027455779567,Visium,LAM4,LAM20,spot
TCAGTCCGGCGATTGG-1,1,73,127,5040,9061,122.0,115,3.8678288209224516,0.0,2.420003763552574,0.0,3.737279222026214,2.685204697584203,0.0,Visium,LAM4,LAM20,spot
TGCACGGCCTGTGATA-1,1,74,0,4907,2183,18232.0,6366,1.8450081626804453,2.1919942097971328,1.1395571365454873,1.4680539284664114,2.5700666968448957,2.298437260259342,2.611185500800229,Visium,LAM4,LAM20,spot
GTATACATAAGGACTA-1,1,74,6,4909,2508,26483.0,7554,3.1264515464820124,1.7035562235944328,0.8007462490904695,0.34495619133496086,2.3501572028229623,1.5503403057371838,2.0835348405648864,Visium,LAM4,LAM20,spot
AGCGTTATAGCGCACT-1,1,74,8,4909,2616,12305.0,5354,2.980191579342283,2.15630663708731,0.7502040045181587,0.7101602176093336,2.45671255318678,1.940127318378175,2.421261674869664,Visium,LAM4,LAM20,spot
AGTGAGCGCCTGTCCT-1,1,74,10,4910,2724,12589.0,5381,2.3757506748346366,1.8810530829618106,1.3557057572282907,0.7339036034216921,1.8960748762365607,2.1608672846488783,2.060668846923714,Visium,LAM4,LAM20,spot
TACGGTGAGCCGATGT-1,1,74,12,4911,2833,13751.0,5531,1.823650084379445,1.5019986209681357,1.2129715366055043,1.4599036619807635,1.7451794272970091,2.2105379520443074,1.3862398181445579,Visium,LAM4,LAM20,spot
GTCACTTCTGGAGCGG-1,1,74,18,4912,3158,14476.0,5565,2.9106453846846545,1.6379848201323097,1.3020548930650089,1.374119006559272,2.383600821719539,2.430272557203443,1.733934415795921,Visium,LAM4,LAM20,spot
TGCGGAGGCTGGACCG-1,1,74,20,4913,3266,17562.0,6137,3.1087749050154003,1.332396367200638,1.047524760325293,1.277659841236115,2.714226283947667,2.2753138063939065,1.8905387586913207,Visium,LAM4,LAM20,spot
TCTAGCGGAATGGATC-1,1,74,30,4916,3808,3182.0,2128,2.465969679847455,1.7429221637840715,2.224572587886878,1.0985741948812018,1.5950036278931352,2.440222333783396,2.224572587886878,Visium,LAM4,LAM20,spot
CGGATTGTGCAGGAGC-1,1,74,32,4917,3916,14706.0,5449,3.282620623152661,1.466023175891107,0.7443112676341821,0.35957739540411837,2.5896345704589625,1.6900892914972254,1.913970281924611,Visium,LAM4,LAM20,spot
GCAGTTGACAATAGAA-1,1,74,34,4917,4024,10521.0,4668,2.4265266424860092,1.66338806773757,1.3171130731708938,0.4730308577200365,1.97103750344885,2.381546593736459,1.9874537048504037,Visium,LAM4,LAM20,spot
GTCTTGACCGGAGGCC-1,1,74,36,4918,4133,7819.0,3891,0.972423847489604,1.521921809735891,1.2691625713438217,0.8734679152148713,1.2691625713438217,2.6238972261210143,1.6402661527258702,Visium,LAM4,LAM20,spot
AAGCAGTGTACACCGC-1,1,74,38,4919,4241,6620.0,3631,0.3587875145146762,1.1835234422621455,0.6648036516591185,0.8046546533985443,0.9205114194783853,3.05121366375915,1.2929460019100678,Visium,LAM4,LAM20,spot
ATGAGGAACGACCAGC-1,1,74,40,4919,4349,5114.0,2985,0.44384600052669987,1.0151853357096436,0.6819387257887964,1.3465764930833806,1.3694342131532937,3.1838327375008193,0.7984685871229467,Visium,LAM4,LAM20,spot
TCATCGCTGCGTATTG-1,1,74,42,4920,4458,3626.0,2279,0.0,1.5812449723448094,0.8666507858929922,1.707083845100554,1.3238496200188172,2.561151866607138,1.762374397068311,Visium,LAM4,LAM20,spot
CCATACGGAGCCAAGG-1,1,74,44,4920,4566,5399.0,3124,0.4247437607863554,1.694746908924568,1.444879490248293,1.827741265268837,1.642377094654913,2.297801179573256,2.258257083057849,Visium,LAM4,LAM20,spot
ACATCTACCTGTTCTA-1,1,74,46,4921,4674,1901.0,1374,0.0,1.9895807164886634,2.0249175851089536,1.7547794014617981,1.0894524571414141,1.8342423666940106,1.7232737209547366,Visium,LAM4,LAM20,spot
ACTGATACCTTCACTA-1,1,74,48,4922,4783,3741.0,2245,0.32343683389070305,1.5565253897125024,1.205655429617763,1.768175065138603,1.6759292169075966,2.2935719509274244,1.9945057230138374,Visium,LAM4,LAM20,spot
GGATTCGTGGTAATCA-1,1,74,50,4922,4891,5312.0,2829,0.7303136204352195,1.290758252181043,1.4573183011201596,1.1708735141266893,0.880413819572779,2.1797251857825968,1.6994630667243713,Visium,LAM4,LAM20,spot
AGCCGTAGACTCTGAA-1,1,74,52,4923,4999,3031.0,1851,0.3861600710905921,1.5323765693361928,1.245430690322794,1.7045599359918326,1.1190767015375898,2.4377798435806906,1.55003738439513,Visium,LAM4,LAM20,spot
TGTCACTAGCTCAGAC-1,1,74,54,4924,5108,3609.0,2242,0.0,1.327300612917529,1.0049540179322527,2.1168541185537055,1.8237981989070151,2.4918328254105924,1.5706803782257606,Visium,LAM4,LAM20,spot
GCTACCTAGTCCGTTC-1,1,74,56,4924,5216,4146.0,2509,0.524215013872384,1.5808617435069015,0.919277102765656,1.089714335503043,1.4624332101742405,2.2016456559341195,1.3119637214079118,Visium,LAM4,LAM20,spot
GTGACTATGGCATGGA-1,1,74,58,4925,5324,4363.0,2600,1.2863164496664166,2.4460968843485524,1.6672353356530794,0.6062020989199104,1.4902041343797887,2.1996663946502157,1.9065754842213507,Visium,LAM4,LAM20,spot
CTATTACCGTCATATT-1,1,74,60,4925,5433,3065.0,2006,1.954330832680906,2.101424881327292,0.9674861421889975,0.7822634641152377,1.6249772345053968,2.378427751738451,1.6249772345053968,Visium,LAM4,LAM20,spot
GAGCAGACTAGTGGTA-1,1,74,62,4926,5541,4281.0,2597,1.204743355307987,2.5213931676619623,2.216554314247873,0.35396800685355445,1.288651399425065,2.030565237383725,2.3912905104214373,Visium,LAM4,LAM20,spot
ACTGAGCGATTACTAA-1,1,74,64,4927,5649,2740.0,1869,0.9416189673327544,2.510726156717843,1.8678640564814546,0.8446400515136826,1.7159656298585213,2.1868983986240016,2.5181084433080456,Visium,LAM4,LAM20,spot
AGAAGCAATGAGGAAC-1,1,74,66,4927,5758,4985.0,2995,1.000427464719768,2.6128536891938476,2.142717669041703,1.038031357578325,1.6606609937248735,1.7370760124558107,2.528493124523945,Visium,LAM4,LAM20,spot
TCGCGACGTGGTAAGT-1,1,74,70,4928,5974,4245.0,2543,0.514654729613413,1.6103797538034643,1.6895349812285765,0.8263372042919069,1.0176857983475653,1.8712886205123873,1.5744391341929902,Visium,LAM4,LAM20,spot
CGCTATAGCGATCGCC-1,1,74,72,4929,6083,7463.0,3675,0.32414012455475727,1.7619525232888187,0.919260991346401,0.6166394249048506,1.302882166041165,2.2498497321321103,2.219980931707433,Visium,LAM4,LAM20,spot
TGTAGGCAGGTCTAGC-1,1,74,74,4930,6191,8699.0,4194,0.6857876312736558,1.6367430534792236,0.2526164120751528,0.6076120371934018,1.236287858496994,2.041967013522551,1.8876895211774842,Visium,LAM4,LAM20,spot
ACCTCCGATTATAAGA-1,1,74,76,4930,6299,6365.0,3331,0.0,1.5948783895393368,0.46320523861033897,1.049682858927937,1.3726510451926381,2.2660254080401017,1.707814157601614,Visium,LAM4,LAM20,spot
GAGCATCTCCAGTCTG-1,1,74,78,4931,6408,5039.0,2849,0.2495930295507488,1.9392540771497047,1.173282383677007,1.093439177251015,1.5520156392646682,1.8905195637049237,1.6519429510433623,Visium,LAM4,LAM20,spot
TGCAGAGCCTTGCCGG-1,1,74,80,4932,6516,5767.0,3199,2.0396997484990003,2.194600865982557,1.4969425888189218,0.4889154442911949,1.9245789444338368,1.6742906723849178,2.3548948638317087,Visium,LAM4,LAM20,spot
ATAGTCGCTAAGGTAT-1,1,74,82,4932,6624,7205.0,3777,2.871024728858091,1.6940290602313999,1.8797245897329946,0.5636362825556382,2.049772566818505,1.9479568947850119,1.9561676608291714,Visium,LAM4,LAM20,spot
GCCTGTTAACGGACGA-1,1,74,84,4933,6733,7019.0,3628,3.0611884809724415,1.5782984343135664,2.2375278449488536,0.5749892802613354,2.6001801147429795,1.7490284626398096,1.9537356765630913,Visium,LAM4,LAM20,spot
CAATGTCCGTTGCGTG-1,1,74,120,4944,8682,5803.0,3364,2.383899921247359,1.9745930820818003,2.0383044665084467,0.7403224560487383,1.9192665194786613,2.136223722359311,2.519026934121794,Visium,LAM4,LAM20,spot
TGCCAGTTATGCAGCT-1,1,74,124,4945,8899,3489.0,2025,2.5865229085913173,1.8634111385717114,0.7298679131063672,0.4194458011224357,1.3522593762829056,3.340329704610371,1.8522323421380553,Visium,LAM4,LAM20,spot
TAGGTCGCCGCAACTC-1,1,74,126,4946,9007,231.0,218,0.0,2.267787483910739,1.8580551037460054,0.0,0.0,2.1059626297611787,2.846870612478524,Visium,LAM4,LAM20,spot
ATAGCCGGCGACCGTC-1,1,75,1,4813,2237,14424.0,5705,2.0834249609206914,1.6932365170584087,0.9055286462350955,1.0394855192831096,2.1447045039655093,2.3599571197271665,1.9553339516205326,Visium,LAM4,LAM20,spot
ACGCCGGCATAGTCAG-1,1,75,3,4813,2346,15420.0,5713,2.84564810887392,1.7464328202629138,0.8662936139480512,0.42565838253129445,2.2089725634539192,2.2996842185332333,2.034341060305843,Visium,LAM4,LAM20,spot
ATGTTAGAATAGTACT-1,1,75,5,4814,2454,14821.0,5886,2.8160849982441727,1.823795935660441,0.8541755590798173,0.9996993782503177,2.2443179391361245,1.89049597588348,1.5850694494471733,Visium,LAM4,LAM20,spot
TAGAAGTATTCAGTTG-1,1,75,7,4815,2562,19814.0,6646,2.9532929006540343,1.6657985922003091,0.7878423626626015,0.7852304622018051,2.212461801376586,1.8924710607119928,2.1108155925037413,Visium,LAM4,LAM20,spot
ATACAGATAGATTGAC-1,1,75,9,4815,2671,19226.0,6548,3.018847307238875,1.865838957721798,0.9401584095558705,0.6896277597389232,2.2866785382516075,1.8523317368212429,2.189636653703305,Visium,LAM4,LAM20,spot
GCTTGGCACTCCGTCT-1,1,75,11,4816,2779,7953.0,4058,2.0574280063185695,1.932929058470817,1.5952040585053457,0.910676197781106,1.9191870414923224,2.014436281294297,2.028316987645949,Visium,LAM4,LAM20,spot
TCTAGCTCCGAGGACC-1,1,75,13,4817,2887,9873.0,4504,2.270236057963032,1.8352801385048116,1.1071513037747105,0.7442878432064967,1.920440585558139,2.025989586264242,1.7813233524166034,Visium,LAM4,LAM20,spot
GCTTCGATTGCGGTGC-1,1,75,19,4818,3212,14022.0,5753,2.712011617098067,1.4706069301055926,1.3013813761336268,1.1231949423495824,2.320621427463447,1.9878228947419796,1.7904511445293776,Visium,LAM4,LAM20,spot
TCGACTCAGGTTAACC-1,1,75,29,4822,3754,2164.0,1545,2.3265109900208683,2.010828186231992,1.9952408639711081,0.3507255048996302,1.496449280208224,2.7494093279892264,1.9134371495531688,Visium,LAM4,LAM20,spot
GTTGTCGAACCATGTT-1,1,75,31,4822,3862,15437.0,5716,3.271715614354404,1.3648342749702802,1.133120423625657,0.4994375817902714,2.379350577112983,1.4185208622321044,1.725536705014444,Visium,LAM4,LAM20,spot
ATGGAGCGGACCGATT-1,1,75,33,4823,3971,8953.0,4288,2.3733575335391666,1.4176581632447736,1.3691426345931221,0.9649459833123354,1.8414197619070933,2.4193590606116557,1.6730056173463508,Visium,LAM4,LAM20,spot
GCTCATTGGTTCAACA-1,1,75,35,4823,4079,3775.0,2355,1.8985853251305926,1.5493925929883166,0.6898304279339513,1.6742397944340075,1.5352280502196658,2.6869310342588535,2.0311065719069585,Visium,LAM4,LAM20,spot
ACATCACTGGCGTTCG-1,1,75,37,4824,4187,6525.0,3392,1.0121481073145686,1.0960547425169926,0.671849182881011,1.2144713155958993,1.1935740971050373,3.3880418344440906,1.0021520224805474,Visium,LAM4,LAM20,spot
TCGCGGTCCGGATCAG-1,1,75,39,4825,4296,5850.0,3105,0.21849294936965538,1.1155618469818829,0.4953214372300255,1.6174862456169288,0.9145798674705257,2.9713636825370333,1.3841553228711412,Visium,LAM4,LAM20,spot
TACCATTGATCATTAG-1,1,75,41,4825,4404,3223.0,2096,0.8457516479819416,1.836507967706111,0.7717329454055728,1.8499038358667819,0.9366225031554576,2.6703504460569807,1.7323719296706173,Visium,LAM4,LAM20,spot
CGACTTAGCGCTATCT-1,1,75,43,4826,4512,4737.0,2794,0.6443411834596,1.3202488292818346,0.9490601250619164,1.992401377356631,1.2163718680411402,2.351345098983823,1.9177108372580156,Visium,LAM4,LAM20,spot
GTTGAACTACCGTTCA-1,1,75,45,4826,4621,2716.0,1801,0.7187989323580055,1.1660002073859237,1.0441358853470328,1.9494613976324506,1.194279436036798,2.7156143857128234,1.875307976364502,Visium,LAM4,LAM20,spot
ACCTGTGGCGCTGCAA-1,1,75,47,4827,4729,3615.0,2213,0.7818613156881762,1.6912027240507879,0.868413014369165,1.8375333473760913,0.868413014369165,2.2298805403102717,1.977418006277534,Visium,LAM4,LAM20,spot
TCGGAGGCTGTAGTTG-1,1,75,49,4828,4837,4473.0,2625,0.0,1.2410372450568246,0.9845947902839954,2.2761697099666183,1.3335645217286831,2.0893317372803173,1.9269522353106991,Visium,LAM4,LAM20,spot
GTCAGTGCAGCGTTGT-1,1,75,51,4828,4946,4787.0,2842,0.6393675686733541,1.419121245999931,1.419121245999931,2.034285899707228,1.4803788817415202,1.983339843359545,2.2077072408632326,Visium,LAM4,LAM20,spot
CATAGACGAGGTATTA-1,1,75,53,4829,5054,4259.0,2543,0.0,1.3396122106723416,1.0155845139002022,1.8120262811597732,1.5718294232505192,2.1777657379549766,1.36990103646166,Visium,LAM4,LAM20,spot
ACTATCAAGGACGGAA-1,1,75,55,4830,5162,9090.0,3851,0.1459674941359247,0.7419897295482688,1.2052920657309987,2.2192926194310365,1.736152947067171,2.301007024149024,1.7600935714647372,Visium,LAM4,LAM20,spot
ACTGATACAGAACGTC-1,1,75,57,4830,5271,6197.0,3298,0.7666910275189176,1.2758918406315531,1.1042977792031667,2.0283370073458147,1.0351024101177944,2.724855466668532,1.2297943582506294,Visium,LAM4,LAM20,spot
TATCCGTAAGCCAGCG-1,1,75,59,4831,5379,9783.0,4780,0.0,1.4027934998882798,0.49400291273140856,0.44311629239872047,0.6389067413398815,2.4623972038210185,1.1132915754576036,Visium,LAM4,LAM20,spot
TAATAGGCTTGCTGAA-1,1,75,61,4831,5487,13573.0,5439,0.35136358222933395,1.4957667239205188,0.6036881174223258,0.384476537106636,0.7443796906644509,2.7401656244895616,1.248913909925102,Visium,LAM4,LAM20,spot
ATGCTGACAGTTACAT-1,1,75,63,4832,5596,7374.0,3633,0.0,1.7718998834342623,0.9264907717370745,0.31470112869760025,0.9914520449972188,1.9917765497447848,1.6877641826086822,Visium,LAM4,LAM20,spot
CTTCAAGTAACAGCTT-1,1,75,65,4833,5704,3077.0,2034,0.3813596298665855,2.1370986034271655,2.374883080464858,0.2588559322881891,1.346429956929075,2.210995639503324,1.9591926392170358,Visium,LAM4,LAM20,spot
GTACGCCATAGATGGT-1,1,75,71,4835,6029,9600.0,4273,0.5562086296138083,1.9064513123147657,2.115250994376547,0.9592921678673424,1.5636121002286834,1.3740671345503304,2.066994607320751,Visium,LAM4,LAM20,spot
GTGACAATTGCGATAA-1,1,75,73,4835,6137,8641.0,4327,0.6891133973788292,1.9484529151040544,0.8337490512636614,1.1660653860859784,1.675183608820103,1.7279484797978382,1.8933691797476404,Visium,LAM4,LAM20,spot
TACAAGCGCCATCGGA-1,1,75,75,4836,6246,6334.0,3418,0.20338170084914545,1.6606459490035363,0.8677026312796626,1.1483174082773713,1.2713097428347402,2.3487706381406874,1.813364203455814,Visium,LAM4,LAM20,spot
GTGGATTAACAGCGGT-1,1,75,77,4836,6354,4572.0,2703,0.6613380041051704,1.9937416402880168,1.2414506306666404,1.0258799460817474,1.3174889486268333,2.277155113252243,2.0929112217574564,Visium,LAM4,LAM20,spot
GGTTGACCAAGACATG-1,1,75,79,4837,6462,8216.0,4020,1.9580767584185284,1.8299685106012502,1.1884933405856257,0.5735423128775474,1.569356069120977,2.392421643439297,1.469515295028713,Visium,LAM4,LAM20,spot
GATCACGAACGTTGAG-1,1,75,81,4838,6571,3635.0,2394,2.792830974855155,1.9533494942501812,1.564998654474342,0.2232185766352908,2.330660443466396,2.174136718520059,2.261447826405717,Visium,LAM4,LAM20,spot
GTACCTGTCTTACTGT-1,1,75,83,4838,6679,8145.0,4129,3.1011046281314765,1.6196981710036678,1.6957226084302817,0.10581244767485821,2.367296251162689,1.7415820121301635,2.1242335458254678,Visium,LAM4,LAM20,spot
GTATCTGTGGTCCAGC-1,1,75,95,4842,7329,1509.0,1120,0.0,0.0,0.0,1.859731678240622,0.6034211154494372,0.7440704042708207,0.6034211154494372,Visium,LAM4,LAM20,spot
CGCTGCAATTAGGCGT-1,1,75,119,4849,8629,5834.0,3307,1.7745114877925294,2.2586801313787044,1.3862086529561355,0.1448155402108299,1.8494827382992063,2.5426209302163016,2.302482242315998,Visium,LAM4,LAM20,spot
TCATCGGTCTCAGTTC-1,1,75,123,4851,8846,5199.0,2587,2.4372530773837338,2.0939302246771523,0.9869415217085195,0.0,0.5430754947991424,3.468722798101399,1.9474477238344967,Visium,LAM4,LAM20,spot
CGCCTAACTTGATGGT-1,1,75,125,4851,8954,764.0,609,2.7700143568029403,1.8302751413086704,0.9693102841119872,0.7838602493104682,0.9693102841119872,3.1274185968471206,2.0208191679528924,Visium,LAM4,LAM20,spot
TGCGATCGGATTCACT-1,1,75,127,4852,9062,79.0,76,0.0,2.614342112791113,0.0,0.0,0.0,3.0954439531443563,2.8227342062462237,Visium,LAM4,LAM20,spot
GCCTGGATCTGTGCTG-1,1,76,0,4718,2184,36090.0,8376,2.530390208186352,1.650904753028016,1.2706132296276504,1.0072565959938102,2.2201427226183705,2.270268357964133,1.7721729449307297,Visium,LAM4,LAM20,spot
CCTCTACCACGTATCG-1,1,76,2,4719,2292,16689.0,6204,1.695831783151804,1.807169316184794,0.9450306841089235,1.0480428337199315,1.5727493134398556,2.239513129306477,2.0170697648702802,Visium,LAM4,LAM20,spot
ATACTATGACTTCTTA-1,1,76,4,4720,2400,13302.0,5509,1.978090157169704,1.3100502483148764,0.7098465398504641,0.6713073789641684,1.8194387927576612,2.185326277149956,1.7066734937877484,Visium,LAM4,LAM20,spot
GCTTACCTATTAATAC-1,1,76,6,4720,2509,13838.0,5559,2.156335381961427,1.5131415549424443,1.0319807177148088,1.2517394759681293,1.6043374869684417,1.7399766830525443,1.6573811878361582,Visium,LAM4,LAM20,spot
AGCTCATTAACGAATG-1,1,76,8,4721,2617,15846.0,5998,2.8253593848703207,1.7998256342050867,1.00629732422316,0.5895546583212504,2.2778981600543378,1.8670692656361474,2.031599905175749,Visium,LAM4,LAM20,spot
CTATGTCACTTGAACC-1,1,76,10,4721,2725,13694.0,5440,2.8789555591942406,1.7860227790577956,1.433852779499501,0.7554472322092709,2.269202133879876,2.373660729838056,1.9230763723436841,Visium,LAM4,LAM20,spot
GTTCTGCGCCAAGCGA-1,1,76,12,4722,2834,14321.0,5636,2.482645507376772,1.9366300375582797,1.5402904108992297,1.1894471624320948,2.0439308570613446,2.398677881166113,2.055172387005963,Visium,LAM4,LAM20,spot
ACCTGAGCAGGACCGC-1,1,76,14,4723,2942,15866.0,5771,2.8762391588365106,1.7116344717982335,0.9762492611147017,0.7899376792674543,2.1195018696773507,2.1836306290151697,1.7588701975059584,Visium,LAM4,LAM20,spot
AGGATGAGTGCGTGCG-1,1,76,26,4726,3592,3918.0,2491,1.9218926322647503,1.6750287128097274,2.15836452739886,0.6565440418623705,1.8090499940242668,2.9373750511679955,1.908464276479323,Visium,LAM4,LAM20,spot
GATGCGGTCCAGCTTA-1,1,76,28,4727,3700,4780.0,2865,2.514210079038494,1.9554283648762893,1.5938356562359064,0.0,1.8293964807524983,2.031409458295379,2.1189237269224614,Visium,LAM4,LAM20,spot
TCTACAGCACCGAACC-1,1,76,30,4728,3809,9539.0,4374,3.0041678323475334,1.3699917343879566,0.7170238100693032,0.4522311473019201,2.440891992065568,1.680461544841468,2.0390218712553496,Visium,LAM4,LAM20,spot
CACGTACACTCGCACC-1,1,76,32,4728,3917,6440.0,3542,2.3120345384999403,1.485268064818778,1.07874754764167,0.6872006813722189,1.624540680619857,1.5855524274447435,1.5026961810870756,Visium,LAM4,LAM20,spot
TACACTCAGCGTATAA-1,1,76,34,4729,4025,6293.0,3157,1.3148293014909518,0.8879573028211897,1.0252171054022512,1.2400629939569787,1.3811564428173686,2.098116386079758,1.3299535152244957,Visium,LAM4,LAM20,spot
ATCCACGACACGAATG-1,1,76,36,4729,4134,3500.0,2233,1.9632516240918005,1.4880770554298328,1.252762968495368,1.4150963520235966,1.6650077635889111,2.1539745935424026,1.791759469228055,Visium,LAM4,LAM20,spot
GTGGTACTGGTTCCAA-1,1,76,38,4730,4242,5397.0,3088,0.9509564373660895,1.377407481648308,1.126386776375368,1.7134341141407343,1.1987898573987654,2.591706743911909,1.8448314907908552,Visium,LAM4,LAM20,spot
GTCCAGCACGTTCAGA-1,1,76,40,4731,4350,3563.0,2184,0.7897468464970211,1.4742934155991738,0.8768477094203561,1.7214544608353108,1.424902286976216,2.7995002112253675,1.424902286976216,Visium,LAM4,LAM20,spot
GAAGTAGCTGAGTCTA-1,1,76,42,4731,4459,6643.0,3357,0.9184260389214853,1.6515320163419582,0.9184260389214853,1.2809726187217487,1.340909876808151,2.8067015224457528,1.7412027297768438,Visium,LAM4,LAM20,spot
CACCGACAAGGCGTAT-1,1,76,44,4732,4567,8921.0,4413,2.2666814977035648,1.1044986032574702,1.7516386014027185,0.927653511779275,1.7756569715235349,1.7017987042156033,1.6220472400773696,Visium,LAM4,LAM20,spot
TCGCACTTCAGTGACA-1,1,76,46,4733,4675,2659.0,1753,1.3046217598351357,1.4781283016902715,0.8797531402612071,1.3177842955564767,1.3404098998485252,2.4005130157514225,1.6545860003641102,Visium,LAM4,LAM20,spot
AACTGCGATGAATAGG-1,1,76,48,4733,4784,4993.0,2856,0.2516259270374298,1.5271528902613918,0.69384791636118,2.23808517060537,1.1796251152187864,2.3038460641087593,1.9107360568807683,Visium,LAM4,LAM20,spot
CGCTGACGGCACATGA-1,1,76,50,4734,4892,3749.0,2313,0.3228469723964482,0.7260746650280381,0.9809959502399374,1.6336057833234787,1.2041595033543098,2.3777283608215716,1.7919817260244715,Visium,LAM4,LAM20,spot
CAACAGCCGCCTTGAG-1,1,76,52,4734,5000,4148.0,2527,0.8660916682465625,1.761575270566899,0.6439832724971768,1.2269469809759534,1.4620626843933857,2.364921335543357,1.9059287113027628,Visium,LAM4,LAM20,spot
ACTCAGTAGATACAAT-1,1,76,54,4735,5109,2955.0,1900,0.896221208920988,1.4779831631560119,1.1362481638269797,2.0888762058128902,1.8716720109398066,2.247097423620547,1.3765174500848125,Visium,LAM4,LAM20,spot
AGGATGCTCGACAGTC-1,1,76,56,4736,5217,6774.0,3097,0.0,1.0193811795192202,1.0456652830335158,2.260615564105773,2.103723605317283,2.1549202401334644,1.7251257849161283,Visium,LAM4,LAM20,spot
CAATAAGGTAGCGATG-1,1,76,58,4736,5325,6033.0,3372,0.0,1.6050523776468317,1.5538169127097334,1.6230512616832686,1.1223085273565485,2.067680010291058,1.8212930592240641,Visium,LAM4,LAM20,spot
GGCATACTATTGCACT-1,1,76,60,4737,5434,5778.0,3296,0.554878707776773,1.90379547346477,1.6312813636836538,0.5803608447721129,1.4954638129385445,2.4065635533263356,1.5880265151256052,Visium,LAM4,LAM20,spot
GGACGTTACGTACATC-1,1,76,62,4737,5542,11875.0,5380,0.21559634567882685,0.9225866603309698,0.5520685823000397,0.2671375432201487,0.4895482253187058,2.0639716199077043,1.1664348850068709,Visium,LAM4,LAM20,spot
TCTTGCCGGAGCCAGA-1,1,76,64,4738,5650,15193.0,5968,0.0,0.7815042148567306,0.22059967468451233,0.5754161262239551,1.0034841936916856,2.376139242049598,0.8038478517168992,Visium,LAM4,LAM20,spot
AAGATTGACACTCGAT-1,1,76,66,4739,5759,7113.0,3189,0.1830209031511407,1.5380018587705557,1.7784323858701452,0.1202750040043365,0.532355160283287,0.970850628492445,1.2908892801445195,Visium,LAM4,LAM20,spot
ATCTTAAGCTCCTTGA-1,1,76,68,4739,5867,2367.0,1567,0.0,1.9336437819919,2.2459633277962863,0.7664935835150583,0.9494484497285809,1.3393350083739004,2.447714577452213,Visium,LAM4,LAM20,spot
GTGCTCGCTTGATCGG-1,1,76,70,4740,5975,3846.0,2359,0.31586378312647645,2.0149376879947303,1.9706371875172741,0.9762983686692053,1.5206379563198853,1.6740089343435678,2.3125714642433532,Visium,LAM4,LAM20,spot
AATTCTAACATCGTGC-1,1,76,72,4741,6084,8101.0,3891,0.0,1.31257088294598,0.7324224913700512,2.001009173697656,2.1290043864871113,2.052749106433776,1.611805185997878,Visium,LAM4,LAM20,spot
GATCGTTGGAATGACA-1,1,76,74,4741,6192,12803.0,4850,0.28873874386816517,0.775464410079353,0.8615671990511148,2.282867427970046,2.107162390298545,2.016087804449145,1.570219073839712,Visium,LAM4,LAM20,spot
TCTTGCATAGACAATA-1,1,76,76,4742,6300,6034.0,3240,0.8839831388303707,1.6049199325212196,0.48333825764800187,2.0895262654074305,1.5536862179557533,2.135081936530617,1.886054680675568,Visium,LAM4,LAM20,spot
CGACTATTGGTACTAT-1,1,76,78,4742,6409,5653.0,3320,1.0184762142129322,1.813197924281499,1.6905441591814208,1.2273674593782844,2.0325655623326324,1.8873340664847575,1.8059573921860144,Visium,LAM4,LAM20,spot
TGTCAACTTATTCAAT-1,1,76,80,4743,6517,7001.0,3793,2.169510090760839,2.114407255782038,1.8209673585028159,0.7741114097175782,2.118708263685366,2.125835755684255,2.0748423514040284,Visium,LAM4,LAM20,spot
TATTGAATTAAGCGTT-1,1,76,82,4744,6625,10021.0,4856,3.205368614848746,1.6469645921351717,1.3847214252734599,0.7790227965613116,2.6635388648881295,1.6077600261766425,2.236172748690074,Visium,LAM4,LAM20,spot
ATGAGCATGGCATTCT-1,1,76,94,4747,7275,1159.0,939,0.8031621990978517,0.0,0.0,2.17971127200787,0.7316541592751197,1.3548146757612978,0.7316541592751197,Visium,LAM4,LAM20,spot
CGGCTGTCGGTATTAC-1,1,76,122,4756,8792,2850.0,1726,1.94805607262559,2.0816321230596544,0.0,0.0,1.683796479752647,3.2858237218290847,2.323419179896888,Visium,LAM4,LAM20,spot
TACGCCAGCACCGGAA-1,1,76,124,4757,8900,4374.0,2274,1.9284579948230962,1.5385816559132985,1.3500960534888589,0.18883340363321366,0.887437670479502,3.8111099004729723,1.7678514900522808,Visium,LAM4,LAM20,spot
ACAGTTGAGGCTAATG-1,1,76,126,4757,9009,340.0,305,1.6489817795730668,1.37147927533475,0.0,0.0,0.0,3.414829530452213,2.48735463142664,Visium,LAM4,LAM20,spot
AGTGCTAACTCCTGGA-1,1,77,1,4624,2238,22317.0,7283,1.233283790780794,1.907397677604582,1.3784106078564682,1.2600483616082483,1.690995391481889,1.9314978163054308,1.7607770465409502,Visium,LAM4,LAM20,spot
CTTCCACGTCACGCCA-1,1,77,3,4625,2347,15992.0,5742,0.9237097234044889,1.1195684222771742,1.109310238686238,1.9166804832117523,1.738682993366345,2.2669743310233694,1.7248502897071456,Visium,LAM4,LAM20,spot
GATTCCTGTTCGCACC-1,1,77,5,4626,2455,27291.0,7170,1.1789235349156855,1.321264715039794,1.0081405793776472,2.1472871346413402,1.9393664892084188,2.382532526626388,1.9327585123601927,Visium,LAM4,LAM20,spot
GTACAGACCGTCGGCG-1,1,77,7,4626,2563,14675.0,5827,2.373484153362357,2.2883444817457423,1.659930204674063,1.1725248096701681,2.313934414442579,2.2531729296310523,2.9017585086968003,Visium,LAM4,LAM20,spot
ACCTGCCACTGCGGTT-1,1,77,9,4627,2672,12011.0,5221,2.686345555594352,2.2416622625350007,1.7002040608726008,0.6850880598398386,2.2102021042597784,2.345241720255672,2.894125146927588,Visium,LAM4,LAM20,spot
TCCGTCACGCTAAGGT-1,1,77,11,4627,2780,19288.0,6663,2.10222180355085,2.012328161359804,2.126803695358526,0.7785500476684559,1.985994773959958,2.4459891304474644,2.378237614443933,Visium,LAM4,LAM20,spot
CTAGCATCGACTTGTT-1,1,77,13,4628,2888,13606.0,5554,2.5786626406838997,2.020385538636103,2.053927722522282,0.5887780114782003,1.980621239761295,2.517053760200289,2.486950226389899,Visium,LAM4,LAM20,spot
ATTCCTCAATTCCATA-1,1,77,19,4630,3213,7875.0,3964,2.1327028528997767,1.2992829841302609,1.1700712526502546,1.8603033061317993,1.751268107873318,2.874670057734562,1.751268107873318,Visium,LAM4,LAM20,spot
AGGTACGGAAGTCAAC-1,1,77,23,4631,3430,4522.0,2713,2.4358234307405633,1.166710367102277,1.0767021790323652,1.3901768871276319,2.102557956681715,2.323780083893125,1.6906162999544172,Visium,LAM4,LAM20,spot
AGATAGGTGACCGCGT-1,1,77,25,4632,3538,15792.0,5999,2.880651293997354,1.6073079861762753,1.3059613799803245,0.5586811284585854,2.336036526495552,1.917602794814973,1.7895406975168375,Visium,LAM4,LAM20,spot
GCTTCTAGCCGAACAG-1,1,77,27,4632,3647,13154.0,5359,2.9960135172611166,1.4334033776553128,1.4197117856913477,0.24407923388902103,2.184627190293192,1.6927943829496372,1.5284596905208163,Visium,LAM4,LAM20,spot
CCACAACCAGCAGGTG-1,1,77,29,4633,3755,15620.0,6000,2.5129085695315956,1.590305994860963,1.175794610705438,0.529689756625966,1.9112956028672472,1.82910980215995,1.6411946132774797,Visium,LAM4,LAM20,spot
TGTACCTGCAGGAACA-1,1,77,31,4634,3863,9988.0,4914,1.5515435551309475,1.8255564455075617,1.2536207731400817,0.7808091268206128,1.17948641796647,2.101114599887021,1.8533965586084045,Visium,LAM4,LAM20,spot
TCAATCAGATGACGTG-1,1,77,33,4634,3972,9831.0,4734,2.6342494254593993,1.6028246986926837,1.1510560416292293,0.789427004041603,2.078589281549002,1.9605373788632443,2.140275563148236,Visium,LAM4,LAM20,spot
CAGCCACGGCTCTACG-1,1,77,35,4635,4080,10375.0,4881,2.297581200230565,1.7611760458559746,1.1906311873883617,0.5312079425537186,1.740254780695335,2.269514106150164,2.3757459730799013,Visium,LAM4,LAM20,spot
AGAACATACTGGTCGT-1,1,77,37,4636,4188,7834.0,4057,2.31429279494686,1.4629929788094604,0.890377052410221,1.0496700949326963,1.932065158252872,2.0275142817269676,1.8847383116405236,Visium,LAM4,LAM20,spot
CGCTTAGGCTGAGTCC-1,1,77,39,4636,4297,6097.0,3264,0.6612586439360166,1.2413340033530071,1.353322738381558,1.4185672344720193,1.4049401739831118,2.3577876897848764,0.9708360722984133,Visium,LAM4,LAM20,spot
AACTAGCGCTCCAGTT-1,1,77,41,4637,4405,8976.0,3930,0.3903269101033397,0.8488245782410035,1.2936155202263633,2.1860348896980577,2.2057541495715536,2.0630799568972225,1.0816843134763359,Visium,LAM4,LAM20,spot
GTAACCACAAGGCTGA-1,1,77,43,4637,4513,5431.0,3115,1.54384562324167,1.8468340423139329,0.5250128521088547,1.4696664288273042,1.7233385466231517,2.3230157249884176,1.9760686563641103,Visium,LAM4,LAM20,spot
TACGTTATCCAGACGC-1,1,77,45,4638,4622,5233.0,3029,2.218092498515651,1.7203134807463958,1.0684793997644932,0.9413752030462977,1.9755503157496213,1.9532177901919416,1.4688328859271385,Visium,LAM4,LAM20,spot
CTTACGCTACGTAAGC-1,1,77,47,4639,4730,2693.0,1827,1.1384428630305832,1.6262289395206346,1.4467223755061158,0.6994903190411554,1.5503948465765782,2.5462275820365865,1.5503948465765782,Visium,LAM4,LAM20,spot
TCGGTATCTAGTATAC-1,1,77,49,4639,4838,3370.0,2098,0.6140048728307176,1.0226003518860605,1.1710939567688476,2.2074826067534508,1.6958061548627639,2.6639670424706217,1.7616367097729466,Visium,LAM4,LAM20,spot
ATCCGGCGTAGTCTGA-1,1,77,51,4640,4947,3629.0,2302,1.0879797847345587,1.580588145072673,0.7096809998452964,2.226431661723803,1.5663054525516635,2.2748030708547966,1.6357623780766384,Visium,LAM4,LAM20,spot
TCGCCTAATGACCGGT-1,1,77,53,4640,5055,2924.0,1857,0.0,1.3180096617239265,0.6178810087505624,1.9765962037984477,1.5784567585005322,2.4212493332228653,1.8131880550363646,Visium,LAM4,LAM20,spot
CGATGCCGACCGTGAC-1,1,77,55,4641,5163,6087.0,3258,0.5330233825225321,1.1939174901406238,1.354540363289951,2.0439090765922745,1.406179127312991,2.0942065959335245,1.354540363289951,Visium,LAM4,LAM20,spot
GGACTCTGAACCTGAG-1,1,77,57,4642,5272,4330.0,2653,0.5067261734335154,1.3274363649679752,1.496090751205841,1.762826477145094,0.8933978844157549,2.247923220571811,1.9130433409749612,Visium,LAM4,LAM20,spot
TACACGAACAGCTACT-1,1,77,59,4642,5380,5555.0,3221,0.9333489866270817,2.1259359862489,2.3888536198814205,0.39941899161187816,0.9459107034104802,2.1042219640742283,2.183327072692699,Visium,LAM4,LAM20,spot
AATTCTTGCATTGGTC-1,1,77,61,4643,5488,6532.0,3577,0.6285095089088973,1.873543558680621,2.089457048390374,0.24557013815003464,1.133020618081586,1.6257965393651936,2.040933985070149,Visium,LAM4,LAM20,spot
AGTGCAGCTTCATCGG-1,1,77,63,4644,5597,19803.0,7072,0.06965585084613585,0.8385161497836277,0.8439594657844307,0.3128042125634526,0.8439594657844307,1.650218296231549,0.9712202894277059,Visium,LAM4,LAM20,spot
AGACTGGAACCGTTGG-1,1,77,65,4644,5705,23114.0,7472,0.22091855345905834,0.35951765913216965,0.46679697052017644,0.24319339192921344,0.8320020524281642,1.775500209231918,0.5324131984834896,Visium,LAM4,LAM20,spot
TCTTGAGCGGCAACGC-1,1,77,67,4645,5813,9235.0,3943,0.1438327797990369,1.6321345295698944,1.3807293654210375,0.6344356879223043,0.9647972556461359,1.2078095062305036,1.537850603975204,Visium,LAM4,LAM20,spot
GCCGAATCCACGACTC-1,1,77,69,4645,5922,6673.0,3562,0.0,2.103300452182639,2.408330668629346,1.5429398778731094,1.5961019677474628,1.6574594635789892,1.6333663246644152,Visium,LAM4,LAM20,spot
ATGATAATGCACGCAC-1,1,77,71,4646,6030,6748.0,3608,0.35305250463211263,1.9355253093871887,1.5872007888855308,1.5341627910402305,1.7282873620786263,2.240449005441925,1.5084149430090985,Visium,LAM4,LAM20,spot
TGACCATCCGCCACGT-1,1,77,73,4647,6138,9000.0,4053,0.5842530923208079,1.754019141245208,1.2122716071406312,1.8001417479808595,1.9616585060234524,2.0840604875361306,1.5284688499004333,Visium,LAM4,LAM20,spot
TAGAACATGATTAACA-1,1,77,75,4647,6247,7141.0,3620,1.2239589919157157,1.3351926771447413,0.7179729896443722,1.996778606414588,1.9638332680666828,2.1900205277534055,1.7450571673677162,Visium,LAM4,LAM20,spot
AGCGGATCGCGGACAG-1,1,77,77,4648,6355,6562.0,3594,1.500350145510531,1.9155860433763046,1.1299164098634675,1.612956140576744,1.7177140151459835,2.061489532539277,2.1759009320476856,Visium,LAM4,LAM20,spot
ACGTGAAGGTCGCCTC-1,1,77,79,4649,6463,9290.0,4542,2.294448125460987,1.6482859470597033,1.4733505881981068,1.370090788153225,2.0790378003379675,1.7956390288404658,1.934465545327848,Visium,LAM4,LAM20,spot
CTGATTGCTTCTAGAA-1,1,77,81,4649,6572,6403.0,3678,1.737884558292305,2.0019188873008065,1.2635256629527332,0.994638523331901,1.8359305268654675,1.8665867114373476,1.9805974817779028,Visium,LAM4,LAM20,spot
TCCGACCGCAAGTCCT-1,1,77,119,4661,8630,7350.0,3746,2.9381793384090633,1.7746063900018056,1.1121260078348325,1.091578747053114,2.416278143398904,2.1109687727285875,2.320785797640892,Visium,LAM4,LAM20,spot
GTCAGTTGGAACCACG-1,1,77,121,4662,8738,4703.0,2725,2.4000744277076014,2.9919296028447038,1.4940812312440601,0.32685501700729286,2.1012361133520967,2.9483036103586278,3.4520678068671824,Visium,LAM4,LAM20,spot
TGGCTGGAGTTATTGT-1,1,77,125,4663,8955,1412.0,1049,1.9559194364858343,1.8969783317940656,1.5131640956762562,0.49703015552439006,0.6340705809018695,3.418020762567945,2.2877446379809316,Visium,LAM4,LAM20,spot
AGGATCCGCTCGGTGC-1,1,77,127,4663,9063,324.0,293,2.284252284455756,1.9703016021794724,0.0,0.0,0.0,1.815481354198642,2.5316370809944218,Visium,LAM4,LAM20,spot
