branch_id,source_state,replicate,n_real_branch_cells,n_fake_branch_cells,matched_strata,sampling_with_replacement_cells,real_slope,null_slope,distance_metric,null_median_slope,empirical_two_sided_p
branch_01,State_16,0,396,396,12,0,-0.02365860916360874,0.01263238361823275,Stage20 distance_to_state15,0.014012376112577121,0.02594810379241517
branch_01,State_16,1,396,396,12,0,-0.02365860916360874,0.005665117734377251,Stage20 distance_to_state15,0.014012376112577121,0.02594810379241517
branch_01,State_16,2,396,396,12,0,-0.02365860916360874,0.015588220115242704,Stage20 distance_to_state15,0.014012376112577121,0.02594810379241517
branch_01,State_16,3,396,396,12,0,-0.02365860916360874,0.01471018021706771,Stage20 distance_to_state15,0.014012376112577121,0.02594810379241517
branch_01,State_16,4,396,396,12,0,-0.02365860916360874,0.015697685848273843,Stage20 distance_to_state15,0.014012376112577121,0.02594810379241517
branch_01,State_16,5,396,396,12,0,-0.02365860916360874,0.016543466302749256,Stage20 distance_to_state15,0.014012376112577121,0.02594810379241517
branch_01,State_16,6,396,396,12,0,-0.02365860916360874,0.013265410329123137,Stage20 distance_to_state15,0.014012376112577121,0.02594810379241517
branch_01,State_16,7,396,396,12,0,-0.02365860916360874,0.01779534850369151,Stage20 distance_to_state15,0.014012376112577121,0.02594810379241517
branch_01,State_16,8,396,396,12,0,-0.02365860916360874,0.014992040261560674,Stage20 distance_to_state15,0.014012376112577121,0.02594810379241517
branch_01,State_16,9,396,396,12,0,-0.02365860916360874,0.011436057943865013,Stage20 distance_to_state15,0.014012376112577121,0.02594810379241517
branch_01,State_16,10,396,396,12,0,-0.02365860916360874,0.013349491957492299,Stage20 distance_to_state15,0.014012376112577121,0.02594810379241517
branch_01,State_16,11,396,396,12,0,-0.02365860916360874,0.01576959645189218,Stage20 distance_to_state15,0.014012376112577121,0.02594810379241517
branch_01,State_16,12,396,396,12,0,-0.02365860916360874,0.02349336629076526,Stage20 distance_to_state15,0.014012376112577121,0.02594810379241517
branch_01,State_16,13,396,396,12,0,-0.02365860916360874,0.013029433411779597,Stage20 distance_to_state15,0.014012376112577121,0.02594810379241517
branch_01,State_16,14,396,396,12,0,-0.02365860916360874,0.013284929982288338,Stage20 distance_to_state15,0.014012376112577121,0.02594810379241517
branch_01,State_16,15,396,396,12,0,-0.02365860916360874,0.014726461879559134,Stage20 distance_to_state15,0.014012376112577121,0.02594810379241517
branch_01,State_16,16,396,396,12,0,-0.02365860916360874,0.011292729345897277,Stage20 distance_to_state15,0.014012376112577121,0.02594810379241517
branch_01,State_16,17,396,396,12,0,-0.02365860916360874,0.014875385896689908,Stage20 distance_to_state15,0.014012376112577121,0.02594810379241517
branch_01,State_16,18,396,396,12,0,-0.02365860916360874,0.009133634541861262,Stage20 distance_to_state15,0.014012376112577121,0.02594810379241517
branch_01,State_16,19,396,396,12,0,-0.02365860916360874,0.008625592104862873,Stage20 distance_to_state15,0.014012376112577121,0.02594810379241517
branch_01,State_16,20,396,396,12,0,-0.02365860916360874,0.014316466827788442,Stage20 distance_to_state15,0.014012376112577121,0.02594810379241517
branch_01,State_16,21,396,396,12,0,-0.02365860916360874,-0.0020894025516138594,Stage20 distance_to_state15,0.014012376112577121,0.02594810379241517
branch_01,State_16,22,396,396,12,0,-0.02365860916360874,0.010038654706738096,Stage20 distance_to_state15,0.014012376112577121,0.02594810379241517
branch_01,State_16,23,396,396,12,0,-0.02365860916360874,0.01338052188701911,Stage20 distance_to_state15,0.014012376112577121,0.02594810379241517
branch_01,State_16,24,396,396,12,0,-0.02365860916360874,0.015719319844722947,Stage20 distance_to_state15,0.014012376112577121,0.02594810379241517
branch_01,State_16,25,396,396,12,0,-0.02365860916360874,0.015415199139987817,Stage20 distance_to_state15,0.014012376112577121,0.02594810379241517
branch_01,State_16,26,396,396,12,0,-0.02365860916360874,0.011167008646804463,Stage20 distance_to_state15,0.014012376112577121,0.02594810379241517
branch_01,State_16,27,396,396,12,0,-0.02365860916360874,0.018997735214774554,Stage20 distance_to_state15,0.014012376112577121,0.02594810379241517
branch_01,State_16,28,396,396,12,0,-0.02365860916360874,0.017125510151861173,Stage20 distance_to_state15,0.014012376112577121,0.02594810379241517
branch_01,State_16,29,396,396,12,0,-0.02365860916360874,0.01126777798933292,Stage20 distance_to_state15,0.014012376112577121,0.02594810379241517
branch_01,State_16,30,396,396,12,0,-0.02365860916360874,0.021142886686614168,Stage20 distance_to_state15,0.014012376112577121,0.02594810379241517
branch_01,State_16,31,396,396,12,0,-0.02365860916360874,0.010266094602549049,Stage20 distance_to_state15,0.014012376112577121,0.02594810379241517
branch_01,State_16,32,396,396,12,0,-0.02365860916360874,0.01818099829574686,Stage20 distance_to_state15,0.014012376112577121,0.02594810379241517
branch_01,State_16,33,396,396,12,0,-0.02365860916360874,0.012496077119154653,Stage20 distance_to_state15,0.014012376112577121,0.02594810379241517
branch_01,State_16,34,396,396,12,0,-0.02365860916360874,0.012554084690689384,Stage20 distance_to_state15,0.014012376112577121,0.02594810379241517
branch_01,State_16,35,396,396,12,0,-0.02365860916360874,0.020508967059983722,Stage20 distance_to_state15,0.014012376112577121,0.02594810379241517
branch_01,State_16,36,396,396,12,0,-0.02365860916360874,0.018367829037153158,Stage20 distance_to_state15,0.014012376112577121,0.02594810379241517
branch_01,State_16,37,396,396,12,0,-0.02365860916360874,0.012992003241506234,Stage20 distance_to_state15,0.014012376112577121,0.02594810379241517
branch_01,State_16,38,396,396,12,0,-0.02365860916360874,0.026515260885957216,Stage20 distance_to_state15,0.014012376112577121,0.02594810379241517
branch_01,State_16,39,396,396,12,0,-0.02365860916360874,0.011187867050498651,Stage20 distance_to_state15,0.014012376112577121,0.02594810379241517
branch_01,State_16,40,396,396,12,0,-0.02365860916360874,0.01779692126767431,Stage20 distance_to_state15,0.014012376112577121,0.02594810379241517
branch_01,State_16,41,396,396,12,0,-0.02365860916360874,0.014682659720611412,Stage20 distance_to_state15,0.014012376112577121,0.02594810379241517
branch_01,State_16,42,396,396,12,0,-0.02365860916360874,0.019940106958423548,Stage20 distance_to_state15,0.014012376112577121,0.02594810379241517
branch_01,State_16,43,396,396,12,0,-0.02365860916360874,0.019949426835106192,Stage20 distance_to_state15,0.014012376112577121,0.02594810379241517
branch_01,State_16,44,396,396,12,0,-0.02365860916360874,0.009379085566317232,Stage20 distance_to_state15,0.014012376112577121,0.02594810379241517
branch_01,State_16,45,396,396,12,0,-0.02365860916360874,0.023315465519000732,Stage20 distance_to_state15,0.014012376112577121,0.02594810379241517
branch_01,State_16,46,396,396,12,0,-0.02365860916360874,0.013463141842765654,Stage20 distance_to_state15,0.014012376112577121,0.02594810379241517
branch_01,State_16,47,396,396,12,0,-0.02365860916360874,0.00979604443433945,Stage20 distance_to_state15,0.014012376112577121,0.02594810379241517
branch_01,State_16,48,396,396,12,0,-0.02365860916360874,0.007085877593433716,Stage20 distance_to_state15,0.014012376112577121,0.02594810379241517
branch_01,State_16,49,396,396,12,0,-0.02365860916360874,0.013548761800888785,Stage20 distance_to_state15,0.014012376112577121,0.02594810379241517
branch_01,State_16,50,396,396,12,0,-0.02365860916360874,0.019686411777708072,Stage20 distance_to_state15,0.014012376112577121,0.02594810379241517
branch_01,State_16,51,396,396,12,0,-0.02365860916360874,0.009261600234792885,Stage20 distance_to_state15,0.014012376112577121,0.02594810379241517
branch_01,State_16,52,396,396,12,0,-0.02365860916360874,0.01219828813899591,Stage20 distance_to_state15,0.014012376112577121,0.02594810379241517
branch_01,State_16,53,396,396,12,0,-0.02365860916360874,0.011419458784668525,Stage20 distance_to_state15,0.014012376112577121,0.02594810379241517
branch_01,State_16,54,396,396,12,0,-0.02365860916360874,0.014960140259056315,Stage20 distance_to_state15,0.014012376112577121,0.02594810379241517
branch_01,State_16,55,396,396,12,0,-0.02365860916360874,0.012647796532581124,Stage20 distance_to_state15,0.014012376112577121,0.02594810379241517
branch_01,State_16,56,396,396,12,0,-0.02365860916360874,0.00901162061622297,Stage20 distance_to_state15,0.014012376112577121,0.02594810379241517
branch_01,State_16,57,396,396,12,0,-0.02365860916360874,0.014231052609791073,Stage20 distance_to_state15,0.014012376112577121,0.02594810379241517
branch_01,State_16,58,396,396,12,0,-0.02365860916360874,0.014828954958777233,Stage20 distance_to_state15,0.014012376112577121,0.02594810379241517
branch_01,State_16,59,396,396,12,0,-0.02365860916360874,0.008983215722558568,Stage20 distance_to_state15,0.014012376112577121,0.02594810379241517
branch_01,State_16,60,396,396,12,0,-0.02365860916360874,0.011551920131941455,Stage20 distance_to_state15,0.014012376112577121,0.02594810379241517
branch_01,State_16,61,396,396,12,0,-0.02365860916360874,0.017699709023172756,Stage20 distance_to_state15,0.014012376112577121,0.02594810379241517
branch_01,State_16,62,396,396,12,0,-0.02365860916360874,0.014003854474766354,Stage20 distance_to_state15,0.014012376112577121,0.02594810379241517
branch_01,State_16,63,396,396,12,0,-0.02365860916360874,0.018971976298550013,Stage20 distance_to_state15,0.014012376112577121,0.02594810379241517
branch_01,State_16,64,396,396,12,0,-0.02365860916360874,0.011042233934395608,Stage20 distance_to_state15,0.014012376112577121,0.02594810379241517
branch_01,State_16,65,396,396,12,0,-0.02365860916360874,0.009615371851693685,Stage20 distance_to_state15,0.014012376112577121,0.02594810379241517
branch_01,State_16,66,396,396,12,0,-0.02365860916360874,0.007889917968174023,Stage20 distance_to_state15,0.014012376112577121,0.02594810379241517
branch_01,State_16,67,396,396,12,0,-0.02365860916360874,0.017670854282544897,Stage20 distance_to_state15,0.014012376112577121,0.02594810379241517
branch_01,State_16,68,396,396,12,0,-0.02365860916360874,0.01614816949831581,Stage20 distance_to_state15,0.014012376112577121,0.02594810379241517
branch_01,State_16,69,396,396,12,0,-0.02365860916360874,0.01567721946461692,Stage20 distance_to_state15,0.014012376112577121,0.02594810379241517
branch_01,State_16,70,396,396,12,0,-0.02365860916360874,0.01282335139117063,Stage20 distance_to_state15,0.014012376112577121,0.02594810379241517
branch_01,State_16,71,396,396,12,0,-0.02365860916360874,0.0125935779547609,Stage20 distance_to_state15,0.014012376112577121,0.02594810379241517
branch_01,State_16,72,396,396,12,0,-0.02365860916360874,-0.0003509392057239394,Stage20 distance_to_state15,0.014012376112577121,0.02594810379241517
branch_01,State_16,73,396,396,12,0,-0.02365860916360874,-0.0012578059910406149,Stage20 distance_to_state15,0.014012376112577121,0.02594810379241517
branch_01,State_16,74,396,396,12,0,-0.02365860916360874,0.01743714513019453,Stage20 distance_to_state15,0.014012376112577121,0.02594810379241517
branch_01,State_16,75,396,396,12,0,-0.02365860916360874,0.01917435656264683,Stage20 distance_to_state15,0.014012376112577121,0.02594810379241517
branch_01,State_16,76,396,396,12,0,-0.02365860916360874,0.01889850286308331,Stage20 distance_to_state15,0.014012376112577121,0.02594810379241517
branch_01,State_16,77,396,396,12,0,-0.02365860916360874,0.007569081061294815,Stage20 distance_to_state15,0.014012376112577121,0.02594810379241517
branch_01,State_16,78,396,396,12,0,-0.02365860916360874,0.01546708144698896,Stage20 distance_to_state15,0.014012376112577121,0.02594810379241517
branch_01,State_16,79,396,396,12,0,-0.02365860916360874,0.01913945340008693,Stage20 distance_to_state15,0.014012376112577121,0.02594810379241517
branch_01,State_16,80,396,396,12,0,-0.02365860916360874,0.01621013792793749,Stage20 distance_to_state15,0.014012376112577121,0.02594810379241517
branch_01,State_16,81,396,396,12,0,-0.02365860916360874,0.01275717565867801,Stage20 distance_to_state15,0.014012376112577121,0.02594810379241517
branch_01,State_16,82,396,396,12,0,-0.02365860916360874,0.016841352540764964,Stage20 distance_to_state15,0.014012376112577121,0.02594810379241517
branch_01,State_16,83,396,396,12,0,-0.02365860916360874,0.004657580300616044,Stage20 distance_to_state15,0.014012376112577121,0.02594810379241517
branch_01,State_16,84,396,396,12,0,-0.02365860916360874,0.014020897750387888,Stage20 distance_to_state15,0.014012376112577121,0.02594810379241517
branch_01,State_16,85,396,396,12,0,-0.02365860916360874,0.016277928697017587,Stage20 distance_to_state15,0.014012376112577121,0.02594810379241517
branch_01,State_16,86,396,396,12,0,-0.02365860916360874,0.013970333089536498,Stage20 distance_to_state15,0.014012376112577121,0.02594810379241517
branch_01,State_16,87,396,396,12,0,-0.02365860916360874,0.005564208382868776,Stage20 distance_to_state15,0.014012376112577121,0.02594810379241517
branch_01,State_16,88,396,396,12,0,-0.02365860916360874,0.014729395384674937,Stage20 distance_to_state15,0.014012376112577121,0.02594810379241517
branch_01,State_16,89,396,396,12,0,-0.02365860916360874,0.00366079230802082,Stage20 distance_to_state15,0.014012376112577121,0.02594810379241517
branch_01,State_16,90,396,396,12,0,-0.02365860916360874,0.013591578380744249,Stage20 distance_to_state15,0.014012376112577121,0.02594810379241517
branch_01,State_16,91,396,396,12,0,-0.02365860916360874,0.01764678400709937,Stage20 distance_to_state15,0.014012376112577121,0.02594810379241517
branch_01,State_16,92,396,396,12,0,-0.02365860916360874,0.013701559733609633,Stage20 distance_to_state15,0.014012376112577121,0.02594810379241517
branch_01,State_16,93,396,396,12,0,-0.02365860916360874,0.00762102927223093,Stage20 distance_to_state15,0.014012376112577121,0.02594810379241517
branch_01,State_16,94,396,396,12,0,-0.02365860916360874,0.016161848853859455,Stage20 distance_to_state15,0.014012376112577121,0.02594810379241517
branch_01,State_16,95,396,396,12,0,-0.02365860916360874,0.013924635073580043,Stage20 distance_to_state15,0.014012376112577121,0.02594810379241517
branch_01,State_16,96,396,396,12,0,-0.02365860916360874,0.013476867288017468,Stage20 distance_to_state15,0.014012376112577121,0.02594810379241517
branch_01,State_16,97,396,396,12,0,-0.02365860916360874,0.008493839443433748,Stage20 distance_to_state15,0.014012376112577121,0.02594810379241517
branch_01,State_16,98,396,396,12,0,-0.02365860916360874,0.012938374490278227,Stage20 distance_to_state15,0.014012376112577121,0.02594810379241517
branch_01,State_16,99,396,396,12,0,-0.02365860916360874,0.0038833280091414533,Stage20 distance_to_state15,0.014012376112577121,0.02594810379241517
branch_01,State_16,100,396,396,12,0,-0.02365860916360874,0.01912335149226696,Stage20 distance_to_state15,0.014012376112577121,0.02594810379241517
branch_01,State_16,101,396,396,12,0,-0.02365860916360874,0.023755286632349194,Stage20 distance_to_state15,0.014012376112577121,0.02594810379241517
branch_01,State_16,102,396,396,12,0,-0.02365860916360874,0.01123520138192944,Stage20 distance_to_state15,0.014012376112577121,0.02594810379241517
branch_01,State_16,103,396,396,12,0,-0.02365860916360874,0.009737248084415617,Stage20 distance_to_state15,0.014012376112577121,0.02594810379241517
branch_01,State_16,104,396,396,12,0,-0.02365860916360874,0.01080558509705832,Stage20 distance_to_state15,0.014012376112577121,0.02594810379241517
branch_01,State_16,105,396,396,12,0,-0.02365860916360874,0.015617774559852894,Stage20 distance_to_state15,0.014012376112577121,0.02594810379241517
branch_01,State_16,106,396,396,12,0,-0.02365860916360874,0.008545430855256629,Stage20 distance_to_state15,0.014012376112577121,0.02594810379241517
branch_01,State_16,107,396,396,12,0,-0.02365860916360874,0.010816662015337458,Stage20 distance_to_state15,0.014012376112577121,0.02594810379241517
branch_01,State_16,108,396,396,12,0,-0.02365860916360874,0.012471116076779431,Stage20 distance_to_state15,0.014012376112577121,0.02594810379241517
branch_01,State_16,109,396,396,12,0,-0.02365860916360874,0.015051268322433746,Stage20 distance_to_state15,0.014012376112577121,0.02594810379241517
branch_01,State_16,110,396,396,12,0,-0.02365860916360874,0.009736708257529626,Stage20 distance_to_state15,0.014012376112577121,0.02594810379241517
branch_01,State_16,111,396,396,12,0,-0.02365860916360874,0.013135593331803426,Stage20 distance_to_state15,0.014012376112577121,0.02594810379241517
branch_01,State_16,112,396,396,12,0,-0.02365860916360874,0.019354160445017407,Stage20 distance_to_state15,0.014012376112577121,0.02594810379241517
branch_01,State_16,113,396,396,12,0,-0.02365860916360874,0.010812719689908747,Stage20 distance_to_state15,0.014012376112577121,0.02594810379241517
branch_01,State_16,114,396,396,12,0,-0.02365860916360874,0.011574015793914209,Stage20 distance_to_state15,0.014012376112577121,0.02594810379241517
branch_01,State_16,115,396,396,12,0,-0.02365860916360874,0.019319143352148252,Stage20 distance_to_state15,0.014012376112577121,0.02594810379241517
branch_01,State_16,116,396,396,12,0,-0.02365860916360874,0.011926416978242056,Stage20 distance_to_state15,0.014012376112577121,0.02594810379241517
branch_01,State_16,117,396,396,12,0,-0.02365860916360874,0.0070742368389896115,Stage20 distance_to_state15,0.014012376112577121,0.02594810379241517
branch_01,State_16,118,396,396,12,0,-0.02365860916360874,0.01119778572920439,Stage20 distance_to_state15,0.014012376112577121,0.02594810379241517
branch_01,State_16,119,396,396,12,0,-0.02365860916360874,0.01062925543693195,Stage20 distance_to_state15,0.014012376112577121,0.02594810379241517
branch_01,State_16,120,396,396,12,0,-0.02365860916360874,0.01938576773294872,Stage20 distance_to_state15,0.014012376112577121,0.02594810379241517
branch_01,State_16,121,396,396,12,0,-0.02365860916360874,0.010883722138858416,Stage20 distance_to_state15,0.014012376112577121,0.02594810379241517
branch_01,State_16,122,396,396,12,0,-0.02365860916360874,0.015492365472328157,Stage20 distance_to_state15,0.014012376112577121,0.02594810379241517
branch_01,State_16,123,396,396,12,0,-0.02365860916360874,0.016909107325404828,Stage20 distance_to_state15,0.014012376112577121,0.02594810379241517
branch_01,State_16,124,396,396,12,0,-0.02365860916360874,0.017951734464609133,Stage20 distance_to_state15,0.014012376112577121,0.02594810379241517
branch_01,State_16,125,396,396,12,0,-0.02365860916360874,0.014704526290402992,Stage20 distance_to_state15,0.014012376112577121,0.02594810379241517
branch_01,State_16,126,396,396,12,0,-0.02365860916360874,0.020835258174980623,Stage20 distance_to_state15,0.014012376112577121,0.02594810379241517
branch_01,State_16,127,396,396,12,0,-0.02365860916360874,0.01854725853685349,Stage20 distance_to_state15,0.014012376112577121,0.02594810379241517
branch_01,State_16,128,396,396,12,0,-0.02365860916360874,0.00980266137352409,Stage20 distance_to_state15,0.014012376112577121,0.02594810379241517
branch_01,State_16,129,396,396,12,0,-0.02365860916360874,0.016112185216526458,Stage20 distance_to_state15,0.014012376112577121,0.02594810379241517
branch_01,State_16,130,396,396,12,0,-0.02365860916360874,0.012297211972505776,Stage20 distance_to_state15,0.014012376112577121,0.02594810379241517
branch_01,State_16,131,396,396,12,0,-0.02365860916360874,0.016594561176313992,Stage20 distance_to_state15,0.014012376112577121,0.02594810379241517
branch_01,State_16,132,396,396,12,0,-0.02365860916360874,0.01706170972359832,Stage20 distance_to_state15,0.014012376112577121,0.02594810379241517
branch_01,State_16,133,396,396,12,0,-0.02365860916360874,0.019778665517337785,Stage20 distance_to_state15,0.014012376112577121,0.02594810379241517
branch_01,State_16,134,396,396,12,0,-0.02365860916360874,0.020420731529295258,Stage20 distance_to_state15,0.014012376112577121,0.02594810379241517
branch_01,State_16,135,396,396,12,0,-0.02365860916360874,0.010701588626111879,Stage20 distance_to_state15,0.014012376112577121,0.02594810379241517
branch_01,State_16,136,396,396,12,0,-0.02365860916360874,0.016008542747713163,Stage20 distance_to_state15,0.014012376112577121,0.02594810379241517
branch_01,State_16,137,396,396,12,0,-0.02365860916360874,0.015587829038817391,Stage20 distance_to_state15,0.014012376112577121,0.02594810379241517
branch_01,State_16,138,396,396,12,0,-0.02365860916360874,0.02174529387886344,Stage20 distance_to_state15,0.014012376112577121,0.02594810379241517
branch_01,State_16,139,396,396,12,0,-0.02365860916360874,0.00895324629314094,Stage20 distance_to_state15,0.014012376112577121,0.02594810379241517
branch_01,State_16,140,396,396,12,0,-0.02365860916360874,0.015440121773199852,Stage20 distance_to_state15,0.014012376112577121,0.02594810379241517
branch_01,State_16,141,396,396,12,0,-0.02365860916360874,0.021631131042335855,Stage20 distance_to_state15,0.014012376112577121,0.02594810379241517
branch_01,State_16,142,396,396,12,0,-0.02365860916360874,0.007425167816016747,Stage20 distance_to_state15,0.014012376112577121,0.02594810379241517
branch_01,State_16,143,396,396,12,0,-0.02365860916360874,0.01568301325642297,Stage20 distance_to_state15,0.014012376112577121,0.02594810379241517
branch_01,State_16,144,396,396,12,0,-0.02365860916360874,0.015310550866700197,Stage20 distance_to_state15,0.014012376112577121,0.02594810379241517
branch_01,State_16,145,396,396,12,0,-0.02365860916360874,0.017065299828559498,Stage20 distance_to_state15,0.014012376112577121,0.02594810379241517
branch_01,State_16,146,396,396,12,0,-0.02365860916360874,0.015953003936412455,Stage20 distance_to_state15,0.014012376112577121,0.02594810379241517
branch_01,State_16,147,396,396,12,0,-0.02365860916360874,0.012444959232798754,Stage20 distance_to_state15,0.014012376112577121,0.02594810379241517
branch_01,State_16,148,396,396,12,0,-0.02365860916360874,0.014409429278865352,Stage20 distance_to_state15,0.014012376112577121,0.02594810379241517
branch_01,State_16,149,396,396,12,0,-0.02365860916360874,0.01174645207574768,Stage20 distance_to_state15,0.014012376112577121,0.02594810379241517
branch_01,State_16,150,396,396,12,0,-0.02365860916360874,0.02664143481374922,Stage20 distance_to_state15,0.014012376112577121,0.02594810379241517
branch_01,State_16,151,396,396,12,0,-0.02365860916360874,0.02194270805650772,Stage20 distance_to_state15,0.014012376112577121,0.02594810379241517
branch_01,State_16,152,396,396,12,0,-0.02365860916360874,0.0152669935680535,Stage20 distance_to_state15,0.014012376112577121,0.02594810379241517
branch_01,State_16,153,396,396,12,0,-0.02365860916360874,0.020239566658853278,Stage20 distance_to_state15,0.014012376112577121,0.02594810379241517
branch_01,State_16,154,396,396,12,0,-0.02365860916360874,0.010614064563396516,Stage20 distance_to_state15,0.014012376112577121,0.02594810379241517
branch_01,State_16,155,396,396,12,0,-0.02365860916360874,0.019365488061743485,Stage20 distance_to_state15,0.014012376112577121,0.02594810379241517
branch_01,State_16,156,396,396,12,0,-0.02365860916360874,0.014792885279687897,Stage20 distance_to_state15,0.014012376112577121,0.02594810379241517
branch_01,State_16,157,396,396,12,0,-0.02365860916360874,0.02114275795108727,Stage20 distance_to_state15,0.014012376112577121,0.02594810379241517
branch_01,State_16,158,396,396,12,0,-0.02365860916360874,0.01785720305907479,Stage20 distance_to_state15,0.014012376112577121,0.02594810379241517
branch_01,State_16,159,396,396,12,0,-0.02365860916360874,0.01664317839951318,Stage20 distance_to_state15,0.014012376112577121,0.02594810379241517
branch_01,State_16,160,396,396,12,0,-0.02365860916360874,0.013664587330285284,Stage20 distance_to_state15,0.014012376112577121,0.02594810379241517
branch_01,State_16,161,396,396,12,0,-0.02365860916360874,0.018080563551102387,Stage20 distance_to_state15,0.014012376112577121,0.02594810379241517
branch_01,State_16,162,396,396,12,0,-0.02365860916360874,0.011804408105888346,Stage20 distance_to_state15,0.014012376112577121,0.02594810379241517
branch_01,State_16,163,396,396,12,0,-0.02365860916360874,0.013385358156752104,Stage20 distance_to_state15,0.014012376112577121,0.02594810379241517
branch_01,State_16,164,396,396,12,0,-0.02365860916360874,0.01366205784396042,Stage20 distance_to_state15,0.014012376112577121,0.02594810379241517
branch_01,State_16,165,396,396,12,0,-0.02365860916360874,0.009298219132171884,Stage20 distance_to_state15,0.014012376112577121,0.02594810379241517
branch_01,State_16,166,396,396,12,0,-0.02365860916360874,0.00532545173861022,Stage20 distance_to_state15,0.014012376112577121,0.02594810379241517
branch_01,State_16,167,396,396,12,0,-0.02365860916360874,0.021575576566128532,Stage20 distance_to_state15,0.014012376112577121,0.02594810379241517
branch_01,State_16,168,396,396,12,0,-0.02365860916360874,0.014189254644071649,Stage20 distance_to_state15,0.014012376112577121,0.02594810379241517
branch_01,State_16,169,396,396,12,0,-0.02365860916360874,0.006058427508553649,Stage20 distance_to_state15,0.014012376112577121,0.02594810379241517
branch_01,State_16,170,396,396,12,0,-0.02365860916360874,0.015936058572563444,Stage20 distance_to_state15,0.014012376112577121,0.02594810379241517
branch_01,State_16,171,396,396,12,0,-0.02365860916360874,0.0186895966842461,Stage20 distance_to_state15,0.014012376112577121,0.02594810379241517
branch_01,State_16,172,396,396,12,0,-0.02365860916360874,0.008187056450310388,Stage20 distance_to_state15,0.014012376112577121,0.02594810379241517
branch_01,State_16,173,396,396,12,0,-0.02365860916360874,0.021344181504222993,Stage20 distance_to_state15,0.014012376112577121,0.02594810379241517
branch_01,State_16,174,396,396,12,0,-0.02365860916360874,0.01706765383873622,Stage20 distance_to_state15,0.014012376112577121,0.02594810379241517
branch_01,State_16,175,396,396,12,0,-0.02365860916360874,0.015058969713713857,Stage20 distance_to_state15,0.014012376112577121,0.02594810379241517
branch_01,State_16,176,396,396,12,0,-0.02365860916360874,0.015156503163143542,Stage20 distance_to_state15,0.014012376112577121,0.02594810379241517
branch_01,State_16,177,396,396,12,0,-0.02365860916360874,0.008498027098711159,Stage20 distance_to_state15,0.014012376112577121,0.02594810379241517
branch_01,State_16,178,396,396,12,0,-0.02365860916360874,0.010507756948110208,Stage20 distance_to_state15,0.014012376112577121,0.02594810379241517
branch_01,State_16,179,396,396,12,0,-0.02365860916360874,0.014207868864027536,Stage20 distance_to_state15,0.014012376112577121,0.02594810379241517
branch_01,State_16,180,396,396,12,0,-0.02365860916360874,0.024044302306998173,Stage20 distance_to_state15,0.014012376112577121,0.02594810379241517
branch_01,State_16,181,396,396,12,0,-0.02365860916360874,0.016979434659115528,Stage20 distance_to_state15,0.014012376112577121,0.02594810379241517
branch_01,State_16,182,396,396,12,0,-0.02365860916360874,0.01893545860901214,Stage20 distance_to_state15,0.014012376112577121,0.02594810379241517
branch_01,State_16,183,396,396,12,0,-0.02365860916360874,0.014210623627654455,Stage20 distance_to_state15,0.014012376112577121,0.02594810379241517
branch_01,State_16,184,396,396,12,0,-0.02365860916360874,0.01535880431145168,Stage20 distance_to_state15,0.014012376112577121,0.02594810379241517
branch_01,State_16,185,396,396,12,0,-0.02365860916360874,0.01806835872024387,Stage20 distance_to_state15,0.014012376112577121,0.02594810379241517
branch_01,State_16,186,396,396,12,0,-0.02365860916360874,0.005057291898462473,Stage20 distance_to_state15,0.014012376112577121,0.02594810379241517
branch_01,State_16,187,396,396,12,0,-0.02365860916360874,0.00977482162392846,Stage20 distance_to_state15,0.014012376112577121,0.02594810379241517
branch_01,State_16,188,396,396,12,0,-0.02365860916360874,0.011933191739316156,Stage20 distance_to_state15,0.014012376112577121,0.02594810379241517
branch_01,State_16,189,396,396,12,0,-0.02365860916360874,0.011569560890836474,Stage20 distance_to_state15,0.014012376112577121,0.02594810379241517
branch_01,State_16,190,396,396,12,0,-0.02365860916360874,0.009905161676807526,Stage20 distance_to_state15,0.014012376112577121,0.02594810379241517
branch_01,State_16,191,396,396,12,0,-0.02365860916360874,0.005367037931393606,Stage20 distance_to_state15,0.014012376112577121,0.02594810379241517
branch_01,State_16,192,396,396,12,0,-0.02365860916360874,0.015975615520296207,Stage20 distance_to_state15,0.014012376112577121,0.02594810379241517
branch_01,State_16,193,396,396,12,0,-0.02365860916360874,0.021260135689196442,Stage20 distance_to_state15,0.014012376112577121,0.02594810379241517
branch_01,State_16,194,396,396,12,0,-0.02365860916360874,0.012581313779160701,Stage20 distance_to_state15,0.014012376112577121,0.02594810379241517
branch_01,State_16,195,396,396,12,0,-0.02365860916360874,0.011733936798710716,Stage20 distance_to_state15,0.014012376112577121,0.02594810379241517
branch_01,State_16,196,396,396,12,0,-0.02365860916360874,0.018776071233126218,Stage20 distance_to_state15,0.014012376112577121,0.02594810379241517
branch_01,State_16,197,396,396,12,0,-0.02365860916360874,-0.0005475648880536865,Stage20 distance_to_state15,0.014012376112577121,0.02594810379241517
branch_01,State_16,198,396,396,12,0,-0.02365860916360874,0.01881026036953356,Stage20 distance_to_state15,0.014012376112577121,0.02594810379241517
branch_01,State_16,199,396,396,12,0,-0.02365860916360874,0.015632109226467704,Stage20 distance_to_state15,0.014012376112577121,0.02594810379241517
branch_01,State_16,200,396,396,12,0,-0.02365860916360874,0.007914076185161035,Stage20 distance_to_state15,0.014012376112577121,0.02594810379241517
branch_01,State_16,201,396,396,12,0,-0.02365860916360874,0.024519635783795152,Stage20 distance_to_state15,0.014012376112577121,0.02594810379241517
branch_01,State_16,202,396,396,12,0,-0.02365860916360874,0.006891883809801845,Stage20 distance_to_state15,0.014012376112577121,0.02594810379241517
branch_01,State_16,203,396,396,12,0,-0.02365860916360874,0.008129837527776636,Stage20 distance_to_state15,0.014012376112577121,0.02594810379241517
branch_01,State_16,204,396,396,12,0,-0.02365860916360874,0.008152816267638623,Stage20 distance_to_state15,0.014012376112577121,0.02594810379241517
branch_01,State_16,205,396,396,12,0,-0.02365860916360874,0.018407777425395296,Stage20 distance_to_state15,0.014012376112577121,0.02594810379241517
branch_01,State_16,206,396,396,12,0,-0.02365860916360874,0.013630638058010555,Stage20 distance_to_state15,0.014012376112577121,0.02594810379241517
branch_01,State_16,207,396,396,12,0,-0.02365860916360874,0.01931911036646889,Stage20 distance_to_state15,0.014012376112577121,0.02594810379241517
branch_01,State_16,208,396,396,12,0,-0.02365860916360874,0.016129592907291088,Stage20 distance_to_state15,0.014012376112577121,0.02594810379241517
branch_01,State_16,209,396,396,12,0,-0.02365860916360874,0.007790264294139464,Stage20 distance_to_state15,0.014012376112577121,0.02594810379241517
branch_01,State_16,210,396,396,12,0,-0.02365860916360874,0.010082990570064693,Stage20 distance_to_state15,0.014012376112577121,0.02594810379241517
branch_01,State_16,211,396,396,12,0,-0.02365860916360874,0.012933979778735793,Stage20 distance_to_state15,0.014012376112577121,0.02594810379241517
branch_01,State_16,212,396,396,12,0,-0.02365860916360874,0.011804218739742876,Stage20 distance_to_state15,0.014012376112577121,0.02594810379241517
branch_01,State_16,213,396,396,12,0,-0.02365860916360874,0.022150678155075182,Stage20 distance_to_state15,0.014012376112577121,0.02594810379241517
branch_01,State_16,214,396,396,12,0,-0.02365860916360874,0.01297535066832374,Stage20 distance_to_state15,0.014012376112577121,0.02594810379241517
branch_01,State_16,215,396,396,12,0,-0.02365860916360874,0.011917989682813206,Stage20 distance_to_state15,0.014012376112577121,0.02594810379241517
branch_01,State_16,216,396,396,12,0,-0.02365860916360874,0.011723926209755282,Stage20 distance_to_state15,0.014012376112577121,0.02594810379241517
branch_01,State_16,217,396,396,12,0,-0.02365860916360874,0.015106777688895685,Stage20 distance_to_state15,0.014012376112577121,0.02594810379241517
branch_01,State_16,218,396,396,12,0,-0.02365860916360874,0.01935171147734739,Stage20 distance_to_state15,0.014012376112577121,0.02594810379241517
branch_01,State_16,219,396,396,12,0,-0.02365860916360874,0.0040777946061286915,Stage20 distance_to_state15,0.014012376112577121,0.02594810379241517
branch_01,State_16,220,396,396,12,0,-0.02365860916360874,0.01624618270192909,Stage20 distance_to_state15,0.014012376112577121,0.02594810379241517
branch_01,State_16,221,396,396,12,0,-0.02365860916360874,0.01120319021323771,Stage20 distance_to_state15,0.014012376112577121,0.02594810379241517
branch_01,State_16,222,396,396,12,0,-0.02365860916360874,0.017944376943440518,Stage20 distance_to_state15,0.014012376112577121,0.02594810379241517
branch_01,State_16,223,396,396,12,0,-0.02365860916360874,0.024790367070282836,Stage20 distance_to_state15,0.014012376112577121,0.02594810379241517
branch_01,State_16,224,396,396,12,0,-0.02365860916360874,0.017362662688625435,Stage20 distance_to_state15,0.014012376112577121,0.02594810379241517
branch_01,State_16,225,396,396,12,0,-0.02365860916360874,0.008102481189208512,Stage20 distance_to_state15,0.014012376112577121,0.02594810379241517
branch_01,State_16,226,396,396,12,0,-0.02365860916360874,0.012701307216895438,Stage20 distance_to_state15,0.014012376112577121,0.02594810379241517
branch_01,State_16,227,396,396,12,0,-0.02365860916360874,0.013184176201267342,Stage20 distance_to_state15,0.014012376112577121,0.02594810379241517
branch_01,State_16,228,396,396,12,0,-0.02365860916360874,0.004724798296147959,Stage20 distance_to_state15,0.014012376112577121,0.02594810379241517
branch_01,State_16,229,396,396,12,0,-0.02365860916360874,0.016329235202992946,Stage20 distance_to_state15,0.014012376112577121,0.02594810379241517
branch_01,State_16,230,396,396,12,0,-0.02365860916360874,0.017446614942043706,Stage20 distance_to_state15,0.014012376112577121,0.02594810379241517
branch_01,State_16,231,396,396,12,0,-0.02365860916360874,0.01465103204394319,Stage20 distance_to_state15,0.014012376112577121,0.02594810379241517
branch_01,State_16,232,396,396,12,0,-0.02365860916360874,0.01788489614866985,Stage20 distance_to_state15,0.014012376112577121,0.02594810379241517
branch_01,State_16,233,396,396,12,0,-0.02365860916360874,0.008255033766731985,Stage20 distance_to_state15,0.014012376112577121,0.02594810379241517
branch_01,State_16,234,396,396,12,0,-0.02365860916360874,0.012335806493939148,Stage20 distance_to_state15,0.014012376112577121,0.02594810379241517
branch_01,State_16,235,396,396,12,0,-0.02365860916360874,0.014312203228719199,Stage20 distance_to_state15,0.014012376112577121,0.02594810379241517
branch_01,State_16,236,396,396,12,0,-0.02365860916360874,0.01406594706165936,Stage20 distance_to_state15,0.014012376112577121,0.02594810379241517
branch_01,State_16,237,396,396,12,0,-0.02365860916360874,0.013003484996358963,Stage20 distance_to_state15,0.014012376112577121,0.02594810379241517
branch_01,State_16,238,396,396,12,0,-0.02365860916360874,0.013222549458784049,Stage20 distance_to_state15,0.014012376112577121,0.02594810379241517
branch_01,State_16,239,396,396,12,0,-0.02365860916360874,0.012472204026610763,Stage20 distance_to_state15,0.014012376112577121,0.02594810379241517
branch_01,State_16,240,396,396,12,0,-0.02365860916360874,0.02094791206882614,Stage20 distance_to_state15,0.014012376112577121,0.02594810379241517
branch_01,State_16,241,396,396,12,0,-0.02365860916360874,0.016637877172255004,Stage20 distance_to_state15,0.014012376112577121,0.02594810379241517
branch_01,State_16,242,396,396,12,0,-0.02365860916360874,0.012017242060957344,Stage20 distance_to_state15,0.014012376112577121,0.02594810379241517
branch_01,State_16,243,396,396,12,0,-0.02365860916360874,0.019903090821660828,Stage20 distance_to_state15,0.014012376112577121,0.02594810379241517
branch_01,State_16,244,396,396,12,0,-0.02365860916360874,0.017502019193711534,Stage20 distance_to_state15,0.014012376112577121,0.02594810379241517
branch_01,State_16,245,396,396,12,0,-0.02365860916360874,0.024550029304534052,Stage20 distance_to_state15,0.014012376112577121,0.02594810379241517
branch_01,State_16,246,396,396,12,0,-0.02365860916360874,0.012658006823200563,Stage20 distance_to_state15,0.014012376112577121,0.02594810379241517
branch_01,State_16,247,396,396,12,0,-0.02365860916360874,0.010874312900610254,Stage20 distance_to_state15,0.014012376112577121,0.02594810379241517
branch_01,State_16,248,396,396,12,0,-0.02365860916360874,0.013186561999923897,Stage20 distance_to_state15,0.014012376112577121,0.02594810379241517
branch_01,State_16,249,396,396,12,0,-0.02365860916360874,0.016926557654658607,Stage20 distance_to_state15,0.014012376112577121,0.02594810379241517
branch_01,State_16,250,396,396,12,0,-0.02365860916360874,0.019353747660260004,Stage20 distance_to_state15,0.014012376112577121,0.02594810379241517
branch_01,State_16,251,396,396,12,0,-0.02365860916360874,0.015319503126004094,Stage20 distance_to_state15,0.014012376112577121,0.02594810379241517
branch_01,State_16,252,396,396,12,0,-0.02365860916360874,0.01624728923353102,Stage20 distance_to_state15,0.014012376112577121,0.02594810379241517
branch_01,State_16,253,396,396,12,0,-0.02365860916360874,0.019153870853605037,Stage20 distance_to_state15,0.014012376112577121,0.02594810379241517
branch_01,State_16,254,396,396,12,0,-0.02365860916360874,0.012570152323756436,Stage20 distance_to_state15,0.014012376112577121,0.02594810379241517
branch_01,State_16,255,396,396,12,0,-0.02365860916360874,0.0154763455746805,Stage20 distance_to_state15,0.014012376112577121,0.02594810379241517
branch_01,State_16,256,396,396,12,0,-0.02365860916360874,0.01369941269828652,Stage20 distance_to_state15,0.014012376112577121,0.02594810379241517
branch_01,State_16,257,396,396,12,0,-0.02365860916360874,0.01251230872972495,Stage20 distance_to_state15,0.014012376112577121,0.02594810379241517
branch_01,State_16,258,396,396,12,0,-0.02365860916360874,0.010875140605168674,Stage20 distance_to_state15,0.014012376112577121,0.02594810379241517
branch_01,State_16,259,396,396,12,0,-0.02365860916360874,0.01874682734383199,Stage20 distance_to_state15,0.014012376112577121,0.02594810379241517
branch_01,State_16,260,396,396,12,0,-0.02365860916360874,0.013736202074571019,Stage20 distance_to_state15,0.014012376112577121,0.02594810379241517
branch_01,State_16,261,396,396,12,0,-0.02365860916360874,0.019229779163759217,Stage20 distance_to_state15,0.014012376112577121,0.02594810379241517
branch_01,State_16,262,396,396,12,0,-0.02365860916360874,0.02386142590182671,Stage20 distance_to_state15,0.014012376112577121,0.02594810379241517
branch_01,State_16,263,396,396,12,0,-0.02365860916360874,0.01843547126935334,Stage20 distance_to_state15,0.014012376112577121,0.02594810379241517
branch_01,State_16,264,396,396,12,0,-0.02365860916360874,0.006336642554035748,Stage20 distance_to_state15,0.014012376112577121,0.02594810379241517
branch_01,State_16,265,396,396,12,0,-0.02365860916360874,0.019472316557800455,Stage20 distance_to_state15,0.014012376112577121,0.02594810379241517
branch_01,State_16,266,396,396,12,0,-0.02365860916360874,0.019389413129978245,Stage20 distance_to_state15,0.014012376112577121,0.02594810379241517
branch_01,State_16,267,396,396,12,0,-0.02365860916360874,0.01621196458561175,Stage20 distance_to_state15,0.014012376112577121,0.02594810379241517
branch_01,State_16,268,396,396,12,0,-0.02365860916360874,0.013404862056279401,Stage20 distance_to_state15,0.014012376112577121,0.02594810379241517
branch_01,State_16,269,396,396,12,0,-0.02365860916360874,0.0228982060965173,Stage20 distance_to_state15,0.014012376112577121,0.02594810379241517
branch_01,State_16,270,396,396,12,0,-0.02365860916360874,0.009649955089194674,Stage20 distance_to_state15,0.014012376112577121,0.02594810379241517
branch_01,State_16,271,396,396,12,0,-0.02365860916360874,0.021265386213771435,Stage20 distance_to_state15,0.014012376112577121,0.02594810379241517
branch_01,State_16,272,396,396,12,0,-0.02365860916360874,0.016643910677135765,Stage20 distance_to_state15,0.014012376112577121,0.02594810379241517
branch_01,State_16,273,396,396,12,0,-0.02365860916360874,0.01891089631851644,Stage20 distance_to_state15,0.014012376112577121,0.02594810379241517
branch_01,State_16,274,396,396,12,0,-0.02365860916360874,0.0030751881068544623,Stage20 distance_to_state15,0.014012376112577121,0.02594810379241517
branch_01,State_16,275,396,396,12,0,-0.02365860916360874,0.017254243795813196,Stage20 distance_to_state15,0.014012376112577121,0.02594810379241517
branch_01,State_16,276,396,396,12,0,-0.02365860916360874,0.021932970923013738,Stage20 distance_to_state15,0.014012376112577121,0.02594810379241517
branch_01,State_16,277,396,396,12,0,-0.02365860916360874,0.015003415881797585,Stage20 distance_to_state15,0.014012376112577121,0.02594810379241517
branch_01,State_16,278,396,396,12,0,-0.02365860916360874,0.019457947769444234,Stage20 distance_to_state15,0.014012376112577121,0.02594810379241517
branch_01,State_16,279,396,396,12,0,-0.02365860916360874,0.017722686284523857,Stage20 distance_to_state15,0.014012376112577121,0.02594810379241517
branch_01,State_16,280,396,396,12,0,-0.02365860916360874,0.016816871994523024,Stage20 distance_to_state15,0.014012376112577121,0.02594810379241517
branch_01,State_16,281,396,396,12,0,-0.02365860916360874,0.006788672302035302,Stage20 distance_to_state15,0.014012376112577121,0.02594810379241517
branch_01,State_16,282,396,396,12,0,-0.02365860916360874,0.01396509654210653,Stage20 distance_to_state15,0.014012376112577121,0.02594810379241517
branch_01,State_16,283,396,396,12,0,-0.02365860916360874,0.01573937878902973,Stage20 distance_to_state15,0.014012376112577121,0.02594810379241517
branch_01,State_16,284,396,396,12,0,-0.02365860916360874,0.01563123191573408,Stage20 distance_to_state15,0.014012376112577121,0.02594810379241517
branch_01,State_16,285,396,396,12,0,-0.02365860916360874,0.010911071112294626,Stage20 distance_to_state15,0.014012376112577121,0.02594810379241517
branch_01,State_16,286,396,396,12,0,-0.02365860916360874,0.009049963510047856,Stage20 distance_to_state15,0.014012376112577121,0.02594810379241517
branch_01,State_16,287,396,396,12,0,-0.02365860916360874,0.005336759948379077,Stage20 distance_to_state15,0.014012376112577121,0.02594810379241517
branch_01,State_16,288,396,396,12,0,-0.02365860916360874,0.014477865211854783,Stage20 distance_to_state15,0.014012376112577121,0.02594810379241517
branch_01,State_16,289,396,396,12,0,-0.02365860916360874,0.021126115683024638,Stage20 distance_to_state15,0.014012376112577121,0.02594810379241517
branch_01,State_16,290,396,396,12,0,-0.02365860916360874,0.014846001732706657,Stage20 distance_to_state15,0.014012376112577121,0.02594810379241517
branch_01,State_16,291,396,396,12,0,-0.02365860916360874,0.02309190390684128,Stage20 distance_to_state15,0.014012376112577121,0.02594810379241517
branch_01,State_16,292,396,396,12,0,-0.02365860916360874,0.013564797028002437,Stage20 distance_to_state15,0.014012376112577121,0.02594810379241517
branch_01,State_16,293,396,396,12,0,-0.02365860916360874,0.009339236316503543,Stage20 distance_to_state15,0.014012376112577121,0.02594810379241517
branch_01,State_16,294,396,396,12,0,-0.02365860916360874,0.012490083571001495,Stage20 distance_to_state15,0.014012376112577121,0.02594810379241517
branch_01,State_16,295,396,396,12,0,-0.02365860916360874,0.015788148077187224,Stage20 distance_to_state15,0.014012376112577121,0.02594810379241517
branch_01,State_16,296,396,396,12,0,-0.02365860916360874,0.02333161422025102,Stage20 distance_to_state15,0.014012376112577121,0.02594810379241517
branch_01,State_16,297,396,396,12,0,-0.02365860916360874,0.011264180721618222,Stage20 distance_to_state15,0.014012376112577121,0.02594810379241517
branch_01,State_16,298,396,396,12,0,-0.02365860916360874,0.011060335486917577,Stage20 distance_to_state15,0.014012376112577121,0.02594810379241517
branch_01,State_16,299,396,396,12,0,-0.02365860916360874,0.01563061127000033,Stage20 distance_to_state15,0.014012376112577121,0.02594810379241517
branch_01,State_16,300,396,396,12,0,-0.02365860916360874,0.011052052184530446,Stage20 distance_to_state15,0.014012376112577121,0.02594810379241517
branch_01,State_16,301,396,396,12,0,-0.02365860916360874,0.012567773129596595,Stage20 distance_to_state15,0.014012376112577121,0.02594810379241517
branch_01,State_16,302,396,396,12,0,-0.02365860916360874,0.01911231983019384,Stage20 distance_to_state15,0.014012376112577121,0.02594810379241517
branch_01,State_16,303,396,396,12,0,-0.02365860916360874,0.013087653544174675,Stage20 distance_to_state15,0.014012376112577121,0.02594810379241517
branch_01,State_16,304,396,396,12,0,-0.02365860916360874,0.00010689005835868085,Stage20 distance_to_state15,0.014012376112577121,0.02594810379241517
branch_01,State_16,305,396,396,12,0,-0.02365860916360874,0.008504364613997773,Stage20 distance_to_state15,0.014012376112577121,0.02594810379241517
branch_01,State_16,306,396,396,12,0,-0.02365860916360874,0.010250128408119497,Stage20 distance_to_state15,0.014012376112577121,0.02594810379241517
branch_01,State_16,307,396,396,12,0,-0.02365860916360874,0.01858588844542689,Stage20 distance_to_state15,0.014012376112577121,0.02594810379241517
branch_01,State_16,308,396,396,12,0,-0.02365860916360874,0.006756560016100081,Stage20 distance_to_state15,0.014012376112577121,0.02594810379241517
branch_01,State_16,309,396,396,12,0,-0.02365860916360874,0.006020745641915275,Stage20 distance_to_state15,0.014012376112577121,0.02594810379241517
branch_01,State_16,310,396,396,12,0,-0.02365860916360874,0.006028293107420462,Stage20 distance_to_state15,0.014012376112577121,0.02594810379241517
branch_01,State_16,311,396,396,12,0,-0.02365860916360874,0.014048077478564465,Stage20 distance_to_state15,0.014012376112577121,0.02594810379241517
branch_01,State_16,312,396,396,12,0,-0.02365860916360874,0.013279858051105611,Stage20 distance_to_state15,0.014012376112577121,0.02594810379241517
branch_01,State_16,313,396,396,12,0,-0.02365860916360874,0.0227649195044599,Stage20 distance_to_state15,0.014012376112577121,0.02594810379241517
branch_01,State_16,314,396,396,12,0,-0.02365860916360874,0.01972418907422442,Stage20 distance_to_state15,0.014012376112577121,0.02594810379241517
branch_01,State_16,315,396,396,12,0,-0.02365860916360874,0.0053182180233278704,Stage20 distance_to_state15,0.014012376112577121,0.02594810379241517
branch_01,State_16,316,396,396,12,0,-0.02365860916360874,0.005473474727916809,Stage20 distance_to_state15,0.014012376112577121,0.02594810379241517
branch_01,State_16,317,396,396,12,0,-0.02365860916360874,0.004974801127563246,Stage20 distance_to_state15,0.014012376112577121,0.02594810379241517
branch_01,State_16,318,396,396,12,0,-0.02365860916360874,0.02296011006684031,Stage20 distance_to_state15,0.014012376112577121,0.02594810379241517
branch_01,State_16,319,396,396,12,0,-0.02365860916360874,0.011098753025803938,Stage20 distance_to_state15,0.014012376112577121,0.02594810379241517
branch_01,State_16,320,396,396,12,0,-0.02365860916360874,0.013918763359672192,Stage20 distance_to_state15,0.014012376112577121,0.02594810379241517
branch_01,State_16,321,396,396,12,0,-0.02365860916360874,0.020340384884637575,Stage20 distance_to_state15,0.014012376112577121,0.02594810379241517
branch_01,State_16,322,396,396,12,0,-0.02365860916360874,0.011502583119347761,Stage20 distance_to_state15,0.014012376112577121,0.02594810379241517
branch_01,State_16,323,396,396,12,0,-0.02365860916360874,0.007879543219369765,Stage20 distance_to_state15,0.014012376112577121,0.02594810379241517
branch_01,State_16,324,396,396,12,0,-0.02365860916360874,0.004285142557595323,Stage20 distance_to_state15,0.014012376112577121,0.02594810379241517
branch_01,State_16,325,396,396,12,0,-0.02365860916360874,0.010354837451701154,Stage20 distance_to_state15,0.014012376112577121,0.02594810379241517
branch_01,State_16,326,396,396,12,0,-0.02365860916360874,0.012959998291551512,Stage20 distance_to_state15,0.014012376112577121,0.02594810379241517
branch_01,State_16,327,396,396,12,0,-0.02365860916360874,0.013792940406349038,Stage20 distance_to_state15,0.014012376112577121,0.02594810379241517
branch_01,State_16,328,396,396,12,0,-0.02365860916360874,0.014091208925108113,Stage20 distance_to_state15,0.014012376112577121,0.02594810379241517
branch_01,State_16,329,396,396,12,0,-0.02365860916360874,0.012076967456854264,Stage20 distance_to_state15,0.014012376112577121,0.02594810379241517
branch_01,State_16,330,396,396,12,0,-0.02365860916360874,0.009640263349014529,Stage20 distance_to_state15,0.014012376112577121,0.02594810379241517
branch_01,State_16,331,396,396,12,0,-0.02365860916360874,0.010703834942479902,Stage20 distance_to_state15,0.014012376112577121,0.02594810379241517
branch_01,State_16,332,396,396,12,0,-0.02365860916360874,0.015475466777433639,Stage20 distance_to_state15,0.014012376112577121,0.02594810379241517
branch_01,State_16,333,396,396,12,0,-0.02365860916360874,0.01020943782465841,Stage20 distance_to_state15,0.014012376112577121,0.02594810379241517
branch_01,State_16,334,396,396,12,0,-0.02365860916360874,0.016485673825131594,Stage20 distance_to_state15,0.014012376112577121,0.02594810379241517
branch_01,State_16,335,396,396,12,0,-0.02365860916360874,0.013949402607626032,Stage20 distance_to_state15,0.014012376112577121,0.02594810379241517
branch_01,State_16,336,396,396,12,0,-0.02365860916360874,0.018665118145379966,Stage20 distance_to_state15,0.014012376112577121,0.02594810379241517
branch_01,State_16,337,396,396,12,0,-0.02365860916360874,0.01467409179050981,Stage20 distance_to_state15,0.014012376112577121,0.02594810379241517
branch_01,State_16,338,396,396,12,0,-0.02365860916360874,0.012397105298906905,Stage20 distance_to_state15,0.014012376112577121,0.02594810379241517
branch_01,State_16,339,396,396,12,0,-0.02365860916360874,0.01161453470792212,Stage20 distance_to_state15,0.014012376112577121,0.02594810379241517
branch_01,State_16,340,396,396,12,0,-0.02365860916360874,0.01659316518828792,Stage20 distance_to_state15,0.014012376112577121,0.02594810379241517
branch_01,State_16,341,396,396,12,0,-0.02365860916360874,0.01116456025154322,Stage20 distance_to_state15,0.014012376112577121,0.02594810379241517
branch_01,State_16,342,396,396,12,0,-0.02365860916360874,0.010949610741013947,Stage20 distance_to_state15,0.014012376112577121,0.02594810379241517
branch_01,State_16,343,396,396,12,0,-0.02365860916360874,0.00965110911370395,Stage20 distance_to_state15,0.014012376112577121,0.02594810379241517
branch_01,State_16,344,396,396,12,0,-0.02365860916360874,0.009325335695628458,Stage20 distance_to_state15,0.014012376112577121,0.02594810379241517
branch_01,State_16,345,396,396,12,0,-0.02365860916360874,0.00802761683658644,Stage20 distance_to_state15,0.014012376112577121,0.02594810379241517
branch_01,State_16,346,396,396,12,0,-0.02365860916360874,0.015690984695391444,Stage20 distance_to_state15,0.014012376112577121,0.02594810379241517
branch_01,State_16,347,396,396,12,0,-0.02365860916360874,0.015629486531281697,Stage20 distance_to_state15,0.014012376112577121,0.02594810379241517
branch_01,State_16,348,396,396,12,0,-0.02365860916360874,0.010560392498863508,Stage20 distance_to_state15,0.014012376112577121,0.02594810379241517
branch_01,State_16,349,396,396,12,0,-0.02365860916360874,0.017648791655297924,Stage20 distance_to_state15,0.014012376112577121,0.02594810379241517
branch_01,State_16,350,396,396,12,0,-0.02365860916360874,0.011806782286477115,Stage20 distance_to_state15,0.014012376112577121,0.02594810379241517
branch_01,State_16,351,396,396,12,0,-0.02365860916360874,0.02665640835722998,Stage20 distance_to_state15,0.014012376112577121,0.02594810379241517
branch_01,State_16,352,396,396,12,0,-0.02365860916360874,0.01701323261994389,Stage20 distance_to_state15,0.014012376112577121,0.02594810379241517
branch_01,State_16,353,396,396,12,0,-0.02365860916360874,0.014088758919530327,Stage20 distance_to_state15,0.014012376112577121,0.02594810379241517
branch_01,State_16,354,396,396,12,0,-0.02365860916360874,0.019387160436225195,Stage20 distance_to_state15,0.014012376112577121,0.02594810379241517
branch_01,State_16,355,396,396,12,0,-0.02365860916360874,0.019080950252973697,Stage20 distance_to_state15,0.014012376112577121,0.02594810379241517
branch_01,State_16,356,396,396,12,0,-0.02365860916360874,0.021202719241373458,Stage20 distance_to_state15,0.014012376112577121,0.02594810379241517
branch_01,State_16,357,396,396,12,0,-0.02365860916360874,0.010394613528264172,Stage20 distance_to_state15,0.014012376112577121,0.02594810379241517
branch_01,State_16,358,396,396,12,0,-0.02365860916360874,0.000463708999943066,Stage20 distance_to_state15,0.014012376112577121,0.02594810379241517
branch_01,State_16,359,396,396,12,0,-0.02365860916360874,0.012540431037399817,Stage20 distance_to_state15,0.014012376112577121,0.02594810379241517
branch_01,State_16,360,396,396,12,0,-0.02365860916360874,0.012589068507200492,Stage20 distance_to_state15,0.014012376112577121,0.02594810379241517
branch_01,State_16,361,396,396,12,0,-0.02365860916360874,0.009248031167556119,Stage20 distance_to_state15,0.014012376112577121,0.02594810379241517
branch_01,State_16,362,396,396,12,0,-0.02365860916360874,0.01151966834110368,Stage20 distance_to_state15,0.014012376112577121,0.02594810379241517
branch_01,State_16,363,396,396,12,0,-0.02365860916360874,0.00646676748380021,Stage20 distance_to_state15,0.014012376112577121,0.02594810379241517
branch_01,State_16,364,396,396,12,0,-0.02365860916360874,0.01769614659912909,Stage20 distance_to_state15,0.014012376112577121,0.02594810379241517
branch_01,State_16,365,396,396,12,0,-0.02365860916360874,0.007584652527186465,Stage20 distance_to_state15,0.014012376112577121,0.02594810379241517
branch_01,State_16,366,396,396,12,0,-0.02365860916360874,0.004416503112581578,Stage20 distance_to_state15,0.014012376112577121,0.02594810379241517
branch_01,State_16,367,396,396,12,0,-0.02365860916360874,0.014584610367256182,Stage20 distance_to_state15,0.014012376112577121,0.02594810379241517
branch_01,State_16,368,396,396,12,0,-0.02365860916360874,0.019687549375052217,Stage20 distance_to_state15,0.014012376112577121,0.02594810379241517
branch_01,State_16,369,396,396,12,0,-0.02365860916360874,0.014379344758011548,Stage20 distance_to_state15,0.014012376112577121,0.02594810379241517
branch_01,State_16,370,396,396,12,0,-0.02365860916360874,0.010710869936992683,Stage20 distance_to_state15,0.014012376112577121,0.02594810379241517
branch_01,State_16,371,396,396,12,0,-0.02365860916360874,0.0090522428803236,Stage20 distance_to_state15,0.014012376112577121,0.02594810379241517
branch_01,State_16,372,396,396,12,0,-0.02365860916360874,0.02112731468899419,Stage20 distance_to_state15,0.014012376112577121,0.02594810379241517
branch_01,State_16,373,396,396,12,0,-0.02365860916360874,0.013384860346796784,Stage20 distance_to_state15,0.014012376112577121,0.02594810379241517
branch_01,State_16,374,396,396,12,0,-0.02365860916360874,0.003952503113217182,Stage20 distance_to_state15,0.014012376112577121,0.02594810379241517
branch_01,State_16,375,396,396,12,0,-0.02365860916360874,0.010919254222849537,Stage20 distance_to_state15,0.014012376112577121,0.02594810379241517
branch_01,State_16,376,396,396,12,0,-0.02365860916360874,0.00932297910292311,Stage20 distance_to_state15,0.014012376112577121,0.02594810379241517
branch_01,State_16,377,396,396,12,0,-0.02365860916360874,0.009813512545697685,Stage20 distance_to_state15,0.014012376112577121,0.02594810379241517
branch_01,State_16,378,396,396,12,0,-0.02365860916360874,0.017890856587464102,Stage20 distance_to_state15,0.014012376112577121,0.02594810379241517
branch_01,State_16,379,396,396,12,0,-0.02365860916360874,0.017803462796310975,Stage20 distance_to_state15,0.014012376112577121,0.02594810379241517
branch_01,State_16,380,396,396,12,0,-0.02365860916360874,0.019305431722200832,Stage20 distance_to_state15,0.014012376112577121,0.02594810379241517
branch_01,State_16,381,396,396,12,0,-0.02365860916360874,0.014558199914872276,Stage20 distance_to_state15,0.014012376112577121,0.02594810379241517
branch_01,State_16,382,396,396,12,0,-0.02365860916360874,0.016750433924899215,Stage20 distance_to_state15,0.014012376112577121,0.02594810379241517
branch_01,State_16,383,396,396,12,0,-0.02365860916360874,0.01767848814607545,Stage20 distance_to_state15,0.014012376112577121,0.02594810379241517
branch_01,State_16,384,396,396,12,0,-0.02365860916360874,0.0118749928669998,Stage20 distance_to_state15,0.014012376112577121,0.02594810379241517
branch_01,State_16,385,396,396,12,0,-0.02365860916360874,0.009828911973477596,Stage20 distance_to_state15,0.014012376112577121,0.02594810379241517
branch_01,State_16,386,396,396,12,0,-0.02365860916360874,0.014111252327082942,Stage20 distance_to_state15,0.014012376112577121,0.02594810379241517
branch_01,State_16,387,396,396,12,0,-0.02365860916360874,0.007707394277220482,Stage20 distance_to_state15,0.014012376112577121,0.02594810379241517
branch_01,State_16,388,396,396,12,0,-0.02365860916360874,0.012718241194125748,Stage20 distance_to_state15,0.014012376112577121,0.02594810379241517
branch_01,State_16,389,396,396,12,0,-0.02365860916360874,0.009813326516549585,Stage20 distance_to_state15,0.014012376112577121,0.02594810379241517
branch_01,State_16,390,396,396,12,0,-0.02365860916360874,0.021187359913763852,Stage20 distance_to_state15,0.014012376112577121,0.02594810379241517
branch_01,State_16,391,396,396,12,0,-0.02365860916360874,0.010120371917081272,Stage20 distance_to_state15,0.014012376112577121,0.02594810379241517
branch_01,State_16,392,396,396,12,0,-0.02365860916360874,0.011300372382529438,Stage20 distance_to_state15,0.014012376112577121,0.02594810379241517
branch_01,State_16,393,396,396,12,0,-0.02365860916360874,0.004655460381027824,Stage20 distance_to_state15,0.014012376112577121,0.02594810379241517
branch_01,State_16,394,396,396,12,0,-0.02365860916360874,0.019149118465964156,Stage20 distance_to_state15,0.014012376112577121,0.02594810379241517
branch_01,State_16,395,396,396,12,0,-0.02365860916360874,0.020915011022392863,Stage20 distance_to_state15,0.014012376112577121,0.02594810379241517
branch_01,State_16,396,396,396,12,0,-0.02365860916360874,0.01020794004170221,Stage20 distance_to_state15,0.014012376112577121,0.02594810379241517
branch_01,State_16,397,396,396,12,0,-0.02365860916360874,0.023119054122525837,Stage20 distance_to_state15,0.014012376112577121,0.02594810379241517
branch_01,State_16,398,396,396,12,0,-0.02365860916360874,0.016135574746827752,Stage20 distance_to_state15,0.014012376112577121,0.02594810379241517
branch_01,State_16,399,396,396,12,0,-0.02365860916360874,0.01177837929097197,Stage20 distance_to_state15,0.014012376112577121,0.02594810379241517
branch_01,State_16,400,396,396,12,0,-0.02365860916360874,0.012957310030871735,Stage20 distance_to_state15,0.014012376112577121,0.02594810379241517
branch_01,State_16,401,396,396,12,0,-0.02365860916360874,0.012504481397898413,Stage20 distance_to_state15,0.014012376112577121,0.02594810379241517
branch_01,State_16,402,396,396,12,0,-0.02365860916360874,0.012569888890527466,Stage20 distance_to_state15,0.014012376112577121,0.02594810379241517
branch_01,State_16,403,396,396,12,0,-0.02365860916360874,0.010927665232134155,Stage20 distance_to_state15,0.014012376112577121,0.02594810379241517
branch_01,State_16,404,396,396,12,0,-0.02365860916360874,0.0071646209859957365,Stage20 distance_to_state15,0.014012376112577121,0.02594810379241517
branch_01,State_16,405,396,396,12,0,-0.02365860916360874,0.01155779295516203,Stage20 distance_to_state15,0.014012376112577121,0.02594810379241517
branch_01,State_16,406,396,396,12,0,-0.02365860916360874,0.013181585590424375,Stage20 distance_to_state15,0.014012376112577121,0.02594810379241517
branch_01,State_16,407,396,396,12,0,-0.02365860916360874,0.02028251806217559,Stage20 distance_to_state15,0.014012376112577121,0.02594810379241517
branch_01,State_16,408,396,396,12,0,-0.02365860916360874,0.013854203342585924,Stage20 distance_to_state15,0.014012376112577121,0.02594810379241517
branch_01,State_16,409,396,396,12,0,-0.02365860916360874,0.015300207857990605,Stage20 distance_to_state15,0.014012376112577121,0.02594810379241517
branch_01,State_16,410,396,396,12,0,-0.02365860916360874,0.015157627538961223,Stage20 distance_to_state15,0.014012376112577121,0.02594810379241517
branch_01,State_16,411,396,396,12,0,-0.02365860916360874,0.00670418411876415,Stage20 distance_to_state15,0.014012376112577121,0.02594810379241517
branch_01,State_16,412,396,396,12,0,-0.02365860916360874,0.014744752907567056,Stage20 distance_to_state15,0.014012376112577121,0.02594810379241517
branch_01,State_16,413,396,396,12,0,-0.02365860916360874,0.00707619532184646,Stage20 distance_to_state15,0.014012376112577121,0.02594810379241517
branch_01,State_16,414,396,396,12,0,-0.02365860916360874,0.015696482354926614,Stage20 distance_to_state15,0.014012376112577121,0.02594810379241517
branch_01,State_16,415,396,396,12,0,-0.02365860916360874,0.01111376342140849,Stage20 distance_to_state15,0.014012376112577121,0.02594810379241517
branch_01,State_16,416,396,396,12,0,-0.02365860916360874,0.016820524894689742,Stage20 distance_to_state15,0.014012376112577121,0.02594810379241517
branch_01,State_16,417,396,396,12,0,-0.02365860916360874,0.012071253824228391,Stage20 distance_to_state15,0.014012376112577121,0.02594810379241517
branch_01,State_16,418,396,396,12,0,-0.02365860916360874,0.01711639112703705,Stage20 distance_to_state15,0.014012376112577121,0.02594810379241517
branch_01,State_16,419,396,396,12,0,-0.02365860916360874,0.005394033590555101,Stage20 distance_to_state15,0.014012376112577121,0.02594810379241517
branch_01,State_16,420,396,396,12,0,-0.02365860916360874,0.010049330505511041,Stage20 distance_to_state15,0.014012376112577121,0.02594810379241517
branch_01,State_16,421,396,396,12,0,-0.02365860916360874,0.015513276830623507,Stage20 distance_to_state15,0.014012376112577121,0.02594810379241517
branch_01,State_16,422,396,396,12,0,-0.02365860916360874,0.024965914673189232,Stage20 distance_to_state15,0.014012376112577121,0.02594810379241517
branch_01,State_16,423,396,396,12,0,-0.02365860916360874,0.017511538627488797,Stage20 distance_to_state15,0.014012376112577121,0.02594810379241517
branch_01,State_16,424,396,396,12,0,-0.02365860916360874,0.014222641796482076,Stage20 distance_to_state15,0.014012376112577121,0.02594810379241517
branch_01,State_16,425,396,396,12,0,-0.02365860916360874,0.008310625878249711,Stage20 distance_to_state15,0.014012376112577121,0.02594810379241517
branch_01,State_16,426,396,396,12,0,-0.02365860916360874,0.014580029225532878,Stage20 distance_to_state15,0.014012376112577121,0.02594810379241517
branch_01,State_16,427,396,396,12,0,-0.02365860916360874,0.020655885746064993,Stage20 distance_to_state15,0.014012376112577121,0.02594810379241517
branch_01,State_16,428,396,396,12,0,-0.02365860916360874,0.01893598428173513,Stage20 distance_to_state15,0.014012376112577121,0.02594810379241517
branch_01,State_16,429,396,396,12,0,-0.02365860916360874,0.008345024812885859,Stage20 distance_to_state15,0.014012376112577121,0.02594810379241517
branch_01,State_16,430,396,396,12,0,-0.02365860916360874,0.014622346432861633,Stage20 distance_to_state15,0.014012376112577121,0.02594810379241517
branch_01,State_16,431,396,396,12,0,-0.02365860916360874,0.009165276365073121,Stage20 distance_to_state15,0.014012376112577121,0.02594810379241517
branch_01,State_16,432,396,396,12,0,-0.02365860916360874,0.014246866960111286,Stage20 distance_to_state15,0.014012376112577121,0.02594810379241517
branch_01,State_16,433,396,396,12,0,-0.02365860916360874,0.015081164453882863,Stage20 distance_to_state15,0.014012376112577121,0.02594810379241517
branch_01,State_16,434,396,396,12,0,-0.02365860916360874,0.018873214843246278,Stage20 distance_to_state15,0.014012376112577121,0.02594810379241517
branch_01,State_16,435,396,396,12,0,-0.02365860916360874,0.020094368237344548,Stage20 distance_to_state15,0.014012376112577121,0.02594810379241517
branch_01,State_16,436,396,396,12,0,-0.02365860916360874,0.014110118561319794,Stage20 distance_to_state15,0.014012376112577121,0.02594810379241517
branch_01,State_16,437,396,396,12,0,-0.02365860916360874,0.016672858172758556,Stage20 distance_to_state15,0.014012376112577121,0.02594810379241517
branch_01,State_16,438,396,396,12,0,-0.02365860916360874,0.018408627043173025,Stage20 distance_to_state15,0.014012376112577121,0.02594810379241517
branch_01,State_16,439,396,396,12,0,-0.02365860916360874,0.016852507370246614,Stage20 distance_to_state15,0.014012376112577121,0.02594810379241517
branch_01,State_16,440,396,396,12,0,-0.02365860916360874,0.015155124596728763,Stage20 distance_to_state15,0.014012376112577121,0.02594810379241517
branch_01,State_16,441,396,396,12,0,-0.02365860916360874,0.006470880839212295,Stage20 distance_to_state15,0.014012376112577121,0.02594810379241517
branch_01,State_16,442,396,396,12,0,-0.02365860916360874,0.014871408301641614,Stage20 distance_to_state15,0.014012376112577121,0.02594810379241517
branch_01,State_16,443,396,396,12,0,-0.02365860916360874,0.014081394983927922,Stage20 distance_to_state15,0.014012376112577121,0.02594810379241517
branch_01,State_16,444,396,396,12,0,-0.02365860916360874,0.009450137188555557,Stage20 distance_to_state15,0.014012376112577121,0.02594810379241517
branch_01,State_16,445,396,396,12,0,-0.02365860916360874,0.02402871549829893,Stage20 distance_to_state15,0.014012376112577121,0.02594810379241517
branch_01,State_16,446,396,396,12,0,-0.02365860916360874,0.018575735299326136,Stage20 distance_to_state15,0.014012376112577121,0.02594810379241517
branch_01,State_16,447,396,396,12,0,-0.02365860916360874,0.014374492641643526,Stage20 distance_to_state15,0.014012376112577121,0.02594810379241517
branch_01,State_16,448,396,396,12,0,-0.02365860916360874,0.014276646359422416,Stage20 distance_to_state15,0.014012376112577121,0.02594810379241517
branch_01,State_16,449,396,396,12,0,-0.02365860916360874,0.01328618189111963,Stage20 distance_to_state15,0.014012376112577121,0.02594810379241517
branch_01,State_16,450,396,396,12,0,-0.02365860916360874,0.015817858749705357,Stage20 distance_to_state15,0.014012376112577121,0.02594810379241517
branch_01,State_16,451,396,396,12,0,-0.02365860916360874,0.017717733928669932,Stage20 distance_to_state15,0.014012376112577121,0.02594810379241517
branch_01,State_16,452,396,396,12,0,-0.02365860916360874,0.015037151229174837,Stage20 distance_to_state15,0.014012376112577121,0.02594810379241517
branch_01,State_16,453,396,396,12,0,-0.02365860916360874,0.002962786644969198,Stage20 distance_to_state15,0.014012376112577121,0.02594810379241517
branch_01,State_16,454,396,396,12,0,-0.02365860916360874,0.011761476979179966,Stage20 distance_to_state15,0.014012376112577121,0.02594810379241517
branch_01,State_16,455,396,396,12,0,-0.02365860916360874,0.017092097763210252,Stage20 distance_to_state15,0.014012376112577121,0.02594810379241517
branch_01,State_16,456,396,396,12,0,-0.02365860916360874,0.009406168247830422,Stage20 distance_to_state15,0.014012376112577121,0.02594810379241517
branch_01,State_16,457,396,396,12,0,-0.02365860916360874,0.012999612838407677,Stage20 distance_to_state15,0.014012376112577121,0.02594810379241517
branch_01,State_16,458,396,396,12,0,-0.02365860916360874,0.013691532169378587,Stage20 distance_to_state15,0.014012376112577121,0.02594810379241517
branch_01,State_16,459,396,396,12,0,-0.02365860916360874,0.009612994950639542,Stage20 distance_to_state15,0.014012376112577121,0.02594810379241517
branch_01,State_16,460,396,396,12,0,-0.02365860916360874,0.004971018188055936,Stage20 distance_to_state15,0.014012376112577121,0.02594810379241517
branch_01,State_16,461,396,396,12,0,-0.02365860916360874,0.003376897081763714,Stage20 distance_to_state15,0.014012376112577121,0.02594810379241517
branch_01,State_16,462,396,396,12,0,-0.02365860916360874,0.0117989621871359,Stage20 distance_to_state15,0.014012376112577121,0.02594810379241517
branch_01,State_16,463,396,396,12,0,-0.02365860916360874,0.011443116498701805,Stage20 distance_to_state15,0.014012376112577121,0.02594810379241517
branch_01,State_16,464,396,396,12,0,-0.02365860916360874,0.012323709432328835,Stage20 distance_to_state15,0.014012376112577121,0.02594810379241517
branch_01,State_16,465,396,396,12,0,-0.02365860916360874,0.019564212823323733,Stage20 distance_to_state15,0.014012376112577121,0.02594810379241517
branch_01,State_16,466,396,396,12,0,-0.02365860916360874,0.011830874851261178,Stage20 distance_to_state15,0.014012376112577121,0.02594810379241517
branch_01,State_16,467,396,396,12,0,-0.02365860916360874,-0.0005030265876839746,Stage20 distance_to_state15,0.014012376112577121,0.02594810379241517
branch_01,State_16,468,396,396,12,0,-0.02365860916360874,0.01112983883555025,Stage20 distance_to_state15,0.014012376112577121,0.02594810379241517
branch_01,State_16,469,396,396,12,0,-0.02365860916360874,0.023823345304295834,Stage20 distance_to_state15,0.014012376112577121,0.02594810379241517
branch_01,State_16,470,396,396,12,0,-0.02365860916360874,0.018451233398239467,Stage20 distance_to_state15,0.014012376112577121,0.02594810379241517
branch_01,State_16,471,396,396,12,0,-0.02365860916360874,0.011160912408928036,Stage20 distance_to_state15,0.014012376112577121,0.02594810379241517
branch_01,State_16,472,396,396,12,0,-0.02365860916360874,0.022965030408575234,Stage20 distance_to_state15,0.014012376112577121,0.02594810379241517
branch_01,State_16,473,396,396,12,0,-0.02365860916360874,0.017000882184870718,Stage20 distance_to_state15,0.014012376112577121,0.02594810379241517
branch_01,State_16,474,396,396,12,0,-0.02365860916360874,0.014469856719723253,Stage20 distance_to_state15,0.014012376112577121,0.02594810379241517
branch_01,State_16,475,396,396,12,0,-0.02365860916360874,0.018035304827147103,Stage20 distance_to_state15,0.014012376112577121,0.02594810379241517
branch_01,State_16,476,396,396,12,0,-0.02365860916360874,0.01123656965303772,Stage20 distance_to_state15,0.014012376112577121,0.02594810379241517
branch_01,State_16,477,396,396,12,0,-0.02365860916360874,0.0065528181044043655,Stage20 distance_to_state15,0.014012376112577121,0.02594810379241517
branch_01,State_16,478,396,396,12,0,-0.02365860916360874,0.004812837948861316,Stage20 distance_to_state15,0.014012376112577121,0.02594810379241517
branch_01,State_16,479,396,396,12,0,-0.02365860916360874,0.011604525157007349,Stage20 distance_to_state15,0.014012376112577121,0.02594810379241517
branch_01,State_16,480,396,396,12,0,-0.02365860916360874,0.011788983746998605,Stage20 distance_to_state15,0.014012376112577121,0.02594810379241517
branch_01,State_16,481,396,396,12,0,-0.02365860916360874,0.01904403487501021,Stage20 distance_to_state15,0.014012376112577121,0.02594810379241517
branch_01,State_16,482,396,396,12,0,-0.02365860916360874,0.006165562566971258,Stage20 distance_to_state15,0.014012376112577121,0.02594810379241517
branch_01,State_16,483,396,396,12,0,-0.02365860916360874,0.016407504624559664,Stage20 distance_to_state15,0.014012376112577121,0.02594810379241517
branch_01,State_16,484,396,396,12,0,-0.02365860916360874,0.00581239566922221,Stage20 distance_to_state15,0.014012376112577121,0.02594810379241517
branch_01,State_16,485,396,396,12,0,-0.02365860916360874,0.021650869760510352,Stage20 distance_to_state15,0.014012376112577121,0.02594810379241517
branch_01,State_16,486,396,396,12,0,-0.02365860916360874,0.004118422216361543,Stage20 distance_to_state15,0.014012376112577121,0.02594810379241517
branch_01,State_16,487,396,396,12,0,-0.02365860916360874,0.014539129531124094,Stage20 distance_to_state15,0.014012376112577121,0.02594810379241517
branch_01,State_16,488,396,396,12,0,-0.02365860916360874,0.0027013004805305184,Stage20 distance_to_state15,0.014012376112577121,0.02594810379241517
branch_01,State_16,489,396,396,12,0,-0.02365860916360874,0.0143903578348673,Stage20 distance_to_state15,0.014012376112577121,0.02594810379241517
branch_01,State_16,490,396,396,12,0,-0.02365860916360874,0.006174653035117751,Stage20 distance_to_state15,0.014012376112577121,0.02594810379241517
branch_01,State_16,491,396,396,12,0,-0.02365860916360874,0.010040068519001886,Stage20 distance_to_state15,0.014012376112577121,0.02594810379241517
branch_01,State_16,492,396,396,12,0,-0.02365860916360874,0.018497709333520768,Stage20 distance_to_state15,0.014012376112577121,0.02594810379241517
branch_01,State_16,493,396,396,12,0,-0.02365860916360874,0.016307744295170803,Stage20 distance_to_state15,0.014012376112577121,0.02594810379241517
branch_01,State_16,494,396,396,12,0,-0.02365860916360874,0.01554457406107481,Stage20 distance_to_state15,0.014012376112577121,0.02594810379241517
branch_01,State_16,495,396,396,12,0,-0.02365860916360874,0.015489664249188642,Stage20 distance_to_state15,0.014012376112577121,0.02594810379241517
branch_01,State_16,496,396,396,12,0,-0.02365860916360874,0.01626876184453674,Stage20 distance_to_state15,0.014012376112577121,0.02594810379241517
branch_01,State_16,497,396,396,12,0,-0.02365860916360874,0.017307339839008132,Stage20 distance_to_state15,0.014012376112577121,0.02594810379241517
branch_01,State_16,498,396,396,12,0,-0.02365860916360874,0.006906212093180018,Stage20 distance_to_state15,0.014012376112577121,0.02594810379241517
branch_01,State_16,499,396,396,12,0,-0.02365860916360874,0.01471658773334733,Stage20 distance_to_state15,0.014012376112577121,0.02594810379241517
branch_02,State_12,0,605,605,11,0,-0.024933191146196954,-0.037253504082580005,Stage20 distance_to_state15,-0.027691040690027452,0.6746506986027944
branch_02,State_12,1,605,605,11,0,-0.024933191146196954,-0.026503697501343116,Stage20 distance_to_state15,-0.027691040690027452,0.6746506986027944
branch_02,State_12,2,605,605,11,0,-0.024933191146196954,-0.02499588268043019,Stage20 distance_to_state15,-0.027691040690027452,0.6746506986027944
branch_02,State_12,3,605,605,11,0,-0.024933191146196954,-0.030861260943613418,Stage20 distance_to_state15,-0.027691040690027452,0.6746506986027944
branch_02,State_12,4,605,605,11,0,-0.024933191146196954,-0.022409884699581686,Stage20 distance_to_state15,-0.027691040690027452,0.6746506986027944
branch_02,State_12,5,605,605,11,0,-0.024933191146196954,-0.024500926591071708,Stage20 distance_to_state15,-0.027691040690027452,0.6746506986027944
branch_02,State_12,6,605,605,11,0,-0.024933191146196954,-0.02934360654568273,Stage20 distance_to_state15,-0.027691040690027452,0.6746506986027944
branch_02,State_12,7,605,605,11,0,-0.024933191146196954,-0.030320918001326188,Stage20 distance_to_state15,-0.027691040690027452,0.6746506986027944
branch_02,State_12,8,605,605,11,0,-0.024933191146196954,-0.02386364468646625,Stage20 distance_to_state15,-0.027691040690027452,0.6746506986027944
branch_02,State_12,9,605,605,11,0,-0.024933191146196954,-0.03050798342457675,Stage20 distance_to_state15,-0.027691040690027452,0.6746506986027944
branch_02,State_12,10,605,605,11,0,-0.024933191146196954,-0.02791950488162499,Stage20 distance_to_state15,-0.027691040690027452,0.6746506986027944
branch_02,State_12,11,605,605,11,0,-0.024933191146196954,-0.024767114208011178,Stage20 distance_to_state15,-0.027691040690027452,0.6746506986027944
branch_02,State_12,12,605,605,11,0,-0.024933191146196954,-0.03535894924161413,Stage20 distance_to_state15,-0.027691040690027452,0.6746506986027944
branch_02,State_12,13,605,605,11,0,-0.024933191146196954,-0.026591950696747288,Stage20 distance_to_state15,-0.027691040690027452,0.6746506986027944
branch_02,State_12,14,605,605,11,0,-0.024933191146196954,-0.028756361236180958,Stage20 distance_to_state15,-0.027691040690027452,0.6746506986027944
branch_02,State_12,15,605,605,11,0,-0.024933191146196954,-0.0200750808450281,Stage20 distance_to_state15,-0.027691040690027452,0.6746506986027944
branch_02,State_12,16,605,605,11,0,-0.024933191146196954,-0.030665732829969334,Stage20 distance_to_state15,-0.027691040690027452,0.6746506986027944
branch_02,State_12,17,605,605,11,0,-0.024933191146196954,-0.02137027970755752,Stage20 distance_to_state15,-0.027691040690027452,0.6746506986027944
branch_02,State_12,18,605,605,11,0,-0.024933191146196954,-0.03703101172989229,Stage20 distance_to_state15,-0.027691040690027452,0.6746506986027944
branch_02,State_12,19,605,605,11,0,-0.024933191146196954,-0.027810384346875813,Stage20 distance_to_state15,-0.027691040690027452,0.6746506986027944
branch_02,State_12,20,605,605,11,0,-0.024933191146196954,-0.021353729582276482,Stage20 distance_to_state15,-0.027691040690027452,0.6746506986027944
branch_02,State_12,21,605,605,11,0,-0.024933191146196954,-0.035807520818813054,Stage20 distance_to_state15,-0.027691040690027452,0.6746506986027944
branch_02,State_12,22,605,605,11,0,-0.024933191146196954,-0.01760337715641734,Stage20 distance_to_state15,-0.027691040690027452,0.6746506986027944
branch_02,State_12,23,605,605,11,0,-0.024933191146196954,-0.031096028425798658,Stage20 distance_to_state15,-0.027691040690027452,0.6746506986027944
branch_02,State_12,24,605,605,11,0,-0.024933191146196954,-0.021466619993753502,Stage20 distance_to_state15,-0.027691040690027452,0.6746506986027944
branch_02,State_12,25,605,605,11,0,-0.024933191146196954,-0.023185239372367657,Stage20 distance_to_state15,-0.027691040690027452,0.6746506986027944
branch_02,State_12,26,605,605,11,0,-0.024933191146196954,-0.03181861338375333,Stage20 distance_to_state15,-0.027691040690027452,0.6746506986027944
branch_02,State_12,27,605,605,11,0,-0.024933191146196954,-0.0252150198000875,Stage20 distance_to_state15,-0.027691040690027452,0.6746506986027944
branch_02,State_12,28,605,605,11,0,-0.024933191146196954,-0.01382425909892717,Stage20 distance_to_state15,-0.027691040690027452,0.6746506986027944
branch_02,State_12,29,605,605,11,0,-0.024933191146196954,-0.03687863980221953,Stage20 distance_to_state15,-0.027691040690027452,0.6746506986027944
branch_02,State_12,30,605,605,11,0,-0.024933191146196954,-0.017450722710358284,Stage20 distance_to_state15,-0.027691040690027452,0.6746506986027944
branch_02,State_12,31,605,605,11,0,-0.024933191146196954,-0.023573422856416785,Stage20 distance_to_state15,-0.027691040690027452,0.6746506986027944
branch_02,State_12,32,605,605,11,0,-0.024933191146196954,-0.015908184602469466,Stage20 distance_to_state15,-0.027691040690027452,0.6746506986027944
branch_02,State_12,33,605,605,11,0,-0.024933191146196954,-0.03286456953892018,Stage20 distance_to_state15,-0.027691040690027452,0.6746506986027944
branch_02,State_12,34,605,605,11,0,-0.024933191146196954,-0.03144304218510499,Stage20 distance_to_state15,-0.027691040690027452,0.6746506986027944
branch_02,State_12,35,605,605,11,0,-0.024933191146196954,-0.02211980468304117,Stage20 distance_to_state15,-0.027691040690027452,0.6746506986027944
branch_02,State_12,36,605,605,11,0,-0.024933191146196954,-0.037432283236120675,Stage20 distance_to_state15,-0.027691040690027452,0.6746506986027944
branch_02,State_12,37,605,605,11,0,-0.024933191146196954,-0.02870760874412224,Stage20 distance_to_state15,-0.027691040690027452,0.6746506986027944
branch_02,State_12,38,605,605,11,0,-0.024933191146196954,-0.02592803869687544,Stage20 distance_to_state15,-0.027691040690027452,0.6746506986027944
branch_02,State_12,39,605,605,11,0,-0.024933191146196954,-0.03606337471324773,Stage20 distance_to_state15,-0.027691040690027452,0.6746506986027944
branch_02,State_12,40,605,605,11,0,-0.024933191146196954,-0.025723396856777624,Stage20 distance_to_state15,-0.027691040690027452,0.6746506986027944
branch_02,State_12,41,605,605,11,0,-0.024933191146196954,-0.02240348068610942,Stage20 distance_to_state15,-0.027691040690027452,0.6746506986027944
branch_02,State_12,42,605,605,11,0,-0.024933191146196954,-0.024606169552617352,Stage20 distance_to_state15,-0.027691040690027452,0.6746506986027944
branch_02,State_12,43,605,605,11,0,-0.024933191146196954,-0.02845775986959485,Stage20 distance_to_state15,-0.027691040690027452,0.6746506986027944
branch_02,State_12,44,605,605,11,0,-0.024933191146196954,-0.03550159007537661,Stage20 distance_to_state15,-0.027691040690027452,0.6746506986027944
branch_02,State_12,45,605,605,11,0,-0.024933191146196954,-0.02495198960953009,Stage20 distance_to_state15,-0.027691040690027452,0.6746506986027944
branch_02,State_12,46,605,605,11,0,-0.024933191146196954,-0.03596990589817053,Stage20 distance_to_state15,-0.027691040690027452,0.6746506986027944
branch_02,State_12,47,605,605,11,0,-0.024933191146196954,-0.024951921075032583,Stage20 distance_to_state15,-0.027691040690027452,0.6746506986027944
branch_02,State_12,48,605,605,11,0,-0.024933191146196954,-0.027896147754453135,Stage20 distance_to_state15,-0.027691040690027452,0.6746506986027944
branch_02,State_12,49,605,605,11,0,-0.024933191146196954,-0.023345516741777282,Stage20 distance_to_state15,-0.027691040690027452,0.6746506986027944
branch_02,State_12,50,605,605,11,0,-0.024933191146196954,-0.02349728898824952,Stage20 distance_to_state15,-0.027691040690027452,0.6746506986027944
branch_02,State_12,51,605,605,11,0,-0.024933191146196954,-0.0211670339958941,Stage20 distance_to_state15,-0.027691040690027452,0.6746506986027944
branch_02,State_12,52,605,605,11,0,-0.024933191146196954,-0.029655226038130016,Stage20 distance_to_state15,-0.027691040690027452,0.6746506986027944
branch_02,State_12,53,605,605,11,0,-0.024933191146196954,-0.021059381287694086,Stage20 distance_to_state15,-0.027691040690027452,0.6746506986027944
branch_02,State_12,54,605,605,11,0,-0.024933191146196954,-0.03744951664430461,Stage20 distance_to_state15,-0.027691040690027452,0.6746506986027944
branch_02,State_12,55,605,605,11,0,-0.024933191146196954,-0.029748152196044392,Stage20 distance_to_state15,-0.027691040690027452,0.6746506986027944
branch_02,State_12,56,605,605,11,0,-0.024933191146196954,-0.03388298191921532,Stage20 distance_to_state15,-0.027691040690027452,0.6746506986027944
branch_02,State_12,57,605,605,11,0,-0.024933191146196954,-0.019603164071588255,Stage20 distance_to_state15,-0.027691040690027452,0.6746506986027944
branch_02,State_12,58,605,605,11,0,-0.024933191146196954,-0.01715689984164294,Stage20 distance_to_state15,-0.027691040690027452,0.6746506986027944
branch_02,State_12,59,605,605,11,0,-0.024933191146196954,-0.0372446063974388,Stage20 distance_to_state15,-0.027691040690027452,0.6746506986027944
branch_02,State_12,60,605,605,11,0,-0.024933191146196954,-0.018216755385102118,Stage20 distance_to_state15,-0.027691040690027452,0.6746506986027944
branch_02,State_12,61,605,605,11,0,-0.024933191146196954,-0.02529491501454161,Stage20 distance_to_state15,-0.027691040690027452,0.6746506986027944
branch_02,State_12,62,605,605,11,0,-0.024933191146196954,-0.03399705665413195,Stage20 distance_to_state15,-0.027691040690027452,0.6746506986027944
branch_02,State_12,63,605,605,11,0,-0.024933191146196954,-0.027342232118052104,Stage20 distance_to_state15,-0.027691040690027452,0.6746506986027944
branch_02,State_12,64,605,605,11,0,-0.024933191146196954,-0.0247145593087074,Stage20 distance_to_state15,-0.027691040690027452,0.6746506986027944
branch_02,State_12,65,605,605,11,0,-0.024933191146196954,-0.021518262101340613,Stage20 distance_to_state15,-0.027691040690027452,0.6746506986027944
branch_02,State_12,66,605,605,11,0,-0.024933191146196954,-0.03016903053942651,Stage20 distance_to_state15,-0.027691040690027452,0.6746506986027944
branch_02,State_12,67,605,605,11,0,-0.024933191146196954,-0.03467008816086124,Stage20 distance_to_state15,-0.027691040690027452,0.6746506986027944
branch_02,State_12,68,605,605,11,0,-0.024933191146196954,-0.024017723468872244,Stage20 distance_to_state15,-0.027691040690027452,0.6746506986027944
branch_02,State_12,69,605,605,11,0,-0.024933191146196954,-0.023182308190684908,Stage20 distance_to_state15,-0.027691040690027452,0.6746506986027944
branch_02,State_12,70,605,605,11,0,-0.024933191146196954,-0.023131359598558714,Stage20 distance_to_state15,-0.027691040690027452,0.6746506986027944
branch_02,State_12,71,605,605,11,0,-0.024933191146196954,-0.02318823691579109,Stage20 distance_to_state15,-0.027691040690027452,0.6746506986027944
branch_02,State_12,72,605,605,11,0,-0.024933191146196954,-0.025566738473811232,Stage20 distance_to_state15,-0.027691040690027452,0.6746506986027944
branch_02,State_12,73,605,605,11,0,-0.024933191146196954,-0.038276738147907705,Stage20 distance_to_state15,-0.027691040690027452,0.6746506986027944
branch_02,State_12,74,605,605,11,0,-0.024933191146196954,-0.025446991092181005,Stage20 distance_to_state15,-0.027691040690027452,0.6746506986027944
branch_02,State_12,75,605,605,11,0,-0.024933191146196954,-0.024779512951039064,Stage20 distance_to_state15,-0.027691040690027452,0.6746506986027944
branch_02,State_12,76,605,605,11,0,-0.024933191146196954,-0.020270668942097295,Stage20 distance_to_state15,-0.027691040690027452,0.6746506986027944
branch_02,State_12,77,605,605,11,0,-0.024933191146196954,-0.027078589421088928,Stage20 distance_to_state15,-0.027691040690027452,0.6746506986027944
branch_02,State_12,78,605,605,11,0,-0.024933191146196954,-0.03623747821325855,Stage20 distance_to_state15,-0.027691040690027452,0.6746506986027944
branch_02,State_12,79,605,605,11,0,-0.024933191146196954,-0.017719506858258204,Stage20 distance_to_state15,-0.027691040690027452,0.6746506986027944
branch_02,State_12,80,605,605,11,0,-0.024933191146196954,-0.02722592062690351,Stage20 distance_to_state15,-0.027691040690027452,0.6746506986027944
branch_02,State_12,81,605,605,11,0,-0.024933191146196954,-0.029897395458300488,Stage20 distance_to_state15,-0.027691040690027452,0.6746506986027944
branch_02,State_12,82,605,605,11,0,-0.024933191146196954,-0.026887803276604342,Stage20 distance_to_state15,-0.027691040690027452,0.6746506986027944
branch_02,State_12,83,605,605,11,0,-0.024933191146196954,-0.028959410400573427,Stage20 distance_to_state15,-0.027691040690027452,0.6746506986027944
branch_02,State_12,84,605,605,11,0,-0.024933191146196954,-0.02999142125584976,Stage20 distance_to_state15,-0.027691040690027452,0.6746506986027944
branch_02,State_12,85,605,605,11,0,-0.024933191146196954,-0.01688305089352473,Stage20 distance_to_state15,-0.027691040690027452,0.6746506986027944
branch_02,State_12,86,605,605,11,0,-0.024933191146196954,-0.029900492111989724,Stage20 distance_to_state15,-0.027691040690027452,0.6746506986027944
branch_02,State_12,87,605,605,11,0,-0.024933191146196954,-0.029569278348334317,Stage20 distance_to_state15,-0.027691040690027452,0.6746506986027944
branch_02,State_12,88,605,605,11,0,-0.024933191146196954,-0.029400336147976377,Stage20 distance_to_state15,-0.027691040690027452,0.6746506986027944
branch_02,State_12,89,605,605,11,0,-0.024933191146196954,-0.027510455808848776,Stage20 distance_to_state15,-0.027691040690027452,0.6746506986027944
branch_02,State_12,90,605,605,11,0,-0.024933191146196954,-0.024090800709186705,Stage20 distance_to_state15,-0.027691040690027452,0.6746506986027944
branch_02,State_12,91,605,605,11,0,-0.024933191146196954,-0.02753409579066612,Stage20 distance_to_state15,-0.027691040690027452,0.6746506986027944
branch_02,State_12,92,605,605,11,0,-0.024933191146196954,-0.028991215671327092,Stage20 distance_to_state15,-0.027691040690027452,0.6746506986027944
branch_02,State_12,93,605,605,11,0,-0.024933191146196954,-0.02706201600061115,Stage20 distance_to_state15,-0.027691040690027452,0.6746506986027944
branch_02,State_12,94,605,605,11,0,-0.024933191146196954,-0.015732796874317924,Stage20 distance_to_state15,-0.027691040690027452,0.6746506986027944
branch_02,State_12,95,605,605,11,0,-0.024933191146196954,-0.026735922729179365,Stage20 distance_to_state15,-0.027691040690027452,0.6746506986027944
branch_02,State_12,96,605,605,11,0,-0.024933191146196954,-0.034241621197528396,Stage20 distance_to_state15,-0.027691040690027452,0.6746506986027944
branch_02,State_12,97,605,605,11,0,-0.024933191146196954,-0.026798968560977424,Stage20 distance_to_state15,-0.027691040690027452,0.6746506986027944
branch_02,State_12,98,605,605,11,0,-0.024933191146196954,-0.029075037150578194,Stage20 distance_to_state15,-0.027691040690027452,0.6746506986027944
branch_02,State_12,99,605,605,11,0,-0.024933191146196954,-0.03189917114455056,Stage20 distance_to_state15,-0.027691040690027452,0.6746506986027944
branch_02,State_12,100,605,605,11,0,-0.024933191146196954,-0.025769139692807495,Stage20 distance_to_state15,-0.027691040690027452,0.6746506986027944
branch_02,State_12,101,605,605,11,0,-0.024933191146196954,-0.023293396363597764,Stage20 distance_to_state15,-0.027691040690027452,0.6746506986027944
branch_02,State_12,102,605,605,11,0,-0.024933191146196954,-0.02788755410856569,Stage20 distance_to_state15,-0.027691040690027452,0.6746506986027944
branch_02,State_12,103,605,605,11,0,-0.024933191146196954,-0.027938861176520127,Stage20 distance_to_state15,-0.027691040690027452,0.6746506986027944
branch_02,State_12,104,605,605,11,0,-0.024933191146196954,-0.03310669179641074,Stage20 distance_to_state15,-0.027691040690027452,0.6746506986027944
branch_02,State_12,105,605,605,11,0,-0.024933191146196954,-0.02687581304647857,Stage20 distance_to_state15,-0.027691040690027452,0.6746506986027944
branch_02,State_12,106,605,605,11,0,-0.024933191146196954,-0.02927391707670357,Stage20 distance_to_state15,-0.027691040690027452,0.6746506986027944
branch_02,State_12,107,605,605,11,0,-0.024933191146196954,-0.03251491258128519,Stage20 distance_to_state15,-0.027691040690027452,0.6746506986027944
branch_02,State_12,108,605,605,11,0,-0.024933191146196954,-0.02856983821207651,Stage20 distance_to_state15,-0.027691040690027452,0.6746506986027944
branch_02,State_12,109,605,605,11,0,-0.024933191146196954,-0.023404904889865533,Stage20 distance_to_state15,-0.027691040690027452,0.6746506986027944
branch_02,State_12,110,605,605,11,0,-0.024933191146196954,-0.02753842202549605,Stage20 distance_to_state15,-0.027691040690027452,0.6746506986027944
branch_02,State_12,111,605,605,11,0,-0.024933191146196954,-0.04707420231904866,Stage20 distance_to_state15,-0.027691040690027452,0.6746506986027944
branch_02,State_12,112,605,605,11,0,-0.024933191146196954,-0.034150674102827974,Stage20 distance_to_state15,-0.027691040690027452,0.6746506986027944
branch_02,State_12,113,605,605,11,0,-0.024933191146196954,-0.021558267565334337,Stage20 distance_to_state15,-0.027691040690027452,0.6746506986027944
branch_02,State_12,114,605,605,11,0,-0.024933191146196954,-0.03206593975040168,Stage20 distance_to_state15,-0.027691040690027452,0.6746506986027944
branch_02,State_12,115,605,605,11,0,-0.024933191146196954,-0.03759596669871639,Stage20 distance_to_state15,-0.027691040690027452,0.6746506986027944
branch_02,State_12,116,605,605,11,0,-0.024933191146196954,-0.02208930852077121,Stage20 distance_to_state15,-0.027691040690027452,0.6746506986027944
branch_02,State_12,117,605,605,11,0,-0.024933191146196954,-0.02586592479874645,Stage20 distance_to_state15,-0.027691040690027452,0.6746506986027944
branch_02,State_12,118,605,605,11,0,-0.024933191146196954,-0.023188937374839,Stage20 distance_to_state15,-0.027691040690027452,0.6746506986027944
branch_02,State_12,119,605,605,11,0,-0.024933191146196954,-0.031014099126757746,Stage20 distance_to_state15,-0.027691040690027452,0.6746506986027944
branch_02,State_12,120,605,605,11,0,-0.024933191146196954,-0.032748869443063405,Stage20 distance_to_state15,-0.027691040690027452,0.6746506986027944
branch_02,State_12,121,605,605,11,0,-0.024933191146196954,-0.019841509375045606,Stage20 distance_to_state15,-0.027691040690027452,0.6746506986027944
branch_02,State_12,122,605,605,11,0,-0.024933191146196954,-0.03548359056301065,Stage20 distance_to_state15,-0.027691040690027452,0.6746506986027944
branch_02,State_12,123,605,605,11,0,-0.024933191146196954,-0.03068207150831785,Stage20 distance_to_state15,-0.027691040690027452,0.6746506986027944
branch_02,State_12,124,605,605,11,0,-0.024933191146196954,-0.018379947775599512,Stage20 distance_to_state15,-0.027691040690027452,0.6746506986027944
branch_02,State_12,125,605,605,11,0,-0.024933191146196954,-0.030302463243620396,Stage20 distance_to_state15,-0.027691040690027452,0.6746506986027944
branch_02,State_12,126,605,605,11,0,-0.024933191146196954,-0.031567280199968406,Stage20 distance_to_state15,-0.027691040690027452,0.6746506986027944
branch_02,State_12,127,605,605,11,0,-0.024933191146196954,-0.03143278348034574,Stage20 distance_to_state15,-0.027691040690027452,0.6746506986027944
branch_02,State_12,128,605,605,11,0,-0.024933191146196954,-0.025181395287252648,Stage20 distance_to_state15,-0.027691040690027452,0.6746506986027944
branch_02,State_12,129,605,605,11,0,-0.024933191146196954,-0.02438376694992921,Stage20 distance_to_state15,-0.027691040690027452,0.6746506986027944
branch_02,State_12,130,605,605,11,0,-0.024933191146196954,-0.03153506128632395,Stage20 distance_to_state15,-0.027691040690027452,0.6746506986027944
branch_02,State_12,131,605,605,11,0,-0.024933191146196954,-0.015577573915459556,Stage20 distance_to_state15,-0.027691040690027452,0.6746506986027944
branch_02,State_12,132,605,605,11,0,-0.024933191146196954,-0.030553252326311793,Stage20 distance_to_state15,-0.027691040690027452,0.6746506986027944
branch_02,State_12,133,605,605,11,0,-0.024933191146196954,-0.030349589894042565,Stage20 distance_to_state15,-0.027691040690027452,0.6746506986027944
branch_02,State_12,134,605,605,11,0,-0.024933191146196954,-0.029850696418676277,Stage20 distance_to_state15,-0.027691040690027452,0.6746506986027944
branch_02,State_12,135,605,605,11,0,-0.024933191146196954,-0.01882797539911873,Stage20 distance_to_state15,-0.027691040690027452,0.6746506986027944
branch_02,State_12,136,605,605,11,0,-0.024933191146196954,-0.007831882937227034,Stage20 distance_to_state15,-0.027691040690027452,0.6746506986027944
branch_02,State_12,137,605,605,11,0,-0.024933191146196954,-0.032132803383110045,Stage20 distance_to_state15,-0.027691040690027452,0.6746506986027944
branch_02,State_12,138,605,605,11,0,-0.024933191146196954,-0.02768203235704335,Stage20 distance_to_state15,-0.027691040690027452,0.6746506986027944
branch_02,State_12,139,605,605,11,0,-0.024933191146196954,-0.030235709887777747,Stage20 distance_to_state15,-0.027691040690027452,0.6746506986027944
branch_02,State_12,140,605,605,11,0,-0.024933191146196954,-0.038176546860791825,Stage20 distance_to_state15,-0.027691040690027452,0.6746506986027944
branch_02,State_12,141,605,605,11,0,-0.024933191146196954,-0.014797896656526154,Stage20 distance_to_state15,-0.027691040690027452,0.6746506986027944
branch_02,State_12,142,605,605,11,0,-0.024933191146196954,-0.030278880528444675,Stage20 distance_to_state15,-0.027691040690027452,0.6746506986027944
branch_02,State_12,143,605,605,11,0,-0.024933191146196954,-0.0184057017201776,Stage20 distance_to_state15,-0.027691040690027452,0.6746506986027944
branch_02,State_12,144,605,605,11,0,-0.024933191146196954,-0.03324499325428677,Stage20 distance_to_state15,-0.027691040690027452,0.6746506986027944
branch_02,State_12,145,605,605,11,0,-0.024933191146196954,-0.03382127061495886,Stage20 distance_to_state15,-0.027691040690027452,0.6746506986027944
branch_02,State_12,146,605,605,11,0,-0.024933191146196954,-0.03239397884067741,Stage20 distance_to_state15,-0.027691040690027452,0.6746506986027944
branch_02,State_12,147,605,605,11,0,-0.024933191146196954,-0.02657127830577491,Stage20 distance_to_state15,-0.027691040690027452,0.6746506986027944
branch_02,State_12,148,605,605,11,0,-0.024933191146196954,-0.03240967192335234,Stage20 distance_to_state15,-0.027691040690027452,0.6746506986027944
branch_02,State_12,149,605,605,11,0,-0.024933191146196954,-0.019852756803611878,Stage20 distance_to_state15,-0.027691040690027452,0.6746506986027944
branch_02,State_12,150,605,605,11,0,-0.024933191146196954,-0.03842497858496857,Stage20 distance_to_state15,-0.027691040690027452,0.6746506986027944
branch_02,State_12,151,605,605,11,0,-0.024933191146196954,-0.02485638489855016,Stage20 distance_to_state15,-0.027691040690027452,0.6746506986027944
branch_02,State_12,152,605,605,11,0,-0.024933191146196954,-0.03473391966701056,Stage20 distance_to_state15,-0.027691040690027452,0.6746506986027944
branch_02,State_12,153,605,605,11,0,-0.024933191146196954,-0.02960232464508607,Stage20 distance_to_state15,-0.027691040690027452,0.6746506986027944
branch_02,State_12,154,605,605,11,0,-0.024933191146196954,-0.032349286678632266,Stage20 distance_to_state15,-0.027691040690027452,0.6746506986027944
branch_02,State_12,155,605,605,11,0,-0.024933191146196954,-0.02740942546608491,Stage20 distance_to_state15,-0.027691040690027452,0.6746506986027944
branch_02,State_12,156,605,605,11,0,-0.024933191146196954,-0.02007061780604165,Stage20 distance_to_state15,-0.027691040690027452,0.6746506986027944
branch_02,State_12,157,605,605,11,0,-0.024933191146196954,-0.03340595394968799,Stage20 distance_to_state15,-0.027691040690027452,0.6746506986027944
branch_02,State_12,158,605,605,11,0,-0.024933191146196954,-0.03175862797660334,Stage20 distance_to_state15,-0.027691040690027452,0.6746506986027944
branch_02,State_12,159,605,605,11,0,-0.024933191146196954,-0.01872303261470743,Stage20 distance_to_state15,-0.027691040690027452,0.6746506986027944
branch_02,State_12,160,605,605,11,0,-0.024933191146196954,-0.013960378543576499,Stage20 distance_to_state15,-0.027691040690027452,0.6746506986027944
branch_02,State_12,161,605,605,11,0,-0.024933191146196954,-0.026940550268082498,Stage20 distance_to_state15,-0.027691040690027452,0.6746506986027944
branch_02,State_12,162,605,605,11,0,-0.024933191146196954,-0.023255839351698594,Stage20 distance_to_state15,-0.027691040690027452,0.6746506986027944
branch_02,State_12,163,605,605,11,0,-0.024933191146196954,-0.029069889258884436,Stage20 distance_to_state15,-0.027691040690027452,0.6746506986027944
branch_02,State_12,164,605,605,11,0,-0.024933191146196954,-0.024180689090653913,Stage20 distance_to_state15,-0.027691040690027452,0.6746506986027944
branch_02,State_12,165,605,605,11,0,-0.024933191146196954,-0.025911434300357507,Stage20 distance_to_state15,-0.027691040690027452,0.6746506986027944
branch_02,State_12,166,605,605,11,0,-0.024933191146196954,-0.038254158746688645,Stage20 distance_to_state15,-0.027691040690027452,0.6746506986027944
branch_02,State_12,167,605,605,11,0,-0.024933191146196954,-0.02571338249776256,Stage20 distance_to_state15,-0.027691040690027452,0.6746506986027944
branch_02,State_12,168,605,605,11,0,-0.024933191146196954,-0.02840219001114863,Stage20 distance_to_state15,-0.027691040690027452,0.6746506986027944
branch_02,State_12,169,605,605,11,0,-0.024933191146196954,-0.01952723358910142,Stage20 distance_to_state15,-0.027691040690027452,0.6746506986027944
branch_02,State_12,170,605,605,11,0,-0.024933191146196954,-0.030276067129741666,Stage20 distance_to_state15,-0.027691040690027452,0.6746506986027944
branch_02,State_12,171,605,605,11,0,-0.024933191146196954,-0.02449814877570778,Stage20 distance_to_state15,-0.027691040690027452,0.6746506986027944
branch_02,State_12,172,605,605,11,0,-0.024933191146196954,-0.021421425934337587,Stage20 distance_to_state15,-0.027691040690027452,0.6746506986027944
branch_02,State_12,173,605,605,11,0,-0.024933191146196954,-0.03384797408800215,Stage20 distance_to_state15,-0.027691040690027452,0.6746506986027944
branch_02,State_12,174,605,605,11,0,-0.024933191146196954,-0.017943320293310132,Stage20 distance_to_state15,-0.027691040690027452,0.6746506986027944
branch_02,State_12,175,605,605,11,0,-0.024933191146196954,-0.02854353426565536,Stage20 distance_to_state15,-0.027691040690027452,0.6746506986027944
branch_02,State_12,176,605,605,11,0,-0.024933191146196954,-0.03024604098511181,Stage20 distance_to_state15,-0.027691040690027452,0.6746506986027944
branch_02,State_12,177,605,605,11,0,-0.024933191146196954,-0.019674647962343764,Stage20 distance_to_state15,-0.027691040690027452,0.6746506986027944
branch_02,State_12,178,605,605,11,0,-0.024933191146196954,-0.02458154358063631,Stage20 distance_to_state15,-0.027691040690027452,0.6746506986027944
branch_02,State_12,179,605,605,11,0,-0.024933191146196954,-0.02832568993909324,Stage20 distance_to_state15,-0.027691040690027452,0.6746506986027944
branch_02,State_12,180,605,605,11,0,-0.024933191146196954,-0.020524138971435388,Stage20 distance_to_state15,-0.027691040690027452,0.6746506986027944
branch_02,State_12,181,605,605,11,0,-0.024933191146196954,-0.026749166278571348,Stage20 distance_to_state15,-0.027691040690027452,0.6746506986027944
branch_02,State_12,182,605,605,11,0,-0.024933191146196954,-0.03016799057389686,Stage20 distance_to_state15,-0.027691040690027452,0.6746506986027944
branch_02,State_12,183,605,605,11,0,-0.024933191146196954,-0.026832223135758816,Stage20 distance_to_state15,-0.027691040690027452,0.6746506986027944
branch_02,State_12,184,605,605,11,0,-0.024933191146196954,-0.02387054722964475,Stage20 distance_to_state15,-0.027691040690027452,0.6746506986027944
branch_02,State_12,185,605,605,11,0,-0.024933191146196954,-0.026775911538208158,Stage20 distance_to_state15,-0.027691040690027452,0.6746506986027944
branch_02,State_12,186,605,605,11,0,-0.024933191146196954,-0.028645964982476537,Stage20 distance_to_state15,-0.027691040690027452,0.6746506986027944
branch_02,State_12,187,605,605,11,0,-0.024933191146196954,-0.017199559831624963,Stage20 distance_to_state15,-0.027691040690027452,0.6746506986027944
branch_02,State_12,188,605,605,11,0,-0.024933191146196954,-0.029009221967937607,Stage20 distance_to_state15,-0.027691040690027452,0.6746506986027944
branch_02,State_12,189,605,605,11,0,-0.024933191146196954,-0.01793927157496594,Stage20 distance_to_state15,-0.027691040690027452,0.6746506986027944
branch_02,State_12,190,605,605,11,0,-0.024933191146196954,-0.028020626544927763,Stage20 distance_to_state15,-0.027691040690027452,0.6746506986027944
branch_02,State_12,191,605,605,11,0,-0.024933191146196954,-0.027629991695388215,Stage20 distance_to_state15,-0.027691040690027452,0.6746506986027944
branch_02,State_12,192,605,605,11,0,-0.024933191146196954,-0.019527929438060643,Stage20 distance_to_state15,-0.027691040690027452,0.6746506986027944
branch_02,State_12,193,605,605,11,0,-0.024933191146196954,-0.02974219372321742,Stage20 distance_to_state15,-0.027691040690027452,0.6746506986027944
branch_02,State_12,194,605,605,11,0,-0.024933191146196954,-0.034032772515432755,Stage20 distance_to_state15,-0.027691040690027452,0.6746506986027944
branch_02,State_12,195,605,605,11,0,-0.024933191146196954,-0.03560299887655823,Stage20 distance_to_state15,-0.027691040690027452,0.6746506986027944
branch_02,State_12,196,605,605,11,0,-0.024933191146196954,-0.02361227854188324,Stage20 distance_to_state15,-0.027691040690027452,0.6746506986027944
branch_02,State_12,197,605,605,11,0,-0.024933191146196954,-0.016582889173697914,Stage20 distance_to_state15,-0.027691040690027452,0.6746506986027944
branch_02,State_12,198,605,605,11,0,-0.024933191146196954,-0.027967998441363048,Stage20 distance_to_state15,-0.027691040690027452,0.6746506986027944
branch_02,State_12,199,605,605,11,0,-0.024933191146196954,-0.028430946919076956,Stage20 distance_to_state15,-0.027691040690027452,0.6746506986027944
branch_02,State_12,200,605,605,11,0,-0.024933191146196954,-0.03545403203249213,Stage20 distance_to_state15,-0.027691040690027452,0.6746506986027944
branch_02,State_12,201,605,605,11,0,-0.024933191146196954,-0.03248525250818505,Stage20 distance_to_state15,-0.027691040690027452,0.6746506986027944
branch_02,State_12,202,605,605,11,0,-0.024933191146196954,-0.020337360714979033,Stage20 distance_to_state15,-0.027691040690027452,0.6746506986027944
branch_02,State_12,203,605,605,11,0,-0.024933191146196954,-0.024979097161048777,Stage20 distance_to_state15,-0.027691040690027452,0.6746506986027944
branch_02,State_12,204,605,605,11,0,-0.024933191146196954,-0.027641469832708633,Stage20 distance_to_state15,-0.027691040690027452,0.6746506986027944
branch_02,State_12,205,605,605,11,0,-0.024933191146196954,-0.030534086927064656,Stage20 distance_to_state15,-0.027691040690027452,0.6746506986027944
branch_02,State_12,206,605,605,11,0,-0.024933191146196954,-0.04404357844344856,Stage20 distance_to_state15,-0.027691040690027452,0.6746506986027944
branch_02,State_12,207,605,605,11,0,-0.024933191146196954,-0.022023015634164526,Stage20 distance_to_state15,-0.027691040690027452,0.6746506986027944
branch_02,State_12,208,605,605,11,0,-0.024933191146196954,-0.03546659535842038,Stage20 distance_to_state15,-0.027691040690027452,0.6746506986027944
branch_02,State_12,209,605,605,11,0,-0.024933191146196954,-0.023822682263265314,Stage20 distance_to_state15,-0.027691040690027452,0.6746506986027944
branch_02,State_12,210,605,605,11,0,-0.024933191146196954,-0.02398640520508088,Stage20 distance_to_state15,-0.027691040690027452,0.6746506986027944
branch_02,State_12,211,605,605,11,0,-0.024933191146196954,-0.026818728084800705,Stage20 distance_to_state15,-0.027691040690027452,0.6746506986027944
branch_02,State_12,212,605,605,11,0,-0.024933191146196954,-0.024236968630270174,Stage20 distance_to_state15,-0.027691040690027452,0.6746506986027944
branch_02,State_12,213,605,605,11,0,-0.024933191146196954,-0.024444592127430692,Stage20 distance_to_state15,-0.027691040690027452,0.6746506986027944
branch_02,State_12,214,605,605,11,0,-0.024933191146196954,-0.025849591016101688,Stage20 distance_to_state15,-0.027691040690027452,0.6746506986027944
branch_02,State_12,215,605,605,11,0,-0.024933191146196954,-0.02275520664540088,Stage20 distance_to_state15,-0.027691040690027452,0.6746506986027944
branch_02,State_12,216,605,605,11,0,-0.024933191146196954,-0.03391378246800861,Stage20 distance_to_state15,-0.027691040690027452,0.6746506986027944
branch_02,State_12,217,605,605,11,0,-0.024933191146196954,-0.03323219218074714,Stage20 distance_to_state15,-0.027691040690027452,0.6746506986027944
branch_02,State_12,218,605,605,11,0,-0.024933191146196954,-0.028816530773723353,Stage20 distance_to_state15,-0.027691040690027452,0.6746506986027944
branch_02,State_12,219,605,605,11,0,-0.024933191146196954,-0.02248758789341996,Stage20 distance_to_state15,-0.027691040690027452,0.6746506986027944
branch_02,State_12,220,605,605,11,0,-0.024933191146196954,-0.039752534442617816,Stage20 distance_to_state15,-0.027691040690027452,0.6746506986027944
branch_02,State_12,221,605,605,11,0,-0.024933191146196954,-0.02815262220100289,Stage20 distance_to_state15,-0.027691040690027452,0.6746506986027944
branch_02,State_12,222,605,605,11,0,-0.024933191146196954,-0.010749770437483246,Stage20 distance_to_state15,-0.027691040690027452,0.6746506986027944
branch_02,State_12,223,605,605,11,0,-0.024933191146196954,-0.02965550025601231,Stage20 distance_to_state15,-0.027691040690027452,0.6746506986027944
branch_02,State_12,224,605,605,11,0,-0.024933191146196954,-0.01958352817873346,Stage20 distance_to_state15,-0.027691040690027452,0.6746506986027944
branch_02,State_12,225,605,605,11,0,-0.024933191146196954,-0.03086332266119807,Stage20 distance_to_state15,-0.027691040690027452,0.6746506986027944
branch_02,State_12,226,605,605,11,0,-0.024933191146196954,-0.033618104738107876,Stage20 distance_to_state15,-0.027691040690027452,0.6746506986027944
branch_02,State_12,227,605,605,11,0,-0.024933191146196954,-0.015466499376550544,Stage20 distance_to_state15,-0.027691040690027452,0.6746506986027944
branch_02,State_12,228,605,605,11,0,-0.024933191146196954,-0.02591207508994474,Stage20 distance_to_state15,-0.027691040690027452,0.6746506986027944
branch_02,State_12,229,605,605,11,0,-0.024933191146196954,-0.029770498498538932,Stage20 distance_to_state15,-0.027691040690027452,0.6746506986027944
branch_02,State_12,230,605,605,11,0,-0.024933191146196954,-0.03241936545437907,Stage20 distance_to_state15,-0.027691040690027452,0.6746506986027944
branch_02,State_12,231,605,605,11,0,-0.024933191146196954,-0.02317523905142004,Stage20 distance_to_state15,-0.027691040690027452,0.6746506986027944
branch_02,State_12,232,605,605,11,0,-0.024933191146196954,-0.03791632399059534,Stage20 distance_to_state15,-0.027691040690027452,0.6746506986027944
branch_02,State_12,233,605,605,11,0,-0.024933191146196954,-0.02509876293183407,Stage20 distance_to_state15,-0.027691040690027452,0.6746506986027944
branch_02,State_12,234,605,605,11,0,-0.024933191146196954,-0.021963905278620046,Stage20 distance_to_state15,-0.027691040690027452,0.6746506986027944
branch_02,State_12,235,605,605,11,0,-0.024933191146196954,-0.034156440849631445,Stage20 distance_to_state15,-0.027691040690027452,0.6746506986027944
branch_02,State_12,236,605,605,11,0,-0.024933191146196954,-0.03890411908208507,Stage20 distance_to_state15,-0.027691040690027452,0.6746506986027944
branch_02,State_12,237,605,605,11,0,-0.024933191146196954,-0.034369760849068814,Stage20 distance_to_state15,-0.027691040690027452,0.6746506986027944
branch_02,State_12,238,605,605,11,0,-0.024933191146196954,-0.026118000243788093,Stage20 distance_to_state15,-0.027691040690027452,0.6746506986027944
branch_02,State_12,239,605,605,11,0,-0.024933191146196954,-0.03102209564006776,Stage20 distance_to_state15,-0.027691040690027452,0.6746506986027944
branch_02,State_12,240,605,605,11,0,-0.024933191146196954,-0.03485965632591583,Stage20 distance_to_state15,-0.027691040690027452,0.6746506986027944
branch_02,State_12,241,605,605,11,0,-0.024933191146196954,-0.020820137203809274,Stage20 distance_to_state15,-0.027691040690027452,0.6746506986027944
branch_02,State_12,242,605,605,11,0,-0.024933191146196954,-0.024363020299921698,Stage20 distance_to_state15,-0.027691040690027452,0.6746506986027944
branch_02,State_12,243,605,605,11,0,-0.024933191146196954,-0.01819520113843918,Stage20 distance_to_state15,-0.027691040690027452,0.6746506986027944
branch_02,State_12,244,605,605,11,0,-0.024933191146196954,-0.03910915428896995,Stage20 distance_to_state15,-0.027691040690027452,0.6746506986027944
branch_02,State_12,245,605,605,11,0,-0.024933191146196954,-0.019866713123739145,Stage20 distance_to_state15,-0.027691040690027452,0.6746506986027944
branch_02,State_12,246,605,605,11,0,-0.024933191146196954,-0.03523880132433463,Stage20 distance_to_state15,-0.027691040690027452,0.6746506986027944
branch_02,State_12,247,605,605,11,0,-0.024933191146196954,-0.023586780926543236,Stage20 distance_to_state15,-0.027691040690027452,0.6746506986027944
branch_02,State_12,248,605,605,11,0,-0.024933191146196954,-0.025612420771448808,Stage20 distance_to_state15,-0.027691040690027452,0.6746506986027944
branch_02,State_12,249,605,605,11,0,-0.024933191146196954,-0.025970418311683188,Stage20 distance_to_state15,-0.027691040690027452,0.6746506986027944
branch_02,State_12,250,605,605,11,0,-0.024933191146196954,-0.02506781799699122,Stage20 distance_to_state15,-0.027691040690027452,0.6746506986027944
branch_02,State_12,251,605,605,11,0,-0.024933191146196954,-0.0304523430825868,Stage20 distance_to_state15,-0.027691040690027452,0.6746506986027944
branch_02,State_12,252,605,605,11,0,-0.024933191146196954,-0.024655410971654457,Stage20 distance_to_state15,-0.027691040690027452,0.6746506986027944
branch_02,State_12,253,605,605,11,0,-0.024933191146196954,-0.017816653493790666,Stage20 distance_to_state15,-0.027691040690027452,0.6746506986027944
branch_02,State_12,254,605,605,11,0,-0.024933191146196954,-0.032547911335483085,Stage20 distance_to_state15,-0.027691040690027452,0.6746506986027944
branch_02,State_12,255,605,605,11,0,-0.024933191146196954,-0.03725731825646442,Stage20 distance_to_state15,-0.027691040690027452,0.6746506986027944
branch_02,State_12,256,605,605,11,0,-0.024933191146196954,-0.02669273309462062,Stage20 distance_to_state15,-0.027691040690027452,0.6746506986027944
branch_02,State_12,257,605,605,11,0,-0.024933191146196954,-0.03146716011932564,Stage20 distance_to_state15,-0.027691040690027452,0.6746506986027944
branch_02,State_12,258,605,605,11,0,-0.024933191146196954,-0.03158540693514948,Stage20 distance_to_state15,-0.027691040690027452,0.6746506986027944
branch_02,State_12,259,605,605,11,0,-0.024933191146196954,-0.04370640049537787,Stage20 distance_to_state15,-0.027691040690027452,0.6746506986027944
branch_02,State_12,260,605,605,11,0,-0.024933191146196954,-0.027341143667699425,Stage20 distance_to_state15,-0.027691040690027452,0.6746506986027944
branch_02,State_12,261,605,605,11,0,-0.024933191146196954,-0.031301645581914,Stage20 distance_to_state15,-0.027691040690027452,0.6746506986027944
branch_02,State_12,262,605,605,11,0,-0.024933191146196954,-0.03004144670108718,Stage20 distance_to_state15,-0.027691040690027452,0.6746506986027944
branch_02,State_12,263,605,605,11,0,-0.024933191146196954,-0.028165145016667906,Stage20 distance_to_state15,-0.027691040690027452,0.6746506986027944
branch_02,State_12,264,605,605,11,0,-0.024933191146196954,-0.021461989632520006,Stage20 distance_to_state15,-0.027691040690027452,0.6746506986027944
branch_02,State_12,265,605,605,11,0,-0.024933191146196954,-0.03153306032625381,Stage20 distance_to_state15,-0.027691040690027452,0.6746506986027944
branch_02,State_12,266,605,605,11,0,-0.024933191146196954,-0.02741937625392253,Stage20 distance_to_state15,-0.027691040690027452,0.6746506986027944
branch_02,State_12,267,605,605,11,0,-0.024933191146196954,-0.019137682337034882,Stage20 distance_to_state15,-0.027691040690027452,0.6746506986027944
branch_02,State_12,268,605,605,11,0,-0.024933191146196954,-0.019302617999275375,Stage20 distance_to_state15,-0.027691040690027452,0.6746506986027944
branch_02,State_12,269,605,605,11,0,-0.024933191146196954,-0.020705910816529456,Stage20 distance_to_state15,-0.027691040690027452,0.6746506986027944
branch_02,State_12,270,605,605,11,0,-0.024933191146196954,-0.026156663465320334,Stage20 distance_to_state15,-0.027691040690027452,0.6746506986027944
branch_02,State_12,271,605,605,11,0,-0.024933191146196954,-0.02958868036870154,Stage20 distance_to_state15,-0.027691040690027452,0.6746506986027944
branch_02,State_12,272,605,605,11,0,-0.024933191146196954,-0.017400693683871173,Stage20 distance_to_state15,-0.027691040690027452,0.6746506986027944
branch_02,State_12,273,605,605,11,0,-0.024933191146196954,-0.029295044171280205,Stage20 distance_to_state15,-0.027691040690027452,0.6746506986027944
branch_02,State_12,274,605,605,11,0,-0.024933191146196954,-0.03685671897800498,Stage20 distance_to_state15,-0.027691040690027452,0.6746506986027944
branch_02,State_12,275,605,605,11,0,-0.024933191146196954,-0.027441847691670226,Stage20 distance_to_state15,-0.027691040690027452,0.6746506986027944
branch_02,State_12,276,605,605,11,0,-0.024933191146196954,-0.029945174560033507,Stage20 distance_to_state15,-0.027691040690027452,0.6746506986027944
branch_02,State_12,277,605,605,11,0,-0.024933191146196954,-0.030022889537558266,Stage20 distance_to_state15,-0.027691040690027452,0.6746506986027944
branch_02,State_12,278,605,605,11,0,-0.024933191146196954,-0.02403488471669251,Stage20 distance_to_state15,-0.027691040690027452,0.6746506986027944
branch_02,State_12,279,605,605,11,0,-0.024933191146196954,-0.028466919242030878,Stage20 distance_to_state15,-0.027691040690027452,0.6746506986027944
branch_02,State_12,280,605,605,11,0,-0.024933191146196954,-0.026613509243015105,Stage20 distance_to_state15,-0.027691040690027452,0.6746506986027944
branch_02,State_12,281,605,605,11,0,-0.024933191146196954,-0.02910590971001199,Stage20 distance_to_state15,-0.027691040690027452,0.6746506986027944
branch_02,State_12,282,605,605,11,0,-0.024933191146196954,-0.025323100583208684,Stage20 distance_to_state15,-0.027691040690027452,0.6746506986027944
branch_02,State_12,283,605,605,11,0,-0.024933191146196954,-0.03452892309551027,Stage20 distance_to_state15,-0.027691040690027452,0.6746506986027944
branch_02,State_12,284,605,605,11,0,-0.024933191146196954,-0.025590256871058276,Stage20 distance_to_state15,-0.027691040690027452,0.6746506986027944
branch_02,State_12,285,605,605,11,0,-0.024933191146196954,-0.030934720655961367,Stage20 distance_to_state15,-0.027691040690027452,0.6746506986027944
branch_02,State_12,286,605,605,11,0,-0.024933191146196954,-0.030536088642185155,Stage20 distance_to_state15,-0.027691040690027452,0.6746506986027944
branch_02,State_12,287,605,605,11,0,-0.024933191146196954,-0.01678088072362891,Stage20 distance_to_state15,-0.027691040690027452,0.6746506986027944
branch_02,State_12,288,605,605,11,0,-0.024933191146196954,-0.03679272994677892,Stage20 distance_to_state15,-0.027691040690027452,0.6746506986027944
branch_02,State_12,289,605,605,11,0,-0.024933191146196954,-0.023154786239050484,Stage20 distance_to_state15,-0.027691040690027452,0.6746506986027944
branch_02,State_12,290,605,605,11,0,-0.024933191146196954,-0.029540175259626378,Stage20 distance_to_state15,-0.027691040690027452,0.6746506986027944
branch_02,State_12,291,605,605,11,0,-0.024933191146196954,-0.028474132029970744,Stage20 distance_to_state15,-0.027691040690027452,0.6746506986027944
branch_02,State_12,292,605,605,11,0,-0.024933191146196954,-0.032025353083346135,Stage20 distance_to_state15,-0.027691040690027452,0.6746506986027944
branch_02,State_12,293,605,605,11,0,-0.024933191146196954,-0.02128599424559539,Stage20 distance_to_state15,-0.027691040690027452,0.6746506986027944
branch_02,State_12,294,605,605,11,0,-0.024933191146196954,-0.021134253538212806,Stage20 distance_to_state15,-0.027691040690027452,0.6746506986027944
branch_02,State_12,295,605,605,11,0,-0.024933191146196954,-0.02668081598439725,Stage20 distance_to_state15,-0.027691040690027452,0.6746506986027944
branch_02,State_12,296,605,605,11,0,-0.024933191146196954,-0.03230515136188905,Stage20 distance_to_state15,-0.027691040690027452,0.6746506986027944
branch_02,State_12,297,605,605,11,0,-0.024933191146196954,-0.024474634932726773,Stage20 distance_to_state15,-0.027691040690027452,0.6746506986027944
branch_02,State_12,298,605,605,11,0,-0.024933191146196954,-0.018339635401614773,Stage20 distance_to_state15,-0.027691040690027452,0.6746506986027944
branch_02,State_12,299,605,605,11,0,-0.024933191146196954,-0.027844536781685896,Stage20 distance_to_state15,-0.027691040690027452,0.6746506986027944
branch_02,State_12,300,605,605,11,0,-0.024933191146196954,-0.02724654291068595,Stage20 distance_to_state15,-0.027691040690027452,0.6746506986027944
branch_02,State_12,301,605,605,11,0,-0.024933191146196954,-0.027653579871635546,Stage20 distance_to_state15,-0.027691040690027452,0.6746506986027944
branch_02,State_12,302,605,605,11,0,-0.024933191146196954,-0.0263114136056257,Stage20 distance_to_state15,-0.027691040690027452,0.6746506986027944
branch_02,State_12,303,605,605,11,0,-0.024933191146196954,-0.012306483008284984,Stage20 distance_to_state15,-0.027691040690027452,0.6746506986027944
branch_02,State_12,304,605,605,11,0,-0.024933191146196954,-0.024743754657009516,Stage20 distance_to_state15,-0.027691040690027452,0.6746506986027944
branch_02,State_12,305,605,605,11,0,-0.024933191146196954,-0.035217116278769556,Stage20 distance_to_state15,-0.027691040690027452,0.6746506986027944
branch_02,State_12,306,605,605,11,0,-0.024933191146196954,-0.03170119642628645,Stage20 distance_to_state15,-0.027691040690027452,0.6746506986027944
branch_02,State_12,307,605,605,11,0,-0.024933191146196954,-0.02070737445247419,Stage20 distance_to_state15,-0.027691040690027452,0.6746506986027944
branch_02,State_12,308,605,605,11,0,-0.024933191146196954,-0.03698644190093621,Stage20 distance_to_state15,-0.027691040690027452,0.6746506986027944
branch_02,State_12,309,605,605,11,0,-0.024933191146196954,-0.028685387236278826,Stage20 distance_to_state15,-0.027691040690027452,0.6746506986027944
branch_02,State_12,310,605,605,11,0,-0.024933191146196954,-0.03395328084008726,Stage20 distance_to_state15,-0.027691040690027452,0.6746506986027944
branch_02,State_12,311,605,605,11,0,-0.024933191146196954,-0.016891718230601954,Stage20 distance_to_state15,-0.027691040690027452,0.6746506986027944
branch_02,State_12,312,605,605,11,0,-0.024933191146196954,-0.020519487542084158,Stage20 distance_to_state15,-0.027691040690027452,0.6746506986027944
branch_02,State_12,313,605,605,11,0,-0.024933191146196954,-0.02930276584663935,Stage20 distance_to_state15,-0.027691040690027452,0.6746506986027944
branch_02,State_12,314,605,605,11,0,-0.024933191146196954,-0.03618777459151967,Stage20 distance_to_state15,-0.027691040690027452,0.6746506986027944
branch_02,State_12,315,605,605,11,0,-0.024933191146196954,-0.035099558691527366,Stage20 distance_to_state15,-0.027691040690027452,0.6746506986027944
branch_02,State_12,316,605,605,11,0,-0.024933191146196954,-0.03204249151510037,Stage20 distance_to_state15,-0.027691040690027452,0.6746506986027944
branch_02,State_12,317,605,605,11,0,-0.024933191146196954,-0.03544983272473663,Stage20 distance_to_state15,-0.027691040690027452,0.6746506986027944
branch_02,State_12,318,605,605,11,0,-0.024933191146196954,-0.02987504816095434,Stage20 distance_to_state15,-0.027691040690027452,0.6746506986027944
branch_02,State_12,319,605,605,11,0,-0.024933191146196954,-0.02363782128462557,Stage20 distance_to_state15,-0.027691040690027452,0.6746506986027944
branch_02,State_12,320,605,605,11,0,-0.024933191146196954,-0.02495630030083831,Stage20 distance_to_state15,-0.027691040690027452,0.6746506986027944
branch_02,State_12,321,605,605,11,0,-0.024933191146196954,-0.024938688738069238,Stage20 distance_to_state15,-0.027691040690027452,0.6746506986027944
branch_02,State_12,322,605,605,11,0,-0.024933191146196954,-0.01545501144564546,Stage20 distance_to_state15,-0.027691040690027452,0.6746506986027944
branch_02,State_12,323,605,605,11,0,-0.024933191146196954,-0.027660050147816122,Stage20 distance_to_state15,-0.027691040690027452,0.6746506986027944
branch_02,State_12,324,605,605,11,0,-0.024933191146196954,-0.029178463351215447,Stage20 distance_to_state15,-0.027691040690027452,0.6746506986027944
branch_02,State_12,325,605,605,11,0,-0.024933191146196954,-0.01581480294311232,Stage20 distance_to_state15,-0.027691040690027452,0.6746506986027944
branch_02,State_12,326,605,605,11,0,-0.024933191146196954,-0.02332552491482036,Stage20 distance_to_state15,-0.027691040690027452,0.6746506986027944
branch_02,State_12,327,605,605,11,0,-0.024933191146196954,-0.02434921504640389,Stage20 distance_to_state15,-0.027691040690027452,0.6746506986027944
branch_02,State_12,328,605,605,11,0,-0.024933191146196954,-0.03403612503963997,Stage20 distance_to_state15,-0.027691040690027452,0.6746506986027944
branch_02,State_12,329,605,605,11,0,-0.024933191146196954,-0.021533418546930118,Stage20 distance_to_state15,-0.027691040690027452,0.6746506986027944
branch_02,State_12,330,605,605,11,0,-0.024933191146196954,-0.03363582477093395,Stage20 distance_to_state15,-0.027691040690027452,0.6746506986027944
branch_02,State_12,331,605,605,11,0,-0.024933191146196954,-0.030944489017788863,Stage20 distance_to_state15,-0.027691040690027452,0.6746506986027944
branch_02,State_12,332,605,605,11,0,-0.024933191146196954,-0.026627315821721308,Stage20 distance_to_state15,-0.027691040690027452,0.6746506986027944
branch_02,State_12,333,605,605,11,0,-0.024933191146196954,-0.03204474992547379,Stage20 distance_to_state15,-0.027691040690027452,0.6746506986027944
branch_02,State_12,334,605,605,11,0,-0.024933191146196954,-0.03476998941038851,Stage20 distance_to_state15,-0.027691040690027452,0.6746506986027944
branch_02,State_12,335,605,605,11,0,-0.024933191146196954,-0.03613161457229623,Stage20 distance_to_state15,-0.027691040690027452,0.6746506986027944
branch_02,State_12,336,605,605,11,0,-0.024933191146196954,-0.03039812881589872,Stage20 distance_to_state15,-0.027691040690027452,0.6746506986027944
branch_02,State_12,337,605,605,11,0,-0.024933191146196954,-0.026128497579509153,Stage20 distance_to_state15,-0.027691040690027452,0.6746506986027944
branch_02,State_12,338,605,605,11,0,-0.024933191146196954,-0.020411629248192738,Stage20 distance_to_state15,-0.027691040690027452,0.6746506986027944
branch_02,State_12,339,605,605,11,0,-0.024933191146196954,-0.02454801241272376,Stage20 distance_to_state15,-0.027691040690027452,0.6746506986027944
branch_02,State_12,340,605,605,11,0,-0.024933191146196954,-0.028377691499164158,Stage20 distance_to_state15,-0.027691040690027452,0.6746506986027944
branch_02,State_12,341,605,605,11,0,-0.024933191146196954,-0.026814917144006387,Stage20 distance_to_state15,-0.027691040690027452,0.6746506986027944
branch_02,State_12,342,605,605,11,0,-0.024933191146196954,-0.024799585988858296,Stage20 distance_to_state15,-0.027691040690027452,0.6746506986027944
branch_02,State_12,343,605,605,11,0,-0.024933191146196954,-0.019795873596034273,Stage20 distance_to_state15,-0.027691040690027452,0.6746506986027944
branch_02,State_12,344,605,605,11,0,-0.024933191146196954,-0.02842481739253425,Stage20 distance_to_state15,-0.027691040690027452,0.6746506986027944
branch_02,State_12,345,605,605,11,0,-0.024933191146196954,-0.03340364994144809,Stage20 distance_to_state15,-0.027691040690027452,0.6746506986027944
branch_02,State_12,346,605,605,11,0,-0.024933191146196954,-0.03306882165903241,Stage20 distance_to_state15,-0.027691040690027452,0.6746506986027944
branch_02,State_12,347,605,605,11,0,-0.024933191146196954,-0.03589098589669957,Stage20 distance_to_state15,-0.027691040690027452,0.6746506986027944
branch_02,State_12,348,605,605,11,0,-0.024933191146196954,-0.02871751994352438,Stage20 distance_to_state15,-0.027691040690027452,0.6746506986027944
branch_02,State_12,349,605,605,11,0,-0.024933191146196954,-0.014386390003738094,Stage20 distance_to_state15,-0.027691040690027452,0.6746506986027944
branch_02,State_12,350,605,605,11,0,-0.024933191146196954,-0.029600771946906235,Stage20 distance_to_state15,-0.027691040690027452,0.6746506986027944
branch_02,State_12,351,605,605,11,0,-0.024933191146196954,-0.036999639099416504,Stage20 distance_to_state15,-0.027691040690027452,0.6746506986027944
branch_02,State_12,352,605,605,11,0,-0.024933191146196954,-0.03327076517509842,Stage20 distance_to_state15,-0.027691040690027452,0.6746506986027944
branch_02,State_12,353,605,605,11,0,-0.024933191146196954,-0.02330603992318437,Stage20 distance_to_state15,-0.027691040690027452,0.6746506986027944
branch_02,State_12,354,605,605,11,0,-0.024933191146196954,-0.03662242757771164,Stage20 distance_to_state15,-0.027691040690027452,0.6746506986027944
branch_02,State_12,355,605,605,11,0,-0.024933191146196954,-0.023868883528756667,Stage20 distance_to_state15,-0.027691040690027452,0.6746506986027944
branch_02,State_12,356,605,605,11,0,-0.024933191146196954,-0.027191433360466914,Stage20 distance_to_state15,-0.027691040690027452,0.6746506986027944
branch_02,State_12,357,605,605,11,0,-0.024933191146196954,-0.0304172076202154,Stage20 distance_to_state15,-0.027691040690027452,0.6746506986027944
branch_02,State_12,358,605,605,11,0,-0.024933191146196954,-0.03884160421224951,Stage20 distance_to_state15,-0.027691040690027452,0.6746506986027944
branch_02,State_12,359,605,605,11,0,-0.024933191146196954,-0.012310661837710854,Stage20 distance_to_state15,-0.027691040690027452,0.6746506986027944
branch_02,State_12,360,605,605,11,0,-0.024933191146196954,-0.027842969833731895,Stage20 distance_to_state15,-0.027691040690027452,0.6746506986027944
branch_02,State_12,361,605,605,11,0,-0.024933191146196954,-0.021924150814832316,Stage20 distance_to_state15,-0.027691040690027452,0.6746506986027944
branch_02,State_12,362,605,605,11,0,-0.024933191146196954,-0.03246908531275637,Stage20 distance_to_state15,-0.027691040690027452,0.6746506986027944
branch_02,State_12,363,605,605,11,0,-0.024933191146196954,-0.020073449934684996,Stage20 distance_to_state15,-0.027691040690027452,0.6746506986027944
branch_02,State_12,364,605,605,11,0,-0.024933191146196954,-0.023399988050386684,Stage20 distance_to_state15,-0.027691040690027452,0.6746506986027944
branch_02,State_12,365,605,605,11,0,-0.024933191146196954,-0.024495216003718897,Stage20 distance_to_state15,-0.027691040690027452,0.6746506986027944
branch_02,State_12,366,605,605,11,0,-0.024933191146196954,-0.027700049023011555,Stage20 distance_to_state15,-0.027691040690027452,0.6746506986027944
branch_02,State_12,367,605,605,11,0,-0.024933191146196954,-0.023732564796137882,Stage20 distance_to_state15,-0.027691040690027452,0.6746506986027944
branch_02,State_12,368,605,605,11,0,-0.024933191146196954,-0.0322243689886072,Stage20 distance_to_state15,-0.027691040690027452,0.6746506986027944
branch_02,State_12,369,605,605,11,0,-0.024933191146196954,-0.024784559267808787,Stage20 distance_to_state15,-0.027691040690027452,0.6746506986027944
branch_02,State_12,370,605,605,11,0,-0.024933191146196954,-0.021077576567322103,Stage20 distance_to_state15,-0.027691040690027452,0.6746506986027944
branch_02,State_12,371,605,605,11,0,-0.024933191146196954,-0.029020895863712655,Stage20 distance_to_state15,-0.027691040690027452,0.6746506986027944
branch_02,State_12,372,605,605,11,0,-0.024933191146196954,-0.030520840586965393,Stage20 distance_to_state15,-0.027691040690027452,0.6746506986027944
branch_02,State_12,373,605,605,11,0,-0.024933191146196954,-0.028256935626521547,Stage20 distance_to_state15,-0.027691040690027452,0.6746506986027944
branch_02,State_12,374,605,605,11,0,-0.024933191146196954,-0.024114584688176764,Stage20 distance_to_state15,-0.027691040690027452,0.6746506986027944
branch_02,State_12,375,605,605,11,0,-0.024933191146196954,-0.031026201349405282,Stage20 distance_to_state15,-0.027691040690027452,0.6746506986027944
branch_02,State_12,376,605,605,11,0,-0.024933191146196954,-0.03020730604632061,Stage20 distance_to_state15,-0.027691040690027452,0.6746506986027944
branch_02,State_12,377,605,605,11,0,-0.024933191146196954,-0.01439451304446205,Stage20 distance_to_state15,-0.027691040690027452,0.6746506986027944
branch_02,State_12,378,605,605,11,0,-0.024933191146196954,-0.0337701362113952,Stage20 distance_to_state15,-0.027691040690027452,0.6746506986027944
branch_02,State_12,379,605,605,11,0,-0.024933191146196954,-0.02820472797538964,Stage20 distance_to_state15,-0.027691040690027452,0.6746506986027944
branch_02,State_12,380,605,605,11,0,-0.024933191146196954,-0.031148665359344598,Stage20 distance_to_state15,-0.027691040690027452,0.6746506986027944
branch_02,State_12,381,605,605,11,0,-0.024933191146196954,-0.029995090007858848,Stage20 distance_to_state15,-0.027691040690027452,0.6746506986027944
branch_02,State_12,382,605,605,11,0,-0.024933191146196954,-0.03000500279894764,Stage20 distance_to_state15,-0.027691040690027452,0.6746506986027944
branch_02,State_12,383,605,605,11,0,-0.024933191146196954,-0.012774024973320208,Stage20 distance_to_state15,-0.027691040690027452,0.6746506986027944
branch_02,State_12,384,605,605,11,0,-0.024933191146196954,-0.02611969083892002,Stage20 distance_to_state15,-0.027691040690027452,0.6746506986027944
branch_02,State_12,385,605,605,11,0,-0.024933191146196954,-0.02274646072095443,Stage20 distance_to_state15,-0.027691040690027452,0.6746506986027944
branch_02,State_12,386,605,605,11,0,-0.024933191146196954,-0.023805934800688204,Stage20 distance_to_state15,-0.027691040690027452,0.6746506986027944
branch_02,State_12,387,605,605,11,0,-0.024933191146196954,-0.027965946860050807,Stage20 distance_to_state15,-0.027691040690027452,0.6746506986027944
branch_02,State_12,388,605,605,11,0,-0.024933191146196954,-0.0317955245498234,Stage20 distance_to_state15,-0.027691040690027452,0.6746506986027944
branch_02,State_12,389,605,605,11,0,-0.024933191146196954,-0.02593941269221569,Stage20 distance_to_state15,-0.027691040690027452,0.6746506986027944
branch_02,State_12,390,605,605,11,0,-0.024933191146196954,-0.013491245911795211,Stage20 distance_to_state15,-0.027691040690027452,0.6746506986027944
branch_02,State_12,391,605,605,11,0,-0.024933191146196954,-0.022083765963482615,Stage20 distance_to_state15,-0.027691040690027452,0.6746506986027944
branch_02,State_12,392,605,605,11,0,-0.024933191146196954,-0.02539628888187501,Stage20 distance_to_state15,-0.027691040690027452,0.6746506986027944
branch_02,State_12,393,605,605,11,0,-0.024933191146196954,-0.02278769147063064,Stage20 distance_to_state15,-0.027691040690027452,0.6746506986027944
branch_02,State_12,394,605,605,11,0,-0.024933191146196954,-0.03521591363456174,Stage20 distance_to_state15,-0.027691040690027452,0.6746506986027944
branch_02,State_12,395,605,605,11,0,-0.024933191146196954,-0.030028109741815627,Stage20 distance_to_state15,-0.027691040690027452,0.6746506986027944
branch_02,State_12,396,605,605,11,0,-0.024933191146196954,-0.02865179424615937,Stage20 distance_to_state15,-0.027691040690027452,0.6746506986027944
branch_02,State_12,397,605,605,11,0,-0.024933191146196954,-0.029229194192233028,Stage20 distance_to_state15,-0.027691040690027452,0.6746506986027944
branch_02,State_12,398,605,605,11,0,-0.024933191146196954,-0.0339642569429182,Stage20 distance_to_state15,-0.027691040690027452,0.6746506986027944
branch_02,State_12,399,605,605,11,0,-0.024933191146196954,-0.019188230222998662,Stage20 distance_to_state15,-0.027691040690027452,0.6746506986027944
branch_02,State_12,400,605,605,11,0,-0.024933191146196954,-0.037027448156981835,Stage20 distance_to_state15,-0.027691040690027452,0.6746506986027944
branch_02,State_12,401,605,605,11,0,-0.024933191146196954,-0.030896997583626948,Stage20 distance_to_state15,-0.027691040690027452,0.6746506986027944
branch_02,State_12,402,605,605,11,0,-0.024933191146196954,-0.023447055613756287,Stage20 distance_to_state15,-0.027691040690027452,0.6746506986027944
branch_02,State_12,403,605,605,11,0,-0.024933191146196954,-0.02210864950543224,Stage20 distance_to_state15,-0.027691040690027452,0.6746506986027944
branch_02,State_12,404,605,605,11,0,-0.024933191146196954,-0.027552313901927833,Stage20 distance_to_state15,-0.027691040690027452,0.6746506986027944
branch_02,State_12,405,605,605,11,0,-0.024933191146196954,-0.022456830071887417,Stage20 distance_to_state15,-0.027691040690027452,0.6746506986027944
branch_02,State_12,406,605,605,11,0,-0.024933191146196954,-0.032570093204423306,Stage20 distance_to_state15,-0.027691040690027452,0.6746506986027944
branch_02,State_12,407,605,605,11,0,-0.024933191146196954,-0.023473822700550942,Stage20 distance_to_state15,-0.027691040690027452,0.6746506986027944
branch_02,State_12,408,605,605,11,0,-0.024933191146196954,-0.030183520153716628,Stage20 distance_to_state15,-0.027691040690027452,0.6746506986027944
branch_02,State_12,409,605,605,11,0,-0.024933191146196954,-0.029984741361532646,Stage20 distance_to_state15,-0.027691040690027452,0.6746506986027944
branch_02,State_12,410,605,605,11,0,-0.024933191146196954,-0.017322565607191538,Stage20 distance_to_state15,-0.027691040690027452,0.6746506986027944
branch_02,State_12,411,605,605,11,0,-0.024933191146196954,-0.026129971042812394,Stage20 distance_to_state15,-0.027691040690027452,0.6746506986027944
branch_02,State_12,412,605,605,11,0,-0.024933191146196954,-0.030510248481939062,Stage20 distance_to_state15,-0.027691040690027452,0.6746506986027944
branch_02,State_12,413,605,605,11,0,-0.024933191146196954,-0.033031640013097566,Stage20 distance_to_state15,-0.027691040690027452,0.6746506986027944
branch_02,State_12,414,605,605,11,0,-0.024933191146196954,-0.025160830864765886,Stage20 distance_to_state15,-0.027691040690027452,0.6746506986027944
branch_02,State_12,415,605,605,11,0,-0.024933191146196954,-0.02673052863075044,Stage20 distance_to_state15,-0.027691040690027452,0.6746506986027944
branch_02,State_12,416,605,605,11,0,-0.024933191146196954,-0.02410518197268912,Stage20 distance_to_state15,-0.027691040690027452,0.6746506986027944
branch_02,State_12,417,605,605,11,0,-0.024933191146196954,-0.02734069805857922,Stage20 distance_to_state15,-0.027691040690027452,0.6746506986027944
branch_02,State_12,418,605,605,11,0,-0.024933191146196954,-0.029594155473039882,Stage20 distance_to_state15,-0.027691040690027452,0.6746506986027944
branch_02,State_12,419,605,605,11,0,-0.024933191146196954,-0.019153820894568064,Stage20 distance_to_state15,-0.027691040690027452,0.6746506986027944
branch_02,State_12,420,605,605,11,0,-0.024933191146196954,-0.0269002490541872,Stage20 distance_to_state15,-0.027691040690027452,0.6746506986027944
branch_02,State_12,421,605,605,11,0,-0.024933191146196954,-0.02596214022536852,Stage20 distance_to_state15,-0.027691040690027452,0.6746506986027944
branch_02,State_12,422,605,605,11,0,-0.024933191146196954,-0.02520269148875559,Stage20 distance_to_state15,-0.027691040690027452,0.6746506986027944
branch_02,State_12,423,605,605,11,0,-0.024933191146196954,-0.031489613402861785,Stage20 distance_to_state15,-0.027691040690027452,0.6746506986027944
branch_02,State_12,424,605,605,11,0,-0.024933191146196954,-0.030070993229989698,Stage20 distance_to_state15,-0.027691040690027452,0.6746506986027944
branch_02,State_12,425,605,605,11,0,-0.024933191146196954,-0.03468295193865517,Stage20 distance_to_state15,-0.027691040690027452,0.6746506986027944
branch_02,State_12,426,605,605,11,0,-0.024933191146196954,-0.039521437647809916,Stage20 distance_to_state15,-0.027691040690027452,0.6746506986027944
branch_02,State_12,427,605,605,11,0,-0.024933191146196954,-0.030471941506458457,Stage20 distance_to_state15,-0.027691040690027452,0.6746506986027944
branch_02,State_12,428,605,605,11,0,-0.024933191146196954,-0.039860954687887036,Stage20 distance_to_state15,-0.027691040690027452,0.6746506986027944
branch_02,State_12,429,605,605,11,0,-0.024933191146196954,-0.027257713209649804,Stage20 distance_to_state15,-0.027691040690027452,0.6746506986027944
branch_02,State_12,430,605,605,11,0,-0.024933191146196954,-0.022219096495677514,Stage20 distance_to_state15,-0.027691040690027452,0.6746506986027944
branch_02,State_12,431,605,605,11,0,-0.024933191146196954,-0.015445620144790992,Stage20 distance_to_state15,-0.027691040690027452,0.6746506986027944
branch_02,State_12,432,605,605,11,0,-0.024933191146196954,-0.02651549620769896,Stage20 distance_to_state15,-0.027691040690027452,0.6746506986027944
branch_02,State_12,433,605,605,11,0,-0.024933191146196954,-0.02434950549416699,Stage20 distance_to_state15,-0.027691040690027452,0.6746506986027944
branch_02,State_12,434,605,605,11,0,-0.024933191146196954,-0.03263631652480988,Stage20 distance_to_state15,-0.027691040690027452,0.6746506986027944
branch_02,State_12,435,605,605,11,0,-0.024933191146196954,-0.0260124506497992,Stage20 distance_to_state15,-0.027691040690027452,0.6746506986027944
branch_02,State_12,436,605,605,11,0,-0.024933191146196954,-0.029707881858672028,Stage20 distance_to_state15,-0.027691040690027452,0.6746506986027944
branch_02,State_12,437,605,605,11,0,-0.024933191146196954,-0.039799528970985563,Stage20 distance_to_state15,-0.027691040690027452,0.6746506986027944
branch_02,State_12,438,605,605,11,0,-0.024933191146196954,-0.022309659919603268,Stage20 distance_to_state15,-0.027691040690027452,0.6746506986027944
branch_02,State_12,439,605,605,11,0,-0.024933191146196954,-0.03643751314229515,Stage20 distance_to_state15,-0.027691040690027452,0.6746506986027944
branch_02,State_12,440,605,605,11,0,-0.024933191146196954,-0.02680699464949785,Stage20 distance_to_state15,-0.027691040690027452,0.6746506986027944
branch_02,State_12,441,605,605,11,0,-0.024933191146196954,-0.02572771104097041,Stage20 distance_to_state15,-0.027691040690027452,0.6746506986027944
branch_02,State_12,442,605,605,11,0,-0.024933191146196954,-0.030060957554787444,Stage20 distance_to_state15,-0.027691040690027452,0.6746506986027944
branch_02,State_12,443,605,605,11,0,-0.024933191146196954,-0.028653511756373134,Stage20 distance_to_state15,-0.027691040690027452,0.6746506986027944
branch_02,State_12,444,605,605,11,0,-0.024933191146196954,-0.02458493207448726,Stage20 distance_to_state15,-0.027691040690027452,0.6746506986027944
branch_02,State_12,445,605,605,11,0,-0.024933191146196954,-0.03817376559732007,Stage20 distance_to_state15,-0.027691040690027452,0.6746506986027944
branch_02,State_12,446,605,605,11,0,-0.024933191146196954,-0.029439315200332515,Stage20 distance_to_state15,-0.027691040690027452,0.6746506986027944
branch_02,State_12,447,605,605,11,0,-0.024933191146196954,-0.03337078666749043,Stage20 distance_to_state15,-0.027691040690027452,0.6746506986027944
branch_02,State_12,448,605,605,11,0,-0.024933191146196954,-0.031328824522799475,Stage20 distance_to_state15,-0.027691040690027452,0.6746506986027944
branch_02,State_12,449,605,605,11,0,-0.024933191146196954,-0.025016683253764625,Stage20 distance_to_state15,-0.027691040690027452,0.6746506986027944
branch_02,State_12,450,605,605,11,0,-0.024933191146196954,-0.03603940298187536,Stage20 distance_to_state15,-0.027691040690027452,0.6746506986027944
branch_02,State_12,451,605,605,11,0,-0.024933191146196954,-0.02008056558541465,Stage20 distance_to_state15,-0.027691040690027452,0.6746506986027944
branch_02,State_12,452,605,605,11,0,-0.024933191146196954,-0.0186293183197289,Stage20 distance_to_state15,-0.027691040690027452,0.6746506986027944
branch_02,State_12,453,605,605,11,0,-0.024933191146196954,-0.031230903270225013,Stage20 distance_to_state15,-0.027691040690027452,0.6746506986027944
branch_02,State_12,454,605,605,11,0,-0.024933191146196954,-0.03582498009018761,Stage20 distance_to_state15,-0.027691040690027452,0.6746506986027944
branch_02,State_12,455,605,605,11,0,-0.024933191146196954,-0.026958974721334322,Stage20 distance_to_state15,-0.027691040690027452,0.6746506986027944
branch_02,State_12,456,605,605,11,0,-0.024933191146196954,-0.03191288352251899,Stage20 distance_to_state15,-0.027691040690027452,0.6746506986027944
branch_02,State_12,457,605,605,11,0,-0.024933191146196954,-0.03523828947960102,Stage20 distance_to_state15,-0.027691040690027452,0.6746506986027944
branch_02,State_12,458,605,605,11,0,-0.024933191146196954,-0.020525693409857992,Stage20 distance_to_state15,-0.027691040690027452,0.6746506986027944
branch_02,State_12,459,605,605,11,0,-0.024933191146196954,-0.03612654241404931,Stage20 distance_to_state15,-0.027691040690027452,0.6746506986027944
branch_02,State_12,460,605,605,11,0,-0.024933191146196954,-0.02699348511981369,Stage20 distance_to_state15,-0.027691040690027452,0.6746506986027944
branch_02,State_12,461,605,605,11,0,-0.024933191146196954,-0.026834555502348437,Stage20 distance_to_state15,-0.027691040690027452,0.6746506986027944
branch_02,State_12,462,605,605,11,0,-0.024933191146196954,-0.027391826103146187,Stage20 distance_to_state15,-0.027691040690027452,0.6746506986027944
branch_02,State_12,463,605,605,11,0,-0.024933191146196954,-0.028840501120751778,Stage20 distance_to_state15,-0.027691040690027452,0.6746506986027944
branch_02,State_12,464,605,605,11,0,-0.024933191146196954,-0.029050747346577428,Stage20 distance_to_state15,-0.027691040690027452,0.6746506986027944
branch_02,State_12,465,605,605,11,0,-0.024933191146196954,-0.030105309647951363,Stage20 distance_to_state15,-0.027691040690027452,0.6746506986027944
branch_02,State_12,466,605,605,11,0,-0.024933191146196954,-0.02970173883509396,Stage20 distance_to_state15,-0.027691040690027452,0.6746506986027944
branch_02,State_12,467,605,605,11,0,-0.024933191146196954,-0.021825725592504015,Stage20 distance_to_state15,-0.027691040690027452,0.6746506986027944
branch_02,State_12,468,605,605,11,0,-0.024933191146196954,-0.015886715472427013,Stage20 distance_to_state15,-0.027691040690027452,0.6746506986027944
branch_02,State_12,469,605,605,11,0,-0.024933191146196954,-0.025274743743643333,Stage20 distance_to_state15,-0.027691040690027452,0.6746506986027944
branch_02,State_12,470,605,605,11,0,-0.024933191146196954,-0.012354392297867015,Stage20 distance_to_state15,-0.027691040690027452,0.6746506986027944
branch_02,State_12,471,605,605,11,0,-0.024933191146196954,-0.02491679806751046,Stage20 distance_to_state15,-0.027691040690027452,0.6746506986027944
branch_02,State_12,472,605,605,11,0,-0.024933191146196954,-0.022024302741573278,Stage20 distance_to_state15,-0.027691040690027452,0.6746506986027944
branch_02,State_12,473,605,605,11,0,-0.024933191146196954,-0.037594182031647536,Stage20 distance_to_state15,-0.027691040690027452,0.6746506986027944
branch_02,State_12,474,605,605,11,0,-0.024933191146196954,-0.03005712023002806,Stage20 distance_to_state15,-0.027691040690027452,0.6746506986027944
branch_02,State_12,475,605,605,11,0,-0.024933191146196954,-0.03561771538617807,Stage20 distance_to_state15,-0.027691040690027452,0.6746506986027944
branch_02,State_12,476,605,605,11,0,-0.024933191146196954,-0.03052104434347236,Stage20 distance_to_state15,-0.027691040690027452,0.6746506986027944
branch_02,State_12,477,605,605,11,0,-0.024933191146196954,-0.027864344089206492,Stage20 distance_to_state15,-0.027691040690027452,0.6746506986027944
branch_02,State_12,478,605,605,11,0,-0.024933191146196954,-0.024832882770803283,Stage20 distance_to_state15,-0.027691040690027452,0.6746506986027944
branch_02,State_12,479,605,605,11,0,-0.024933191146196954,-0.016943309277271307,Stage20 distance_to_state15,-0.027691040690027452,0.6746506986027944
branch_02,State_12,480,605,605,11,0,-0.024933191146196954,-0.016346954990699273,Stage20 distance_to_state15,-0.027691040690027452,0.6746506986027944
branch_02,State_12,481,605,605,11,0,-0.024933191146196954,-0.03733514792322948,Stage20 distance_to_state15,-0.027691040690027452,0.6746506986027944
branch_02,State_12,482,605,605,11,0,-0.024933191146196954,-0.03589263437317079,Stage20 distance_to_state15,-0.027691040690027452,0.6746506986027944
branch_02,State_12,483,605,605,11,0,-0.024933191146196954,-0.02939617981066621,Stage20 distance_to_state15,-0.027691040690027452,0.6746506986027944
branch_02,State_12,484,605,605,11,0,-0.024933191146196954,-0.030027683003171313,Stage20 distance_to_state15,-0.027691040690027452,0.6746506986027944
branch_02,State_12,485,605,605,11,0,-0.024933191146196954,-0.02349178961899002,Stage20 distance_to_state15,-0.027691040690027452,0.6746506986027944
branch_02,State_12,486,605,605,11,0,-0.024933191146196954,-0.028355713243266228,Stage20 distance_to_state15,-0.027691040690027452,0.6746506986027944
branch_02,State_12,487,605,605,11,0,-0.024933191146196954,-0.030418110830568394,Stage20 distance_to_state15,-0.027691040690027452,0.6746506986027944
branch_02,State_12,488,605,605,11,0,-0.024933191146196954,-0.03240921686681758,Stage20 distance_to_state15,-0.027691040690027452,0.6746506986027944
branch_02,State_12,489,605,605,11,0,-0.024933191146196954,-0.021448152812554404,Stage20 distance_to_state15,-0.027691040690027452,0.6746506986027944
branch_02,State_12,490,605,605,11,0,-0.024933191146196954,-0.029463813360169844,Stage20 distance_to_state15,-0.027691040690027452,0.6746506986027944
branch_02,State_12,491,605,605,11,0,-0.024933191146196954,-0.031024550202547907,Stage20 distance_to_state15,-0.027691040690027452,0.6746506986027944
branch_02,State_12,492,605,605,11,0,-0.024933191146196954,-0.02523992232656727,Stage20 distance_to_state15,-0.027691040690027452,0.6746506986027944
branch_02,State_12,493,605,605,11,0,-0.024933191146196954,-0.016435108408349785,Stage20 distance_to_state15,-0.027691040690027452,0.6746506986027944
branch_02,State_12,494,605,605,11,0,-0.024933191146196954,-0.03488736348803887,Stage20 distance_to_state15,-0.027691040690027452,0.6746506986027944
branch_02,State_12,495,605,605,11,0,-0.024933191146196954,-0.03701510780145349,Stage20 distance_to_state15,-0.027691040690027452,0.6746506986027944
branch_02,State_12,496,605,605,11,0,-0.024933191146196954,-0.02377020909815258,Stage20 distance_to_state15,-0.027691040690027452,0.6746506986027944
branch_02,State_12,497,605,605,11,0,-0.024933191146196954,-0.029052881674771353,Stage20 distance_to_state15,-0.027691040690027452,0.6746506986027944
branch_02,State_12,498,605,605,11,0,-0.024933191146196954,-0.029879754914071507,Stage20 distance_to_state15,-0.027691040690027452,0.6746506986027944
branch_02,State_12,499,605,605,11,0,-0.024933191146196954,-0.02850635569380139,Stage20 distance_to_state15,-0.027691040690027452,0.6746506986027944
branch_03,State_20,0,756,756,12,0,0.010979480943713732,-0.0049439380050150085,Stage20 distance_to_state15,-0.009048308893809451,0.3153692614770459
branch_03,State_20,1,756,756,12,0,0.010979480943713732,-0.018241506760459398,Stage20 distance_to_state15,-0.009048308893809451,0.3153692614770459
branch_03,State_20,2,756,756,12,0,0.010979480943713732,-0.010031418297268273,Stage20 distance_to_state15,-0.009048308893809451,0.3153692614770459
branch_03,State_20,3,756,756,12,0,0.010979480943713732,-0.009907379296709429,Stage20 distance_to_state15,-0.009048308893809451,0.3153692614770459
branch_03,State_20,4,756,756,12,0,0.010979480943713732,-0.009311470508356564,Stage20 distance_to_state15,-0.009048308893809451,0.3153692614770459
branch_03,State_20,5,756,756,12,0,0.010979480943713732,-0.008143041893143676,Stage20 distance_to_state15,-0.009048308893809451,0.3153692614770459
branch_03,State_20,6,756,756,12,0,0.010979480943713732,-0.008006267166591145,Stage20 distance_to_state15,-0.009048308893809451,0.3153692614770459
branch_03,State_20,7,756,756,12,0,0.010979480943713732,-0.0005690403771606047,Stage20 distance_to_state15,-0.009048308893809451,0.3153692614770459
branch_03,State_20,8,756,756,12,0,0.010979480943713732,-0.01069168198025247,Stage20 distance_to_state15,-0.009048308893809451,0.3153692614770459
branch_03,State_20,9,756,756,12,0,0.010979480943713732,-0.006517324063283312,Stage20 distance_to_state15,-0.009048308893809451,0.3153692614770459
branch_03,State_20,10,756,756,12,0,0.010979480943713732,-0.006909233104428519,Stage20 distance_to_state15,-0.009048308893809451,0.3153692614770459
branch_03,State_20,11,756,756,12,0,0.010979480943713732,-0.014636052216321397,Stage20 distance_to_state15,-0.009048308893809451,0.3153692614770459
branch_03,State_20,12,756,756,12,0,0.010979480943713732,-0.00824274776459027,Stage20 distance_to_state15,-0.009048308893809451,0.3153692614770459
branch_03,State_20,13,756,756,12,0,0.010979480943713732,-0.010854213231184212,Stage20 distance_to_state15,-0.009048308893809451,0.3153692614770459
branch_03,State_20,14,756,756,12,0,0.010979480943713732,-0.007127170136051674,Stage20 distance_to_state15,-0.009048308893809451,0.3153692614770459
branch_03,State_20,15,756,756,12,0,0.010979480943713732,-0.003853811546597497,Stage20 distance_to_state15,-0.009048308893809451,0.3153692614770459
branch_03,State_20,16,756,756,12,0,0.010979480943713732,-0.012434322090696757,Stage20 distance_to_state15,-0.009048308893809451,0.3153692614770459
branch_03,State_20,17,756,756,12,0,0.010979480943713732,-0.007007440342023912,Stage20 distance_to_state15,-0.009048308893809451,0.3153692614770459
branch_03,State_20,18,756,756,12,0,0.010979480943713732,-0.010273555811266539,Stage20 distance_to_state15,-0.009048308893809451,0.3153692614770459
branch_03,State_20,19,756,756,12,0,0.010979480943713732,-0.00923879101774143,Stage20 distance_to_state15,-0.009048308893809451,0.3153692614770459
branch_03,State_20,20,756,756,12,0,0.010979480943713732,-0.01575640624332827,Stage20 distance_to_state15,-0.009048308893809451,0.3153692614770459
branch_03,State_20,21,756,756,12,0,0.010979480943713732,-0.007122491608807937,Stage20 distance_to_state15,-0.009048308893809451,0.3153692614770459
branch_03,State_20,22,756,756,12,0,0.010979480943713732,-0.010211215035107971,Stage20 distance_to_state15,-0.009048308893809451,0.3153692614770459
branch_03,State_20,23,756,756,12,0,0.010979480943713732,-0.004818855415979741,Stage20 distance_to_state15,-0.009048308893809451,0.3153692614770459
branch_03,State_20,24,756,756,12,0,0.010979480943713732,-0.009598088382784625,Stage20 distance_to_state15,-0.009048308893809451,0.3153692614770459
branch_03,State_20,25,756,756,12,0,0.010979480943713732,-0.00731006868486689,Stage20 distance_to_state15,-0.009048308893809451,0.3153692614770459
branch_03,State_20,26,756,756,12,0,0.010979480943713732,-0.006429873937012713,Stage20 distance_to_state15,-0.009048308893809451,0.3153692614770459
branch_03,State_20,27,756,756,12,0,0.010979480943713732,-0.011851385785194993,Stage20 distance_to_state15,-0.009048308893809451,0.3153692614770459
branch_03,State_20,28,756,756,12,0,0.010979480943713732,-0.005224356807740542,Stage20 distance_to_state15,-0.009048308893809451,0.3153692614770459
branch_03,State_20,29,756,756,12,0,0.010979480943713732,-0.018709322378758973,Stage20 distance_to_state15,-0.009048308893809451,0.3153692614770459
branch_03,State_20,30,756,756,12,0,0.010979480943713732,-0.0090517432042758,Stage20 distance_to_state15,-0.009048308893809451,0.3153692614770459
branch_03,State_20,31,756,756,12,0,0.010979480943713732,-0.007427703396388367,Stage20 distance_to_state15,-0.009048308893809451,0.3153692614770459
branch_03,State_20,32,756,756,12,0,0.010979480943713732,-0.017698392636587523,Stage20 distance_to_state15,-0.009048308893809451,0.3153692614770459
branch_03,State_20,33,756,756,12,0,0.010979480943713732,-0.01341688176967465,Stage20 distance_to_state15,-0.009048308893809451,0.3153692614770459
branch_03,State_20,34,756,756,12,0,0.010979480943713732,-0.010305824398366432,Stage20 distance_to_state15,-0.009048308893809451,0.3153692614770459
branch_03,State_20,35,756,756,12,0,0.010979480943713732,-0.0034210919259228868,Stage20 distance_to_state15,-0.009048308893809451,0.3153692614770459
branch_03,State_20,36,756,756,12,0,0.010979480943713732,-0.015750819260164455,Stage20 distance_to_state15,-0.009048308893809451,0.3153692614770459
branch_03,State_20,37,756,756,12,0,0.010979480943713732,-0.01162513927343943,Stage20 distance_to_state15,-0.009048308893809451,0.3153692614770459
branch_03,State_20,38,756,756,12,0,0.010979480943713732,-0.009485616386516757,Stage20 distance_to_state15,-0.009048308893809451,0.3153692614770459
branch_03,State_20,39,756,756,12,0,0.010979480943713732,-0.0008445648506154903,Stage20 distance_to_state15,-0.009048308893809451,0.3153692614770459
branch_03,State_20,40,756,756,12,0,0.010979480943713732,-0.013768244132699602,Stage20 distance_to_state15,-0.009048308893809451,0.3153692614770459
branch_03,State_20,41,756,756,12,0,0.010979480943713732,-0.00691573182916989,Stage20 distance_to_state15,-0.009048308893809451,0.3153692614770459
branch_03,State_20,42,756,756,12,0,0.010979480943713732,-0.01310801496642047,Stage20 distance_to_state15,-0.009048308893809451,0.3153692614770459
branch_03,State_20,43,756,756,12,0,0.010979480943713732,-0.004595531864064495,Stage20 distance_to_state15,-0.009048308893809451,0.3153692614770459
branch_03,State_20,44,756,756,12,0,0.010979480943713732,-0.009158423051217798,Stage20 distance_to_state15,-0.009048308893809451,0.3153692614770459
branch_03,State_20,45,756,756,12,0,0.010979480943713732,-0.008686668926327386,Stage20 distance_to_state15,-0.009048308893809451,0.3153692614770459
branch_03,State_20,46,756,756,12,0,0.010979480943713732,-0.01128637989159829,Stage20 distance_to_state15,-0.009048308893809451,0.3153692614770459
branch_03,State_20,47,756,756,12,0,0.010979480943713732,-0.012341352614413695,Stage20 distance_to_state15,-0.009048308893809451,0.3153692614770459
branch_03,State_20,48,756,756,12,0,0.010979480943713732,-0.010167889073890626,Stage20 distance_to_state15,-0.009048308893809451,0.3153692614770459
branch_03,State_20,49,756,756,12,0,0.010979480943713732,-0.006074489839644685,Stage20 distance_to_state15,-0.009048308893809451,0.3153692614770459
branch_03,State_20,50,756,756,12,0,0.010979480943713732,-0.016322131851111473,Stage20 distance_to_state15,-0.009048308893809451,0.3153692614770459
branch_03,State_20,51,756,756,12,0,0.010979480943713732,-0.009121461826108556,Stage20 distance_to_state15,-0.009048308893809451,0.3153692614770459
branch_03,State_20,52,756,756,12,0,0.010979480943713732,-0.007114689332169923,Stage20 distance_to_state15,-0.009048308893809451,0.3153692614770459
branch_03,State_20,53,756,756,12,0,0.010979480943713732,-0.007945306733050517,Stage20 distance_to_state15,-0.009048308893809451,0.3153692614770459
branch_03,State_20,54,756,756,12,0,0.010979480943713732,-0.008879660086979112,Stage20 distance_to_state15,-0.009048308893809451,0.3153692614770459
branch_03,State_20,55,756,756,12,0,0.010979480943713732,-0.00695384095649295,Stage20 distance_to_state15,-0.009048308893809451,0.3153692614770459
branch_03,State_20,56,756,756,12,0,0.010979480943713732,-0.009548096365334949,Stage20 distance_to_state15,-0.009048308893809451,0.3153692614770459
branch_03,State_20,57,756,756,12,0,0.010979480943713732,-0.013965156742215344,Stage20 distance_to_state15,-0.009048308893809451,0.3153692614770459
branch_03,State_20,58,756,756,12,0,0.010979480943713732,-0.012089350134450973,Stage20 distance_to_state15,-0.009048308893809451,0.3153692614770459
branch_03,State_20,59,756,756,12,0,0.010979480943713732,-0.0143008769537483,Stage20 distance_to_state15,-0.009048308893809451,0.3153692614770459
branch_03,State_20,60,756,756,12,0,0.010979480943713732,-0.001977988993659807,Stage20 distance_to_state15,-0.009048308893809451,0.3153692614770459
branch_03,State_20,61,756,756,12,0,0.010979480943713732,-0.0124227165538214,Stage20 distance_to_state15,-0.009048308893809451,0.3153692614770459
branch_03,State_20,62,756,756,12,0,0.010979480943713732,-0.0037508562641508244,Stage20 distance_to_state15,-0.009048308893809451,0.3153692614770459
branch_03,State_20,63,756,756,12,0,0.010979480943713732,-0.004691458551063224,Stage20 distance_to_state15,-0.009048308893809451,0.3153692614770459
branch_03,State_20,64,756,756,12,0,0.010979480943713732,-0.00933883217393475,Stage20 distance_to_state15,-0.009048308893809451,0.3153692614770459
branch_03,State_20,65,756,756,12,0,0.010979480943713732,-0.018640086130727377,Stage20 distance_to_state15,-0.009048308893809451,0.3153692614770459
branch_03,State_20,66,756,756,12,0,0.010979480943713732,-0.011685601836674695,Stage20 distance_to_state15,-0.009048308893809451,0.3153692614770459
branch_03,State_20,67,756,756,12,0,0.010979480943713732,-0.0166097873317691,Stage20 distance_to_state15,-0.009048308893809451,0.3153692614770459
branch_03,State_20,68,756,756,12,0,0.010979480943713732,-0.0038664569616307628,Stage20 distance_to_state15,-0.009048308893809451,0.3153692614770459
branch_03,State_20,69,756,756,12,0,0.010979480943713732,-0.015283231019630842,Stage20 distance_to_state15,-0.009048308893809451,0.3153692614770459
branch_03,State_20,70,756,756,12,0,0.010979480943713732,-0.004534497183441083,Stage20 distance_to_state15,-0.009048308893809451,0.3153692614770459
branch_03,State_20,71,756,756,12,0,0.010979480943713732,-0.005249902751005089,Stage20 distance_to_state15,-0.009048308893809451,0.3153692614770459
branch_03,State_20,72,756,756,12,0,0.010979480943713732,-0.016687167176428853,Stage20 distance_to_state15,-0.009048308893809451,0.3153692614770459
branch_03,State_20,73,756,756,12,0,0.010979480943713732,-0.007083097907867453,Stage20 distance_to_state15,-0.009048308893809451,0.3153692614770459
branch_03,State_20,74,756,756,12,0,0.010979480943713732,-0.009362486033236691,Stage20 distance_to_state15,-0.009048308893809451,0.3153692614770459
branch_03,State_20,75,756,756,12,0,0.010979480943713732,-0.010930882413389475,Stage20 distance_to_state15,-0.009048308893809451,0.3153692614770459
branch_03,State_20,76,756,756,12,0,0.010979480943713732,-0.004304189972079649,Stage20 distance_to_state15,-0.009048308893809451,0.3153692614770459
branch_03,State_20,77,756,756,12,0,0.010979480943713732,-0.008791762005564788,Stage20 distance_to_state15,-0.009048308893809451,0.3153692614770459
branch_03,State_20,78,756,756,12,0,0.010979480943713732,-0.00811030167922683,Stage20 distance_to_state15,-0.009048308893809451,0.3153692614770459
branch_03,State_20,79,756,756,12,0,0.010979480943713732,-0.009333078859175161,Stage20 distance_to_state15,-0.009048308893809451,0.3153692614770459
branch_03,State_20,80,756,756,12,0,0.010979480943713732,-0.007423062248551991,Stage20 distance_to_state15,-0.009048308893809451,0.3153692614770459
branch_03,State_20,81,756,756,12,0,0.010979480943713732,-0.00650203610751188,Stage20 distance_to_state15,-0.009048308893809451,0.3153692614770459
branch_03,State_20,82,756,756,12,0,0.010979480943713732,-0.01147827640921189,Stage20 distance_to_state15,-0.009048308893809451,0.3153692614770459
branch_03,State_20,83,756,756,12,0,0.010979480943713732,-0.009027572059852001,Stage20 distance_to_state15,-0.009048308893809451,0.3153692614770459
branch_03,State_20,84,756,756,12,0,0.010979480943713732,-0.014814740143106662,Stage20 distance_to_state15,-0.009048308893809451,0.3153692614770459
branch_03,State_20,85,756,756,12,0,0.010979480943713732,-0.008307137810983543,Stage20 distance_to_state15,-0.009048308893809451,0.3153692614770459
branch_03,State_20,86,756,756,12,0,0.010979480943713732,-0.009801182815921655,Stage20 distance_to_state15,-0.009048308893809451,0.3153692614770459
branch_03,State_20,87,756,756,12,0,0.010979480943713732,-0.006942365005224781,Stage20 distance_to_state15,-0.009048308893809451,0.3153692614770459
branch_03,State_20,88,756,756,12,0,0.010979480943713732,-0.007759663745087312,Stage20 distance_to_state15,-0.009048308893809451,0.3153692614770459
branch_03,State_20,89,756,756,12,0,0.010979480943713732,-0.009027179121866886,Stage20 distance_to_state15,-0.009048308893809451,0.3153692614770459
branch_03,State_20,90,756,756,12,0,0.010979480943713732,-0.01188681240557278,Stage20 distance_to_state15,-0.009048308893809451,0.3153692614770459
branch_03,State_20,91,756,756,12,0,0.010979480943713732,-0.0058446427610177034,Stage20 distance_to_state15,-0.009048308893809451,0.3153692614770459
branch_03,State_20,92,756,756,12,0,0.010979480943713732,-0.0037976076384330353,Stage20 distance_to_state15,-0.009048308893809451,0.3153692614770459
branch_03,State_20,93,756,756,12,0,0.010979480943713732,-0.016336184850707817,Stage20 distance_to_state15,-0.009048308893809451,0.3153692614770459
branch_03,State_20,94,756,756,12,0,0.010979480943713732,-0.0059063538135413875,Stage20 distance_to_state15,-0.009048308893809451,0.3153692614770459
branch_03,State_20,95,756,756,12,0,0.010979480943713732,-0.007405026131791999,Stage20 distance_to_state15,-0.009048308893809451,0.3153692614770459
branch_03,State_20,96,756,756,12,0,0.010979480943713732,-0.009223076516164068,Stage20 distance_to_state15,-0.009048308893809451,0.3153692614770459
branch_03,State_20,97,756,756,12,0,0.010979480943713732,-0.011520404658075589,Stage20 distance_to_state15,-0.009048308893809451,0.3153692614770459
branch_03,State_20,98,756,756,12,0,0.010979480943713732,-0.0012546202015513222,Stage20 distance_to_state15,-0.009048308893809451,0.3153692614770459
branch_03,State_20,99,756,756,12,0,0.010979480943713732,-0.007158677241821765,Stage20 distance_to_state15,-0.009048308893809451,0.3153692614770459
branch_03,State_20,100,756,756,12,0,0.010979480943713732,-0.01386113468107974,Stage20 distance_to_state15,-0.009048308893809451,0.3153692614770459
branch_03,State_20,101,756,756,12,0,0.010979480943713732,-0.009442540736446115,Stage20 distance_to_state15,-0.009048308893809451,0.3153692614770459
branch_03,State_20,102,756,756,12,0,0.010979480943713732,-0.012363235435323902,Stage20 distance_to_state15,-0.009048308893809451,0.3153692614770459
branch_03,State_20,103,756,756,12,0,0.010979480943713732,-0.004018104980555475,Stage20 distance_to_state15,-0.009048308893809451,0.3153692614770459
branch_03,State_20,104,756,756,12,0,0.010979480943713732,-0.006198844725286694,Stage20 distance_to_state15,-0.009048308893809451,0.3153692614770459
branch_03,State_20,105,756,756,12,0,0.010979480943713732,-0.008202606186318441,Stage20 distance_to_state15,-0.009048308893809451,0.3153692614770459
branch_03,State_20,106,756,756,12,0,0.010979480943713732,-0.002041310874364653,Stage20 distance_to_state15,-0.009048308893809451,0.3153692614770459
branch_03,State_20,107,756,756,12,0,0.010979480943713732,-0.01875475059521692,Stage20 distance_to_state15,-0.009048308893809451,0.3153692614770459
branch_03,State_20,108,756,756,12,0,0.010979480943713732,-0.006312552974723332,Stage20 distance_to_state15,-0.009048308893809451,0.3153692614770459
branch_03,State_20,109,756,756,12,0,0.010979480943713732,-0.002276525922581844,Stage20 distance_to_state15,-0.009048308893809451,0.3153692614770459
branch_03,State_20,110,756,756,12,0,0.010979480943713732,-0.008006040422392833,Stage20 distance_to_state15,-0.009048308893809451,0.3153692614770459
branch_03,State_20,111,756,756,12,0,0.010979480943713732,-0.0049871609746753075,Stage20 distance_to_state15,-0.009048308893809451,0.3153692614770459
branch_03,State_20,112,756,756,12,0,0.010979480943713732,-0.009698716328408467,Stage20 distance_to_state15,-0.009048308893809451,0.3153692614770459
branch_03,State_20,113,756,756,12,0,0.010979480943713732,-0.010586995602621701,Stage20 distance_to_state15,-0.009048308893809451,0.3153692614770459
branch_03,State_20,114,756,756,12,0,0.010979480943713732,-0.015610456957452045,Stage20 distance_to_state15,-0.009048308893809451,0.3153692614770459
branch_03,State_20,115,756,756,12,0,0.010979480943713732,-0.008549734791277101,Stage20 distance_to_state15,-0.009048308893809451,0.3153692614770459
branch_03,State_20,116,756,756,12,0,0.010979480943713732,-0.005247709528831073,Stage20 distance_to_state15,-0.009048308893809451,0.3153692614770459
branch_03,State_20,117,756,756,12,0,0.010979480943713732,-0.005831440551440422,Stage20 distance_to_state15,-0.009048308893809451,0.3153692614770459
branch_03,State_20,118,756,756,12,0,0.010979480943713732,-0.007776019613508336,Stage20 distance_to_state15,-0.009048308893809451,0.3153692614770459
branch_03,State_20,119,756,756,12,0,0.010979480943713732,-0.008251127864521238,Stage20 distance_to_state15,-0.009048308893809451,0.3153692614770459
branch_03,State_20,120,756,756,12,0,0.010979480943713732,-0.006546511176864757,Stage20 distance_to_state15,-0.009048308893809451,0.3153692614770459
branch_03,State_20,121,756,756,12,0,0.010979480943713732,-0.011599746126054137,Stage20 distance_to_state15,-0.009048308893809451,0.3153692614770459
branch_03,State_20,122,756,756,12,0,0.010979480943713732,-0.010449767651720303,Stage20 distance_to_state15,-0.009048308893809451,0.3153692614770459
branch_03,State_20,123,756,756,12,0,0.010979480943713732,-0.007140899628382513,Stage20 distance_to_state15,-0.009048308893809451,0.3153692614770459
branch_03,State_20,124,756,756,12,0,0.010979480943713732,-0.00937854989203427,Stage20 distance_to_state15,-0.009048308893809451,0.3153692614770459
branch_03,State_20,125,756,756,12,0,0.010979480943713732,-0.009996260589500662,Stage20 distance_to_state15,-0.009048308893809451,0.3153692614770459
branch_03,State_20,126,756,756,12,0,0.010979480943713732,-0.004979927552430219,Stage20 distance_to_state15,-0.009048308893809451,0.3153692614770459
branch_03,State_20,127,756,756,12,0,0.010979480943713732,-0.010121304836135393,Stage20 distance_to_state15,-0.009048308893809451,0.3153692614770459
branch_03,State_20,128,756,756,12,0,0.010979480943713732,-0.015151318303010015,Stage20 distance_to_state15,-0.009048308893809451,0.3153692614770459
branch_03,State_20,129,756,756,12,0,0.010979480943713732,-0.003664246370862663,Stage20 distance_to_state15,-0.009048308893809451,0.3153692614770459
branch_03,State_20,130,756,756,12,0,0.010979480943713732,-0.002941943156522837,Stage20 distance_to_state15,-0.009048308893809451,0.3153692614770459
branch_03,State_20,131,756,756,12,0,0.010979480943713732,-0.0092110580938223,Stage20 distance_to_state15,-0.009048308893809451,0.3153692614770459
branch_03,State_20,132,756,756,12,0,0.010979480943713732,-0.004940187846033593,Stage20 distance_to_state15,-0.009048308893809451,0.3153692614770459
branch_03,State_20,133,756,756,12,0,0.010979480943713732,-0.004301773708456191,Stage20 distance_to_state15,-0.009048308893809451,0.3153692614770459
branch_03,State_20,134,756,756,12,0,0.010979480943713732,-0.010959360926813074,Stage20 distance_to_state15,-0.009048308893809451,0.3153692614770459
branch_03,State_20,135,756,756,12,0,0.010979480943713732,-0.017638159559995415,Stage20 distance_to_state15,-0.009048308893809451,0.3153692614770459
branch_03,State_20,136,756,756,12,0,0.010979480943713732,-0.011125891307980591,Stage20 distance_to_state15,-0.009048308893809451,0.3153692614770459
branch_03,State_20,137,756,756,12,0,0.010979480943713732,-0.01058177425963423,Stage20 distance_to_state15,-0.009048308893809451,0.3153692614770459
branch_03,State_20,138,756,756,12,0,0.010979480943713732,-0.016981243468830513,Stage20 distance_to_state15,-0.009048308893809451,0.3153692614770459
branch_03,State_20,139,756,756,12,0,0.010979480943713732,-0.007698572721177524,Stage20 distance_to_state15,-0.009048308893809451,0.3153692614770459
branch_03,State_20,140,756,756,12,0,0.010979480943713732,-0.003671575283359322,Stage20 distance_to_state15,-0.009048308893809451,0.3153692614770459
branch_03,State_20,141,756,756,12,0,0.010979480943713732,-0.011499469886943482,Stage20 distance_to_state15,-0.009048308893809451,0.3153692614770459
branch_03,State_20,142,756,756,12,0,0.010979480943713732,-0.011731913090777764,Stage20 distance_to_state15,-0.009048308893809451,0.3153692614770459
branch_03,State_20,143,756,756,12,0,0.010979480943713732,-0.005139047176551998,Stage20 distance_to_state15,-0.009048308893809451,0.3153692614770459
branch_03,State_20,144,756,756,12,0,0.010979480943713732,-0.010813420695556306,Stage20 distance_to_state15,-0.009048308893809451,0.3153692614770459
branch_03,State_20,145,756,756,12,0,0.010979480943713732,-0.0005824572941876029,Stage20 distance_to_state15,-0.009048308893809451,0.3153692614770459
branch_03,State_20,146,756,756,12,0,0.010979480943713732,-0.0020622250673070445,Stage20 distance_to_state15,-0.009048308893809451,0.3153692614770459
branch_03,State_20,147,756,756,12,0,0.010979480943713732,-0.007954449361228579,Stage20 distance_to_state15,-0.009048308893809451,0.3153692614770459
branch_03,State_20,148,756,756,12,0,0.010979480943713732,-0.006136538563565533,Stage20 distance_to_state15,-0.009048308893809451,0.3153692614770459
branch_03,State_20,149,756,756,12,0,0.010979480943713732,-0.005311295542005072,Stage20 distance_to_state15,-0.009048308893809451,0.3153692614770459
branch_03,State_20,150,756,756,12,0,0.010979480943713732,-0.005478329286033971,Stage20 distance_to_state15,-0.009048308893809451,0.3153692614770459
branch_03,State_20,151,756,756,12,0,0.010979480943713732,-0.007033692954177623,Stage20 distance_to_state15,-0.009048308893809451,0.3153692614770459
branch_03,State_20,152,756,756,12,0,0.010979480943713732,-0.013042970429550884,Stage20 distance_to_state15,-0.009048308893809451,0.3153692614770459
branch_03,State_20,153,756,756,12,0,0.010979480943713732,-0.0049290361796251805,Stage20 distance_to_state15,-0.009048308893809451,0.3153692614770459
branch_03,State_20,154,756,756,12,0,0.010979480943713732,-0.004266474309653027,Stage20 distance_to_state15,-0.009048308893809451,0.3153692614770459
branch_03,State_20,155,756,756,12,0,0.010979480943713732,-0.01041140944412839,Stage20 distance_to_state15,-0.009048308893809451,0.3153692614770459
branch_03,State_20,156,756,756,12,0,0.010979480943713732,-0.00892142018936214,Stage20 distance_to_state15,-0.009048308893809451,0.3153692614770459
branch_03,State_20,157,756,756,12,0,0.010979480943713732,-0.023797734313747786,Stage20 distance_to_state15,-0.009048308893809451,0.3153692614770459
branch_03,State_20,158,756,756,12,0,0.010979480943713732,-0.008581013351354524,Stage20 distance_to_state15,-0.009048308893809451,0.3153692614770459
branch_03,State_20,159,756,756,12,0,0.010979480943713732,-0.009426705378150992,Stage20 distance_to_state15,-0.009048308893809451,0.3153692614770459
branch_03,State_20,160,756,756,12,0,0.010979480943713732,-0.011935332081761858,Stage20 distance_to_state15,-0.009048308893809451,0.3153692614770459
branch_03,State_20,161,756,756,12,0,0.010979480943713732,-0.011712502875859256,Stage20 distance_to_state15,-0.009048308893809451,0.3153692614770459
branch_03,State_20,162,756,756,12,0,0.010979480943713732,-0.012894813802642582,Stage20 distance_to_state15,-0.009048308893809451,0.3153692614770459
branch_03,State_20,163,756,756,12,0,0.010979480943713732,-0.01141768853023001,Stage20 distance_to_state15,-0.009048308893809451,0.3153692614770459
branch_03,State_20,164,756,756,12,0,0.010979480943713732,-0.008921574325710915,Stage20 distance_to_state15,-0.009048308893809451,0.3153692614770459
branch_03,State_20,165,756,756,12,0,0.010979480943713732,-0.006992776089873032,Stage20 distance_to_state15,-0.009048308893809451,0.3153692614770459
branch_03,State_20,166,756,756,12,0,0.010979480943713732,-0.012252702925486938,Stage20 distance_to_state15,-0.009048308893809451,0.3153692614770459
branch_03,State_20,167,756,756,12,0,0.010979480943713732,-0.004529698792347001,Stage20 distance_to_state15,-0.009048308893809451,0.3153692614770459
branch_03,State_20,168,756,756,12,0,0.010979480943713732,-0.006166234032142755,Stage20 distance_to_state15,-0.009048308893809451,0.3153692614770459
branch_03,State_20,169,756,756,12,0,0.010979480943713732,-0.012510612769456796,Stage20 distance_to_state15,-0.009048308893809451,0.3153692614770459
branch_03,State_20,170,756,756,12,0,0.010979480943713732,-0.009366360911338741,Stage20 distance_to_state15,-0.009048308893809451,0.3153692614770459
branch_03,State_20,171,756,756,12,0,0.010979480943713732,-0.014329896037171452,Stage20 distance_to_state15,-0.009048308893809451,0.3153692614770459
branch_03,State_20,172,756,756,12,0,0.010979480943713732,-0.003879171868841784,Stage20 distance_to_state15,-0.009048308893809451,0.3153692614770459
branch_03,State_20,173,756,756,12,0,0.010979480943713732,-0.012869828855400204,Stage20 distance_to_state15,-0.009048308893809451,0.3153692614770459
branch_03,State_20,174,756,756,12,0,0.010979480943713732,-0.007114851676289105,Stage20 distance_to_state15,-0.009048308893809451,0.3153692614770459
branch_03,State_20,175,756,756,12,0,0.010979480943713732,-0.011439014599032675,Stage20 distance_to_state15,-0.009048308893809451,0.3153692614770459
branch_03,State_20,176,756,756,12,0,0.010979480943713732,-0.012353270202732391,Stage20 distance_to_state15,-0.009048308893809451,0.3153692614770459
branch_03,State_20,177,756,756,12,0,0.010979480943713732,-0.010268732394207676,Stage20 distance_to_state15,-0.009048308893809451,0.3153692614770459
branch_03,State_20,178,756,756,12,0,0.010979480943713732,-0.0026364065691250656,Stage20 distance_to_state15,-0.009048308893809451,0.3153692614770459
branch_03,State_20,179,756,756,12,0,0.010979480943713732,-0.008311525743159189,Stage20 distance_to_state15,-0.009048308893809451,0.3153692614770459
branch_03,State_20,180,756,756,12,0,0.010979480943713732,-0.008748516700209878,Stage20 distance_to_state15,-0.009048308893809451,0.3153692614770459
branch_03,State_20,181,756,756,12,0,0.010979480943713732,-0.011492660676356289,Stage20 distance_to_state15,-0.009048308893809451,0.3153692614770459
branch_03,State_20,182,756,756,12,0,0.010979480943713732,-0.011419946150111935,Stage20 distance_to_state15,-0.009048308893809451,0.3153692614770459
branch_03,State_20,183,756,756,12,0,0.010979480943713732,-0.008453531827617827,Stage20 distance_to_state15,-0.009048308893809451,0.3153692614770459
branch_03,State_20,184,756,756,12,0,0.010979480943713732,-0.012261284655357526,Stage20 distance_to_state15,-0.009048308893809451,0.3153692614770459
branch_03,State_20,185,756,756,12,0,0.010979480943713732,-0.00051699712002478,Stage20 distance_to_state15,-0.009048308893809451,0.3153692614770459
branch_03,State_20,186,756,756,12,0,0.010979480943713732,-0.009953937646837748,Stage20 distance_to_state15,-0.009048308893809451,0.3153692614770459
branch_03,State_20,187,756,756,12,0,0.010979480943713732,-0.0146864430650874,Stage20 distance_to_state15,-0.009048308893809451,0.3153692614770459
branch_03,State_20,188,756,756,12,0,0.010979480943713732,-0.008352601881084222,Stage20 distance_to_state15,-0.009048308893809451,0.3153692614770459
branch_03,State_20,189,756,756,12,0,0.010979480943713732,-0.01784739841691114,Stage20 distance_to_state15,-0.009048308893809451,0.3153692614770459
branch_03,State_20,190,756,756,12,0,0.010979480943713732,-0.00848203799402828,Stage20 distance_to_state15,-0.009048308893809451,0.3153692614770459
branch_03,State_20,191,756,756,12,0,0.010979480943713732,-0.009055575176558823,Stage20 distance_to_state15,-0.009048308893809451,0.3153692614770459
branch_03,State_20,192,756,756,12,0,0.010979480943713732,-0.0188868904101972,Stage20 distance_to_state15,-0.009048308893809451,0.3153692614770459
branch_03,State_20,193,756,756,12,0,0.010979480943713732,-0.014797130801983867,Stage20 distance_to_state15,-0.009048308893809451,0.3153692614770459
branch_03,State_20,194,756,756,12,0,0.010979480943713732,-0.000745340457616454,Stage20 distance_to_state15,-0.009048308893809451,0.3153692614770459
branch_03,State_20,195,756,756,12,0,0.010979480943713732,-0.009524600252264372,Stage20 distance_to_state15,-0.009048308893809451,0.3153692614770459
branch_03,State_20,196,756,756,12,0,0.010979480943713732,-0.012906458468977025,Stage20 distance_to_state15,-0.009048308893809451,0.3153692614770459
branch_03,State_20,197,756,756,12,0,0.010979480943713732,-0.012876671682198469,Stage20 distance_to_state15,-0.009048308893809451,0.3153692614770459
branch_03,State_20,198,756,756,12,0,0.010979480943713732,-0.012753818008515654,Stage20 distance_to_state15,-0.009048308893809451,0.3153692614770459
branch_03,State_20,199,756,756,12,0,0.010979480943713732,-0.010551674849082985,Stage20 distance_to_state15,-0.009048308893809451,0.3153692614770459
branch_03,State_20,200,756,756,12,0,0.010979480943713732,-0.002032374220030605,Stage20 distance_to_state15,-0.009048308893809451,0.3153692614770459
branch_03,State_20,201,756,756,12,0,0.010979480943713732,-0.00775882642827252,Stage20 distance_to_state15,-0.009048308893809451,0.3153692614770459
branch_03,State_20,202,756,756,12,0,0.010979480943713732,-0.012512567699917803,Stage20 distance_to_state15,-0.009048308893809451,0.3153692614770459
branch_03,State_20,203,756,756,12,0,0.010979480943713732,-0.0078317075225252,Stage20 distance_to_state15,-0.009048308893809451,0.3153692614770459
branch_03,State_20,204,756,756,12,0,0.010979480943713732,-0.012396317238051983,Stage20 distance_to_state15,-0.009048308893809451,0.3153692614770459
branch_03,State_20,205,756,756,12,0,0.010979480943713732,-0.005607497903124767,Stage20 distance_to_state15,-0.009048308893809451,0.3153692614770459
branch_03,State_20,206,756,756,12,0,0.010979480943713732,-0.0029154072566395153,Stage20 distance_to_state15,-0.009048308893809451,0.3153692614770459
branch_03,State_20,207,756,756,12,0,0.010979480943713732,-0.012461484093623933,Stage20 distance_to_state15,-0.009048308893809451,0.3153692614770459
branch_03,State_20,208,756,756,12,0,0.010979480943713732,-0.011654341004812423,Stage20 distance_to_state15,-0.009048308893809451,0.3153692614770459
branch_03,State_20,209,756,756,12,0,0.010979480943713732,-0.010462267309415206,Stage20 distance_to_state15,-0.009048308893809451,0.3153692614770459
branch_03,State_20,210,756,756,12,0,0.010979480943713732,-0.006769889007347661,Stage20 distance_to_state15,-0.009048308893809451,0.3153692614770459
branch_03,State_20,211,756,756,12,0,0.010979480943713732,-0.007702529966364663,Stage20 distance_to_state15,-0.009048308893809451,0.3153692614770459
branch_03,State_20,212,756,756,12,0,0.010979480943713732,-0.010041798122748547,Stage20 distance_to_state15,-0.009048308893809451,0.3153692614770459
branch_03,State_20,213,756,756,12,0,0.010979480943713732,-0.006005567494843589,Stage20 distance_to_state15,-0.009048308893809451,0.3153692614770459
branch_03,State_20,214,756,756,12,0,0.010979480943713732,-0.01077225670725377,Stage20 distance_to_state15,-0.009048308893809451,0.3153692614770459
branch_03,State_20,215,756,756,12,0,0.010979480943713732,-0.00608772707057897,Stage20 distance_to_state15,-0.009048308893809451,0.3153692614770459
branch_03,State_20,216,756,756,12,0,0.010979480943713732,-0.0006491549861589035,Stage20 distance_to_state15,-0.009048308893809451,0.3153692614770459
branch_03,State_20,217,756,756,12,0,0.010979480943713732,-0.004160679622226057,Stage20 distance_to_state15,-0.009048308893809451,0.3153692614770459
branch_03,State_20,218,756,756,12,0,0.010979480943713732,-0.009455436954256045,Stage20 distance_to_state15,-0.009048308893809451,0.3153692614770459
branch_03,State_20,219,756,756,12,0,0.010979480943713732,-0.016124030653665706,Stage20 distance_to_state15,-0.009048308893809451,0.3153692614770459
branch_03,State_20,220,756,756,12,0,0.010979480943713732,-0.011048685262693241,Stage20 distance_to_state15,-0.009048308893809451,0.3153692614770459
branch_03,State_20,221,756,756,12,0,0.010979480943713732,0.0005548570935987006,Stage20 distance_to_state15,-0.009048308893809451,0.3153692614770459
branch_03,State_20,222,756,756,12,0,0.010979480943713732,-0.0065803058387444244,Stage20 distance_to_state15,-0.009048308893809451,0.3153692614770459
branch_03,State_20,223,756,756,12,0,0.010979480943713732,-0.00919845153476959,Stage20 distance_to_state15,-0.009048308893809451,0.3153692614770459
branch_03,State_20,224,756,756,12,0,0.010979480943713732,-0.005410248819429635,Stage20 distance_to_state15,-0.009048308893809451,0.3153692614770459
branch_03,State_20,225,756,756,12,0,0.010979480943713732,-0.008377378790902404,Stage20 distance_to_state15,-0.009048308893809451,0.3153692614770459
branch_03,State_20,226,756,756,12,0,0.010979480943713732,-0.011617931285970582,Stage20 distance_to_state15,-0.009048308893809451,0.3153692614770459
branch_03,State_20,227,756,756,12,0,0.010979480943713732,-0.007652371251781842,Stage20 distance_to_state15,-0.009048308893809451,0.3153692614770459
branch_03,State_20,228,756,756,12,0,0.010979480943713732,-0.008707620258212728,Stage20 distance_to_state15,-0.009048308893809451,0.3153692614770459
branch_03,State_20,229,756,756,12,0,0.010979480943713732,-0.01220852388248696,Stage20 distance_to_state15,-0.009048308893809451,0.3153692614770459
branch_03,State_20,230,756,756,12,0,0.010979480943713732,-0.011394872453124635,Stage20 distance_to_state15,-0.009048308893809451,0.3153692614770459
branch_03,State_20,231,756,756,12,0,0.010979480943713732,-0.004490559913349907,Stage20 distance_to_state15,-0.009048308893809451,0.3153692614770459
branch_03,State_20,232,756,756,12,0,0.010979480943713732,-0.016186296842620462,Stage20 distance_to_state15,-0.009048308893809451,0.3153692614770459
branch_03,State_20,233,756,756,12,0,0.010979480943713732,-0.008776572130282524,Stage20 distance_to_state15,-0.009048308893809451,0.3153692614770459
branch_03,State_20,234,756,756,12,0,0.010979480943713732,-0.00610995137980688,Stage20 distance_to_state15,-0.009048308893809451,0.3153692614770459
branch_03,State_20,235,756,756,12,0,0.010979480943713732,-0.013827449263387038,Stage20 distance_to_state15,-0.009048308893809451,0.3153692614770459
branch_03,State_20,236,756,756,12,0,0.010979480943713732,-0.00850490292255399,Stage20 distance_to_state15,-0.009048308893809451,0.3153692614770459
branch_03,State_20,237,756,756,12,0,0.010979480943713732,-0.016521472214045586,Stage20 distance_to_state15,-0.009048308893809451,0.3153692614770459
branch_03,State_20,238,756,756,12,0,0.010979480943713732,-0.008113210876535586,Stage20 distance_to_state15,-0.009048308893809451,0.3153692614770459
branch_03,State_20,239,756,756,12,0,0.010979480943713732,-0.022899456453406884,Stage20 distance_to_state15,-0.009048308893809451,0.3153692614770459
branch_03,State_20,240,756,756,12,0,0.010979480943713732,-0.00961640945095262,Stage20 distance_to_state15,-0.009048308893809451,0.3153692614770459
branch_03,State_20,241,756,756,12,0,0.010979480943713732,-0.007945011830757926,Stage20 distance_to_state15,-0.009048308893809451,0.3153692614770459
branch_03,State_20,242,756,756,12,0,0.010979480943713732,-0.013026326737399275,Stage20 distance_to_state15,-0.009048308893809451,0.3153692614770459
branch_03,State_20,243,756,756,12,0,0.010979480943713732,-0.014145878892451804,Stage20 distance_to_state15,-0.009048308893809451,0.3153692614770459
branch_03,State_20,244,756,756,12,0,0.010979480943713732,-0.006989338842031748,Stage20 distance_to_state15,-0.009048308893809451,0.3153692614770459
branch_03,State_20,245,756,756,12,0,0.010979480943713732,-0.010524088669364173,Stage20 distance_to_state15,-0.009048308893809451,0.3153692614770459
branch_03,State_20,246,756,756,12,0,0.010979480943713732,-0.01033690505473495,Stage20 distance_to_state15,-0.009048308893809451,0.3153692614770459
branch_03,State_20,247,756,756,12,0,0.010979480943713732,-0.01278154660622556,Stage20 distance_to_state15,-0.009048308893809451,0.3153692614770459
branch_03,State_20,248,756,756,12,0,0.010979480943713732,-0.00431928718156451,Stage20 distance_to_state15,-0.009048308893809451,0.3153692614770459
branch_03,State_20,249,756,756,12,0,0.010979480943713732,-0.008669655616696567,Stage20 distance_to_state15,-0.009048308893809451,0.3153692614770459
branch_03,State_20,250,756,756,12,0,0.010979480943713732,-0.010975111817382113,Stage20 distance_to_state15,-0.009048308893809451,0.3153692614770459
branch_03,State_20,251,756,756,12,0,0.010979480943713732,-0.010020650921033386,Stage20 distance_to_state15,-0.009048308893809451,0.3153692614770459
branch_03,State_20,252,756,756,12,0,0.010979480943713732,-0.017668399669202854,Stage20 distance_to_state15,-0.009048308893809451,0.3153692614770459
branch_03,State_20,253,756,756,12,0,0.010979480943713732,-0.013457503256573387,Stage20 distance_to_state15,-0.009048308893809451,0.3153692614770459
branch_03,State_20,254,756,756,12,0,0.010979480943713732,-0.00538056028836412,Stage20 distance_to_state15,-0.009048308893809451,0.3153692614770459
branch_03,State_20,255,756,756,12,0,0.010979480943713732,-0.014422987343313404,Stage20 distance_to_state15,-0.009048308893809451,0.3153692614770459
branch_03,State_20,256,756,756,12,0,0.010979480943713732,-0.012802861530829202,Stage20 distance_to_state15,-0.009048308893809451,0.3153692614770459
branch_03,State_20,257,756,756,12,0,0.010979480943713732,-0.008226661730057832,Stage20 distance_to_state15,-0.009048308893809451,0.3153692614770459
branch_03,State_20,258,756,756,12,0,0.010979480943713732,-0.011026588784090402,Stage20 distance_to_state15,-0.009048308893809451,0.3153692614770459
branch_03,State_20,259,756,756,12,0,0.010979480943713732,-0.008172405461782953,Stage20 distance_to_state15,-0.009048308893809451,0.3153692614770459
branch_03,State_20,260,756,756,12,0,0.010979480943713732,-0.00929175020244457,Stage20 distance_to_state15,-0.009048308893809451,0.3153692614770459
branch_03,State_20,261,756,756,12,0,0.010979480943713732,-0.010679679731357639,Stage20 distance_to_state15,-0.009048308893809451,0.3153692614770459
branch_03,State_20,262,756,756,12,0,0.010979480943713732,-0.01212605855029463,Stage20 distance_to_state15,-0.009048308893809451,0.3153692614770459
branch_03,State_20,263,756,756,12,0,0.010979480943713732,-0.009097395996311,Stage20 distance_to_state15,-0.009048308893809451,0.3153692614770459
branch_03,State_20,264,756,756,12,0,0.010979480943713732,-0.01370377626071293,Stage20 distance_to_state15,-0.009048308893809451,0.3153692614770459
branch_03,State_20,265,756,756,12,0,0.010979480943713732,-0.006986329240740722,Stage20 distance_to_state15,-0.009048308893809451,0.3153692614770459
branch_03,State_20,266,756,756,12,0,0.010979480943713732,-0.005392058772006263,Stage20 distance_to_state15,-0.009048308893809451,0.3153692614770459
branch_03,State_20,267,756,756,12,0,0.010979480943713732,-0.009518514120507833,Stage20 distance_to_state15,-0.009048308893809451,0.3153692614770459
branch_03,State_20,268,756,756,12,0,0.010979480943713732,-0.008174290948393372,Stage20 distance_to_state15,-0.009048308893809451,0.3153692614770459
branch_03,State_20,269,756,756,12,0,0.010979480943713732,-0.011129207899376627,Stage20 distance_to_state15,-0.009048308893809451,0.3153692614770459
branch_03,State_20,270,756,756,12,0,0.010979480943713732,-0.01764073178977702,Stage20 distance_to_state15,-0.009048308893809451,0.3153692614770459
branch_03,State_20,271,756,756,12,0,0.010979480943713732,-0.004811519929588108,Stage20 distance_to_state15,-0.009048308893809451,0.3153692614770459
branch_03,State_20,272,756,756,12,0,0.010979480943713732,-0.011192890351600593,Stage20 distance_to_state15,-0.009048308893809451,0.3153692614770459
branch_03,State_20,273,756,756,12,0,0.010979480943713732,-0.005984146856014711,Stage20 distance_to_state15,-0.009048308893809451,0.3153692614770459
branch_03,State_20,274,756,756,12,0,0.010979480943713732,-0.010995919795124577,Stage20 distance_to_state15,-0.009048308893809451,0.3153692614770459
branch_03,State_20,275,756,756,12,0,0.010979480943713732,-0.007012104694410732,Stage20 distance_to_state15,-0.009048308893809451,0.3153692614770459
branch_03,State_20,276,756,756,12,0,0.010979480943713732,-0.008410481531260486,Stage20 distance_to_state15,-0.009048308893809451,0.3153692614770459
branch_03,State_20,277,756,756,12,0,0.010979480943713732,-0.010019437369452234,Stage20 distance_to_state15,-0.009048308893809451,0.3153692614770459
branch_03,State_20,278,756,756,12,0,0.010979480943713732,-0.003229384540276211,Stage20 distance_to_state15,-0.009048308893809451,0.3153692614770459
branch_03,State_20,279,756,756,12,0,0.010979480943713732,-0.007877496254062933,Stage20 distance_to_state15,-0.009048308893809451,0.3153692614770459
branch_03,State_20,280,756,756,12,0,0.010979480943713732,-0.017624716531360426,Stage20 distance_to_state15,-0.009048308893809451,0.3153692614770459
branch_03,State_20,281,756,756,12,0,0.010979480943713732,-0.01310476809960007,Stage20 distance_to_state15,-0.009048308893809451,0.3153692614770459
branch_03,State_20,282,756,756,12,0,0.010979480943713732,-0.012653269299073408,Stage20 distance_to_state15,-0.009048308893809451,0.3153692614770459
branch_03,State_20,283,756,756,12,0,0.010979480943713732,-0.007405905017608858,Stage20 distance_to_state15,-0.009048308893809451,0.3153692614770459
branch_03,State_20,284,756,756,12,0,0.010979480943713732,-0.018700699317655636,Stage20 distance_to_state15,-0.009048308893809451,0.3153692614770459
branch_03,State_20,285,756,756,12,0,0.010979480943713732,-0.005325433696198653,Stage20 distance_to_state15,-0.009048308893809451,0.3153692614770459
branch_03,State_20,286,756,756,12,0,0.010979480943713732,-0.013822338108764508,Stage20 distance_to_state15,-0.009048308893809451,0.3153692614770459
branch_03,State_20,287,756,756,12,0,0.010979480943713732,-0.008799233807293414,Stage20 distance_to_state15,-0.009048308893809451,0.3153692614770459
branch_03,State_20,288,756,756,12,0,0.010979480943713732,-0.0008874989328250971,Stage20 distance_to_state15,-0.009048308893809451,0.3153692614770459
branch_03,State_20,289,756,756,12,0,0.010979480943713732,-0.008641148361248597,Stage20 distance_to_state15,-0.009048308893809451,0.3153692614770459
branch_03,State_20,290,756,756,12,0,0.010979480943713732,-0.0054407561854981756,Stage20 distance_to_state15,-0.009048308893809451,0.3153692614770459
branch_03,State_20,291,756,756,12,0,0.010979480943713732,-0.01171963888892823,Stage20 distance_to_state15,-0.009048308893809451,0.3153692614770459
branch_03,State_20,292,756,756,12,0,0.010979480943713732,-0.009979083030955304,Stage20 distance_to_state15,-0.009048308893809451,0.3153692614770459
branch_03,State_20,293,756,756,12,0,0.010979480943713732,-0.011757214430150487,Stage20 distance_to_state15,-0.009048308893809451,0.3153692614770459
branch_03,State_20,294,756,756,12,0,0.010979480943713732,-0.007939955994087793,Stage20 distance_to_state15,-0.009048308893809451,0.3153692614770459
branch_03,State_20,295,756,756,12,0,0.010979480943713732,-0.006193803260370558,Stage20 distance_to_state15,-0.009048308893809451,0.3153692614770459
branch_03,State_20,296,756,756,12,0,0.010979480943713732,-0.01010886661676582,Stage20 distance_to_state15,-0.009048308893809451,0.3153692614770459
branch_03,State_20,297,756,756,12,0,0.010979480943713732,-0.00857544511687379,Stage20 distance_to_state15,-0.009048308893809451,0.3153692614770459
branch_03,State_20,298,756,756,12,0,0.010979480943713732,-0.00697206688017225,Stage20 distance_to_state15,-0.009048308893809451,0.3153692614770459
branch_03,State_20,299,756,756,12,0,0.010979480943713732,-0.014570029045212152,Stage20 distance_to_state15,-0.009048308893809451,0.3153692614770459
branch_03,State_20,300,756,756,12,0,0.010979480943713732,-0.011996078125111453,Stage20 distance_to_state15,-0.009048308893809451,0.3153692614770459
branch_03,State_20,301,756,756,12,0,0.010979480943713732,-0.0032200970536419692,Stage20 distance_to_state15,-0.009048308893809451,0.3153692614770459
branch_03,State_20,302,756,756,12,0,0.010979480943713732,-0.005716898342610223,Stage20 distance_to_state15,-0.009048308893809451,0.3153692614770459
branch_03,State_20,303,756,756,12,0,0.010979480943713732,-0.010665330037524533,Stage20 distance_to_state15,-0.009048308893809451,0.3153692614770459
branch_03,State_20,304,756,756,12,0,0.010979480943713732,-0.01684827852652326,Stage20 distance_to_state15,-0.009048308893809451,0.3153692614770459
branch_03,State_20,305,756,756,12,0,0.010979480943713732,-0.006808596141798441,Stage20 distance_to_state15,-0.009048308893809451,0.3153692614770459
branch_03,State_20,306,756,756,12,0,0.010979480943713732,-0.016234228298139735,Stage20 distance_to_state15,-0.009048308893809451,0.3153692614770459
branch_03,State_20,307,756,756,12,0,0.010979480943713732,-0.004912160930549002,Stage20 distance_to_state15,-0.009048308893809451,0.3153692614770459
branch_03,State_20,308,756,756,12,0,0.010979480943713732,-0.0062558209699710415,Stage20 distance_to_state15,-0.009048308893809451,0.3153692614770459
branch_03,State_20,309,756,756,12,0,0.010979480943713732,-0.006974145245446961,Stage20 distance_to_state15,-0.009048308893809451,0.3153692614770459
branch_03,State_20,310,756,756,12,0,0.010979480943713732,-0.008761283138604994,Stage20 distance_to_state15,-0.009048308893809451,0.3153692614770459
branch_03,State_20,311,756,756,12,0,0.010979480943713732,-0.0022004990442334622,Stage20 distance_to_state15,-0.009048308893809451,0.3153692614770459
branch_03,State_20,312,756,756,12,0,0.010979480943713732,-0.01283088794562184,Stage20 distance_to_state15,-0.009048308893809451,0.3153692614770459
branch_03,State_20,313,756,756,12,0,0.010979480943713732,-0.01489079377268704,Stage20 distance_to_state15,-0.009048308893809451,0.3153692614770459
branch_03,State_20,314,756,756,12,0,0.010979480943713732,-0.007592716017327206,Stage20 distance_to_state15,-0.009048308893809451,0.3153692614770459
branch_03,State_20,315,756,756,12,0,0.010979480943713732,-0.011762932871307197,Stage20 distance_to_state15,-0.009048308893809451,0.3153692614770459
branch_03,State_20,316,756,756,12,0,0.010979480943713732,-0.003856122191069738,Stage20 distance_to_state15,-0.009048308893809451,0.3153692614770459
branch_03,State_20,317,756,756,12,0,0.010979480943713732,-0.007318722907789331,Stage20 distance_to_state15,-0.009048308893809451,0.3153692614770459
branch_03,State_20,318,756,756,12,0,0.010979480943713732,-0.017403371376856686,Stage20 distance_to_state15,-0.009048308893809451,0.3153692614770459
branch_03,State_20,319,756,756,12,0,0.010979480943713732,-0.012596577552487716,Stage20 distance_to_state15,-0.009048308893809451,0.3153692614770459
branch_03,State_20,320,756,756,12,0,0.010979480943713732,-0.01010994430447957,Stage20 distance_to_state15,-0.009048308893809451,0.3153692614770459
branch_03,State_20,321,756,756,12,0,0.010979480943713732,-0.01092815338663727,Stage20 distance_to_state15,-0.009048308893809451,0.3153692614770459
branch_03,State_20,322,756,756,12,0,0.010979480943713732,-0.013551130326161521,Stage20 distance_to_state15,-0.009048308893809451,0.3153692614770459
branch_03,State_20,323,756,756,12,0,0.010979480943713732,-0.005322458964339269,Stage20 distance_to_state15,-0.009048308893809451,0.3153692614770459
branch_03,State_20,324,756,756,12,0,0.010979480943713732,-0.004844020995725638,Stage20 distance_to_state15,-0.009048308893809451,0.3153692614770459
branch_03,State_20,325,756,756,12,0,0.010979480943713732,-0.004059453773050506,Stage20 distance_to_state15,-0.009048308893809451,0.3153692614770459
branch_03,State_20,326,756,756,12,0,0.010979480943713732,-0.006436647609572407,Stage20 distance_to_state15,-0.009048308893809451,0.3153692614770459
branch_03,State_20,327,756,756,12,0,0.010979480943713732,-0.0077265378712610905,Stage20 distance_to_state15,-0.009048308893809451,0.3153692614770459
branch_03,State_20,328,756,756,12,0,0.010979480943713732,-0.01396379059837861,Stage20 distance_to_state15,-0.009048308893809451,0.3153692614770459
branch_03,State_20,329,756,756,12,0,0.010979480943713732,-0.009982752272017456,Stage20 distance_to_state15,-0.009048308893809451,0.3153692614770459
branch_03,State_20,330,756,756,12,0,0.010979480943713732,-0.01482965724779805,Stage20 distance_to_state15,-0.009048308893809451,0.3153692614770459
branch_03,State_20,331,756,756,12,0,0.010979480943713732,-0.006256795726052619,Stage20 distance_to_state15,-0.009048308893809451,0.3153692614770459
branch_03,State_20,332,756,756,12,0,0.010979480943713732,-0.007581423697022846,Stage20 distance_to_state15,-0.009048308893809451,0.3153692614770459
branch_03,State_20,333,756,756,12,0,0.010979480943713732,-0.010673003735295193,Stage20 distance_to_state15,-0.009048308893809451,0.3153692614770459
branch_03,State_20,334,756,756,12,0,0.010979480943713732,-0.01406391680056001,Stage20 distance_to_state15,-0.009048308893809451,0.3153692614770459
branch_03,State_20,335,756,756,12,0,0.010979480943713732,-0.007652880473084987,Stage20 distance_to_state15,-0.009048308893809451,0.3153692614770459
branch_03,State_20,336,756,756,12,0,0.010979480943713732,-0.00862633398881701,Stage20 distance_to_state15,-0.009048308893809451,0.3153692614770459
branch_03,State_20,337,756,756,12,0,0.010979480943713732,-0.010765026700279881,Stage20 distance_to_state15,-0.009048308893809451,0.3153692614770459
branch_03,State_20,338,756,756,12,0,0.010979480943713732,-0.010723777816531782,Stage20 distance_to_state15,-0.009048308893809451,0.3153692614770459
branch_03,State_20,339,756,756,12,0,0.010979480943713732,-0.012729600555287334,Stage20 distance_to_state15,-0.009048308893809451,0.3153692614770459
branch_03,State_20,340,756,756,12,0,0.010979480943713732,-0.006055591396701445,Stage20 distance_to_state15,-0.009048308893809451,0.3153692614770459
branch_03,State_20,341,756,756,12,0,0.010979480943713732,-0.00943805340187452,Stage20 distance_to_state15,-0.009048308893809451,0.3153692614770459
branch_03,State_20,342,756,756,12,0,0.010979480943713732,-0.006084173233589471,Stage20 distance_to_state15,-0.009048308893809451,0.3153692614770459
branch_03,State_20,343,756,756,12,0,0.010979480943713732,-0.006402427145576969,Stage20 distance_to_state15,-0.009048308893809451,0.3153692614770459
branch_03,State_20,344,756,756,12,0,0.010979480943713732,-0.00935078624886767,Stage20 distance_to_state15,-0.009048308893809451,0.3153692614770459
branch_03,State_20,345,756,756,12,0,0.010979480943713732,-0.008885381338538135,Stage20 distance_to_state15,-0.009048308893809451,0.3153692614770459
branch_03,State_20,346,756,756,12,0,0.010979480943713732,-0.007490732573356631,Stage20 distance_to_state15,-0.009048308893809451,0.3153692614770459
branch_03,State_20,347,756,756,12,0,0.010979480943713732,-0.005560205155673795,Stage20 distance_to_state15,-0.009048308893809451,0.3153692614770459
branch_03,State_20,348,756,756,12,0,0.010979480943713732,-0.011971769031884447,Stage20 distance_to_state15,-0.009048308893809451,0.3153692614770459
branch_03,State_20,349,756,756,12,0,0.010979480943713732,-0.006777521581808202,Stage20 distance_to_state15,-0.009048308893809451,0.3153692614770459
branch_03,State_20,350,756,756,12,0,0.010979480943713732,-0.00960965494914748,Stage20 distance_to_state15,-0.009048308893809451,0.3153692614770459
branch_03,State_20,351,756,756,12,0,0.010979480943713732,-0.016615641521321924,Stage20 distance_to_state15,-0.009048308893809451,0.3153692614770459
branch_03,State_20,352,756,756,12,0,0.010979480943713732,-0.012395572519183605,Stage20 distance_to_state15,-0.009048308893809451,0.3153692614770459
branch_03,State_20,353,756,756,12,0,0.010979480943713732,-0.006239912994340772,Stage20 distance_to_state15,-0.009048308893809451,0.3153692614770459
branch_03,State_20,354,756,756,12,0,0.010979480943713732,-0.008298854709598688,Stage20 distance_to_state15,-0.009048308893809451,0.3153692614770459
branch_03,State_20,355,756,756,12,0,0.010979480943713732,-0.0059724429625086254,Stage20 distance_to_state15,-0.009048308893809451,0.3153692614770459
branch_03,State_20,356,756,756,12,0,0.010979480943713732,-0.011450968671348611,Stage20 distance_to_state15,-0.009048308893809451,0.3153692614770459
branch_03,State_20,357,756,756,12,0,0.010979480943713732,-0.014046178100592627,Stage20 distance_to_state15,-0.009048308893809451,0.3153692614770459
branch_03,State_20,358,756,756,12,0,0.010979480943713732,-0.002165610526479787,Stage20 distance_to_state15,-0.009048308893809451,0.3153692614770459
branch_03,State_20,359,756,756,12,0,0.010979480943713732,-0.00963017682930192,Stage20 distance_to_state15,-0.009048308893809451,0.3153692614770459
branch_03,State_20,360,756,756,12,0,0.010979480943713732,-0.009827487520129302,Stage20 distance_to_state15,-0.009048308893809451,0.3153692614770459
branch_03,State_20,361,756,756,12,0,0.010979480943713732,-0.009197715167181646,Stage20 distance_to_state15,-0.009048308893809451,0.3153692614770459
branch_03,State_20,362,756,756,12,0,0.010979480943713732,-0.0012971332805193445,Stage20 distance_to_state15,-0.009048308893809451,0.3153692614770459
branch_03,State_20,363,756,756,12,0,0.010979480943713732,-0.002806787638190039,Stage20 distance_to_state15,-0.009048308893809451,0.3153692614770459
branch_03,State_20,364,756,756,12,0,0.010979480943713732,-0.013111645978798422,Stage20 distance_to_state15,-0.009048308893809451,0.3153692614770459
branch_03,State_20,365,756,756,12,0,0.010979480943713732,-0.0022097319117640613,Stage20 distance_to_state15,-0.009048308893809451,0.3153692614770459
branch_03,State_20,366,756,756,12,0,0.010979480943713732,-0.004850368043429635,Stage20 distance_to_state15,-0.009048308893809451,0.3153692614770459
branch_03,State_20,367,756,756,12,0,0.010979480943713732,-0.004195320721012122,Stage20 distance_to_state15,-0.009048308893809451,0.3153692614770459
branch_03,State_20,368,756,756,12,0,0.010979480943713732,-0.008182297256191103,Stage20 distance_to_state15,-0.009048308893809451,0.3153692614770459
branch_03,State_20,369,756,756,12,0,0.010979480943713732,-0.012366995140599359,Stage20 distance_to_state15,-0.009048308893809451,0.3153692614770459
branch_03,State_20,370,756,756,12,0,0.010979480943713732,-0.015111568565103834,Stage20 distance_to_state15,-0.009048308893809451,0.3153692614770459
branch_03,State_20,371,756,756,12,0,0.010979480943713732,-0.004957370829411963,Stage20 distance_to_state15,-0.009048308893809451,0.3153692614770459
branch_03,State_20,372,756,756,12,0,0.010979480943713732,-0.015371400116003558,Stage20 distance_to_state15,-0.009048308893809451,0.3153692614770459
branch_03,State_20,373,756,756,12,0,0.010979480943713732,-0.0103139899924056,Stage20 distance_to_state15,-0.009048308893809451,0.3153692614770459
branch_03,State_20,374,756,756,12,0,0.010979480943713732,-0.008135358080302984,Stage20 distance_to_state15,-0.009048308893809451,0.3153692614770459
branch_03,State_20,375,756,756,12,0,0.010979480943713732,-0.006852903617929834,Stage20 distance_to_state15,-0.009048308893809451,0.3153692614770459
branch_03,State_20,376,756,756,12,0,0.010979480943713732,-0.009557292549609651,Stage20 distance_to_state15,-0.009048308893809451,0.3153692614770459
branch_03,State_20,377,756,756,12,0,0.010979480943713732,-0.004935246396725037,Stage20 distance_to_state15,-0.009048308893809451,0.3153692614770459
branch_03,State_20,378,756,756,12,0,0.010979480943713732,-0.009352872155933412,Stage20 distance_to_state15,-0.009048308893809451,0.3153692614770459
branch_03,State_20,379,756,756,12,0,0.010979480943713732,-0.007881415904364737,Stage20 distance_to_state15,-0.009048308893809451,0.3153692614770459
branch_03,State_20,380,756,756,12,0,0.010979480943713732,-0.003510684079502011,Stage20 distance_to_state15,-0.009048308893809451,0.3153692614770459
branch_03,State_20,381,756,756,12,0,0.010979480943713732,-0.01014899141396209,Stage20 distance_to_state15,-0.009048308893809451,0.3153692614770459
branch_03,State_20,382,756,756,12,0,0.010979480943713732,-0.006949212362330235,Stage20 distance_to_state15,-0.009048308893809451,0.3153692614770459
branch_03,State_20,383,756,756,12,0,0.010979480943713732,-0.00420058876178145,Stage20 distance_to_state15,-0.009048308893809451,0.3153692614770459
branch_03,State_20,384,756,756,12,0,0.010979480943713732,-0.010055475632748404,Stage20 distance_to_state15,-0.009048308893809451,0.3153692614770459
branch_03,State_20,385,756,756,12,0,0.010979480943713732,-0.008617089998020548,Stage20 distance_to_state15,-0.009048308893809451,0.3153692614770459
branch_03,State_20,386,756,756,12,0,0.010979480943713732,-0.014223348551096535,Stage20 distance_to_state15,-0.009048308893809451,0.3153692614770459
branch_03,State_20,387,756,756,12,0,0.010979480943713732,-0.008055535582796649,Stage20 distance_to_state15,-0.009048308893809451,0.3153692614770459
branch_03,State_20,388,756,756,12,0,0.010979480943713732,-0.0127306704266126,Stage20 distance_to_state15,-0.009048308893809451,0.3153692614770459
branch_03,State_20,389,756,756,12,0,0.010979480943713732,-0.008185720764309101,Stage20 distance_to_state15,-0.009048308893809451,0.3153692614770459
branch_03,State_20,390,756,756,12,0,0.010979480943713732,-0.008550886476609168,Stage20 distance_to_state15,-0.009048308893809451,0.3153692614770459
branch_03,State_20,391,756,756,12,0,0.010979480943713732,-0.0004073173036207578,Stage20 distance_to_state15,-0.009048308893809451,0.3153692614770459
branch_03,State_20,392,756,756,12,0,0.010979480943713732,-0.0037666828976707185,Stage20 distance_to_state15,-0.009048308893809451,0.3153692614770459
branch_03,State_20,393,756,756,12,0,0.010979480943713732,-0.005525602145862601,Stage20 distance_to_state15,-0.009048308893809451,0.3153692614770459
branch_03,State_20,394,756,756,12,0,0.010979480943713732,-0.011615901158678853,Stage20 distance_to_state15,-0.009048308893809451,0.3153692614770459
branch_03,State_20,395,756,756,12,0,0.010979480943713732,-0.01021323993578013,Stage20 distance_to_state15,-0.009048308893809451,0.3153692614770459
branch_03,State_20,396,756,756,12,0,0.010979480943713732,-0.00505323907427312,Stage20 distance_to_state15,-0.009048308893809451,0.3153692614770459
branch_03,State_20,397,756,756,12,0,0.010979480943713732,-0.006764371828578223,Stage20 distance_to_state15,-0.009048308893809451,0.3153692614770459
branch_03,State_20,398,756,756,12,0,0.010979480943713732,-0.006240947435063631,Stage20 distance_to_state15,-0.009048308893809451,0.3153692614770459
branch_03,State_20,399,756,756,12,0,0.010979480943713732,-0.011075055406645294,Stage20 distance_to_state15,-0.009048308893809451,0.3153692614770459
branch_03,State_20,400,756,756,12,0,0.010979480943713732,-0.010676280101523834,Stage20 distance_to_state15,-0.009048308893809451,0.3153692614770459
branch_03,State_20,401,756,756,12,0,0.010979480943713732,-0.014100739451023357,Stage20 distance_to_state15,-0.009048308893809451,0.3153692614770459
branch_03,State_20,402,756,756,12,0,0.010979480943713732,-0.006350594415119008,Stage20 distance_to_state15,-0.009048308893809451,0.3153692614770459
branch_03,State_20,403,756,756,12,0,0.010979480943713732,-0.006596344708244985,Stage20 distance_to_state15,-0.009048308893809451,0.3153692614770459
branch_03,State_20,404,756,756,12,0,0.010979480943713732,-0.002439254724614502,Stage20 distance_to_state15,-0.009048308893809451,0.3153692614770459
branch_03,State_20,405,756,756,12,0,0.010979480943713732,-0.010576356207961376,Stage20 distance_to_state15,-0.009048308893809451,0.3153692614770459
branch_03,State_20,406,756,756,12,0,0.010979480943713732,-0.009419304526959212,Stage20 distance_to_state15,-0.009048308893809451,0.3153692614770459
branch_03,State_20,407,756,756,12,0,0.010979480943713732,-0.01620392320611728,Stage20 distance_to_state15,-0.009048308893809451,0.3153692614770459
branch_03,State_20,408,756,756,12,0,0.010979480943713732,-0.00542818086588908,Stage20 distance_to_state15,-0.009048308893809451,0.3153692614770459
branch_03,State_20,409,756,756,12,0,0.010979480943713732,-0.005898009566127971,Stage20 distance_to_state15,-0.009048308893809451,0.3153692614770459
branch_03,State_20,410,756,756,12,0,0.010979480943713732,-0.007886549447438843,Stage20 distance_to_state15,-0.009048308893809451,0.3153692614770459
branch_03,State_20,411,756,756,12,0,0.010979480943713732,-0.017729177549081786,Stage20 distance_to_state15,-0.009048308893809451,0.3153692614770459
branch_03,State_20,412,756,756,12,0,0.010979480943713732,-0.013309411348761279,Stage20 distance_to_state15,-0.009048308893809451,0.3153692614770459
branch_03,State_20,413,756,756,12,0,0.010979480943713732,-0.009430211010922236,Stage20 distance_to_state15,-0.009048308893809451,0.3153692614770459
branch_03,State_20,414,756,756,12,0,0.010979480943713732,-0.004156602632232352,Stage20 distance_to_state15,-0.009048308893809451,0.3153692614770459
branch_03,State_20,415,756,756,12,0,0.010979480943713732,-0.007339306283969213,Stage20 distance_to_state15,-0.009048308893809451,0.3153692614770459
branch_03,State_20,416,756,756,12,0,0.010979480943713732,-0.001993573413004061,Stage20 distance_to_state15,-0.009048308893809451,0.3153692614770459
branch_03,State_20,417,756,756,12,0,0.010979480943713732,-0.013222873261500663,Stage20 distance_to_state15,-0.009048308893809451,0.3153692614770459
branch_03,State_20,418,756,756,12,0,0.010979480943713732,-0.008919910378319098,Stage20 distance_to_state15,-0.009048308893809451,0.3153692614770459
branch_03,State_20,419,756,756,12,0,0.010979480943713732,-0.008264413084044525,Stage20 distance_to_state15,-0.009048308893809451,0.3153692614770459
branch_03,State_20,420,756,756,12,0,0.010979480943713732,-0.00649583255291436,Stage20 distance_to_state15,-0.009048308893809451,0.3153692614770459
branch_03,State_20,421,756,756,12,0,0.010979480943713732,-0.002230615539496321,Stage20 distance_to_state15,-0.009048308893809451,0.3153692614770459
branch_03,State_20,422,756,756,12,0,0.010979480943713732,-0.013878580686772208,Stage20 distance_to_state15,-0.009048308893809451,0.3153692614770459
branch_03,State_20,423,756,756,12,0,0.010979480943713732,-0.007365748210294005,Stage20 distance_to_state15,-0.009048308893809451,0.3153692614770459
branch_03,State_20,424,756,756,12,0,0.010979480943713732,-0.010829320335543194,Stage20 distance_to_state15,-0.009048308893809451,0.3153692614770459
branch_03,State_20,425,756,756,12,0,0.010979480943713732,-0.014161888982304726,Stage20 distance_to_state15,-0.009048308893809451,0.3153692614770459
branch_03,State_20,426,756,756,12,0,0.010979480943713732,-0.011393181980135121,Stage20 distance_to_state15,-0.009048308893809451,0.3153692614770459
branch_03,State_20,427,756,756,12,0,0.010979480943713732,-0.006953444589583163,Stage20 distance_to_state15,-0.009048308893809451,0.3153692614770459
branch_03,State_20,428,756,756,12,0,0.010979480943713732,-0.0032800390206912163,Stage20 distance_to_state15,-0.009048308893809451,0.3153692614770459
branch_03,State_20,429,756,756,12,0,0.010979480943713732,-0.011268878765446938,Stage20 distance_to_state15,-0.009048308893809451,0.3153692614770459
branch_03,State_20,430,756,756,12,0,0.010979480943713732,-0.009105415590631306,Stage20 distance_to_state15,-0.009048308893809451,0.3153692614770459
branch_03,State_20,431,756,756,12,0,0.010979480943713732,-0.0013960679443581446,Stage20 distance_to_state15,-0.009048308893809451,0.3153692614770459
branch_03,State_20,432,756,756,12,0,0.010979480943713732,-0.0041460303649250565,Stage20 distance_to_state15,-0.009048308893809451,0.3153692614770459
branch_03,State_20,433,756,756,12,0,0.010979480943713732,-0.006777054642718319,Stage20 distance_to_state15,-0.009048308893809451,0.3153692614770459
branch_03,State_20,434,756,756,12,0,0.010979480943713732,-0.009079192435565295,Stage20 distance_to_state15,-0.009048308893809451,0.3153692614770459
branch_03,State_20,435,756,756,12,0,0.010979480943713732,-0.013318229067027438,Stage20 distance_to_state15,-0.009048308893809451,0.3153692614770459
branch_03,State_20,436,756,756,12,0,0.010979480943713732,-0.007651123308244931,Stage20 distance_to_state15,-0.009048308893809451,0.3153692614770459
branch_03,State_20,437,756,756,12,0,0.010979480943713732,-0.010061702055656548,Stage20 distance_to_state15,-0.009048308893809451,0.3153692614770459
branch_03,State_20,438,756,756,12,0,0.010979480943713732,-0.0074681081149870765,Stage20 distance_to_state15,-0.009048308893809451,0.3153692614770459
branch_03,State_20,439,756,756,12,0,0.010979480943713732,-0.01209617745650713,Stage20 distance_to_state15,-0.009048308893809451,0.3153692614770459
branch_03,State_20,440,756,756,12,0,0.010979480943713732,-0.01567780756350502,Stage20 distance_to_state15,-0.009048308893809451,0.3153692614770459
branch_03,State_20,441,756,756,12,0,0.010979480943713732,-0.017093196248105364,Stage20 distance_to_state15,-0.009048308893809451,0.3153692614770459
branch_03,State_20,442,756,756,12,0,0.010979480943713732,-0.012935313409110489,Stage20 distance_to_state15,-0.009048308893809451,0.3153692614770459
branch_03,State_20,443,756,756,12,0,0.010979480943713732,-0.008648704532577146,Stage20 distance_to_state15,-0.009048308893809451,0.3153692614770459
branch_03,State_20,444,756,756,12,0,0.010979480943713732,-0.014297182569398109,Stage20 distance_to_state15,-0.009048308893809451,0.3153692614770459
branch_03,State_20,445,756,756,12,0,0.010979480943713732,-0.013948302375826298,Stage20 distance_to_state15,-0.009048308893809451,0.3153692614770459
branch_03,State_20,446,756,756,12,0,0.010979480943713732,-0.007614322098003611,Stage20 distance_to_state15,-0.009048308893809451,0.3153692614770459
branch_03,State_20,447,756,756,12,0,0.010979480943713732,-0.01326339970638864,Stage20 distance_to_state15,-0.009048308893809451,0.3153692614770459
branch_03,State_20,448,756,756,12,0,0.010979480943713732,-0.005491265161060293,Stage20 distance_to_state15,-0.009048308893809451,0.3153692614770459
branch_03,State_20,449,756,756,12,0,0.010979480943713732,-0.012197691047129745,Stage20 distance_to_state15,-0.009048308893809451,0.3153692614770459
branch_03,State_20,450,756,756,12,0,0.010979480943713732,-0.006391631211445644,Stage20 distance_to_state15,-0.009048308893809451,0.3153692614770459
branch_03,State_20,451,756,756,12,0,0.010979480943713732,-0.0063567000920958985,Stage20 distance_to_state15,-0.009048308893809451,0.3153692614770459
branch_03,State_20,452,756,756,12,0,0.010979480943713732,-0.008879862476384202,Stage20 distance_to_state15,-0.009048308893809451,0.3153692614770459
branch_03,State_20,453,756,756,12,0,0.010979480943713732,-0.006254035027623505,Stage20 distance_to_state15,-0.009048308893809451,0.3153692614770459
branch_03,State_20,454,756,756,12,0,0.010979480943713732,-0.004132563843745338,Stage20 distance_to_state15,-0.009048308893809451,0.3153692614770459
branch_03,State_20,455,756,756,12,0,0.010979480943713732,-0.012853418391948186,Stage20 distance_to_state15,-0.009048308893809451,0.3153692614770459
branch_03,State_20,456,756,756,12,0,0.010979480943713732,-0.009594957756339312,Stage20 distance_to_state15,-0.009048308893809451,0.3153692614770459
branch_03,State_20,457,756,756,12,0,0.010979480943713732,-0.008382158984512842,Stage20 distance_to_state15,-0.009048308893809451,0.3153692614770459
branch_03,State_20,458,756,756,12,0,0.010979480943713732,-0.010736415468822964,Stage20 distance_to_state15,-0.009048308893809451,0.3153692614770459
branch_03,State_20,459,756,756,12,0,0.010979480943713732,-0.00607891013556287,Stage20 distance_to_state15,-0.009048308893809451,0.3153692614770459
branch_03,State_20,460,756,756,12,0,0.010979480943713732,-0.01447078709386446,Stage20 distance_to_state15,-0.009048308893809451,0.3153692614770459
branch_03,State_20,461,756,756,12,0,0.010979480943713732,-0.0012905005631155021,Stage20 distance_to_state15,-0.009048308893809451,0.3153692614770459
branch_03,State_20,462,756,756,12,0,0.010979480943713732,-0.01066316027696143,Stage20 distance_to_state15,-0.009048308893809451,0.3153692614770459
branch_03,State_20,463,756,756,12,0,0.010979480943713732,-0.015604688194288252,Stage20 distance_to_state15,-0.009048308893809451,0.3153692614770459
branch_03,State_20,464,756,756,12,0,0.010979480943713732,-0.013146087781749655,Stage20 distance_to_state15,-0.009048308893809451,0.3153692614770459
branch_03,State_20,465,756,756,12,0,0.010979480943713732,-0.016022572215904998,Stage20 distance_to_state15,-0.009048308893809451,0.3153692614770459
branch_03,State_20,466,756,756,12,0,0.010979480943713732,-0.007913256585901514,Stage20 distance_to_state15,-0.009048308893809451,0.3153692614770459
branch_03,State_20,467,756,756,12,0,0.010979480943713732,-0.005815722067014686,Stage20 distance_to_state15,-0.009048308893809451,0.3153692614770459
branch_03,State_20,468,756,756,12,0,0.010979480943713732,-0.006328200110758691,Stage20 distance_to_state15,-0.009048308893809451,0.3153692614770459
branch_03,State_20,469,756,756,12,0,0.010979480943713732,-0.007965413013543761,Stage20 distance_to_state15,-0.009048308893809451,0.3153692614770459
branch_03,State_20,470,756,756,12,0,0.010979480943713732,-0.008120038101470259,Stage20 distance_to_state15,-0.009048308893809451,0.3153692614770459
branch_03,State_20,471,756,756,12,0,0.010979480943713732,-0.0023925590004247564,Stage20 distance_to_state15,-0.009048308893809451,0.3153692614770459
branch_03,State_20,472,756,756,12,0,0.010979480943713732,-0.017309161616201604,Stage20 distance_to_state15,-0.009048308893809451,0.3153692614770459
branch_03,State_20,473,756,756,12,0,0.010979480943713732,-0.01177082685200228,Stage20 distance_to_state15,-0.009048308893809451,0.3153692614770459
branch_03,State_20,474,756,756,12,0,0.010979480943713732,-0.009044874583343103,Stage20 distance_to_state15,-0.009048308893809451,0.3153692614770459
branch_03,State_20,475,756,756,12,0,0.010979480943713732,-0.012694768929737657,Stage20 distance_to_state15,-0.009048308893809451,0.3153692614770459
branch_03,State_20,476,756,756,12,0,0.010979480943713732,-0.00940198884829305,Stage20 distance_to_state15,-0.009048308893809451,0.3153692614770459
branch_03,State_20,477,756,756,12,0,0.010979480943713732,-0.01088293352771964,Stage20 distance_to_state15,-0.009048308893809451,0.3153692614770459
branch_03,State_20,478,756,756,12,0,0.010979480943713732,-0.013005385669474567,Stage20 distance_to_state15,-0.009048308893809451,0.3153692614770459
branch_03,State_20,479,756,756,12,0,0.010979480943713732,-0.0014671438143614574,Stage20 distance_to_state15,-0.009048308893809451,0.3153692614770459
branch_03,State_20,480,756,756,12,0,0.010979480943713732,-0.012073452936141229,Stage20 distance_to_state15,-0.009048308893809451,0.3153692614770459
branch_03,State_20,481,756,756,12,0,0.010979480943713732,-0.009669683514066295,Stage20 distance_to_state15,-0.009048308893809451,0.3153692614770459
branch_03,State_20,482,756,756,12,0,0.010979480943713732,-0.013525428381633085,Stage20 distance_to_state15,-0.009048308893809451,0.3153692614770459
branch_03,State_20,483,756,756,12,0,0.010979480943713732,-0.002989072067441048,Stage20 distance_to_state15,-0.009048308893809451,0.3153692614770459
branch_03,State_20,484,756,756,12,0,0.010979480943713732,-0.011308337263209615,Stage20 distance_to_state15,-0.009048308893809451,0.3153692614770459
branch_03,State_20,485,756,756,12,0,0.010979480943713732,-0.014874956636404734,Stage20 distance_to_state15,-0.009048308893809451,0.3153692614770459
branch_03,State_20,486,756,756,12,0,0.010979480943713732,-0.009006244833490693,Stage20 distance_to_state15,-0.009048308893809451,0.3153692614770459
branch_03,State_20,487,756,756,12,0,0.010979480943713732,-0.0036617665744587986,Stage20 distance_to_state15,-0.009048308893809451,0.3153692614770459
branch_03,State_20,488,756,756,12,0,0.010979480943713732,-0.005597347534100601,Stage20 distance_to_state15,-0.009048308893809451,0.3153692614770459
branch_03,State_20,489,756,756,12,0,0.010979480943713732,-0.010630554224874038,Stage20 distance_to_state15,-0.009048308893809451,0.3153692614770459
branch_03,State_20,490,756,756,12,0,0.010979480943713732,-0.013695838394197956,Stage20 distance_to_state15,-0.009048308893809451,0.3153692614770459
branch_03,State_20,491,756,756,12,0,0.010979480943713732,0.0013718319138942107,Stage20 distance_to_state15,-0.009048308893809451,0.3153692614770459
branch_03,State_20,492,756,756,12,0,0.010979480943713732,-0.0052898320535489695,Stage20 distance_to_state15,-0.009048308893809451,0.3153692614770459
branch_03,State_20,493,756,756,12,0,0.010979480943713732,-0.011511681297563699,Stage20 distance_to_state15,-0.009048308893809451,0.3153692614770459
branch_03,State_20,494,756,756,12,0,0.010979480943713732,-0.0054205555948,Stage20 distance_to_state15,-0.009048308893809451,0.3153692614770459
branch_03,State_20,495,756,756,12,0,0.010979480943713732,-0.010252976977386793,Stage20 distance_to_state15,-0.009048308893809451,0.3153692614770459
branch_03,State_20,496,756,756,12,0,0.010979480943713732,-0.0008965235358647725,Stage20 distance_to_state15,-0.009048308893809451,0.3153692614770459
branch_03,State_20,497,756,756,12,0,0.010979480943713732,-0.013949373844060545,Stage20 distance_to_state15,-0.009048308893809451,0.3153692614770459
branch_03,State_20,498,756,756,12,0,0.010979480943713732,-0.005102938400421622,Stage20 distance_to_state15,-0.009048308893809451,0.3153692614770459
branch_03,State_20,499,756,756,12,0,0.010979480943713732,-0.005577237762456066,Stage20 distance_to_state15,-0.009048308893809451,0.3153692614770459
branch_04,State_7,0,576,576,13,0,0.002489678707017738,-0.00865848519063537,Stage20 distance_to_state15,-0.01889516167887223,1.0
branch_04,State_7,1,576,576,13,0,0.002489678707017738,-0.02435784300470793,Stage20 distance_to_state15,-0.01889516167887223,1.0
branch_04,State_7,2,576,576,13,0,0.002489678707017738,-0.022192659984926578,Stage20 distance_to_state15,-0.01889516167887223,1.0
branch_04,State_7,3,576,576,13,0,0.002489678707017738,-0.02011296489403383,Stage20 distance_to_state15,-0.01889516167887223,1.0
branch_04,State_7,4,576,576,13,0,0.002489678707017738,-0.02084064521515961,Stage20 distance_to_state15,-0.01889516167887223,1.0
branch_04,State_7,5,576,576,13,0,0.002489678707017738,-0.013901082763309803,Stage20 distance_to_state15,-0.01889516167887223,1.0
branch_04,State_7,6,576,576,13,0,0.002489678707017738,-0.027972688421601066,Stage20 distance_to_state15,-0.01889516167887223,1.0
branch_04,State_7,7,576,576,13,0,0.002489678707017738,-0.02162902148721902,Stage20 distance_to_state15,-0.01889516167887223,1.0
branch_04,State_7,8,576,576,13,0,0.002489678707017738,-0.015582094210796139,Stage20 distance_to_state15,-0.01889516167887223,1.0
branch_04,State_7,9,576,576,13,0,0.002489678707017738,-0.00953199387519548,Stage20 distance_to_state15,-0.01889516167887223,1.0
branch_04,State_7,10,576,576,13,0,0.002489678707017738,-0.0240252657695363,Stage20 distance_to_state15,-0.01889516167887223,1.0
branch_04,State_7,11,576,576,13,0,0.002489678707017738,-0.024627099941566692,Stage20 distance_to_state15,-0.01889516167887223,1.0
branch_04,State_7,12,576,576,13,0,0.002489678707017738,-0.00828611951758138,Stage20 distance_to_state15,-0.01889516167887223,1.0
branch_04,State_7,13,576,576,13,0,0.002489678707017738,-0.01012562757247803,Stage20 distance_to_state15,-0.01889516167887223,1.0
branch_04,State_7,14,576,576,13,0,0.002489678707017738,-0.020423299028243767,Stage20 distance_to_state15,-0.01889516167887223,1.0
branch_04,State_7,15,576,576,13,0,0.002489678707017738,-0.021187265528775617,Stage20 distance_to_state15,-0.01889516167887223,1.0
branch_04,State_7,16,576,576,13,0,0.002489678707017738,-0.026099796336932417,Stage20 distance_to_state15,-0.01889516167887223,1.0
branch_04,State_7,17,576,576,13,0,0.002489678707017738,-0.017435150722982757,Stage20 distance_to_state15,-0.01889516167887223,1.0
branch_04,State_7,18,576,576,13,0,0.002489678707017738,-0.018319401844278885,Stage20 distance_to_state15,-0.01889516167887223,1.0
branch_04,State_7,19,576,576,13,0,0.002489678707017738,-0.017318900522407945,Stage20 distance_to_state15,-0.01889516167887223,1.0
branch_04,State_7,20,576,576,13,0,0.002489678707017738,-0.01043464042666707,Stage20 distance_to_state15,-0.01889516167887223,1.0
branch_04,State_7,21,576,576,13,0,0.002489678707017738,-0.012634455239965543,Stage20 distance_to_state15,-0.01889516167887223,1.0
branch_04,State_7,22,576,576,13,0,0.002489678707017738,-0.023217559978573468,Stage20 distance_to_state15,-0.01889516167887223,1.0
branch_04,State_7,23,576,576,13,0,0.002489678707017738,-0.022995899080492446,Stage20 distance_to_state15,-0.01889516167887223,1.0
branch_04,State_7,24,576,576,13,0,0.002489678707017738,-0.015613723041237662,Stage20 distance_to_state15,-0.01889516167887223,1.0
branch_04,State_7,25,576,576,13,0,0.002489678707017738,-0.01589514494862635,Stage20 distance_to_state15,-0.01889516167887223,1.0
branch_04,State_7,26,576,576,13,0,0.002489678707017738,-0.026502499939956445,Stage20 distance_to_state15,-0.01889516167887223,1.0
branch_04,State_7,27,576,576,13,0,0.002489678707017738,-0.021620105676534405,Stage20 distance_to_state15,-0.01889516167887223,1.0
branch_04,State_7,28,576,576,13,0,0.002489678707017738,-0.02222350703119082,Stage20 distance_to_state15,-0.01889516167887223,1.0
branch_04,State_7,29,576,576,13,0,0.002489678707017738,-0.02139889143216608,Stage20 distance_to_state15,-0.01889516167887223,1.0
branch_04,State_7,30,576,576,13,0,0.002489678707017738,-0.0146126800316593,Stage20 distance_to_state15,-0.01889516167887223,1.0
branch_04,State_7,31,576,576,13,0,0.002489678707017738,-0.02006833326640514,Stage20 distance_to_state15,-0.01889516167887223,1.0
branch_04,State_7,32,576,576,13,0,0.002489678707017738,-0.018617891313686373,Stage20 distance_to_state15,-0.01889516167887223,1.0
branch_04,State_7,33,576,576,13,0,0.002489678707017738,-0.018132318216210662,Stage20 distance_to_state15,-0.01889516167887223,1.0
branch_04,State_7,34,576,576,13,0,0.002489678707017738,-0.01966411369103409,Stage20 distance_to_state15,-0.01889516167887223,1.0
branch_04,State_7,35,576,576,13,0,0.002489678707017738,-0.02017644172145483,Stage20 distance_to_state15,-0.01889516167887223,1.0
branch_04,State_7,36,576,576,13,0,0.002489678707017738,-0.020541842373037057,Stage20 distance_to_state15,-0.01889516167887223,1.0
branch_04,State_7,37,576,576,13,0,0.002489678707017738,-0.02203896062083554,Stage20 distance_to_state15,-0.01889516167887223,1.0
branch_04,State_7,38,576,576,13,0,0.002489678707017738,-0.012508126800299252,Stage20 distance_to_state15,-0.01889516167887223,1.0
branch_04,State_7,39,576,576,13,0,0.002489678707017738,-0.023261889511261062,Stage20 distance_to_state15,-0.01889516167887223,1.0
branch_04,State_7,40,576,576,13,0,0.002489678707017738,-0.014636993409518243,Stage20 distance_to_state15,-0.01889516167887223,1.0
branch_04,State_7,41,576,576,13,0,0.002489678707017738,-0.004157606802223206,Stage20 distance_to_state15,-0.01889516167887223,1.0
branch_04,State_7,42,576,576,13,0,0.002489678707017738,-0.02046558062391779,Stage20 distance_to_state15,-0.01889516167887223,1.0
branch_04,State_7,43,576,576,13,0,0.002489678707017738,-0.021998563789075193,Stage20 distance_to_state15,-0.01889516167887223,1.0
branch_04,State_7,44,576,576,13,0,0.002489678707017738,-0.019072099274976374,Stage20 distance_to_state15,-0.01889516167887223,1.0
branch_04,State_7,45,576,576,13,0,0.002489678707017738,-0.02626869756818602,Stage20 distance_to_state15,-0.01889516167887223,1.0
branch_04,State_7,46,576,576,13,0,0.002489678707017738,-0.017522671498490284,Stage20 distance_to_state15,-0.01889516167887223,1.0
branch_04,State_7,47,576,576,13,0,0.002489678707017738,-0.01946257234856572,Stage20 distance_to_state15,-0.01889516167887223,1.0
branch_04,State_7,48,576,576,13,0,0.002489678707017738,-0.022394314413537897,Stage20 distance_to_state15,-0.01889516167887223,1.0
branch_04,State_7,49,576,576,13,0,0.002489678707017738,-0.017282911088651744,Stage20 distance_to_state15,-0.01889516167887223,1.0
branch_04,State_7,50,576,576,13,0,0.002489678707017738,-0.016171865626780184,Stage20 distance_to_state15,-0.01889516167887223,1.0
branch_04,State_7,51,576,576,13,0,0.002489678707017738,-0.019225998299083013,Stage20 distance_to_state15,-0.01889516167887223,1.0
branch_04,State_7,52,576,576,13,0,0.002489678707017738,-0.024685375072532736,Stage20 distance_to_state15,-0.01889516167887223,1.0
branch_04,State_7,53,576,576,13,0,0.002489678707017738,-0.020990906677559998,Stage20 distance_to_state15,-0.01889516167887223,1.0
branch_04,State_7,54,576,576,13,0,0.002489678707017738,-0.02081866788119933,Stage20 distance_to_state15,-0.01889516167887223,1.0
branch_04,State_7,55,576,576,13,0,0.002489678707017738,-0.016690881307091607,Stage20 distance_to_state15,-0.01889516167887223,1.0
branch_04,State_7,56,576,576,13,0,0.002489678707017738,-0.018683140029836835,Stage20 distance_to_state15,-0.01889516167887223,1.0
branch_04,State_7,57,576,576,13,0,0.002489678707017738,-0.019333520393315796,Stage20 distance_to_state15,-0.01889516167887223,1.0
branch_04,State_7,58,576,576,13,0,0.002489678707017738,-0.020602309201740374,Stage20 distance_to_state15,-0.01889516167887223,1.0
branch_04,State_7,59,576,576,13,0,0.002489678707017738,-0.018430021271267083,Stage20 distance_to_state15,-0.01889516167887223,1.0
branch_04,State_7,60,576,576,13,0,0.002489678707017738,-0.01877433331283828,Stage20 distance_to_state15,-0.01889516167887223,1.0
branch_04,State_7,61,576,576,13,0,0.002489678707017738,-0.02346362209408806,Stage20 distance_to_state15,-0.01889516167887223,1.0
branch_04,State_7,62,576,576,13,0,0.002489678707017738,-0.0197597992617164,Stage20 distance_to_state15,-0.01889516167887223,1.0
branch_04,State_7,63,576,576,13,0,0.002489678707017738,-0.017126747667251273,Stage20 distance_to_state15,-0.01889516167887223,1.0
branch_04,State_7,64,576,576,13,0,0.002489678707017738,-0.01725333016211759,Stage20 distance_to_state15,-0.01889516167887223,1.0
branch_04,State_7,65,576,576,13,0,0.002489678707017738,-0.011932086987529577,Stage20 distance_to_state15,-0.01889516167887223,1.0
branch_04,State_7,66,576,576,13,0,0.002489678707017738,-0.014190582578732874,Stage20 distance_to_state15,-0.01889516167887223,1.0
branch_04,State_7,67,576,576,13,0,0.002489678707017738,-0.02329032213221375,Stage20 distance_to_state15,-0.01889516167887223,1.0
branch_04,State_7,68,576,576,13,0,0.002489678707017738,-0.021244529829001185,Stage20 distance_to_state15,-0.01889516167887223,1.0
branch_04,State_7,69,576,576,13,0,0.002489678707017738,-0.01596108397077465,Stage20 distance_to_state15,-0.01889516167887223,1.0
branch_04,State_7,70,576,576,13,0,0.002489678707017738,-0.019696135536311235,Stage20 distance_to_state15,-0.01889516167887223,1.0
branch_04,State_7,71,576,576,13,0,0.002489678707017738,-0.017053383472352142,Stage20 distance_to_state15,-0.01889516167887223,1.0
branch_04,State_7,72,576,576,13,0,0.002489678707017738,-0.016780942168447676,Stage20 distance_to_state15,-0.01889516167887223,1.0
branch_04,State_7,73,576,576,13,0,0.002489678707017738,-0.016713678159674655,Stage20 distance_to_state15,-0.01889516167887223,1.0
branch_04,State_7,74,576,576,13,0,0.002489678707017738,-0.017543448951304427,Stage20 distance_to_state15,-0.01889516167887223,1.0
branch_04,State_7,75,576,576,13,0,0.002489678707017738,-0.02141089202884169,Stage20 distance_to_state15,-0.01889516167887223,1.0
branch_04,State_7,76,576,576,13,0,0.002489678707017738,-0.02402907053586449,Stage20 distance_to_state15,-0.01889516167887223,1.0
branch_04,State_7,77,576,576,13,0,0.002489678707017738,-0.01965819610712894,Stage20 distance_to_state15,-0.01889516167887223,1.0
branch_04,State_7,78,576,576,13,0,0.002489678707017738,-0.020380350801310163,Stage20 distance_to_state15,-0.01889516167887223,1.0
branch_04,State_7,79,576,576,13,0,0.002489678707017738,-0.016810536355742606,Stage20 distance_to_state15,-0.01889516167887223,1.0
branch_04,State_7,80,576,576,13,0,0.002489678707017738,-0.027637693391038515,Stage20 distance_to_state15,-0.01889516167887223,1.0
branch_04,State_7,81,576,576,13,0,0.002489678707017738,-0.02372953737519953,Stage20 distance_to_state15,-0.01889516167887223,1.0
branch_04,State_7,82,576,576,13,0,0.002489678707017738,-0.01922674768444731,Stage20 distance_to_state15,-0.01889516167887223,1.0
branch_04,State_7,83,576,576,13,0,0.002489678707017738,-0.012992578246168996,Stage20 distance_to_state15,-0.01889516167887223,1.0
branch_04,State_7,84,576,576,13,0,0.002489678707017738,-0.022988911119421092,Stage20 distance_to_state15,-0.01889516167887223,1.0
branch_04,State_7,85,576,576,13,0,0.002489678707017738,-0.01635883433453716,Stage20 distance_to_state15,-0.01889516167887223,1.0
branch_04,State_7,86,576,576,13,0,0.002489678707017738,-0.014699947321487179,Stage20 distance_to_state15,-0.01889516167887223,1.0
branch_04,State_7,87,576,576,13,0,0.002489678707017738,-0.013083778380696605,Stage20 distance_to_state15,-0.01889516167887223,1.0
branch_04,State_7,88,576,576,13,0,0.002489678707017738,-0.02438672731582306,Stage20 distance_to_state15,-0.01889516167887223,1.0
branch_04,State_7,89,576,576,13,0,0.002489678707017738,-0.02592123008670068,Stage20 distance_to_state15,-0.01889516167887223,1.0
branch_04,State_7,90,576,576,13,0,0.002489678707017738,-0.02106430768277407,Stage20 distance_to_state15,-0.01889516167887223,1.0
branch_04,State_7,91,576,576,13,0,0.002489678707017738,-0.016807608288674038,Stage20 distance_to_state15,-0.01889516167887223,1.0
branch_04,State_7,92,576,576,13,0,0.002489678707017738,-0.01628979501512332,Stage20 distance_to_state15,-0.01889516167887223,1.0
branch_04,State_7,93,576,576,13,0,0.002489678707017738,-0.012471976489604268,Stage20 distance_to_state15,-0.01889516167887223,1.0
branch_04,State_7,94,576,576,13,0,0.002489678707017738,-0.017977779387839406,Stage20 distance_to_state15,-0.01889516167887223,1.0
branch_04,State_7,95,576,576,13,0,0.002489678707017738,-0.019873736804494294,Stage20 distance_to_state15,-0.01889516167887223,1.0
branch_04,State_7,96,576,576,13,0,0.002489678707017738,-0.027396420683890838,Stage20 distance_to_state15,-0.01889516167887223,1.0
branch_04,State_7,97,576,576,13,0,0.002489678707017738,-0.019856052532670067,Stage20 distance_to_state15,-0.01889516167887223,1.0
branch_04,State_7,98,576,576,13,0,0.002489678707017738,-0.021387199699811326,Stage20 distance_to_state15,-0.01889516167887223,1.0
branch_04,State_7,99,576,576,13,0,0.002489678707017738,-0.012542888263492069,Stage20 distance_to_state15,-0.01889516167887223,1.0
branch_04,State_7,100,576,576,13,0,0.002489678707017738,-0.023217919750087704,Stage20 distance_to_state15,-0.01889516167887223,1.0
branch_04,State_7,101,576,576,13,0,0.002489678707017738,-0.015049040638784145,Stage20 distance_to_state15,-0.01889516167887223,1.0
branch_04,State_7,102,576,576,13,0,0.002489678707017738,-0.018109698574161406,Stage20 distance_to_state15,-0.01889516167887223,1.0
branch_04,State_7,103,576,576,13,0,0.002489678707017738,-0.01738749146387386,Stage20 distance_to_state15,-0.01889516167887223,1.0
branch_04,State_7,104,576,576,13,0,0.002489678707017738,-0.009288914466600552,Stage20 distance_to_state15,-0.01889516167887223,1.0
branch_04,State_7,105,576,576,13,0,0.002489678707017738,-0.018558701226889775,Stage20 distance_to_state15,-0.01889516167887223,1.0
branch_04,State_7,106,576,576,13,0,0.002489678707017738,-0.014446809392881031,Stage20 distance_to_state15,-0.01889516167887223,1.0
branch_04,State_7,107,576,576,13,0,0.002489678707017738,-0.01867013289936032,Stage20 distance_to_state15,-0.01889516167887223,1.0
branch_04,State_7,108,576,576,13,0,0.002489678707017738,-0.021001532152267462,Stage20 distance_to_state15,-0.01889516167887223,1.0
branch_04,State_7,109,576,576,13,0,0.002489678707017738,-0.019083097800425528,Stage20 distance_to_state15,-0.01889516167887223,1.0
branch_04,State_7,110,576,576,13,0,0.002489678707017738,-0.023576422910850835,Stage20 distance_to_state15,-0.01889516167887223,1.0
branch_04,State_7,111,576,576,13,0,0.002489678707017738,-0.0317926631852858,Stage20 distance_to_state15,-0.01889516167887223,1.0
branch_04,State_7,112,576,576,13,0,0.002489678707017738,-0.020222253371466672,Stage20 distance_to_state15,-0.01889516167887223,1.0
branch_04,State_7,113,576,576,13,0,0.002489678707017738,-0.016884007526401318,Stage20 distance_to_state15,-0.01889516167887223,1.0
branch_04,State_7,114,576,576,13,0,0.002489678707017738,-0.029589633656931028,Stage20 distance_to_state15,-0.01889516167887223,1.0
branch_04,State_7,115,576,576,13,0,0.002489678707017738,-0.016086906138337333,Stage20 distance_to_state15,-0.01889516167887223,1.0
branch_04,State_7,116,576,576,13,0,0.002489678707017738,-0.02943828146981372,Stage20 distance_to_state15,-0.01889516167887223,1.0
branch_04,State_7,117,576,576,13,0,0.002489678707017738,-0.007038058762176667,Stage20 distance_to_state15,-0.01889516167887223,1.0
branch_04,State_7,118,576,576,13,0,0.002489678707017738,-0.006496714222376316,Stage20 distance_to_state15,-0.01889516167887223,1.0
branch_04,State_7,119,576,576,13,0,0.002489678707017738,-0.022074709029465837,Stage20 distance_to_state15,-0.01889516167887223,1.0
branch_04,State_7,120,576,576,13,0,0.002489678707017738,-0.004792911521660937,Stage20 distance_to_state15,-0.01889516167887223,1.0
branch_04,State_7,121,576,576,13,0,0.002489678707017738,-0.017001213149506398,Stage20 distance_to_state15,-0.01889516167887223,1.0
branch_04,State_7,122,576,576,13,0,0.002489678707017738,-0.014733972175620547,Stage20 distance_to_state15,-0.01889516167887223,1.0
branch_04,State_7,123,576,576,13,0,0.002489678707017738,-0.011318060036024445,Stage20 distance_to_state15,-0.01889516167887223,1.0
branch_04,State_7,124,576,576,13,0,0.002489678707017738,-0.014538921231822939,Stage20 distance_to_state15,-0.01889516167887223,1.0
branch_04,State_7,125,576,576,13,0,0.002489678707017738,-0.01975199626162403,Stage20 distance_to_state15,-0.01889516167887223,1.0
branch_04,State_7,126,576,576,13,0,0.002489678707017738,-0.01646040084994678,Stage20 distance_to_state15,-0.01889516167887223,1.0
branch_04,State_7,127,576,576,13,0,0.002489678707017738,-0.020406565055700064,Stage20 distance_to_state15,-0.01889516167887223,1.0
branch_04,State_7,128,576,576,13,0,0.002489678707017738,-0.013000156543350568,Stage20 distance_to_state15,-0.01889516167887223,1.0
branch_04,State_7,129,576,576,13,0,0.002489678707017738,-0.020270318977931086,Stage20 distance_to_state15,-0.01889516167887223,1.0
branch_04,State_7,130,576,576,13,0,0.002489678707017738,-0.01641865532732121,Stage20 distance_to_state15,-0.01889516167887223,1.0
branch_04,State_7,131,576,576,13,0,0.002489678707017738,-0.021503637464183552,Stage20 distance_to_state15,-0.01889516167887223,1.0
branch_04,State_7,132,576,576,13,0,0.002489678707017738,-0.010218946530213565,Stage20 distance_to_state15,-0.01889516167887223,1.0
branch_04,State_7,133,576,576,13,0,0.002489678707017738,-0.01851186035066911,Stage20 distance_to_state15,-0.01889516167887223,1.0
branch_04,State_7,134,576,576,13,0,0.002489678707017738,-0.018250330154323154,Stage20 distance_to_state15,-0.01889516167887223,1.0
branch_04,State_7,135,576,576,13,0,0.002489678707017738,-0.024664998897073784,Stage20 distance_to_state15,-0.01889516167887223,1.0
branch_04,State_7,136,576,576,13,0,0.002489678707017738,-0.018958257867345285,Stage20 distance_to_state15,-0.01889516167887223,1.0
branch_04,State_7,137,576,576,13,0,0.002489678707017738,-0.02668714768078654,Stage20 distance_to_state15,-0.01889516167887223,1.0
branch_04,State_7,138,576,576,13,0,0.002489678707017738,-0.027152698985762943,Stage20 distance_to_state15,-0.01889516167887223,1.0
branch_04,State_7,139,576,576,13,0,0.002489678707017738,-0.021229251670302592,Stage20 distance_to_state15,-0.01889516167887223,1.0
branch_04,State_7,140,576,576,13,0,0.002489678707017738,-0.01353397722268573,Stage20 distance_to_state15,-0.01889516167887223,1.0
branch_04,State_7,141,576,576,13,0,0.002489678707017738,-0.0243673893553465,Stage20 distance_to_state15,-0.01889516167887223,1.0
branch_04,State_7,142,576,576,13,0,0.002489678707017738,-0.010653794409085544,Stage20 distance_to_state15,-0.01889516167887223,1.0
branch_04,State_7,143,576,576,13,0,0.002489678707017738,-0.014597937629784888,Stage20 distance_to_state15,-0.01889516167887223,1.0
branch_04,State_7,144,576,576,13,0,0.002489678707017738,-0.015636383083401897,Stage20 distance_to_state15,-0.01889516167887223,1.0
branch_04,State_7,145,576,576,13,0,0.002489678707017738,-0.013638822403324787,Stage20 distance_to_state15,-0.01889516167887223,1.0
branch_04,State_7,146,576,576,13,0,0.002489678707017738,-0.021932676302185598,Stage20 distance_to_state15,-0.01889516167887223,1.0
branch_04,State_7,147,576,576,13,0,0.002489678707017738,-0.022571373395956686,Stage20 distance_to_state15,-0.01889516167887223,1.0
branch_04,State_7,148,576,576,13,0,0.002489678707017738,-0.01811586071915188,Stage20 distance_to_state15,-0.01889516167887223,1.0
branch_04,State_7,149,576,576,13,0,0.002489678707017738,-0.016260666102157463,Stage20 distance_to_state15,-0.01889516167887223,1.0
branch_04,State_7,150,576,576,13,0,0.002489678707017738,-0.014790247852260578,Stage20 distance_to_state15,-0.01889516167887223,1.0
branch_04,State_7,151,576,576,13,0,0.002489678707017738,-0.01733787324927058,Stage20 distance_to_state15,-0.01889516167887223,1.0
branch_04,State_7,152,576,576,13,0,0.002489678707017738,-0.022813484861200703,Stage20 distance_to_state15,-0.01889516167887223,1.0
branch_04,State_7,153,576,576,13,0,0.002489678707017738,-0.02197596116273985,Stage20 distance_to_state15,-0.01889516167887223,1.0
branch_04,State_7,154,576,576,13,0,0.002489678707017738,-0.021837679613216934,Stage20 distance_to_state15,-0.01889516167887223,1.0
branch_04,State_7,155,576,576,13,0,0.002489678707017738,-0.025633236964158423,Stage20 distance_to_state15,-0.01889516167887223,1.0
branch_04,State_7,156,576,576,13,0,0.002489678707017738,-0.023230195409000773,Stage20 distance_to_state15,-0.01889516167887223,1.0
branch_04,State_7,157,576,576,13,0,0.002489678707017738,-0.019607092245051336,Stage20 distance_to_state15,-0.01889516167887223,1.0
branch_04,State_7,158,576,576,13,0,0.002489678707017738,-0.023649824563180114,Stage20 distance_to_state15,-0.01889516167887223,1.0
branch_04,State_7,159,576,576,13,0,0.002489678707017738,-0.02008099041068078,Stage20 distance_to_state15,-0.01889516167887223,1.0
branch_04,State_7,160,576,576,13,0,0.002489678707017738,-0.018760479975161278,Stage20 distance_to_state15,-0.01889516167887223,1.0
branch_04,State_7,161,576,576,13,0,0.002489678707017738,-0.01681689149896398,Stage20 distance_to_state15,-0.01889516167887223,1.0
branch_04,State_7,162,576,576,13,0,0.002489678707017738,-0.014285592227721312,Stage20 distance_to_state15,-0.01889516167887223,1.0
branch_04,State_7,163,576,576,13,0,0.002489678707017738,-0.021851494078291244,Stage20 distance_to_state15,-0.01889516167887223,1.0
branch_04,State_7,164,576,576,13,0,0.002489678707017738,-0.013780327388012908,Stage20 distance_to_state15,-0.01889516167887223,1.0
branch_04,State_7,165,576,576,13,0,0.002489678707017738,-0.025737972323086823,Stage20 distance_to_state15,-0.01889516167887223,1.0
branch_04,State_7,166,576,576,13,0,0.002489678707017738,-0.015341648501265468,Stage20 distance_to_state15,-0.01889516167887223,1.0
branch_04,State_7,167,576,576,13,0,0.002489678707017738,-0.020902133059750198,Stage20 distance_to_state15,-0.01889516167887223,1.0
branch_04,State_7,168,576,576,13,0,0.002489678707017738,-0.019357669846405575,Stage20 distance_to_state15,-0.01889516167887223,1.0
branch_04,State_7,169,576,576,13,0,0.002489678707017738,-0.015478064927633501,Stage20 distance_to_state15,-0.01889516167887223,1.0
branch_04,State_7,170,576,576,13,0,0.002489678707017738,-0.021184417348942906,Stage20 distance_to_state15,-0.01889516167887223,1.0
branch_04,State_7,171,576,576,13,0,0.002489678707017738,-0.024874952517461756,Stage20 distance_to_state15,-0.01889516167887223,1.0
branch_04,State_7,172,576,576,13,0,0.002489678707017738,-0.020450891431825605,Stage20 distance_to_state15,-0.01889516167887223,1.0
branch_04,State_7,173,576,576,13,0,0.002489678707017738,-0.01945094047959784,Stage20 distance_to_state15,-0.01889516167887223,1.0
branch_04,State_7,174,576,576,13,0,0.002489678707017738,-0.01714080457270318,Stage20 distance_to_state15,-0.01889516167887223,1.0
branch_04,State_7,175,576,576,13,0,0.002489678707017738,-0.027073874327516897,Stage20 distance_to_state15,-0.01889516167887223,1.0
branch_04,State_7,176,576,576,13,0,0.002489678707017738,-0.014308695047307257,Stage20 distance_to_state15,-0.01889516167887223,1.0
branch_04,State_7,177,576,576,13,0,0.002489678707017738,-0.012328057388561933,Stage20 distance_to_state15,-0.01889516167887223,1.0
branch_04,State_7,178,576,576,13,0,0.002489678707017738,-0.024044464734020173,Stage20 distance_to_state15,-0.01889516167887223,1.0
branch_04,State_7,179,576,576,13,0,0.002489678707017738,-0.011743549958337143,Stage20 distance_to_state15,-0.01889516167887223,1.0
branch_04,State_7,180,576,576,13,0,0.002489678707017738,-0.015442086209503308,Stage20 distance_to_state15,-0.01889516167887223,1.0
branch_04,State_7,181,576,576,13,0,0.002489678707017738,-0.003014383184864855,Stage20 distance_to_state15,-0.01889516167887223,1.0
branch_04,State_7,182,576,576,13,0,0.002489678707017738,-0.02119717156175516,Stage20 distance_to_state15,-0.01889516167887223,1.0
branch_04,State_7,183,576,576,13,0,0.002489678707017738,-0.021729745883602103,Stage20 distance_to_state15,-0.01889516167887223,1.0
branch_04,State_7,184,576,576,13,0,0.002489678707017738,-0.01968330678423935,Stage20 distance_to_state15,-0.01889516167887223,1.0
branch_04,State_7,185,576,576,13,0,0.002489678707017738,-0.018018719613525948,Stage20 distance_to_state15,-0.01889516167887223,1.0
branch_04,State_7,186,576,576,13,0,0.002489678707017738,-0.019276394524885034,Stage20 distance_to_state15,-0.01889516167887223,1.0
branch_04,State_7,187,576,576,13,0,0.002489678707017738,-0.015631233037964327,Stage20 distance_to_state15,-0.01889516167887223,1.0
branch_04,State_7,188,576,576,13,0,0.002489678707017738,-0.014994196693653573,Stage20 distance_to_state15,-0.01889516167887223,1.0
branch_04,State_7,189,576,576,13,0,0.002489678707017738,-0.02673842893852774,Stage20 distance_to_state15,-0.01889516167887223,1.0
branch_04,State_7,190,576,576,13,0,0.002489678707017738,-0.010904625356290134,Stage20 distance_to_state15,-0.01889516167887223,1.0
branch_04,State_7,191,576,576,13,0,0.002489678707017738,-0.01853428243555367,Stage20 distance_to_state15,-0.01889516167887223,1.0
branch_04,State_7,192,576,576,13,0,0.002489678707017738,-0.01083672408867992,Stage20 distance_to_state15,-0.01889516167887223,1.0
branch_04,State_7,193,576,576,13,0,0.002489678707017738,-0.02203641375706576,Stage20 distance_to_state15,-0.01889516167887223,1.0
branch_04,State_7,194,576,576,13,0,0.002489678707017738,-0.019336725014970482,Stage20 distance_to_state15,-0.01889516167887223,1.0
branch_04,State_7,195,576,576,13,0,0.002489678707017738,-0.027284590467143793,Stage20 distance_to_state15,-0.01889516167887223,1.0
branch_04,State_7,196,576,576,13,0,0.002489678707017738,-0.007365297635376751,Stage20 distance_to_state15,-0.01889516167887223,1.0
branch_04,State_7,197,576,576,13,0,0.002489678707017738,-0.027476992228322266,Stage20 distance_to_state15,-0.01889516167887223,1.0
branch_04,State_7,198,576,576,13,0,0.002489678707017738,-0.01943700093302009,Stage20 distance_to_state15,-0.01889516167887223,1.0
branch_04,State_7,199,576,576,13,0,0.002489678707017738,-0.024249790555937317,Stage20 distance_to_state15,-0.01889516167887223,1.0
branch_04,State_7,200,576,576,13,0,0.002489678707017738,-0.015834888464489563,Stage20 distance_to_state15,-0.01889516167887223,1.0
branch_04,State_7,201,576,576,13,0,0.002489678707017738,-0.01821211825099908,Stage20 distance_to_state15,-0.01889516167887223,1.0
branch_04,State_7,202,576,576,13,0,0.002489678707017738,-0.020692663912265815,Stage20 distance_to_state15,-0.01889516167887223,1.0
branch_04,State_7,203,576,576,13,0,0.002489678707017738,-0.020055731433057188,Stage20 distance_to_state15,-0.01889516167887223,1.0
branch_04,State_7,204,576,576,13,0,0.002489678707017738,-0.016743324950898312,Stage20 distance_to_state15,-0.01889516167887223,1.0
branch_04,State_7,205,576,576,13,0,0.002489678707017738,-0.01852878925570301,Stage20 distance_to_state15,-0.01889516167887223,1.0
branch_04,State_7,206,576,576,13,0,0.002489678707017738,-0.019396188587147287,Stage20 distance_to_state15,-0.01889516167887223,1.0
branch_04,State_7,207,576,576,13,0,0.002489678707017738,-0.017087191208033543,Stage20 distance_to_state15,-0.01889516167887223,1.0
branch_04,State_7,208,576,576,13,0,0.002489678707017738,-0.011699329030386538,Stage20 distance_to_state15,-0.01889516167887223,1.0
branch_04,State_7,209,576,576,13,0,0.002489678707017738,-0.01999079871379628,Stage20 distance_to_state15,-0.01889516167887223,1.0
branch_04,State_7,210,576,576,13,0,0.002489678707017738,-0.00958045889221792,Stage20 distance_to_state15,-0.01889516167887223,1.0
branch_04,State_7,211,576,576,13,0,0.002489678707017738,-0.014511182146309467,Stage20 distance_to_state15,-0.01889516167887223,1.0
branch_04,State_7,212,576,576,13,0,0.002489678707017738,-0.018330690206616707,Stage20 distance_to_state15,-0.01889516167887223,1.0
branch_04,State_7,213,576,576,13,0,0.002489678707017738,-0.02168878764142517,Stage20 distance_to_state15,-0.01889516167887223,1.0
branch_04,State_7,214,576,576,13,0,0.002489678707017738,-0.01584093912387533,Stage20 distance_to_state15,-0.01889516167887223,1.0
branch_04,State_7,215,576,576,13,0,0.002489678707017738,-0.02147762472206842,Stage20 distance_to_state15,-0.01889516167887223,1.0
branch_04,State_7,216,576,576,13,0,0.002489678707017738,-0.02116339657150837,Stage20 distance_to_state15,-0.01889516167887223,1.0
branch_04,State_7,217,576,576,13,0,0.002489678707017738,-0.02082876438012682,Stage20 distance_to_state15,-0.01889516167887223,1.0
branch_04,State_7,218,576,576,13,0,0.002489678707017738,-0.01125172136346638,Stage20 distance_to_state15,-0.01889516167887223,1.0
branch_04,State_7,219,576,576,13,0,0.002489678707017738,-0.017129058793554107,Stage20 distance_to_state15,-0.01889516167887223,1.0
branch_04,State_7,220,576,576,13,0,0.002489678707017738,-0.017072815742278088,Stage20 distance_to_state15,-0.01889516167887223,1.0
branch_04,State_7,221,576,576,13,0,0.002489678707017738,-0.02378500992200568,Stage20 distance_to_state15,-0.01889516167887223,1.0
branch_04,State_7,222,576,576,13,0,0.002489678707017738,-0.014707117191955235,Stage20 distance_to_state15,-0.01889516167887223,1.0
branch_04,State_7,223,576,576,13,0,0.002489678707017738,-0.023830087272417512,Stage20 distance_to_state15,-0.01889516167887223,1.0
branch_04,State_7,224,576,576,13,0,0.002489678707017738,-0.018915377367549356,Stage20 distance_to_state15,-0.01889516167887223,1.0
branch_04,State_7,225,576,576,13,0,0.002489678707017738,-0.0268849498108671,Stage20 distance_to_state15,-0.01889516167887223,1.0
branch_04,State_7,226,576,576,13,0,0.002489678707017738,-0.02774618457267926,Stage20 distance_to_state15,-0.01889516167887223,1.0
branch_04,State_7,227,576,576,13,0,0.002489678707017738,-0.021967741819308325,Stage20 distance_to_state15,-0.01889516167887223,1.0
branch_04,State_7,228,576,576,13,0,0.002489678707017738,-0.017405323741718125,Stage20 distance_to_state15,-0.01889516167887223,1.0
branch_04,State_7,229,576,576,13,0,0.002489678707017738,-0.01532182487585929,Stage20 distance_to_state15,-0.01889516167887223,1.0
branch_04,State_7,230,576,576,13,0,0.002489678707017738,-0.021215103280655356,Stage20 distance_to_state15,-0.01889516167887223,1.0
branch_04,State_7,231,576,576,13,0,0.002489678707017738,-0.01196553509561865,Stage20 distance_to_state15,-0.01889516167887223,1.0
branch_04,State_7,232,576,576,13,0,0.002489678707017738,-0.022857431449171794,Stage20 distance_to_state15,-0.01889516167887223,1.0
branch_04,State_7,233,576,576,13,0,0.002489678707017738,-0.018045708156861157,Stage20 distance_to_state15,-0.01889516167887223,1.0
branch_04,State_7,234,576,576,13,0,0.002489678707017738,-0.019264341668303014,Stage20 distance_to_state15,-0.01889516167887223,1.0
branch_04,State_7,235,576,576,13,0,0.002489678707017738,-0.022609734030556453,Stage20 distance_to_state15,-0.01889516167887223,1.0
branch_04,State_7,236,576,576,13,0,0.002489678707017738,-0.018099317591642846,Stage20 distance_to_state15,-0.01889516167887223,1.0
branch_04,State_7,237,576,576,13,0,0.002489678707017738,-0.02193317911310136,Stage20 distance_to_state15,-0.01889516167887223,1.0
branch_04,State_7,238,576,576,13,0,0.002489678707017738,-0.021178437153800588,Stage20 distance_to_state15,-0.01889516167887223,1.0
branch_04,State_7,239,576,576,13,0,0.002489678707017738,-0.01516825474175436,Stage20 distance_to_state15,-0.01889516167887223,1.0
branch_04,State_7,240,576,576,13,0,0.002489678707017738,-0.0282942542606068,Stage20 distance_to_state15,-0.01889516167887223,1.0
branch_04,State_7,241,576,576,13,0,0.002489678707017738,-0.01345668177037015,Stage20 distance_to_state15,-0.01889516167887223,1.0
branch_04,State_7,242,576,576,13,0,0.002489678707017738,-0.022850714935842575,Stage20 distance_to_state15,-0.01889516167887223,1.0
branch_04,State_7,243,576,576,13,0,0.002489678707017738,-0.012986307672202586,Stage20 distance_to_state15,-0.01889516167887223,1.0
branch_04,State_7,244,576,576,13,0,0.002489678707017738,-0.014882832939769032,Stage20 distance_to_state15,-0.01889516167887223,1.0
branch_04,State_7,245,576,576,13,0,0.002489678707017738,-0.01139308541313444,Stage20 distance_to_state15,-0.01889516167887223,1.0
branch_04,State_7,246,576,576,13,0,0.002489678707017738,-0.021481686332302144,Stage20 distance_to_state15,-0.01889516167887223,1.0
branch_04,State_7,247,576,576,13,0,0.002489678707017738,-0.013484766432555521,Stage20 distance_to_state15,-0.01889516167887223,1.0
branch_04,State_7,248,576,576,13,0,0.002489678707017738,-0.01898385822626568,Stage20 distance_to_state15,-0.01889516167887223,1.0
branch_04,State_7,249,576,576,13,0,0.002489678707017738,-0.014442196634470593,Stage20 distance_to_state15,-0.01889516167887223,1.0
branch_04,State_7,250,576,576,13,0,0.002489678707017738,-0.008315202025464733,Stage20 distance_to_state15,-0.01889516167887223,1.0
branch_04,State_7,251,576,576,13,0,0.002489678707017738,-0.006852439423370323,Stage20 distance_to_state15,-0.01889516167887223,1.0
branch_04,State_7,252,576,576,13,0,0.002489678707017738,-0.020173716427636455,Stage20 distance_to_state15,-0.01889516167887223,1.0
branch_04,State_7,253,576,576,13,0,0.002489678707017738,-0.030824104243766845,Stage20 distance_to_state15,-0.01889516167887223,1.0
branch_04,State_7,254,576,576,13,0,0.002489678707017738,-0.0210664960646231,Stage20 distance_to_state15,-0.01889516167887223,1.0
branch_04,State_7,255,576,576,13,0,0.002489678707017738,-0.02257082117852463,Stage20 distance_to_state15,-0.01889516167887223,1.0
branch_04,State_7,256,576,576,13,0,0.002489678707017738,-0.018492677697085128,Stage20 distance_to_state15,-0.01889516167887223,1.0
branch_04,State_7,257,576,576,13,0,0.002489678707017738,-0.030193699201189764,Stage20 distance_to_state15,-0.01889516167887223,1.0
branch_04,State_7,258,576,576,13,0,0.002489678707017738,-0.025827380501394687,Stage20 distance_to_state15,-0.01889516167887223,1.0
branch_04,State_7,259,576,576,13,0,0.002489678707017738,-0.0069575175417063255,Stage20 distance_to_state15,-0.01889516167887223,1.0
branch_04,State_7,260,576,576,13,0,0.002489678707017738,-0.01498774723517544,Stage20 distance_to_state15,-0.01889516167887223,1.0
branch_04,State_7,261,576,576,13,0,0.002489678707017738,-0.022687738470111685,Stage20 distance_to_state15,-0.01889516167887223,1.0
branch_04,State_7,262,576,576,13,0,0.002489678707017738,-0.021475508289774306,Stage20 distance_to_state15,-0.01889516167887223,1.0
branch_04,State_7,263,576,576,13,0,0.002489678707017738,-0.030749979723223166,Stage20 distance_to_state15,-0.01889516167887223,1.0
branch_04,State_7,264,576,576,13,0,0.002489678707017738,-0.028610013090230944,Stage20 distance_to_state15,-0.01889516167887223,1.0
branch_04,State_7,265,576,576,13,0,0.002489678707017738,-0.013713822783808128,Stage20 distance_to_state15,-0.01889516167887223,1.0
branch_04,State_7,266,576,576,13,0,0.002489678707017738,-0.029454570807935156,Stage20 distance_to_state15,-0.01889516167887223,1.0
branch_04,State_7,267,576,576,13,0,0.002489678707017738,-0.012948945758912514,Stage20 distance_to_state15,-0.01889516167887223,1.0
branch_04,State_7,268,576,576,13,0,0.002489678707017738,-0.01639338620851869,Stage20 distance_to_state15,-0.01889516167887223,1.0
branch_04,State_7,269,576,576,13,0,0.002489678707017738,-0.02380814329401871,Stage20 distance_to_state15,-0.01889516167887223,1.0
branch_04,State_7,270,576,576,13,0,0.002489678707017738,-0.016718664487212362,Stage20 distance_to_state15,-0.01889516167887223,1.0
branch_04,State_7,271,576,576,13,0,0.002489678707017738,-0.01821231987923359,Stage20 distance_to_state15,-0.01889516167887223,1.0
branch_04,State_7,272,576,576,13,0,0.002489678707017738,-0.017953410758676146,Stage20 distance_to_state15,-0.01889516167887223,1.0
branch_04,State_7,273,576,576,13,0,0.002489678707017738,-0.013198767913907504,Stage20 distance_to_state15,-0.01889516167887223,1.0
branch_04,State_7,274,576,576,13,0,0.002489678707017738,-0.02269000273732017,Stage20 distance_to_state15,-0.01889516167887223,1.0
branch_04,State_7,275,576,576,13,0,0.002489678707017738,-0.012593498580611096,Stage20 distance_to_state15,-0.01889516167887223,1.0
branch_04,State_7,276,576,576,13,0,0.002489678707017738,-0.018488983590823523,Stage20 distance_to_state15,-0.01889516167887223,1.0
branch_04,State_7,277,576,576,13,0,0.002489678707017738,-0.02832186770373888,Stage20 distance_to_state15,-0.01889516167887223,1.0
branch_04,State_7,278,576,576,13,0,0.002489678707017738,-0.013646404255333922,Stage20 distance_to_state15,-0.01889516167887223,1.0
branch_04,State_7,279,576,576,13,0,0.002489678707017738,-0.019396919894493245,Stage20 distance_to_state15,-0.01889516167887223,1.0
branch_04,State_7,280,576,576,13,0,0.002489678707017738,-0.00920661840629278,Stage20 distance_to_state15,-0.01889516167887223,1.0
branch_04,State_7,281,576,576,13,0,0.002489678707017738,-0.013513708487931497,Stage20 distance_to_state15,-0.01889516167887223,1.0
branch_04,State_7,282,576,576,13,0,0.002489678707017738,-0.021840036502392503,Stage20 distance_to_state15,-0.01889516167887223,1.0
branch_04,State_7,283,576,576,13,0,0.002489678707017738,-0.010530266287683094,Stage20 distance_to_state15,-0.01889516167887223,1.0
branch_04,State_7,284,576,576,13,0,0.002489678707017738,-0.019537531501404106,Stage20 distance_to_state15,-0.01889516167887223,1.0
branch_04,State_7,285,576,576,13,0,0.002489678707017738,-0.01824076477188922,Stage20 distance_to_state15,-0.01889516167887223,1.0
branch_04,State_7,286,576,576,13,0,0.002489678707017738,-0.01359946747284026,Stage20 distance_to_state15,-0.01889516167887223,1.0
branch_04,State_7,287,576,576,13,0,0.002489678707017738,-0.014626330589098766,Stage20 distance_to_state15,-0.01889516167887223,1.0
branch_04,State_7,288,576,576,13,0,0.002489678707017738,-0.019786310156936958,Stage20 distance_to_state15,-0.01889516167887223,1.0
branch_04,State_7,289,576,576,13,0,0.002489678707017738,-0.032053691910516637,Stage20 distance_to_state15,-0.01889516167887223,1.0
branch_04,State_7,290,576,576,13,0,0.002489678707017738,-0.015661501551211883,Stage20 distance_to_state15,-0.01889516167887223,1.0
branch_04,State_7,291,576,576,13,0,0.002489678707017738,-0.02433646858643726,Stage20 distance_to_state15,-0.01889516167887223,1.0
branch_04,State_7,292,576,576,13,0,0.002489678707017738,-0.018784357567402755,Stage20 distance_to_state15,-0.01889516167887223,1.0
branch_04,State_7,293,576,576,13,0,0.002489678707017738,-0.02676527052144367,Stage20 distance_to_state15,-0.01889516167887223,1.0
branch_04,State_7,294,576,576,13,0,0.002489678707017738,-0.03707629098546695,Stage20 distance_to_state15,-0.01889516167887223,1.0
branch_04,State_7,295,576,576,13,0,0.002489678707017738,-0.02150518278600907,Stage20 distance_to_state15,-0.01889516167887223,1.0
branch_04,State_7,296,576,576,13,0,0.002489678707017738,-0.00973362469576807,Stage20 distance_to_state15,-0.01889516167887223,1.0
branch_04,State_7,297,576,576,13,0,0.002489678707017738,-0.022505420992975096,Stage20 distance_to_state15,-0.01889516167887223,1.0
branch_04,State_7,298,576,576,13,0,0.002489678707017738,-0.01702749761515101,Stage20 distance_to_state15,-0.01889516167887223,1.0
branch_04,State_7,299,576,576,13,0,0.002489678707017738,-0.016580275407202468,Stage20 distance_to_state15,-0.01889516167887223,1.0
branch_04,State_7,300,576,576,13,0,0.002489678707017738,-0.016115399974756413,Stage20 distance_to_state15,-0.01889516167887223,1.0
branch_04,State_7,301,576,576,13,0,0.002489678707017738,-0.013220330553297395,Stage20 distance_to_state15,-0.01889516167887223,1.0
branch_04,State_7,302,576,576,13,0,0.002489678707017738,-0.027971758979455107,Stage20 distance_to_state15,-0.01889516167887223,1.0
branch_04,State_7,303,576,576,13,0,0.002489678707017738,-0.014007850326379438,Stage20 distance_to_state15,-0.01889516167887223,1.0
branch_04,State_7,304,576,576,13,0,0.002489678707017738,-0.025142978642186342,Stage20 distance_to_state15,-0.01889516167887223,1.0
branch_04,State_7,305,576,576,13,0,0.002489678707017738,-0.026246838199965886,Stage20 distance_to_state15,-0.01889516167887223,1.0
branch_04,State_7,306,576,576,13,0,0.002489678707017738,-0.01792746332198457,Stage20 distance_to_state15,-0.01889516167887223,1.0
branch_04,State_7,307,576,576,13,0,0.002489678707017738,-0.020305355070303403,Stage20 distance_to_state15,-0.01889516167887223,1.0
branch_04,State_7,308,576,576,13,0,0.002489678707017738,-0.013436503167006862,Stage20 distance_to_state15,-0.01889516167887223,1.0
branch_04,State_7,309,576,576,13,0,0.002489678707017738,-0.026272265382684547,Stage20 distance_to_state15,-0.01889516167887223,1.0
branch_04,State_7,310,576,576,13,0,0.002489678707017738,-0.019276100864323367,Stage20 distance_to_state15,-0.01889516167887223,1.0
branch_04,State_7,311,576,576,13,0,0.002489678707017738,-0.01848547892703086,Stage20 distance_to_state15,-0.01889516167887223,1.0
branch_04,State_7,312,576,576,13,0,0.002489678707017738,-0.02239720325693454,Stage20 distance_to_state15,-0.01889516167887223,1.0
branch_04,State_7,313,576,576,13,0,0.002489678707017738,-0.021057033403497606,Stage20 distance_to_state15,-0.01889516167887223,1.0
branch_04,State_7,314,576,576,13,0,0.002489678707017738,-0.027707884736534807,Stage20 distance_to_state15,-0.01889516167887223,1.0
branch_04,State_7,315,576,576,13,0,0.002489678707017738,-0.016835783066248756,Stage20 distance_to_state15,-0.01889516167887223,1.0
branch_04,State_7,316,576,576,13,0,0.002489678707017738,-0.023320510321660395,Stage20 distance_to_state15,-0.01889516167887223,1.0
branch_04,State_7,317,576,576,13,0,0.002489678707017738,-0.014965623728781706,Stage20 distance_to_state15,-0.01889516167887223,1.0
branch_04,State_7,318,576,576,13,0,0.002489678707017738,-0.018726979089681493,Stage20 distance_to_state15,-0.01889516167887223,1.0
branch_04,State_7,319,576,576,13,0,0.002489678707017738,-0.020544996247577038,Stage20 distance_to_state15,-0.01889516167887223,1.0
branch_04,State_7,320,576,576,13,0,0.002489678707017738,-0.022318823382150094,Stage20 distance_to_state15,-0.01889516167887223,1.0
branch_04,State_7,321,576,576,13,0,0.002489678707017738,-0.029425307333175582,Stage20 distance_to_state15,-0.01889516167887223,1.0
branch_04,State_7,322,576,576,13,0,0.002489678707017738,-0.02181693272523003,Stage20 distance_to_state15,-0.01889516167887223,1.0
branch_04,State_7,323,576,576,13,0,0.002489678707017738,-0.023780939562988886,Stage20 distance_to_state15,-0.01889516167887223,1.0
branch_04,State_7,324,576,576,13,0,0.002489678707017738,-0.019314962004776386,Stage20 distance_to_state15,-0.01889516167887223,1.0
branch_04,State_7,325,576,576,13,0,0.002489678707017738,-0.024412278455551186,Stage20 distance_to_state15,-0.01889516167887223,1.0
branch_04,State_7,326,576,576,13,0,0.002489678707017738,-0.018659166478101414,Stage20 distance_to_state15,-0.01889516167887223,1.0
branch_04,State_7,327,576,576,13,0,0.002489678707017738,-0.01815269268197683,Stage20 distance_to_state15,-0.01889516167887223,1.0
branch_04,State_7,328,576,576,13,0,0.002489678707017738,-0.022222208718729222,Stage20 distance_to_state15,-0.01889516167887223,1.0
branch_04,State_7,329,576,576,13,0,0.002489678707017738,-0.01765675292564326,Stage20 distance_to_state15,-0.01889516167887223,1.0
branch_04,State_7,330,576,576,13,0,0.002489678707017738,-0.014132126112393657,Stage20 distance_to_state15,-0.01889516167887223,1.0
branch_04,State_7,331,576,576,13,0,0.002489678707017738,-0.021790550705713552,Stage20 distance_to_state15,-0.01889516167887223,1.0
branch_04,State_7,332,576,576,13,0,0.002489678707017738,-0.013707487724236262,Stage20 distance_to_state15,-0.01889516167887223,1.0
branch_04,State_7,333,576,576,13,0,0.002489678707017738,-0.021572460701905136,Stage20 distance_to_state15,-0.01889516167887223,1.0
branch_04,State_7,334,576,576,13,0,0.002489678707017738,-0.018680246075409194,Stage20 distance_to_state15,-0.01889516167887223,1.0
branch_04,State_7,335,576,576,13,0,0.002489678707017738,-0.01677323595086235,Stage20 distance_to_state15,-0.01889516167887223,1.0
branch_04,State_7,336,576,576,13,0,0.002489678707017738,-0.01713978057116712,Stage20 distance_to_state15,-0.01889516167887223,1.0
branch_04,State_7,337,576,576,13,0,0.002489678707017738,-0.011606864531616674,Stage20 distance_to_state15,-0.01889516167887223,1.0
branch_04,State_7,338,576,576,13,0,0.002489678707017738,-0.018643589698870495,Stage20 distance_to_state15,-0.01889516167887223,1.0
branch_04,State_7,339,576,576,13,0,0.002489678707017738,-0.01312481857914193,Stage20 distance_to_state15,-0.01889516167887223,1.0
branch_04,State_7,340,576,576,13,0,0.002489678707017738,-0.018869494702860732,Stage20 distance_to_state15,-0.01889516167887223,1.0
branch_04,State_7,341,576,576,13,0,0.002489678707017738,-0.022624187549078696,Stage20 distance_to_state15,-0.01889516167887223,1.0
branch_04,State_7,342,576,576,13,0,0.002489678707017738,-0.01060616096590053,Stage20 distance_to_state15,-0.01889516167887223,1.0
branch_04,State_7,343,576,576,13,0,0.002489678707017738,-0.024240505623698737,Stage20 distance_to_state15,-0.01889516167887223,1.0
branch_04,State_7,344,576,576,13,0,0.002489678707017738,-0.022548826631101117,Stage20 distance_to_state15,-0.01889516167887223,1.0
branch_04,State_7,345,576,576,13,0,0.002489678707017738,-0.011340078789623521,Stage20 distance_to_state15,-0.01889516167887223,1.0
branch_04,State_7,346,576,576,13,0,0.002489678707017738,-0.01563392240139387,Stage20 distance_to_state15,-0.01889516167887223,1.0
branch_04,State_7,347,576,576,13,0,0.002489678707017738,-0.028584023365896827,Stage20 distance_to_state15,-0.01889516167887223,1.0
branch_04,State_7,348,576,576,13,0,0.002489678707017738,-0.018102382830532594,Stage20 distance_to_state15,-0.01889516167887223,1.0
branch_04,State_7,349,576,576,13,0,0.002489678707017738,-0.024906443517778272,Stage20 distance_to_state15,-0.01889516167887223,1.0
branch_04,State_7,350,576,576,13,0,0.002489678707017738,-0.02742792336718866,Stage20 distance_to_state15,-0.01889516167887223,1.0
branch_04,State_7,351,576,576,13,0,0.002489678707017738,-0.01955407943732738,Stage20 distance_to_state15,-0.01889516167887223,1.0
branch_04,State_7,352,576,576,13,0,0.002489678707017738,-0.014723339839627083,Stage20 distance_to_state15,-0.01889516167887223,1.0
branch_04,State_7,353,576,576,13,0,0.002489678707017738,-0.014285359412294937,Stage20 distance_to_state15,-0.01889516167887223,1.0
branch_04,State_7,354,576,576,13,0,0.002489678707017738,-0.02618214246049913,Stage20 distance_to_state15,-0.01889516167887223,1.0
branch_04,State_7,355,576,576,13,0,0.002489678707017738,-0.019236547592612355,Stage20 distance_to_state15,-0.01889516167887223,1.0
branch_04,State_7,356,576,576,13,0,0.002489678707017738,-0.01935828450502175,Stage20 distance_to_state15,-0.01889516167887223,1.0
branch_04,State_7,357,576,576,13,0,0.002489678707017738,-0.010431905638399358,Stage20 distance_to_state15,-0.01889516167887223,1.0
branch_04,State_7,358,576,576,13,0,0.002489678707017738,-0.018474720761942773,Stage20 distance_to_state15,-0.01889516167887223,1.0
branch_04,State_7,359,576,576,13,0,0.002489678707017738,-0.01148468534685193,Stage20 distance_to_state15,-0.01889516167887223,1.0
branch_04,State_7,360,576,576,13,0,0.002489678707017738,-0.013109377410341433,Stage20 distance_to_state15,-0.01889516167887223,1.0
branch_04,State_7,361,576,576,13,0,0.002489678707017738,-0.02643188042174397,Stage20 distance_to_state15,-0.01889516167887223,1.0
branch_04,State_7,362,576,576,13,0,0.002489678707017738,-0.024441187091113353,Stage20 distance_to_state15,-0.01889516167887223,1.0
branch_04,State_7,363,576,576,13,0,0.002489678707017738,-0.026988372355335292,Stage20 distance_to_state15,-0.01889516167887223,1.0
branch_04,State_7,364,576,576,13,0,0.002489678707017738,-0.018544949611121585,Stage20 distance_to_state15,-0.01889516167887223,1.0
branch_04,State_7,365,576,576,13,0,0.002489678707017738,-0.023428486161548075,Stage20 distance_to_state15,-0.01889516167887223,1.0
branch_04,State_7,366,576,576,13,0,0.002489678707017738,-0.022754620405940854,Stage20 distance_to_state15,-0.01889516167887223,1.0
branch_04,State_7,367,576,576,13,0,0.002489678707017738,-0.019855119415692624,Stage20 distance_to_state15,-0.01889516167887223,1.0
branch_04,State_7,368,576,576,13,0,0.002489678707017738,-0.014654348722885947,Stage20 distance_to_state15,-0.01889516167887223,1.0
branch_04,State_7,369,576,576,13,0,0.002489678707017738,-0.015520920080949196,Stage20 distance_to_state15,-0.01889516167887223,1.0
branch_04,State_7,370,576,576,13,0,0.002489678707017738,-0.02302459781322317,Stage20 distance_to_state15,-0.01889516167887223,1.0
branch_04,State_7,371,576,576,13,0,0.002489678707017738,-0.014054314019126676,Stage20 distance_to_state15,-0.01889516167887223,1.0
branch_04,State_7,372,576,576,13,0,0.002489678707017738,-0.024956537027308972,Stage20 distance_to_state15,-0.01889516167887223,1.0
branch_04,State_7,373,576,576,13,0,0.002489678707017738,-0.009792689353976133,Stage20 distance_to_state15,-0.01889516167887223,1.0
branch_04,State_7,374,576,576,13,0,0.002489678707017738,-0.01728316944955076,Stage20 distance_to_state15,-0.01889516167887223,1.0
branch_04,State_7,375,576,576,13,0,0.002489678707017738,-0.01977801333381264,Stage20 distance_to_state15,-0.01889516167887223,1.0
branch_04,State_7,376,576,576,13,0,0.002489678707017738,-0.022899982360652923,Stage20 distance_to_state15,-0.01889516167887223,1.0
branch_04,State_7,377,576,576,13,0,0.002489678707017738,-0.023432766595301496,Stage20 distance_to_state15,-0.01889516167887223,1.0
branch_04,State_7,378,576,576,13,0,0.002489678707017738,-0.014128139466363428,Stage20 distance_to_state15,-0.01889516167887223,1.0
branch_04,State_7,379,576,576,13,0,0.002489678707017738,-0.0122639689562879,Stage20 distance_to_state15,-0.01889516167887223,1.0
branch_04,State_7,380,576,576,13,0,0.002489678707017738,-0.011804487295741288,Stage20 distance_to_state15,-0.01889516167887223,1.0
branch_04,State_7,381,576,576,13,0,0.002489678707017738,-0.021209418955928275,Stage20 distance_to_state15,-0.01889516167887223,1.0
branch_04,State_7,382,576,576,13,0,0.002489678707017738,-0.017081078556472735,Stage20 distance_to_state15,-0.01889516167887223,1.0
branch_04,State_7,383,576,576,13,0,0.002489678707017738,-0.014170881870743234,Stage20 distance_to_state15,-0.01889516167887223,1.0
branch_04,State_7,384,576,576,13,0,0.002489678707017738,-0.019999567434047023,Stage20 distance_to_state15,-0.01889516167887223,1.0
branch_04,State_7,385,576,576,13,0,0.002489678707017738,-0.02368884061213898,Stage20 distance_to_state15,-0.01889516167887223,1.0
branch_04,State_7,386,576,576,13,0,0.002489678707017738,-0.02151124191419216,Stage20 distance_to_state15,-0.01889516167887223,1.0
branch_04,State_7,387,576,576,13,0,0.002489678707017738,-0.02461276989660667,Stage20 distance_to_state15,-0.01889516167887223,1.0
branch_04,State_7,388,576,576,13,0,0.002489678707017738,-0.0198778267548402,Stage20 distance_to_state15,-0.01889516167887223,1.0
branch_04,State_7,389,576,576,13,0,0.002489678707017738,-0.015081792436354751,Stage20 distance_to_state15,-0.01889516167887223,1.0
branch_04,State_7,390,576,576,13,0,0.002489678707017738,-0.01737723544618728,Stage20 distance_to_state15,-0.01889516167887223,1.0
branch_04,State_7,391,576,576,13,0,0.002489678707017738,-0.014585889382002584,Stage20 distance_to_state15,-0.01889516167887223,1.0
branch_04,State_7,392,576,576,13,0,0.002489678707017738,-0.011736999799453638,Stage20 distance_to_state15,-0.01889516167887223,1.0
branch_04,State_7,393,576,576,13,0,0.002489678707017738,-0.02089243892736272,Stage20 distance_to_state15,-0.01889516167887223,1.0
branch_04,State_7,394,576,576,13,0,0.002489678707017738,-0.01421119349267344,Stage20 distance_to_state15,-0.01889516167887223,1.0
branch_04,State_7,395,576,576,13,0,0.002489678707017738,-0.01664542215229372,Stage20 distance_to_state15,-0.01889516167887223,1.0
branch_04,State_7,396,576,576,13,0,0.002489678707017738,-0.023704920733005994,Stage20 distance_to_state15,-0.01889516167887223,1.0
branch_04,State_7,397,576,576,13,0,0.002489678707017738,-0.014306112099452047,Stage20 distance_to_state15,-0.01889516167887223,1.0
branch_04,State_7,398,576,576,13,0,0.002489678707017738,-0.015980721390596593,Stage20 distance_to_state15,-0.01889516167887223,1.0
branch_04,State_7,399,576,576,13,0,0.002489678707017738,-0.02571447906640113,Stage20 distance_to_state15,-0.01889516167887223,1.0
branch_04,State_7,400,576,576,13,0,0.002489678707017738,-0.010520948097266978,Stage20 distance_to_state15,-0.01889516167887223,1.0
branch_04,State_7,401,576,576,13,0,0.002489678707017738,-0.019944828693985076,Stage20 distance_to_state15,-0.01889516167887223,1.0
branch_04,State_7,402,576,576,13,0,0.002489678707017738,-0.031141171976282026,Stage20 distance_to_state15,-0.01889516167887223,1.0
branch_04,State_7,403,576,576,13,0,0.002489678707017738,-0.031142540339512043,Stage20 distance_to_state15,-0.01889516167887223,1.0
branch_04,State_7,404,576,576,13,0,0.002489678707017738,-0.01209083100550099,Stage20 distance_to_state15,-0.01889516167887223,1.0
branch_04,State_7,405,576,576,13,0,0.002489678707017738,-0.014183989435161515,Stage20 distance_to_state15,-0.01889516167887223,1.0
branch_04,State_7,406,576,576,13,0,0.002489678707017738,-0.020414169512169678,Stage20 distance_to_state15,-0.01889516167887223,1.0
branch_04,State_7,407,576,576,13,0,0.002489678707017738,-0.01497980613439579,Stage20 distance_to_state15,-0.01889516167887223,1.0
branch_04,State_7,408,576,576,13,0,0.002489678707017738,-0.02186252295475928,Stage20 distance_to_state15,-0.01889516167887223,1.0
branch_04,State_7,409,576,576,13,0,0.002489678707017738,-0.028150497374340635,Stage20 distance_to_state15,-0.01889516167887223,1.0
branch_04,State_7,410,576,576,13,0,0.002489678707017738,-0.018635915203157726,Stage20 distance_to_state15,-0.01889516167887223,1.0
branch_04,State_7,411,576,576,13,0,0.002489678707017738,-0.011616954621153957,Stage20 distance_to_state15,-0.01889516167887223,1.0
branch_04,State_7,412,576,576,13,0,0.002489678707017738,-0.013438797360839104,Stage20 distance_to_state15,-0.01889516167887223,1.0
branch_04,State_7,413,576,576,13,0,0.002489678707017738,-0.019221551274037817,Stage20 distance_to_state15,-0.01889516167887223,1.0
branch_04,State_7,414,576,576,13,0,0.002489678707017738,-0.019193336679060154,Stage20 distance_to_state15,-0.01889516167887223,1.0
branch_04,State_7,415,576,576,13,0,0.002489678707017738,-0.022223073924713184,Stage20 distance_to_state15,-0.01889516167887223,1.0
branch_04,State_7,416,576,576,13,0,0.002489678707017738,-0.01855090283748836,Stage20 distance_to_state15,-0.01889516167887223,1.0
branch_04,State_7,417,576,576,13,0,0.002489678707017738,-0.017877895548273362,Stage20 distance_to_state15,-0.01889516167887223,1.0
branch_04,State_7,418,576,576,13,0,0.002489678707017738,-0.018874945990195104,Stage20 distance_to_state15,-0.01889516167887223,1.0
branch_04,State_7,419,576,576,13,0,0.002489678707017738,-0.013497157122233294,Stage20 distance_to_state15,-0.01889516167887223,1.0
branch_04,State_7,420,576,576,13,0,0.002489678707017738,-0.03000407936845054,Stage20 distance_to_state15,-0.01889516167887223,1.0
branch_04,State_7,421,576,576,13,0,0.002489678707017738,-0.01541960055906613,Stage20 distance_to_state15,-0.01889516167887223,1.0
branch_04,State_7,422,576,576,13,0,0.002489678707017738,-0.015630365972395387,Stage20 distance_to_state15,-0.01889516167887223,1.0
branch_04,State_7,423,576,576,13,0,0.002489678707017738,-0.018026187281972566,Stage20 distance_to_state15,-0.01889516167887223,1.0
branch_04,State_7,424,576,576,13,0,0.002489678707017738,-0.017993748715902112,Stage20 distance_to_state15,-0.01889516167887223,1.0
branch_04,State_7,425,576,576,13,0,0.002489678707017738,-0.011016937254743505,Stage20 distance_to_state15,-0.01889516167887223,1.0
branch_04,State_7,426,576,576,13,0,0.002489678707017738,-0.017375396483352182,Stage20 distance_to_state15,-0.01889516167887223,1.0
branch_04,State_7,427,576,576,13,0,0.002489678707017738,-0.02011702121347659,Stage20 distance_to_state15,-0.01889516167887223,1.0
branch_04,State_7,428,576,576,13,0,0.002489678707017738,-0.025722720360199833,Stage20 distance_to_state15,-0.01889516167887223,1.0
branch_04,State_7,429,576,576,13,0,0.002489678707017738,-0.01639085382317726,Stage20 distance_to_state15,-0.01889516167887223,1.0
branch_04,State_7,430,576,576,13,0,0.002489678707017738,-0.02025521784214409,Stage20 distance_to_state15,-0.01889516167887223,1.0
branch_04,State_7,431,576,576,13,0,0.002489678707017738,-0.021088102969514376,Stage20 distance_to_state15,-0.01889516167887223,1.0
branch_04,State_7,432,576,576,13,0,0.002489678707017738,-0.01948146817562147,Stage20 distance_to_state15,-0.01889516167887223,1.0
branch_04,State_7,433,576,576,13,0,0.002489678707017738,-0.017898837136637365,Stage20 distance_to_state15,-0.01889516167887223,1.0
branch_04,State_7,434,576,576,13,0,0.002489678707017738,-0.021772817805225643,Stage20 distance_to_state15,-0.01889516167887223,1.0
branch_04,State_7,435,576,576,13,0,0.002489678707017738,-0.013172668217103677,Stage20 distance_to_state15,-0.01889516167887223,1.0
branch_04,State_7,436,576,576,13,0,0.002489678707017738,-0.007817519183919215,Stage20 distance_to_state15,-0.01889516167887223,1.0
branch_04,State_7,437,576,576,13,0,0.002489678707017738,-0.01951945051418126,Stage20 distance_to_state15,-0.01889516167887223,1.0
branch_04,State_7,438,576,576,13,0,0.002489678707017738,-0.022483310510314082,Stage20 distance_to_state15,-0.01889516167887223,1.0
branch_04,State_7,439,576,576,13,0,0.002489678707017738,-0.01524247698361066,Stage20 distance_to_state15,-0.01889516167887223,1.0
branch_04,State_7,440,576,576,13,0,0.002489678707017738,-0.010458615238759204,Stage20 distance_to_state15,-0.01889516167887223,1.0
branch_04,State_7,441,576,576,13,0,0.002489678707017738,-0.010957147206393635,Stage20 distance_to_state15,-0.01889516167887223,1.0
branch_04,State_7,442,576,576,13,0,0.002489678707017738,-0.01816147454133,Stage20 distance_to_state15,-0.01889516167887223,1.0
branch_04,State_7,443,576,576,13,0,0.002489678707017738,-0.013832104008109181,Stage20 distance_to_state15,-0.01889516167887223,1.0
branch_04,State_7,444,576,576,13,0,0.002489678707017738,-0.022372596871102386,Stage20 distance_to_state15,-0.01889516167887223,1.0
branch_04,State_7,445,576,576,13,0,0.002489678707017738,-0.022920063009380157,Stage20 distance_to_state15,-0.01889516167887223,1.0
branch_04,State_7,446,576,576,13,0,0.002489678707017738,-0.011737763845219525,Stage20 distance_to_state15,-0.01889516167887223,1.0
branch_04,State_7,447,576,576,13,0,0.002489678707017738,-0.025382319059171786,Stage20 distance_to_state15,-0.01889516167887223,1.0
branch_04,State_7,448,576,576,13,0,0.002489678707017738,-0.01898403598644529,Stage20 distance_to_state15,-0.01889516167887223,1.0
branch_04,State_7,449,576,576,13,0,0.002489678707017738,-0.018683139838321313,Stage20 distance_to_state15,-0.01889516167887223,1.0
branch_04,State_7,450,576,576,13,0,0.002489678707017738,-0.022271691792472226,Stage20 distance_to_state15,-0.01889516167887223,1.0
branch_04,State_7,451,576,576,13,0,0.002489678707017738,-0.01812858734444925,Stage20 distance_to_state15,-0.01889516167887223,1.0
branch_04,State_7,452,576,576,13,0,0.002489678707017738,-0.019963407752384556,Stage20 distance_to_state15,-0.01889516167887223,1.0
branch_04,State_7,453,576,576,13,0,0.002489678707017738,-0.020786188033256936,Stage20 distance_to_state15,-0.01889516167887223,1.0
branch_04,State_7,454,576,576,13,0,0.002489678707017738,-0.015294901874214055,Stage20 distance_to_state15,-0.01889516167887223,1.0
branch_04,State_7,455,576,576,13,0,0.002489678707017738,-0.013099216605782466,Stage20 distance_to_state15,-0.01889516167887223,1.0
branch_04,State_7,456,576,576,13,0,0.002489678707017738,-0.024568935098326618,Stage20 distance_to_state15,-0.01889516167887223,1.0
branch_04,State_7,457,576,576,13,0,0.002489678707017738,-0.010971593153767396,Stage20 distance_to_state15,-0.01889516167887223,1.0
branch_04,State_7,458,576,576,13,0,0.002489678707017738,-0.021496583939218817,Stage20 distance_to_state15,-0.01889516167887223,1.0
branch_04,State_7,459,576,576,13,0,0.002489678707017738,-0.015118189231243912,Stage20 distance_to_state15,-0.01889516167887223,1.0
branch_04,State_7,460,576,576,13,0,0.002489678707017738,-0.02426098689406406,Stage20 distance_to_state15,-0.01889516167887223,1.0
branch_04,State_7,461,576,576,13,0,0.002489678707017738,-0.017185187055240463,Stage20 distance_to_state15,-0.01889516167887223,1.0
branch_04,State_7,462,576,576,13,0,0.002489678707017738,-0.01854554638190332,Stage20 distance_to_state15,-0.01889516167887223,1.0
branch_04,State_7,463,576,576,13,0,0.002489678707017738,-0.013442594590589926,Stage20 distance_to_state15,-0.01889516167887223,1.0
branch_04,State_7,464,576,576,13,0,0.002489678707017738,-0.016772574905427832,Stage20 distance_to_state15,-0.01889516167887223,1.0
branch_04,State_7,465,576,576,13,0,0.002489678707017738,-0.02357629765359299,Stage20 distance_to_state15,-0.01889516167887223,1.0
branch_04,State_7,466,576,576,13,0,0.002489678707017738,-0.011062400899298736,Stage20 distance_to_state15,-0.01889516167887223,1.0
branch_04,State_7,467,576,576,13,0,0.002489678707017738,-0.017620646621715683,Stage20 distance_to_state15,-0.01889516167887223,1.0
branch_04,State_7,468,576,576,13,0,0.002489678707017738,-0.018306857820816973,Stage20 distance_to_state15,-0.01889516167887223,1.0
branch_04,State_7,469,576,576,13,0,0.002489678707017738,-0.018649746855702493,Stage20 distance_to_state15,-0.01889516167887223,1.0
branch_04,State_7,470,576,576,13,0,0.002489678707017738,-0.012952836829883334,Stage20 distance_to_state15,-0.01889516167887223,1.0
branch_04,State_7,471,576,576,13,0,0.002489678707017738,-0.021472980847110905,Stage20 distance_to_state15,-0.01889516167887223,1.0
branch_04,State_7,472,576,576,13,0,0.002489678707017738,-0.015884174537972334,Stage20 distance_to_state15,-0.01889516167887223,1.0
branch_04,State_7,473,576,576,13,0,0.002489678707017738,-0.0198421219979915,Stage20 distance_to_state15,-0.01889516167887223,1.0
branch_04,State_7,474,576,576,13,0,0.002489678707017738,-0.025583706632917376,Stage20 distance_to_state15,-0.01889516167887223,1.0
branch_04,State_7,475,576,576,13,0,0.002489678707017738,-0.017046668983592982,Stage20 distance_to_state15,-0.01889516167887223,1.0
branch_04,State_7,476,576,576,13,0,0.002489678707017738,-0.009817621352705044,Stage20 distance_to_state15,-0.01889516167887223,1.0
branch_04,State_7,477,576,576,13,0,0.002489678707017738,-0.013782080858354907,Stage20 distance_to_state15,-0.01889516167887223,1.0
branch_04,State_7,478,576,576,13,0,0.002489678707017738,-0.025982696443154825,Stage20 distance_to_state15,-0.01889516167887223,1.0
branch_04,State_7,479,576,576,13,0,0.002489678707017738,-0.020692296117428503,Stage20 distance_to_state15,-0.01889516167887223,1.0
branch_04,State_7,480,576,576,13,0,0.002489678707017738,-0.0206145930770926,Stage20 distance_to_state15,-0.01889516167887223,1.0
branch_04,State_7,481,576,576,13,0,0.002489678707017738,-0.022933582298447275,Stage20 distance_to_state15,-0.01889516167887223,1.0
branch_04,State_7,482,576,576,13,0,0.002489678707017738,-0.02363220056552038,Stage20 distance_to_state15,-0.01889516167887223,1.0
branch_04,State_7,483,576,576,13,0,0.002489678707017738,-0.020797188273192158,Stage20 distance_to_state15,-0.01889516167887223,1.0
branch_04,State_7,484,576,576,13,0,0.002489678707017738,-0.026628721964671847,Stage20 distance_to_state15,-0.01889516167887223,1.0
branch_04,State_7,485,576,576,13,0,0.002489678707017738,-0.018451178350553144,Stage20 distance_to_state15,-0.01889516167887223,1.0
branch_04,State_7,486,576,576,13,0,0.002489678707017738,-0.023547191274273106,Stage20 distance_to_state15,-0.01889516167887223,1.0
branch_04,State_7,487,576,576,13,0,0.002489678707017738,-0.007406013466700239,Stage20 distance_to_state15,-0.01889516167887223,1.0
branch_04,State_7,488,576,576,13,0,0.002489678707017738,-0.02231135579858233,Stage20 distance_to_state15,-0.01889516167887223,1.0
branch_04,State_7,489,576,576,13,0,0.002489678707017738,-0.022085883681475252,Stage20 distance_to_state15,-0.01889516167887223,1.0
branch_04,State_7,490,576,576,13,0,0.002489678707017738,-0.024942052684911266,Stage20 distance_to_state15,-0.01889516167887223,1.0
branch_04,State_7,491,576,576,13,0,0.002489678707017738,-0.01699698589134132,Stage20 distance_to_state15,-0.01889516167887223,1.0
branch_04,State_7,492,576,576,13,0,0.002489678707017738,-0.019915511797793273,Stage20 distance_to_state15,-0.01889516167887223,1.0
branch_04,State_7,493,576,576,13,0,0.002489678707017738,-0.015104659989615575,Stage20 distance_to_state15,-0.01889516167887223,1.0
branch_04,State_7,494,576,576,13,0,0.002489678707017738,-0.010868294070532825,Stage20 distance_to_state15,-0.01889516167887223,1.0
branch_04,State_7,495,576,576,13,0,0.002489678707017738,-0.022559671579589213,Stage20 distance_to_state15,-0.01889516167887223,1.0
branch_04,State_7,496,576,576,13,0,0.002489678707017738,-0.017583770550926834,Stage20 distance_to_state15,-0.01889516167887223,1.0
branch_04,State_7,497,576,576,13,0,0.002489678707017738,-0.021036889941047077,Stage20 distance_to_state15,-0.01889516167887223,1.0
branch_04,State_7,498,576,576,13,0,0.002489678707017738,-0.01706687281224634,Stage20 distance_to_state15,-0.01889516167887223,1.0
branch_04,State_7,499,576,576,13,0,0.002489678707017738,-0.020363716921705206,Stage20 distance_to_state15,-0.01889516167887223,1.0
