analysis_cell_id,cell_id,state,patient,dataset,latent_distance_to_State15,min_graph_hop_to_State15,fraction_of_State15_neighbors,distance_segment,LAMCORE_full,LAMCORE_no_gate,LAMCORE_outside_scVI,LAMCORE_independent,CORE1,CORE2,CORE3,melanocytic,myogenic,VEGFD,CTSK,lam_support,HOX_PBX,hormone,ECM,protease,mTOR_translation,T_NK,macrophage,AT2,endothelial,lymphatic_endothelial,fibroblast,pericyte_VSMC,mesothelial,ciliated
GSE302356::LAM10:AGCCGCTAGAGGATAT-1,GSE302356::LAM10:AGCCGCTAGAGGATAT-1,State_16,LAM3,GSE302356,1.923887133598328,1,0.30303030303030304,near,0.5023905634880066,0.497761994600296,0.4390811324119568,0.4351464807987213,1.5933865308761597,0.2067614793777465,0.979795217514038,0.5513639450073242,2.274202823638916,0.0,0.0,0.5513639450073242,0.6415329575538635,0.8463547825813293,0.8639186024665833,0.1503719836473465,0.2042472064495086,0.0,0.300743967294693,1.1233595609664917,0.0,0.0,1.126240849494934,1.1424416303634644,0.0,0.0
GSE190260::LAM1163:CATATGGGTATATGAG-1,GSE190260::LAM1163:CATATGGGTATATGAG-1,State_16,LAM1163,GSE190260,2.352940320968628,1,0.02,near,0.1718351393938064,0.1614196002483368,0.1086325868964195,0.1092766523361206,1.7584763765335083,0.5451792478561401,1.246124029159546,0.0,2.680799961090088,0.0,4.361433982849121,1.4538112878799438,0.0,0.0,0.3964940011501312,0.3964940011501312,2.163010835647583,0.0,0.3346332907676697,0.7531763315200806,0.0,0.0,0.0,1.7858119010925293,0.0,0.0
GSE190260::LAM1163:ACATACGCACTGTTAG-1,GSE190260::LAM1163:ACATACGCACTGTTAG-1,State_16,LAM1163,GSE190260,2.3722453117370605,1,0.043478260869565216,near,0.2061393707990646,0.1956655383110046,0.1200603619217872,0.1207721829414367,2.305201530456543,0.971937656402588,1.2864397764205933,0.0,2.4822208881378174,0.0,4.33617639541626,1.44539213180542,0.0,0.0,0.3941978514194488,0.6467215418815613,1.964916706085205,0.0,0.5050473213195801,0.0,0.0,0.0,0.25252366065979,1.898149013519287,0.0,0.1851840168237686
GSE135851::LAM3:CCTTTCTCACAGGTTT-1,GSE135851::LAM3:CCTTTCTCACAGGTTT-1,State_16,LAM3,GSE135851,2.380699396133423,1,0.06976744186046512,near,0.2907372117042541,0.2742207050323486,0.1445323526859283,0.1453892737627029,1.9998422861099243,1.1051204204559326,1.9942948818206787,0.7024102807044983,1.7063668966293335,2.10723090171814,4.626501560211182,2.244577407836914,0.2634038627147674,0.0,0.6694697141647339,0.6694697141647339,2.0038998126983643,0.0,0.6320115327835083,1.4303948879241943,0.0,0.0,0.2488786578178405,2.079048156738281,0.0,0.0
GSE190260::LAM1163:TGAGCATCAGACAGGT-1,GSE190260::LAM1163:TGAGCATCAGACAGGT-1,State_16,LAM1163,GSE190260,2.3833742141723637,1,0.03773584905660377,near,0.2086114585399627,0.1978252232074737,0.1027205362915992,0.1033295542001724,2.75879979133606,0.5489116907119751,1.321133732795715,0.0,2.5622830390930176,0.0,4.391293525695801,1.4637645483016968,0.0,0.0,0.399208515882492,0.399208515882492,1.7605572938919067,0.0,0.2572915256023407,0.0,0.0,0.0,0.0,2.608186960220337,0.0,0.0
GSE190260::LAM1163:TTTGGTTTCAGGCAAG-1,GSE190260::LAM1163:TTTGGTTTCAGGCAAG-1,State_16,LAM1163,GSE190260,2.3922786712646484,1,0.1794871794871795,near,0.288445383310318,0.2804271876811981,0.1806560009717941,0.1817270815372467,1.84912371635437,0.6234954595565796,1.1154637336730957,0.0,2.171509265899658,0.0,3.431691646575928,1.1438971757888794,0.0,0.2223246097564697,0.7892917990684509,0.7006943821907043,1.758258819580078,0.5558115243911743,0.251851350069046,0.5344933271408081,0.0,0.0,0.4773198068141937,1.593448519706726,0.0,0.0
GSE135851::LAM3:TGAGGGAAGGGTTCCC-1,GSE135851::LAM3:TGAGGGAAGGGTTCCC-1,State_16,LAM3,GSE135851,2.4406912326812744,1,0.06818181818181818,near,0.1763144135475158,0.1657060533761978,0.089628554880619,0.0901599451899528,0.994577944278717,0.6817028522491455,1.270490646362305,0.8011226058006287,1.9477264881134035,0.0,3.050254821777344,1.0167516469955444,0.3004209697246551,0.0,0.2772958874702453,0.2772958874702453,2.099477529525757,0.0,0.4369759559631347,0.9298609495162964,0.0,0.0,0.0,1.1499836444854736,0.0,0.0
GSE190260::LAM1163:ACGGGCTGTTCGTGAT-1,GSE190260::LAM1163:ACGGGCTGTTCGTGAT-1,State_16,LAM1163,GSE190260,2.496468544006348,1,0.06521739130434782,near,0.2608412206172943,0.2489027231931686,0.1231922432780265,0.1239226311445236,1.3595311641693115,1.1133888959884644,1.492211103439331,0.8187494277954102,1.331538200378418,0.0,3.994614601135254,1.331538200378418,0.0,0.0,1.4334160089492798,0.868766725063324,1.686820149421692,0.1754463016986847,0.3178173303604126,0.0,0.0,0.4912496507167816,1.070269227027893,1.482515573501587,0.3508926033973694,0.0
GSE135851::LAM3:GCATGCGGTTACTGAC-1,GSE135851::LAM3:GCATGCGGTTACTGAC-1,State_16,LAM3,GSE135851,2.510892629623413,1,0.023809523809523808,near,0.2775269746780395,0.2612114250659942,0.1477392464876175,0.1486151814460754,2.765634775161743,1.286027908325195,1.9603592157363887,0.6492660641670227,3.947683334350586,1.947798252105713,4.444828033447266,2.1308753490448,0.2434747815132141,0.0,0.7582204341888428,0.7582204341888428,1.8862451314926147,0.1391284465789795,1.1750143766403198,0.8052475452423096,0.0,0.0,0.1770725697278976,2.563490390777588,0.0,0.0
GSE302356::LAM10:CGTATTGCAAATTGCT-1,GSE302356::LAM10:CGTATTGCAAATTGCT-1,State_16,LAM3,GSE302356,2.536205530166626,1,0.02564102564102564,near,0.6415849328041077,0.6292496919631958,0.5743097066879272,0.5678934454917908,1.9951202869415283,0.8984280228614807,1.913877367973328,1.1233137845993042,3.055883407592773,1.2787138223648071,2.538769245147705,2.082763671875,0.7585724592208862,0.9366236925125122,0.4574804902076721,0.2307972013950348,0.5945531725883484,0.0,0.1442534774541854,0.7108526229858398,0.0,0.0,0.370936781167984,1.797332525253296,0.0,0.1108229458332061
GSE190260::LAM1163:GAATGAATCGGATGGA-1,GSE190260::LAM1163:GAATGAATCGGATGGA-1,State_16,LAM1163,GSE190260,2.5381999015808105,1,0.07317073170731707,near,0.1793413311243057,0.1630402505397796,0.0615899376571178,0.0619550943374633,1.7727625370025637,1.1888800859451294,1.860681653022766,1.4706629514694214,1.1712435483932495,0.0,5.0990519523620605,1.6996840238571167,0.0,0.0,1.2408050298690796,0.7226350903511047,1.6104639768600464,0.0,0.3810793757438659,0.0,0.0,0.0,1.0363397598266602,1.531164526939392,0.4071334898471832,0.0
GSE135851::LAM3:ATGCGATCACGAAGCA-1,GSE135851::LAM3:ATGCGATCACGAAGCA-1,State_16,LAM3,GSE135851,2.569139003753662,1,0.058823529411764705,near,0.2537277042865753,0.2394092828035354,0.1463896632194519,0.1472575962543487,1.9512654542922971,1.1776295900344849,1.7305703163146973,0.991432249546051,1.555306077003479,0.0,4.473777294158936,1.4912590980529783,0.2466202974319458,0.0,0.4067070186138153,0.586067259311676,1.6031326055526731,0.1409258842468261,0.4151831865310669,1.552170753479004,0.0,0.0,0.2953750789165497,1.871543288230896,0.0,0.0
GSE190260::LAM1163:CCCATACGTGTTTGGT-1,GSE190260::LAM1163:CCCATACGTGTTTGGT-1,State_16,LAM1163,GSE190260,2.5729546546936035,1,0.36585365853658536,near,0.2868771851062774,0.2742159962654114,0.1630068272352218,0.1599282026290893,1.908460259437561,1.1839523315429688,1.5927873849868774,1.36453378200531,1.2415645122528076,0.0,3.33121657371521,1.1104055643081665,0.0,0.0,0.7319283485412598,0.4889106452465057,1.88300359249115,0.0,0.3927095532417297,1.5351004600524902,0.0,0.4093601107597351,0.5207796096801758,1.595256209373474,0.2924000918865204,0.0
GSE190260::LAM1163:GGAACTTAGCGTTGCC-1,GSE190260::LAM1163:GGAACTTAGCGTTGCC-1,State_16,LAM1163,GSE190260,2.5757572650909424,1,0.030303030303030304,near,0.1592705249786377,0.1474856436252594,0.0761590227484703,0.0718223974108696,1.778755784034729,0.7354120016098022,1.374797224998474,0.8076029419898987,1.246761441230774,0.0,3.460487127304077,1.1534956693649292,0.0,0.0,0.3145897388458252,0.3145897388458252,2.229865550994873,0.0,0.3145897388458252,0.6057022213935852,0.0,0.0,0.0,1.899111270904541,0.0,0.0
GSE302356::LAM10:GTGCTTACAATAGCCC-1,GSE302356::LAM10:GTGCTTACAATAGCCC-1,State_16,LAM3,GSE302356,2.589860677719116,1,0.023255813953488372,near,0.472880870103836,0.4634088277816772,0.4035117626190185,0.4001747667789459,1.641067624092102,0.9695343375205994,1.449855923652649,1.759652614593506,2.5457603931427,0.0,1.2386583089828491,0.4128861129283905,0.7549518346786499,0.0,0.2252106070518493,0.1126053035259246,0.4992054402828216,0.0,0.0,0.955756425857544,0.0,0.0,0.3055701851844787,1.1972665786743164,0.0,0.0825772210955619
GSE190260::LAM1163:AGGGAGTCACTCTGTC-1,GSE190260::LAM1163:AGGGAGTCACTCTGTC-1,State_16,LAM1163,GSE190260,2.6016321182250977,1,0.1875,near,0.2272900491952896,0.2201258689165115,0.1468564867973327,0.1428690701723098,1.6747174263000488,0.614549994468689,0.9662250280380248,0.8194000124931335,1.4351251125335691,0.0,2.458199977874756,0.8194000124931335,0.0,0.0,0.2234727293252945,0.2234727293252945,2.157888412475586,0.0,0.2234727293252945,0.0,0.0,0.0,0.0,1.5249710083007812,0.0,0.0
GSE302356::LAM10:AAGTTTGTCTTGCAGG-1,GSE302356::LAM10:AAGTTTGTCTTGCAGG-1,State_16,LAM3,GSE302356,2.6100802421569824,1,0.022222222222222223,near,0.578240692615509,0.5643847584724426,0.4851808249950409,0.4744033813476562,1.362673044204712,0.962816834449768,2.007378578186035,1.1668689250946045,2.537243604660034,2.278726816177368,0.0,1.895678997039795,0.8745110034942627,0.8124338388442993,0.4982389509677887,0.0,0.0,0.0,0.2484458684921264,0.4808002710342407,0.0,0.4557453989982605,0.7972983717918396,1.4131120443344116,0.5207399129867554,0.091096818447113
GSE302356::LAM10:TGAGGAGGTCGCGCAA-1,GSE302356::LAM10:TGAGGAGGTCGCGCAA-1,State_16,LAM3,GSE302356,2.6378934383392334,1,0.0425531914893617,near,0.5745097994804382,0.5639781355857849,0.5197216868400574,0.5167196393013,1.5889322757720947,0.6618791222572327,1.6607755422592163,0.3711200654506683,2.5847160816192627,1.9648321866989136,2.216840505599976,2.048835039138794,0.8372368216514587,0.6261121034622192,0.75430828332901,0.5051746368408203,0.5289692878723145,0.0,0.4515627324581146,1.2980130910873413,0.1113360226154327,0.2226720452308654,0.4515627324581146,1.4444267749786377,0.0,0.0
GSE302356::LAM10:TGTTGTTTCTGTTGCC-1,GSE302356::LAM10:TGTTGTTTCTGTTGCC-1,State_16,LAM3,GSE302356,2.6395552158355717,1,0.02127659574468085,near,0.6110545992851257,0.6037680506706238,0.5684412121772766,0.5603885650634766,1.7347017526626587,0.299958735704422,1.3626059293746948,0.4800343513488769,2.3679842948913574,0.0,0.0,1.4466190338134766,0.6692061424255371,1.0437997579574585,0.1744666844606399,0.3023984730243683,0.3053851425647735,0.0,0.1744666844606399,0.9599431753158568,0.0,0.0,0.4676662385463714,1.2469981908798218,0.2057290077209472,0.0
GSE302356::LAM10:CTGTGTGAGCCTGGTA-1,GSE302356::LAM10:CTGTGTGAGCCTGGTA-1,State_16,LAM3,GSE302356,2.640310525894165,1,0.034482758620689655,near,0.3818875551223755,0.3734148740768432,0.3475164473056793,0.3388638198375702,1.4620301723480225,0.3387983441352844,1.2557836771011353,0.9034622311592102,1.8171149492263796,0.0,0.0,0.9034622311592102,0.5990023612976074,0.7743961811065674,0.0,0.0,0.1892392784357071,0.0,0.0,1.1980047225952148,0.0,0.0,0.0,1.200381875038147,0.0,0.2775509357452392
GSE302356::LAM4:CCCGAAGGTATGGAAT-1,GSE302356::LAM4:CCCGAAGGTATGGAAT-1,State_16,LAM18,GSE302356,2.6544318199157715,1,0.08823529411764706,near,0.2550425827503204,0.2441114485263824,0.1283497810363769,0.1291107535362243,2.539313554763794,0.8201577067375183,1.3825125694274902,0.0,2.563726663589477,0.0,4.273835182189941,1.4246116876602173,0.2859283089637756,0.0,0.8044261932373047,0.8627034425735474,0.7624551653862,0.0,0.474172979593277,0.0,0.0,0.0,0.5093982815742493,2.0890400409698486,0.0,0.0
GSE302356::LAM10:GGTCCGTAGCTTGCTC-1,GSE302356::LAM10:GGTCCGTAGCTTGCTC-1,State_16,LAM3,GSE302356,2.7072625160217285,1,0.08771929824561403,near,0.351745992898941,0.338701456785202,0.290090948343277,0.2825019657611847,1.124760627746582,0.5887880325317383,1.6971973180770874,0.8893957138061523,1.709320068359375,0.0,2.042117118835449,1.3614113330841064,0.3335233926773071,0.2917309999465942,0.79950350522995,0.556941032409668,0.0,0.0,0.0,0.9298609495162964,0.2042117118835449,0.0,0.4282094836235046,1.2534372806549072,0.0,0.1361411362886428
GSE135851::LAM1:TGCCCTAGTCCATGAT-1,GSE135851::LAM1:TGCCCTAGTCCATGAT-1,State_16,LAM1,GSE135851,2.7340962886810303,1,0.1935483870967742,near,0.3018938899040222,0.2929888963699341,0.1739728301763534,0.1720467060804367,2.485886573791504,0.3373746573925018,1.2203810214996338,0.0,3.108894109725952,0.0,2.698997259140014,1.3985120058059692,0.1870673596858978,0.2137912660837173,0.3814123868942261,0.517461359500885,2.047921895980835,0.0,0.5441959500312805,0.6083729267120361,0.0,0.0,0.2720979750156402,2.44043493270874,0.0,0.0
GSE190260::LAM1163:GAATGAAGTACTCGCG-1,GSE190260::LAM1163:GAATGAAGTACTCGCG-1,State_16,LAM1163,GSE190260,2.740459680557251,1,0.08,near,0.1579020619392395,0.1373098194599151,0.0534993335604667,0.0481287948787212,1.1065715551376345,1.3328683376312256,2.281843900680542,0.9593303799629213,1.7699869871139526,0.0,4.90696382522583,2.594985008239746,0.0,0.4111416041851043,1.6134699583053589,0.7077232003211975,1.7456285953521729,0.0,0.2616355717182159,1.0552960634231567,0.0,0.0,1.4894379377365112,0.9775469899177552,0.0,0.0
GSE135851::LAM3:TAGTTGGGTCTCTTAT-1,GSE135851::LAM3:TAGTTGGGTCTCTTAT-1,State_16,LAM3,GSE135851,2.7502541542053223,1,0.038461538461538464,near,0.1382494121789932,0.1295907795429229,0.0514084808528423,0.0517132729291915,1.5805401802062988,0.4090791344642639,1.0313254594802856,0.0,1.315548300743103,0.0,3.2726330757141118,1.090877652168274,0.0,0.0,0.5353931784629822,0.2975120842456817,1.7968504428863523,0.0,1.0707863569259644,1.0864124298095703,0.0,0.0,0.0,1.688550353050232,0.0,0.0
GSE302356::LAM4:CGGGTGTTCAAACCCA-1,GSE302356::LAM4:CGGGTGTTCAAACCCA-1,State_16,LAM18,GSE302356,2.750612258911133,2,0.0,near,0.1392203867435455,0.1281193196773529,0.0762512609362602,0.0767033398151397,1.7072954177856443,0.8298283219337463,1.2842161655426023,0.0,1.7788056135177612,0.0,3.653096437454224,1.2176988124847412,0.0,0.0,0.3320996761322021,0.3320996761322021,1.2430949211120603,0.0,0.2714118063449859,0.7463825345039368,0.0,0.0,0.0,1.5176734924316406,0.0,0.0
GSE302356::LAM3:CGGTCAGGTGCCTGAC-1,GSE302356::LAM3:CGGTCAGGTGCCTGAC-1,State_16,LAM32,GSE302356,2.769587993621826,2,0.0,near,0.1613998711109161,0.1532203406095504,0.0964707508683204,0.0970427170395851,1.639671802520752,0.3731912672519684,1.0050595998764038,0.0,1.34996235370636,0.0,2.985530138015747,0.9951766729354858,0.0,0.0,0.2714118063449859,0.2714118063449859,1.0856472253799438,0.0,0.0,0.0,0.0,0.0,0.0,1.6463334560394287,0.0,0.0
GSE302356::LAM10:GATAATCGTGTTTGCT-1,GSE302356::LAM10:GATAATCGTGTTTGCT-1,State_16,LAM3,GSE302356,2.7759969234466557,1,0.09090909090909091,near,0.4191007912158966,0.4131848216056824,0.3449500203132629,0.3366614580154419,1.4723379611968994,0.2470209747552871,1.0292912721633911,0.6587225794792175,2.8271915912628174,0.0,0.0,1.084234595298767,0.3722286224365234,0.4646719396114349,0.4753519594669342,0.0,0.7186064720153809,0.0,0.0,1.4053406715393066,0.1976167857646942,0.3952335715293884,0.655003547668457,1.3626973628997805,0.0,0.0
GSE190260::LAM1163:GTTCTCGCACGGCGTT-1,GSE190260::LAM1163:GTTCTCGCACGGCGTT-1,State_16,LAM1163,GSE190260,2.813210964202881,1,0.02040816326530612,near,0.2102618515491485,0.203512817621231,0.1196579486131668,0.1203673854470253,1.8649187088012693,0.3138239979743957,0.9063755869865416,0.0,2.114876270294189,0.0,2.510591983795166,0.8368639945983887,0.0,0.0,0.2282356321811676,0.4564712643623352,1.719157099723816,0.0,0.2874801456928253,0.0,0.0,0.0,0.2282356321811676,1.8959245681762693,0.0,0.0
GSE190260::LAM1163:TGTTCCGTCCAGATCA-1,GSE190260::LAM1163:TGTTCCGTCCAGATCA-1,State_16,LAM1163,GSE190260,2.8147361278533936,2,0.0,near,0.2235137075185775,0.2161259949207306,0.1372519135475158,0.1380656659603119,1.6105444431304932,0.6227721571922302,0.9855045676231384,0.0,1.225577712059021,0.0,3.221798896789551,1.0739330053329468,0.0,0.0,0.612959623336792,0.612959623336792,2.351757049560547,0.0,0.214873805642128,1.8085054159164429,0.0,0.0,0.4088720977306366,1.369263768196106,0.0,0.0
GSE302356::LAM3:ATGGGAGCACATAGCT-1,GSE302356::LAM3:ATGGGAGCACATAGCT-1,State_16,LAM32,GSE302356,2.817821979522705,2,0.0,near,0.2049703896045684,0.1956203877925872,0.1087631732225418,0.1094080209732055,1.910461664199829,0.377048909664154,1.1693564653396606,1.005463719367981,2.9512829780578613,0.0,0.0,0.0,0.377048909664154,0.0,0.2742173671722412,0.0,1.492605686187744,0.2154565155506134,0.5484347343444824,0.0,0.0,0.0,0.5484347343444824,1.5250070095062256,0.0,0.0
GSE135851::LAM3:GTAGGCCCATGTCCTC-1,GSE135851::LAM3:GTAGGCCCATGTCCTC-1,State_16,LAM3,GSE135851,2.818415403366089,1,0.05405405405405406,near,0.2214706242084503,0.2070284932851791,0.1327565312385559,0.128927543759346,1.369093418121338,1.2483141422271729,1.71107280254364,0.7785787582397461,1.4422441720962524,2.3357362747192383,2.979304790496826,1.7716803550720217,0.0,0.0,0.9078648686408995,0.9078648686408995,1.8015390634536743,0.0,0.6370189785957336,1.7109822034835815,0.0,0.0,0.6955252289772034,1.2166213989257812,0.0,0.0
GSE190260::LAM1163:CTCAGAATCTATCCCG-1,GSE190260::LAM1163:CTCAGAATCTATCCCG-1,State_16,LAM1163,GSE190260,2.820943117141724,1,0.08695652173913043,near,0.1316340118646621,0.1277364492416381,0.0760837420821189,0.0765348300337791,1.1916513442993164,0.1969684809446334,0.5336382985115051,0.5252493023872375,1.2451560497283936,0.0,0.0,0.0,0.0,0.0,0.1432498097419738,0.1432498097419738,2.093001127243042,0.6914587020874023,0.4297493994235992,0.5399300456047058,0.0,0.0,0.1432498097419738,1.2071990966796875,0.0,0.0
GSE302356::LAM10:ACGGGAAGTTAATGCG-1,GSE302356::LAM10:ACGGGAAGTTAATGCG-1,State_16,LAM3,GSE302356,2.8374955654144287,2,0.0,near,0.6239875555038452,0.6132946014404297,0.5329237580299377,0.5271146893501282,1.3390763998031616,1.0971332788467407,1.726884841918945,0.9615821242332458,2.6412720680236816,1.6534082889556885,1.992948532104492,1.76658833026886,0.8269091248512268,0.7571092844009399,1.0984052419662476,0.4908282160758972,0.4106125235557556,0.081099085509777,0.2377741932868957,1.0252807140350342,0.1135387271642685,0.0,0.9149725437164308,1.3016767501831057,0.0,0.0
GSE302356::LAM10:GCTCTGGCAAAGCGGC-1,GSE302356::LAM10:GCTCTGGCAAAGCGGC-1,State_16,LAM3,GSE302356,2.8395509719848637,1,0.023809523809523808,near,0.6056835651397705,0.5955151319503784,0.5587930679321289,0.5525387525558472,1.176981806755066,0.6884100437164307,1.654484510421753,0.6251026391983032,2.4306483268737797,1.0441359281539917,1.5437008142471311,1.8511985540390012,0.8608688712120056,0.912109673023224,0.7585198879241943,0.1403364390134811,0.7511886358261108,0.0,0.1898428946733474,2.3342409133911133,0.0,0.0,0.618183434009552,1.2895628213882446,0.0,0.0
GSE302356::LAM10:GGCTTAAGTCATTGAG-1,GSE302356::LAM10:GGCTTAAGTCATTGAG-1,State_16,LAM3,GSE302356,2.8430709838867188,1,0.023809523809523808,near,0.3330495357513428,0.3289404511451721,0.3508941233158111,0.3425039649009704,0.8287372589111328,0.3311313092708587,0.7568715214729309,0.88301682472229,1.3269492387771606,0.0,0.0,0.88301682472229,0.7935525178909302,0.3784357607364654,0.2408227622509002,0.2408227622509002,0.4816455245018005,0.0,0.4816455245018005,1.4888120889663696,0.264905035495758,0.0,0.0,0.8607723116874695,0.0,0.0
GSE302356::LAM10:GTGGCTTCAATTTAGC-1,GSE302356::LAM10:GTGGCTTCAATTTAGC-1,State_16,LAM3,GSE302356,2.84420108795166,1,0.019230769230769232,near,0.604153573513031,0.5935021638870239,0.5413580536842346,0.5354360938072205,1.9623957872390747,0.7248160243034363,1.7027714252471924,0.966421365737915,2.178372859954834,2.0459790229797363,0.8532851934432983,1.8246225118637085,0.821290910243988,0.9723153710365297,0.4703317880630493,0.2327141463756561,0.5120573043823242,0.0,0.3515229821205139,0.8569721579551697,0.0,0.0,0.4703317880630493,1.427186369895935,0.0,0.0
GSE190260::LAM1163:GCAGCCACAGGTTTCA-1,GSE190260::LAM1163:GCAGCCACAGGTTTCA-1,State_16,LAM1163,GSE190260,2.871548891067505,1,0.029411764705882353,near,0.2364968508481979,0.2228393405675888,0.1379398554563522,0.1387576907873153,1.9504930973052976,0.8853827118873596,1.6451704502105713,0.9567028880119324,1.4777106046676636,0.0,4.212953090667725,1.4043177366256714,0.0,0.0,0.6439146995544434,0.6439146995544434,1.523042917251587,0.0,0.433291345834732,0.0,0.0,0.0,0.2609189748764038,1.6697564125061035,0.0,0.0
GSE135851::LAM3:TTGACTTGTAGCGCAA-1,GSE135851::LAM3:TTGACTTGTAGCGCAA-1,State_16,LAM3,GSE135851,2.884469747543335,1,0.1388888888888889,near,0.2876768112182617,0.2781115770339966,0.2008788585662841,0.199480801820755,1.5716736316680908,0.6283271312713623,1.274260640144348,0.0,2.8662054538726807,1.3100502490997314,1.858283519744873,1.492794632911682,0.1637562811374664,0.3743000626564026,0.5262212753295898,0.5760607123374939,0.8303158283233643,0.0,0.8006291389465332,1.8796827793121336,0.0,0.0,0.3572864234447479,1.5572117567062378,0.0,0.0873366817831993
GSE302356::LAM10:AGGTGAGGTTGAAGCC-1,GSE302356::LAM10:AGGTGAGGTTGAAGCC-1,State_16,LAM3,GSE302356,2.896688222885132,1,0.05263157894736842,near,0.364109992980957,0.359147846698761,0.3530154824256897,0.3490497171878814,1.0849618911743164,0.0,0.8759199380874634,0.0,2.2078137397766118,0.0,0.0,1.0219066143035889,0.3832149803638458,0.7317105531692505,0.0,0.0,0.0,0.0,0.186932161450386,0.8354195952415466,0.0,0.0,0.0,0.9787845611572266,0.0,0.1370835900306701
GSE302356::LAM10:GTCTAATCACAGGGAC-1,GSE302356::LAM10:GTCTAATCACAGGGAC-1,State_16,LAM3,GSE302356,2.9011638164520264,2,0.0,near,0.655850887298584,0.6458142995834351,0.5635102987289429,0.5578616261482239,1.8635543584823608,0.7428421974182129,1.6910524368286133,0.7451176047325134,2.260387897491455,0.9235212206840516,2.7838635444641118,2.006932020187378,0.5449988842010498,0.9937484860420228,0.8556090593338013,0.6555402874946594,0.5140177607536316,0.0,0.3458974361419678,1.6681830883026123,0.0,0.2373986542224884,0.6264826059341431,1.7001999616622925,0.1695704609155655,0.0376523844897747
GSE302356::LAM10:GTCTTGCTCATCCTAT-1,GSE302356::LAM10:GTCTTGCTCATCCTAT-1,State_16,LAM3,GSE302356,2.9037559032440186,2,0.0,near,0.6546686887741089,0.6391044855117798,0.5825163722038269,0.5753892064094543,1.561423897743225,1.498584508895874,2.2600040435791016,1.5388842821121216,2.61102294921875,1.810759425163269,3.1426591873168945,2.5824522972106934,0.6873311400413513,1.1437830924987793,0.9173533916473388,0.6919896602630615,0.7221218943595886,0.0,0.1809296309947967,1.0153300762176514,0.0,0.0,0.6919896602630615,1.3270463943481443,0.0,0.0663408637046814
GSE190260::LAM1163:TAGTGGTTCAACACCA-1,GSE190260::LAM1163:TAGTGGTTCAACACCA-1,State_16,LAM1163,GSE190260,2.9055817127227783,2,0.0,near,0.1368396878242492,0.1190126463770866,0.0696415603160858,0.0700544565916061,1.3593791723251345,1.2760372161865234,1.9755709171295168,0.9846542477607728,1.2068992853164673,2.953962802886963,4.30037260055542,2.418111801147461,0.3692453503608703,0.0,0.3909429609775543,0.6594850420951843,1.1347805261611938,0.0,0.3652001619338989,0.9051744937896729,0.0,0.0,0.0,1.2980283498764038,0.0,0.0
GSE302356::LAM10:GGATAACCATTGCGGT-1,GSE302356::LAM10:GGATAACCATTGCGGT-1,State_16,LAM3,GSE302356,2.912296295166016,2,0.0,near,0.572374701499939,0.564145565032959,0.4984805285930633,0.4927868247032165,1.1362463235855105,0.5646131634712219,1.4211487770080566,0.3858342170715332,2.470089673995972,0.0,1.679701328277588,1.6328823566436768,0.8168982863426208,1.220367431640625,0.7160279750823975,0.2579276263713836,0.5468831658363342,0.0826787650585174,0.1052275151014328,1.2340970039367676,0.0,0.0,0.5633279085159302,1.0391497611999512,0.0,0.0771668404340744
GSE302356::LAM10:GCTGTAAGTTTGAGGC-1,GSE302356::LAM10:GCTGTAAGTTTGAGGC-1,State_16,LAM3,GSE302356,2.9250049591064453,2,0.0,near,0.5349206924438477,0.5267831683158875,0.5007629990577698,0.4983786344528198,1.1468902826309204,0.5772671699523926,1.37424635887146,0.4514626860618591,1.852186918258667,1.3543879985809326,1.909361481666565,1.5393792390823364,1.1171101331710815,0.840946614742279,0.1735783219337463,0.29670450091362,0.1735783219337463,0.0,0.1231261864304542,0.4773403704166412,0.1354387998580932,0.2708775997161865,0.0,1.0184272527694702,0.0,0.0
GSE135851::LAM3:GATGCTAAGAGCCCAA-1,GSE135851::LAM3:GATGCTAAGAGCCCAA-1,State_16,LAM3,GSE135851,2.936741590499878,2,0.0,near,0.0845549404621124,0.0778209343552589,0.026787020266056,0.02694583684206,1.1050807237625122,0.3408648371696472,0.779119610786438,0.0,1.8179458379745483,0.0,2.7269186973571777,0.9089729189872742,0.0,0.0,0.2479016929864883,0.2479016929864883,2.008087396621704,0.0,0.9916067719459534,0.0,0.0,0.0,0.2479016929864883,1.1086053848266602,0.0,0.0
GSE302356::LAM10:CCGGTTAAGAGGAAGG-1,GSE302356::LAM10:CCGGTTAAGAGGAAGG-1,State_16,LAM3,GSE302356,2.943906545639038,2,0.0,near,0.5608620643615723,0.5485572814941406,0.4811884462833404,0.4706109464168548,1.9267234802246092,0.4708756506443023,1.830011248588562,0.8209510445594788,2.887169122695923,0.0,1.3041521310806274,1.8790302276611328,0.7462722063064575,0.9337301850318908,0.5927964448928833,0.2371185719966888,0.6425518989562988,0.0,0.2371185719966888,0.4628656208515167,0.0,0.0,0.355677843093872,1.5435413122177124,0.0,0.0
GSE302356::LAM10:GGACCGAAGGTCCTAG-1,GSE302356::LAM10:GGACCGAAGGTCCTAG-1,State_16,LAM3,GSE302356,2.9461658000946045,2,0.0,near,0.645011305809021,0.6323207020759583,0.5695255994796753,0.5635772347450256,1.4896783828735352,1.0521674156188965,1.953956723213196,1.271597146987915,2.2280611991882324,0.8678514957427979,2.866844654083252,1.98790442943573,1.203313231468201,1.0511547327041626,0.8167696595191956,0.5889562368392944,0.2366867661476135,0.0,0.2782793343067169,0.9578292965888976,0.0,0.0,0.5093469023704529,1.4043104648590088,0.0,0.0
GSE302356::LAM10:AGCAATACACGAATTT-1,GSE302356::LAM10:AGCAATACACGAATTT-1,State_16,LAM3,GSE302356,2.9591782093048096,1,0.04081632653061224,near,0.4611577987670898,0.4468907415866852,0.4045083820819855,0.3920632600784302,0.6330339908599854,0.7522707581520081,1.9327021837234497,0.9841950535774232,1.6880905628204346,1.5327905416488647,1.5327905416488647,2.541248321533203,1.1156412363052368,1.223846435546875,0.2786891758441925,0.5037774443626404,0.4180337786674499,0.0,0.1393445879220962,0.685602068901062,0.0,0.0,0.2786891758441925,0.6774877309799194,0.0,0.1021860390901565
GSE135851::LAM3:TGAGGGACATCGGAAG-1,GSE135851::LAM3:TGAGGGACATCGGAAG-1,State_16,LAM3,GSE135851,2.9633612632751465,1,0.020833333333333332,near,0.2117738425731659,0.2018337845802307,0.1043488904833793,0.1049675643444061,1.895145297050476,0.5049499273300171,1.237018585205078,0.0,1.5398435592651367,0.0,4.039599418640137,1.346533179283142,0.0,0.0,0.8214564323425293,0.8214564323425293,1.7105062007904053,0.0,1.4574086666107178,0.7873431444168091,0.0,0.0,0.2271100580692291,1.684916615486145,0.0,0.1665473729372024
GSE190260::LAM1163:AGCCTAAAGGAATGGA-1,GSE190260::LAM1163:AGCCTAAAGGAATGGA-1,State_16,LAM1163,GSE190260,2.9668662548065186,1,0.05263157894736842,near,0.3818272650241852,0.3670899868011474,0.2124100476503372,0.2136693894863128,2.0899133682250977,0.9978013634681702,1.9018713235855105,1.1378027200698853,1.7768959999084473,0.0,4.569002628326416,1.5230008363723757,0.0,0.0,0.9507550001144408,0.8933604955673218,2.0447051525115967,0.0,0.3823523223400116,1.218494892120361,0.0,0.4242640435695648,0.8304784893989563,2.061084747314453,0.3030457496643066,0.0
GSE302356::LAM10:CAGGATGCAATAATGG-1,GSE302356::LAM10:CAGGATGCAATAATGG-1,State_16,LAM3,GSE302356,2.969353437423706,1,0.13636363636363635,near,0.3801375925540924,0.3694357573986053,0.3609384596347809,0.3528138995170593,1.2984609603881836,0.9738457202911376,1.4839553833007812,0.8656406402587891,0.8656406402587891,0.0,2.596921920776367,1.731281280517578,0.4555737376213074,0.3709888458251953,0.2360838204622268,0.4721676409244537,0.0,0.1854944229125976,0.2360838204622268,2.543403387069702,0.0,0.0,0.0,0.8656406402587891,0.0,0.0
GSE302356::LAM10:GATCACTAGACAGGCG-1,GSE302356::LAM10:GATCACTAGACAGGCG-1,State_16,LAM3,GSE302356,2.973063945770264,2,0.0,near,0.4134381413459778,0.4064591228961944,0.3997417688369751,0.3940566182136535,0.7215633392333984,0.3165212273597717,1.1332721710205078,0.0,1.9241689443588257,0.0,0.0,1.358635663986206,1.1119195222854614,1.129560470581055,0.4043343663215637,0.4043343663215637,0.5784714818000793,0.0,0.4387536644935608,0.7276955842971802,0.0,0.0,0.4043343663215637,0.4810422360897064,0.0,0.127700537443161
GSE302356::LAM10:CCGTTACTCACTAGGT-1,GSE302356::LAM10:CCGTTACTCACTAGGT-1,State_16,LAM3,GSE302356,2.9974911212921143,2,0.0,near,0.5615670680999756,0.5542691349983215,0.498861163854599,0.4918100535869598,1.0123215913772583,0.4961081743240356,1.314292550086975,1.3229551315307615,1.4902585744857788,0.0,0.0,0.895675003528595,0.8290003538131714,0.6948908567428589,0.3949536383152008,0.1970253735780716,0.3940507471561432,0.0774028301239013,0.0985126867890358,0.6687707901000977,0.1083639562129974,0.2167279124259948,0.8539997935295105,0.7770900130271912,0.0,0.0
GSE302356::LAM10:GGAGCAAGTGTCCAGG-1,GSE302356::LAM10:GGAGCAAGTGTCCAGG-1,State_16,LAM3,GSE302356,3.000049352645874,2,0.0,near,0.5754357576370239,0.5675822496414185,0.5314846634864807,0.5256948471069336,1.0639322996139526,0.7158277630805969,1.3854657411575315,0.6839163899421692,1.7247164249420166,0.0,2.0517492294311523,1.508036971092224,0.6186827421188354,0.6890249848365784,0.7640904188156128,0.6174411177635193,0.4592267572879791,0.0,0.1971659064292907,0.4650569558143616,0.0857092589139938,0.1714185178279876,0.5775677561759949,0.9441072344779968,0.1224417984485626,0.0571395047008991
GSE302356::LAM10:CGTTTCTCAATAACCT-1,GSE302356::LAM10:CGTTTCTCAATAACCT-1,State_16,LAM3,GSE302356,3.0107717514038086,1,0.09090909090909091,near,0.5393408536911011,0.5342058539390564,0.5080004930496216,0.5024126768112183,1.1633849143981934,0.3686758279800415,1.068981409072876,0.744965136051178,2.020596981048584,0.0,0.0,0.7055115103721619,0.6947694420814514,0.6675078272819519,1.222242832183838,0.4192646741867065,0.6566383838653564,0.0,0.2793115973472595,0.9881886839866638,0.1429022699594497,0.0,1.0216538906097412,1.0663670301437378,0.0,0.0476340875029563
GSE190260::LAM1163:TCGTAGAGTCAGCTAT-1,GSE190260::LAM1163:TCGTAGAGTCAGCTAT-1,State_16,LAM1163,GSE190260,3.013389825820923,2,0.0,near,0.1606962382793426,0.1525653153657913,0.0908938944339752,0.0914327874779701,1.3582100868225098,0.412643551826477,0.9993436932563782,0.0,2.1128122806549072,0.0,3.3011484146118164,1.1003828048706057,0.0,0.3777399361133575,0.300104409456253,0.300104409456253,1.7930890321731567,0.0,0.335841566324234,0.0,0.0,0.0,0.0,1.270047903060913,0.0,0.0
GSE302356::LAM13:TGTTGTAAGCTCATAA-1,GSE302356::LAM13:TGTTGTAAGCTCATAA-1,State_16,LAM50,GSE302356,3.0296876430511475,1,0.02127659574468085,near,0.4953196942806244,0.4946946799755096,0.4749666750431061,0.4729766547679901,0.8411978483200073,0.278744101524353,0.5597854852676392,0.2477725446224212,0.7346514463424683,0.7433176636695862,0.0,0.8106209635734558,0.6793240904808044,0.513832151889801,0.3738394677639007,0.0675743296742439,0.5473194122314453,0.0,0.1351486593484878,0.9934890270233154,0.0,0.0,0.2003594785928726,0.7671041488647461,0.0,0.0495545081794261
GSE302356::LAM10:CTATGTTTCATCAGTA-1,GSE302356::LAM10:CTATGTTTCATCAGTA-1,State_16,LAM3,GSE302356,3.0306849479675293,2,0.0,near,0.5916429162025452,0.5860287547111511,0.5302625298500061,0.5264467597007751,1.3486117124557495,0.4142486751079559,1.1707061529159546,0.6177130341529846,2.3524386882781982,0.7304251194000244,0.0,0.7996194958686829,0.6408453583717346,0.2383476197719574,0.7552338242530823,0.1707671582698822,0.2751320600509643,0.0,0.0664022862911224,0.4696097075939178,0.0,0.0,0.4991931915283203,1.076631784439087,0.0,0.1235426068305969
GSE302356::LAM10:GGGTTATTCTACTAAG-1,GSE302356::LAM10:GGGTTATTCTACTAAG-1,State_16,LAM3,GSE302356,3.0502028465271,2,0.0,near,0.6141345500946045,0.6063216328620911,0.5801755785942078,0.5746629238128662,1.4036986827850342,0.7618095874786377,1.4199811220169067,0.7883071303367615,3.306865692138672,1.074538230895996,1.074538230895996,1.4380239248275757,0.6666374206542969,0.5828350782394409,0.3390504717826843,0.2930558919906616,0.1953705847263336,0.0,0.0976852923631668,0.4787124991416931,0.0,0.0,0.1436798870563507,1.3392452001571655,0.0,0.0716358870267868
GSE190260::LAM1163:CTCGGAGCAACACGCC-1,GSE190260::LAM1163:CTCGGAGCAACACGCC-1,State_16,LAM1163,GSE190260,3.0504865646362305,1,0.17073170731707318,near,0.1929004937410354,0.1846983879804611,0.1267105787992477,0.1274618208408355,1.35853910446167,0.4369337558746338,1.038889765739441,0.5825783610343933,1.258919596672058,0.0,1.7477350234985352,0.5825783610343933,0.0,0.0,0.1588850021362304,0.1588850021362304,2.02130389213562,0.1248382180929184,0.2721861600875854,0.5874427556991577,0.0,0.0,0.0,1.24391770362854,0.0,0.0
GSE302356::LAM10:ACCTAAATCATCAGTA-1,GSE302356::LAM10:ACCTAAATCATCAGTA-1,State_16,LAM3,GSE302356,3.0537703037261963,1,0.25,near,0.5731706023216248,0.5616915225982666,0.4988536238670349,0.4892200827598572,0.209601804614067,1.0599377155303955,1.7571560144424438,1.732874035835266,0.2794690728187561,0.0,2.4424726963043213,2.087687730789185,0.7410284876823425,0.6655710935592651,1.2535651922225952,0.8551602959632874,0.4219620823860168,0.0,0.2601571381092071,1.4766725301742554,0.0838407203555107,0.0,1.285008430480957,0.2728152871131897,0.0,0.0
GSE302356::LAM10:GCCGTGAGTCTCAGCC-1,GSE302356::LAM10:GCCGTGAGTCTCAGCC-1,State_16,LAM3,GSE302356,3.065426588058472,2,0.0,near,0.5690683126449585,0.5613712072372437,0.5264703035354614,0.5195691585540771,1.450542688369751,0.5586757659912109,1.3629703521728516,0.9074193835258484,2.0605578422546387,0.0,1.7471479177474976,1.3654252290725708,0.7584208250045776,0.7244837284088135,0.3176632523536682,0.3176632523536682,0.1104225143790245,0.0,0.0,0.9842264652252196,0.121464766561985,0.0,0.1588316261768341,1.3682805299758911,0.0,0.24292953312397
GSE190260::LAM1163:ACTTGTTTCATCTGTT-1,GSE190260::LAM1163:ACTTGTTTCATCTGTT-1,State_16,LAM1163,GSE190260,3.0663418769836426,1,0.02631578947368421,near,0.1736172586679458,0.1611967384815216,0.0816670507192611,0.082151249051094,2.0944299697875977,0.913709819316864,1.454704523086548,0.9577510952949524,0.9577510952949524,0.0,4.43642520904541,1.4788084030151367,0.0,0.4104647636413574,0.9861286282539368,0.4033113718032837,2.01264762878418,0.0,0.0,1.6027474403381348,0.0,0.0,0.5828172564506531,1.765988826751709,0.0,0.0
GSE190260::LAM1163:CATCGAAAGGCAGTCA-1,GSE190260::LAM1163:CATCGAAAGGCAGTCA-1,State_16,LAM1163,GSE190260,3.0712907314300537,1,0.03225806451612903,near,0.3195835947990417,0.2985725998878479,0.1433035731315612,0.1397152841091156,2.4283580780029297,1.9929313659667969,2.486716985702514,2.0635242462158203,1.7433654069900513,0.0,5.986350059509277,1.9954500198364256,0.0,0.0,1.5733505487442017,1.1069929599761963,1.3761543035507202,0.0,0.3424116671085357,0.5613964200019836,0.0,0.4491171240806579,1.0787900686264038,2.2490925788879395,0.6415959000587463,0.0
GSE302356::LAM10:TTTACGCGTAGGTTGC-1,GSE302356::LAM10:TTTACGCGTAGGTTGC-1,State_16,LAM3,GSE302356,3.071928739547729,2,0.0,near,0.4893604815006256,0.4833402931690216,0.4325328171253204,0.4227470755577087,0.6284434199333191,0.4984140396118164,1.1102994680404663,0.8214700222015381,1.168215036392212,1.5229023694992063,0.0,1.7692289352416992,1.1452138423919678,0.9757984280586244,0.5534461140632629,0.3624829351902008,0.1384456604719162,0.0,0.2768913209438324,0.6826494932174683,0.0,0.0,0.3294088244438171,0.4974212348461151,0.0,0.1820398569107055
GSE302356::LAM10:GGCTTAAGTAATTAGC-1,GSE302356::LAM10:GGCTTAAGTAATTAGC-1,State_16,LAM3,GSE302356,3.072595834732056,2,0.0,near,0.579139769077301,0.5696170330047607,0.540539562702179,0.5323288440704346,1.433628797531128,0.5398437976837158,1.56134295463562,1.0809376239776611,1.886467218399048,1.0759373903274536,0.0,1.2031172513961792,0.7019035220146179,0.6693270206451416,0.4158876538276672,0.0,0.2934374511241913,0.0,0.0978124886751174,1.297879338264465,0.0,0.0,0.4158876538276672,1.26827073097229,0.0,0.1434583067893982
GSE302356::LAM10:GCTTTGTGTCCGCTGT-1,GSE302356::LAM10:GCTTTGTGTCCGCTGT-1,State_16,LAM3,GSE302356,3.0750176906585693,2,0.0,near,0.5354753732681274,0.5302267074584961,0.4823181629180908,0.480028361082077,1.0589293241500854,0.4667144119739532,1.076838135719299,1.2445716857910156,2.4477689266204834,0.0,0.0,0.0,0.8315602540969849,0.3961256742477417,0.3546369969844818,0.1495229601860046,0.1025570109486579,0.0,0.0,0.8411285877227783,0.1128127127885818,0.2256254255771637,0.5349733829498291,0.995665431022644,0.0,0.0
GSE190260::LAM1163:GTGGGTCGTTGGTTTG-1,GSE190260::LAM1163:GTGGGTCGTTGGTTTG-1,State_16,LAM1163,GSE190260,3.0760018825531006,1,0.022727272727272728,near,0.1072772294282913,0.1044619306921958,0.0663623958826065,0.0667558535933494,1.3054929971694946,0.1739743053913116,0.3976555466651916,0.4639314711093902,0.9278629422187804,0.0,0.0,0.0,0.0,0.0,0.0,0.0,2.477285146713257,1.107587218284607,0.0,0.0,0.0,0.0,0.0,1.1787433624267578,0.0,0.0
GSE190260::LAM1163:ATCACGACACATTCGA-1,GSE190260::LAM1163:ATCACGACACATTCGA-1,State_16,LAM1163,GSE190260,3.1038100719451904,1,0.016129032258064516,near,0.21961110830307,0.2097315341234207,0.10499769449234,0.1056202128529548,2.4918971061706543,0.4896538853645324,1.238618016242981,1.30574369430542,3.168729782104492,0.0,0.0,0.0,0.0,0.0,0.5195708870887756,0.2597854435443878,1.679444432258606,0.0,0.0,0.0,0.0,0.0,0.2597854435443878,2.323075771331787,0.0,0.1905093193054199
GSE302356::LAM4:ACCACAACATTGCTTT-1,GSE302356::LAM4:ACCACAACATTGCTTT-1,State_16,LAM18,GSE302356,3.115335464477539,1,0.09523809523809523,near,0.1543834805488586,0.1432395428419113,0.088717833161354,0.0847466215491294,1.6821894645690918,0.8533448576927185,1.3038005828857422,1.5170575380325315,2.626226663589477,0.0,0.0,0.0,0.0,0.0,0.6788337826728821,0.0,1.5797199010849,0.1625418812036514,0.2650907933712005,0.5688965916633606,0.6826758980751038,0.0,0.6788337826728821,1.36445951461792,0.0,0.0
GSE190260::LAM1163:GGCAATTGTTGAGTTC-1,GSE190260::LAM1163:GGCAATTGTTGAGTTC-1,State_16,LAM1163,GSE190260,3.1168994903564453,1,0.12903225806451613,near,0.2704102098941803,0.2581581771373749,0.1907771378755569,0.1919082254171371,1.6310847997665403,0.8953825831413269,1.5341191291809082,0.9459142088890076,1.5591984987258911,0.0,3.223495483398437,1.0744985342025757,0.1377278268337249,0.0,0.7402047514915466,0.7402047514915466,1.9210706949234009,0.679972231388092,0.2465946823358535,0.8760232329368591,0.1101822629570961,0.2203645259141922,0.2003313899040222,1.7116332054138184,0.0,0.0
GSE190260::LAM1163:TAAGAGATCTTGTCAT-1,GSE190260::LAM1163:TAAGAGATCTTGTCAT-1,State_16,LAM1163,GSE190260,3.1190786361694336,2,0.0,near,0.1929147392511367,0.1788810938596725,0.1033579185605049,0.1039707064628601,2.0682742595672607,0.9943296909332277,1.640385389328003,1.1760201454162598,2.1306376457214355,0.0,4.426577091217041,1.4755257368087769,0.0,0.0,0.9231165051460266,0.4024161100387573,1.484184980392456,0.0,0.3824016451835632,0.7159630656242371,0.0,0.0,0.8414331674575806,1.9863853454589844,0.0,0.0
GSE302356::LAM13:TGGCTATAGAGAGGAG-1,GSE302356::LAM13:TGGCTATAGAGAGGAG-1,State_16,LAM50,GSE302356,3.1249680519104004,1,0.02,near,0.4258997738361358,0.4205961525440216,0.3551719784736633,0.3486082553863525,0.9204068779945374,0.6652798652648926,0.9729275703430176,1.77407968044281,0.9661642909049988,0.0,0.0,0.4960846900939941,0.5483433604240417,0.6378231644630432,0.1352958232164383,0.0,0.5150490999221802,0.0,0.1352958232164383,1.1768373250961304,0.0,0.0,0.2705916464328766,0.8297995328903198,0.0,0.1374415010213852
GSE135851::LAM3:CATTCGCTCCAGAGGA-1,GSE135851::LAM3:CATTCGCTCCAGAGGA-1,State_16,LAM3,GSE135851,3.130178451538086,2,0.0,near,0.2745454311370849,0.2574376165866852,0.1593353003263473,0.1560157835483551,2.288782119750977,1.2678945064544678,2.039093255996704,1.4384584426879885,3.0264954566955566,2.1576876640319824,3.670092821121216,1.942593455314636,0.0,0.0,0.922105073928833,0.7259516716003418,1.6441280841827393,0.0,0.7846136689186096,1.3334486484527588,0.0,0.0,0.6460614800453186,1.8591264486312864,0.0,0.0
GSE302356::LAM10:AACAAAGGTAGGTTAT-1,GSE302356::LAM10:AACAAAGGTAGGTTAT-1,State_16,LAM3,GSE302356,3.1406702995300293,2,0.0,near,0.566444456577301,0.5535938739776611,0.5182181596755981,0.5064517259597778,1.9845011234283447,0.6817787289619446,1.8918899297714236,1.818076610565185,2.405488967895508,0.0,0.0,1.3173974752426147,0.6215201020240784,0.5645989179611206,0.2444453984498977,0.1222226992249488,0.1222226992249488,0.0,0.1222226992249488,0.7228212952613831,0.0,0.0,0.1222226992249488,1.639479160308838,0.0,0.089629977941513
GSE302356::LAM4:GAGGGTAGTATCGTTG-1,GSE302356::LAM4:GAGGGTAGTATCGTTG-1,State_16,LAM18,GSE302356,3.1451897621154785,2,0.0,near,0.1690790653228759,0.1598494499921798,0.0851765796542167,0.0856815800070762,2.458605527877808,0.3716402947902679,1.121046781539917,0.0,1.6247351169586182,0.0,2.973122358322144,0.9910407662391664,0.0,0.0,0.5405676960945129,0.2702838480472564,1.238514065742493,0.0,0.0,0.0,0.0,0.0,0.5405676960945129,1.886830449104309,0.0,0.0
GSE135851::LAM3:AACTCTTTCTACTTAC-1,GSE135851::LAM3:AACTCTTTCTACTTAC-1,State_16,LAM3,GSE135851,3.1455368995666504,2,0.0,near,0.2415549010038375,0.2299718856811523,0.122571937739849,0.1232986524701118,2.1143102645874023,0.6013360619544983,1.436259627342224,0.0,3.091694593429565,0.0,4.810688495635986,1.603562831878662,0.0,0.0,0.9494258761405944,0.4373353123664856,1.4164363145828247,0.0,0.2264609783887863,0.785481333732605,0.0,0.0,1.0241811275482178,1.9531257152557373,0.0,0.0
GSE190260::LAM1163:TCCCGATCAGACTCGC-1,GSE190260::LAM1163:TCCCGATCAGACTCGC-1,State_16,LAM1163,GSE190260,3.1509971618652344,1,0.09090909090909091,near,0.2596957683563232,0.2494925111532211,0.1473526507616043,0.145629420876503,1.8279527425765991,0.943023920059204,1.3120887279510498,0.4380054175853729,2.284580945968628,0.0,4.014972686767578,1.3383241891860962,0.1642520278692245,0.1877166032791137,1.1618595123291016,0.6538050174713135,2.041768789291382,0.4790072441101074,0.2437631040811538,0.553800642490387,0.0,0.0,0.8288925886154175,1.7614864110946655,0.0,0.0
GSE135851::LAM3:TACTTACAGCTAGTCT-1,GSE135851::LAM3:TACTTACAGCTAGTCT-1,State_16,LAM3,GSE135851,3.167877435684204,2,0.0,near,0.0800278186798095,0.0734872445464134,0.0182307753711938,0.0183388628065586,1.2215816974639893,0.5799665451049805,0.7546411156654358,0.0,0.9875404834747314,0.0,2.319866180419922,0.7732887268066406,0.0,0.0,0.2108969241380691,0.2108969241380691,2.406991958618164,0.0,0.4217938482761383,1.7025082111358645,0.0,0.0,0.2108969241380691,1.1350054740905762,0.0,0.0
GSE302356::LAM10:GCCGTGAGTTAGGATT-1,GSE302356::LAM10:GCCGTGAGTTAGGATT-1,State_16,LAM3,GSE302356,3.1687145233154297,2,0.0,near,0.6605384349822998,0.6474968791007996,0.6157611012458801,0.6097214818000793,1.3884683847427368,1.1854315996170044,2.005680084228516,1.5874965190887451,2.2217025756835938,0.0,2.944456100463867,1.8221862316131592,1.0069485902786257,0.8320954442024231,0.6054351925849915,0.3997020423412323,0.1762567013502121,0.0,0.088128350675106,0.2423529624938964,0.0,0.0,0.2496289908885955,1.1710169315338137,0.1384874135255813,0.1292549073696136
GSE217108::LAM32:ATACCGGTCCGCACAA-1,GSE217108::LAM32:ATACCGGTCCGCACAA-1,State_16,LAM32,GSE217108,3.172828197479248,2,0.0,near,0.2998513281345367,0.2905361950397491,0.2364798933267593,0.2271246612071991,0.4226629734039306,0.3401993215084076,1.2606418132781982,0.9071981906890868,1.1271013021469116,0.0,0.0,0.9071981906890868,0.4226629734039306,1.1663976907730105,0.2474176883697509,0.2474176883697509,0.0,0.0,0.0,1.3607972860336304,0.0,0.0,0.2474176883697509,0.2817753255367279,0.0,0.1814396381378173
GSE302356::LAM4:ATGGAGGCAGCGTAGA-1,GSE302356::LAM4:ATGGAGGCAGCGTAGA-1,State_16,LAM18,GSE302356,3.1753644943237305,1,0.030303030303030304,near,0.323114663362503,0.3104643523693084,0.1813445389270782,0.1824197024106979,2.314612627029419,0.7465928196907043,1.627904176712036,0.8858802318572998,3.1375012397766118,0.0,3.315101861953736,1.1050339937210083,0.0,0.7593259215354919,0.5429766178131104,0.3013729155063629,1.7509950399398804,0.0,0.4832074046134949,0.0,0.0,0.0,0.4832074046134949,2.143009662628174,0.0,0.0
GSE190260::LAM1163:TAAGTGCAGCCAGGAT-1,GSE190260::LAM1163:TAAGTGCAGCCAGGAT-1,State_16,LAM1163,GSE190260,3.178544521331787,2,0.0,near,0.2052344679832458,0.1972500681877136,0.1008403748273849,0.1014382392168045,2.383668899536133,0.671634316444397,1.0287678241729736,0.0,2.181147575378418,0.0,3.3286194801330566,1.1095398664474487,0.2555569112300873,0.0,0.4884613454341888,0.6743209362030029,2.182870626449585,0.0,0.2775285542011261,0.5111138224601746,0.0,0.0,0.1858595758676529,1.8664976358413696,0.0,0.0
GSE190260::LAM1163:GGACAAGTCAATCTCT-1,GSE190260::LAM1163:GGACAAGTCAATCTCT-1,State_16,LAM1163,GSE190260,3.184417963027954,1,0.09090909090909091,near,0.1531114280223846,0.14785136282444,0.0975193828344345,0.0980975627899169,1.9719377756118772,0.2420040816068649,0.6956498026847839,0.0,2.474618911743164,0.0,1.9360326528549197,0.6453441977500916,0.0,0.0,0.1760029643774032,0.1760029643774032,1.8048865795135496,0.3207386136054992,0.3520059287548065,0.4840081632137298,0.0,0.0,0.0,1.7759361267089844,0.0,0.0
GSE190260::LAM1163:CTCACACAGCGCTTAT-1,GSE190260::LAM1163:CTCACACAGCGCTTAT-1,State_16,LAM1163,GSE190260,3.186509609222412,1,0.1,near,0.2387894093990326,0.2310451418161392,0.1551807969808578,0.1537137776613235,1.5031991004943848,0.3996460437774658,1.0375555753707886,0.0,1.732749581336975,0.0,3.1971683502197266,1.4683427810668943,0.0,0.1725514382123947,0.4004571437835693,0.558563768863678,2.2978174686431885,0.0,0.2712902128696441,0.3019650280475616,0.0,0.2415720224380493,0.1098054647445678,1.5465244054794312,0.1725514382123947,0.0
GSE302356::LAM10:GGGAATATCCGGGACT-1,GSE302356::LAM10:GGGAATATCCGGGACT-1,State_16,LAM3,GSE302356,3.187424898147583,1,0.09090909090909091,near,0.6966820955276489,0.6868581771850586,0.6063329577445984,0.6001900434494019,1.7688548564910889,0.8004663586616516,1.7099494934082031,1.1648809909820557,3.0630853176116943,0.5334746837615967,1.6542344093322754,1.5454522371292114,0.7549186944961548,0.8448895812034607,0.853376567363739,0.4808760583400726,0.5464168787002563,0.0,0.4632709324359894,2.0181753635406494,0.0835372433066368,0.2875956892967224,0.7699172496795654,1.3943495750427246,0.0,0.0556914955377578
GSE190260::LAM1163:CACAGGCGTAGTAGTA-1,GSE190260::LAM1163:CACAGGCGTAGTAGTA-1,State_16,LAM1163,GSE190260,3.1955583095550537,1,0.08823529411764706,near,0.1342240422964096,0.1236388981342315,0.0472780726850032,0.0475583784282207,1.360690951347351,0.7045818567276001,1.2260059118270874,0.7678285241127014,1.7496241331100464,0.0,3.333169221878052,1.1110564470291138,0.0,0.0,0.5124231576919556,0.5124231576919556,1.257355809211731,0.0,0.0,0.0,0.0,0.0,0.2094077914953231,1.241153597831726,0.0,0.0
GSE302356::LAM10:TAATCCGCAGGTCCTG-1,GSE302356::LAM10:TAATCCGCAGGTCCTG-1,State_16,LAM3,GSE302356,3.205395221710205,2,0.0,near,0.617385983467102,0.6093398332595825,0.5538371205329895,0.5458669066429138,0.9588807821273804,0.6153149008750916,1.447292685508728,1.0670868158340454,1.7573503255844116,0.0,0.6630205512046814,1.4048177003860474,0.8109098672866821,1.2342225313186646,0.8190646171569824,0.420714795589447,0.6472530961036682,0.0,0.156478077173233,1.1246206760406494,0.066302053630352,0.0,0.8811367750167847,0.8704378604888916,0.0947172194719314,0.0
GSE302356::LAM10:CCTTAGTGTGTTGTAG-1,GSE302356::LAM10:CCTTAGTGTGTTGTAG-1,State_16,LAM3,GSE302356,3.217153310775757,2,0.0,near,0.4597592353820801,0.4557284414768219,0.4650269150733948,0.4602038860321045,1.1900347471237185,0.3584184050559997,0.8755075931549072,0.3904329240322113,1.5286742448806765,0.0,0.0,0.8880810737609863,0.7167453765869141,0.9993833899497986,0.2422039210796356,0.0,0.1541862338781356,0.0,0.1064817011356353,0.6239389777183533,0.0,0.0,0.2422039210796356,1.0717918872833252,0.0,0.0
GSE302356::LAM10:CAGCTATAGCGAGCGA-1,GSE302356::LAM10:CAGCTATAGCGAGCGA-1,State_16,LAM3,GSE302356,3.220906972885132,2,0.0,near,0.5481522083282471,0.5439881086349487,0.5174049735069275,0.5129590630531311,1.109744668006897,0.3381568193435669,0.977648675441742,0.9017515778541564,2.0580997467041016,0.0,0.0,0.3655387461185455,0.5810747146606445,0.8207448720932007,0.1993847787380218,0.0996923893690109,0.2763599455356598,0.0,0.1993847787380218,0.6405461430549622,0.0,0.0,0.3988904356956482,0.9228578209877014,0.0,0.0
GSE302356::LAM10:ACGAATCTCGTTAGCG-1,GSE302356::LAM10:ACGAATCTCGTTAGCG-1,State_16,LAM3,GSE302356,3.221010446548462,1,0.024390243902439025,near,0.5742350220680237,0.5666655898094177,0.5378342270851135,0.5345507264137268,1.3810592889785769,0.6594232320785522,1.354971170425415,0.7834267616271973,2.3375418186187744,0.5748251080513,0.9375195503234864,1.1248406171798706,0.6822425723075867,0.7218390107154846,0.3272285759449005,0.0852290540933609,0.1045136526226997,0.0,0.1093736514449119,1.6788363456726074,0.0,0.0,0.439375102519989,1.0845891237258911,0.0,0.1568506956100464
GSE190260::LAM1163:GCTCCTAGTAGCTCCG-1,GSE190260::LAM1163:GCTCCTAGTAGCTCCG-1,State_16,LAM1163,GSE190260,3.222960948944092,1,0.02564102564102564,near,0.1017437428236007,0.0972666665911674,0.0622960142791271,0.0626653581857681,1.0324652194976809,0.2093656212091446,0.5635221600532532,0.0,0.7565767168998718,0.0,1.6749249696731567,0.5583083033561707,0.0,0.0,0.3045318126678467,0.1522659063339233,1.7566043138504028,1.1132385730743408,0.1522659063339233,0.9861637353897096,0.0,0.0,0.1522659063339233,0.8774542808532715,0.0,0.0
GSE302356::LAM13:ATCATGTCATTGTGTG-1,GSE302356::LAM13:ATCATGTCATTGTGTG-1,State_16,LAM50,GSE302356,3.227988719940185,1,0.04878048780487805,near,0.4737467169761657,0.4688844978809356,0.3833205103874206,0.3773818910121918,1.00201678276062,0.3950580656528473,0.9752486944198608,0.7739197015762329,1.338988184928894,0.8387053608894348,0.0,0.8906145095825195,0.7460806965827942,0.5657396912574768,0.3881119191646576,0.3191408216953277,0.7973396182060242,0.0,0.076245941221714,0.8940312266349792,0.0,0.0,0.5052332282066345,1.0012754201889038,0.1198150515556335,0.0
GSE190260::LAM1163:CATGGCGGTTAGAACA-1,GSE190260::LAM1163:CATGGCGGTTAGAACA-1,State_16,LAM1163,GSE190260,3.2327589988708496,2,0.0,near,0.1944422572851181,0.1858072727918625,0.0990661829710006,0.0996535345911979,2.643490791320801,0.4187832474708557,1.0850789546966553,0.0,2.531851053237915,0.0,3.3502659797668457,1.1167553663253784,0.0,0.0,0.3045696318149566,0.5492599010467529,1.815032958984375,0.0,0.340360939502716,0.0,0.0,0.0,0.0,2.265815258026123,0.0,0.0
GSE302356::LAM4:GGAAGTGTCATGGGAG-1,GSE302356::LAM4:GGAAGTGTCATGGGAG-1,State_16,LAM18,GSE302356,3.234888792037964,1,0.02702702702702703,near,0.125097393989563,0.1159841939806938,0.0668877586722374,0.0672843232750892,1.579738736152649,0.3477517366409302,1.0650584697723389,0.9273379445075988,1.5577983856201172,0.0,0.0,0.0,0.0,0.0,0.2529103457927704,0.0,1.755198359489441,0.1987152695655822,0.6777644753456116,0.6955034732818604,0.0,0.0,0.2529103457927704,1.0531591176986694,0.0,0.0
GSE190260::LAM1163:ACGCCAGTCGGAAATA-1,GSE190260::LAM1163:ACGCCAGTCGGAAATA-1,State_16,LAM1163,GSE190260,3.245311498641968,1,0.01818181818181818,near,0.1466004997491836,0.1366892755031585,0.0778582617640495,0.0783198699355125,0.8906981348991394,0.4799947440624237,1.168872356414795,0.0,1.447382926940918,0.0,3.8399579524993896,1.279986023902893,0.0,0.0,0.6021267771720886,0.6021267771720886,2.3773515224456787,0.0,0.313198447227478,0.8612957000732422,0.2783436179161072,0.0,0.0,0.9556444883346558,0.0,0.0
GSE302356::LAM10:ACAGGATCACATTAAC-1,GSE302356::LAM10:ACAGGATCACATTAAC-1,State_16,LAM3,GSE302356,3.2573561668396,2,0.0,near,0.5470402836799622,0.5381391048431396,0.510210394859314,0.5031918287277222,1.7496745586395264,0.6352536678314209,1.465132236480713,1.091774344444275,2.310922861099243,0.0,1.806706190109253,1.2044707536697388,0.6727378368377686,0.82760089635849,0.3135040998458862,0.2388750612735748,0.2238871306180954,0.0,0.0,0.5983074307441711,0.0820919498801231,0.1641838997602462,0.149258092045784,1.6003992557525637,0.0,0.1595486402511596
GSE190260::LAM1163:TATGCCCTCTTCATGT-1,GSE190260::LAM1163:TATGCCCTCTTCATGT-1,State_16,LAM1163,GSE190260,3.2632815837860107,1,0.015151515151515152,near,0.1135866641998291,0.0997137799859047,0.0178330354392528,0.0179387647658586,0.9732070565223694,0.8399910926818848,1.5444754362106323,1.0085572004318235,1.3637996912002563,0.0,3.694257259368897,1.2314190864562988,0.0,0.0,1.161024808883667,0.6109026074409485,1.6452285051345823,0.0,0.4177741706371307,0.7564179301261902,0.0,0.0,0.8251832127571106,0.9009439945220948,0.0,0.0
GSE190260::LAM1163:TATCTCAAGACCTAGG-1,GSE190260::LAM1163:TATCTCAAGACCTAGG-1,State_16,LAM1163,GSE190260,3.282889604568481,1,0.08163265306122448,near,0.1119782254099845,0.1069564446806907,0.0751710459589958,0.0756167247891426,0.9031125903129578,0.1992815732955932,0.6299394965171814,0.5314175486564636,0.9384413361549376,0.0,0.0,0.0,0.0,0.0,0.0,0.1449320465326309,1.8038042783737185,0.9726491570472716,0.3431445658206939,0.3985631465911865,0.0,0.3188505172729492,0.0,0.8143590092658997,0.2277503758668899,0.0
GSE302356::LAM10:CAGAATCTCGCTAGTG-1,GSE302356::LAM10:CAGAATCTCGCTAGTG-1,State_16,LAM3,GSE302356,3.288948774337769,1,0.06451612903225806,near,0.5567449927330017,0.5478044152259827,0.5138491988182068,0.5066392421722412,0.6940524578094482,0.7390156388282776,1.4789046049118042,0.8685477375984192,1.422531247138977,0.5028998851776123,1.7182143926620483,1.7693874835968018,0.5338002443313599,0.7720623016357422,0.629866361618042,0.2779154777526855,0.8424890041351318,0.0597111470997333,0.2131505310535431,0.607937216758728,0.0502899922430515,0.0,0.4850170612335205,0.8664674162864685,0.0718428418040275,0.0
GSE302356::LAM10:GCTAATATCGTTTCTG-1,GSE302356::LAM10:GCTAATATCGTTTCTG-1,State_16,LAM3,GSE302356,3.294654369354248,2,0.0,near,0.6802049875259399,0.6702627539634705,0.6034026741981506,0.5988884568214417,1.7451238632202148,0.8249616622924805,1.705675482749939,1.2444506883621216,2.2023701667785645,0.0,1.6955033540725708,1.3648030757904053,0.7791405320167542,0.7406506538391113,0.6337785720825195,0.4619393944740295,0.5206823945045471,0.0,0.1333811283111572,0.3738998472690582,0.0,0.0,0.5476236939430237,1.4271414279937744,0.0,0.0
GSE190260::LAM1163:GCATGCGGTCAGTGGA-1,GSE190260::LAM1163:GCATGCGGTCAGTGGA-1,State_16,LAM1163,GSE190260,3.2954297065734863,2,0.0,near,0.3712067306041717,0.3612253963947296,0.24345463514328,0.244898036122322,2.3537542819976807,0.9867004156112672,1.4007092714309692,0.6815826892852783,2.1207423210144043,0.0,3.442737579345703,1.1475791931152344,0.2555935084819793,0.0,0.8487210869789124,0.7147848606109619,2.070878028869629,0.0,0.4248924255371094,0.8795117139816284,0.0,0.0,0.4866104423999786,1.9124834537506104,0.0,0.0
GSE302356::LAM10:CTCATTGTCATTACTC-1,GSE302356::LAM10:CTCATTGTCATTACTC-1,State_16,LAM3,GSE302356,3.3069186210632324,2,0.0,near,0.6772335767745972,0.6709157228469849,0.6045759916305542,0.6002644300460815,1.754671573638916,0.721127450466156,1.3288744688034058,1.1033295392990112,2.459782600402832,0.6853885054588318,0.6853885054588318,0.6853885054588318,0.6360746622085571,0.6348236799240112,0.6714637875556946,0.2492321878671646,0.2967965304851532,0.0,0.0,0.5959358811378479,0.0,0.0,0.6457799077033997,1.3824419975280762,0.0,0.2098850756883621
GSE190260::LAM1163:AACACGTCACATGACT-1,GSE190260::LAM1163:AACACGTCACATGACT-1,State_16,LAM1163,GSE190260,3.309657096862793,1,0.027777777777777776,near,0.3345615267753601,0.3222446143627167,0.2274939119815826,0.2288426905870437,1.89394211769104,1.1010220050811768,1.604962944984436,1.1532055139541626,1.3352218866348269,0.0,3.769458055496216,1.2564860582351685,0.1973877251148224,0.0,0.9372224807739258,0.8840989470481873,1.4658079147338867,0.1127929836511612,0.3504132330417633,0.3947754502296448,0.0,0.3158203661441803,0.3933564126491546,1.5509294271469116,0.2255859673023224,0.0
GSE135851::LAM3:AAGGAGCCAGGTGCCT-1,GSE135851::LAM3:AAGGAGCCAGGTGCCT-1,State_16,LAM3,GSE135851,3.3178958892822266,1,0.038461538461538464,near,0.0277126431465148,0.0223850607872009,0.0277834236621856,0.0279481466859579,0.2525314688682556,0.2525314688682556,0.577214777469635,0.6734172701835632,0.6734172701835632,0.0,0.0,0.0,0.0,0.0,0.0,0.0,1.7951710224151611,0.9096766114234924,0.743869960308075,1.5989476442337036,0.0,0.0,0.0,0.1683543175458908,0.0,0.0
GSE190260::LAM1163:CTTGGCTCAGGTCCAC-1,GSE190260::LAM1163:CTTGGCTCAGGTCCAC-1,State_16,LAM1163,GSE190260,3.3180952072143555,1,0.05405405405405406,near,0.3231910169124603,0.303312599658966,0.1811632663011551,0.1822373569011688,1.7830326557159424,1.8571226596832275,2.373506784439087,1.3448147773742676,2.5976674556732178,2.824969291687012,4.787101745605469,2.5373570919036865,0.0,0.0,1.898963570594788,1.2440681457519531,1.9651933908462524,0.0,0.4150945544242859,0.5473600625991821,0.2189440280199051,0.0,1.309790849685669,1.6947449445724487,0.0,0.0
GSE190260::LAM1163:CTCACACTCGCTTAGA-1,GSE190260::LAM1163:CTCACACTCGCTTAGA-1,State_16,LAM1163,GSE190260,3.3234894275665283,1,0.023809523809523808,near,0.1238025575876236,0.1203933954238891,0.0940824374556541,0.094640240073204,0.8765785694122314,0.1730434447526931,0.475433200597763,0.0,0.6478949189186096,0.0,1.3843475580215454,0.4614491760730743,0.0,0.1977639347314834,0.1258497834205627,0.2516995668411255,2.064208507537842,1.2054530382156372,0.4283981621265411,0.575062096118927,0.1384347528219223,0.2768695056438446,0.0,0.7760730385780334,0.0,0.0
GSE190260::LAM1163:ACTGAGTAGCCACTAT-1,GSE190260::LAM1163:ACTGAGTAGCCACTAT-1,State_16,LAM1163,GSE190260,3.328563451766968,2,0.0,near,0.2941089570522308,0.2842650711536407,0.1995697021484375,0.2007529288530349,2.5149741172790527,0.4464454650878906,1.3094329833984375,0.0,2.620234727859497,0.0,3.571563720703125,1.190521240234375,0.0,0.0,0.7367306351661682,0.7367306351661682,1.3944854736328125,0.0,0.299382597208023,0.0,0.0,0.0,0.4120430648326874,2.384981155395508,0.0,0.0
GSE302356::LAM10:CGGGCTTAGTTTCCGC-1,GSE302356::LAM10:CGGGCTTAGTTTCCGC-1,State_16,LAM3,GSE302356,3.3295605182647705,2,0.0,near,0.6135739088058472,0.6037043929100037,0.5464061498641968,0.5402201414108276,1.6786524057388306,0.7229164242744446,1.6315460205078125,0.7948892116546631,3.2327256202697754,0.9717540144920348,1.455155849456787,1.6038591861724854,0.9518147706985474,0.8027805685997009,0.6948635578155518,0.2206281721591949,0.3089694380760193,0.0,0.0,0.55515056848526,0.0,0.0,0.5991836786270142,1.4443767070770264,0.0,0.0647836029529571
GSE217108::LAM32:GCTGCACAGTAGCTTA-1,GSE217108::LAM32:GCTGCACAGTAGCTTA-1,State_16,LAM32,GSE217108,3.3462142944335938,1,0.06818181818181818,near,0.2058663517236709,0.2026924192905426,0.2004121989011764,0.1979120373725891,0.0,0.2332903444766998,0.5332350730895996,0.0,0.0,0.0,1.8663227558135984,1.2442151308059692,0.4587482810020447,0.2666175365447998,0.5089971423149109,0.1696657091379165,0.4541473090648651,0.4436867535114288,0.0,0.0,0.0,0.0,0.3393314182758331,0.0,0.0,0.0
GSE190260::LAM1163:CGACCTTGTAACGTTC-1,GSE190260::LAM1163:CGACCTTGTAACGTTC-1,State_16,LAM1163,GSE190260,3.351720333099365,1,0.047619047619047616,near,0.1144120618700981,0.1084967851638794,0.0598897263407707,0.0562284849584102,1.7282662391662598,0.2540322542190552,0.7245307564735413,0.6774193644523621,1.690571665763855,0.0,0.0,0.0,0.0,0.0,0.1847507357597351,0.1847507357597351,1.6283137798309326,0.0,0.4263544380664825,0.0,0.0,0.0,0.0,1.5123692750930786,0.0,0.0
GSE190260::LAM1163:GGAATAAAGCTATGCT-1,GSE190260::LAM1163:GGAATAAAGCTATGCT-1,State_16,LAM1163,GSE190260,3.3520936965942383,1,0.022727272727272728,near,0.2675499618053436,0.2533556520938873,0.1489274203777313,0.1498103886842727,1.7067196369171145,1.3804755210876465,1.731592059135437,1.1518409252166748,1.5109543800354004,0.0,4.132758617401123,1.3775862455368042,0.3022673726081848,0.0,0.8153669834136963,0.8153669834136963,1.6117545366287231,0.0,0.3395709991455078,0.0,0.0,0.0,0.4396616220474243,1.4948643445968628,0.0,0.0
GSE302356::LAM10:ATGCAAACATAGCTTG-1,GSE302356::LAM10:ATGCAAACATAGCTTG-1,State_16,LAM3,GSE302356,3.361737012863159,2,0.0,near,0.6235025525093079,0.6127123832702637,0.5687037110328674,0.5588644742965698,0.4714334011077881,1.098136067390442,1.736432433128357,1.4182459115982056,0.7852339744567871,0.9399365782737732,2.1746490001678467,2.161508083343506,0.6109524369239807,0.8859241604804993,1.078575849533081,0.5063577890396118,0.0854487791657447,0.0,0.0,0.8545119762420654,0.0,0.0,0.9262068271636964,0.6443154811859131,0.0,0.0
GSE190260::LAM1163:AACACGTTCAGTCCCT-1,GSE190260::LAM1163:AACACGTTCAGTCCCT-1,State_16,LAM1163,GSE190260,3.3650619983673096,2,0.0,near,0.2181749790906906,0.2036851644515991,0.1286382377147674,0.1294009238481521,1.3468942642211914,0.9375625848770142,1.712696194648743,1.1373298168182373,2.288539171218872,0.0,4.0885114669799805,1.3628371953964231,0.0,0.0,0.8039091229438782,0.8039091229438782,2.0524709224700928,0.0,0.3101808726787567,0.5943111181259155,0.0,0.0,0.5262939929962158,1.2719606161117554,0.0,0.0
GSE302356::LAM10:GAAACTGAGCCACAAT-1,GSE302356::LAM10:GAAACTGAGCCACAAT-1,State_16,LAM3,GSE302356,3.3723084926605225,2,0.0,near,0.5547621250152588,0.5460114479064941,0.5150726437568665,0.5081290006637573,1.282662868499756,0.4418275952339172,1.4573326110839844,0.6450624465942383,2.158589124679565,0.0,1.599433422088623,1.5743180513381958,0.9524182677268982,0.6747077107429504,0.4890392124652862,0.2445196062326431,0.3964662551879883,0.0,0.1982331275939941,1.1562256813049316,0.1599433422088623,0.3198866844177246,0.3436361849308014,1.0904195308685305,0.0,0.0
GSE190260::LAM1163:GTTTCTATCAGAGACG-1,GSE190260::LAM1163:GTTTCTATCAGAGACG-1,State_16,LAM1163,GSE190260,3.373064517974853,2,0.0,near,0.1871194094419479,0.173775777220726,0.0974691435694694,0.0980470180511474,1.5750099420547483,0.8443077802658081,1.563418984413147,0.949211835861206,1.3964900970458984,0.0,3.906826734542847,1.302275538444519,0.0,0.0,0.7571389675140381,0.7571389675140381,2.0003225803375244,0.0,0.0,0.0,0.0,0.0,0.2009864449501037,1.5930415391921997,0.0,0.0
GSE135851::LAM3:TCAGCAATCATTCACT-1,GSE135851::LAM3:TCAGCAATCATTCACT-1,State_16,LAM3,GSE135851,3.3762199878692627,2,0.0,near,0.2507116496562958,0.237224131822586,0.1306328177452087,0.1314073204994201,1.5258516073226929,1.1914660930633545,1.6418532133102417,0.7246987223625183,2.6546084880828857,0.0,4.548925399780273,1.5163084268569946,0.0,0.0,1.401764154434204,0.611183762550354,1.2915626764297483,0.0,0.6506272554397583,0.7984684705734253,0.0,0.0,0.7905803918838501,1.5902061462402344,0.0,0.1449397355318069
GSE302356::LAM10:GTATGTTCAGGAACTG-1,GSE302356::LAM10:GTATGTTCAGGAACTG-1,State_16,LAM3,GSE302356,3.3769748210906982,1,0.023809523809523808,near,0.51044100522995,0.5025094747543335,0.4884417057037353,0.476962685585022,0.2532432079315185,0.6809692978858948,1.3285236358642578,1.1406028270721436,0.6753152012825012,0.0,0.0,1.2839703559875488,0.9253180623054504,0.8396937847137451,0.5007781982421875,0.0,0.397273302078247,0.0,0.0,0.8706535696983337,0.0,0.0,0.9619776010513306,0.5285353064537048,0.0,0.0
GSE302356::LAM10:ATTACCCGTGTTTGCT-1,GSE302356::LAM10:ATTACCCGTGTTTGCT-1,State_16,LAM3,GSE302356,3.3775558471679688,2,0.0,near,0.5838568210601807,0.5661743879318237,0.5257506370544434,0.5120726227760315,1.124193549156189,0.942449152469635,2.407673120498657,1.7697807550430298,2.2488601207733154,0.0,2.230250835418701,2.4656710624694824,0.7786365151405334,1.2172138690948486,0.4539040923118591,0.3048849701881408,0.2511540055274963,0.0,0.0,1.169656753540039,0.0,0.0,0.4539040923118591,1.142368197441101,0.0,0.0
GSE190260::LAM1163:CGGACGTCAGGCGATA-1,GSE190260::LAM1163:CGGACGTCAGGCGATA-1,State_16,LAM1163,GSE190260,3.382361650466919,1,0.03225806451612903,near,0.3191555440425873,0.3082357943058014,0.1948234736919403,0.1959785521030426,2.1373445987701416,0.7148476839065552,1.4454506635665894,0.7570958733558655,2.8114047050476074,0.0,3.4474940299987797,1.1491646766662598,0.0,0.0,0.8281366229057312,0.7705913186073303,1.7119451761245728,0.971084475517273,0.3696485757827759,0.5773337483406067,0.1154667511582374,0.0,0.4198790788650512,1.9450829029083248,0.0,0.0
GSE190260::LAM1163:GACTAACTCTACGAGT-1,GSE190260::LAM1163:GACTAACTCTACGAGT-1,State_16,LAM1163,GSE190260,3.3930914402008057,2,0.0,near,0.2272761613130569,0.2156736254692077,0.1085539981722831,0.1091976016759872,1.4849116802215576,1.2459964752197266,1.4239959716796875,1.451184868812561,1.871472239494324,0.0,2.481978416442871,0.8273261189460754,0.0,0.0,0.7715651392936707,0.4512687921524048,1.8885594606399536,0.0,0.2256343960762024,0.0,0.0,0.0,0.5459307432174683,1.513734221458435,0.0,0.0
GSE135851::LAM4:GCGGGTTGTCACAAGG-1,GSE135851::LAM4:GCGGGTTGTCACAAGG-1,State_16,LAM4,GSE135851,3.3964054584503174,1,0.027777777777777776,near,0.1800006330013275,0.1659539639949798,0.1311345547437667,0.1319120228290558,0.9792914390563964,0.8086796998977661,1.628814935684204,1.1891242265701294,1.6440891027450562,0.0,2.902064561843872,0.9673548340797424,0.0,0.0,0.7914721369743347,0.7914721369743347,0.5276480913162231,0.2072903215885162,0.9741583466529846,2.0535898208618164,0.0,0.0,0.5276480913162231,1.006719708442688,0.0,0.0
GSE190260::LAM1163:AGGCCACGTACTTCTT-1,GSE190260::LAM1163:AGGCCACGTACTTCTT-1,State_16,LAM1163,GSE190260,3.398280382156372,2,0.0,near,0.140827789902687,0.1337582916021347,0.0607663989067077,0.0611266754567623,2.0009422302246094,0.3153945803642273,0.8699960112571716,0.841052234172821,2.3778769969940186,0.0,0.0,0.0,0.0,0.0,0.229377880692482,0.229377880692482,2.048137187957764,0.0,0.229377880692482,0.7938436269760132,0.0,0.0,0.229377880692482,1.808838963508606,0.0,0.0
GSE302356::LAM10:AGGTTGCGTAGCAGCT-1,GSE302356::LAM10:AGGTTGCGTAGCAGCT-1,State_16,LAM3,GSE302356,3.3993256092071533,2,0.0,near,0.6451845169067383,0.6363747715950012,0.5994834899902344,0.5947552919387817,0.5885807275772095,1.0873916149139404,1.5538500547409058,1.1628813743591309,1.329119086265564,1.4282151460647583,2.1281814575195312,1.798209309577942,0.8176080584526062,0.7642247080802917,0.8409603834152222,0.5782555937767029,0.4032534658908844,0.0,0.0655717030167579,0.5373759269714355,0.0,0.0,0.6925287246704102,0.8676886558532715,0.0,0.0
GSE190260::LAM1163:CAGTAACTCATTGCGA-1,GSE190260::LAM1163:CAGTAACTCATTGCGA-1,State_16,LAM1163,GSE190260,3.4049463272094727,2,0.0,near,0.1138861104846,0.106314830482006,0.0495209880173206,0.0442796386778354,0.3500858843326568,0.7829582691192627,0.8948094248771667,2.087888717651367,0.0,0.0,0.0,0.0,0.0,0.0,0.0,0.0,1.6872804164886477,0.0,0.2546079158782959,0.0,0.0,0.0,0.0,0.2333905845880508,0.0,0.0
GSE190260::LAM1163:TGCTACCCACTTACGA-1,GSE190260::LAM1163:TGCTACCCACTTACGA-1,State_16,LAM1163,GSE190260,3.4129791259765625,1,0.03125,near,0.1711013913154602,0.1614676713943481,0.1035799458622932,0.104194052517414,1.367232322692871,0.5696597695350647,1.1647508144378662,0.542461097240448,1.1986593008041382,0.0,2.9298949241638184,0.9766316413879396,0.0,0.1228783950209617,0.7033522129058838,0.4641503691673279,2.0055110454559326,1.1553773880004885,0.2651382982730865,0.2150371968746185,0.0,0.0,0.4653411507606506,1.221024990081787,0.0,0.0
GSE302356::LAM10:AAACGTACAGGATAAC-1,GSE302356::LAM10:AAACGTACAGGATAAC-1,State_16,LAM3,GSE302356,3.415870428085327,2,0.0,near,0.6187248229980469,0.6103151440620422,0.5540324449539185,0.5449277758598328,1.4178825616836548,0.4537753462791443,1.4861197471618652,0.9122398495674132,2.2281482219696045,0.8934831619262695,0.0,1.475269436836243,0.5229781866073608,0.956283450126648,0.1624514907598495,0.2333635687828064,0.3958150744438171,0.0,0.2333635687828064,0.6018575429916382,0.0,0.1786966323852539,0.2436772286891937,1.268958330154419,0.2552809119224548,0.0905135124921798
GSE217108::LAM44:AGCCGGTTCGCCTAAG-1,GSE217108::LAM44:AGCCGGTTCGCCTAAG-1,State_16,LAM44,GSE217108,3.423103094100952,1,0.3870967741935484,near,0.5043056607246399,0.4977070093154907,0.4494959712028503,0.442213237285614,0.8669207096099854,0.6866292953491211,1.1849075555801392,0.9155057072639464,0.7401641011238098,0.0,1.6304032802581787,1.8492785692214968,0.5893591642379761,1.1867820024490356,1.3409388065338137,0.8534279465675354,1.1299805641174316,0.3986120522022247,0.6879860162734985,0.7711175084114075,0.0,0.0,1.2070308923721311,0.8054214715957642,0.0,0.0
GSE190260::LAM1163:GTAGTCAGTGGGTATG-1,GSE190260::LAM1163:GTAGTCAGTGGGTATG-1,State_16,LAM1163,GSE190260,3.427755355834961,2,0.0,near,0.2142979651689529,0.2072587609291076,0.1180850565433502,0.1187851652503013,1.6529555320739746,0.3563377261161804,0.940342366695404,0.0,1.9818147420883176,0.0,2.850701808929444,0.9502339363098145,0.0,0.0,1.265404462814331,0.6616545915603638,2.1363015174865723,0.0,0.2012499421834945,1.106874704360962,0.2213749438524246,0.0,0.8049997687339783,1.4404120445251465,0.0,0.0
GSE190260::LAM1163:CATTCGCTCTGCGACG-1,GSE190260::LAM1163:CATTCGCTCTGCGACG-1,State_16,LAM1163,GSE190260,3.4384143352508545,2,0.0,near,0.17440265417099,0.1620446741580963,0.0621207542717456,0.0624890588223934,1.3165607452392578,0.8057690858840942,1.4490402936935425,1.1392260789871216,1.2323764562606812,0.0,3.0284745693206787,1.0094915628433228,0.0,0.0,0.9251110553741456,0.7085126638412476,1.689902901649475,0.0,0.3106980323791504,0.7571186423301697,0.0,0.0,0.5272964239120483,1.4174469709396362,0.0,0.0
GSE190260::LAM1163:CCTCTGACACTACAGT-1,GSE190260::LAM1163:CCTCTGACACTACAGT-1,State_16,LAM1163,GSE190260,3.4406754970550537,2,0.0,mid,0.1731389164924621,0.1652766168117523,0.1103421673178672,0.1109963729977607,1.6156164407730105,0.3226218819618225,0.9840783476829528,0.0,1.4358577728271484,0.0,2.58097505569458,0.860325038433075,0.0,0.0,0.4692682027816772,0.4692682027816772,2.0500311851501465,0.0,0.3553471863269806,0.645243763923645,0.0,0.0,0.0,1.5170735120773315,0.0,0.0
GSE190260::LAM1163:TAAGAGACATCACGAT-1,GSE190260::LAM1163:TAAGAGACATCACGAT-1,State_16,LAM1163,GSE190260,3.440830945968628,1,0.02127659574468085,mid,0.2756650149822235,0.2640150189399719,0.1880621314048767,0.1891771256923675,2.0648200511932373,1.031130313873291,1.4772790670394895,0.7284087538719177,2.154121160507202,0.0,3.878589630126953,1.2928632497787476,0.2731532752513885,0.0,0.7499129176139832,0.7499129176139832,1.811556696891785,0.0,0.2564095258712768,1.2514326572418213,0.0,0.0,0.2914464771747589,1.9680168628692627,0.0,0.0
GSE135851::LAM1:ATTGGACGTCGATTGT-1,GSE135851::LAM1:ATTGGACGTCGATTGT-1,State_16,LAM1,GSE135851,3.444249153137207,2,0.0,mid,0.0824874639511108,0.0737920105457305,0.0240745805203914,0.024217315018177,1.1106857061386108,0.362149715423584,0.9793612957000732,0.9657325744628906,2.2851762771606445,0.0,0.0,0.0,0.0,0.0,0.0,0.0,2.0266265869140625,0.0,0.2633816003799438,0.724299430847168,0.0,0.0,0.2633816003799438,1.2787543535232544,0.0,0.0
GSE302356::LAM10:CGAAATGAGCTAGAAG-1,GSE302356::LAM10:CGAAATGAGCTAGAAG-1,State_16,LAM3,GSE302356,3.444293737411499,2,0.0,mid,0.5187622904777527,0.5160250663757324,0.4931920766830444,0.4850339591503143,0.4670431911945343,0.4670431911945343,0.8010839819908142,0.6227242350578308,0.6227242350578308,0.0,0.0,1.2464717626571655,1.033217191696167,0.8010839819908142,0.2846718430519104,0.0,0.4794949293136596,0.0,0.0,1.5795435905456543,0.1318611055612564,0.0,0.4148110747337341,0.4723131656646728,0.0,0.1758148074150085
GSE135851::LAM3:CGGACGTTCGCTTGTC-1,GSE135851::LAM3:CGGACGTTCGCTTGTC-1,State_16,LAM3,GSE135851,3.4484434127807617,2,0.0,mid,0.1477121263742447,0.1350073218345642,0.0628126114606857,0.0631850212812423,1.4110167026519775,0.7834566831588745,1.458122968673706,0.0,2.1829562187194824,2.6096620559692383,3.657991647720337,2.0892179012298584,0.0,0.0,0.3325446844100952,0.3325446844100952,1.3768154382705688,0.0,0.4744839966297149,0.0,0.0,0.0,0.0,1.3356165885925293,0.0,0.0
GSE135851::LAM3:GTCACAACACCATCCT-1,GSE135851::LAM3:GTCACAACACCATCCT-1,State_16,LAM3,GSE135851,3.453798055648804,1,0.045454545454545456,mid,0.047813169658184,0.0419250316917896,0.0155762657523155,0.0156686156988143,0.6509619951248169,0.2477599829435348,0.655132532119751,0.0,0.8679493069648743,0.0,1.9820798635482788,0.6606932878494263,0.0,0.0,0.4169025421142578,0.5405672192573547,1.9496574401855469,1.142067313194275,1.1376588344573977,1.3642024993896484,0.0,0.0,0.0,0.4339746534824371,0.0,0.132138654589653
GSE190260::LAM1163:CAACCAACAGCTCGAC-1,GSE190260::LAM1163:CAACCAACAGCTCGAC-1,State_16,LAM1163,GSE190260,3.461442470550537,1,0.014705882352941176,mid,0.1881657987833023,0.1807279139757156,0.1120780929923057,0.1127425879240036,1.4072723388671875,0.4179566502571106,0.9553294777870178,0.0,1.114551067352295,0.0,3.3436532020568848,1.114551067352295,0.0,0.0,0.792187511920929,0.5480780005455017,1.7141989469528198,0.0,0.3397526443004608,0.8359133005142212,0.0,0.0,0.5480780005455017,1.3190876245498655,0.0,0.0
GSE302356::LAM10:CGAAGGCCAAACAACA-1,GSE302356::LAM10:CGAAGGCCAAACAACA-1,State_16,LAM3,GSE302356,3.4719178676605225,2,0.0,mid,0.6330153942108154,0.6249964237213135,0.5973460674285889,0.5892490148544312,1.3846858739852903,0.3919113278388977,1.4601175785064695,0.7289697527885437,2.2371373176574707,0.0,0.9483813643455504,1.5502086877822876,0.8300415873527527,1.0450575351715088,0.5871184468269348,0.1724329739809036,0.4310824573040008,0.0,0.0862164869904518,0.6741597056388855,0.0948381349444389,0.0,0.5957258939743042,1.2316442728042605,0.0,0.0950832888484001
GSE135851::LAM3:GAAATGATCATGGTCA-1,GSE135851::LAM3:GAAATGATCATGGTCA-1,State_16,LAM3,GSE135851,3.4733004570007324,2,0.0,mid,0.150555670261383,0.1411598473787307,0.0456376075744628,0.045908186584711,2.347336769104004,0.3629615902900696,1.1196671724319458,0.0,3.328312635421753,2.9036927223205566,0.0,0.9678975939750672,0.3629615902900696,0.0,0.0,0.0,1.6338120698928833,0.0,0.8884053230285645,0.8922617435455322,0.0,0.0,0.0,1.8623117208480835,0.0,0.0
GSE190260::LAM1163:AGGCCGTGTTGATTCG-1,GSE190260::LAM1163:AGGCCGTGTTGATTCG-1,State_16,LAM1163,GSE190260,3.48088812828064,2,0.0,mid,0.2541184425354004,0.2395208775997162,0.1194020509719848,0.1201099678874015,2.1579980850219727,0.9679843187332152,1.759752631187439,1.22448468208313,1.524798035621643,0.0,4.070420265197754,1.356806755065918,0.375672310590744,0.0,0.9772047996520996,0.7039885520935059,1.2355027198791504,0.0,0.5464324355125427,0.751344621181488,0.0,0.0,0.5464324355125427,2.028315305709839,0.0,0.0
GSE302356::LAM13:CGAATATGTGTGTGGT-1,GSE302356::LAM13:CGAATATGTGTGTGGT-1,State_16,LAM50,GSE302356,3.480934858322144,2,0.0,mid,0.3082923591136932,0.3056516945362091,0.2776422500610351,0.2740959525108337,0.6877386569976807,0.2504968643188476,0.5806609392166138,0.0,0.4790942370891571,0.0,0.0,0.8757813572883606,0.5021764636039734,1.3614877462387085,0.6256831884384155,0.1306620687246322,0.0,0.0,0.0,0.5908666253089905,0.0,0.2874565422534942,0.4950211346149444,0.6516081094741821,0.0,0.0
GSE302356::LAM10:AGATGCTTCCGCAAAT-1,GSE302356::LAM10:AGATGCTTCCGCAAAT-1,State_16,LAM3,GSE302356,3.4993836879730225,1,0.027777777777777776,mid,0.5946290493011475,0.585259199142456,0.5686479806900024,0.5629493594169617,1.7608273029327393,0.5950069427490234,1.5610612630844116,0.764909565448761,2.4059371948242188,0.8217755556106567,0.8217755556106567,1.3127598762512207,0.8711057305335999,0.7730332612991333,0.2988274693489074,0.264566957950592,0.3735343515872955,0.0,0.1494137346744537,1.238648533821106,0.0,0.1643551141023636,0.264566957950592,1.4442194700241089,0.1173965036869049,0.0
GSE135851::LAM3:ATCTACTAGTGACATA-1,GSE135851::LAM3:ATCTACTAGTGACATA-1,State_16,LAM3,GSE135851,3.500728845596313,2,0.0,mid,0.2775745093822479,0.2622856795787811,0.1293431967496872,0.1301100552082061,1.875252723693848,1.3235396146774292,1.8545072078704836,0.0,1.7801095247268677,2.947095394134521,4.694126129150391,2.5470738410949707,0.2881386280059814,0.0,0.6362941265106201,1.055404782295227,1.6541237831115725,0.0,0.8382214903831482,2.110400676727295,0.0,0.0,0.209555372595787,1.584342360496521,0.0,0.0
GSE302356::LAM10:GATGACTTCGCTATGG-1,GSE302356::LAM10:GATGACTTCGCTATGG-1,State_16,LAM3,GSE302356,3.503056287765503,2,0.0,mid,0.6017064452171326,0.5962345600128174,0.551246702671051,0.5458774566650391,1.824353575706482,0.3725098967552185,1.1660934686660769,0.5669548511505127,1.9193750619888303,0.639607310295105,0.0,1.1031118631362915,1.0659276247024536,1.1758592128753662,0.3480114340782165,0.0581461191177368,0.3503437042236328,0.0,0.2349167615175247,0.781633734703064,0.0,0.127921462059021,0.5719890594482422,1.5393739938735962,0.0,0.1133909672498703
GSE190260::LAM1163:GGACGTCCACTGTTAG-1,GSE190260::LAM1163:GGACGTCCACTGTTAG-1,State_16,LAM1163,GSE190260,3.50432562828064,2,0.0,mid,0.1225732117891311,0.1164766401052475,0.0735938400030136,0.0740301683545112,1.3828320503234863,0.2488452941179275,0.7513914108276367,0.0,1.0896592140197754,0.0,1.9907623529434204,0.6635874509811401,0.0,0.0,0.1809784024953842,0.1809784024953842,2.439072847366333,0.0,0.0,0.0,0.0,0.0,0.0,1.4667176008224487,0.0,0.0
GSE302356::LAM10:AATCATGTCACGCATG-1,GSE302356::LAM10:AATCATGTCACGCATG-1,State_16,LAM3,GSE302356,3.5085339546203613,2,0.0,mid,0.6466196179389954,0.6364542841911316,0.5865866541862488,0.5826903581619263,1.326568365097046,0.8869284391403198,1.6951059103012085,0.6879818439483643,2.3037760257720947,2.3471624851226807,2.0639455318450928,2.026153087615967,0.993765354156494,0.6734139323234558,0.4758558273315429,0.3568243384361267,0.5797843337059021,0.0,0.2335238009691238,0.6710799336433411,0.0,0.0,0.4288742542266845,1.2356317043304443,0.0,0.0
GSE302356::LAM13:GAGGTGAGTGAATCGC-1,GSE302356::LAM13:GAGGTGAGTGAATCGC-1,State_16,LAM50,GSE302356,3.5141167640686035,1,0.023255813953488372,mid,0.5134872198104858,0.509168267250061,0.4128920435905456,0.4046969413757324,0.9990214109420776,0.6969440579414368,0.9589560031890868,0.7900182008743286,0.0,0.0,1.3273006677627563,1.4475457668304443,0.6269104480743408,0.9756724238395692,0.5085699558258057,0.2697741091251373,0.4784303307533264,0.0,0.2281447350978851,1.066742181777954,0.1327300667762756,0.3280429244041443,0.84416264295578,0.8635188341140747,0.2343163788318634,0.0
GSE135851::LAM3:TCCCGATGTCATATGC-1,GSE135851::LAM3:TCCCGATGTCATATGC-1,State_16,LAM3,GSE135851,3.5198423862457275,2,0.0,mid,0.1938880234956741,0.1858766227960586,0.1023046150803566,0.1029111668467521,2.133270502090454,0.552170991897583,1.020207762718201,0.0,2.3804848194122314,0.0,2.208683967590332,0.7362279891967773,0.0,0.0,0.4015789031982422,0.8610358834266663,2.0048389434814453,0.0,0.6023683547973633,1.104341983795166,0.0,0.0,0.2007894515991211,2.087851047515869,0.0,0.0
GSE302356::LAM10:AGCGGACCAGGACACA-1,GSE302356::LAM10:AGCGGACCAGGACACA-1,State_16,LAM3,GSE302356,3.5269558429718018,2,0.0,mid,0.5199370980262756,0.5152053833007812,0.4877530634403229,0.4906449019908905,1.127996802330017,0.5305163860321045,1.007980227470398,0.4893781840801239,3.451132297515869,0.0,1.7937065362930298,0.5979021787643433,1.0441619157791138,0.7392568588256836,0.5218220353126526,0.1630642265081405,0.2227658629417419,0.0,0.0892990827560424,1.0500645637512207,0.0,0.0,0.4922246038913727,1.054585337638855,0.0,0.0
GSE302356::LAM10:TGTGTGAGTAAGCTCA-1,GSE302356::LAM10:TGTGTGAGTAAGCTCA-1,State_16,LAM3,GSE302356,3.527104377746582,2,0.0,mid,0.562896728515625,0.5522012710571289,0.5180546641349792,0.5133276581764221,1.6957120895385742,0.8396097421646118,1.6660552024841309,1.048272967338562,2.5286636352539062,0.0,2.6197850704193115,1.4577622413635254,0.6514508128166199,0.5225785374641418,0.4841418862342834,0.324732631444931,0.7444883584976196,0.0680195763707161,0.0,0.6549462676048279,0.0,0.0,0.2459796220064163,1.4236313104629517,0.0,0.0
GSE190260::LAM1163:CTACATTTCAACCAAC-1,GSE190260::LAM1163:CTACATTTCAACCAAC-1,State_16,LAM1163,GSE190260,3.542158842086792,2,0.0,mid,0.1280537992715835,0.1198411136865615,0.0617114230990409,0.0620772987604141,1.3884763717651367,0.4021197259426117,0.9751331210136414,0.0,1.2029913663864136,0.0,3.2169578075408936,1.072319269180298,0.0,0.0,0.2924506962299347,0.2924506962299347,2.3401224613189697,0.0,0.2924506962299347,0.6407762765884399,0.0,0.0,0.0,1.5203042030334473,0.0,0.0
GSE302356::LAM10:GTTACGCCATAATGAG-1,GSE302356::LAM10:GTTACGCCATAATGAG-1,State_16,LAM3,GSE302356,3.544793605804444,1,0.029411764705882353,mid,0.1979967951774597,0.1948475241661071,0.1793520450592041,0.1782473772764206,0.9580332636833192,0.2742536962032318,0.5228216648101807,0.3656716048717499,2.3845157623291016,0.0,0.0,0.0,0.0,0.0,0.1994572430849075,0.4225810170173645,0.8329212665557861,0.3864534795284271,0.4917337298393249,1.8923882246017456,0.2194029688835144,0.0,0.1994572430849075,0.8640668392181396,0.0,0.0
GSE302356::LAM10:GGTTGACGTGTCCAGG-1,GSE302356::LAM10:GGTTGACGTGTCCAGG-1,State_16,LAM3,GSE302356,3.5582315921783447,2,0.0,mid,0.5190948843955994,0.5124157667160034,0.4692354798316955,0.459476888179779,0.7480745911598206,0.2204718738794326,1.2079955339431765,0.5879250168800354,1.2913953065872192,0.0,0.0,1.5272610187530518,0.6409556269645691,1.413482904434204,0.940036118030548,0.3035668730735779,0.1117113232612609,0.0,0.0,1.55458402633667,0.0,0.0,0.8981146216392517,0.6856492161750793,0.0,0.081921637058258
GSE302356::LAM13:TTTAGCAAGGAACGCG-1,GSE302356::LAM13:TTTAGCAAGGAACGCG-1,State_16,LAM50,GSE302356,3.564375162124634,2,0.0,mid,0.4627535343170166,0.4627548158168793,0.3775657117366791,0.3776816725730896,1.1120893955230713,0.1342538148164749,0.4626204669475555,0.3580101728439331,1.9694972038269043,0.0,0.0,0.0,0.7847805023193359,0.1534329205751419,0.4825266897678375,0.0,0.5356581807136536,0.0,0.0,0.9860222339630128,0.0,0.3159732818603515,0.4825266897678375,1.0417912006378174,0.2256951928138733,0.0
GSE135851::LAM3:TTAACTCGTGTAATGA-1,GSE135851::LAM3:TTAACTCGTGTAATGA-1,State_16,LAM3,GSE135851,3.5665950775146484,2,0.0,mid,0.1411187201738357,0.1335972398519516,0.0647603869438171,0.065144345164299,1.7876005172729492,0.294312834739685,0.9169059991836548,0.0,2.3542850017547607,0.0,2.3545026779174805,0.7848342061042786,0.0,0.0,0.4280914068222046,0.2140457034111023,1.656358003616333,0.1681787669658661,0.4280914068222046,0.9712371230125428,0.0,0.0,0.2140457034111023,1.5430279970169067,0.0,0.0
GSE302356::LAM13:AATTGACGTTAGCAGC-1,GSE302356::LAM13:AATTGACGTTAGCAGC-1,State_16,LAM50,GSE302356,3.568871021270752,2,0.0,mid,0.3484284579753876,0.3463961482048034,0.2928846478462219,0.2890513837337494,1.0068066120147705,0.352285087108612,0.55804842710495,0.9394268989562988,0.7253720760345459,0.0,0.0,0.0,0.4088982045650482,0.5041542053222656,0.6708747148513794,0.3436260819435119,1.0629833936691284,0.1140542477369308,0.0,0.9765847325325012,0.0,0.0,0.5186541676521301,0.762578010559082,0.2281084954738617,0.0
GSE135851::LAM3:AGTAGTCCACCTCGTT-1,GSE135851::LAM3:AGTAGTCCACCTCGTT-1,State_16,LAM3,GSE135851,3.576277732849121,2,0.0,mid,0.1365621238946914,0.1256520450115203,0.0553795807063579,0.0557079166173934,1.1855497360229492,0.6258369088172913,1.26185941696167,0.0,1.2754402160644531,2.503347635269165,2.503347635269165,1.6688984632492063,0.0,0.0,0.2275770604610443,0.4551541209220886,1.8946259021759035,0.0,0.7419477105140686,2.3710994720458984,0.0,0.0,0.0,1.0532605648040771,0.0,0.1668898463249206
GSE135851::LAM1:TTTACTGTCCTACAGA-1,GSE135851::LAM1:TTTACTGTCCTACAGA-1,State_16,LAM1,GSE135851,3.581878662109375,1,0.2,mid,0.5153563618659973,0.5019738078117371,0.3344035148620605,0.3348055481910705,2.1821889877319336,1.5568119287490845,1.8956716060638428,1.2942873239517212,3.107272148132324,1.2383973598480225,3.9598922729492183,1.732763171195984,0.2999155521392822,0.1769139021635055,0.5452786087989807,0.7858137488365173,1.7060264348983765,0.0,0.5834885239601135,0.874395489692688,0.0,0.1599549651145935,0.4153496325016022,2.130502462387085,0.1142535433173179,0.0
GSE302356::LAM13:CTAAGTCAGCTGCACA-1,GSE302356::LAM13:CTAAGTCAGCTGCACA-1,State_16,LAM50,GSE302356,3.5850040912628174,1,0.3333333333333333,mid,0.362775444984436,0.3619857132434845,0.336406409740448,0.3335874080657959,0.8200154304504395,0.2674589157104492,0.4442329108715057,0.6502220034599304,0.6657341122627258,0.0,0.1890052258968353,0.2246615886688232,0.6223720908164978,0.5313411951065063,0.5664962530136108,0.2679685354232788,0.6325104832649231,0.0383505709469318,0.0171822942793369,1.4469469785690308,0.0,0.0969959124922752,0.2437054365873336,0.498496264219284,0.0497003942728042,0.1346086859703064
GSE190260::LAM1163:GGGCACTGTAGTAGTA-1,GSE190260::LAM1163:GGGCACTGTAGTAGTA-1,State_16,LAM1163,GSE190260,3.590607166290283,2,0.0,mid,0.129844069480896,0.1190878748893737,0.0694509744644165,0.065652422606945,1.6659350395202637,0.2663024365901947,1.239268183708191,0.0,1.4713460206985474,0.0,2.1304194927215576,1.420279622077942,0.0,0.3043456375598907,0.1936745047569275,0.1936745047569275,2.2625863552093506,0.0,0.1936745047569275,0.5326048731803894,0.0,0.0,0.0,1.6481531858444214,0.0,0.0
GSE190260::LAM1163:TATGCCCGTTGGAGGT-1,GSE190260::LAM1163:TATGCCCGTTGGAGGT-1,State_16,LAM1163,GSE190260,3.5937392711639404,2,0.0,mid,0.2112257480621338,0.2034209072589874,0.0958815738558769,0.0964500457048416,2.142783641815185,0.4446048438549042,1.0162396430969238,0.0,1.1856129169464111,0.0,3.5568387508392334,1.1856129169464111,0.0,0.0,0.3233489692211151,0.3233489692211151,1.6576786041259766,0.0,0.2877761125564575,0.959340751171112,0.0,0.0,0.0,1.8314518928527832,0.0,0.0
GSE135851::LAM3:GTTAAGCAGCTGTCTA-1,GSE135851::LAM3:GTTAAGCAGCTGTCTA-1,State_16,LAM3,GSE135851,3.595651149749756,2,0.0,mid,0.1322771161794662,0.1254194676876068,0.0821345821022987,0.082621544599533,1.1852591037750244,0.3673230409622192,0.8395954966545105,0.0,0.9795281291007996,0.0,2.938584327697754,0.9795281291007996,0.0,0.0,0.2671440243721008,0.5342880487442017,1.5534766912460327,0.0,0.5342880487442017,1.805737018585205,0.0,0.0,0.2671440243721008,1.0350548028945925,0.0,0.0
GSE135851::LAM3:CACACCTTCAAACCAC-1,GSE135851::LAM3:CACACCTTCAAACCAC-1,State_16,LAM3,GSE135851,3.5957372188568115,2,0.0,mid,0.1421727836132049,0.1328792124986648,0.039932906627655,0.0401696637272834,2.471277236938477,0.3629615902900696,1.1007381677627563,0.0,2.5683889389038086,0.0,2.9036927223205566,0.9678975939750672,0.0,0.0,0.2639720737934112,0.2639720737934112,1.3550996780395508,0.0,1.152377367019653,1.1170709133148191,0.0,0.5807385444641113,0.0,2.068431615829468,0.4148132503032684,0.0
GSE302356::LAM10:AACTCACAGGCCAATT-1,GSE302356::LAM10:AACTCACAGGCCAATT-1,State_16,LAM3,GSE302356,3.601337194442749,1,0.030303030303030304,mid,0.4991712570190429,0.4949375689029693,0.4665389657020569,0.4563585221767425,0.2079885303974151,0.3464146554470062,0.9358471035957336,0.9237724542617798,0.5546360611915588,0.0,0.0,1.2598707675933838,0.7800988554954529,0.862454354763031,0.6396726965904236,0.3120566606521606,0.2080377787351608,0.0,0.2552832663059234,1.140225887298584,0.0,0.0,0.8655393123626709,0.4010230004787445,0.0,0.0762805193662643
GSE302356::LAM10:AGGGTTGCAAGGTCGA-1,GSE302356::LAM10:AGGGTTGCAAGGTCGA-1,State_16,LAM3,GSE302356,3.603894472122192,2,0.0,mid,0.6730309724807739,0.6575760841369629,0.5745055079460144,0.5634869337081909,1.5776653289794922,1.2582247257232666,2.2670907974243164,1.5860437154769895,2.4105682373046875,1.0172346830368042,2.450420379638672,2.5064637660980225,0.8141072392463684,1.195915460586548,0.9527944326400756,0.4825151562690735,0.1849517673254013,0.0,0.0924758836627006,1.3755311965942385,0.0,0.0,0.8973026871681213,1.2209049463272097,0.0,0.0
GSE135851::LAM3:ATCTACTCACACCGAC-1,GSE135851::LAM3:ATCTACTCACACCGAC-1,State_16,LAM3,GSE135851,3.605029821395874,2,0.0,mid,0.2099669426679611,0.2007745057344436,0.0957012847065925,0.0962686836719513,2.5432116985321045,0.4641152322292328,1.1581019163131714,0.0,2.351919651031494,0.0,3.7129218578338623,1.237640619277954,0.0,0.0,0.5226567387580872,0.7077751755714417,2.0744550228118896,0.0,0.5553552508354187,0.8838674426078796,0.0,0.0,0.1851184219121933,2.111665725708008,0.0,0.0
GSE190260::LAM1163:GGATTACAGAGTAAGG-1,GSE190260::LAM1163:GGATTACAGAGTAAGG-1,State_16,LAM1163,GSE190260,3.608172655105591,2,0.0,mid,0.1227912381291389,0.1164451614022255,0.0894462093710899,0.0899765267968177,0.7506918907165527,0.3546220362186432,0.7773433923721313,0.4728293716907501,0.8681425452232361,0.0,1.4184881448745728,0.4728293716907501,0.0,0.0,0.34178027510643,0.6509718894958496,2.135967969894409,0.5114778876304626,0.1289534717798233,0.3546220362186432,0.0,0.0,0.2128268182277679,0.6656795740127563,0.0,0.0
GSE135851::LAM3:GTAGGCCTCCACGACG-1,GSE135851::LAM3:GTAGGCCTCCACGACG-1,State_16,LAM3,GSE135851,3.6090338230133057,2,0.0,mid,0.1316450536251068,0.1171921342611312,0.0422962084412574,0.0425469763576984,1.927225470542908,0.8284763693809509,1.622360110282898,0.9933972358703612,1.5762367248535156,0.0,3.647619247436523,1.215873122215271,0.0,0.0,0.699271023273468,1.030872821807861,1.7198301553726196,0.2128708362579345,0.3316017389297485,0.745047926902771,0.0,0.0,0.2709265053272247,1.621847152709961,0.0,0.0
GSE190260::LAM1163:GCACTCTAGACGCACA-1,GSE190260::LAM1163:GCACTCTAGACGCACA-1,State_16,LAM1163,GSE190260,3.6157050132751465,1,0.027777777777777776,mid,0.1210377886891365,0.1159257292747497,0.1007916927337646,0.1013892665505409,0.4070396423339844,0.4320584833621979,0.6483100652694702,0.360567569732666,0.360567569732666,0.0,2.374765157699585,0.7915883660316467,0.0,0.0,0.314224362373352,0.314224362373352,1.5629645586013794,1.017896294593811,0.5926406383514404,0.3972779512405395,0.0,0.0,0.0983366072177887,0.3615016639232635,0.0,0.0
GSE135851::LAM3:AGGGAGTGTACATCCA-1,GSE135851::LAM3:AGGGAGTGTACATCCA-1,State_16,LAM3,GSE135851,3.622342109680176,2,0.0,mid,0.2743302583694458,0.266268640756607,0.1473608464002609,0.1482345163822174,2.109686374664306,0.3456400632858276,1.1058305501937866,0.0,1.6585644483566284,0.0,2.765120506286621,0.9217068552970886,0.0,0.0,0.4136585891246795,0.4687067866325378,1.9436938762664795,0.0,1.151885151863098,0.5976635217666626,0.0,0.3570247590541839,0.3796161711215973,2.0392489433288574,0.5100353956222534,0.0
GSE302356::LAM10:TCGTTACGTCCGGTTC-1,GSE302356::LAM10:TCGTTACGTCCGGTTC-1,State_16,LAM3,GSE302356,3.627208709716797,2,0.0,mid,0.5780010223388672,0.568152129650116,0.55191570520401,0.5434932708740234,0.9546586871147156,0.7828258872032166,1.5938401222229004,0.9862493276596068,2.099761247634888,0.0,1.6519296169281006,1.5368925333023071,0.804602861404419,0.8838912844657898,0.3516134023666382,0.2299783378839492,0.1596058458089828,0.0,0.1216350495815277,1.3737670183181765,0.0,0.0,0.2014379650354385,0.9003008604049683,0.0,0.1845558434724807
GSE190260::LAM1163:GTGCATACACCGGAAA-1,GSE190260::LAM1163:GTGCATACACCGGAAA-1,State_16,LAM1163,GSE190260,3.6343815326690674,2,0.0,mid,0.2106606364250183,0.2055094093084335,0.1209537535905838,0.1216708719730377,1.7308350801467896,0.2960119247436523,0.7419729828834534,0.3946825563907623,1.9069604873657229,0.0,1.1840476989746094,0.3946825563907623,0.1480059623718261,0.0,0.4305627942085266,0.3229221105575561,1.9712274074554443,0.1222227290272712,0.2284248322248459,0.4277795553207397,0.0,0.2368095368146896,0.2152813971042633,1.4884711503982544,0.1691496670246124,0.0
GSE135851::LAM3:GTCTCGTCACTAGTAC-1,GSE135851::LAM3:GTCTCGTCACTAGTAC-1,State_16,LAM3,GSE135851,3.6457459926605225,2,0.0,mid,0.1398098766803741,0.1308122724294662,0.0712525099515914,0.071674957871437,1.8002262115478516,0.4249142706394195,1.0678480863571167,0.0,2.2715468406677246,0.0,3.3993141651153564,1.133104681968689,0.0,0.0,0.5580301880836487,0.3090285658836365,1.2933892011642456,0.0,0.0,1.0189056396484375,0.0,0.0,0.0,1.901944041252136,0.0,0.0
GSE302356::LAM10:ACCAGGACAGGCTACT-1,GSE302356::LAM10:ACCAGGACAGGCTACT-1,State_16,LAM3,GSE302356,3.6520683765411377,2,0.0,mid,0.6613901257514954,0.6470985412597656,0.5827333927154541,0.57301926612854,1.3816617727279663,1.1325050592422483,2.135462760925293,1.6497595310211182,2.0608599185943604,1.4220579862594604,1.743700385093689,2.1007001399993896,1.0960090160369873,1.106386423110962,0.4162463545799255,0.2444276064634323,0.4162463545799255,0.0,0.0859093815088272,0.8225884437561035,0.0,0.0,0.3436375260353088,1.3011609315872192,0.0,0.0630002170801162
GSE302356::LAM10:TGTGTTAAGCATGACT-1,GSE302356::LAM10:TGTGTTAAGCATGACT-1,State_16,LAM3,GSE302356,3.654217958450317,2,0.0,mid,0.6330549716949463,0.6209194660186768,0.5488016605377197,0.54047691822052,1.3104674816131592,1.031588792800903,1.8847416639328003,1.5827268362045288,1.9301400184631348,0.0,2.3157401084899902,1.8289098739624023,1.2653570175170898,0.9826752543449402,1.5294034481048584,0.7036538124084473,0.4322871267795563,0.0,0.3185936212539673,0.5789350271224976,0.0,0.0,1.2705281972885132,1.1964963674545288,0.0,0.0
GSE302356::LAM13:TAACCTAAGCAGGCCT-1,GSE302356::LAM13:TAACCTAAGCAGGCCT-1,State_16,LAM50,GSE302356,3.654242038726807,1,0.15625,mid,0.430806040763855,0.426873505115509,0.3906542658805847,0.3837135434150696,0.9186614155769348,0.1625276356935501,0.8364190459251404,0.4334070384502411,0.513027548789978,0.0,0.0,1.1279170513153076,0.4527795910835266,0.867438018321991,0.4415661990642547,0.1598836779594421,0.7603927850723267,0.0,0.0669312328100204,1.4322028160095217,0.0,0.0736243575811386,0.3502282202243805,0.7075237035751343,0.0,0.0245414525270462
GSE135851::LAM3:TCTTTCCGTACATGTC-1,GSE135851::LAM3:TCTTTCCGTACATGTC-1,State_16,LAM3,GSE135851,3.6546630859375,2,0.0,mid,0.128965675830841,0.1172826364636421,0.0547036305069923,0.055027961730957,2.0920088291168213,0.5210132598876953,1.3339874744415283,0.0,1.7232688665390017,0.0,4.1681060791015625,1.3893686532974243,0.0,0.0,0.3789187371730804,0.3789187371730804,1.441593050956726,0.0,0.8916230797767639,1.0420265197753906,0.0,0.0,0.2570191025733948,1.7753722667694092,0.0,0.1884806752204895
GSE302356::LAM10:CTATTGAAGGACCGCT-1,GSE302356::LAM10:CTATTGAAGGACCGCT-1,State_16,LAM3,GSE302356,3.6551690101623535,1,0.025,mid,0.4273048639297485,0.424456387758255,0.4150909185409546,0.40757617354393,0.1446691304445266,0.3972715139389038,0.7211050987243652,0.6736063957214355,0.0,0.0,0.0,1.00897216796875,1.2386409044265747,0.9516340494155884,0.5778495073318481,0.5699120759963989,0.3631118237972259,0.0,0.3156417310237884,1.2870594263076782,0.1679523885250091,0.0,0.5778495073318481,0.1684015989303589,0.0,0.0
GSE190260::LAM1163:ACTGCTCCAGTGACAG-1,GSE190260::LAM1163:ACTGCTCCAGTGACAG-1,State_16,LAM1163,GSE190260,3.655716896057129,2,0.0,mid,0.2212415635585785,0.2094364762306213,0.0948842093348503,0.095446765422821,1.5385786294937134,0.6616528630256653,1.438853144645691,0.8822038173675537,2.4751200675964355,0.0,2.646611452102661,0.8822038173675537,0.0,0.0,1.2030051946640017,0.7218031287193298,1.6504724025726318,0.0,0.3816059231758117,0.9242024421691896,0.2646611332893371,0.0,1.057876706123352,1.5777926445007324,0.0,0.0
GSE302356::LAM13:TATGTGATCCTTAAGA-1,GSE302356::LAM13:TATGTGATCCTTAAGA-1,State_16,LAM50,GSE302356,3.6560115814208975,2,0.0,mid,0.3830656409263611,0.3812821209430694,0.3313021957874298,0.3296895325183868,0.4961465299129486,0.2262380272150039,0.5670245885848999,0.6033014059066772,0.719756007194519,0.0,0.0,0.0,0.6912689805030823,0.8144385814666748,0.5596799850463867,0.0,0.7902864813804626,0.0,0.1153032407164573,0.6982446312904358,0.293834239244461,0.0,0.5596799850463867,0.5635125637054443,0.1811908036470413,0.0
GSE302356::LAM10:GACCTGCAGAACCTGT-1,GSE302356::LAM10:GACCTGCAGAACCTGT-1,State_16,LAM3,GSE302356,3.656781911849976,1,0.02857142857142857,mid,0.634116530418396,0.6241312623023987,0.5763608813285828,0.5703281760215759,1.4699876308441162,0.6173006892204285,1.6640291213989258,0.760435163974762,2.189743757247925,1.2229290008544922,1.4341709613800049,1.7191449403762815,0.8611457347869873,0.6943004131317139,0.6188914775848389,0.1837658882141113,0.3871420323848724,0.0,0.1401843130588531,0.5490396618843079,0.0,0.190954715013504,0.8185422420501709,1.2279675006866455,0.0,0.1347616463899612
GSE135851::LAM3:GCACTCTGTCTCTCGT-1,GSE135851::LAM3:GCACTCTGTCTCTCGT-1,State_16,LAM3,GSE135851,3.6570982933044434,2,0.0,mid,0.1388093680143356,0.1231201961636543,0.0466736108064651,0.0469503328204155,1.7228291034698486,0.8257958889007568,1.7570360898971558,0.9898695349693298,3.336511850357056,0.0,3.636758804321289,1.2122529745101929,0.0,0.0,0.6005788445472717,0.6005788445472717,1.471122145652771,0.2121149003505706,0.6623871326446533,1.2507755756378174,0.0,0.0,0.3306144475936889,1.5752309560775757,0.0,0.0
GSE135851::LAM3:AGGCCACAGGTGCACA-1,GSE135851::LAM3:AGGCCACAGGTGCACA-1,State_16,LAM3,GSE135851,3.659147024154663,2,0.0,mid,0.2032698541879654,0.1932861655950546,0.1040480062365531,0.1046648919582367,2.0194711685180664,0.5394445061683655,1.233016014099121,0.0,1.4385186433792114,0.0,4.315556049346924,1.4385186433792114,0.0,0.0,0.5856420993804932,0.7789609432220459,1.9488176107406616,0.0,0.1933188289403915,1.3171963691711426,0.0,0.0,0.0,1.9108734130859373,0.0,0.0
GSE190260::LAM1163:TGGGCGTCACAAGTAA-1,GSE190260::LAM1163:TGGGCGTCACAAGTAA-1,State_16,LAM1163,GSE190260,3.667680025100708,2,0.0,mid,0.0842156112194061,0.0800319835543632,0.0717560797929763,0.0721815079450607,0.6024707555770874,0.2814944982528686,0.5157268047332764,0.4527105391025543,0.4527105391025543,0.0,0.8938243985176086,0.2979414761066437,0.0,0.0,0.0812567621469497,0.2334372550249099,2.1205432415008545,0.7885713577270508,1.4773558378219604,0.2234560996294021,0.0,0.0,0.0812567621469497,0.5506178736686707,0.0,0.0
GSE135851::LAM4:CGGAGTCCACATCCAA-1,GSE135851::LAM4:CGGAGTCCACATCCAA-1,State_16,LAM4,GSE135851,3.6698617935180655,2,0.0,mid,0.1988350600004196,0.1822295486927032,0.0882880240678787,0.0888114720582962,2.3886845111846924,1.308977723121643,1.911574363708496,1.1591880321502686,3.1080143451690674,0.0,4.555373191833496,1.5184577703475952,0.0,0.0,0.6358416080474854,0.8575584292411804,0.818533718585968,0.1742060482501983,0.5023915767669678,2.3755667209625244,0.0,0.0,0.0,1.972070813179016,0.0,0.0
GSE135851::LAM3:TCAGGATAGAGGACGG-1,GSE135851::LAM3:TCAGGATAGAGGACGG-1,State_16,LAM3,GSE135851,3.676002264022827,2,0.0,mid,0.1285263895988464,0.1182028576731681,0.0429286248981952,0.0431831404566764,2.112705707550049,0.3751036524772644,1.193325161933899,0.0,2.56955885887146,0.0,3.0008292198181152,1.0002764463424685,0.0,0.0,0.4870053827762604,0.7598080635070801,1.651220202445984,0.0,0.8568109273910522,0.8473933339118958,0.0,0.0,0.0,1.7599215507507324,0.0,0.0
GSE135851::LAM3:GCAGCCACAACGATGG-1,GSE135851::LAM3:GCAGCCACAACGATGG-1,State_16,LAM3,GSE135851,3.679062604904175,2,0.0,mid,0.1219852715730667,0.11209387332201,0.0431561842560768,0.0434120520949363,1.9855515956878664,0.3432265222072601,1.1422125101089478,0.0,2.6651625633239746,0.0,2.745812177658081,0.915270745754242,0.0,0.0,0.4992385804653168,0.2496192902326584,1.8008450269699097,0.0,0.2496192902326584,1.075631856918335,0.0,0.0,0.5951360464096069,1.7209880352020264,0.0,0.0
GSE302356::LAM10:CCAAGTTAGTTCCCAC-1,GSE302356::LAM10:CCAAGTTAGTTCCCAC-1,State_16,LAM3,GSE302356,3.684007406234741,2,0.0,mid,0.4638815522193908,0.4585263729095459,0.4287007451057434,0.4271414577960968,1.4272342920303345,0.4757038354873657,1.0162301063537598,0.6917026042938232,1.679500937461853,0.0,0.0,0.0,0.5795342922210693,0.2964439690113067,0.5329145789146423,0.1091370284557342,0.4847313463687897,0.0,0.0,0.8828520774841309,0.120050735771656,0.0,0.5810977816581726,1.433899998664856,0.0,0.0800338238477706
GSE302356::LAM10:AACGCTAGTTGACTTC-1,GSE302356::LAM10:AACGCTAGTTGACTTC-1,State_16,LAM3,GSE302356,3.6897494792938232,2,0.0,mid,0.5242853760719299,0.5180292725563049,0.4794271886348724,0.473063200712204,1.200766682624817,0.7322077751159668,1.169555425643921,0.7764086127281189,2.076710700988769,1.1992106437683103,0.0,1.1761455535888672,0.6555795669555664,0.912492573261261,0.5388052463531494,0.0,0.5450957417488098,0.0,0.0,0.9752265214920044,0.0,0.0,0.5388052463531494,1.1034576892852783,0.0,0.0
GSE190260::LAM1163:GCTGCGATCACCATAG-1,GSE190260::LAM1163:GCTGCGATCACCATAG-1,State_16,LAM1163,GSE190260,3.696897029876709,2,0.0,mid,0.1771291494369506,0.167420819401741,0.0736641809344291,0.0741009265184402,1.754413604736328,0.3541516661643982,1.1784733533859253,0.0,2.970869302749634,0.0,2.833213329315185,0.9444044232368468,0.0,0.0,0.5151296854019165,0.5151296854019165,2.016780138015747,0.0,0.0,0.8741269111633301,0.0,0.0,0.2575648427009582,1.6418112516403198,0.0,0.0
GSE302356::LAM13:GCCCAAATCAGGTTTA-1,GSE302356::LAM13:GCCCAAATCAGGTTTA-1,State_16,LAM50,GSE302356,3.698843479156494,1,0.09090909090909091,mid,0.3651761412620544,0.3613290190696716,0.3456027805805206,0.3404742777347564,0.7773467898368835,0.147044226527214,0.7619801163673401,0.3921179175376892,0.8180134892463684,0.0,0.0,0.8184930682182312,0.5135431289672852,1.2079328298568726,0.372385025024414,0.3111926019191742,0.7340198755264282,0.0,0.0809256583452224,0.6717023849487305,0.0,0.0890182256698608,0.2230945825576782,0.6736258268356323,0.0635844469070434,0.0296727418899536
GSE135851::LAM3:GCGGGTTTCACTATTC-1,GSE135851::LAM3:GCGGGTTTCACTATTC-1,State_16,LAM3,GSE135851,3.70125150680542,2,0.0,mid,0.1234112307429313,0.1135361492633819,0.0587250813841819,0.0590732544660568,2.0147042274475098,0.4570956826210022,1.1419551372528076,0.0,1.445640206336975,0.0,3.6567654609680176,1.218921780586243,0.7472766637802124,0.0,0.3324332237243652,0.6041702032089233,2.2067761421203613,0.0,0.8152108788490295,1.1845043897628784,0.0,0.0,0.2717369794845581,1.7379708290100098,0.0,0.0
GSE135851::LAM3:ACATACGTCTTGAGAC-1,GSE135851::LAM3:ACATACGTCTTGAGAC-1,State_16,LAM3,GSE135851,3.701996326446533,2,0.0,mid,0.1512108147144317,0.1449616700410843,0.1041982769966125,0.1048160567879676,1.1628303527832031,0.4147671163082123,0.7957653403282166,0.0,1.130787014961243,1.6590684652328491,1.6590684652328491,1.1060456037521362,0.1425175368785858,0.0,0.2544735372066498,0.4617717564105987,2.2172322273254395,0.7900952100753784,1.214745044708252,1.6432459354400637,0.0,0.0,0.103649117052555,1.221516489982605,0.0,0.0
GSE302356::LAM4:GTCTTTATCCTGGCTT-1,GSE302356::LAM4:GTCTTTATCCTGGCTT-1,State_16,LAM18,GSE302356,3.703726530075073,2,0.0,mid,0.0939008072018623,0.0903763249516487,0.0778300315141677,0.0782914757728576,0.7277112007141113,0.1323181837797165,0.4574261307716369,0.0,0.7144790887832642,0.0,1.058545470237732,0.3528485000133514,0.0,0.0,0.2381551712751388,0.2381551712751388,1.6771485805511477,2.033078193664551,0.21298648416996,0.0,0.0,0.0,0.0,0.6615650653839111,0.0,0.0
GSE190260::LAM1163:TCAGCAACAGTCAGCC-1,GSE190260::LAM1163:TCAGCAACAGTCAGCC-1,State_16,LAM1163,GSE190260,3.7059247493743896,2,0.0,mid,0.1814370453357696,0.1640055924654007,0.0853730216622352,0.0804172679781913,1.8991762399673464,1.1190366744995115,1.9793660640716555,0.9212424159049988,1.6344232559204102,2.763727188110352,3.4248385429382324,2.0628552436828613,0.0,0.0,0.31134894490242,0.31134894490242,2.2628159523010254,0.0,0.2512479126453399,0.6909317970275879,0.0,0.0,0.2512479126453399,1.6747232675552368,0.0,0.0
GSE135851::LAM4:CTAATGGCATGGTCAT-1,GSE135851::LAM4:CTAATGGCATGGTCAT-1,State_16,LAM4,GSE135851,3.7142038345336914,2,0.0,mid,0.2789521217346191,0.2669205367565155,0.1349219381809234,0.1357218772172927,1.4606176614761353,1.1056511402130127,1.5199246406555176,0.6154252886772156,2.249043226242065,0.0,3.892343044281006,1.297447681427002,0.0,0.0,0.5216926336288452,0.857379138469696,1.4422420263290403,0.0,0.3356865346431732,2.0747902393341064,0.0,0.3692551851272583,0.4502605199813843,1.3594753742218018,0.2637537121772766,0.0
GSE135851::LAM4:TATTACCTCGCGCCAA-1,GSE135851::LAM4:TATTACCTCGCGCCAA-1,State_16,LAM4,GSE135851,3.714809656143189,2,0.0,mid,0.1646942943334579,0.1556007713079452,0.0630275160074234,0.0634011924266815,0.8800181746482849,0.9647979736328124,1.1026262044906616,0.0,2.1253886222839355,0.0,4.198310852050781,1.3994369506835938,0.0,0.0,0.6413094401359558,0.6413094401359558,0.579651415348053,0.2040066570043563,0.5192896723747253,0.9789057970046996,0.0,0.0,0.2596448361873626,0.93653804063797,0.0,0.0
GSE190260::LAM1163:CCGGGATTCATAAAGG-1,GSE190260::LAM1163:CCGGGATTCATAAAGG-1,State_16,LAM1163,GSE190260,3.725073099136353,2,0.0,mid,0.1038983091711998,0.0997267886996269,0.083955705165863,0.0844534635543823,0.5440055131912231,0.2336954176425933,0.5341609716415405,0.0,0.623187780380249,0.0,1.869563341140747,0.623187780380249,0.2336954176425933,0.0,0.3399206101894378,0.5998938679695129,2.119756937026977,0.801723837852478,0.2599732577800751,0.4673908352851867,0.0,0.0,0.0,0.5184673070907593,0.0,0.0
GSE135851::LAM3:CGCGGTATCTTGTACT-1,GSE135851::LAM3:CGCGGTATCTTGTACT-1,State_16,LAM3,GSE135851,3.730266809463501,2,0.0,mid,0.1775917559862136,0.1653215736150741,0.0779490023851394,0.0746196955442428,2.041584253311157,0.5567313432693481,1.4431722164154053,0.0,1.8827849626541135,1.9184765815734863,2.535374164581299,2.124109029769897,0.0,0.2740680873394012,0.2304885536432266,0.4048955142498016,2.0928404331207275,0.0,0.2304885536432266,0.7970247864723206,0.0,0.0,0.174406960606575,1.6923766136169434,0.0,0.0
GSE302356::LAM10:GGAGCATAGTTCCTCA-1,GSE302356::LAM10:GGAGCATAGTTCCTCA-1,State_16,LAM3,GSE302356,3.7340612411499023,2,0.0,mid,0.4475754201412201,0.4346948564052582,0.3961034119129181,0.3826058506965637,0.8566597104072571,0.591944694519043,1.776113748550415,1.078233242034912,1.7841399908065796,0.0,1.5008578300476074,2.094747543334961,0.7795519232749939,0.8977489471435547,1.0073604583740234,0.3251523971557617,0.1364416182041168,0.0,0.1364416182041168,1.0512608289718628,0.1500857770442962,0.0,0.6551598906517029,0.7440913915634155,0.0,0.1000571846961975
GSE190260::LAM1163:TCACGAACATTAGCCA-1,GSE190260::LAM1163:TCACGAACATTAGCCA-1,State_16,LAM1163,GSE190260,3.7368359565734863,2,0.0,mid,0.1842233538627624,0.1789468675851822,0.0905245393514633,0.0910612493753433,2.1605823040008545,0.1604969203472137,0.7284554839134216,0.0,2.512213945388794,0.0,1.28397536277771,0.4279917776584625,0.0,0.0,0.399639219045639,0.399639219045639,2.0645651817321777,0.6822476387023926,0.2215867042541504,0.6093634366989136,0.0,0.0,0.2334500700235366,1.8699816465377808,0.0,0.0855983570218086
GSE302356::LAM10:CAGGTGGAGAGGGACT-1,GSE302356::LAM10:CAGGTGGAGAGGGACT-1,State_16,LAM3,GSE302356,3.737591505050659,2,0.0,mid,0.6009425520896912,0.587932825088501,0.5657870173454285,0.5584406852722168,1.1813504695892334,0.96962308883667,1.9428019523620603,1.1355663537979126,2.2546353340148926,0.0,2.6076228618621826,2.0122106075286865,1.0280117988586426,1.5552195310592651,0.8042750954627991,0.4087356328964233,0.4725493490695953,0.0,0.0,0.5452237129211426,0.0,0.0,0.6214091181755066,1.2183257341384888,0.0,0.0
GSE190260::LAM1163:ACTTTCAAGAGTACCG-1,GSE190260::LAM1163:ACTTTCAAGAGTACCG-1,State_16,LAM1163,GSE190260,3.754133939743042,2,0.0,mid,0.1652657091617584,0.1575623303651809,0.0874130427837371,0.0879312977194786,1.5626099109649658,0.5598917007446289,0.9598143696784972,0.7465222477912903,1.4930444955825806,0.0,2.239566802978516,0.7465222477912903,0.0,0.0,0.2035969793796539,0.2035969793796539,2.231606960296631,0.1599690616130828,0.2967753708362579,1.1197834014892578,0.0,0.0,0.0,1.6201229095458984,0.0,0.0
GSE190260::LAM1163:GGTGTTATCGTCCAGG-1,GSE190260::LAM1163:GGTGTTATCGTCCAGG-1,State_16,LAM1163,GSE190260,3.756409168243408,2,0.0,mid,0.1627324372529983,0.1526805609464645,0.0674519091844558,0.0678518190979957,2.507519483566284,0.6130896806716919,1.1995116472244265,0.8174529075622559,2.1977903842926025,0.0,2.452358722686768,0.8174529075622559,0.0,0.0,0.2229416966438293,0.2229416966438293,2.209071159362793,0.0,0.0,0.0,0.0,0.0,0.0,2.2085793018341064,0.0,0.0
GSE135851::LAM4:ACCGTAAGTGCACCAC-1,GSE135851::LAM4:ACCGTAAGTGCACCAC-1,State_16,LAM4,GSE135851,3.770545721054077,2,0.0,mid,0.1868747323751449,0.1768041104078292,0.1171337440609932,0.1178282126784324,1.099830150604248,0.8367206454277039,1.2255882024765017,0.0,2.859705686569214,0.0,4.013637542724609,1.3378791809082031,0.0,0.382875382900238,0.3648761510848999,0.3648761510848999,1.3737035989761353,0.0,0.8506291508674622,2.941273927688598,0.0,0.0,0.243647962808609,1.0442167520523071,0.0,0.0
GSE302356::LAM13:GGACCGAAGGCTTAGT-1,GSE302356::LAM13:GGACCGAAGGCTTAGT-1,State_16,LAM50,GSE302356,3.771443128585816,1,0.22580645161290322,mid,0.3954392075538635,0.39734748005867,0.3543214201927185,0.3548486530780792,0.6142572164535522,0.0995243266224861,0.1986128836870193,0.2653982043266296,0.1980318576097488,0.0,0.0,0.0,0.3954035639762878,0.8123632669448853,0.5724309086799622,0.1987713426351547,0.645972490310669,0.1880402266979217,0.0,1.250958800315857,0.241282969713211,0.192847266793251,0.2785714864730835,0.1937431842088699,0.137748047709465,0.0227021686732769
GSE135851::LAM3:CAGTCCTTCCTTGCCA-1,GSE135851::LAM3:CAGTCCTTCCTTGCCA-1,State_16,LAM3,GSE135851,3.7717483043670654,2,0.0,mid,0.1968847066164016,0.186841145157814,0.099081203341484,0.0996686369180679,2.2068092823028564,0.8145444393157959,1.232805609703064,0.0,1.5049411058425903,0.0,4.114816188812256,1.371605396270752,0.3001924455165863,0.0,0.810717761516571,0.3740741908550262,0.7491768598556519,0.0,0.7137653827667236,0.6003848910331726,0.0,0.0,0.4366435706615448,1.9811246395111084,0.0,0.1601026356220245
GSE190260::LAM1163:ACGGGCTAGTGGACGT-1,GSE190260::LAM1163:ACGGGCTAGTGGACGT-1,State_16,LAM1163,GSE190260,3.771897792816162,2,0.0,mid,0.3802589476108551,0.3772418200969696,0.2645703554153442,0.2637012600898742,1.3895423412322998,0.6719909906387329,0.6914549469947815,0.4111535549163818,0.4111535549163818,0.0,2.373263359069824,0.791087806224823,0.1541825830936432,0.0,0.9788553714752196,0.6743437051773071,2.086411476135254,0.0,0.1923788636922836,0.4423009157180786,0.0,0.0,0.960279643535614,1.4068515300750732,0.0,0.0
GSE302356::LAM10:TGTTAGCAGGGTGAAC-1,GSE302356::LAM10:TGTTAGCAGGGTGAAC-1,State_16,LAM3,GSE302356,3.777344226837158,2,0.0,mid,0.5213332176208496,0.514504075050354,0.4822534918785095,0.4748637676239013,0.8316056132316589,0.4242534041404724,1.2257132530212402,0.713576078414917,1.7998486757278442,1.2532989978790283,0.0,1.4328453540802002,0.8722844123840332,0.8701315522193909,0.6186485290527344,0.2768803238868713,0.1139362677931785,0.0,0.0,0.693323016166687,0.0,0.0,0.4557450711727142,0.9348768591880798,0.0,0.0
GSE135851::LAM4:ATTACTCGTATCTGCA-1,GSE135851::LAM4:ATTACTCGTATCTGCA-1,State_16,LAM4,GSE135851,3.781273126602173,2,0.0,mid,0.1413559466600418,0.1303515136241912,0.0875177234411239,0.0880366042256355,1.8689485788345337,0.7855532169342041,1.2763854265213013,1.157839298248291,3.277402877807617,0.0,0.0,0.0,0.0,0.0,0.0,0.0,0.8268484473228455,0.0,0.0,2.934334516525269,0.0,0.0,0.0,1.8594781160354612,0.0,0.0
GSE135851::LAM3:GGGTCTGGTAGGCTGA-1,GSE135851::LAM3:GGGTCTGGTAGGCTGA-1,State_16,LAM3,GSE135851,3.78326416015625,2,0.0,mid,0.1783102452754974,0.1703406274318695,0.0876572355628013,0.0881769433617591,1.7592166662216189,0.3053390383720398,1.000319242477417,0.0,2.550315618515014,0.0,2.4427123069763184,0.8142374157905579,0.3053390383720398,0.0,0.2220647484064102,0.2220647484064102,2.016740560531616,0.0,0.7606411576271057,1.650497317314148,0.0,0.4885424673557281,0.2220647484064102,1.7563306093215942,0.3489589095115661,0.0
GSE135851::LAM4:GGTGTTAAGAGTCTGG-1,GSE135851::LAM4:GGTGTTAAGAGTCTGG-1,State_16,LAM4,GSE135851,3.7900712490081783,2,0.0,mid,0.1316102445125579,0.1240503042936325,0.058161124587059,0.0585059523582458,1.5430970191955566,0.3987214863300323,0.911363422870636,0.0,1.9089175462722776,0.0,3.189771890640259,1.063257336616516,0.0,0.0,0.2899792492389679,0.2899792492389679,1.7971595525741575,0.1812129020690918,0.0,2.404663562774658,0.0,0.0,0.2899792492389679,1.6078696250915527,0.0,0.0
GSE190260::LAM1163:ACGCAGCCATATGAGA-1,GSE190260::LAM1163:ACGCAGCCATATGAGA-1,State_16,LAM1163,GSE190260,3.7916178703308105,2,0.0,mid,0.2521102428436279,0.2450674176216125,0.1765527874231338,0.177599549293518,2.3286848068237305,0.2745642364025116,0.9785259962081908,0.0,2.2832274436950684,0.0,2.1965138912200928,0.7321712970733643,0.2745642364025116,0.0,0.1996830850839615,0.1996830850839615,1.925982356071472,0.0,0.0,0.0,0.0,0.0,0.0,2.182377815246582,0.0,0.1464342623949051
GSE135851::LAM3:CCTACACCAAACGTGG-1,GSE135851::LAM3:CCTACACCAAACGTGG-1,State_16,LAM3,GSE135851,3.79558539390564,2,0.0,mid,0.1402482986450195,0.133397102355957,0.0336197055876255,0.033819030970335,1.4636856317520142,0.3055790960788727,0.8468998670578003,0.0,1.1612221002578735,0.0,2.444632768630981,0.8148775696754456,0.0,0.0,0.2222393453121185,0.2222393453121185,2.199118137359619,0.1746166199445724,0.2222393453121185,1.6514949798583984,0.0,0.0,0.0,1.3462175130844116,0.0,0.0
GSE190260::LAM1163:TCGGTAAGTTTGGGCC-1,GSE190260::LAM1163:TCGGTAAGTTTGGGCC-1,State_16,LAM1163,GSE190260,3.801289558410645,2,0.0,mid,0.1352979987859726,0.1263623088598251,0.0685488432645797,0.0689552575349807,1.7781436443328855,0.3229044079780578,1.0569511651992798,0.8610784411430359,1.605141043663025,0.0,0.0,0.0,0.0,0.0,0.0,0.0,2.0722873210906982,0.0,0.0,0.0,0.0,0.0,0.0,1.5296247005462646,0.0,0.0
GSE302356::LAM3:TCGTAGAGTGGCTTAT-1,GSE302356::LAM3:TCGTAGAGTGGCTTAT-1,State_16,LAM32,GSE302356,3.807443141937256,2,0.0,mid,0.2505825161933899,0.2410036623477935,0.1424671560525894,0.1433118283748626,2.0091168880462646,0.8096407651901245,1.2385737895965576,0.719680666923523,2.1703250408172607,0.0,2.1590421199798584,0.719680666923523,0.0,0.0,0.3925530910491943,0.5888296365737915,1.9615157842636108,0.0,0.3499689400196075,0.0,0.2159042060375213,0.0,0.3925530910491943,1.424288988113403,0.0,0.0
GSE135851::LAM3:GACTAACAGACTAAGT-1,GSE135851::LAM3:GACTAACAGACTAAGT-1,State_16,LAM3,GSE135851,3.811890363693237,3,0.0,mid,0.2695318460464477,0.2591376602649688,0.1842404305934906,0.1853327602148056,2.367100238800049,0.5438847541809082,1.3416184186935425,0.6230331659317017,1.6800836324691772,0.0,2.481978416442871,0.8273261189460754,0.2336374372243881,0.0,0.2256343960762024,0.3955525457859039,1.7241843938827517,0.0,0.3398362696170807,0.9345497488975524,0.0,0.0,0.0,2.111468553543091,0.0,0.0
GSE302356::LAM10:ACAGGCTGTTGGATCA-1,GSE302356::LAM10:ACAGGCTGTTGGATCA-1,State_16,LAM3,GSE302356,3.8128373622894287,2,0.0,mid,0.3884450495243072,0.38271164894104,0.3284274339675903,0.3202974498271942,0.2199476808309555,0.5619869828224182,0.9798051118850708,1.4986319541931152,0.0,0.0,0.0,0.7875799536705017,0.2199476808309555,0.3375342786312103,0.623512327671051,0.0,0.3747564852237701,0.0,0.3199238777160644,1.274763584136963,0.0,0.0,0.9643074870109558,0.0,0.0,0.1824209690093994
GSE190260::LAM1163:GCAAACTAGGGCACTA-1,GSE190260::LAM1163:GCAAACTAGGGCACTA-1,State_16,LAM1163,GSE190260,3.8141589164733887,2,0.0,mid,0.3588199317455292,0.3436069190502167,0.2226721197366714,0.2239923179149627,2.815634250640869,1.2480120658874512,1.9279340505599976,0.7560585141181946,2.2861580848693848,1.6735161542892456,4.368888378143311,2.0141348838806152,0.2091895192861557,0.0,0.7891759872436523,0.549309492111206,1.5154180526733398,0.0,0.3131030797958374,0.4183790385723114,0.0,0.0,0.598202109336853,2.291193723678589,0.0,0.0
GSE217108::LAM44:AGAGGAACATAGCTTG-1,GSE217108::LAM44:AGAGGAACATAGCTTG-1,State_16,LAM44,GSE217108,3.818658351898194,2,0.0,mid,0.1269829273223877,0.1245031356811523,0.1229903027415275,0.1237194910645484,0.5023675560951233,0.1674558520317077,0.382756233215332,0.0,0.8930978775024414,0.0,1.339646816253662,0.4465489387512207,0.0,0.0,0.3653582334518432,0.2435721457004547,0.8421127796173096,1.3739415407180786,0.4156101047992706,1.3483061790466309,0.1339646875858307,0.0,0.2435721457004547,0.3349117040634155,0.0,0.0
GSE302356::LAM10:TAGCCTGAGGCTATGT-1,GSE302356::LAM10:TAGCCTGAGGCTATGT-1,State_16,LAM3,GSE302356,3.823919534683228,2,0.0,mid,0.4263738691806793,0.4197818636894226,0.4030939638614654,0.3997353613376617,1.4899362325668335,1.008225679397583,1.1062910556793213,0.9695812463760376,1.2568501234054563,1.4234917163848877,1.9883103370666504,1.1372673511505127,0.7103272080421448,0.6188908219337463,0.6408525705337524,0.5548381805419922,0.5168599486351013,0.0,0.1586599498987198,0.3558729290962219,0.0,0.0,0.2446743696928024,1.013545036315918,0.1351654976606369,1.556086540222168
GSE217108::LAM44:CCTTGTTCACAGAAAC-1,GSE217108::LAM44:CCTTGTTCACAGAAAC-1,State_16,LAM44,GSE217108,3.825271368026733,3,0.0,mid,0.1349602490663528,0.1318295747041702,0.122244082391262,0.1192574575543403,0.4976614117622375,0.0,0.4578656554222107,0.0,0.4423656761646271,0.0,0.0,0.6259875297546387,0.0,0.2682803571224212,0.5326594114303589,0.4825807511806488,1.4525458812713623,0.7453745603561401,0.8945949673652649,1.8035683631896973,0.0,0.0,0.2913690507411957,0.3317742645740509,0.0,0.0884731337428093
GSE190260::LAM1163:CATCGAAAGAGTCTGG-1,GSE190260::LAM1163:CATCGAAAGAGTCTGG-1,State_16,LAM1163,GSE190260,3.8375723361968994,2,0.0,mid,0.2343306541442871,0.2262898087501526,0.160476729273796,0.1614281684160232,1.8622980117797847,0.447818398475647,1.0636858940124512,0.0,1.287751317024231,0.0,3.582547187805176,1.1941823959350586,0.0,0.0,0.3256860971450805,0.3256860971450805,1.5589953660964966,0.0,0.23073211312294,0.7977222204208374,0.0,0.0,0.0,1.8318569660186768,0.0,0.0
GSE190260::LAM1163:CGTCTACAGAGCCTAG-1,GSE190260::LAM1163:CGTCTACAGAGCCTAG-1,State_16,LAM1163,GSE190260,3.8418142795562735,2,0.0,mid,0.1265917271375656,0.1188355088233947,0.072740651667118,0.0731719210743904,1.4763829708099363,0.3395377993583679,0.9265909790992736,0.9054341316223145,1.256611466407776,0.0,0.0,0.0,0.0,0.0,0.0,0.2469365745782852,1.9087034463882449,0.1940215975046157,0.2469365745782852,0.6790755987167358,0.0,0.0,0.0,1.5247666835784912,0.0,0.0
GSE190260::LAM1163:ATTGGACTCAATAAGG-1,GSE190260::LAM1163:ATTGGACTCAATAAGG-1,State_16,LAM1163,GSE190260,3.843439340591431,2,0.0,mid,0.1367378085851669,0.1297875344753265,0.0679083913564682,0.0683110132813453,1.1614545583724976,0.3323593437671661,0.8536079525947571,0.0,1.105460286140442,0.0,2.658874750137329,0.8862915635108948,0.0,0.0,0.2417158931493759,0.2417158931493759,1.882019281387329,0.0,0.0,0.0,0.0,0.0,0.0,1.1069047451019287,0.0,0.0
GSE135851::LAM3:GCAATCAAGGTAGCTG-1,GSE135851::LAM3:GCAATCAAGGTAGCTG-1,State_16,LAM3,GSE135851,3.846242904663086,3,0.0,mid,0.0753907337784767,0.0664886087179184,0.0205357149243354,0.0206574685871601,1.5558743476867676,0.3266462087631225,0.993581235408783,0.0,1.447299599647522,0.0,2.6131696701049805,0.8710565567016602,0.0,0.0,0.4751217663288116,0.7126826643943787,1.972529649734497,0.0,0.2971797883510589,1.6390221118927002,0.0,0.0,0.0,1.36582612991333,0.0,0.0
GSE302356::LAM13:GTATGTTCAAGACTCC-1,GSE302356::LAM13:GTATGTTCAAGACTCC-1,State_16,LAM50,GSE302356,3.8489511013031006,2,0.0,mid,0.4222205877304077,0.4206193089485168,0.3611353933811188,0.3589658141136169,0.9652352333068848,0.0,0.5873826742172241,0.0,0.6434901356697083,0.0,0.0,0.7270694375038147,0.6956758499145508,0.6518172025680542,0.2900063395500183,0.0,0.2437871992588043,0.0,0.0,0.8169581890106201,0.2181208431720733,0.0,0.4350095391273498,0.7764097452163696,0.0,0.0
GSE302356::LAM13:CCTCCTGAGTCACCAG-1,GSE302356::LAM13:CCTCCTGAGTCACCAG-1,State_16,LAM50,GSE302356,3.85170841217041,2,0.0,mid,0.4591106474399566,0.4596143066883087,0.3837615251541137,0.3836424052715301,0.9777727723121644,0.1514459997415542,0.4071595370769501,0.2535398006439209,0.8911563754081726,0.0,0.4509485960006714,0.3006323873996734,0.7475360035896301,1.0924103260040283,0.7034978866577148,0.179289773106575,0.7080172300338745,0.0,0.0,0.7577525973320007,0.0760619416832923,0.0901897177100181,0.5944694876670837,0.72560054063797,0.0,0.0300632398575544
GSE302356::LAM10:GGTAAACCAACAGGTG-1,GSE302356::LAM10:GGTAAACCAACAGGTG-1,State_16,LAM3,GSE302356,3.8726627826690674,2,0.0,mid,0.6180640459060669,0.6148231625556946,0.576553225517273,0.570141077041626,0.4570814967155456,0.5674858093261719,0.9523419141769408,0.9492350220680236,0.4582602679729461,0.0,1.6921812295913696,1.2728960514068604,0.9912366271018982,1.231136441230774,0.3901320695877075,0.3187601864337921,0.2473883181810379,0.0,0.0824627727270126,0.9952334761619568,0.0,0.0,0.6120207905769348,0.5591102838516235,0.0,0.0604727007448673
GSE302356::LAM10:CTCGTTATCCCTCTAA-1,GSE302356::LAM10:CTCGTTATCCCTCTAA-1,State_16,LAM3,GSE302356,3.873903274536133,2,0.0,mid,0.6670479774475098,0.6585834622383118,0.6086968779563904,0.6003783345222473,1.939666748046875,0.6816321611404419,1.5401045083999634,1.0267434120178225,2.357984781265259,0.0,1.1864134073257446,1.380484700202942,0.9417853355407716,0.9609135389328004,0.5184440016746521,0.2346463650465011,0.1352221667766571,0.0,0.0513114258646965,0.7710896134376526,0.0,0.0,0.6717475056648254,1.6337724924087524,0.1318597346544265,0.0
GSE190260::LAM1163:TCTTTCCCATCCGCGA-1,GSE190260::LAM1163:TCTTTCCCATCCGCGA-1,State_16,LAM1163,GSE190260,3.877885580062866,2,0.0,mid,0.0575073808431625,0.0512337647378444,0.0436040610074996,0.0438625812530517,0.0,0.6165129542350769,0.7045862078666687,0.822017252445221,0.0,0.0,2.466051816940308,0.822017252445221,0.0,0.0,0.4483730494976043,0.2241865247488021,1.6977498531341553,0.6511799693107605,0.318762332201004,0.0,0.0,0.0,0.2241865247488021,0.2055043131113052,0.0,0.0
GSE302356::LAM10:GGTTCTTGTGGTTCTT-1,GSE302356::LAM10:GGTTCTTGTGGTTCTT-1,State_16,LAM3,GSE302356,3.8842639923095694,1,0.18181818181818182,mid,0.6916672587394714,0.6796432733535767,0.5726890563964844,0.5627763271331787,1.193420648574829,1.2577673196792605,1.9318530559539795,1.85257887840271,1.3958009481430054,0.0,2.6604819297790527,2.077499389648437,0.8926838040351868,1.3223568201065063,1.7383044958114624,0.9470849633216858,0.7250291109085083,0.0,0.3457797467708587,0.7159404158592224,0.0509920604526996,0.0,1.5410141944885254,0.9938724637031556,0.0,0.0
GSE135851::LAM3:GCATGCGAGCACGCCT-1,GSE135851::LAM3:GCATGCGAGCACGCCT-1,State_16,LAM3,GSE135851,3.88535737991333,3,0.0,mid,0.1157442703843116,0.1011443436145782,0.0302425120025873,0.0304218158125877,2.1157665252685547,0.7363467216491699,1.6216222047805786,0.981795608997345,1.820193886756897,0.0,2.94538688659668,0.981795608997345,0.0,0.0,0.2677624523639679,0.5355249047279358,1.3994035720825195,0.0,0.2677624523639679,1.0728615522384644,0.0,0.0,0.0,1.825321674346924,0.0,0.0
GSE135851::LAM3:CACATAGCACAGATTC-1,GSE135851::LAM3:CACATAGCACAGATTC-1,State_16,LAM3,GSE135851,3.885840892791748,3,0.0,mid,0.2128567695617675,0.2015480548143386,0.1267584413290023,0.1275099664926529,1.9927937984466555,0.6728016138076782,1.3792701959609983,0.0,1.4241595268249512,2.1810340881347656,3.20137882232666,1.7941375970840454,0.0,0.0,0.4893102645874023,0.4893102645874023,1.954033374786377,0.0,0.6525573134422302,1.5515438318252563,0.0,0.0,0.0,1.856651782989502,0.0,0.0
GSE217108::LAM44:GGGTCAACAAAGCTAA-1,GSE217108::LAM44:GGGTCAACAAAGCTAA-1,State_16,LAM44,GSE217108,3.888097524642944,1,0.6666666666666666,mid,0.5745108723640442,0.5701286196708679,0.4527182877063751,0.4460296034812927,0.2291367501020431,0.7830498814582825,1.0265053510665894,0.6628003120422363,0.0,0.0,2.442904233932495,1.7323788404464722,0.5303179621696472,0.8629292845726013,2.530597448348999,0.9547889828681946,0.9019075036048888,0.0,0.476889431476593,0.3590762019157409,0.0718152374029159,0.1436304748058319,2.4655191898345947,0.2634213864803314,0.1025931984186172,0.0957536548376083
GSE190260::LAM1163:TACAGTGTCCAAGCCG-1,GSE190260::LAM1163:TACAGTGTCCAAGCCG-1,State_16,LAM1163,GSE190260,3.8881115913391113,2,0.0,mid,0.1508092433214187,0.1423736661672592,0.0726464167237281,0.0730771198868751,1.918655633926392,0.3491823077201843,1.0208781957626345,0.9311528205871582,1.450896382331848,0.0,0.0,0.0,0.3491823077201843,0.0,0.5079015493392944,0.5079015493392944,1.546403169631958,0.0,0.3956990242004394,1.5622453689575195,0.0,0.0,0.5079015493392944,1.669560194015503,0.0,0.1862305700778961
GSE190260::LAM1163:ACGGCCATCAAGGCTT-1,GSE190260::LAM1163:ACGGCCATCAAGGCTT-1,State_16,LAM1163,GSE190260,3.897873640060425,2,0.0,mid,0.1785156428813934,0.1713689863681793,0.0907640382647514,0.0860079675912857,2.348942518234253,0.3348578810691833,0.915642499923706,0.8929543495178223,2.355907201766968,0.0,0.0,0.0,0.0,0.0,0.0,0.0,1.89930522441864,0.0,0.0,0.8342717289924622,0.0,0.0,0.0,2.067290782928467,0.0,0.0
GSE190260::LAM1163:CGAGCCATCCTCAACC-1,GSE190260::LAM1163:CGAGCCATCCTCAACC-1,State_16,LAM1163,GSE190260,3.903164148330689,2,0.0,mid,0.1417796164751052,0.1336963474750518,0.0809178426861763,0.0813975930213928,1.5320674180984497,0.3432265222072601,0.9755105376243592,0.915270745754242,1.360920548439026,0.0,0.0,0.0,0.0,0.0,0.4992385804653168,0.4992385804653168,1.5357887744903564,0.0,0.2496192902326584,1.0206904411315918,0.0,0.0,0.0,1.3381019830703735,0.0,0.0
GSE135851::LAM4:TTGCGTCCACACCGAC-1,GSE135851::LAM4:TTGCGTCCACACCGAC-1,State_16,LAM4,GSE135851,3.905417680740357,2,0.0,mid,0.1150818988680839,0.1021490171551704,0.027877552434802,0.028042834252119,0.9554848670959472,1.2328376770019531,1.4490163326263428,0.8330785632133484,2.10705828666687,0.0,3.821939468383789,1.2739797830581665,0.312404453754425,0.0,0.5746522545814514,0.8018555045127869,1.278409481048584,0.0,0.740810215473175,2.593672275543213,0.0,0.0,0.2272032350301742,1.053529143333435,0.0,0.0
GSE190260::LAM1163:ATTGGTGTCAAAGTAG-1,GSE190260::LAM1163:ATTGGTGTCAAAGTAG-1,State_16,LAM1163,GSE190260,3.9111502170562735,2,0.0,mid,0.1020563095808029,0.0978777855634689,0.0534518286585807,0.0537687391042709,0.7393891215324402,0.1610417813062667,0.5330409407615662,0.4294447600841522,1.2437621355056765,0.0,0.0,0.0,0.0,0.0,0.3156509697437286,0.3156509697437286,2.2939224243164062,0.5681329369544983,0.1171212941408157,0.4582845568656921,0.0,0.0,0.1171212941408157,0.7136396169662476,0.0,0.0
GSE190260::LAM1163:ACTGAGTAGACCTAGG-1,GSE190260::LAM1163:ACTGAGTAGACCTAGG-1,State_16,LAM1163,GSE190260,3.911822080612183,2,0.0,mid,0.1112076044082641,0.1042972356081008,0.0661907419562339,0.0634125471115112,0.5938272476196289,0.4010843634605407,0.823962390422821,0.5347791314125061,1.387799859046936,0.0,1.604337453842163,0.5347791314125061,0.0,0.0,0.2916977107524872,0.1458488553762436,1.764955997467041,0.7320549488067627,0.4220713675022125,0.0,0.0,0.0,0.2916977107524872,0.742834746837616,0.0,0.0
GSE190260::LAM1163:AAGCCGCCATATACGC-1,GSE190260::LAM1163:AAGCCGCCATATACGC-1,State_16,LAM1163,GSE190260,3.912186861038208,2,0.0,mid,0.1976215839385986,0.1920934170484542,0.0967859476804733,0.0973597764968872,1.4160559177398682,0.2200722098350525,0.7678132057189941,0.0,2.11718487739563,0.0,1.76057767868042,0.5868592262268066,0.1532619595527649,0.0,0.463062971830368,0.463062971830368,2.40061354637146,0.3440015017986297,0.1915472149848938,0.5267548561096191,0.0,0.0,0.2229264825582504,1.3575539588928225,0.0,0.0
GSE135851::LAM3:TAGCCGGAGGTGATTA-1,GSE135851::LAM3:TAGCCGGAGGTGATTA-1,State_16,LAM3,GSE135851,3.9317259788513184,3,0.0,mid,0.1398690640926361,0.1268026828765869,0.0647804141044616,0.0651644915342331,1.7143158912658691,0.6732190251350403,1.487573742866516,0.8976253867149353,1.6757546663284302,2.692876100540161,0.0,0.8976253867149353,0.0,0.0,0.2448069155216217,0.2448069155216217,1.441001296043396,0.0,0.2448069155216217,1.5111175775527954,0.0,0.0,0.0,1.5817956924438477,0.0,0.0
GSE190260::LAM1163:TAGGCATGTTATGCGT-1,GSE190260::LAM1163:TAGGCATGTTATGCGT-1,State_16,LAM1163,GSE190260,3.9464616775512695,2,0.0,mid,0.1603976339101791,0.1514681130647659,0.0557513274252414,0.0560818687081337,1.6863443851470947,0.3547178208827972,1.0814142227172852,0.0,2.5232996940612797,0.0,2.837742567062378,0.9459142088890076,0.0,0.0,0.5159531831741333,0.5159531831741333,1.7665106058120728,0.0,0.0,0.8752934336662292,0.0,0.5675485134124756,0.0,1.7736518383026123,0.4053917825222015,0.0
GSE135851::LAM3:TGGACGCGTAATTGGA-1,GSE135851::LAM3:TGGACGCGTAATTGGA-1,State_16,LAM3,GSE135851,3.9485678672790527,3,0.0,mid,0.1021008566021919,0.0947189182043075,0.0370336584746837,0.0372532270848751,0.3366095125675201,0.4189492762088775,0.8634957671165466,0.0,1.7952507734298706,0.0,3.3515942096710205,1.11719810962677,0.0,0.0,0.5494973063468933,0.3046903908252716,2.201812267303467,0.0,0.7344207763671875,1.3464380502700806,0.0,0.0,0.2448069155216217,0.5037058591842651,0.0,0.0
GSE190260::LAM1163:GCAGTTATCGCTAGCG-1,GSE190260::LAM1163:GCAGTTATCGCTAGCG-1,State_16,LAM1163,GSE190260,3.949774742126465,2,0.0,mid,0.1623331606388092,0.155061662197113,0.1048158407211303,0.1054372787475586,1.3257769346237185,0.3334453999996185,0.9123361110687256,0.889187753200531,1.2395964860916138,0.0,0.0,0.0,0.0,0.0,0.0,0.0,1.725746512413025,0.1905402243137359,0.0,0.0,0.0,0.0,0.0,1.1061482429504397,0.0,0.0
GSE190260::LAM1163:ACTGCTCCATGCTGGC-1,GSE190260::LAM1163:ACTGCTCCATGCTGGC-1,State_16,LAM1163,GSE190260,3.952595472335816,2,0.0,mid,0.2150371819734573,0.2069214433431625,0.1346859484910965,0.1354844719171524,1.7831419706344604,0.3342278599739074,1.0521177053451538,0.0,2.805450916290283,0.0,2.67382287979126,0.8912742733955383,0.3342278599739074,0.0,0.729224443435669,0.729224443435669,1.4306119680404663,0.0,0.2430748045444488,0.6684557199478149,0.0,0.0,0.2430748045444488,1.7454956769943235,0.0,0.0
GSE190260::LAM1163:AAAGATGGTAGCGTCC-1,GSE190260::LAM1163:AAAGATGGTAGCGTCC-1,State_16,LAM1163,GSE190260,3.953604698181152,2,0.0,mid,0.2103084176778793,0.2026463896036148,0.1241354420781135,0.1248714253306388,1.5544583797454834,0.875517725944519,1.0005916357040403,0.6015980839729309,1.608070969581604,0.0,2.787240982055664,0.9290803074836732,0.2255992740392685,0.0,0.7456021308898926,0.6367401480674744,1.8255219459533687,0.5831459760665894,0.4421999454498291,0.0,0.0,0.0,0.5815299153327942,1.459465265274048,0.0,0.0
GSE190260::LAM1163:ATTGGACCACTTAAGC-1,GSE190260::LAM1163:ATTGGACCACTTAAGC-1,State_16,LAM1163,GSE190260,3.957460165023804,2,0.0,mid,0.1711742430925369,0.1643415689468383,0.0910469219088554,0.087035983800888,2.161539077758789,0.2878343760967254,0.8759163022041321,0.7675583362579346,2.04380464553833,0.0,0.0,0.0,0.2878343760967254,0.0,0.0,0.0,2.1834042072296143,0.0,0.0,0.5756687521934509,0.0,0.0,0.0,2.0610055923461914,0.0,0.0
GSE190260::LAM1163:CCTTACGTCAACGGGA-1,GSE190260::LAM1163:CCTTACGTCAACGGGA-1,State_16,LAM1163,GSE190260,3.9578969478607178,2,0.0,mid,0.1648296862840652,0.1587912142276764,0.0974897518754005,0.0926195457577705,1.200985312461853,0.344599187374115,0.7876552939414978,0.9189311861991882,0.9189311861991882,0.0,0.0,0.0,0.0,0.0,0.0,0.0,2.08083724975586,0.0,0.2506175935268402,1.5436179637908936,0.0,0.0,0.2506175935268402,1.1183363199234009,0.0,0.0
GSE302356::LAM3:AATGCCAGTTGACTGT-1,GSE302356::LAM3:AATGCCAGTTGACTGT-1,State_16,LAM32,GSE302356,3.958519220352173,2,0.0,mid,0.2653725147247314,0.2580914199352264,0.1324514746665954,0.1332367658615112,2.4910707473754883,0.312084436416626,1.016364336013794,0.0,3.329617977142334,0.0,2.496675491333008,0.8322252035140991,0.0,0.0,0.684283435344696,0.5131315588951111,1.55563485622406,0.0,0.0,0.4706676602363586,0.0,0.0,0.3981224000453949,2.2738828659057617,0.0,0.1255113780498504
GSE190260::LAM1163:CCTTCCCTCAAAGTAG-1,GSE190260::LAM1163:CCTTCCCTCAAAGTAG-1,State_16,LAM1163,GSE190260,3.9606857299804688,2,0.0,mid,0.2026527374982834,0.1996074765920639,0.1356403976678848,0.1364445835351944,1.219027400016785,0.226077914237976,0.5167495012283325,0.0,1.7260093688964844,0.0,1.8086233139038088,0.6028744578361511,0.1584043800830841,0.181033581495285,0.4440437853336334,0.3288406133651733,1.841159701347351,0.5955733060836792,0.2796234786510467,0.5394783020019531,0.0,0.0,0.0,1.3300834894180298,0.0,0.9012495279312134
GSE302356::LAM4:GATCACACAGTTCTAG-1,GSE302356::LAM4:GATCACACAGTTCTAG-1,State_16,LAM18,GSE302356,3.9660494327545166,2,0.0,mid,0.1332469135522842,0.1308583617210388,0.0681512355804443,0.0685552954673767,0.1977131366729736,0.1344444304704666,0.3796086609363556,0.0,0.5272350311279297,1.075555443763733,0.0,0.3585184514522552,0.0,0.0,0.5135439038276672,0.4157661199569702,1.5114264488220217,1.53001606464386,0.6804088354110718,0.0,0.0,0.2151110768318176,0.8212859630584717,0.2214383780956268,0.0,0.0
GSE302356::LAM13:CATCAATCAAGGACCA-1,GSE302356::LAM13:CATCAATCAAGGACCA-1,State_16,LAM50,GSE302356,3.971680879592896,1,0.02857142857142857,mid,0.3591273128986358,0.3570496141910553,0.3151153326034546,0.3090508282184601,0.3444611430168152,0.2213492393493652,0.5734263062477112,0.3622080981731415,0.3622080981731415,0.0,0.0,0.9757866859436036,0.9451562762260436,1.458686351776123,0.3688328266143799,0.1450031697750091,0.4103118777275085,0.0,0.0,0.3987587392330169,0.0,0.0,0.4310300648212433,0.0905520245432853,0.0977385267615318,0.0
GSE135851::LAM4:TGGTTCCCAGTCCTTC-1,GSE135851::LAM4:TGGTTCCCAGTCCTTC-1,State_16,LAM4,GSE135851,3.974055051803589,2,0.0,mid,0.0914018303155899,0.0816065818071365,0.047449592500925,0.047730915248394,1.048771619796753,0.4396120607852936,1.1017118692398071,0.0,1.398362159729004,3.5168964862823486,0.0,1.172298789024353,0.0,0.0,0.0,0.0,1.4778823852539062,0.0,0.2593643963336944,1.1038029193878174,0.0,0.0,0.0,1.0671154260635376,0.0,0.0
GSE190260::LAM1163:TCGTAGATCAAGGTAA-1,GSE190260::LAM1163:TCGTAGATCAAGGTAA-1,State_16,LAM1163,GSE190260,3.977663040161133,2,0.0,mid,0.1923632323741912,0.1791228502988815,0.1122053489089012,0.1128706037998199,1.708019137382507,0.8138328790664673,1.5580142736434937,0.7996016144752502,1.465145707130432,0.0,4.111857891082764,1.370619297027588,0.0,0.0,1.0280247926712036,0.8687398433685303,1.9287137985229488,0.0,0.3122686743736267,0.0,0.0,0.0,0.6542195081710815,1.5384113788604736,0.0,0.0
GSE302356::LAM3:CGGCAGTTCTGGTGCG-1,GSE302356::LAM3:CGGCAGTTCTGGTGCG-1,State_16,LAM32,GSE302356,3.980944633483887,2,0.0,mid,0.0931740179657936,0.0858117491006851,0.0512099340558052,0.0472850427031517,1.3293557167053225,0.0,0.8525396585464478,0.0,1.2760508060455322,0.0,0.0,0.7132083773612976,0.0,0.3056607246398926,0.0,0.1945113688707351,2.14551329612732,0.0,0.1945113688707351,0.0,0.0,0.0,0.1945113688707351,1.1904181241989136,0.0,0.0
GSE302356::LAM13:CTAATAGTCTGTGAGT-1,GSE302356::LAM13:CTAATAGTCTGTGAGT-1,State_16,LAM50,GSE302356,3.984964609146118,2,0.0,mid,0.5040607452392578,0.5025893449783325,0.4208660125732422,0.4186420142650604,1.0989466905593872,0.1492468416690826,0.6558258533477783,0.3979915678501129,1.657453536987305,0.0,0.0,0.3979915678501129,0.948861300945282,1.0138145685195925,0.8251386284828186,0.0695916339755058,0.6039959788322449,0.0,0.0,0.6687785983085632,0.0,0.413385659456253,0.7400183081626892,1.0910685062408447,0.0,0.0
GSE190260::LAM1163:TACTTGTAGAGGTTAT-1,GSE190260::LAM1163:TACTTGTAGAGGTTAT-1,State_16,LAM1163,GSE190260,3.9878742694854736,3,0.0,mid,0.214700385928154,0.204543337225914,0.0877478495240211,0.0882680937647819,2.915017604827881,0.4561801850795746,1.2623262405395508,0.0,3.716925859451294,0.0,3.6494414806365967,1.2164804935455322,0.0,0.0,0.3317674100399017,0.3317674100399017,1.8151140213012693,0.0,0.3063991367816925,0.0,0.0,0.0,0.2125700414180755,2.5508627891540527,0.0,0.0
GSE302356::LAM3:AGTCATGTCTATCGCC-1,GSE302356::LAM3:AGTCATGTCTATCGCC-1,State_16,LAM32,GSE302356,3.996559619903565,3,0.0,mid,0.1855237782001495,0.1815567314624786,0.1157584190368652,0.1164447367191314,1.7487473487854004,0.2223697900772094,0.5946972370147705,0.0,0.7946407794952393,0.0,1.7789583206176758,0.5929861068725586,0.0,0.0,0.48517045378685,0.1617234945297241,2.068680763244629,0.0,0.0,0.0,0.0,0.0,0.1617234945297241,1.5127382278442385,0.0,0.0
GSE302356::LAM10:TGCATGAGTGCTCCGT-1,GSE302356::LAM10:TGCATGAGTGCTCCGT-1,State_16,LAM3,GSE302356,4.007222652435303,2,0.0,mid,0.6264720559120178,0.6177149415016174,0.5989218354225159,0.5935379862785339,1.404240369796753,0.5397842526435852,1.529707431793213,0.617267370223999,2.678504943847656,0.8513564467430115,1.6151152849197388,1.7118860483169556,0.7509079575538635,0.8177248239517212,0.5952780842781067,0.2242247015237808,0.237171933054924,0.0,0.0773960426449775,0.7982847690582275,0.0,0.0,0.3925703465938568,1.2105398178100586,0.0,0.0869630426168441
GSE190260::LAM1163:GTGGGTCGTTGGTAAA-1,GSE190260::LAM1163:GTGGGTCGTTGGTAAA-1,State_16,LAM1163,GSE190260,4.014700412750244,2,0.0,mid,0.2311769127845764,0.2179748862981796,0.1311827152967453,0.1319604665040969,2.2037339210510254,0.789807915687561,1.5928722620010376,0.7240087985992432,1.6105475425720217,0.0,4.146437168121338,1.3821457624435425,0.0,0.3102894723415375,0.3769488334655761,0.5744057893753052,1.8496160507202148,0.0,0.2901485562324524,0.5430065989494324,0.0,0.0,0.0,2.0140256881713867,0.0,0.0
GSE190260::LAM1163:GGACGTCTCTTGAGGT-1,GSE190260::LAM1163:GGACGTCTCTTGAGGT-1,State_16,LAM1163,GSE190260,4.017934322357178,2,0.0,far,0.2408633530139923,0.2328909933567047,0.1522032618522644,0.1531056463718414,1.3243578672409058,0.476249098777771,1.0631548166275024,0.0,1.210697054862976,0.0,3.809992790222168,1.2699975967407229,0.0,0.0,0.7324104905128479,0.5393867492675781,1.9788494110107424,0.0,0.2853411138057709,0.5308153033256531,0.2123261243104934,0.0,0.3860474824905395,1.2572388648986816,0.0,0.0
GSE135851::LAM3:CCACTACTCGTGGGAA-1,GSE135851::LAM3:CCACTACTCGTGGGAA-1,State_16,LAM3,GSE135851,4.022749423980713,2,0.0,far,0.0454816967248916,0.040437463670969,0.0264419522136449,0.0265987236052751,0.4950387179851532,0.2102961540222168,0.5657585263252258,0.0,0.7593135237693787,0.0,1.6823692321777344,0.5607897639274597,0.0,0.0,0.3058853149414062,0.4588279724121094,1.932362914085388,1.2340192794799805,1.167927622795105,0.8960620760917664,0.0,0.0,0.1529426574707031,0.3300258219242096,0.0,0.1121579483151435
GSE302356::LAM13:GAACTTATCTTGACCC-1,GSE302356::LAM13:GAACTTATCTTGACCC-1,State_16,LAM50,GSE302356,4.035933494567871,1,0.0625,far,0.5164313316345215,0.5105137825012207,0.3907757401466369,0.3857719004154205,1.4225575923919678,0.470565915107727,1.126780390739441,0.5604731440544128,1.0650076866149902,0.0,1.5356438159942627,1.1861613988876345,0.9896520972251892,0.9341890811920166,1.4524996280670166,0.7221983671188354,1.0132704973220823,0.0,0.2253911793231964,0.6149646639823914,0.0,0.0,1.0846706628799438,1.1465489864349363,0.1284623593091964,0.0
GSE302356::LAM13:GGGCAATAGTTTGAGC-1,GSE302356::LAM13:GGGCAATAGTTTGAGC-1,State_16,LAM50,GSE302356,4.037431716918945,2,0.0,far,0.3740796744823456,0.3647483587265014,0.32065349817276,0.3087736070156097,0.8907818794250488,0.3266462087631225,1.3365377187728882,0.8710566163063049,0.7941941618919373,0.0,0.0,1.4533371925354004,0.4882370233535766,0.9961687922477722,0.281119167804718,0.159531220793724,0.5489518046379089,0.0,0.0,0.5205923914909363,0.0,0.0,0.2013535499572754,0.5676966905593872,0.0,0.0584947802126407
GSE302356::LAM13:GGAACGGTCATGAGCT-1,GSE302356::LAM13:GGAACGGTCATGAGCT-1,State_16,LAM50,GSE302356,4.041330814361572,2,0.0,far,0.3161087334156036,0.3114626407623291,0.2599404156208038,0.2534171938896179,0.8742911219596863,0.0,0.7953193187713623,0.0,0.4955543279647827,0.0,0.0,1.360190749168396,0.1858328729867935,0.9967318773269652,0.1351511776447296,0.0,0.6497368216514587,0.0,0.2703023552894592,0.9771339297294616,0.1486662924289703,0.0,0.3224083483219147,0.4495998919010162,0.0,0.0
GSE190260::LAM1163:TGATTTCGTTCCCGAG-1,GSE190260::LAM1163:TGATTTCGTTCCCGAG-1,State_16,LAM1163,GSE190260,4.043819904327393,2,0.0,far,0.3031713962554931,0.2931886911392212,0.1765141487121582,0.1775606721639633,2.509929895401001,0.5750204920768738,1.33281672000885,0.930513560771942,1.5765175819396973,0.0,1.8086233139038088,0.6028744578361511,0.0,0.0,0.966698944568634,0.5485022664070129,1.784682273864746,0.0,0.2537764310836792,0.0,0.0,0.0,0.5826170444488525,2.2962026596069336,0.0,0.0
GSE135851::LAM3:TGGGCGTAGCCGATTT-1,GSE135851::LAM3:TGGGCGTAGCCGATTT-1,State_16,LAM3,GSE135851,4.048596382141113,3,0.0,far,0.0649826303124427,0.0578262098133564,0.0165672358125448,0.0166654605418443,1.221606969833374,0.7027269005775452,0.8031164407730103,0.0,0.9369692206382751,0.0,2.8109076023101807,0.9369692206382751,0.0,0.0,0.2555370628833771,0.2555370628833771,2.021245002746582,0.0,0.2555370628833771,1.0377600193023682,0.0,0.0,0.0,1.3710297346115112,0.0,0.0
GSE190260::LAM1163:GAACGGAAGTACGCCC-1,GSE190260::LAM1163:GAACGGAAGTACGCCC-1,State_16,LAM1163,GSE190260,4.049051284790039,2,0.0,far,0.2323318272829055,0.2246245145797729,0.1309328526258468,0.1317091286182403,1.3744710683822632,0.4804783165454864,1.0272858142852783,0.0,1.1157246828079224,0.0,3.843826532363892,1.281275510787964,0.2895704805850982,0.0,0.9812288880348206,0.3494387865066528,2.013922929763794,0.1654688417911529,0.0,1.158281922340393,0.0,0.0,0.6317901611328125,1.2848182916641235,0.0,0.0
GSE190260::LAM1163:GCATACAAGTGCTGCC-1,GSE190260::LAM1163:GCATACAAGTGCTGCC-1,State_16,LAM1163,GSE190260,4.05194091796875,2,0.0,far,0.293601244688034,0.2820527255535126,0.2081502377986908,0.2093843221664428,2.0868496894836426,0.6766706109046936,1.4847471714019775,0.9022274613380432,1.6599551439285278,0.0,2.7066824436187744,0.9022274613380432,0.2166742831468582,0.0,0.7734110951423645,0.6704350113868713,2.177454948425293,0.0,0.3417971432209015,0.4333485662937164,0.0,0.0,0.561224639415741,2.007103443145752,0.0,0.0
GSE217108::LAM44:GCTCAACCAAGGTCGA-1,GSE217108::LAM44:GCTCAACCAAGGTCGA-1,State_16,LAM44,GSE217108,4.055276393890381,2,0.0,far,0.1414826959371566,0.1397407054901123,0.1040072441101074,0.1024024561047554,0.2810110747814178,0.1405055373907089,0.3211555182933807,0.0,0.3746814429759979,0.0,1.1240442991256714,0.7493628859519958,0.0,0.4817332625389099,0.2820486724376678,0.754443347454071,1.1090435981750488,1.246190309524536,1.210080862045288,1.2792551517486572,0.0,0.0,0.0,0.3239973485469818,0.0,0.0749362856149673
GSE135851::LAM4:TCATTACAGTGTTGAA-1,GSE135851::LAM4:TCATTACAGTGTTGAA-1,State_16,LAM4,GSE135851,4.058282375335693,2,0.0,far,0.1042480021715164,0.0959205031394958,0.0446137711405754,0.0448782816529274,1.4246327877044678,0.4458519518375397,0.9631699919700624,0.0,1.899510383605957,0.0,3.5668156147003174,1.1889384984970093,0.0,0.0,0.5536338686943054,0.7830117344856262,1.5169509649276731,0.0,0.6881336569786072,1.5876872539520264,0.0,0.0,0.2886704206466675,1.2469898462295532,0.0,0.0
GSE135851::LAM3:GATCTAGAGAGGACGG-1,GSE135851::LAM3:GATCTAGAGAGGACGG-1,State_16,LAM3,GSE135851,4.06583309173584,2,0.0,far,0.177785262465477,0.1640704721212387,0.0774688720703125,0.0779281705617904,2.2078897953033447,1.309684991836548,1.5923680067062378,1.2385084629058838,1.2385084629058838,0.0,3.7155253887176514,1.2385084629058838,0.0,0.0,0.8916712403297424,1.0510350465774536,1.7619937658309937,0.0,1.1495718955993652,1.628139615058899,0.0,0.0,0.2769480943679809,1.8566850423812864,0.0,0.0
GSE135851::LAM4:TGACAACCACACATGT-1,GSE135851::LAM4:TGACAACCACACATGT-1,State_16,LAM4,GSE135851,4.093349933624268,2,0.0,far,0.2158675491809845,0.2030618041753769,0.0670448094606399,0.067442312836647,2.075669050216675,1.2616510391235352,1.5366889238357544,0.0,3.286226749420166,2.8438174724578857,4.405573844909668,2.416463851928711,0.0,0.0,0.6590355634689331,1.236421823501587,1.5095775127410889,0.0,0.5170577168464661,2.023322582244873,0.0,0.0,0.258528858423233,1.7509105205535889,0.0,0.0
GSE135851::LAM3:ACATGGTCAGCTTAAC-1,GSE135851::LAM3:ACATGGTCAGCTTAAC-1,State_16,LAM3,GSE135851,4.095850467681885,3,0.0,far,0.1031183525919914,0.094779148697853,0.0357988402247428,0.0360110886394977,1.355721354484558,0.3796168863773346,0.9632477164268494,0.0,1.2352663278579712,0.0,3.0369350910186768,1.0123116970062256,0.0,0.0,0.2760850191116333,0.2760850191116333,2.2677364349365234,0.0,0.8282549977302551,1.9562058448791504,0.0,0.0,0.0,1.287750244140625,0.0,0.0
GSE190260::LAM1163:TACTCATAGAATCTCC-1,GSE190260::LAM1163:TACTCATAGAATCTCC-1,State_16,LAM1163,GSE190260,4.104702949523926,2,0.0,far,0.1931528747081756,0.1841402947902679,0.1371291726827621,0.1379421800374984,1.8920003175735476,0.3305224478244781,1.122735857963562,0.8813931941986084,1.7383238077163696,0.0,0.0,0.0,0.0,0.0,0.0,0.0,1.69507896900177,0.0,0.0,0.8252871036529541,0.0,0.0,0.0,1.9759109020233157,0.0,0.0
GSE302356::LAM13:GTCTCACTCACCATTT-1,GSE302356::LAM13:GTCTCACTCACCATTT-1,State_16,LAM50,GSE302356,4.105595588684082,2,0.0,far,0.428027480840683,0.4251090288162231,0.3616020083427429,0.3575790226459503,1.0277444124221802,0.117789901793003,0.7290459275245667,0.3141064047813415,1.1338716745376587,0.0,0.0,0.7260376214981079,0.923206090927124,0.8178784847259521,1.0456279516220093,0.2836756408214569,0.4180810153484344,0.0,0.0,0.5445281863212585,0.0,0.2837450802326202,0.6035411953926086,1.052823543548584,0.0,0.0
GSE135851::LAM3:GTCTTCGTCGAGAGCA-1,GSE135851::LAM3:GTCTTCGTCGAGAGCA-1,State_16,LAM3,GSE135851,4.114418983459473,2,0.0,far,0.205727607011795,0.195536121726036,0.0843244642019271,0.0848244130611419,2.7936434745788574,0.4061655104160309,1.2569069862365725,0.0,4.15327787399292,0.0,3.249324083328247,1.0831080675125122,0.0,0.0,0.4977066218852997,0.4977066218852997,1.8924201726913448,0.0,0.0,0.8123310208320618,0.0,0.0,0.2023135274648666,2.595624685287476,0.0,0.0
GSE302356::LAM3:ATGGTTGTCTACTGCC-1,GSE302356::LAM3:ATGGTTGTCTACTGCC-1,State_16,LAM32,GSE302356,4.120498180389404,2,0.0,far,0.1075327768921852,0.1058809459209442,0.1064447462558746,0.1051535606384277,0.1215842366218566,0.36475270986557,0.2779068052768707,0.3242246210575104,0.0,0.0,0.9726738929748536,0.3242246210575104,0.0,0.0,0.0884248986840248,0.2208149135112762,1.6422289609909058,1.179985284805298,0.4711371660232544,0.2431684732437133,0.0972673892974853,0.0,0.0,0.0810561552643776,0.0,0.0970860123634338
GSE135851::LAM3:TGGGCGTGTGACTACT-1,GSE135851::LAM3:TGGGCGTGTGACTACT-1,State_16,LAM3,GSE135851,4.127353668212891,3,0.0,far,0.0720760375261306,0.0646063983440399,0.0208124388009309,0.0209358315914869,0.7372018694877625,0.3686009347438812,0.8425164222717285,0.0,0.9829358458518982,0.0,2.94880747795105,0.9829358458518982,0.0,0.0,0.5967465043067932,0.2680734097957611,2.069862127304077,0.0,0.8648199439048767,1.1288548707962036,0.0,0.0,0.5967465043067932,0.7372018694877625,0.0,0.0
GSE190260::LAM1163:GTCGTAAAGGACAGCT-1,GSE190260::LAM1163:GTCGTAAAGGACAGCT-1,State_16,LAM1163,GSE190260,4.147213459014893,3,0.0,far,0.106950007379055,0.0988723337650299,0.0494881682097911,0.0497815795242786,2.041555881500244,0.3148684799671173,0.940104067325592,0.8396492600440979,1.3539267778396606,0.0,0.0,0.0,0.3148684799671173,0.0,0.0,0.0,2.3401787281036377,0.0,0.0,0.6297369599342346,0.0,0.0,0.0,1.7144728899002075,0.0,0.0
GSE190260::LAM1163:GGAGCAATCACGACTA-1,GSE190260::LAM1163:GGAGCAATCACGACTA-1,State_16,LAM1163,GSE190260,4.149742126464844,3,0.0,far,0.2223259061574936,0.2160433530807495,0.1111769005656242,0.111836053431034,2.1572799682617188,0.2581528127193451,0.8703277707099915,0.0,2.459555387496948,0.0,2.0652225017547607,0.6884074807167053,0.0,0.0,0.1877474933862686,0.1877474933862686,2.2357137203216557,0.0,0.1877474933862686,0.5163056254386902,0.0,0.0,0.2795927822589874,2.119823694229126,0.0,0.0
GSE135851::LAM4:CAGCTGGAGAAACCTA-1,GSE135851::LAM4:CAGCTGGAGAAACCTA-1,State_16,LAM4,GSE135851,4.154036998748779,2,0.0,far,0.1052701622247695,0.0973349064588546,0.0626813992857933,0.0630530267953872,1.1708225011825562,0.7251098155975342,0.9237344264984132,0.0,2.155380249023437,0.0,2.9004392623901367,0.9668130874633788,0.0,0.0,0.2636762857437134,0.5273525714874268,1.358337640762329,0.2071742266416549,0.2636762857437134,0.99042409658432,0.0,0.0,0.0,0.7805483341217041,0.0,0.0
GSE190260::LAM1163:CGACCTTAGGGATGGG-1,GSE190260::LAM1163:CGACCTTAGGGATGGG-1,State_16,LAM1163,GSE190260,4.154577732086182,2,0.0,far,0.2256284952163696,0.2143207639455795,0.1523039191961288,0.1489940136671066,1.9618377685546875,0.7216472029685974,1.3919402360916138,0.0,1.3234680891036987,0.0,3.641449689865112,1.924392580986023,0.0,0.3045325577259063,0.3310408890247345,0.3310408890247345,1.98565685749054,0.0,0.31134894490242,0.6909317970275879,0.0,0.0,0.0,1.6496896743774414,0.0,0.0
GSE135851::LAM4:ACAGCCGCAATCTGCA-1,GSE135851::LAM4:ACAGCCGCAATCTGCA-1,State_16,LAM4,GSE135851,4.165030479431152,2,0.0,far,0.0664840117096901,0.0518098920583725,0.0258807856589555,0.026034228503704,1.1997889280319214,0.9391420483589172,1.580014705657959,0.8347929120063782,2.0171151161193848,2.5043787956237797,2.5043787956237797,1.6695858240127563,0.0,0.0,0.2276708036661148,0.2276708036661148,1.729161262512207,0.0,0.4553416073322296,0.9568548202514648,0.2504378855228424,0.0,0.0,1.0085575580596924,0.0,0.0
GSE190260::LAM1163:CAAGATCAGACAAGCC-1,GSE190260::LAM1163:CAAGATCAGACAAGCC-1,State_16,LAM1163,GSE190260,4.166837692260742,2,0.0,far,0.2842005491256714,0.2705774903297424,0.1567806154489517,0.1577101498842239,2.490967035293579,0.8176157474517822,1.689321517944336,0.9143626689910888,1.7614415884017944,0.0,3.7978382110595694,1.2659460306167605,0.0,0.0,1.1707183122634888,0.7866592407226562,1.91344153881073,0.0,0.3094109296798706,1.0561625957489014,0.0,0.0,0.8254603147506714,2.0801827907562256,0.301760733127594,0.0
GSE190260::LAM1163:CATCCACAGTCCGTAT-1,GSE190260::LAM1163:CATCCACAGTCCGTAT-1,State_16,LAM1163,GSE190260,4.1838226318359375,2,0.0,far,0.1387888044118881,0.1320801824331283,0.0912688598036766,0.0918099805712699,1.856733083724976,0.4345033168792724,0.8307347893714905,0.5793377757072449,1.3590433597564695,1.7380132675170898,0.0,0.5793377757072449,0.0,0.0,0.0,0.0,2.3567514419555664,0.0,0.1580011993646621,0.0,0.0,0.0,0.0,1.5515925884246826,0.0,0.0
GSE190260::LAM1163:TCAGGATCAGATGAGC-1,GSE190260::LAM1163:TCAGGATCAGATGAGC-1,State_16,LAM1163,GSE190260,4.186564922332764,3,0.0,far,0.1350222676992416,0.126014843583107,0.0896819904446601,0.0902137011289596,1.5878771543502808,0.356626033782959,1.0640748739242554,0.0,1.5318385362625122,0.0,2.853008270263672,0.9510027766227722,0.0,0.0,0.2593643963336944,0.5187287926673889,1.6815544366836548,0.2037862986326217,0.3197178542613983,0.0,0.0,0.0,0.2593643963336944,1.505522608757019,0.0,0.0
GSE302356::LAM3:GGAGATGTCAGATTGC-1,GSE302356::LAM3:GGAGATGTCAGATTGC-1,State_16,LAM32,GSE302356,4.206209182739258,2,0.0,far,0.0811929777264595,0.0723777264356613,0.0172998178750276,0.0174023862928152,0.9295521378517152,0.499719887971878,0.9904230833053588,0.0,0.9784007668495178,0.0,3.997759103775024,1.332586407661438,0.0,0.0,0.3634326457977295,0.3634326457977295,1.2850747108459473,0.2096573114395141,0.0,1.6341582536697388,0.2935202419757843,0.0,0.0,0.6197014451026917,0.0,0.0
GSE190260::LAM1163:CTCGTACCACACAGAG-1,GSE190260::LAM1163:CTCGTACCACACAGAG-1,State_16,LAM1163,GSE190260,4.217380046844482,3,0.0,far,0.171218141913414,0.1653186529874801,0.0640609711408615,0.0644407793879509,2.28241229057312,0.2478274405002594,0.7797080278396606,0.0,2.026587963104248,0.0,1.9826195240020752,0.6608731746673584,0.0,0.0,0.1802381426095962,0.54071444272995,2.141761302947998,0.0,0.2713577449321747,0.4956548810005188,0.0,0.0,0.0,2.1814138889312744,0.0,0.0
GSE135851::LAM4:AGCAGCCCATGCAACT-1,GSE135851::LAM4:AGCAGCCCATGCAACT-1,State_16,LAM4,GSE135851,4.21790075302124,2,0.0,far,0.2377422302961349,0.2317103147506714,0.1670742630958557,0.1680648177862167,1.9659134149551392,0.2470879107713699,0.8598901629447937,0.6589010953903198,2.665311336517334,0.0,0.0,0.0,0.0,0.0,0.0,0.0,1.3392353057861328,0.0,0.7188012003898621,1.504807710647583,0.0,0.0,0.1797003000974655,1.92548668384552,0.0,0.0
GSE135851::LAM4:TCATTACCATCGATGT-1,GSE135851::LAM4:TCATTACCATCGATGT-1,State_16,LAM4,GSE135851,4.218347072601318,2,0.0,far,0.2319260388612747,0.21718330681324,0.1057584509253501,0.1063854843378067,1.9067033529281616,0.9259905219078064,1.752533793449402,0.9444044232368468,2.917210817337036,0.0,4.574710845947266,1.524903655052185,0.0,0.0,0.415882796049118,0.9310125112533568,1.0905588865280151,0.0,1.030259370803833,1.7519001960754397,0.0,0.0,0.2575648427009582,1.5954539775848389,0.0,0.0
GSE135851::LAM4:CACATTTGTATGAATG-1,GSE135851::LAM4:CACATTTGTATGAATG-1,State_16,LAM4,GSE135851,4.228622913360596,2,0.0,far,0.1524097472429275,0.1370715200901031,0.0566356442868709,0.0569714307785034,1.7168598175048828,1.2966997623443604,1.7344383001327517,0.960918128490448,3.08610463142395,0.0,3.9433321952819824,1.314444065093994,0.3603442907333374,0.0,0.3584847450256347,0.6205533146858215,0.5241371393203735,0.2059110254049301,0.0,2.0435631275177,0.0,0.0,0.0,1.542864203453064,0.0,0.0
GSE190260::LAM1163:GGAGCAACACAGAGGT-1,GSE190260::LAM1163:GGAGCAACACAGAGGT-1,State_16,LAM1163,GSE190260,4.23578691482544,2,0.0,far,0.0482283271849155,0.0460020937025547,0.0436092764139175,0.0419459529221057,0.0,0.121558666229248,0.2778483927249908,0.0,0.0,0.0,0.9724693298339844,0.6483128666877747,0.0,0.1389241963624954,0.3386850655078888,0.6363568902015686,1.9580103158950808,0.3351909518241882,1.4268170595169067,0.0,0.0972469300031662,0.0,0.0,0.0,0.0,0.0648312866687774
GSE302356::LAM10:TCCCGGACAAAGCCTC-1,GSE302356::LAM10:TCCCGGACAAAGCCTC-1,State_16,LAM3,GSE302356,4.238536357879639,2,0.0,far,0.6780447959899902,0.6660974621772766,0.6075731515884399,0.5990630388259888,1.5043929815292358,0.6494076251983643,1.9103282690048216,0.9053884744644164,2.44811749458313,0.85662442445755,1.6224709749221802,2.2494587898254395,0.8625153303146362,1.3788079023361206,0.9496207237243652,0.3032472431659698,0.1557499021291732,0.0,0.1557499021291732,0.67904132604599,0.0,0.0,0.646373450756073,1.321571946144104,0.0,0.1142165958881378
GSE135851::LAM4:TATTACCCAAACGCGA-1,GSE135851::LAM4:TATTACCCAAACGCGA-1,State_16,LAM4,GSE135851,4.241802215576172,2,0.0,far,0.1557653099298477,0.1474583446979522,0.1151437982916832,0.1158264726400375,1.467942237854004,0.3456400632858276,1.0125701427459717,0.0,2.362663507461548,0.0,2.765120506286621,0.9217068552970886,0.0,0.0,0.25137460231781,0.25137460231781,1.065603494644165,0.0,0.7541237473487854,1.8170249462127688,0.0,0.0,0.0,1.297032117843628,0.0,0.0
GSE302356::LAM10:ACGAACAAGGAAACTG-1,GSE302356::LAM10:ACGAACAAGGAAACTG-1,State_16,LAM3,GSE302356,4.245161056518555,2,0.0,far,0.6312026381492615,0.6200413703918457,0.5955790281295776,0.5858699083328247,0.7537864446640015,1.042517066001892,1.7824081182479858,1.42847740650177,1.6159645318984983,1.7226078510284424,0.9294189810752868,2.1562724113464355,0.7607653737068176,1.370510816574097,0.3395249843597412,0.1689852625131607,0.1275161653757095,0.0,0.2534779012203216,1.0802737474441528,0.0,0.0,0.6026187539100647,0.5198535323143005,0.0,0.0
GSE302356::LAM13:AATCCGTAGCTTGCTC-1,GSE302356::LAM13:AATCCGTAGCTTGCTC-1,State_16,LAM50,GSE302356,4.250510215759277,2,0.0,far,0.1896033585071563,0.1884694695472717,0.1732281148433685,0.1742551624774933,0.1058741509914398,0.2682360708713531,0.3065554797649383,0.4329650700092315,0.0,0.8469932079315186,0.0,0.2823310792446136,0.0,0.449181854724884,0.51408851146698,0.2720801532268524,0.4953533113002777,0.1209990307688713,0.1950807720422744,1.5092240571975708,0.1693986356258392,0.0,0.4594359099864959,0.2494067996740341,0.1209990307688713,0.0
GSE135851::LAM4:CTTAGGATCACTTATC-1,GSE135851::LAM4:CTTAGGATCACTTATC-1,State_16,LAM4,GSE135851,4.254358291625977,2,0.0,far,0.2508496344089508,0.239926129579544,0.1776778995990753,0.1787313371896743,1.8846076726913448,0.7703825831413269,1.3775320053100586,0.4181241691112518,2.88935661315918,1.254372477531433,2.399943351745605,1.2181053161621094,0.1567965596914291,0.0,0.3322105407714844,0.3812345564365387,1.6859760284423828,0.2562338411808014,0.4561354517936706,2.00173282623291,0.125437244772911,0.0,0.0,1.6845836639404297,0.0,0.0
GSE190260::LAM1163:AGTTGGTAGGGTATCG-1,GSE190260::LAM1163:AGTTGGTAGGGTATCG-1,State_16,LAM1163,GSE190260,4.270196437835693,3,0.0,far,0.2448302060365677,0.2263445854187011,0.1136835217475891,0.110307827591896,1.898921251296997,1.331506609916687,2.151489734649658,1.5749541521072388,1.4694584608078003,2.0491530895233154,3.878037452697754,1.9757301807403564,0.0,0.0,0.5957951545715332,0.5957951545715332,1.9352941513061523,0.0,0.1862866431474685,0.0,0.204915314912796,0.0,0.1862866431474685,1.7707918882369995,0.0,0.0
GSE135851::LAM3:CCTTACGCAGACACTT-1,GSE135851::LAM3:CCTTACGCAGACACTT-1,State_16,LAM3,GSE135851,4.27058219909668,3,0.0,far,0.1264813840389251,0.1198465526103973,0.0684386566281318,0.0688444152474403,1.6191319227218628,0.2902939617633819,0.8108171224594116,0.0,1.117789387702942,0.0,2.322351694107056,0.7741172313690186,0.0,0.0,0.4222457706928253,0.4222457706928253,2.223974227905273,0.0,0.7270973920822144,0.0,0.0,0.0,0.0,1.3821104764938354,0.0,0.0
GSE217108::LAM44:GCCTTAACAAACATAG-1,GSE217108::LAM44:GCCTTAACAAACATAG-1,State_16,LAM44,GSE217108,4.271085739135742,2,0.0,far,0.1254351884126663,0.1216309741139411,0.1139165014028549,0.1104392781853675,0.3808658123016357,0.2626530528068542,0.5178125500679016,0.7004081606864929,0.5078210830688477,0.0,0.0,0.0,0.0,0.0,0.0,0.0,1.5782253742218018,1.3995556831359863,0.1910203993320465,1.28703773021698,0.1523463279008865,0.304692655801773,0.1384966522455215,0.2539105415344238,0.0,0.0
GSE135851::LAM3:AGCTCCTAGCCACTAT-1,GSE135851::LAM3:AGCTCCTAGCCACTAT-1,State_16,LAM3,GSE135851,4.290607452392578,3,0.0,far,0.2109059244394302,0.1973442733287811,0.1148747280240058,0.1119299456477165,1.8598103523254397,0.8453501462936401,1.6096943616867063,1.2231229543685913,2.113247871398926,0.0,3.0934319496154785,1.0311440229415894,0.0,0.0,0.2812210917472839,0.2812210917472839,1.6788650751113892,0.1746166199445724,0.5900110006332397,1.1638591289520264,0.0,0.0,0.0,1.857224702835083,0.0,0.0
GSE135851::LAM4:AGGGAGTAGTCAAGCG-1,GSE135851::LAM4:AGGGAGTAGTCAAGCG-1,State_16,LAM4,GSE135851,4.307754039764404,2,0.0,far,0.2287864089012146,0.2199769020080566,0.1300435364246368,0.1308145523071289,1.719821810722351,0.3758244514465332,1.1374238729476929,1.002198576927185,3.63790225982666,0.0,0.0,0.0,0.0,0.0,0.0,0.1820282489061355,1.1940195560455322,0.4290665984153747,0.8980899453163147,1.1749030351638794,0.0,0.0,0.0,1.864004373550415,0.0,0.0
GSE190260::LAM1163:CGCGTTTTCTGCCAGG-1,GSE190260::LAM1163:CGCGTTTTCTGCCAGG-1,State_16,LAM1163,GSE190260,4.3135504722595215,2,0.0,far,0.2922787666320801,0.2789911329746246,0.1423001140356063,0.1431438028812408,2.150224447250366,0.8899233341217041,1.6628035306930542,1.0553603172302246,1.5067459344863892,0.0,3.95330548286438,1.3177684545516968,0.0,0.0,1.1058422327041626,0.7046472430229187,1.4933850765228271,0.0,0.2629415690898895,0.4747267961502075,0.0,0.0,0.8367645144462585,1.71521258354187,0.0,0.0
GSE190260::LAM1163:CCTTCGAAGTACGTTC-1,GSE190260::LAM1163:CCTTCGAAGTACGTTC-1,State_16,LAM1163,GSE190260,4.316677570343018,3,0.0,far,0.1967035084962844,0.1914609372615814,0.1163258180022239,0.1170154958963394,0.6994551420211792,0.5710071325302124,0.7374374270439148,0.0,1.3094762563705444,0.0,2.9008452892303467,0.9669484496116638,0.0,0.0,0.5668426752090454,0.4152779281139374,2.199827194213867,0.0,0.2637132108211517,0.4168030023574829,0.0,0.0,0.5423406362533569,0.9119674563407898,0.0,0.0
GSE190260::LAM1163:CGTCAGGAGAGCTATA-1,GSE190260::LAM1163:CGTCAGGAGAGCTATA-1,State_16,LAM1163,GSE190260,4.338651180267334,3,0.0,far,0.1749387234449386,0.1677378714084625,0.0884654372930526,0.0889899358153343,1.890281558036804,0.3186069130897522,0.9176554083824158,0.8496184349060059,2.141196012496948,0.0,0.0,0.0,0.0,0.0,0.0,0.0,1.847532868385315,0.0,0.0,1.2744276523590088,0.0,0.0,0.0,1.6496928930282593,0.0,0.0
GSE135851::LAM4:GATCGATCACCAGTTA-1,GSE135851::LAM4:GATCGATCACCAGTTA-1,State_16,LAM4,GSE135851,4.33866548538208,2,0.0,far,0.1471147239208221,0.1333872824907302,0.0570470094680786,0.0573852322995662,1.5632017850875854,0.8090924620628357,1.5630033016204834,1.1896823644638062,2.4573254585266118,0.0,2.9036927223205566,0.9678975939750672,0.0,0.0,0.5279441475868225,0.5279441475868225,0.8884053230285645,0.0,0.3244588077068329,1.787923812866211,0.5807385444641113,0.5807385444641113,0.0,1.4422574043273926,0.0,0.0
GSE217108::LAM32:CAAACTGGTAATGGCC-1,GSE217108::LAM32:CAAACTGGTAATGGCC-1,State_16,LAM32,GSE217108,4.345521926879883,2,0.0,far,0.168856993317604,0.1665210723876953,0.1884484142065048,0.1838966608047485,0.0,0.1277633160352707,0.4097903370857239,0.3407021760940552,0.0,0.0,0.0,0.6154752373695374,0.0,0.4097903370857239,0.0,0.137900248169899,0.278756320476532,0.2190228253602981,0.137900248169899,0.0,0.0,0.0,0.0929187759757042,0.0,0.0,0.0
GSE302356::LAM10:CTCTTGATCCCGTTGT-1,GSE302356::LAM10:CTCTTGATCCCGTTGT-1,State_16,LAM3,GSE302356,4.353492736816406,2,0.0,far,0.6365366578102112,0.6267959475517273,0.5774171352386475,0.5715311765670776,1.446723222732544,0.6497315764427185,1.6412180662155151,0.990649938583374,2.0606472492218018,1.3436115980148315,0.8822914958000183,1.615595817565918,0.9296168088912964,1.09718120098114,0.6154323220252991,0.1604166328907013,0.0802083164453506,0.0,0.1604166328907013,0.898688554763794,0.0,0.0,0.4550157189369201,1.1809002161026,0.0,0.1264652162790298
GSE190260::LAM1164-1:CTTTGCGCAATGTAAG-1,GSE190260::LAM1164-1:CTTTGCGCAATGTAAG-1,State_16,LAM1164,GSE190260,4.357800960540772,2,0.0,far,0.1026826426386833,0.0927598997950553,0.0563470497727394,0.0566811263561248,1.771303415298462,0.4078646004199981,1.126142978668213,0.0,1.5400279760360718,0.0,3.2629168033599854,1.0876389741897583,0.3259164690971374,0.0,0.2966288030147552,0.2966288030147552,2.135341167449951,0.8386069536209106,0.0,0.0,0.0,0.0,0.0,1.5658758878707886,0.0,0.0
GSE302356::LAM10:ACGTCCAAGTCATGCG-1,GSE302356::LAM10:ACGTCCAAGTCATGCG-1,State_16,LAM3,GSE302356,4.372488975524902,2,0.0,far,0.4750019907951355,0.46588334441185,0.4405438005924225,0.4309368431568146,0.3104939460754394,0.6209878921508789,1.4155268669128418,1.2419757843017578,0.4139919281005859,0.0,1.2419757843017578,1.646928310394287,0.572160005569458,1.329804539680481,0.7253977060317993,0.1129068881273269,0.3387206494808197,0.0,0.1129068881273269,0.5316809415817261,0.0,0.0,0.9841346144676208,0.3842229545116424,0.0,0.082798384130001
GSE302356::LAM3:GACCCAGAGGGCCAAT-1,GSE302356::LAM3:GACCCAGAGGGCCAAT-1,State_16,LAM32,GSE302356,4.375393867492676,2,0.0,far,0.1410540640354156,0.135919913649559,0.0920174494385719,0.0897966176271438,1.616235375404358,0.0,0.6706039905548096,0.0,1.8167877197265625,0.0,0.0,0.466598242521286,0.0,0.1999706774950027,0.1272540688514709,0.2545081377029419,2.1510627269744877,0.8507007956504822,0.2545081377029419,0.0,0.0,0.0,0.1272540688514709,1.2926186323165894,0.0,0.0
GSE190260::LAM1163:ACTATCTAGCGTGAGT-1,GSE190260::LAM1163:ACTATCTAGCGTGAGT-1,State_16,LAM1163,GSE190260,4.393814086914063,2,0.0,far,0.2143236845731735,0.207326665520668,0.0900994911789894,0.090633675456047,2.062122106552124,0.293239951133728,0.936015009880066,0.0,1.4020618200302124,0.0,2.345919609069824,0.7819731831550598,0.0,0.0,0.2132654190063476,0.4265308380126953,1.5943186283111572,0.0,0.271818459033966,0.9144212603569032,0.0,0.0,0.271818459033966,1.8119375705718996,0.0,0.0
GSE302356::LAM13:CTCACAACAAAGCCTC-1,GSE302356::LAM13:CTCACAACAAAGCCTC-1,State_16,LAM50,GSE302356,4.40400505065918,2,0.0,far,0.3991235792636871,0.4014500677585602,0.3187499940395355,0.3195388913154602,0.7549405097961426,0.0,0.1591620147228241,0.0,0.3713780343532562,0.0,0.0,0.1856890171766281,0.4089266061782837,0.861024022102356,1.0852433443069458,0.3949271738529205,0.6510566473007202,0.0,0.0,0.9619987607002258,0.0557067021727561,0.0,0.5599927306175232,0.5292445421218872,0.0,0.0
GSE302356::LAM10:GAACACAAGCTGCACA-1,GSE302356::LAM10:GAACACAAGCTGCACA-1,State_16,LAM3,GSE302356,4.407033443450928,2,0.0,far,0.5954355001449585,0.5851505398750305,0.5376393795013428,0.527618944644928,0.4555675089359283,0.9385229349136353,1.6562577486038208,1.251467227935791,0.5361950397491455,1.6085851192474363,0.8466888070106506,2.076939105987549,0.8583794832229614,1.4242550134658811,0.9635315537452698,0.1950178742408752,0.2719895839691162,0.0,0.1677208244800567,0.720660924911499,0.0,0.0,1.0502090454101562,0.2680975198745727,0.0,0.0564459189772605
GSE302356::LAM10:ATTGCACAGACTTATG-1,GSE302356::LAM10:ATTGCACAGACTTATG-1,State_16,LAM3,GSE302356,4.408634662628174,2,0.0,far,0.6462352275848389,0.6400765776634216,0.5984221696853638,0.5922367572784424,1.0700126886367798,0.5041080117225647,1.2814559936523438,0.8208510279655457,1.939761757850647,0.0,0.7851555943489075,1.082569599151611,0.6807964444160461,0.8032528758049011,0.6081432104110718,0.2141333371400833,0.1427555680274963,0.0560825429856777,0.0,0.8119271397590637,0.0,0.0,0.6247370839118958,1.0125881433486938,0.0,0.1293811202049255
GSE302356::LAM10:CAGAACCGTCATGCCC-1,GSE302356::LAM10:CAGAACCGTCATGCCC-1,State_16,LAM3,GSE302356,4.417777061462402,2,0.0,far,0.5514539480209351,0.5467342734336853,0.5003247857093811,0.4930427074432373,0.5443864464759827,0.5752571821212769,1.0382544994354248,1.1961758136749268,0.6117089986801147,0.0,0.0,1.226417899131775,0.8172933459281921,0.5256076455116272,0.6953279972076416,0.1842781603336334,0.2764172554016113,0.0,0.1369486004114151,1.0767616033554075,0.0,0.0,0.8856819868087769,0.4747761487960815,0.0,0.0
GSE302356::LAM13:AGTTATGTCAGGAACA-1,GSE302356::LAM13:AGTTATGTCAGGAACA-1,State_16,LAM50,GSE302356,4.41917896270752,2,0.0,far,0.1632961928844452,0.1590421944856643,0.1606903821229934,0.1533141136169433,0.0,0.2634038627147674,0.6020659804344177,0.7024103403091431,0.0,0.0,0.0,0.7024103403091431,0.0,0.6921280026435852,0.191566452383995,0.191566452383995,0.9578322768211364,0.0,0.0,1.895640254020691,0.0,0.0,0.191566452383995,0.0,0.0,0.0
GSE135851::LAM4:AAGGTTCCAGGGATTG-1,GSE135851::LAM4:AAGGTTCCAGGGATTG-1,State_16,LAM4,GSE135851,4.4268670082092285,2,0.0,far,0.1085183024406433,0.0981653779745101,0.0293625406920909,0.0295366272330284,1.7176153659820557,0.8307340145111084,1.1763488054275513,0.9963688850402832,3.2675933837890625,0.0,0.0,0.0,0.0,0.0,0.0,0.2717369794845581,0.8759071826934814,0.0,0.2717369794845581,1.6614680290222168,0.0,0.0,0.0,1.506486892700195,0.0,0.0
GSE302356::LAM3:CAGCAGCGTCCATACA-1,GSE302356::LAM3:CAGCAGCGTCCATACA-1,State_16,LAM32,GSE302356,4.432531833648682,3,0.0,far,0.2450022548437118,0.2363428026437759,0.1434573382139206,0.144307866692543,2.2288811206817627,0.3497838675975799,1.138163924217224,0.0,2.3278324604034424,0.0,2.79827094078064,0.9327570199966432,0.2268275618553161,0.0,0.2543882727622986,0.2543882727622986,2.179060935974121,0.1296157538890838,0.0,0.0,0.0,0.0,0.0,2.0002849102020264,0.0,0.0
GSE302356::LAM4:GCAGCTGGTCTTGCTC-1,GSE302356::LAM4:GCAGCTGGTCTTGCTC-1,State_16,LAM18,GSE302356,4.434678077697754,3,0.0,far,0.0707907825708389,0.0670924931764602,0.0624632090330123,0.0588536038994789,0.1439809650182724,0.2517311573028564,0.4522424340248108,0.6712831258773804,0.3839492499828338,0.0,0.0,0.0,0.0,0.0,0.1047134324908256,0.1047134324908256,1.4873977899551392,1.1693683862686155,0.5123185515403748,0.2879619300365448,0.0,0.0,0.1047134324908256,0.1919746249914169,0.0,0.0
GSE190260::LAM1158:ATCATCTAGCTAAACA-1,GSE190260::LAM1158:ATCATCTAGCTAAACA-1,State_16,LAM1158,GSE190260,4.437495231628418,2,0.0,far,0.159861147403717,0.1566905230283737,0.0966708436608314,0.0944340676069259,0.9628334045410156,0.1777274161577224,0.4868897199630737,0.4739397764205932,1.3242725133895874,0.0,0.0,0.0,0.0,0.1349730044603347,0.1717838197946548,0.3435676395893097,1.88437294960022,0.6354591846466064,0.1717838197946548,0.0,0.0,0.0,0.0,1.0363273620605469,0.0,0.0
GSE302356::LAM4:TGCTGAATCTCTATGT-1,GSE302356::LAM4:TGCTGAATCTCTATGT-1,State_16,LAM18,GSE302356,4.45717716217041,3,0.0,far,0.0932525992393493,0.0912989377975463,0.0713647827506065,0.0717878937721252,0.0,0.2579137980937958,0.2947586178779602,0.343885064125061,0.0,0.0,1.031655192375183,0.343885064125061,0.0,0.0,0.326531320810318,0.1875736713409423,1.909943699836731,1.1360470056533811,0.0937868356704711,0.2579137980937958,0.0,0.0,0.2327444851398468,0.0,0.0,0.0
GSE302356::LAM13:GACACCGGTTTACCGT-1,GSE302356::LAM13:GACACCGGTTTACCGT-1,State_16,LAM50,GSE302356,4.457600116729736,2,0.0,far,0.4505395591259002,0.4450667202472687,0.3712716698646545,0.3642152547836303,1.0779969692230225,0.358944833278656,1.0150249004364014,0.957186222076416,0.8069403171539307,0.0,0.0,0.6042648553848267,0.4322967529296875,0.4405163824558258,0.4070692956447601,0.0750002488493919,0.3000009953975677,0.0589287653565406,0.0,0.9053062796592712,0.1270820051431656,0.2541640102863312,0.3320690393447876,0.5826376676559448,0.0,0.0
GSE217108::LAM44:AGAAACTAGCATTAGC-1,GSE217108::LAM44:AGAAACTAGCATTAGC-1,State_16,LAM44,GSE217108,4.460244178771973,3,0.0,far,0.1225805357098579,0.1186485067009925,0.1387428939342498,0.1322591751813888,0.0,0.2883758842945099,0.5281410813331604,0.769002377986908,0.0,0.0,0.0,0.4633269011974334,0.0,0.1985686719417572,0.1263618767261505,0.1263618767261505,0.8217466473579407,1.3134117126464844,0.252723753452301,0.4875304996967315,0.1389980614185333,0.0,0.1263618767261505,0.0,0.0,0.0
GSE302356::LAM10:CGAAGCCTCACAGCCA-1,GSE302356::LAM10:CGAAGCCTCACAGCCA-1,State_16,LAM3,GSE302356,4.462108135223389,2,0.0,far,0.5509617924690247,0.542554497718811,0.5542067289352417,0.5474354028701782,0.5798565745353699,0.8500627279281616,1.418116807937622,1.4572025537490845,0.9333983659744264,0.0,1.926896572113037,1.4904515743255615,0.5875131487846375,0.6745653748512268,0.372565358877182,0.2664446830749511,0.0758783966302871,0.0,0.0912722870707511,0.41733118891716,0.0,0.0,0.2430290728807449,0.6690481305122375,0.0,0.0669330060482025
GSE217108::LAM44:CTGGACCAGTTAGTGC-1,GSE217108::LAM44:CTGGACCAGTTAGTGC-1,State_16,LAM44,GSE217108,4.466078281402588,1,0.4,far,0.6184769868850708,0.6115429401397705,0.5067148208618164,0.497462123632431,0.5393838286399841,1.013216495513916,1.3336704969406128,1.5572559833526611,0.0,0.0,1.4338666200637815,1.554641842842102,0.6474420428276062,0.9250498414039612,1.588525652885437,0.754112720489502,0.9037330746650696,0.2636159360408783,0.6230310797691345,0.6583757400512695,0.0,0.1646556407213211,1.370009183883667,0.4615294337272644,0.1176111698150634,0.1097704246640205
GSE302356::LAM13:TGTTAGCAGTTATCCT-1,GSE302356::LAM13:TGTTAGCAGTTATCCT-1,State_16,LAM50,GSE302356,4.467129707336426,2,0.0,far,0.4789846241474151,0.4770137965679168,0.3565861284732818,0.352747231721878,1.1115487813949585,0.1914329081773758,0.6822600960731506,0.0,0.587858259677887,0.0,0.0,1.004081964492798,0.9716771841049194,1.3252677917480469,1.3516143560409546,0.651835560798645,0.82317054271698,0.0,0.1440416276454925,0.957834780216217,0.3295038044452667,0.2457307279109954,1.5701000690460205,0.7658897042274475,0.4274612069129944,0.0
GSE135851::LAM3:CATCAGATCGCAAGCC-1,GSE135851::LAM3:CATCAGATCGCAAGCC-1,State_16,LAM3,GSE135851,4.474854946136475,3,0.0,far,0.1482914239168167,0.1409775167703628,0.072613351047039,0.073043867945671,1.703414797782898,0.2480301409959793,0.9026688933372498,0.0,2.106227397918701,0.0,1.9842411279678345,0.6614137291908264,0.0,0.0,0.360771119594574,0.360771119594574,2.3002281188964844,0.0,0.7780811190605164,1.0127798318862915,0.1984241157770156,0.3968482315540313,0.0,1.6016839742660522,0.0,0.0
GSE302356::LAM10:CCCAAACCACACCAAC-1,GSE302356::LAM10:CCCAAACCACACCAAC-1,State_16,LAM3,GSE302356,4.482091903686523,3,0.0,far,0.602031946182251,0.5943000316619873,0.5818008780479431,0.5760486125946045,1.0736267566680908,0.5054606795310974,1.39952552318573,0.9871340990066528,2.128193616867065,0.0,1.0822830200195312,1.152614712715149,0.9429699778556824,0.7878245711326599,0.3824856281280517,0.0983893647789955,0.3095114827156067,0.0,0.0,0.8216791152954102,0.0,0.1361850500106811,0.3832217454910278,0.8268186450004578,0.0,0.0
GSE190260::LAM1164-2:AACTGGTCATCACGAT-1,GSE190260::LAM1164-2:AACTGGTCATCACGAT-1,State_16,LAM1164,GSE190260,4.483786106109619,3,0.0,far,0.0817500874400138,0.0780331715941429,0.0607675798237323,0.057910606265068,0.0,0.4069828689098358,0.4651232659816742,1.0852876901626587,0.0,0.0,0.0,0.0,0.2034914344549179,0.0,0.1479937732219696,0.2959875464439392,1.816329002380371,0.0,0.2016138136386871,0.0,0.0,0.0,0.0,0.0,0.3168217241764068,0.0
GSE135851::LAM4:TTCCCAGTCTGTCAAG-1,GSE135851::LAM4:TTCCCAGTCTGTCAAG-1,State_16,LAM4,GSE135851,4.509224891662598,2,0.0,far,0.0765208974480629,0.0734545290470123,0.0765958055853843,0.0770499259233474,0.1718475967645645,0.1718475967645645,0.392794519662857,0.0,0.4582602679729461,1.374780774116516,0.0,0.4582602679729461,0.0,0.0,0.0,0.1249800696969032,1.3762331008911133,0.856002688407898,0.8836924433708191,1.7802797555923462,0.1374780833721161,0.0,0.0,0.229130133986473,0.0,0.091652050614357
GSE217108::LAM44:GTCTTGCTCGATAACC-1,GSE217108::LAM44:GTCTTGCTCGATAACC-1,State_16,LAM44,GSE217108,4.524563312530518,3,0.0,far,0.1500143557786941,0.1477265357971191,0.1506769061088562,0.1462305039167404,0.1369775235652923,0.1369775235652923,0.3859866559505462,0.3652733862400055,0.0,0.0,0.0,0.5353621244430542,0.1369775235652923,0.3859866559505462,0.0996200144290924,0.2761944532394409,0.9972568154335022,0.6744258403778076,0.2761944532394409,1.076998233795166,0.1095820218324661,0.0,0.0996200144290924,0.0913183465600013,0.0,0.0
GSE190260::LAM1163:GCGCAGTCAAATACAG-1,GSE190260::LAM1163:GCGCAGTCAAATACAG-1,State_16,LAM1163,GSE190260,4.525222301483154,3,0.0,far,0.3506842255592346,0.3407064974308014,0.2677423655986786,0.2693297863006592,1.8645613193511963,0.8268728256225586,1.3798160552978516,0.5958682894706726,2.206313133239746,0.0,3.0397729873657227,1.013257622718811,0.1561503708362579,0.0,0.6013620495796204,0.71492600440979,1.9141082763671875,0.0,0.1625095456838607,0.5983405113220215,0.0,0.0,0.0,1.776409387588501,0.0,0.0
GSE135851::LAM3:CGCTGGACACATCCAA-1,GSE135851::LAM3:CGCTGGACACATCCAA-1,State_16,LAM3,GSE135851,4.525991916656494,3,0.0,far,0.1627285480499267,0.1532113999128341,0.0524199046194553,0.0527306944131851,2.220264434814453,0.4444670677185058,1.144354224205017,0.0,1.4849143028259275,0.0,3.555736541748047,1.1852455139160156,0.0,0.0,0.3232487738132477,0.6464975476264954,1.8802918195724487,0.0,0.8488395810127258,0.9879090189933776,0.0,0.0,0.2627954185009002,1.9086815118789675,0.0,0.0
GSE190260::LAM1164-1:CGGACACCAATTCCTT-1,GSE190260::LAM1164-1:CGGACACCAATTCCTT-1,State_16,LAM1164,GSE190260,4.52677059173584,3,0.0,far,0.2198041677474975,0.2135670036077499,0.1110480278730392,0.1117064133286476,2.245347499847412,0.3364490866661072,0.8631226420402527,0.0,2.3647453784942627,0.0,2.6915926933288574,0.8971975445747375,0.0,0.0,0.4893804788589477,0.4893804788589477,1.522848129272461,0.0,0.0,0.0,0.0,0.0,0.0,1.935702443122864,0.0,0.0
GSE302356::LAM13:GGTTGCTCACTATGGC-1,GSE302356::LAM13:GGTTGCTCACTATGGC-1,State_16,LAM50,GSE302356,4.527499198913574,2,0.0,far,0.4917187690734863,0.4891576766967773,0.4049924910068512,0.3995818793773651,1.4578598737716677,0.1673000454902649,0.7558775544166565,0.4461334645748138,1.4325605630874634,0.0,0.0,0.8714473843574524,0.5411481261253357,0.4989289939403534,0.6414555311203003,0.3098823428153991,0.3193312287330627,0.0,0.0,1.448109149932861,0.0,0.1756321638822555,0.5616227388381958,1.0546205043792725,0.0,0.0
GSE190260::LAM1163:CGATGTAGTCTAGGTT-1,GSE190260::LAM1163:CGATGTAGTCTAGGTT-1,State_16,LAM1163,GSE190260,4.561553478240967,3,0.0,far,0.0412769168615341,0.0345153547823429,0.0279619563370943,0.0223859921097755,0.0,0.646348237991333,0.7386837601661682,0.9684412479400636,0.0,0.0,2.2654623985290527,0.7551541328430176,0.0,0.0,0.2059511244297027,0.4119022488594055,2.2563798427581787,0.0,0.2993069887161255,0.8926810026168823,0.0,0.0,0.0,0.0,0.0,0.0
GSE302356::LAM13:CCATAAGGTACTTAGG-1,GSE302356::LAM13:CCATAAGGTACTTAGG-1,State_16,LAM50,GSE302356,4.600894927978516,2,0.0,far,0.4774518609046936,0.4769944250583648,0.3931924104690552,0.3882658183574676,0.6747112274169922,0.406092494726181,0.5246333479881287,0.8329418301582336,0.0,0.0,0.0,0.3912026584148407,0.6612598896026611,1.0201348066329956,1.2702593803405762,0.3237683475017547,0.4475619196891784,0.0535653308033943,0.1336619257926941,0.8779050707817078,0.1470281034708023,0.0,1.1768813133239746,0.4266903400421142,0.0,0.049994308501482
GSE135851::LAM4:CTCGGAGTCACGATGT-1,GSE135851::LAM4:CTCGGAGTCACGATGT-1,State_16,LAM4,GSE135851,4.623387336730957,3,0.0,far,0.0858192220330238,0.081501767039299,0.0827827900648117,0.083273597061634,0.4647422730922699,0.2323711365461349,0.5311340093612671,0.0,1.239312767982483,1.85896909236908,0.0,0.6196563839912415,0.0,0.3529995083808899,0.1689971834421157,0.3379943668842315,0.472202330827713,1.0227172374725342,0.5968935489654541,2.445427179336548,0.0,0.0,0.0,0.3098281919956207,0.0,0.0
GSE302356::LAM10:TTGGATCAGTCATTAG-1,GSE302356::LAM10:TTGGATCAGTCATTAG-1,State_16,LAM3,GSE302356,4.628696918487549,3,0.0,far,0.6304779052734375,0.6169206500053406,0.5868591070175171,0.5779380798339844,1.4152138233184814,0.972230851650238,2.0288147926330566,1.3623026609420776,2.6424875259399414,1.470453143119812,1.470453143119812,1.959547996520996,1.091106414794922,0.9316496253013612,0.634368896484375,0.1336775571107864,0.068184770643711,0.0,0.068184770643711,0.4247408211231231,0.0,0.0,0.5857746005058289,1.2136121988296509,0.0,0.1000043302774429
GSE302356::LAM13:GAGTGTTTCCCTCAGT-1,GSE302356::LAM13:GAGTGTTTCCCTCAGT-1,State_16,LAM50,GSE302356,4.636052131652832,2,0.0,far,0.3870622515678406,0.3863865733146667,0.3094684481620788,0.3084629774093628,0.8894357681274414,0.0,0.4567532837390899,0.0,1.0657576322555542,0.0,0.0,0.4790534675121307,0.7538869976997375,0.5630138516426086,0.1740342676639557,0.1306509524583816,0.6093704104423523,0.0,0.0,0.656798779964447,0.0,0.0,0.1740342676639557,0.9213818907737732,0.0,0.0
GSE302356::LAM13:TTGGCTACATCGCTTT-1,GSE302356::LAM13:TTGGCTACATCGCTTT-1,State_16,LAM50,GSE302356,4.682151317596436,2,0.0,far,0.4315205812454223,0.4250487387180328,0.3958598673343658,0.3830026686191559,0.6588245034217834,0.392902672290802,1.0990463495254517,1.047740459442139,0.0,0.0,0.0,1.516701102256775,0.9843615889549256,1.158522605895996,0.3877072930335998,0.1617979407310485,0.5322617292404175,0.0,0.112954668700695,1.4029115438461304,0.1242501363158226,0.2485002726316452,0.8304181694984436,0.2808230221271515,0.1775002032518386,0.0
GSE302356::LAM3:ATACTTCGTTGTGGAG-1,GSE302356::LAM3:ATACTTCGTTGTGGAG-1,State_16,LAM32,GSE302356,4.695215702056885,2,0.0,far,0.15642049908638,0.1562203168869018,0.1029121875762939,0.1022975593805313,0.4837106168270111,0.1549347341060638,0.1770682632923126,0.206579640507698,0.206579640507698,0.0,0.0,0.0,0.0,0.0,0.2262487858533859,0.3171111643314361,1.7194567918777466,1.5007140636444092,0.6533100605010986,0.1549347341060638,1.3463038206100464,0.0,0.1353864073753357,0.3949330449104309,0.0,0.0
GSE135851::LAM4:TCGCGAGTCCAGGGCT-1,GSE135851::LAM4:TCGCGAGTCCAGGGCT-1,State_16,LAM4,GSE135851,4.7021965980529785,3,0.0,far,0.2802460491657257,0.2765094041824341,0.1727940887212753,0.1738185584545135,2.10156512260437,0.2015003561973571,0.6656540036201477,0.0,2.031716823577881,0.0,1.6120028495788574,0.5373342633247375,0.2015003561973571,0.0,0.9861963391304016,0.6396439075469971,1.1148900985717771,0.1151430606842041,0.4930981695652008,2.073777198791504,0.0,0.3224005699157715,0.6396439075469971,2.0192747116088867,0.2302861213684082,0.1074668541550636
GSE302356::LAM10:GGTTAGCGTAATGGAA-1,GSE302356::LAM10:GGTTAGCGTAATGGAA-1,State_16,LAM3,GSE302356,4.707586288452148,2,0.0,far,0.4107481241226196,0.4055414497852325,0.3824880719184875,0.373520016670227,0.2372892946004867,0.4754474759101867,0.9477808475494384,0.4757371246814728,0.3163857161998749,0.0,0.949157178401947,1.7357515096664429,0.9269618391990662,1.3037724494934082,0.7423213720321655,0.3451480567455292,0.5611815452575684,0.0,0.0862870141863823,1.5523077249526978,0.2941695153713226,0.0,0.5697473883628845,0.2372892946004867,0.0,0.0
GSE302356::LAM10:GCTCCTTAGCACTTGG-1,GSE302356::LAM10:GCTCCTTAGCACTTGG-1,State_16,LAM3,GSE302356,4.711033344268799,2,0.0,far,0.3338377773761749,0.3330371081829071,0.3167483806610107,0.3176130354404449,1.1511797904968262,0.0640907660126686,0.4164193570613861,0.1709087193012237,1.3802398443222046,0.0,0.0,0.0,0.5891202092170715,0.3325982987880707,0.2512693107128143,0.1704967319965362,0.2582649290561676,0.0,0.1398344039916992,2.1061291694641118,0.0,0.0,0.0466114692389965,0.9416170120239258,0.0,0.0
GSE302356::LAM3:AGGACGAAGTATTCCG-1,GSE302356::LAM3:AGGACGAAGTATTCCG-1,State_16,LAM32,GSE302356,4.7678046226501465,3,0.0,far,0.1196102276444435,0.1179526820778846,0.1036657094955444,0.1022704243659973,0.2542523443698883,0.1271261721849441,0.2905741035938263,0.3390031158924103,0.3390031158924103,0.0,0.0,0.0,0.4430878162384033,0.0,0.1849107891321182,0.0924553945660591,2.0026848316192627,0.0,0.3569622933864593,0.0,0.0,0.0,0.0924553945660591,0.2542523443698883,0.1452870517969131,0.0
GSE135851::LAM4:GATGAGGCACATGGGA-1,GSE135851::LAM4:GATGAGGCACATGGGA-1,State_16,LAM4,GSE135851,4.770000457763672,3,0.0,far,0.0848192200064659,0.0806456580758094,0.0860471203923225,0.0865572839975357,0.2254402935504913,0.2254402935504913,0.5152921080589294,0.0,0.6011741161346436,1.8035223484039309,0.0,0.6011741161346436,0.0,0.0,0.0,0.1639565825462341,1.4869067668914795,0.7729381322860718,0.711026132106781,1.9879231452941892,0.0,0.0,0.0,0.3005870580673218,0.0,0.0
GSE302356::LAM10:CCAAGTTAGGACCAGG-1,GSE302356::LAM10:CCAAGTTAGGACCAGG-1,State_16,LAM3,GSE302356,4.777927875518799,2,0.0,far,0.5490046143531799,0.543290913105011,0.5131842494010925,0.5095139145851135,0.8294083476066589,0.6644514203071594,1.1383332014083862,0.6758873462677002,1.7851642370224,0.5498095154762268,1.3690698146820068,1.0959830284118652,0.5829347968101501,0.7105559706687927,0.4121808707714081,0.1744435727596283,0.2499134242534637,0.0785442143678665,0.0,0.5679011344909668,0.0,0.1099619045853614,0.3377026617527008,0.8780274987220764,0.157088428735733,0.1099619045853614
GSE217108::LAM44:TGGCGGTTCACCTGTC-1,GSE217108::LAM44:TGGCGGTTCACCTGTC-1,State_16,LAM44,GSE217108,4.779515743255615,3,0.0,far,0.1144112795591354,0.1111504584550857,0.116896666586399,0.1113541722297668,0.1629945784807205,0.2314045280218124,0.4507418274879455,0.6170787215232849,0.0,0.0,0.0,0.4346522092819214,0.0,0.1862795203924179,0.1185415089130401,0.1682942062616348,0.8792700171470642,0.8502370715141296,0.4053772389888763,0.0,0.0,0.0,0.0,0.1086630523204803,0.0,0.0
GSE302356::LAM13:AATCCATCAGTTATCG-1,GSE302356::LAM13:AATCCATCAGTTATCG-1,State_16,LAM50,GSE302356,4.786825656890869,2,0.0,far,0.3966042995452881,0.3943689465522766,0.3567236363887787,0.3516412377357483,0.3334986865520477,0.3652832508087158,0.6271633505821228,0.7246658205986023,0.2494228631258011,0.0,0.0,0.4892924726009369,0.7062900066375732,1.0836677551269531,0.6535753607749939,0.1745200902223587,0.6274505257606506,0.0,0.0,0.1870671510696411,0.0,0.0,0.3490401804447174,0.2846881747245788,0.0,0.0997691452503204
GSE190260::LAM1163:ACTATCTTCACCGTAA-1,GSE190260::LAM1163:ACTATCTTCACCGTAA-1,State_16,LAM1163,GSE190260,4.787627696990967,3,0.0,far,0.0521257705986499,0.0480723604559898,0.0326942950487136,0.0307198595255613,0.5486958622932434,0.2742869257926941,0.4702061712741852,0.731431782245636,0.365715891122818,0.0,0.0,0.0,0.0,0.0,0.0997406989336013,0.2992221117019653,2.270623683929444,0.6466779112815857,0.0997406989336013,0.8228607773780823,0.0,0.0,0.0,0.3657972514629364,0.0,0.0
GSE302356::LAM10:GCCAACATCATAATCG-1,GSE302356::LAM10:GCCAACATCATAATCG-1,State_16,LAM3,GSE302356,4.799518585205078,2,0.0,far,0.616452693939209,0.6087135076522827,0.5600013732910156,0.5541298389434814,0.9371886253356934,0.5997399091720581,1.4146937131881714,1.1179578304290771,2.3286046981811523,0.7220228314399719,0.7220228314399719,1.2306807041168213,1.038830041885376,0.8349454998970032,0.4763105809688568,0.1042573302984237,0.319911777973175,0.0303434189409017,0.1158566921949386,0.3904346525669098,0.0,0.0849615707993507,0.5206479430198669,0.9668434858322144,0.0,0.028320524841547
GSE302356::LAM13:CTAGTAATCACCAATA-1,GSE302356::LAM13:CTAGTAATCACCAATA-1,State_16,LAM50,GSE302356,4.81264591217041,2,0.0,far,0.2180075794458389,0.214529201388359,0.2297971248626709,0.2238382548093795,0.1664273887872696,0.3112207353115082,0.576776385307312,0.8299219608306885,0.2219031900167465,0.0,0.0,0.4049381017684936,0.0,0.4495635628700256,0.3261618316173553,0.3998624086380005,0.5915725231170654,0.2406323850154876,0.3343174457550049,0.5012899041175842,0.1871691048145294,0.0,0.1901016682386398,0.1109515950083732,0.0,0.0443806387484073
GSE302356::LAM13:GATTGCGTCAGCATTA-1,GSE302356::LAM13:GATTGCGTCAGCATTA-1,State_16,LAM50,GSE302356,4.82977819442749,2,0.0,far,0.5094183087348938,0.5061101913452148,0.4465314745903015,0.4424518644809723,1.753693699836731,0.0,0.8506287336349487,0.0,2.031693458557129,0.0,0.0,1.134623885154724,0.9163131713867188,1.2723426818847656,0.6869210600852966,0.2569593787193298,0.5175807476043701,0.0,0.0,0.7066383361816406,0.0,0.0,0.569383978843689,1.3212538957595823,0.0,0.0
GSE135851::LAM4:TTGGCAACACGAAGCA-1,GSE135851::LAM4:TTGGCAACACGAAGCA-1,State_16,LAM4,GSE135851,4.862371921539307,3,0.0,far,0.0765027850866317,0.0743125826120376,0.0617353282868862,0.0600096024572849,0.1323028206825256,0.0,0.3024064600467682,0.0,0.3528075218200683,0.0,0.0,0.3528075218200683,0.0,0.1512032300233841,0.0,0.0,1.3679112195968628,1.6135345697402954,0.7243924736976624,1.8647780418396,0.1893934607505798,0.3787869215011596,0.0962202325463295,0.088201880455017,0.1512032300233841,0.0
GSE302356::LAM3:AGCCACGCACTACAGT-1,GSE302356::LAM3:AGCCACGCACTACAGT-1,State_16,LAM32,GSE302356,4.888694286346436,3,0.0,far,0.0663670748472213,0.0650204345583915,0.0673395916819572,0.067738838493824,0.0898027047514915,0.0898027047514915,0.2052633166313171,0.0,0.4789477586746216,0.0,0.7184216380119324,0.2394738793373108,0.0,0.1026316583156585,0.1682357490062713,0.1682357490062713,2.011716365814209,0.524085521697998,0.0653110593557357,0.0,0.0,0.0,0.0,0.0598684698343277,0.1026316583156585,0.0
GSE190260::LAM1163:CACACTCCATTACCTT-1,GSE190260::LAM1163:CACACTCCATTACCTT-1,State_16,LAM1163,GSE190260,4.911310195922852,3,0.0,far,0.2840032577514648,0.276054173707962,0.1768391877412796,0.1778876483440399,2.165732860565185,0.4109251499176025,1.1038941144943235,0.0,1.479952692985535,0.0,3.2874011993408203,1.0958003997802734,0.0,0.0,0.298854649066925,0.298854649066925,2.355530023574829,0.0,0.3649662137031555,0.5018285512924194,0.0,0.4014628529548645,0.4216580390930176,2.0448474884033203,0.2867591679096222,0.1338209509849548
GSE302356::LAM3:AGGTGTTTCACTCCGT-1,GSE302356::LAM3:AGGTGTTTCACTCCGT-1,State_16,LAM32,GSE302356,4.945148944854736,3,0.0,far,0.042742371559143,0.0394704192876815,0.0403006076812744,0.0405395440757274,0.1663465350866317,0.1663465350866317,0.3802206516265869,0.0,0.4435907304286957,0.0,1.3307722806930542,0.4435907304286957,0.0,0.0,0.2419585883617401,0.362937867641449,1.7617385387420654,0.8483000993728638,0.0,0.3326930701732635,0.0,0.0,0.0,0.1108976826071739,0.0,0.0
GSE190260::LAM1163:ATGTGTGTCTCCAACC-1,GSE190260::LAM1163:ATGTGTGTCTCCAACC-1,State_16,LAM1163,GSE190260,4.953466415405273,3,0.0,far,0.0913173779845237,0.0863570645451545,0.0618766918778419,0.0622435472905635,0.8052014708518982,0.2038623392581939,0.6029385924339294,0.5436329245567322,0.8632237911224365,0.0,0.0,0.0,0.0,0.0,0.0,0.0,1.6291134357452393,1.0596843957901,0.5145173072814941,0.0,0.0,0.0,0.0,0.5368009805679321,0.0,0.0
GSE135851::LAM3:ACTGATGAGATCCGAG-1,GSE135851::LAM3:ACTGATGAGATCCGAG-1,State_16,LAM3,GSE135851,4.965863227844238,2,0.0,far,0.106252484023571,0.1014271825551986,0.062574565410614,0.0629455596208572,1.1095428466796875,0.238431766629219,0.6039472222328186,0.0,1.1707968711853027,0.0,1.9074541330337524,0.6358180642127991,0.0,0.0,0.3123425543308258,0.3123425543308258,1.750795841217041,0.0545826479792594,0.6553128957748413,1.055163860321045,0.0,0.0,0.2744834423065185,0.9702919721603394,0.0,0.0
GSE217108::LAM44:TCAAGTATCGCACACA-1,GSE217108::LAM44:TCAAGTATCGCACACA-1,State_16,LAM44,GSE217108,4.9807963371276855,3,0.0,far,0.1033270433545112,0.0992173328995704,0.0953190848231315,0.0916628837585449,0.1943129450082779,0.0,0.5272142291069031,0.0,0.5181678533554077,0.0,0.0,0.7119986414909363,0.0,0.5272142291069031,0.1413185000419616,0.1941814422607422,0.3883628845214844,0.6643425226211548,0.1413185000419616,0.7446933388710022,0.0,0.0,0.0,0.1295419633388519,0.0,0.0
GSE217108::LAM44:TGGCTATAGCGCTAAT-1,GSE217108::LAM44:TGGCTATAGCGCTAAT-1,State_16,LAM44,GSE217108,5.002227306365967,3,0.0,far,0.1339459270238876,0.1314100176095962,0.1379169225692749,0.1332631856203079,0.1407690048217773,0.2052994668483734,0.3955068290233612,0.5474652647972107,0.3753840029239654,0.0,0.0,0.3753840029239654,0.0,0.3217577338218689,0.1493086963891983,0.2986173927783966,0.4872397482395172,0.7184998989105225,0.503372311592102,0.6921369433403015,0.0,0.0,0.0,0.0938460007309913,0.0,0.0
GSE302356::LAM3:GACGCTGGTCACAGAG-1,GSE302356::LAM3:GACGCTGGTCACAGAG-1,State_16,LAM32,GSE302356,5.006135940551758,3,0.0,far,0.0767194777727127,0.0751277059316635,0.0751154497265815,0.0722282007336616,0.0,0.1620364934206009,0.240899309515953,0.2160486727952957,0.0,0.0,0.0,0.3460497260093689,0.2107868939638137,0.1483070254325866,0.0943771973252296,0.3065991103649139,1.992475152015686,0.1511261761188507,0.2476767599582672,0.0,0.0,0.0,0.0,0.0,0.0925922840833664,0.0
GSE302356::LAM10:CAAGGTAAGGTCCTGA-1,GSE302356::LAM10:CAAGGTAAGGTCCTGA-1,State_16,LAM3,GSE302356,5.01996660232544,2,0.0,far,0.4921687841415405,0.4836563467979431,0.4689517617225647,0.4587991535663605,0.4136894047260284,0.6726034283638,1.3701667785644531,1.0353162288665771,0.2574043273925781,0.0,1.5026659965515137,1.9043351411819456,0.7807422876358032,1.3323190212249756,0.5283015966415405,0.3863449692726135,0.6441535949707031,0.0,0.2447705864906311,1.1039013862609863,0.0,0.0,0.6414345502853394,0.2731277048587799,0.0,0.0514808669686317
GSE190260::LAM1164-2:CTGTGCTGTGGTACAG-1,GSE190260::LAM1164-2:CTGTGCTGTGGTACAG-1,State_16,LAM1164,GSE190260,5.059445858001709,3,0.0,far,0.3244014978408813,0.3171579241752624,0.2116974890232086,0.2129526138305664,2.182816505432129,0.3794988989830017,1.0715250968933103,0.0,3.239222288131714,0.0,3.0359911918640137,1.011997103691101,0.3648630082607269,0.0,0.2759991884231567,0.4932495057582855,1.7757351398468018,0.0,0.0,0.0,0.0,0.0,0.3171406686306,2.068220615386963,0.0,0.0
GSE302356::LAM3:ACCCTCATCCTACCGT-1,GSE302356::LAM3:ACCCTCATCCTACCGT-1,State_16,LAM32,GSE302356,5.064459323883057,3,0.0,far,0.37181356549263,0.3646697402000427,0.235623687505722,0.237020656466484,2.5725631713867188,0.6241217851638794,1.1086483001708984,0.0,3.013727903366089,0.0,3.227595329284668,1.0758650302886963,0.2206723988056183,0.0,0.5170894265174866,0.4052535891532898,1.9507205486297607,0.0,0.0,0.0,0.0,0.0,0.2723248600959778,2.3121957778930664,0.0,0.0
GSE302356::LAM13:CTACAACAGCTAAGTC-1,GSE302356::LAM13:CTACAACAGCTAAGTC-1,State_16,LAM50,GSE302356,5.090005397796631,2,0.0,far,0.4200532138347626,0.4162563681602478,0.3354803323745727,0.3300381898880005,0.76689612865448,0.240190178155899,0.8116704225540161,0.3202535808086395,0.3202535808086395,0.0,0.9607607126235962,1.5736440420150757,0.625142514705658,0.6744188666343689,0.4027980268001556,0.1746837645769119,0.655183732509613,0.0,0.0,0.6005851030349731,0.0,0.0,0.6692727208137512,0.6166990399360657,0.0,0.0
GSE217108::LAM44:GATTGCAGTATTGAGT-1,GSE217108::LAM44:GATTGCAGTATTGAGT-1,State_16,LAM44,GSE217108,5.094355583190918,3,0.0,far,0.1058852970600128,0.1028983369469642,0.1094728857278823,0.1072585135698318,0.1811114102602005,0.362222820520401,0.413968950510025,0.4829637706279754,0.0,0.0,1.448891282081604,0.4829637706279754,0.0,0.2069844752550125,0.2634347677230835,0.3951521813869476,1.3229600191116333,0.2069844752550125,0.5785283446311951,1.0085690021514893,0.0,0.0,0.2634347677230835,0.0,0.0,0.0
GSE190260::LAM1163:CTCTACGGTCTGATCA-1,GSE190260::LAM1163:CTCTACGGTCTGATCA-1,State_16,LAM1163,GSE190260,5.120999813079834,3,0.0,far,0.0440725609660148,0.0408510789275169,0.0506117306649684,0.0483086220920085,0.1646510958671569,0.0,0.3763453662395477,0.0,0.4390695989131927,0.0,0.0,0.4390695989131927,0.0,0.1881726831197738,0.0,0.1197462528944015,2.0364105701446533,0.4192301332950592,0.1197462528944015,0.3293021917343139,0.0,0.0,0.0,0.1097673997282981,0.0,0.0
GSE190260::LAM1158:TGGTTCCTCAACGAAA-1,GSE190260::LAM1158:TGGTTCCTCAACGAAA-1,State_16,LAM1158,GSE190260,5.123843193054199,3,0.0,far,0.0932841598987579,0.0899374857544899,0.0728321000933647,0.070231020450592,0.4560509324073791,0.1918304711580276,0.438469648361206,0.5115479230880737,0.5115479230880737,0.0,0.0,0.0,0.0,0.148096963763237,0.192160353064537,0.3617560863494873,1.8572686910629272,0.0,0.3647980988025665,0.0,0.0,0.0,0.0,0.3040339648723602,0.148096963763237,0.0
GSE302356::LAM3:GATAGAAAGCAAGGAA-1,GSE302356::LAM3:GATAGAAAGCAAGGAA-1,State_16,LAM32,GSE302356,5.140343189239502,3,0.0,far,0.0483058877289295,0.0443544052541255,0.0410786792635917,0.0413222275674343,0.2338114827871322,0.1650775372982025,0.4558731615543365,0.0,0.6234972476959229,0.0,1.32062029838562,0.44020676612854,0.0,0.0,0.2401127815246582,0.2401127815246582,1.7292628288269043,0.7415234446525574,0.2401127815246582,0.0,0.0,0.0,0.0,0.1558743119239807,0.0,0.0
GSE217108::LAM44:CTTTGTCCATAATGTC-1,GSE217108::LAM44:CTTTGTCCATAATGTC-1,State_16,LAM44,GSE217108,5.1774983406066895,3,0.0,far,0.123649887740612,0.121569238603115,0.1149761974811554,0.1133181676268577,0.1479862928390503,0.2959725856781006,0.3382543921470642,0.39463010430336,0.0,0.0,1.1838903427124023,0.39463010430336,0.2886732220649719,0.0,0.2152527868747711,0.1076263934373855,0.7894970774650574,0.084563598036766,0.2152527868747711,1.1514387130737305,0.0,0.0,0.1076263934373855,0.0,0.0,0.0
GSE135851::LAM4:TCATTACAGGTTCCTA-1,GSE135851::LAM4:TCATTACAGGTTCCTA-1,State_16,LAM4,GSE135851,5.180531024932861,3,0.0,far,0.0862483531236648,0.0820124298334121,0.0810448825359344,0.0815253853797912,0.2859945893287658,0.1717648655176162,0.5231536626815796,0.0,0.7626522183418274,1.3741189241409302,0.0,0.45803964138031,0.0,0.1963026970624923,0.0,0.2498397976160049,1.4655117988586426,0.7536347508430481,0.374759703874588,1.4668188095092771,0.137411892414093,0.274823784828186,0.0,0.1906630545854568,0.0,0.0
GSE135851::LAM4:CTTCTCTTCTCCGGTT-1,GSE135851::LAM4:CTTCTCTTCTCCGGTT-1,State_16,LAM4,GSE135851,5.2007575035095215,3,0.0,far,0.0856413692235946,0.0834820494055748,0.0891983434557914,0.0875942632555961,0.0,0.269815057516098,0.3083600699901581,0.7195068001747131,0.0,0.0,0.0,0.0,0.0,0.154180034995079,0.0,0.0,0.8799717426300049,1.6355987787246704,0.7522384524345398,1.9890882968902588,0.0,0.0,0.0981145650148391,0.0899383500218391,0.0,0.0719506815075874
GSE302356::LAM10:GCGCCTTGTTAGCCAA-1,GSE302356::LAM10:GCGCCTTGTTAGCCAA-1,State_16,LAM3,GSE302356,5.2339863777160645,2,0.0,far,0.297646164894104,0.2954867780208587,0.2632334530353546,0.2630188465118408,1.2349225282669067,0.1122858151793479,0.5203713178634644,0.2994288504123688,1.774238348007202,0.0,0.0,0.0,0.5846054553985596,0.4514729976654053,0.3296147584915161,0.0,0.440038800239563,0.0,0.0,3.211855411529541,0.0,0.0,0.205638587474823,1.0645133256912231,0.0,0.0598857663571834
GSE217108::LAM44:AGGGCTACACCTGCTC-1,GSE217108::LAM44:AGGGCTACACCTGCTC-1,State_16,LAM44,GSE217108,5.267861366271973,3,0.0,far,0.1146049797534942,0.1123919486999511,0.124577946960926,0.1253165453672409,0.150002583861351,0.150002583861351,0.3428630530834198,0.0,0.400006890296936,0.0,1.200020670890808,0.400006890296936,0.0,0.0,0.1090927869081497,0.1090927869081497,0.673137366771698,0.7860409021377563,0.1090927869081497,1.0372494459152222,0.0,0.0,0.0,0.100001722574234,0.0,0.0
GSE302356::LAM10:TATGCATCATAATCGT-1,GSE302356::LAM10:TATGCATCATAATCGT-1,State_16,LAM3,GSE302356,5.28507661819458,3,0.0,far,0.6432281136512756,0.6336157917976379,0.5927347540855408,0.5869318842887878,1.299328088760376,0.7626198530197144,1.634670972824097,0.9196025133132936,2.1886472702026367,0.524749755859375,1.492944359779358,1.6983519792556765,0.5897315144538879,0.8839882612228394,0.7419646382331848,0.2145522832870483,0.2385226190090179,0.0,0.0477045252919197,0.2804281413555145,0.0,0.0,0.6285346746444702,1.0611103773117063,0.0,0.0699666365981102
GSE302356::LAM13:ACAACATGTTGCACGG-1,GSE302356::LAM13:ACAACATGTTGCACGG-1,State_16,LAM50,GSE302356,5.3178582191467285,2,0.0,far,0.4064372181892395,0.4034286141395569,0.3627205789089203,0.3565374910831451,0.5499588251113892,0.292958527803421,0.7167518138885498,0.7812227606773376,0.0,0.0,0.0,0.8911981582641602,0.9901233315467834,0.9953165650367736,0.8632135987281799,0.0727681741118431,0.6637036800384521,0.0,0.0727681741118431,0.8442243337631226,0.0800449848175048,0.3551994860172272,0.8303380012512207,0.4623023271560669,0.2537139356136322,0.0
GSE217108::LAM44:GCAATGAAGTAACGGA-1,GSE217108::LAM44:GCAATGAAGTAACGGA-1,State_16,LAM44,GSE217108,5.324524402618408,3,0.0,far,0.135976180434227,0.1346577405929565,0.1358799040317535,0.1343882977962494,0.092669554054737,0.1452985405921936,0.2719635367393493,0.3874627649784088,0.2471188157796859,0.0,0.0,0.0,0.092669554054737,0.2672662138938904,0.0673960372805595,0.3531468510627746,0.7842510938644409,0.5025292634963989,0.6048324108123779,0.8973099589347839,0.1162388324737548,0.0,0.0673960372805595,0.0617797039449214,0.0,0.0
GSE135851::LAM4:ATAACGCAGTACTTGC-1,GSE135851::LAM4:ATAACGCAGTACTTGC-1,State_16,LAM4,GSE135851,5.368144512176514,3,0.0,far,0.0787028595805168,0.074325256049633,0.0828524380922317,0.0796761214733123,0.2319718897342682,0.2319718897342682,0.5302214622497559,0.6185917258262634,0.6185917258262634,0.0,0.0,0.6185917258262634,0.0,0.2651107311248779,0.1687068343162536,0.0,1.2365621328353882,0.4413630366325378,0.5617347359657288,1.5313371419906616,0.0,0.0,0.0,0.1546479314565658,0.0,0.0
GSE302356::LAM4:ATGAAAGTCTTCGTAT-1,GSE302356::LAM4:ATGAAAGTCTTCGTAT-1,State_16,LAM18,GSE302356,5.4748406410217285,3,0.0,far,0.0710000246763229,0.068587452173233,0.0625917464494705,0.0607505179941654,0.41978919506073,0.1399297267198562,0.3198393881320953,0.3731459677219391,0.7462919354438782,0.0,0.0,0.0,0.2798594534397125,0.0,0.1485797315835952,0.1485797315835952,1.857812523841858,0.0,0.4240966737270355,0.4085942804813385,0.0,0.0,0.0,0.2798594534397125,0.1599196940660476,0.0
GSE135851::LAM4:CGACTTCTCTGACCTC-1,GSE135851::LAM4:CGACTTCTCTGACCTC-1,State_16,LAM4,GSE135851,5.548788547515869,3,0.0,far,0.0958330780267715,0.0912324339151382,0.0947658419609069,0.0890912339091301,0.2092114090919494,0.3944561183452606,0.5703563690185547,0.7729344367980957,0.2789485454559326,0.8368456363677979,0.0,0.5578970909118652,0.1607451438903808,0.1195493787527084,0.3593810796737671,0.2424755245447158,1.6913645267486572,0.2114037424325943,0.8195744156837463,2.103800058364868,0.0836845636367797,0.0,0.0760768726468086,0.1394742727279663,0.0,0.0
GSE302356::LAM13:GCACGAACATTGTGGC-1,GSE302356::LAM13:GCACGAACATTGTGGC-1,State_16,LAM50,GSE302356,5.560614109039307,2,0.0,far,0.1588732153177261,0.1586090326309204,0.1752167642116546,0.1762555986642837,0.0814282074570655,0.0814282074570655,0.1861216127872467,0.0,0.2171418815851211,0.0,0.6514256596565247,0.2171418815851211,0.0,0.0930608063936233,0.4818050265312195,0.4282788336277008,0.8593557476997375,0.4038239419460296,0.0947806909680366,0.4303060173988342,0.1974466294050216,0.0,0.0592205114662647,0.0542854703962802,0.0,0.0
GSE217108::LAM44:TGCGATTAGTCAGTAC-1,GSE217108::LAM44:TGCGATTAGTCAGTAC-1,State_16,LAM44,GSE217108,5.563241958618164,2,0.0,far,0.1769217848777771,0.1766844540834427,0.1861557811498642,0.1858663856983184,0.1762252449989318,0.0,0.2014002799987793,0.0,0.4699339866638183,0.0,0.0,0.2349669933319091,0.0881126224994659,0.2014002799987793,0.0640819072723388,0.2294595837593078,1.1725130081176758,0.5872182846069336,0.2289206534624099,0.8774306774139404,0.0704900994896888,0.0,0.0,0.1174834966659545,0.0,0.0469933971762657
GSE302356::LAM13:TTCACTGTCATGGTGT-1,GSE302356::LAM13:TTCACTGTCATGGTGT-1,State_16,LAM50,GSE302356,5.605491638183594,2,0.0,far,0.4549683928489685,0.4520272016525268,0.3926669657230377,0.3863877654075622,0.5329191088676453,0.2497535496950149,0.7583320736885071,0.6660094857215881,0.3176855742931366,0.0,0.0,0.7857463955879211,0.9858063459396362,1.33645498752594,0.6806382536888123,0.0866415202617645,0.7711745500564575,0.0,0.0,1.263211727142334,0.0,0.0,1.0590636730194092,0.3772566616535187,0.0,0.0635371133685112
GSE302356::LAM3:GGTGATTCATAACGGG-1,GSE302356::LAM3:GGTGATTCATAACGGG-1,State_16,LAM32,GSE302356,5.6174798011779785,3,0.0,far,0.0395267568528652,0.0359970033168792,0.0455101504921913,0.0429883040487766,0.0,0.6001336574554443,0.4035955667495727,0.4708614647388458,0.0,0.0,1.41258442401886,0.4708614647388458,0.0,0.0,0.1284167617559433,0.6486473083496094,2.0074894428253174,0.0,1.9118523597717283,0.0,0.0,0.0,0.1796272844076156,0.0,0.0,0.0
GSE217108::LAM44:TGACCTTGTTAATCGG-1,GSE217108::LAM44:TGACCTTGTTAATCGG-1,State_16,LAM44,GSE217108,5.7135114669799805,2,0.0,far,0.1642763316631317,0.163604274392128,0.1764947921037674,0.1759254187345504,0.0,0.1021980643272399,0.2335955798625946,0.0,0.0,0.0,0.8175845146179199,0.5450563430786133,0.0,0.6576239466667175,0.0743258669972419,0.0743258669972419,0.9559988975524902,0.7826069593429565,0.3716293275356293,0.800689160823822,0.0817584544420242,0.0,0.0,0.0,0.0,0.0
GSE302356::LAM4:AACTTCTAGATAGGGA-1,GSE302356::LAM4:AACTTCTAGATAGGGA-1,State_16,LAM18,GSE302356,5.7558207511901855,2,0.0,far,0.0921605452895164,0.0903167277574539,0.0805266723036766,0.0786256119608879,0.096605010330677,0.1504397541284561,0.2823368608951568,0.4011726677417755,0.2576133608818054,0.0,0.0,0.0,0.0,0.0,0.1576423645019531,0.2670530974864959,1.7889577150344849,0.0,0.5415353178977966,0.193210020661354,0.0,0.0,0.0,0.0644033402204513,0.1719311475753784,0.0
GSE302356::LAM13:GTACGTAGTGATGAGG-1,GSE302356::LAM13:GTACGTAGTGATGAGG-1,State_16,LAM50,GSE302356,5.950528621673584,2,0.0,far,0.357992947101593,0.3581421077251434,0.3185748755931854,0.3180938363075256,0.8594782948493958,0.1498912125825882,0.3426084816455841,0.3997098803520202,0.6561987400054932,0.0,0.0,0.0,0.3165745437145233,0.3156293928623199,0.6069214344024658,0.0699514970183372,0.5289261937141418,0.0,0.0,0.2997824251651764,0.0,0.0,0.2761479616165161,0.7435877919197083,0.0,0.0
GSE302356::LAM13:GCACATTAGCGGTTAT-1,GSE302356::LAM13:GCACATTAGCGGTTAT-1,State_16,LAM50,GSE302356,6.558380126953125,3,0.0,far,0.1851886063814163,0.1799709051847458,0.2167310863733291,0.2080091387033462,0.0,0.5262670516967773,0.7233569622039795,1.40337872505188,0.0,0.0,0.0,0.284454196691513,0.1066703200340271,0.336442768573761,0.0,0.1629886627197265,0.4936850070953369,0.7240347266197205,0.2994016408920288,0.3490060269832611,0.0987460613250732,0.0,0.0,0.0429228991270065,0.0,0.0193559937179088
