cell_id,analysis_cell_id,current_state,patient,dataset,analysis_role,nearest_state15_distance,mean_5_nearest_state15_distance,mean_15_nearest_state15_distance,state15_centroid_distance,state15_neighbor_count_k30,state15_neighbor_fraction,state15_distance,distance_to_state15,distance_bin,total_counts,n_genes_by_counts,pct_counts_mt,doublet_score,doublet_predicted,assay,condition,melanocytic,lam_support,myogenic,HOX_PBX_markers,T_NK,endothelial,lymphatic_endothelial,CORE1,CORE2,CORE3,LAM_myogenic,ECM,mTOR_translation,hormone,protease,HOX_PBX,LAMCORE_777,ciliated,AT2,macrophage,fibroblast,mesothelial,pericyte_VSMC,marker_PMEL,marker_MLANA,marker_MITF,marker_VEGFD,marker_CTSK,marker_ESR1,marker_ACTA2,marker_ACTG2,marker_MYH11,marker_NKG7,marker_GNLY,marker_GZMB,marker_CD3D,marker_CD3E
GSE302356::LAM10:AGCCGCTAGAGGATAT-1,GSE302356::LAM10:AGCCGCTAGAGGATAT-1,State_16,LAM3,GSE302356,primary_candidate,1.9238871335983276,2.7112531423568726,3.053051479657491,3.2786145,8,0.26666666666666666,1.9238871335983276,1.9238871335983276,0-10%,2365.0,1427,4.143763213530655,,False,scRNA-seq,LAM,0.5513639450073242,0.5513639450073242,2.274202823638916,0.8270459175109863,0.0,0.0,0.0,1.5933865308761597,0.20676147937774658,0.9797952175140381,1.7136625051498413,0.8639186024665833,0.20424720644950867,0.8463547825813293,0.1503719836473465,0.6415329575538635,0.5023905634880066,0.0,1.1233595609664917,0.300743967294693,1.126240849494934,0.0,1.1424416303634644,0.0,0.0,1.6540918350219727,0.0,0.0,1.6540918350219727,3.550382614135742,0.0,3.272226095199585,0.0,0.0,0.0,0.0,0.0
GSE190260::LAM1163:CATATGGGTATATGAG-1,GSE190260::LAM1163:CATATGGGTATATGAG-1,State_16,LAM1163,GSE190260,primary_candidate,2.352940320968628,2.989658308029175,3.425018326441447,3.5432541,0,0.0,2.352940320968628,2.352940320968628,0-10%,517.0,297,8.51063829787234,,False,scRNA-seq,LAM,0.0,1.4538112878799438,2.680799961090088,0.0,0.0,0.0,0.0,1.7584763765335083,0.5451792478561401,1.246124029159546,2.678717851638794,0.3964940011501312,2.163010835647583,0.0,0.3964940011501312,0.0,0.17183513939380646,0.0,0.7531763315200806,0.3346332907676697,0.0,0.0,1.7858119010925293,0.0,0.0,0.0,0.0,4.361433982849121,0.0,4.361433982849121,3.6809661388397217,0.0,0.0,0.0,0.0,0.0,0.0
GSE190260::LAM1163:ACATACGCACTGTTAG-1,GSE190260::LAM1163:ACATACGCACTGTTAG-1,State_16,LAM1163,GSE190260,primary_candidate,2.3722453117370605,2.9970575332641602,3.3916775703430178,3.6750338,0,0.0,2.3722453117370605,2.3722453117370605,0-10%,663.0,416,4.072398190045249,,False,scRNA-seq,LAM,0.0,1.44539213180542,2.4822208881378174,0.0,0.0,0.0,0.0,2.305201530456543,0.9719376564025879,1.2864397764205933,2.8472235202789307,0.39419785141944885,1.964916706085205,0.0,0.6467215418815613,0.0,0.20613937079906464,0.18518401682376862,0.0,0.5050473213195801,0.25252366065979004,0.0,1.898149013519287,0.0,0.0,0.0,0.0,4.33617639541626,0.0,4.668902397155762,0.0,2.7777602672576904,0.0,0.0,0.0,0.0,0.0
GSE135851::LAM3:CCTTTCTCACAGGTTT-1,GSE135851::LAM3:CCTTTCTCACAGGTTT-1,State_16,LAM3,GSE135851,primary_candidate,2.380699396133423,2.921360969543457,3.3082583427429197,3.5690026,0,0.0,2.380699396133423,2.380699396133423,0-10%,1384.0,748,2.745664739884393,0.014817491868449585,False,scRNA,LAM,0.7024102807044983,2.244577407836914,1.7063668966293335,1.0536154508590698,0.0,0.0,0.0,1.9998422861099243,1.1051204204559326,1.9942948818206787,3.118572235107422,0.6694697141647339,2.0038998126983643,0.0,0.6694697141647339,0.26340386271476746,0.29073721170425415,0.0,1.4303948879241943,0.6320115327835083,0.24887865781784058,0.0,2.0790481567382812,2.1072309017181396,0.0,0.0,2.1072309017181396,4.626501560211182,0.0,5.119100570678711,0.0,0.0,0.0,0.0,0.0,0.0,0.0
GSE190260::LAM1163:TGAGCATCAGACAGGT-1,GSE190260::LAM1163:TGAGCATCAGACAGGT-1,State_16,LAM1163,GSE190260,primary_candidate,2.3833742141723633,2.941102933883667,3.260614840189616,3.3569198,0,0.0,2.3833742141723633,2.3833742141723633,0-10%,627.0,415,2.7113237639553427,,False,scRNA-seq,LAM,0.0,1.4637645483016968,2.5622830390930176,0.0,0.0,0.0,0.0,2.7587997913360596,0.5489116907119751,1.3211337327957153,3.912280321121216,0.39920851588249207,1.7605572938919067,0.0,0.39920851588249207,0.0,0.20861145853996277,0.0,0.0,0.2572915256023407,0.0,0.0,2.608186960220337,0.0,0.0,0.0,0.0,4.391293525695801,0.0,4.856642246246338,0.0,2.8302066326141357,0.0,0.0,0.0,0.0,0.0
GSE190260::LAM1163:TTTGGTTTCAGGCAAG-1,GSE190260::LAM1163:TTTGGTTTCAGGCAAG-1,State_16,LAM1163,GSE190260,primary_candidate,2.3922786712646484,2.9881877422332765,3.380096737543742,3.9796488,2,0.06666666666666667,2.3922786712646484,2.3922786712646484,0-10%,2673.0,1285,3.179947624392069,,False,scRNA-seq,LAM,0.0,1.1438971757888794,2.171509265899658,0.0,0.5558115243911743,0.0,0.0,1.8491237163543701,0.6234954595565796,1.1154637336730957,2.3901727199554443,0.7892917990684509,1.7582588195800781,0.22232460975646973,0.7006943821907043,0.0,0.288445383310318,0.0,0.5344933271408081,0.251851350069046,0.4773198068141937,0.0,1.593448519706726,0.0,0.0,0.0,0.0,3.4316916465759277,0.0,4.376554489135742,0.0,2.1379733085632324,0.0,0.0,0.0,0.0,1.556272268295288
GSE135851::LAM3:TGAGGGAAGGGTTCCC-1,GSE135851::LAM3:TGAGGGAAGGGTTCCC-1,State_16,LAM3,GSE135851,primary_candidate,2.4406912326812744,2.8690935611724853,3.308793640136719,3.65242,0,0.0,2.4406912326812744,2.4406912326812744,0-10%,994.0,490,3.5211267605633805,0.015347137637028016,False,scRNA,LAM,0.8011226058006287,1.0167516469955444,1.9477264881134033,0.0,0.0,0.0,0.0,0.994577944278717,0.6817028522491455,1.2704906463623047,1.724975347518921,0.27729588747024536,2.099477529525757,0.0,0.27729588747024536,0.30042096972465515,0.17631441354751587,0.0,0.9298609495162964,0.43697595596313477,0.0,0.0,1.1499836444854736,2.403367757797241,0.0,0.0,0.0,3.0502548217773438,0.0,3.4398117065429688,2.403367757797241,0.0,0.0,0.0,0.0,0.0,0.0
GSE190260::LAM1163:ACGGGCTGTTCGTGAT-1,GSE190260::LAM1163:ACGGGCTGTTCGTGAT-1,State_16,LAM1163,GSE190260,primary_candidate,2.4964685440063477,2.83479642868042,3.109418185551961,3.0708094,0,0.0,2.4964685440063477,2.4964685440063477,0-10%,938.0,573,3.091684434968017,,False,scRNA-seq,LAM,0.8187494277954102,1.331538200378418,1.331538200378418,0.0,0.1754463016986847,0.0,0.4912496507167816,1.3595311641693115,1.1133888959884644,1.492211103439331,2.22377347946167,1.4334160089492798,1.686820149421692,0.0,0.868766725063324,0.0,0.2608412206172943,0.0,0.0,0.3178173303604126,1.070269227027893,0.3508926033973694,1.482515573501587,2.4562482833862305,0.0,0.0,0.0,3.994614601135254,0.0,3.994614601135254,0.0,0.0,0.0,0.0,0.0,0.0,0.0
GSE135851::LAM3:GCATGCGGTTACTGAC-1,GSE135851::LAM3:GCATGCGGTTACTGAC-1,State_16,LAM3,GSE135851,primary_candidate,2.510892629623413,3.0405697345733644,3.443497975667318,3.7671523,0,0.0,2.510892629623413,2.510892629623413,0-10%,1663.0,790,4.509921828021648,0.013296011196641007,False,scRNA,LAM,0.6492660641670227,2.1308753490448,3.947683334350586,0.0,0.1391284465789795,0.0,0.0,2.765634775161743,1.2860279083251953,1.9603592157363892,3.845235586166382,0.7582204341888428,1.8862451314926147,0.0,0.7582204341888428,0.2434747815132141,0.27752697467803955,0.0,0.8052475452423096,1.1750143766403198,0.17707256972789764,0.0,2.563490390777588,1.947798252105713,0.0,0.0,1.947798252105713,4.444828033447266,0.0,5.382089614868164,3.8939778804779053,2.5669825077056885,0.0,1.947798252105713,0.0,0.0,0.0
GSE302356::LAM10:CGTATTGCAAATTGCT-1,GSE302356::LAM10:CGTATTGCAAATTGCT-1,State_16,LAM3,GSE302356,primary_candidate,2.536205530166626,2.9345206737518312,3.318119525909424,3.771777,0,0.0,2.536205530166626,2.536205530166626,0-10%,7716.0,2937,0.9460860549507517,,False,scRNA-seq,LAM,1.1233137845993042,2.082763671875,3.0558834075927734,0.0,0.0,0.0,0.0,1.9951202869415283,0.8984280228614807,1.9138773679733276,2.6959989070892334,0.4574804902076721,0.5945531725883484,0.9366236925125122,0.2307972013950348,0.7585724592208862,0.6415849328041077,0.11082294583320618,0.7108526229858398,0.14425347745418549,0.370936781167984,0.0,1.797332525253296,0.8311721086502075,0.0,2.538769245147705,1.2787138223648071,2.538769245147705,2.4308083057403564,3.778909206390381,2.309765100479126,3.0789759159088135,0.0,0.0,0.0,0.0,0.0
GSE190260::LAM1163:GAATGAATCGGATGGA-1,GSE190260::LAM1163:GAATGAATCGGATGGA-1,State_16,LAM1163,GSE190260,primary_candidate,2.5381999015808105,2.8905124187469484,3.1680315653483073,3.166436,0,0.0,2.5381999015808105,2.5381999015808105,0-10%,614.0,341,4.723127035830619,,False,scRNA-seq,LAM,1.4706629514694214,1.6996840238571167,1.1712435483932495,0.0,0.0,0.0,0.0,1.7727625370025635,1.1888800859451294,1.8606816530227661,2.2967467308044434,1.2408050298690796,1.6104639768600464,0.0,0.7226350903511047,0.0,0.17934133112430573,0.0,0.0,0.38107937574386597,1.0363397598266602,0.4071334898471832,1.531164526939392,4.411988735198975,0.0,0.0,0.0,5.0990519523620605,0.0,3.513730764389038,0.0,0.0,0.0,0.0,0.0,0.0,0.0
GSE135851::LAM3:ATGCGATCACGAAGCA-1,GSE135851::LAM3:ATGCGATCACGAAGCA-1,State_16,LAM3,GSE135851,primary_candidate,2.569139003753662,2.9554266929626465,3.3196616172790527,3.7314835,1,0.03333333333333333,2.569139003753662,2.569139003753662,0-10%,1615.0,683,5.4489164086687305,0.022055763628797333,False,scRNA,LAM,0.991432249546051,1.4912590980529785,1.555306077003479,0.0,0.14092588424682617,0.0,0.0,1.9512654542922974,1.1776295900344849,1.7305703163146973,2.807314872741699,0.4067070186138153,1.6031326055526733,0.0,0.586067259311676,0.2466202974319458,0.2537277042865753,0.0,1.552170753479004,0.4151831865310669,0.2953750789165497,0.0,1.871543288230896,2.974296808242798,0.0,0.0,0.0,4.4737772941589355,0.0,4.665918350219727,0.0,0.0,0.0,0.0,0.0,0.0,0.0
GSE190260::LAM1163:CCCATACGTGTTTGGT-1,GSE190260::LAM1163:CCCATACGTGTTTGGT-1,State_16,LAM1163,GSE190260,primary_candidate,2.5729546546936035,2.757532739639282,2.8930370966593424,2.8491948,10,0.3333333333333333,2.5729546546936035,2.5729546546936035,0-10%,1483.0,772,5.327039784221173,,False,scRNA-seq,LAM,1.36453378200531,1.1104055643081665,1.2415645122528076,0.0,0.0,0.0,0.4093601107597351,1.908460259437561,1.1839523315429688,1.5927873849868774,2.3928842544555664,0.7319283485412598,1.88300359249115,0.0,0.48891064524650574,0.0,0.28687718510627747,0.0,1.5351004600524902,0.39270955324172974,0.5207796096801758,0.2924000918865204,1.5952562093734741,2.0468006134033203,0.0,2.0468006134033203,0.0,3.33121657371521,0.0,3.724693536758423,0.0,0.0,0.0,0.0,0.0,0.0,0.0
GSE190260::LAM1163:GGAACTTAGCGTTGCC-1,GSE190260::LAM1163:GGAACTTAGCGTTGCC-1,State_16,LAM1163,GSE190260,primary_candidate,2.5757572650909424,3.0574124336242674,3.5230858008066814,3.8794117,1,0.03333333333333333,2.5757572650909424,2.5757572650909424,0-10%,973.0,423,7.913669064748201,,False,scRNA-seq,LAM,0.8076029419898987,1.1534956693649292,1.246761441230774,0.0,0.0,0.0,0.0,1.778755784034729,0.7354120016098022,1.3747972249984741,2.8486669063568115,0.3145897388458252,2.229865550994873,0.0,0.3145897388458252,0.0,0.1592705249786377,0.0,0.6057022213935852,0.3145897388458252,0.0,0.0,1.899111270904541,0.0,0.0,2.422808885574341,0.0,3.460487127304077,0.0,3.7402844429016113,0.0,0.0,0.0,0.0,0.0,0.0,0.0
GSE302356::LAM10:GTGCTTACAATAGCCC-1,GSE302356::LAM10:GTGCTTACAATAGCCC-1,State_16,LAM3,GSE302356,primary_candidate,2.589860677719116,2.979765796661377,3.2783068974812823,3.5753522,0,0.0,2.589860677719116,2.589860677719116,0-10%,4080.0,1913,0.24509803921568626,,False,scRNA-seq,LAM,1.7596526145935059,0.4128861129283905,2.5457603931427,1.5069714784622192,0.0,0.0,0.0,1.641067624092102,0.9695343375205994,1.449855923652649,1.7958998680114746,0.22521060705184937,0.49920544028282166,0.0,0.11260530352592468,0.7549518346786499,0.47288087010383606,0.08257722109556198,0.955756425857544,0.0,0.30557018518447876,0.0,1.1972665786743164,2.3799092769622803,0.0,2.8990485668182373,0.0,1.2386583089828491,0.0,3.6313750743865967,0.0,4.005906105041504,0.0,0.0,0.0,0.0,0.0
GSE190260::LAM1163:AGGGAGTCACTCTGTC-1,GSE190260::LAM1163:AGGGAGTCACTCTGTC-1,State_16,LAM1163,GSE190260,primary_candidate,2.6016321182250977,2.8909306049346926,3.3550535519917806,3.8563435,5,0.16666666666666666,2.6016321182250977,2.6016321182250977,0-10%,1872.0,640,8.012820512820513,,False,scRNA-seq,LAM,0.8194000124931335,0.8194000124931335,1.4351251125335693,0.0,0.0,0.0,0.0,1.6747174263000488,0.614549994468689,0.9662250280380249,2.287456512451172,0.2234727293252945,2.157888412475586,0.0,0.2234727293252945,0.0,0.2272900491952896,0.0,0.0,0.2234727293252945,0.0,0.0,1.5249710083007812,0.0,0.0,2.458199977874756,0.0,2.458199977874756,0.0,1.8471753597259521,0.0,2.458199977874756,0.0,0.0,0.0,0.0,0.0
GSE302356::LAM10:AAGTTTGTCTTGCAGG-1,GSE302356::LAM10:AAGTTTGTCTTGCAGG-1,State_16,LAM3,GSE302356,primary_candidate,2.6100802421569824,2.9183162212371827,3.235963010787964,3.5687203,0,0.0,2.6100802421569824,2.6100802421569824,0-10%,3423.0,1514,0.23371311714869997,,False,scRNA-seq,LAM,1.1668689250946045,1.895678997039795,2.537243604660034,0.6832261681556702,0.0,0.0,0.4557453989982605,1.362673044204712,0.9628168344497681,2.007378578186035,2.1196680068969727,0.4982389509677887,0.0,0.8124338388442993,0.0,0.8745110034942627,0.578240692615509,0.09109681844711304,0.4808002710342407,0.24844586849212646,0.7972983717918396,0.5207399129867554,1.4131120443344116,0.0,0.0,3.5006067752838135,2.278726816177368,0.0,3.4083099365234375,4.864006996154785,0.0,2.7477240562438965,0.0,0.0,0.0,0.0,0.0
GSE302356::LAM10:TGAGGAGGTCGCGCAA-1,GSE302356::LAM10:TGAGGAGGTCGCGCAA-1,State_16,LAM3,GSE302356,primary_candidate,2.6378934383392334,2.84798264503479,3.084433380762736,3.220408,0,0.0,2.6378934383392334,2.6378934383392334,0-10%,4891.0,2256,0.32713146595788184,,False,scRNA-seq,LAM,0.37112006545066833,2.048835039138794,2.5847160816192627,0.0,0.0,0.11133602261543274,0.22267204523086548,1.5889322757720947,0.6618791222572327,1.6607755422592163,2.166640043258667,0.75430828332901,0.5289692878723145,0.6261121034622192,0.5051746368408203,0.8372368216514587,0.5745097994804382,0.0,1.2980130910873413,0.4515627324581146,0.4515627324581146,0.0,1.4444267749786377,0.0,0.0,1.1133601665496826,1.9648321866989136,2.2168405055999756,1.9648321866989136,4.36556339263916,0.0,3.388584852218628,0.0,0.0,0.0,0.0,0.0
GSE302356::LAM10:TGTTGTTTCTGTTGCC-1,GSE302356::LAM10:TGTTGTTTCTGTTGCC-1,State_16,LAM3,GSE302356,primary_candidate,2.6395552158355713,2.8182498931884767,2.968269713719686,3.0789144,0,0.0,2.6395552158355713,2.6395552158355713,0-10%,6209.0,2304,0.11273957158962795,,False,scRNA-seq,LAM,0.48003435134887695,1.4466190338134766,2.3679842948913574,0.0,0.0,0.0,0.0,1.7347017526626587,0.299958735704422,1.3626059293746948,1.870497226715088,0.17446668446063995,0.30538514256477356,1.0437997579574585,0.3023984730243683,0.6692061424255371,0.6110545992851257,0.0,0.9599431753158569,0.17446668446063995,0.46766623854637146,0.20572900772094727,1.2469981908798218,0.0,0.0,1.4401030540466309,0.0,0.0,4.33985710144043,3.758281946182251,0.0,3.3456709384918213,0.0,0.0,0.0,0.0,0.0
GSE302356::LAM10:CTGTGTGAGCCTGGTA-1,GSE302356::LAM10:CTGTGTGAGCCTGGTA-1,State_16,LAM3,GSE302356,primary_candidate,2.640310525894165,2.834041404724121,3.1024113655090333,3.1035318,0,0.0,2.640310525894165,2.640310525894165,0-10%,1425.0,864,0.8421052631578947,,False,scRNA-seq,LAM,0.9034622311592102,0.9034622311592102,1.8171149492263794,0.0,0.0,0.0,0.0,1.4620301723480225,0.3387983441352844,1.2557836771011353,1.8005728721618652,0.0,0.1892392784357071,0.7743961811065674,0.0,0.5990023612976074,0.3818875551223755,0.27755093574523926,1.1980047225952148,0.0,0.0,0.0,1.200381875038147,0.0,0.0,2.7103867530822754,0.0,0.0,2.7103867530822754,3.3697128295898438,0.0,2.081632137298584,0.0,0.0,0.0,0.0,0.0
GSE302356::LAM4:CCCGAAGGTATGGAAT-1,GSE302356::LAM4:CCCGAAGGTATGGAAT-1,State_16,LAM18,GSE302356,primary_candidate,2.6544318199157715,2.9356561660766602,3.3030417283376057,3.5956686,3,0.1,2.6544318199157715,2.6544318199157715,0-10%,1130.0,667,7.433628318584071,,False,scRNA-seq,LAM,0.0,1.4246116876602173,2.5637266635894775,0.0,0.0,0.0,0.0,2.539313554763794,0.8201577067375183,1.3825125694274902,3.1335599422454834,0.8044261932373047,0.7624551653862,0.0,0.8627034425735474,0.28592830896377563,0.25504258275032043,0.0,0.0,0.474172979593277,0.5093982815742493,0.0,2.0890400409698486,0.0,0.0,0.0,0.0,4.273835182189941,0.0,5.403753280639648,2.287426471710205,0.0,0.0,0.0,0.0,0.0,0.0
GSE302356::LAM10:GGTCCGTAGCTTGCTC-1,GSE302356::LAM10:GGTCCGTAGCTTGCTC-1,State_16,LAM3,GSE302356,primary_candidate,2.7072625160217285,2.888570499420166,3.0859777132670083,3.2024086,0,0.0,2.7072625160217285,2.7072625160217285,0-10%,1491.0,875,0.2012072434607646,,False,scRNA-seq,LAM,0.8893957138061523,1.3614113330841064,1.709320068359375,0.0,0.0,0.20421171188354492,0.0,1.124760627746582,0.5887880325317383,1.6971973180770874,1.8801559209823608,0.79950350522995,0.0,0.29173099994659424,0.556941032409668,0.33352339267730713,0.35174599289894104,0.13614113628864288,0.9298609495162964,0.0,0.42820948362350464,0.0,1.2534372806549072,0.0,0.0,2.668187141418457,0.0,2.042117118835449,2.042117118835449,5.127960205078125,0.0,0.0,0.0,0.0,0.0,0.0,0.0
GSE135851::LAM1:TGCCCTAGTCCATGAT-1,GSE135851::LAM1:TGCCCTAGTCCATGAT-1,State_16,LAM1,GSE135851,primary_candidate,2.7340962886810303,2.9617636680603026,3.549504868189494,4.249111,5,0.16666666666666666,2.7340962886810303,2.7340962886810303,0-10%,2885.0,926,10.571923743500866,0.0721336370539104,False,scRNA,LAM,0.0,1.3985120058059692,3.108894109725952,0.0,0.0,0.0,0.0,2.485886573791504,0.33737465739250183,1.2203810214996338,3.6606523990631104,0.3814123868942261,2.047921895980835,0.21379126608371735,0.517461359500885,0.18706735968589783,0.3018938899040222,0.0,0.6083729267120361,0.5441959500312805,0.27209797501564026,0.0,2.4404349327087402,0.0,0.0,0.0,0.0,2.6989972591400146,1.4965388774871826,4.34713077545166,2.0709567070007324,2.908594846725464,0.0,0.0,0.0,0.0,0.0
GSE190260::LAM1163:GAATGAAGTACTCGCG-1,GSE190260::LAM1163:GAATGAAGTACTCGCG-1,State_16,LAM1163,GSE190260,primary_candidate,2.740459680557251,2.882804298400879,3.104784599939982,2.8449945,0,0.0,2.740459680557251,2.740459680557251,0-10%,596.0,351,4.865771812080537,,False,scRNA-seq,LAM,0.9593303799629211,2.594985008239746,1.7699869871139526,0.0,0.0,0.0,0.0,1.1065715551376343,1.3328683376312256,2.281843900680542,1.466320514678955,1.6134699583053589,1.7456285953521729,0.41114160418510437,0.7077232003211975,0.0,0.1579020619392395,0.0,1.0552960634231567,0.26163557171821594,1.4894379377365112,0.0,0.9775469899177551,2.877991199493408,0.0,0.0,0.0,4.90696382522583,2.877991199493408,5.309960842132568,0.0,0.0,0.0,0.0,0.0,0.0,0.0
GSE135851::LAM3:TAGTTGGGTCTCTTAT-1,GSE135851::LAM3:TAGTTGGGTCTCTTAT-1,State_16,LAM3,GSE135851,primary_candidate,2.7502541542053223,3.128197526931763,3.4113797346750894,3.4357693,0,0.0,2.7502541542053223,2.7502541542053223,0-10%,788.0,475,5.456852791878172,0.01818181818181818,False,scRNA,LAM,0.0,1.090877652168274,1.315548300743103,1.3083457946777344,0.0,0.0,0.0,1.5805401802062988,0.4090791344642639,1.0313254594802856,2.532825469970703,0.5353931784629822,1.7968504428863525,0.0,0.29751208424568176,0.0,0.13824941217899323,0.0,1.0864124298095703,1.0707863569259644,0.0,0.0,1.688550353050232,0.0,0.0,0.0,0.0,3.2726330757141113,0.0,3.9466450214385986,0.0,0.0,0.0,0.0,0.0,0.0,0.0
GSE302356::LAM4:CGGGTGTTCAAACCCA-1,GSE302356::LAM4:CGGGTGTTCAAACCCA-1,State_16,LAM18,GSE302356,primary_candidate,2.750612258911133,3.1516071796417235,3.498759953180949,3.6870055,0,0.0,2.750612258911133,2.750612258911133,0-10%,532.0,370,6.578947368421052,,False,scRNA-seq,LAM,0.0,1.2176988124847412,1.7788056135177612,0.0,0.0,0.0,0.0,1.7072954177856445,0.8298283219337463,1.2842161655426025,2.276510238647461,0.33209967613220215,1.2430949211120605,0.0,0.33209967613220215,0.0,0.13922038674354553,0.0,0.7463825345039368,0.27141180634498596,0.0,0.0,1.5176734924316406,0.0,0.0,0.0,0.0,3.6530964374542236,0.0,5.336416721343994,0.0,0.0,0.0,0.0,0.0,0.0,0.0
GSE302356::LAM3:CGGTCAGGTGCCTGAC-1,GSE302356::LAM3:CGGTCAGGTGCCTGAC-1,State_16,LAM32,GSE302356,primary_candidate,2.769587993621826,3.208709383010864,3.6410061995188396,3.9189131,0,0.0,2.769587993621826,2.769587993621826,0-10%,532.0,360,3.3834586466165413,,False,scRNA-seq,LAM,0.0,0.9951766729354858,1.3499623537063599,0.0,0.0,0.0,0.0,1.639671802520752,0.3731912672519684,1.0050595998764038,2.4695000648498535,0.27141180634498596,1.0856472253799438,0.0,0.27141180634498596,0.0,0.16139987111091614,0.0,0.0,0.0,0.0,0.0,1.6463334560394287,0.0,0.0,0.0,0.0,2.985530138015747,0.0,4.049887180328369,0.0,0.0,0.0,0.0,0.0,0.0,0.0
GSE302356::LAM10:GATAATCGTGTTTGCT-1,GSE302356::LAM10:GATAATCGTGTTTGCT-1,State_16,LAM3,GSE302356,primary_candidate,2.7759969234466553,3.059598112106323,3.41770289738973,3.5949576,3,0.1,2.7759969234466553,2.7759969234466553,0-10%,1609.0,1084,4.101926662523306,,False,scRNA-seq,LAM,0.6587225794792175,1.084234595298767,2.8271915912628174,0.0,0.0,0.1976167857646942,0.3952335715293884,1.4723379611968994,0.24702097475528717,1.0292912721633911,2.04404616355896,0.4753519594669342,0.7186064720153809,0.46467193961143494,0.0,0.37222862243652344,0.4191007912158966,0.0,1.4053406715393066,0.0,0.655003547668457,0.0,1.3626973628997803,0.0,0.0,1.9761677980422974,0.0,0.0,3.2527036666870117,1.9761677980422974,3.2527036666870117,3.2527036666870117,0.0,0.0,0.0,0.0,0.0
GSE190260::LAM1163:GTTCTCGCACGGCGTT-1,GSE190260::LAM1163:GTTCTCGCACGGCGTT-1,State_16,LAM1163,GSE190260,primary_candidate,2.813210964202881,3.2907072067260743,3.7108612855275473,3.9297447,0,0.0,2.813210964202881,2.813210964202881,0-10%,884.0,483,3.167420814479638,,False,scRNA-seq,LAM,0.0,0.8368639945983887,2.1148762702941895,0.0,0.0,0.0,0.0,1.8649187088012695,0.31382399797439575,0.9063755869865417,2.8438868522644043,0.2282356321811676,1.719157099723816,0.0,0.4564712643623352,0.0,0.21026185154914856,0.0,0.0,0.2874801456928253,0.2282356321811676,0.0,1.8959245681762695,0.0,0.0,0.0,0.0,2.510591983795166,0.0,3.8340370655059814,0.0,2.510591983795166,0.0,0.0,0.0,0.0,0.0
GSE190260::LAM1163:TGTTCCGTCCAGATCA-1,GSE190260::LAM1163:TGTTCCGTCCAGATCA-1,State_16,LAM1163,GSE190260,primary_candidate,2.8147361278533936,3.177808666229248,3.5220791339874267,3.7754312,0,0.0,2.8147361278533936,2.8147361278533936,0-10%,2077.0,725,2.5036109773712085,,False,scRNA-seq,LAM,0.0,1.0739330053329468,1.225577712059021,0.8801891803741455,0.0,0.0,0.0,1.6105444431304932,0.6227721571922302,0.9855045676231384,2.0538957118988037,0.612959623336792,2.351757049560547,0.0,0.612959623336792,0.0,0.22351370751857758,0.0,1.8085054159164429,0.214873805642128,0.4088720977306366,0.0,1.369263768196106,0.0,0.0,0.0,0.0,3.221798896789551,0.0,3.6767332553863525,0.0,0.0,0.0,0.0,0.0,0.0,0.0
GSE302356::LAM3:ATGGGAGCACATAGCT-1,GSE302356::LAM3:ATGGGAGCACATAGCT-1,State_16,LAM32,GSE302356,primary_candidate,2.817821979522705,3.221065950393677,3.548509216308594,3.6926901,0,0.0,2.817821979522705,2.817821979522705,0-10%,515.0,365,6.990291262135922,,False,scRNA-seq,LAM,1.005463719367981,0.0,2.9512829780578613,0.0,0.2154565155506134,0.0,0.0,1.910461664199829,0.37704890966415405,1.1693564653396606,2.287510633468628,0.2742173671722412,1.4926056861877441,0.0,0.0,0.37704890966415405,0.20497038960456848,0.0,0.0,0.5484347343444824,0.5484347343444824,0.0,1.5250070095062256,3.0163912773132324,0.0,0.0,0.0,0.0,0.0,5.169104099273682,3.6847445964813232,0.0,0.0,3.0163912773132324,0.0,0.0,0.0
GSE135851::LAM3:GTAGGCCCATGTCCTC-1,GSE135851::LAM3:GTAGGCCCATGTCCTC-1,State_16,LAM3,GSE135851,primary_candidate,2.818415403366089,2.9025338649749757,3.0959879875183107,3.444854,0,0.0,2.818415403366089,2.818415403366089,0-10%,1071.0,580,2.8944911297852474,0.02004811547714515,False,scRNA,LAM,0.7785787582397461,1.7716803550720215,1.4422441720962524,0.0,0.0,0.0,0.0,1.369093418121338,1.2483141422271729,1.7110728025436401,1.8249320983886719,0.9078648686408997,1.8015390634536743,0.0,0.9078648686408997,0.0,0.22147062420845032,0.0,1.7109822034835815,0.6370189785957336,0.6955252289772034,0.0,1.2166213989257812,0.0,0.0,2.3357362747192383,2.3357362747192383,2.979304790496826,0.0,4.326732635498047,0.0,0.0,0.0,0.0,0.0,0.0,0.0
GSE190260::LAM1163:CTCAGAATCTATCCCG-1,GSE190260::LAM1163:CTCAGAATCTATCCCG-1,State_16,LAM1163,GSE190260,primary_candidate,2.8209431171417236,3.2687655448913575,3.6738319555918375,4.3853426,0,0.0,2.8209431171417236,2.8209431171417236,0-10%,2608.0,1089,7.4003067484662575,,False,scRNA-seq,LAM,0.5252493023872375,0.0,1.2451560497283936,0.0,0.6914587020874023,0.0,0.0,1.1916513442993164,0.19696848094463348,0.5336382985115051,1.8107987642288208,0.14324980974197388,2.093001127243042,0.0,0.14324980974197388,0.0,0.13163401186466217,0.0,0.5399300456047058,0.42974939942359924,0.14324980974197388,0.0,1.2071990966796875,1.5757478475570679,0.0,0.0,0.0,0.0,0.0,2.1597201824188232,0.0,1.5757478475570679,2.1597201824188232,0.0,0.0,0.0,1.5757478475570679
GSE302356::LAM10:ACGGGAAGTTAATGCG-1,GSE302356::LAM10:ACGGGAAGTTAATGCG-1,State_16,LAM3,GSE302356,primary_candidate,2.8374955654144287,3.0336962223052977,3.2284303824106853,3.3699317,0,0.0,2.8374955654144287,2.8374955654144287,0-10%,4734.0,2210,0.33798056611744826,,False,scRNA-seq,LAM,0.9615821242332458,1.7665883302688599,2.6412720680236816,0.5676935911178589,0.08109908550977707,0.1135387271642685,0.0,1.3390763998031616,1.0971332788467407,1.7268848419189453,1.9525151252746582,1.0984052419662476,0.4106125235557556,0.7571092844009399,0.4908282160758972,0.8269091248512268,0.6239875555038452,0.0,1.0252807140350342,0.23777419328689575,0.9149725437164307,0.0,1.3016767501831055,0.0,0.0,2.8847463130950928,1.6534082889556885,1.9929485321044922,1.6534082889556885,3.9036824703216553,1.1353871822357178,2.8847463130950928,0.0,0.0,0.0,0.0,0.0
GSE302356::LAM10:GCTCTGGCAAAGCGGC-1,GSE302356::LAM10:GCTCTGGCAAAGCGGC-1,State_16,LAM3,GSE302356,primary_candidate,2.8395509719848633,3.395340585708618,3.7252426147460938,3.997354,0,0.0,2.8395509719848633,2.8395509719848633,0-10%,5432.0,2519,0.6075110456553755,,False,scRNA-seq,LAM,0.6251026391983032,1.8511985540390015,2.4306483268737793,0.0,0.0,0.0,0.0,1.176981806755066,0.6884100437164307,1.654484510421753,1.8038272857666016,0.7585198879241943,0.7511886358261108,0.9121096730232239,0.14033643901348114,0.8608688712120056,0.6056835651397705,0.0,2.3342409133911133,0.18984289467334747,0.618183434009552,0.0,1.2895628213882446,0.0,0.0,1.8753079175949097,1.0441359281539917,1.5437008142471313,2.965758800506592,4.1524882316589355,0.0,3.139456272125244,0.0,0.0,0.0,0.0,0.0
GSE302356::LAM10:GGCTTAAGTCATTGAG-1,GSE302356::LAM10:GGCTTAAGTCATTGAG-1,State_16,LAM3,GSE302356,primary_candidate,2.8430709838867188,3.128532886505127,3.481030082702637,3.6485689,0,0.0,2.8430709838867188,2.8430709838867188,0-10%,761.0,573,0.2628120893561104,,False,scRNA-seq,LAM,0.88301682472229,0.88301682472229,1.3269492387771606,0.0,0.0,0.26490503549575806,0.0,0.8287372589111328,0.33113130927085876,0.7568715214729309,1.2911584377288818,0.24082276225090027,0.48164552450180054,0.37843576073646545,0.24082276225090027,0.7935525178909302,0.3330495357513428,0.0,1.4888120889663696,0.48164552450180054,0.0,0.0,0.8607723116874695,0.0,0.0,2.64905047416687,0.0,0.0,2.64905047416687,0.0,0.0,3.9808475971221924,0.0,0.0,0.0,0.0,0.0
GSE302356::LAM10:GTGGCTTCAATTTAGC-1,GSE302356::LAM10:GTGGCTTCAATTTAGC-1,State_16,LAM3,GSE302356,primary_candidate,2.84420108795166,3.238312530517578,3.498364734649658,3.7455306,0,0.0,2.84420108795166,2.84420108795166,0-10%,7422.0,2749,0.12126111560226355,,False,scRNA-seq,LAM,0.966421365737915,1.8246225118637085,2.178372859954834,0.6534485220909119,0.0,0.0,0.0,1.9623957872390747,0.7248160243034363,1.7027714252471924,2.140779495239258,0.4703317880630493,0.5120573043823242,0.9723153710365295,0.23271414637565613,0.821290910243988,0.604153573513031,0.0,0.8569721579551697,0.3515229821205139,0.4703317880630493,0.0,1.427186369895935,0.8532851934432983,0.0,2.0459790229797363,2.0459790229797363,0.8532851934432983,2.57460355758667,3.5462682247161865,0.0,2.9888505935668945,0.0,0.0,0.0,0.0,0.0
GSE190260::LAM1163:GCAGCCACAGGTTTCA-1,GSE190260::LAM1163:GCAGCCACAGGTTTCA-1,State_16,LAM1163,GSE190260,primary_candidate,2.871548891067505,3.094369983673096,3.380120786031087,3.3654327,0,0.0,2.871548891067505,2.871548891067505,0-10%,601.0,383,7.820299500831947,,False,scRNA-seq,LAM,0.9567028880119324,1.4043177366256714,1.4777106046676636,0.0,0.0,0.0,0.0,1.9504930973052979,0.8853827118873596,1.6451704502105713,2.5046346187591553,0.6439146995544434,1.523042917251587,0.0,0.6439146995544434,0.0,0.23649685084819794,0.0,0.0,0.43329134583473206,0.2609189748764038,0.0,1.6697564125061035,2.8701086044311523,0.0,0.0,0.0,4.212953090667725,0.0,4.433131694793701,0.0,0.0,0.0,0.0,0.0,0.0,0.0
GSE135851::LAM3:TTGACTTGTAGCGCAA-1,GSE135851::LAM3:TTGACTTGTAGCGCAA-1,State_16,LAM3,GSE135851,primary_candidate,2.884469747543335,3.02929949760437,3.2815426031748456,3.3866532,4,0.13333333333333333,2.884469747543335,2.884469747543335,0-10%,3695.0,1095,3.4641407307171854,0.032857616993030206,False,scRNA,LAM,0.0,1.4927946329116821,2.8662054538726807,1.2351264953613281,0.0,0.0,0.0,1.5716736316680908,0.6283271312713623,1.2742606401443481,2.335817813873291,0.5262212753295898,0.8303158283233643,0.3743000626564026,0.5760607123374939,0.16375628113746643,0.2876768112182617,0.08733668178319931,1.8796827793121338,0.8006291389465332,0.3572864234447479,0.0,1.5572117567062378,0.0,0.0,0.0,1.3100502490997314,1.858283519744873,1.3100502490997314,4.441440582275391,1.3100502490997314,2.84712553024292,0.0,0.0,0.0,0.0,0.0
GSE302356::LAM10:AGGTGAGGTTGAAGCC-1,GSE302356::LAM10:AGGTGAGGTTGAAGCC-1,State_16,LAM3,GSE302356,primary_candidate,2.896688222885132,3.0980850219726563,3.3484273115793863,3.501196,0,0.0,2.896688222885132,2.896688222885132,0-10%,1467.0,962,0.47716428084526247,,False,scRNA-seq,LAM,0.0,1.0219066143035889,2.2078137397766113,0.0,0.0,0.0,0.0,1.0849618911743164,0.0,0.8759199380874634,1.4681768417358398,0.0,0.0,0.7317105531692505,0.0,0.3832149803638458,0.36410999298095703,0.13708359003067017,0.8354195952415466,0.18693216145038605,0.0,0.0,0.9787845611572266,0.0,0.0,0.0,0.0,0.0,3.0657198429107666,3.0657198429107666,0.0,3.5577213764190674,0.0,0.0,0.0,0.0,0.0
GSE302356::LAM10:GTCTAATCACAGGGAC-1,GSE302356::LAM10:GTCTAATCACAGGGAC-1,State_16,LAM3,GSE302356,primary_candidate,2.9011638164520264,3.020234251022339,3.182322708765666,3.1909297,0,0.0,2.9011638164520264,2.9011638164520264,0-10%,13174.0,4292,1.0475178381660848,,False,scRNA-seq,LAM,0.7451176047325134,2.006932020187378,2.260387897491455,0.2823928892612457,0.0,0.0,0.2373986542224884,1.8635543584823608,0.7428421974182129,1.6910524368286133,2.550299882888794,0.8556090593338013,0.5140177607536316,0.9937484860420227,0.6555402874946594,0.5449988842010498,0.655850887298584,0.037652384489774704,1.6681830883026123,0.3458974361419678,0.6264826059341431,0.1695704609155655,1.7001999616622925,0.0,0.0,2.2353527545928955,0.9235212206840515,2.7838635444641113,2.313411235809326,3.5812180042266846,0.0,3.1999456882476807,0.0,0.0,0.0,0.0,0.0
GSE302356::LAM10:GTCTTGCTCATCCTAT-1,GSE302356::LAM10:GTCTTGCTCATCCTAT-1,State_16,LAM3,GSE302356,primary_candidate,2.9037559032440186,3.032396936416626,3.327643950780233,3.588711,0,0.0,2.9037559032440186,2.9037559032440186,0-10%,5865.0,2465,0.5115089514066496,,False,scRNA-seq,LAM,1.5388842821121216,2.5824522972106934,2.61102294921875,0.4975564777851105,0.0,0.0,0.0,1.561423897743225,1.498584508895874,2.2600040435791016,1.9905694723129272,0.9173533916473389,0.7221218943595886,1.1437830924987793,0.6919896602630615,0.6873311400413513,0.6546686887741089,0.0663408637046814,1.0153300762176514,0.18092963099479675,0.6919896602630615,0.0,1.3270463943481445,2.056699752807617,0.0,2.559952974319458,1.810759425163269,3.1426591873168945,2.793938398361206,3.4560182094573975,1.4838882684707642,2.893162250518799,0.0,0.0,0.0,0.0,0.0
GSE190260::LAM1163:TAGTGGTTCAACACCA-1,GSE190260::LAM1163:TAGTGGTTCAACACCA-1,State_16,LAM1163,GSE190260,primary_candidate,2.9055817127227783,3.2028339862823487,3.562942870457967,3.6105912,0,0.0,2.9055817127227783,2.9055817127227783,0-10%,550.0,356,6.909090909090909,,False,scRNA-seq,LAM,0.9846542477607727,2.418111801147461,1.2068992853164673,0.0,0.0,0.0,0.0,1.3593791723251343,1.2760372161865234,1.9755709171295166,1.947042465209961,0.3909429609775543,1.1347805261611938,0.0,0.6594850420951843,0.36924535036087036,0.13683968782424927,0.0,0.9051744937896729,0.3652001619338989,0.0,0.0,1.2980283498764038,2.953962802886963,0.0,0.0,2.953962802886963,4.30037260055542,0.0,3.6206979751586914,0.0,0.0,0.0,0.0,0.0,0.0,0.0
GSE302356::LAM10:GGATAACCATTGCGGT-1,GSE302356::LAM10:GGATAACCATTGCGGT-1,State_16,LAM3,GSE302356,primary_candidate,2.9122962951660156,3.165695571899414,3.331551996866862,3.5703206,0,0.0,2.9122962951660156,2.9122962951660156,0-10%,4583.0,1889,0.19637791839406502,,False,scRNA-seq,LAM,0.3858342170715332,1.6328823566436768,2.4700896739959717,0.5787513256072998,0.08267876505851746,0.0,0.0,1.1362463235855103,0.5646131634712219,1.4211487770080566,1.5587246417999268,0.7160279750823975,0.5468831658363342,1.220367431640625,0.25792762637138367,0.8168982863426208,0.572374701499939,0.0771668404340744,1.2340970039367676,0.1052275151014328,0.5633279085159302,0.0,1.0391497611999512,0.0,0.0,1.1575026512145996,0.0,1.679701328277588,3.2189457416534424,3.8918914794921875,0.0,3.5183773040771484,0.0,0.0,0.0,0.0,0.0
GSE302356::LAM10:GCTGTAAGTTTGAGGC-1,GSE302356::LAM10:GCTGTAAGTTTGAGGC-1,State_16,LAM3,GSE302356,primary_candidate,2.9250049591064453,3.325463056564331,3.568260828653971,3.8945944,0,0.0,2.9250049591064453,2.9250049591064453,0-10%,3479.0,1601,0.0862316757688991,,False,scRNA-seq,LAM,0.45146268606185913,1.5393792390823364,1.852186918258667,0.0,0.0,0.13543879985809326,0.2708775997161865,1.1468902826309204,0.5772671699523926,1.37424635887146,1.52764093875885,0.17357832193374634,0.17357832193374634,0.840946614742279,0.29670450091362,1.1171101331710815,0.5349206924438477,0.0,0.47734037041664124,0.12312618643045425,0.0,0.0,1.0184272527694702,0.0,0.0,1.3543879985809326,1.3543879985809326,1.909361481666565,1.3543879985809326,3.6471991539001465,0.0,1.909361481666565,0.0,0.0,0.0,0.0,0.0
GSE135851::LAM3:GATGCTAAGAGCCCAA-1,GSE135851::LAM3:GATGCTAAGAGCCCAA-1,State_16,LAM3,GSE135851,primary_candidate,2.936741590499878,3.2797794342041016,3.684133450190226,3.8871026,0,0.0,2.936741590499878,2.936741590499878,0-10%,700.0,342,15.0,0.02422145328719723,False,scRNA,LAM,0.0,0.9089729189872742,1.8179458379745483,0.0,0.0,0.0,0.0,1.1050807237625122,0.3408648371696472,0.779119610786438,1.6629080772399902,0.24790169298648834,2.008087396621704,0.0,0.24790169298648834,0.0,0.08455494046211243,0.0,0.0,0.9916067719459534,0.24790169298648834,0.0,1.1086053848266602,0.0,0.0,0.0,0.0,2.7269186973571777,0.0,2.7269186973571777,0.0,2.7269186973571777,0.0,0.0,0.0,0.0,0.0
GSE302356::LAM10:CCGGTTAAGAGGAAGG-1,GSE302356::LAM10:CCGGTTAAGAGGAAGG-1,State_16,LAM3,GSE302356,primary_candidate,2.943906545639038,3.3559101104736326,3.5482190608978272,3.6582565,0,0.0,2.943906545639038,2.943906545639038,0-10%,3725.0,1869,0.10738255033557047,,False,scRNA-seq,LAM,0.8209510445594788,1.8790302276611328,2.887169122695923,0.0,0.0,0.0,0.0,1.9267234802246094,0.47087565064430237,1.830011248588562,2.315311908721924,0.5927964448928833,0.6425518989562988,0.9337301850318909,0.23711857199668884,0.7462722063064575,0.5608620643615723,0.0,0.4628656208515167,0.23711857199668884,0.35567784309387207,0.0,1.5435413122177124,0.0,0.0,2.462853193283081,0.0,1.3041521310806274,4.3329386711120605,4.710134506225586,0.0,3.9513728618621826,0.0,0.0,0.0,0.0,0.0
GSE302356::LAM10:GGACCGAAGGTCCTAG-1,GSE302356::LAM10:GGACCGAAGGTCCTAG-1,State_16,LAM3,GSE302356,primary_candidate,2.9461658000946045,3.143044090270996,3.2786778608957925,3.5905473,0,0.0,2.9461658000946045,2.9461658000946045,0-10%,7237.0,2643,0.08290728202293768,,False,scRNA-seq,LAM,1.271597146987915,1.98790442943573,2.2280611991882324,0.8678514957427979,0.0,0.0,0.0,1.4896783828735352,1.0521674156188965,1.9539567232131958,1.9979842901229858,0.8167696595191956,0.23668676614761353,1.0511547327041626,0.5889562368392944,1.2033132314682007,0.645011305809021,0.0,0.9578292965888977,0.2782793343067169,0.5093469023704529,0.0,1.4043104648590088,1.3253695964813232,0.0,2.489421844482422,0.8678514957427979,2.866844654083252,2.2290170192718506,3.8991925716400146,0.0,2.7849907875061035,0.0,0.0,0.0,0.0,0.0
GSE302356::LAM10:AGCAATACACGAATTT-1,GSE302356::LAM10:AGCAATACACGAATTT-1,State_16,LAM3,GSE302356,primary_candidate,2.9591782093048096,3.191138172149658,3.399420468012492,3.5352852,1,0.03333333333333333,2.9591782093048096,2.9591782093048096,0-10%,2754.0,1392,0.32679738562091504,,False,scRNA-seq,LAM,0.9841950535774231,2.541248321533203,1.6880905628204346,0.0,0.0,0.0,0.0,0.6330339908599854,0.7522707581520081,1.9327021837234497,1.016231656074524,0.2786891758441925,0.41803377866744995,1.223846435546875,0.5037774443626404,1.1156412363052368,0.46115779876708984,0.10218603909015656,0.685602068901062,0.13934458792209625,0.2786891758441925,0.0,0.6774877309799194,0.0,0.0,2.952585220336914,1.5327905416488647,1.5327905416488647,4.558163642883301,2.952585220336914,0.0,2.1116864681243896,0.0,0.0,0.0,0.0,0.0
GSE135851::LAM3:TGAGGGACATCGGAAG-1,GSE135851::LAM3:TGAGGGACATCGGAAG-1,State_16,LAM3,GSE135851,primary_candidate,2.9633612632751465,3.2897440910339357,3.6058441321055095,3.9691265,0,0.0,2.9633612632751465,2.9633612632751465,0-10%,896.0,532,2.455357142857143,0.015347137637028016,False,scRNA,LAM,0.0,1.346533179283142,1.5398435592651367,0.0,0.0,0.0,0.0,1.895145297050476,0.5049499273300171,1.2370185852050781,2.5273749828338623,0.8214564323425293,1.7105062007904053,0.0,0.8214564323425293,0.0,0.2117738425731659,0.16654737293720245,0.7873431444168091,1.4574086666107178,0.22711005806922913,0.0,1.684916615486145,0.0,0.0,0.0,0.0,4.039599418640137,0.0,4.61953067779541,0.0,0.0,0.0,0.0,0.0,0.0,0.0
GSE190260::LAM1163:AGCCTAAAGGAATGGA-1,GSE190260::LAM1163:AGCCTAAAGGAATGGA-1,State_16,LAM1163,GSE190260,primary_candidate,2.9668662548065186,3.1905965328216555,3.4387398878733317,3.4800816,0,0.0,2.9668662548065186,2.9668662548065186,0-10%,1362.0,781,0.5873715124816447,,False,scRNA-seq,LAM,1.1378027200698853,1.5230008363723755,1.7768959999084473,0.0,0.0,0.0,0.4242640435695648,2.0899133682250977,0.9978013634681702,1.9018713235855103,3.091627359390259,0.9507550001144409,2.0447051525115967,0.0,0.8933604955673218,0.0,0.3818272650241852,0.0,1.2184948921203613,0.3823523223400116,0.8304784893989563,0.30304574966430664,2.061084747314453,3.4134082794189453,0.0,0.0,0.0,4.569002628326416,0.0,5.330687999725342,0.0,0.0,0.0,0.0,0.0,0.0,0.0
GSE302356::LAM10:CAGGATGCAATAATGG-1,GSE302356::LAM10:CAGGATGCAATAATGG-1,State_16,LAM3,GSE302356,primary_candidate,2.969353437423706,3.121546411514282,3.291329924265544,3.255311,0,0.0,2.969353437423706,2.969353437423706,0-10%,805.0,637,0.4968944099378882,,False,scRNA-seq,LAM,0.8656406402587891,1.7312812805175781,0.8656406402587891,0.0,0.18549442291259766,0.0,0.0,1.2984609603881836,0.9738457202911377,1.4839553833007812,1.2984609603881836,0.23608382046222687,0.0,0.3709888458251953,0.47216764092445374,0.4555737376213074,0.3801375925540924,0.0,2.543403387069702,0.23608382046222687,0.0,0.0,0.8656406402587891,0.0,0.0,2.596921920776367,0.0,2.596921920776367,2.596921920776367,2.596921920776367,0.0,0.0,0.0,0.0,0.0,0.0,0.0
GSE302356::LAM10:GATCACTAGACAGGCG-1,GSE302356::LAM10:GATCACTAGACAGGCG-1,State_16,LAM3,GSE302356,primary_candidate,2.9730639457702637,3.265421724319458,3.4141233444213865,3.348036,0,0.0,2.9730639457702637,2.9730639457702637,0-10%,1727.0,994,0.11580775911986103,,False,scRNA-seq,LAM,0.0,1.358635663986206,1.9241689443588257,0.0,0.0,0.0,0.0,0.7215633392333984,0.31652122735977173,1.1332721710205078,0.7215633392333984,0.4043343663215637,0.5784714818000793,1.1295604705810547,0.4043343663215637,1.1119195222854614,0.4134381413459778,0.127700537443161,0.7276955842971802,0.4387536644935608,0.4043343663215637,0.0,0.4810422360897064,0.0,0.0,0.0,0.0,0.0,4.075906753540039,3.8569986820220947,0.0,1.9155080318450928,0.0,0.0,0.0,0.0,0.0
GSE302356::LAM10:CCGTTACTCACTAGGT-1,GSE302356::LAM10:CCGTTACTCACTAGGT-1,State_16,LAM3,GSE302356,primary_candidate,2.9974911212921143,3.3062448501586914,3.5515151182810465,3.5620663,0,0.0,2.9974911212921143,2.9974911212921143,0-10%,5114.0,2258,0.17598748533437622,,False,scRNA-seq,LAM,1.3229551315307617,0.895675003528595,1.4902585744857788,0.5418198108673096,0.07740283012390137,0.10836395621299744,0.21672791242599487,1.0123215913772583,0.49610817432403564,1.314292550086975,1.1656349897384644,0.3949536383152008,0.3940507471561432,0.6948908567428589,0.1970253735780716,0.8290003538131714,0.5615670680999756,0.0,0.6687707901000977,0.0985126867890358,0.8539997935295105,0.0,0.7770900130271912,1.5914435386657715,0.0,2.3774218559265137,0.0,0.0,2.6870250701904297,2.5441577434539795,0.0,1.926617980003357,0.0,0.0,0.0,0.0,0.0
GSE302356::LAM10:GGAGCAAGTGTCCAGG-1,GSE302356::LAM10:GGAGCAAGTGTCCAGG-1,State_16,LAM3,GSE302356,primary_candidate,3.000049352645874,3.192182159423828,3.4463769753774005,3.6063046,0,0.0,3.000049352645874,3.000049352645874,0-10%,7373.0,2810,0.23057100230571,,False,scRNA-seq,LAM,0.6839163899421692,1.5080369710922241,1.7247164249420166,0.0,0.0,0.08570925891399384,0.17141851782798767,1.0639322996139526,0.7158277630805969,1.3854657411575317,1.4161608219146729,0.7640904188156128,0.4592267572879791,0.6890249848365784,0.6174411177635193,0.6186827421188354,0.5754357576370239,0.057139504700899124,0.4650569558143616,0.19716590642929077,0.5775677561759949,0.12244179844856262,0.9441072344779968,0.0,0.0,2.0517492294311523,0.0,2.0517492294311523,2.4723615646362305,3.1224002838134766,0.0,2.0517492294311523,0.0,0.0,0.0,0.0,0.0
GSE302356::LAM10:CGTTTCTCAATAACCT-1,GSE302356::LAM10:CGTTTCTCAATAACCT-1,State_16,LAM3,GSE302356,primary_candidate,3.0107717514038086,3.559532403945923,3.906698401769002,4.493593,3,0.1,3.0107717514038086,3.0107717514038086,0-10%,9586.0,3904,1.1579386605466304,,False,scRNA-seq,LAM,0.744965136051178,0.7055115103721619,2.020596981048584,0.0,0.0,0.14290226995944977,0.0,1.1633849143981934,0.3686758279800415,1.068981409072876,1.458675742149353,1.222242832183838,0.6566383838653564,0.6675078272819519,0.41926467418670654,0.6947694420814514,0.5393408536911011,0.04763408750295639,0.9881886839866638,0.2793115973472595,1.0216538906097412,0.0,1.0663670301437378,0.0,0.0,2.2348954677581787,0.0,0.0,2.116534471511841,3.1314401626586914,0.0,2.9303505420684814,0.0,0.0,0.0,0.0,0.0
GSE190260::LAM1163:TCGTAGAGTCAGCTAT-1,GSE190260::LAM1163:TCGTAGAGTCAGCTAT-1,State_16,LAM1163,GSE190260,primary_candidate,3.013389825820923,3.499441719055176,3.8320868810017905,4.1942677,0,0.0,3.013389825820923,3.013389825820923,0-10%,765.0,396,7.450980392156863,,False,scRNA-seq,LAM,0.0,1.1003828048706055,2.1128122806549072,0.0,0.0,0.0,0.0,1.3582100868225098,0.41264355182647705,0.9993436932563782,1.90507173538208,0.30010440945625305,1.7930890321731567,0.37773993611335754,0.30010440945625305,0.0,0.16069623827934265,0.0,0.0,0.335841566324234,0.0,0.0,1.270047903060913,0.0,0.0,0.0,0.0,3.3011484146118164,0.0,3.6942572593688965,2.644179582595825,0.0,0.0,0.0,0.0,0.0,0.0
GSE302356::LAM13:TGTTGTAAGCTCATAA-1,GSE302356::LAM13:TGTTGTAAGCTCATAA-1,State_16,LAM50,GSE302356,primary_candidate,3.0296876430511475,3.1632288455963136,3.338470538457235,3.7699764,0,0.0,3.0296876430511475,3.0296876430511475,0-10%,9067.0,3439,0.05514503143266792,,False,scRNA-seq,LAM,0.24777254462242126,0.8106209635734558,0.7346514463424683,0.0,0.0,0.0,0.0,0.8411978483200073,0.278744101524353,0.5597854852676392,1.1506562232971191,0.37383946776390076,0.5473194122314453,0.513832151889801,0.06757432967424393,0.6793240904808044,0.4953196942806244,0.04955450817942619,0.9934890270233154,0.13514865934848785,0.20035947859287262,0.0,0.7671041488647461,0.0,0.0,0.7433176636695862,0.7433176636695862,0.0,1.6885452270507812,0.7433176636695862,0.0,1.4606366157531738,0.0,0.0,0.0,0.0,0.0
GSE302356::LAM10:CTATGTTTCATCAGTA-1,GSE302356::LAM10:CTATGTTTCATCAGTA-1,State_16,LAM3,GSE302356,primary_candidate,3.0306849479675293,3.0916234493255614,3.205553976694743,3.667907,0,0.0,3.0306849479675293,3.0306849479675293,0-10%,9294.0,2723,0.24747148698084787,,False,scRNA-seq,LAM,0.6177130341529846,0.7996194958686829,2.3524386882781982,0.3652125597000122,0.0,0.0,0.0,1.3486117124557495,0.41424867510795593,1.1707061529159546,1.6149476766586304,0.7552338242530823,0.27513206005096436,0.2383476197719574,0.1707671582698822,0.6408453583717346,0.5916429162025452,0.12354260683059692,0.46960970759391785,0.06640228629112244,0.4991931915283203,0.0,1.076631784439087,0.0,0.0,1.853139042854309,0.7304251194000244,0.0,1.6684333086013794,3.9429452419281006,0.0,3.114370822906494,0.0,0.0,0.0,0.0,0.0
GSE302356::LAM10:GGGTTATTCTACTAAG-1,GSE302356::LAM10:GGGTTATTCTACTAAG-1,State_16,LAM3,GSE302356,primary_candidate,3.0502028465270996,3.447907733917236,3.669834534327189,3.9316223,0,0.0,3.0502028465270996,3.0502028465270996,0-10%,5185.0,2264,0.15429122468659595,,False,scRNA-seq,LAM,0.7883071303367615,1.4380239248275757,3.306865692138672,0.537269115447998,0.0,0.0,0.0,1.4036986827850342,0.7618095874786377,1.4199811220169067,2.0088677406311035,0.3390504717826843,0.19537058472633362,0.5828350782394409,0.2930558919906616,0.6666374206542969,0.6141345500946045,0.0716358870267868,0.4787124991416931,0.09768529236316681,0.1436798870563507,0.0,1.3392452001571655,0.0,0.0,2.3649213314056396,1.074538230895996,1.074538230895996,2.1649954319000244,3.2608742713928223,3.2608742713928223,3.398848056793213,0.0,0.0,0.0,0.0,0.0
GSE190260::LAM1163:CTCGGAGCAACACGCC-1,GSE190260::LAM1163:CTCGGAGCAACACGCC-1,State_16,LAM1163,GSE190260,primary_candidate,3.0504865646362305,3.2707077980041506,3.5179683049519856,3.9299226,0,0.0,3.0504865646362305,3.0504865646362305,0-10%,2109.0,963,5.879563774300617,,False,scRNA-seq,LAM,0.5825783610343933,0.5825783610343933,1.258919596672058,0.0,0.1248382180929184,0.0,0.0,1.35853910446167,0.4369337558746338,1.038889765739441,1.86587655544281,0.15888500213623047,2.02130389213562,0.0,0.15888500213623047,0.0,0.19290049374103546,0.0,0.5874427556991577,0.27218616008758545,0.0,0.0,1.24391770362854,1.7477350234985352,0.0,0.0,0.0,1.7477350234985352,0.0,3.7767586708068848,0.0,0.0,1.7477350234985352,0.0,0.0,0.0,0.0
GSE302356::LAM10:ACCTAAATCATCAGTA-1,GSE302356::LAM10:ACCTAAATCATCAGTA-1,State_16,LAM3,GSE302356,primary_candidate,3.0537703037261963,3.155117225646973,3.2964274247487384,3.7533023,6,0.2,3.0537703037261963,3.0537703037261963,0-10%,7618.0,2546,0.06563402467839329,,False,scRNA-seq,LAM,1.7328740358352661,2.0876877307891846,0.2794690728187561,0.0,0.0,0.08384072035551071,0.0,0.20960180461406708,1.0599377155303955,1.7571560144424438,0.40922290086746216,1.2535651922225952,0.42196208238601685,0.6655710935592651,0.8551602959632874,0.7410284876823425,0.5731706023216248,0.0,1.4766725301742554,0.26015713810920715,1.285008430480957,0.0,0.2728152871131897,2.648074150085449,0.0,2.5505480766296387,0.0,2.4424726963043213,3.8205902576446533,0.8384072184562683,0.0,0.0,0.0,0.0,0.0,0.0,0.0
GSE302356::LAM10:GCCGTGAGTCTCAGCC-1,GSE302356::LAM10:GCCGTGAGTCTCAGCC-1,State_16,LAM3,GSE302356,primary_candidate,3.0654265880584717,3.2824709892272947,3.506847858428955,3.7930412,0,0.0,3.0654265880584717,3.0654265880584717,0-10%,4221.0,1762,0.02369106846718787,,False,scRNA-seq,LAM,0.9074193835258484,1.3654252290725708,2.0605578422546387,0.0,0.0,0.12146476656198502,0.0,1.450542688369751,0.5586757659912109,1.3629703521728516,2.0524208545684814,0.3176632523536682,0.1104225143790245,0.7244837284088135,0.3176632523536682,0.7584208250045776,0.5690683126449585,0.24292953312397003,0.9842264652252197,0.0,0.1588316261768341,0.0,1.3682805299758911,0.0,0.0,2.7222580909729004,0.0,1.7471479177474976,2.349127769470215,2.7222580909729004,0.0,3.4594156742095947,0.0,0.0,0.0,0.0,0.0
GSE190260::LAM1163:ACTTGTTTCATCTGTT-1,GSE190260::LAM1163:ACTTGTTTCATCTGTT-1,State_16,LAM1163,GSE190260,primary_candidate,3.0663418769836426,3.2020828247070314,3.542715851465861,3.8522215,0,0.0,3.0663418769836426,3.0663418769836426,0-10%,599.0,359,13.856427378964941,,False,scRNA-seq,LAM,0.9577510952949524,1.4788084030151367,0.9577510952949524,0.0,0.0,0.0,0.0,2.0944299697875977,0.913709819316864,1.4547045230865479,2.6489832401275635,0.9861286282539368,2.0126476287841797,0.4104647636413574,0.4033113718032837,0.0,0.17361725866794586,0.0,1.6027474403381348,0.0,0.5828172564506531,0.0,1.765988826751709,2.873253345489502,0.0,0.0,0.0,4.43642520904541,0.0,2.873253345489502,0.0,0.0,0.0,0.0,0.0,0.0,0.0
GSE190260::LAM1163:CATCGAAAGGCAGTCA-1,GSE190260::LAM1163:CATCGAAAGGCAGTCA-1,State_16,LAM1163,GSE190260,primary_candidate,3.0712907314300537,3.4831496715545653,3.8160268465677896,4.1700106,1,0.03333333333333333,3.0712907314300537,3.0712907314300537,0-10%,1184.0,664,1.3513513513513513,,False,scRNA-seq,LAM,2.0635242462158203,1.9954500198364258,1.7433654069900513,0.0,0.0,0.0,0.44911712408065796,2.4283580780029297,1.9929313659667969,2.4867169857025146,3.3736391067504883,1.5733505487442017,1.3761543035507202,0.0,1.1069929599761963,0.0,0.31958359479904175,0.0,0.5613964200019836,0.34241166710853577,1.0787900686264038,0.6415959000587463,2.2490925788879395,3.9449870586395264,0.0,2.2455856800079346,0.0,5.986350059509277,0.0,5.230096340179443,0.0,0.0,0.0,0.0,0.0,0.0,0.0
GSE302356::LAM10:TTTACGCGTAGGTTGC-1,GSE302356::LAM10:TTTACGCGTAGGTTGC-1,State_16,LAM3,GSE302356,primary_candidate,3.0719287395477295,3.1992479801177978,3.3331013520558677,3.3821096,0,0.0,3.0719287395477295,3.0719287395477295,0-10%,2789.0,1533,0.07171029042667623,,False,scRNA-seq,LAM,0.8214700222015381,1.7692289352416992,1.168215036392212,0.7614511847496033,0.0,0.0,0.0,0.6284434199333191,0.4984140396118164,1.1102994680404663,0.7461318969726562,0.5534461140632629,0.1384456604719162,0.9757984280586243,0.3624829351902008,1.1452138423919678,0.4893604815006256,0.18203985691070557,0.6826494932174683,0.2768913209438324,0.32940882444381714,0.0,0.4974212348461151,0.0,0.0,2.4644100666046143,1.5229023694992065,0.0,3.7847843170166016,0.0,0.0,3.5046448707580566,0.0,0.0,0.0,0.0,0.0
GSE302356::LAM10:GGCTTAAGTAATTAGC-1,GSE302356::LAM10:GGCTTAAGTAATTAGC-1,State_16,LAM3,GSE302356,primary_candidate,3.0725958347320557,3.395715522766113,3.635035212834676,3.9141042,0,0.0,3.0725958347320557,3.0725958347320557,0-10%,5174.0,1977,0.11596443757247778,,False,scRNA-seq,LAM,1.0809376239776611,1.2031172513961792,1.8864672183990479,0.0,0.0,0.0,0.0,1.433628797531128,0.5398437976837158,1.5613429546356201,1.902406096458435,0.41588765382766724,0.2934374511241913,0.6693270206451416,0.0,0.7019035220146179,0.579139769077301,0.1434583067893982,1.2978793382644653,0.09781248867511749,0.41588765382766724,0.0,1.26827073097229,0.0,1.0759373903274536,2.1668756008148193,1.0759373903274536,0.0,2.533414602279663,4.077236175537109,0.0,1.5821655988693237,0.0,0.0,0.0,0.0,0.0
GSE302356::LAM10:GCTTTGTGTCCGCTGT-1,GSE302356::LAM10:GCTTTGTGTCCGCTGT-1,State_16,LAM3,GSE302356,primary_candidate,3.0750176906585693,3.2770001888275146,3.4799956639607745,3.7705882,0,0.0,3.0750176906585693,3.0750176906585693,0-10%,4785.0,2019,0.02089864158829676,,False,scRNA-seq,LAM,1.2445716857910156,0.0,2.4477689266204834,0.0,0.0,0.11281271278858185,0.2256254255771637,1.0589293241500854,0.46671441197395325,1.0768381357192993,1.4934982061386108,0.3546369969844818,0.10255701094865799,0.3961256742477417,0.14952296018600464,0.8315602540969849,0.5354753732681274,0.0,0.8411285877227783,0.0,0.5349733829498291,0.0,0.995665431022644,1.128127098083496,0.0,2.605587959289551,0.0,0.0,0.0,3.8041515350341797,0.0,3.5391554832458496,0.0,0.0,0.0,0.0,0.0
GSE190260::LAM1163:GTGGGTCGTTGGTTTG-1,GSE190260::LAM1163:GTGGGTCGTTGGTTTG-1,State_16,LAM1163,GSE190260,primary_candidate,3.0760018825531006,3.5806366920471193,3.9481384913126627,4.9386125,0,0.0,3.0760018825531006,3.0760018825531006,0-10%,3309.0,1201,3.5358114233907525,,False,scRNA-seq,LAM,0.46393147110939026,0.0,0.9278629422187805,0.0,1.107587218284607,0.0,0.0,1.3054929971694946,0.17397430539131165,0.39765554666519165,1.7681150436401367,0.0,2.477285146713257,0.0,0.0,0.0,0.10727722942829132,0.0,0.0,0.0,0.0,0.0,1.1787433624267578,1.3917944431304932,0.0,0.0,0.0,0.0,0.0,1.3917944431304932,0.0,1.3917944431304932,4.118081092834473,2.9513814449310303,0.0,1.3917944431304932,0.0
GSE190260::LAM1163:ATCACGACACATTCGA-1,GSE190260::LAM1163:ATCACGACACATTCGA-1,State_16,LAM1163,GSE190260,primary_candidate,3.1038100719451904,3.4022355556488035,3.6504207928975423,3.8298354,0,0.0,3.1038100719451904,3.1038100719451904,0-10%,609.0,421,1.3136288998357963,,False,scRNA-seq,LAM,1.30574369430542,0.0,3.168729782104492,0.0,0.0,0.0,0.0,2.4918971061706543,0.48965388536453247,1.238618016242981,3.4846136569976807,0.5195708870887756,1.679444432258606,0.0,0.2597854435443878,0.0,0.21961110830307007,0.19050931930541992,0.0,0.0,0.2597854435443878,0.0,2.323075771331787,3.9172310829162598,0.0,0.0,0.0,0.0,0.0,4.753094673156738,4.753094673156738,0.0,0.0,0.0,0.0,0.0,0.0
GSE302356::LAM4:ACCACAACATTGCTTT-1,GSE302356::LAM4:ACCACAACATTGCTTT-1,State_16,LAM18,GSE302356,primary_candidate,3.115335464477539,3.2032584667205812,3.3597606976826984,3.4315298,0,0.0,3.115335464477539,3.115335464477539,0-10%,1145.0,716,8.12227074235808,,False,scRNA-seq,LAM,1.5170575380325317,0.0,2.6262266635894775,0.0,0.16254188120365143,0.6826758980751038,0.0,1.6821894645690918,0.8533448576927185,1.3038005828857422,2.04668927192688,0.6788337826728821,1.5797199010849,0.0,0.0,0.0,0.15438348054885864,0.0,0.5688965916633606,0.26509079337120056,0.6788337826728821,0.0,1.36445951461792,2.2755863666534424,2.2755863666534424,0.0,0.0,0.0,0.0,4.575430870056152,0.0,3.3032491207122803,0.0,0.0,0.0,0.0,0.0
GSE190260::LAM1163:GGCAATTGTTGAGTTC-1,GSE190260::LAM1163:GGCAATTGTTGAGTTC-1,State_16,LAM1163,GSE190260,primary_candidate,3.1168994903564453,3.4542378902435305,3.9168145656585693,4.565,4,0.13333333333333333,3.1168994903564453,3.1168994903564453,0-10%,4976.0,1795,10.65112540192926,,False,scRNA-seq,LAM,0.9459142088890076,1.0744985342025757,1.5591984987258911,0.0,0.679972231388092,0.1101822629570961,0.2203645259141922,1.6310847997665405,0.8953825831413269,1.5341191291809082,2.5674498081207275,0.7402047514915466,1.9210706949234009,0.0,0.7402047514915466,0.13772782683372498,0.2704102098941803,0.0,0.8760232329368591,0.24659468233585358,0.20033138990402222,0.0,1.7116332054138184,2.837742567062378,0.0,0.0,0.0,3.2234954833984375,0.0,4.677595615386963,0.0,0.0,3.501173734664917,1.1018226146697998,2.201502799987793,0.0,0.0
GSE190260::LAM1163:TAAGAGATCTTGTCAT-1,GSE190260::LAM1163:TAAGAGATCTTGTCAT-1,State_16,LAM1163,GSE190260,primary_candidate,3.1190786361694336,3.38421425819397,3.6384037017822264,3.628196,0,0.0,3.1190786361694336,3.1190786361694336,0-10%,605.0,357,5.289256198347108,,False,scRNA-seq,LAM,1.1760201454162598,1.4755257368087769,2.1306376457214355,0.0,0.0,0.0,0.0,2.0682742595672607,0.9943296909332275,1.640385389328003,2.9795780181884766,0.9231165051460266,1.484184980392456,0.0,0.4024161100387573,0.0,0.19291473925113678,0.0,0.7159630656242371,0.38240164518356323,0.8414331674575806,0.0,1.9863853454589844,3.5280604362487793,0.0,0.0,0.0,4.426577091217041,0.0,3.5280604362487793,0.0,2.8638522624969482,0.0,0.0,0.0,0.0,0.0
GSE302356::LAM13:TGGCTATAGAGAGGAG-1,GSE302356::LAM13:TGGCTATAGAGAGGAG-1,State_16,LAM50,GSE302356,primary_candidate,3.1249680519104004,3.4598128318786623,3.723332897822062,4.0213723,1,0.03333333333333333,3.1249680519104004,3.1249680519104004,0-10%,2916.0,1383,0.3429355281207133,,False,scRNA-seq,LAM,1.77407968044281,0.49608469009399414,0.9661642909049988,0.0,0.0,0.0,0.0,0.9204068779945374,0.6652798652648926,0.9729275703430176,1.244699239730835,0.1352958232164383,0.5150490999221802,0.6378231644630432,0.0,0.5483433604240417,0.42589977383613586,0.1374415010213852,1.1768373250961304,0.1352958232164383,0.2705916464328766,0.0,0.8297995328903198,2.423746109008789,0.0,2.8984930515289307,0.0,0.0,1.4882540702819824,0.0,0.0,2.8984930515289307,0.0,0.0,0.0,0.0,0.0
GSE135851::LAM3:CATTCGCTCCAGAGGA-1,GSE135851::LAM3:CATTCGCTCCAGAGGA-1,State_16,LAM3,GSE135851,primary_candidate,3.130178451538086,3.3849708080291747,3.7038259506225586,4.1673384,0,0.0,3.130178451538086,3.130178451538086,0-10%,1307.0,656,1.224177505738332,0.024981738495252013,False,scRNA,LAM,1.4384584426879883,1.9425934553146362,3.0264954566955566,0.0,0.0,0.0,0.0,2.2887821197509766,1.2678945064544678,2.039093255996704,2.788689613342285,0.922105073928833,1.6441280841827393,0.0,0.7259516716003418,0.0,0.27454543113708496,0.0,1.3334486484527588,0.7846136689186096,0.6460614800453186,0.0,1.8591264486312866,2.1576876640319824,0.0,2.1576876640319824,2.1576876640319824,3.670092821121216,0.0,4.130497455596924,2.7913012504577637,2.1576876640319824,0.0,0.0,0.0,0.0,0.0
GSE302356::LAM10:AACAAAGGTAGGTTAT-1,GSE302356::LAM10:AACAAAGGTAGGTTAT-1,State_16,LAM3,GSE302356,primary_candidate,3.1406702995300293,3.2193876266479493,3.396641143163045,3.7208374,0,0.0,3.1406702995300293,3.1406702995300293,0-10%,3526.0,1633,0.11344299489506524,,False,scRNA-seq,LAM,1.8180766105651855,1.3173974752426147,2.405488967895508,0.0,0.0,0.0,0.0,1.9845011234283447,0.6817787289619446,1.8918899297714233,2.459218740463257,0.24444539844989777,0.12222269922494888,0.5645989179611206,0.12222269922494888,0.6215201020240784,0.566444456577301,0.08962997794151306,0.7228212952613831,0.12222269922494888,0.12222269922494888,0.0,1.639479160308838,1.897942066192627,0.0,3.5562875270843506,0.0,0.0,3.9521923065185547,3.8368079662323,0.0,3.3796586990356445,0.0,0.0,0.0,0.0,0.0
GSE302356::LAM4:GAGGGTAGTATCGTTG-1,GSE302356::LAM4:GAGGGTAGTATCGTTG-1,State_16,LAM18,GSE302356,primary_candidate,3.1451897621154785,3.4127939224243162,3.680529801050822,3.8085144,0,0.0,3.1451897621154785,3.1451897621154785,0-10%,539.0,385,8.719851576994435,,False,scRNA-seq,LAM,0.0,0.9910407662391663,1.6247351169586182,0.0,0.0,0.0,0.0,2.4586055278778076,0.37164029479026794,1.121046781539917,2.4586055278778076,0.5405676960945129,1.2385140657424927,0.0,0.27028384804725647,0.0,0.16907906532287598,0.0,0.0,0.0,0.5405676960945129,0.0,1.886830449104309,0.0,0.0,0.0,0.0,2.9731223583221436,0.0,4.874205589294434,0.0,0.0,0.0,0.0,0.0,0.0,0.0
GSE135851::LAM3:AACTCTTTCTACTTAC-1,GSE135851::LAM3:AACTCTTTCTACTTAC-1,State_16,LAM3,GSE135851,primary_candidate,3.1455368995666504,3.4140169620513916,3.7155893802642823,4.0658736,0,0.0,3.1455368995666504,3.1455368995666504,0-10%,903.0,584,2.6578073089700998,0.017008945445382385,False,scRNA,LAM,0.0,1.603562831878662,3.0916945934295654,0.0,0.0,0.0,0.0,2.1143102645874023,0.6013360619544983,1.4362596273422241,2.9296884536743164,0.9494258761405945,1.4164363145828247,0.0,0.4373353123664856,0.0,0.24155490100383759,0.0,0.785481333732605,0.22646097838878632,1.0241811275482178,0.0,1.9531257152557373,0.0,0.0,0.0,0.0,4.810688495635986,0.0,5.243128776550293,4.031954765319824,0.0,0.0,0.0,0.0,0.0,0.0
GSE190260::LAM1163:TCCCGATCAGACTCGC-1,GSE190260::LAM1163:TCCCGATCAGACTCGC-1,State_16,LAM1163,GSE190260,primary_candidate,3.1509971618652344,3.4763247966766357,3.8250022888183595,4.1623197,3,0.1,3.1509971618652344,3.1509971618652344,0-10%,3675.0,1265,7.510204081632653,,False,scRNA-seq,LAM,0.4380054175853729,1.3383241891860962,2.284580945968628,0.0,0.4790072441101074,0.0,0.0,1.8279527425765991,0.9430239200592041,1.3120887279510498,2.6422295570373535,1.1618595123291016,2.041768789291382,0.18771660327911377,0.6538050174713135,0.16425202786922455,0.25969576835632324,0.0,0.553800642490387,0.24376310408115387,0.8288925886154175,0.0,1.7614864110946655,0.0,0.0,1.3140162229537964,0.0,4.014972686767578,0.0,3.8556325435638428,0.0,2.998110294342041,2.215202569961548,0.0,1.3140162229537964,0.0,0.0
GSE135851::LAM3:TACTTACAGCTAGTCT-1,GSE135851::LAM3:TACTTACAGCTAGTCT-1,State_16,LAM3,GSE135851,primary_candidate,3.167877435684204,3.3591100215911864,3.6738965352376303,4.167543,0,0.0,3.167877435684204,3.167877435684204,0-10%,1090.0,351,2.6605504587155964,0.034907597535934295,False,scRNA,LAM,0.0,0.7732887268066406,0.9875404834747314,0.0,0.0,0.0,0.0,1.2215816974639893,0.5799665451049805,0.7546411156654358,1.7025082111358643,0.21089692413806915,2.406991958618164,0.0,0.21089692413806915,0.0,0.08002781867980957,0.0,1.7025082111358643,0.4217938482761383,0.21089692413806915,0.0,1.1350054740905762,0.0,0.0,0.0,0.0,2.319866180419922,0.0,2.9626214504241943,0.0,0.0,0.0,0.0,0.0,0.0,0.0
GSE302356::LAM10:GCCGTGAGTTAGGATT-1,GSE302356::LAM10:GCCGTGAGTTAGGATT-1,State_16,LAM3,GSE302356,primary_candidate,3.1687145233154297,3.393055629730225,3.5394997596740723,3.8583455,0,0.0,3.1687145233154297,3.1687145233154297,0-10%,6111.0,2303,0.16363933889707086,,False,scRNA-seq,LAM,1.5874965190887451,1.8221862316131592,2.2217025756835938,0.0,0.0,0.0,0.0,1.3884683847427368,1.1854315996170044,2.0056800842285156,1.7565253973007202,0.6054351925849915,0.1762567013502121,0.8320954442024231,0.3997020423412323,1.0069485902786255,0.6605384349822998,0.12925490736961365,0.24235296249389648,0.08812835067510605,0.24962899088859558,0.13848741352558136,1.1710169315338135,2.381244659423828,0.0,2.381244659423828,0.0,2.944456100463867,2.5221023559570312,3.8107125759124756,0.0,2.8543953895568848,0.0,0.0,0.0,0.0,0.0
GSE217108::LAM32:ATACCGGTCCGCACAA-1,GSE217108::LAM32:ATACCGGTCCGCACAA-1,State_16,LAM32,GSE217108,primary_candidate,3.172828197479248,3.364553451538086,3.5040584564208985,3.458062,0,0.0,3.172828197479248,3.172828197479248,0-10%,704.0,570,0.0,,False,snRNA-seq,LAM,0.9071981906890869,0.9071981906890869,1.1271013021469116,1.3607972860336304,0.0,0.0,0.0,0.42266297340393066,0.3401993215084076,1.2606418132781982,0.42266297340393066,0.24741768836975098,0.0,1.1663976907730103,0.24741768836975098,0.42266297340393066,0.29985132813453674,0.18143963813781738,1.3607972860336304,0.0,0.24741768836975098,0.0,0.2817753255367279,0.0,0.0,2.7215945720672607,0.0,0.0,2.7215945720672607,3.3813037872314453,0.0,0.0,0.0,0.0,0.0,0.0,0.0
GSE302356::LAM4:ATGGAGGCAGCGTAGA-1,GSE302356::LAM4:ATGGAGGCAGCGTAGA-1,State_16,LAM18,GSE302356,primary_candidate,3.1753644943237305,3.2939351558685304,3.4597291946411133,3.5096066,0,0.0,3.1753644943237305,3.1753644943237305,0-10%,754.0,522,4.641909814323608,,False,scRNA-seq,LAM,0.8858802318572998,1.1050339937210083,3.1375012397766113,0.0,0.0,0.0,0.0,2.314612627029419,0.7465928196907043,1.6279041767120361,3.2145142555236816,0.5429766178131104,1.7509950399398804,0.7593259215354919,0.3013729155063629,0.0,0.32311466336250305,0.0,0.0,0.4832074046134949,0.4832074046134949,0.0,2.143009662628174,2.6576406955718994,0.0,0.0,0.0,3.3151018619537354,0.0,5.422586917877197,3.9899168014526367,0.0,0.0,0.0,0.0,0.0,0.0
GSE190260::LAM1163:TAAGTGCAGCCAGGAT-1,GSE190260::LAM1163:TAAGTGCAGCCAGGAT-1,State_16,LAM1163,GSE190260,primary_candidate,3.178544521331787,3.644483804702759,4.052518367767334,4.331653,0,0.0,3.178544521331787,3.178544521331787,0-10%,1487.0,615,2.488231338264963,,False,scRNA-seq,LAM,0.0,1.1095398664474487,2.181147575378418,0.0,0.0,0.0,0.0,2.383668899536133,0.671634316444397,1.0287678241729736,2.799746513366699,0.48846134543418884,2.182870626449585,0.0,0.6743209362030029,0.2555569112300873,0.20523446798324585,0.0,0.5111138224601746,0.2775285542011261,0.1858595758676529,0.0,1.8664976358413696,0.0,0.0,0.0,0.0,3.3286194801330566,0.0,3.8727550506591797,0.0,2.670687437057495,0.0,0.0,0.0,0.0,0.0
GSE190260::LAM1163:GGACAAGTCAATCTCT-1,GSE190260::LAM1163:GGACAAGTCAATCTCT-1,State_16,LAM1163,GSE190260,primary_candidate,3.184417963027954,3.390264081954956,3.878782876332601,4.3208294,0,0.0,3.184417963027954,3.184417963027954,0-10%,1686.0,822,10.320284697508896,,False,scRNA-seq,LAM,0.0,0.6453441977500916,2.474618911743164,0.0,0.32073861360549927,0.0,0.0,1.9719377756118774,0.24200408160686493,0.6956498026847839,2.6639041900634766,0.17600296437740326,1.8048865795135498,0.0,0.17600296437740326,0.0,0.15311142802238464,0.0,0.48400816321372986,0.3520059287548065,0.0,0.0,1.7759361267089844,0.0,0.0,0.0,0.0,1.9360326528549194,0.0,2.933516025543213,1.9360326528549194,2.5543079376220703,1.9360326528549194,0.0,0.0,0.0,0.0
GSE190260::LAM1163:CTCACACAGCGCTTAT-1,GSE190260::LAM1163:CTCACACAGCGCTTAT-1,State_16,LAM1163,GSE190260,primary_candidate,3.186509609222412,3.3638235092163087,3.7276078542073567,4.1903462,3,0.1,3.186509609222412,3.186509609222412,0-10%,4262.0,1204,9.174096668230877,,False,scRNA-seq,LAM,0.0,1.4683427810668945,1.732749581336975,0.8695864081382751,0.0,0.0,0.24157202243804932,1.5031991004943848,0.3996460437774658,1.0375555753707886,2.319786548614502,0.40045714378356934,2.2978174686431885,0.17255143821239471,0.558563768863678,0.0,0.2387894093990326,0.0,0.30196502804756165,0.27129021286964417,0.10980546474456787,0.17255143821239471,1.5465244054794312,0.0,0.0,0.0,0.0,3.1971683502197266,1.2078601121902466,2.857860803604126,0.0,2.340388059616089,0.0,0.0,0.0,0.0,0.0
GSE302356::LAM10:GGGAATATCCGGGACT-1,GSE302356::LAM10:GGGAATATCCGGGACT-1,State_16,LAM3,GSE302356,primary_candidate,3.187424898147583,3.3556522369384765,3.676877562204997,3.8643675,3,0.1,3.187424898147583,3.187424898147583,0-10%,28375.0,6343,1.5330396475770924,,False,scRNA-seq,LAM,1.1648809909820557,1.5454522371292114,3.0630853176116943,0.15094886720180511,0.0,0.08353724330663681,0.2875956892967224,1.7688548564910889,0.8004663586616516,1.7099494934082031,2.0537869930267334,0.853376567363739,0.5464168787002563,0.8448895812034607,0.48087605834007263,0.7549186944961548,0.6966820955276489,0.055691495537757874,2.0181753635406494,0.4632709324359894,0.7699172496795654,0.0,1.3943495750427246,1.0159965753555298,0.0,2.4786462783813477,0.5334746837615967,1.6542344093322754,2.4486477375030518,3.838646650314331,2.318753242492676,3.031856060028076,0.0,0.0,0.0,0.0,0.0
GSE190260::LAM1163:CACAGGCGTAGTAGTA-1,GSE190260::LAM1163:CACAGGCGTAGTAGTA-1,State_16,LAM1163,GSE190260,primary_candidate,3.1955583095550537,3.3490563869476317,3.6274096171061196,3.9325137,0,0.0,3.1955583095550537,3.1955583095550537,0-10%,1110.0,595,11.891891891891891,,False,scRNA-seq,LAM,0.7678285241127014,1.1110564470291138,1.7496241331100464,0.0,0.0,0.0,0.0,1.360690951347351,0.7045818567276001,1.2260059118270874,1.8617303371429443,0.5124231576919556,1.257355809211731,0.0,0.5124231576919556,0.0,0.1342240422964096,0.0,0.0,0.0,0.20940779149532318,0.0,1.241153597831726,2.303485631942749,0.0,0.0,0.0,3.3331692218780518,0.0,2.9453868865966797,0.0,2.303485631942749,0.0,0.0,0.0,0.0,0.0
GSE302356::LAM10:TAATCCGCAGGTCCTG-1,GSE302356::LAM10:TAATCCGCAGGTCCTG-1,State_16,LAM3,GSE302356,primary_candidate,3.205395221710205,3.254085111618042,3.389961846669515,3.2658165,0,0.0,3.205395221710205,3.205395221710205,0-10%,10631.0,3602,1.0535227165835763,,False,scRNA-seq,LAM,1.0670868158340454,1.4048177003860474,1.7573503255844116,0.0,0.0,0.06630205363035202,0.0,0.9588807821273804,0.6153149008750916,1.447292685508728,1.3056567907333374,0.8190646171569824,0.6472530961036682,1.2342225313186646,0.420714795589447,0.8109098672866821,0.617385983467102,0.0,1.1246206760406494,0.15647807717323303,0.8811367750167847,0.09471721947193146,0.8704378604888916,1.0582382678985596,0.0,2.143022060394287,0.0,0.6630205512046814,3.5514326095581055,2.7153356075286865,0.6630205512046814,1.8936948776245117,0.0,0.0,0.0,0.0,0.0
GSE302356::LAM10:CCTTAGTGTGTTGTAG-1,GSE302356::LAM10:CCTTAGTGTGTTGTAG-1,State_16,LAM3,GSE302356,primary_candidate,3.217153310775757,3.3872231006622315,3.5868550141652427,3.8347058,0,0.0,3.217153310775757,3.217153310775757,0-10%,4492.0,1719,0.04452359750667854,,False,scRNA-seq,LAM,0.3904329240322113,0.8880810737609863,1.5286742448806763,0.0,0.0,0.0,0.0,1.1900347471237183,0.35841840505599976,0.8755075931549072,1.6076878309249878,0.24220392107963562,0.15418623387813568,0.9993833899497986,0.0,0.7167453765869141,0.4597592353820801,0.0,0.6239389777183533,0.10648170113563538,0.24220392107963562,0.0,1.0717918872833252,0.0,0.0,1.1712987422943115,0.0,0.0,2.664243221282959,2.293011426925659,0.0,2.293011426925659,0.0,0.0,0.0,0.0,0.0
GSE302356::LAM10:CAGCTATAGCGAGCGA-1,GSE302356::LAM10:CAGCTATAGCGAGCGA-1,State_16,LAM3,GSE302356,primary_candidate,3.220906972885132,3.5716343402862547,3.8137828667958575,4.0739756,0,0.0,3.220906972885132,3.220906972885132,0-10%,5015.0,2261,0.19940179461615154,,False,scRNA-seq,LAM,0.9017515778541565,0.36553874611854553,2.0580997467041016,0.0,0.0,0.0,0.0,1.109744668006897,0.3381568193435669,0.9776486754417419,1.384286642074585,0.19938477873802185,0.2763599455356598,0.8207448720932007,0.09969238936901093,0.5810747146606445,0.5481522083282471,0.0,0.6405461430549622,0.19938477873802185,0.3988904356956482,0.0,0.9228578209877014,0.0,0.0,2.705254554748535,0.0,0.0,1.096616268157959,3.0416698455810547,0.0,3.132629156112671,0.0,0.0,0.0,0.0,0.0
GSE302356::LAM10:ACGAATCTCGTTAGCG-1,GSE302356::LAM10:ACGAATCTCGTTAGCG-1,State_16,LAM3,GSE302356,primary_candidate,3.221010446548462,3.491270971298218,3.6473649024963377,3.9520626,0,0.0,3.221010446548462,3.221010446548462,0-10%,12873.0,3998,0.06214557601180766,,False,scRNA-seq,LAM,0.7834267616271973,1.1248406171798706,2.3375418186187744,0.0,0.0,0.0,0.0,1.3810592889785767,0.6594232320785522,1.354971170425415,1.6268837451934814,0.3272285759449005,0.10451365262269974,0.7218390107154846,0.0852290540933609,0.6822425723075867,0.5742350220680237,0.1568506956100464,1.6788363456726074,0.10937365144491196,0.439375102519989,0.0,1.0845891237258911,0.9375195503234863,0.0,1.4127607345581055,0.5748251080513,0.9375195503234863,1.8621772527694702,3.759996175765991,0.0,3.252629041671753,0.0,0.0,0.0,0.0,0.0
GSE190260::LAM1163:GCTCCTAGTAGCTCCG-1,GSE190260::LAM1163:GCTCCTAGTAGCTCCG-1,State_16,LAM1163,GSE190260,primary_candidate,3.222960948944092,3.747088146209717,4.07832768758138,4.8908544,0,0.0,3.222960948944092,3.222960948944092,0-10%,2305.0,968,4.3383947939262475,,False,scRNA-seq,LAM,0.0,0.5583083033561707,0.7565767168998718,0.0,1.1132385730743408,0.0,0.0,1.0324652194976807,0.2093656212091446,0.5635221600532532,1.3161814212799072,0.3045318126678467,1.7566043138504028,0.0,0.15226590633392334,0.0,0.10174374282360077,0.0,0.9861637353897095,0.15226590633392334,0.15226590633392334,0.0,0.8774542808532715,0.0,0.0,0.0,0.0,1.6749249696731567,0.0,2.2697300910949707,0.0,0.0,2.640141248703003,0.0,0.0,2.640141248703003,1.6749249696731567
GSE302356::LAM13:ATCATGTCATTGTGTG-1,GSE302356::LAM13:ATCATGTCATTGTGTG-1,State_16,LAM50,GSE302356,primary_candidate,3.2279887199401855,3.291180944442749,3.5804387887318927,4.037178,2,0.06666666666666667,3.2279887199401855,3.2279887199401855,0-10%,7614.0,2674,0.18387181507748884,,False,scRNA-seq,LAM,0.7739197015762329,0.8906145095825195,1.338988184928894,0.4193526804447174,0.0,0.0,0.0,1.0020167827606201,0.3950580656528473,0.9752486944198608,1.3970749378204346,0.3881119191646576,0.7973396182060242,0.5657396912574768,0.31914082169532776,0.7460806965827942,0.47374671697616577,0.0,0.8940312266349792,0.07624594122171402,0.5052332282066345,0.11981505155563354,1.0012754201889038,0.0,0.0,2.3217592239379883,0.8387053608894348,0.0,1.8331382274627686,1.8331382274627686,0.0,2.183826446533203,0.0,0.0,0.0,0.0,0.0
GSE190260::LAM1163:CATGGCGGTTAGAACA-1,GSE190260::LAM1163:CATGGCGGTTAGAACA-1,State_16,LAM1163,GSE190260,primary_candidate,3.2327589988708496,3.7086864948272704,4.058431069056193,4.3371606,0,0.0,3.2327589988708496,3.2327589988708496,0-10%,727.0,385,1.7881705639614855,,False,scRNA-seq,LAM,0.0,1.1167553663253784,2.531851053237915,0.0,0.0,0.0,0.0,2.643490791320801,0.4187832474708557,1.0850789546966553,3.3987231254577637,0.30456963181495667,1.815032958984375,0.0,0.5492599010467529,0.0,0.1944422572851181,0.0,0.0,0.34036093950271606,0.0,0.0,2.265815258026123,0.0,0.0,0.0,0.0,3.3502659797668457,0.0,4.24528694152832,0.0,3.3502659797668457,0.0,0.0,0.0,0.0,0.0
GSE302356::LAM4:GGAAGTGTCATGGGAG-1,GSE302356::LAM4:GGAAGTGTCATGGGAG-1,State_16,LAM18,GSE302356,primary_candidate,3.234888792037964,3.4760578632354737,3.7007487456003827,3.65618,0,0.0,3.234888792037964,3.234888792037964,0-10%,660.0,435,12.121212121212121,,False,scRNA-seq,LAM,0.9273379445075989,0.0,1.5577983856201172,0.0,0.19871526956558228,0.0,0.0,1.579738736152649,0.3477517366409302,1.0650584697723389,1.579738736152649,0.2529103457927704,1.755198359489441,0.0,0.0,0.0,0.125097393989563,0.0,0.6955034732818604,0.6777644753456116,0.2529103457927704,0.0,1.0531591176986694,2.7820138931274414,0.0,0.0,0.0,0.0,0.0,4.673395156860352,0.0,0.0,0.0,0.0,0.0,0.0,2.7820138931274414
GSE190260::LAM1163:ACGCCAGTCGGAAATA-1,GSE190260::LAM1163:ACGCCAGTCGGAAATA-1,State_16,LAM1163,GSE190260,primary_candidate,3.2453114986419678,3.4380729675292967,3.7466819604237873,3.9840078,0,0.0,3.2453114986419678,3.2453114986419678,0-10%,659.0,416,0.15174506828528073,,False,scRNA-seq,LAM,0.0,1.279986023902893,1.447382926940918,0.0,0.0,0.2783436179161072,0.0,0.8906981348991394,0.4799947440624237,1.168872356414795,1.4334666728973389,0.6021267771720886,2.3773515224456787,0.0,0.6021267771720886,0.0,0.14660049974918365,0.0,0.8612957000732422,0.313198447227478,0.0,0.0,0.9556444883346558,0.0,0.0,0.0,0.0,3.8399579524993896,0.0,4.342148780822754,0.0,0.0,0.0,0.0,0.0,0.0,0.0
GSE302356::LAM10:ACAGGATCACATTAAC-1,GSE302356::LAM10:ACAGGATCACATTAAC-1,State_16,LAM3,GSE302356,primary_candidate,3.2573561668395996,3.6751068592071534,3.9460640430450438,4.415341,0,0.0,3.2573561668395996,3.2573561668395996,0-10%,7858.0,2655,0.03817765334690761,,False,scRNA-seq,LAM,1.091774344444275,1.2044707536697388,2.310922861099243,0.0,0.0,0.08209194988012314,0.16418389976024628,1.7496745586395264,0.6352536678314209,1.465132236480713,2.4005990028381348,0.31350409984588623,0.2238871306180954,0.82760089635849,0.23887506127357483,0.6727378368377686,0.5470402836799622,0.15954864025115967,0.5983074307441711,0.0,0.149258092045784,0.0,1.6003992557525635,0.0,0.0,3.275322914123535,0.0,1.806706190109253,1.806706190109253,3.3671905994415283,0.0,3.565577983856201,0.0,0.0,0.0,0.0,0.0
GSE190260::LAM1163:TATGCCCTCTTCATGT-1,GSE190260::LAM1163:TATGCCCTCTTCATGT-1,State_16,LAM1163,GSE190260,primary_candidate,3.2632815837860107,3.387165880203247,3.6440334796905516,3.8650234,0,0.0,3.2632815837860107,3.2632815837860107,0-10%,510.0,319,0.5882352941176471,,False,scRNA-seq,LAM,1.0085572004318237,1.2314190864562988,1.3637996912002563,0.0,0.0,0.0,0.0,0.9732070565223694,0.8399910926818848,1.5444754362106323,1.351415991783142,1.161024808883667,1.6452285051345825,0.0,0.6109026074409485,0.0,0.1135866641998291,0.0,0.7564179301261902,0.41777417063713074,0.8251832127571106,0.0,0.9009439945220947,3.0256717205047607,0.0,0.0,0.0,3.6942572593688965,0.0,4.091399192810059,0.0,0.0,0.0,0.0,0.0,0.0,0.0
GSE190260::LAM1163:TATCTCAAGACCTAGG-1,GSE190260::LAM1163:TATCTCAAGACCTAGG-1,State_16,LAM1163,GSE190260,primary_candidate,3.2828896045684814,3.58704195022583,4.167040220896403,5.1439257,0,0.0,3.2828896045684814,3.2828896045684814,0-10%,2548.0,1227,7.456828885400314,,False,scRNA-seq,LAM,0.5314175486564636,0.0,0.9384413361549377,0.0,0.9726491570472717,0.0,0.3188505172729492,0.9031125903129578,0.19928157329559326,0.6299394965171814,1.2215385437011719,0.0,1.8038042783737183,0.0,0.14493204653263092,0.0,0.11197822540998459,0.0,0.3985631465911865,0.34314456582069397,0.0,0.22775037586688995,0.8143590092658997,1.594252586364746,0.0,0.0,0.0,0.0,0.0,2.815324068069458,0.0,0.0,3.6950223445892334,3.6950223445892334,3.0264182090759277,0.0,0.0
GSE302356::LAM10:CAGAATCTCGCTAGTG-1,GSE302356::LAM10:CAGAATCTCGCTAGTG-1,State_16,LAM3,GSE302356,primary_candidate,3.2889487743377686,3.684113693237305,3.9612659295399983,4.376506,2,0.06666666666666667,3.2889487743377686,3.2889487743377686,0-10%,15302.0,4525,0.8495621487387269,,False,scRNA-seq,LAM,0.8685477375984192,1.7693874835968018,1.422531247138977,0.0,0.05971114709973335,0.05028999224305153,0.0,0.6940524578094482,0.7390156388282776,1.4789046049118042,1.2997010946273804,0.629866361618042,0.8424890041351318,0.7720623016357422,0.27791547775268555,0.5338002443313599,0.5567449927330017,0.0,0.607937216758728,0.2131505310535431,0.4850170612335205,0.07184284180402756,0.8664674162864685,0.5028998851776123,0.0,2.10274338722229,0.5028998851776123,1.7182143926620483,3.087048053741455,2.4385266304016113,0.0,1.8290672302246094,0.0,0.0,0.0,0.0,0.0
GSE302356::LAM10:GCTAATATCGTTTCTG-1,GSE302356::LAM10:GCTAATATCGTTTCTG-1,State_16,LAM3,GSE302356,primary_candidate,3.294654369354248,3.525798797607422,3.66174414952596,3.9518843,0,0.0,3.294654369354248,3.294654369354248,0-10%,8990.0,3173,0.17797552836484984,,False,scRNA-seq,LAM,1.2444506883621216,1.3648030757904053,2.2023701667785645,0.0,0.0,0.0,0.0,1.7451238632202148,0.8249616622924805,1.705675482749939,2.140712022781372,0.6337785720825195,0.5206823945045471,0.7406506538391113,0.46193939447402954,0.7791405320167542,0.6802049875259399,0.0,0.3738998472690582,0.13338112831115723,0.5476236939430237,0.0,1.4271414279937744,2.037848711013794,0.0,1.6955033540725708,0.0,1.6955033540725708,2.3989059925079346,4.11196756362915,0.0,2.495143175125122,0.0,0.0,0.0,0.0,0.0
GSE190260::LAM1163:GCATGCGGTCAGTGGA-1,GSE190260::LAM1163:GCATGCGGTCAGTGGA-1,State_16,LAM1163,GSE190260,primary_candidate,3.2954297065734863,3.600212240219116,3.8819509506225587,4.191077,0,0.0,3.2954297065734863,3.2954297065734863,0-10%,2973.0,1156,0.6390850992263707,,False,scRNA-seq,LAM,0.6815826892852783,1.1475791931152344,2.1207423210144043,0.0,0.0,0.0,0.0,2.3537542819976807,0.9867004156112671,1.4007092714309692,2.868725061416626,0.8487210869789124,2.070878028869629,0.0,0.7147848606109619,0.25559350848197937,0.37120673060417175,0.0,0.8795117139816284,0.4248924255371094,0.48661044239997864,0.0,1.9124834537506104,2.044748067855835,0.0,0.0,0.0,3.442737579345703,0.0,4.317479133605957,0.0,2.044748067855835,0.0,0.0,0.0,0.0,0.0
GSE302356::LAM10:CTCATTGTCATTACTC-1,GSE302356::LAM10:CTCATTGTCATTACTC-1,State_16,LAM3,GSE302356,primary_candidate,3.3069186210632324,3.6626071453094484,3.9388480186462402,4.420752,0,0.0,3.3069186210632324,3.3069186210632324,0-10%,10157.0,3237,0.049227133996258735,,False,scRNA-seq,LAM,1.1033295392990112,0.6853885054588318,2.459782600402832,0.0,0.0,0.0,0.0,1.754671573638916,0.721127450466156,1.3288744688034058,2.0736629962921143,0.6714637875556946,0.2967965304851532,0.6348236799240112,0.2492321878671646,0.6360746622085571,0.6772335767745972,0.20988507568836212,0.5959358811378479,0.0,0.6457799077033997,0.0,1.3824419975280762,0.0,0.6853885054588318,2.6246001720428467,0.6853885054588318,0.6853885054588318,0.6853885054588318,3.9359676837921143,0.6853885054588318,2.7579915523529053,0.0,0.0,0.0,0.0,0.0
GSE190260::LAM1163:AACACGTCACATGACT-1,GSE190260::LAM1163:AACACGTCACATGACT-1,State_16,LAM1163,GSE190260,primary_candidate,3.309657096862793,3.345269966125488,3.509385871887207,3.6206207,0,0.0,3.309657096862793,3.309657096862793,0-10%,2597.0,1357,1.386214863303812,,False,scRNA-seq,LAM,1.1532055139541626,1.2564860582351685,1.3352218866348267,0.0,0.1127929836511612,0.0,0.3158203661441803,1.89394211769104,1.1010220050811768,1.604962944984436,2.3263940811157227,0.9372224807739258,1.4658079147338867,0.0,0.8840989470481873,0.1973877251148224,0.3345615267753601,0.0,0.3947754502296448,0.3504132330417633,0.39335641264915466,0.2255859673023224,1.5509294271469116,3.4596164226531982,0.0,0.0,0.0,3.769458055496216,0.0,4.0056657791137695,0.0,0.0,0.0,1.579101800918579,0.0,0.0,0.0
GSE135851::LAM3:AAGGAGCCAGGTGCCT-1,GSE135851::LAM3:AAGGAGCCAGGTGCCT-1,State_16,LAM3,GSE135851,primary_candidate,3.3178958892822266,4.178890609741211,4.805157470703125,5.6922965,0,0.0,3.3178958892822266,3.3178958892822266,0-10%,1529.0,664,8.109875735775017,0.0137922904632795,False,scRNA,LAM,0.6734172701835632,0.0,0.6734172701835632,0.0,0.9096766114234924,0.0,0.0,0.2525314688682556,0.2525314688682556,0.577214777469635,0.2525314688682556,0.0,1.7951710224151611,0.0,0.0,0.0,0.027712643146514893,0.0,1.5989476442337036,0.743869960308075,0.0,0.0,0.1683543175458908,2.020251750946045,0.0,0.0,0.0,0.0,0.0,2.020251750946045,0.0,0.0,4.3755388259887695,0.0,3.694894790649414,0.0,0.0
GSE190260::LAM1163:CTTGGCTCAGGTCCAC-1,GSE190260::LAM1163:CTTGGCTCAGGTCCAC-1,State_16,LAM1163,GSE190260,primary_candidate,3.3180952072143555,3.40490927696228,3.6163074175516763,3.706986,0,0.0,3.3180952072143555,3.3180952072143555,0-10%,1261.0,644,0.317208564631245,,False,scRNA-seq,LAM,1.3448147773742676,2.5373570919036865,2.5976674556732178,0.0,0.0,0.2189440280199051,0.0,1.7830326557159424,1.8571226596832275,2.373506784439087,2.5421173572540283,1.8989635705947876,1.9651933908462524,0.0,1.2440681457519531,0.0,0.3231910169124603,0.0,0.5473600625991821,0.4150945544242859,1.309790849685669,0.0,1.6947449445724487,4.034444332122803,0.0,0.0,2.8249692916870117,4.787101745605469,0.0,4.9680328369140625,0.0,2.8249692916870117,0.0,0.0,0.0,0.0,0.0
GSE190260::LAM1163:CTCACACTCGCTTAGA-1,GSE190260::LAM1163:CTCACACTCGCTTAGA-1,State_16,LAM1163,GSE190260,primary_candidate,3.3234894275665283,3.91357798576355,4.5153683503468836,5.4349914,0,0.0,3.3234894275665283,3.3234894275665283,0-10%,3342.0,1529,3.919808497905446,,False,scRNA-seq,LAM,0.0,0.46144917607307434,0.6478949189186096,0.0,1.2054530382156372,0.1384347528219223,0.2768695056438446,0.8765785694122314,0.17304344475269318,0.47543320059776306,1.1641095876693726,0.12584978342056274,2.064208507537842,0.19776393473148346,0.2516995668411255,0.0,0.1238025575876236,0.0,0.575062096118927,0.42839816212654114,0.0,0.0,0.7760730385780334,0.0,0.0,0.0,0.0,1.3843475580215454,0.0,1.9436848163604736,0.0,0.0,3.8892767429351807,0.0,2.7701547145843506,0.0,0.0
GSE190260::LAM1163:ACTGAGTAGCCACTAT-1,GSE190260::LAM1163:ACTGAGTAGCCACTAT-1,State_16,LAM1163,GSE190260,primary_candidate,3.3285634517669678,3.731853723526001,4.003767474492391,4.3506036,0,0.0,3.3285634517669678,3.3285634517669678,0-10%,1157.0,674,0.7778738115816768,,False,scRNA-seq,LAM,0.0,1.190521240234375,2.620234727859497,0.0,0.0,0.0,0.0,2.5149741172790527,0.4464454650878906,1.3094329833984375,3.5774717330932617,0.7367306351661682,1.3944854736328125,0.0,0.7367306351661682,0.0,0.29410895705223083,0.0,0.0,0.29938259720802307,0.4120430648326874,0.0,2.384981155395508,0.0,0.0,0.0,0.0,3.571563720703125,0.0,5.5944671630859375,0.0,2.2662367820739746,0.0,0.0,0.0,0.0,0.0
GSE302356::LAM10:CGGGCTTAGTTTCCGC-1,GSE302356::LAM10:CGGGCTTAGTTTCCGC-1,State_16,LAM3,GSE302356,primary_candidate,3.3295605182647705,3.4474854469299316,3.6043798764546713,3.7749674,0,0.0,3.3295605182647705,3.3295605182647705,0-10%,6088.0,2320,0.0821287779237845,,False,scRNA-seq,LAM,0.7948892116546631,1.6038591861724854,3.2327256202697754,0.48587700724601746,0.0,0.0,0.0,1.6786524057388306,0.7229164242744446,1.6315460205078125,2.166565179824829,0.6948635578155518,0.3089694380760193,0.8027805685997009,0.22062817215919495,0.9518147706985474,0.6135739088058472,0.06478360295295715,0.55515056848526,0.0,0.5991836786270142,0.0,1.4443767070770264,0.0,0.0,2.3846676349639893,0.9717540144920349,1.455155849456787,2.3846676349639893,4.224576950073242,2.525570869445801,2.948028802871704,0.0,0.0,0.0,0.0,0.0
GSE217108::LAM32:GCTGCACAGTAGCTTA-1,GSE217108::LAM32:GCTGCACAGTAGCTTA-1,State_16,LAM32,GSE217108,primary_candidate,3.3462142944335938,3.5608291625976562,3.7846445719401043,4.501273,0,0.0,3.3462142944335938,3.3462142944335938,0-10%,1830.0,1169,2.459016393442623,,False,snRNA-seq,LAM,0.0,1.2442151308059692,0.0,0.0,0.44368675351142883,0.0,0.0,0.0,0.23329034447669983,0.5332350730895996,0.0,0.5089971423149109,0.4541473090648651,0.2666175365447998,0.16966570913791656,0.4587482810020447,0.20586635172367096,0.0,0.0,0.0,0.33933141827583313,0.0,0.0,0.0,0.0,0.0,0.0,1.8663227558135986,1.8663227558135986,0.0,0.0,0.0,0.0,0.0,0.0,0.0,0.0
GSE190260::LAM1163:CGACCTTGTAACGTTC-1,GSE190260::LAM1163:CGACCTTGTAACGTTC-1,State_16,LAM1163,GSE190260,primary_candidate,3.3517203330993652,3.7056362628936768,4.016228850682577,4.557421,0,0.0,3.3517203330993652,3.3517203330993652,0-10%,1508.0,701,9.549071618037136,,False,scRNA-seq,LAM,0.6774193644523621,0.0,1.690571665763855,0.0,0.0,0.0,0.0,1.7282662391662598,0.2540322542190552,0.7245307564735413,2.014521598815918,0.1847507357597351,1.6283137798309326,0.0,0.1847507357597351,0.0,0.11441206187009811,0.0,0.0,0.42635443806648254,0.0,0.0,1.5123692750930786,0.0,0.0,2.0322580337524414,0.0,0.0,0.0,3.039457082748413,0.0,2.0322580337524414,0.0,0.0,0.0,0.0,0.0
GSE190260::LAM1163:GGAATAAAGCTATGCT-1,GSE190260::LAM1163:GGAATAAAGCTATGCT-1,State_16,LAM1163,GSE190260,primary_candidate,3.3520936965942383,3.507857322692871,3.7524877707163493,3.955768,0,0.0,3.3520936965942383,3.3520936965942383,0-10%,978.0,600,0.20449897750511248,,False,scRNA-seq,LAM,1.1518409252166748,1.3775862455368042,1.5109543800354004,0.0,0.0,0.0,0.0,1.7067196369171143,1.3804755210876465,1.731592059135437,2.2422964572906494,0.8153669834136963,1.6117545366287231,0.0,0.8153669834136963,0.3022673726081848,0.26754996180534363,0.0,0.0,0.3395709991455078,0.4396616220474243,0.0,1.4948643445968628,3.4555227756500244,0.0,0.0,0.0,4.132758617401123,0.0,4.532863140106201,0.0,0.0,0.0,0.0,0.0,0.0,0.0
GSE302356::LAM10:ATGCAAACATAGCTTG-1,GSE302356::LAM10:ATGCAAACATAGCTTG-1,State_16,LAM3,GSE302356,primary_candidate,3.361737012863159,3.379283571243286,3.464949099222819,3.574882,0,0.0,3.361737012863159,3.361737012863159,0-10%,6411.0,2286,0.07799095304944627,,False,scRNA-seq,LAM,1.4182459115982056,2.161508083343506,0.7852339744567871,0.0,0.0,0.0,0.0,0.4714334011077881,1.098136067390442,1.736432433128357,0.9664732217788696,1.078575849533081,0.08544877916574478,0.8859241604804993,0.5063577890396118,0.6109524369239807,0.6235025525093079,0.0,0.8545119762420654,0.0,0.9262068271636963,0.0,0.6443154811859131,0.9399365782737732,0.0,3.3148012161254883,0.9399365782737732,2.1746490001678467,3.369938611984253,1.4157652854919434,0.0,0.9399365782737732,0.0,0.0,0.0,0.0,0.0
GSE190260::LAM1163:AACACGTTCAGTCCCT-1,GSE190260::LAM1163:AACACGTTCAGTCCCT-1,State_16,LAM1163,GSE190260,primary_candidate,3.3650619983673096,3.53475604057312,3.7220648606618245,3.9401503,0,0.0,3.3650619983673096,3.3650619983673096,0-10%,1023.0,577,0.7820136852394917,,False,scRNA-seq,LAM,1.1373298168182373,1.3628371953964233,2.288539171218872,0.0,0.0,0.0,0.0,1.3468942642211914,0.9375625848770142,1.7126961946487427,1.9079408645629883,0.8039091229438782,2.0524709224700928,0.0,0.8039091229438782,0.0,0.2181749790906906,0.0,0.5943111181259155,0.3101808726787567,0.5262939929962158,0.0,1.2719606161117554,3.411989450454712,0.0,0.0,0.0,4.0885114669799805,0.0,4.488372802734375,0.0,2.377244472503662,0.0,0.0,0.0,0.0,0.0
GSE302356::LAM10:GAAACTGAGCCACAAT-1,GSE302356::LAM10:GAAACTGAGCCACAAT-1,State_16,LAM3,GSE302356,primary_candidate,3.3723084926605225,3.779219055175781,4.0128566265106205,4.337035,0,0.0,3.3723084926605225,3.3723084926605225,0-10%,5063.0,2130,0.11850681414181316,,False,scRNA-seq,LAM,0.6450624465942383,1.5743180513381958,2.1585891246795654,0.0,0.0,0.1599433422088623,0.3198866844177246,1.2826628684997559,0.44182759523391724,1.4573326110839844,1.499343991279602,0.48903921246528625,0.3964662551879883,0.6747077107429504,0.24451960623264313,0.9524182677268982,0.5547621250152588,0.0,1.1562256813049316,0.19823312759399414,0.3436361849308014,0.0,1.0904195308685303,0.0,0.0,1.9351872205734253,0.0,1.599433422088623,3.123520612716675,3.543186664581299,0.0,2.9325807094573975,0.0,0.0,0.0,0.0,0.0
GSE190260::LAM1163:GTTTCTATCAGAGACG-1,GSE190260::LAM1163:GTTTCTATCAGAGACG-1,State_16,LAM1163,GSE190260,primary_candidate,3.3730645179748535,3.768484354019165,4.121960274378458,4.382769,0,0.0,3.3730645179748535,3.3730645179748535,0-10%,1231.0,505,1.6246953696181965,,False,scRNA-seq,LAM,0.949211835861206,1.302275538444519,1.3964900970458984,0.0,0.0,0.0,0.0,1.5750099420547485,0.8443077802658081,1.563418984413147,2.3895621299743652,0.7571389675140381,2.0003225803375244,0.0,0.7571389675140381,0.0,0.18711940944194794,0.0,0.0,0.0,0.20098644495010376,0.0,1.5930415391921997,2.847635507583618,0.0,0.0,0.0,3.9068267345428467,0.0,4.189470291137695,0.0,0.0,0.0,0.0,0.0,0.0,0.0
GSE135851::LAM3:TCAGCAATCATTCACT-1,GSE135851::LAM3:TCAGCAATCATTCACT-1,State_16,LAM3,GSE135851,primary_candidate,3.3762199878692627,3.5168365001678468,3.8060545126597085,4.2491636,0,0.0,3.3762199878692627,3.3762199878692627,0-10%,1283.0,695,2.0265003897116136,0.02070085238803951,False,scRNA,LAM,0.7246987223625183,1.5163084268569946,2.6546084880828857,0.0,0.0,0.0,0.0,1.5258516073226929,1.1914660930633545,1.6418532133102417,2.3853092193603516,1.401764154434204,1.2915626764297485,0.0,0.611183762550354,0.0,0.2507116496562958,0.14493973553180695,0.7984684705734253,0.6506272554397583,0.7905803918838501,0.0,1.5902061462402344,2.17409610748291,0.0,0.0,0.0,4.548925399780273,0.0,4.769951343536377,3.193873882293701,0.0,0.0,0.0,0.0,0.0,0.0
GSE302356::LAM10:GTATGTTCAGGAACTG-1,GSE302356::LAM10:GTATGTTCAGGAACTG-1,State_16,LAM3,GSE302356,primary_candidate,3.3769748210906982,3.5633220195770265,3.7422740618387857,4.0654063,0,0.0,3.3769748210906982,3.3769748210906982,0-10%,3038.0,1418,0.0,,False,scRNA-seq,LAM,1.1406028270721436,1.2839703559875488,0.6753152012825012,0.728334367275238,0.0,0.0,0.0,0.25324320793151855,0.6809692978858948,1.3285236358642578,0.7928029298782349,0.5007781982421875,0.39727330207824707,0.8396937847137451,0.0,0.9253180623054504,0.51044100522995,0.0,0.8706535696983337,0.0,0.9619776010513306,0.0,0.5285353064537048,0.0,0.0,3.4218087196350098,0.0,0.0,3.8519108295440674,2.0259456634521484,0.0,0.0,0.0,0.0,0.0,0.0,0.0
GSE302356::LAM10:ATTACCCGTGTTTGCT-1,GSE302356::LAM10:ATTACCCGTGTTTGCT-1,State_16,LAM3,GSE302356,primary_candidate,3.3775558471679688,3.432459592819214,3.5576480547587077,3.6738384,0,0.0,3.3775558471679688,3.3775558471679688,0-10%,4818.0,2061,0.14528850145288502,,False,scRNA-seq,LAM,1.7697807550430298,2.4656710624694824,2.2488601207733154,0.0,0.0,0.0,0.0,1.124193549156189,0.942449152469635,2.4076731204986572,1.7135522365570068,0.45390409231185913,0.25115400552749634,1.2172138690948486,0.30488497018814087,0.7786365151405334,0.5838568210601807,0.0,1.169656753540039,0.0,0.45390409231185913,0.0,1.142368197441101,1.9777755737304688,0.0,3.33156681060791,0.0,2.230250835418701,5.166762351989746,4.147356033325195,0.0,2.599224328994751,0.0,0.0,0.0,0.0,0.0
GSE190260::LAM1163:CGGACGTCAGGCGATA-1,GSE190260::LAM1163:CGGACGTCAGGCGATA-1,State_16,LAM1163,GSE190260,primary_candidate,3.382361650466919,3.974896764755249,4.433908700942993,5.2328696,1,0.03333333333333333,3.382361650466919,3.382361650466919,0-10%,4602.0,1988,1.6731855714906563,,False,scRNA-seq,LAM,0.7570958733558655,1.1491646766662598,2.8114047050476074,0.0,0.971084475517273,0.11546675115823746,0.0,2.1373445987701416,0.7148476839065552,1.4454506635665894,2.9176244735717773,0.8281366229057312,1.7119451761245728,0.0,0.7705913186073303,0.0,0.3191555440425873,0.0,0.5773337483406067,0.3696485757827759,0.41987907886505127,0.0,1.9450829029083252,2.271287679672241,0.0,0.0,0.0,3.4474940299987793,0.0,4.3993730545043945,2.017420530319214,2.017420530319214,3.2149741649627686,3.5143630504608154,2.017420530319214,0.0,0.0
GSE190260::LAM1163:GACTAACTCTACGAGT-1,GSE190260::LAM1163:GACTAACTCTACGAGT-1,State_16,LAM1163,GSE190260,primary_candidate,3.3930914402008057,3.63134126663208,3.932927672068278,4.218061,0,0.0,3.3930914402008057,3.3930914402008057,0-10%,912.0,474,0.5482456140350878,,False,scRNA-seq,LAM,1.451184868812561,0.8273261189460754,1.8714722394943237,0.0,0.0,0.0,0.0,1.4849116802215576,1.2459964752197266,1.4239959716796875,2.270601272583008,0.7715651392936707,1.8885594606399536,0.0,0.4512687921524048,0.0,0.22727616131305695,0.0,0.0,0.2256343960762024,0.5459307432174683,0.0,1.513734221458435,4.353554725646973,0.0,0.0,0.0,2.481978416442871,0.0,3.1324384212493896,0.0,2.481978416442871,0.0,0.0,0.0,0.0,0.0
GSE135851::LAM4:GCGGGTTGTCACAAGG-1,GSE135851::LAM4:GCGGGTTGTCACAAGG-1,State_16,LAM4,GSE135851,primary_candidate,3.3964054584503174,4.001983976364135,4.304899644851685,4.50099,0,0.0,3.3964054584503174,3.3964054584503174,0-10%,581.0,451,0.0,0.026915113871635615,False,snRNA,LAM,1.1891242265701294,0.9673548340797424,1.6440891027450562,0.0,0.20729032158851624,0.0,0.0,0.9792914390563965,0.8086796998977661,1.628814935684204,1.5100795030593872,0.7914721369743347,0.5276480913162231,0.0,0.7914721369743347,0.0,0.18000063300132751,0.0,2.0535898208618164,0.9741583466529846,0.5276480913162231,0.0,1.006719708442688,3.5673727989196777,0.0,0.0,0.0,2.902064561843872,0.0,4.932267189025879,0.0,0.0,0.0,0.0,2.902064561843872,0.0,0.0
GSE190260::LAM1163:AGGCCACGTACTTCTT-1,GSE190260::LAM1163:AGGCCACGTACTTCTT-1,State_16,LAM1163,GSE190260,primary_candidate,3.398280382156372,3.9218523025512697,4.259867763519287,4.6135626,0,0.0,3.398280382156372,3.398280382156372,0-10%,872.0,416,2.408256880733945,,False,scRNA-seq,LAM,0.841052234172821,0.0,2.3778769969940186,0.0,0.0,0.0,0.0,2.0009422302246094,0.3153945803642273,0.8699960112571716,2.7132585048675537,0.229377880692482,2.0481371879577637,0.0,0.229377880692482,0.0,0.14082778990268707,0.0,0.7938436269760132,0.229377880692482,0.229377880692482,0.0,1.808838963508606,2.5231566429138184,0.0,0.0,0.0,0.0,0.0,3.5668156147003174,0.0,3.5668156147003174,0.0,0.0,0.0,0.0,0.0
GSE302356::LAM10:AGGTTGCGTAGCAGCT-1,GSE302356::LAM10:AGGTTGCGTAGCAGCT-1,State_16,LAM3,GSE302356,primary_candidate,3.3993256092071533,3.465319299697876,3.5724483807881673,3.7510004,0,0.0,3.3993256092071533,3.3993256092071533,0-10%,9460.0,3504,0.03171247357293869,,False,scRNA-seq,LAM,1.1628813743591309,1.798209309577942,1.329119086265564,0.0,0.0,0.0,0.0,0.5885807275772095,1.0873916149139404,1.5538500547409058,1.211371898651123,0.8409603834152222,0.4032534658908844,0.7642247080802917,0.5782555937767029,0.8176080584526062,0.6451845169067383,0.0,0.5373759269714355,0.06557170301675797,0.6925287246704102,0.0,0.8676886558532715,1.1359610557556152,0.0,2.3526830673217773,1.4282151460647583,2.1281814575195312,1.8382314443588257,1.9936786890029907,0.0,1.9936786890029907,0.0,0.0,0.0,0.0,0.0
GSE190260::LAM1163:CAGTAACTCATTGCGA-1,GSE190260::LAM1163:CAGTAACTCATTGCGA-1,State_16,LAM1163,GSE190260,primary_candidate,3.4049463272094727,3.529845857620239,3.7808965682983398,3.9509478,0,0.0,3.4049463272094727,3.4049463272094727,0-10%,647.0,349,0.9273570324574961,,False,scRNA-seq,LAM,2.087888717651367,0.0,0.0,0.0,0.0,0.0,0.0,0.35008588433265686,0.7829582691192627,0.8948094248771667,0.35008588433265686,0.0,1.6872804164886475,0.0,0.0,0.0,0.11388611048460007,0.0,0.0,0.2546079158782959,0.0,0.0,0.23339058458805084,3.4629790782928467,0.0,2.800687074661255,0.0,0.0,0.0,0.0,0.0,0.0,0.0,0.0,0.0,0.0,0.0
GSE190260::LAM1163:TGCTACCCACTTACGA-1,GSE190260::LAM1163:TGCTACCCACTTACGA-1,State_16,LAM1163,GSE190260,primary_candidate,3.4129791259765625,3.5066393852233886,3.8533917903900146,4.2576766,0,0.0,3.4129791259765625,3.4129791259765625,0-10%,7334.0,2194,8.999181892555223,,False,scRNA-seq,LAM,0.542461097240448,0.9766316413879395,1.1986593008041382,0.0,1.1553773880004883,0.0,0.0,1.367232322692871,0.5696597695350647,1.1647508144378662,1.8315373659133911,0.7033522129058838,2.0055110454559326,0.12287839502096176,0.4641503691673279,0.0,0.1711013913154602,0.0,0.21503719687461853,0.26513829827308655,0.46534115076065063,0.0,1.221024990081787,1.6273833513259888,0.0,0.0,0.0,2.9298949241638184,0.0,3.595977783203125,0.0,0.0,0.8601487874984741,0.0,0.8601487874984741,2.3556127548217773,2.3556127548217773
GSE302356::LAM10:AAACGTACAGGATAAC-1,GSE302356::LAM10:AAACGTACAGGATAAC-1,State_16,LAM3,GSE302356,primary_candidate,3.415870428085327,3.743921184539795,3.963520542780558,4.3997545,0,0.0,3.415870428085327,3.415870428085327,0-10%,6927.0,2462,0.014436263894904,,False,scRNA-seq,LAM,0.9122398495674133,1.4752694368362427,2.2281482219696045,0.0,0.0,0.0,0.1786966323852539,1.4178825616836548,0.4537753462791443,1.4861197471618652,1.9034374952316284,0.16245149075984955,0.39581507444381714,0.956283450126648,0.2333635687828064,0.5229781866073608,0.6187248229980469,0.09051351249217987,0.6018575429916382,0.2333635687828064,0.24367722868919373,0.25528091192245483,1.268958330154419,0.0,0.0,2.7367196083068848,0.8934831619262695,0.0,3.532325267791748,3.2403104305267334,0.0,3.444133996963501,0.0,0.0,0.0,0.0,0.0
GSE217108::LAM44:AGCCGGTTCGCCTAAG-1,GSE217108::LAM44:AGCCGGTTCGCCTAAG-1,State_16,LAM44,GSE217108,primary_candidate,3.423103094100952,3.7018781661987306,4.067940870920817,4.612245,12,0.4,3.423103094100952,3.423103094100952,0-10%,4871.0,2482,7.9244508314514475,,False,snRNA-seq,LAM,0.9155057072639465,1.8492785692214966,0.7401641011238098,0.0,0.39861205220222473,0.0,0.0,0.8669207096099854,0.6866292953491211,1.1849075555801392,1.208132266998291,1.3409388065338135,1.1299805641174316,1.1867820024490356,0.8534279465675354,0.5893591642379761,0.5043056607246399,0.0,0.7711175084114075,0.6879860162734985,1.2070308923721313,0.0,0.8054214715957642,1.6304032802581787,0.0,1.1161137819290161,0.0,1.6304032802581787,3.9174323081970215,0.0,0.0,2.220492362976074,0.0,1.1161137819290161,0.0,0.0,1.1161137819290161
GSE190260::LAM1163:GTAGTCAGTGGGTATG-1,GSE190260::LAM1163:GTAGTCAGTGGGTATG-1,State_16,LAM1163,GSE190260,primary_candidate,3.427755355834961,3.9975310802459716,4.4043874899546305,4.721179,0,0.0,3.427755355834961,3.427755355834961,0-10%,1227.0,553,2.6079869600651997,,False,scRNA-seq,LAM,0.0,0.9502339363098145,1.9818147420883179,0.0,0.0,0.22137494385242462,0.0,1.6529555320739746,0.3563377261161804,0.940342366695404,2.1606180667877197,1.265404462814331,2.1363015174865723,0.0,0.6616545915603638,0.0,0.21429796516895294,0.0,1.106874704360962,0.20124994218349457,0.8049997687339783,0.0,1.4404120445251465,0.0,0.0,0.0,0.0,2.8507018089294434,0.0,3.7316946983337402,0.0,2.213749408721924,0.0,0.0,0.0,0.0,0.0
GSE190260::LAM1163:CATTCGCTCTGCGACG-1,GSE190260::LAM1163:CATTCGCTCTGCGACG-1,State_16,LAM1163,GSE190260,primary_candidate,3.4384143352508545,3.6773956298828123,3.9639363288879395,4.2377076,0,0.0,3.4384143352508545,3.4384143352508545,0-10%,1017.0,459,0.5899705014749262,,False,scRNA-seq,LAM,1.1392260789871216,1.0094915628433228,1.2323764562606812,0.0,0.0,0.0,0.0,1.3165607452392578,0.8057690858840942,1.4490402936935425,2.1261706352233887,0.9251110553741455,1.689902901649475,0.0,0.7085126638412476,0.0,0.17440265417099,0.0,0.7571186423301697,0.3106980323791504,0.5272964239120483,0.0,1.4174469709396362,3.4176783561706543,0.0,0.0,0.0,3.0284745693206787,0.0,3.697129487991333,0.0,0.0,0.0,0.0,0.0,0.0,0.0
GSE190260::LAM1163:CCTCTGACACTACAGT-1,GSE190260::LAM1163:CCTCTGACACTACAGT-1,State_16,LAM1163,GSE190260,primary_candidate,3.4406754970550537,3.8017818450927736,4.109543641408284,4.446356,0,0.0,3.4406754970550537,3.4406754970550537,0-10%,819.0,418,2.197802197802198,,False,scRNA-seq,LAM,0.0,0.860325038433075,1.4358577728271484,0.0,0.0,0.0,0.0,1.6156164407730103,0.3226218819618225,0.9840783476829529,2.2756102085113525,0.46926820278167725,2.0500311851501465,0.0,0.46926820278167725,0.0,0.17313891649246216,0.0,0.645243763923645,0.3553471863269806,0.0,0.0,1.5170735120773315,0.0,0.0,0.0,0.0,2.58097505569458,0.0,4.307573318481445,0.0,0.0,0.0,0.0,0.0,0.0,0.0
GSE190260::LAM1163:TAAGAGACATCACGAT-1,GSE190260::LAM1163:TAAGAGACATCACGAT-1,State_16,LAM1163,GSE190260,primary_candidate,3.440830945968628,3.7039865493774413,4.009008534749349,4.271787,0,0.0,3.440830945968628,3.440830945968628,0-10%,1267.0,687,0.23677979479084452,,False,scRNA-seq,LAM,0.7284087538719177,1.2928632497787476,2.154121160507202,0.0,0.0,0.0,0.0,2.0648200511932373,1.031130313873291,1.4772790670394897,2.9520254135131836,0.7499129176139832,1.8115566968917847,0.0,0.7499129176139832,0.27315327525138855,0.2756650149822235,0.0,1.2514326572418213,0.25640952587127686,0.2914464771747589,0.0,1.9680168628692627,2.1852262020111084,0.0,0.0,0.0,3.878589630126953,0.0,4.277137279510498,0.0,2.1852262020111084,0.0,0.0,0.0,0.0,0.0
GSE135851::LAM1:ATTGGACGTCGATTGT-1,GSE135851::LAM1:ATTGGACGTCGATTGT-1,State_16,LAM1,GSE135851,primary_candidate,3.444249153137207,3.6377930641174316,3.911572472254435,4.400579,0,0.0,3.444249153137207,3.444249153137207,0-10%,584.0,307,0.5136986301369864,0.11227701993704088,False,scRNA,LAM,0.9657325744628906,0.0,2.2851762771606445,0.0,0.0,0.0,0.0,1.1106857061386108,0.362149715423584,0.9793612957000732,1.9181314706802368,0.0,2.0266265869140625,0.0,0.0,0.0,0.08248746395111084,0.0,0.724299430847168,0.26338160037994385,0.26338160037994385,0.0,1.2787543535232544,2.897197723388672,0.0,0.0,0.0,0.0,0.0,3.958331346511841,2.897197723388672,0.0,0.0,0.0,0.0,0.0,0.0
GSE302356::LAM10:CGAAATGAGCTAGAAG-1,GSE302356::LAM10:CGAAATGAGCTAGAAG-1,State_16,LAM3,GSE302356,primary_candidate,3.444293737411499,3.561404514312744,3.687825314203898,3.8908145,0,0.0,3.444293737411499,3.444293737411499,0-10%,3652.0,1909,0.10952902519167579,,False,scRNA-seq,LAM,0.6227242350578308,1.2464717626571655,0.6227242350578308,0.0,0.0,0.1318611055612564,0.0,0.4670431911945343,0.4670431911945343,0.8010839819908142,0.5436433553695679,0.2846718430519104,0.47949492931365967,0.8010839819908142,0.0,1.033217191696167,0.5187622904777527,0.17581480741500854,1.5795435905456543,0.0,0.41481107473373413,0.0,0.47231316566467285,0.0,0.0,1.8681727647781372,0.0,0.0,3.739415407180786,0.0,0.0,1.8681727647781372,0.0,0.0,0.0,0.0,0.0
GSE135851::LAM3:CGGACGTTCGCTTGTC-1,GSE135851::LAM3:CGGACGTTCGCTTGTC-1,State_16,LAM3,GSE135851,primary_candidate,3.4484434127807617,3.6897660732269286,4.058995056152344,4.520343,0,0.0,3.4484434127807617,3.4484434127807617,0-10%,794.0,450,3.27455919395466,0.015347137637028016,False,scRNA,LAM,0.0,2.0892179012298584,2.1829562187194824,0.0,0.0,0.0,0.0,1.4110167026519775,0.7834566831588745,1.458122968673706,2.003424882888794,0.3325446844100952,1.3768154382705688,0.0,0.3325446844100952,0.0,0.1477121263742447,0.0,0.0,0.47448399662971497,0.0,0.0,1.3356165885925293,0.0,0.0,0.0,2.6096620559692383,3.657991647720337,0.0,3.939206838607788,2.6096620559692383,0.0,0.0,0.0,0.0,0.0,0.0
GSE135851::LAM3:GTCACAACACCATCCT-1,GSE135851::LAM3:GTCACAACACCATCCT-1,State_16,LAM3,GSE135851,primary_candidate,3.4537980556488037,4.196416282653809,4.813328329722086,5.767907,0,0.0,3.4537980556488037,3.4537980556488037,0-10%,1598.0,773,4.630788485607009,0.017588580168238593,False,scRNA,LAM,0.0,0.6606932878494263,0.8679493069648743,0.0,1.142067313194275,0.0,0.0,0.6509619951248169,0.24775998294353485,0.655132532119751,0.6509619951248169,0.4169025421142578,1.9496574401855469,0.0,0.5405672192573547,0.0,0.04781316965818405,0.13213865458965302,1.3642024993896484,1.1376588344573975,0.0,0.0,0.43397465348243713,0.0,0.0,0.0,0.0,1.9820798635482788,0.0,2.6038479804992676,0.0,0.0,4.616358757019043,3.802314281463623,2.9843411445617676,0.0,0.0
GSE190260::LAM1163:CAACCAACAGCTCGAC-1,GSE190260::LAM1163:CAACCAACAGCTCGAC-1,State_16,LAM1163,GSE190260,primary_candidate,3.461442470550537,3.593642520904541,3.905572700500488,4.0602455,0,0.0,3.461442470550537,3.461442470550537,0-10%,732.0,396,1.7759562841530054,,False,scRNA-seq,LAM,0.0,1.114551067352295,1.114551067352295,0.0,0.0,0.0,0.0,1.4072723388671875,0.4179566502571106,0.9553294777870178,1.9786314964294434,0.792187511920929,1.7141989469528198,0.0,0.5480780005455017,0.0,0.1881657987833023,0.0,0.8359133005142212,0.3397526443004608,0.5480780005455017,0.0,1.3190876245498657,0.0,0.0,0.0,0.0,3.3436532020568848,0.0,3.3436532020568848,0.0,0.0,0.0,0.0,0.0,0.0,0.0
GSE302356::LAM10:CGAAGGCCAAACAACA-1,GSE302356::LAM10:CGAAGGCCAAACAACA-1,State_16,LAM3,GSE302356,primary_candidate,3.4719178676605225,3.7802695274353026,4.018365160624186,4.325497,0,0.0,3.4719178676605225,3.4719178676605225,0-10%,6323.0,2661,0.0,,False,scRNA-seq,LAM,0.7289697527885437,1.5502086877822876,2.2371373176574707,0.9957224130630493,0.0,0.09483813494443893,0.0,1.3846858739852905,0.3919113278388977,1.4601175785064697,1.8474664688110352,0.5871184468269348,0.43108245730400085,1.0450575351715088,0.17243297398090363,0.8300415873527527,0.6330153942108154,0.09508328884840012,0.6741597056388855,0.08621648699045181,0.5957258939743042,0.0,1.2316442728042603,0.0,0.0,2.1869091987609863,0.0,0.9483813643455505,3.702244520187378,3.3832879066467285,0.0,3.3281238079071045,0.0,0.0,0.0,0.0,0.0
GSE135851::LAM3:GAAATGATCATGGTCA-1,GSE135851::LAM3:GAAATGATCATGGTCA-1,State_16,LAM3,GSE135851,primary_candidate,3.4733004570007324,3.7021657466888427,3.9109066327412925,4.43906,0,0.0,3.4733004570007324,3.4733004570007324,0-10%,580.0,389,0.8620689655172413,0.017008945445382385,False,scRNA,LAM,0.0,0.9678975939750671,3.328312635421753,0.0,0.0,0.0,0.0,2.347336769104004,0.3629615902900696,1.1196671724319458,2.7934675216674805,0.0,1.6338120698928833,0.0,0.0,0.3629615902900696,0.15055567026138306,0.0,0.8922617435455322,0.8884053230285645,0.0,0.0,1.8623117208480835,0.0,0.0,0.0,2.9036927223205566,0.0,0.0,4.9339776039123535,5.050960540771484,0.0,0.0,0.0,0.0,0.0,0.0
GSE190260::LAM1163:AGGCCGTGTTGATTCG-1,GSE190260::LAM1163:AGGCCGTGTTGATTCG-1,State_16,LAM1163,GSE190260,primary_candidate,3.4808881282806396,3.8145001888275147,4.004927412668864,4.243539,0,0.0,3.4808881282806396,3.4808881282806396,0-10%,521.0,377,0.19193857965451055,,False,scRNA-seq,LAM,1.2244846820831299,1.356806755065918,1.524798035621643,0.0,0.0,0.0,0.0,2.1579980850219727,0.9679843187332153,1.759752631187439,3.0424728393554688,0.9772047996520996,1.2355027198791504,0.0,0.7039885520935059,0.375672310590744,0.2541184425354004,0.0,0.751344621181488,0.5464324355125427,0.5464324355125427,0.0,2.028315305709839,3.6734540462493896,0.0,0.0,0.0,4.070420265197754,0.0,4.574394226074219,0.0,0.0,0.0,0.0,0.0,0.0,0.0
GSE302356::LAM13:CGAATATGTGTGTGGT-1,GSE302356::LAM13:CGAATATGTGTGTGGT-1,State_16,LAM50,GSE302356,primary_candidate,3.4809348583221436,3.74913067817688,4.019511206944784,4.349561,0,0.0,3.4809348583221436,3.4809348583221436,0-10%,3116.0,1198,0.2246469833119384,,False,scRNA-seq,LAM,0.0,0.8757813572883606,0.4790942370891571,0.0,0.0,0.0,0.28745654225349426,0.6877386569976807,0.25049686431884766,0.5806609392166138,0.977412223815918,0.6256831884384155,0.0,1.3614877462387085,0.13066206872463226,0.5021764636039734,0.30829235911369324,0.0,0.5908666253089905,0.0,0.49502113461494446,0.0,0.6516081094741821,0.0,0.0,0.0,0.0,0.0,2.6273441314697266,1.437282681465149,0.0,0.0,0.0,0.0,0.0,0.0,0.0
GSE302356::LAM10:AGATGCTTCCGCAAAT-1,GSE302356::LAM10:AGATGCTTCCGCAAAT-1,State_16,LAM3,GSE302356,primary_candidate,3.4993836879730225,3.7184107303619385,3.9243839581807456,4.298932,0,0.0,3.4993836879730225,3.4993836879730225,0-10%,7846.0,3041,0.2549069589599796,,False,scRNA-seq,LAM,0.764909565448761,1.3127598762512207,2.4059371948242188,0.0,0.0,0.0,0.1643551141023636,1.7608273029327393,0.5950069427490234,1.5610612630844116,2.1663291454315186,0.29882746934890747,0.37353435158729553,0.7730332612991333,0.26456695795059204,0.8711057305335999,0.5946290493011475,0.0,1.238648533821106,0.14941373467445374,0.26456695795059204,0.11739650368690491,1.4442194700241089,0.0,0.0,2.2947287559509277,0.8217755556106567,0.8217755556106567,2.2947287559509277,4.69442081451416,0.0,2.523391008377075,0.0,0.0,0.0,0.0,0.0
GSE135851::LAM3:ATCTACTAGTGACATA-1,GSE135851::LAM3:ATCTACTAGTGACATA-1,State_16,LAM3,GSE135851,primary_candidate,3.5007288455963135,3.67063512802124,4.063086001078288,4.467462,0,0.0,3.5007288455963135,3.5007288455963135,0-10%,1108.0,697,0.9927797833935018,0.02070085238803951,False,scRNA,LAM,0.0,2.5470738410949707,1.7801095247268677,0.0,0.0,0.0,0.0,1.8752527236938477,1.3235396146774292,1.8545072078704834,2.3765134811401367,0.6362941265106201,1.6541237831115723,0.0,1.055404782295227,0.28813862800598145,0.2775745093822479,0.0,2.110400676727295,0.8382214903831482,0.20955537259578705,0.0,1.584342360496521,0.0,0.0,0.0,2.9470953941345215,4.694126129150391,0.0,5.340328693389893,0.0,0.0,0.0,0.0,0.0,0.0,0.0
GSE302356::LAM10:GATGACTTCGCTATGG-1,GSE302356::LAM10:GATGACTTCGCTATGG-1,State_16,LAM3,GSE302356,primary_candidate,3.503056287765503,3.6473995208740235,3.8286814212799074,4.097871,0,0.0,3.503056287765503,3.503056287765503,0-10%,11164.0,3324,0.04478681476173414,,False,scRNA-seq,LAM,0.5669548511505127,1.1031118631362915,1.9193750619888306,0.0,0.0,0.0,0.127921462059021,1.824353575706482,0.3725098967552185,1.1660934686660767,2.309061050415039,0.34801143407821655,0.3503437042236328,1.1758592128753662,0.058146119117736816,1.0659276247024536,0.6017064452171326,0.1133909672498703,0.781633734703064,0.23491676151752472,0.5719890594482422,0.0,1.5393739938735962,0.0,0.0,1.7008644342422485,0.639607310295105,0.0,2.6697282791137695,3.152454137802124,0.0,2.605670928955078,0.0,0.0,0.0,0.0,0.0
GSE190260::LAM1163:GGACGTCCACTGTTAG-1,GSE190260::LAM1163:GGACGTCCACTGTTAG-1,State_16,LAM1163,GSE190260,primary_candidate,3.5043256282806396,3.708813428878784,4.014014355341593,4.7405934,0,0.0,3.5043256282806396,3.5043256282806396,0-10%,1582.0,718,2.970922882427307,,False,scRNA-seq,LAM,0.0,0.6635874509811401,1.0896592140197754,0.0,0.0,0.0,0.0,1.3828320503234863,0.24884529411792755,0.7513914108276367,2.2000763416290283,0.18097840249538422,2.439072847366333,0.0,0.18097840249538422,0.0,0.12257321178913116,0.0,0.0,0.0,0.0,0.0,1.4667176008224487,0.0,0.0,0.0,0.0,1.9907623529434204,0.0,3.268977642059326,0.0,0.0,0.0,0.0,0.0,0.0,0.0
GSE302356::LAM10:AATCATGTCACGCATG-1,GSE302356::LAM10:AATCATGTCACGCATG-1,State_16,LAM3,GSE302356,primary_candidate,3.5085339546203613,3.755586576461792,4.030343437194825,4.4188147,0,0.0,3.5085339546203613,3.5085339546203613,0-10%,11633.0,3486,0.2406945757758102,,False,scRNA-seq,LAM,0.6879818439483643,2.026153087615967,2.3037760257720947,0.5001775026321411,0.0,0.0,0.0,1.326568365097046,0.8869284391403198,1.6951059103012085,1.8534475564956665,0.47585582733154297,0.5797843337059021,0.6734139323234558,0.3568243384361267,0.9937653541564941,0.6466196179389954,0.0,0.6710799336433411,0.23352380096912384,0.42887425422668457,0.0,1.2356317043304443,0.0,0.0,2.0639455318450928,2.3471624851226807,2.0639455318450928,1.6673516035079956,3.7233364582061768,0.6203740239143372,2.567617177963257,0.0,0.0,0.0,0.0,0.0
GSE302356::LAM13:GAGGTGAGTGAATCGC-1,GSE302356::LAM13:GAGGTGAGTGAATCGC-1,State_16,LAM50,GSE302356,primary_candidate,3.5141167640686035,3.675384998321533,3.9628308614095054,4.1387057,1,0.03333333333333333,3.5141167640686035,3.5141167640686035,0-10%,7218.0,3057,0.04156275976724855,,False,scRNA-seq,LAM,0.7900182008743286,1.4475457668304443,0.0,0.4346887171268463,0.0,0.13273006677627563,0.3280429244041443,0.9990214109420776,0.6969440579414368,0.9589560031890869,0.9990214109420776,0.5085699558258057,0.4784303307533264,0.9756724238395691,0.26977410912513733,0.6269104480743408,0.5134872198104858,0.0,1.066742181777954,0.22814473509788513,0.84416264295578,0.2343163788318634,0.8635188341140747,0.0,0.0,2.3700547218322754,0.0,1.3273006677627563,3.015336513519287,0.0,0.0,0.0,0.0,0.0,0.0,0.0,0.0
GSE135851::LAM3:TCCCGATGTCATATGC-1,GSE135851::LAM3:TCCCGATGTCATATGC-1,State_16,LAM3,GSE135851,primary_candidate,3.5198423862457275,4.0161768913269045,4.42584212621053,4.974765,0,0.0,3.5198423862457275,3.5198423862457275,0-10%,1234.0,592,2.4311183144246353,0.019411065627888555,False,scRNA,LAM,0.0,0.7362279891967773,2.3804848194122314,0.0,0.0,0.0,0.0,2.133270502090454,0.552170991897583,1.0202077627182007,3.1317765712738037,0.4015789031982422,2.0048389434814453,0.0,0.8610358834266663,0.0,0.19388802349567413,0.0,1.104341983795166,0.6023683547973633,0.2007894515991211,0.0,2.087851047515869,0.0,0.0,0.0,0.0,2.208683967590332,0.0,4.932770252227783,2.208683967590332,0.0,0.0,0.0,0.0,0.0,0.0
GSE302356::LAM10:AGCGGACCAGGACACA-1,GSE302356::LAM10:AGCGGACCAGGACACA-1,State_16,LAM3,GSE302356,primary_candidate,3.5269558429718018,3.603998613357544,3.8202836990356444,4.124168,0,0.0,3.5269558429718018,3.5269558429718018,0-10%,5986.0,2150,0.10023387905111927,,False,scRNA-seq,LAM,0.4893781840801239,0.5979021787643433,3.451132297515869,0.0,0.0,0.0,0.0,1.127996802330017,0.5305163860321045,1.007980227470398,1.5818780660629272,0.5218220353126526,0.22276586294174194,0.7392568588256836,0.16306422650814056,1.0441619157791138,0.5199370980262756,0.0,1.0500645637512207,0.08929908275604248,0.4922246038913727,0.0,1.054585337638855,1.4681345224380493,0.0,0.0,0.0,1.7937065362930298,0.0,3.794020175933838,3.1231284141540527,3.4362480640411377,0.0,0.0,0.0,0.0,0.0
GSE302356::LAM10:TGTGTGAGTAAGCTCA-1,GSE302356::LAM10:TGTGTGAGTAAGCTCA-1,State_16,LAM3,GSE302356,primary_candidate,3.527104377746582,3.9813709259033203,4.3577877680460615,4.9035954,0,0.0,3.527104377746582,3.527104377746582,0-10%,6283.0,2402,0.031831927423205474,,False,scRNA-seq,LAM,1.048272967338562,1.4577622413635254,2.5286636352539062,0.0,0.0680195763707161,0.0,0.0,1.6957120895385742,0.8396097421646118,1.6660552024841309,2.135446786880493,0.48414188623428345,0.7444883584976196,0.5225785374641418,0.32473263144493103,0.6514508128166199,0.562896728515625,0.0,0.6549462676048279,0.0,0.24597962200641632,0.0,1.4236313104629517,0.9522740244865417,0.0,2.192544937133789,0.0,2.6197850704193115,1.7535017728805542,4.144280910491943,0.0,3.4417099952697754,0.0,0.0,0.0,0.0,0.0
GSE190260::LAM1163:CTACATTTCAACCAAC-1,GSE190260::LAM1163:CTACATTTCAACCAAC-1,State_16,LAM1163,GSE190260,primary_candidate,3.542158842086792,3.793746566772461,4.069531599680583,4.425661,0,0.0,3.542158842086792,3.542158842086792,0-10%,835.0,477,0.3592814371257485,,False,scRNA-seq,LAM,0.0,1.0723192691802979,1.2029913663864136,0.0,0.0,0.0,0.0,1.3884763717651367,0.4021197259426117,0.9751331210136414,2.280456304550171,0.2924506962299347,2.3401224613189697,0.0,0.2924506962299347,0.0,0.12805379927158356,0.0,0.6407762765884399,0.2924506962299347,0.0,0.0,1.5203042030334473,0.0,0.0,0.0,0.0,3.2169578075408936,0.0,3.608973979949951,0.0,0.0,0.0,0.0,0.0,0.0,0.0
GSE302356::LAM10:GTTACGCCATAATGAG-1,GSE302356::LAM10:GTTACGCCATAATGAG-1,State_16,LAM3,GSE302356,primary_candidate,3.5447936058044434,3.8457427501678465,4.159442536036173,5.008493,0,0.0,3.5447936058044434,3.5447936058044434,0-10%,5012.0,2517,1.3766959297685555,,False,scRNA-seq,LAM,0.3656716048717499,0.0,2.3845157623291016,0.0,0.3864534795284271,0.2194029688835144,0.0,0.9580332636833191,0.2742536962032318,0.5228216648101807,1.2961002588272095,0.19945724308490753,0.8329212665557861,0.0,0.4225810170173645,0.0,0.19799679517745972,0.0,1.8923882246017456,0.49173372983932495,0.19945724308490753,0.0,0.8640668392181396,0.0,0.0,1.0970147848129272,0.0,0.0,0.0,2.562736749649048,2.195094108581543,2.3957161903381348,0.0,0.0,0.0,1.6075206995010376,0.0
GSE302356::LAM10:GGTTGACGTGTCCAGG-1,GSE302356::LAM10:GGTTGACGTGTCCAGG-1,State_16,LAM3,GSE302356,primary_candidate,3.5582315921783447,3.6635841846466066,3.8078556060791016,3.9392369,0,0.0,3.5582315921783447,3.5582315921783447,0-10%,4137.0,1835,1.015228426395939,,False,scRNA-seq,LAM,0.5879250168800354,1.5272610187530518,1.2913953065872192,0.0,0.0,0.0,0.0,0.7480745911598206,0.22047187387943268,1.2079955339431763,1.0284738540649414,0.9400361180305481,0.11171132326126099,1.413482904434204,0.3035668730735779,0.6409556269645691,0.5190948843955994,0.08192163705825806,1.55458402633667,0.0,0.8981146216392517,0.0,0.6856492161750793,0.0,0.0,1.7637749910354614,0.0,0.0,4.581782817840576,2.1104109287261963,0.0,1.7637749910354614,0.0,0.0,0.0,0.0,0.0
GSE302356::LAM13:TTTAGCAAGGAACGCG-1,GSE302356::LAM13:TTTAGCAAGGAACGCG-1,State_16,LAM50,GSE302356,primary_candidate,3.564375162124634,3.8468050003051757,4.079108746846517,4.513952,0,0.0,3.564375162124634,3.564375162124634,0-10%,5189.0,1948,0.15417228753131623,,False,scRNA-seq,LAM,0.3580101728439331,0.0,1.9694972038269043,0.0,0.0,0.0,0.31597328186035156,1.1120893955230713,0.13425381481647491,0.46262046694755554,1.5626869201660156,0.4825266897678375,0.5356581807136536,0.1534329205751419,0.0,0.7847805023193359,0.4627535343170166,0.0,0.9860222339630127,0.0,0.4825266897678375,0.2256951928138733,1.0417912006378174,0.0,0.0,1.0740305185317993,0.0,0.0,0.0,2.1643126010894775,1.5798664093017578,2.1643126010894775,0.0,0.0,0.0,0.0,0.0
GSE135851::LAM3:TTAACTCGTGTAATGA-1,GSE135851::LAM3:TTAACTCGTGTAATGA-1,State_16,LAM3,GSE135851,primary_candidate,3.5665950775146484,3.8839723110198974,4.22962794303894,4.786873,0,0.0,3.5665950775146484,3.5665950775146484,0-10%,1049.0,528,1.6205910390848428,0.014817491868449585,False,scRNA,LAM,0.0,0.7848342061042786,2.3542850017547607,0.0,0.1681787669658661,0.0,0.0,1.7876005172729492,0.29431283473968506,0.9169059991836548,2.314542055130005,0.4280914068222046,1.656358003616333,0.0,0.2140457034111023,0.0,0.14111872017383575,0.0,0.9712371230125427,0.4280914068222046,0.2140457034111023,0.0,1.5430279970169067,0.0,0.0,0.0,0.0,2.3545026779174805,0.0,4.063839435577393,2.9990158081054688,0.0,2.3545026779174805,0.0,0.0,0.0,0.0
GSE302356::LAM13:AATTGACGTTAGCAGC-1,GSE302356::LAM13:AATTGACGTTAGCAGC-1,State_16,LAM50,GSE302356,primary_candidate,3.568871021270752,3.834284782409668,4.160136127471924,4.5523944,0,0.0,3.568871021270752,3.568871021270752,0-10%,5080.0,1904,0.17716535433070865,,False,scRNA-seq,LAM,0.9394268989562988,0.0,0.7253720760345459,0.0,0.11405424773693085,0.0,0.0,1.0068066120147705,0.35228508710861206,0.55804842710495,1.143867015838623,0.6708747148513794,1.0629833936691284,0.5041542053222656,0.34362608194351196,0.4088982045650482,0.3484284579753876,0.0,0.9765847325325012,0.0,0.5186541676521301,0.2281084954738617,0.762578010559082,0.0,0.0,2.8182806968688965,0.0,0.0,0.0,1.0880581140518188,0.0,1.0880581140518188,0.0,0.0,0.0,0.0,0.0
GSE135851::LAM3:AGTAGTCCACCTCGTT-1,GSE135851::LAM3:AGTAGTCCACCTCGTT-1,State_16,LAM3,GSE135851,primary_candidate,3.576277732849121,3.7590062618255615,4.013271601994832,4.5123844,0,0.0,3.576277732849121,3.576277732849121,0-10%,891.0,465,1.3468013468013469,0.017588580168238593,False,scRNA,LAM,0.0,1.6688984632492065,1.2754402160644531,0.0,0.0,0.0,0.0,1.1855497360229492,0.6258369088172913,1.26185941696167,1.5798908472061157,0.2275770604610443,1.8946259021759033,0.0,0.4551541209220886,0.0,0.13656212389469147,0.16688984632492065,2.3710994720458984,0.7419477105140686,0.0,0.0,1.0532605648040771,0.0,0.0,0.0,2.503347635269165,2.503347635269165,0.0,3.8263206481933594,0.0,0.0,0.0,0.0,0.0,0.0,0.0
GSE135851::LAM1:TTTACTGTCCTACAGA-1,GSE135851::LAM1:TTTACTGTCCTACAGA-1,State_16,LAM1,GSE135851,primary_candidate,3.581878662109375,3.657602071762085,3.9129059155782064,4.4202766,6,0.2,3.581878662109375,3.581878662109375,0-10%,8163.0,2568,0.46551512924170035,0.08898678414096914,False,scRNA,LAM,1.2942873239517212,1.7327631711959839,3.107272148132324,0.39988741278648376,0.0,0.0,0.1599549651145935,2.1821889877319336,1.5568119287490845,1.8956716060638428,3.195753574371338,0.5452786087989807,1.7060264348983765,0.17691390216350555,0.7858137488365173,0.2999155521392822,0.5153563618659973,0.0,0.874395489692688,0.5834885239601135,0.4153496325016022,0.11425354331731796,2.130502462387085,3.083087205886841,0.0,0.7997748255729675,1.2383973598480225,3.9598922729492188,0.0,4.188549518585205,2.379575729370117,2.7536911964416504,0.0,0.0,0.0,0.0,0.0
GSE302356::LAM13:CTAAGTCAGCTGCACA-1,GSE302356::LAM13:CTAAGTCAGCTGCACA-1,State_16,LAM50,GSE302356,primary_candidate,3.5850040912628174,3.7531972408294676,4.004559723536174,4.862784,10,0.3333333333333333,3.5850040912628174,3.5850040912628174,0-10%,48066.0,6664,0.010402363416968334,,False,scRNA-seq,LAM,0.6502220034599304,0.22466158866882324,0.6657341122627258,0.2424897849559784,0.03835057094693184,0.0,0.09699591249227524,0.8200154304504395,0.2674589157104492,0.44423291087150574,0.7477443814277649,0.5664962530136108,0.6325104832649231,0.5313411951065063,0.2679685354232788,0.6223720908164978,0.36277544498443604,0.1346086859703064,1.4469469785690308,0.01718229427933693,0.24370543658733368,0.04970039427280426,0.49849626421928406,0.0,0.0,1.950666069984436,0.0,0.18900522589683533,0.4849795699119568,0.4849795699119568,0.0,1.5122226476669312,0.0,0.0,0.0,0.0,0.0
GSE190260::LAM1163:GGGCACTGTAGTAGTA-1,GSE190260::LAM1163:GGGCACTGTAGTAGTA-1,State_16,LAM1163,GSE190260,primary_candidate,3.590607166290283,3.9754594802856444,4.353134886423747,4.8080297,0,0.0,3.590607166290283,3.590607166290283,0-10%,1348.0,485,0.5934718100890207,,False,scRNA-seq,LAM,0.0,1.420279622077942,1.4713460206985474,0.0,0.0,0.0,0.0,1.6659350395202637,0.2663024365901947,1.239268183708191,2.4722297191619873,0.1936745047569275,2.2625863552093506,0.30434563755989075,0.1936745047569275,0.0,0.129844069480896,0.0,0.5326048731803894,0.1936745047569275,0.0,0.0,1.6481531858444214,0.0,0.0,0.0,0.0,2.1304194927215576,2.1304194927215576,4.414038181304932,0.0,0.0,0.0,0.0,0.0,0.0,0.0
GSE190260::LAM1163:TATGCCCGTTGGAGGT-1,GSE190260::LAM1163:TATGCCCGTTGGAGGT-1,State_16,LAM1163,GSE190260,primary_candidate,3.5937392711639404,4.020118761062622,4.378448820114135,4.766411,0,0.0,3.5937392711639404,3.5937392711639404,0-10%,881.0,461,2.837684449489217,,False,scRNA-seq,LAM,0.0,1.1856129169464111,1.1856129169464111,0.0,0.0,0.0,0.0,2.1427836418151855,0.4446048438549042,1.0162396430969238,2.747177839279175,0.3233489692211151,1.6576786041259766,0.0,0.3233489692211151,0.0,0.2112257480621338,0.0,0.9593407511711121,0.2877761125564575,0.0,0.0,1.8314518928527832,0.0,0.0,0.0,0.0,3.5568387508392334,0.0,3.5568387508392334,0.0,0.0,0.0,0.0,0.0,0.0,0.0
GSE135851::LAM3:GTTAAGCAGCTGTCTA-1,GSE135851::LAM3:GTTAAGCAGCTGTCTA-1,State_16,LAM3,GSE135851,primary_candidate,3.595651149749756,3.7850061416625977,4.037323808670044,4.3547306,0,0.0,3.595651149749756,3.595651149749756,0-10%,559.0,383,3.9355992844364938,0.022055763628797333,False,scRNA,LAM,0.0,0.9795281291007996,0.9795281291007996,0.0,0.0,0.0,0.0,1.1852591037750244,0.36732304096221924,0.8395954966545105,1.5525822639465332,0.26714402437210083,1.5534766912460327,0.0,0.5342880487442017,0.0,0.13227711617946625,0.0,1.805737018585205,0.5342880487442017,0.26714402437210083,0.0,1.0350548028945923,0.0,0.0,0.0,0.0,2.938584327697754,0.0,2.938584327697754,0.0,0.0,0.0,0.0,0.0,0.0,0.0
GSE135851::LAM3:CACACCTTCAAACCAC-1,GSE135851::LAM3:CACACCTTCAAACCAC-1,State_16,LAM3,GSE135851,primary_candidate,3.5957372188568115,3.7666598320007325,4.158323574066162,4.6614065,0,0.0,3.5957372188568115,3.5957372188568115,0-10%,580.0,349,1.896551724137931,0.013296011196641007,False,scRNA,LAM,0.0,0.9678975939750671,2.5683889389038086,0.0,0.0,0.0,0.5807385444641113,2.4712772369384766,0.3629615902900696,1.1007381677627563,3.102647304534912,0.26397207379341125,1.3550996780395508,0.0,0.26397207379341125,0.0,0.14217278361320496,0.0,1.1170709133148193,1.1523773670196533,0.0,0.41481325030326843,2.0684316158294678,0.0,0.0,0.0,0.0,2.9036927223205566,0.0,4.801474094390869,2.9036927223205566,0.0,0.0,0.0,0.0,0.0,0.0
GSE302356::LAM10:AACTCACAGGCCAATT-1,GSE302356::LAM10:AACTCACAGGCCAATT-1,State_16,LAM3,GSE302356,primary_candidate,3.601337194442749,4.013838911056519,4.331149689356486,5.221979,1,0.03333333333333333,3.601337194442749,3.601337194442749,0-10%,4673.0,2252,0.12839717526214423,,False,scRNA-seq,LAM,0.9237724542617798,1.2598707675933838,0.5546360611915588,0.0,0.0,0.0,0.0,0.20798853039741516,0.3464146554470062,0.9358471035957336,0.35101449489593506,0.6396726965904236,0.20803777873516083,0.862454354763031,0.31205666065216064,0.7800988554954529,0.49917125701904297,0.07628051936626434,1.140225887298584,0.25528326630592346,0.8655393123626709,0.0,0.4010230004787445,0.0,0.0,2.77131724357605,0.0,0.0,3.7796123027801514,0.0,0.0,1.6639082431793213,0.0,0.0,0.0,0.0,0.0
GSE302356::LAM10:AGGGTTGCAAGGTCGA-1,GSE302356::LAM10:AGGGTTGCAAGGTCGA-1,State_16,LAM3,GSE302356,primary_candidate,3.6038944721221924,3.8113130569458007,3.9872034072875975,4.0949807,0,0.0,3.6038944721221924,3.6038944721221924,0-10%,5664.0,2338,0.01765536723163842,,False,scRNA-seq,LAM,1.5860437154769897,2.5064637660980225,2.4105682373046875,0.0,0.0,0.0,0.0,1.5776653289794922,1.2582247257232666,2.2670907974243164,1.8313573598861694,0.9527944326400757,0.1849517673254013,1.1959154605865479,0.4825151562690735,0.8141072392463684,0.6730309724807739,0.0,1.3755311965942383,0.09247588366270065,0.8973026871681213,0.0,1.2209049463272095,1.5109589099884033,0.0,3.2471723556518555,1.0172346830368042,2.450420379638672,4.051735877990723,3.592113494873047,0.0,3.6395912170410156,0.0,0.0,0.0,0.0,0.0
GSE135851::LAM3:ATCTACTCACACCGAC-1,GSE135851::LAM3:ATCTACTCACACCGAC-1,State_16,LAM3,GSE135851,primary_candidate,3.605029821395874,3.9110511302948,4.282569360733032,4.776112,0,0.0,3.605029821395874,3.605029821395874,0-10%,1501.0,564,0.866089273817455,0.014817491868449585,False,scRNA,LAM,0.0,1.237640619277954,2.351919651031494,0.0,0.0,0.0,0.0,2.5432116985321045,0.4641152322292328,1.1581019163131714,3.167498826980591,0.5226567387580872,2.0744550228118896,0.0,0.7077751755714417,0.0,0.20996694266796112,0.0,0.8838674426078796,0.5553552508354187,0.1851184219121933,0.0,2.111665725708008,0.0,0.0,0.0,0.0,3.7129218578338623,0.0,4.393791198730469,0.0,2.6619679927825928,0.0,0.0,0.0,0.0,0.0
GSE190260::LAM1163:GGATTACAGAGTAAGG-1,GSE190260::LAM1163:GGATTACAGAGTAAGG-1,State_16,LAM1163,GSE190260,primary_candidate,3.608172655105591,3.8339276790618895,3.9815916220347085,4.3587484,0,0.0,3.608172655105591,3.608172655105591,0-10%,3194.0,1149,4.53976205385097,,False,scRNA-seq,LAM,0.4728293716907501,0.4728293716907501,0.8681425452232361,0.0,0.5114778876304626,0.0,0.0,0.7506918907165527,0.3546220362186432,0.7773433923721313,0.9985193610191345,0.34178027510643005,2.135967969894409,0.0,0.6509718894958496,0.0,0.12279123812913895,0.0,0.3546220362186432,0.1289534717798233,0.21282681822776794,0.0,0.6656795740127563,1.4184881448745728,0.0,0.0,0.0,1.4184881448745728,0.0,2.6044275760650635,0.0,0.0,0.0,0.0,0.0,0.0,2.341094970703125
GSE135851::LAM3:GTAGGCCTCCACGACG-1,GSE135851::LAM3:GTAGGCCTCCACGACG-1,State_16,LAM3,GSE135851,primary_candidate,3.6090338230133057,3.8794820308685303,4.196911001205445,4.616993,0,0.0,3.6090338230133057,3.6090338230133057,0-10%,535.0,320,2.2429906542056073,0.02004811547714515,False,scRNA,LAM,0.9933972358703613,1.215873122215271,1.5762367248535156,1.490095853805542,0.21287083625793457,0.0,0.0,1.9272254705429077,0.8284763693809509,1.622360110282898,2.4327707290649414,0.699271023273468,1.7198301553726196,0.0,1.0308728218078613,0.0,0.1316450536251068,0.0,0.745047926902771,0.33160173892974854,0.27092650532722473,0.0,1.621847152709961,2.980191707611084,0.0,0.0,0.0,3.6476192474365234,0.0,4.728710174560547,0.0,0.0,0.0,2.980191707611084,0.0,0.0,0.0
GSE190260::LAM1163:GCACTCTAGACGCACA-1,GSE190260::LAM1163:GCACTCTAGACGCACA-1,State_16,LAM1163,GSE190260,primary_candidate,3.6157050132751465,3.8637044429779053,4.447255563735962,5.3048835,0,0.0,3.6157050132751465,3.6157050132751465,0-10%,5129.0,2212,3.957886527588224,,False,scRNA-seq,LAM,0.360567569732666,0.7915883660316467,0.360567569732666,0.0,1.017896294593811,0.0,0.0,0.4070396423339844,0.4320584833621979,0.6483100652694702,0.5422524809837341,0.31422436237335205,1.5629645586013794,0.0,0.31422436237335205,0.0,0.1210377886891365,0.0,0.39727795124053955,0.5926406383514404,0.0983366072177887,0.0,0.36150166392326355,1.081702709197998,0.0,0.0,0.0,2.374765157699585,0.0,1.081702709197998,0.0,0.0,1.5891118049621582,3.111142635345459,2.174614429473877,0.0,1.081702709197998
GSE135851::LAM3:AGGGAGTGTACATCCA-1,GSE135851::LAM3:AGGGAGTGTACATCCA-1,State_16,LAM3,GSE135851,primary_candidate,3.622342109680176,3.871693563461304,4.218965514500936,4.7619095,0,0.0,3.622342109680176,3.622342109680176,0-10%,2016.0,882,0.6944444444444444,0.013296011196641007,False,scRNA,LAM,0.0,0.9217068552970886,1.6585644483566284,0.8925619125366211,0.0,0.0,0.35702475905418396,2.1096863746643066,0.34564006328582764,1.1058305501937866,3.0588736534118652,0.41365858912467957,1.9436938762664795,0.0,0.46870678663253784,0.0,0.2743302583694458,0.0,0.5976635217666626,1.1518851518630981,0.3796161711215973,0.5100353956222534,2.0392489433288574,0.0,0.0,0.0,0.0,2.765120506286621,0.0,4.975693225860596,0.0,0.0,0.0,0.0,0.0,0.0,0.0
GSE302356::LAM10:TCGTTACGTCCGGTTC-1,GSE302356::LAM10:TCGTTACGTCCGGTTC-1,State_16,LAM3,GSE302356,primary_candidate,3.627208709716797,4.040703296661377,4.294517358144124,4.551867,0,0.0,3.627208709716797,3.627208709716797,0-10%,7114.0,2860,0.11245431543435479,,False,scRNA-seq,LAM,0.9862493276596069,1.5368925333023071,2.0997612476348877,0.43891608715057373,0.0,0.0,0.0,0.9546586871147156,0.7828258872032166,1.5938401222229004,1.3504512310028076,0.3516134023666382,0.15960584580898285,0.8838912844657898,0.22997833788394928,0.804602861404419,0.5780010223388672,0.18455584347248077,1.3737670183181763,0.12163504958152771,0.20143796503543854,0.0,0.9003008604049683,0.0,0.0,2.9587481021881104,0.0,1.6519296169281006,2.9587481021881104,3.5874547958374023,0.0,2.7118289470672607,0.0,0.0,0.0,0.0,0.0
GSE190260::LAM1163:GTGCATACACCGGAAA-1,GSE190260::LAM1163:GTGCATACACCGGAAA-1,State_16,LAM1163,GSE190260,primary_candidate,3.6343815326690674,4.0047354221344,4.40020801226298,5.1875105,0,0.0,3.6343815326690674,3.6343815326690674,0-10%,4410.0,1567,1.655328798185941,,False,scRNA-seq,LAM,0.39468255639076233,0.39468255639076233,1.9069604873657227,0.0,0.12222272902727127,0.0,0.23680953681468964,1.7308350801467896,0.29601192474365234,0.7419729828834534,2.2327065467834473,0.4305627942085266,1.9712274074554443,0.0,0.32292211055755615,0.14800596237182617,0.2106606364250183,0.0,0.42777955532073975,0.2284248322248459,0.2152813971042633,0.16914966702461243,1.4884711503982544,1.1840476989746094,0.0,0.0,0.0,1.1840476989746094,0.0,2.8257155418395996,1.1840476989746094,1.711118221282959,0.0,0.0,0.0,0.0,1.711118221282959
GSE135851::LAM3:GTCTCGTCACTAGTAC-1,GSE135851::LAM3:GTCTCGTCACTAGTAC-1,State_16,LAM3,GSE135851,primary_candidate,3.6457459926605225,3.9128058433532713,4.205777168273926,4.6512733,0,0.0,3.6457459926605225,3.6457459926605225,0-10%,691.0,396,2.6049204052098407,0.0137922904632795,False,scRNA,LAM,0.0,1.133104681968689,2.2715468406677246,0.0,0.0,0.0,0.0,1.8002262115478516,0.42491427063941956,1.0678480863571167,2.8529160022735596,0.5580301880836487,1.2933892011642456,0.0,0.3090285658836365,0.0,0.13980987668037415,0.0,1.0189056396484375,0.0,0.0,0.0,1.9019440412521362,0.0,0.0,0.0,0.0,3.3993141651153564,0.0,4.07562255859375,0.0,2.7390177249908447,0.0,0.0,0.0,0.0,0.0
GSE302356::LAM10:ACCAGGACAGGCTACT-1,GSE302356::LAM10:ACCAGGACAGGCTACT-1,State_16,LAM3,GSE302356,primary_candidate,3.6520683765411377,3.8845641136169435,4.018937015533448,4.251963,0,0.0,3.6520683765411377,3.6520683765411377,0-10%,6358.0,2526,0.06291286568103177,,False,scRNA-seq,LAM,1.6497595310211182,2.1007001399993896,2.0608599185943604,0.47250160574913025,0.0,0.0,0.0,1.3816617727279663,1.1325050592422485,2.135462760925293,1.833616018295288,0.41624635457992554,0.41624635457992554,1.106386423110962,0.2444276064634323,1.0960090160369873,0.6613901257514954,0.06300021708011627,0.8225884437561035,0.08590938150882721,0.34363752603530884,0.0,1.3011609315872192,1.4220579862594604,0.0,3.5272204875946045,1.4220579862594604,1.743700385093689,3.1363418102264404,3.6968610286712646,0.0,2.4857189655303955,0.0,0.0,0.0,0.0,0.0
GSE302356::LAM10:TGTGTTAAGCATGACT-1,GSE302356::LAM10:TGTGTTAAGCATGACT-1,State_16,LAM3,GSE302356,primary_candidate,3.6542179584503174,3.8449951171875,3.9873626391092936,4.434904,0,0.0,3.6542179584503174,3.6542179584503174,0-10%,4380.0,2091,0.2511415525114155,,False,scRNA-seq,LAM,1.5827268362045288,1.8289098739624023,1.9301400184631348,0.0,0.0,0.0,0.0,1.3104674816131592,1.0315887928009033,1.8847416639328003,1.794744610786438,1.5294034481048584,0.4322871267795563,0.9826752543449402,0.7036538124084473,1.2653570175170898,0.6330549716949463,0.0,0.5789350271224976,0.3185936212539673,1.2705281972885132,0.0,1.1964963674545288,2.0604262351989746,0.0,2.6877543926239014,0.0,2.3157401084899902,3.1709892749786377,2.9582817554473877,0.0,2.8321382999420166,0.0,0.0,0.0,0.0,0.0
GSE302356::LAM13:TAACCTAAGCAGGCCT-1,GSE302356::LAM13:TAACCTAAGCAGGCCT-1,State_16,LAM50,GSE302356,primary_candidate,3.6542420387268066,3.75105996131897,3.999121602376302,4.7113643,5,0.16666666666666666,3.6542420387268066,3.6542420387268066,0-10%,22471.0,4570,0.03560144185839526,,False,scRNA-seq,LAM,0.4334070384502411,1.1279170513153076,0.513027548789978,0.0,0.0,0.0,0.07362435758113861,0.9186614155769348,0.1625276356935501,0.8364190459251404,1.0152703523635864,0.44156619906425476,0.7603927850723267,0.867438018321991,0.15988367795944214,0.4527795910835266,0.430806040763855,0.024541452527046204,1.4322028160095215,0.06693123281002045,0.3502282202243805,0.0,0.7075237035751343,0.0,0.0,1.3002210855484009,0.0,0.0,3.383751153945923,1.1709609031677246,0.0,0.36812180280685425,0.0,0.0,0.0,0.0,0.0
GSE135851::LAM3:TCTTTCCGTACATGTC-1,GSE135851::LAM3:TCTTTCCGTACATGTC-1,State_16,LAM3,GSE135851,primary_candidate,3.6546630859375,3.894446039199829,4.209629774093628,4.641112,0,0.0,3.6546630859375,3.6546630859375,0-10%,629.0,396,1.7488076311605723,0.014299332697807437,False,scRNA,LAM,0.0,1.3893686532974243,1.7232688665390015,0.0,0.0,0.0,0.0,2.0920088291168213,0.5210132598876953,1.3339874744415283,2.6630585193634033,0.37891873717308044,1.441593050956726,0.0,0.37891873717308044,0.0,0.12896567583084106,0.1884806752204895,1.0420265197753906,0.8916230797767639,0.2570191025733948,0.0,1.7753722667694092,0.0,0.0,0.0,0.0,4.1681060791015625,0.0,5.169806480407715,0.0,0.0,0.0,0.0,0.0,0.0,0.0
GSE302356::LAM10:CTATTGAAGGACCGCT-1,GSE302356::LAM10:CTATTGAAGGACCGCT-1,State_16,LAM3,GSE302356,primary_candidate,3.6551690101623535,3.9944942474365233,4.273111661275228,5.0421057,1,0.03333333333333333,3.6551690101623535,3.6551690101623535,0-10%,4584.0,2316,0.19633507853403143,,False,scRNA-seq,LAM,0.6736063957214355,1.00897216796875,0.0,0.0,0.0,0.16795238852500916,0.0,0.14466913044452667,0.3972715139389038,0.7211050987243652,0.25260239839553833,0.5778495073318481,0.36311182379722595,0.9516340494155884,0.5699120759963989,1.2386409044265747,0.42730486392974854,0.0,1.2870594263076782,0.31564173102378845,0.5778495073318481,0.0,0.1684015989303589,0.0,0.0,2.0208191871643066,0.0,0.0,3.026916265487671,0.0,0.0,0.0,0.0,0.0,0.0,0.0,0.0
GSE190260::LAM1163:ACTGCTCCAGTGACAG-1,GSE190260::LAM1163:ACTGCTCCAGTGACAG-1,State_16,LAM1163,GSE190260,primary_candidate,3.655716896057129,3.890414094924927,4.145911995569865,4.506229,0,0.0,3.655716896057129,3.655716896057129,0-10%,763.0,470,0.0,,False,scRNA-seq,LAM,0.8822038173675537,0.8822038173675537,2.4751200675964355,1.3233057260513306,0.0,0.26466113328933716,0.0,1.5385786294937134,0.6616528630256653,1.438853144645691,2.3666889667510986,1.2030051946640015,1.6504724025726318,0.0,0.7218031287193298,0.0,0.2212415635585785,0.0,0.9242024421691895,0.38160592317581177,1.057876706123352,0.0,1.5777926445007324,2.646611452102661,0.0,0.0,0.0,2.646611452102661,0.0,4.778748989105225,2.646611452102661,0.0,0.0,0.0,0.0,0.0,0.0
GSE302356::LAM13:TATGTGATCCTTAAGA-1,GSE302356::LAM13:TATGTGATCCTTAAGA-1,State_16,LAM50,GSE302356,primary_candidate,3.6560115814208984,3.8065425395965575,4.135706822077434,4.3461943,0,0.0,3.6560115814208984,3.6560115814208984,0-10%,3914.0,1868,0.025549310168625446,,False,scRNA-seq,LAM,0.6033014059066772,0.0,0.719756007194519,0.0,0.0,0.29383423924446106,0.0,0.4961465299129486,0.22623802721500397,0.5670245885848999,0.8452688455581665,0.5596799850463867,0.7902864813804626,0.8144385814666748,0.0,0.6912689805030823,0.3830656409263611,0.0,0.6982446312904358,0.11530324071645737,0.5596799850463867,0.18119080364704132,0.5635125637054443,0.0,0.0,1.8099042177200317,0.0,0.0,0.0,2.1592681407928467,0.0,0.0,0.0,0.0,0.0,0.0,0.0
GSE302356::LAM10:GACCTGCAGAACCTGT-1,GSE302356::LAM10:GACCTGCAGAACCTGT-1,State_16,LAM3,GSE302356,primary_candidate,3.6567819118499756,3.794575595855713,3.9802716096242268,4.3712087,0,0.0,3.6567819118499756,3.6567819118499756,0-10%,12515.0,3707,0.04794246903715541,,False,scRNA-seq,LAM,0.760435163974762,1.7191449403762817,2.189743757247925,0.0,0.0,0.0,0.19095471501350403,1.4699876308441162,0.6173006892204285,1.6640291213989258,1.8419512510299683,0.6188914775848389,0.38714203238487244,0.6943004131317139,0.18376588821411133,0.8611457347869873,0.634116530418396,0.13476164638996124,0.5490396618843079,0.14018431305885315,0.8185422420501709,0.0,1.2279675006866455,0.0,0.0,2.2813055515289307,1.2229290008544922,1.4341709613800049,2.5003349781036377,4.209463596343994,0.0,2.3597679138183594,0.0,0.0,0.0,0.0,0.0
GSE135851::LAM3:GCACTCTGTCTCTCGT-1,GSE135851::LAM3:GCACTCTGTCTCTCGT-1,State_16,LAM3,GSE135851,primary_candidate,3.6570982933044434,3.780872440338135,3.966035032272339,4.359308,0,0.0,3.6570982933044434,3.6570982933044434,0-10%,541.0,357,2.587800369685767,0.017588580168238593,False,scRNA,LAM,0.9898695349693298,1.2122529745101929,3.3365118503570557,0.0,0.21211490035057068,0.0,0.0,1.7228291034698486,0.8257958889007568,1.7570360898971558,2.3628463745117188,0.6005788445472717,1.471122145652771,0.0,0.6005788445472717,0.0,0.13880936801433563,0.0,1.2507755756378174,0.6623871326446533,0.33061444759368896,0.0,1.5752309560775757,2.9696085453033447,0.0,0.0,0.0,3.636758804321289,0.0,5.692885398864746,4.316649913787842,0.0,0.0,0.0,2.9696085453033447,0.0,0.0
GSE135851::LAM3:AGGCCACAGGTGCACA-1,GSE135851::LAM3:AGGCCACAGGTGCACA-1,State_16,LAM3,GSE135851,primary_candidate,3.659147024154663,3.9095508098602294,4.225930515925089,4.708711,0,0.0,3.659147024154663,3.659147024154663,0-10%,1354.0,531,0.4431314623338257,0.016442451420029893,False,scRNA,LAM,0.0,1.4385186433792114,1.4385186433792114,0.0,0.0,0.0,0.0,2.0194711685180664,0.5394445061683655,1.233016014099121,2.8663101196289062,0.5856420993804932,1.9488176107406616,0.0,0.7789609432220459,0.0,0.2032698541879654,0.0,1.3171963691711426,0.19331882894039154,0.0,0.0,1.9108734130859375,0.0,0.0,0.0,0.0,4.315556049346924,0.0,4.315556049346924,0.0,0.0,0.0,0.0,0.0,0.0,0.0
GSE190260::LAM1163:TGGGCGTCACAAGTAA-1,GSE190260::LAM1163:TGGGCGTCACAAGTAA-1,State_16,LAM1163,GSE190260,primary_candidate,3.667680025100708,3.910398578643799,4.246045398712158,5.052364,0,0.0,3.667680025100708,3.667680025100708,0-10%,6923.0,2095,3.5244836053733932,,False,scRNA-seq,LAM,0.4527105391025543,0.2979414761066437,0.4527105391025543,0.0,0.7885713577270508,0.0,0.0,0.6024707555770874,0.28149449825286865,0.5157268047332764,0.8259268403053284,0.08125676214694977,2.1205432415008545,0.0,0.23343725502490997,0.0,0.08421561121940613,0.0,0.22345609962940216,1.4773558378219604,0.08125676214694977,0.0,0.5506178736686707,1.3581316471099854,0.0,0.0,0.0,0.8938243985176086,0.0,1.3581316471099854,0.0,0.0,0.0,0.0,0.0,1.3581316471099854,2.4079556465148926
GSE135851::LAM4:CGGAGTCCACATCCAA-1,GSE135851::LAM4:CGGAGTCCACATCCAA-1,State_16,LAM4,GSE135851,primary_candidate,3.6698617935180664,3.814473581314087,3.9616360505421957,4.464849,0,0.0,3.6698617935180664,3.6698617935180664,0-10%,956.0,601,0.0,0.03806794924273435,False,snRNA,LAM,1.1591880321502686,1.5184577703475952,3.1080143451690674,1.219442367553711,0.17420604825019836,0.0,0.0,2.3886845111846924,1.308977723121643,1.911574363708496,2.958106279373169,0.6358416080474854,0.818533718585968,0.0,0.8575584292411804,0.0,0.19883506000041962,0.0,2.3755667209625244,0.5023915767669678,0.0,0.0,1.9720708131790161,3.4775640964508057,0.0,0.0,0.0,4.555373191833496,0.0,5.34808349609375,3.9759597778320312,0.0,0.0,0.0,2.438884735107422,0.0,0.0
GSE135851::LAM3:TCAGGATAGAGGACGG-1,GSE135851::LAM3:TCAGGATAGAGGACGG-1,State_16,LAM3,GSE135851,primary_candidate,3.676002264022827,3.9583569526672364,4.302302487691244,4.844841,0,0.0,3.676002264022827,3.676002264022827,0-10%,1047.0,497,1.0506208213944603,0.02823638327418608,False,scRNA,LAM,0.0,1.0002764463424683,2.56955885887146,0.0,0.0,0.0,0.0,2.112705707550049,0.3751036524772644,1.193325161933899,2.6398823261260986,0.4870053827762604,1.6512202024459839,0.0,0.7598080635070801,0.0,0.12852638959884644,0.0,0.8473933339118958,0.8568109273910522,0.0,0.0,1.7599215507507324,0.0,0.0,0.0,0.0,3.0008292198181152,0.0,5.352446556091309,2.3562300205230713,0.0,0.0,0.0,0.0,0.0,0.0
GSE135851::LAM3:GCAGCCACAACGATGG-1,GSE135851::LAM3:GCAGCCACAACGATGG-1,State_16,LAM3,GSE135851,primary_candidate,3.679062604904175,3.813696765899658,4.150196425120035,4.58909,0,0.0,3.679062604904175,3.679062604904175,0-10%,686.0,401,1.1661807580174928,0.015888656238453012,False,scRNA,LAM,0.0,0.9152707457542419,2.6651625633239746,0.0,0.0,0.0,0.0,1.9855515956878662,0.34322652220726013,1.1422125101089478,2.58148193359375,0.4992385804653168,1.8008450269699097,0.0,0.2496192902326584,0.0,0.12198527157306671,0.0,1.075631856918335,0.2496192902326584,0.5951360464096069,0.0,1.7209880352020264,0.0,0.0,0.0,0.0,2.745812177658081,0.0,5.249675273895264,2.745812177658081,0.0,0.0,0.0,0.0,0.0,0.0
GSE302356::LAM10:CCAAGTTAGTTCCCAC-1,GSE302356::LAM10:CCAAGTTAGTTCCCAC-1,State_16,LAM3,GSE302356,primary_candidate,3.684007406234741,3.9697567939758303,4.262490018208822,4.808626,0,0.0,3.684007406234741,3.684007406234741,0-10%,4307.0,1479,0.11609008590666357,,False,scRNA-seq,LAM,0.6917026042938232,0.0,1.679500937461853,0.6002536416053772,0.0,0.12005073577165604,0.0,1.4272342920303345,0.4757038354873657,1.0162301063537598,2.1508500576019287,0.5329145789146423,0.4847313463687897,0.29644396901130676,0.10913702845573425,0.5795342922210693,0.46388155221939087,0.08003382384777069,0.8828520774841309,0.0,0.5810977816581726,0.0,1.433899998664856,0.0,0.0,2.0751078128814697,0.0,0.0,0.0,5.0385026931762695,0.0,0.0,0.0,0.0,0.0,0.0,0.0
GSE302356::LAM10:AACGCTAGTTGACTTC-1,GSE302356::LAM10:AACGCTAGTTGACTTC-1,State_16,LAM3,GSE302356,primary_candidate,3.6897494792938232,4.177263879776001,4.438246075312296,4.7673225,0,0.0,3.6897494792938232,3.6897494792938232,0-10%,4315.0,1760,0.046349942062572425,,False,scRNA-seq,LAM,0.7764086127281189,1.1761455535888672,2.0767107009887695,0.8644980788230896,0.0,0.0,0.0,1.200766682624817,0.7322077751159668,1.169555425643921,1.6551865339279175,0.5388052463531494,0.5450957417488098,0.912492573261261,0.0,0.6555795669555664,0.5242853760719299,0.0,0.9752265214920044,0.0,0.5388052463531494,0.0,1.1034576892852783,0.0,0.0,2.329225778579712,1.1992106437683105,0.0,2.329225778579712,2.329225778579712,1.1992106437683105,2.701695442199707,0.0,0.0,0.0,0.0,0.0
GSE190260::LAM1163:GCTGCGATCACCATAG-1,GSE190260::LAM1163:GCTGCGATCACCATAG-1,State_16,LAM1163,GSE190260,primary_candidate,3.696897029876709,3.8800143241882323,4.111049175262451,4.5567594,0,0.0,3.696897029876709,3.696897029876709,0-10%,625.0,388,0.32,,False,scRNA-seq,LAM,0.0,0.9444044232368469,2.970869302749634,0.0,0.0,0.0,0.0,1.7544136047363281,0.3541516661643982,1.1784733533859253,2.462717056274414,0.5151296854019165,2.016780138015747,0.0,0.5151296854019165,0.0,0.17712914943695068,0.0,0.8741269111633301,0.0,0.25756484270095825,0.0,1.6418112516403198,0.0,0.0,0.0,0.0,2.8332133293151855,0.0,5.41610050201416,3.4965076446533203,0.0,0.0,0.0,0.0,0.0,0.0
GSE302356::LAM13:GCCCAAATCAGGTTTA-1,GSE302356::LAM13:GCCCAAATCAGGTTTA-1,State_16,LAM50,GSE302356,primary_candidate,3.698843479156494,4.106740093231201,4.427141030629476,5.3195415,3,0.1,3.698843479156494,3.698843479156494,0-10%,17837.0,4885,0.12333912653473118,,False,scRNA-seq,LAM,0.3921179175376892,0.8184930682182312,0.8180134892463684,0.0,0.0,0.0,0.08901822566986084,0.7773467898368835,0.14704422652721405,0.7619801163673401,1.0104386806488037,0.37238502502441406,0.7340198755264282,1.2079328298568726,0.3111926019191742,0.5135431289672852,0.36517614126205444,0.029672741889953613,0.6717023849487305,0.08092565834522247,0.22309458255767822,0.06358444690704346,0.6736258268356323,0.0,0.0,1.1763538122177124,0.0,0.0,2.455479145050049,1.7020279169082642,0.0,0.7520124912261963,0.0,0.0,0.0,0.0,0.0
GSE135851::LAM3:GCGGGTTTCACTATTC-1,GSE135851::LAM3:GCGGGTTTCACTATTC-1,State_16,LAM3,GSE135851,primary_candidate,3.70125150680542,3.945258951187134,4.228167804082235,4.8178043,0,0.0,3.70125150680542,3.70125150680542,0-10%,530.0,331,1.320754716981132,0.015347137637028016,False,scRNA,LAM,0.0,1.2189217805862427,1.445640206336975,0.0,0.0,0.0,0.0,2.0147042274475098,0.4570956826210022,1.1419551372528076,2.6069562435150146,0.33243322372436523,2.2067761421203613,0.0,0.6041702032089233,0.7472766637802124,0.12341123074293137,0.0,1.1845043897628784,0.8152108788490295,0.2717369794845581,0.0,1.7379708290100098,0.0,0.0,0.0,0.0,3.6567654609680176,0.0,4.336920738220215,0.0,0.0,0.0,0.0,0.0,0.0,0.0
GSE135851::LAM3:ACATACGTCTTGAGAC-1,GSE135851::LAM3:ACATACGTCTTGAGAC-1,State_16,LAM3,GSE135851,primary_candidate,3.701996326446533,4.046389627456665,4.575178988774618,5.3034973,0,0.0,3.701996326446533,3.701996326446533,0-10%,4701.0,1419,4.956392256966603,0.08108108108108107,False,scRNA,LAM,0.0,1.1060456037521362,1.1307870149612427,0.5700701475143433,0.7900952100753784,0.0,0.0,1.1628303527832031,0.4147671163082123,0.7957653403282166,1.8322746753692627,0.2544735372066498,2.2172322273254395,0.0,0.46177175641059875,0.14251753687858582,0.15121081471443176,0.0,1.6432459354400635,1.214745044708252,0.10364911705255508,0.0,1.221516489982605,0.0,0.0,0.0,1.6590684652328491,1.6590684652328491,0.0,2.252220630645752,0.0,1.1401402950286865,3.1945533752441406,3.7236897945404053,3.0029492378234863,0.0,0.0
GSE302356::LAM4:GTCTTTATCCTGGCTT-1,GSE302356::LAM4:GTCTTTATCCTGGCTT-1,State_16,LAM18,GSE302356,primary_candidate,3.7037265300750732,4.842495679855347,5.401883427302042,6.233858,0,0.0,3.7037265300750732,3.7037265300750732,0-10%,5313.0,1955,9.354413702239789,,False,scRNA-seq,LAM,0.0,0.35284850001335144,0.7144790887832642,0.0,2.033078193664551,0.0,0.0,0.7277112007141113,0.1323181837797165,0.45742613077163696,0.860029399394989,0.23815517127513885,1.6771485805511475,0.0,0.23815517127513885,0.0,0.09390080720186234,0.0,0.0,0.21298648416996002,0.0,0.0,0.6615650653839111,0.0,0.0,0.0,0.0,1.058545470237732,0.0,2.143437385559082,0.0,0.0,4.1449079513549805,4.6493754386901855,2.651496171951294,2.9867801666259766,1.894094467163086
GSE190260::LAM1163:TCAGCAACAGTCAGCC-1,GSE190260::LAM1163:TCAGCAACAGTCAGCC-1,State_16,LAM1163,GSE190260,primary_candidate,3.7059247493743896,4.083775901794434,4.366456826527913,4.7732015,0,0.0,3.7059247493743896,3.7059247493743896,0-10%,673.0,391,0.1485884101040119,,False,scRNA-seq,LAM,0.9212424159049988,2.0628552436828613,1.6344232559204102,0.0,0.0,0.0,0.0,1.8991762399673462,1.1190366744995117,1.9793660640716553,2.5120849609375,0.31134894490242004,2.2628159523010254,0.0,0.31134894490242004,0.0,0.18143704533576965,0.0,0.6909317970275879,0.25124791264533997,0.25124791264533997,0.0,1.6747232675552368,0.0,0.0,2.7637271881103516,2.7637271881103516,3.4248385429382324,0.0,4.9032697677612305,0.0,0.0,0.0,0.0,0.0,0.0,0.0
GSE135851::LAM4:CTAATGGCATGGTCAT-1,GSE135851::LAM4:CTAATGGCATGGTCAT-1,State_16,LAM4,GSE135851,primary_candidate,3.7142038345336914,4.123088550567627,4.443318970998129,4.919657,0,0.0,3.7142038345336914,3.7142038345336914,0-10%,1874.0,1039,0.0,0.050505050505050504,False,snRNA,LAM,0.6154252886772156,1.297447681427002,2.2490432262420654,0.0,0.0,0.0,0.3692551851272583,1.4606176614761353,1.1056511402130127,1.5199246406555176,2.039213180541992,0.5216926336288452,1.4422420263290405,0.0,0.857379138469696,0.0,0.27895212173461914,0.0,2.0747902393341064,0.3356865346431732,0.4502605199813843,0.2637537121772766,1.3594753742218018,1.8462759256362915,0.0,0.0,0.0,3.892343044281006,0.0,4.900853633880615,1.8462759256362915,0.0,0.0,0.0,0.0,0.0,0.0
GSE135851::LAM4:TATTACCTCGCGCCAA-1,GSE135851::LAM4:TATTACCTCGCGCCAA-1,State_16,LAM4,GSE135851,primary_candidate,3.7148096561431885,3.949140167236328,4.265402221679688,4.4454722,0,0.0,3.7148096561431885,3.7148096561431885,0-10%,610.0,444,0.0,0.03314285714285715,False,snRNA,LAM,0.0,1.3994369506835938,2.1253886222839355,0.0,0.20400665700435638,0.0,0.0,0.8800181746482849,0.9647979736328125,1.1026262044906616,1.4048070907592773,0.6413094401359558,0.579651415348053,0.0,0.6413094401359558,0.0,0.16469429433345795,0.0,0.9789057970046997,0.5192896723747253,0.25964483618736267,0.0,0.93653804063797,0.0,0.0,0.0,0.0,4.198310852050781,0.0,3.5200726985931396,2.856093168258667,0.0,0.0,0.0,0.0,0.0,0.0
GSE190260::LAM1163:CCGGGATTCATAAAGG-1,GSE190260::LAM1163:CCGGGATTCATAAAGG-1,State_16,LAM1163,GSE190260,primary_candidate,3.7250730991363525,3.910028171539307,4.180542659759522,4.573348,0,0.0,3.7250730991363525,3.7250730991363525,0-10%,1823.0,755,4.827207899067472,,False,scRNA-seq,LAM,0.0,0.623187780380249,0.623187780380249,0.0,0.801723837852478,0.0,0.0,0.5440055131912231,0.23369541764259338,0.5341609716415405,0.7777009606361389,0.33992061018943787,2.1197569370269775,0.0,0.5998938679695129,0.23369541764259338,0.1038983091711998,0.0,0.46739083528518677,0.2599732577800751,0.0,0.0,0.5184673070907593,0.0,0.0,0.0,0.0,1.869563341140747,0.0,1.869563341140747,0.0,0.0,0.0,0.0,0.0,1.869563341140747,2.482481002807617
GSE135851::LAM3:CGCGGTATCTTGTACT-1,GSE135851::LAM3:CGCGGTATCTTGTACT-1,State_16,LAM3,GSE135851,primary_candidate,3.730266809463501,4.018271017074585,4.391797463099162,4.9135733,0,0.0,3.730266809463501,3.730266809463501,0-10%,1721.0,691,1.1040092969203952,0.013296011196641007,False,scRNA,LAM,0.0,2.1241090297698975,1.8827849626541138,0.0,0.0,0.0,0.0,2.0415842533111572,0.5567313432693481,1.4431722164154053,2.538564920425415,0.23048855364322662,2.0928404331207275,0.27406808733940125,0.40489551424980164,0.0,0.17759175598621368,0.0,0.7970247864723206,0.23048855364322662,0.174406960606575,0.0,1.6923766136169434,0.0,0.0,0.0,1.9184765815734863,2.535374164581299,1.9184765815734863,3.7298781871795654,0.0,1.9184765815734863,0.0,0.0,0.0,0.0,0.0
GSE302356::LAM10:GGAGCATAGTTCCTCA-1,GSE302356::LAM10:GGAGCATAGTTCCTCA-1,State_16,LAM3,GSE302356,primary_candidate,3.7340612411499023,3.8570579051971436,4.067684761683146,4.333442,0,0.0,3.7340612411499023,3.7340612411499023,0-10%,2869.0,1367,0.0,,False,scRNA-seq,LAM,1.078233242034912,2.094747543334961,1.7841399908065796,0.0,0.0,0.15008577704429626,0.0,0.8566597104072571,0.591944694519043,1.776113748550415,1.1161370277404785,1.0073604583740234,0.13644161820411682,0.8977489471435547,0.3251523971557617,0.7795519232749939,0.4475754201412201,0.10005718469619751,1.0512608289718628,0.13644161820411682,0.6551598906517029,0.0,0.7440913915634155,0.0,0.0,3.2346997261047363,0.0,1.5008578300476074,4.783384799957275,2.913853645324707,0.0,2.4385664463043213,0.0,0.0,0.0,0.0,0.0
GSE190260::LAM1163:TCACGAACATTAGCCA-1,GSE190260::LAM1163:TCACGAACATTAGCCA-1,State_16,LAM1163,GSE190260,primary_candidate,3.7368359565734863,4.030233335494995,4.393406407038371,5.367586,0,0.0,3.7368359565734863,3.7368359565734863,0-10%,3830.0,1557,3.289817232375979,,False,scRNA-seq,LAM,0.0,0.4279917776584625,2.512213945388794,0.0,0.6822476387023926,0.0,0.0,2.1605823040008545,0.16049692034721375,0.7284554839134216,2.8049726486206055,0.39963921904563904,2.0645651817321777,0.0,0.39963921904563904,0.0,0.18422335386276245,0.08559835702180862,0.6093634366989136,0.2215867042541504,0.23345007002353668,0.0,1.8699816465377808,0.0,0.0,0.0,0.0,1.28397536277771,0.0,3.8152129650115967,2.4374537467956543,1.28397536277771,2.6429662704467773,2.6429662704467773,1.8280805349349976,0.0,0.0
GSE302356::LAM10:CAGGTGGAGAGGGACT-1,GSE302356::LAM10:CAGGTGGAGAGGGACT-1,State_16,LAM3,GSE302356,primary_candidate,3.737591505050659,3.850081205368042,4.0621094862620035,4.321175,0,0.0,3.737591505050659,3.737591505050659,0-10%,6366.0,2342,0.0942507068803016,,False,scRNA-seq,LAM,1.1355663537979126,2.0122106075286865,2.2546353340148926,1.4211039543151855,0.0,0.0,0.0,1.1813504695892334,0.9696230888366699,1.9428019523620605,1.827488660812378,0.8042750954627991,0.47254934906959534,1.5552195310592651,0.40873563289642334,1.0280117988586426,0.6009425520896912,0.0,0.5452237129211426,0.0,0.6214091181755066,0.0,1.2183257341384888,1.4211039543151855,0.0,1.9855951070785522,0.0,2.6076228618621826,3.429008960723877,4.156282901763916,0.0,2.6076228618621826,0.0,0.0,0.0,0.0,0.0
GSE190260::LAM1163:ACTTTCAAGAGTACCG-1,GSE190260::LAM1163:ACTTTCAAGAGTACCG-1,State_16,LAM1163,GSE190260,primary_candidate,3.754133939743042,3.9565057277679445,4.217257261276245,4.597527,0,0.0,3.754133939743042,3.754133939743042,0-10%,1192.0,448,0.33557046979865773,,False,scRNA-seq,LAM,0.7465222477912903,0.7465222477912903,1.4930444955825806,0.0,0.15996906161308289,0.0,0.0,1.5626099109649658,0.5598917007446289,0.9598143696784973,2.4301843643188477,0.20359697937965393,2.231606960296631,0.0,0.20359697937965393,0.0,0.16526570916175842,0.0,1.1197834014892578,0.29677537083625793,0.0,0.0,1.6201229095458984,2.2395668029785156,0.0,0.0,0.0,2.2395668029785156,0.0,2.2395668029785156,0.0,2.2395668029785156,0.0,0.0,0.0,0.0,0.0
GSE190260::LAM1163:GGTGTTATCGTCCAGG-1,GSE190260::LAM1163:GGTGTTATCGTCCAGG-1,State_16,LAM1163,GSE190260,primary_candidate,3.756409168243408,4.1066807270050045,4.444912894566854,4.920963,0,0.0,3.756409168243408,3.756409168243408,0-10%,942.0,408,0.5307855626326964,,False,scRNA-seq,LAM,0.8174529075622559,0.8174529075622559,2.1977903842926025,0.0,0.0,0.0,0.0,2.507519483566284,0.6130896806716919,1.1995116472244263,3.312869071960449,0.22294169664382935,2.209071159362793,0.0,0.22294169664382935,0.0,0.16273243725299835,0.0,0.0,0.0,0.0,0.0,2.2085793018341064,2.4523587226867676,0.0,0.0,0.0,2.4523587226867676,0.0,3.4918644428253174,0.0,3.1015067100524902,0.0,0.0,0.0,0.0,0.0
GSE135851::LAM4:ACCGTAAGTGCACCAC-1,GSE135851::LAM4:ACCGTAAGTGCACCAC-1,State_16,LAM4,GSE135851,primary_candidate,3.770545721054077,3.94801344871521,4.136592276891073,4.519914,0,0.0,3.770545721054077,3.770545721054077,0-10%,736.0,463,0.0,0.050505050505050504,False,snRNA,LAM,0.0,1.3378791809082031,2.859705686569214,0.0,0.0,0.0,0.0,1.099830150604248,0.8367206454277039,1.2255882024765015,1.566325068473816,0.3648761510848999,1.3737035989761353,0.38287538290023804,0.3648761510848999,0.0,0.18687473237514496,0.0,2.9412739276885986,0.8506291508674622,0.243647962808609,0.0,1.0442167520523071,0.0,0.0,0.0,0.0,4.013637542724609,0.0,4.565479755401611,4.013637542724609,0.0,0.0,0.0,0.0,0.0,0.0
GSE302356::LAM13:GGACCGAAGGCTTAGT-1,GSE302356::LAM13:GGACCGAAGGCTTAGT-1,State_16,LAM50,GSE302356,primary_candidate,3.7714431285858154,3.988689136505127,4.286381530761719,5.3448443,7,0.23333333333333334,3.7714431285858154,3.7714431285858154,0-10%,24649.0,5547,0.9209298551665382,,False,scRNA-seq,LAM,0.26539820432662964,0.0,0.19803185760974884,0.0,0.18804022669792175,0.24128296971321106,0.19284726679325104,0.6142572164535522,0.09952432662248611,0.19861288368701935,0.2906147837638855,0.5724309086799622,0.645972490310669,0.8123632669448853,0.19877134263515472,0.39540356397628784,0.3954392075538635,0.0227021686732769,1.250958800315857,0.0,0.2785714864730835,0.13774804770946503,0.19374318420886993,0.0,0.0,0.7961946129798889,0.0,0.0,0.0,0.5940955877304077,0.0,0.0,0.0,0.0,0.0,0.0,0.0
GSE135851::LAM3:CAGTCCTTCCTTGCCA-1,GSE135851::LAM3:CAGTCCTTCCTTGCCA-1,State_16,LAM3,GSE135851,primary_candidate,3.7717483043670654,3.9590246200561525,4.211223475138346,4.6052427,0,0.0,3.7717483043670654,3.7717483043670654,0-10%,996.0,568,3.4136546184738954,0.02070085238803951,False,scRNA,LAM,0.0,1.371605396270752,1.5049411058425903,0.0,0.0,0.0,0.0,2.2068092823028564,0.8145444393157959,1.232805609703064,2.971687078475952,0.810717761516571,0.7491768598556519,0.0,0.37407419085502625,0.3001924455165863,0.19688470661640167,0.16010263562202454,0.6003848910331726,0.7137653827667236,0.4366435706615448,0.0,1.9811246395111084,0.0,0.0,0.0,0.0,4.114816188812256,0.0,4.5148234367370605,0.0,0.0,0.0,0.0,0.0,0.0,0.0
GSE190260::LAM1163:ACGGGCTAGTGGACGT-1,GSE190260::LAM1163:ACGGGCTAGTGGACGT-1,State_16,LAM1163,GSE190260,primary_candidate,3.771897792816162,3.89837007522583,4.136908880869547,4.7126727,0,0.0,3.771897792816162,3.771897792816162,0-10%,4110.0,1571,0.072992700729927,,False,scRNA-seq,LAM,0.41115355491638184,0.791087806224823,0.41115355491638184,0.0,0.0,0.0,0.0,1.3895423412322998,0.6719909906387329,0.6914549469947815,2.1102774143218994,0.9788553714752197,2.086411476135254,0.0,0.6743437051773071,0.1541825830936432,0.3802589476108551,0.0,0.4423009157180786,0.19237886369228363,0.960279643535614,0.0,1.4068515300750732,0.0,0.0,1.2334606647491455,0.0,2.373263359069824,0.0,1.2334606647491455,0.0,0.0,0.0,0.0,0.0,0.0,0.0
GSE302356::LAM10:TGTTAGCAGGGTGAAC-1,GSE302356::LAM10:TGTTAGCAGGGTGAAC-1,State_16,LAM3,GSE302356,primary_candidate,3.777344226837158,4.0761031150817875,4.290569146474202,4.454255,0,0.0,3.777344226837158,3.777344226837158,0-10%,3997.0,1875,0.10007505629221916,,False,scRNA-seq,LAM,0.713576078414917,1.4328453540802002,1.7998486757278442,0.0,0.0,0.0,0.0,0.8316056132316589,0.4242534041404724,1.2257132530212402,1.1782671213150024,0.6186485290527344,0.11393626779317856,0.8701315522193909,0.27688032388687134,0.8722844123840332,0.5213332176208496,0.0,0.693323016166687,0.0,0.45574507117271423,0.0,0.9348768591880798,0.0,0.0,2.140728235244751,1.2532989978790283,0.0,3.0452370643615723,2.140728235244751,0.0,3.2588179111480713,0.0,0.0,0.0,0.0,0.0
GSE135851::LAM4:ATTACTCGTATCTGCA-1,GSE135851::LAM4:ATTACTCGTATCTGCA-1,State_16,LAM4,GSE135851,primary_candidate,3.781273126602173,3.9946226596832277,4.2565646012624105,4.7317686,0,0.0,3.781273126602173,3.781273126602173,0-10%,640.0,467,0.0,0.025092004014720646,False,snRNA,LAM,1.157839298248291,0.0,3.277402877807617,0.0,0.0,0.0,0.0,1.8689485788345337,0.7855532169342041,1.2763854265213013,2.789217233657837,0.0,0.8268484473228455,0.0,0.0,0.0,0.1413559466600418,0.0,2.9343345165252686,0.0,0.0,0.0,1.8594781160354614,3.473517894744873,0.0,0.0,0.0,0.0,0.0,5.461179733276367,4.371028900146484,0.0,0.0,0.0,0.0,0.0,0.0
GSE135851::LAM3:GGGTCTGGTAGGCTGA-1,GSE135851::LAM3:GGGTCTGGTAGGCTGA-1,State_16,LAM3,GSE135851,primary_candidate,3.78326416015625,3.970123052597046,4.304222249984742,4.857372,0,0.0,3.78326416015625,3.78326416015625,0-10%,952.0,504,0.7352941176470589,0.0137922904632795,False,scRNA,LAM,0.0,0.8142374157905579,2.5503156185150146,0.0,0.0,0.0,0.48854246735572815,1.7592166662216187,0.3053390383720398,1.000319242477417,2.634495973587036,0.22206474840641022,2.016740560531616,0.0,0.22206474840641022,0.3053390383720398,0.17831024527549744,0.0,1.650497317314148,0.7606411576271057,0.22206474840641022,0.34895890951156616,1.7563306093215942,0.0,0.0,0.0,0.0,2.4427123069763184,0.0,4.5595221519470215,0.0,3.0914244651794434,0.0,0.0,0.0,0.0,0.0
GSE135851::LAM4:GGTGTTAAGAGTCTGG-1,GSE135851::LAM4:GGTGTTAAGAGTCTGG-1,State_16,LAM4,GSE135851,primary_candidate,3.7900712490081787,4.085043287277221,4.312204535802206,4.63278,0,0.0,3.7900712490081787,3.7900712490081787,0-10%,859.0,449,0.0,0.050505050505050504,False,snRNA,LAM,0.0,1.0632573366165161,1.9089175462722778,0.0,0.1812129020690918,0.0,0.0,1.5430970191955566,0.39872148633003235,0.911363422870636,2.411804437637329,0.2899792492389679,1.7971595525741577,0.0,0.2899792492389679,0.0,0.13161024451255798,0.0,2.404663562774658,0.0,0.2899792492389679,0.0,1.6078696250915527,0.0,0.0,0.0,0.0,3.189771890640259,0.0,3.189771890640259,0.0,2.536980628967285,0.0,2.536980628967285,0.0,0.0,0.0
GSE190260::LAM1163:ACGCAGCCATATGAGA-1,GSE190260::LAM1163:ACGCAGCCATATGAGA-1,State_16,LAM1163,GSE190260,primary_candidate,3.7916178703308105,4.064086198806763,4.356751712163289,4.766616,0,0.0,3.7916178703308105,3.7916178703308105,0-10%,1251.0,646,0.7194244604316546,,False,scRNA-seq,LAM,0.0,0.7321712970733643,2.2832274436950684,0.0,0.0,0.0,0.0,2.3286848068237305,0.2745642364025116,0.9785259962081909,3.273566961288452,0.1996830850839615,1.9259823560714722,0.0,0.1996830850839615,0.2745642364025116,0.25211024284362793,0.1464342623949051,0.0,0.0,0.0,0.0,2.182377815246582,0.0,0.0,0.0,0.0,2.1965138912200928,0.0,4.653168201446533,0.0,2.1965138912200928,0.0,0.0,0.0,0.0,0.0
GSE135851::LAM3:CCTACACCAAACGTGG-1,GSE135851::LAM3:CCTACACCAAACGTGG-1,State_16,LAM3,GSE135851,primary_candidate,3.7955853939056396,4.034330034255982,4.397139151891072,4.967006,0,0.0,3.7955853939056396,3.7955853939056396,0-10%,950.0,437,1.263157894736842,0.014299332697807437,False,scRNA,LAM,0.0,0.8148775696754456,1.1612221002578735,0.0,0.17461661994457245,0.0,0.0,1.4636856317520142,0.3055790960788727,0.8468998670578003,2.0193262100219727,0.22223934531211853,2.199118137359619,0.0,0.22223934531211853,0.0,0.14024829864501953,0.0,1.6514949798583984,0.22223934531211853,0.0,0.0,1.3462175130844116,0.0,0.0,0.0,0.0,2.4446327686309814,0.0,3.483666181564331,0.0,0.0,0.0,0.0,0.0,0.0,0.0
GSE190260::LAM1163:TCGGTAAGTTTGGGCC-1,GSE190260::LAM1163:TCGGTAAGTTTGGGCC-1,State_16,LAM1163,GSE190260,primary_candidate,3.8012895584106445,4.074134731292725,4.343289883931478,4.8234277,0,0.0,3.8012895584106445,3.8012895584106445,0-10%,817.0,394,0.0,,False,scRNA-seq,LAM,0.8610784411430359,0.0,1.605141043663025,0.0,0.0,0.0,0.0,1.7781436443328857,0.32290440797805786,1.0569511651992798,2.2944371700286865,0.0,2.0722873210906982,0.0,0.0,0.0,0.1352979987859726,0.0,0.0,0.0,0.0,0.0,1.5296247005462646,2.583235263824463,0.0,0.0,0.0,0.0,0.0,4.815423011779785,0.0,0.0,0.0,0.0,0.0,0.0,0.0
GSE302356::LAM3:TCGTAGAGTGGCTTAT-1,GSE302356::LAM3:TCGTAGAGTGGCTTAT-1,State_16,LAM32,GSE302356,primary_candidate,3.807443141937256,4.122643184661865,4.388718509674073,4.80876,0,0.0,3.807443141937256,3.807443141937256,0-10%,1305.0,710,0.5363984674329502,,False,scRNA-seq,LAM,0.719680666923523,0.719680666923523,2.1703250408172607,0.0,0.0,0.21590420603752136,0.0,2.0091168880462646,0.8096407651901245,1.2385737895965576,2.1364333629608154,0.39255309104919434,1.9615157842636108,0.0,0.5888296365737915,0.0,0.2505825161933899,0.0,0.0,0.34996894001960754,0.39255309104919434,0.0,1.4242889881134033,2.1590421199798584,0.0,0.0,0.0,2.1590421199798584,0.0,4.351932525634766,2.1590421199798584,0.0,0.0,0.0,0.0,0.0,0.0
GSE135851::LAM3:GACTAACAGACTAAGT-1,GSE135851::LAM3:GACTAACAGACTAAGT-1,State_16,LAM3,GSE135851,primary_candidate,3.8118903636932373,4.131238508224487,4.487278127670288,5.042065,0,0.0,3.8118903636932373,3.8118903636932373,0-10%,1824.0,924,0.7127192982456141,0.014299332697807437,False,scRNA,LAM,0.6230331659317017,0.8273261189460754,1.6800836324691772,0.0,0.0,0.0,0.0,2.367100238800049,0.5438847541809082,1.3416184186935425,3.1672027111053467,0.2256343960762024,1.7241843938827515,0.0,0.39555254578590393,0.23363743722438812,0.26953184604644775,0.0,0.9345497488975525,0.3398362696170807,0.0,0.0,2.111468553543091,1.869099497795105,0.0,0.0,0.0,2.481978416442871,0.0,5.040250778198242,0.0,0.0,0.0,0.0,0.0,0.0,0.0
GSE302356::LAM10:ACAGGCTGTTGGATCA-1,GSE302356::LAM10:ACAGGCTGTTGGATCA-1,State_16,LAM3,GSE302356,primary_candidate,3.8128373622894287,4.124035024642945,4.3242961724599205,4.5666485,0,0.0,3.8128373622894287,3.8128373622894287,0-10%,2079.0,1078,0.0481000481000481,,False,scRNA-seq,LAM,1.4986319541931152,0.7875799536705017,0.0,0.0,0.0,0.0,0.0,0.2199476808309555,0.5619869828224182,0.9798051118850708,0.0,0.623512327671051,0.37475648522377014,0.3375342786312103,0.0,0.2199476808309555,0.38844504952430725,0.18242096900939941,1.274763584136963,0.31992387771606445,0.9643074870109558,0.0,0.0,1.759581446647644,0.0,2.736314535140991,0.0,0.0,2.3627400398254395,0.0,0.0,0.0,0.0,0.0,0.0,0.0,0.0
GSE190260::LAM1163:GCAAACTAGGGCACTA-1,GSE190260::LAM1163:GCAAACTAGGGCACTA-1,State_16,LAM1163,GSE190260,primary_candidate,3.8141589164733887,4.068758487701416,4.372528203328451,4.832961,0,0.0,3.8141589164733887,3.8141589164733887,0-10%,2309.0,1174,0.389779125162408,,False,scRNA-seq,LAM,0.7560585141181946,2.0141348838806152,2.2861580848693848,0.0,0.0,0.0,0.0,2.815634250640869,1.2480120658874512,1.9279340505599976,3.436790704727173,0.7891759872436523,1.5154180526733398,0.0,0.549309492111206,0.2091895192861557,0.3588199317455292,0.0,0.4183790385723114,0.3131030797958374,0.598202109336853,0.0,2.291193723678589,2.2681756019592285,0.0,0.0,1.6735161542892456,4.3688883781433105,0.0,5.184958457946777,0.0,1.6735161542892456,0.0,0.0,0.0,0.0,0.0
GSE217108::LAM44:AGAGGAACATAGCTTG-1,GSE217108::LAM44:AGAGGAACATAGCTTG-1,State_16,LAM44,GSE217108,primary_candidate,3.8186583518981934,4.570940208435059,5.131297334035238,6.12281,0,0.0,3.8186583518981934,3.8186583518981934,0-10%,3549.0,1884,5.86080586080586,,False,snRNA-seq,LAM,0.0,0.4465489387512207,0.8930978775024414,0.0,1.3739415407180786,0.1339646875858307,0.0,0.5023675560951233,0.16745585203170776,0.38275623321533203,0.5023675560951233,0.36535823345184326,0.8421127796173096,0.0,0.2435721457004547,0.0,0.1269829273223877,0.0,1.3483061790466309,0.41561010479927063,0.2435721457004547,0.0,0.3349117040634155,0.0,0.0,0.0,0.0,1.339646816253662,0.0,1.339646816253662,0.0,1.339646816253662,2.2463412284851074,2.7139313220977783,0.0,1.8924174308776855,1.339646816253662
GSE302356::LAM10:TAGCCTGAGGCTATGT-1,GSE302356::LAM10:TAGCCTGAGGCTATGT-1,State_16,LAM3,GSE302356,primary_candidate,3.8239195346832275,3.924974203109741,4.088617976506551,4.3526673,0,0.0,3.8239195346832275,3.8239195346832275,0-10%,6346.0,2624,0.06303183107469272,,False,scRNA-seq,LAM,0.9695812463760376,1.1372673511505127,1.2568501234054565,0.0,0.0,0.0,0.0,1.4899362325668335,1.008225679397583,1.1062910556793213,1.520317554473877,0.6408525705337524,0.5168599486351013,0.6188908219337463,0.5548381805419922,0.7103272080421448,0.4263738691806793,1.556086540222168,0.3558729290962219,0.1586599498987198,0.24467436969280243,0.1351654976606369,1.013545036315918,0.0,0.0,2.9087438583374023,1.4234917163848877,1.9883103370666504,0.0,1.4234917163848877,0.0,2.3470587730407715,0.0,0.0,0.0,0.0,0.0
GSE217108::LAM44:CCTTGTTCACAGAAAC-1,GSE217108::LAM44:CCTTGTTCACAGAAAC-1,State_16,LAM44,GSE217108,primary_candidate,3.8252713680267334,4.394923543930053,4.8173737049102785,5.802788,0,0.0,3.8252713680267334,3.8252713680267334,0-10%,3610.0,2072,8.836565096952908,,False,snRNA-seq,LAM,0.0,0.6259875297546387,0.4423656761646271,0.0,0.7453745603561401,0.0,0.0,0.49766141176223755,0.0,0.4578656554222107,0.49766141176223755,0.5326594114303589,1.4525458812713623,0.26828035712242126,0.4825807511806488,0.0,0.13496024906635284,0.0884731337428093,1.8035683631896973,0.8945949673652649,0.2913690507411957,0.0,0.3317742645740509,0.0,0.0,0.0,0.0,0.0,1.877962589263916,1.3270970582962036,0.0,0.0,1.3270970582962036,1.877962589263916,0.0,0.0,0.0
GSE190260::LAM1163:CATCGAAAGAGTCTGG-1,GSE190260::LAM1163:CATCGAAAGAGTCTGG-1,State_16,LAM1163,GSE190260,primary_candidate,3.8375723361968994,4.088032293319702,4.421304909388224,4.9448433,0,0.0,3.8375723361968994,3.8375723361968994,0-10%,858.0,514,1.2820512820512822,,False,scRNA-seq,LAM,0.0,1.1941823959350586,1.287751317024231,0.0,0.0,0.0,0.0,1.8622980117797852,0.447818398475647,1.0636858940124512,2.7477855682373047,0.32568609714508057,1.5589953660964966,0.0,0.32568609714508057,0.0,0.2343306541442871,0.0,0.7977222204208374,0.23073211312294006,0.0,0.0,1.8318569660186768,0.0,0.0,0.0,0.0,3.582547187805176,0.0,3.8632538318634033,0.0,0.0,0.0,0.0,0.0,0.0,0.0
GSE190260::LAM1163:CGTCTACAGAGCCTAG-1,GSE190260::LAM1163:CGTCTACAGAGCCTAG-1,State_16,LAM1163,GSE190260,primary_candidate,3.8418142795562744,3.9565484523773193,4.1883104801177975,4.464911,0,0.0,3.8418142795562744,3.8418142795562744,0-10%,708.0,366,0.0,,False,scRNA-seq,LAM,0.9054341316223145,0.0,1.2566114664077759,0.0,0.19402159750461578,0.0,0.0,1.4763829708099365,0.3395377993583679,0.9265909790992737,2.2871501445770264,0.0,1.9087034463882446,0.0,0.24693657457828522,0.0,0.1265917271375656,0.0,0.6790755987167358,0.24693657457828522,0.0,0.0,1.5247666835784912,2.7163023948669434,0.0,0.0,0.0,0.0,0.0,3.769834518432617,0.0,0.0,0.0,0.0,2.7163023948669434,0.0,0.0
GSE190260::LAM1163:ATTGGACTCAATAAGG-1,GSE190260::LAM1163:ATTGGACTCAATAAGG-1,State_16,LAM1163,GSE190260,primary_candidate,3.8434393405914307,4.034948825836182,4.250718307495117,4.5232506,0,0.0,3.8434393405914307,3.8434393405914307,0-10%,753.0,421,0.796812749003984,,False,scRNA-seq,LAM,0.0,0.8862915635108948,1.105460286140442,0.0,0.0,0.0,0.0,1.1614545583724976,0.33235934376716614,0.8536079525947571,1.6603569984436035,0.24171589314937592,1.882019281387329,0.0,0.24171589314937592,0.0,0.13673780858516693,0.0,0.0,0.0,0.0,0.0,1.1069047451019287,0.0,0.0,0.0,0.0,2.658874750137329,0.0,3.3163809776306152,0.0,0.0,0.0,0.0,0.0,0.0,0.0
GSE135851::LAM3:GCAATCAAGGTAGCTG-1,GSE135851::LAM3:GCAATCAAGGTAGCTG-1,State_16,LAM3,GSE135851,primary_candidate,3.846242904663086,4.199664306640625,4.55156037012736,5.154336,0,0.0,3.846242904663086,3.846242904663086,0-10%,791.0,342,1.390644753476612,0.014817491868449585,False,scRNA,LAM,0.0,0.8710565567016602,1.447299599647522,0.0,0.0,0.0,0.0,1.5558743476867676,0.32664620876312256,0.993581235408783,2.048739194869995,0.47512176632881165,1.972529649734497,0.0,0.7126826643943787,0.0,0.07539073377847672,0.0,1.6390221118927002,0.29717978835105896,0.0,0.0,1.36582612991333,0.0,0.0,0.0,0.0,2.6131696701049805,0.0,4.3418989181518555,0.0,0.0,0.0,0.0,0.0,0.0,0.0
GSE302356::LAM13:GTATGTTCAAGACTCC-1,GSE302356::LAM13:GTATGTTCAAGACTCC-1,State_16,LAM50,GSE302356,primary_candidate,3.8489511013031006,3.993870496749878,4.301116514205932,4.497651,0,0.0,3.8489511013031006,3.8489511013031006,0-10%,5091.0,2180,0.0,,False,scRNA-seq,LAM,0.0,0.7270694375038147,0.6434901356697083,0.0,0.0,0.21812084317207336,0.0,0.9652352333068848,0.0,0.5873826742172241,0.9652352333068848,0.2900063395500183,0.24378719925880432,0.6518172025680542,0.0,0.6956758499145508,0.4222205877304077,0.0,0.8169581890106201,0.0,0.43500953912734985,0.0,0.7764097452163696,0.0,0.0,0.0,0.0,0.0,2.181208372116089,1.9304704666137695,0.0,0.0,0.0,0.0,0.0,0.0,0.0
GSE302356::LAM13:CCTCCTGAGTCACCAG-1,GSE302356::LAM13:CCTCCTGAGTCACCAG-1,State_16,LAM50,GSE302356,primary_candidate,3.85170841217041,4.422008323669433,4.724918429056803,5.306068,0,0.0,3.85170841217041,3.85170841217041,0-10%,17550.0,4428,0.08547008547008547,,False,scRNA-seq,LAM,0.2535398006439209,0.30063238739967346,0.8911563754081726,0.0,0.0,0.07606194168329239,0.09018971771001816,0.9777727723121643,0.15144599974155426,0.4071595370769501,0.9756636619567871,0.7034978866577148,0.7080172300338745,1.0924103260040283,0.179289773106575,0.7475360035896301,0.45911064743995667,0.030063239857554436,0.7577525973320007,0.0,0.5944694876670837,0.0,0.72560054063797,0.0,0.0,0.7606194019317627,0.0,0.4509485960006714,0.4509485960006714,1.1876001358032227,0.0,1.4858689308166504,0.0,0.0,0.0,0.0,0.0
GSE302356::LAM10:GGTAAACCAACAGGTG-1,GSE302356::LAM10:GGTAAACCAACAGGTG-1,State_16,LAM3,GSE302356,primary_candidate,3.8726627826690674,3.963094425201416,4.126512940724691,4.3028226,0,0.0,3.8726627826690674,3.8726627826690674,0-10%,6770.0,2477,0.07385524372230429,,False,scRNA-seq,LAM,0.9492350220680237,1.2728960514068604,0.45826026797294617,0.0,0.0,0.0,0.0,0.45708149671554565,0.5674858093261719,0.9523419141769409,0.7252791523933411,0.3901320695877075,0.2473883181810379,1.231136441230774,0.3187601864337921,0.9912366271018982,0.6180640459060669,0.060472700744867325,0.9952334761619568,0.08246277272701263,0.6120207905769348,0.0,0.5591102838516235,0.0,0.0,2.847705125808716,0.0,1.6921812295913696,2.126507043838501,0.0,0.0,1.3747807741165161,0.0,0.0,0.0,0.0,0.0
GSE302356::LAM10:CTCGTTATCCCTCTAA-1,GSE302356::LAM10:CTCGTTATCCCTCTAA-1,State_16,LAM3,GSE302356,primary_candidate,3.873903274536133,4.20254373550415,4.429673989613851,4.861727,0,0.0,3.873903274536133,3.873903274536133,0-10%,13185.0,3682,0.015168752370117557,,False,scRNA-seq,LAM,1.0267434120178223,1.380484700202942,2.357984781265259,0.875419557094574,0.0,0.0,0.0,1.939666748046875,0.6816321611404419,1.5401045083999634,2.4506587982177734,0.5184440016746521,0.1352221667766571,0.9609135389328003,0.23464636504650116,0.9417853355407715,0.6670479774475098,0.0,0.7710896134376526,0.0513114258646965,0.6717475056648254,0.13185973465442657,1.6337724924087524,0.0,0.5644257068634033,2.5158047676086426,0.0,1.1864134073257446,2.955040693283081,3.559046745300293,0.0,3.5149073600769043,0.0,0.0,0.0,0.0,0.0
GSE190260::LAM1163:TCTTTCCCATCCGCGA-1,GSE190260::LAM1163:TCTTTCCCATCCGCGA-1,State_16,LAM1163,GSE190260,primary_candidate,3.877885580062866,4.2686295986175535,4.705837710698446,5.5456038,0,0.0,3.877885580062866,3.877885580062866,0-10%,928.0,580,5.711206896551724,,False,scRNA-seq,LAM,0.822017252445221,0.822017252445221,0.0,0.0,0.6511799693107605,0.0,0.0,0.0,0.6165129542350769,0.7045862078666687,0.30825647711753845,0.44837304949760437,1.6977498531341553,0.0,0.22418652474880219,0.0,0.05750738084316254,0.0,0.0,0.31876233220100403,0.22418652474880219,0.0,0.20550431311130524,2.4660518169403076,0.0,0.0,0.0,2.4660518169403076,0.0,0.0,0.0,0.0,0.0,4.1844162940979,0.0,0.0,0.0
GSE302356::LAM10:GGTTCTTGTGGTTCTT-1,GSE302356::LAM10:GGTTCTTGTGGTTCTT-1,State_16,LAM3,GSE302356,primary_candidate,3.8842639923095703,4.155553150177002,4.384297243754069,5.08982,5,0.16666666666666666,3.8842639923095703,3.8842639923095703,0-10%,15034.0,4222,1.0442995876014367,,False,scRNA-seq,LAM,1.85257887840271,2.0774993896484375,1.3958009481430054,0.254960298538208,0.0,0.05099206045269966,0.0,1.193420648574829,1.2577673196792603,1.9318530559539795,1.1467363834381104,1.7383044958114624,0.7250291109085083,1.3223568201065063,0.9470849633216858,0.8926838040351868,0.6916672587394714,0.0,0.7159404158592224,0.34577974677085876,1.5410141944885254,0.0,0.9938724637031555,2.3958373069763184,0.0,3.1618993282318115,0.0,2.6604819297790527,3.5720160007476807,1.7327368259429932,0.0,2.4546658992767334,0.0,0.0,0.0,0.0,0.0
GSE135851::LAM3:GCATGCGAGCACGCCT-1,GSE135851::LAM3:GCATGCGAGCACGCCT-1,State_16,LAM3,GSE135851,primary_candidate,3.88535737991333,4.024505996704102,4.275107638041178,4.7629733,0,0.0,3.88535737991333,3.88535737991333,0-10%,555.0,357,0.5405405405405406,0.01281015579919215,False,scRNA,LAM,0.981795608997345,0.981795608997345,1.820193886756897,0.0,0.0,0.0,0.0,2.1157665252685547,0.7363467216491699,1.6216222047805786,2.7379825115203857,0.2677624523639679,1.3994035720825195,0.0,0.5355249047279358,0.0,0.11574427038431168,0.0,1.0728615522384644,0.2677624523639679,0.0,0.0,1.8253216743469238,2.9453868865966797,0.0,0.0,0.0,2.9453868865966797,0.0,5.4605817794799805,0.0,0.0,0.0,0.0,0.0,0.0,0.0
GSE135851::LAM3:CACATAGCACAGATTC-1,GSE135851::LAM3:CACATAGCACAGATTC-1,State_16,LAM3,GSE135851,primary_candidate,3.885840892791748,4.056656265258789,4.378715705871582,4.934441,0,0.0,3.885840892791748,3.885840892791748,0-10%,1273.0,649,0.4713275726630008,0.015888656238453012,False,scRNA,LAM,0.0,1.7941375970840454,1.4241595268249512,0.0,0.0,0.0,0.0,1.9927937984466553,0.6728016138076782,1.3792701959609985,2.784977674484253,0.48931026458740234,1.954033374786377,0.0,0.48931026458740234,0.0,0.21285676956176758,0.0,1.5515438318252563,0.6525573134422302,0.0,0.0,1.856651782989502,0.0,0.0,0.0,2.1810340881347656,3.20137882232666,0.0,4.2724785804748535,0.0,0.0,0.0,0.0,0.0,0.0,0.0
GSE217108::LAM44:GGGTCAACAAAGCTAA-1,GSE217108::LAM44:GGGTCAACAAAGCTAA-1,State_16,LAM44,GSE217108,primary_candidate,3.8880975246429443,4.068752288818359,4.359669494628906,5.2479315,20,0.6666666666666666,3.8880975246429443,3.8880975246429443,0-10%,9518.0,3384,8.289556629544022,,False,snRNA-seq,LAM,0.6628003120422363,1.7323788404464722,0.0,0.0,0.0,0.07181523740291595,0.1436304748058319,0.22913675010204315,0.7830498814582825,1.0265053510665894,0.3053630292415619,2.530597448348999,0.9019075036048889,0.8629292845726013,0.9547889828681946,0.5303179621696472,0.5745108723640442,0.09575365483760834,0.35907620191574097,0.476889431476593,2.4655191898345947,0.10259319841861725,0.2634213864803314,0.0,0.0,1.988400936126709,0.0,2.442904233932495,2.754232168197632,0.0,0.0,0.0,0.0,0.0,0.0,0.0,0.0
GSE190260::LAM1163:TACAGTGTCCAAGCCG-1,GSE190260::LAM1163:TACAGTGTCCAAGCCG-1,State_16,LAM1163,GSE190260,primary_candidate,3.8881115913391113,4.0762121200561525,4.325621159871419,4.7366724,0,0.0,3.8881115913391113,3.8881115913391113,0-10%,652.0,412,0.0,,False,scRNA-seq,LAM,0.9311528205871582,0.0,1.4508963823318481,0.0,0.0,0.0,0.0,1.9186556339263916,0.3491823077201843,1.0208781957626343,2.504340410232544,0.5079015493392944,1.546403169631958,0.0,0.5079015493392944,0.3491823077201843,0.15080924332141876,0.18623057007789612,1.5622453689575195,0.39569902420043945,0.5079015493392944,0.0,1.669560194015503,2.7934584617614746,0.0,0.0,0.0,0.0,0.0,4.352689266204834,0.0,0.0,0.0,0.0,0.0,0.0,0.0
GSE190260::LAM1163:ACGGCCATCAAGGCTT-1,GSE190260::LAM1163:ACGGCCATCAAGGCTT-1,State_16,LAM1163,GSE190260,primary_candidate,3.897873640060425,4.034865808486939,4.271343978246053,4.6787353,0,0.0,3.897873640060425,3.897873640060425,0-10%,737.0,371,0.13568521031207598,,False,scRNA-seq,LAM,0.8929543495178223,0.0,2.3559072017669678,0.0,0.0,0.0,0.0,2.348942518234253,0.33485788106918335,0.915642499923706,3.1009361743927,0.0,1.8993052244186401,0.0,0.0,0.0,0.17851564288139343,0.0,0.8342717289924622,0.0,0.0,0.0,2.067290782928467,0.0,0.0,2.678863048553467,0.0,0.0,0.0,3.7306344509124756,0.0,3.3370869159698486,0.0,0.0,0.0,0.0,0.0
GSE190260::LAM1163:CGAGCCATCCTCAACC-1,GSE190260::LAM1163:CGAGCCATCCTCAACC-1,State_16,LAM1163,GSE190260,primary_candidate,3.9031641483306885,3.9721610069274904,4.193696244557699,4.508326,0,0.0,3.9031641483306885,3.9031641483306885,0-10%,686.0,351,0.5830903790087464,,False,scRNA-seq,LAM,0.9152707457542419,0.0,1.3609205484390259,0.0,0.0,0.0,0.0,1.5320674180984497,0.34322652220726013,0.9755105376243591,2.007153034210205,0.4992385804653168,1.5357887744903564,0.0,0.4992385804653168,0.0,0.14177961647510529,0.0,1.0206904411315918,0.2496192902326584,0.0,0.0,1.3381019830703735,2.745812177658081,0.0,0.0,0.0,0.0,0.0,4.082761764526367,0.0,0.0,0.0,0.0,0.0,0.0,0.0
GSE135851::LAM4:TTGCGTCCACACCGAC-1,GSE135851::LAM4:TTGCGTCCACACCGAC-1,State_16,LAM4,GSE135851,primary_candidate,3.9054176807403564,4.0689637660980225,4.345715697606405,4.6280513,0,0.0,3.9054176807403564,3.9054176807403564,0-10%,895.0,479,0.0,0.05432595573440645,False,snRNA,LAM,0.8330785632133484,1.2739797830581665,2.10705828666687,0.0,0.0,0.0,0.0,0.9554848670959473,1.2328376770019531,1.4490163326263428,1.5802937746047974,0.5746522545814514,1.278409481048584,0.0,0.8018555045127869,0.31240445375442505,0.11508189886808395,0.0,2.593672275543213,0.740810215473175,0.22720323503017426,0.0,1.053529143333435,2.4992356300354004,0.0,0.0,0.0,3.821939468383789,0.0,3.821939468383789,2.4992356300354004,0.0,0.0,0.0,0.0,0.0,0.0
GSE190260::LAM1163:ATTGGTGTCAAAGTAG-1,GSE190260::LAM1163:ATTGGTGTCAAAGTAG-1,State_16,LAM1163,GSE190260,primary_candidate,3.9111502170562744,4.066649389266968,4.333470296859741,4.8051143,0,0.0,3.9111502170562744,3.9111502170562744,0-10%,3807.0,1103,3.257157867086945,,False,scRNA-seq,LAM,0.4294447600841522,0.0,1.2437621355056763,0.0,0.5681329369544983,0.0,0.0,0.7393891215324402,0.16104178130626678,0.5330409407615662,1.0704593658447266,0.31565096974372864,2.2939224243164062,0.0,0.31565096974372864,0.0,0.10205630958080292,0.0,0.45828455686569214,0.11712129414081573,0.11712129414081573,0.0,0.7136396169662476,1.2883342504501343,0.0,0.0,0.0,0.0,0.0,2.4429521560668945,1.2883342504501343,0.0,1.2883342504501343,0.0,0.0,0.0,2.183826446533203
GSE190260::LAM1163:ACTGAGTAGACCTAGG-1,GSE190260::LAM1163:ACTGAGTAGACCTAGG-1,State_16,LAM1163,GSE190260,primary_candidate,3.9118220806121826,4.10110650062561,4.613853247960408,5.395608,0,0.0,3.9118220806121826,3.9118220806121826,0-10%,2516.0,1130,9.141494435612083,,False,scRNA-seq,LAM,0.5347791314125061,0.5347791314125061,1.387799859046936,0.8021687269210815,0.7320549488067627,0.0,0.0,0.5938272476196289,0.40108436346054077,0.823962390422821,1.1142520904541016,0.2916977107524872,1.764955997467041,0.0,0.1458488553762436,0.0,0.11120760440826416,0.0,0.0,0.4220713675022125,0.2916977107524872,0.0,0.742834746837616,0.0,0.0,1.604337453842163,0.0,1.604337453842163,0.0,2.5590620040893555,1.604337453842163,0.0,2.8272101879119873,3.038447618484497,2.1915557384490967,0.0,0.0
GSE190260::LAM1163:AAGCCGCCATATACGC-1,GSE190260::LAM1163:AAGCCGCCATATACGC-1,State_16,LAM1163,GSE190260,primary_candidate,3.912186861038208,4.116822862625122,4.312025022506714,4.8799763,0,0.0,3.912186861038208,3.912186861038208,0-10%,4153.0,1167,2.817240549000722,,False,scRNA-seq,LAM,0.0,0.5868592262268066,2.11718487739563,0.0,0.34400150179862976,0.0,0.0,1.4160559177398682,0.2200722098350525,0.7678132057189941,2.0363309383392334,0.46306297183036804,2.40061354637146,0.0,0.46306297183036804,0.1532619595527649,0.19762158393859863,0.0,0.5267548561096191,0.1915472149848938,0.22292648255825043,0.0,1.3575539588928223,0.0,0.0,0.0,0.0,1.76057767868042,0.0,3.614114761352539,2.7374398708343506,0.0,0.0,0.0,0.0,0.0,0.0
GSE135851::LAM3:TAGCCGGAGGTGATTA-1,GSE135851::LAM3:TAGCCGGAGGTGATTA-1,State_16,LAM3,GSE135851,primary_candidate,3.9317259788513184,4.207924270629883,4.474095312754313,5.0557866,0,0.0,3.9317259788513184,3.9317259788513184,0-10%,726.0,408,0.6887052341597796,0.014299332697807437,False,scRNA,LAM,0.8976253867149353,0.8976253867149353,1.6757546663284302,0.0,0.0,0.0,0.0,1.7143158912658691,0.6732190251350403,1.4875737428665161,2.3726935386657715,0.2448069155216217,1.441001296043396,0.0,0.2448069155216217,0.0,0.1398690640926361,0.0,1.5111175775527954,0.2448069155216217,0.0,0.0,1.5817956924438477,2.692876100540161,0.0,0.0,2.692876100540161,0.0,0.0,5.02726411819458,0.0,0.0,0.0,0.0,0.0,0.0,0.0
GSE190260::LAM1163:TAGGCATGTTATGCGT-1,GSE190260::LAM1163:TAGGCATGTTATGCGT-1,State_16,LAM1163,GSE190260,primary_candidate,3.9464616775512695,4.083244323730469,4.4127530733744305,4.7575192,0,0.0,3.9464616775512695,3.9464616775512695,0-10%,622.0,364,0.3215434083601286,,False,scRNA-seq,LAM,0.0,0.9459142088890076,2.5232996940612793,0.0,0.0,0.0,0.5675485134124756,1.6863443851470947,0.35471782088279724,1.0814142227172852,2.660477876663208,0.5159531831741333,1.7665106058120728,0.0,0.5159531831741333,0.0,0.16039763391017914,0.0,0.8752934336662292,0.0,0.0,0.40539178252220154,1.7736518383026123,0.0,0.0,0.0,0.0,2.837742567062378,0.0,4.732156753540039,2.837742567062378,0.0,0.0,0.0,0.0,0.0,0.0
GSE135851::LAM3:TGGACGCGTAATTGGA-1,GSE135851::LAM3:TGGACGCGTAATTGGA-1,State_16,LAM3,GSE135851,primary_candidate,3.9485678672790527,4.31420259475708,4.6848251978556315,5.1534066,0,0.0,3.9485678672790527,3.9485678672790527,0-10%,726.0,361,0.9641873278236914,0.013296011196641007,False,scRNA,LAM,0.0,1.11719810962677,1.7952507734298706,0.0,0.0,0.0,0.0,0.33660951256752014,0.41894927620887756,0.8634957671165466,0.7555587887763977,0.5494973063468933,2.201812267303467,0.0,0.3046903908252716,0.0,0.10210085660219193,0.0,1.3464380502700806,0.7344207763671875,0.2448069155216217,0.0,0.5037058591842651,0.0,0.0,0.0,0.0,3.3515942096710205,0.0,2.692876100540161,2.692876100540161,0.0,0.0,0.0,0.0,0.0,0.0
GSE190260::LAM1163:GCAGTTATCGCTAGCG-1,GSE190260::LAM1163:GCAGTTATCGCTAGCG-1,State_16,LAM1163,GSE190260,primary_candidate,3.949774742126465,4.170020675659179,4.44817008972168,4.857759,0,0.0,3.949774742126465,3.949774742126465,0-10%,746.0,377,0.2680965147453083,,False,scRNA-seq,LAM,0.889187753200531,0.0,1.2395964860916138,0.0,0.19054022431373596,0.0,0.0,1.3257769346237183,0.33344539999961853,0.9123361110687256,1.6592223644256592,0.0,1.725746512413025,0.0,0.0,0.0,0.1623331606388092,0.0,0.0,0.0,0.0,0.0,1.1061482429504395,2.6675631999969482,0.0,0.0,0.0,0.0,0.0,3.718789577484131,0.0,0.0,0.0,2.6675631999969482,0.0,0.0,0.0
GSE190260::LAM1163:ACTGCTCCATGCTGGC-1,GSE190260::LAM1163:ACTGCTCCATGCTGGC-1,State_16,LAM1163,GSE190260,primary_candidate,3.9525954723358154,4.050616312026977,4.343598826726278,4.7346215,0,0.0,3.9525954723358154,3.9525954723358154,0-10%,741.0,461,0.1349527665317139,,False,scRNA-seq,LAM,0.0,0.8912742733955383,2.805450916290283,0.0,0.0,0.0,0.0,1.7831419706344604,0.33422785997390747,1.0521177053451538,2.618243455886841,0.729224443435669,1.4306119680404663,0.0,0.729224443435669,0.33422785997390747,0.21503718197345734,0.0,0.6684557199478149,0.24307480454444885,0.24307480454444885,0.0,1.7454956769943237,0.0,0.0,0.0,0.0,2.6738228797912598,0.0,4.691000938415527,3.7253518104553223,0.0,0.0,0.0,0.0,0.0,0.0
GSE190260::LAM1163:AAAGATGGTAGCGTCC-1,GSE190260::LAM1163:AAAGATGGTAGCGTCC-1,State_16,LAM1163,GSE190260,primary_candidate,3.9536046981811523,4.221472072601318,4.650512027740478,5.2341194,0,0.0,3.9536046981811523,3.9536046981811523,0-10%,1969.0,1106,5.078720162519045,,False,scRNA-seq,LAM,0.6015980839729309,0.9290803074836731,1.608070969581604,0.0,0.5831459760665894,0.0,0.0,1.5544583797454834,0.875517725944519,1.0005916357040405,2.1891977787017822,0.7456021308898926,1.8255219459533691,0.0,0.6367401480674744,0.2255992740392685,0.21030841767787933,0.0,0.0,0.4421999454498291,0.5815299153327942,0.0,1.4594652652740479,1.804794192314148,0.0,0.0,0.0,2.787240982055664,0.0,2.412106513977051,0.0,2.412106513977051,3.947143077850342,0.0,0.0,0.0,0.0
GSE190260::LAM1163:ATTGGACCACTTAAGC-1,GSE190260::LAM1163:ATTGGACCACTTAAGC-1,State_16,LAM1163,GSE190260,primary_candidate,3.9574601650238037,4.1553703308105465,4.4661892255147295,4.905435,0,0.0,3.9574601650238037,3.9574601650238037,0-10%,1111.0,460,0.0,,False,scRNA-seq,LAM,0.7675583362579346,0.0,2.04380464553833,1.1513375043869019,0.0,0.0,0.0,2.161539077758789,0.28783437609672546,0.8759163022041321,3.091508388519287,0.0,2.1834042072296143,0.0,0.0,0.28783437609672546,0.17117424309253693,0.0,0.5756687521934509,0.0,0.0,0.0,2.0610055923461914,0.0,0.0,2.3026750087738037,0.0,0.0,0.0,3.8287391662597656,0.0,2.3026750087738037,0.0,0.0,0.0,0.0,0.0
GSE190260::LAM1163:CCTTACGTCAACGGGA-1,GSE190260::LAM1163:CCTTACGTCAACGGGA-1,State_16,LAM1163,GSE190260,primary_candidate,3.9578969478607178,4.042375326156616,4.3105553150177,4.6185923,0,0.0,3.9578969478607178,3.9578969478607178,0-10%,678.0,411,0.0,,False,scRNA-seq,LAM,0.9189311861991882,0.0,0.9189311861991882,1.37839674949646,0.0,0.0,0.0,1.200985312461853,0.344599187374115,0.7876552939414978,1.677504539489746,0.0,2.0808372497558594,0.0,0.0,0.0,0.16482968628406525,0.0,1.5436179637908936,0.2506175935268402,0.2506175935268402,0.0,1.1183363199234009,0.0,0.0,2.75679349899292,0.0,0.0,0.0,2.75679349899292,0.0,0.0,0.0,0.0,0.0,0.0,0.0
GSE302356::LAM3:AATGCCAGTTGACTGT-1,GSE302356::LAM3:AATGCCAGTTGACTGT-1,State_16,LAM32,GSE302356,primary_candidate,3.958519220352173,4.341217184066773,4.658991003036499,5.400961,0,0.0,3.958519220352173,3.958519220352173,0-10%,1795.0,909,1.894150417827298,,False,scRNA-seq,LAM,0.0,0.8322252035140991,3.329617977142334,0.0,0.0,0.0,0.0,2.4910707473754883,0.312084436416626,1.016364336013794,3.4108242988586426,0.684283435344696,1.55563485622406,0.0,0.5131315588951111,0.0,0.26537251472473145,0.12551137804985046,0.47066766023635864,0.0,0.3981224000453949,0.0,2.2738828659057617,0.0,0.0,0.0,0.0,2.496675491333008,0.0,4.617874622344971,2.8743040561676025,2.496675491333008,0.0,0.0,0.0,0.0,0.0
GSE190260::LAM1163:CCTTCCCTCAAAGTAG-1,GSE190260::LAM1163:CCTTCCCTCAAAGTAG-1,State_16,LAM1163,GSE190260,primary_candidate,3.9606857299804688,4.274438190460205,4.648074340820313,5.2206583,0,0.0,3.9606857299804688,3.9606857299804688,0-10%,3920.0,1777,6.275510204081633,,False,scRNA-seq,LAM,0.0,0.6028744578361511,1.7260093688964844,0.6336175203323364,0.5955733060836792,0.0,0.0,1.2190274000167847,0.22607791423797607,0.5167495012283325,1.9951251745224,0.4440437853336334,1.841159701347351,0.18103358149528503,0.32884061336517334,0.1584043800830841,0.2026527374982834,0.9012495279312134,0.5394783020019531,0.27962347865104675,0.0,0.0,1.3300834894180298,0.0,0.0,0.0,0.0,1.8086233139038086,0.0,1.8086233139038086,0.0,3.3694047927856445,3.4535446166992188,0.0,1.8086233139038086,0.0,0.0
GSE302356::LAM4:GATCACACAGTTCTAG-1,GSE302356::LAM4:GATCACACAGTTCTAG-1,State_16,LAM18,GSE302356,primary_candidate,3.9660494327545166,4.72538275718689,5.41716456413269,6.400483,0,0.0,3.9660494327545166,3.9660494327545166,0-10%,5177.0,1981,11.39656171527912,,False,scRNA-seq,LAM,0.0,0.35851845145225525,0.5272350311279297,0.0,1.5300160646438599,0.0,0.21511107683181763,0.19771313667297363,0.1344444304704666,0.3796086609363556,0.33215755224227905,0.5135439038276672,1.5114264488220215,0.0,0.4157661199569702,0.0,0.13324691355228424,0.0,0.0,0.6804088354110718,0.8212859630584717,0.0,0.22143837809562683,0.0,0.0,0.0,1.075555443763733,0.0,0.0,1.581705093383789,0.0,0.0,4.008884429931641,4.82529878616333,2.911512613296509,0.0,1.075555443763733
GSE302356::LAM13:CATCAATCAAGGACCA-1,GSE302356::LAM13:CATCAATCAAGGACCA-1,State_16,LAM50,GSE302356,primary_candidate,3.9716808795928955,4.242044591903687,4.45020276705424,4.9436083,1,0.03333333333333333,3.9716808795928955,3.9716808795928955,0-10%,10182.0,2427,0.009821253191907287,,False,scRNA-seq,LAM,0.3622080981731415,0.9757866859436035,0.3622080981731415,0.6863988637924194,0.0,0.0,0.0,0.3444611430168152,0.22134923934936523,0.5734263062477112,0.13582803308963776,0.3688328266143799,0.41031187772750854,1.458686351776123,0.14500316977500916,0.9451562762260437,0.35912731289863586,0.0,0.39875873923301697,0.0,0.4310300648212433,0.09773852676153183,0.09055202454328537,0.0,0.0,1.086624264717102,0.0,0.0,2.9273600578308105,0.0,1.086624264717102,0.0,0.0,0.0,0.0,0.0,0.0
GSE135851::LAM4:TGGTTCCCAGTCCTTC-1,GSE135851::LAM4:TGGTTCCCAGTCCTTC-1,State_16,LAM4,GSE135851,primary_candidate,3.974055051803589,4.22507872581482,4.436149040857951,4.8655486,0,0.0,3.974055051803589,3.974055051803589,0-10%,612.0,437,0.0,0.040816326530612235,False,snRNA,LAM,0.0,1.172298789024353,1.398362159729004,0.0,0.0,0.0,0.0,1.048771619796753,0.4396120607852936,1.1017118692398071,1.6006730794906616,0.0,1.4778823852539062,0.0,0.0,0.0,0.0914018303155899,0.0,1.1038029193878174,0.25936439633369446,0.0,0.0,1.0671154260635376,0.0,0.0,0.0,3.5168964862823486,0.0,0.0,4.195086479187012,0.0,0.0,0.0,0.0,0.0,0.0,0.0
GSE190260::LAM1163:TCGTAGATCAAGGTAA-1,GSE190260::LAM1163:TCGTAGATCAAGGTAA-1,State_16,LAM1163,GSE190260,primary_candidate,3.977663040161133,4.031045722961426,4.272062746683757,4.6870937,0,0.0,3.977663040161133,3.977663040161133,0-10%,999.0,516,0.0,,False,scRNA-seq,LAM,0.7996016144752502,1.370619297027588,1.4651457071304321,0.0,0.0,0.0,0.0,1.7080191373825073,0.8138328790664673,1.5580142736434937,2.307616949081421,1.0280247926712036,1.9287137985229492,0.0,0.8687398433685303,0.0,0.19236323237419128,0.0,0.0,0.3122686743736267,0.6542195081710815,0.0,1.5384113788604736,2.3988049030303955,0.0,0.0,0.0,4.111857891082764,0.0,4.395437240600586,0.0,0.0,0.0,0.0,0.0,0.0,0.0
GSE302356::LAM3:CGGCAGTTCTGGTGCG-1,GSE302356::LAM3:CGGCAGTTCTGGTGCG-1,State_16,LAM32,GSE302356,primary_candidate,3.9809446334838867,4.099690723419189,4.34044771194458,4.7890677,0,0.0,3.9809446334838867,3.9809446334838867,0-10%,1334.0,492,0.974512743628186,,False,scRNA-seq,LAM,0.0,0.7132083773612976,1.2760508060455322,0.0,0.0,0.0,0.0,1.3293557167053223,0.0,0.8525396585464478,1.7856271266937256,0.0,2.1455132961273193,0.3056607246398926,0.19451136887073517,0.0,0.09317401796579361,0.0,0.0,0.19451136887073517,0.19451136887073517,0.0,1.1904181241989136,0.0,0.0,0.0,0.0,0.0,2.139625072479248,3.8281524181365967,0.0,0.0,0.0,0.0,0.0,0.0,0.0
GSE302356::LAM13:CTAATAGTCTGTGAGT-1,GSE302356::LAM13:CTAATAGTCTGTGAGT-1,State_16,LAM50,GSE302356,primary_candidate,3.984964609146118,4.4660529613494875,4.748340272903443,5.2321644,0,0.0,3.984964609146118,3.984964609146118,0-10%,8695.0,2944,0.023001725129384705,,False,scRNA-seq,LAM,0.3979915678501129,0.3979915678501129,1.6574535369873047,0.0,0.0,0.0,0.41338565945625305,1.0989466905593872,0.14924684166908264,0.6558258533477783,1.4499824047088623,0.8251386284828186,0.6039959788322449,1.0138145685195923,0.06959163397550583,0.948861300945282,0.5040607452392578,0.0,0.6687785983085632,0.0,0.7400183081626892,0.0,1.0910685062408447,0.0,0.0,1.1939747333526611,0.0,0.0,1.1939747333526611,2.202831506729126,0.0,2.769529104232788,0.0,0.0,0.0,0.0,0.0
GSE190260::LAM1163:TACTTGTAGAGGTTAT-1,GSE190260::LAM1163:TACTTGTAGAGGTTAT-1,State_16,LAM1163,GSE190260,primary_candidate,3.9878742694854736,4.288093328475952,4.6031001249949135,5.1708865,0,0.0,3.9878742694854736,3.9878742694854736,0-10%,1068.0,535,0.18726591760299627,,False,scRNA-seq,LAM,0.0,1.2164804935455322,3.716925859451294,0.0,0.0,0.0,0.0,2.915017604827881,0.4561801850795746,1.2623262405395508,3.826294183731079,0.33176741003990173,1.8151140213012695,0.0,0.33176741003990173,0.0,0.214700385928154,0.0,0.0,0.3063991367816925,0.21257004141807556,0.0,2.5508627891540527,0.0,0.0,0.0,0.0,3.6494414806365967,0.0,5.18684196472168,2.9819676876068115,2.9819676876068115,0.0,0.0,0.0,0.0,0.0
GSE302356::LAM3:AGTCATGTCTATCGCC-1,GSE302356::LAM3:AGTCATGTCTATCGCC-1,State_16,LAM32,GSE302356,primary_candidate,3.9965596199035645,4.228585433959961,4.499660015106201,4.9629226,0,0.0,3.9965596199035645,3.9965596199035645,0-10%,2031.0,669,0.6893156080748399,,False,scRNA-seq,LAM,0.0,0.5929861068725586,0.7946407794952393,0.8894791603088379,0.0,0.0,0.0,1.7487473487854004,0.22236979007720947,0.5946972370147705,2.2691073417663574,0.48517045378685,2.068680763244629,0.0,0.16172349452972412,0.0,0.18552377820014954,0.0,0.0,0.0,0.16172349452972412,0.0,1.5127382278442383,0.0,0.0,0.0,0.0,1.7789583206176758,0.0,2.3839223384857178,0.0,0.0,0.0,0.0,0.0,0.0,0.0
GSE302356::LAM10:TGCATGAGTGCTCCGT-1,GSE302356::LAM10:TGCATGAGTGCTCCGT-1,State_16,LAM3,GSE302356,primary_candidate,4.007222652435303,4.348030090332031,4.594916311899821,5.037377,0,0.0,4.007222652435303,4.007222652435303,0-10%,7447.0,2561,0.013428226131328052,,False,scRNA-seq,LAM,0.617267370223999,1.7118860483169556,2.6785049438476562,0.0,0.0,0.0,0.0,1.404240369796753,0.5397842526435852,1.529707431793213,1.8158098459243774,0.5952780842781067,0.237171933054924,0.8177248239517212,0.22422470152378082,0.7509079575538635,0.6264720559120178,0.08696304261684418,0.7982847690582275,0.07739604264497757,0.3925703465938568,0.0,1.2105398178100586,0.0,0.0,1.8518019914627075,0.8513564467430115,1.6151152849197388,2.6691863536834717,3.720491409301758,1.8518019914627075,2.463221549987793,0.0,0.0,0.0,0.0,0.0
GSE190260::LAM1163:GTGGGTCGTTGGTAAA-1,GSE190260::LAM1163:GTGGGTCGTTGGTAAA-1,State_16,LAM1163,GSE190260,primary_candidate,4.014700412750244,4.141143703460694,4.348343912760416,4.7770834,0,0.0,4.014700412750244,4.014700412750244,0-10%,1286.0,607,0.0,,False,scRNA-seq,LAM,0.7240087985992432,1.3821457624435425,1.6105475425720215,0.0,0.0,0.0,0.0,2.2037339210510254,0.789807915687561,1.5928722620010376,3.021038770675659,0.37694883346557617,1.8496160507202148,0.3102894723415375,0.5744057893753052,0.0,0.23117691278457642,0.0,0.5430065989494324,0.2901485562324524,0.0,0.0,2.0140256881713867,2.1720263957977295,0.0,0.0,0.0,4.146437168121338,0.0,4.8316426277160645,0.0,0.0,0.0,0.0,0.0,0.0,0.0
GSE190260::LAM1163:GGACGTCTCTTGAGGT-1,GSE190260::LAM1163:GGACGTCTCTTGAGGT-1,State_16,LAM1163,GSE190260,primary_candidate,4.017934322357178,4.154660987854004,4.459821764628092,4.9200535,0,0.0,4.017934322357178,4.017934322357178,0-10%,1359.0,709,0.29433406916850624,,False,scRNA-seq,LAM,0.0,1.2699975967407227,1.210697054862976,0.0,0.0,0.21232612431049347,0.0,1.3243578672409058,0.476249098777771,1.0631548166275024,1.8858582973480225,0.7324104905128479,1.9788494110107422,0.0,0.5393867492675781,0.0,0.2408633530139923,0.0,0.5308153033256531,0.2853411138057709,0.38604748249053955,0.0,1.2572388648986816,0.0,0.0,0.0,0.0,3.809992790222168,0.0,3.6320910453796387,0.0,0.0,0.0,0.0,0.0,0.0,0.0
GSE135851::LAM3:CCACTACTCGTGGGAA-1,GSE135851::LAM3:CCACTACTCGTGGGAA-1,State_16,LAM3,GSE135851,primary_candidate,4.022749423980713,4.388119697570801,4.997118759155273,5.9456835,0,0.0,4.022749423980713,4.022749423980713,0-10%,2284.0,894,2.714535901926445,0.030927835051546393,False,scRNA,LAM,0.0,0.5607897639274597,0.7593135237693787,0.0,1.2340192794799805,0.0,0.0,0.4950387179851532,0.2102961540222168,0.5657585263252258,0.4950387179851532,0.30588531494140625,1.9323629140853882,0.0,0.4588279724121094,0.0,0.04548169672489166,0.11215794831514359,0.8960620760917664,1.167927622795105,0.15294265747070312,0.0,0.3300258219242096,0.0,0.0,0.0,0.0,1.6823692321777344,0.0,2.277940511703491,0.0,0.0,4.483744144439697,4.851797580718994,3.9804179668426514,0.0,0.0
GSE302356::LAM13:GAACTTATCTTGACCC-1,GSE302356::LAM13:GAACTTATCTTGACCC-1,State_16,LAM50,GSE302356,primary_candidate,4.035933494567871,4.173741626739502,4.37371597290039,4.51935,2,0.06666666666666667,4.035933494567871,4.035933494567871,0-10%,13720.0,3642,0.8746355685131195,,False,scRNA-seq,LAM,0.5604731440544128,1.1861613988876343,1.0650076866149902,0.0,0.0,0.0,0.0,1.4225575923919678,0.47056591510772705,1.126780390739441,1.4937456846237183,1.4524996280670166,1.0132704973220825,0.9341890811920166,0.7221983671188354,0.9896520972251892,0.5164313316345215,0.0,0.6149646639823914,0.2253911793231964,1.0846706628799438,0.12846235930919647,1.1465489864349365,0.0,0.0,1.6814194917678833,0.0,1.5356438159942627,2.0228402614593506,2.64755916595459,0.0,0.5474639534950256,0.0,0.0,0.0,0.0,0.0
GSE302356::LAM13:GGGCAATAGTTTGAGC-1,GSE302356::LAM13:GGGCAATAGTTTGAGC-1,State_16,LAM50,GSE302356,primary_candidate,4.037431716918945,4.200376319885254,4.412978967030843,4.700384,0,0.0,4.037431716918945,4.037431716918945,0-10%,7119.0,2243,0.028093833403567917,,False,scRNA-seq,LAM,0.8710566163063049,1.4533371925354004,0.7941941618919373,0.0,0.0,0.0,0.0,0.8907818794250488,0.32664620876312256,1.3365377187728882,0.8515450358390808,0.281119167804718,0.5489518046379089,0.9961687922477722,0.15953122079372406,0.48823702335357666,0.3740796744823456,0.05849478021264076,0.5205923914909363,0.0,0.2013535499572754,0.0,0.5676966905593872,0.0,0.0,2.6131696701049805,0.0,0.0,4.360011577606201,2.382582426071167,0.0,0.0,0.0,0.0,0.0,0.0,0.0
GSE302356::LAM13:GGAACGGTCATGAGCT-1,GSE302356::LAM13:GGAACGGTCATGAGCT-1,State_16,LAM50,GSE302356,primary_candidate,4.041330814361572,4.419752025604248,4.699018478393555,5.00356,0,0.0,4.041330814361572,4.041330814361572,0-10%,2922.0,1391,0.034223134839151265,,False,scRNA-seq,LAM,0.0,1.360190749168396,0.4955543279647827,0.0,0.0,0.14866629242897034,0.0,0.8742911219596863,0.0,0.7953193187713623,0.6743998527526855,0.13515117764472961,0.6497368216514587,0.9967318773269653,0.0,0.18583287298679352,0.31610873341560364,0.0,0.9771339297294617,0.27030235528945923,0.3224083483219147,0.0,0.44959989190101624,0.0,0.0,0.0,0.0,0.0,4.080572128295898,1.4866629838943481,0.0,0.0,0.0,0.0,0.0,0.0,0.0
GSE190260::LAM1163:TGATTTCGTTCCCGAG-1,GSE190260::LAM1163:TGATTTCGTTCCCGAG-1,State_16,LAM1163,GSE190260,primary_candidate,4.043819904327393,4.353480339050293,4.638542302449545,5.0947123,0,0.0,4.043819904327393,4.043819904327393,0-10%,1960.0,884,0.40816326530612246,,False,scRNA-seq,LAM,0.9305135607719421,0.6028744578361511,1.5765175819396973,0.0,0.0,0.0,0.0,2.509929895401001,0.5750204920768738,1.33281672000885,3.4443042278289795,0.966698944568634,1.784682273864746,0.0,0.5485022664070129,0.0,0.30317139625549316,0.0,0.0,0.2537764310836792,0.5826170444488525,0.0,2.2962026596069336,2.7915406227111816,0.0,0.0,0.0,1.8086233139038086,0.0,4.729552745819092,0.0,0.0,0.0,0.0,0.0,0.0,0.0
GSE135851::LAM3:TGGGCGTAGCCGATTT-1,GSE135851::LAM3:TGGGCGTAGCCGATTT-1,State_16,LAM3,GSE135851,primary_candidate,4.048596382141113,4.244485569000244,4.505902036031087,4.9894,0,0.0,4.048596382141113,4.048596382141113,0-10%,640.0,263,1.5625,0.017008945445382385,False,scRNA,LAM,0.0,0.9369692206382751,0.9369692206382751,0.0,0.0,0.0,0.0,1.221606969833374,0.7027269005775452,0.8031164407730103,2.056544542312622,0.2555370628833771,2.021245002746582,0.0,0.2555370628833771,0.0,0.06498263031244278,0.0,1.0377600193023682,0.2555370628833771,0.0,0.0,1.3710297346115112,0.0,0.0,0.0,0.0,2.8109076023101807,0.0,2.8109076023101807,0.0,0.0,0.0,0.0,0.0,0.0,0.0
GSE190260::LAM1163:GAACGGAAGTACGCCC-1,GSE190260::LAM1163:GAACGGAAGTACGCCC-1,State_16,LAM1163,GSE190260,primary_candidate,4.049051284790039,4.276857089996338,4.503333600362142,4.840368,0,0.0,4.049051284790039,4.049051284790039,0-10%,1094.0,568,0.0,,False,scRNA-seq,LAM,0.0,1.2812755107879639,1.1157246828079224,0.0,0.16546884179115295,0.0,0.0,1.3744710683822632,0.48047831654548645,1.0272858142852783,1.92722749710083,0.9812288880348206,2.013922929763794,0.0,0.34943878650665283,0.28957048058509827,0.23233182728290558,0.0,1.158281922340393,0.0,0.6317901611328125,0.0,1.2848182916641235,0.0,0.0,0.0,0.0,3.8438265323638916,0.0,3.3471741676330566,0.0,0.0,0.0,0.0,0.0,0.0,0.0
GSE190260::LAM1163:GCATACAAGTGCTGCC-1,GSE190260::LAM1163:GCATACAAGTGCTGCC-1,State_16,LAM1163,GSE190260,primary_candidate,4.05194091796875,4.246662998199463,4.497400983174642,5.0008388,0,0.0,4.05194091796875,4.05194091796875,0-10%,2146.0,957,0.046598322460391424,,False,scRNA-seq,LAM,0.9022274613380432,0.9022274613380432,1.6599551439285278,0.8666971325874329,0.0,0.0,0.0,2.0868496894836426,0.6766706109046936,1.4847471714019775,3.010654926300049,0.7734110951423645,2.177454948425293,0.0,0.6704350113868713,0.21667428314685822,0.29360124468803406,0.0,0.43334856629371643,0.3417971432209015,0.561224639415741,0.0,2.007103443145752,2.7066824436187744,0.0,0.0,0.0,2.7066824436187744,0.0,4.979865550994873,0.0,0.0,0.0,0.0,0.0,0.0,0.0
GSE217108::LAM44:GCTCAACCAAGGTCGA-1,GSE217108::LAM44:GCTCAACCAAGGTCGA-1,State_16,LAM44,GSE217108,primary_candidate,4.055276393890381,4.87089262008667,5.540252017974853,6.720498,0,0.0,4.055276393890381,4.055276393890381,0-10%,4814.0,2401,8.516825924387204,,False,snRNA-seq,LAM,0.0,0.7493628859519958,0.3746814429759979,0.0,1.2461903095245361,0.0,0.0,0.28101107478141785,0.14050553739070892,0.32115551829338074,0.3454905152320862,0.28204867243766785,1.1090435981750488,0.4817332625389099,0.754443347454071,0.0,0.14148269593715668,0.07493628561496735,1.2792551517486572,1.210080862045288,0.0,0.0,0.3239973485469818,0.0,0.0,0.0,0.0,1.1240442991256714,1.1240442991256714,0.0,0.0,1.1240442991256714,3.592194080352783,3.4039218425750732,2.8689322471618652,1.1240442991256714,0.0
GSE135851::LAM4:TCATTACAGTGTTGAA-1,GSE135851::LAM4:TCATTACAGTGTTGAA-1,State_16,LAM4,GSE135851,primary_candidate,4.058282375335693,4.258587265014649,4.461484305063883,5.035193,0,0.0,4.058282375335693,4.058282375335693,0-10%,872.0,431,0.0,0.0682215743440233,False,snRNA,LAM,0.0,1.1889384984970093,1.899510383605957,0.0,0.0,0.0,0.0,1.4246327877044678,0.4458519518375397,0.9631699919700623,1.870484709739685,0.5536338686943054,1.5169509649276733,0.0,0.7830117344856262,0.0,0.10424800217151642,0.0,1.5876872539520264,0.6881336569786072,0.2886704206466675,0.0,1.2469898462295532,0.0,0.0,0.0,0.0,3.5668156147003174,0.0,3.1753745079040527,2.5231566429138184,0.0,0.0,0.0,0.0,0.0,0.0
GSE135851::LAM3:GATCTAGAGAGGACGG-1,GSE135851::LAM3:GATCTAGAGAGGACGG-1,State_16,LAM3,GSE135851,primary_candidate,4.06583309173584,4.299268531799316,4.474889087677002,4.9777017,0,0.0,4.06583309173584,4.06583309173584,0-10%,998.0,502,0.501002004008016,0.014299332697807437,False,scRNA,LAM,1.2385084629058838,1.2385084629058838,1.2385084629058838,0.0,0.0,0.0,0.0,2.2078897953033447,1.3096849918365479,1.5923680067062378,2.785027503967285,0.8916712403297424,1.7619937658309937,0.0,1.0510350465774536,0.0,0.177785262465477,0.0,1.628139615058899,1.1495718955993652,0.27694809436798096,0.0,1.8566850423812866,3.7155253887176514,0.0,0.0,0.0,3.7155253887176514,0.0,3.7155253887176514,0.0,0.0,0.0,0.0,0.0,0.0,0.0
GSE135851::LAM4:TGACAACCACACATGT-1,GSE135851::LAM4:TGACAACCACACATGT-1,State_16,LAM4,GSE135851,primary_candidate,4.093349933624268,4.502713871002197,4.802674293518066,5.1192284,0,0.0,4.093349933624268,4.093349933624268,10-20%,618.0,434,0.0,0.028856430352689706,False,snRNA,LAM,0.0,2.416463851928711,3.286226749420166,0.0,0.0,0.0,0.0,2.075669050216675,1.2616510391235352,1.5366889238357544,2.6263656616210938,0.6590355634689331,1.5095775127410889,0.0,1.236421823501587,0.0,0.2158675491809845,0.0,2.023322582244873,0.5170577168464661,0.25852885842323303,0.0,1.7509105205535889,0.0,0.0,0.0,2.8438174724578857,4.405573844909668,0.0,3.5074312686920166,2.8438174724578857,3.5074312686920166,0.0,0.0,0.0,0.0,0.0
GSE135851::LAM3:ACATGGTCAGCTTAAC-1,GSE135851::LAM3:ACATGGTCAGCTTAAC-1,State_16,LAM3,GSE135851,primary_candidate,4.095850467681885,4.214608573913575,4.4575724601745605,5.061698,0,0.0,4.095850467681885,4.095850467681885,10-20%,504.0,275,0.3968253968253968,0.014817491868449585,False,scRNA,LAM,0.0,1.0123116970062256,1.2352663278579712,0.0,0.0,0.0,0.0,1.355721354484558,0.3796168863773346,0.9632477164268494,1.9316253662109375,0.2760850191116333,2.2677364349365234,0.0,0.2760850191116333,0.0,0.10311835259199142,0.0,1.9562058448791504,0.8282549977302551,0.0,0.0,1.287750244140625,0.0,0.0,0.0,0.0,3.0369350910186768,0.0,3.705799102783203,0.0,0.0,0.0,0.0,0.0,0.0,0.0
GSE190260::LAM1163:TACTCATAGAATCTCC-1,GSE190260::LAM1163:TACTCATAGAATCTCC-1,State_16,LAM1163,GSE190260,primary_candidate,4.104702949523926,4.278486156463623,4.5464435577392575,4.917169,0,0.0,4.104702949523926,4.104702949523926,10-20%,765.0,511,0.13071895424836602,,False,scRNA-seq,LAM,0.8813931941986084,0.0,1.7383238077163696,0.0,0.0,0.0,0.0,1.8920003175735474,0.33052244782447815,1.122735857963562,2.9638662338256836,0.0,1.69507896900177,0.0,0.0,0.0,0.19315287470817566,0.0,0.8252871036529541,0.0,0.0,0.0,1.9759109020233154,2.644179582595825,0.0,0.0,0.0,0.0,0.0,5.214971542358398,0.0,0.0,0.0,0.0,0.0,0.0,0.0
GSE302356::LAM13:GTCTCACTCACCATTT-1,GSE302356::LAM13:GTCTCACTCACCATTT-1,State_16,LAM50,GSE302356,primary_candidate,4.105595588684082,4.3418676376342775,4.589611434936524,5.19283,0,0.0,4.105595588684082,4.105595588684082,10-20%,6386.0,2018,0.17225180081428124,,False,scRNA-seq,LAM,0.31410640478134155,0.7260376214981079,1.1338716745376587,0.0,0.0,0.0,0.28374508023262024,1.0277444124221802,0.11778990179300308,0.7290459275245667,1.579235315322876,1.0456279516220093,0.41808101534843445,0.8178784847259521,0.2836756408214569,0.923206090927124,0.428027480840683,0.0,0.5445281863212585,0.0,0.6035411953926086,0.0,1.052823543548584,0.0,0.0,0.9423192143440247,0.0,0.0,2.178112745285034,1.9828896522521973,0.0,1.4187254905700684,0.0,0.0,0.0,0.0,0.0
GSE135851::LAM3:GTCTTCGTCGAGAGCA-1,GSE135851::LAM3:GTCTTCGTCGAGAGCA-1,State_16,LAM3,GSE135851,primary_candidate,4.114418983459473,4.47535343170166,4.783960819244385,5.4003825,0,0.0,4.114418983459473,4.114418983459473,10-20%,1211.0,529,1.6515276630883566,0.01281015579919215,False,scRNA,LAM,0.0,1.0831080675125122,4.15327787399292,0.0,0.0,0.0,0.0,2.7936434745788574,0.4061655104160309,1.2569069862365723,3.893437147140503,0.4977066218852997,1.8924201726913452,0.0,0.4977066218852997,0.0,0.20572760701179504,0.0,0.8123310208320618,0.0,0.20231352746486664,0.0,2.5956246852874756,0.0,0.0,0.0,0.0,3.249324083328247,0.0,5.54902458190918,4.685360431671143,2.2254488468170166,0.0,0.0,0.0,0.0,0.0
GSE302356::LAM3:ATGGTTGTCTACTGCC-1,GSE302356::LAM3:ATGGTTGTCTACTGCC-1,State_16,LAM32,GSE302356,primary_candidate,4.120498180389404,4.984111690521241,5.670194594065348,6.625815,0,0.0,4.120498180389404,4.120498180389404,10-20%,6079.0,2533,12.896858035861161,,False,scRNA-seq,LAM,0.3242246210575104,0.3242246210575104,0.0,0.0,1.1799852848052979,0.09726738929748535,0.0,0.12158423662185669,0.36475270986557007,0.2779068052768707,0.12158423662185669,0.08842489868402481,1.6422289609909058,0.0,0.22081491351127625,0.0,0.10753277689218521,0.09708601236343384,0.24316847324371338,0.4711371660232544,0.0,0.0,0.0810561552643776,0.0,0.9726738929748535,0.0,0.0,0.9726738929748535,0.0,0.0,0.0,0.0,2.6504251956939697,4.176773548126221,3.616044282913208,0.0,0.0
GSE135851::LAM3:TGGGCGTGTGACTACT-1,GSE135851::LAM3:TGGGCGTGTGACTACT-1,State_16,LAM3,GSE135851,primary_candidate,4.127353668212891,4.240698051452637,4.354954115549723,4.877538,0,0.0,4.127353668212891,4.127353668212891,10-20%,553.0,276,1.0849909584086799,0.05934372818245287,False,scRNA,LAM,0.0,0.9829358458518982,0.9829358458518982,0.0,0.0,0.0,0.0,0.7372018694877625,0.3686009347438812,0.8425164222717285,1.1058027744293213,0.5967465043067932,2.069862127304077,0.0,0.2680734097957611,0.0,0.07207603752613068,0.0,1.1288548707962036,0.8648199439048767,0.5967465043067932,0.0,0.7372018694877625,0.0,0.0,0.0,0.0,2.94880747795105,0.0,2.94880747795105,0.0,0.0,0.0,0.0,0.0,0.0,0.0
GSE190260::LAM1163:GTCGTAAAGGACAGCT-1,GSE190260::LAM1163:GTCGTAAAGGACAGCT-1,State_16,LAM1163,GSE190260,primary_candidate,4.147213459014893,4.3476183891296385,4.689738178253174,5.1571307,0,0.0,4.147213459014893,4.147213459014893,10-20%,876.0,390,0.0,,False,scRNA-seq,LAM,0.8396492600440979,0.0,1.3539267778396606,0.0,0.0,0.0,0.0,2.041555881500244,0.3148684799671173,0.940104067325592,2.571709156036377,0.0,2.3401787281036377,0.0,0.0,0.3148684799671173,0.10695000737905502,0.0,0.6297369599342346,0.0,0.0,0.0,1.7144728899002075,2.5189478397369385,0.0,0.0,0.0,0.0,0.0,4.0617804527282715,0.0,0.0,0.0,0.0,0.0,0.0,0.0
GSE190260::LAM1163:GGAGCAATCACGACTA-1,GSE190260::LAM1163:GGAGCAATCACGACTA-1,State_16,LAM1163,GSE190260,primary_candidate,4.149742126464844,4.305226516723633,4.575521087646484,5.074076,0,0.0,4.149742126464844,4.149742126464844,10-20%,1452.0,600,0.0,,False,scRNA-seq,LAM,0.0,0.6884074807167053,2.4595553874969482,0.0,0.0,0.0,0.0,2.1572799682617188,0.2581528127193451,0.8703277707099915,3.1797354221343994,0.18774749338626862,2.2357137203216553,0.0,0.18774749338626862,0.0,0.2223259061574936,0.0,0.5163056254386902,0.18774749338626862,0.2795927822589874,0.0,2.119823694229126,0.0,0.0,0.0,0.0,2.0652225017547607,0.0,4.027071952819824,0.0,3.3515942096710205,0.0,0.0,0.0,0.0,0.0
GSE135851::LAM4:CAGCTGGAGAAACCTA-1,GSE135851::LAM4:CAGCTGGAGAAACCTA-1,State_16,LAM4,GSE135851,primary_candidate,4.154036998748779,4.453295707702637,4.668468920389811,4.845364,0,0.0,4.154036998748779,4.154036998748779,10-20%,582.0,370,0.0,0.04700460829493086,False,snRNA,LAM,0.0,0.9668130874633789,2.1553802490234375,0.0,0.20717422664165497,0.0,0.0,1.1708225011825562,0.7251098155975342,0.9237344264984131,1.1708225011825562,0.2636762857437134,1.358337640762329,0.0,0.5273525714874268,0.0,0.10527016222476959,0.0,0.9904240965843201,0.2636762857437134,0.0,0.0,0.7805483341217041,0.0,0.0,0.0,0.0,2.9004392623901367,0.0,3.565701723098755,2.9004392623901367,0.0,0.0,0.0,2.9004392623901367,0.0,0.0
GSE190260::LAM1163:CGACCTTAGGGATGGG-1,GSE190260::LAM1163:CGACCTTAGGGATGGG-1,State_16,LAM1163,GSE190260,primary_candidate,4.154577732086182,4.272195816040039,4.51934289932251,4.972195,0,0.0,4.154577732086182,4.154577732086182,10-20%,1346.0,681,0.07429420505200594,,False,scRNA-seq,LAM,0.0,1.924392580986023,1.3234680891036987,0.0,0.0,0.0,0.0,1.9618377685546875,0.7216472029685974,1.3919402360916138,2.474534511566162,0.3310408890247345,1.9856568574905396,0.30453255772590637,0.3310408890247345,0.0,0.22562849521636963,0.0,0.6909317970275879,0.31134894490242004,0.0,0.0,1.6496896743774414,0.0,0.0,0.0,0.0,3.6414496898651123,2.131727933883667,3.9704041481018066,0.0,0.0,0.0,0.0,0.0,0.0,0.0
GSE135851::LAM4:ACAGCCGCAATCTGCA-1,GSE135851::LAM4:ACAGCCGCAATCTGCA-1,State_16,LAM4,GSE135851,primary_candidate,4.165030479431152,4.443186664581299,4.673111565907797,5.173137,0,0.0,4.165030479431152,4.165030479431152,10-20%,890.0,437,0.0,0.05432595573440645,False,snRNA,LAM,0.8347929120063782,1.6695858240127563,2.0171151161193848,0.0,0.0,0.2504378855228424,0.0,1.1997889280319214,0.9391420483589172,1.580014705657959,1.512836217880249,0.2276708036661148,1.729161262512207,0.0,0.2276708036661148,0.0,0.0664840117096901,0.0,0.9568548202514648,0.4553416073322296,0.0,0.0,1.0085575580596924,2.5043787956237793,0.0,0.0,2.5043787956237793,2.5043787956237793,0.0,3.546966314315796,2.5043787956237793,0.0,0.0,0.0,0.0,0.0,0.0
GSE190260::LAM1163:CAAGATCAGACAAGCC-1,GSE190260::LAM1163:CAAGATCAGACAAGCC-1,State_16,LAM1163,GSE190260,primary_candidate,4.166837692260742,4.337959098815918,4.580041154225667,4.947176,0,0.0,4.166837692260742,4.166837692260742,10-20%,1376.0,744,0.0,,False,scRNA-seq,LAM,0.9143626689910889,1.2659460306167603,1.7614415884017944,0.0,0.0,0.0,0.0,2.490967035293579,0.8176157474517822,1.689321517944336,3.120274066925049,1.1707183122634888,1.91344153881073,0.0,0.7866592407226562,0.0,0.2842005491256714,0.0,1.0561625957489014,0.3094109296798706,0.8254603147506714,0.301760733127594,2.0801827907562256,2.7430880069732666,0.0,0.0,0.0,3.7978382110595703,0.0,5.284324645996094,0.0,0.0,0.0,0.0,0.0,0.0,0.0
GSE190260::LAM1163:CATCCACAGTCCGTAT-1,GSE190260::LAM1163:CATCCACAGTCCGTAT-1,State_16,LAM1163,GSE190260,primary_candidate,4.1838226318359375,4.432311534881592,4.7318444887797035,5.183789,0,0.0,4.1838226318359375,4.1838226318359375,10-20%,2134.0,545,0.046860356138706656,,False,scRNA-seq,LAM,0.5793377757072449,0.5793377757072449,1.3590433597564697,0.0,0.0,0.0,0.0,1.8567330837249756,0.43450331687927246,0.8307347893714905,2.3273887634277344,0.0,2.3567514419555664,0.0,0.0,0.0,0.13878880441188812,0.0,0.0,0.15800119936466217,0.0,0.0,1.5515925884246826,1.7380132675170898,0.0,0.0,1.7380132675170898,0.0,0.0,2.3391168117523193,0.0,1.7380132675170898,0.0,0.0,0.0,0.0,0.0
GSE190260::LAM1163:TCAGGATCAGATGAGC-1,GSE190260::LAM1163:TCAGGATCAGATGAGC-1,State_16,LAM1163,GSE190260,primary_candidate,4.186564922332764,4.4080915451049805,4.6501151402791345,5.054205,0,0.0,4.186564922332764,4.186564922332764,10-20%,612.0,357,0.16339869281045752,,False,scRNA-seq,LAM,0.0,0.9510027766227722,1.5318385362625122,0.0,0.20378629863262177,0.0,0.0,1.5878771543502808,0.356626033782959,1.0640748739242554,2.258283853530884,0.25936439633369446,1.6815544366836548,0.0,0.5187287926673889,0.0,0.13502226769924164,0.0,0.0,0.3197178542613983,0.25936439633369446,0.0,1.505522608757019,0.0,0.0,0.0,0.0,2.853008270263672,0.0,4.595515727996826,0.0,0.0,0.0,0.0,0.0,0.0,0.0
GSE302356::LAM3:GGAGATGTCAGATTGC-1,GSE302356::LAM3:GGAGATGTCAGATTGC-1,State_16,LAM32,GSE302356,primary_candidate,4.206209182739258,4.322354316711426,4.6038699785868324,4.788909,0,0.0,4.206209182739258,4.206209182739258,10-20%,561.0,350,6.0606060606060606,,False,scRNA-seq,LAM,0.0,1.332586407661438,0.9784007668495178,0.0,0.20965731143951416,0.2935202419757843,0.0,0.9295521378517151,0.49971988797187805,0.9904230833053589,0.9295521378517151,0.3634326457977295,1.2850747108459473,0.0,0.3634326457977295,0.0,0.0811929777264595,0.0,1.6341582536697388,0.0,0.0,0.0,0.6197014451026917,0.0,0.0,0.0,0.0,3.9977591037750244,0.0,2.9352023601531982,0.0,0.0,0.0,2.9352023601531982,0.0,0.0,0.0
GSE190260::LAM1163:CTCGTACCACACAGAG-1,GSE190260::LAM1163:CTCGTACCACACAGAG-1,State_16,LAM1163,GSE190260,primary_candidate,4.217380046844482,4.551717758178711,4.8773255666097,5.421408,0,0.0,4.217380046844482,4.217380046844482,10-20%,1597.0,644,0.18785222291797118,,False,scRNA-seq,LAM,0.0,0.6608731746673584,2.026587963104248,0.0,0.0,0.0,0.0,2.28241229057312,0.2478274405002594,0.7797080278396606,3.272120714187622,0.18023814260959625,2.141761302947998,0.0,0.54071444272995,0.0,0.171218141913414,0.0,0.4956548810005188,0.2713577449321747,0.0,0.0,2.1814138889312744,0.0,0.0,0.0,0.0,1.9826195240020752,0.0,3.4753365516662598,0.0,2.6044275760650635,0.0,0.0,0.0,0.0,0.0
GSE135851::LAM4:AGCAGCCCATGCAACT-1,GSE135851::LAM4:AGCAGCCCATGCAACT-1,State_16,LAM4,GSE135851,primary_candidate,4.21790075302124,4.362001037597656,4.574123732248942,5.147075,0,0.0,4.21790075302124,4.21790075302124,10-20%,1608.0,888,0.0,0.04700460829493086,False,snRNA,LAM,0.6589010953903198,0.0,2.665311336517334,0.0,0.0,0.0,0.0,1.9659134149551392,0.24708791077136993,0.8598901629447937,2.888230085372925,0.0,1.3392353057861328,0.0,0.0,0.0,0.23774223029613495,0.0,1.504807710647583,0.7188012003898621,0.17970030009746552,0.0,1.92548668384552,1.9767032861709595,0.0,0.0,0.0,0.0,0.0,4.042527675628662,1.9767032861709595,1.9767032861709595,0.0,0.0,0.0,0.0,0.0
GSE135851::LAM4:TCATTACCATCGATGT-1,GSE135851::LAM4:TCATTACCATCGATGT-1,State_16,LAM4,GSE135851,primary_candidate,4.218347072601318,4.457862186431885,4.67886749903361,5.086627,0,0.0,4.218347072601318,4.218347072601318,10-20%,625.0,479,0.0,0.030927835051546393,False,snRNA,LAM,0.9444044232368469,1.524903655052185,2.917210817337036,0.0,0.0,0.0,0.0,1.9067033529281616,0.9259905219078064,1.7525337934494019,2.3931808471679688,0.41588279604911804,1.0905588865280151,0.0,0.9310125112533569,0.0,0.23192603886127472,0.0,1.7519001960754395,1.030259370803833,0.25756484270095825,0.0,1.5954539775848389,2.8332133293151855,0.0,0.0,0.0,4.574710845947266,0.0,4.859812259674072,3.8918204307556152,0.0,0.0,0.0,0.0,0.0,0.0
GSE135851::LAM4:CACATTTGTATGAATG-1,GSE135851::LAM4:CACATTTGTATGAATG-1,State_16,LAM4,GSE135851,primary_candidate,4.228622913360596,4.342234992980957,4.497426350911458,4.992504,0,0.0,4.228622913360596,4.228622913360596,10-20%,593.0,410,0.0,0.028856430352689706,False,snRNA,LAM,0.960918128490448,1.3144440650939941,3.08610463142395,0.0,0.20591102540493011,0.0,0.0,1.7168598175048828,1.2966997623443604,1.7344383001327515,2.314296245574951,0.35848474502563477,0.5241371393203735,0.0,0.6205533146858215,0.3603442907333374,0.15240974724292755,0.0,2.0435631275177,0.0,0.0,0.0,1.542864203453064,2.882754325866699,0.0,0.0,0.0,3.9433321952819824,0.0,5.314981937408447,3.9433321952819824,0.0,0.0,0.0,2.882754325866699,0.0,0.0
GSE190260::LAM1163:GGAGCAACACAGAGGT-1,GSE190260::LAM1163:GGAGCAACACAGAGGT-1,State_16,LAM1163,GSE190260,primary_candidate,4.2357869148254395,4.4034980773925785,4.632004197438558,5.534734,0,0.0,4.2357869148254395,4.2357869148254395,10-20%,6081.0,1962,8.172997862193718,,False,scRNA-seq,LAM,0.0,0.6483128666877747,0.0,0.0,0.33519095182418823,0.0972469300031662,0.0,0.0,0.12155866622924805,0.27784839272499084,0.0,0.3386850655078888,1.9580103158950806,0.13892419636249542,0.6363568902015686,0.0,0.04822832718491554,0.06483128666877747,0.0,1.4268170595169067,0.0,0.0,0.0,0.0,0.0,0.0,0.0,0.9724693298339844,0.9724693298339844,0.0,0.0,0.0,1.78059720993042,1.456037998199463,0.0,0.0,0.0
GSE302356::LAM10:TCCCGGACAAAGCCTC-1,GSE302356::LAM10:TCCCGGACAAAGCCTC-1,State_16,LAM3,GSE302356,primary_candidate,4.238536357879639,4.304891586303711,4.455279191335042,4.6948776,0,0.0,4.238536357879639,4.238536357879639,10-20%,7379.0,2509,0.0406559154356959,,False,scRNA-seq,LAM,0.9053884744644165,2.2494587898254395,2.44811749458313,0.8112354874610901,0.0,0.0,0.0,1.5043929815292358,0.6494076251983643,1.9103282690048218,1.9823578596115112,0.9496207237243652,0.15574990212917328,1.3788079023361206,0.30324724316596985,0.8625153303146362,0.6780447959899902,0.11421659588813782,0.67904132604599,0.15574990212917328,0.646373450756073,0.0,1.321571946144104,0.85662442445755,0.0,1.8595409393310547,0.85662442445755,1.6224709749221802,4.269281387329102,3.9077558517456055,0.85662442445755,2.579972505569458,0.0,0.0,0.0,0.0,0.0
GSE135851::LAM4:TATTACCCAAACGCGA-1,GSE135851::LAM4:TATTACCCAAACGCGA-1,State_16,LAM4,GSE135851,primary_candidate,4.241802215576172,4.40540828704834,4.579026095072428,4.965275,0,0.0,4.241802215576172,4.241802215576172,10-20%,672.0,436,0.0,0.026915113871635615,False,snRNA,LAM,0.0,0.9217068552970886,2.362663507461548,0.0,0.0,0.0,0.0,1.467942237854004,0.34564006328582764,1.0125701427459717,1.9455480575561523,0.25137460231781006,1.065603494644165,0.0,0.25137460231781006,0.0,0.15576530992984772,0.0,1.8170249462127686,0.7541237473487854,0.0,0.0,1.297032117843628,0.0,0.0,0.0,0.0,2.765120506286621,0.0,4.322870254516602,2.765120506286621,0.0,0.0,0.0,0.0,0.0,0.0
GSE302356::LAM10:ACGAACAAGGAAACTG-1,GSE302356::LAM10:ACGAACAAGGAAACTG-1,State_16,LAM3,GSE302356,primary_candidate,4.245161056518555,4.329744338989258,4.530826695760092,4.803292,0,0.0,4.245161056518555,4.245161056518555,10-20%,6523.0,2441,0.0459911083857121,,False,scRNA-seq,LAM,1.42847740650177,2.1562724113464355,1.6159645318984985,0.0,0.0,0.0,0.0,0.7537864446640015,1.042517066001892,1.7824081182479858,0.7797802686691284,0.3395249843597412,0.12751616537570953,1.3705108165740967,0.1689852625131607,0.7607653737068176,0.6312026381492615,0.0,1.0802737474441528,0.25347790122032166,0.6026187539100647,0.0,0.5198535323143005,1.4026778936386108,0.0,2.882754325866699,1.7226078510284424,0.9294189810752869,3.8167903423309326,1.7226078510284424,1.4026778936386108,1.7226078510284424,0.0,0.0,0.0,0.0,0.0
GSE302356::LAM13:AATCCGTAGCTTGCTC-1,GSE302356::LAM13:AATCCGTAGCTTGCTC-1,State_16,LAM50,GSE302356,primary_candidate,4.250510215759277,4.558400821685791,4.845658175150553,5.7403555,0,0.0,4.250510215759277,4.250510215759277,10-20%,7504.0,3138,1.1860341151385927,,False,scRNA-seq,LAM,0.43296507000923157,0.28233107924461365,0.0,0.0,0.12099903076887131,0.16939863562583923,0.0,0.10587415099143982,0.26823607087135315,0.30655547976493835,0.26823607087135315,0.51408851146698,0.4953533113002777,0.44918185472488403,0.2720801532268524,0.0,0.18960335850715637,0.0,1.5092240571975708,0.19508077204227448,0.45943590998649597,0.12099903076887131,0.24940679967403412,1.298895239830017,0.0,0.0,0.8469932079315186,0.0,0.0,0.0,0.0,0.0,0.0,0.8469932079315186,0.0,0.8469932079315186,0.0
GSE135851::LAM4:CTTAGGATCACTTATC-1,GSE135851::LAM4:CTTAGGATCACTTATC-1,State_16,LAM4,GSE135851,primary_candidate,4.254358291625977,4.343332099914551,4.516429551442465,5.039329,0,0.0,4.254358291625977,4.254358291625977,10-20%,3991.0,1495,0.0,0.050505050505050504,False,snRNA,LAM,0.41812416911125183,1.2181053161621094,2.8893566131591797,0.0,0.2562338411808014,0.12543724477291107,0.0,1.8846076726913452,0.7703825831413269,1.3775320053100586,2.5268754959106445,0.3322105407714844,1.6859760284423828,0.0,0.3812345564365387,0.15679655969142914,0.2508496344089508,0.0,2.00173282623291,0.45613545179367065,0.0,0.0,1.6845836639404297,1.254372477531433,0.0,0.0,1.254372477531433,2.3999433517456055,0.0,4.734035491943359,3.9340341091156006,0.0,0.0,1.7936369180679321,1.7936369180679321,0.0,0.0
GSE190260::LAM1163:AGTTGGTAGGGTATCG-1,GSE190260::LAM1163:AGTTGGTAGGGTATCG-1,State_16,LAM1163,GSE190260,primary_candidate,4.270196437835693,4.360620021820068,4.589163366953532,5.073135,0,0.0,4.270196437835693,4.270196437835693,10-20%,1479.0,712,0.0676132521974307,,False,scRNA-seq,LAM,1.5749541521072388,1.9757301807403564,1.4694584608078003,0.0,0.0,0.20491531491279602,0.0,1.898921251296997,1.331506609916687,2.151489734649658,2.6561877727508545,0.5957951545715332,1.9352941513061523,0.0,0.5957951545715332,0.0,0.2448302060365677,0.0,0.0,0.18628664314746857,0.18628664314746857,0.0,1.7707918882369995,2.6757094860076904,0.0,2.0491530895233154,2.0491530895233154,3.878037452697754,0.0,4.408375263214111,0.0,0.0,0.0,0.0,0.0,0.0,0.0
GSE135851::LAM3:CCTTACGCAGACACTT-1,GSE135851::LAM3:CCTTACGCAGACACTT-1,State_16,LAM3,GSE135851,primary_candidate,4.27058219909668,4.53998966217041,4.876992861429851,5.419486,0,0.0,4.27058219909668,4.27058219909668,10-20%,1087.0,497,0.18399264029438822,0.016442451420029893,False,scRNA,LAM,0.0,0.7741172313690186,1.117789387702942,0.0,0.0,0.0,0.0,1.6191319227218628,0.29029396176338196,0.8108171224594116,2.0731656551361084,0.4222457706928253,2.2239742279052734,0.0,0.4222457706928253,0.0,0.12648138403892517,0.0,0.0,0.7270973920822144,0.0,0.0,1.3821104764938354,0.0,0.0,0.0,0.0,2.3223516941070557,0.0,3.353368043899536,0.0,0.0,0.0,0.0,0.0,0.0,0.0
GSE217108::LAM44:GCCTTAACAAACATAG-1,GSE217108::LAM44:GCCTTAACAAACATAG-1,State_16,LAM44,GSE217108,primary_candidate,4.271085739135742,4.526590728759766,4.885339387257894,5.775925,0,0.0,4.271085739135742,4.271085739135742,10-20%,2787.0,1532,6.7814854682454255,,False,snRNA-seq,LAM,0.7004081606864929,0.0,0.5078210830688477,0.0,1.3995556831359863,0.15234632790088654,0.30469265580177307,0.38086581230163574,0.26265305280685425,0.5178125500679016,0.38086581230163574,0.0,1.5782253742218018,0.0,0.0,0.0,0.12543518841266632,0.0,1.28703773021698,0.1910203993320465,0.13849665224552155,0.0,0.25391054153442383,0.0,0.0,2.101224422454834,0.0,0.0,0.0,1.523463249206543,0.0,0.0,1.523463249206543,2.465066432952881,1.523463249206543,1.523463249206543,1.523463249206543
GSE135851::LAM3:AGCTCCTAGCCACTAT-1,GSE135851::LAM3:AGCTCCTAGCCACTAT-1,State_16,LAM3,GSE135851,primary_candidate,4.290607452392578,4.532627582550049,4.81209929784139,5.388078,0,0.0,4.290607452392578,4.290607452392578,10-20%,1900.0,807,0.6842105263157895,0.014817491868449585,False,scRNA,LAM,1.2231229543685913,1.0311440229415894,2.113247871398926,0.0,0.17461661994457245,0.0,0.0,1.8598103523254395,0.8453501462936401,1.6096943616867065,2.785837173461914,0.28122109174728394,1.6788650751113892,0.0,0.28122109174728394,0.0,0.21090592443943024,0.0,1.1638591289520264,0.5900110006332397,0.0,0.0,1.857224702835083,1.8346844911575317,0.0,1.8346844911575317,0.0,3.0934319496154785,0.0,4.505059242248535,1.8346844911575317,0.0,0.0,2.4446327686309814,0.0,0.0,0.0
GSE135851::LAM4:AGGGAGTAGTCAAGCG-1,GSE135851::LAM4:AGGGAGTAGTCAAGCG-1,State_16,LAM4,GSE135851,primary_candidate,4.307754039764404,4.360661602020263,4.542988395690918,5.0285087,0,0.0,4.307754039764404,4.307754039764404,10-20%,1561.0,868,0.0,0.050505050505050504,False,snRNA,LAM,1.002198576927185,0.0,3.63790225982666,1.0011553764343262,0.42906659841537476,0.0,0.0,1.719821810722351,0.3758244514465332,1.1374238729476929,2.796006441116333,0.0,1.1940195560455322,0.0,0.18202824890613556,0.0,0.2287864089012146,0.0,1.1749030351638794,0.8980899453163147,0.0,0.0,1.864004373550415,3.0065956115722656,0.0,0.0,0.0,0.0,0.0,4.955371379852295,3.956024646759033,2.0023107528686523,2.0023107528686523,2.0023107528686523,2.0023107528686523,0.0,0.0
GSE190260::LAM1163:CGCGTTTTCTGCCAGG-1,GSE190260::LAM1163:CGCGTTTTCTGCCAGG-1,State_16,LAM1163,GSE190260,primary_candidate,4.3135504722595215,4.398207473754883,4.644894409179687,5.110687,0,0.0,4.3135504722595215,4.3135504722595215,10-20%,1761.0,923,0.1135718341851221,,False,scRNA-seq,LAM,1.0553603172302246,1.3177684545516968,1.5067459344863892,0.0,0.0,0.0,0.0,2.150224447250366,0.8899233341217041,1.6628035306930542,2.5728189945220947,1.1058422327041626,1.4933850765228271,0.0,0.7046472430229187,0.0,0.2922787666320801,0.0,0.4747267961502075,0.2629415690898895,0.8367645144462585,0.0,1.7152125835418701,3.166080951690674,0.0,0.0,0.0,3.95330548286438,0.0,4.520237922668457,0.0,0.0,0.0,0.0,0.0,0.0,0.0
GSE190260::LAM1163:CCTTCGAAGTACGTTC-1,GSE190260::LAM1163:CCTTCGAAGTACGTTC-1,State_16,LAM1163,GSE190260,primary_candidate,4.316677570343018,4.407158851623535,4.686413097381592,5.133619,0,0.0,4.316677570343018,4.316677570343018,10-20%,2327.0,810,0.2578427159432746,,False,scRNA-seq,LAM,0.0,0.9669484496116638,1.3094762563705444,0.0,0.0,0.0,0.0,0.6994551420211792,0.5710071325302124,0.7374374270439148,1.3679511547088623,0.5668426752090454,2.199827194213867,0.0,0.4152779281139374,0.0,0.19670350849628448,0.0,0.4168030023574829,0.26371321082115173,0.5423406362533569,0.0,0.9119674563407898,0.0,0.0,0.0,0.0,2.9008452892303467,0.0,2.261216878890991,0.0,1.6672120094299316,0.0,0.0,0.0,0.0,0.0
GSE190260::LAM1163:CGTCAGGAGAGCTATA-1,GSE190260::LAM1163:CGTCAGGAGAGCTATA-1,State_16,LAM1163,GSE190260,primary_candidate,4.338651180267334,4.5542909622192385,4.859185949961344,5.3498483,0,0.0,4.338651180267334,4.338651180267334,10-20%,848.0,431,0.0,,False,scRNA-seq,LAM,0.8496184349060059,0.0,2.1411960124969482,0.0,0.0,0.0,0.0,1.8902815580368042,0.3186069130897522,0.9176554083824158,2.474539279937744,0.0,1.847532868385315,0.0,0.0,0.0,0.17493872344493866,0.0,1.2744276523590088,0.0,0.0,0.0,1.6496928930282593,2.5488553047180176,0.0,0.0,0.0,0.0,0.0,3.874732494354248,2.5488553047180176,0.0,0.0,0.0,0.0,0.0,0.0
GSE135851::LAM4:GATCGATCACCAGTTA-1,GSE135851::LAM4:GATCGATCACCAGTTA-1,State_16,LAM4,GSE135851,primary_candidate,4.33866548538208,4.426711654663086,4.5980221430460615,4.987403,0,0.0,4.33866548538208,4.33866548538208,10-20%,580.0,416,0.0,0.03314285714285715,False,snRNA,LAM,1.1896823644638062,0.9678975939750671,2.4573254585266113,0.0,0.0,0.5807385444641113,0.5807385444641113,1.5632017850875854,0.8090924620628357,1.5630033016204834,2.163386106491089,0.5279441475868225,0.8884053230285645,0.0,0.5279441475868225,0.0,0.14711472392082214,0.0,1.787923812866211,0.3244588077068329,0.0,0.0,1.4422574043273926,3.569046974182129,0.0,0.0,0.0,2.9036927223205566,0.0,4.468283653259277,2.9036927223205566,0.0,0.0,0.0,0.0,0.0,0.0
GSE217108::LAM32:CAAACTGGTAATGGCC-1,GSE217108::LAM32:CAAACTGGTAATGGCC-1,State_16,LAM32,GSE217108,primary_candidate,4.345521926879883,4.595488357543945,4.903280512491862,5.8596835,0,0.0,4.345521926879883,4.345521926879883,10-20%,5621.0,2773,0.2134851449919943,,False,snRNA-seq,LAM,0.3407021760940552,0.6154752373695374,0.0,0.0,0.21902282536029816,0.0,0.0,0.0,0.1277633160352707,0.4097903370857239,0.0,0.0,0.278756320476532,0.4097903370857239,0.137900248169899,0.0,0.16885699331760406,0.0,0.0,0.137900248169899,0.0929187759757042,0.0,0.0,0.0,0.0,1.0221065282821655,0.0,0.0,1.8464257717132568,0.0,0.0,0.0,0.0,0.0,0.0,0.0,0.0
GSE302356::LAM10:CTCTTGATCCCGTTGT-1,GSE302356::LAM10:CTCTTGATCCCGTTGT-1,State_16,LAM3,GSE302356,primary_candidate,4.353492736816406,4.481169128417969,4.609790070851644,4.85719,0,0.0,4.353492736816406,4.353492736816406,10-20%,7060.0,2520,0.0,,False,scRNA-seq,LAM,0.990649938583374,1.615595817565918,2.0606472492218018,0.0,0.0,0.0,0.0,1.446723222732544,0.6497315764427185,1.6412180662155151,1.771350383758545,0.6154323220252991,0.08020831644535065,1.0971812009811401,0.1604166328907013,0.9296168088912964,0.6365366578102112,0.12646521627902985,0.898688554763794,0.1604166328907013,0.45501571893692017,0.0,1.1809002161026,0.8822914958000183,0.0,2.089658260345459,1.3436115980148315,0.8822914958000183,2.6208841800689697,3.6697890758514404,0.0,2.5121524333953857,0.0,0.0,0.0,0.0,0.0
GSE190260::LAM1164-1:CTTTGCGCAATGTAAG-1,GSE190260::LAM1164-1:CTTTGCGCAATGTAAG-1,State_16,LAM1164,GSE190260,primary_candidate,4.3578009605407715,4.528944587707519,4.779512786865235,5.258903,0,0.0,4.3578009605407715,4.3578009605407715,10-20%,796.0,482,7.28643216080402,,False,scRNA-seq,LAM,0.0,1.0876389741897583,1.5400279760360718,0.0,0.8386069536209106,0.0,0.0,1.771303415298462,0.40786460041999817,1.126142978668213,2.348814010620117,0.29662880301475525,2.135341167449951,0.0,0.29662880301475525,0.32591646909713745,0.10268264263868332,0.0,0.0,0.0,0.0,0.0,1.5658758878707886,0.0,0.0,0.0,0.0,3.2629168033599854,0.0,4.620083808898926,0.0,0.0,0.0,0.0,0.0,0.0,3.2629168033599854
GSE302356::LAM10:ACGTCCAAGTCATGCG-1,GSE302356::LAM10:ACGTCCAAGTCATGCG-1,State_16,LAM3,GSE302356,primary_candidate,4.372488975524902,4.697956943511963,4.908358446756998,5.789561,0,0.0,4.372488975524902,4.372488975524902,10-20%,4061.0,1817,0.0,,False,scRNA-seq,LAM,1.2419757843017578,1.646928310394287,0.41399192810058594,0.6209878921508789,0.0,0.0,0.0,0.31049394607543945,0.6209878921508789,1.4155268669128418,0.5763344168663025,0.7253977060317993,0.3387206494808197,1.329804539680481,0.11290688812732697,0.572160005569458,0.4750019907951355,0.08279838413000107,0.5316809415817261,0.11290688812732697,0.9841346144676208,0.0,0.38422295451164246,1.2419757843017578,1.2419757843017578,1.2419757843017578,0.0,1.2419757843017578,3.6988091468811035,1.2419757843017578,0.0,0.0,0.0,0.0,0.0,0.0,0.0
GSE302356::LAM3:GACCCAGAGGGCCAAT-1,GSE302356::LAM3:GACCCAGAGGGCCAAT-1,State_16,LAM32,GSE302356,primary_candidate,4.375393867492676,4.55584487915039,4.846810436248779,5.326404,0,0.0,4.375393867492676,4.375393867492676,10-20%,6548.0,1746,11.805131337813073,,False,scRNA-seq,LAM,0.0,0.466598242521286,1.8167877197265625,0.0,0.8507007956504822,0.0,0.0,1.616235375404358,0.0,0.6706039905548096,1.9389278888702393,0.12725406885147095,2.1510627269744873,0.19997067749500275,0.2545081377029419,0.0,0.14105406403541565,0.0,0.0,0.2545081377029419,0.12725406885147095,0.0,1.2926186323165894,0.0,0.0,0.0,0.0,0.0,1.3997946977615356,3.294433116912842,2.155930280685425,0.0,0.0,0.0,0.0,1.3997946977615356,0.9271056056022644
GSE190260::LAM1163:ACTATCTAGCGTGAGT-1,GSE190260::LAM1163:ACTATCTAGCGTGAGT-1,State_16,LAM1163,GSE190260,primary_candidate,4.3938140869140625,4.520494270324707,4.8690594355265295,5.3262177,0,0.0,4.3938140869140625,4.3938140869140625,10-20%,1059.0,613,0.28328611898017,,False,scRNA-seq,LAM,0.0,0.7819731831550598,1.4020618200302124,0.0,0.0,0.0,0.0,2.062122106552124,0.293239951133728,0.9360150098800659,2.7179064750671387,0.21326541900634766,1.5943186283111572,0.0,0.4265308380126953,0.0,0.21432368457317352,0.0,0.9144212603569031,0.27181845903396606,0.27181845903396606,0.0,1.8119375705718994,0.0,0.0,0.0,0.0,2.345919609069824,0.0,4.206185340881348,0.0,0.0,0.0,0.0,0.0,0.0,0.0
GSE302356::LAM13:CTCACAACAAAGCCTC-1,GSE302356::LAM13:CTCACAACAAAGCCTC-1,State_16,LAM50,GSE302356,primary_candidate,4.40400505065918,4.993136024475097,5.240845743815104,5.667292,0,0.0,4.40400505065918,4.40400505065918,10-20%,13413.0,3469,0.02236636099306643,,False,scRNA-seq,LAM,0.0,0.1856890171766281,0.3713780343532562,0.0,0.0,0.055706702172756195,0.0,0.7549405097961426,0.0,0.1591620147228241,0.6797767281532288,1.0852433443069458,0.6510566473007202,0.861024022102356,0.39492717385292053,0.4089266061782837,0.39912357926368713,0.0,0.9619987607002258,0.0,0.5599927306175232,0.0,0.5292445421218872,0.0,0.0,0.0,0.0,0.0,0.5570670366287231,0.5570670366287231,0.0,0.5570670366287231,0.0,0.0,0.0,0.0,0.0
GSE302356::LAM10:GAACACAAGCTGCACA-1,GSE302356::LAM10:GAACACAAGCTGCACA-1,State_16,LAM3,GSE302356,primary_candidate,4.407033443450928,4.519846820831299,4.7360221227010095,5.413192,0,0.0,4.407033443450928,4.407033443450928,10-20%,7508.0,2744,0.02663825253063399,,False,scRNA-seq,LAM,1.251467227935791,2.076939105987549,0.5361950397491455,0.0,0.0,0.0,0.0,0.45556750893592834,0.9385229349136353,1.6562577486038208,0.40214627981185913,0.9635315537452698,0.2719895839691162,1.4242550134658813,0.19501787424087524,0.8583794832229614,0.5954355001449585,0.05644591897726059,0.720660924911499,0.16772082448005676,1.0502090454101562,0.0,0.26809751987457275,0.8466888070106506,0.0,2.907712936401367,1.6085851192474365,0.8466888070106506,3.775543451309204,1.6085851192474365,0.0,0.0,0.0,0.0,0.0,0.0,0.0
GSE302356::LAM10:ATTGCACAGACTTATG-1,GSE302356::LAM10:ATTGCACAGACTTATG-1,State_16,LAM3,GSE302356,primary_candidate,4.408634662628174,4.548319530487061,4.826251029968262,5.273811,0,0.0,4.408634662628174,4.408634662628174,10-20%,8384.0,2781,0.059637404580152674,,False,scRNA-seq,LAM,0.8208510279655457,1.0825695991516113,1.939761757850647,0.6097502112388611,0.05608254298567772,0.0,0.0,1.0700126886367798,0.5041080117225647,1.2814559936523438,1.5188822746276855,0.6081432104110718,0.14275556802749634,0.8032528758049011,0.2141333371400833,0.6807964444160461,0.6462352275848389,0.12938112020492554,0.8119271397590637,0.0,0.6247370839118958,0.0,1.0125881433486938,0.0,0.0,2.462553024291992,0.0,0.7851555943489075,2.462553024291992,3.259929895401001,0.0,2.5593552589416504,0.0,0.0,0.0,0.0,0.0
GSE302356::LAM10:CAGAACCGTCATGCCC-1,GSE302356::LAM10:CAGAACCGTCATGCCC-1,State_16,LAM3,GSE302356,primary_candidate,4.417777061462402,4.701131343841553,4.876844946543375,5.544496,0,0.0,4.417777061462402,4.417777061462402,10-20%,5697.0,2318,0.0526592943654555,,False,scRNA-seq,LAM,1.1961758136749268,1.226417899131775,0.6117089986801147,0.5067649483680725,0.0,0.0,0.0,0.5443864464759827,0.5752571821212769,1.0382544994354248,0.5854729413986206,0.6953279972076416,0.27641725540161133,0.5256076455116272,0.18427816033363342,0.8172933459281921,0.5514539480209351,0.0,1.0767616033554077,0.1369486004114151,0.8856819868087769,0.0,0.47477614879608154,2.0820930004119873,0.0,1.5064345598220825,0.0,0.0,3.679253578186035,0.0,0.0,1.8351268768310547,0.0,0.0,0.0,0.0,0.0
GSE302356::LAM13:AGTTATGTCAGGAACA-1,GSE302356::LAM13:AGTTATGTCAGGAACA-1,State_16,LAM50,GSE302356,primary_candidate,4.4191789627075195,4.738305377960205,4.991814041137696,5.8499312,0,0.0,4.4191789627075195,4.4191789627075195,10-20%,1384.0,1060,0.5780346820809249,,False,scRNA-seq,LAM,0.7024103403091431,0.7024103403091431,0.0,0.0,0.0,0.0,0.0,0.0,0.26340386271476746,0.6020659804344177,0.0,0.19156645238399506,0.9578322768211365,0.6921280026435852,0.19156645238399506,0.0,0.1632961928844452,0.0,1.895640254020691,0.0,0.19156645238399506,0.0,0.0,0.0,0.0,2.1072309017181396,0.0,0.0,2.1072309017181396,0.0,0.0,0.0,0.0,0.0,0.0,0.0,0.0
GSE135851::LAM4:AAGGTTCCAGGGATTG-1,GSE135851::LAM4:AAGGTTCCAGGGATTG-1,State_16,LAM4,GSE135851,primary_candidate,4.4268670082092285,4.545334911346435,4.751634470621744,5.1823287,0,0.0,4.4268670082092285,4.4268670082092285,10-20%,530.0,402,0.0,0.03806794924273435,False,snRNA,LAM,0.9963688850402832,0.0,3.2675933837890625,0.0,0.0,0.0,0.0,1.7176153659820557,0.8307340145111084,1.1763488054275513,2.259730339050293,0.0,0.8759071826934814,0.0,0.2717369794845581,0.0,0.10851830244064331,0.0,1.6614680290222168,0.2717369794845581,0.0,0.0,1.5064868927001953,2.9891066551208496,0.0,0.0,0.0,0.0,0.0,5.245334625244141,4.557445526123047,0.0,0.0,0.0,0.0,0.0,0.0
GSE302356::LAM3:CAGCAGCGTCCATACA-1,GSE302356::LAM3:CAGCAGCGTCCATACA-1,State_16,LAM32,GSE302356,primary_candidate,4.432531833648682,4.734856986999512,4.943271923065185,5.454293,0,0.0,4.432531833648682,4.432531833648682,10-20%,1946.0,858,0.6680369989722508,,False,scRNA-seq,LAM,0.0,0.9327570199966431,2.3278324604034424,0.0,0.12961575388908386,0.0,0.0,2.2288811206817627,0.34978386759757996,1.1381639242172241,3.00042724609375,0.2543882727622986,2.179060935974121,0.0,0.2543882727622986,0.22682756185531616,0.24500225484371185,0.0,0.0,0.0,0.0,0.0,2.0002849102020264,0.0,0.0,0.0,0.0,2.7982709407806396,0.0,5.168876647949219,1.8146204948425293,0.0,0.0,0.0,0.0,0.0,0.0
GSE302356::LAM4:GCAGCTGGTCTTGCTC-1,GSE302356::LAM4:GCAGCTGGTCTTGCTC-1,State_16,LAM18,GSE302356,primary_candidate,4.434678077697754,5.031899356842041,5.801885636647542,6.8465133,0,0.0,4.434678077697754,4.434678077697754,10-20%,4621.0,1810,11.707422635793119,,False,scRNA-seq,LAM,0.6712831258773804,0.0,0.38394924998283386,0.0,1.1693683862686157,0.0,0.0,0.1439809650182724,0.25173115730285645,0.4522424340248108,0.2879619300365448,0.10471343249082565,1.4873977899551392,0.0,0.10471343249082565,0.0,0.07079078257083893,0.0,0.2879619300365448,0.5123185515403748,0.10471343249082565,0.0,0.19197462499141693,0.0,0.0,2.0138492584228516,0.0,0.0,0.0,1.1518477201461792,0.0,0.0,3.790548324584961,3.294666051864624,3.740442991256714,0.0,0.0
GSE190260::LAM1158:ATCATCTAGCTAAACA-1,GSE190260::LAM1158:ATCATCTAGCTAAACA-1,State_16,LAM1158,GSE190260,primary_candidate,4.437495231628418,4.790879344940185,5.1402842203776045,5.733809,0,0.0,4.437495231628418,4.437495231628418,10-20%,6360.0,2198,19.150943396226417,,False,scRNA-seq,LAM,0.47393977642059326,0.0,1.3242725133895874,0.0,0.6354591846466064,0.0,0.0,0.9628334045410156,0.17772741615772247,0.48688971996307373,1.3182882070541382,0.17178381979465485,1.8843729496002197,0.13497300446033478,0.3435676395893097,0.0,0.15986114740371704,0.0,0.0,0.17178381979465485,0.0,0.0,1.0363273620605469,0.0,0.0,1.4218193292617798,0.0,0.0,0.0,1.9864087104797363,0.0,1.9864087104797363,0.0,0.0,0.9448109865188599,0.9448109865188599,1.743440866470337
GSE302356::LAM4:TGCTGAATCTCTATGT-1,GSE302356::LAM4:TGCTGAATCTCTATGT-1,State_16,LAM18,GSE302356,primary_candidate,4.45717716217041,5.127936744689942,5.485125700632731,6.144134,0,0.0,4.45717716217041,4.45717716217041,20-40%,5538.0,1906,14.915131816540267,,False,scRNA-seq,LAM,0.34388506412506104,0.34388506412506104,0.0,0.0,1.1360470056533813,0.0,0.0,0.0,0.2579137980937958,0.2947586178779602,0.0,0.326531320810318,1.909943699836731,0.0,0.18757367134094238,0.0,0.09325259923934937,0.0,0.2579137980937958,0.09378683567047119,0.2327444851398468,0.0,0.0,1.031655192375183,0.0,0.0,0.0,1.031655192375183,0.0,0.0,0.0,0.0,2.7373273372650146,0.0,0.0,1.5285340547561646,1.5285340547561646
GSE302356::LAM13:GACACCGGTTTACCGT-1,GSE302356::LAM13:GACACCGGTTTACCGT-1,State_16,LAM50,GSE302356,primary_candidate,4.457600116729736,4.548288726806641,4.7616656939188635,5.1435266,0,0.0,4.457600116729736,4.457600116729736,20-40%,7801.0,2202,0.012818869375721062,,False,scRNA-seq,LAM,0.957186222076416,0.6042648553848267,0.8069403171539307,0.0,0.05892876535654068,0.1270820051431656,0.2541640102863312,1.0779969692230225,0.358944833278656,1.0150249004364014,0.7708311676979065,0.40706929564476013,0.30000099539756775,0.4405163824558258,0.07500024884939194,0.4322967529296875,0.45053955912590027,0.0,0.9053062796592712,0.0,0.3320690393447876,0.0,0.5826376676559448,0.0,0.0,2.871558666229248,0.0,0.0,1.8127946853637695,2.420820951461792,0.0,0.0,0.0,0.0,0.0,0.0,0.0
GSE217108::LAM44:AGAAACTAGCATTAGC-1,GSE217108::LAM44:AGAAACTAGCATTAGC-1,State_16,LAM44,GSE217108,primary_candidate,4.460244178771973,5.356446552276611,6.00738722483317,7.089016,0,0.0,4.460244178771973,4.460244178771973,20-40%,3317.0,1763,9.828157974072958,,False,snRNA-seq,LAM,0.769002377986908,0.46332690119743347,0.0,0.0,1.3134117126464844,0.13899806141853333,0.0,0.0,0.2883758842945099,0.5281410813331604,0.0,0.1263618767261505,0.8217466473579407,0.1985686719417572,0.1263618767261505,0.0,0.12258053570985794,0.0,0.48753049969673157,0.252723753452301,0.1263618767261505,0.0,0.0,0.0,0.0,2.307007074356079,0.0,0.0,1.389980673789978,0.0,0.0,0.0,2.5694844722747803,2.7771944999694824,2.307007074356079,1.9501219987869263,1.389980673789978
GSE302356::LAM10:CGAAGCCTCACAGCCA-1,GSE302356::LAM10:CGAAGCCTCACAGCCA-1,State_16,LAM3,GSE302356,primary_candidate,4.462108135223389,4.64647274017334,4.776673316955566,5.121411,0,0.0,4.462108135223389,4.462108135223389,20-40%,15337.0,3850,0.045641259698767686,,False,scRNA-seq,LAM,1.4572025537490845,1.4904515743255615,0.9333983659744263,0.0,0.0,0.0,0.0,0.5798565745353699,0.8500627279281616,1.418116807937622,1.0035722255706787,0.372565358877182,0.07587839663028717,0.6745653748512268,0.26644468307495117,0.5875131487846375,0.5509617924690247,0.06693300604820251,0.41733118891716003,0.09127228707075119,0.24302907288074493,0.0,0.6690481305122375,1.827149748802185,0.0,2.5444581508636475,0.0,1.926896572113037,2.5444581508636475,1.0838552713394165,0.0,1.7163399457931519,0.0,0.0,0.0,0.0,0.0
GSE217108::LAM44:CTGGACCAGTTAGTGC-1,GSE217108::LAM44:CTGGACCAGTTAGTGC-1,State_16,LAM44,GSE217108,primary_candidate,4.466078281402588,4.873257827758789,5.148576545715332,5.7198234,12,0.4,4.466078281402588,4.466078281402588,20-40%,15650.0,4610,9.929712460063898,,False,snRNA-seq,LAM,1.5572559833526611,1.554641842842102,0.0,0.24703630805015564,0.2636159360408783,0.0,0.1646556407213211,0.5393838286399841,1.013216495513916,1.3336704969406128,0.5337177515029907,1.588525652885437,0.9037330746650696,0.9250498414039612,0.754112720489502,0.6474420428276062,0.6184769868850708,0.10977042466402054,0.6583757400512695,0.6230310797691345,1.370009183883667,0.11761116981506348,0.4615294337272644,1.6997982263565063,0.0,2.9719698429107666,0.0,1.4338666200637817,3.2300589084625244,0.0,0.0,0.0,0.0,1.2686110734939575,0.4940726161003113,0.0,0.0
GSE302356::LAM13:TGTTAGCAGTTATCCT-1,GSE302356::LAM13:TGTTAGCAGTTATCCT-1,State_16,LAM50,GSE302356,primary_candidate,4.467129707336426,4.905925846099853,5.1851661682128904,5.3655076,0,0.0,4.467129707336426,4.467129707336426,20-40%,8276.0,3126,0.7370710488158531,,False,scRNA-seq,LAM,0.0,1.0040819644927979,0.587858259677887,0.3961144685745239,0.0,0.3295038044452667,0.24573072791099548,1.1115487813949585,0.1914329081773758,0.6822600960731506,1.0498058795928955,1.3516143560409546,0.82317054271698,1.3252677917480469,0.651835560798645,0.9716771841049194,0.47898462414741516,0.0,0.957834780216217,0.14404162764549255,1.5701000690460205,0.4274612069129944,0.7658897042274475,0.0,0.0,0.0,0.0,0.0,3.0122456550598145,1.7635748386383057,0.0,0.0,0.0,0.0,0.0,0.0,0.0
GSE135851::LAM3:CATCAGATCGCAAGCC-1,GSE135851::LAM3:CATCAGATCGCAAGCC-1,State_16,LAM3,GSE135851,primary_candidate,4.474854946136475,4.640320587158203,4.866838391621908,5.5807486,0,0.0,4.474854946136475,4.474854946136475,20-40%,1594.0,654,0.5646173149309912,0.01818181818181818,False,scRNA,LAM,0.0,0.6614137291908264,2.106227397918701,0.0,0.0,0.19842411577701569,0.39684823155403137,1.703414797782898,0.2480301409959793,0.9026688933372498,2.4025259017944336,0.360771119594574,2.3002281188964844,0.0,0.360771119594574,0.0,0.1482914239168167,0.0,1.0127798318862915,0.7780811190605164,0.0,0.0,1.6016839742660522,0.0,0.0,0.0,0.0,1.9842411279678345,0.0,4.334441184997559,1.9842411279678345,0.0,0.0,0.0,0.0,0.0,0.0
GSE302356::LAM10:CCCAAACCACACCAAC-1,GSE302356::LAM10:CCCAAACCACACCAAC-1,State_16,LAM3,GSE302356,primary_candidate,4.482091903686523,4.615490436553955,4.822920735677084,5.2021937,0,0.0,4.482091903686523,4.482091903686523,20-40%,10249.0,3077,0.058542296809444824,,False,scRNA-seq,LAM,0.9871340990066528,1.152614712715149,2.1281936168670654,0.7949052453041077,0.0,0.0,0.13618505001068115,1.0736267566680908,0.5054606795310974,1.39952552318573,1.2402279376983643,0.38248562812805176,0.3095114827156067,0.7878245711326599,0.09838936477899551,0.9429699778556824,0.602031946182251,0.0,0.8216791152954102,0.0,0.38322174549102783,0.0,0.8268186450004578,0.6809252500534058,0.0,2.2804770469665527,0.0,1.0822830200195312,2.375561237335205,3.377432107925415,1.0822830200195312,1.924865961074829,0.0,0.0,0.0,0.0,0.0
GSE190260::LAM1164-2:AACTGGTCATCACGAT-1,GSE190260::LAM1164-2:AACTGGTCATCACGAT-1,State_16,LAM1164,GSE190260,primary_candidate,4.483786106109619,5.177824401855469,5.542786947886149,5.8578887,0,0.0,4.483786106109619,4.483786106109619,20-40%,2443.0,1059,7.981989357347524,,False,scRNA-seq,LAM,1.0852876901626587,0.0,0.0,0.0,0.0,0.0,0.0,0.0,0.4069828689098358,0.4651232659816742,0.0,0.1479937732219696,1.816329002380371,0.0,0.2959875464439392,0.2034914344549179,0.08175008744001389,0.0,0.0,0.20161381363868713,0.0,0.31682172417640686,0.0,1.6279314756393433,0.0,1.6279314756393433,0.0,0.0,0.0,0.0,0.0,0.0,0.0,0.0,0.0,0.0,0.0
GSE135851::LAM4:TTCCCAGTCTGTCAAG-1,GSE135851::LAM4:TTCCCAGTCTGTCAAG-1,State_16,LAM4,GSE135851,primary_candidate,4.509224891662598,5.0695537567138675,5.410225041707357,6.4936943,0,0.0,4.509224891662598,4.509224891662598,20-40%,3385.0,1625,0.0,0.040816326530612235,False,snRNA,LAM,0.0,0.45826026797294617,0.45826026797294617,0.0,0.856002688407898,0.1374780833721161,0.0,0.17184759676456451,0.17184759676456451,0.39279451966285706,0.34369519352912903,0.0,1.3762331008911133,0.0,0.12498006969690323,0.0,0.0765208974480629,0.091652050614357,1.7802797555923462,0.8836924433708191,0.0,0.0,0.22913013398647308,0.0,0.0,0.0,1.3747807741165161,0.0,0.0,1.3747807741165161,0.0,0.0,1.3747807741165161,0.0,2.550759792327881,0.0,0.0
GSE217108::LAM44:GTCTTGCTCGATAACC-1,GSE217108::LAM44:GTCTTGCTCGATAACC-1,State_16,LAM44,GSE217108,primary_candidate,4.524563312530518,4.851624965667725,5.3380377451578775,6.3660426,0,0.0,4.524563312530518,4.524563312530518,20-40%,5021.0,2560,6.751643098984266,,False,snRNA-seq,LAM,0.3652733862400055,0.5353621244430542,0.0,0.0,0.6744258403778076,0.10958202183246613,0.0,0.13697752356529236,0.13697752356529236,0.38598665595054626,0.13697752356529236,0.09962001442909241,0.9972568154335022,0.38598665595054626,0.2761944532394409,0.13697752356529236,0.15001435577869415,0.0,1.076998233795166,0.2761944532394409,0.09962001442909241,0.0,0.09131834656000137,0.0,0.0,1.0958201885223389,0.0,0.0,1.6060863733291626,0.0,0.0,0.0,1.6060863733291626,2.9404687881469727,0.0,0.0,0.0
GSE190260::LAM1163:GCGCAGTCAAATACAG-1,GSE190260::LAM1163:GCGCAGTCAAATACAG-1,State_16,LAM1163,GSE190260,primary_candidate,4.525222301483154,4.6684013366699215,4.876153024037679,5.431609,0,0.0,4.525222301483154,4.525222301483154,20-40%,4020.0,1609,0.04975124378109453,,False,scRNA-seq,LAM,0.5958682894706726,1.013257622718811,2.206313133239746,0.0,0.0,0.0,0.0,1.8645613193511963,0.8268728256225586,1.3798160552978516,2.664613962173462,0.6013620495796204,1.9141082763671875,0.0,0.71492600440979,0.15615037083625793,0.3506842255592346,0.0,0.5983405113220215,0.16250954568386078,0.0,0.0,1.776409387588501,1.7876049280166626,0.0,0.0,0.0,3.0397729873657227,0.0,4.831334114074707,0.0,1.7876049280166626,0.0,0.0,0.0,0.0,0.0
GSE135851::LAM3:CGCTGGACACATCCAA-1,GSE135851::LAM3:CGCTGGACACATCCAA-1,State_16,LAM3,GSE135851,primary_candidate,4.525991916656494,4.767887687683105,5.028632354736328,5.6745296,0,0.0,4.525991916656494,4.525991916656494,20-40%,588.0,363,0.5102040816326531,0.014299332697807437,False,scRNA,LAM,0.0,1.1852455139160156,1.4849143028259277,0.0,0.0,0.0,0.0,2.220264434814453,0.44446706771850586,1.144354224205017,2.8630223274230957,0.3232487738132477,1.8802918195724487,0.0,0.6464975476264954,0.0,0.16272854804992676,0.0,0.9879090189933777,0.8488395810127258,0.26279541850090027,0.0,1.9086815118789673,0.0,0.0,0.0,0.0,3.555736541748047,0.0,4.454742908477783,0.0,0.0,0.0,0.0,0.0,0.0,0.0
GSE190260::LAM1164-1:CGGACACCAATTCCTT-1,GSE190260::LAM1164-1:CGGACACCAATTCCTT-1,State_16,LAM1164,GSE190260,primary_candidate,4.52677059173584,4.844951820373535,5.10235611597697,5.583698,0,0.0,4.52677059173584,4.52677059173584,20-40%,727.0,448,0.0,,False,scRNA-seq,LAM,0.0,0.8971975445747375,2.3647453784942627,0.0,0.0,0.0,0.0,2.245347499847412,0.3364490866661072,0.8631226420402527,2.9035537242889404,0.48938047885894775,1.522848129272461,0.0,0.48938047885894775,0.0,0.21980416774749756,0.0,0.0,0.0,0.0,0.0,1.9357024431228638,0.0,0.0,0.0,0.0,2.6915926933288574,0.0,3.3502659797668457,3.7439703941345215,0.0,0.0,0.0,0.0,0.0,0.0
GSE302356::LAM13:GGTTGCTCACTATGGC-1,GSE302356::LAM13:GGTTGCTCACTATGGC-1,State_16,LAM50,GSE302356,primary_candidate,4.527499198913574,4.671465969085693,4.935829925537109,5.5133295,0,0.0,4.527499198913574,4.527499198913574,20-40%,7110.0,2687,0.07032348804500703,,False,scRNA-seq,LAM,0.44613346457481384,0.8714473843574524,1.4325605630874634,0.0,0.0,0.0,0.17563216388225555,1.4578598737716675,0.1673000454902649,0.7558775544166565,1.5819308757781982,0.6414555311203003,0.31933122873306274,0.4989289939403534,0.30988234281539917,0.5411481261253357,0.49171876907348633,0.0,1.4481091499328613,0.0,0.5616227388381958,0.0,1.0546205043792725,0.0,0.0,1.3384003639221191,0.0,0.0,2.614342212677002,1.3384003639221191,0.0,2.9592812061309814,0.0,0.0,0.0,0.0,0.0
GSE190260::LAM1163:CGATGTAGTCTAGGTT-1,GSE190260::LAM1163:CGATGTAGTCTAGGTT-1,State_16,LAM1163,GSE190260,primary_candidate,4.561553478240967,4.907866668701172,5.168881098429362,5.9873204,0,0.0,4.561553478240967,4.561553478240967,20-40%,1158.0,545,0.17271157167530224,,False,scRNA-seq,LAM,0.9684412479400635,0.7551541328430176,0.0,0.0,0.0,0.0,0.0,0.0,0.646348237991333,0.7386837601661682,0.0,0.20595112442970276,2.2563798427581787,0.0,0.4119022488594055,0.0,0.04127691686153412,0.0,0.8926810026168823,0.2993069887161255,0.0,0.0,0.0,0.0,0.0,2.9053237438201904,0.0,2.2654623985290527,0.0,0.0,0.0,0.0,0.0,0.0,0.0,0.0,0.0
GSE302356::LAM13:CCATAAGGTACTTAGG-1,GSE302356::LAM13:CCATAAGGTACTTAGG-1,State_16,LAM50,GSE302356,primary_candidate,4.600894927978516,4.957661819458008,5.163001505533854,5.4546037,0,0.0,4.600894927978516,4.600894927978516,20-40%,8954.0,3112,0.7706053160598615,,False,scRNA-seq,LAM,0.8329418301582336,0.3912026584148407,0.0,0.0,0.05356533080339432,0.1470281034708023,0.0,0.6747112274169922,0.40609249472618103,0.5246333479881287,0.6400355100631714,1.2702593803405762,0.44756191968917847,1.0201348066329956,0.32376834750175476,0.6612598896026611,0.4774518609046936,0.04999430850148201,0.8779050707817078,0.1336619257926941,1.1768813133239746,0.0,0.42669034004211426,0.0,0.0,2.4988253116607666,0.0,0.0,1.1736079454421997,0.0,0.0,0.0,0.0,0.0,0.0,0.0,0.0
GSE135851::LAM4:CTCGGAGTCACGATGT-1,GSE135851::LAM4:CTCGGAGTCACGATGT-1,State_16,LAM4,GSE135851,primary_candidate,4.623387336730957,5.044625568389892,5.348525555928548,6.543016,0,0.0,4.623387336730957,4.623387336730957,20-40%,1846.0,1051,0.0,0.026915113871635615,False,snRNA,LAM,0.0,0.6196563839912415,1.239312767982483,0.0,1.0227172374725342,0.0,0.0,0.4647422730922699,0.23237113654613495,0.5311340093612671,0.4647422730922699,0.16899718344211578,0.472202330827713,0.3529995083808899,0.33799436688423157,0.0,0.08581922203302383,0.0,2.445427179336548,0.5968935489654541,0.0,0.0,0.3098281919956207,0.0,0.0,0.0,1.8589690923690796,0.0,0.0,1.8589690923690796,0.0,1.8589690923690796,3.335256576538086,3.791818380355835,5.331996440887451,0.0,0.0
GSE302356::LAM10:TTGGATCAGTCATTAG-1,GSE302356::LAM10:TTGGATCAGTCATTAG-1,State_16,LAM3,GSE302356,primary_candidate,4.628696918487549,4.843746471405029,5.085863367716471,5.507376,0,0.0,4.628696918487549,4.628696918487549,20-40%,8952.0,2802,0.0,,False,scRNA-seq,LAM,1.3623026609420776,1.959547996520996,2.6424875259399414,0.3750162422657013,0.0,0.0,0.0,1.4152138233184814,0.972230851650238,2.0288147926330566,1.8204182386398315,0.634368896484375,0.06818477064371109,0.9316496253013611,0.13367755711078644,1.0911064147949219,0.6304779052734375,0.10000433027744293,0.42474082112312317,0.06818477064371109,0.5857746005058289,0.0,1.2136121988296509,0.7500324845314026,0.7500324845314026,2.5868430137634277,1.470453143119812,1.470453143119812,2.9377377033233643,4.236150741577148,0.0,3.6913115978240967,0.0,0.0,0.0,0.0,0.0
GSE302356::LAM13:GAGTGTTTCCCTCAGT-1,GSE302356::LAM13:GAGTGTTTCCCTCAGT-1,State_16,LAM50,GSE302356,primary_candidate,4.636052131652832,4.801860713958741,5.023638725280762,5.5467176,0,0.0,4.636052131652832,4.636052131652832,20-40%,6233.0,1785,0.03208727739451307,,False,scRNA-seq,LAM,0.0,0.47905346751213074,1.0657576322555542,0.47859421372413635,0.0,0.0,0.0,0.8894357681274414,0.0,0.45675328373908997,1.382072925567627,0.1740342676639557,0.6093704104423523,0.5630138516426086,0.13065095245838165,0.7538869976997375,0.3870622515678406,0.0,0.656798779964447,0.0,0.1740342676639557,0.0,0.9213818907737732,0.0,0.0,0.0,0.0,0.0,1.4371603727340698,1.7601125240325928,0.0,1.4371603727340698,0.0,0.0,0.0,0.0,0.0
GSE302356::LAM13:TTGGCTACATCGCTTT-1,GSE302356::LAM13:TTGGCTACATCGCTTT-1,State_16,LAM50,GSE302356,primary_candidate,4.6821513175964355,5.0977527618408205,5.386223157246907,5.7565136,0,0.0,4.6821513175964355,4.6821513175964355,20-40%,4058.0,1981,0.1232134056185313,,False,scRNA-seq,LAM,1.0477404594421387,1.516701102256775,0.0,0.0,0.0,0.1242501363158226,0.2485002726316452,0.6588245034217834,0.392902672290802,1.0990463495254517,0.42123451828956604,0.38770729303359985,0.5322617292404175,1.158522605895996,0.16179794073104858,0.9843615889549255,0.43152058124542236,0.0,1.4029115438461304,0.11295466870069504,0.8304181694984436,0.17750020325183868,0.2808230221271515,0.0,0.0,3.143221378326416,0.0,0.0,4.550103187561035,0.0,0.0,0.0,0.0,0.0,0.0,0.0,0.0
GSE302356::LAM3:ATACTTCGTTGTGGAG-1,GSE302356::LAM3:ATACTTCGTTGTGGAG-1,State_16,LAM32,GSE302356,primary_candidate,4.695215702056885,5.346883773803711,5.759014002482096,6.3203444,0,0.0,4.695215702056885,4.695215702056885,20-40%,11649.0,3627,9.863507597218645,,False,scRNA-seq,LAM,0.20657964050769806,0.0,0.20657964050769806,0.0,1.5007140636444092,1.3463038206100464,0.0,0.4837106168270111,0.15493473410606384,0.17706826329231262,0.2636236846446991,0.22624878585338593,1.7194567918777466,0.0,0.31711116433143616,0.0,0.15642049908638,0.0,0.15493473410606384,0.6533100605010986,0.1353864073753357,0.0,0.3949330449104309,0.0,0.0,0.6197389364242554,0.0,0.0,0.0,0.6197389364242554,0.0,0.0,3.515145778656006,3.489280939102173,2.5663483142852783,0.0,0.6197389364242554
GSE135851::LAM4:TCGCGAGTCCAGGGCT-1,GSE135851::LAM4:TCGCGAGTCCAGGGCT-1,State_16,LAM4,GSE135851,primary_candidate,4.7021965980529785,5.051266098022461,5.386960633595785,6.120728,0,0.0,4.7021965980529785,4.7021965980529785,20-40%,2492.0,1384,0.0,0.05432595573440645,False,snRNA,LAM,0.0,0.5373342633247375,2.031716823577881,0.0,0.1151430606842041,0.0,0.3224005699157715,2.10156512260437,0.20150035619735718,0.6656540036201477,2.707923412322998,0.9861963391304016,1.1148900985717773,0.0,0.6396439075469971,0.20150035619735718,0.2802460491657257,0.10746685415506363,2.073777198791504,0.4930981695652008,0.6396439075469971,0.2302861213684082,2.0192747116088867,0.0,0.0,0.0,0.0,1.6120028495788574,0.0,3.0475752353668213,0.0,3.0475752353668213,0.0,0.0,0.0,0.0,0.0
GSE302356::LAM10:GGTTAGCGTAATGGAA-1,GSE302356::LAM10:GGTTAGCGTAATGGAA-1,State_16,LAM3,GSE302356,primary_candidate,4.707586288452148,4.76259593963623,4.850921154022217,5.4753585,0,0.0,4.707586288452148,4.707586288452148,20-40%,6315.0,3054,0.17418844022169439,,False,scRNA-seq,LAM,0.4757371246814728,1.7357515096664429,0.3163857161998749,0.0,0.0,0.29416951537132263,0.0,0.23728929460048676,0.47544747591018677,0.9477808475494385,0.35593393445014954,0.7423213720321655,0.5611815452575684,1.3037724494934082,0.3451480567455292,0.9269618391990662,0.41074812412261963,0.0,1.5523077249526978,0.0862870141863823,0.5697473883628845,0.0,0.23728929460048676,0.0,0.0,1.4272114038467407,0.0,0.949157178401947,4.258097171783447,0.0,0.0,0.949157178401947,0.0,0.0,0.0,0.0,0.0
GSE302356::LAM10:GCTCCTTAGCACTTGG-1,GSE302356::LAM10:GCTCCTTAGCACTTGG-1,State_16,LAM3,GSE302356,primary_candidate,4.711033344268799,5.08966703414917,5.383259264628093,6.4326587,0,0.0,4.711033344268799,4.711033344268799,20-40%,14929.0,4175,0.03349186147766093,,False,scRNA-seq,LAM,0.17090871930122375,0.0,1.3802398443222046,0.0,0.0,0.0,0.0,1.1511797904968262,0.06409076601266861,0.4164193570613861,1.2495834827423096,0.25126931071281433,0.2582649290561676,0.3325982987880707,0.17049673199653625,0.5891202092170715,0.3338377773761749,0.0,2.1061291694641113,0.13983440399169922,0.046611469238996506,0.0,0.9416170120239258,0.0,0.5127261281013489,0.0,0.0,0.0,0.0,2.402209520339966,0.0,1.738510012626648,0.0,0.0,0.0,0.0,0.0
GSE302356::LAM3:AGGACGAAGTATTCCG-1,GSE302356::LAM3:AGGACGAAGTATTCCG-1,State_16,LAM32,GSE302356,primary_candidate,4.7678046226501465,5.0735221862792965,5.326387723286946,5.494138,0,0.0,4.7678046226501465,4.7678046226501465,20-40%,5666.0,1994,11.507236145428873,,False,scRNA-seq,LAM,0.3390031158924103,0.0,0.3390031158924103,0.0,0.0,0.0,0.0,0.2542523443698883,0.12712617218494415,0.2905741035938263,0.38137850165367126,0.18491078913211823,2.0026848316192627,0.0,0.09245539456605911,0.4430878162384033,0.11961022764444351,0.0,0.0,0.35696229338645935,0.09245539456605911,0.14528705179691315,0.2542523443698883,0.0,0.0,1.0170093774795532,0.0,0.0,0.0,1.0170093774795532,0.0,0.0,0.0,0.0,0.0,0.0,0.0
GSE135851::LAM4:GATGAGGCACATGGGA-1,GSE135851::LAM4:GATGAGGCACATGGGA-1,State_16,LAM4,GSE135851,primary_candidate,4.770000457763672,5.314574241638184,5.687519550323486,6.7464595,0,0.0,4.770000457763672,4.770000457763672,20-40%,1972.0,1171,0.0,0.017421602787456445,False,snRNA,LAM,0.0,0.6011741161346436,0.6011741161346436,0.0,0.7729381322860718,0.0,0.0,0.22544029355049133,0.22544029355049133,0.5152921080589294,0.45088058710098267,0.0,1.4869067668914795,0.0,0.16395658254623413,0.0,0.08481922000646591,0.0,1.9879231452941895,0.711026132106781,0.0,0.0,0.3005870580673218,0.0,0.0,0.0,1.8035223484039307,0.0,0.0,1.8035223484039307,0.0,0.0,1.8035223484039307,0.0,0.0,1.8035223484039307,1.8035223484039307
GSE302356::LAM10:CCAAGTTAGGACCAGG-1,GSE302356::LAM10:CCAAGTTAGGACCAGG-1,State_16,LAM3,GSE302356,primary_candidate,4.777927875518799,5.158382225036621,5.441123263041178,5.91621,0,0.0,4.777927875518799,4.777927875518799,20-40%,13644.0,4397,0.04397537379067722,,False,scRNA-seq,LAM,0.6758873462677002,1.0959830284118652,1.7851642370224,0.0,0.07854421436786652,0.0,0.10996190458536148,0.8294083476066589,0.6644514203071594,1.1383332014083862,1.317041277885437,0.4121808707714081,0.24991342425346375,0.7105559706687927,0.1744435727596283,0.5829347968101501,0.5490046143531799,0.10996190458536148,0.5679011344909668,0.0,0.3377026617527008,0.15708842873573303,0.8780274987220764,0.0,0.0,2.0276620388031006,0.5498095154762268,1.3690698146820068,1.3690698146820068,2.652721643447876,1.1627659797668457,1.5400052070617676,0.0,0.5498095154762268,0.0,0.0,0.0
GSE217108::LAM44:TGGCGGTTCACCTGTC-1,GSE217108::LAM44:TGGCGGTTCACCTGTC-1,State_16,LAM44,GSE217108,primary_candidate,4.779515743255615,5.5116376876831055,5.9318702697753904,6.579711,0,0.0,4.779515743255615,4.779515743255615,20-40%,3726.0,1843,9.849704777241008,,False,snRNA-seq,LAM,0.6170787215232849,0.4346522092819214,0.0,0.0,0.8502370715141296,0.0,0.0,0.16299457848072052,0.23140452802181244,0.45074182748794556,0.16299457848072052,0.11854150891304016,0.8792700171470642,0.1862795203924179,0.16829420626163483,0.0,0.11441127955913544,0.0,0.0,0.40537723898887634,0.0,0.0,0.10866305232048035,0.0,0.0,1.8512362241744995,0.0,0.0,1.3039566278457642,0.0,0.0,0.0,0.0,1.3039566278457642,1.3039566278457642,0.0,1.3039566278457642
GSE302356::LAM13:AATCCATCAGTTATCG-1,GSE302356::LAM13:AATCCATCAGTTATCG-1,State_16,LAM50,GSE302356,primary_candidate,4.786825656890869,5.013680934906006,5.198058414459228,5.4574924,0,0.0,4.786825656890869,4.786825656890869,20-40%,8982.0,2775,0.033400133600534405,,False,scRNA-seq,LAM,0.7246658205986023,0.4892924726009369,0.2494228631258011,0.3741343021392822,0.0,0.0,0.0,0.33349868655204773,0.3652832508087158,0.6271633505821228,0.4270322620868683,0.6535753607749939,0.6274505257606506,1.0836677551269531,0.1745200902223587,0.7062900066375732,0.3966042995452881,0.09976914525032043,0.1870671510696411,0.0,0.3490401804447174,0.0,0.28468817472457886,0.0,0.0,2.173997402191162,0.0,0.0,1.4678773880004883,0.7482686042785645,0.0,0.0,0.0,0.0,0.0,0.0,0.0
GSE190260::LAM1163:ACTATCTTCACCGTAA-1,GSE190260::LAM1163:ACTATCTTCACCGTAA-1,State_16,LAM1163,GSE190260,primary_candidate,4.787627696990967,5.117166042327881,5.369501272837321,6.0989227,0,0.0,4.787627696990967,4.787627696990967,20-40%,5011.0,1522,1.6763121133506287,,False,scRNA-seq,LAM,0.731431782245636,0.0,0.365715891122818,0.0,0.6466779112815857,0.0,0.0,0.5486958622932434,0.2742869257926941,0.4702061712741852,0.5486958622932434,0.09974069893360138,2.2706236839294434,0.0,0.29922211170196533,0.0,0.05212577059864998,0.0,0.8228607773780823,0.09974069893360138,0.0,0.0,0.3657972514629364,1.0971477031707764,0.0,1.0971477031707764,0.0,0.0,0.0,1.0971477031707764,0.0,0.0,0.0,0.0,0.0,1.0971477031707764,2.395897626876831
GSE302356::LAM10:GCCAACATCATAATCG-1,GSE302356::LAM10:GCCAACATCATAATCG-1,State_16,LAM3,GSE302356,primary_candidate,4.799518585205078,5.248715209960937,5.53691930770874,5.969088,0,0.0,4.799518585205078,4.799518585205078,20-40%,18893.0,4732,0.042343725189223524,,False,scRNA-seq,LAM,1.1179578304290771,1.2306807041168213,2.3286046981811523,0.21240393817424774,0.030343418940901756,0.0,0.08496157079935074,0.9371886253356934,0.5997399091720581,1.4146937131881714,1.397164225578308,0.4763105809688568,0.31991177797317505,0.8349454998970032,0.10425733029842377,1.038830041885376,0.616452693939209,0.028320524841547012,0.3904346525669098,0.11585669219493866,0.5206479430198669,0.0,0.9668434858322144,0.9508427381515503,0.0,2.4030306339263916,0.7220228314399719,0.7220228314399719,2.2479963302612305,2.856940984725952,2.064436435699463,2.064436435699463,0.0,0.0,0.0,0.0,0.0
GSE302356::LAM13:CTAGTAATCACCAATA-1,GSE302356::LAM13:CTAGTAATCACCAATA-1,State_16,LAM50,GSE302356,primary_candidate,4.81264591217041,5.073622703552246,5.44341287612915,6.123362,0,0.0,4.81264591217041,4.81264591217041,20-40%,25320.0,5996,0.3278041074249605,,False,scRNA-seq,LAM,0.8299219608306885,0.40493810176849365,0.22190319001674652,0.0,0.24063238501548767,0.18716910481452942,0.0,0.1664273887872696,0.3112207353115082,0.576776385307312,0.12482054531574249,0.32616183161735535,0.5915725231170654,0.44956356287002563,0.3998624086380005,0.0,0.21800757944583893,0.044380638748407364,0.5012899041175842,0.3343174457550049,0.19010166823863983,0.0,0.11095159500837326,0.0,0.0,2.4897658824920654,0.0,0.0,1.214814305305481,0.3328547775745392,0.0,0.3328547775745392,0.582153856754303,0.0,0.0,0.0,0.0
GSE302356::LAM13:GATTGCGTCAGCATTA-1,GSE302356::LAM13:GATTGCGTCAGCATTA-1,State_16,LAM50,GSE302356,primary_candidate,4.82977819442749,4.946646976470947,5.2698699315389,5.9266543,0,0.0,4.82977819442749,4.82977819442749,20-40%,11004.0,2820,0.027262813522355506,,False,scRNA-seq,LAM,0.0,1.1346238851547241,2.031693458557129,0.0,0.0,0.0,0.0,1.753693699836731,0.0,0.8506287336349487,1.9818809032440186,0.6869210600852966,0.5175807476043701,1.2723426818847656,0.25695937871932983,0.9163131713867188,0.5094183087348938,0.0,0.7066383361816406,0.0,0.569383978843689,0.0,1.3212538957595825,0.0,0.0,0.0,0.0,0.0,3.403871536254883,2.5505294799804688,0.0,3.544551134109497,0.0,0.0,0.0,0.0,0.0
GSE135851::LAM4:TTGGCAACACGAAGCA-1,GSE135851::LAM4:TTGGCAACACGAAGCA-1,State_16,LAM4,GSE135851,primary_candidate,4.862371921539307,5.29785680770874,5.723824532826741,6.9974637,0,0.0,4.862371921539307,4.862371921539307,20-40%,5314.0,2215,0.0,0.087378640776699,False,snRNA,LAM,0.0,0.35280752182006836,0.35280752182006836,0.0,1.6135345697402954,0.18939346075057983,0.37878692150115967,0.13230282068252563,0.0,0.3024064600467682,0.13230282068252563,0.0,1.3679112195968628,0.1512032300233841,0.0,0.0,0.07650278508663177,0.0,1.8647780418395996,0.7243924736976624,0.0962202325463295,0.1512032300233841,0.08820188045501709,0.0,0.0,0.0,0.0,0.0,1.058422565460205,1.058422565460205,0.0,0.0,3.237253189086914,5.126829624176025,5.765278339385986,0.0,0.0
GSE302356::LAM3:AGCCACGCACTACAGT-1,GSE302356::LAM3:AGCCACGCACTACAGT-1,State_16,LAM32,GSE302356,primary_candidate,4.8886942863464355,5.1969610214233395,5.390523592631022,5.7260547,0,0.0,4.8886942863464355,4.8886942863464355,20-40%,9513.0,2378,5.834121728161463,,False,scRNA-seq,LAM,0.0,0.2394738793373108,0.4789477586746216,0.0,0.524085521697998,0.0,0.0,0.08980270475149155,0.08980270475149155,0.20526331663131714,0.08980270475149155,0.16823574900627136,2.011716365814209,0.10263165831565857,0.16823574900627136,0.0,0.06636707484722137,0.0,0.0,0.06531105935573578,0.0,0.10263165831565857,0.0598684698343277,0.0,0.0,0.0,0.0,0.7184216380119324,0.0,0.7184216380119324,0.7184216380119324,0.0,0.0,0.0,0.0,0.0,0.0
GSE190260::LAM1163:CACACTCCATTACCTT-1,GSE190260::LAM1163:CACACTCCATTACCTT-1,State_16,LAM1163,GSE190260,primary_candidate,4.911310195922852,5.11988468170166,5.419024340311686,5.9985824,0,0.0,4.911310195922852,4.911310195922852,20-40%,1552.0,735,0.06443298969072164,,False,scRNA-seq,LAM,0.0,1.0958003997802734,1.4799526929855347,0.0,0.0,0.0,0.4014628529548645,2.1657328605651855,0.41092514991760254,1.1038941144943237,3.0672714710235596,0.29885464906692505,2.355530023574829,0.0,0.29885464906692505,0.0,0.28400325775146484,0.13382095098495483,0.5018285512924194,0.3649662137031555,0.4216580390930176,0.2867591679096222,2.0448474884033203,0.0,0.0,0.0,0.0,3.2874011993408203,0.0,4.4398579597473145,0.0,0.0,0.0,0.0,0.0,0.0,0.0
GSE302356::LAM3:AGGTGTTTCACTCCGT-1,GSE302356::LAM3:AGGTGTTTCACTCCGT-1,State_16,LAM32,GSE302356,primary_candidate,4.945148944854736,5.272342014312744,5.4742452303568525,5.8121552,0,0.0,4.945148944854736,4.945148944854736,20-40%,3592.0,1172,6.6815144766147,,False,scRNA-seq,LAM,0.0,0.4435907304286957,0.4435907304286957,0.0,0.8483000993728638,0.0,0.0,0.16634653508663177,0.16634653508663177,0.3802206516265869,0.16634653508663177,0.2419585883617401,1.7617385387420654,0.0,0.362937867641449,0.0,0.042742371559143066,0.0,0.33269307017326355,0.0,0.0,0.0,0.11089768260717392,0.0,0.0,0.0,0.0,1.3307722806930542,0.0,1.3307722806930542,0.0,0.0,0.0,0.0,0.0,1.8821985721588135,3.1472387313842773
GSE190260::LAM1163:ATGTGTGTCTCCAACC-1,GSE190260::LAM1163:ATGTGTGTCTCCAACC-1,State_16,LAM1163,GSE190260,primary_candidate,4.953466415405273,5.1003419876098635,5.694140561421713,6.6521244,0,0.0,4.953466415405273,4.953466415405273,20-40%,2434.0,1304,5.42317173377157,,False,scRNA-seq,LAM,0.5436329245567322,0.0,0.8632237911224365,0.0,1.0596843957901,0.0,0.0,0.8052014708518982,0.20386233925819397,0.6029385924339294,0.8052014708518982,0.0,1.6291134357452393,0.0,0.0,0.0,0.09131737798452377,0.0,0.0,0.5145173072814941,0.0,0.0,0.5368009805679321,1.6308987140655518,0.0,0.0,0.0,0.0,0.0,2.5896713733673096,0.0,0.0,3.9965484142303467,0.0,3.070019245147705,0.0,0.0
GSE135851::LAM3:ACTGATGAGATCCGAG-1,GSE135851::LAM3:ACTGATGAGATCCGAG-1,State_16,LAM3,GSE135851,primary_candidate,4.965863227844238,5.23087511062622,5.457753817240397,6.2489915,0,0.0,4.965863227844238,4.965863227844238,40-60%,8717.0,1651,2.3976138579786626,0.05559276624246482,False,scRNA,LAM,0.0,0.6358180642127991,1.1707968711853027,0.38207852840423584,0.05458264797925949,0.0,0.0,1.1095428466796875,0.23843176662921906,0.6039472222328186,1.4554378986358643,0.3123425543308258,1.750795841217041,0.0,0.3123425543308258,0.0,0.10625248402357101,0.0,1.055163860321045,0.6553128957748413,0.27448344230651855,0.0,0.9702919721603394,0.0,0.0,0.0,0.0,1.9074541330337524,0.0,2.320176362991333,0.0,1.1922141313552856,0.0,0.0,0.7641570568084717,0.0,0.0
GSE217108::LAM44:TCAAGTATCGCACACA-1,GSE217108::LAM44:TCAAGTATCGCACACA-1,State_16,LAM44,GSE217108,primary_candidate,4.9807963371276855,5.626692390441894,5.978476524353027,6.3566027,0,0.0,4.9807963371276855,4.9807963371276855,40-60%,2679.0,1433,8.47331093691676,,False,snRNA-seq,LAM,0.0,0.7119986414909363,0.5181678533554077,0.0,0.6643425226211548,0.0,0.0,0.1943129450082779,0.0,0.5272142291069031,0.1943129450082779,0.14131850004196167,0.3883628845214844,0.5272142291069031,0.1941814422607422,0.0,0.10332704335451126,0.0,0.7446933388710022,0.14131850004196167,0.0,0.0,0.12954196333885193,0.0,0.0,0.0,0.0,0.0,2.135995864868164,1.5545035600662231,0.0,0.0,1.5545035600662231,0.0,0.0,0.0,0.0
GSE217108::LAM44:TGGCTATAGCGCTAAT-1,GSE217108::LAM44:TGGCTATAGCGCTAAT-1,State_16,LAM44,GSE217108,primary_candidate,5.002227306365967,5.208084392547607,5.757844098409017,6.83204,0,0.0,5.002227306365967,5.002227306365967,40-60%,4799.0,2498,8.585121900395915,,False,snRNA-seq,LAM,0.5474652647972107,0.37538400292396545,0.37538400292396545,0.0,0.7184998989105225,0.0,0.0,0.14076900482177734,0.2052994668483734,0.3955068290233612,0.14076900482177734,0.1493086963891983,0.4872397482395172,0.3217577338218689,0.2986173927783966,0.0,0.13394592702388763,0.0,0.6921369433403015,0.503372311592102,0.0,0.0,0.09384600073099136,0.0,0.0,1.6423957347869873,0.0,0.0,1.1261520385742188,0.0,0.0,1.1261520385742188,1.6423957347869873,2.4352643489837646,0.0,0.0,0.0
GSE302356::LAM3:GACGCTGGTCACAGAG-1,GSE302356::LAM3:GACGCTGGTCACAGAG-1,State_16,LAM32,GSE302356,primary_candidate,5.006135940551758,5.496088981628418,5.729595724741618,6.279545,0,0.0,5.006135940551758,5.006135940551758,40-60%,10965.0,2871,11.664386684906521,,False,scRNA-seq,LAM,0.21604867279529572,0.3460497260093689,0.0,0.0,0.1511261761188507,0.0,0.0,0.0,0.1620364934206009,0.24089930951595306,0.0,0.09437719732522964,1.992475152015686,0.14830702543258667,0.30659911036491394,0.21078689396381378,0.07671947777271271,0.0,0.0,0.2476767599582672,0.0,0.0925922840833664,0.0,0.0,0.0,0.6481459736824036,0.0,0.0,1.038149118423462,0.0,0.0,0.0,0.0,0.0,0.0,0.0,0.0
GSE302356::LAM10:CAAGGTAAGGTCCTGA-1,GSE302356::LAM10:CAAGGTAAGGTCCTGA-1,State_16,LAM3,GSE302356,primary_candidate,5.0199666023254395,5.308772277832031,5.603727054595947,6.4313555,0,0.0,5.0199666023254395,5.0199666023254395,40-60%,8587.0,3346,0.12810061721206475,,False,scRNA-seq,LAM,1.0353162288665771,1.9043351411819458,0.2574043273925781,0.0,0.0,0.0,0.0,0.41368940472602844,0.6726034283638,1.3701667785644531,0.31316494941711426,0.5283015966415405,0.6441535949707031,1.3323190212249756,0.3863449692726135,0.7807422876358032,0.4921687841415405,0.051480866968631744,1.1039013862609863,0.2447705864906311,0.6414345502853394,0.0,0.2731277048587799,0.7722129821777344,0.0,2.333735704421997,0.0,1.5026659965515137,4.210339546203613,0.7722129821777344,0.0,0.0,0.0,0.0,0.0,0.0,0.0
GSE190260::LAM1164-2:CTGTGCTGTGGTACAG-1,GSE190260::LAM1164-2:CTGTGCTGTGGTACAG-1,State_16,LAM1164,GSE190260,primary_candidate,5.059445858001709,5.411598873138428,5.651810995737711,6.2394204,0,0.0,5.059445858001709,5.059445858001709,40-60%,3027.0,1252,0.09910802775024777,,False,scRNA-seq,LAM,0.0,1.011997103691101,3.239222288131714,0.0,0.0,0.0,0.0,2.182816505432129,0.3794988989830017,1.0715250968933105,3.1023306846618652,0.27599918842315674,1.7757351398468018,0.0,0.4932495057582855,0.36486300826072693,0.32440149784088135,0.0,0.0,0.0,0.3171406686306,0.0,2.068220615386963,0.0,0.0,0.0,0.0,3.0359911918640137,0.0,4.46468448638916,2.8632290363311768,2.3897533416748047,0.0,0.0,0.0,0.0,0.0
GSE302356::LAM3:ACCCTCATCCTACCGT-1,GSE302356::LAM3:ACCCTCATCCTACCGT-1,State_16,LAM32,GSE302356,primary_candidate,5.064459323883057,5.444772720336914,5.779421552022298,6.360226,0,0.0,5.064459323883057,5.064459323883057,40-60%,4129.0,1458,0.19375151368370067,,False,scRNA-seq,LAM,0.0,1.0758650302886963,3.013727903366089,0.8826895952224731,0.0,0.0,0.0,2.5725631713867188,0.6241217851638794,1.1086483001708984,3.4682936668395996,0.5170894265174866,1.9507205486297607,0.0,0.4052535891532898,0.2206723988056183,0.37181356549263,0.0,0.0,0.0,0.2723248600959778,0.0,2.3121957778930664,0.0,0.0,0.0,0.0,3.227595329284668,0.0,4.532943248748779,2.74286150932312,1.7653791904449463,0.0,0.0,0.0,0.0,0.0
GSE302356::LAM13:CTACAACAGCTAAGTC-1,GSE302356::LAM13:CTACAACAGCTAAGTC-1,State_16,LAM50,GSE302356,primary_candidate,5.090005397796631,5.375316524505616,5.684700457255046,6.1280694,0,0.0,5.090005397796631,5.090005397796631,40-60%,6197.0,2384,0.14523156365983542,,False,scRNA-seq,LAM,0.3202535808086395,1.5736440420150757,0.3202535808086395,0.4803803563117981,0.0,0.0,0.0,0.76689612865448,0.24019017815589905,0.8116704225540161,0.8049534559249878,0.40279802680015564,0.655183732509613,0.6744188666343689,0.17468376457691193,0.625142514705658,0.4200532138347626,0.0,0.6005851030349731,0.0,0.6692727208137512,0.0,0.6166990399360657,0.9607607126235962,0.0,0.0,0.0,0.9607607126235962,3.760171413421631,0.0,0.0,0.9607607126235962,0.0,0.0,0.0,0.0,0.0
GSE217108::LAM44:GATTGCAGTATTGAGT-1,GSE217108::LAM44:GATTGCAGTATTGAGT-1,State_16,LAM44,GSE217108,primary_candidate,5.094355583190918,5.4101049423217775,5.736937777201335,6.650018,0,0.0,5.094355583190918,5.094355583190918,40-60%,3069.0,1827,5.734767025089606,,False,snRNA-seq,LAM,0.48296377062797546,0.48296377062797546,0.0,0.0,0.2069844752550125,0.0,0.0,0.1811114102602005,0.362222820520401,0.413968950510025,0.0,0.2634347677230835,1.3229600191116333,0.2069844752550125,0.39515218138694763,0.0,0.10588529706001282,0.0,1.0085690021514893,0.5785283446311951,0.2634347677230835,0.0,0.0,0.0,0.0,1.448891282081604,0.0,1.448891282081604,0.0,0.0,0.0,0.0,1.448891282081604,0.0,0.0,0.0,0.0
GSE190260::LAM1163:CTCTACGGTCTGATCA-1,GSE190260::LAM1163:CTCTACGGTCTGATCA-1,State_16,LAM1163,GSE190260,primary_candidate,5.120999813079834,5.283895015716553,5.389493815104166,5.9700065,0,0.0,5.120999813079834,5.120999813079834,40-60%,3659.0,1124,2.9789559989068053,,False,scRNA-seq,LAM,0.0,0.43906959891319275,0.43906959891319275,0.0,0.4192301332950592,0.0,0.0,0.16465109586715698,0.0,0.37634536623954773,0.16465109586715698,0.0,2.0364105701446533,0.18817268311977386,0.11974625289440155,0.0,0.04407256096601486,0.0,0.32930219173431396,0.11974625289440155,0.0,0.0,0.10976739972829819,0.0,0.0,0.0,0.0,0.0,1.3172087669372559,1.3172087669372559,0.0,0.0,0.0,0.0,0.0,0.0,1.8665536642074585
GSE190260::LAM1158:TGGTTCCTCAACGAAA-1,GSE190260::LAM1158:TGGTTCCTCAACGAAA-1,State_16,LAM1158,GSE190260,primary_candidate,5.123843193054199,5.634876823425293,6.008646170298259,6.2828827,0,0.0,5.123843193054199,5.123843193054199,40-60%,5495.0,1978,5.805277525022748,,False,scRNA-seq,LAM,0.5115479230880737,0.0,0.5115479230880737,0.0,0.0,0.0,0.0,0.45605093240737915,0.19183047115802765,0.43846964836120605,0.45605093240737915,0.19216035306453705,1.8572686910629272,0.148096963763237,0.3617560863494873,0.0,0.09328415989875793,0.0,0.0,0.36479809880256653,0.0,0.148096963763237,0.30403396487236023,0.0,0.0,1.5346437692642212,0.0,0.0,0.0,1.5346437692642212,0.0,0.0,0.0,0.0,0.0,0.0,0.0
GSE302356::LAM3:GATAGAAAGCAAGGAA-1,GSE302356::LAM3:GATAGAAAGCAAGGAA-1,State_16,LAM32,GSE302356,primary_candidate,5.140343189239502,5.375107192993164,5.671016438802083,6.174166,0,0.0,5.140343189239502,5.140343189239502,40-60%,3642.0,1334,8.511806699615596,,False,scRNA-seq,LAM,0.0,0.44020676612854004,0.6234972476959229,0.0,0.7415234446525574,0.0,0.0,0.23381148278713226,0.16507753729820251,0.45587316155433655,0.23381148278713226,0.2401127815246582,1.7292628288269043,0.0,0.2401127815246582,0.0,0.04830588772892952,0.0,0.0,0.2401127815246582,0.0,0.0,0.1558743119239807,0.0,0.0,0.0,0.0,1.3206202983856201,0.0,1.870491862297058,0.0,0.0,0.0,0.0,0.0,2.2232422828674316,0.0
GSE217108::LAM44:CTTTGTCCATAATGTC-1,GSE217108::LAM44:CTTTGTCCATAATGTC-1,State_16,LAM44,GSE217108,primary_candidate,5.1774983406066895,5.4755480766296385,5.782705593109131,6.3030643,0,0.0,5.1774983406066895,5.1774983406066895,40-60%,4411.0,2079,9.272273860802539,,False,snRNA-seq,LAM,0.39463010430336,0.39463010430336,0.0,0.0,0.08456359803676605,0.0,0.0,0.1479862928390503,0.2959725856781006,0.3382543921470642,0.0,0.21525278687477112,0.7894970774650574,0.0,0.10762639343738556,0.2886732220649719,0.12364988774061203,0.0,1.1514387130737305,0.21525278687477112,0.10762639343738556,0.0,0.0,0.0,0.0,1.1838903427124023,0.0,1.1838903427124023,0.0,0.0,0.0,0.0,0.0,0.0,0.0,0.0,0.0
GSE135851::LAM4:TCATTACAGGTTCCTA-1,GSE135851::LAM4:TCATTACAGGTTCCTA-1,State_16,LAM4,GSE135851,primary_candidate,5.180531024932861,5.751045036315918,5.94299685160319,6.7008624,0,0.0,5.180531024932861,5.180531024932861,40-60%,3388.0,1590,0.0,0.026915113871635615,False,snRNA,LAM,0.0,0.45803964138031006,0.7626522183418274,0.0,0.7536347508430481,0.13741189241409302,0.27482378482818604,0.28599458932876587,0.17176486551761627,0.5231536626815796,0.28599458932876587,0.0,1.4655117988586426,0.19630269706249237,0.24983979761600494,0.0,0.08624835312366486,0.0,1.4668188095092773,0.374759703874588,0.0,0.0,0.19066305458545685,0.0,0.0,0.0,1.3741189241409302,0.0,0.0,2.287956714630127,0.0,0.0,0.0,0.0,0.0,2.7573461532592773,2.7573461532592773
GSE135851::LAM4:CTTCTCTTCTCCGGTT-1,GSE135851::LAM4:CTTCTCTTCTCCGGTT-1,State_16,LAM4,GSE135851,primary_candidate,5.2007575035095215,5.651036357879638,6.063443565368653,7.289747,0,0.0,5.2007575035095215,5.2007575035095215,40-60%,5148.0,2123,0.0,0.035516969218626675,False,snRNA,LAM,0.7195068001747131,0.0,0.0,0.0,1.6355987787246704,0.0,0.0,0.0,0.269815057516098,0.3083600699901581,0.134907528758049,0.0,0.8799717426300049,0.15418003499507904,0.0,0.0,0.08564136922359467,0.07195068150758743,1.9890882968902588,0.7522384524345398,0.09811456501483917,0.0,0.08993835002183914,1.079260230064392,1.079260230064392,0.0,0.0,0.0,0.0,0.0,0.0,0.0,3.405771255493164,4.7332563400268555,5.587708473205566,0.0,0.0
GSE302356::LAM10:GCGCCTTGTTAGCCAA-1,GSE302356::LAM10:GCGCCTTGTTAGCCAA-1,State_16,LAM3,GSE302356,primary_candidate,5.2339863777160645,5.467789840698242,5.720610396067301,6.372158,0,0.0,5.2339863777160645,5.2339863777160645,40-60%,6871.0,2806,0.04366176684616504,,False,scRNA-seq,LAM,0.2994288504123688,0.0,1.7742383480072021,0.0,0.0,0.0,0.0,1.2349225282669067,0.11228581517934799,0.5203713178634644,1.3140169382095337,0.3296147584915161,0.440038800239563,0.4514729976654053,0.0,0.5846054553985596,0.297646164894104,0.059885766357183456,3.211855411529541,0.0,0.205638587474823,0.0,1.0645133256912231,0.0,0.0,0.8982865214347839,0.0,0.0,0.0,2.7443127632141113,0.8982865214347839,1.6801156997680664,0.0,0.0,0.0,0.0,0.0
GSE217108::LAM44:AGGGCTACACCTGCTC-1,GSE217108::LAM44:AGGGCTACACCTGCTC-1,State_16,LAM44,GSE217108,primary_candidate,5.267861366271973,5.716293430328369,6.004813162485759,6.693876,0,0.0,5.267861366271973,5.267861366271973,40-60%,4310.0,2129,9.002320185614849,,False,snRNA-seq,LAM,0.0,0.40000689029693604,0.40000689029693604,0.0,0.7860409021377563,0.0,0.0,0.150002583861351,0.150002583861351,0.3428630530834198,0.150002583861351,0.10909278690814972,0.673137366771698,0.0,0.10909278690814972,0.0,0.11460497975349426,0.0,1.0372494459152222,0.10909278690814972,0.0,0.0,0.10000172257423401,0.0,0.0,0.0,0.0,1.200020670890808,0.0,1.200020670890808,0.0,0.0,1.200020670890808,0.0,0.0,1.200020670890808,0.0
GSE302356::LAM10:TATGCATCATAATCGT-1,GSE302356::LAM10:TATGCATCATAATCGT-1,State_16,LAM3,GSE302356,primary_candidate,5.28507661819458,5.590798473358154,5.794939613342285,6.0332384,0,0.0,5.28507661819458,5.28507661819458,40-60%,14492.0,3926,0.00690035881865857,,False,scRNA-seq,LAM,0.9196025133132935,1.6983519792556763,2.1886472702026367,0.0,0.0,0.0,0.0,1.299328088760376,0.7626198530197144,1.6346709728240967,1.591665506362915,0.7419646382331848,0.23852261900901794,0.8839882612228394,0.21455228328704834,0.5897315144538879,0.6432281136512756,0.0699666365981102,0.2804281413555145,0.04770452529191971,0.6285346746444702,0.0,1.0611103773117065,1.121712565422058,0.0,1.6370949745178223,0.524749755859375,1.492944359779358,3.077361822128296,3.5888333320617676,0.0,2.9771084785461426,0.0,0.0,0.0,0.0,0.0
GSE302356::LAM13:ACAACATGTTGCACGG-1,GSE302356::LAM13:ACAACATGTTGCACGG-1,State_16,LAM50,GSE302356,primary_candidate,5.3178582191467285,5.596885681152344,5.844851048787435,6.40842,0,0.0,5.3178582191467285,5.3178582191467285,40-60%,8153.0,2743,0.0,,False,scRNA-seq,LAM,0.7812227606773376,0.8911981582641602,0.0,0.0,0.0,0.08004498481750488,0.3551994860172272,0.5499588251113892,0.292958527803421,0.7167518138885498,0.34564268589019775,0.8632135987281799,0.6637036800384521,0.9953165650367737,0.07276817411184311,0.9901233315467834,0.4064372181892395,0.0,0.8442243337631226,0.07276817411184311,0.8303380012512207,0.2537139356136322,0.4623023271560669,0.8004499077796936,0.0,1.5432184934616089,0.0,0.0,2.6735944747924805,0.0,0.0,0.0,0.0,0.0,0.0,0.0,0.0
GSE217108::LAM44:GCAATGAAGTAACGGA-1,GSE217108::LAM44:GCAATGAAGTAACGGA-1,State_16,LAM44,GSE217108,primary_candidate,5.324524402618408,5.494316577911377,5.978050549825032,7.2058477,0,0.0,5.324524402618408,5.324524402618408,40-60%,9101.0,3528,8.3836940995495,,False,snRNA-seq,LAM,0.3874627649784088,0.0,0.24711881577968597,0.0,0.5025292634963989,0.11623883247375488,0.0,0.09266955405473709,0.1452985405921936,0.27196353673934937,0.09266955405473709,0.06739603728055954,0.7842510938644409,0.2672662138938904,0.35314685106277466,0.09266955405473709,0.135976180434227,0.0,0.8973099589347839,0.6048324108123779,0.06739603728055954,0.0,0.061779703944921494,0.0,0.0,1.1623883247375488,0.0,0.0,0.0,0.7413564324378967,0.0,0.0,0.7413564324378967,1.4577637910842896,0.7413564324378967,0.0,0.7413564324378967
GSE135851::LAM4:ATAACGCAGTACTTGC-1,GSE135851::LAM4:ATAACGCAGTACTTGC-1,State_16,LAM4,GSE135851,primary_candidate,5.368144512176514,5.612012672424316,5.741823514302571,6.537388,0,0.0,5.368144512176514,5.368144512176514,40-60%,1853.0,1094,0.0,0.017421602787456445,False,snRNA,LAM,0.6185917258262634,0.6185917258262634,0.6185917258262634,0.0,0.44136303663253784,0.0,0.0,0.2319718897342682,0.2319718897342682,0.5302214622497559,0.2319718897342682,0.16870683431625366,1.2365621328353882,0.26511073112487793,0.0,0.0,0.07870285958051682,0.0,1.5313371419906616,0.5617347359657288,0.0,0.0,0.15464793145656586,1.8557751178741455,0.0,0.0,0.0,0.0,1.8557751178741455,0.0,0.0,1.8557751178741455,0.0,0.0,0.0,0.0,0.0
GSE302356::LAM4:ATGAAAGTCTTCGTAT-1,GSE302356::LAM4:ATGAAAGTCTTCGTAT-1,State_16,LAM18,GSE302356,primary_candidate,5.4748406410217285,5.659687805175781,5.870877774556478,6.2965417,0,0.0,5.4748406410217285,5.4748406410217285,60-80%,4847.0,1564,14.854549205694244,,False,scRNA-seq,LAM,0.3731459677219391,0.0,0.7462919354438782,0.0,0.0,0.0,0.0,0.41978919506073,0.13992972671985626,0.31983938813209534,0.41978919506073,0.14857973158359528,1.857812523841858,0.0,0.14857973158359528,0.2798594534397125,0.07100002467632294,0.0,0.4085942804813385,0.4240966737270355,0.0,0.15991969406604767,0.2798594534397125,0.0,0.0,1.11943781375885,0.0,0.0,0.0,1.11943781375885,0.0,1.11943781375885,0.0,0.0,0.0,0.0,0.0
GSE135851::LAM4:CGACTTCTCTGACCTC-1,GSE135851::LAM4:CGACTTCTCTGACCTC-1,State_16,LAM4,GSE135851,primary_candidate,5.548788547515869,6.066013240814209,6.39902982711792,7.3730264,0,0.0,5.548788547515869,5.548788547515869,60-80%,7639.0,2376,0.0,0.0682215743440233,False,snRNA,LAM,0.7729344367980957,0.5578970909118652,0.2789485454559326,0.0,0.2114037424325943,0.08368456363677979,0.0,0.20921140909194946,0.3944561183452606,0.5703563690185547,0.10460570454597473,0.3593810796737671,1.6913645267486572,0.11954937875270844,0.24247552454471588,0.16074514389038086,0.09583307802677155,0.0,2.103800058364868,0.8195744156837463,0.07607687264680862,0.0,0.1394742727279663,0.0,0.0,2.318803310394287,0.8368456363677979,0.0,0.8368456363677979,0.0,0.0,0.8368456363677979,0.8368456363677979,0.8368456363677979,1.2859611511230469,0.0,0.0
GSE302356::LAM13:GCACGAACATTGTGGC-1,GSE302356::LAM13:GCACGAACATTGTGGC-1,State_16,LAM50,GSE302356,primary_candidate,5.560614109039307,5.739238166809082,6.0224990526835125,6.905789,0,0.0,5.560614109039307,5.560614109039307,60-80%,10890.0,3673,1.184573002754821,,False,scRNA-seq,LAM,0.0,0.21714188158512115,0.21714188158512115,0.0,0.40382394194602966,0.19744662940502167,0.0,0.08142820745706558,0.08142820745706558,0.1861216127872467,0.08142820745706558,0.4818050265312195,0.8593557476997375,0.09306080639362335,0.4282788336277008,0.0,0.15887321531772614,0.0,0.43030601739883423,0.09478069096803665,0.059220511466264725,0.0,0.05428547039628029,0.0,0.0,0.0,0.0,0.6514256596565247,0.0,0.6514256596565247,0.0,0.0,0.0,0.0,0.0,0.0,0.0
GSE217108::LAM44:TGCGATTAGTCAGTAC-1,GSE217108::LAM44:TGCGATTAGTCAGTAC-1,State_16,LAM44,GSE217108,primary_candidate,5.563241958618164,5.999310111999511,6.494641145070394,7.4921513,0,0.0,5.563241958618164,5.563241958618164,60-80%,9769.0,3545,8.670283550005118,,False,snRNA-seq,LAM,0.0,0.23496699333190918,0.46993398666381836,0.0,0.5872182846069336,0.07049009948968887,0.0,0.17622524499893188,0.0,0.2014002799987793,0.17622524499893188,0.06408190727233887,1.1725130081176758,0.2014002799987793,0.22945958375930786,0.08811262249946594,0.1769217848777771,0.04699339717626572,0.8774306774139404,0.22892065346240997,0.0,0.0,0.11748349666595459,0.0,0.0,0.0,0.0,0.0,0.7049009799957275,0.7049009799957275,0.0,0.7049009799957275,0.0,1.9659757614135742,0.7049009799957275,1.1142535209655762,0.0
GSE302356::LAM13:TTCACTGTCATGGTGT-1,GSE302356::LAM13:TTCACTGTCATGGTGT-1,State_16,LAM50,GSE302356,primary_candidate,5.605491638183594,5.857780265808105,6.060972531636556,6.438257,0,0.0,5.605491638183594,5.605491638183594,60-80%,6275.0,2591,0.06374501992031872,,False,scRNA-seq,LAM,0.6660094857215881,0.7857463955879211,0.3176855742931366,0.4765283465385437,0.0,0.0,0.0,0.5329191088676453,0.24975354969501495,0.7583320736885071,0.5658849477767944,0.6806382536888123,0.7711745500564575,1.33645498752594,0.08664152026176453,0.9858063459396362,0.4549683928489685,0.0635371133685112,1.263211727142334,0.0,1.0590636730194092,0.0,0.3772566616535187,0.0,0.0,1.9980283975601196,0.0,0.0,2.357239246368408,0.9530566930770874,0.0,0.0,0.0,0.0,0.0,0.0,0.0
GSE302356::LAM3:GGTGATTCATAACGGG-1,GSE302356::LAM3:GGTGATTCATAACGGG-1,State_16,LAM32,GSE302356,primary_candidate,5.6174798011779785,5.812317752838135,6.096651299794515,6.6350474,0,0.0,5.6174798011779785,5.6174798011779785,60-80%,3219.0,1019,0.21745883814849332,,False,scRNA-seq,LAM,0.4708614647388458,0.4708614647388458,0.0,0.0,0.0,0.0,0.0,0.0,0.6001336574554443,0.40359556674957275,0.0,0.1284167617559433,2.0074894428253174,0.0,0.6486473083496094,0.0,0.03952675685286522,0.0,0.0,1.9118523597717285,0.17962728440761566,0.0,0.0,0.0,0.0,1.4125844240188599,0.0,1.4125844240188599,0.0,0.0,0.0,0.0,0.0,0.0,0.0,0.0,0.0
GSE217108::LAM44:TGACCTTGTTAATCGG-1,GSE217108::LAM44:TGACCTTGTTAATCGG-1,State_16,LAM44,GSE217108,primary_candidate,5.7135114669799805,6.228212070465088,6.777198346455892,7.7262626,0,0.0,5.7135114669799805,5.7135114669799805,60-80%,7905.0,3278,8.437697659709045,,False,snRNA-seq,LAM,0.0,0.5450563430786133,0.0,0.0,0.7826069593429565,0.08175845444202423,0.0,0.0,0.10219806432723999,0.2335955798625946,0.0,0.07432586699724197,0.9559988975524902,0.6576239466667175,0.07432586699724197,0.0,0.1642763316631317,0.0,0.800689160823822,0.3716293275356293,0.0,0.0,0.0,0.0,0.0,0.0,0.0,0.8175845146179199,0.8175845146179199,0.0,0.0,0.0,1.8017244338989258,2.4087612628936768,2.1506142616271973,0.0,0.0
GSE302356::LAM4:AACTTCTAGATAGGGA-1,GSE302356::LAM4:AACTTCTAGATAGGGA-1,State_16,LAM18,GSE302356,primary_candidate,5.7558207511901855,5.917406272888184,6.124592812856038,6.534547,0,0.0,5.7558207511901855,5.7558207511901855,60-80%,8577.0,2310,13.827678675527574,,False,scRNA-seq,LAM,0.4011726677417755,0.0,0.2576133608818054,0.0,0.0,0.0,0.0,0.09660501033067703,0.15043975412845612,0.28233686089515686,0.09660501033067703,0.15764236450195312,1.7889577150344849,0.0,0.26705309748649597,0.0,0.09216054528951645,0.0,0.19321002066135406,0.5415353178977966,0.0,0.17193114757537842,0.06440334022045135,0.0,0.0,1.203518033027649,0.0,0.0,0.0,0.7728400826454163,0.0,0.0,0.0,0.0,0.0,0.0,0.0
GSE302356::LAM13:GTACGTAGTGATGAGG-1,GSE302356::LAM13:GTACGTAGTGATGAGG-1,State_16,LAM50,GSE302356,primary_candidate,5.950528621673584,6.307715988159179,6.605458164215088,7.2006626,0,0.0,5.950528621673584,5.950528621673584,80-100%,8631.0,2388,0.023172285946008574,,False,scRNA-seq,LAM,0.39970988035202026,0.0,0.6561987400054932,0.0,0.0,0.0,0.0,0.8594782948493958,0.1498912125825882,0.3426084816455841,1.0191982984542847,0.6069214344024658,0.5289261937141418,0.31562939286231995,0.06995149701833725,0.3165745437145233,0.357992947101593,0.0,0.2997824251651764,0.0,0.2761479616165161,0.0,0.7435877919197083,0.0,0.0,1.1991297006607056,0.0,0.0,0.0,1.1991297006607056,0.0,0.7694664597511292,0.0,0.0,0.0,0.0,0.0
GSE302356::LAM3:GCCAGGTCAAGACCTT-1,GSE302356::LAM3:GCCAGGTCAAGACCTT-1,State_16,LAM32,GSE302356,primary_candidate,6.4574761390686035,6.804214572906494,7.071849187215169,7.4930925,0,0.0,6.4574761390686035,6.4574761390686035,80-100%,6866.0,2316,4.544130498106612,,False,scRNA-seq,LAM,0.5991453528404236,0.0,0.0,0.0,0.0,0.0,0.0,0.0,0.22467951476573944,0.2567766010761261,0.0,0.17461006343364716,1.703423261642456,0.0,0.3803371489048004,0.11233975738286972,0.09068748354911804,0.0,0.0,0.5743224620819092,0.0,0.12838830053806305,0.0,0.8987180590629578,0.0,0.8987180590629578,0.0,0.0,0.0,0.0,0.0,0.0,0.0,0.0,0.0,0.0,0.0
GSE302356::LAM13:GCACATTAGCGGTTAT-1,GSE302356::LAM13:GCACATTAGCGGTTAT-1,State_16,LAM50,GSE302356,primary_candidate,6.558380126953125,6.737581348419189,7.001330693562825,7.692383,0,0.0,6.558380126953125,6.558380126953125,80-100%,29684.0,5628,0.7209270987737502,,False,scRNA-seq,LAM,1.4033787250518799,0.28445419669151306,0.0,0.0,0.7240347266197205,0.09874606132507324,0.0,0.0,0.5262670516967773,0.7233569622039795,0.0643843486905098,0.0,0.4936850070953369,0.336442768573761,0.16298866271972656,0.1066703200340271,0.18518860638141632,0.01935599371790886,0.3490060269832611,0.2994016408920288,0.0,0.0,0.04292289912700653,0.0,0.0,4.210136413574219,0.0,0.0,0.8533625602722168,0.0,0.0,0.0,1.2113970518112183,0.5150747895240784,0.9874606132507324,0.698455810546875,0.2903399169445038
