contrast,gene,direction,signed_score,moderated_q,default_cmap_query
tsc2_loss_plastic,ZNF300,up,3.292125672468856,4.3988964037375686e-08,True
tsc2_loss_plastic,GALNT18,up,3.615950829277923,2.165493877026657e-07,True
tsc2_loss_plastic,LAMP3,up,3.0618252386664864,3.04502897650314e-07,True
tsc2_loss_plastic,SLC38A11,up,1.997537204423765,5.444618274894354e-07,True
tsc2_loss_plastic,MT3,up,1.811816415923168,8.879045491802028e-07,True
tsc2_loss_plastic,CABP1,up,1.273016509227367,1.0965101830012265e-06,True
tsc2_loss_plastic,NDUFA4L2,up,4.89830321499308,1.2069683145342932e-06,True
tsc2_loss_plastic,GDF15,up,3.3464459026322224,1.2751445087989113e-06,True
tsc2_loss_plastic,ENO2,up,2.5183754935154257,1.4391968711840618e-06,True
tsc2_loss_plastic,CA9,up,3.606371839077494,1.840404915958369e-06,True
tsc2_loss_plastic,ASB5,up,3.544086458055372,1.840404915958369e-06,True
tsc2_loss_plastic,GBE1,up,1.9581364602998268,1.840404915958369e-06,True
tsc2_loss_plastic,SPAG4,up,2.8271865304560224,1.891012734356433e-06,True
tsc2_loss_plastic,UCHL1,up,1.643586902313371,3.3208665411190017e-06,True
tsc2_loss_plastic,VEGFA,up,1.7820236881971998,3.3226500893437083e-06,True
tsc2_loss_plastic,CYSTM1,up,1.591541183931169,3.3226500893437083e-06,True
tsc2_loss_plastic,P4HA2,up,1.5734556404139823,3.3226500893437083e-06,True
tsc2_loss_plastic,TPBG,up,1.255804535275356,3.3226500893437083e-06,True
tsc2_loss_plastic,GPR146,up,1.724214578563464,3.510006125879895e-06,True
tsc2_loss_plastic,DDIT3,up,1.6893271027976762,3.510006125879895e-06,True
tsc2_loss_plastic,COL11A1,up,3.85329475198326,3.954185367055264e-06,True
tsc2_loss_plastic,ITGB2-AS1,up,0.6749222963793741,3.954185367055264e-06,True
tsc2_loss_plastic,ARFGEF3,up,1.8992902970622536,3.970380448839121e-06,True
tsc2_loss_plastic,PKM,up,1.3083971510198795,3.970380448839121e-06,True
tsc2_loss_plastic,DUSP3,up,1.0955352734348316,4.0699127579261376e-06,True
tsc2_loss_plastic,ARMC9,up,1.5877993667771548,4.527380613008464e-06,True
tsc2_loss_plastic,EGLN3,up,3.5765617628643063,4.764318686059389e-06,True
tsc2_loss_plastic,FGF11,up,2.92376518944785,4.764318686059389e-06,True
tsc2_loss_plastic,LRRC15,up,1.867681569429942,4.764318686059389e-06,True
tsc2_loss_plastic,ABHD12,up,0.9159290329911244,4.764318686059389e-06,True
tsc2_loss_plastic,FAM162A,up,1.7044119363807693,4.856095564410944e-06,True
tsc2_loss_plastic,PITX1,up,2.098342914234555,5.1219887907506224e-06,True
tsc2_loss_plastic,ERO1A,up,2.0594704941391884,5.328682813340787e-06,True
tsc2_loss_plastic,CKB,up,1.520803843707858,6.941130115003461e-06,True
tsc2_loss_plastic,ZP1,up,1.323517153255501,6.941130115003461e-06,True
tsc2_loss_plastic,MOSPD1,up,1.4810104883358948,7.890890557696605e-06,True
tsc2_loss_plastic,TBC1D2,up,1.114060968248131,8.123839058070123e-06,True
tsc2_loss_plastic,HOXA13,up,2.987119678266386,8.292664300834576e-06,True
tsc2_loss_plastic,FUCA2,up,0.728340441800102,8.292664300834576e-06,True
tsc2_loss_plastic,BEX2,up,1.9596855713784609,8.327187461098016e-06,True
tsc2_loss_plastic,CDKN1A,up,1.3305411244108107,8.68979436998149e-06,True
tsc2_loss_plastic,SV2A,up,1.0293578932759495,8.86035412430523e-06,True
tsc2_loss_plastic,AC011586.2,up,1.1652943324931793,9.429025233512832e-06,True
tsc2_loss_plastic,NEU1,up,1.524224897260845,9.704188889637215e-06,True
tsc2_loss_plastic,PLOD3,up,0.6537517293227793,9.92412018928783e-06,True
tsc2_loss_plastic,BCL2L1,up,1.0647107659617858,9.94870641465538e-06,True
tsc2_loss_plastic,PFKP,up,1.104428324829835,1.1439929303555664e-05,True
tsc2_loss_plastic,NPL,up,1.3974807160386575,1.1502671422521288e-05,True
tsc2_loss_plastic,CA12,up,2.9446466839998475,1.2191524373821216e-05,True
tsc2_loss_plastic,G0S2,up,2.1762385007557543,1.2191524373821216e-05,True
tsc2_loss_plastic,LAMB3,up,1.0832092774440418,1.2494390902611508e-05,True
tsc2_loss_plastic,TMEM74B,up,1.0227945643194436,1.2494390902611508e-05,True
tsc2_loss_plastic,PYGB,up,0.796935521909218,1.3316727712443028e-05,True
tsc2_loss_plastic,HEXB,up,1.5135942166035403,1.3399867598543006e-05,True
tsc2_loss_plastic,KCNS1,up,2.005400480326786,1.3775931664623615e-05,True
tsc2_loss_plastic,TOMM34,up,0.826733317822455,1.3893433189401836e-05,True
tsc2_loss_plastic,KRT34,up,1.8514481981653077,1.5363563713658298e-05,True
tsc2_loss_plastic,PLA2G15,up,0.7907412876673665,1.5363563713658298e-05,True
tsc2_loss_plastic,STX3,up,2.111582282681914,1.577428093607772e-05,True
tsc2_loss_plastic,HOXD10,up,1.9565991672309877,1.5782264992223967e-05,True
tsc2_loss_plastic,HSPA9,up,1.0912082213084655,1.5782264992223967e-05,True
tsc2_loss_plastic,HM13,up,0.616396315282608,1.6389831434615165e-05,True
tsc2_loss_plastic,AVPI1,up,1.3328969140140146,1.682240047991345e-05,True
tsc2_loss_plastic,TRIB3,up,2.385181115653569,1.7062075617513153e-05,True
tsc2_loss_plastic,SCARB1,up,1.6880314799859466,1.8642394160224217e-05,True
tsc2_loss_plastic,COMMD7,up,0.5950355620269523,1.91025391007795e-05,True
tsc2_loss_plastic,CCND2,up,1.7366793937328595,2.2595945456227793e-05,True
tsc2_loss_plastic,HILPDA,up,1.5639629068245569,2.384092602548112e-05,True
tsc2_loss_plastic,TXN,up,0.7702475264444528,2.401360302450572e-05,True
tsc2_loss_plastic,MAP1A,up,0.8210680043076186,2.429620690919613e-05,True
tsc2_loss_plastic,ATP6V1C1,up,0.8775486882283983,2.6282965324209308e-05,True
tsc2_loss_plastic,WARS1,up,1.2122233327433172,2.7865047137629725e-05,True
tsc2_loss_plastic,HSD17B14,up,1.4580765539876428,3.3360990155444255e-05,True
tsc2_loss_plastic,RBCK1,up,0.7193425111378149,3.3360990155444255e-05,True
tsc2_loss_plastic,PPT1,up,0.5940979125697514,3.3360990155444255e-05,True
tsc2_loss_plastic,VKORC1,up,0.7956706213726714,3.515517312722559e-05,True
tsc2_loss_plastic,CLIP4,up,0.6361048391059279,3.531048768120918e-05,True
tsc2_loss_plastic,TAF9,up,0.5577491771307366,3.536221870458938e-05,True
tsc2_loss_plastic,MKNK2,up,1.4434616872999697,3.621786604080786e-05,True
tsc2_loss_plastic,WSB2,up,0.7511201160600174,3.7868586954270544e-05,True
tsc2_loss_plastic,MT1L,up,1.7548554971631438,3.7953723985905976e-05,True
tsc2_loss_plastic,TRIM61,up,1.7090886226772757,4.063045912378623e-05,True
tsc2_loss_plastic,TPI1,up,1.1352523454420522,4.063045912378623e-05,True
tsc2_loss_plastic,CLGN,up,2.9157049782675353,4.2828188518936034e-05,True
tsc2_loss_plastic,HSPB6,up,2.7432266842583872,4.2828188518936034e-05,True
tsc2_loss_plastic,HOXA11,up,2.622699846587487,4.2828188518936034e-05,True
tsc2_loss_plastic,POPDC3,up,1.7140540577843233,4.2828188518936034e-05,True
tsc2_loss_plastic,ITGB5,up,0.6126206411980584,4.397082669020644e-05,True
tsc2_loss_plastic,REXO2,up,0.563315423777691,4.397082669020644e-05,True
tsc2_loss_plastic,GBA,up,1.255349209284078,4.656872781662822e-05,True
tsc2_loss_plastic,GAPDH,up,1.1073193381832125,4.656872781662822e-05,True
tsc2_loss_plastic,MGST3,up,0.6642256106756648,4.662144252109725e-05,True
tsc2_loss_plastic,EDEM1,up,1.0233022386374049,4.70464803023052e-05,True
tsc2_loss_plastic,SNTA1,up,1.1179696617009616,4.727163161265236e-05,True
tsc2_loss_plastic,CHI3L1,up,4.381757418136391,5.155047085778631e-05,True
tsc2_loss_plastic,LONP1,up,1.1992199115641768,5.155047085778631e-05,True
tsc2_loss_plastic,SPECC1,up,0.6618712030523599,5.568403218116249e-05,True
tsc2_loss_plastic,HOXA5,up,1.418497116443911,5.582688621813335e-05,True
tsc2_loss_plastic,NKX2-3,up,2.028989256929581,5.740066268091705e-05,True
tsc2_loss_plastic,GJA3,up,1.534188193150866,5.961916479376262e-05,True
tsc2_loss_plastic,CNIH3,up,2.1430821700880864,6.01429027954972e-05,True
tsc2_loss_plastic,FBXO22,up,0.8458194377049795,6.020736903741303e-05,True
tsc2_loss_plastic,LRRN1,up,2.2346202966992945,6.124772168485577e-05,True
tsc2_loss_plastic,LOXL2,up,1.2515867105117415,6.20700353047791e-05,True
tsc2_loss_plastic,NXPH4,up,2.2484541195811607,6.208094713175877e-05,True
tsc2_loss_plastic,LYN,up,0.972390504393966,6.208094713175877e-05,True
tsc2_loss_plastic,STEAP3,up,2.370292603830434,6.277066483130027e-05,True
tsc2_loss_plastic,CLEC2B,up,2.151158956911315,6.313290155948453e-05,True
tsc2_loss_plastic,MCOLN3,up,1.651691474267745,6.313290155948453e-05,True
tsc2_loss_plastic,GSS,up,0.7614716989355976,6.402928007924618e-05,True
tsc2_loss_plastic,AC096647.1,up,0.9711312225112264,6.413494249230734e-05,True
tsc2_loss_plastic,DLX5,up,2.1178395798049854,6.557895313285807e-05,True
tsc2_loss_plastic,CCL26,up,0.846561545376322,6.711347202056003e-05,True
tsc2_loss_plastic,ARHGAP24,up,1.2213946070542303,6.743213727454925e-05,True
tsc2_loss_plastic,HSPA4L,up,1.9958883990780345,6.786233115475749e-05,True
tsc2_loss_plastic,DSG2,up,1.5430996985874668,6.991073181247641e-05,True
tsc2_loss_plastic,AKR1C1,up,3.853421028933745,7.218370717359317e-05,True
tsc2_loss_plastic,PGK1,up,1.4755979182839054,7.301497097764631e-05,True
tsc2_loss_plastic,SLC38A6,up,0.858195524204731,7.334185857172934e-05,True
tsc2_loss_plastic,VEGFB,up,1.3911772064341807,7.415920361580218e-05,True
tsc2_loss_plastic,C4orf3,up,0.6795732022081031,7.415920361580218e-05,True
tsc2_loss_plastic,SLC2A1,up,1.758002773760821,7.68754810379869e-05,True
tsc2_loss_plastic,HTR2B,up,1.8946843810809648,8.226535644690132e-05,True
tsc2_loss_plastic,LGALS3,up,1.8237564242853113,8.226535644690132e-05,True
tsc2_loss_plastic,SQSTM1,up,1.3384300222127452,8.226535644690132e-05,True
tsc2_loss_plastic,SYPL2,up,1.347993053187346,8.287834837621008e-05,True
tsc2_loss_plastic,MLPH,up,2.537542001090705,8.374565791265952e-05,True
tsc2_loss_plastic,PFKFB4,up,2.3964079877962416,8.413395415953181e-05,True
tsc2_loss_plastic,CDK15,up,1.4683998971646572,8.413395415953181e-05,True
tsc2_loss_plastic,SYTL2,up,2.4397470692555228,8.528989343788573e-05,True
tsc2_loss_plastic,SMIM3,up,1.487078960575842,8.688166011698307e-05,True
tsc2_loss_plastic,PIP4K2C,up,0.9643636724726624,9.118710140192744e-05,True
tsc2_loss_plastic,SDCBP,up,0.8597671048296682,9.118710140192744e-05,True
tsc2_loss_plastic,SPTBN4,up,1.792569079112449,9.214831429467748e-05,True
tsc2_loss_plastic,HOXD11,up,1.7236535602926455,9.214831429467748e-05,True
tsc2_loss_plastic,AC089983.1,up,0.5794608983423667,9.214831429467748e-05,True
tsc2_loss_plastic,MTCH2,up,0.7478550467319338,9.312564117613232e-05,True
tsc2_loss_plastic,GPC1,up,1.1447243975275043,9.41446404913722e-05,True
tsc2_loss_plastic,NFIL3,up,0.801513719205925,0.0001018349071119,True
tsc2_loss_plastic,TMEM158,up,1.8720899422022683,0.0001047562875065,True
tsc2_loss_plastic,TPST2,up,1.0453609518879283,0.0001047562875065,True
tsc2_loss_plastic,KLHL4,up,2.270064271682154,0.0001048617115994,True
tsc2_loss_plastic,SEC61G,up,0.8230787435100706,0.0001081651456059,True
tsc2_loss_plastic,TNFRSF6B,up,1.4149108917499629,0.000109532486005,True
tsc2_loss_plastic,PSME2,up,0.6518925531620394,0.0001112461360743,True
tsc2_loss_plastic,ALKBH5,up,0.671412984810059,0.0001125685606004,True
tsc2_loss_plastic,NARS1,up,0.607345415893624,0.0001153283079827,True
tsc2_loss_plastic,LAMP2,up,0.5830682917955547,0.0001223336280018,True
tsc2_loss_plastic,PCDHB2,up,1.5726222655194144,0.0001235007633741,True
tsc2_loss_plastic,ABHD6,up,1.1816449807848817,0.000125338719652,True
tsc2_loss_plastic,CAT,down,-4.240380817941491,7.631509817753317e-14,True
tsc2_loss_plastic,RPS2P5,down,-5.527265696130076,1.5125734838902487e-09,True
tsc2_loss_plastic,TRAM1L1,down,-3.522691551120408,4.3988964037375686e-08,True
tsc2_loss_plastic,MAGEA4,down,-3.4309594614802377,4.3988964037375686e-08,True
tsc2_loss_plastic,LUM,down,-2.821489603075255,6.76301478003106e-08,True
tsc2_loss_plastic,FBLN5,down,-2.203246114954271,7.557429304167209e-08,True
tsc2_loss_plastic,TNFRSF19,down,-1.8970843662542043,2.488920807256929e-07,True
tsc2_loss_plastic,PCDH18,down,-1.768888083608272,6.537833174023804e-07,True
tsc2_loss_plastic,CCDC80,down,-2.2073503447195097,1.349720363871188e-06,True
tsc2_loss_plastic,PODN,down,-2.631999920803566,1.840404915958369e-06,True
tsc2_loss_plastic,PRRX2,down,-2.0584293940649308,1.840404915958369e-06,True
tsc2_loss_plastic,ODC1,down,-0.9923081047768174,2.013997561592951e-06,True
tsc2_loss_plastic,WNT11,down,-3.952485706268883,2.160961762199148e-06,True
tsc2_loss_plastic,CEBPD,down,-0.9786591354549764,2.5156811322633795e-06,True
tsc2_loss_plastic,LBX1,down,-1.4083367801625175,3.3226500893437083e-06,True
tsc2_loss_plastic,DCN,down,-3.5443638596345517,3.373311618613011e-06,True
tsc2_loss_plastic,FKBP7,down,-1.0053974755838309,3.373311618613011e-06,True
tsc2_loss_plastic,VWA5A,down,-1.2775834921512137,4.6045575596860525e-06,True
tsc2_loss_plastic,TAF9B,down,-2.098646888805608,4.764318686059389e-06,True
tsc2_loss_plastic,MDK,down,-1.8716527242684853,4.764318686059389e-06,True
tsc2_loss_plastic,CCDC144NL-AS1,down,-1.258721134663171,4.764318686059389e-06,True
tsc2_loss_plastic,MAGED2,down,-0.7458989325986325,4.764318686059389e-06,True
tsc2_loss_plastic,PXK,down,-1.159646916128947,5.183281951400155e-06,True
tsc2_loss_plastic,NREP,down,-1.1023368236300817,5.183281951400155e-06,True
tsc2_loss_plastic,EDNRA,down,-1.134359197294645,5.191105286891889e-06,True
tsc2_loss_plastic,EFEMP1,down,-1.0528629423171267,5.20250960079816e-06,True
tsc2_loss_plastic,CSRP2,down,-1.014292709679911,5.29662506569706e-06,True
tsc2_loss_plastic,TNFRSF11B,down,-1.6548285319603575,5.328682813340787e-06,True
tsc2_loss_plastic,ZNF711,down,-1.235277848954298,6.065115865772611e-06,True
tsc2_loss_plastic,PTHLH,down,-3.82403723014114,6.397631069944748e-06,True
tsc2_loss_plastic,RARS2,down,-0.6143678815209919,6.397631069944748e-06,True
tsc2_loss_plastic,OLFML3,down,-1.169734830626004,6.589558033401154e-06,True
tsc2_loss_plastic,PLPP5,down,-1.1305111163402977,6.589558033401154e-06,True
tsc2_loss_plastic,SHISA3,down,-4.01732527382141,7.470966331715803e-06,True
tsc2_loss_plastic,NDUFA5,down,-0.589660705080016,7.470966331715803e-06,True
tsc2_loss_plastic,ZNF362,down,-0.92339531110177,7.737563002198114e-06,True
tsc2_loss_plastic,GPC3,down,-4.741791433468121,7.903700972982493e-06,True
tsc2_loss_plastic,CDH11,down,-1.0179218414524285,8.123839058070123e-06,True
tsc2_loss_plastic,DNM3OS,down,-1.0970468450980442,8.292664300834576e-06,True
tsc2_loss_plastic,TMEM216,down,-0.9114405787553492,1.028135140168282e-05,True
tsc2_loss_plastic,LIMA1,down,-1.2011149215689685,1.0299658982041531e-05,True
tsc2_loss_plastic,ZNF302,down,-0.8683223796646442,1.1439929303555664e-05,True
tsc2_loss_plastic,CRMP1,down,-1.7544900040923297,1.2008901697094857e-05,True
tsc2_loss_plastic,RSRP1,down,-0.8914226977631707,1.2391548439826128e-05,True
tsc2_loss_plastic,PODNL1,down,-1.7613576084426537,1.2494390902611508e-05,True
tsc2_loss_plastic,LSP1P4,down,-2.7039849837108405,1.3302735905204624e-05,True
tsc2_loss_plastic,IGF2,down,-2.1717244011307,1.3302735905204624e-05,True
tsc2_loss_plastic,COLEC12,down,-1.882903585776014,1.3316727712443028e-05,True
tsc2_loss_plastic,ARID5B,down,-1.138642173445605,1.3316727712443028e-05,True
tsc2_loss_plastic,FHL1,down,-1.645653403102243,1.4665328848255307e-05,True
tsc2_loss_plastic,GOLPH3,down,-0.6612494092788128,1.5363563713658298e-05,True
tsc2_loss_plastic,DEPTOR,down,-2.498568892762231,1.6680163397419035e-05,True
tsc2_loss_plastic,KLHDC2,down,-0.8290693596828542,1.6712937518180346e-05,True
tsc2_loss_plastic,GPM6B,down,-2.001286172104758,1.682240047991345e-05,True
tsc2_loss_plastic,GPAT3,down,-1.810356424088176,1.6993553636172356e-05,True
tsc2_loss_plastic,SHISA2,down,-1.6903620935577617,1.7424814490552854e-05,True
tsc2_loss_plastic,LRIG3,down,-1.3659823936544395,1.794313753290977e-05,True
tsc2_loss_plastic,TMED4,down,-0.5671714908111634,1.8295994612799876e-05,True
tsc2_loss_plastic,RDH10,down,-2.14379302981875,1.91025391007795e-05,True
tsc2_loss_plastic,HBP1,down,-0.9419204563127536,2.0187462432183845e-05,True
tsc2_loss_plastic,MN1,down,-2.4348481995703812,2.1486709175491715e-05,True
tsc2_loss_plastic,FIRRE,down,-1.1017126259479535,2.1486709175491715e-05,True
tsc2_loss_plastic,RASL11B,down,-3.5897596626164328,2.31209923394234e-05,True
tsc2_loss_plastic,SPSB3,down,-0.8846185077033524,2.369607565765414e-05,True
tsc2_loss_plastic,EDNRB,down,-3.102548295565742,2.429620690919613e-05,True
tsc2_loss_plastic,IGFBP5,down,-1.2348507132953443,2.551383703128337e-05,True
tsc2_loss_plastic,MIR503HG,down,-0.868939943322812,2.655507558664729e-05,True
tsc2_loss_plastic,TOX,down,-1.812964297079997,2.7865047137629725e-05,True
tsc2_loss_plastic,TEAD3,down,-1.049804179087936,2.7865047137629725e-05,True
tsc2_loss_plastic,ELN,down,-3.4308681546189117,3.196846881327304e-05,True
tsc2_loss_plastic,COLEC10,down,-2.090281079894179,3.259848647107711e-05,True
tsc2_loss_plastic,SVEP1,down,-1.4482093444824975,3.259848647107711e-05,True
tsc2_loss_plastic,JAZF1,down,-1.0482776513939611,3.332929486557554e-05,True
tsc2_loss_plastic,ZNF346,down,-0.6747279887065423,3.388666350775862e-05,True
tsc2_loss_plastic,NAP1L3,down,-1.060483518894633,3.531048768120918e-05,True
tsc2_loss_plastic,MBIP,down,-0.5370183033586629,3.531048768120918e-05,True
tsc2_loss_plastic,IFNGR2,down,-0.6756017277653537,3.56321472449872e-05,True
tsc2_loss_plastic,ST7,down,-0.8038527533003159,3.6323445163024035e-05,True
tsc2_loss_plastic,PMP22,down,-1.2895819913641469,3.656525532491096e-05,True
tsc2_loss_plastic,SULF1,down,-2.392494575610307,3.7324693300975735e-05,True
tsc2_loss_plastic,ERLEC1,down,-0.5533060121397742,3.7324693300975735e-05,True
tsc2_loss_plastic,TARS3,down,-1.7464922632299738,4.042104785394047e-05,True
tsc2_loss_plastic,MAGEH1,down,-1.2124791389352794,4.063045912378623e-05,True
tsc2_loss_plastic,MAGED1,down,-0.6063709570786209,4.2587407190870815e-05,True
tsc2_loss_plastic,NKX3-2,down,-2.1196993600147453,4.397082669020644e-05,True
tsc2_loss_plastic,UGDH-AS1,down,-1.198397180945542,4.397082669020644e-05,True
tsc2_loss_plastic,FILIP1L,down,-1.211292684174314,4.638192731599946e-05,True
tsc2_loss_plastic,GREM1,down,-1.255135803127586,4.656872781662822e-05,True
tsc2_loss_plastic,NR3C1,down,-1.1007796416012798,4.656872781662822e-05,True
tsc2_loss_plastic,TIGD1,down,-0.8226964734501938,4.656872781662822e-05,True
tsc2_loss_plastic,TCEANC,down,-1.838701979840366,4.70464803023052e-05,True
tsc2_loss_plastic,ABHD17C,down,-0.959215810011945,4.70464803023052e-05,True
tsc2_loss_plastic,METTL25,down,-1.1190823417058349,4.727163161265236e-05,True
tsc2_loss_plastic,DIDO1,down,-0.6780989053575812,4.727163161265236e-05,True
tsc2_loss_plastic,LPAR1,down,-0.7453892378587348,4.7519981117769096e-05,True
tsc2_loss_plastic,ANGPT1,down,-1.9514960359627564,4.769685135081335e-05,True
tsc2_loss_plastic,SULT1E1,down,-2.710668403237441,4.9498063304977985e-05,True
tsc2_loss_plastic,CTF1,down,-1.3886243112767245,5.155047085778631e-05,True
tsc2_loss_plastic,ATXN7L3B,down,-0.612553532363266,5.696124792537483e-05,True
tsc2_loss_plastic,SEPTIN7,down,-0.9316462110838364,6.020736903741303e-05,True
tsc2_loss_plastic,AADAT,down,-0.8535564542381029,6.20700353047791e-05,True
tsc2_loss_plastic,TSPAN31,down,-0.8895570672560944,6.234954041006915e-05,True
tsc2_loss_plastic,GLT8D2,down,-0.9467754370200252,6.277066483130027e-05,True
tsc2_loss_plastic,CARMN,down,-1.281480400134488,6.313290155948453e-05,True
tsc2_loss_plastic,CZIB,down,-0.5457226916614473,6.313290155948453e-05,True
tsc2_loss_plastic,MOAP1,down,-0.7903144592871443,6.354403064700888e-05,True
tsc2_loss_plastic,C1orf198,down,-1.191262329332817,6.402654823932502e-05,True
tsc2_loss_plastic,SRSF6,down,-0.5408823345041638,6.402928007924618e-05,True
tsc2_loss_plastic,RAB9A,down,-0.7978804588246158,6.450369423315623e-05,True
tsc2_loss_plastic,PDLIM7,down,-0.6614936605342541,6.615289592743333e-05,True
tsc2_loss_plastic,SLC40A1,down,-1.1072548474339978,7.301497097764631e-05,True
tsc2_loss_plastic,SERTAD4,down,-2.25261040867931,7.415920361580218e-05,True
tsc2_loss_plastic,TMEM17,down,-1.0918072418363376,7.759150046567629e-05,True
tsc2_loss_plastic,MFAP2,down,-1.402723709599916,7.94796590465607e-05,True
tsc2_loss_plastic,TBX1,down,-1.8527425045769124,8.090053856060185e-05,True
tsc2_loss_plastic,SEMA3A,down,-0.9829126028669406,8.090053856060185e-05,True
tsc2_loss_plastic,EHBP1,down,-1.5901008142981894,8.230115291820965e-05,True
tsc2_loss_plastic,SETBP1,down,-1.1895848855611522,8.374565791265952e-05,True
tsc2_loss_plastic,FNBP1L,down,-0.8344420775349839,8.374565791265952e-05,True
tsc2_loss_plastic,EGFL6,down,-4.08567870567629,8.92478878513111e-05,True
tsc2_loss_plastic,GRK5,down,-1.387269805383068,9.118710140192744e-05,True
tsc2_loss_plastic,FAP,down,-1.2098458929088705,9.118710140192744e-05,True
tsc2_loss_plastic,AC132217.1,down,-1.844078972587622,9.95035645134438e-05,True
tsc2_loss_plastic,LINC01515,down,-1.671964325793953,0.0001005968025402,True
tsc2_loss_plastic,RBBP4,down,-0.5069658753868715,0.0001005968025402,True
tsc2_loss_plastic,MACROH2A2,down,-0.6933480601259694,0.0001047562875065,True
tsc2_loss_plastic,VSTM4,down,-1.2097258541890858,0.0001049716111145,True
tsc2_loss_plastic,FHL3,down,-0.7516121970718581,0.0001051918517115,True
tsc2_loss_plastic,GAS1,down,-2.138381211653737,0.0001114123489528,True
tsc2_loss_plastic,CIRBP,down,-1.0649614799225429,0.0001141539590769,True
tsc2_loss_plastic,GABPB1-AS1,down,-0.8144442380998096,0.000121865172691,True
tsc2_loss_plastic,PLA2G4A,down,-1.5226196788288362,0.0001223336280018,True
tsc2_loss_plastic,PLPP3,down,-2.3462892351956515,0.0001228640434187,True
tsc2_loss_plastic,TM2D3,down,-0.7384238983234965,0.0001234160330604,True
tsc2_loss_plastic,PBX3,down,-2.4017512351611088,0.000124506825592,True
tsc2_loss_plastic,USP11,down,-0.6711179592283454,0.0001280697472545,True
tsc2_loss_plastic,ALDH7A1,down,-0.5627543862766018,0.0001280697472545,True
tsc2_loss_plastic,SYDE2,down,-1.1461764005246466,0.0001318713311624,True
tsc2_loss_plastic,SRSF8,down,-0.5279758978535729,0.0001360732962766,True
tsc2_loss_plastic,ERMARD,down,-0.9978932571204556,0.0001410649754286,True
tsc2_loss_plastic,FLOT1,down,-0.6402097676163989,0.0001459181985971,True
tsc2_loss_plastic,BICC1,down,-0.8782612805782106,0.0001476868785032,True
tsc2_loss_plastic,KCNMB1,down,-0.7365167318062702,0.0001504455775413,True
tsc2_loss_plastic,ASPN,down,-5.822628186059092,0.0001522420005898,True
tsc2_loss_plastic,PDE10A,down,-1.9264938013379245,0.0001537271106103,True
tsc2_loss_plastic,CNTLN,down,-1.273541712249108,0.0001538102076417,True
tsc2_loss_plastic,COQ8A,down,-1.2230168306534095,0.0001538102076417,True
tsc2_loss_plastic,HNRNPA1,down,-0.7434185146218004,0.0001538102076417,True
tsc2_loss_plastic,TNFRSF21,down,-1.101101537589288,0.0001632186565163,True
tsc2_loss_plastic,HAPLN3,down,-1.63290677723219,0.0001656441583872,True
tsc2_loss_hydrogel,ZNF300,up,3.5796625600362875,1.2831848079806356e-08,True
tsc2_loss_hydrogel,NDUFA4L2,up,6.559613077373248,9.140267310244635e-08,True
tsc2_loss_hydrogel,ENO2,up,3.3800931285583697,9.140267310244635e-08,True
tsc2_loss_hydrogel,LAMP3,up,3.3771049220994667,9.140267310244635e-08,True
tsc2_loss_hydrogel,CYSTM1,up,2.4037626751563073,9.140267310244635e-08,True
tsc2_loss_hydrogel,UCHL1,up,2.347022114441793,1.2214875174239017e-07,True
tsc2_loss_hydrogel,P4HA2,up,2.1774795729783776,1.8909716603126685e-07,True
tsc2_loss_hydrogel,AC011586.2,up,1.864333709494309,2.0203136386324874e-07,True
tsc2_loss_hydrogel,PKM,up,1.8067241984231748,2.0203136386324874e-07,True
tsc2_loss_hydrogel,TBC1D2,up,1.7278758439592472,2.0203136386324874e-07,True
tsc2_loss_hydrogel,GDF15,up,3.800620421370708,2.101353981413099e-07,True
tsc2_loss_hydrogel,CABP1,up,1.4118196060892592,2.101353981413099e-07,True
tsc2_loss_hydrogel,VEGFA,up,2.2695793421335204,2.611724567825542e-07,True
tsc2_loss_hydrogel,GBE1,up,2.2883197967264883,2.68945581880269e-07,True
tsc2_loss_hydrogel,CDKN1A,up,1.9297093501466325,3.699157854387524e-07,True
tsc2_loss_hydrogel,GAPLINC,up,1.6438869890084615,3.798162275625293e-07,True
tsc2_loss_hydrogel,MIR210HG,up,2.7454611046511435,3.944464611437251e-07,True
tsc2_loss_hydrogel,HSD17B14,up,2.4459076418416776,4.649828771632921e-07,True
tsc2_loss_hydrogel,SPAG4,up,3.035951220258934,5.842630758618551e-07,True
tsc2_loss_hydrogel,DUSP3,up,1.3088659691171958,6.262373271374049e-07,True
tsc2_loss_hydrogel,ITGB5,up,1.016597398412698,6.940297069854504e-07,True
tsc2_loss_hydrogel,VEGFB,up,2.4604595696024334,7.751078834513843e-07,True
tsc2_loss_hydrogel,EGLN3,up,4.216146080673603,8.12619187543025e-07,True
tsc2_loss_hydrogel,CA9,up,3.645307219996276,8.12619187543025e-07,True
tsc2_loss_hydrogel,FGF11,up,3.4489632462261333,8.12619187543025e-07,True
tsc2_loss_hydrogel,DDIT3,up,1.8928228115443488,8.12619187543025e-07,True
tsc2_loss_hydrogel,MGST3,up,1.078331620340725,8.12619187543025e-07,True
tsc2_loss_hydrogel,REXO2,up,0.9087634585627088,8.12619187543025e-07,True
tsc2_loss_hydrogel,G0S2,up,2.8365958408730148,1.0178825425576348e-06,True
tsc2_loss_hydrogel,ERO1A,up,2.405496907798283,1.0178825425576348e-06,True
tsc2_loss_hydrogel,GPR146,up,1.8689090378867417,1.0178825425576348e-06,True
tsc2_loss_hydrogel,PRELP,up,2.569371220108809,1.0555049816452649e-06,True
tsc2_loss_hydrogel,TIMP3,up,1.8598212104450456,1.0911732212690888e-06,True
tsc2_loss_hydrogel,CKB,up,1.813027402375014,1.0911732212690888e-06,True
tsc2_loss_hydrogel,MOSPD1,up,1.7761767585505912,1.1090558974872435e-06,True
tsc2_loss_hydrogel,SLC38A11,up,1.6149803415921506,1.1090558974872435e-06,True
tsc2_loss_hydrogel,TRIB3,up,3.197688318246121,1.122002966385898e-06,True
tsc2_loss_hydrogel,HSPA9,up,1.4279013760478645,1.230230644332663e-06,True
tsc2_loss_hydrogel,WSB2,up,1.0994888851992028,1.230230644332663e-06,True
tsc2_loss_hydrogel,SLC38A6,up,1.3789843515598097,1.2316939765532004e-06,True
tsc2_loss_hydrogel,SLC2A1,up,2.8134400157819677,1.2642766346823446e-06,True
tsc2_loss_hydrogel,SMIM3,up,2.416718683216607,1.2642766346823446e-06,True
tsc2_loss_hydrogel,ARHGAP24,up,1.922129425232916,1.2642766346823446e-06,True
tsc2_loss_hydrogel,WARS1,up,1.6943275636154382,1.2642766346823446e-06,True
tsc2_loss_hydrogel,RAB29,up,1.4848945493267092,1.2642766346823446e-06,True
tsc2_loss_hydrogel,PFKP,up,1.362727356799009,1.2642766346823446e-06,True
tsc2_loss_hydrogel,LAMB3,up,1.352804454178093,1.2642766346823446e-06,True
tsc2_loss_hydrogel,BLNK,up,2.113590256192614,1.266411527591515e-06,True
tsc2_loss_hydrogel,ARFGEF3,up,1.9752048719571829,1.2812240061140244e-06,True
tsc2_loss_hydrogel,PAMR1,up,1.5882426561231426,1.2816762623747812e-06,True
tsc2_loss_hydrogel,TXN,up,1.0363269544140534,1.3130875559920416e-06,True
tsc2_loss_hydrogel,RTN3,up,0.6991555169188288,1.3553003188449826e-06,True
tsc2_loss_hydrogel,BEX2,up,2.2712717707560657,1.3875442662954846e-06,True
tsc2_loss_hydrogel,COMMD7,up,0.772701929994748,1.397216018641592e-06,True
tsc2_loss_hydrogel,TAF9,up,0.7758314361146743,1.4790230985999529e-06,True
tsc2_loss_hydrogel,GPR1,up,3.453370294411007,1.600531750830647e-06,True
tsc2_loss_hydrogel,CD109,up,1.9313338140114975,1.65924392727542e-06,True
tsc2_loss_hydrogel,GBA,up,1.7925018973397622,1.65924392727542e-06,True
tsc2_loss_hydrogel,BCL2L1,up,1.2339404875555675,1.65924392727542e-06,True
tsc2_loss_hydrogel,VAT1,up,1.8021647643868652,1.7207516364360371e-06,True
tsc2_loss_hydrogel,GAPDH,up,1.5620654061579256,1.7597038904500138e-06,True
tsc2_loss_hydrogel,RAB32,up,1.8035526772697668,1.96726753809911e-06,True
tsc2_loss_hydrogel,KCNS1,up,2.37886424354257,2.003906510497507e-06,True
tsc2_loss_hydrogel,AK4,up,4.09112293246751,2.0391373262210474e-06,True
tsc2_loss_hydrogel,SLC6A8,up,1.876884946357516,2.0795432728104547e-06,True
tsc2_loss_hydrogel,TPI1,up,1.5367474972137058,2.0795432728104547e-06,True
tsc2_loss_hydrogel,BHLHE40,up,3.8967597536390737,2.131944752963934e-06,True
tsc2_loss_hydrogel,RHBDF2,up,2.722617316151471,2.254225230125014e-06,True
tsc2_loss_hydrogel,GALNT18,up,2.3517939206352834,2.254225230125014e-06,True
tsc2_loss_hydrogel,AC096647.1,up,1.3950239833649185,2.254225230125014e-06,True
tsc2_loss_hydrogel,SLC25A4,up,0.8694593144988438,2.3342405154590496e-06,True
tsc2_loss_hydrogel,PLA2G15,up,0.9217882164632694,2.5471529551018194e-06,True
tsc2_loss_hydrogel,LONP1,up,1.6326316951037834,2.7060280856158897e-06,True
tsc2_loss_hydrogel,OMG,up,1.7843230889083483,2.744621322789841e-06,True
tsc2_loss_hydrogel,AVPI1,up,1.5594497267642151,2.7835544027179785e-06,True
tsc2_loss_hydrogel,ENO1,up,1.902828093715388,2.901867027779412e-06,True
tsc2_loss_hydrogel,NXPH4,up,3.103089492597479,2.9204645602778632e-06,True
tsc2_loss_hydrogel,M6PR,up,0.9228400405591276,2.9204645602778632e-06,True
tsc2_loss_hydrogel,LRRN1,up,3.069417415203976,2.958004216413598e-06,True
tsc2_loss_hydrogel,SDCBP,up,1.248415295870272,2.9864889486021323e-06,True
tsc2_loss_hydrogel,PYGL,up,1.1809293578409594,2.9864889486021323e-06,True
tsc2_loss_hydrogel,LOX,up,1.3389552323042002,3.11667945756029e-06,True
tsc2_loss_hydrogel,PGM1,up,1.0777956284063044,3.11667945756029e-06,True
tsc2_loss_hydrogel,PGK1,up,2.0654372992696812,3.1213899410718548e-06,True
tsc2_loss_hydrogel,HEXB,up,1.6843420060505463,3.1213899410718548e-06,True
tsc2_loss_hydrogel,YBX3,up,0.6929562274132444,3.1213899410718548e-06,True
tsc2_loss_hydrogel,CTSL,up,0.8926126954009872,3.1459605495717485e-06,True
tsc2_loss_hydrogel,UPP1,up,2.417685447855563,3.257107938206523e-06,True
tsc2_loss_hydrogel,SCARB1,up,1.952449740810859,3.2707857587782415e-06,True
tsc2_loss_hydrogel,WFDC21P,up,2.8617146265826117,3.35316799449891e-06,True
tsc2_loss_hydrogel,LGALS3,up,2.544074373962628,3.532302336477245e-06,True
tsc2_loss_hydrogel,ATP6V0D1,up,0.5618753433248713,3.5371645962709155e-06,True
tsc2_loss_hydrogel,ASB5,up,2.840449577367526,3.5498722464352936e-06,True
tsc2_loss_hydrogel,ALDOA,up,1.4741698056310837,3.705146950037409e-06,True
tsc2_loss_hydrogel,LOXL2,up,1.6555454539284975,3.925142444465182e-06,True
tsc2_loss_hydrogel,TPBG,up,1.079285911126478,4.116639699102808e-06,True
tsc2_loss_hydrogel,NEU1,up,1.5573389886952285,4.154753266440611e-06,True
tsc2_loss_hydrogel,LRRC15,up,1.717325953139396,4.1691672060076035e-06,True
tsc2_loss_hydrogel,SV2A,up,1.0371884004432832,4.202160869903638e-06,True
tsc2_loss_hydrogel,HM13,up,0.6755770538887331,4.202160869903638e-06,True
tsc2_loss_hydrogel,WIPI1,up,0.6712399447864859,4.202160869903638e-06,True
tsc2_loss_hydrogel,LAMP2,up,0.8346209163785012,4.228881246414793e-06,True
tsc2_loss_hydrogel,CTSD,up,1.6620791220008222,4.285191237800782e-06,True
tsc2_loss_hydrogel,ASAH1,up,1.8865029073980648,4.589354233085893e-06,True
tsc2_loss_hydrogel,CCND2,up,1.958609558955696,4.614111250129027e-06,True
tsc2_loss_hydrogel,IMPA2,up,0.979499316665321,4.828808739186429e-06,True
tsc2_loss_hydrogel,FUCA2,up,0.7122735346624691,4.905706526746497e-06,True
tsc2_loss_hydrogel,CLIP4,up,0.7500251476070665,5.0253974437721005e-06,True
tsc2_loss_hydrogel,NNMT,up,1.2447717544666723,5.061209638044172e-06,True
tsc2_loss_hydrogel,FAM162A,up,1.525838746686229,5.170810809268969e-06,True
tsc2_loss_hydrogel,ARMC9,up,1.387625016892223,5.170810809268969e-06,True
tsc2_loss_hydrogel,SLC6A15,up,1.4302422042741152,5.303921226550929e-06,True
tsc2_loss_hydrogel,SLC17A5,up,1.155918346284953,5.321096281059877e-06,True
tsc2_loss_hydrogel,PPT1,up,0.6893400770197684,5.321096281059877e-06,True
tsc2_loss_hydrogel,MT3,up,1.2264034284214085,5.688439783657253e-06,True
tsc2_loss_hydrogel,PSPH,up,1.1546202336842626,5.688439783657253e-06,True
tsc2_loss_hydrogel,MIF,up,1.6323297455168158,5.702872729644476e-06,True
tsc2_loss_hydrogel,GARS1,up,1.2825696995224645,5.7613762049259935e-06,True
tsc2_loss_hydrogel,SERINC2,up,1.0443964790012903,5.784813976156043e-06,True
tsc2_loss_hydrogel,SPNS1,up,0.732012801833767,5.784813976156043e-06,True
tsc2_loss_hydrogel,CTSH,up,3.249031654883156,5.873355930622645e-06,True
tsc2_loss_hydrogel,ATP6V1C1,up,0.9754493996313568,5.9077644835378545e-06,True
tsc2_loss_hydrogel,GJA3,up,1.8929147561976711,6.221060689361752e-06,True
tsc2_loss_hydrogel,DDIT4,up,3.136593728805559,6.292927206147372e-06,True
tsc2_loss_hydrogel,DLX5,up,2.650459657427369,6.3576547241600424e-06,True
tsc2_loss_hydrogel,PGAM1,up,1.2533807832645794,6.3576547241600424e-06,True
tsc2_loss_hydrogel,PDK1,up,2.5023990056551595,6.40058258515718e-06,True
tsc2_loss_hydrogel,SREBF2,up,1.0426576250066295,6.853912407353951e-06,True
tsc2_loss_hydrogel,C4orf3,up,0.8535771551704716,7.057917602883409e-06,True
tsc2_loss_hydrogel,TOMM34,up,0.8271784608774615,7.140618551809439e-06,True
tsc2_loss_hydrogel,COL11A1,up,3.1463803274934423,7.272749972546312e-06,True
tsc2_loss_hydrogel,LRRC25,up,2.2538751584303287,7.506276387767669e-06,True
tsc2_loss_hydrogel,SCARB2,up,0.9577872784812276,7.57255502531777e-06,True
tsc2_loss_hydrogel,NAPA,up,0.8208980085884772,7.637594356514305e-06,True
tsc2_loss_hydrogel,GAPDHP35,up,1.4895750301377366,7.937854672696546e-06,True
tsc2_loss_hydrogel,STEAP3,up,2.8454583132873124,8.1737381405616e-06,True
tsc2_loss_hydrogel,AC092490.1,up,2.0242531149806453,8.612740388944604e-06,True
tsc2_loss_hydrogel,NPC2,up,1.7689431239427225,8.612740388944604e-06,True
tsc2_loss_hydrogel,POPDC3,up,1.9269103301272696,8.872470100352083e-06,True
tsc2_loss_hydrogel,PCK2,up,1.9142213440374023,8.918810847278486e-06,True
tsc2_loss_hydrogel,PLOD3,up,0.6036808979446429,8.918810847278486e-06,True
tsc2_loss_hydrogel,RPP25,up,1.7289413172310206,9.187542640321038e-06,True
tsc2_loss_hydrogel,CHI3L1,up,5.036917795200198,9.20197200932166e-06,True
tsc2_loss_hydrogel,TMEM106C,up,0.7750521980567608,9.35758207798148e-06,True
tsc2_loss_hydrogel,SYTL2,up,2.9970310673304463,9.549021557525213e-06,True
tsc2_loss_hydrogel,MTCH2,up,0.9266559288431022,9.75437632890305e-06,True
tsc2_loss_hydrogel,APLN,up,2.9188851953948465,9.87297474161754e-06,True
tsc2_loss_hydrogel,MSR1,up,2.046851671614995,9.87297474161754e-06,True
tsc2_loss_hydrogel,SLC2A3,up,2.03942700093566,9.945807345309135e-06,True
tsc2_loss_hydrogel,LGALS8,up,0.5339217338062126,1.0072491625549264e-05,True
tsc2_loss_hydrogel,CAT,down,-4.765720560070224,1.8819158016467142e-14,True
tsc2_loss_hydrogel,RPS2P5,down,-5.185583771338736,3.2336923625694083e-09,True
tsc2_loss_hydrogel,TRAM1L1,down,-4.2007027886599335,7.484983468636658e-09,True
tsc2_loss_hydrogel,MAGEA4,down,-3.277987196351525,7.539845831121705e-08,True
tsc2_loss_hydrogel,TSPAN12,down,-2.29607679492627,9.140267310244635e-08,True
tsc2_loss_hydrogel,TNFRSF19,down,-2.0308696559503256,9.140267310244635e-08,True
tsc2_loss_hydrogel,GPM6B,down,-3.469353855021277,2.0203136386324874e-07,True
tsc2_loss_hydrogel,FKBP7,down,-1.3503654236135605,2.0203136386324874e-07,True
tsc2_loss_hydrogel,ODC1,down,-1.2636240769979157,2.0203136386324874e-07,True
tsc2_loss_hydrogel,NREP,down,-1.580232839271532,2.101353981413099e-07,True
tsc2_loss_hydrogel,ZNF711,down,-1.7848461185615077,2.3216143590326535e-07,True
tsc2_loss_hydrogel,RSRP1,down,-1.3094971552883845,4.705097042970092e-07,True
tsc2_loss_hydrogel,PCDH18,down,-1.663621620530189,5.174769167059985e-07,True
tsc2_loss_hydrogel,SEMA3A,down,-1.823897160212201,5.760793529588944e-07,True
tsc2_loss_hydrogel,LBX1,down,-1.6309298253123217,5.842630758618551e-07,True
tsc2_loss_hydrogel,BZW2,down,-0.7988629836550873,8.067985558433708e-07,True
tsc2_loss_hydrogel,LPAR1,down,-1.220876767166967,8.12619187543025e-07,True
tsc2_loss_hydrogel,SRSF6,down,-0.926343421656215,8.12619187543025e-07,True
tsc2_loss_hydrogel,ARID5B,down,-1.5445069910146674,8.827673061740168e-07,True
tsc2_loss_hydrogel,ZNF362,down,-1.1441249698147034,9.806074754948602e-07,True
tsc2_loss_hydrogel,IGFBP5,down,-1.7811509590148304,1.0178825425576348e-06,True
tsc2_loss_hydrogel,NR3C1,down,-1.7209644963679085,1.0178825425576348e-06,True
tsc2_loss_hydrogel,ZNF254,down,-1.1437203026148053,1.0178825425576348e-06,True
tsc2_loss_hydrogel,WNT11,down,-3.942626074364501,1.0514499291281222e-06,True
tsc2_loss_hydrogel,DIDO1,down,-1.0516661271631476,1.0911732212690888e-06,True
tsc2_loss_hydrogel,MAGED2,down,-0.8331653796817546,1.0911732212690888e-06,True
tsc2_loss_hydrogel,RBM39,down,-0.7266212021352114,1.0911732212690888e-06,True
tsc2_loss_hydrogel,GABPB1-AS1,down,-1.422889992934035,1.107367763419953e-06,True
tsc2_loss_hydrogel,C1orf216,down,-1.237065885106237,1.1779003162149931e-06,True
tsc2_loss_hydrogel,GOLPH3,down,-0.8512993222257772,1.2642766346823446e-06,True
tsc2_loss_hydrogel,MDK,down,-2.0209386707374457,1.266411527591515e-06,True
tsc2_loss_hydrogel,CCDC144NL-AS1,down,-1.3481779131484228,1.2757955994676513e-06,True
tsc2_loss_hydrogel,ADAMTSL1,down,-1.6918444013586027,1.2816762623747812e-06,True
tsc2_loss_hydrogel,KBTBD7,down,-1.0585379992375477,1.2816762623747812e-06,True
tsc2_loss_hydrogel,SCARA5,down,-4.105385907086818,1.315435493729064e-06,True
tsc2_loss_hydrogel,DNM3OS,down,-1.243090029366677,1.65924392727542e-06,True
tsc2_loss_hydrogel,GABRA4,down,-3.359985599014985,1.7597038904500138e-06,True
tsc2_loss_hydrogel,PRRX2,down,-1.8173472821115797,1.7597038904500138e-06,True
tsc2_loss_hydrogel,STK3,down,-0.9278682750080538,1.7597038904500138e-06,True
tsc2_loss_hydrogel,IGF2,down,-2.588162411919963,1.7781829504710134e-06,True
tsc2_loss_hydrogel,HMGN2,down,-1.5566294272086445,1.808541501162499e-06,True
tsc2_loss_hydrogel,TIGD1,down,-1.1406402662462558,2.060360930293914e-06,True
tsc2_loss_hydrogel,LUC7L2,down,-0.518848655554458,2.1107387817244422e-06,True
tsc2_loss_hydrogel,RBMS3,down,-2.1290996209241464,2.254225230125014e-06,True
tsc2_loss_hydrogel,LIMA1,down,-1.3396752835371246,2.254225230125014e-06,True
tsc2_loss_hydrogel,MEOX2,down,-3.966476474134894,2.578224233963677e-06,True
tsc2_loss_hydrogel,CSRP2,down,-0.9915097290645024,3.11667945756029e-06,True
tsc2_loss_hydrogel,IL11RA,down,-1.7835780607776903,3.1213899410718548e-06,True
tsc2_loss_hydrogel,TNFRSF11B,down,-1.6016408789726508,3.3918486713331287e-06,True
tsc2_loss_hydrogel,CIRBP,down,-1.5558723049285113,3.5199570600024423e-06,True
tsc2_loss_hydrogel,LINC01515,down,-2.3971256525374676,3.532302336477245e-06,True
tsc2_loss_hydrogel,TMED4,down,-0.6481729168363688,3.532302336477245e-06,True
tsc2_loss_hydrogel,HNRNPDL,down,-0.6669727848072982,3.918429461104533e-06,True
tsc2_loss_hydrogel,COL26A1,down,-3.944229260091927,4.085665629916779e-06,True
tsc2_loss_hydrogel,COLEC10,down,-2.5036548443650744,4.116639699102808e-06,True
tsc2_loss_hydrogel,SVEP1,down,-1.724549114303456,4.202160869903638e-06,True
tsc2_loss_hydrogel,HNRNPC,down,-0.7954484595174955,4.202160869903638e-06,True
tsc2_loss_hydrogel,MKS1,down,-0.6178816061573893,4.202160869903638e-06,True
tsc2_loss_hydrogel,TAF9B,down,-1.9142531039981856,4.23156692874001e-06,True
tsc2_loss_hydrogel,LUM,down,-1.4847112785729584,4.2961013171125544e-06,True
tsc2_loss_hydrogel,AL662795.2,down,-1.237491041719699,4.69006829290809e-06,True
tsc2_loss_hydrogel,SGIP1,down,-0.9568982772306076,4.69006829290809e-06,True
tsc2_loss_hydrogel,FBLN5,down,-1.165062178413529,5.0253974437721005e-06,True
tsc2_loss_hydrogel,MBIP,down,-0.6320755873520887,5.119554781180874e-06,True
tsc2_loss_hydrogel,HBP1,down,-1.016267053180438,5.873355930622645e-06,True
tsc2_loss_hydrogel,EDNRA,down,-1.0110906992263535,5.873355930622645e-06,True
tsc2_loss_hydrogel,AC003986.2,down,-1.9030711395417033,6.001916428744211e-06,True
tsc2_loss_hydrogel,VAMP2,down,-1.135375580526023,6.292927206147372e-06,True
tsc2_loss_hydrogel,CNTN4,down,-4.010796638499555,6.3576547241600424e-06,True
tsc2_loss_hydrogel,PNISR,down,-1.0698401193099292,6.3576547241600424e-06,True
tsc2_loss_hydrogel,ZNF22,down,-0.9614653786089892,6.3576547241600424e-06,True
tsc2_loss_hydrogel,ZNF608,down,-1.768051569703051,6.40058258515718e-06,True
tsc2_loss_hydrogel,CCBE1,down,-2.7715872726552133,6.828930384950115e-06,True
tsc2_loss_hydrogel,PDE10A,down,-2.6664444413343587,6.933675569590107e-06,True
tsc2_loss_hydrogel,RBM26,down,-0.668425100773109,7.016110411137358e-06,True
tsc2_loss_hydrogel,NKX3-2,down,-2.463510928482051,7.147503542542549e-06,True
tsc2_loss_hydrogel,CZIB,down,-0.6671326084435849,7.252941390451244e-06,True
tsc2_loss_hydrogel,ABI3,down,-1.469787762844298,7.272749972546312e-06,True
tsc2_loss_hydrogel,PTBP2,down,-1.2517063820009913,7.272749972546312e-06,True
tsc2_loss_hydrogel,ANKRA2,down,-1.038232699174992,7.348180439388954e-06,True
tsc2_loss_hydrogel,LRIG3,down,-1.406165748863255,7.462541269532892e-06,True
tsc2_loss_hydrogel,DACT1,down,-2.2835783266001415,7.506276387767669e-06,True
tsc2_loss_hydrogel,CRMP1,down,-1.6861698798892564,7.87016292483726e-06,True
tsc2_loss_hydrogel,KHDRBS1,down,-0.6254237654675743,8.1737381405616e-06,True
tsc2_loss_hydrogel,KIF26A,down,-0.9686036121057168,8.309531895767346e-06,True
tsc2_loss_hydrogel,LUC7L3,down,-1.3289936739902233,8.48320494688613e-06,True
tsc2_loss_hydrogel,GPC3,down,-4.250510100440181,8.796406828812136e-06,True
tsc2_loss_hydrogel,CCNL2,down,-0.9216695718619294,8.830813428671307e-06,True
tsc2_loss_hydrogel,DCAF7,down,-0.6640672101207463,8.988422007724863e-06,True
tsc2_loss_hydrogel,SHISA3,down,-3.5510715367565204,9.088725619335134e-06,True
tsc2_loss_hydrogel,RBM4B,down,-0.6723470370703559,9.156002366344696e-06,True
tsc2_loss_hydrogel,FILIP1L,down,-1.366849960253964,9.20197200932166e-06,True
tsc2_loss_hydrogel,ERLEC1,down,-0.6034614092291699,9.614519911473594e-06,True
tsc2_loss_hydrogel,MATR3,down,-0.7195873282672567,9.627054931835455e-06,True
tsc2_loss_hydrogel,TMEM216,down,-0.8348638138406206,9.75437632890305e-06,True
tsc2_loss_hydrogel,S1PR3,down,-1.9924074700808023,9.952929947085936e-06,True
tsc2_loss_hydrogel,TNFRSF21,down,-1.4587827481127302,1.0072491625549264e-05,True
tsc2_loss_hydrogel,SEPTIN7,down,-1.0766721688951435,1.0139295798151324e-05,True
tsc2_loss_hydrogel,H3-3B,down,-0.926489276332224,1.0828087453594964e-05,True
tsc2_loss_hydrogel,IFNGR2,down,-0.7180937993783338,1.1022192592729322e-05,True
tsc2_loss_hydrogel,SELENOM,down,-0.6443210125478034,1.1022192592729322e-05,True
tsc2_loss_hydrogel,HMGN1,down,-0.7275412002221753,1.1531791802664944e-05,True
tsc2_loss_hydrogel,TSPAN31,down,-1.0051283856907438,1.297844315553363e-05,True
tsc2_loss_hydrogel,AADAT,down,-0.9621374841634704,1.3030149854685524e-05,True
tsc2_loss_hydrogel,CCDC80,down,-1.4158857601722747,1.3387779032097548e-05,True
tsc2_loss_hydrogel,PDGFRA,down,-2.143266438343637,1.3877480257026302e-05,True
tsc2_loss_hydrogel,STAG3L3,down,-1.2103792678089516,1.4610656965268544e-05,True
tsc2_loss_hydrogel,AKAP9,down,-0.8437690477772768,1.5158061471935352e-05,True
tsc2_loss_hydrogel,EFEMP1,down,-0.8303196781903894,1.533061543771518e-05,True
tsc2_loss_hydrogel,PLA2G4A,down,-1.8405552014294733,1.571157704059489e-05,True
tsc2_loss_hydrogel,SPRY1,down,-2.285195716347804,1.578066010963948e-05,True
tsc2_loss_hydrogel,WWTR1,down,-1.1049511136521564,1.578066010963948e-05,True
tsc2_loss_hydrogel,NAP1L3,down,-1.0751930306928943,1.578066010963948e-05,True
tsc2_loss_hydrogel,MIR503HG,down,-0.8502707307551096,1.578066010963948e-05,True
tsc2_loss_hydrogel,LHX8,down,-1.7177166120490202,1.591698049043066e-05,True
tsc2_loss_hydrogel,TEAD3,down,-1.030626132740823,1.6051247201115076e-05,True
tsc2_loss_hydrogel,GNAI1,down,-0.6408155140202059,1.6092457819523084e-05,True
tsc2_loss_hydrogel,RING1,down,-0.9243470733200558,1.634135475921545e-05,True
tsc2_loss_hydrogel,CEP44,down,-1.2141640416799242,1.6631273650022297e-05,True
tsc2_loss_hydrogel,EDNRB,down,-2.9772781184415793,1.6792497604243168e-05,True
tsc2_loss_hydrogel,PLPP5,down,-0.9069601288600572,1.6792497604243168e-05,True
tsc2_loss_hydrogel,TOX,down,-1.7531565806844869,1.817241376596088e-05,True
tsc2_loss_hydrogel,CCDC28B,down,-1.0578212999997152,1.8653217903219237e-05,True
tsc2_loss_hydrogel,MEDAG,down,-1.852017650618901,1.8886153156554034e-05,True
tsc2_loss_hydrogel,EXT1,down,-0.9089445291419748,1.906165043450885e-05,True
tsc2_loss_hydrogel,CD27-AS1,down,-1.4677941571699842,2.0220388508245492e-05,True
tsc2_loss_hydrogel,TIA1,down,-0.7450663327002913,2.066031500739362e-05,True
tsc2_loss_hydrogel,ATXN7L3B,down,-0.642498461317373,2.0682529751630305e-05,True
tsc2_loss_hydrogel,AEBP2,down,-1.2520014713026997,2.1072422460494607e-05,True
tsc2_loss_hydrogel,CNTLN,down,-1.5279890161993652,2.1094334141844543e-05,True
tsc2_loss_hydrogel,PHIP,down,-1.0925448123432364,2.1124150245720684e-05,True
tsc2_loss_hydrogel,LSP1P4,down,-2.3202446065113485,2.1432846957154323e-05,True
tsc2_loss_hydrogel,LIMD2,down,-0.985630615793367,2.1432846957154323e-05,True
tsc2_loss_hydrogel,TPRA1,down,-0.5651825829363633,2.1558511320625132e-05,True
tsc2_loss_hydrogel,TRMT13,down,-0.9682242030399144,2.1889744899323105e-05,True
tsc2_loss_hydrogel,TRIM27,down,-0.5182344112463126,2.1889744899323105e-05,True
tsc2_loss_hydrogel,THUMPD3,down,-0.8467170045457335,2.2026553630612826e-05,True
tsc2_loss_hydrogel,PPP1R1B,down,-0.8099665066044446,2.220683640263702e-05,True
tsc2_loss_hydrogel,PRKAR2B,down,-1.932747440487634,2.228432626400352e-05,True
tsc2_loss_hydrogel,MACROH2A2,down,-0.7815018645369176,2.26895370451902e-05,True
tsc2_loss_hydrogel,C1QTNF6,down,-1.6897723042835022,2.2785979069039807e-05,True
tsc2_loss_hydrogel,ZFP37,down,-1.420525036796375,2.2924993192550768e-05,True
tsc2_loss_hydrogel,FOXP1,down,-1.0513314458198408,2.2998421987390376e-05,True
tsc2_loss_hydrogel,ACAA2,down,-0.701472318118936,2.316914555491818e-05,True
tsc2_loss_hydrogel,ZNF302,down,-0.7191928278741058,2.3576930763738427e-05,True
tsc2_loss_hydrogel,CLCF1,down,-1.6110311129136246,2.4137707428885423e-05,True
tsc2_loss_hydrogel,AC055839.2,down,-0.8525624677949115,2.4184927753177048e-05,True
tsc2_loss_hydrogel,DPT,down,-2.7706192029107504,2.4645514283667775e-05,True
tsc2_loss_hydrogel,MCEE,down,-0.948368586152648,2.4887988404111152e-05,True
tsc2_loss_hydrogel,AC044849.1,down,-0.7234309468231406,2.4962874159226463e-05,True
residual_plastic,ZNF300,up,3.0168309932913315,7.772391818502026e-08,True
residual_plastic,HOXA5,up,2.4817807776580345,2.8186631859322546e-06,True
residual_plastic,LAMB3,up,1.4040659329118927,6.885264441840094e-06,True
residual_plastic,AC096647.1,up,1.455678673249737,1.5593614020845997e-05,True
residual_plastic,GDF10,up,3.675629811242936,2.227527744277938e-05,True
residual_plastic,GALNT18,up,2.1960136846876575,3.983173059699584e-05,True
residual_plastic,HOXA11,up,3.2168841381055833,5.0848569624474933e-05,True
residual_plastic,BMP4,up,1.7183799192358662,5.53112250971882e-05,True
residual_plastic,PITX1,up,1.8672145700546416,5.7774234036538805e-05,True
residual_plastic,TMEM200A,up,0.811765268617938,8.140401933789117e-05,True
residual_plastic,HOXD10,up,1.9382878147099911,8.586253029186649e-05,True
residual_plastic,DLX5,up,2.528892126923402,8.836901968879413e-05,True
residual_plastic,TMEM176A,up,2.009780653073699,0.0001083272098582,True
residual_plastic,NKX2-3,up,2.2204874075982333,0.0001317082711658,True
residual_plastic,HOXC8,up,2.0698467544184833,0.0001317082711658,True
residual_plastic,CDK15,up,1.671285859307069,0.0001495251290099,True
residual_plastic,HOXD9,up,1.2772512779663652,0.0001800582545078,True
residual_plastic,TBC1D2,up,0.8983191208373287,0.0001828162426717,True
residual_plastic,HSD17B2,up,2.0533433044073455,0.0001911759105186,True
residual_plastic,HOXD11,up,1.8791697914740788,0.000233098398149,True
residual_plastic,KRTAP1-5,up,1.5747991589028156,0.000233098398149,True
residual_plastic,EBI3,up,1.3908315938582976,0.0002369432922534,True
residual_plastic,HOXC6,up,1.3908311529306103,0.0003070005014236,True
residual_plastic,PCDHB2,up,1.7139704918320344,0.0003188235994291,True
residual_plastic,COL11A1,up,2.5116193137501095,0.0003905333782548,True
residual_plastic,NPL,up,1.079768365584811,0.0003905333782548,True
residual_plastic,HOXA13,up,2.159781396705376,0.0004707899157701,True
residual_plastic,LAMC2,up,1.660916629110816,0.000483696437565,True
residual_plastic,ZIC5,up,1.6453721540439474,0.0005427576468741,True
residual_plastic,ACKR3,up,1.887091109868189,0.0007077873251156,True
residual_plastic,TRIM61,up,1.4488033439822634,0.0007077873251156,True
residual_plastic,PHLDB2,up,1.119185846009232,0.0007077873251156,True
residual_plastic,WNT5B,up,1.0987623752101552,0.0007077873251156,True
residual_plastic,ABCG2,up,0.9250166428149532,0.0007077873251156,True
residual_plastic,HOXC9,up,1.3667413281733742,0.000711307703721,True
residual_plastic,LINC02381,up,1.8244707541417116,0.0007610877908424,True
residual_plastic,HSPB6,up,2.2723559177509616,0.0008758728228925,True
residual_plastic,NEDD4L,up,0.6189511675227779,0.0010813396936298,True
residual_plastic,HOXA9,up,2.552343112178682,0.0011019255562055,True
residual_plastic,ZIC3,up,1.721382539128456,0.0011394289916237,True
residual_plastic,PLAU,up,0.8138348215806808,0.001274344604204,True
residual_plastic,TNFRSF6B,up,1.2604067886785968,0.0013256528817001,True
residual_plastic,HOXA-AS2,up,1.062474794849983,0.0013445704728368,True
residual_plastic,NDUFA4L2,up,2.240536336634942,0.0013449436192074,True
residual_plastic,DNER,up,1.9263350186659236,0.0013449436192074,True
residual_plastic,LRRN1,up,1.821685481459082,0.0013449436192074,True
residual_plastic,BAMBI,up,0.8225083156694439,0.0014277500505704,True
residual_plastic,DYNLRB1,up,0.5537456960284772,0.0015017000862274,True
residual_plastic,MAMDC2,up,1.5336893091358428,0.0019032821043158,True
residual_plastic,GSS,up,0.5961760445359832,0.0019032821043158,True
residual_plastic,STMN2,up,1.1666815080801038,0.0019465091810175,True
residual_plastic,DCBLD2,up,0.97215836244419,0.0021809591078018,True
residual_plastic,AHCY,up,0.5882267291859815,0.0026108414086271,True
residual_plastic,SP9,up,1.3502012040985596,0.0028573936397497,True
residual_plastic,SEMA7A,up,1.637837301243658,0.0028604652591362,True
residual_plastic,HOXA7,up,1.7366646588303851,0.0029373173877345,True
residual_plastic,UCHL1,up,0.7679107761393826,0.0033050532918831,True
residual_plastic,CACNG7,up,0.5931312958255136,0.0034462041484617,True
residual_plastic,SOX9,up,0.9477298290374576,0.0035323528643033,True
residual_plastic,HSD17B6,up,1.1725771738636095,0.0035620141986795,True
residual_plastic,ASB5,up,1.523346980986354,0.003587862371808,True
residual_plastic,HOXA10,up,2.772712846702075,0.0037758248178736,True
residual_plastic,SLC4A4,up,1.717060477438916,0.0037758248178736,True
residual_plastic,CYP1A1,up,0.8988436831349311,0.003839016874498,True
residual_plastic,ST3GAL5,up,1.4730744059245393,0.0043737576621935,True
residual_plastic,COL13A1,up,1.0903924047658415,0.0043953798439374,True
residual_plastic,ENO2,up,1.0070677199671114,0.0043953798439374,True
residual_plastic,INSYN2B,up,1.3499403217846428,0.0045665735309119,True
residual_plastic,KRT34,up,1.053152341789703,0.0048265422901483,True
residual_plastic,AK4,up,1.9317003233532075,0.0049379435636011,True
residual_plastic,AMPD3,up,1.1891540706453092,0.0049379435636011,True
residual_plastic,MMD,up,0.8445680332325969,0.0051305505690442,True
residual_plastic,SERPINB7,up,1.85117897597839,0.005173217772749,True
residual_plastic,TMEM176B,up,2.3143645887507196,0.0052307846541494,True
residual_plastic,ARRDC4,up,1.154953755189461,0.0052861144947824,True
residual_plastic,CDC42EP3,up,0.8715383422172418,0.0061292173889696,True
residual_plastic,IER3,up,0.8781316805139463,0.0065463689574569,True
residual_plastic,DES,up,1.4597673585447175,0.0066863445723433,True
residual_plastic,P4HA2,up,0.6698554851459217,0.0068920044583293,True
residual_plastic,CDKN1A,up,0.6658729450433283,0.0069653282157134,True
residual_plastic,PLOD2,up,1.206663168671308,0.0073628155996957,True
residual_plastic,FOXA2,up,0.6174939970581022,0.0073628155996957,True
residual_plastic,AC087379.1,up,0.8520475940067473,0.0075377720587778,True
residual_plastic,HSPA12A,up,1.0569787710967502,0.0075775382404617,True
residual_plastic,STIM2,up,0.6200570193360884,0.0076759149776409,True
residual_plastic,DCLK1,up,1.7165710486948471,0.0084314616438264,True
residual_plastic,MT2A,up,1.1806180536683537,0.0084314616438264,True
residual_plastic,ARL4A,up,0.6949752185301494,0.0084314616438264,True
residual_plastic,AL513318.1,up,1.1134101163674113,0.0087302689354683,True
residual_plastic,AVPI1,up,0.7057852041494166,0.0087302689354683,True
residual_plastic,NR2F2,up,0.6446940250685191,0.0087857418596371,True
residual_plastic,NEXN-AS1,up,0.7918237617465553,0.008848660269922,True
residual_plastic,GALNT5,up,0.916660428341518,0.0090562652778146,True
residual_plastic,FAM50B,up,1.4691828084896257,0.0094108350388758,True
residual_plastic,SORBS2,up,1.2055410677364458,0.0094108350388758,True
residual_plastic,ZNF503-AS2,up,0.8688412446411393,0.0094108350388758,True
residual_plastic,MED12L,up,1.5237143394338788,0.0094686588188977,True
residual_plastic,SPINT2,up,1.3243326581466135,0.0094770439396115,True
residual_plastic,NKX6-1,up,1.32353128409532,0.0094770439396115,True
residual_plastic,LRRC15,up,0.8054642525920461,0.0097403305914743,True
residual_plastic,PCDHGA10,up,1.464062136732457,0.0099642202509259,True
residual_plastic,BMP2,up,1.0571805937572256,0.0099642202509259,True
residual_plastic,MLPH,up,1.6172857992415903,0.0103917715425724,True
residual_plastic,PFKP,up,0.5333139846146326,0.0105567334759365,True
residual_plastic,CNTN3,up,2.2971455324325563,0.0106400993507605,True
residual_plastic,RPL22L1,up,0.6697145191265672,0.0106824274837059,True
residual_plastic,GPRC5A,up,1.6600082992344545,0.0109090982156711,True
residual_plastic,DRD1,up,0.7504427450434717,0.0109385448661508,True
residual_plastic,LINC00623,up,1.0661564668958972,0.0109616369953331,True
residual_plastic,LDLRAD4,up,2.5195668963255367,0.0111178476246134,True
residual_plastic,GJA3,up,0.9175489627554974,0.0111178476246134,True
residual_plastic,SEMA6A,up,1.0228325641701523,0.0111433554819395,True
residual_plastic,AC093535.2,up,0.5334203158566564,0.0111433554819395,True
residual_plastic,HOXA11-AS,up,1.792652485920162,0.0112132152708834,True
residual_plastic,XG,up,1.9694503084515216,0.011333790127198,True
residual_plastic,ZNF488,up,1.0373995545837122,0.0115650138858166,True
residual_plastic,ADAMTSL1,up,0.659189450114364,0.0116440012564393,True
residual_plastic,MT1L,up,0.9728452898923,0.0122849878017973,True
residual_plastic,LCT-AS1,up,0.5020273199128665,0.0123316781681626,True
residual_plastic,HOTAIRM1,up,1.0094708441833429,0.0124066632671936,True
residual_plastic,ITPR3,up,1.021560055668952,0.0128070312345059,True
residual_plastic,ARFGEF3,up,0.7512517750578107,0.0134159617796235,True
residual_plastic,LACTB,up,0.8467006152072512,0.0145366723963156,True
residual_plastic,ALKAL2,up,1.3837261577737765,0.0157238499344874,True
residual_plastic,NNMT,up,0.557577759218479,0.0157516004279824,True
residual_plastic,TMEM159,up,0.6842449073847983,0.0162594339788117,True
residual_plastic,TIMP3,up,0.6566575111350099,0.016986107844308,True
residual_plastic,CD83,up,0.6730111694078715,0.0172522022276154,True
residual_plastic,RPS27L,up,0.5793467045293768,0.0172772897585103,True
residual_plastic,BACE2,up,1.2572028291473751,0.0176666201247697,True
residual_plastic,ZIC2,up,1.0881023087707036,0.0177008560590057,True
residual_plastic,ELMOD1,up,1.014908226995474,0.0178482937892696,True
residual_plastic,PLPP4,up,0.8400807196835166,0.0187261517301002,True
residual_plastic,NCKAP5-AS2,up,0.8456195672360607,0.019386040939096,True
residual_plastic,PDLIM1,up,0.6395942287594552,0.0195566619126337,True
residual_plastic,DUSP23,up,0.6438873709211415,0.0197933112776414,True
residual_plastic,DGAT2,up,1.137043903499236,0.0201397111137805,True
residual_plastic,DDB2,up,0.6259223029382721,0.0201397111137805,True
residual_plastic,MYLK,up,1.4373997210937683,0.0201924204843683,True
residual_plastic,SEMA3C,up,0.8020130788681485,0.0205378621426765,True
residual_plastic,IRAK2,up,0.6995785632105813,0.0205734914648985,True
residual_plastic,EIF5A2,up,0.6136642182745522,0.0206861851849625,True
residual_plastic,HOXA4,up,1.3361237352830957,0.0209804240655207,True
residual_plastic,CA12,up,1.2832416695567312,0.0209804240655207,True
residual_plastic,CCND2,up,0.8248142202860378,0.0209804240655207,True
residual_plastic,GBE1,up,0.6365573418394961,0.0213198697469029,True
residual_plastic,LRATD1,up,1.2726479489810028,0.0215389862671227,True
residual_plastic,NLGN4X,up,1.7677600075976287,0.0217825253125209,True
residual_plastic,TGM2,up,0.9283381105373278,0.0220946782820557,True
residual_plastic,ZNF600,up,0.7561686165646679,0.0221402870278421,True
residual_plastic,CAT,down,-3.873666583953512,2.2561100268335955e-13,True
residual_plastic,RPS2P5,down,-5.67266917100607,1.1100621033572e-09,True
residual_plastic,MAGEA4,down,-3.4071232497498505,7.772391818502026e-08,True
residual_plastic,TRAM1L1,down,-3.362127417731399,7.772391818502026e-08,True
residual_plastic,EDNRA,down,-1.5095861501585883,1.8197000674146392e-06,True
residual_plastic,LUM,down,-1.9273211181098608,4.396931562478415e-06,True
residual_plastic,MIR503HG,down,-1.1001720739669998,2.227527744277938e-05,True
residual_plastic,FBLN5,down,-1.2610571799701962,2.6762040980264692e-05,True
residual_plastic,LBX1,down,-1.162299791064199,5.53112250971882e-05,True
residual_plastic,FGF13,down,-1.9653801232622437,6.089853721450925e-05,True
residual_plastic,WNT11,down,-2.9874437011280324,6.850187270778515e-05,True
residual_plastic,CCDC144NL-AS1,down,-1.062436598015793,7.302426125219704e-05,True
residual_plastic,LHX8,down,-1.8383246124190713,8.979901263292715e-05,True
residual_plastic,TNFRSF19,down,-1.026733907468142,0.0001003482707005,True
residual_plastic,RAB9A,down,-0.9209055412273432,0.0001083272098582,True
residual_plastic,PCDH18,down,-1.04095465839072,0.0001166518232701,True
residual_plastic,LSP1P4,down,-2.4284536802411565,0.0001317082711658,True
residual_plastic,DNM3OS,down,-0.9312779404458014,0.0001317082711658,True
residual_plastic,GPC3,down,-3.941153679378318,0.0001350179759173,True
residual_plastic,RDH10,down,-1.9201506866070188,0.0002088955289691,True
residual_plastic,VWA5A,down,-0.874882913565687,0.0003188235994291,True
residual_plastic,CSRP2,down,-0.6952707513256233,0.0004368471336664,True
residual_plastic,FIRRE,down,-0.8918447855687062,0.0005427576468741,True
residual_plastic,RGS1,down,-2.149386076036647,0.0007590742795814,True
residual_plastic,CRMP1,down,-1.242909362849383,0.0007637751960945,True
residual_plastic,TBX1,down,-1.6703094331599602,0.0009006324666658,True
residual_plastic,TCEAL4,down,-0.8498406633636635,0.0009699324790002,True
residual_plastic,SARDH,down,-1.2206462551830068,0.0010927514934756,True
residual_plastic,SULT1E1,down,-2.228082764486786,0.0011019255562055,True
residual_plastic,DEPTOR,down,-1.7672884754204636,0.0011374992232129,True
residual_plastic,THUMPD3,down,-0.6742648566494314,0.0011634563981741,True
residual_plastic,SLC40A1,down,-0.943683510654512,0.001247598875563,True
residual_plastic,JAZF1,down,-0.7927813588197794,0.001274344604204,True
residual_plastic,TOX,down,-1.3293961354472057,0.0013449436192074,True
residual_plastic,GREM1,down,-0.9851164044963134,0.0013449436192074,True
residual_plastic,LIPA,down,-0.7741507004283594,0.0013449436192074,True
residual_plastic,AC010184.1,down,-0.9295628060605567,0.0014236256271713,True
residual_plastic,LINC01182,down,-1.3029723688629675,0.0015017000862274,True
residual_plastic,FAP,down,-1.0257356933201511,0.0015017000862274,True
residual_plastic,AFF3,down,-1.014712240308164,0.0015017000862274,True
residual_plastic,CCDC80,down,-1.0044011070208183,0.0015498898220879,True
residual_plastic,SPATS2L,down,-0.6508791539777037,0.0015498898220879,True
residual_plastic,AC233266.2,down,-0.8522888434473441,0.0015619630219857,True
residual_plastic,EDNRB,down,-2.155187492150481,0.0017250475418981,True
residual_plastic,AC107956.1,down,-0.9167357126391644,0.001752102637199,True
residual_plastic,AC099786.2,down,-1.6935408877409734,0.0017771004218756,True
residual_plastic,PXK,down,-0.6454951884383018,0.0017855604112475,True
residual_plastic,DCN,down,-1.8031873437718628,0.0019032821043158,True
residual_plastic,NREP,down,-0.5900220239593459,0.0024929060004673,True
residual_plastic,SEPTIN4,down,-0.9157707002928078,0.0027876953671151,True
residual_plastic,SGIP1,down,-0.5426344725633285,0.0031512091469219,True
residual_plastic,BARX1,down,-1.179116467089823,0.0032490399806896,True
residual_plastic,LRIG3,down,-0.8246791309716857,0.003839016874498,True
residual_plastic,TMEM119,down,-0.7393277447372957,0.0038423540792932,True
residual_plastic,RPS2P17,down,-0.6109602302112098,0.0039456236959415,True
residual_plastic,PF4V1,down,-0.5293773562020683,0.0042000914515619,True
residual_plastic,ASPN,down,-4.586727612354803,0.0043285235047732,True
residual_plastic,PLPP1,down,-1.192384068384439,0.0043285235047732,True
residual_plastic,GATA2,down,-1.0430040961074691,0.0043285235047732,True
residual_plastic,MEOX2,down,-1.962954974743149,0.0043953798439374,True
residual_plastic,TARS3,down,-1.1377261578332254,0.0043953798439374,True
residual_plastic,PCDHB16,down,-1.0088685702739135,0.0043953798439374,True
residual_plastic,EGFL6,down,-2.9803824180826437,0.0044165406171326,True
residual_plastic,CNTLN,down,-0.9841329970821976,0.0049379435636011,True
residual_plastic,RSPO2,down,-1.835349601287903,0.0052451746177707,True
residual_plastic,EFNA1,down,-0.9754339676222528,0.0061292173889696,True
residual_plastic,CARMN,down,-0.8515356350793519,0.0063009046450693,True
residual_plastic,AC139795.1,down,-0.8663445701712029,0.0065150382439005,True
residual_plastic,PODN,down,-1.0233080570676734,0.0071363010490839,True
residual_plastic,NR3C1,down,-0.6831449849561388,0.007481100719223,True
residual_plastic,MDK,down,-0.842091714332601,0.0075979000405238,True
residual_plastic,FOXF2,down,-0.746316525977647,0.0076321074652414,True
residual_plastic,OLFML3,down,-0.5515867922797466,0.0077743652448713,True
residual_plastic,ITGA11,down,-1.0958574651320956,0.0080760397157038,True
residual_plastic,EPB41L4B,down,-1.2341870835421178,0.0081855052122314,True
residual_plastic,TMEM88,down,-0.6519677735822661,0.0084314616438264,True
residual_plastic,SETBP1,down,-0.7851751449755189,0.0084574934371338,True
residual_plastic,SNCA,down,-0.7229064436368255,0.0089146512509433,True
residual_plastic,PRRX2,down,-0.7710902069481107,0.0090562652778146,True
residual_plastic,SHISA2,down,-0.8867390251876546,0.0094108350388758,True
residual_plastic,GPAT3,down,-0.9343349641585874,0.0101803104432044,True
residual_plastic,PCDHB10,down,-0.7753338322069088,0.0103917715425724,True
residual_plastic,RCAN2,down,-1.0749189755818769,0.0109616369953331,True
residual_plastic,AC018647.1,down,-1.7670856239358073,0.0120015544821454,True
residual_plastic,MN1,down,-1.2472574660717517,0.0126629669117864,True
residual_plastic,TEAD3,down,-0.5552304009367952,0.0126629669117864,True
residual_plastic,EPB41L3,down,-1.2494369900345563,0.0129810454100503,True
residual_plastic,ANGPT1,down,-1.097301072046108,0.0141088450247686,True
residual_plastic,LINC01515,down,-1.038036586591896,0.0141453738029965,True
residual_plastic,PCDHGB5,down,-1.2161939090966678,0.0157238499344874,True
residual_plastic,SEPTIN7,down,-0.5308200369014413,0.0157238499344874,True
residual_plastic,COL9A3,down,-1.229575358956171,0.0161346758801289,True
residual_plastic,GPM6B,down,-0.9513436400395634,0.0172452280213775,True
residual_plastic,GALT,down,-0.5238836495101071,0.0172522022276154,True
residual_plastic,SPRY1,down,-1.1677677186800617,0.0176499306917808,True
residual_plastic,SLC44A1,down,-0.5200621695903704,0.0177008560590057,True
residual_plastic,PCDHB7,down,-1.3122356196283302,0.0178482937892696,True
residual_plastic,GRK5,down,-0.8087001834078973,0.0197933112776414,True
residual_plastic,LINC00578,down,-0.7700128761606696,0.0201924204843683,True
residual_plastic,GABRA4,down,-1.254692465304808,0.0202158807992492,True
residual_plastic,CRHBP,down,-1.345222669592311,0.0203087396530075,True
residual_plastic,ARNT2,down,-0.8667045210323692,0.0206861851849625,True
residual_plastic,LINC00921,down,-0.5551201759959787,0.0206861851849625,True
residual_plastic,CDH18,down,-1.2861157747838563,0.0209804240655207,True
residual_plastic,CD99L2,down,-0.7091069889797037,0.0209804240655207,True
residual_plastic,LGMNP1,down,-0.5451037968967785,0.0209804240655207,True
residual_plastic,COL4A6,down,-1.4492057133662894,0.0220946782820557,True
residual_plastic,MBP,down,-1.3263053918733294,0.0220946782820557,True
residual_plastic,NKX3-2,down,-1.0872000465482865,0.0221845007104854,True
residual_plastic,ROBO2,down,-1.6893845018558131,0.0232920084081109,True
residual_plastic,HAND2,down,-1.4731055024885085,0.0233999448996302,True
residual_plastic,CRLF1,down,-1.885226405954545,0.0236144424004217,True
residual_plastic,POTEF,down,-2.1745514596054063,0.0251836880214949,True
residual_plastic,CXCL12,down,-1.1448188502241072,0.0251836880214949,True
residual_plastic,PTHLH,down,-1.4708245763418435,0.0257209452204664,True
residual_plastic,PEAR1,down,-0.6272056727186119,0.0257209452204664,True
residual_plastic,AC051619.4,down,-0.5618943709823481,0.0257209452204664,True
residual_plastic,PTGS2,down,-1.295102630964124,0.0279698337013312,True
residual_plastic,FBN2,down,-0.946327441973026,0.0298454394313617,True
residual_plastic,EFR3B,down,-1.0729939612142594,0.0302701437544773,True
residual_plastic,RNF150,down,-0.5584234342235712,0.0310134727112242,True
residual_plastic,FZD9,down,-0.7434249423504129,0.0317271477358207,True
residual_plastic,SCMH1,down,-0.5981816947596208,0.0320055930830746,True
residual_plastic,COLEC10,down,-0.9584528145482892,0.0323331089730349,True
residual_plastic,FHL1,down,-0.6834881182762413,0.0323331089730349,True
residual_plastic,FSTL5,down,-1.920926055054099,0.0326193145652922,True
residual_plastic,MIR155HG,down,-0.6433030001044561,0.0347547949657449,True
residual_plastic,MAB21L2,down,-0.5809117869578251,0.0348785382875341,True
residual_plastic,HEPH,down,-0.5923465021634087,0.0350465352694615,True
residual_plastic,STAG3L3,down,-0.5393781773232265,0.0352320707116194,True
residual_plastic,JMJD7,down,-0.7084475663126545,0.0354309448562331,True
residual_plastic,TAMALIN,down,-1.2247446979201482,0.0362035272277658,True
residual_plastic,TNIP3,down,-0.9197577612215306,0.0364743541473355,True
residual_plastic,MFAP2,down,-0.7130479438876103,0.036944287319134,True
residual_plastic,AL356056.2,down,-1.240890424201999,0.0371145524130363,True
residual_plastic,EHBP1,down,-0.8069785735070143,0.0386978658553313,True
residual_plastic,PTH1R,down,-1.6760917253045235,0.0387312805144948,True
residual_plastic,KLHL23,down,-1.2366945758677006,0.038868562827285,True
residual_plastic,GPR19,down,-0.7246323643559406,0.0389948367948498,True
residual_plastic,AC093908.1,down,-0.9215067106680116,0.0402773002950869,True
residual_plastic,PLA2G4A,down,-0.8054264928917099,0.0402773002950869,True
residual_plastic,MXRA5,down,-1.0332553985960886,0.0412937530562254,True
residual_plastic,AC046185.3,down,-0.7625567598606765,0.0418816178956164,True
residual_plastic,PODNL1,down,-0.6783847358694319,0.0426113910063611,True
residual_plastic,GULP1,down,-0.5896344728457055,0.0434071034000372,True
residual_plastic,SULF2,down,-1.1382900171571135,0.043886482338893,True
residual_plastic,SIX2,down,-1.1592543369987245,0.0439137758082062,True
residual_plastic,ZNF467,down,-1.1165483797831128,0.0441643458939809,True
residual_plastic,TEX29,down,-1.048844848436696,0.0443454423353821,True
residual_plastic,COMP,down,-1.0606833125891375,0.0444691188127137,True
residual_hydrogel,ZNF300,up,3.6638385781503553,1.2985911405343398e-08,True
residual_hydrogel,NNMT,up,2.1952772744753313,2.045845499320833e-07,True
residual_hydrogel,HOXA5,up,2.413310429301892,3.413242878600836e-06,True
residual_hydrogel,PITX1,up,2.47717023553102,4.55630660840339e-06,True
residual_hydrogel,HSD17B2,up,3.1224380118532444,6.3600376244935e-06,True
residual_hydrogel,NDUFA4L2,up,4.31578987969248,7.131340994801424e-06,True
residual_hydrogel,TBC1D2,up,1.250958371902784,1.0832552540128808e-05,True
residual_hydrogel,MIR210HG,up,2.08103317902874,1.6850853280695856e-05,True
residual_hydrogel,TIMP3,up,1.6351369850970672,1.6850853280695856e-05,True
residual_hydrogel,EBI3,up,1.80523994368398,2.8505816894691494e-05,True
residual_hydrogel,SYNGR2,up,0.9387800947306056,2.9385343682601632e-05,True
residual_hydrogel,AK4,up,3.6347912655777086,3.4287090241135174e-05,True
residual_hydrogel,TGM2,up,2.2123509687976783,3.4287090241135174e-05,True
residual_hydrogel,PKM,up,1.1419020777178854,3.4287090241135174e-05,True
residual_hydrogel,GDF10,up,3.296196218848649,3.685281307808105e-05,True
residual_hydrogel,G0S2,up,2.20366098536246,3.7867237550290137e-05,True
residual_hydrogel,HOXA13,up,2.851826505724796,3.8215308916226494e-05,True
residual_hydrogel,PLAU,up,1.234211676570407,3.8215308916226494e-05,True
residual_hydrogel,COL8A1,up,1.5750259718233082,3.990256014467544e-05,True
residual_hydrogel,HOXC8,up,2.2636815939671027,4.720717271864168e-05,True
residual_hydrogel,SP9,up,2.198620448977537,4.862434363713963e-05,True
residual_hydrogel,DLX5,up,2.5388597131083657,5.637645385753327e-05,True
residual_hydrogel,GALNT18,up,1.9310612732026224,6.228399496773726e-05,True
residual_hydrogel,HOXA11,up,2.84408120026288,6.652726991345958e-05,True
residual_hydrogel,HOXD10,up,1.869194813384164,6.652726991345958e-05,True
residual_hydrogel,CDKN1A,up,1.1651046795515985,6.652726991345958e-05,True
residual_hydrogel,HM13,up,0.5925672916705267,6.652726991345958e-05,True
residual_hydrogel,AC096647.1,up,1.1103878789648642,6.943148160374146e-05,True
residual_hydrogel,TNFRSF6B,up,1.719139978812617,7.328948960311206e-05,True
residual_hydrogel,HOXC6,up,1.5503104525987832,7.694376632745321e-05,True
residual_hydrogel,PCDHB2,up,1.9024063905049804,8.29967077077364e-05,True
residual_hydrogel,AC073130.3,up,1.4025461250376896,8.29967077077364e-05,True
residual_hydrogel,CNTNAP3B,up,1.2528852235364267,9.250532914433846e-05,True
residual_hydrogel,PDLIM1,up,1.2510593321222134,9.250532914433846e-05,True
residual_hydrogel,HMGA1,up,1.075044939052853,9.250532914433846e-05,True
residual_hydrogel,FOXA2,up,1.0296091336080395,9.250532914433846e-05,True
residual_hydrogel,C6orf141,up,1.1746050471773883,0.0001016647848627,True
residual_hydrogel,HOXA7,up,2.4931335966081978,0.0001052563004763,True
residual_hydrogel,ZIC5,up,1.870096101251586,0.0001052563004763,True
residual_hydrogel,UCHL1,up,1.123102851068043,0.0001052563004763,True
residual_hydrogel,AC089983.1,up,0.6470548941408943,0.0001086502355993,True
residual_hydrogel,EDA2R,up,1.20441865555911,0.0001224351205852,True
residual_hydrogel,REXO2,up,0.5560959140584698,0.0001224351205852,True
residual_hydrogel,BMP4,up,1.3971654719766682,0.0001265900949675,True
residual_hydrogel,TRIM61,up,1.6457959657177452,0.0001302897722897,True
residual_hydrogel,BAMBI,up,1.04143004059411,0.0001302897722897,True
residual_hydrogel,HOXA-AS2,up,1.319084848748763,0.0001328613019747,True
residual_hydrogel,NKX2-3,up,2.035794533333883,0.0001358466149246,True
residual_hydrogel,GALNT5,up,1.4926443982809294,0.0001358466149246,True
residual_hydrogel,LOX,up,0.993065096869068,0.0001358466149246,True
residual_hydrogel,P4HA2,up,1.034330014769667,0.000141420956243,True
residual_hydrogel,FGF11,up,2.0318757974196244,0.0001594047689564,True
residual_hydrogel,IGFBP7,up,2.416363951299709,0.0001695066913151,True
residual_hydrogel,CD83,up,1.173970070429332,0.0001795079202015,True
residual_hydrogel,TMEM176A,up,1.7250921344483945,0.0001802909627654,True
residual_hydrogel,LAMC2,up,1.7233386349313642,0.0001802909627654,True
residual_hydrogel,ABCG2,up,0.9886174899854996,0.0002086893682943,True
residual_hydrogel,GSS,up,0.7300886630614829,0.000231505636566,True
residual_hydrogel,CA9,up,2.0521490273702483,0.0002392917808094,True
residual_hydrogel,TMEM106C,up,0.6238821228310552,0.0002392917808094,True
residual_hydrogel,PCNA,up,0.6654794023972919,0.0002759154417162,True
residual_hydrogel,APCDD1L,up,1.6961510164767395,0.0002838151798995,True
residual_hydrogel,CDC42EP3,up,1.215693290102617,0.0002871214705698,True
residual_hydrogel,TMEM171,up,1.641904465463742,0.0003022496889307,True
residual_hydrogel,COL11A1,up,2.3749521100608533,0.0003052013790831,True
residual_hydrogel,LINC02381,up,1.8708782254075444,0.0003129477176895,True
residual_hydrogel,ALDOA,up,1.0076535504490236,0.0003129477176895,True
residual_hydrogel,SLC25A4,up,0.5563247316940432,0.0003282251609092,True
residual_hydrogel,BCL2L1,up,0.7464583062065966,0.000351662760992,True
residual_hydrogel,PCK2,up,1.4478523388409843,0.0003581496789743,True
residual_hydrogel,MMD,up,1.1119353267380951,0.0003583105473555,True
residual_hydrogel,GDF15,up,1.6798289903298538,0.0003767952519741,True
residual_hydrogel,CDK15,up,1.3627875107274907,0.000380396398416,True
residual_hydrogel,HOXA9,up,2.671026096833379,0.0003833771948467,True
residual_hydrogel,CYSTM1,up,0.910485195520284,0.0003833771948467,True
residual_hydrogel,PLS3,up,0.5616906988885253,0.0003841243799211,True
residual_hydrogel,TYMS,up,1.0860926495491596,0.0003898979054083,True
residual_hydrogel,ANXA4,up,0.913895792538414,0.0004592947362083,True
residual_hydrogel,HOXA10,up,3.3628327730255796,0.0004604159729061,True
residual_hydrogel,SCG5,up,1.0187506741407624,0.0004795871089094,True
residual_hydrogel,HOXC9,up,1.309199457438532,0.0004845237923423,True
residual_hydrogel,HOXD11,up,1.556409351184988,0.0005179659277263,True
residual_hydrogel,ZIC3,up,1.7406694848523792,0.0005208407375987,True
residual_hydrogel,MT2A,up,1.585250894911216,0.0005208407375987,True
residual_hydrogel,PAMR1,up,0.878245699782755,0.0005208407375987,True
residual_hydrogel,CCL7,up,0.7435811163996151,0.0005208407375987,True
residual_hydrogel,ST3GAL5,up,1.7809155371537897,0.0005491898848068,True
residual_hydrogel,DKK3,up,1.1521536032113024,0.0005491898848068,True
residual_hydrogel,ACOT7,up,0.8995554067300393,0.0005731162394768,True
residual_hydrogel,EHF,up,0.8615211763778272,0.0005795012418346,True
residual_hydrogel,KLHL4,up,2.021955221577411,0.0006067128806325,True
residual_hydrogel,STEAP3,up,1.96599039229253,0.0006067128806325,True
residual_hydrogel,AC078883.1,up,1.214920301792965,0.0006067128806325,True
residual_hydrogel,SLC20A1,up,1.1130318888096862,0.0006067128806325,True
residual_hydrogel,AC087379.1,up,1.0980379815798065,0.0006067128806325,True
residual_hydrogel,LDHA,up,1.14133079933029,0.0006126422314103,True
residual_hydrogel,DNER,up,1.9343878545198991,0.0006339082286336,True
residual_hydrogel,EIF2S2,up,0.9165268253408074,0.0006519223684462,True
residual_hydrogel,CD47,up,0.6889113789295069,0.00067244969125,True
residual_hydrogel,SPAG4,up,1.3939768153667018,0.0006740026682249,True
residual_hydrogel,CDC45,up,1.5823241640387928,0.0007139332336277,True
residual_hydrogel,PHLDA2,up,1.448276467583137,0.0007139332336277,True
residual_hydrogel,ENO1,up,1.1124257458145417,0.0007198580507912,True
residual_hydrogel,AVPI1,up,0.9023215560399334,0.0007571346023566,True
residual_hydrogel,STC2,up,1.7359542997736792,0.0007765955638282,True
residual_hydrogel,GAPDH,up,0.8505809124887973,0.0007765955638282,True
residual_hydrogel,GALNT2,up,0.5740212866493368,0.0007800161764473,True
residual_hydrogel,CHI3L1,up,3.40922274255013,0.0007964116037637,True
residual_hydrogel,PLOD2,up,1.4830799533581764,0.000803794898401,True
residual_hydrogel,CXCL6,up,2.624915886700402,0.000813616750722,True
residual_hydrogel,GPR39,up,1.1935770578948743,0.0008178223815617,True
residual_hydrogel,WARS1,up,0.8556914623916532,0.0008688304044921,True
residual_hydrogel,SERPINE2,up,1.2816289858705474,0.0009324448957463,True
residual_hydrogel,NKX6-1,up,1.6649163202322268,0.0009693093526298,True
residual_hydrogel,P4HA1,up,1.1535754672288956,0.0009806063799473,True
residual_hydrogel,CD82,up,2.635369411192041,0.0009889643561387,True
residual_hydrogel,ENO2,up,1.11698563285831,0.0010343895371191,True
residual_hydrogel,GLRX,up,0.6048888772935395,0.0011061004882743,True
residual_hydrogel,LINC00491,up,0.9491046795870198,0.0011133806434038,True
residual_hydrogel,CAMK2N1,up,0.8419883411172324,0.001123067645017,True
residual_hydrogel,ALKAL2,up,1.827210253715814,0.0011540117864686,True
residual_hydrogel,TMEM200A,up,0.508171773052454,0.0012247996524297,True
residual_hydrogel,IKBIP,up,0.8287274238112889,0.0012437810750975,True
residual_hydrogel,PGAM1,up,0.7558123223812014,0.0012609494795901,True
residual_hydrogel,ASS1,up,2.6063700490549606,0.0013569324639845,True
residual_hydrogel,SOX2,up,1.1812759591232636,0.0013569324639845,True
residual_hydrogel,LINC02762,up,1.1607513220534775,0.0013569324639845,True
residual_hydrogel,PGK1,up,1.113935224634754,0.0013569324639845,True
residual_hydrogel,S100A16,up,1.0808528989554258,0.0013569324639845,True
residual_hydrogel,PFKP,up,0.6464116889141032,0.0013569324639845,True
residual_hydrogel,PIGU,up,0.6313612895979519,0.0013569324639845,True
residual_hydrogel,CLDN4,up,2.4053424532487124,0.0014168384243234,True
residual_hydrogel,AMPD3,up,1.2729966148749303,0.0014336849102492,True
residual_hydrogel,GAPDHP35,up,0.8923880122773113,0.0015903369916054,True
residual_hydrogel,IER5,up,0.7695552444592972,0.0015903369916054,True
residual_hydrogel,H1-2,up,0.7162312326500193,0.0015903369916054,True
residual_hydrogel,PAQR5,up,2.212387023512428,0.0016483136313017,True
residual_hydrogel,ATP6V0E2,up,0.6411393391902696,0.0016800449865872,True
residual_hydrogel,NT5E,up,1.419947423418896,0.0017213260426379,True
residual_hydrogel,AL359555.4,up,0.6095352718696682,0.0017657132439922,True
residual_hydrogel,BHLHE40,up,1.9203500195758227,0.0017721113210629,True
residual_hydrogel,MAFF,up,0.5999462020594533,0.0018099607532801,True
residual_hydrogel,BNIP3,up,1.45650311850142,0.0018178116372204,True
residual_hydrogel,SPOCD1,up,1.779289236094069,0.0018279364962285,True
residual_hydrogel,SLC2A1,up,1.2711308052987875,0.0018854002648737,True
residual_hydrogel,LGR4,up,0.5953839162420151,0.0018854002648737,True
residual_hydrogel,BAALC-AS1,up,0.9975102299303128,0.0019388197875555,True
residual_hydrogel,TPM2,up,0.7248234966186793,0.0019388197875555,True
residual_hydrogel,DLX6,up,1.5920796494796998,0.0019484369659438,True
residual_hydrogel,GASAL1,up,1.2170453180339498,0.0020151016506048,True
residual_hydrogel,CAT,down,-4.574771829406773,3.0724966242454635e-14,True
residual_hydrogel,RPS2P5,down,-5.347324956215452,2.243413264698475e-09,True
residual_hydrogel,TRAM1L1,down,-3.905760591410011,1.3320402324296882e-08,True
residual_hydrogel,MAGEA4,down,-3.0756406876731113,1.5984341196890716e-07,True
residual_hydrogel,LBX1,down,-1.7759421451712378,1.0210320670536407e-06,True
residual_hydrogel,ZNF711,down,-1.3896230006442205,7.512310599865078e-06,True
residual_hydrogel,NREP,down,-1.2189405719429622,7.512310599865078e-06,True
residual_hydrogel,KIF26A,down,-1.23468119157506,8.32589568777604e-06,True
residual_hydrogel,C1orf216,down,-1.0541966934829166,2.6960732475482645e-05,True
residual_hydrogel,MIR503HG,down,-1.0161719690527,3.0340311413657378e-05,True
residual_hydrogel,AC051619.4,down,-1.3345553252838436,3.919036098039078e-05,True
residual_hydrogel,FGF13,down,-1.9406789691398896,4.303372811691297e-05,True
residual_hydrogel,CCDC144NL-AS1,down,-1.0672830254099468,4.553447848045207e-05,True
residual_hydrogel,HNRNPD-DT,down,-0.9873086899788892,5.637645385753327e-05,True
residual_hydrogel,BARX1,down,-1.900975937595125,6.053202920453382e-05,True
residual_hydrogel,CSRP2,down,-0.8458484025420083,6.228399496773726e-05,True
residual_hydrogel,COL26A1,down,-3.469185177372424,6.447501717091074e-05,True
residual_hydrogel,WNT11,down,-2.779749396507113,6.652726991345958e-05,True
residual_hydrogel,TCF24,down,-1.2882421969959883,6.652726991345958e-05,True
residual_hydrogel,MEIS1-AS2,down,-1.007251965894327,6.652726991345958e-05,True
residual_hydrogel,SOSTDC1,down,-1.4593049870242658,7.210262222101445e-05,True
residual_hydrogel,MEOX2,down,-3.1743018277122816,7.339173943591128e-05,True
residual_hydrogel,BZW2,down,-0.5155148086666417,8.29967077077364e-05,True
residual_hydrogel,ZNF254,down,-0.7565576055417376,9.250532914433846e-05,True
residual_hydrogel,AC233266.2,down,-1.140318959371737,0.0001026393135661,True
residual_hydrogel,GABRA4,down,-2.401742176960169,0.0001113197161252,True
residual_hydrogel,GPC3,down,-3.737386878513113,0.0001177518307269,True
residual_hydrogel,HNRNPDL,down,-0.5222821979105148,0.0001224351205852,True
residual_hydrogel,LHX8,down,-1.6132689958462867,0.0001270260734371,True
residual_hydrogel,TCEAL4,down,-1.0106344616356917,0.0001302897722897,True
residual_hydrogel,RBM26,down,-0.5605291922771043,0.0001302897722897,True
residual_hydrogel,HBA1,down,-1.197501220335489,0.0001358466149246,True
residual_hydrogel,DPT,down,-2.584398527586827,0.0002041473392681,True
residual_hydrogel,CCDC157,down,-1.089111865409348,0.0002173587245623,True
residual_hydrogel,NKX3-2,down,-1.9275417438380744,0.0002271817657824,True
residual_hydrogel,NR3C1,down,-1.0011715279441633,0.0002392917808094,True
residual_hydrogel,TNFRSF19,down,-0.8194690251340573,0.0002910038243187,True
residual_hydrogel,AUXG01000058.1,down,-2.028594079340762,0.0003052013790831,True
residual_hydrogel,ZNF546,down,-1.3040151141091871,0.0003052013790831,True
residual_hydrogel,YLPM1,down,-0.8516976501025129,0.0003052013790831,True
residual_hydrogel,LSP1P4,down,-2.0024628636063917,0.0003129477176895,True
residual_hydrogel,LIPA,down,-0.8642918268794069,0.0003129477176895,True
residual_hydrogel,TSC22D3,down,-0.679114700059575,0.0003436903029545,True
residual_hydrogel,LINC01515,down,-1.5994294119563668,0.0003583105473555,True
residual_hydrogel,ZFP36L1,down,-0.523399169701352,0.0003788207764593,True
residual_hydrogel,SUZ12P1,down,-0.7854514896539329,0.0004184526241399,True
residual_hydrogel,SULT1E1,down,-2.3053649787774457,0.0004192032670379,True
residual_hydrogel,H19,down,-2.993576715139978,0.0004380832313368,True
residual_hydrogel,MYLIP,down,-1.1723505151936529,0.0004380832313368,True
residual_hydrogel,SETBP1,down,-1.0696820718105071,0.0004795871089094,True
residual_hydrogel,SCARA5,down,-2.2859467035250725,0.0005208407375987,True
residual_hydrogel,MEST,down,-1.3329137312359025,0.0005208407375987,True
residual_hydrogel,AADAT,down,-0.7251308793095217,0.0005208407375987,True
residual_hydrogel,CACNB4,down,-2.0654549706625893,0.0005491898848068,True
residual_hydrogel,RGS1,down,-2.036910247514592,0.0005491898848068,True
residual_hydrogel,RNU1-1,down,-0.7325044915151007,0.0005491898848068,True
residual_hydrogel,LIMA1,down,-0.786855221556849,0.0005850344511213,True
residual_hydrogel,MRPL23-AS1,down,-0.5843638958066542,0.0005850344511213,True
residual_hydrogel,CNTLN,down,-1.1937266219259546,0.0006067128806325,True
residual_hydrogel,AC112229.3,down,-1.043541925749558,0.0006067128806325,True
residual_hydrogel,RAB9A,down,-0.6665484484997788,0.0006067128806325,True
residual_hydrogel,ZNF768,down,-0.5653840598145763,0.0006067128806325,True
residual_hydrogel,KBTBD7,down,-0.5666345507611328,0.0006392343427865,True
residual_hydrogel,MDK,down,-1.0734682278449277,0.0006446430879398,True
residual_hydrogel,SYNM,down,-1.1800907720923732,0.0006893348108525,True
residual_hydrogel,EDNRA,down,-0.6442226387965655,0.0007944956789722,True
residual_hydrogel,CCDC80,down,-1.0035349116937056,0.0007945786391174,True
residual_hydrogel,ZNF362,down,-0.5501425273878731,0.0008227168586057,True
residual_hydrogel,LRCH1,down,-1.0580943154723617,0.0008688304044921,True
residual_hydrogel,LINC00629,down,-1.295013865503335,0.0009693093526298,True
residual_hydrogel,AC107956.1,down,-0.9070107617975846,0.0009693093526298,True
residual_hydrogel,GPM6B,down,-1.300950681950214,0.0010150874954369,True
residual_hydrogel,ZNF467,down,-1.8099533380386237,0.0010343895371191,True
residual_hydrogel,ZNF608,down,-1.1014275596823242,0.0010343895371191,True
residual_hydrogel,SNHG21,down,-0.7000025897978472,0.0010343895371191,True
residual_hydrogel,CENPP,down,-1.2086354780866424,0.0010487192340804,True
residual_hydrogel,NTN1,down,-1.553141262339128,0.0010532145251356,True
residual_hydrogel,KCNQ1OT1,down,-1.380765636185742,0.0010532145251356,True
residual_hydrogel,GMEB2,down,-0.6534095670130515,0.0010974246152006,True
residual_hydrogel,MARCKS,down,-0.5888735743380531,0.0010974246152006,True
residual_hydrogel,EBF3,down,-1.401194884895676,0.0011106579978986,True
residual_hydrogel,CRLF1,down,-2.6903913357845353,0.001112479842396,True
residual_hydrogel,LINC01182,down,-1.2324705547283878,0.0011233791595702,True
residual_hydrogel,PTPN5,down,-3.094695054427545,0.0011289011114646,True
residual_hydrogel,MN1,down,-1.5955550147434434,0.0011653241539683,True
residual_hydrogel,FAR2P1,down,-2.737348616150535,0.0011669911802515,True
residual_hydrogel,TSPAN12,down,-0.7356419493241404,0.0012437810750975,True
residual_hydrogel,KCNS2,down,-1.613682094039667,0.0012557130709242,True
residual_hydrogel,PCDH18,down,-0.6848824696300229,0.0012729519514001,True
residual_hydrogel,AFF3,down,-0.9391408103260694,0.0012763790092769,True
residual_hydrogel,EPB41L3,down,-1.5681478982852703,0.0013569324639845,True
residual_hydrogel,RBMS3,down,-1.1064816401434152,0.0013569324639845,True
residual_hydrogel,PPP1R42,down,-0.645934446079925,0.0013569324639845,True
residual_hydrogel,FNDC5,down,-2.1682477828459934,0.0013740105365994,True
residual_hydrogel,PCDHB16,down,-1.0669254595474529,0.0013908983735438,True
residual_hydrogel,AC003986.2,down,-1.1163340201645795,0.0014168384243234,True
residual_hydrogel,AC099786.2,down,-1.5746265322165025,0.0014406737672003,True
residual_hydrogel,INSYN2A,down,-1.184675984168325,0.0014406737672003,True
residual_hydrogel,PDE3A,down,-2.6469668267241406,0.00145995807204,True
residual_hydrogel,TNFRSF21,down,-0.9095698586478744,0.0015156772861105,True
residual_hydrogel,AL390783.1,down,-1.928066181784255,0.001517288616381,True
residual_hydrogel,TMED10P2,down,-1.132974816114806,0.0015903369916054,True
residual_hydrogel,SNCA,down,-0.8319469767561423,0.0015903369916054,True
residual_hydrogel,SMTNL2,down,-1.5819171749003769,0.0016032489990722,True
residual_hydrogel,CRMP1,down,-1.0035253856778812,0.0016483136313017,True
residual_hydrogel,KLF14,down,-0.8706911803432902,0.0016483136313017,True
residual_hydrogel,DNM3OS,down,-0.5985390096890351,0.0016551379978572,True
residual_hydrogel,HOXB4,down,-1.1634641960869674,0.0016570779946502,True
residual_hydrogel,PREX2,down,-3.4058000673112536,0.0016639273841803,True
residual_hydrogel,C1QTNF3,down,-0.6562347877556864,0.0016800449865872,True
residual_hydrogel,POTEF,down,-2.939390850618578,0.0016848060850718,True
residual_hydrogel,PTH1R,down,-2.4530038715831894,0.0016861982417929,True
residual_hydrogel,ZKSCAN4,down,-0.5783578077356697,0.0017255760868788,True
residual_hydrogel,ZNF114,down,-1.2211385694918897,0.0017260440685983,True
residual_hydrogel,VSTM4,down,-0.9240350260059024,0.0017260440685983,True
residual_hydrogel,SNAI1,down,-0.9478143719420158,0.0017302323363831,True
residual_hydrogel,IREB2,down,-0.7841289109232323,0.0017302323363831,True
residual_hydrogel,AL161457.2,down,-1.0584034282396817,0.0017393784719747,True
residual_hydrogel,VILL,down,-0.8956976734812672,0.0018854002648737,True
residual_hydrogel,DEPTOR,down,-1.467219901975213,0.0019106554152403,True
residual_hydrogel,PAX9,down,-1.5191859210710277,0.0019388197875555,True
residual_hydrogel,OSR2,down,-1.849784357682394,0.002191001365399,True
residual_hydrogel,THUMPD3,down,-0.5507589482337303,0.0022085437189624,True
residual_hydrogel,EDNRB,down,-1.8498634188059129,0.0024390413872203,True
residual_hydrogel,DACT1,down,-1.2741331157138076,0.0024649421106148,True
residual_hydrogel,SLITRK6,down,-0.9847387469760558,0.0024649421106148,True
residual_hydrogel,AC012435.2,down,-0.6532523510121397,0.0024649421106148,True
residual_hydrogel,CT75,down,-1.5967589236655049,0.0025145438628378,True
residual_hydrogel,CARMN,down,-0.8615345805317758,0.0026118852965307,True
residual_hydrogel,SPRY1,down,-1.3888850563167583,0.0026412168010013,True
residual_hydrogel,GNL3L,down,-0.6369950389901855,0.0027742954642137,True
residual_hydrogel,DKKL1,down,-1.1343848644472114,0.0028142116255137,True
residual_hydrogel,NHLRC4,down,-1.143482557177805,0.0028888820623188,True
residual_hydrogel,RIPK2,down,-0.5793450390398189,0.0028975489068058,True
residual_hydrogel,POTEI,down,-0.9665370326937974,0.0029734903240515,True
residual_hydrogel,GALT,down,-0.6058545293442861,0.0031828833432829,True
residual_hydrogel,ZNF354C,down,-0.9659036038839648,0.0034532093167376,True
residual_hydrogel,ASPN,down,-4.222619196581848,0.0035864226649785,True
residual_hydrogel,VGLL3,down,-1.7528378885028544,0.003606937413037,True
residual_hydrogel,RNF150,down,-0.701963080848444,0.0036874669915495,True
residual_hydrogel,MYCBP2-AS1,down,-0.6385322440521162,0.0038149951363603,True
residual_hydrogel,NPIPB5,down,-1.0007033524720652,0.0039227579580578,True
residual_hydrogel,TMEM59L,down,-1.6162371999825322,0.0040234432408511,True
residual_hydrogel,AC139795.1,down,-0.827975346762658,0.004063922104731,True
residual_hydrogel,HSPA12B,down,-1.7993711424362246,0.0040737424760525,True
residual_hydrogel,ROBO2,down,-1.9887620964485735,0.0040878176886419,True
residual_hydrogel,AFDN,down,-1.029855611019067,0.0041225550262819,True
residual_hydrogel,GATA3,down,-0.5352799655780116,0.0041850932482097,True
residual_hydrogel,F8A3,down,-0.6456935273202966,0.0042268940063636,True
residual_hydrogel,GPR27,down,-1.1600692239913633,0.0042822835657644,True
escape_plastic,ODC1,up,0.9815468373206264,0.0005868772056439,True
escape_plastic,RARS2,up,0.6685324579587548,0.0007705417389864,True
escape_plastic,FKBP7,up,0.9629769906551968,0.0008361805165488,True
escape_plastic,ASMTL,up,0.692974148556206,0.0010601698042921,True
escape_plastic,TAF9B,up,1.961104573385979,0.0013450251191217,True
escape_plastic,METTL25,up,1.3978780759656282,0.0017125750717351,True
escape_plastic,AC110611.1,up,1.3517036719706863,0.0020709965990974,True
escape_plastic,TMEM216,up,0.8543766395863415,0.0027481717285412,True
escape_plastic,CDH11,up,0.9112366923528864,0.0028578905707958,True
escape_plastic,ERLEC1,up,0.6080767436734171,0.0028578905707958,True
escape_plastic,EFEMP1,up,0.8725036289681087,0.003161149821242,True
escape_plastic,CACNG7,up,0.950834520056083,0.0031888969292178,True
escape_plastic,SDHAF1,up,1.1726956274426272,0.0038735755504985,True
escape_plastic,TCEANC,up,1.953973067523592,0.0039829594417053,True
escape_plastic,IGF2,up,1.9502195000979428,0.0039829594417053,True
escape_plastic,AC044849.1,up,0.77266689931538,0.0039829594417053,True
escape_plastic,IMPDH2,up,0.5597016942448736,0.0039829594417053,True
escape_plastic,PLPP5,up,0.9078338042290252,0.0043222335364805,True
escape_plastic,FBXO8,up,0.6349371536705939,0.0047848863823605,True
escape_plastic,ARID5B,up,0.9897347567560106,0.0048513634232522,True
escape_plastic,ZNF302,up,0.7289622719547113,0.0049182721815679,True
escape_plastic,IFNGR2,up,0.6611301015933,0.0049182721815679,True
escape_plastic,SULF1,up,2.3482873127467925,0.0049577533408938,True
escape_plastic,PRRX2,up,1.28733918711682,0.0051629158774097,True
escape_plastic,TRMT13,up,0.9546043418018076,0.0051629158774097,True
escape_plastic,CEBPD,up,0.6386278686905982,0.0051629158774097,True
escape_plastic,FBLN5,up,0.9421889349840749,0.0052075467244488,True
escape_plastic,PODN,up,1.608691863735892,0.0057349922266364,True
escape_plastic,ANTXR1,up,0.7350165141496086,0.0057360191650685,True
escape_plastic,GPX8,up,0.6056176420029722,0.0057360191650685,True
escape_plastic,PDGFRL,up,1.13106127024152,0.0058949805217784,True
escape_plastic,TNFRSF11B,up,1.1951956572634277,0.0059100333131315,True
escape_plastic,AC073130.3,up,1.2648911803005665,0.0061681906150967,True
escape_plastic,SRSF8,up,0.5839756591354774,0.0061681906150967,True
escape_plastic,THBS1,up,1.1863712351104407,0.0063278151161121,True
escape_plastic,LIMA1,up,0.9252716093320212,0.0064606454880292,True
escape_plastic,TNFRSF19,up,0.8703504587860622,0.0064606454880292,True
escape_plastic,TIGD1,up,0.7776956668527051,0.0064606454880292,True
escape_plastic,SECISBP2,up,0.8470338417937291,0.0065963830631766,True
escape_plastic,SELENOM,up,0.5440550779305027,0.006885415069222,True
escape_plastic,COQ8A,up,1.3354816059928902,0.0070361205821915,True
escape_plastic,CD200,up,1.5844366546677535,0.0072104968740867,True
escape_plastic,SPSB3,up,0.7448768807049051,0.0072104968740867,True
escape_plastic,LINC01311,up,1.2782783110271092,0.0072319265685611,True
escape_plastic,CCDC80,up,1.2029492376986912,0.0072319265685611,True
escape_plastic,NEXN-AS1,up,1.2043826166054723,0.0073094151837548,True
escape_plastic,ERMARD,up,1.0599741659560116,0.0073156410883991,True
escape_plastic,KLHDC2,up,0.6622774242086238,0.0073156410883991,True
escape_plastic,KCNMB1,up,0.7864423376871988,0.0073630765701867,True
escape_plastic,TRAPPC2,up,0.9059562467552058,0.0077502443479254,True
escape_plastic,CTF1,up,1.2736010784546987,0.0079347172656469,True
escape_plastic,PIM1,up,1.0949093617938828,0.0080833621859364,True
escape_plastic,NEXN,up,1.082145640549101,0.008108670792523,True
escape_plastic,CALM2,up,0.8658510438945894,0.0082124429083809,True
escape_plastic,IGFBP5,up,1.0051149477685053,0.0090741887061036,True
escape_plastic,SEMA6A,up,1.5535410061519752,0.0090765793107627,True
escape_plastic,LPAR1,up,0.659703814869693,0.0090765793107627,True
escape_plastic,PMS2P3,up,0.5800491135729722,0.0090765793107627,True
escape_plastic,ZNF518A,up,1.3161167709034314,0.0091041888511405,True
escape_plastic,C11orf54,up,0.6750890676572054,0.0092264479142319,True
escape_plastic,SORBS2,up,1.7591838095786765,0.0095292206337384,True
escape_plastic,FKBP11,up,1.2583009412746409,0.0095292206337384,True
escape_plastic,RPS3AP47,up,0.5105344454334247,0.0097371403089444,True
escape_plastic,SHISA3,up,2.7010602673992983,0.0099682561274768,True
escape_plastic,ZNF711,up,0.8020506137134065,0.0101842511883591,True
escape_plastic,ZNF346,up,0.5520769680054589,0.0101842511883591,True
escape_plastic,MCEE,up,0.8155675740812114,0.0101961654180437,True
escape_plastic,MNT,up,2.183580449220707,0.0104208450657761,True
escape_plastic,DIDO1,up,0.5735204863276571,0.0113441709618097,True
escape_plastic,FLJ20021,up,1.1542828363954434,0.0116649330717902,True
escape_plastic,MOAP1,up,0.6917150177651985,0.0118430617538877,True
escape_plastic,RSRP1,up,0.6224555013431394,0.0118430617538877,True
escape_plastic,HNRNPA1,up,0.7283965752500263,0.0120234753204472,True
escape_plastic,ZNF230,up,0.8390763958791121,0.0121641719034723,True
escape_plastic,UGDH-AS1,up,0.9829932790425012,0.0124336580770714,True
escape_plastic,TSPAN31,up,0.7663383530016445,0.0124336580770714,True
escape_plastic,MPHOSPH10,up,0.6014904487381845,0.0131446622635179,True
escape_plastic,GLT8D2,up,0.8042854805865138,0.0136363020647386,True
escape_plastic,GABPB1-AS1,up,0.7512610492298819,0.0141365052192738,True
escape_plastic,PTHLH,up,2.353212653799297,0.0143295373465043,True
escape_plastic,ALDH7A1,up,0.5194228280629218,0.014737878853945,True
escape_plastic,FILIP1L,up,0.9651189117259849,0.0153644582879662,True
escape_plastic,LINC02803,up,0.9156984228961528,0.015402712451096,True
escape_plastic,MAGEH1,up,0.9466686778115064,0.0154261005636452,True
escape_plastic,ABHD17C,up,0.7635770604748244,0.015562743201719,True
escape_plastic,MEDAG,up,1.418688828452311,0.0156406609173376,True
escape_plastic,ORC3,up,0.654970915443537,0.0157593724200037,True
escape_plastic,ZEB1-AS1,up,1.9048173147384584,0.0163357981762292,True
escape_plastic,SEC22B,up,0.5350338927000311,0.0163357981762292,True
escape_plastic,AC063948.1,up,0.7705691551283935,0.0163655190356951,True
escape_plastic,GDF10,up,2.10493050872149,0.0166249588401028,True
escape_plastic,SIAE,up,1.2649777937206526,0.0170753702419587,True
escape_plastic,UNG,up,0.5240247765644028,0.0171826661468456,True
escape_plastic,AC011416.3,up,0.6991689361371844,0.0174110393730168,True
escape_plastic,ANKRA2,up,0.6872571990709004,0.0175546202997007,True
escape_plastic,HMGN2,up,0.8489566950027845,0.018029144874731,True
escape_plastic,AC132217.1,up,1.5670138110480871,0.0184231341085064,True
escape_plastic,EIF3FP3,up,0.8186078315795926,0.0184231341085064,True
escape_plastic,ZNF362,up,0.5506657621167066,0.0187406891124275,True
escape_plastic,PCDH18,up,0.727933425217552,0.0188362635741408,True
escape_plastic,RPL3,up,0.5760325370487491,0.0188362635741408,True
escape_plastic,AC079610.1,up,0.7727841911560037,0.0189259143852243,True
escape_plastic,AC009133.6,up,1.0579360453496025,0.0194118073973836,True
escape_plastic,MDK,up,1.0295610099358845,0.0195774231684643,True
escape_plastic,LUM,up,0.8941684849653946,0.0200465831164065,True
escape_plastic,ZNF627,up,0.7295154820531424,0.0205896671030611,True
escape_plastic,ZNF488,up,1.3525464317865548,0.0206419573615404,True
escape_plastic,COLEC12,up,1.1952824780470586,0.0207684564560277,True
escape_plastic,CIRBP,up,0.8921116069980037,0.0226235404253737,True
escape_plastic,RSAD2,up,1.625627228991457,0.0232441437915286,True
escape_plastic,NOA1,up,0.7512171319796028,0.0232441437915286,True
escape_plastic,AC026341.1,up,0.6701756518245621,0.0235192465512179,True
escape_plastic,POT1,up,1.0003031908370963,0.0235809446868724,True
escape_plastic,AC093535.2,up,0.6765378472159862,0.0238849699469531,True
escape_plastic,PODNL1,up,1.0829728725732215,0.0239320673075551,True
escape_plastic,NASP,up,0.7269840986823786,0.024004561579371,True
escape_plastic,HOXA5,up,1.0632836612141237,0.024196107712754,True
escape_plastic,SUMF2,up,0.7816563459410215,0.024196107712754,True
escape_plastic,USP11,up,0.5634270361337119,0.024196107712754,True
escape_plastic,PMP22,up,0.9100801351430748,0.0243339551174562,True
escape_plastic,SMYD5,up,0.6570794774202198,0.0249694418263367,True
escape_plastic,SPARCL1,up,0.6828542831966572,0.0251803507203054,True
escape_plastic,HBP1,up,0.613498041074449,0.0251803507203054,True
escape_plastic,SNHG20,up,1.183874847141827,0.0253680639257969,True
escape_plastic,EIF4A2,up,0.7851782925496242,0.0256287430040472,True
escape_plastic,PIGP,up,0.7237553379856398,0.0256287430040472,True
escape_plastic,DUSP6,up,0.5851248575863779,0.0256287430040472,True
escape_plastic,ISY1,up,0.5239284657007666,0.0258345535941698,True
escape_plastic,DCN,up,1.7411765158626888,0.0262261130032683,True
escape_plastic,ZDHHC24,up,0.770635344122033,0.0262261130032683,True
escape_plastic,ELN,up,2.326331667828067,0.0267222154164681,True
escape_plastic,MIR23AHG,up,0.6835889432526994,0.0270289618735928,True
escape_plastic,ABTB1,up,1.0173155542602528,0.0285341348210667,True
escape_plastic,ID3,up,1.2514912301196173,0.0287975539749939,True
escape_plastic,CYP2T1P,up,1.7457935873594443,0.0290724878771197,True
escape_plastic,AC063952.1,up,0.90589459361865,0.0299981263730205,True
escape_plastic,ZNF239,up,0.7605058995093597,0.0300131781582689,True
escape_plastic,LAMA4-AS1,up,0.977569755225438,0.030460959880721,True
escape_plastic,EMC1-AS1,up,1.057836869077294,0.0310442810348812,True
escape_plastic,YLPM1,up,0.6763952708465997,0.0314274652633653,True
escape_plastic,LINC00324,up,1.7118205539795206,0.0324302857931674,True
escape_plastic,TMEM128,up,0.6511498455137277,0.0326068649807645,True
escape_plastic,FLOT1,up,0.5173989411234388,0.0329804414376254,True
escape_plastic,FANCG,up,1.1177497703465635,0.0332274069591594,True
escape_plastic,OLFML3,up,0.6181480383462574,0.0332834101777924,True
escape_plastic,DLC1,up,0.6101034053782852,0.0334126730128567,True
escape_plastic,RPS25,up,0.5478984626985124,0.0335524477262747,True
escape_plastic,MLH1,up,0.626996307167957,0.0349153756581293,True
escape_plastic,LINC00707,up,0.6492248420658272,0.0349683277779702,True
escape_plastic,EFHC1,up,0.744372374416109,0.0353605804954526,True
escape_plastic,LAMP3,down,-3.6287267388905793,2.3949268758246676e-05,True
escape_plastic,SPAG4,down,-3.034751368505151,0.0002872474333304,True
escape_plastic,SLC38A11,down,-1.7889937701047574,0.0002872474333304,True
escape_plastic,MT3,down,-1.724335769820698,0.0002872474333304,True
escape_plastic,CYSTM1,down,-1.6287510010410309,0.000633570790555,True
escape_plastic,HSD17B14,down,-2.0302685577074877,0.0007280259261228,True
escape_plastic,TPBG,down,-1.2600921332806263,0.0007280259261228,True
escape_plastic,CABP1,down,-1.0444839839488078,0.0007705417389864,True
escape_plastic,DDIT3,down,-1.623064829824576,0.0008361805165488,True
escape_plastic,VEGFA,down,-1.6316930573086568,0.0010364463762789,True
escape_plastic,SPNS1,down,-0.8179074725829625,0.0010364463762789,True
escape_plastic,LYN,down,-1.3338972807622884,0.0011185739215762,True
escape_plastic,SV2A,down,-1.0833658500086092,0.0011185739215762,True
escape_plastic,TVP23C,down,-0.7226471571735351,0.0016017816553802,True
escape_plastic,TMEM74B,down,-1.0627711491521037,0.0017125750717351,True
escape_plastic,SLC6A8,down,-1.6537053488425797,0.0018763070856304,True
escape_plastic,AC011586.2,down,-1.1438538143925014,0.0018763070856304,True
escape_plastic,GDF15,down,-2.343134912798189,0.0021633635829275,True
escape_plastic,ZP1,down,-1.1993325683110905,0.0023524567837098,True
escape_plastic,ARMC9,down,-1.3192339706606755,0.0024981837583109,True
escape_plastic,ITGB2-AS1,down,-0.5363018170436123,0.0028578905707958,True
escape_plastic,HILPDA,down,-1.6156990365471384,0.0028771794049654,True
escape_plastic,EGLN3,down,-2.8727173086718345,0.0034164780182476,True
escape_plastic,CA9,down,-2.4739199246222108,0.0034164780182476,True
escape_plastic,WSB2,down,-0.7997350234492586,0.0034164780182476,True
escape_plastic,GBE1,down,-1.3215791184603307,0.0038461144171596,True
escape_plastic,TRIB3,down,-2.2193444447123714,0.0039829594417053,True
escape_plastic,EDEM1,down,-1.0958321747381436,0.0039829594417053,True
escape_plastic,HSPA9,down,-1.0144261860744828,0.0039829594417053,True
escape_plastic,DUSP3,down,-0.8074497209532563,0.0044098959534551,True
escape_plastic,GPR146,down,-1.2288880450655486,0.0047239113076511,True
escape_plastic,ERO1A,down,-1.5849651328732088,0.0047762184158406,True
escape_plastic,NEU1,down,-1.2595041490008114,0.0049182721815679,True
escape_plastic,PKM,down,-0.9335694742986718,0.0049182721815679,True
escape_plastic,PYGB,down,-0.6860362338527937,0.0049182721815679,True
escape_plastic,SPTBN4,down,-1.9913194092915616,0.0050587607828897,True
escape_plastic,UNC5B,down,-1.3558574978557811,0.0050587607828897,True
escape_plastic,ENO2,down,-1.5113077735483142,0.0051629158774097,True
escape_plastic,CCL26,down,-0.8871697109725794,0.0052372259825499,True
escape_plastic,AC145207.2,down,-1.6041406558602014,0.0057360191650685,True
escape_plastic,ALKBH5,down,-0.7429971668731046,0.0057360191650685,True
escape_plastic,AC089983.1,down,-0.6239964607991402,0.0057360191650685,True
escape_plastic,NFIL3,down,-0.8687403260946698,0.005834683464015,True
escape_plastic,SQSTM1,down,-1.4046657420733872,0.0059100333131315,True
escape_plastic,FAM162A,down,-1.2041626881247138,0.0059100333131315,True
escape_plastic,FGF11,down,-2.0409710214966785,0.0059482264003316,True
escape_plastic,HEXB,down,-1.2378480353629169,0.0059482264003316,True
escape_plastic,BEX2,down,-1.485449906027661,0.0061681906150967,True
escape_plastic,LAMP2,down,-0.6336126455615627,0.0061681906150967,True
escape_plastic,MOSPD1,down,-1.0993685457995337,0.0064606454880292,True
escape_plastic,SCARB1,down,-1.4086664415545398,0.0066044254327874,True
escape_plastic,NDUFA4L2,down,-2.657766878358138,0.006885415069222,True
escape_plastic,SLITRK6,down,-1.4147614732171934,0.006885415069222,True
escape_plastic,CKB,down,-1.090316799138361,0.0069276367893128,True
escape_plastic,SDCBP,down,-0.8790108379260815,0.0069276367893128,True
escape_plastic,APLN,down,-2.4121680534557237,0.0070361205821915,True
escape_plastic,CLN3,down,-0.8082211978477742,0.0072104968740867,True
escape_plastic,LURAP1L,down,-0.7526177724066625,0.0072554852255099,True
escape_plastic,ASB5,down,-2.020739477069018,0.0073156410883991,True
escape_plastic,ME1,down,-1.0338823497534966,0.0073630765701867,True
escape_plastic,DSG2,down,-1.4703172586929647,0.0081338805473107,True
escape_plastic,RBCK1,down,-0.6131124005731583,0.0082124429083809,True
escape_plastic,ITGA11,down,-1.5991124726656063,0.0082412593778271,True
escape_plastic,SAP30,down,-1.0382385910298852,0.0083181319155118,True
escape_plastic,FAM131C,down,-0.7752701633179793,0.0084001065070817,True
escape_plastic,OSGIN1,down,-1.7166321293209654,0.0090765793107627,True
escape_plastic,ZNF395,down,-1.5311665154766567,0.0090765793107627,True
escape_plastic,VEGFB,down,-1.3102925815685165,0.0090765793107627,True
escape_plastic,MKNK2,down,-1.2189972369095186,0.009172182167178,True
escape_plastic,MAP1A,down,-0.6595202468185284,0.009172182167178,True
escape_plastic,GAPLINC,down,-0.789793392310294,0.0096309793643775,True
escape_plastic,SLC6A15,down,-1.0109067100682605,0.0100198499004987,True
escape_plastic,ARFGEF3,down,-1.1480385220044431,0.0101842511883591,True
escape_plastic,SLC38A6,down,-0.7859276224711298,0.0101842511883591,True
escape_plastic,TXN,down,-0.6058150654162304,0.0101842511883591,True
escape_plastic,ADAMTS9-AS2,down,-0.995222719070896,0.0101961654180437,True
escape_plastic,PEPD,down,-0.8054633165966005,0.0103134802201958,True
escape_plastic,WARS1,down,-0.9591019933880228,0.0108038938282307,True
escape_plastic,P4HA2,down,-0.9036001552680606,0.0108595172413071,True
escape_plastic,ABHD12,down,-0.5630503398358169,0.0108595172413071,True
escape_plastic,GBA,down,-1.0579796657033818,0.0111868948307824,True
escape_plastic,RAB29,down,-0.8285866877799535,0.0118430617538877,True
escape_plastic,TOMM34,down,-0.5889295965019965,0.011870825010711,True
escape_plastic,SLC38A7,down,-0.874484807554218,0.0121948154704776,True
escape_plastic,GALNT18,down,-1.419937144590266,0.0125384993139056,True
escape_plastic,ITGA5,down,-1.1424694659723489,0.0125384993139056,True
escape_plastic,INSIG2,down,-0.8777800711323884,0.0133749120901348,True
escape_plastic,BCL2L1,down,-0.7035086463458313,0.0137532338355972,True
escape_plastic,TMEM158,down,-1.6947644674738256,0.0141365052192738,True
escape_plastic,SNTA1,down,-0.909482630452254,0.0141365052192738,True
escape_plastic,MCOLN3,down,-1.391608356290288,0.0145125602813183,True
escape_plastic,LRRC25,down,-1.5558275587478518,0.0149139547809846,True
escape_plastic,NPC2,down,-1.2388868881491415,0.0150516353315247,True
escape_plastic,FTH1,down,-1.3144060393962542,0.0153644582879662,True
escape_plastic,VAT1,down,-1.012905552090511,0.0153644582879662,True
escape_plastic,UCHL1,down,-0.875676126173988,0.0154261005636452,True
escape_plastic,ATP6V1C1,down,-0.6462816706183312,0.0154261005636452,True
escape_plastic,C4orf3,down,-0.5789516146956393,0.0154261005636452,True
escape_plastic,L3MBTL2-AS1,down,-3.160030685033992,0.015562743201719,True
escape_plastic,TMC6,down,-1.206367160688922,0.015562743201719,True
escape_plastic,FUT11,down,-0.843081028546051,0.0156406609173376,True
escape_plastic,MTCH2,down,-0.6522068488538744,0.0156406609173376,True
escape_plastic,TPI1,down,-0.8774501424344647,0.0156892470508287,True
escape_plastic,ISCA1,down,-0.6740918106428633,0.0160907461180052,True
escape_plastic,HMOX1,down,-2.7250989502848872,0.0163357981762292,True
escape_plastic,TKT,down,-0.6823384548598752,0.0163357981762292,True
escape_plastic,MGST3,down,-0.5207423521864447,0.0163357981762292,True
escape_plastic,LRRC15,down,-1.062217316837896,0.0166104798701723,True
escape_plastic,PIK3R3,down,-1.186315056232231,0.0169227219330577,True
escape_plastic,ZNF468,down,-0.946307745018085,0.0175310086787756,True
escape_plastic,TEX29,down,-1.777864073097846,0.0175546202997007,True
escape_plastic,G0S2,down,-1.3995674853721336,0.0175832136580852,True
escape_plastic,POPDC3,down,-1.3030584059888648,0.0175851730641593,True
escape_plastic,KCNS1,down,-1.3153389944914242,0.0176755723901967,True
escape_plastic,HTR2B,down,-1.5766413921160989,0.0179056352959965,True
escape_plastic,DDIT4,down,-2.0093509646406686,0.0185494734488929,True
escape_plastic,MGST1,down,-0.5795497188474155,0.0187406891124275,True
escape_plastic,PELI3,down,-1.1057927757081651,0.0187996119766849,True
escape_plastic,SLC25A13,down,-0.8467840546061454,0.0187996119766849,True
escape_plastic,INHBE,down,-1.598092559640351,0.0194118073973836,True
escape_plastic,LONP1,down,-0.911586531374578,0.0209200797241167,True
escape_plastic,STX3,down,-1.3656063899707431,0.0213708686552482,True
escape_plastic,GPC1,down,-0.9431876277182892,0.021406878383921,True
escape_plastic,NARS1,down,-0.511714673478803,0.0218943968455405,True
escape_plastic,TDP2,down,-0.6997206336866473,0.0223148371016751,True
escape_plastic,PLA2G15,down,-0.5035391564267919,0.0232441437915286,True
escape_plastic,FER1L4,down,-2.1330584067620597,0.0245673897804921,True
escape_plastic,DNASE2,down,-0.8054383655622961,0.0248361198708428,True
escape_plastic,GALNT12,down,-1.4522281505574168,0.0258345535941698,True
escape_plastic,GPT2,down,-0.78580149599741,0.0263637264936636,True
escape_plastic,PGM1,down,-0.5889434763506887,0.0267222154164681,True
escape_plastic,LOXL2,down,-0.925531395576142,0.0286454550724373,True
escape_plastic,MAPRE3,down,-0.7901027523456858,0.0291691579303132,True
escape_plastic,LPCAT1,down,-0.7453869886616058,0.0295805279383042,True
escape_plastic,CNIH3,down,-1.563316623124258,0.0299981263730205,True
escape_plastic,PFKFB4,down,-1.824844092042265,0.0314274652633653,True
escape_plastic,VAC14,down,-0.7230609561965347,0.0317382195970519,True
escape_plastic,ABCA5,down,-0.894350451792999,0.0319867283478102,True
escape_plastic,NXPH4,down,-1.624840395160816,0.0324302857931674,True
escape_plastic,SREBF2,down,-0.6147936822749873,0.0324302857931674,True
escape_plastic,PGK1,down,-1.0907577453985224,0.0327708507965115,True
escape_plastic,GOT1,down,-0.8960792439606755,0.0332274069591594,True
escape_plastic,SLC25A37,down,-0.6989659913973831,0.0332274069591594,True
escape_plastic,FTL,down,-1.1611283171255726,0.034529226071161,True
escape_plastic,SEC61G,down,-0.6332655218255945,0.0349153756581293,True
escape_plastic,FBXO22,down,-0.5964571567595303,0.0358592490819894,True
escape_plastic,GAPDH,down,-0.7507064149321856,0.0366122624092023,True
escape_plastic,CA12,down,-1.6614050144431165,0.0372570535966858,True
escape_plastic,CNOT6LP1,down,-0.5721277593087862,0.0372570535966858,True
escape_plastic,ANKZF1,down,-0.9129565324604648,0.0383115277426625,True
escape_hydrogel,TNFRSF11B,up,1.9398616272003295,0.0002077456354703,True
escape_hydrogel,ARID5B,up,1.520216647033433,0.0002077456354703,True
escape_hydrogel,LPAR1,up,1.1951397764115343,0.0002077456354703,True
escape_hydrogel,FKBP7,up,1.0914742640110076,0.0002077456354703,True
escape_hydrogel,TSPAN12,up,1.5604348456021295,0.0002495886448126,True
escape_hydrogel,ODC1,up,0.9494721839491772,0.0002650324545085,True
escape_hydrogel,DUSP6,up,1.2007577565011238,0.0002691799178078,True
escape_hydrogel,ERLEC1,up,0.7822591051171144,0.0002888836848627,True
escape_hydrogel,FILIP1L,up,1.6824285188797763,0.0004046185066889,True
escape_hydrogel,HMGN2,up,1.4516134574505228,0.0005696825404792,True
escape_hydrogel,TNFRSF19,up,1.2114006308162684,0.0005696825404792,True
escape_hydrogel,RARS2,up,0.6176803746499879,0.0005696825404792,True
escape_hydrogel,GNAI1,up,0.7914892333220624,0.0005775662933911,True
escape_hydrogel,GABPB1-AS1,up,1.17450651473471,0.0006981505666049,True
escape_hydrogel,CDH11,up,1.0162692226176104,0.0006981505666049,True
escape_hydrogel,TSPAN31,up,1.161674326421391,0.0007342394504162,True
escape_hydrogel,GPM6B,up,2.168403173071063,0.0007959164460816,True
escape_hydrogel,EFEMP1,up,0.9615607263626852,0.0008029893296343,True
escape_hydrogel,ADAMTSL1,up,1.3979471540016295,0.0008123256699938,True
escape_hydrogel,IGFBP5,up,1.3930849585063312,0.0008123256699938,True
escape_hydrogel,SEMA3A,up,1.2934337247109924,0.0008123256699938,True
escape_hydrogel,IGF2,up,2.2311826661565877,0.0008132713255667,True
escape_hydrogel,PIM1,up,1.4694801887099405,0.0008401798904129,True
escape_hydrogel,IL11RA,up,1.6199017216303642,0.0009391661294815,True
escape_hydrogel,VWA5A,up,1.0685516974957188,0.0010740525175558,True
escape_hydrogel,FBLN5,up,1.089500087310145,0.0011995094525875,True
escape_hydrogel,PDLIM1,up,1.368584121986644,0.001250935873344,True
escape_hydrogel,AC023494.1,up,0.845052471927929,0.001250935873344,True
escape_hydrogel,TMED4,up,0.5715199520517471,0.001250935873344,True
escape_hydrogel,RSRP1,up,0.8412470897018327,0.0012796714216291,True
escape_hydrogel,SVEP1,up,1.5322481394220135,0.0013861476755779,True
escape_hydrogel,MMD,up,1.4406864609143128,0.0013861476755779,True
escape_hydrogel,PLK2,up,1.3919278656025993,0.0013861476755779,True
escape_hydrogel,ANTXR1,up,0.8351764502697216,0.0013861476755779,True
escape_hydrogel,IMPDH2,up,0.5827359484597108,0.0014004434066028,True
escape_hydrogel,TIGD1,up,0.9108719027520968,0.0014016621100929,True
escape_hydrogel,MEDAG,up,1.9741563793253671,0.0014363542587515,True
escape_hydrogel,CDC45,up,2.224896883056714,0.0014364423904793,True
escape_hydrogel,TMEM176A,up,1.995709422473144,0.0014364423904793,True
escape_hydrogel,TAF9B,up,1.6657942414359352,0.0014364423904793,True
escape_hydrogel,EXT1,up,0.9617491859545728,0.0014364423904793,True
escape_hydrogel,PLPP5,up,0.9504829530801032,0.0014364423904793,True
escape_hydrogel,Z93930.3,up,0.6253378408598863,0.0014557749101601,True
escape_hydrogel,MAGED2,up,0.5865622431674957,0.0014889989174127,True
escape_hydrogel,SGIP1,up,0.8285750072108238,0.0015644002699514,True
escape_hydrogel,HMGB2,up,1.494631536739762,0.0015754080648619,True
escape_hydrogel,ORC3,up,0.8886595771423758,0.0015754080648619,True
escape_hydrogel,GPR20,up,1.4156850682562547,0.0015859410944375,True
escape_hydrogel,CTSC,up,1.755712842118144,0.0016057544244574,True
escape_hydrogel,AC073130.3,up,1.4057780154322503,0.001639805262194,True
escape_hydrogel,TPST1,up,0.9247573174857222,0.0016629512900004,True
escape_hydrogel,SHISA3,up,3.3069535230845495,0.0016659599408635,True
escape_hydrogel,S1PR3,up,1.8741215351083196,0.0016931642028463,True
escape_hydrogel,RFC4,up,0.8444178746547517,0.0016931642028463,True
escape_hydrogel,DCAF7,up,0.6111777344478129,0.0017463444741492,True
escape_hydrogel,LPAR3,up,1.9850852521487352,0.0017487769534048,True
escape_hydrogel,MAGED1,up,0.6231072045585844,0.0017667134089603,True
escape_hydrogel,FENDRR,up,1.1005780131009013,0.0017680507094694,True
escape_hydrogel,CALM2,up,1.0012428200610186,0.0018433772796373,True
escape_hydrogel,PCDH18,up,0.9787391509001662,0.0019756685177224,True
escape_hydrogel,SULF1,up,2.3655346167636027,0.0019820030440899,True
escape_hydrogel,SELENOM,up,0.595737310328821,0.0019820030440899,True
escape_hydrogel,KDM4D,up,1.1771844748637943,0.0019943419051071,True
escape_hydrogel,MCEE,up,0.9673228079695306,0.0019943419051071,True
escape_hydrogel,ILF3-DT,up,0.9374981871658918,0.0019943419051071,True
escape_hydrogel,CEBPD,up,0.6480801637609268,0.0019943419051071,True
escape_hydrogel,PRRX2,up,1.3031897332129598,0.0020289274811317,True
escape_hydrogel,SLC25A20,up,0.567474558631393,0.0020485646744486,True
escape_hydrogel,BLOC1S5,up,0.7477313022986323,0.0022578707395841,True
escape_hydrogel,ANGPT1,up,1.9576396839816816,0.0022929081228909,True
escape_hydrogel,SEC22B,up,0.6791753822164317,0.0023116600241861,True
escape_hydrogel,INTS10,up,0.5589828018248668,0.0024599633445774,True
escape_hydrogel,IFNGR2,up,0.6393629216480319,0.0024620712430342,True
escape_hydrogel,ALDH7A1,up,0.6329812465265858,0.0024620712430342,True
escape_hydrogel,PODNL1,up,1.44522062229178,0.0024751482145402,True
escape_hydrogel,USP18,up,1.3765787470171071,0.003056804989251,True
escape_hydrogel,BMP4,up,1.340898197107569,0.0030862013574486,True
escape_hydrogel,GALNT5,up,1.4497425999030191,0.0031788105464273,True
escape_hydrogel,SRSF8,up,0.5764075803191364,0.0033212906707046,True
escape_hydrogel,AC055839.2,up,0.8039363376714972,0.0033312749419358,True
escape_hydrogel,DIDO1,up,0.641646488468766,0.0033532745761751,True
escape_hydrogel,HMGB1,up,0.9171709926995336,0.003365823992632,True
escape_hydrogel,NNMT,up,0.950505520008659,0.0034548553309865,True
escape_hydrogel,NXT2,up,0.613866622051864,0.0036266115622082,True
escape_hydrogel,TPM2,up,1.002914805693723,0.0036885349257117,True
escape_hydrogel,PLAU,up,0.9461525354988828,0.0037221875386133,True
escape_hydrogel,RAB34,up,0.5823608950166559,0.0037221875386133,True
escape_hydrogel,HMGB1P5,up,0.9619712948040124,0.0038047820978345,True
escape_hydrogel,ZNF302,up,0.6571371162951456,0.0039831506069293,True
escape_hydrogel,SCAT2,up,1.2765432624608626,0.0040631031655021,True
escape_hydrogel,SRSF6,up,0.5152949571252621,0.0042494245294305,True
escape_hydrogel,LTBP1,up,0.8991587026758738,0.0043320499302477,True
escape_hydrogel,ANKRA2,up,0.8005560272084327,0.0045129536511209,True
escape_hydrogel,BICC1,up,0.9210098275384307,0.0046156164619737,True
escape_hydrogel,MND1,up,1.7219183367409812,0.0047025896639869,True
escape_hydrogel,PSRC1,up,1.0884558195287732,0.0047025896639869,True
escape_hydrogel,TERF2IP,up,0.5877305499394541,0.0047025896639869,True
escape_hydrogel,NMT2,up,0.524850716554941,0.0047025896639869,True
escape_hydrogel,RASL11B,up,2.90647573911387,0.0047797486644644,True
escape_hydrogel,HSD17B2,up,1.7973855007121011,0.0048066694282086,True
escape_hydrogel,HNRNPC,up,0.5587480839089025,0.0050234431709491,True
escape_hydrogel,GOLPH3,up,0.503750304911438,0.0050234431709491,True
escape_hydrogel,ACAA2,up,0.6158873452759015,0.0050320022539408,True
escape_hydrogel,RPL27A,up,0.5848132356837379,0.0050915374310324,True
escape_hydrogel,MCM6,up,0.8570121631681666,0.0051069495722988,True
escape_hydrogel,MINPP1,up,0.5923947188742802,0.0052114238087936,True
escape_hydrogel,PPP1R12A-AS1,up,1.0885540450029605,0.005265857892282,True
escape_hydrogel,COLEC10,up,1.7318258200101506,0.0052790023523571,True
escape_hydrogel,PCM1,up,0.706662642145325,0.0053355535942086,True
escape_hydrogel,AC244153.1,up,0.8861545963821429,0.0055175246293046,True
escape_hydrogel,H3-3B,up,0.7256640449372584,0.0055317998247264,True
escape_hydrogel,STX1A,up,1.2379584465777842,0.0056126525595693,True
escape_hydrogel,TRAPPC2,up,0.8648132833897706,0.0056665217657702,True
escape_hydrogel,VAMP2,up,0.8224462009294924,0.0056686358765537,True
escape_hydrogel,PTGER4,up,1.545070716780279,0.0061058205393395,True
escape_hydrogel,PMP22,up,1.0629472385993792,0.0061925344743661,True
escape_hydrogel,JMJD1C-AS1,up,0.9094839462004284,0.0063563140570594,True
escape_hydrogel,CENPA,up,2.120714748261057,0.006394560679112,True
escape_hydrogel,CEP44,up,0.9804912628132288,0.0064354923686806,True
escape_hydrogel,TYMS,up,1.0821992870975752,0.0064884480106416,True
escape_hydrogel,CEP63,up,0.5529255492810066,0.0065576711777198,True
escape_hydrogel,WDR5B,up,1.3236098714958424,0.0065739018891149,True
escape_hydrogel,NMD3,up,0.639995469568305,0.0066422888709287,True
escape_hydrogel,HBP1,up,0.7028486268148129,0.0070970563227893,True
escape_hydrogel,TGM2,up,1.488904272134155,0.007210829731537,True
escape_hydrogel,AC108010.1,up,0.7469622834050688,0.007210829731537,True
escape_hydrogel,ITGA1,up,2.219245380228824,0.0072433866203877,True
escape_hydrogel,KIAA1614-AS1,up,1.0327017920334147,0.0072656112363221,True
escape_hydrogel,RPL3,up,0.624878339670472,0.0074181515797931,True
escape_hydrogel,TMEM128,up,0.7726746107431466,0.0075695360486418,True
escape_hydrogel,ZNF362,up,0.5939824424268303,0.0075976931900887,True
escape_hydrogel,CIRBP,up,0.9861120093376106,0.0078468325374594,True
escape_hydrogel,GLT8D2,up,0.8076188406740687,0.0078468325374594,True
escape_hydrogel,ERGIC2,up,0.5269079042733082,0.0078468325374594,True
escape_hydrogel,HMGN1,up,0.5403366556492726,0.0079469486260249,True
escape_hydrogel,PTPN12,up,1.022952756861835,0.0079555559411012,True
escape_hydrogel,CXCL8,up,4.286228949930348,0.0080784294608984,True
escape_hydrogel,DTWD1,up,1.184663372071277,0.0082156353171626,True
escape_hydrogel,PCNA,up,0.6019437815193007,0.0082156353171626,True
escape_hydrogel,PDE10A,up,1.8332861793082889,0.0082964981242174,True
escape_hydrogel,NSMCE1,up,0.6625019779190624,0.0084084588033032,True
escape_hydrogel,KLHDC2,up,0.5834245390468622,0.0084864355336791,True
escape_hydrogel,CCL7,up,0.7289918116242334,0.0086003371631465,True
escape_hydrogel,RAD9B,up,1.9786747614573037,0.008625614195807,True
escape_hydrogel,RING1,up,0.7045549240231535,0.0087580050960768,True
escape_hydrogel,PDK4,up,2.626185583986357,0.008843579677531,True
escape_hydrogel,KIF20A,up,2.8247390148131575,0.0089226369448841,True
escape_hydrogel,ABHD17C,up,0.7655939952511033,0.0089952773890192,True
escape_hydrogel,SETD6,up,1.174070883640976,0.009232996453172,True
escape_hydrogel,PDGFRL,up,0.9241508114152692,0.009232996453172,True
escape_hydrogel,LAMP3,down,-3.409560976162815,4.929653711221494e-05,True
escape_hydrogel,HSD17B14,down,-2.8328723456833083,6.796152666459977e-05,True
escape_hydrogel,AC011586.2,down,-1.6331728478225074,0.0001493525540962,True
escape_hydrogel,GAPLINC,down,-1.5699256208043904,0.0001493525540962,True
escape_hydrogel,CABP1,down,-1.246307677472782,0.0001493525540962,True
escape_hydrogel,SPNS1,down,-1.0410375673916876,0.0001493525540962,True
escape_hydrogel,ACAT1,down,-0.717655505644907,0.0001493525540962,True
escape_hydrogel,DUSP3,down,-1.2989445958016643,0.0001583119473693,True
escape_hydrogel,BLNK,down,-2.3282333834846964,0.0001896982007935,True
escape_hydrogel,VEGFB,down,-2.299199484668327,0.0002298475884943,True
escape_hydrogel,ENO2,down,-2.26310749570006,0.0002650324545085,True
escape_hydrogel,WSB2,down,-1.075489296109344,0.0002691799178078,True
escape_hydrogel,MGST3,down,-0.984282749346288,0.0002691799178078,True
escape_hydrogel,SREBF2,down,-1.258054481748048,0.0003658262107199,True
escape_hydrogel,VAT1,down,-1.7709239015129814,0.0004046185066889,True
escape_hydrogel,CYSTM1,down,-1.4932774796360235,0.0004046185066889,True
escape_hydrogel,HSPA9,down,-1.310259253590656,0.0004200052420816,True
escape_hydrogel,EGLN3,down,-3.586169334414093,0.0004287445919476,True
escape_hydrogel,DDIT3,down,-1.5966492154462837,0.0004287445919476,True
escape_hydrogel,SLC6A8,down,-1.8313913916884357,0.0004914674316925,True
escape_hydrogel,CLN3,down,-1.1734270998678349,0.0005081832574381,True
escape_hydrogel,ATP6V0D1,down,-0.5837813156709877,0.0005081832574381,True
escape_hydrogel,OMG,down,-1.740453697702032,0.0005775662933911,True
escape_hydrogel,SLC38A11,down,-1.375435870429493,0.0005775662933911,True
escape_hydrogel,VEGFA,down,-1.5445683073119896,0.0006535991101397,True
escape_hydrogel,GBE1,down,-1.5461858682625027,0.0006981505666049,True
escape_hydrogel,NEU1,down,-1.5344831672830717,0.0007748740839534,True
escape_hydrogel,CKB,down,-1.4567579530578398,0.0007748740839534,True
escape_hydrogel,BEX2,down,-1.9128691697603235,0.0008029893296343,True
escape_hydrogel,SDCBP,down,-1.1621526006428908,0.0008029893296343,True
escape_hydrogel,ARFGEF3,down,-1.6273358350703222,0.0008123256699938,True
escape_hydrogel,LRRC15,down,-1.6442560842371736,0.0008401798904129,True
escape_hydrogel,M6PR,down,-0.8387726024446889,0.0008432511483114,True
escape_hydrogel,GPR146,down,-1.4163315056711547,0.0009278541788205,True
escape_hydrogel,PRELP,down,-1.9500417648546848,0.0010149639595263,True
escape_hydrogel,LAMP2,down,-0.7818481998876718,0.0010252621333727,True
escape_hydrogel,GBA,down,-1.471725937969047,0.0010297900576209,True
escape_hydrogel,LOXL2,down,-1.5047455669604384,0.0011638578239882,True
escape_hydrogel,MSANTD3,down,-1.2253887893544726,0.0011638578239882,True
escape_hydrogel,ERO1A,down,-1.7449003385923572,0.001250935873344,True
escape_hydrogel,PCDH1,down,-1.4351334654402883,0.001250935873344,True
escape_hydrogel,RAB29,down,-1.130541811059716,0.001250935873344,True
escape_hydrogel,SLC38A7,down,-1.1925277950963662,0.0012685267479329,True
escape_hydrogel,CSTB,down,-1.2948058335356962,0.0013861476755779,True
escape_hydrogel,UCHL1,down,-1.22391926337375,0.0013861476755779,True
escape_hydrogel,TRIB3,down,-2.3132298221768317,0.0014178932869013,True
escape_hydrogel,ATP1B3,down,-0.7432126937907921,0.0014178932869013,True
escape_hydrogel,LONP1,down,-1.3298382772793371,0.0014364423904793,True
escape_hydrogel,TRPM7,down,-1.3179826022285606,0.0014364423904793,True
escape_hydrogel,JUND,down,-1.188933471920583,0.0014364423904793,True
escape_hydrogel,TXN,down,-0.7684552886497675,0.0014364423904793,True
escape_hydrogel,CTSL,down,-0.7489188554555999,0.0014364423904793,True
escape_hydrogel,MOSPD1,down,-1.2610177123955135,0.0014604638297589,True
escape_hydrogel,GDF15,down,-2.120791431040854,0.0015217820367359,True
escape_hydrogel,ASAH1,down,-1.6338325896156485,0.0015369152238736,True
escape_hydrogel,RAB32,down,-1.3878468133491189,0.0015644002699514,True
escape_hydrogel,P4HA2,down,-1.1431495582087106,0.0015754080648619,True
escape_hydrogel,ATP6V1C1,down,-0.8661167660062921,0.0015871743192851,True
escape_hydrogel,CLTA,down,-0.9031776951023628,0.001639805262194,True
escape_hydrogel,AMDHD2,down,-2.407779466438198,0.0016931642028463,True
escape_hydrogel,MT3,down,-1.064633104311398,0.0017142202012587,True
escape_hydrogel,NPC2,down,-1.6215806399954211,0.0017305189380751,True
escape_hydrogel,GMEB2,down,-0.9337206438454482,0.0017315184901519,True
escape_hydrogel,RNF187,down,-1.3445626923637573,0.0017680507094694,True
escape_hydrogel,CCDC157,down,-1.230509998651438,0.0017680507094694,True
escape_hydrogel,TMEM126B,down,-0.8062056179005892,0.0018436734477949,True
escape_hydrogel,MSR1,down,-1.882499116594491,0.0018903514598782,True
escape_hydrogel,GTPBP2,down,-1.8346251075732212,0.0019179092918298,True
escape_hydrogel,MAP1A,down,-0.7739135875903993,0.0019280893768171,True
escape_hydrogel,NAPA,down,-0.7249380736231754,0.0019726239361686,True
escape_hydrogel,PLA2G15,down,-0.6987900173301678,0.0019756685177224,True
escape_hydrogel,LRRC25,down,-1.9760876775860403,0.0019943419051071,True
escape_hydrogel,RNF185,down,-0.60803207586891,0.0019943419051071,True
escape_hydrogel,MRPS6,down,-0.6255159251789761,0.0021009057427481,True
escape_hydrogel,TAC1,down,-1.9911210343522492,0.0022359418826854,True
escape_hydrogel,SERINC2,down,-0.865342606255298,0.0022578707395841,True
escape_hydrogel,HEXB,down,-1.2827218451198656,0.0022647528526476,True
escape_hydrogel,CTSD,down,-1.3189838195163857,0.0023116600241861,True
escape_hydrogel,CYP19A1,down,-1.320360533345441,0.0024045641349307,True
escape_hydrogel,ARL8B,down,-0.7073429594026419,0.0024227602275726,True
escape_hydrogel,PLOD3,down,-0.5231764241918131,0.0024525717792245,True
escape_hydrogel,KCNS1,down,-1.6771482539340643,0.0024620712430342,True
escape_hydrogel,SCARB1,down,-1.4729388070948488,0.0024620712430342,True
escape_hydrogel,ARHGAP24,down,-1.2700318141849238,0.0024620712430342,True
escape_hydrogel,PEPD,down,-0.9239544407555816,0.0024620712430342,True
escape_hydrogel,TBC1D3D,down,-0.6789352155223718,0.0024620712430342,True
escape_hydrogel,ITGB5,down,-0.5968681804321849,0.0024620712430342,True
escape_hydrogel,SV2A,down,-0.8046049834879798,0.0025267379352871,True
escape_hydrogel,PNMA6A,down,-1.9238070417562572,0.0025584166865155,True
escape_hydrogel,RPP25,down,-1.4773399997845642,0.002727905297475,True
escape_hydrogel,APLN,down,-2.497071880382218,0.0029578034788535,True
escape_hydrogel,UPP1,down,-1.773756593079556,0.0030072970340518,True
escape_hydrogel,SPHK1,down,-1.206357669055055,0.0030072970340518,True
escape_hydrogel,SLC38A6,down,-0.8752951401400004,0.0030072970340518,True
escape_hydrogel,ASB5,down,-2.0941283910024855,0.0031788105464273,True
escape_hydrogel,C3AR1,down,-1.5523244200088158,0.0034695249269386,True
escape_hydrogel,RNF14,down,-0.6149014024818769,0.0034695249269386,True
escape_hydrogel,SMIM3,down,-1.518434351373155,0.0034835875796394,True
escape_hydrogel,TPBG,down,-0.7917369009504123,0.0036885349257117,True
escape_hydrogel,EDEM1,down,-0.9498553181500275,0.0037221875386133,True
escape_hydrogel,PPT1,down,-0.522827623011247,0.0037221875386133,True
escape_hydrogel,CREG2,down,-1.3301510597334432,0.0037329105645193,True
escape_hydrogel,SPAG4,down,-1.6419744048922322,0.0037438768297563,True
escape_hydrogel,RBCK1,down,-0.625769230507109,0.0040616655952918,True
escape_hydrogel,TOMM34,down,-0.6439576742776945,0.0040807595793613,True
escape_hydrogel,RIMS4,down,-0.8715603723474707,0.0042494245294305,True
escape_hydrogel,SMTNL2,down,-2.0769811970303595,0.0042620643385655,True
escape_hydrogel,ITGA5,down,-1.251414041817993,0.0043556078587976,True
escape_hydrogel,LAMB3,down,-0.8181536469304468,0.0044523977648244,True
escape_hydrogel,GPR1,down,-2.163398995549085,0.0045111364709081,True
escape_hydrogel,PLA1A,down,-2.51366696084109,0.0046156164619737,True
escape_hydrogel,CDK4,down,-1.0007089133415557,0.0047025896639869,True
escape_hydrogel,LGALS3,down,-1.757109267160844,0.0047797486644644,True
escape_hydrogel,STK11,down,-0.6953127106534089,0.0049102155316841,True
escape_hydrogel,MTCH2,down,-0.7293976844760066,0.005010778692388,True
escape_hydrogel,SYPL2,down,-1.282451296951035,0.0052114238087936,True
escape_hydrogel,TLCD3A,down,-0.9099614124796084,0.0052114238087936,True
escape_hydrogel,MIPEPP3,down,-0.86634617166722,0.0052114238087936,True
escape_hydrogel,SCN1B,down,-1.16312400869252,0.0053472721136498,True
escape_hydrogel,AC092490.1,down,-1.5414462235414352,0.0054181718767157,True
escape_hydrogel,AL161772.1,down,-2.073273993975732,0.0054465292381817,True
escape_hydrogel,NXPH4,down,-2.034034430815016,0.0054465292381817,True
escape_hydrogel,TMEM147,down,-0.6717444864452911,0.0054465292381817,True
escape_hydrogel,NMRAL2P,down,-1.9053269819327157,0.0057776551313909,True
escape_hydrogel,PLXNA1,down,-1.474792199320316,0.0058737989288697,True
escape_hydrogel,CYP3A7,down,-1.9222489729885888,0.0059609515510085,True
escape_hydrogel,GNPDA1,down,-1.4274483836763534,0.0059609515510085,True
escape_hydrogel,RASSF6,down,-1.0083452847099323,0.0059609515510085,True
escape_hydrogel,P2RX7,down,-2.7736895509835184,0.0060089577268024,True
escape_hydrogel,HACD1,down,-1.5095789685273635,0.0063209312432684,True
escape_hydrogel,GARS1,down,-0.9035565898534212,0.0063209312432684,True
escape_hydrogel,SLC17A5,down,-0.8058764660370041,0.0063582940052772,True
escape_hydrogel,RRAGC,down,-1.6682436909478775,0.0064354923686806,True
escape_hydrogel,NCS1,down,-1.3150715613902668,0.0064354923686806,True
escape_hydrogel,ABHD6,down,-1.1444984561022613,0.0064721835763046,True
escape_hydrogel,RAMP3,down,-1.55937178812737,0.0064884480106416,True
escape_hydrogel,RAP2A,down,-1.1053021180663714,0.0064884480106416,True
escape_hydrogel,NUDT14,down,-2.0942588746806674,0.0065373120245482,True
escape_hydrogel,CNOT6LP1,down,-0.7130705420628671,0.0065373120245482,True
escape_hydrogel,GTF2H1,down,-0.660538310729375,0.0065576711777198,True
escape_hydrogel,UAP1L1,down,-2.8189614966486687,0.0066422888709287,True
escape_hydrogel,TDP2,down,-0.792582990713389,0.0066422888709287,True
escape_hydrogel,CD63,down,-0.762839678304335,0.0066422888709287,True
escape_hydrogel,ENOPH1,down,-0.6641679581954452,0.0068126201767475,True
escape_hydrogel,SQSTM1,down,-1.210207091459778,0.0069445615040771,True
escape_hydrogel,CRYM,down,-0.8246770741781368,0.0070970563227893,True
escape_hydrogel,SNTA1,down,-0.931146045260522,0.0072433866203877,True
escape_hydrogel,TPP1,down,-1.1849389282034788,0.0073544826424133,True
escape_hydrogel,FNDC10,down,-1.5040012533129998,0.007389163945717,True
escape_hydrogel,HLA-V,down,-0.6717145134630461,0.007389163945717,True
hydrogel_specific_residual,NNMT,up,1.6376995152568523,0.0019614306660905,True
hydrogel_specific_residual,FBLN5,up,1.185495088866812,0.0053827885073207,True
hydrogel_specific_residual,VWA5A,up,1.167289254129655,0.0053827885073207,True
hydrogel_specific_residual,MIR210HG,up,1.8152337194720765,0.0063099815225313,True
hydrogel_specific_residual,COL8A1,up,1.526279565725753,0.0074548906337068,True
hydrogel_specific_residual,SLC40A1,up,1.28894538194348,0.0104805688176527,True
hydrogel_specific_residual,AC089983.1,up,0.6915904565976678,0.0105500788758481,True
hydrogel_specific_residual,LUM,up,1.2196023828185476,0.0130788760124807,True
hydrogel_specific_residual,EDNRA,up,0.8653635113620228,0.0130788760124807,True
hydrogel_specific_residual,PF4V1,up,0.7966342708825888,0.0130788760124807,True
hydrogel_specific_residual,TVP23C,up,0.5837258146344364,0.0130788760124807,True
hydrogel_specific_residual,LRRC6,up,1.1605616917336832,0.0251419479339077,True
hydrogel_specific_residual,SPAG4,up,1.6015416534158302,0.0271819954955245,True
hydrogel_specific_residual,PAMR1,up,0.9584846450447452,0.0277716598484356,True
hydrogel_specific_residual,CYSTM1,up,0.9476950126301456,0.0286106989739686,True
hydrogel_specific_residual,ANGPT1,up,1.7135368432643876,0.0306468500586251,True
hydrogel_specific_residual,SYNGR2,up,0.6410186160350926,0.0306468500586251,True
hydrogel_specific_residual,PODN,up,1.388164028641234,0.0340781261666895,True
hydrogel_specific_residual,FAP,up,1.118841731560837,0.0359973524662954,True
hydrogel_specific_residual,PKM,up,0.7670744009966777,0.0364589945627661,True
hydrogel_specific_residual,PCGF5,up,0.6826291697173983,0.0415604300170181,True
hydrogel_specific_residual,KIAA1614-AS1,up,1.0091022959618663,0.0417076924303186,True
hydrogel_specific_residual,TIMP3,up,0.9784794739620571,0.0417076924303186,True
hydrogel_specific_residual,EHF,up,0.8579101056985272,0.0448681844458413,True
hydrogel_specific_residual,AC104806.2,up,0.7156794012533108,0.0464149516196667,True
hydrogel_specific_residual,CDC45,up,1.608957099395695,0.0477229050396699,True
hydrogel_specific_residual,HMGA1,up,0.8152144689906629,0.0491131058720182,True
hydrogel_specific_residual,G0S2,up,1.4269899699788398,0.0491731195243454,True
hydrogel_specific_residual,CDH11,up,0.622169051297067,0.0507146152348381,True
hydrogel_specific_residual,LINC00921,up,0.8135741768500738,0.0517656489399973,True
hydrogel_specific_residual,CCL7,up,0.6973231134514561,0.0521486375697599,True
hydrogel_specific_residual,TBX1,up,1.5177581645980245,0.0552925200787689,True
hydrogel_specific_residual,RDH10,up,1.4413132384644003,0.0573253753425104,True
hydrogel_specific_residual,NDUFA4L2,up,2.0752535430575385,0.068582666019216,True
hydrogel_specific_residual,C6orf141,up,0.8256199857347841,0.0713357899006064,True
hydrogel_specific_residual,CRHBP,up,1.839296360222125,0.0714829787593349,True
hydrogel_specific_residual,TGM2,up,1.2840128582603505,0.0742608359977617,True
hydrogel_specific_residual,HTRA1,up,0.639902856213233,0.0742608359977617,True
hydrogel_specific_residual,PAQR5,up,2.297959627257218,0.0744117265449253,True
hydrogel_specific_residual,F2R,up,0.6075765106782187,0.0755227952913225,True
hydrogel_specific_residual,AL591623.1,up,0.5885980292920583,0.0771536645618551,True
hydrogel_specific_residual,TMC6,up,1.0626607154412624,0.081853412216092,True
hydrogel_specific_residual,RTL10,up,1.5656629904430606,0.0842161386567597,True
hydrogel_specific_residual,ACOT7,up,0.7737612332201746,0.0844823975155629,True
hydrogel_specific_residual,CYP24A1,up,2.5455932269481036,0.0910228708025089,True
hydrogel_specific_residual,AC010184.1,up,0.8097897335948175,0.0910349953577823,True
hydrogel_specific_residual,GYPC,up,0.6562485864712686,0.0910349953577823,True
hydrogel_specific_residual,SLC1A5,up,0.5038039015144768,0.0910349953577823,True
hydrogel_specific_residual,TSPAN19,up,1.0117914927008615,0.091474623841612,True
hydrogel_specific_residual,PSPH,up,0.6399199942325762,0.0972748500282088,True
hydrogel_specific_residual,CAT,down,-0.7011052454532605,0.0035009509582609,True
hydrogel_specific_residual,KIF26A,down,-1.0660254052864038,0.0053827885073207,True
hydrogel_specific_residual,RBM26,down,-0.7300997404722773,0.0053827885073207,True
hydrogel_specific_residual,MT-ND3,down,-0.7575516206522455,0.0056382382128066,True
hydrogel_specific_residual,BZW2,down,-0.5899616891894497,0.0056382382128066,True
hydrogel_specific_residual,C1orf216,down,-0.8974371729901187,0.0104521912976206,True
hydrogel_specific_residual,LINC00106,down,-0.6669485401606694,0.0104521912976206,True
hydrogel_specific_residual,MEIS1-AS2,down,-0.980827430941852,0.0107760002630448,True
hydrogel_specific_residual,TCF24,down,-1.2039292959029857,0.0130788760124807,True
hydrogel_specific_residual,ZNF711,down,-0.956395765403329,0.0130788760124807,True
hydrogel_specific_residual,HNRNPDL,down,-0.5179876218633481,0.0162985040432745,True
hydrogel_specific_residual,YLPM1,down,-0.9484085361054332,0.0169184521309904,True
hydrogel_specific_residual,C20orf27,down,-0.849387712511128,0.0182608549212183,True
hydrogel_specific_residual,ZNF768,down,-0.685598406168481,0.0182608549212183,True
hydrogel_specific_residual,LAMB3,down,-0.8694151256642466,0.0190971118731731,True
hydrogel_specific_residual,LINC00629,down,-1.6436340927329538,0.020341478001742,True
hydrogel_specific_residual,MRPL23-AS1,down,-0.6799102886338869,0.0229766811177167,True
hydrogel_specific_residual,COL13A1,down,-1.496029605079764,0.0251419479339077,True
hydrogel_specific_residual,H2BC15,down,-1.3753468367396111,0.0262593031553248,True
hydrogel_specific_residual,Z95331.1,down,-1.336440448618411,0.0277716598484356,True
hydrogel_specific_residual,CCDC157,down,-1.0416591161395203,0.0292647096634778,True
hydrogel_specific_residual,AL049840.2,down,-0.9108307037614436,0.029519443606189,True
hydrogel_specific_residual,SOSTDC1,down,-1.1643834154423964,0.0306468500586251,True
hydrogel_specific_residual,LRRC37A2,down,-0.910804485757306,0.0306468500586251,True
hydrogel_specific_residual,PDCD11,down,-1.8059240857244307,0.0332328537622319,True
hydrogel_specific_residual,ITPR3,down,-1.5410113715510407,0.0332328537622319,True
hydrogel_specific_residual,HBA1,down,-1.0422212453579702,0.0340781261666895,True
hydrogel_specific_residual,ZNF114,down,-1.4947281514023127,0.0364589945627661,True
hydrogel_specific_residual,ADAMTSL1,down,-0.953086697471337,0.037475634524007,True
hydrogel_specific_residual,HNRNPD-DT,down,-0.713602946222762,0.0398035792622496,True
hydrogel_specific_residual,AC110611.1,down,-0.9213388481836412,0.0412846001989048,True
hydrogel_specific_residual,OPA1,down,-0.5394032803647084,0.0417076924303186,True
hydrogel_specific_residual,PMS2P3,down,-0.5175610224009388,0.0495117204041796,True
hydrogel_specific_residual,CBFA2T2,down,-0.88560110249542,0.0495510938678553,True
hydrogel_specific_residual,DPT,down,-2.1540703444930664,0.0507146152348381,True
hydrogel_specific_residual,GTF2A1,down,-0.974840602557647,0.0507146152348381,True
hydrogel_specific_residual,ARHGAP20,down,-0.8422339329486127,0.0507146152348381,True
hydrogel_specific_residual,RASA1,down,-0.7175194112672396,0.0507146152348381,True
hydrogel_specific_residual,NREP,down,-0.6289185479836163,0.0508438249203567,True
hydrogel_specific_residual,AC011466.1,down,-0.6121818030813942,0.0508438249203567,True
hydrogel_specific_residual,TRPM7,down,-0.927933580907034,0.052164710090778,True
hydrogel_specific_residual,AUXG01000058.1,down,-1.7580526133551913,0.0531532563037909,True
hydrogel_specific_residual,COL26A1,down,-2.3650537359374537,0.0552925200787689,True
hydrogel_specific_residual,MYCBP2-AS1,down,-0.7864944318005845,0.0573253753425104,True
hydrogel_specific_residual,UBE3C,down,-0.7379461382359391,0.0577108219443239,True
hydrogel_specific_residual,ABCB7,down,-0.844260340074078,0.0586976848755026,True
hydrogel_specific_residual,AC026341.1,down,-0.6804495339516986,0.0586976848755026,True
hydrogel_specific_residual,KIAA1841,down,-0.9802714417606564,0.0588606767734021,True
hydrogel_specific_residual,IREB2,down,-0.8565822633210258,0.0588606767734021,True
hydrogel_specific_residual,KCNS2,down,-1.6471709405718422,0.0677063666795621,True
hydrogel_specific_residual,AC011921.1,down,-0.8646717399800384,0.068582666019216,True
hydrogel_specific_residual,ABHD3,down,-0.7604059088589943,0.068582666019216,True
hydrogel_specific_residual,ATRNL1,down,-1.5252790085326169,0.069413037753526,True
hydrogel_specific_residual,ZNF627,down,-0.702633180244935,0.0713357899006064,True
hydrogel_specific_residual,AL513314.2,down,-0.6343239232172955,0.0713357899006064,True
hydrogel_specific_residual,MBD5,down,-1.6731990474424214,0.0756233861066946,True
hydrogel_specific_residual,AC093535.2,down,-0.6531846899252358,0.0773503450357962,True
hydrogel_specific_residual,ZNF254,down,-0.5166289468372538,0.0773503450357962,True
hydrogel_specific_residual,SUZ12P1,down,-0.6585858898598564,0.0777581603808286,True
hydrogel_specific_residual,COILP1,down,-0.6057714273412642,0.0777581603808286,True
hydrogel_specific_residual,CACNG7,down,-0.6042229558965225,0.0777581603808286,True
hydrogel_specific_residual,AC044849.1,down,-0.5119226616887145,0.0786214556868948,True
hydrogel_specific_residual,NHLRC4,down,-1.26554006127766,0.079082381359599,True
hydrogel_specific_residual,LMO4,down,-1.0278314676496203,0.079082381359599,True
hydrogel_specific_residual,LRCH1,down,-0.9810309233888652,0.079082381359599,True
hydrogel_specific_residual,AL390783.1,down,-1.9255977048732031,0.0840619566312013,True
hydrogel_specific_residual,AC051619.4,down,-0.7726609543014955,0.0842161386567597,True
hydrogel_specific_residual,RNU1-1,down,-0.6272882046495091,0.0844823975155629,True
hydrogel_specific_residual,SFMBT2,down,-2.001726499674787,0.0867311795469493,True
hydrogel_specific_residual,NUP155,down,-1.1725152460198087,0.0903114320730058,True
hydrogel_specific_residual,UCKL1-AS1,down,-1.0592091179801333,0.0910228708025089,True
hydrogel_specific_residual,ZBTB46,down,-1.5399587061448918,0.0910349953577823,True
hydrogel_specific_residual,NTN1,down,-1.4298029367302696,0.0910349953577823,True
hydrogel_specific_residual,AFDN,down,-1.160617461988428,0.0910349953577823,True
hydrogel_specific_residual,SLC16A1-AS1,down,-0.9976482499150624,0.0910349953577823,True
hydrogel_specific_residual,NEXN-AS1,down,-0.8913610926966241,0.0910349953577823,True
hydrogel_specific_residual,RGPD5,down,-2.075206910943285,0.0972748500282088,True
hydrogel_specific_residual,RSAD2,down,-1.4781015256850556,0.0972748500282088,True
environment_dependent_escape,TVP23C,up,1.2056207603919895,0.0050228739625142,True
environment_dependent_escape,KIAA1614-AS1,up,1.6470549316134728,0.0971232135155501,True
environment_dependent_escape,AC089983.1,up,0.8356643979915677,0.0971232135155501,True
environment_dependent_escape,ITGB2-AS1,up,0.6268237209819566,0.0971232135155501,True
environment_dependent_escape,PRELP,down,-2.27350857031775,0.0971232135155501,True
environment_dependent_escape,AC110611.1,down,-1.614906317822263,0.0971232135155501,True
environment_dependent_escape,SPARCL1,down,-1.259824463151686,0.0971232135155501,True
environment_dependent_escape,AC126763.1,down,-0.7376409585685564,0.0971232135155501,True
