comparison,pool,donor_id,candidate_program,known_program,top_k,known_gene_count,candidate_gene_count,overlap_genes,jaccard,null_q95,null_empirical_p,benchmark_detectable
pooled_to_known,broad_lam_like,pooled,program_1,CORE1,25,8,25,1,0.03125,0.0,0.01,True
pooled_to_known,broad_lam_like,pooled,program_1,CORE1,50,8,50,2,0.03571428571428571,0.0,0.0,True
pooled_to_known,broad_lam_like,pooled,program_1,CORE1,100,8,50,2,0.03571428571428571,0.0,0.0,True
pooled_to_known,broad_lam_like,pooled,program_2,CORE1,25,8,25,1,0.03125,0.0,0.01,True
pooled_to_known,broad_lam_like,pooled,program_2,CORE1,50,8,50,2,0.03571428571428571,0.0,0.0,True
pooled_to_known,broad_lam_like,pooled,program_2,CORE1,100,8,50,2,0.03571428571428571,0.0,0.0,True
pooled_to_known,broad_lam_like,pooled,program_3,CORE1,25,8,25,2,0.06451612903225806,0.0,0.0,True
pooled_to_known,broad_lam_like,pooled,program_3,CORE1,50,8,50,3,0.05454545454545454,0.0,0.0,True
pooled_to_known,broad_lam_like,pooled,program_3,CORE1,100,8,50,3,0.05454545454545454,0.0,0.0,True
pooled_to_known,high_confidence,pooled,program_1,CORE1,25,8,25,0,0.0,0.0,1.0,False
pooled_to_known,high_confidence,pooled,program_1,CORE1,50,8,50,2,0.03571428571428571,0.0,0.0,True
pooled_to_known,high_confidence,pooled,program_1,CORE1,100,8,50,2,0.03571428571428571,0.0,0.0,True
pooled_to_known,high_confidence,pooled,program_2,CORE1,25,8,25,0,0.0,0.0,1.0,False
pooled_to_known,high_confidence,pooled,program_2,CORE1,50,8,50,1,0.017543859649122806,0.0,0.002,True
pooled_to_known,high_confidence,pooled,program_2,CORE1,100,8,50,1,0.017543859649122806,0.0,0.002,True
pooled_to_known,high_confidence,pooled,program_3,CORE1,25,8,25,0,0.0,0.0,1.0,False
pooled_to_known,high_confidence,pooled,program_3,CORE1,50,8,50,0,0.0,0.0,1.0,False
pooled_to_known,high_confidence,pooled,program_3,CORE1,100,8,50,0,0.0,0.0,1.0,False
pooled_to_known,unrestricted_lam,pooled,program_1,CORE1,25,8,25,2,0.06451612903225806,0.0,0.0,True
pooled_to_known,unrestricted_lam,pooled,program_1,CORE1,50,8,50,2,0.03571428571428571,0.0,0.0,True
pooled_to_known,unrestricted_lam,pooled,program_1,CORE1,100,8,50,2,0.03571428571428571,0.0,0.0,True
pooled_to_known,unrestricted_lam,pooled,program_2,CORE1,25,8,25,3,0.1,0.0,0.0,True
pooled_to_known,unrestricted_lam,pooled,program_2,CORE1,50,8,50,3,0.05454545454545454,0.0,0.0,True
pooled_to_known,unrestricted_lam,pooled,program_2,CORE1,100,8,50,3,0.05454545454545454,0.0,0.0,True
pooled_to_known,unrestricted_lam,pooled,program_3,CORE1,25,8,25,3,0.1,0.0,0.0,True
pooled_to_known,unrestricted_lam,pooled,program_3,CORE1,50,8,50,3,0.05454545454545454,0.0,0.0,True
pooled_to_known,unrestricted_lam,pooled,program_3,CORE1,100,8,50,3,0.05454545454545454,0.0,0.0,True
donor_to_known,broad_lam_like,LAM1,program_1,CORE1,25,8,25,0,0.0,,,
donor_to_known,broad_lam_like,LAM1,program_1,CORE1,50,8,50,1,0.017543859649122806,,,
donor_to_known,broad_lam_like,LAM1,program_1,CORE1,100,8,50,1,0.017543859649122806,,,
donor_to_known,broad_lam_like,LAM1,program_2,CORE1,25,8,25,0,0.0,,,
donor_to_known,broad_lam_like,LAM1,program_2,CORE1,50,8,50,0,0.0,,,
donor_to_known,broad_lam_like,LAM1,program_2,CORE1,100,8,50,0,0.0,,,
donor_to_known,broad_lam_like,LAM1,program_3,CORE1,25,8,25,0,0.0,,,
donor_to_known,broad_lam_like,LAM1,program_3,CORE1,50,8,50,1,0.017543859649122806,,,
donor_to_known,broad_lam_like,LAM1,program_3,CORE1,100,8,50,1,0.017543859649122806,,,
donor_to_known,broad_lam_like,LAM2,program_1,CORE1,25,8,25,2,0.06451612903225806,,,
donor_to_known,broad_lam_like,LAM2,program_1,CORE1,50,8,50,3,0.05454545454545454,,,
donor_to_known,broad_lam_like,LAM2,program_1,CORE1,100,8,50,3,0.05454545454545454,,,
donor_to_known,broad_lam_like,LAM2,program_2,CORE1,25,8,25,2,0.06451612903225806,,,
donor_to_known,broad_lam_like,LAM2,program_2,CORE1,50,8,50,2,0.03571428571428571,,,
donor_to_known,broad_lam_like,LAM2,program_2,CORE1,100,8,50,2,0.03571428571428571,,,
donor_to_known,broad_lam_like,LAM2,program_3,CORE1,25,8,25,2,0.06451612903225806,,,
donor_to_known,broad_lam_like,LAM2,program_3,CORE1,50,8,50,2,0.03571428571428571,,,
donor_to_known,broad_lam_like,LAM2,program_3,CORE1,100,8,50,2,0.03571428571428571,,,
donor_to_known,broad_lam_like,LAM3,program_1,CORE1,25,8,25,0,0.0,,,
donor_to_known,broad_lam_like,LAM3,program_1,CORE1,50,8,50,1,0.017543859649122806,,,
donor_to_known,broad_lam_like,LAM3,program_1,CORE1,100,8,50,1,0.017543859649122806,,,
donor_to_known,broad_lam_like,LAM3,program_2,CORE1,25,8,25,0,0.0,,,
donor_to_known,broad_lam_like,LAM3,program_2,CORE1,50,8,50,0,0.0,,,
donor_to_known,broad_lam_like,LAM3,program_2,CORE1,100,8,50,0,0.0,,,
donor_to_known,broad_lam_like,LAM3,program_3,CORE1,25,8,25,2,0.06451612903225806,,,
donor_to_known,broad_lam_like,LAM3,program_3,CORE1,50,8,50,3,0.05454545454545454,,,
donor_to_known,broad_lam_like,LAM3,program_3,CORE1,100,8,50,3,0.05454545454545454,,,
donor_to_known,broad_lam_like,LAM4,program_1,CORE1,25,8,25,0,0.0,,,
donor_to_known,broad_lam_like,LAM4,program_1,CORE1,50,8,50,0,0.0,,,
donor_to_known,broad_lam_like,LAM4,program_1,CORE1,100,8,50,0,0.0,,,
donor_to_known,broad_lam_like,LAM4,program_2,CORE1,25,8,25,1,0.03125,,,
donor_to_known,broad_lam_like,LAM4,program_2,CORE1,50,8,50,1,0.017543859649122806,,,
donor_to_known,broad_lam_like,LAM4,program_2,CORE1,100,8,50,1,0.017543859649122806,,,
donor_to_known,broad_lam_like,LAM4,program_3,CORE1,25,8,25,0,0.0,,,
donor_to_known,broad_lam_like,LAM4,program_3,CORE1,50,8,50,1,0.017543859649122806,,,
donor_to_known,broad_lam_like,LAM4,program_3,CORE1,100,8,50,1,0.017543859649122806,,,
donor_to_known,high_confidence,LAM1,program_1,CORE1,25,8,25,1,0.03125,,,
donor_to_known,high_confidence,LAM1,program_1,CORE1,50,8,50,1,0.017543859649122806,,,
donor_to_known,high_confidence,LAM1,program_1,CORE1,100,8,50,1,0.017543859649122806,,,
donor_to_known,high_confidence,LAM1,program_2,CORE1,25,8,25,0,0.0,,,
donor_to_known,high_confidence,LAM1,program_2,CORE1,50,8,50,1,0.017543859649122806,,,
donor_to_known,high_confidence,LAM1,program_2,CORE1,100,8,50,1,0.017543859649122806,,,
donor_to_known,high_confidence,LAM1,program_3,CORE1,25,8,25,2,0.06451612903225806,,,
donor_to_known,high_confidence,LAM1,program_3,CORE1,50,8,50,2,0.03571428571428571,,,
donor_to_known,high_confidence,LAM1,program_3,CORE1,100,8,50,2,0.03571428571428571,,,
donor_to_known,high_confidence,LAM2,program_1,CORE1,25,8,25,0,0.0,,,
donor_to_known,high_confidence,LAM2,program_1,CORE1,50,8,50,2,0.03571428571428571,,,
donor_to_known,high_confidence,LAM2,program_1,CORE1,100,8,50,2,0.03571428571428571,,,
donor_to_known,high_confidence,LAM2,program_2,CORE1,25,8,25,1,0.03125,,,
donor_to_known,high_confidence,LAM2,program_2,CORE1,50,8,50,2,0.03571428571428571,,,
donor_to_known,high_confidence,LAM2,program_2,CORE1,100,8,50,2,0.03571428571428571,,,
donor_to_known,high_confidence,LAM2,program_3,CORE1,25,8,25,0,0.0,,,
donor_to_known,high_confidence,LAM2,program_3,CORE1,50,8,50,1,0.017543859649122806,,,
donor_to_known,high_confidence,LAM2,program_3,CORE1,100,8,50,1,0.017543859649122806,,,
donor_to_known,high_confidence,LAM3,program_1,CORE1,25,8,25,1,0.03125,,,
donor_to_known,high_confidence,LAM3,program_1,CORE1,50,8,50,2,0.03571428571428571,,,
donor_to_known,high_confidence,LAM3,program_1,CORE1,100,8,50,2,0.03571428571428571,,,
donor_to_known,high_confidence,LAM3,program_2,CORE1,25,8,25,2,0.06451612903225806,,,
donor_to_known,high_confidence,LAM3,program_2,CORE1,50,8,50,2,0.03571428571428571,,,
donor_to_known,high_confidence,LAM3,program_2,CORE1,100,8,50,2,0.03571428571428571,,,
donor_to_known,high_confidence,LAM3,program_3,CORE1,25,8,25,1,0.03125,,,
donor_to_known,high_confidence,LAM3,program_3,CORE1,50,8,50,1,0.017543859649122806,,,
donor_to_known,high_confidence,LAM3,program_3,CORE1,100,8,50,1,0.017543859649122806,,,
donor_to_known,high_confidence,LAM4,program_1,CORE1,25,8,25,0,0.0,,,
donor_to_known,high_confidence,LAM4,program_1,CORE1,50,8,50,0,0.0,,,
donor_to_known,high_confidence,LAM4,program_1,CORE1,100,8,50,0,0.0,,,
donor_to_known,high_confidence,LAM4,program_2,CORE1,25,8,25,0,0.0,,,
donor_to_known,high_confidence,LAM4,program_2,CORE1,50,8,50,1,0.017543859649122806,,,
donor_to_known,high_confidence,LAM4,program_2,CORE1,100,8,50,1,0.017543859649122806,,,
donor_to_known,high_confidence,LAM4,program_3,CORE1,25,8,25,1,0.03125,,,
donor_to_known,high_confidence,LAM4,program_3,CORE1,50,8,50,1,0.017543859649122806,,,
donor_to_known,high_confidence,LAM4,program_3,CORE1,100,8,50,1,0.017543859649122806,,,
donor_to_known,unrestricted_lam,LAM1,program_1,CORE1,25,8,25,1,0.03125,,,
donor_to_known,unrestricted_lam,LAM1,program_1,CORE1,50,8,50,1,0.017543859649122806,,,
donor_to_known,unrestricted_lam,LAM1,program_1,CORE1,100,8,50,1,0.017543859649122806,,,
donor_to_known,unrestricted_lam,LAM1,program_2,CORE1,25,8,25,1,0.03125,,,
donor_to_known,unrestricted_lam,LAM1,program_2,CORE1,50,8,50,1,0.017543859649122806,,,
donor_to_known,unrestricted_lam,LAM1,program_2,CORE1,100,8,50,1,0.017543859649122806,,,
donor_to_known,unrestricted_lam,LAM1,program_3,CORE1,25,8,25,1,0.03125,,,
donor_to_known,unrestricted_lam,LAM1,program_3,CORE1,50,8,50,1,0.017543859649122806,,,
donor_to_known,unrestricted_lam,LAM1,program_3,CORE1,100,8,50,1,0.017543859649122806,,,
donor_to_known,unrestricted_lam,LAM2,program_1,CORE1,25,8,25,0,0.0,,,
donor_to_known,unrestricted_lam,LAM2,program_1,CORE1,50,8,50,0,0.0,,,
donor_to_known,unrestricted_lam,LAM2,program_1,CORE1,100,8,50,0,0.0,,,
donor_to_known,unrestricted_lam,LAM2,program_2,CORE1,25,8,25,0,0.0,,,
donor_to_known,unrestricted_lam,LAM2,program_2,CORE1,50,8,50,0,0.0,,,
donor_to_known,unrestricted_lam,LAM2,program_2,CORE1,100,8,50,0,0.0,,,
donor_to_known,unrestricted_lam,LAM2,program_3,CORE1,25,8,25,0,0.0,,,
donor_to_known,unrestricted_lam,LAM2,program_3,CORE1,50,8,50,1,0.017543859649122806,,,
donor_to_known,unrestricted_lam,LAM2,program_3,CORE1,100,8,50,1,0.017543859649122806,,,
donor_to_known,unrestricted_lam,LAM3,program_1,CORE1,25,8,25,1,0.03125,,,
donor_to_known,unrestricted_lam,LAM3,program_1,CORE1,50,8,50,1,0.017543859649122806,,,
donor_to_known,unrestricted_lam,LAM3,program_1,CORE1,100,8,50,1,0.017543859649122806,,,
donor_to_known,unrestricted_lam,LAM3,program_2,CORE1,25,8,25,0,0.0,,,
donor_to_known,unrestricted_lam,LAM3,program_2,CORE1,50,8,50,0,0.0,,,
donor_to_known,unrestricted_lam,LAM3,program_2,CORE1,100,8,50,0,0.0,,,
donor_to_known,unrestricted_lam,LAM3,program_3,CORE1,25,8,25,0,0.0,,,
donor_to_known,unrestricted_lam,LAM3,program_3,CORE1,50,8,50,3,0.05454545454545454,,,
donor_to_known,unrestricted_lam,LAM3,program_3,CORE1,100,8,50,3,0.05454545454545454,,,
donor_to_known,unrestricted_lam,LAM4,program_1,CORE1,25,8,25,0,0.0,,,
donor_to_known,unrestricted_lam,LAM4,program_1,CORE1,50,8,50,0,0.0,,,
donor_to_known,unrestricted_lam,LAM4,program_1,CORE1,100,8,50,0,0.0,,,
donor_to_known,unrestricted_lam,LAM4,program_2,CORE1,25,8,25,0,0.0,,,
donor_to_known,unrestricted_lam,LAM4,program_2,CORE1,50,8,50,2,0.03571428571428571,,,
donor_to_known,unrestricted_lam,LAM4,program_2,CORE1,100,8,50,2,0.03571428571428571,,,
donor_to_known,unrestricted_lam,LAM4,program_3,CORE1,25,8,25,0,0.0,,,
donor_to_known,unrestricted_lam,LAM4,program_3,CORE1,50,8,50,0,0.0,,,
donor_to_known,unrestricted_lam,LAM4,program_3,CORE1,100,8,50,0,0.0,,,
pooled_to_known,broad_lam_like,pooled,program_1,CORE2,25,8,25,1,0.03125,0.0,0.01,True
pooled_to_known,broad_lam_like,pooled,program_1,CORE2,50,8,50,1,0.017543859649122806,0.0,0.002,True
pooled_to_known,broad_lam_like,pooled,program_1,CORE2,100,8,50,1,0.017543859649122806,0.0,0.002,True
pooled_to_known,broad_lam_like,pooled,program_2,CORE2,25,8,25,0,0.0,0.0,1.0,False
pooled_to_known,broad_lam_like,pooled,program_2,CORE2,50,8,50,0,0.0,0.0,1.0,False
pooled_to_known,broad_lam_like,pooled,program_2,CORE2,100,8,50,0,0.0,0.0,1.0,False
pooled_to_known,broad_lam_like,pooled,program_3,CORE2,25,8,25,1,0.03125,0.0,0.01,True
pooled_to_known,broad_lam_like,pooled,program_3,CORE2,50,8,50,2,0.03571428571428571,0.0,0.0,True
pooled_to_known,broad_lam_like,pooled,program_3,CORE2,100,8,50,2,0.03571428571428571,0.0,0.0,True
pooled_to_known,high_confidence,pooled,program_1,CORE2,25,8,25,1,0.03125,0.0,0.01,True
pooled_to_known,high_confidence,pooled,program_1,CORE2,50,8,50,2,0.03571428571428571,0.0,0.0,True
pooled_to_known,high_confidence,pooled,program_1,CORE2,100,8,50,2,0.03571428571428571,0.0,0.0,True
pooled_to_known,high_confidence,pooled,program_2,CORE2,25,8,25,1,0.03125,0.0,0.01,True
pooled_to_known,high_confidence,pooled,program_2,CORE2,50,8,50,2,0.03571428571428571,0.0,0.0,True
pooled_to_known,high_confidence,pooled,program_2,CORE2,100,8,50,2,0.03571428571428571,0.0,0.0,True
pooled_to_known,high_confidence,pooled,program_3,CORE2,25,8,25,2,0.06451612903225806,0.0,0.0,True
pooled_to_known,high_confidence,pooled,program_3,CORE2,50,8,50,2,0.03571428571428571,0.0,0.0,True
pooled_to_known,high_confidence,pooled,program_3,CORE2,100,8,50,2,0.03571428571428571,0.0,0.0,True
pooled_to_known,unrestricted_lam,pooled,program_1,CORE2,25,8,25,1,0.03125,0.0,0.01,True
pooled_to_known,unrestricted_lam,pooled,program_1,CORE2,50,8,50,2,0.03571428571428571,0.0,0.0,True
pooled_to_known,unrestricted_lam,pooled,program_1,CORE2,100,8,50,2,0.03571428571428571,0.0,0.0,True
pooled_to_known,unrestricted_lam,pooled,program_2,CORE2,25,8,25,0,0.0,0.0,1.0,False
pooled_to_known,unrestricted_lam,pooled,program_2,CORE2,50,8,50,0,0.0,0.0,1.0,False
pooled_to_known,unrestricted_lam,pooled,program_2,CORE2,100,8,50,0,0.0,0.0,1.0,False
pooled_to_known,unrestricted_lam,pooled,program_3,CORE2,25,8,25,0,0.0,0.0,1.0,False
pooled_to_known,unrestricted_lam,pooled,program_3,CORE2,50,8,50,0,0.0,0.0,1.0,False
pooled_to_known,unrestricted_lam,pooled,program_3,CORE2,100,8,50,0,0.0,0.0,1.0,False
donor_to_known,broad_lam_like,LAM1,program_1,CORE2,25,8,25,1,0.03125,,,
donor_to_known,broad_lam_like,LAM1,program_1,CORE2,50,8,50,2,0.03571428571428571,,,
donor_to_known,broad_lam_like,LAM1,program_1,CORE2,100,8,50,2,0.03571428571428571,,,
donor_to_known,broad_lam_like,LAM1,program_2,CORE2,25,8,25,2,0.06451612903225806,,,
donor_to_known,broad_lam_like,LAM1,program_2,CORE2,50,8,50,3,0.05454545454545454,,,
donor_to_known,broad_lam_like,LAM1,program_2,CORE2,100,8,50,3,0.05454545454545454,,,
donor_to_known,broad_lam_like,LAM1,program_3,CORE2,25,8,25,1,0.03125,,,
donor_to_known,broad_lam_like,LAM1,program_3,CORE2,50,8,50,1,0.017543859649122806,,,
donor_to_known,broad_lam_like,LAM1,program_3,CORE2,100,8,50,1,0.017543859649122806,,,
donor_to_known,broad_lam_like,LAM2,program_1,CORE2,25,8,25,1,0.03125,,,
donor_to_known,broad_lam_like,LAM2,program_1,CORE2,50,8,50,1,0.017543859649122806,,,
donor_to_known,broad_lam_like,LAM2,program_1,CORE2,100,8,50,1,0.017543859649122806,,,
donor_to_known,broad_lam_like,LAM2,program_2,CORE2,25,8,25,0,0.0,,,
donor_to_known,broad_lam_like,LAM2,program_2,CORE2,50,8,50,1,0.017543859649122806,,,
donor_to_known,broad_lam_like,LAM2,program_2,CORE2,100,8,50,1,0.017543859649122806,,,
donor_to_known,broad_lam_like,LAM2,program_3,CORE2,25,8,25,1,0.03125,,,
donor_to_known,broad_lam_like,LAM2,program_3,CORE2,50,8,50,1,0.017543859649122806,,,
donor_to_known,broad_lam_like,LAM2,program_3,CORE2,100,8,50,1,0.017543859649122806,,,
donor_to_known,broad_lam_like,LAM3,program_1,CORE2,25,8,25,1,0.03125,,,
donor_to_known,broad_lam_like,LAM3,program_1,CORE2,50,8,50,1,0.017543859649122806,,,
donor_to_known,broad_lam_like,LAM3,program_1,CORE2,100,8,50,1,0.017543859649122806,,,
donor_to_known,broad_lam_like,LAM3,program_2,CORE2,25,8,25,0,0.0,,,
donor_to_known,broad_lam_like,LAM3,program_2,CORE2,50,8,50,0,0.0,,,
donor_to_known,broad_lam_like,LAM3,program_2,CORE2,100,8,50,0,0.0,,,
donor_to_known,broad_lam_like,LAM3,program_3,CORE2,25,8,25,0,0.0,,,
donor_to_known,broad_lam_like,LAM3,program_3,CORE2,50,8,50,2,0.03571428571428571,,,
donor_to_known,broad_lam_like,LAM3,program_3,CORE2,100,8,50,2,0.03571428571428571,,,
donor_to_known,broad_lam_like,LAM4,program_1,CORE2,25,8,25,0,0.0,,,
donor_to_known,broad_lam_like,LAM4,program_1,CORE2,50,8,50,0,0.0,,,
donor_to_known,broad_lam_like,LAM4,program_1,CORE2,100,8,50,0,0.0,,,
donor_to_known,broad_lam_like,LAM4,program_2,CORE2,25,8,25,1,0.03125,,,
donor_to_known,broad_lam_like,LAM4,program_2,CORE2,50,8,50,1,0.017543859649122806,,,
donor_to_known,broad_lam_like,LAM4,program_2,CORE2,100,8,50,1,0.017543859649122806,,,
donor_to_known,broad_lam_like,LAM4,program_3,CORE2,25,8,25,0,0.0,,,
donor_to_known,broad_lam_like,LAM4,program_3,CORE2,50,8,50,2,0.03571428571428571,,,
donor_to_known,broad_lam_like,LAM4,program_3,CORE2,100,8,50,2,0.03571428571428571,,,
donor_to_known,high_confidence,LAM1,program_1,CORE2,25,8,25,0,0.0,,,
donor_to_known,high_confidence,LAM1,program_1,CORE2,50,8,50,0,0.0,,,
donor_to_known,high_confidence,LAM1,program_1,CORE2,100,8,50,0,0.0,,,
donor_to_known,high_confidence,LAM1,program_2,CORE2,25,8,25,1,0.03125,,,
donor_to_known,high_confidence,LAM1,program_2,CORE2,50,8,50,2,0.03571428571428571,,,
donor_to_known,high_confidence,LAM1,program_2,CORE2,100,8,50,2,0.03571428571428571,,,
donor_to_known,high_confidence,LAM1,program_3,CORE2,25,8,25,0,0.0,,,
donor_to_known,high_confidence,LAM1,program_3,CORE2,50,8,50,0,0.0,,,
donor_to_known,high_confidence,LAM1,program_3,CORE2,100,8,50,0,0.0,,,
donor_to_known,high_confidence,LAM2,program_1,CORE2,25,8,25,0,0.0,,,
donor_to_known,high_confidence,LAM2,program_1,CORE2,50,8,50,0,0.0,,,
donor_to_known,high_confidence,LAM2,program_1,CORE2,100,8,50,0,0.0,,,
donor_to_known,high_confidence,LAM2,program_2,CORE2,25,8,25,1,0.03125,,,
donor_to_known,high_confidence,LAM2,program_2,CORE2,50,8,50,1,0.017543859649122806,,,
donor_to_known,high_confidence,LAM2,program_2,CORE2,100,8,50,1,0.017543859649122806,,,
donor_to_known,high_confidence,LAM2,program_3,CORE2,25,8,25,0,0.0,,,
donor_to_known,high_confidence,LAM2,program_3,CORE2,50,8,50,0,0.0,,,
donor_to_known,high_confidence,LAM2,program_3,CORE2,100,8,50,0,0.0,,,
donor_to_known,high_confidence,LAM3,program_1,CORE2,25,8,25,1,0.03125,,,
donor_to_known,high_confidence,LAM3,program_1,CORE2,50,8,50,2,0.03571428571428571,,,
donor_to_known,high_confidence,LAM3,program_1,CORE2,100,8,50,2,0.03571428571428571,,,
donor_to_known,high_confidence,LAM3,program_2,CORE2,25,8,25,1,0.03125,,,
donor_to_known,high_confidence,LAM3,program_2,CORE2,50,8,50,3,0.05454545454545454,,,
donor_to_known,high_confidence,LAM3,program_2,CORE2,100,8,50,3,0.05454545454545454,,,
donor_to_known,high_confidence,LAM3,program_3,CORE2,25,8,25,4,0.13793103448275862,,,
donor_to_known,high_confidence,LAM3,program_3,CORE2,50,8,50,4,0.07407407407407407,,,
donor_to_known,high_confidence,LAM3,program_3,CORE2,100,8,50,4,0.07407407407407407,,,
donor_to_known,high_confidence,LAM4,program_1,CORE2,25,8,25,1,0.03125,,,
donor_to_known,high_confidence,LAM4,program_1,CORE2,50,8,50,1,0.017543859649122806,,,
donor_to_known,high_confidence,LAM4,program_1,CORE2,100,8,50,1,0.017543859649122806,,,
donor_to_known,high_confidence,LAM4,program_2,CORE2,25,8,25,2,0.06451612903225806,,,
donor_to_known,high_confidence,LAM4,program_2,CORE2,50,8,50,3,0.05454545454545454,,,
donor_to_known,high_confidence,LAM4,program_2,CORE2,100,8,50,3,0.05454545454545454,,,
donor_to_known,high_confidence,LAM4,program_3,CORE2,25,8,25,1,0.03125,,,
donor_to_known,high_confidence,LAM4,program_3,CORE2,50,8,50,2,0.03571428571428571,,,
donor_to_known,high_confidence,LAM4,program_3,CORE2,100,8,50,2,0.03571428571428571,,,
donor_to_known,unrestricted_lam,LAM1,program_1,CORE2,25,8,25,0,0.0,,,
donor_to_known,unrestricted_lam,LAM1,program_1,CORE2,50,8,50,1,0.017543859649122806,,,
donor_to_known,unrestricted_lam,LAM1,program_1,CORE2,100,8,50,1,0.017543859649122806,,,
donor_to_known,unrestricted_lam,LAM1,program_2,CORE2,25,8,25,0,0.0,,,
donor_to_known,unrestricted_lam,LAM1,program_2,CORE2,50,8,50,1,0.017543859649122806,,,
donor_to_known,unrestricted_lam,LAM1,program_2,CORE2,100,8,50,1,0.017543859649122806,,,
donor_to_known,unrestricted_lam,LAM1,program_3,CORE2,25,8,25,0,0.0,,,
donor_to_known,unrestricted_lam,LAM1,program_3,CORE2,50,8,50,1,0.017543859649122806,,,
donor_to_known,unrestricted_lam,LAM1,program_3,CORE2,100,8,50,1,0.017543859649122806,,,
donor_to_known,unrestricted_lam,LAM2,program_1,CORE2,25,8,25,0,0.0,,,
donor_to_known,unrestricted_lam,LAM2,program_1,CORE2,50,8,50,1,0.017543859649122806,,,
donor_to_known,unrestricted_lam,LAM2,program_1,CORE2,100,8,50,1,0.017543859649122806,,,
donor_to_known,unrestricted_lam,LAM2,program_2,CORE2,25,8,25,0,0.0,,,
donor_to_known,unrestricted_lam,LAM2,program_2,CORE2,50,8,50,0,0.0,,,
donor_to_known,unrestricted_lam,LAM2,program_2,CORE2,100,8,50,0,0.0,,,
donor_to_known,unrestricted_lam,LAM2,program_3,CORE2,25,8,25,1,0.03125,,,
donor_to_known,unrestricted_lam,LAM2,program_3,CORE2,50,8,50,1,0.017543859649122806,,,
donor_to_known,unrestricted_lam,LAM2,program_3,CORE2,100,8,50,1,0.017543859649122806,,,
donor_to_known,unrestricted_lam,LAM3,program_1,CORE2,25,8,25,0,0.0,,,
donor_to_known,unrestricted_lam,LAM3,program_1,CORE2,50,8,50,0,0.0,,,
donor_to_known,unrestricted_lam,LAM3,program_1,CORE2,100,8,50,0,0.0,,,
donor_to_known,unrestricted_lam,LAM3,program_2,CORE2,25,8,25,0,0.0,,,
donor_to_known,unrestricted_lam,LAM3,program_2,CORE2,50,8,50,0,0.0,,,
donor_to_known,unrestricted_lam,LAM3,program_2,CORE2,100,8,50,0,0.0,,,
donor_to_known,unrestricted_lam,LAM3,program_3,CORE2,25,8,25,0,0.0,,,
donor_to_known,unrestricted_lam,LAM3,program_3,CORE2,50,8,50,0,0.0,,,
donor_to_known,unrestricted_lam,LAM3,program_3,CORE2,100,8,50,0,0.0,,,
donor_to_known,unrestricted_lam,LAM4,program_1,CORE2,25,8,25,1,0.03125,,,
donor_to_known,unrestricted_lam,LAM4,program_1,CORE2,50,8,50,1,0.017543859649122806,,,
donor_to_known,unrestricted_lam,LAM4,program_1,CORE2,100,8,50,1,0.017543859649122806,,,
donor_to_known,unrestricted_lam,LAM4,program_2,CORE2,25,8,25,0,0.0,,,
donor_to_known,unrestricted_lam,LAM4,program_2,CORE2,50,8,50,0,0.0,,,
donor_to_known,unrestricted_lam,LAM4,program_2,CORE2,100,8,50,0,0.0,,,
donor_to_known,unrestricted_lam,LAM4,program_3,CORE2,25,8,25,0,0.0,,,
donor_to_known,unrestricted_lam,LAM4,program_3,CORE2,50,8,50,0,0.0,,,
donor_to_known,unrestricted_lam,LAM4,program_3,CORE2,100,8,50,0,0.0,,,
pooled_to_known,broad_lam_like,pooled,program_1,CORE3_identity,25,7,25,1,0.03225806451612903,0.0,0.002,True
pooled_to_known,broad_lam_like,pooled,program_1,CORE3_identity,50,7,50,1,0.017857142857142856,0.0,0.006,True
pooled_to_known,broad_lam_like,pooled,program_1,CORE3_identity,100,7,50,1,0.017857142857142856,0.0,0.006,True
pooled_to_known,broad_lam_like,pooled,program_2,CORE3_identity,25,7,25,1,0.03225806451612903,0.0,0.002,True
pooled_to_known,broad_lam_like,pooled,program_2,CORE3_identity,50,7,50,1,0.017857142857142856,0.0,0.006,True
pooled_to_known,broad_lam_like,pooled,program_2,CORE3_identity,100,7,50,1,0.017857142857142856,0.0,0.006,True
pooled_to_known,broad_lam_like,pooled,program_3,CORE3_identity,25,7,25,1,0.03225806451612903,0.0,0.002,True
pooled_to_known,broad_lam_like,pooled,program_3,CORE3_identity,50,7,50,2,0.03636363636363636,0.0,0.0,True
pooled_to_known,broad_lam_like,pooled,program_3,CORE3_identity,100,7,50,2,0.03636363636363636,0.0,0.0,True
pooled_to_known,high_confidence,pooled,program_1,CORE3_identity,25,7,25,1,0.03225806451612903,0.0,0.002,True
pooled_to_known,high_confidence,pooled,program_1,CORE3_identity,50,7,50,2,0.03636363636363636,0.0,0.0,True
pooled_to_known,high_confidence,pooled,program_1,CORE3_identity,100,7,50,2,0.03636363636363636,0.0,0.0,True
pooled_to_known,high_confidence,pooled,program_2,CORE3_identity,25,7,25,0,0.0,0.0,1.0,False
pooled_to_known,high_confidence,pooled,program_2,CORE3_identity,50,7,50,1,0.017857142857142856,0.0,0.006,True
pooled_to_known,high_confidence,pooled,program_2,CORE3_identity,100,7,50,1,0.017857142857142856,0.0,0.006,True
pooled_to_known,high_confidence,pooled,program_3,CORE3_identity,25,7,25,1,0.03225806451612903,0.0,0.002,True
pooled_to_known,high_confidence,pooled,program_3,CORE3_identity,50,7,50,1,0.017857142857142856,0.0,0.006,True
pooled_to_known,high_confidence,pooled,program_3,CORE3_identity,100,7,50,1,0.017857142857142856,0.0,0.006,True
pooled_to_known,unrestricted_lam,pooled,program_1,CORE3_identity,25,7,25,0,0.0,0.0,1.0,False
pooled_to_known,unrestricted_lam,pooled,program_1,CORE3_identity,50,7,50,1,0.017857142857142856,0.0,0.006,True
pooled_to_known,unrestricted_lam,pooled,program_1,CORE3_identity,100,7,50,1,0.017857142857142856,0.0,0.006,True
pooled_to_known,unrestricted_lam,pooled,program_2,CORE3_identity,25,7,25,0,0.0,0.0,1.0,False
pooled_to_known,unrestricted_lam,pooled,program_2,CORE3_identity,50,7,50,1,0.017857142857142856,0.0,0.006,True
pooled_to_known,unrestricted_lam,pooled,program_2,CORE3_identity,100,7,50,1,0.017857142857142856,0.0,0.006,True
pooled_to_known,unrestricted_lam,pooled,program_3,CORE3_identity,25,7,25,0,0.0,0.0,1.0,False
pooled_to_known,unrestricted_lam,pooled,program_3,CORE3_identity,50,7,50,0,0.0,0.0,1.0,False
pooled_to_known,unrestricted_lam,pooled,program_3,CORE3_identity,100,7,50,0,0.0,0.0,1.0,False
donor_to_known,broad_lam_like,LAM1,program_1,CORE3_identity,25,7,25,1,0.03225806451612903,,,
donor_to_known,broad_lam_like,LAM1,program_1,CORE3_identity,50,7,50,1,0.017857142857142856,,,
donor_to_known,broad_lam_like,LAM1,program_1,CORE3_identity,100,7,50,1,0.017857142857142856,,,
donor_to_known,broad_lam_like,LAM1,program_2,CORE3_identity,25,7,25,1,0.03225806451612903,,,
donor_to_known,broad_lam_like,LAM1,program_2,CORE3_identity,50,7,50,1,0.017857142857142856,,,
donor_to_known,broad_lam_like,LAM1,program_2,CORE3_identity,100,7,50,1,0.017857142857142856,,,
donor_to_known,broad_lam_like,LAM1,program_3,CORE3_identity,25,7,25,1,0.03225806451612903,,,
donor_to_known,broad_lam_like,LAM1,program_3,CORE3_identity,50,7,50,1,0.017857142857142856,,,
donor_to_known,broad_lam_like,LAM1,program_3,CORE3_identity,100,7,50,1,0.017857142857142856,,,
donor_to_known,broad_lam_like,LAM2,program_1,CORE3_identity,25,7,25,3,0.10344827586206896,,,
donor_to_known,broad_lam_like,LAM2,program_1,CORE3_identity,50,7,50,3,0.05555555555555555,,,
donor_to_known,broad_lam_like,LAM2,program_1,CORE3_identity,100,7,50,3,0.05555555555555555,,,
donor_to_known,broad_lam_like,LAM2,program_2,CORE3_identity,25,7,25,2,0.06666666666666667,,,
donor_to_known,broad_lam_like,LAM2,program_2,CORE3_identity,50,7,50,3,0.05555555555555555,,,
donor_to_known,broad_lam_like,LAM2,program_2,CORE3_identity,100,7,50,3,0.05555555555555555,,,
donor_to_known,broad_lam_like,LAM2,program_3,CORE3_identity,25,7,25,3,0.10344827586206896,,,
donor_to_known,broad_lam_like,LAM2,program_3,CORE3_identity,50,7,50,3,0.05555555555555555,,,
donor_to_known,broad_lam_like,LAM2,program_3,CORE3_identity,100,7,50,3,0.05555555555555555,,,
donor_to_known,broad_lam_like,LAM3,program_1,CORE3_identity,25,7,25,0,0.0,,,
donor_to_known,broad_lam_like,LAM3,program_1,CORE3_identity,50,7,50,1,0.017857142857142856,,,
donor_to_known,broad_lam_like,LAM3,program_1,CORE3_identity,100,7,50,1,0.017857142857142856,,,
donor_to_known,broad_lam_like,LAM3,program_2,CORE3_identity,25,7,25,0,0.0,,,
donor_to_known,broad_lam_like,LAM3,program_2,CORE3_identity,50,7,50,0,0.0,,,
donor_to_known,broad_lam_like,LAM3,program_2,CORE3_identity,100,7,50,0,0.0,,,
donor_to_known,broad_lam_like,LAM3,program_3,CORE3_identity,25,7,25,0,0.0,,,
donor_to_known,broad_lam_like,LAM3,program_3,CORE3_identity,50,7,50,1,0.017857142857142856,,,
donor_to_known,broad_lam_like,LAM3,program_3,CORE3_identity,100,7,50,1,0.017857142857142856,,,
donor_to_known,broad_lam_like,LAM4,program_1,CORE3_identity,25,7,25,0,0.0,,,
donor_to_known,broad_lam_like,LAM4,program_1,CORE3_identity,50,7,50,0,0.0,,,
donor_to_known,broad_lam_like,LAM4,program_1,CORE3_identity,100,7,50,0,0.0,,,
donor_to_known,broad_lam_like,LAM4,program_2,CORE3_identity,25,7,25,0,0.0,,,
donor_to_known,broad_lam_like,LAM4,program_2,CORE3_identity,50,7,50,0,0.0,,,
donor_to_known,broad_lam_like,LAM4,program_2,CORE3_identity,100,7,50,0,0.0,,,
donor_to_known,broad_lam_like,LAM4,program_3,CORE3_identity,25,7,25,0,0.0,,,
donor_to_known,broad_lam_like,LAM4,program_3,CORE3_identity,50,7,50,2,0.03636363636363636,,,
donor_to_known,broad_lam_like,LAM4,program_3,CORE3_identity,100,7,50,2,0.03636363636363636,,,
donor_to_known,high_confidence,LAM1,program_1,CORE3_identity,25,7,25,1,0.03225806451612903,,,
donor_to_known,high_confidence,LAM1,program_1,CORE3_identity,50,7,50,1,0.017857142857142856,,,
donor_to_known,high_confidence,LAM1,program_1,CORE3_identity,100,7,50,1,0.017857142857142856,,,
donor_to_known,high_confidence,LAM1,program_2,CORE3_identity,25,7,25,1,0.03225806451612903,,,
donor_to_known,high_confidence,LAM1,program_2,CORE3_identity,50,7,50,2,0.03636363636363636,,,
donor_to_known,high_confidence,LAM1,program_2,CORE3_identity,100,7,50,2,0.03636363636363636,,,
donor_to_known,high_confidence,LAM1,program_3,CORE3_identity,25,7,25,1,0.03225806451612903,,,
donor_to_known,high_confidence,LAM1,program_3,CORE3_identity,50,7,50,1,0.017857142857142856,,,
donor_to_known,high_confidence,LAM1,program_3,CORE3_identity,100,7,50,1,0.017857142857142856,,,
donor_to_known,high_confidence,LAM2,program_1,CORE3_identity,25,7,25,0,0.0,,,
donor_to_known,high_confidence,LAM2,program_1,CORE3_identity,50,7,50,0,0.0,,,
donor_to_known,high_confidence,LAM2,program_1,CORE3_identity,100,7,50,0,0.0,,,
donor_to_known,high_confidence,LAM2,program_2,CORE3_identity,25,7,25,0,0.0,,,
donor_to_known,high_confidence,LAM2,program_2,CORE3_identity,50,7,50,0,0.0,,,
donor_to_known,high_confidence,LAM2,program_2,CORE3_identity,100,7,50,0,0.0,,,
donor_to_known,high_confidence,LAM2,program_3,CORE3_identity,25,7,25,0,0.0,,,
donor_to_known,high_confidence,LAM2,program_3,CORE3_identity,50,7,50,0,0.0,,,
donor_to_known,high_confidence,LAM2,program_3,CORE3_identity,100,7,50,0,0.0,,,
donor_to_known,high_confidence,LAM3,program_1,CORE3_identity,25,7,25,1,0.03225806451612903,,,
donor_to_known,high_confidence,LAM3,program_1,CORE3_identity,50,7,50,1,0.017857142857142856,,,
donor_to_known,high_confidence,LAM3,program_1,CORE3_identity,100,7,50,1,0.017857142857142856,,,
donor_to_known,high_confidence,LAM3,program_2,CORE3_identity,25,7,25,1,0.03225806451612903,,,
donor_to_known,high_confidence,LAM3,program_2,CORE3_identity,50,7,50,2,0.03636363636363636,,,
donor_to_known,high_confidence,LAM3,program_2,CORE3_identity,100,7,50,2,0.03636363636363636,,,
donor_to_known,high_confidence,LAM3,program_3,CORE3_identity,25,7,25,2,0.06666666666666667,,,
donor_to_known,high_confidence,LAM3,program_3,CORE3_identity,50,7,50,2,0.03636363636363636,,,
donor_to_known,high_confidence,LAM3,program_3,CORE3_identity,100,7,50,2,0.03636363636363636,,,
donor_to_known,high_confidence,LAM4,program_1,CORE3_identity,25,7,25,1,0.03225806451612903,,,
donor_to_known,high_confidence,LAM4,program_1,CORE3_identity,50,7,50,1,0.017857142857142856,,,
donor_to_known,high_confidence,LAM4,program_1,CORE3_identity,100,7,50,1,0.017857142857142856,,,
donor_to_known,high_confidence,LAM4,program_2,CORE3_identity,25,7,25,1,0.03225806451612903,,,
donor_to_known,high_confidence,LAM4,program_2,CORE3_identity,50,7,50,1,0.017857142857142856,,,
donor_to_known,high_confidence,LAM4,program_2,CORE3_identity,100,7,50,1,0.017857142857142856,,,
donor_to_known,high_confidence,LAM4,program_3,CORE3_identity,25,7,25,1,0.03225806451612903,,,
donor_to_known,high_confidence,LAM4,program_3,CORE3_identity,50,7,50,3,0.05555555555555555,,,
donor_to_known,high_confidence,LAM4,program_3,CORE3_identity,100,7,50,3,0.05555555555555555,,,
donor_to_known,unrestricted_lam,LAM1,program_1,CORE3_identity,25,7,25,0,0.0,,,
donor_to_known,unrestricted_lam,LAM1,program_1,CORE3_identity,50,7,50,0,0.0,,,
donor_to_known,unrestricted_lam,LAM1,program_1,CORE3_identity,100,7,50,0,0.0,,,
donor_to_known,unrestricted_lam,LAM1,program_2,CORE3_identity,25,7,25,0,0.0,,,
donor_to_known,unrestricted_lam,LAM1,program_2,CORE3_identity,50,7,50,0,0.0,,,
donor_to_known,unrestricted_lam,LAM1,program_2,CORE3_identity,100,7,50,0,0.0,,,
donor_to_known,unrestricted_lam,LAM1,program_3,CORE3_identity,25,7,25,0,0.0,,,
donor_to_known,unrestricted_lam,LAM1,program_3,CORE3_identity,50,7,50,0,0.0,,,
donor_to_known,unrestricted_lam,LAM1,program_3,CORE3_identity,100,7,50,0,0.0,,,
donor_to_known,unrestricted_lam,LAM2,program_1,CORE3_identity,25,7,25,0,0.0,,,
donor_to_known,unrestricted_lam,LAM2,program_1,CORE3_identity,50,7,50,1,0.017857142857142856,,,
donor_to_known,unrestricted_lam,LAM2,program_1,CORE3_identity,100,7,50,1,0.017857142857142856,,,
donor_to_known,unrestricted_lam,LAM2,program_2,CORE3_identity,25,7,25,0,0.0,,,
donor_to_known,unrestricted_lam,LAM2,program_2,CORE3_identity,50,7,50,0,0.0,,,
donor_to_known,unrestricted_lam,LAM2,program_2,CORE3_identity,100,7,50,0,0.0,,,
donor_to_known,unrestricted_lam,LAM2,program_3,CORE3_identity,25,7,25,2,0.06666666666666667,,,
donor_to_known,unrestricted_lam,LAM2,program_3,CORE3_identity,50,7,50,2,0.03636363636363636,,,
donor_to_known,unrestricted_lam,LAM2,program_3,CORE3_identity,100,7,50,2,0.03636363636363636,,,
donor_to_known,unrestricted_lam,LAM3,program_1,CORE3_identity,25,7,25,0,0.0,,,
donor_to_known,unrestricted_lam,LAM3,program_1,CORE3_identity,50,7,50,0,0.0,,,
donor_to_known,unrestricted_lam,LAM3,program_1,CORE3_identity,100,7,50,0,0.0,,,
donor_to_known,unrestricted_lam,LAM3,program_2,CORE3_identity,25,7,25,0,0.0,,,
donor_to_known,unrestricted_lam,LAM3,program_2,CORE3_identity,50,7,50,0,0.0,,,
donor_to_known,unrestricted_lam,LAM3,program_2,CORE3_identity,100,7,50,0,0.0,,,
donor_to_known,unrestricted_lam,LAM3,program_3,CORE3_identity,25,7,25,0,0.0,,,
donor_to_known,unrestricted_lam,LAM3,program_3,CORE3_identity,50,7,50,0,0.0,,,
donor_to_known,unrestricted_lam,LAM3,program_3,CORE3_identity,100,7,50,0,0.0,,,
donor_to_known,unrestricted_lam,LAM4,program_1,CORE3_identity,25,7,25,2,0.06666666666666667,,,
donor_to_known,unrestricted_lam,LAM4,program_1,CORE3_identity,50,7,50,2,0.03636363636363636,,,
donor_to_known,unrestricted_lam,LAM4,program_1,CORE3_identity,100,7,50,2,0.03636363636363636,,,
donor_to_known,unrestricted_lam,LAM4,program_2,CORE3_identity,25,7,25,1,0.03225806451612903,,,
donor_to_known,unrestricted_lam,LAM4,program_2,CORE3_identity,50,7,50,1,0.017857142857142856,,,
donor_to_known,unrestricted_lam,LAM4,program_2,CORE3_identity,100,7,50,1,0.017857142857142856,,,
donor_to_known,unrestricted_lam,LAM4,program_3,CORE3_identity,25,7,25,0,0.0,,,
donor_to_known,unrestricted_lam,LAM4,program_3,CORE3_identity,50,7,50,0,0.0,,,
donor_to_known,unrestricted_lam,LAM4,program_3,CORE3_identity,100,7,50,0,0.0,,,
pooled_to_known,broad_lam_like,pooled,program_1,LAM_myogenic_contractile,25,8,25,1,0.03125,0.0,0.01,True
pooled_to_known,broad_lam_like,pooled,program_1,LAM_myogenic_contractile,50,8,50,2,0.03571428571428571,0.0,0.0,True
pooled_to_known,broad_lam_like,pooled,program_1,LAM_myogenic_contractile,100,8,50,2,0.03571428571428571,0.0,0.0,True
pooled_to_known,broad_lam_like,pooled,program_2,LAM_myogenic_contractile,25,8,25,1,0.03125,0.0,0.01,True
pooled_to_known,broad_lam_like,pooled,program_2,LAM_myogenic_contractile,50,8,50,1,0.017543859649122806,0.0,0.002,True
pooled_to_known,broad_lam_like,pooled,program_2,LAM_myogenic_contractile,100,8,50,1,0.017543859649122806,0.0,0.002,True
pooled_to_known,broad_lam_like,pooled,program_3,LAM_myogenic_contractile,25,8,25,1,0.03125,0.0,0.01,True
pooled_to_known,broad_lam_like,pooled,program_3,LAM_myogenic_contractile,50,8,50,2,0.03571428571428571,0.0,0.0,True
pooled_to_known,broad_lam_like,pooled,program_3,LAM_myogenic_contractile,100,8,50,2,0.03571428571428571,0.0,0.0,True
pooled_to_known,high_confidence,pooled,program_1,LAM_myogenic_contractile,25,8,25,1,0.03125,0.0,0.01,True
pooled_to_known,high_confidence,pooled,program_1,LAM_myogenic_contractile,50,8,50,3,0.05454545454545454,0.0,0.0,True
pooled_to_known,high_confidence,pooled,program_1,LAM_myogenic_contractile,100,8,50,3,0.05454545454545454,0.0,0.0,True
pooled_to_known,high_confidence,pooled,program_2,LAM_myogenic_contractile,25,8,25,1,0.03125,0.0,0.01,True
pooled_to_known,high_confidence,pooled,program_2,LAM_myogenic_contractile,50,8,50,2,0.03571428571428571,0.0,0.0,True
pooled_to_known,high_confidence,pooled,program_2,LAM_myogenic_contractile,100,8,50,2,0.03571428571428571,0.0,0.0,True
pooled_to_known,high_confidence,pooled,program_3,LAM_myogenic_contractile,25,8,25,1,0.03125,0.0,0.01,True
pooled_to_known,high_confidence,pooled,program_3,LAM_myogenic_contractile,50,8,50,1,0.017543859649122806,0.0,0.002,True
pooled_to_known,high_confidence,pooled,program_3,LAM_myogenic_contractile,100,8,50,1,0.017543859649122806,0.0,0.002,True
pooled_to_known,unrestricted_lam,pooled,program_1,LAM_myogenic_contractile,25,8,25,2,0.06451612903225806,0.0,0.0,True
pooled_to_known,unrestricted_lam,pooled,program_1,LAM_myogenic_contractile,50,8,50,2,0.03571428571428571,0.0,0.0,True
pooled_to_known,unrestricted_lam,pooled,program_1,LAM_myogenic_contractile,100,8,50,2,0.03571428571428571,0.0,0.0,True
pooled_to_known,unrestricted_lam,pooled,program_2,LAM_myogenic_contractile,25,8,25,2,0.06451612903225806,0.0,0.0,True
pooled_to_known,unrestricted_lam,pooled,program_2,LAM_myogenic_contractile,50,8,50,2,0.03571428571428571,0.0,0.0,True
pooled_to_known,unrestricted_lam,pooled,program_2,LAM_myogenic_contractile,100,8,50,2,0.03571428571428571,0.0,0.0,True
pooled_to_known,unrestricted_lam,pooled,program_3,LAM_myogenic_contractile,25,8,25,2,0.06451612903225806,0.0,0.0,True
pooled_to_known,unrestricted_lam,pooled,program_3,LAM_myogenic_contractile,50,8,50,2,0.03571428571428571,0.0,0.0,True
pooled_to_known,unrestricted_lam,pooled,program_3,LAM_myogenic_contractile,100,8,50,2,0.03571428571428571,0.0,0.0,True
donor_to_known,broad_lam_like,LAM1,program_1,LAM_myogenic_contractile,25,8,25,1,0.03125,,,
donor_to_known,broad_lam_like,LAM1,program_1,LAM_myogenic_contractile,50,8,50,2,0.03571428571428571,,,
donor_to_known,broad_lam_like,LAM1,program_1,LAM_myogenic_contractile,100,8,50,2,0.03571428571428571,,,
donor_to_known,broad_lam_like,LAM1,program_2,LAM_myogenic_contractile,25,8,25,1,0.03125,,,
donor_to_known,broad_lam_like,LAM1,program_2,LAM_myogenic_contractile,50,8,50,1,0.017543859649122806,,,
donor_to_known,broad_lam_like,LAM1,program_2,LAM_myogenic_contractile,100,8,50,1,0.017543859649122806,,,
donor_to_known,broad_lam_like,LAM1,program_3,LAM_myogenic_contractile,25,8,25,1,0.03125,,,
donor_to_known,broad_lam_like,LAM1,program_3,LAM_myogenic_contractile,50,8,50,2,0.03571428571428571,,,
donor_to_known,broad_lam_like,LAM1,program_3,LAM_myogenic_contractile,100,8,50,2,0.03571428571428571,,,
donor_to_known,broad_lam_like,LAM2,program_1,LAM_myogenic_contractile,25,8,25,2,0.06451612903225806,,,
donor_to_known,broad_lam_like,LAM2,program_1,LAM_myogenic_contractile,50,8,50,4,0.07407407407407407,,,
donor_to_known,broad_lam_like,LAM2,program_1,LAM_myogenic_contractile,100,8,50,4,0.07407407407407407,,,
donor_to_known,broad_lam_like,LAM2,program_2,LAM_myogenic_contractile,25,8,25,2,0.06451612903225806,,,
donor_to_known,broad_lam_like,LAM2,program_2,LAM_myogenic_contractile,50,8,50,2,0.03571428571428571,,,
donor_to_known,broad_lam_like,LAM2,program_2,LAM_myogenic_contractile,100,8,50,2,0.03571428571428571,,,
donor_to_known,broad_lam_like,LAM2,program_3,LAM_myogenic_contractile,25,8,25,2,0.06451612903225806,,,
donor_to_known,broad_lam_like,LAM2,program_3,LAM_myogenic_contractile,50,8,50,3,0.05454545454545454,,,
donor_to_known,broad_lam_like,LAM2,program_3,LAM_myogenic_contractile,100,8,50,3,0.05454545454545454,,,
donor_to_known,broad_lam_like,LAM3,program_1,LAM_myogenic_contractile,25,8,25,0,0.0,,,
donor_to_known,broad_lam_like,LAM3,program_1,LAM_myogenic_contractile,50,8,50,1,0.017543859649122806,,,
donor_to_known,broad_lam_like,LAM3,program_1,LAM_myogenic_contractile,100,8,50,1,0.017543859649122806,,,
donor_to_known,broad_lam_like,LAM3,program_2,LAM_myogenic_contractile,25,8,25,0,0.0,,,
donor_to_known,broad_lam_like,LAM3,program_2,LAM_myogenic_contractile,50,8,50,0,0.0,,,
donor_to_known,broad_lam_like,LAM3,program_2,LAM_myogenic_contractile,100,8,50,0,0.0,,,
donor_to_known,broad_lam_like,LAM3,program_3,LAM_myogenic_contractile,25,8,25,2,0.06451612903225806,,,
donor_to_known,broad_lam_like,LAM3,program_3,LAM_myogenic_contractile,50,8,50,3,0.05454545454545454,,,
donor_to_known,broad_lam_like,LAM3,program_3,LAM_myogenic_contractile,100,8,50,3,0.05454545454545454,,,
donor_to_known,broad_lam_like,LAM4,program_1,LAM_myogenic_contractile,25,8,25,0,0.0,,,
donor_to_known,broad_lam_like,LAM4,program_1,LAM_myogenic_contractile,50,8,50,0,0.0,,,
donor_to_known,broad_lam_like,LAM4,program_1,LAM_myogenic_contractile,100,8,50,0,0.0,,,
donor_to_known,broad_lam_like,LAM4,program_2,LAM_myogenic_contractile,25,8,25,1,0.03125,,,
donor_to_known,broad_lam_like,LAM4,program_2,LAM_myogenic_contractile,50,8,50,1,0.017543859649122806,,,
donor_to_known,broad_lam_like,LAM4,program_2,LAM_myogenic_contractile,100,8,50,1,0.017543859649122806,,,
donor_to_known,broad_lam_like,LAM4,program_3,LAM_myogenic_contractile,25,8,25,0,0.0,,,
donor_to_known,broad_lam_like,LAM4,program_3,LAM_myogenic_contractile,50,8,50,1,0.017543859649122806,,,
donor_to_known,broad_lam_like,LAM4,program_3,LAM_myogenic_contractile,100,8,50,1,0.017543859649122806,,,
donor_to_known,high_confidence,LAM1,program_1,LAM_myogenic_contractile,25,8,25,1,0.03125,,,
donor_to_known,high_confidence,LAM1,program_1,LAM_myogenic_contractile,50,8,50,1,0.017543859649122806,,,
donor_to_known,high_confidence,LAM1,program_1,LAM_myogenic_contractile,100,8,50,1,0.017543859649122806,,,
donor_to_known,high_confidence,LAM1,program_2,LAM_myogenic_contractile,25,8,25,0,0.0,,,
donor_to_known,high_confidence,LAM1,program_2,LAM_myogenic_contractile,50,8,50,1,0.017543859649122806,,,
donor_to_known,high_confidence,LAM1,program_2,LAM_myogenic_contractile,100,8,50,1,0.017543859649122806,,,
donor_to_known,high_confidence,LAM1,program_3,LAM_myogenic_contractile,25,8,25,1,0.03125,,,
donor_to_known,high_confidence,LAM1,program_3,LAM_myogenic_contractile,50,8,50,2,0.03571428571428571,,,
donor_to_known,high_confidence,LAM1,program_3,LAM_myogenic_contractile,100,8,50,2,0.03571428571428571,,,
donor_to_known,high_confidence,LAM2,program_1,LAM_myogenic_contractile,25,8,25,1,0.03125,,,
donor_to_known,high_confidence,LAM2,program_1,LAM_myogenic_contractile,50,8,50,2,0.03571428571428571,,,
donor_to_known,high_confidence,LAM2,program_1,LAM_myogenic_contractile,100,8,50,2,0.03571428571428571,,,
donor_to_known,high_confidence,LAM2,program_2,LAM_myogenic_contractile,25,8,25,0,0.0,,,
donor_to_known,high_confidence,LAM2,program_2,LAM_myogenic_contractile,50,8,50,1,0.017543859649122806,,,
donor_to_known,high_confidence,LAM2,program_2,LAM_myogenic_contractile,100,8,50,1,0.017543859649122806,,,
donor_to_known,high_confidence,LAM2,program_3,LAM_myogenic_contractile,25,8,25,0,0.0,,,
donor_to_known,high_confidence,LAM2,program_3,LAM_myogenic_contractile,50,8,50,1,0.017543859649122806,,,
donor_to_known,high_confidence,LAM2,program_3,LAM_myogenic_contractile,100,8,50,1,0.017543859649122806,,,
donor_to_known,high_confidence,LAM3,program_1,LAM_myogenic_contractile,25,8,25,1,0.03125,,,
donor_to_known,high_confidence,LAM3,program_1,LAM_myogenic_contractile,50,8,50,2,0.03571428571428571,,,
donor_to_known,high_confidence,LAM3,program_1,LAM_myogenic_contractile,100,8,50,2,0.03571428571428571,,,
donor_to_known,high_confidence,LAM3,program_2,LAM_myogenic_contractile,25,8,25,2,0.06451612903225806,,,
donor_to_known,high_confidence,LAM3,program_2,LAM_myogenic_contractile,50,8,50,2,0.03571428571428571,,,
donor_to_known,high_confidence,LAM3,program_2,LAM_myogenic_contractile,100,8,50,2,0.03571428571428571,,,
donor_to_known,high_confidence,LAM3,program_3,LAM_myogenic_contractile,25,8,25,1,0.03125,,,
donor_to_known,high_confidence,LAM3,program_3,LAM_myogenic_contractile,50,8,50,1,0.017543859649122806,,,
donor_to_known,high_confidence,LAM3,program_3,LAM_myogenic_contractile,100,8,50,1,0.017543859649122806,,,
donor_to_known,high_confidence,LAM4,program_1,LAM_myogenic_contractile,25,8,25,0,0.0,,,
donor_to_known,high_confidence,LAM4,program_1,LAM_myogenic_contractile,50,8,50,0,0.0,,,
donor_to_known,high_confidence,LAM4,program_1,LAM_myogenic_contractile,100,8,50,0,0.0,,,
donor_to_known,high_confidence,LAM4,program_2,LAM_myogenic_contractile,25,8,25,0,0.0,,,
donor_to_known,high_confidence,LAM4,program_2,LAM_myogenic_contractile,50,8,50,1,0.017543859649122806,,,
donor_to_known,high_confidence,LAM4,program_2,LAM_myogenic_contractile,100,8,50,1,0.017543859649122806,,,
donor_to_known,high_confidence,LAM4,program_3,LAM_myogenic_contractile,25,8,25,1,0.03125,,,
donor_to_known,high_confidence,LAM4,program_3,LAM_myogenic_contractile,50,8,50,3,0.05454545454545454,,,
donor_to_known,high_confidence,LAM4,program_3,LAM_myogenic_contractile,100,8,50,3,0.05454545454545454,,,
donor_to_known,unrestricted_lam,LAM1,program_1,LAM_myogenic_contractile,25,8,25,2,0.06451612903225806,,,
donor_to_known,unrestricted_lam,LAM1,program_1,LAM_myogenic_contractile,50,8,50,2,0.03571428571428571,,,
donor_to_known,unrestricted_lam,LAM1,program_1,LAM_myogenic_contractile,100,8,50,2,0.03571428571428571,,,
donor_to_known,unrestricted_lam,LAM1,program_2,LAM_myogenic_contractile,25,8,25,2,0.06451612903225806,,,
donor_to_known,unrestricted_lam,LAM1,program_2,LAM_myogenic_contractile,50,8,50,2,0.03571428571428571,,,
donor_to_known,unrestricted_lam,LAM1,program_2,LAM_myogenic_contractile,100,8,50,2,0.03571428571428571,,,
donor_to_known,unrestricted_lam,LAM1,program_3,LAM_myogenic_contractile,25,8,25,2,0.06451612903225806,,,
donor_to_known,unrestricted_lam,LAM1,program_3,LAM_myogenic_contractile,50,8,50,2,0.03571428571428571,,,
donor_to_known,unrestricted_lam,LAM1,program_3,LAM_myogenic_contractile,100,8,50,2,0.03571428571428571,,,
donor_to_known,unrestricted_lam,LAM2,program_1,LAM_myogenic_contractile,25,8,25,0,0.0,,,
donor_to_known,unrestricted_lam,LAM2,program_1,LAM_myogenic_contractile,50,8,50,0,0.0,,,
donor_to_known,unrestricted_lam,LAM2,program_1,LAM_myogenic_contractile,100,8,50,0,0.0,,,
donor_to_known,unrestricted_lam,LAM2,program_2,LAM_myogenic_contractile,25,8,25,0,0.0,,,
donor_to_known,unrestricted_lam,LAM2,program_2,LAM_myogenic_contractile,50,8,50,0,0.0,,,
donor_to_known,unrestricted_lam,LAM2,program_2,LAM_myogenic_contractile,100,8,50,0,0.0,,,
donor_to_known,unrestricted_lam,LAM2,program_3,LAM_myogenic_contractile,25,8,25,0,0.0,,,
donor_to_known,unrestricted_lam,LAM2,program_3,LAM_myogenic_contractile,50,8,50,0,0.0,,,
donor_to_known,unrestricted_lam,LAM2,program_3,LAM_myogenic_contractile,100,8,50,0,0.0,,,
donor_to_known,unrestricted_lam,LAM3,program_1,LAM_myogenic_contractile,25,8,25,1,0.03125,,,
donor_to_known,unrestricted_lam,LAM3,program_1,LAM_myogenic_contractile,50,8,50,1,0.017543859649122806,,,
donor_to_known,unrestricted_lam,LAM3,program_1,LAM_myogenic_contractile,100,8,50,1,0.017543859649122806,,,
donor_to_known,unrestricted_lam,LAM3,program_2,LAM_myogenic_contractile,25,8,25,0,0.0,,,
donor_to_known,unrestricted_lam,LAM3,program_2,LAM_myogenic_contractile,50,8,50,0,0.0,,,
donor_to_known,unrestricted_lam,LAM3,program_2,LAM_myogenic_contractile,100,8,50,0,0.0,,,
donor_to_known,unrestricted_lam,LAM3,program_3,LAM_myogenic_contractile,25,8,25,1,0.03125,,,
donor_to_known,unrestricted_lam,LAM3,program_3,LAM_myogenic_contractile,50,8,50,4,0.07407407407407407,,,
donor_to_known,unrestricted_lam,LAM3,program_3,LAM_myogenic_contractile,100,8,50,4,0.07407407407407407,,,
donor_to_known,unrestricted_lam,LAM4,program_1,LAM_myogenic_contractile,25,8,25,0,0.0,,,
donor_to_known,unrestricted_lam,LAM4,program_1,LAM_myogenic_contractile,50,8,50,0,0.0,,,
donor_to_known,unrestricted_lam,LAM4,program_1,LAM_myogenic_contractile,100,8,50,0,0.0,,,
donor_to_known,unrestricted_lam,LAM4,program_2,LAM_myogenic_contractile,25,8,25,0,0.0,,,
donor_to_known,unrestricted_lam,LAM4,program_2,LAM_myogenic_contractile,50,8,50,1,0.017543859649122806,,,
donor_to_known,unrestricted_lam,LAM4,program_2,LAM_myogenic_contractile,100,8,50,1,0.017543859649122806,,,
donor_to_known,unrestricted_lam,LAM4,program_3,LAM_myogenic_contractile,25,8,25,0,0.0,,,
donor_to_known,unrestricted_lam,LAM4,program_3,LAM_myogenic_contractile,50,8,50,0,0.0,,,
donor_to_known,unrestricted_lam,LAM4,program_3,LAM_myogenic_contractile,100,8,50,0,0.0,,,
pooled_to_known,broad_lam_like,pooled,program_1,ECM_remodeling,25,11,25,4,0.125,0.0,0.0,True
pooled_to_known,broad_lam_like,pooled,program_1,ECM_remodeling,50,11,50,5,0.08928571428571429,0.0,0.0,True
pooled_to_known,broad_lam_like,pooled,program_1,ECM_remodeling,100,11,50,5,0.08928571428571429,0.0,0.0,True
pooled_to_known,broad_lam_like,pooled,program_2,ECM_remodeling,25,11,25,3,0.09090909090909091,0.0,0.0,True
pooled_to_known,broad_lam_like,pooled,program_2,ECM_remodeling,50,11,50,3,0.05172413793103448,0.0,0.0,True
pooled_to_known,broad_lam_like,pooled,program_2,ECM_remodeling,100,11,50,3,0.05172413793103448,0.0,0.0,True
pooled_to_known,broad_lam_like,pooled,program_3,ECM_remodeling,25,11,25,3,0.09090909090909091,0.0,0.0,True
pooled_to_known,broad_lam_like,pooled,program_3,ECM_remodeling,50,11,50,3,0.05172413793103448,0.0,0.0,True
pooled_to_known,broad_lam_like,pooled,program_3,ECM_remodeling,100,11,50,3,0.05172413793103448,0.0,0.0,True
pooled_to_known,high_confidence,pooled,program_1,ECM_remodeling,25,11,25,3,0.09090909090909091,0.0,0.0,True
pooled_to_known,high_confidence,pooled,program_1,ECM_remodeling,50,11,50,4,0.07017543859649122,0.0,0.0,True
pooled_to_known,high_confidence,pooled,program_1,ECM_remodeling,100,11,50,4,0.07017543859649122,0.0,0.0,True
pooled_to_known,high_confidence,pooled,program_2,ECM_remodeling,25,11,25,2,0.058823529411764705,0.0,0.0,True
pooled_to_known,high_confidence,pooled,program_2,ECM_remodeling,50,11,50,2,0.03389830508474576,0.0,0.0,True
pooled_to_known,high_confidence,pooled,program_2,ECM_remodeling,100,11,50,2,0.03389830508474576,0.0,0.0,True
pooled_to_known,high_confidence,pooled,program_3,ECM_remodeling,25,11,25,2,0.058823529411764705,0.0,0.0,True
pooled_to_known,high_confidence,pooled,program_3,ECM_remodeling,50,11,50,3,0.05172413793103448,0.0,0.0,True
pooled_to_known,high_confidence,pooled,program_3,ECM_remodeling,100,11,50,3,0.05172413793103448,0.0,0.0,True
pooled_to_known,unrestricted_lam,pooled,program_1,ECM_remodeling,25,11,25,1,0.02857142857142857,0.0,0.008,True
pooled_to_known,unrestricted_lam,pooled,program_1,ECM_remodeling,50,11,50,1,0.016666666666666666,0.0,0.012,True
pooled_to_known,unrestricted_lam,pooled,program_1,ECM_remodeling,100,11,50,1,0.016666666666666666,0.0,0.012,True
pooled_to_known,unrestricted_lam,pooled,program_2,ECM_remodeling,25,11,25,2,0.058823529411764705,0.0,0.0,True
pooled_to_known,unrestricted_lam,pooled,program_2,ECM_remodeling,50,11,50,3,0.05172413793103448,0.0,0.0,True
pooled_to_known,unrestricted_lam,pooled,program_2,ECM_remodeling,100,11,50,3,0.05172413793103448,0.0,0.0,True
pooled_to_known,unrestricted_lam,pooled,program_3,ECM_remodeling,25,11,25,0,0.0,0.0,1.0,False
pooled_to_known,unrestricted_lam,pooled,program_3,ECM_remodeling,50,11,50,0,0.0,0.0,1.0,False
pooled_to_known,unrestricted_lam,pooled,program_3,ECM_remodeling,100,11,50,0,0.0,0.0,1.0,False
donor_to_known,broad_lam_like,LAM1,program_1,ECM_remodeling,25,11,25,2,0.058823529411764705,,,
donor_to_known,broad_lam_like,LAM1,program_1,ECM_remodeling,50,11,50,3,0.05172413793103448,,,
donor_to_known,broad_lam_like,LAM1,program_1,ECM_remodeling,100,11,50,3,0.05172413793103448,,,
donor_to_known,broad_lam_like,LAM1,program_2,ECM_remodeling,25,11,25,1,0.02857142857142857,,,
donor_to_known,broad_lam_like,LAM1,program_2,ECM_remodeling,50,11,50,2,0.03389830508474576,,,
donor_to_known,broad_lam_like,LAM1,program_2,ECM_remodeling,100,11,50,2,0.03389830508474576,,,
donor_to_known,broad_lam_like,LAM1,program_3,ECM_remodeling,25,11,25,2,0.058823529411764705,,,
donor_to_known,broad_lam_like,LAM1,program_3,ECM_remodeling,50,11,50,3,0.05172413793103448,,,
donor_to_known,broad_lam_like,LAM1,program_3,ECM_remodeling,100,11,50,3,0.05172413793103448,,,
donor_to_known,broad_lam_like,LAM2,program_1,ECM_remodeling,25,11,25,0,0.0,,,
donor_to_known,broad_lam_like,LAM2,program_1,ECM_remodeling,50,11,50,1,0.016666666666666666,,,
donor_to_known,broad_lam_like,LAM2,program_1,ECM_remodeling,100,11,50,1,0.016666666666666666,,,
donor_to_known,broad_lam_like,LAM2,program_2,ECM_remodeling,25,11,25,1,0.02857142857142857,,,
donor_to_known,broad_lam_like,LAM2,program_2,ECM_remodeling,50,11,50,3,0.05172413793103448,,,
donor_to_known,broad_lam_like,LAM2,program_2,ECM_remodeling,100,11,50,3,0.05172413793103448,,,
donor_to_known,broad_lam_like,LAM2,program_3,ECM_remodeling,25,11,25,0,0.0,,,
donor_to_known,broad_lam_like,LAM2,program_3,ECM_remodeling,50,11,50,1,0.016666666666666666,,,
donor_to_known,broad_lam_like,LAM2,program_3,ECM_remodeling,100,11,50,1,0.016666666666666666,,,
donor_to_known,broad_lam_like,LAM3,program_1,ECM_remodeling,25,11,25,2,0.058823529411764705,,,
donor_to_known,broad_lam_like,LAM3,program_1,ECM_remodeling,50,11,50,3,0.05172413793103448,,,
donor_to_known,broad_lam_like,LAM3,program_1,ECM_remodeling,100,11,50,3,0.05172413793103448,,,
donor_to_known,broad_lam_like,LAM3,program_2,ECM_remodeling,25,11,25,3,0.09090909090909091,,,
donor_to_known,broad_lam_like,LAM3,program_2,ECM_remodeling,50,11,50,3,0.05172413793103448,,,
donor_to_known,broad_lam_like,LAM3,program_2,ECM_remodeling,100,11,50,3,0.05172413793103448,,,
donor_to_known,broad_lam_like,LAM3,program_3,ECM_remodeling,25,11,25,2,0.058823529411764705,,,
donor_to_known,broad_lam_like,LAM3,program_3,ECM_remodeling,50,11,50,3,0.05172413793103448,,,
donor_to_known,broad_lam_like,LAM3,program_3,ECM_remodeling,100,11,50,3,0.05172413793103448,,,
donor_to_known,broad_lam_like,LAM4,program_1,ECM_remodeling,25,11,25,1,0.02857142857142857,,,
donor_to_known,broad_lam_like,LAM4,program_1,ECM_remodeling,50,11,50,1,0.016666666666666666,,,
donor_to_known,broad_lam_like,LAM4,program_1,ECM_remodeling,100,11,50,1,0.016666666666666666,,,
donor_to_known,broad_lam_like,LAM4,program_2,ECM_remodeling,25,11,25,2,0.058823529411764705,,,
donor_to_known,broad_lam_like,LAM4,program_2,ECM_remodeling,50,11,50,2,0.03389830508474576,,,
donor_to_known,broad_lam_like,LAM4,program_2,ECM_remodeling,100,11,50,2,0.03389830508474576,,,
donor_to_known,broad_lam_like,LAM4,program_3,ECM_remodeling,25,11,25,1,0.02857142857142857,,,
donor_to_known,broad_lam_like,LAM4,program_3,ECM_remodeling,50,11,50,1,0.016666666666666666,,,
donor_to_known,broad_lam_like,LAM4,program_3,ECM_remodeling,100,11,50,1,0.016666666666666666,,,
donor_to_known,high_confidence,LAM1,program_1,ECM_remodeling,25,11,25,1,0.02857142857142857,,,
donor_to_known,high_confidence,LAM1,program_1,ECM_remodeling,50,11,50,1,0.016666666666666666,,,
donor_to_known,high_confidence,LAM1,program_1,ECM_remodeling,100,11,50,1,0.016666666666666666,,,
donor_to_known,high_confidence,LAM1,program_2,ECM_remodeling,25,11,25,3,0.09090909090909091,,,
donor_to_known,high_confidence,LAM1,program_2,ECM_remodeling,50,11,50,5,0.08928571428571429,,,
donor_to_known,high_confidence,LAM1,program_2,ECM_remodeling,100,11,50,5,0.08928571428571429,,,
donor_to_known,high_confidence,LAM1,program_3,ECM_remodeling,25,11,25,0,0.0,,,
donor_to_known,high_confidence,LAM1,program_3,ECM_remodeling,50,11,50,1,0.016666666666666666,,,
donor_to_known,high_confidence,LAM1,program_3,ECM_remodeling,100,11,50,1,0.016666666666666666,,,
donor_to_known,high_confidence,LAM2,program_1,ECM_remodeling,25,11,25,2,0.058823529411764705,,,
donor_to_known,high_confidence,LAM2,program_1,ECM_remodeling,50,11,50,4,0.07017543859649122,,,
donor_to_known,high_confidence,LAM2,program_1,ECM_remodeling,100,11,50,4,0.07017543859649122,,,
donor_to_known,high_confidence,LAM2,program_2,ECM_remodeling,25,11,25,0,0.0,,,
donor_to_known,high_confidence,LAM2,program_2,ECM_remodeling,50,11,50,1,0.016666666666666666,,,
donor_to_known,high_confidence,LAM2,program_2,ECM_remodeling,100,11,50,1,0.016666666666666666,,,
donor_to_known,high_confidence,LAM2,program_3,ECM_remodeling,25,11,25,2,0.058823529411764705,,,
donor_to_known,high_confidence,LAM2,program_3,ECM_remodeling,50,11,50,3,0.05172413793103448,,,
donor_to_known,high_confidence,LAM2,program_3,ECM_remodeling,100,11,50,3,0.05172413793103448,,,
donor_to_known,high_confidence,LAM3,program_1,ECM_remodeling,25,11,25,1,0.02857142857142857,,,
donor_to_known,high_confidence,LAM3,program_1,ECM_remodeling,50,11,50,2,0.03389830508474576,,,
donor_to_known,high_confidence,LAM3,program_1,ECM_remodeling,100,11,50,2,0.03389830508474576,,,
donor_to_known,high_confidence,LAM3,program_2,ECM_remodeling,25,11,25,1,0.02857142857142857,,,
donor_to_known,high_confidence,LAM3,program_2,ECM_remodeling,50,11,50,3,0.05172413793103448,,,
donor_to_known,high_confidence,LAM3,program_2,ECM_remodeling,100,11,50,3,0.05172413793103448,,,
donor_to_known,high_confidence,LAM3,program_3,ECM_remodeling,25,11,25,1,0.02857142857142857,,,
donor_to_known,high_confidence,LAM3,program_3,ECM_remodeling,50,11,50,1,0.016666666666666666,,,
donor_to_known,high_confidence,LAM3,program_3,ECM_remodeling,100,11,50,1,0.016666666666666666,,,
donor_to_known,high_confidence,LAM4,program_1,ECM_remodeling,25,11,25,1,0.02857142857142857,,,
donor_to_known,high_confidence,LAM4,program_1,ECM_remodeling,50,11,50,2,0.03389830508474576,,,
donor_to_known,high_confidence,LAM4,program_1,ECM_remodeling,100,11,50,2,0.03389830508474576,,,
donor_to_known,high_confidence,LAM4,program_2,ECM_remodeling,25,11,25,2,0.058823529411764705,,,
donor_to_known,high_confidence,LAM4,program_2,ECM_remodeling,50,11,50,3,0.05172413793103448,,,
donor_to_known,high_confidence,LAM4,program_2,ECM_remodeling,100,11,50,3,0.05172413793103448,,,
donor_to_known,high_confidence,LAM4,program_3,ECM_remodeling,25,11,25,3,0.09090909090909091,,,
donor_to_known,high_confidence,LAM4,program_3,ECM_remodeling,50,11,50,4,0.07017543859649122,,,
donor_to_known,high_confidence,LAM4,program_3,ECM_remodeling,100,11,50,4,0.07017543859649122,,,
donor_to_known,unrestricted_lam,LAM1,program_1,ECM_remodeling,25,11,25,2,0.058823529411764705,,,
donor_to_known,unrestricted_lam,LAM1,program_1,ECM_remodeling,50,11,50,2,0.03389830508474576,,,
donor_to_known,unrestricted_lam,LAM1,program_1,ECM_remodeling,100,11,50,2,0.03389830508474576,,,
donor_to_known,unrestricted_lam,LAM1,program_2,ECM_remodeling,25,11,25,2,0.058823529411764705,,,
donor_to_known,unrestricted_lam,LAM1,program_2,ECM_remodeling,50,11,50,3,0.05172413793103448,,,
donor_to_known,unrestricted_lam,LAM1,program_2,ECM_remodeling,100,11,50,3,0.05172413793103448,,,
donor_to_known,unrestricted_lam,LAM1,program_3,ECM_remodeling,25,11,25,3,0.09090909090909091,,,
donor_to_known,unrestricted_lam,LAM1,program_3,ECM_remodeling,50,11,50,3,0.05172413793103448,,,
donor_to_known,unrestricted_lam,LAM1,program_3,ECM_remodeling,100,11,50,3,0.05172413793103448,,,
donor_to_known,unrestricted_lam,LAM2,program_1,ECM_remodeling,25,11,25,1,0.02857142857142857,,,
donor_to_known,unrestricted_lam,LAM2,program_1,ECM_remodeling,50,11,50,2,0.03389830508474576,,,
donor_to_known,unrestricted_lam,LAM2,program_1,ECM_remodeling,100,11,50,2,0.03389830508474576,,,
donor_to_known,unrestricted_lam,LAM2,program_2,ECM_remodeling,25,11,25,1,0.02857142857142857,,,
donor_to_known,unrestricted_lam,LAM2,program_2,ECM_remodeling,50,11,50,1,0.016666666666666666,,,
donor_to_known,unrestricted_lam,LAM2,program_2,ECM_remodeling,100,11,50,1,0.016666666666666666,,,
donor_to_known,unrestricted_lam,LAM2,program_3,ECM_remodeling,25,11,25,1,0.02857142857142857,,,
donor_to_known,unrestricted_lam,LAM2,program_3,ECM_remodeling,50,11,50,3,0.05172413793103448,,,
donor_to_known,unrestricted_lam,LAM2,program_3,ECM_remodeling,100,11,50,3,0.05172413793103448,,,
donor_to_known,unrestricted_lam,LAM3,program_1,ECM_remodeling,25,11,25,0,0.0,,,
donor_to_known,unrestricted_lam,LAM3,program_1,ECM_remodeling,50,11,50,0,0.0,,,
donor_to_known,unrestricted_lam,LAM3,program_1,ECM_remodeling,100,11,50,0,0.0,,,
donor_to_known,unrestricted_lam,LAM3,program_2,ECM_remodeling,25,11,25,0,0.0,,,
donor_to_known,unrestricted_lam,LAM3,program_2,ECM_remodeling,50,11,50,0,0.0,,,
donor_to_known,unrestricted_lam,LAM3,program_2,ECM_remodeling,100,11,50,0,0.0,,,
donor_to_known,unrestricted_lam,LAM3,program_3,ECM_remodeling,25,11,25,1,0.02857142857142857,,,
donor_to_known,unrestricted_lam,LAM3,program_3,ECM_remodeling,50,11,50,4,0.07017543859649122,,,
donor_to_known,unrestricted_lam,LAM3,program_3,ECM_remodeling,100,11,50,4,0.07017543859649122,,,
donor_to_known,unrestricted_lam,LAM4,program_1,ECM_remodeling,25,11,25,1,0.02857142857142857,,,
donor_to_known,unrestricted_lam,LAM4,program_1,ECM_remodeling,50,11,50,1,0.016666666666666666,,,
donor_to_known,unrestricted_lam,LAM4,program_1,ECM_remodeling,100,11,50,1,0.016666666666666666,,,
donor_to_known,unrestricted_lam,LAM4,program_2,ECM_remodeling,25,11,25,1,0.02857142857142857,,,
donor_to_known,unrestricted_lam,LAM4,program_2,ECM_remodeling,50,11,50,1,0.016666666666666666,,,
donor_to_known,unrestricted_lam,LAM4,program_2,ECM_remodeling,100,11,50,1,0.016666666666666666,,,
donor_to_known,unrestricted_lam,LAM4,program_3,ECM_remodeling,25,11,25,0,0.0,,,
donor_to_known,unrestricted_lam,LAM4,program_3,ECM_remodeling,50,11,50,1,0.016666666666666666,,,
donor_to_known,unrestricted_lam,LAM4,program_3,ECM_remodeling,100,11,50,1,0.016666666666666666,,,
pooled_to_known,broad_lam_like,pooled,program_1,mTOR_translation,25,11,25,2,0.058823529411764705,0.0,0.0,True
pooled_to_known,broad_lam_like,pooled,program_1,mTOR_translation,50,11,50,2,0.03389830508474576,0.0,0.0,True
pooled_to_known,broad_lam_like,pooled,program_1,mTOR_translation,100,11,50,2,0.03389830508474576,0.0,0.0,True
pooled_to_known,broad_lam_like,pooled,program_2,mTOR_translation,25,11,25,1,0.02857142857142857,0.0,0.008,True
pooled_to_known,broad_lam_like,pooled,program_2,mTOR_translation,50,11,50,1,0.016666666666666666,0.0,0.012,True
pooled_to_known,broad_lam_like,pooled,program_2,mTOR_translation,100,11,50,1,0.016666666666666666,0.0,0.012,True
pooled_to_known,broad_lam_like,pooled,program_3,mTOR_translation,25,11,25,0,0.0,0.0,1.0,False
pooled_to_known,broad_lam_like,pooled,program_3,mTOR_translation,50,11,50,2,0.03389830508474576,0.0,0.0,True
pooled_to_known,broad_lam_like,pooled,program_3,mTOR_translation,100,11,50,2,0.03389830508474576,0.0,0.0,True
pooled_to_known,high_confidence,pooled,program_1,mTOR_translation,25,11,25,0,0.0,0.0,1.0,False
pooled_to_known,high_confidence,pooled,program_1,mTOR_translation,50,11,50,1,0.016666666666666666,0.0,0.012,True
pooled_to_known,high_confidence,pooled,program_1,mTOR_translation,100,11,50,1,0.016666666666666666,0.0,0.012,True
pooled_to_known,high_confidence,pooled,program_2,mTOR_translation,25,11,25,1,0.02857142857142857,0.0,0.008,True
pooled_to_known,high_confidence,pooled,program_2,mTOR_translation,50,11,50,2,0.03389830508474576,0.0,0.0,True
pooled_to_known,high_confidence,pooled,program_2,mTOR_translation,100,11,50,2,0.03389830508474576,0.0,0.0,True
pooled_to_known,high_confidence,pooled,program_3,mTOR_translation,25,11,25,0,0.0,0.0,1.0,False
pooled_to_known,high_confidence,pooled,program_3,mTOR_translation,50,11,50,1,0.016666666666666666,0.0,0.012,True
pooled_to_known,high_confidence,pooled,program_3,mTOR_translation,100,11,50,1,0.016666666666666666,0.0,0.012,True
pooled_to_known,unrestricted_lam,pooled,program_1,mTOR_translation,25,11,25,0,0.0,0.0,1.0,False
pooled_to_known,unrestricted_lam,pooled,program_1,mTOR_translation,50,11,50,0,0.0,0.0,1.0,False
pooled_to_known,unrestricted_lam,pooled,program_1,mTOR_translation,100,11,50,0,0.0,0.0,1.0,False
pooled_to_known,unrestricted_lam,pooled,program_2,mTOR_translation,25,11,25,1,0.02857142857142857,0.0,0.008,True
pooled_to_known,unrestricted_lam,pooled,program_2,mTOR_translation,50,11,50,3,0.05172413793103448,0.0,0.0,True
pooled_to_known,unrestricted_lam,pooled,program_2,mTOR_translation,100,11,50,3,0.05172413793103448,0.0,0.0,True
pooled_to_known,unrestricted_lam,pooled,program_3,mTOR_translation,25,11,25,0,0.0,0.0,1.0,False
pooled_to_known,unrestricted_lam,pooled,program_3,mTOR_translation,50,11,50,0,0.0,0.0,1.0,False
pooled_to_known,unrestricted_lam,pooled,program_3,mTOR_translation,100,11,50,0,0.0,0.0,1.0,False
donor_to_known,broad_lam_like,LAM1,program_1,mTOR_translation,25,11,25,2,0.058823529411764705,,,
donor_to_known,broad_lam_like,LAM1,program_1,mTOR_translation,50,11,50,4,0.07017543859649122,,,
donor_to_known,broad_lam_like,LAM1,program_1,mTOR_translation,100,11,50,4,0.07017543859649122,,,
donor_to_known,broad_lam_like,LAM1,program_2,mTOR_translation,25,11,25,2,0.058823529411764705,,,
donor_to_known,broad_lam_like,LAM1,program_2,mTOR_translation,50,11,50,3,0.05172413793103448,,,
donor_to_known,broad_lam_like,LAM1,program_2,mTOR_translation,100,11,50,3,0.05172413793103448,,,
donor_to_known,broad_lam_like,LAM1,program_3,mTOR_translation,25,11,25,3,0.09090909090909091,,,
donor_to_known,broad_lam_like,LAM1,program_3,mTOR_translation,50,11,50,3,0.05172413793103448,,,
donor_to_known,broad_lam_like,LAM1,program_3,mTOR_translation,100,11,50,3,0.05172413793103448,,,
donor_to_known,broad_lam_like,LAM2,program_1,mTOR_translation,25,11,25,1,0.02857142857142857,,,
donor_to_known,broad_lam_like,LAM2,program_1,mTOR_translation,50,11,50,3,0.05172413793103448,,,
donor_to_known,broad_lam_like,LAM2,program_1,mTOR_translation,100,11,50,3,0.05172413793103448,,,
donor_to_known,broad_lam_like,LAM2,program_2,mTOR_translation,25,11,25,1,0.02857142857142857,,,
donor_to_known,broad_lam_like,LAM2,program_2,mTOR_translation,50,11,50,1,0.016666666666666666,,,
donor_to_known,broad_lam_like,LAM2,program_2,mTOR_translation,100,11,50,1,0.016666666666666666,,,
donor_to_known,broad_lam_like,LAM2,program_3,mTOR_translation,25,11,25,1,0.02857142857142857,,,
donor_to_known,broad_lam_like,LAM2,program_3,mTOR_translation,50,11,50,1,0.016666666666666666,,,
donor_to_known,broad_lam_like,LAM2,program_3,mTOR_translation,100,11,50,1,0.016666666666666666,,,
donor_to_known,broad_lam_like,LAM3,program_1,mTOR_translation,25,11,25,1,0.02857142857142857,,,
donor_to_known,broad_lam_like,LAM3,program_1,mTOR_translation,50,11,50,1,0.016666666666666666,,,
donor_to_known,broad_lam_like,LAM3,program_1,mTOR_translation,100,11,50,1,0.016666666666666666,,,
donor_to_known,broad_lam_like,LAM3,program_2,mTOR_translation,25,11,25,1,0.02857142857142857,,,
donor_to_known,broad_lam_like,LAM3,program_2,mTOR_translation,50,11,50,1,0.016666666666666666,,,
donor_to_known,broad_lam_like,LAM3,program_2,mTOR_translation,100,11,50,1,0.016666666666666666,,,
donor_to_known,broad_lam_like,LAM3,program_3,mTOR_translation,25,11,25,1,0.02857142857142857,,,
donor_to_known,broad_lam_like,LAM3,program_3,mTOR_translation,50,11,50,3,0.05172413793103448,,,
donor_to_known,broad_lam_like,LAM3,program_3,mTOR_translation,100,11,50,3,0.05172413793103448,,,
donor_to_known,broad_lam_like,LAM4,program_1,mTOR_translation,25,11,25,0,0.0,,,
donor_to_known,broad_lam_like,LAM4,program_1,mTOR_translation,50,11,50,1,0.016666666666666666,,,
donor_to_known,broad_lam_like,LAM4,program_1,mTOR_translation,100,11,50,1,0.016666666666666666,,,
donor_to_known,broad_lam_like,LAM4,program_2,mTOR_translation,25,11,25,0,0.0,,,
donor_to_known,broad_lam_like,LAM4,program_2,mTOR_translation,50,11,50,0,0.0,,,
donor_to_known,broad_lam_like,LAM4,program_2,mTOR_translation,100,11,50,0,0.0,,,
donor_to_known,broad_lam_like,LAM4,program_3,mTOR_translation,25,11,25,0,0.0,,,
donor_to_known,broad_lam_like,LAM4,program_3,mTOR_translation,50,11,50,1,0.016666666666666666,,,
donor_to_known,broad_lam_like,LAM4,program_3,mTOR_translation,100,11,50,1,0.016666666666666666,,,
donor_to_known,high_confidence,LAM1,program_1,mTOR_translation,25,11,25,2,0.058823529411764705,,,
donor_to_known,high_confidence,LAM1,program_1,mTOR_translation,50,11,50,3,0.05172413793103448,,,
donor_to_known,high_confidence,LAM1,program_1,mTOR_translation,100,11,50,3,0.05172413793103448,,,
donor_to_known,high_confidence,LAM1,program_2,mTOR_translation,25,11,25,1,0.02857142857142857,,,
donor_to_known,high_confidence,LAM1,program_2,mTOR_translation,50,11,50,2,0.03389830508474576,,,
donor_to_known,high_confidence,LAM1,program_2,mTOR_translation,100,11,50,2,0.03389830508474576,,,
donor_to_known,high_confidence,LAM1,program_3,mTOR_translation,25,11,25,4,0.125,,,
donor_to_known,high_confidence,LAM1,program_3,mTOR_translation,50,11,50,5,0.08928571428571429,,,
donor_to_known,high_confidence,LAM1,program_3,mTOR_translation,100,11,50,5,0.08928571428571429,,,
donor_to_known,high_confidence,LAM2,program_1,mTOR_translation,25,11,25,2,0.058823529411764705,,,
donor_to_known,high_confidence,LAM2,program_1,mTOR_translation,50,11,50,2,0.03389830508474576,,,
donor_to_known,high_confidence,LAM2,program_1,mTOR_translation,100,11,50,2,0.03389830508474576,,,
donor_to_known,high_confidence,LAM2,program_2,mTOR_translation,25,11,25,0,0.0,,,
donor_to_known,high_confidence,LAM2,program_2,mTOR_translation,50,11,50,0,0.0,,,
donor_to_known,high_confidence,LAM2,program_2,mTOR_translation,100,11,50,0,0.0,,,
donor_to_known,high_confidence,LAM2,program_3,mTOR_translation,25,11,25,1,0.02857142857142857,,,
donor_to_known,high_confidence,LAM2,program_3,mTOR_translation,50,11,50,2,0.03389830508474576,,,
donor_to_known,high_confidence,LAM2,program_3,mTOR_translation,100,11,50,2,0.03389830508474576,,,
donor_to_known,high_confidence,LAM3,program_1,mTOR_translation,25,11,25,1,0.02857142857142857,,,
donor_to_known,high_confidence,LAM3,program_1,mTOR_translation,50,11,50,2,0.03389830508474576,,,
donor_to_known,high_confidence,LAM3,program_1,mTOR_translation,100,11,50,2,0.03389830508474576,,,
donor_to_known,high_confidence,LAM3,program_2,mTOR_translation,25,11,25,1,0.02857142857142857,,,
donor_to_known,high_confidence,LAM3,program_2,mTOR_translation,50,11,50,4,0.07017543859649122,,,
donor_to_known,high_confidence,LAM3,program_2,mTOR_translation,100,11,50,4,0.07017543859649122,,,
donor_to_known,high_confidence,LAM3,program_3,mTOR_translation,25,11,25,0,0.0,,,
donor_to_known,high_confidence,LAM3,program_3,mTOR_translation,50,11,50,2,0.03389830508474576,,,
donor_to_known,high_confidence,LAM3,program_3,mTOR_translation,100,11,50,2,0.03389830508474576,,,
donor_to_known,high_confidence,LAM4,program_1,mTOR_translation,25,11,25,1,0.02857142857142857,,,
donor_to_known,high_confidence,LAM4,program_1,mTOR_translation,50,11,50,1,0.016666666666666666,,,
donor_to_known,high_confidence,LAM4,program_1,mTOR_translation,100,11,50,1,0.016666666666666666,,,
donor_to_known,high_confidence,LAM4,program_2,mTOR_translation,25,11,25,1,0.02857142857142857,,,
donor_to_known,high_confidence,LAM4,program_2,mTOR_translation,50,11,50,1,0.016666666666666666,,,
donor_to_known,high_confidence,LAM4,program_2,mTOR_translation,100,11,50,1,0.016666666666666666,,,
donor_to_known,high_confidence,LAM4,program_3,mTOR_translation,25,11,25,2,0.058823529411764705,,,
donor_to_known,high_confidence,LAM4,program_3,mTOR_translation,50,11,50,2,0.03389830508474576,,,
donor_to_known,high_confidence,LAM4,program_3,mTOR_translation,100,11,50,2,0.03389830508474576,,,
donor_to_known,unrestricted_lam,LAM1,program_1,mTOR_translation,25,11,25,0,0.0,,,
donor_to_known,unrestricted_lam,LAM1,program_1,mTOR_translation,50,11,50,0,0.0,,,
donor_to_known,unrestricted_lam,LAM1,program_1,mTOR_translation,100,11,50,0,0.0,,,
donor_to_known,unrestricted_lam,LAM1,program_2,mTOR_translation,25,11,25,0,0.0,,,
donor_to_known,unrestricted_lam,LAM1,program_2,mTOR_translation,50,11,50,3,0.05172413793103448,,,
donor_to_known,unrestricted_lam,LAM1,program_2,mTOR_translation,100,11,50,3,0.05172413793103448,,,
donor_to_known,unrestricted_lam,LAM1,program_3,mTOR_translation,25,11,25,2,0.058823529411764705,,,
donor_to_known,unrestricted_lam,LAM1,program_3,mTOR_translation,50,11,50,2,0.03389830508474576,,,
donor_to_known,unrestricted_lam,LAM1,program_3,mTOR_translation,100,11,50,2,0.03389830508474576,,,
donor_to_known,unrestricted_lam,LAM2,program_1,mTOR_translation,25,11,25,2,0.058823529411764705,,,
donor_to_known,unrestricted_lam,LAM2,program_1,mTOR_translation,50,11,50,2,0.03389830508474576,,,
donor_to_known,unrestricted_lam,LAM2,program_1,mTOR_translation,100,11,50,2,0.03389830508474576,,,
donor_to_known,unrestricted_lam,LAM2,program_2,mTOR_translation,25,11,25,1,0.02857142857142857,,,
donor_to_known,unrestricted_lam,LAM2,program_2,mTOR_translation,50,11,50,1,0.016666666666666666,,,
donor_to_known,unrestricted_lam,LAM2,program_2,mTOR_translation,100,11,50,1,0.016666666666666666,,,
donor_to_known,unrestricted_lam,LAM2,program_3,mTOR_translation,25,11,25,2,0.058823529411764705,,,
donor_to_known,unrestricted_lam,LAM2,program_3,mTOR_translation,50,11,50,4,0.07017543859649122,,,
donor_to_known,unrestricted_lam,LAM2,program_3,mTOR_translation,100,11,50,4,0.07017543859649122,,,
donor_to_known,unrestricted_lam,LAM3,program_1,mTOR_translation,25,11,25,1,0.02857142857142857,,,
donor_to_known,unrestricted_lam,LAM3,program_1,mTOR_translation,50,11,50,1,0.016666666666666666,,,
donor_to_known,unrestricted_lam,LAM3,program_1,mTOR_translation,100,11,50,1,0.016666666666666666,,,
donor_to_known,unrestricted_lam,LAM3,program_2,mTOR_translation,25,11,25,0,0.0,,,
donor_to_known,unrestricted_lam,LAM3,program_2,mTOR_translation,50,11,50,2,0.03389830508474576,,,
donor_to_known,unrestricted_lam,LAM3,program_2,mTOR_translation,100,11,50,2,0.03389830508474576,,,
donor_to_known,unrestricted_lam,LAM3,program_3,mTOR_translation,25,11,25,2,0.058823529411764705,,,
donor_to_known,unrestricted_lam,LAM3,program_3,mTOR_translation,50,11,50,3,0.05172413793103448,,,
donor_to_known,unrestricted_lam,LAM3,program_3,mTOR_translation,100,11,50,3,0.05172413793103448,,,
donor_to_known,unrestricted_lam,LAM4,program_1,mTOR_translation,25,11,25,0,0.0,,,
donor_to_known,unrestricted_lam,LAM4,program_1,mTOR_translation,50,11,50,1,0.016666666666666666,,,
donor_to_known,unrestricted_lam,LAM4,program_1,mTOR_translation,100,11,50,1,0.016666666666666666,,,
donor_to_known,unrestricted_lam,LAM4,program_2,mTOR_translation,25,11,25,2,0.058823529411764705,,,
donor_to_known,unrestricted_lam,LAM4,program_2,mTOR_translation,50,11,50,2,0.03389830508474576,,,
donor_to_known,unrestricted_lam,LAM4,program_2,mTOR_translation,100,11,50,2,0.03389830508474576,,,
donor_to_known,unrestricted_lam,LAM4,program_3,mTOR_translation,25,11,25,1,0.02857142857142857,,,
donor_to_known,unrestricted_lam,LAM4,program_3,mTOR_translation,50,11,50,1,0.016666666666666666,,,
donor_to_known,unrestricted_lam,LAM4,program_3,mTOR_translation,100,11,50,1,0.016666666666666666,,,
pooled_to_known,broad_lam_like,pooled,program_1,SLS_stem_like,25,10,25,1,0.029411764705882353,0.0,0.008,True
pooled_to_known,broad_lam_like,pooled,program_1,SLS_stem_like,50,10,50,3,0.05263157894736842,0.0,0.0,True
pooled_to_known,broad_lam_like,pooled,program_1,SLS_stem_like,100,10,50,3,0.05263157894736842,0.0,0.0,True
pooled_to_known,broad_lam_like,pooled,program_2,SLS_stem_like,25,10,25,1,0.029411764705882353,0.0,0.008,True
pooled_to_known,broad_lam_like,pooled,program_2,SLS_stem_like,50,10,50,1,0.01694915254237288,0.0,0.006,True
pooled_to_known,broad_lam_like,pooled,program_2,SLS_stem_like,100,10,50,1,0.01694915254237288,0.0,0.006,True
pooled_to_known,broad_lam_like,pooled,program_3,SLS_stem_like,25,10,25,3,0.09375,0.0,0.0,True
pooled_to_known,broad_lam_like,pooled,program_3,SLS_stem_like,50,10,50,4,0.07142857142857142,0.0,0.0,True
pooled_to_known,broad_lam_like,pooled,program_3,SLS_stem_like,100,10,50,4,0.07142857142857142,0.0,0.0,True
pooled_to_known,high_confidence,pooled,program_1,SLS_stem_like,25,10,25,2,0.06060606060606061,0.0,0.0,True
pooled_to_known,high_confidence,pooled,program_1,SLS_stem_like,50,10,50,4,0.07142857142857142,0.0,0.0,True
pooled_to_known,high_confidence,pooled,program_1,SLS_stem_like,100,10,50,4,0.07142857142857142,0.0,0.0,True
pooled_to_known,high_confidence,pooled,program_2,SLS_stem_like,25,10,25,1,0.029411764705882353,0.0,0.008,True
pooled_to_known,high_confidence,pooled,program_2,SLS_stem_like,50,10,50,1,0.01694915254237288,0.0,0.006,True
pooled_to_known,high_confidence,pooled,program_2,SLS_stem_like,100,10,50,1,0.01694915254237288,0.0,0.006,True
pooled_to_known,high_confidence,pooled,program_3,SLS_stem_like,25,10,25,2,0.06060606060606061,0.0,0.0,True
pooled_to_known,high_confidence,pooled,program_3,SLS_stem_like,50,10,50,2,0.034482758620689655,0.0,0.0,True
pooled_to_known,high_confidence,pooled,program_3,SLS_stem_like,100,10,50,2,0.034482758620689655,0.0,0.0,True
pooled_to_known,unrestricted_lam,pooled,program_1,SLS_stem_like,25,10,25,1,0.029411764705882353,0.0,0.008,True
pooled_to_known,unrestricted_lam,pooled,program_1,SLS_stem_like,50,10,50,1,0.01694915254237288,0.0,0.006,True
pooled_to_known,unrestricted_lam,pooled,program_1,SLS_stem_like,100,10,50,1,0.01694915254237288,0.0,0.006,True
pooled_to_known,unrestricted_lam,pooled,program_2,SLS_stem_like,25,10,25,3,0.09375,0.0,0.0,True
pooled_to_known,unrestricted_lam,pooled,program_2,SLS_stem_like,50,10,50,4,0.07142857142857142,0.0,0.0,True
pooled_to_known,unrestricted_lam,pooled,program_2,SLS_stem_like,100,10,50,4,0.07142857142857142,0.0,0.0,True
pooled_to_known,unrestricted_lam,pooled,program_3,SLS_stem_like,25,10,25,2,0.06060606060606061,0.0,0.0,True
pooled_to_known,unrestricted_lam,pooled,program_3,SLS_stem_like,50,10,50,2,0.034482758620689655,0.0,0.0,True
pooled_to_known,unrestricted_lam,pooled,program_3,SLS_stem_like,100,10,50,2,0.034482758620689655,0.0,0.0,True
donor_to_known,broad_lam_like,LAM1,program_1,SLS_stem_like,25,10,25,2,0.06060606060606061,,,
donor_to_known,broad_lam_like,LAM1,program_1,SLS_stem_like,50,10,50,4,0.07142857142857142,,,
donor_to_known,broad_lam_like,LAM1,program_1,SLS_stem_like,100,10,50,4,0.07142857142857142,,,
donor_to_known,broad_lam_like,LAM1,program_2,SLS_stem_like,25,10,25,2,0.06060606060606061,,,
donor_to_known,broad_lam_like,LAM1,program_2,SLS_stem_like,50,10,50,2,0.034482758620689655,,,
donor_to_known,broad_lam_like,LAM1,program_2,SLS_stem_like,100,10,50,2,0.034482758620689655,,,
donor_to_known,broad_lam_like,LAM1,program_3,SLS_stem_like,25,10,25,1,0.029411764705882353,,,
donor_to_known,broad_lam_like,LAM1,program_3,SLS_stem_like,50,10,50,1,0.01694915254237288,,,
donor_to_known,broad_lam_like,LAM1,program_3,SLS_stem_like,100,10,50,1,0.01694915254237288,,,
donor_to_known,broad_lam_like,LAM2,program_1,SLS_stem_like,25,10,25,0,0.0,,,
donor_to_known,broad_lam_like,LAM2,program_1,SLS_stem_like,50,10,50,0,0.0,,,
donor_to_known,broad_lam_like,LAM2,program_1,SLS_stem_like,100,10,50,0,0.0,,,
donor_to_known,broad_lam_like,LAM2,program_2,SLS_stem_like,25,10,25,0,0.0,,,
donor_to_known,broad_lam_like,LAM2,program_2,SLS_stem_like,50,10,50,0,0.0,,,
donor_to_known,broad_lam_like,LAM2,program_2,SLS_stem_like,100,10,50,0,0.0,,,
donor_to_known,broad_lam_like,LAM2,program_3,SLS_stem_like,25,10,25,0,0.0,,,
donor_to_known,broad_lam_like,LAM2,program_3,SLS_stem_like,50,10,50,0,0.0,,,
donor_to_known,broad_lam_like,LAM2,program_3,SLS_stem_like,100,10,50,0,0.0,,,
donor_to_known,broad_lam_like,LAM3,program_1,SLS_stem_like,25,10,25,3,0.09375,,,
donor_to_known,broad_lam_like,LAM3,program_1,SLS_stem_like,50,10,50,3,0.05263157894736842,,,
donor_to_known,broad_lam_like,LAM3,program_1,SLS_stem_like,100,10,50,3,0.05263157894736842,,,
donor_to_known,broad_lam_like,LAM3,program_2,SLS_stem_like,25,10,25,3,0.09375,,,
donor_to_known,broad_lam_like,LAM3,program_2,SLS_stem_like,50,10,50,3,0.05263157894736842,,,
donor_to_known,broad_lam_like,LAM3,program_2,SLS_stem_like,100,10,50,3,0.05263157894736842,,,
donor_to_known,broad_lam_like,LAM3,program_3,SLS_stem_like,25,10,25,2,0.06060606060606061,,,
donor_to_known,broad_lam_like,LAM3,program_3,SLS_stem_like,50,10,50,4,0.07142857142857142,,,
donor_to_known,broad_lam_like,LAM3,program_3,SLS_stem_like,100,10,50,4,0.07142857142857142,,,
donor_to_known,broad_lam_like,LAM4,program_1,SLS_stem_like,25,10,25,1,0.029411764705882353,,,
donor_to_known,broad_lam_like,LAM4,program_1,SLS_stem_like,50,10,50,2,0.034482758620689655,,,
donor_to_known,broad_lam_like,LAM4,program_1,SLS_stem_like,100,10,50,2,0.034482758620689655,,,
donor_to_known,broad_lam_like,LAM4,program_2,SLS_stem_like,25,10,25,1,0.029411764705882353,,,
donor_to_known,broad_lam_like,LAM4,program_2,SLS_stem_like,50,10,50,1,0.01694915254237288,,,
donor_to_known,broad_lam_like,LAM4,program_2,SLS_stem_like,100,10,50,1,0.01694915254237288,,,
donor_to_known,broad_lam_like,LAM4,program_3,SLS_stem_like,25,10,25,1,0.029411764705882353,,,
donor_to_known,broad_lam_like,LAM4,program_3,SLS_stem_like,50,10,50,1,0.01694915254237288,,,
donor_to_known,broad_lam_like,LAM4,program_3,SLS_stem_like,100,10,50,1,0.01694915254237288,,,
donor_to_known,high_confidence,LAM1,program_1,SLS_stem_like,25,10,25,2,0.06060606060606061,,,
donor_to_known,high_confidence,LAM1,program_1,SLS_stem_like,50,10,50,3,0.05263157894736842,,,
donor_to_known,high_confidence,LAM1,program_1,SLS_stem_like,100,10,50,3,0.05263157894736842,,,
donor_to_known,high_confidence,LAM1,program_2,SLS_stem_like,25,10,25,1,0.029411764705882353,,,
donor_to_known,high_confidence,LAM1,program_2,SLS_stem_like,50,10,50,2,0.034482758620689655,,,
donor_to_known,high_confidence,LAM1,program_2,SLS_stem_like,100,10,50,2,0.034482758620689655,,,
donor_to_known,high_confidence,LAM1,program_3,SLS_stem_like,25,10,25,0,0.0,,,
donor_to_known,high_confidence,LAM1,program_3,SLS_stem_like,50,10,50,2,0.034482758620689655,,,
donor_to_known,high_confidence,LAM1,program_3,SLS_stem_like,100,10,50,2,0.034482758620689655,,,
donor_to_known,high_confidence,LAM2,program_1,SLS_stem_like,25,10,25,0,0.0,,,
donor_to_known,high_confidence,LAM2,program_1,SLS_stem_like,50,10,50,0,0.0,,,
donor_to_known,high_confidence,LAM2,program_1,SLS_stem_like,100,10,50,0,0.0,,,
donor_to_known,high_confidence,LAM2,program_2,SLS_stem_like,25,10,25,0,0.0,,,
donor_to_known,high_confidence,LAM2,program_2,SLS_stem_like,50,10,50,0,0.0,,,
donor_to_known,high_confidence,LAM2,program_2,SLS_stem_like,100,10,50,0,0.0,,,
donor_to_known,high_confidence,LAM2,program_3,SLS_stem_like,25,10,25,0,0.0,,,
donor_to_known,high_confidence,LAM2,program_3,SLS_stem_like,50,10,50,1,0.01694915254237288,,,
donor_to_known,high_confidence,LAM2,program_3,SLS_stem_like,100,10,50,1,0.01694915254237288,,,
donor_to_known,high_confidence,LAM3,program_1,SLS_stem_like,25,10,25,0,0.0,,,
donor_to_known,high_confidence,LAM3,program_1,SLS_stem_like,50,10,50,1,0.01694915254237288,,,
donor_to_known,high_confidence,LAM3,program_1,SLS_stem_like,100,10,50,1,0.01694915254237288,,,
donor_to_known,high_confidence,LAM3,program_2,SLS_stem_like,25,10,25,0,0.0,,,
donor_to_known,high_confidence,LAM3,program_2,SLS_stem_like,50,10,50,2,0.034482758620689655,,,
donor_to_known,high_confidence,LAM3,program_2,SLS_stem_like,100,10,50,2,0.034482758620689655,,,
donor_to_known,high_confidence,LAM3,program_3,SLS_stem_like,25,10,25,1,0.029411764705882353,,,
donor_to_known,high_confidence,LAM3,program_3,SLS_stem_like,50,10,50,1,0.01694915254237288,,,
donor_to_known,high_confidence,LAM3,program_3,SLS_stem_like,100,10,50,1,0.01694915254237288,,,
donor_to_known,high_confidence,LAM4,program_1,SLS_stem_like,25,10,25,1,0.029411764705882353,,,
donor_to_known,high_confidence,LAM4,program_1,SLS_stem_like,50,10,50,2,0.034482758620689655,,,
donor_to_known,high_confidence,LAM4,program_1,SLS_stem_like,100,10,50,2,0.034482758620689655,,,
donor_to_known,high_confidence,LAM4,program_2,SLS_stem_like,25,10,25,1,0.029411764705882353,,,
donor_to_known,high_confidence,LAM4,program_2,SLS_stem_like,50,10,50,1,0.01694915254237288,,,
donor_to_known,high_confidence,LAM4,program_2,SLS_stem_like,100,10,50,1,0.01694915254237288,,,
donor_to_known,high_confidence,LAM4,program_3,SLS_stem_like,25,10,25,1,0.029411764705882353,,,
donor_to_known,high_confidence,LAM4,program_3,SLS_stem_like,50,10,50,3,0.05263157894736842,,,
donor_to_known,high_confidence,LAM4,program_3,SLS_stem_like,100,10,50,3,0.05263157894736842,,,
donor_to_known,unrestricted_lam,LAM1,program_1,SLS_stem_like,25,10,25,1,0.029411764705882353,,,
donor_to_known,unrestricted_lam,LAM1,program_1,SLS_stem_like,50,10,50,1,0.01694915254237288,,,
donor_to_known,unrestricted_lam,LAM1,program_1,SLS_stem_like,100,10,50,1,0.01694915254237288,,,
donor_to_known,unrestricted_lam,LAM1,program_2,SLS_stem_like,25,10,25,2,0.06060606060606061,,,
donor_to_known,unrestricted_lam,LAM1,program_2,SLS_stem_like,50,10,50,4,0.07142857142857142,,,
donor_to_known,unrestricted_lam,LAM1,program_2,SLS_stem_like,100,10,50,4,0.07142857142857142,,,
donor_to_known,unrestricted_lam,LAM1,program_3,SLS_stem_like,25,10,25,1,0.029411764705882353,,,
donor_to_known,unrestricted_lam,LAM1,program_3,SLS_stem_like,50,10,50,2,0.034482758620689655,,,
donor_to_known,unrestricted_lam,LAM1,program_3,SLS_stem_like,100,10,50,2,0.034482758620689655,,,
donor_to_known,unrestricted_lam,LAM2,program_1,SLS_stem_like,25,10,25,1,0.029411764705882353,,,
donor_to_known,unrestricted_lam,LAM2,program_1,SLS_stem_like,50,10,50,1,0.01694915254237288,,,
donor_to_known,unrestricted_lam,LAM2,program_1,SLS_stem_like,100,10,50,1,0.01694915254237288,,,
donor_to_known,unrestricted_lam,LAM2,program_2,SLS_stem_like,25,10,25,1,0.029411764705882353,,,
donor_to_known,unrestricted_lam,LAM2,program_2,SLS_stem_like,50,10,50,1,0.01694915254237288,,,
donor_to_known,unrestricted_lam,LAM2,program_2,SLS_stem_like,100,10,50,1,0.01694915254237288,,,
donor_to_known,unrestricted_lam,LAM2,program_3,SLS_stem_like,25,10,25,1,0.029411764705882353,,,
donor_to_known,unrestricted_lam,LAM2,program_3,SLS_stem_like,50,10,50,1,0.01694915254237288,,,
donor_to_known,unrestricted_lam,LAM2,program_3,SLS_stem_like,100,10,50,1,0.01694915254237288,,,
donor_to_known,unrestricted_lam,LAM3,program_1,SLS_stem_like,25,10,25,2,0.06060606060606061,,,
donor_to_known,unrestricted_lam,LAM3,program_1,SLS_stem_like,50,10,50,3,0.05263157894736842,,,
donor_to_known,unrestricted_lam,LAM3,program_1,SLS_stem_like,100,10,50,3,0.05263157894736842,,,
donor_to_known,unrestricted_lam,LAM3,program_2,SLS_stem_like,25,10,25,2,0.06060606060606061,,,
donor_to_known,unrestricted_lam,LAM3,program_2,SLS_stem_like,50,10,50,2,0.034482758620689655,,,
donor_to_known,unrestricted_lam,LAM3,program_2,SLS_stem_like,100,10,50,2,0.034482758620689655,,,
donor_to_known,unrestricted_lam,LAM3,program_3,SLS_stem_like,25,10,25,3,0.09375,,,
donor_to_known,unrestricted_lam,LAM3,program_3,SLS_stem_like,50,10,50,4,0.07142857142857142,,,
donor_to_known,unrestricted_lam,LAM3,program_3,SLS_stem_like,100,10,50,4,0.07142857142857142,,,
donor_to_known,unrestricted_lam,LAM4,program_1,SLS_stem_like,25,10,25,0,0.0,,,
donor_to_known,unrestricted_lam,LAM4,program_1,SLS_stem_like,50,10,50,0,0.0,,,
donor_to_known,unrestricted_lam,LAM4,program_1,SLS_stem_like,100,10,50,0,0.0,,,
donor_to_known,unrestricted_lam,LAM4,program_2,SLS_stem_like,25,10,25,0,0.0,,,
donor_to_known,unrestricted_lam,LAM4,program_2,SLS_stem_like,50,10,50,1,0.01694915254237288,,,
donor_to_known,unrestricted_lam,LAM4,program_2,SLS_stem_like,100,10,50,1,0.01694915254237288,,,
donor_to_known,unrestricted_lam,LAM4,program_3,SLS_stem_like,25,10,25,0,0.0,,,
donor_to_known,unrestricted_lam,LAM4,program_3,SLS_stem_like,50,10,50,0,0.0,,,
donor_to_known,unrestricted_lam,LAM4,program_3,SLS_stem_like,100,10,50,0,0.0,,,
pooled_to_known,broad_lam_like,pooled,program_1,IS_inflammatory,25,10,25,0,0.0,0.0,1.0,False
pooled_to_known,broad_lam_like,pooled,program_1,IS_inflammatory,50,10,50,0,0.0,0.0,1.0,False
pooled_to_known,broad_lam_like,pooled,program_1,IS_inflammatory,100,10,50,0,0.0,0.0,1.0,False
pooled_to_known,broad_lam_like,pooled,program_2,IS_inflammatory,25,10,25,0,0.0,0.0,1.0,False
pooled_to_known,broad_lam_like,pooled,program_2,IS_inflammatory,50,10,50,0,0.0,0.0,1.0,False
pooled_to_known,broad_lam_like,pooled,program_2,IS_inflammatory,100,10,50,0,0.0,0.0,1.0,False
pooled_to_known,broad_lam_like,pooled,program_3,IS_inflammatory,25,10,25,0,0.0,0.0,1.0,False
pooled_to_known,broad_lam_like,pooled,program_3,IS_inflammatory,50,10,50,0,0.0,0.0,1.0,False
pooled_to_known,broad_lam_like,pooled,program_3,IS_inflammatory,100,10,50,0,0.0,0.0,1.0,False
pooled_to_known,high_confidence,pooled,program_1,IS_inflammatory,25,10,25,1,0.029411764705882353,0.0,0.008,True
pooled_to_known,high_confidence,pooled,program_1,IS_inflammatory,50,10,50,1,0.01694915254237288,0.0,0.006,True
pooled_to_known,high_confidence,pooled,program_1,IS_inflammatory,100,10,50,1,0.01694915254237288,0.0,0.006,True
pooled_to_known,high_confidence,pooled,program_2,IS_inflammatory,25,10,25,3,0.09375,0.0,0.0,True
pooled_to_known,high_confidence,pooled,program_2,IS_inflammatory,50,10,50,3,0.05263157894736842,0.0,0.0,True
pooled_to_known,high_confidence,pooled,program_2,IS_inflammatory,100,10,50,3,0.05263157894736842,0.0,0.0,True
pooled_to_known,high_confidence,pooled,program_3,IS_inflammatory,25,10,25,1,0.029411764705882353,0.0,0.008,True
pooled_to_known,high_confidence,pooled,program_3,IS_inflammatory,50,10,50,1,0.01694915254237288,0.0,0.006,True
pooled_to_known,high_confidence,pooled,program_3,IS_inflammatory,100,10,50,1,0.01694915254237288,0.0,0.006,True
pooled_to_known,unrestricted_lam,pooled,program_1,IS_inflammatory,25,10,25,3,0.09375,0.0,0.0,True
pooled_to_known,unrestricted_lam,pooled,program_1,IS_inflammatory,50,10,50,3,0.05263157894736842,0.0,0.0,True
pooled_to_known,unrestricted_lam,pooled,program_1,IS_inflammatory,100,10,50,3,0.05263157894736842,0.0,0.0,True
pooled_to_known,unrestricted_lam,pooled,program_2,IS_inflammatory,25,10,25,2,0.06060606060606061,0.0,0.0,True
pooled_to_known,unrestricted_lam,pooled,program_2,IS_inflammatory,50,10,50,3,0.05263157894736842,0.0,0.0,True
pooled_to_known,unrestricted_lam,pooled,program_2,IS_inflammatory,100,10,50,3,0.05263157894736842,0.0,0.0,True
pooled_to_known,unrestricted_lam,pooled,program_3,IS_inflammatory,25,10,25,2,0.06060606060606061,0.0,0.0,True
pooled_to_known,unrestricted_lam,pooled,program_3,IS_inflammatory,50,10,50,2,0.034482758620689655,0.0,0.0,True
pooled_to_known,unrestricted_lam,pooled,program_3,IS_inflammatory,100,10,50,2,0.034482758620689655,0.0,0.0,True
donor_to_known,broad_lam_like,LAM1,program_1,IS_inflammatory,25,10,25,1,0.029411764705882353,,,
donor_to_known,broad_lam_like,LAM1,program_1,IS_inflammatory,50,10,50,2,0.034482758620689655,,,
donor_to_known,broad_lam_like,LAM1,program_1,IS_inflammatory,100,10,50,2,0.034482758620689655,,,
donor_to_known,broad_lam_like,LAM1,program_2,IS_inflammatory,25,10,25,2,0.06060606060606061,,,
donor_to_known,broad_lam_like,LAM1,program_2,IS_inflammatory,50,10,50,2,0.034482758620689655,,,
donor_to_known,broad_lam_like,LAM1,program_2,IS_inflammatory,100,10,50,2,0.034482758620689655,,,
donor_to_known,broad_lam_like,LAM1,program_3,IS_inflammatory,25,10,25,1,0.029411764705882353,,,
donor_to_known,broad_lam_like,LAM1,program_3,IS_inflammatory,50,10,50,1,0.01694915254237288,,,
donor_to_known,broad_lam_like,LAM1,program_3,IS_inflammatory,100,10,50,1,0.01694915254237288,,,
donor_to_known,broad_lam_like,LAM2,program_1,IS_inflammatory,25,10,25,0,0.0,,,
donor_to_known,broad_lam_like,LAM2,program_1,IS_inflammatory,50,10,50,1,0.01694915254237288,,,
donor_to_known,broad_lam_like,LAM2,program_1,IS_inflammatory,100,10,50,1,0.01694915254237288,,,
donor_to_known,broad_lam_like,LAM2,program_2,IS_inflammatory,25,10,25,0,0.0,,,
donor_to_known,broad_lam_like,LAM2,program_2,IS_inflammatory,50,10,50,0,0.0,,,
donor_to_known,broad_lam_like,LAM2,program_2,IS_inflammatory,100,10,50,0,0.0,,,
donor_to_known,broad_lam_like,LAM2,program_3,IS_inflammatory,25,10,25,0,0.0,,,
donor_to_known,broad_lam_like,LAM2,program_3,IS_inflammatory,50,10,50,1,0.01694915254237288,,,
donor_to_known,broad_lam_like,LAM2,program_3,IS_inflammatory,100,10,50,1,0.01694915254237288,,,
donor_to_known,broad_lam_like,LAM3,program_1,IS_inflammatory,25,10,25,1,0.029411764705882353,,,
donor_to_known,broad_lam_like,LAM3,program_1,IS_inflammatory,50,10,50,2,0.034482758620689655,,,
donor_to_known,broad_lam_like,LAM3,program_1,IS_inflammatory,100,10,50,2,0.034482758620689655,,,
donor_to_known,broad_lam_like,LAM3,program_2,IS_inflammatory,25,10,25,1,0.029411764705882353,,,
donor_to_known,broad_lam_like,LAM3,program_2,IS_inflammatory,50,10,50,1,0.01694915254237288,,,
donor_to_known,broad_lam_like,LAM3,program_2,IS_inflammatory,100,10,50,1,0.01694915254237288,,,
donor_to_known,broad_lam_like,LAM3,program_3,IS_inflammatory,25,10,25,2,0.06060606060606061,,,
donor_to_known,broad_lam_like,LAM3,program_3,IS_inflammatory,50,10,50,3,0.05263157894736842,,,
donor_to_known,broad_lam_like,LAM3,program_3,IS_inflammatory,100,10,50,3,0.05263157894736842,,,
donor_to_known,broad_lam_like,LAM4,program_1,IS_inflammatory,25,10,25,1,0.029411764705882353,,,
donor_to_known,broad_lam_like,LAM4,program_1,IS_inflammatory,50,10,50,2,0.034482758620689655,,,
donor_to_known,broad_lam_like,LAM4,program_1,IS_inflammatory,100,10,50,2,0.034482758620689655,,,
donor_to_known,broad_lam_like,LAM4,program_2,IS_inflammatory,25,10,25,1,0.029411764705882353,,,
donor_to_known,broad_lam_like,LAM4,program_2,IS_inflammatory,50,10,50,2,0.034482758620689655,,,
donor_to_known,broad_lam_like,LAM4,program_2,IS_inflammatory,100,10,50,2,0.034482758620689655,,,
donor_to_known,broad_lam_like,LAM4,program_3,IS_inflammatory,25,10,25,2,0.06060606060606061,,,
donor_to_known,broad_lam_like,LAM4,program_3,IS_inflammatory,50,10,50,4,0.07142857142857142,,,
donor_to_known,broad_lam_like,LAM4,program_3,IS_inflammatory,100,10,50,4,0.07142857142857142,,,
donor_to_known,high_confidence,LAM1,program_1,IS_inflammatory,25,10,25,0,0.0,,,
donor_to_known,high_confidence,LAM1,program_1,IS_inflammatory,50,10,50,0,0.0,,,
donor_to_known,high_confidence,LAM1,program_1,IS_inflammatory,100,10,50,0,0.0,,,
donor_to_known,high_confidence,LAM1,program_2,IS_inflammatory,25,10,25,2,0.06060606060606061,,,
donor_to_known,high_confidence,LAM1,program_2,IS_inflammatory,50,10,50,2,0.034482758620689655,,,
donor_to_known,high_confidence,LAM1,program_2,IS_inflammatory,100,10,50,2,0.034482758620689655,,,
donor_to_known,high_confidence,LAM1,program_3,IS_inflammatory,25,10,25,0,0.0,,,
donor_to_known,high_confidence,LAM1,program_3,IS_inflammatory,50,10,50,0,0.0,,,
donor_to_known,high_confidence,LAM1,program_3,IS_inflammatory,100,10,50,0,0.0,,,
donor_to_known,high_confidence,LAM2,program_1,IS_inflammatory,25,10,25,2,0.06060606060606061,,,
donor_to_known,high_confidence,LAM2,program_1,IS_inflammatory,50,10,50,3,0.05263157894736842,,,
donor_to_known,high_confidence,LAM2,program_1,IS_inflammatory,100,10,50,3,0.05263157894736842,,,
donor_to_known,high_confidence,LAM2,program_2,IS_inflammatory,25,10,25,1,0.029411764705882353,,,
donor_to_known,high_confidence,LAM2,program_2,IS_inflammatory,50,10,50,1,0.01694915254237288,,,
donor_to_known,high_confidence,LAM2,program_2,IS_inflammatory,100,10,50,1,0.01694915254237288,,,
donor_to_known,high_confidence,LAM2,program_3,IS_inflammatory,25,10,25,2,0.06060606060606061,,,
donor_to_known,high_confidence,LAM2,program_3,IS_inflammatory,50,10,50,2,0.034482758620689655,,,
donor_to_known,high_confidence,LAM2,program_3,IS_inflammatory,100,10,50,2,0.034482758620689655,,,
donor_to_known,high_confidence,LAM3,program_1,IS_inflammatory,25,10,25,0,0.0,,,
donor_to_known,high_confidence,LAM3,program_1,IS_inflammatory,50,10,50,0,0.0,,,
donor_to_known,high_confidence,LAM3,program_1,IS_inflammatory,100,10,50,0,0.0,,,
donor_to_known,high_confidence,LAM3,program_2,IS_inflammatory,25,10,25,1,0.029411764705882353,,,
donor_to_known,high_confidence,LAM3,program_2,IS_inflammatory,50,10,50,2,0.034482758620689655,,,
donor_to_known,high_confidence,LAM3,program_2,IS_inflammatory,100,10,50,2,0.034482758620689655,,,
donor_to_known,high_confidence,LAM3,program_3,IS_inflammatory,25,10,25,1,0.029411764705882353,,,
donor_to_known,high_confidence,LAM3,program_3,IS_inflammatory,50,10,50,2,0.034482758620689655,,,
donor_to_known,high_confidence,LAM3,program_3,IS_inflammatory,100,10,50,2,0.034482758620689655,,,
donor_to_known,high_confidence,LAM4,program_1,IS_inflammatory,25,10,25,0,0.0,,,
donor_to_known,high_confidence,LAM4,program_1,IS_inflammatory,50,10,50,0,0.0,,,
donor_to_known,high_confidence,LAM4,program_1,IS_inflammatory,100,10,50,0,0.0,,,
donor_to_known,high_confidence,LAM4,program_2,IS_inflammatory,25,10,25,0,0.0,,,
donor_to_known,high_confidence,LAM4,program_2,IS_inflammatory,50,10,50,0,0.0,,,
donor_to_known,high_confidence,LAM4,program_2,IS_inflammatory,100,10,50,0,0.0,,,
donor_to_known,high_confidence,LAM4,program_3,IS_inflammatory,25,10,25,0,0.0,,,
donor_to_known,high_confidence,LAM4,program_3,IS_inflammatory,50,10,50,0,0.0,,,
donor_to_known,high_confidence,LAM4,program_3,IS_inflammatory,100,10,50,0,0.0,,,
donor_to_known,unrestricted_lam,LAM1,program_1,IS_inflammatory,25,10,25,1,0.029411764705882353,,,
donor_to_known,unrestricted_lam,LAM1,program_1,IS_inflammatory,50,10,50,2,0.034482758620689655,,,
donor_to_known,unrestricted_lam,LAM1,program_1,IS_inflammatory,100,10,50,2,0.034482758620689655,,,
donor_to_known,unrestricted_lam,LAM1,program_2,IS_inflammatory,25,10,25,2,0.06060606060606061,,,
donor_to_known,unrestricted_lam,LAM1,program_2,IS_inflammatory,50,10,50,3,0.05263157894736842,,,
donor_to_known,unrestricted_lam,LAM1,program_2,IS_inflammatory,100,10,50,3,0.05263157894736842,,,
donor_to_known,unrestricted_lam,LAM1,program_3,IS_inflammatory,25,10,25,1,0.029411764705882353,,,
donor_to_known,unrestricted_lam,LAM1,program_3,IS_inflammatory,50,10,50,2,0.034482758620689655,,,
donor_to_known,unrestricted_lam,LAM1,program_3,IS_inflammatory,100,10,50,2,0.034482758620689655,,,
donor_to_known,unrestricted_lam,LAM2,program_1,IS_inflammatory,25,10,25,0,0.0,,,
donor_to_known,unrestricted_lam,LAM2,program_1,IS_inflammatory,50,10,50,0,0.0,,,
donor_to_known,unrestricted_lam,LAM2,program_1,IS_inflammatory,100,10,50,0,0.0,,,
donor_to_known,unrestricted_lam,LAM2,program_2,IS_inflammatory,25,10,25,0,0.0,,,
donor_to_known,unrestricted_lam,LAM2,program_2,IS_inflammatory,50,10,50,0,0.0,,,
donor_to_known,unrestricted_lam,LAM2,program_2,IS_inflammatory,100,10,50,0,0.0,,,
donor_to_known,unrestricted_lam,LAM2,program_3,IS_inflammatory,25,10,25,1,0.029411764705882353,,,
donor_to_known,unrestricted_lam,LAM2,program_3,IS_inflammatory,50,10,50,2,0.034482758620689655,,,
donor_to_known,unrestricted_lam,LAM2,program_3,IS_inflammatory,100,10,50,2,0.034482758620689655,,,
donor_to_known,unrestricted_lam,LAM3,program_1,IS_inflammatory,25,10,25,0,0.0,,,
donor_to_known,unrestricted_lam,LAM3,program_1,IS_inflammatory,50,10,50,0,0.0,,,
donor_to_known,unrestricted_lam,LAM3,program_1,IS_inflammatory,100,10,50,0,0.0,,,
donor_to_known,unrestricted_lam,LAM3,program_2,IS_inflammatory,25,10,25,0,0.0,,,
donor_to_known,unrestricted_lam,LAM3,program_2,IS_inflammatory,50,10,50,0,0.0,,,
donor_to_known,unrestricted_lam,LAM3,program_2,IS_inflammatory,100,10,50,0,0.0,,,
donor_to_known,unrestricted_lam,LAM3,program_3,IS_inflammatory,25,10,25,2,0.06060606060606061,,,
donor_to_known,unrestricted_lam,LAM3,program_3,IS_inflammatory,50,10,50,2,0.034482758620689655,,,
donor_to_known,unrestricted_lam,LAM3,program_3,IS_inflammatory,100,10,50,2,0.034482758620689655,,,
donor_to_known,unrestricted_lam,LAM4,program_1,IS_inflammatory,25,10,25,1,0.029411764705882353,,,
donor_to_known,unrestricted_lam,LAM4,program_1,IS_inflammatory,50,10,50,1,0.01694915254237288,,,
donor_to_known,unrestricted_lam,LAM4,program_1,IS_inflammatory,100,10,50,1,0.01694915254237288,,,
donor_to_known,unrestricted_lam,LAM4,program_2,IS_inflammatory,25,10,25,1,0.029411764705882353,,,
donor_to_known,unrestricted_lam,LAM4,program_2,IS_inflammatory,50,10,50,1,0.01694915254237288,,,
donor_to_known,unrestricted_lam,LAM4,program_2,IS_inflammatory,100,10,50,1,0.01694915254237288,,,
donor_to_known,unrestricted_lam,LAM4,program_3,IS_inflammatory,25,10,25,1,0.029411764705882353,,,
donor_to_known,unrestricted_lam,LAM4,program_3,IS_inflammatory,50,10,50,1,0.01694915254237288,,,
donor_to_known,unrestricted_lam,LAM4,program_3,IS_inflammatory,100,10,50,1,0.01694915254237288,,,
pooled_to_known,broad_lam_like,pooled,program_1,MDK_dormancy_persistence,25,10,25,0,0.0,0.0,1.0,False
pooled_to_known,broad_lam_like,pooled,program_1,MDK_dormancy_persistence,50,10,50,1,0.01694915254237288,0.0,0.006,True
pooled_to_known,broad_lam_like,pooled,program_1,MDK_dormancy_persistence,100,10,50,1,0.01694915254237288,0.0,0.006,True
pooled_to_known,broad_lam_like,pooled,program_2,MDK_dormancy_persistence,25,10,25,1,0.029411764705882353,0.0,0.008,True
pooled_to_known,broad_lam_like,pooled,program_2,MDK_dormancy_persistence,50,10,50,1,0.01694915254237288,0.0,0.006,True
pooled_to_known,broad_lam_like,pooled,program_2,MDK_dormancy_persistence,100,10,50,1,0.01694915254237288,0.0,0.006,True
pooled_to_known,broad_lam_like,pooled,program_3,MDK_dormancy_persistence,25,10,25,2,0.06060606060606061,0.0,0.0,True
pooled_to_known,broad_lam_like,pooled,program_3,MDK_dormancy_persistence,50,10,50,3,0.05263157894736842,0.0,0.0,True
pooled_to_known,broad_lam_like,pooled,program_3,MDK_dormancy_persistence,100,10,50,3,0.05263157894736842,0.0,0.0,True
pooled_to_known,high_confidence,pooled,program_1,MDK_dormancy_persistence,25,10,25,0,0.0,0.0,1.0,False
pooled_to_known,high_confidence,pooled,program_1,MDK_dormancy_persistence,50,10,50,1,0.01694915254237288,0.0,0.006,True
pooled_to_known,high_confidence,pooled,program_1,MDK_dormancy_persistence,100,10,50,1,0.01694915254237288,0.0,0.006,True
pooled_to_known,high_confidence,pooled,program_2,MDK_dormancy_persistence,25,10,25,0,0.0,0.0,1.0,False
pooled_to_known,high_confidence,pooled,program_2,MDK_dormancy_persistence,50,10,50,1,0.01694915254237288,0.0,0.006,True
pooled_to_known,high_confidence,pooled,program_2,MDK_dormancy_persistence,100,10,50,1,0.01694915254237288,0.0,0.006,True
pooled_to_known,high_confidence,pooled,program_3,MDK_dormancy_persistence,25,10,25,0,0.0,0.0,1.0,False
pooled_to_known,high_confidence,pooled,program_3,MDK_dormancy_persistence,50,10,50,0,0.0,0.0,1.0,False
pooled_to_known,high_confidence,pooled,program_3,MDK_dormancy_persistence,100,10,50,0,0.0,0.0,1.0,False
pooled_to_known,unrestricted_lam,pooled,program_1,MDK_dormancy_persistence,25,10,25,0,0.0,0.0,1.0,False
pooled_to_known,unrestricted_lam,pooled,program_1,MDK_dormancy_persistence,50,10,50,0,0.0,0.0,1.0,False
pooled_to_known,unrestricted_lam,pooled,program_1,MDK_dormancy_persistence,100,10,50,0,0.0,0.0,1.0,False
pooled_to_known,unrestricted_lam,pooled,program_2,MDK_dormancy_persistence,25,10,25,1,0.029411764705882353,0.0,0.008,True
pooled_to_known,unrestricted_lam,pooled,program_2,MDK_dormancy_persistence,50,10,50,2,0.034482758620689655,0.0,0.0,True
pooled_to_known,unrestricted_lam,pooled,program_2,MDK_dormancy_persistence,100,10,50,2,0.034482758620689655,0.0,0.0,True
pooled_to_known,unrestricted_lam,pooled,program_3,MDK_dormancy_persistence,25,10,25,2,0.06060606060606061,0.0,0.0,True
pooled_to_known,unrestricted_lam,pooled,program_3,MDK_dormancy_persistence,50,10,50,2,0.034482758620689655,0.0,0.0,True
pooled_to_known,unrestricted_lam,pooled,program_3,MDK_dormancy_persistence,100,10,50,2,0.034482758620689655,0.0,0.0,True
donor_to_known,broad_lam_like,LAM1,program_1,MDK_dormancy_persistence,25,10,25,1,0.029411764705882353,,,
donor_to_known,broad_lam_like,LAM1,program_1,MDK_dormancy_persistence,50,10,50,1,0.01694915254237288,,,
donor_to_known,broad_lam_like,LAM1,program_1,MDK_dormancy_persistence,100,10,50,1,0.01694915254237288,,,
donor_to_known,broad_lam_like,LAM1,program_2,MDK_dormancy_persistence,25,10,25,0,0.0,,,
donor_to_known,broad_lam_like,LAM1,program_2,MDK_dormancy_persistence,50,10,50,1,0.01694915254237288,,,
donor_to_known,broad_lam_like,LAM1,program_2,MDK_dormancy_persistence,100,10,50,1,0.01694915254237288,,,
donor_to_known,broad_lam_like,LAM1,program_3,MDK_dormancy_persistence,25,10,25,0,0.0,,,
donor_to_known,broad_lam_like,LAM1,program_3,MDK_dormancy_persistence,50,10,50,0,0.0,,,
donor_to_known,broad_lam_like,LAM1,program_3,MDK_dormancy_persistence,100,10,50,0,0.0,,,
donor_to_known,broad_lam_like,LAM2,program_1,MDK_dormancy_persistence,25,10,25,1,0.029411764705882353,,,
donor_to_known,broad_lam_like,LAM2,program_1,MDK_dormancy_persistence,50,10,50,3,0.05263157894736842,,,
donor_to_known,broad_lam_like,LAM2,program_1,MDK_dormancy_persistence,100,10,50,3,0.05263157894736842,,,
donor_to_known,broad_lam_like,LAM2,program_2,MDK_dormancy_persistence,25,10,25,0,0.0,,,
donor_to_known,broad_lam_like,LAM2,program_2,MDK_dormancy_persistence,50,10,50,0,0.0,,,
donor_to_known,broad_lam_like,LAM2,program_2,MDK_dormancy_persistence,100,10,50,0,0.0,,,
donor_to_known,broad_lam_like,LAM2,program_3,MDK_dormancy_persistence,25,10,25,2,0.06060606060606061,,,
donor_to_known,broad_lam_like,LAM2,program_3,MDK_dormancy_persistence,50,10,50,3,0.05263157894736842,,,
donor_to_known,broad_lam_like,LAM2,program_3,MDK_dormancy_persistence,100,10,50,3,0.05263157894736842,,,
donor_to_known,broad_lam_like,LAM3,program_1,MDK_dormancy_persistence,25,10,25,1,0.029411764705882353,,,
donor_to_known,broad_lam_like,LAM3,program_1,MDK_dormancy_persistence,50,10,50,1,0.01694915254237288,,,
donor_to_known,broad_lam_like,LAM3,program_1,MDK_dormancy_persistence,100,10,50,1,0.01694915254237288,,,
donor_to_known,broad_lam_like,LAM3,program_2,MDK_dormancy_persistence,25,10,25,0,0.0,,,
donor_to_known,broad_lam_like,LAM3,program_2,MDK_dormancy_persistence,50,10,50,0,0.0,,,
donor_to_known,broad_lam_like,LAM3,program_2,MDK_dormancy_persistence,100,10,50,0,0.0,,,
donor_to_known,broad_lam_like,LAM3,program_3,MDK_dormancy_persistence,25,10,25,0,0.0,,,
donor_to_known,broad_lam_like,LAM3,program_3,MDK_dormancy_persistence,50,10,50,1,0.01694915254237288,,,
donor_to_known,broad_lam_like,LAM3,program_3,MDK_dormancy_persistence,100,10,50,1,0.01694915254237288,,,
donor_to_known,broad_lam_like,LAM4,program_1,MDK_dormancy_persistence,25,10,25,0,0.0,,,
donor_to_known,broad_lam_like,LAM4,program_1,MDK_dormancy_persistence,50,10,50,0,0.0,,,
donor_to_known,broad_lam_like,LAM4,program_1,MDK_dormancy_persistence,100,10,50,0,0.0,,,
donor_to_known,broad_lam_like,LAM4,program_2,MDK_dormancy_persistence,25,10,25,0,0.0,,,
donor_to_known,broad_lam_like,LAM4,program_2,MDK_dormancy_persistence,50,10,50,1,0.01694915254237288,,,
donor_to_known,broad_lam_like,LAM4,program_2,MDK_dormancy_persistence,100,10,50,1,0.01694915254237288,,,
donor_to_known,broad_lam_like,LAM4,program_3,MDK_dormancy_persistence,25,10,25,0,0.0,,,
donor_to_known,broad_lam_like,LAM4,program_3,MDK_dormancy_persistence,50,10,50,1,0.01694915254237288,,,
donor_to_known,broad_lam_like,LAM4,program_3,MDK_dormancy_persistence,100,10,50,1,0.01694915254237288,,,
donor_to_known,high_confidence,LAM1,program_1,MDK_dormancy_persistence,25,10,25,0,0.0,,,
donor_to_known,high_confidence,LAM1,program_1,MDK_dormancy_persistence,50,10,50,0,0.0,,,
donor_to_known,high_confidence,LAM1,program_1,MDK_dormancy_persistence,100,10,50,0,0.0,,,
donor_to_known,high_confidence,LAM1,program_2,MDK_dormancy_persistence,25,10,25,0,0.0,,,
donor_to_known,high_confidence,LAM1,program_2,MDK_dormancy_persistence,50,10,50,0,0.0,,,
donor_to_known,high_confidence,LAM1,program_2,MDK_dormancy_persistence,100,10,50,0,0.0,,,
donor_to_known,high_confidence,LAM1,program_3,MDK_dormancy_persistence,25,10,25,0,0.0,,,
donor_to_known,high_confidence,LAM1,program_3,MDK_dormancy_persistence,50,10,50,1,0.01694915254237288,,,
donor_to_known,high_confidence,LAM1,program_3,MDK_dormancy_persistence,100,10,50,1,0.01694915254237288,,,
donor_to_known,high_confidence,LAM2,program_1,MDK_dormancy_persistence,25,10,25,2,0.06060606060606061,,,
donor_to_known,high_confidence,LAM2,program_1,MDK_dormancy_persistence,50,10,50,2,0.034482758620689655,,,
donor_to_known,high_confidence,LAM2,program_1,MDK_dormancy_persistence,100,10,50,2,0.034482758620689655,,,
donor_to_known,high_confidence,LAM2,program_2,MDK_dormancy_persistence,25,10,25,1,0.029411764705882353,,,
donor_to_known,high_confidence,LAM2,program_2,MDK_dormancy_persistence,50,10,50,1,0.01694915254237288,,,
donor_to_known,high_confidence,LAM2,program_2,MDK_dormancy_persistence,100,10,50,1,0.01694915254237288,,,
donor_to_known,high_confidence,LAM2,program_3,MDK_dormancy_persistence,25,10,25,1,0.029411764705882353,,,
donor_to_known,high_confidence,LAM2,program_3,MDK_dormancy_persistence,50,10,50,3,0.05263157894736842,,,
donor_to_known,high_confidence,LAM2,program_3,MDK_dormancy_persistence,100,10,50,3,0.05263157894736842,,,
donor_to_known,high_confidence,LAM3,program_1,MDK_dormancy_persistence,25,10,25,2,0.06060606060606061,,,
donor_to_known,high_confidence,LAM3,program_1,MDK_dormancy_persistence,50,10,50,2,0.034482758620689655,,,
donor_to_known,high_confidence,LAM3,program_1,MDK_dormancy_persistence,100,10,50,2,0.034482758620689655,,,
donor_to_known,high_confidence,LAM3,program_2,MDK_dormancy_persistence,25,10,25,0,0.0,,,
donor_to_known,high_confidence,LAM3,program_2,MDK_dormancy_persistence,50,10,50,2,0.034482758620689655,,,
donor_to_known,high_confidence,LAM3,program_2,MDK_dormancy_persistence,100,10,50,2,0.034482758620689655,,,
donor_to_known,high_confidence,LAM3,program_3,MDK_dormancy_persistence,25,10,25,1,0.029411764705882353,,,
donor_to_known,high_confidence,LAM3,program_3,MDK_dormancy_persistence,50,10,50,1,0.01694915254237288,,,
donor_to_known,high_confidence,LAM3,program_3,MDK_dormancy_persistence,100,10,50,1,0.01694915254237288,,,
donor_to_known,high_confidence,LAM4,program_1,MDK_dormancy_persistence,25,10,25,0,0.0,,,
donor_to_known,high_confidence,LAM4,program_1,MDK_dormancy_persistence,50,10,50,0,0.0,,,
donor_to_known,high_confidence,LAM4,program_1,MDK_dormancy_persistence,100,10,50,0,0.0,,,
donor_to_known,high_confidence,LAM4,program_2,MDK_dormancy_persistence,25,10,25,1,0.029411764705882353,,,
donor_to_known,high_confidence,LAM4,program_2,MDK_dormancy_persistence,50,10,50,1,0.01694915254237288,,,
donor_to_known,high_confidence,LAM4,program_2,MDK_dormancy_persistence,100,10,50,1,0.01694915254237288,,,
donor_to_known,high_confidence,LAM4,program_3,MDK_dormancy_persistence,25,10,25,0,0.0,,,
donor_to_known,high_confidence,LAM4,program_3,MDK_dormancy_persistence,50,10,50,0,0.0,,,
donor_to_known,high_confidence,LAM4,program_3,MDK_dormancy_persistence,100,10,50,0,0.0,,,
donor_to_known,unrestricted_lam,LAM1,program_1,MDK_dormancy_persistence,25,10,25,0,0.0,,,
donor_to_known,unrestricted_lam,LAM1,program_1,MDK_dormancy_persistence,50,10,50,0,0.0,,,
donor_to_known,unrestricted_lam,LAM1,program_1,MDK_dormancy_persistence,100,10,50,0,0.0,,,
donor_to_known,unrestricted_lam,LAM1,program_2,MDK_dormancy_persistence,25,10,25,0,0.0,,,
donor_to_known,unrestricted_lam,LAM1,program_2,MDK_dormancy_persistence,50,10,50,1,0.01694915254237288,,,
donor_to_known,unrestricted_lam,LAM1,program_2,MDK_dormancy_persistence,100,10,50,1,0.01694915254237288,,,
donor_to_known,unrestricted_lam,LAM1,program_3,MDK_dormancy_persistence,25,10,25,0,0.0,,,
donor_to_known,unrestricted_lam,LAM1,program_3,MDK_dormancy_persistence,50,10,50,0,0.0,,,
donor_to_known,unrestricted_lam,LAM1,program_3,MDK_dormancy_persistence,100,10,50,0,0.0,,,
donor_to_known,unrestricted_lam,LAM2,program_1,MDK_dormancy_persistence,25,10,25,0,0.0,,,
donor_to_known,unrestricted_lam,LAM2,program_1,MDK_dormancy_persistence,50,10,50,0,0.0,,,
donor_to_known,unrestricted_lam,LAM2,program_1,MDK_dormancy_persistence,100,10,50,0,0.0,,,
donor_to_known,unrestricted_lam,LAM2,program_2,MDK_dormancy_persistence,25,10,25,0,0.0,,,
donor_to_known,unrestricted_lam,LAM2,program_2,MDK_dormancy_persistence,50,10,50,0,0.0,,,
donor_to_known,unrestricted_lam,LAM2,program_2,MDK_dormancy_persistence,100,10,50,0,0.0,,,
donor_to_known,unrestricted_lam,LAM2,program_3,MDK_dormancy_persistence,25,10,25,0,0.0,,,
donor_to_known,unrestricted_lam,LAM2,program_3,MDK_dormancy_persistence,50,10,50,1,0.01694915254237288,,,
donor_to_known,unrestricted_lam,LAM2,program_3,MDK_dormancy_persistence,100,10,50,1,0.01694915254237288,,,
donor_to_known,unrestricted_lam,LAM3,program_1,MDK_dormancy_persistence,25,10,25,0,0.0,,,
donor_to_known,unrestricted_lam,LAM3,program_1,MDK_dormancy_persistence,50,10,50,0,0.0,,,
donor_to_known,unrestricted_lam,LAM3,program_1,MDK_dormancy_persistence,100,10,50,0,0.0,,,
donor_to_known,unrestricted_lam,LAM3,program_2,MDK_dormancy_persistence,25,10,25,0,0.0,,,
donor_to_known,unrestricted_lam,LAM3,program_2,MDK_dormancy_persistence,50,10,50,0,0.0,,,
donor_to_known,unrestricted_lam,LAM3,program_2,MDK_dormancy_persistence,100,10,50,0,0.0,,,
donor_to_known,unrestricted_lam,LAM3,program_3,MDK_dormancy_persistence,25,10,25,0,0.0,,,
donor_to_known,unrestricted_lam,LAM3,program_3,MDK_dormancy_persistence,50,10,50,1,0.01694915254237288,,,
donor_to_known,unrestricted_lam,LAM3,program_3,MDK_dormancy_persistence,100,10,50,1,0.01694915254237288,,,
donor_to_known,unrestricted_lam,LAM4,program_1,MDK_dormancy_persistence,25,10,25,0,0.0,,,
donor_to_known,unrestricted_lam,LAM4,program_1,MDK_dormancy_persistence,50,10,50,1,0.01694915254237288,,,
donor_to_known,unrestricted_lam,LAM4,program_1,MDK_dormancy_persistence,100,10,50,1,0.01694915254237288,,,
donor_to_known,unrestricted_lam,LAM4,program_2,MDK_dormancy_persistence,25,10,25,1,0.029411764705882353,,,
donor_to_known,unrestricted_lam,LAM4,program_2,MDK_dormancy_persistence,50,10,50,2,0.034482758620689655,,,
donor_to_known,unrestricted_lam,LAM4,program_2,MDK_dormancy_persistence,100,10,50,2,0.034482758620689655,,,
donor_to_known,unrestricted_lam,LAM4,program_3,MDK_dormancy_persistence,25,10,25,1,0.029411764705882353,,,
donor_to_known,unrestricted_lam,LAM4,program_3,MDK_dormancy_persistence,50,10,50,1,0.01694915254237288,,,
donor_to_known,unrestricted_lam,LAM4,program_3,MDK_dormancy_persistence,100,10,50,1,0.01694915254237288,,,
pooled_to_known,broad_lam_like,pooled,program_1,HOX_PBX,25,8,25,1,0.03125,0.0,0.01,True
pooled_to_known,broad_lam_like,pooled,program_1,HOX_PBX,50,8,50,1,0.017543859649122806,0.0,0.002,True
pooled_to_known,broad_lam_like,pooled,program_1,HOX_PBX,100,8,50,1,0.017543859649122806,0.0,0.002,True
pooled_to_known,broad_lam_like,pooled,program_2,HOX_PBX,25,8,25,1,0.03125,0.0,0.01,True
pooled_to_known,broad_lam_like,pooled,program_2,HOX_PBX,50,8,50,1,0.017543859649122806,0.0,0.002,True
pooled_to_known,broad_lam_like,pooled,program_2,HOX_PBX,100,8,50,1,0.017543859649122806,0.0,0.002,True
pooled_to_known,broad_lam_like,pooled,program_3,HOX_PBX,25,8,25,0,0.0,0.0,1.0,False
pooled_to_known,broad_lam_like,pooled,program_3,HOX_PBX,50,8,50,1,0.017543859649122806,0.0,0.002,True
pooled_to_known,broad_lam_like,pooled,program_3,HOX_PBX,100,8,50,1,0.017543859649122806,0.0,0.002,True
pooled_to_known,high_confidence,pooled,program_1,HOX_PBX,25,8,25,1,0.03125,0.0,0.01,True
pooled_to_known,high_confidence,pooled,program_1,HOX_PBX,50,8,50,3,0.05454545454545454,0.0,0.0,True
pooled_to_known,high_confidence,pooled,program_1,HOX_PBX,100,8,50,3,0.05454545454545454,0.0,0.0,True
pooled_to_known,high_confidence,pooled,program_2,HOX_PBX,25,8,25,0,0.0,0.0,1.0,False
pooled_to_known,high_confidence,pooled,program_2,HOX_PBX,50,8,50,2,0.03571428571428571,0.0,0.0,True
pooled_to_known,high_confidence,pooled,program_2,HOX_PBX,100,8,50,2,0.03571428571428571,0.0,0.0,True
pooled_to_known,high_confidence,pooled,program_3,HOX_PBX,25,8,25,0,0.0,0.0,1.0,False
pooled_to_known,high_confidence,pooled,program_3,HOX_PBX,50,8,50,0,0.0,0.0,1.0,False
pooled_to_known,high_confidence,pooled,program_3,HOX_PBX,100,8,50,0,0.0,0.0,1.0,False
pooled_to_known,unrestricted_lam,pooled,program_1,HOX_PBX,25,8,25,0,0.0,0.0,1.0,False
pooled_to_known,unrestricted_lam,pooled,program_1,HOX_PBX,50,8,50,0,0.0,0.0,1.0,False
pooled_to_known,unrestricted_lam,pooled,program_1,HOX_PBX,100,8,50,0,0.0,0.0,1.0,False
pooled_to_known,unrestricted_lam,pooled,program_2,HOX_PBX,25,8,25,1,0.03125,0.0,0.01,True
pooled_to_known,unrestricted_lam,pooled,program_2,HOX_PBX,50,8,50,1,0.017543859649122806,0.0,0.002,True
pooled_to_known,unrestricted_lam,pooled,program_2,HOX_PBX,100,8,50,1,0.017543859649122806,0.0,0.002,True
pooled_to_known,unrestricted_lam,pooled,program_3,HOX_PBX,25,8,25,0,0.0,0.0,1.0,False
pooled_to_known,unrestricted_lam,pooled,program_3,HOX_PBX,50,8,50,1,0.017543859649122806,0.0,0.002,True
pooled_to_known,unrestricted_lam,pooled,program_3,HOX_PBX,100,8,50,1,0.017543859649122806,0.0,0.002,True
donor_to_known,broad_lam_like,LAM1,program_1,HOX_PBX,25,8,25,1,0.03125,,,
donor_to_known,broad_lam_like,LAM1,program_1,HOX_PBX,50,8,50,2,0.03571428571428571,,,
donor_to_known,broad_lam_like,LAM1,program_1,HOX_PBX,100,8,50,2,0.03571428571428571,,,
donor_to_known,broad_lam_like,LAM1,program_2,HOX_PBX,25,8,25,0,0.0,,,
donor_to_known,broad_lam_like,LAM1,program_2,HOX_PBX,50,8,50,0,0.0,,,
donor_to_known,broad_lam_like,LAM1,program_2,HOX_PBX,100,8,50,0,0.0,,,
donor_to_known,broad_lam_like,LAM1,program_3,HOX_PBX,25,8,25,0,0.0,,,
donor_to_known,broad_lam_like,LAM1,program_3,HOX_PBX,50,8,50,0,0.0,,,
donor_to_known,broad_lam_like,LAM1,program_3,HOX_PBX,100,8,50,0,0.0,,,
donor_to_known,broad_lam_like,LAM2,program_1,HOX_PBX,25,8,25,2,0.06451612903225806,,,
donor_to_known,broad_lam_like,LAM2,program_1,HOX_PBX,50,8,50,2,0.03571428571428571,,,
donor_to_known,broad_lam_like,LAM2,program_1,HOX_PBX,100,8,50,2,0.03571428571428571,,,
donor_to_known,broad_lam_like,LAM2,program_2,HOX_PBX,25,8,25,0,0.0,,,
donor_to_known,broad_lam_like,LAM2,program_2,HOX_PBX,50,8,50,0,0.0,,,
donor_to_known,broad_lam_like,LAM2,program_2,HOX_PBX,100,8,50,0,0.0,,,
donor_to_known,broad_lam_like,LAM2,program_3,HOX_PBX,25,8,25,2,0.06451612903225806,,,
donor_to_known,broad_lam_like,LAM2,program_3,HOX_PBX,50,8,50,2,0.03571428571428571,,,
donor_to_known,broad_lam_like,LAM2,program_3,HOX_PBX,100,8,50,2,0.03571428571428571,,,
donor_to_known,broad_lam_like,LAM3,program_1,HOX_PBX,25,8,25,2,0.06451612903225806,,,
donor_to_known,broad_lam_like,LAM3,program_1,HOX_PBX,50,8,50,3,0.05454545454545454,,,
donor_to_known,broad_lam_like,LAM3,program_1,HOX_PBX,100,8,50,3,0.05454545454545454,,,
donor_to_known,broad_lam_like,LAM3,program_2,HOX_PBX,25,8,25,1,0.03125,,,
donor_to_known,broad_lam_like,LAM3,program_2,HOX_PBX,50,8,50,1,0.017543859649122806,,,
donor_to_known,broad_lam_like,LAM3,program_2,HOX_PBX,100,8,50,1,0.017543859649122806,,,
donor_to_known,broad_lam_like,LAM3,program_3,HOX_PBX,25,8,25,1,0.03125,,,
donor_to_known,broad_lam_like,LAM3,program_3,HOX_PBX,50,8,50,2,0.03571428571428571,,,
donor_to_known,broad_lam_like,LAM3,program_3,HOX_PBX,100,8,50,2,0.03571428571428571,,,
donor_to_known,broad_lam_like,LAM4,program_1,HOX_PBX,25,8,25,2,0.06451612903225806,,,
donor_to_known,broad_lam_like,LAM4,program_1,HOX_PBX,50,8,50,3,0.05454545454545454,,,
donor_to_known,broad_lam_like,LAM4,program_1,HOX_PBX,100,8,50,3,0.05454545454545454,,,
donor_to_known,broad_lam_like,LAM4,program_2,HOX_PBX,25,8,25,1,0.03125,,,
donor_to_known,broad_lam_like,LAM4,program_2,HOX_PBX,50,8,50,2,0.03571428571428571,,,
donor_to_known,broad_lam_like,LAM4,program_2,HOX_PBX,100,8,50,2,0.03571428571428571,,,
donor_to_known,broad_lam_like,LAM4,program_3,HOX_PBX,25,8,25,2,0.06451612903225806,,,
donor_to_known,broad_lam_like,LAM4,program_3,HOX_PBX,50,8,50,2,0.03571428571428571,,,
donor_to_known,broad_lam_like,LAM4,program_3,HOX_PBX,100,8,50,2,0.03571428571428571,,,
donor_to_known,high_confidence,LAM1,program_1,HOX_PBX,25,8,25,2,0.06451612903225806,,,
donor_to_known,high_confidence,LAM1,program_1,HOX_PBX,50,8,50,2,0.03571428571428571,,,
donor_to_known,high_confidence,LAM1,program_1,HOX_PBX,100,8,50,2,0.03571428571428571,,,
donor_to_known,high_confidence,LAM1,program_2,HOX_PBX,25,8,25,1,0.03125,,,
donor_to_known,high_confidence,LAM1,program_2,HOX_PBX,50,8,50,2,0.03571428571428571,,,
donor_to_known,high_confidence,LAM1,program_2,HOX_PBX,100,8,50,2,0.03571428571428571,,,
donor_to_known,high_confidence,LAM1,program_3,HOX_PBX,25,8,25,3,0.1,,,
donor_to_known,high_confidence,LAM1,program_3,HOX_PBX,50,8,50,3,0.05454545454545454,,,
donor_to_known,high_confidence,LAM1,program_3,HOX_PBX,100,8,50,3,0.05454545454545454,,,
donor_to_known,high_confidence,LAM2,program_1,HOX_PBX,25,8,25,1,0.03125,,,
donor_to_known,high_confidence,LAM2,program_1,HOX_PBX,50,8,50,3,0.05454545454545454,,,
donor_to_known,high_confidence,LAM2,program_1,HOX_PBX,100,8,50,3,0.05454545454545454,,,
donor_to_known,high_confidence,LAM2,program_2,HOX_PBX,25,8,25,1,0.03125,,,
donor_to_known,high_confidence,LAM2,program_2,HOX_PBX,50,8,50,1,0.017543859649122806,,,
donor_to_known,high_confidence,LAM2,program_2,HOX_PBX,100,8,50,1,0.017543859649122806,,,
donor_to_known,high_confidence,LAM2,program_3,HOX_PBX,25,8,25,1,0.03125,,,
donor_to_known,high_confidence,LAM2,program_3,HOX_PBX,50,8,50,1,0.017543859649122806,,,
donor_to_known,high_confidence,LAM2,program_3,HOX_PBX,100,8,50,1,0.017543859649122806,,,
donor_to_known,high_confidence,LAM3,program_1,HOX_PBX,25,8,25,1,0.03125,,,
donor_to_known,high_confidence,LAM3,program_1,HOX_PBX,50,8,50,1,0.017543859649122806,,,
donor_to_known,high_confidence,LAM3,program_1,HOX_PBX,100,8,50,1,0.017543859649122806,,,
donor_to_known,high_confidence,LAM3,program_2,HOX_PBX,25,8,25,1,0.03125,,,
donor_to_known,high_confidence,LAM3,program_2,HOX_PBX,50,8,50,2,0.03571428571428571,,,
donor_to_known,high_confidence,LAM3,program_2,HOX_PBX,100,8,50,2,0.03571428571428571,,,
donor_to_known,high_confidence,LAM3,program_3,HOX_PBX,25,8,25,2,0.06451612903225806,,,
donor_to_known,high_confidence,LAM3,program_3,HOX_PBX,50,8,50,3,0.05454545454545454,,,
donor_to_known,high_confidence,LAM3,program_3,HOX_PBX,100,8,50,3,0.05454545454545454,,,
donor_to_known,high_confidence,LAM4,program_1,HOX_PBX,25,8,25,1,0.03125,,,
donor_to_known,high_confidence,LAM4,program_1,HOX_PBX,50,8,50,1,0.017543859649122806,,,
donor_to_known,high_confidence,LAM4,program_1,HOX_PBX,100,8,50,1,0.017543859649122806,,,
donor_to_known,high_confidence,LAM4,program_2,HOX_PBX,25,8,25,2,0.06451612903225806,,,
donor_to_known,high_confidence,LAM4,program_2,HOX_PBX,50,8,50,3,0.05454545454545454,,,
donor_to_known,high_confidence,LAM4,program_2,HOX_PBX,100,8,50,3,0.05454545454545454,,,
donor_to_known,high_confidence,LAM4,program_3,HOX_PBX,25,8,25,1,0.03125,,,
donor_to_known,high_confidence,LAM4,program_3,HOX_PBX,50,8,50,2,0.03571428571428571,,,
donor_to_known,high_confidence,LAM4,program_3,HOX_PBX,100,8,50,2,0.03571428571428571,,,
donor_to_known,unrestricted_lam,LAM1,program_1,HOX_PBX,25,8,25,1,0.03125,,,
donor_to_known,unrestricted_lam,LAM1,program_1,HOX_PBX,50,8,50,1,0.017543859649122806,,,
donor_to_known,unrestricted_lam,LAM1,program_1,HOX_PBX,100,8,50,1,0.017543859649122806,,,
donor_to_known,unrestricted_lam,LAM1,program_2,HOX_PBX,25,8,25,0,0.0,,,
donor_to_known,unrestricted_lam,LAM1,program_2,HOX_PBX,50,8,50,1,0.017543859649122806,,,
donor_to_known,unrestricted_lam,LAM1,program_2,HOX_PBX,100,8,50,1,0.017543859649122806,,,
donor_to_known,unrestricted_lam,LAM1,program_3,HOX_PBX,25,8,25,0,0.0,,,
donor_to_known,unrestricted_lam,LAM1,program_3,HOX_PBX,50,8,50,0,0.0,,,
donor_to_known,unrestricted_lam,LAM1,program_3,HOX_PBX,100,8,50,0,0.0,,,
donor_to_known,unrestricted_lam,LAM2,program_1,HOX_PBX,25,8,25,0,0.0,,,
donor_to_known,unrestricted_lam,LAM2,program_1,HOX_PBX,50,8,50,0,0.0,,,
donor_to_known,unrestricted_lam,LAM2,program_1,HOX_PBX,100,8,50,0,0.0,,,
donor_to_known,unrestricted_lam,LAM2,program_2,HOX_PBX,25,8,25,0,0.0,,,
donor_to_known,unrestricted_lam,LAM2,program_2,HOX_PBX,50,8,50,0,0.0,,,
donor_to_known,unrestricted_lam,LAM2,program_2,HOX_PBX,100,8,50,0,0.0,,,
donor_to_known,unrestricted_lam,LAM2,program_3,HOX_PBX,25,8,25,1,0.03125,,,
donor_to_known,unrestricted_lam,LAM2,program_3,HOX_PBX,50,8,50,2,0.03571428571428571,,,
donor_to_known,unrestricted_lam,LAM2,program_3,HOX_PBX,100,8,50,2,0.03571428571428571,,,
donor_to_known,unrestricted_lam,LAM3,program_1,HOX_PBX,25,8,25,1,0.03125,,,
donor_to_known,unrestricted_lam,LAM3,program_1,HOX_PBX,50,8,50,1,0.017543859649122806,,,
donor_to_known,unrestricted_lam,LAM3,program_1,HOX_PBX,100,8,50,1,0.017543859649122806,,,
donor_to_known,unrestricted_lam,LAM3,program_2,HOX_PBX,25,8,25,1,0.03125,,,
donor_to_known,unrestricted_lam,LAM3,program_2,HOX_PBX,50,8,50,1,0.017543859649122806,,,
donor_to_known,unrestricted_lam,LAM3,program_2,HOX_PBX,100,8,50,1,0.017543859649122806,,,
donor_to_known,unrestricted_lam,LAM3,program_3,HOX_PBX,25,8,25,1,0.03125,,,
donor_to_known,unrestricted_lam,LAM3,program_3,HOX_PBX,50,8,50,1,0.017543859649122806,,,
donor_to_known,unrestricted_lam,LAM3,program_3,HOX_PBX,100,8,50,1,0.017543859649122806,,,
donor_to_known,unrestricted_lam,LAM4,program_1,HOX_PBX,25,8,25,0,0.0,,,
donor_to_known,unrestricted_lam,LAM4,program_1,HOX_PBX,50,8,50,1,0.017543859649122806,,,
donor_to_known,unrestricted_lam,LAM4,program_1,HOX_PBX,100,8,50,1,0.017543859649122806,,,
donor_to_known,unrestricted_lam,LAM4,program_2,HOX_PBX,25,8,25,0,0.0,,,
donor_to_known,unrestricted_lam,LAM4,program_2,HOX_PBX,50,8,50,0,0.0,,,
donor_to_known,unrestricted_lam,LAM4,program_2,HOX_PBX,100,8,50,0,0.0,,,
donor_to_known,unrestricted_lam,LAM4,program_3,HOX_PBX,25,8,25,0,0.0,,,
donor_to_known,unrestricted_lam,LAM4,program_3,HOX_PBX,50,8,50,1,0.017543859649122806,,,
donor_to_known,unrestricted_lam,LAM4,program_3,HOX_PBX,100,8,50,1,0.017543859649122806,,,
pooled_to_known,broad_lam_like,pooled,program_1,LAF_niche,25,10,25,1,0.029411764705882353,0.0,0.008,True
pooled_to_known,broad_lam_like,pooled,program_1,LAF_niche,50,10,50,2,0.034482758620689655,0.0,0.0,True
pooled_to_known,broad_lam_like,pooled,program_1,LAF_niche,100,10,50,2,0.034482758620689655,0.0,0.0,True
pooled_to_known,broad_lam_like,pooled,program_2,LAF_niche,25,10,25,0,0.0,0.0,1.0,False
pooled_to_known,broad_lam_like,pooled,program_2,LAF_niche,50,10,50,0,0.0,0.0,1.0,False
pooled_to_known,broad_lam_like,pooled,program_2,LAF_niche,100,10,50,0,0.0,0.0,1.0,False
pooled_to_known,broad_lam_like,pooled,program_3,LAF_niche,25,10,25,1,0.029411764705882353,0.0,0.008,True
pooled_to_known,broad_lam_like,pooled,program_3,LAF_niche,50,10,50,1,0.01694915254237288,0.0,0.006,True
pooled_to_known,broad_lam_like,pooled,program_3,LAF_niche,100,10,50,1,0.01694915254237288,0.0,0.006,True
pooled_to_known,high_confidence,pooled,program_1,LAF_niche,25,10,25,0,0.0,0.0,1.0,False
pooled_to_known,high_confidence,pooled,program_1,LAF_niche,50,10,50,0,0.0,0.0,1.0,False
pooled_to_known,high_confidence,pooled,program_1,LAF_niche,100,10,50,0,0.0,0.0,1.0,False
pooled_to_known,high_confidence,pooled,program_2,LAF_niche,25,10,25,0,0.0,0.0,1.0,False
pooled_to_known,high_confidence,pooled,program_2,LAF_niche,50,10,50,0,0.0,0.0,1.0,False
pooled_to_known,high_confidence,pooled,program_2,LAF_niche,100,10,50,0,0.0,0.0,1.0,False
pooled_to_known,high_confidence,pooled,program_3,LAF_niche,25,10,25,0,0.0,0.0,1.0,False
pooled_to_known,high_confidence,pooled,program_3,LAF_niche,50,10,50,0,0.0,0.0,1.0,False
pooled_to_known,high_confidence,pooled,program_3,LAF_niche,100,10,50,0,0.0,0.0,1.0,False
pooled_to_known,unrestricted_lam,pooled,program_1,LAF_niche,25,10,25,2,0.06060606060606061,0.0,0.0,True
pooled_to_known,unrestricted_lam,pooled,program_1,LAF_niche,50,10,50,2,0.034482758620689655,0.0,0.0,True
pooled_to_known,unrestricted_lam,pooled,program_1,LAF_niche,100,10,50,2,0.034482758620689655,0.0,0.0,True
pooled_to_known,unrestricted_lam,pooled,program_2,LAF_niche,25,10,25,2,0.06060606060606061,0.0,0.0,True
pooled_to_known,unrestricted_lam,pooled,program_2,LAF_niche,50,10,50,3,0.05263157894736842,0.0,0.0,True
pooled_to_known,unrestricted_lam,pooled,program_2,LAF_niche,100,10,50,3,0.05263157894736842,0.0,0.0,True
pooled_to_known,unrestricted_lam,pooled,program_3,LAF_niche,25,10,25,2,0.06060606060606061,0.0,0.0,True
pooled_to_known,unrestricted_lam,pooled,program_3,LAF_niche,50,10,50,2,0.034482758620689655,0.0,0.0,True
pooled_to_known,unrestricted_lam,pooled,program_3,LAF_niche,100,10,50,2,0.034482758620689655,0.0,0.0,True
donor_to_known,broad_lam_like,LAM1,program_1,LAF_niche,25,10,25,0,0.0,,,
donor_to_known,broad_lam_like,LAM1,program_1,LAF_niche,50,10,50,1,0.01694915254237288,,,
donor_to_known,broad_lam_like,LAM1,program_1,LAF_niche,100,10,50,1,0.01694915254237288,,,
donor_to_known,broad_lam_like,LAM1,program_2,LAF_niche,25,10,25,1,0.029411764705882353,,,
donor_to_known,broad_lam_like,LAM1,program_2,LAF_niche,50,10,50,2,0.034482758620689655,,,
donor_to_known,broad_lam_like,LAM1,program_2,LAF_niche,100,10,50,2,0.034482758620689655,,,
donor_to_known,broad_lam_like,LAM1,program_3,LAF_niche,25,10,25,1,0.029411764705882353,,,
donor_to_known,broad_lam_like,LAM1,program_3,LAF_niche,50,10,50,1,0.01694915254237288,,,
donor_to_known,broad_lam_like,LAM1,program_3,LAF_niche,100,10,50,1,0.01694915254237288,,,
donor_to_known,broad_lam_like,LAM2,program_1,LAF_niche,25,10,25,1,0.029411764705882353,,,
donor_to_known,broad_lam_like,LAM2,program_1,LAF_niche,50,10,50,2,0.034482758620689655,,,
donor_to_known,broad_lam_like,LAM2,program_1,LAF_niche,100,10,50,2,0.034482758620689655,,,
donor_to_known,broad_lam_like,LAM2,program_2,LAF_niche,25,10,25,1,0.029411764705882353,,,
donor_to_known,broad_lam_like,LAM2,program_2,LAF_niche,50,10,50,1,0.01694915254237288,,,
donor_to_known,broad_lam_like,LAM2,program_2,LAF_niche,100,10,50,1,0.01694915254237288,,,
donor_to_known,broad_lam_like,LAM2,program_3,LAF_niche,25,10,25,0,0.0,,,
donor_to_known,broad_lam_like,LAM2,program_3,LAF_niche,50,10,50,1,0.01694915254237288,,,
donor_to_known,broad_lam_like,LAM2,program_3,LAF_niche,100,10,50,1,0.01694915254237288,,,
donor_to_known,broad_lam_like,LAM3,program_1,LAF_niche,25,10,25,1,0.029411764705882353,,,
donor_to_known,broad_lam_like,LAM3,program_1,LAF_niche,50,10,50,1,0.01694915254237288,,,
donor_to_known,broad_lam_like,LAM3,program_1,LAF_niche,100,10,50,1,0.01694915254237288,,,
donor_to_known,broad_lam_like,LAM3,program_2,LAF_niche,25,10,25,1,0.029411764705882353,,,
donor_to_known,broad_lam_like,LAM3,program_2,LAF_niche,50,10,50,1,0.01694915254237288,,,
donor_to_known,broad_lam_like,LAM3,program_2,LAF_niche,100,10,50,1,0.01694915254237288,,,
donor_to_known,broad_lam_like,LAM3,program_3,LAF_niche,25,10,25,1,0.029411764705882353,,,
donor_to_known,broad_lam_like,LAM3,program_3,LAF_niche,50,10,50,1,0.01694915254237288,,,
donor_to_known,broad_lam_like,LAM3,program_3,LAF_niche,100,10,50,1,0.01694915254237288,,,
donor_to_known,broad_lam_like,LAM4,program_1,LAF_niche,25,10,25,1,0.029411764705882353,,,
donor_to_known,broad_lam_like,LAM4,program_1,LAF_niche,50,10,50,1,0.01694915254237288,,,
donor_to_known,broad_lam_like,LAM4,program_1,LAF_niche,100,10,50,1,0.01694915254237288,,,
donor_to_known,broad_lam_like,LAM4,program_2,LAF_niche,25,10,25,2,0.06060606060606061,,,
donor_to_known,broad_lam_like,LAM4,program_2,LAF_niche,50,10,50,2,0.034482758620689655,,,
donor_to_known,broad_lam_like,LAM4,program_2,LAF_niche,100,10,50,2,0.034482758620689655,,,
donor_to_known,broad_lam_like,LAM4,program_3,LAF_niche,25,10,25,2,0.06060606060606061,,,
donor_to_known,broad_lam_like,LAM4,program_3,LAF_niche,50,10,50,3,0.05263157894736842,,,
donor_to_known,broad_lam_like,LAM4,program_3,LAF_niche,100,10,50,3,0.05263157894736842,,,
donor_to_known,high_confidence,LAM1,program_1,LAF_niche,25,10,25,0,0.0,,,
donor_to_known,high_confidence,LAM1,program_1,LAF_niche,50,10,50,0,0.0,,,
donor_to_known,high_confidence,LAM1,program_1,LAF_niche,100,10,50,0,0.0,,,
donor_to_known,high_confidence,LAM1,program_2,LAF_niche,25,10,25,0,0.0,,,
donor_to_known,high_confidence,LAM1,program_2,LAF_niche,50,10,50,2,0.034482758620689655,,,
donor_to_known,high_confidence,LAM1,program_2,LAF_niche,100,10,50,2,0.034482758620689655,,,
donor_to_known,high_confidence,LAM1,program_3,LAF_niche,25,10,25,0,0.0,,,
donor_to_known,high_confidence,LAM1,program_3,LAF_niche,50,10,50,2,0.034482758620689655,,,
donor_to_known,high_confidence,LAM1,program_3,LAF_niche,100,10,50,2,0.034482758620689655,,,
donor_to_known,high_confidence,LAM2,program_1,LAF_niche,25,10,25,3,0.09375,,,
donor_to_known,high_confidence,LAM2,program_1,LAF_niche,50,10,50,3,0.05263157894736842,,,
donor_to_known,high_confidence,LAM2,program_1,LAF_niche,100,10,50,3,0.05263157894736842,,,
donor_to_known,high_confidence,LAM2,program_2,LAF_niche,25,10,25,1,0.029411764705882353,,,
donor_to_known,high_confidence,LAM2,program_2,LAF_niche,50,10,50,2,0.034482758620689655,,,
donor_to_known,high_confidence,LAM2,program_2,LAF_niche,100,10,50,2,0.034482758620689655,,,
donor_to_known,high_confidence,LAM2,program_3,LAF_niche,25,10,25,3,0.09375,,,
donor_to_known,high_confidence,LAM2,program_3,LAF_niche,50,10,50,3,0.05263157894736842,,,
donor_to_known,high_confidence,LAM2,program_3,LAF_niche,100,10,50,3,0.05263157894736842,,,
donor_to_known,high_confidence,LAM3,program_1,LAF_niche,25,10,25,2,0.06060606060606061,,,
donor_to_known,high_confidence,LAM3,program_1,LAF_niche,50,10,50,2,0.034482758620689655,,,
donor_to_known,high_confidence,LAM3,program_1,LAF_niche,100,10,50,2,0.034482758620689655,,,
donor_to_known,high_confidence,LAM3,program_2,LAF_niche,25,10,25,1,0.029411764705882353,,,
donor_to_known,high_confidence,LAM3,program_2,LAF_niche,50,10,50,2,0.034482758620689655,,,
donor_to_known,high_confidence,LAM3,program_2,LAF_niche,100,10,50,2,0.034482758620689655,,,
donor_to_known,high_confidence,LAM3,program_3,LAF_niche,25,10,25,2,0.06060606060606061,,,
donor_to_known,high_confidence,LAM3,program_3,LAF_niche,50,10,50,3,0.05263157894736842,,,
donor_to_known,high_confidence,LAM3,program_3,LAF_niche,100,10,50,3,0.05263157894736842,,,
donor_to_known,high_confidence,LAM4,program_1,LAF_niche,25,10,25,1,0.029411764705882353,,,
donor_to_known,high_confidence,LAM4,program_1,LAF_niche,50,10,50,1,0.01694915254237288,,,
donor_to_known,high_confidence,LAM4,program_1,LAF_niche,100,10,50,1,0.01694915254237288,,,
donor_to_known,high_confidence,LAM4,program_2,LAF_niche,25,10,25,1,0.029411764705882353,,,
donor_to_known,high_confidence,LAM4,program_2,LAF_niche,50,10,50,1,0.01694915254237288,,,
donor_to_known,high_confidence,LAM4,program_2,LAF_niche,100,10,50,1,0.01694915254237288,,,
donor_to_known,high_confidence,LAM4,program_3,LAF_niche,25,10,25,1,0.029411764705882353,,,
donor_to_known,high_confidence,LAM4,program_3,LAF_niche,50,10,50,1,0.01694915254237288,,,
donor_to_known,high_confidence,LAM4,program_3,LAF_niche,100,10,50,1,0.01694915254237288,,,
donor_to_known,unrestricted_lam,LAM1,program_1,LAF_niche,25,10,25,0,0.0,,,
donor_to_known,unrestricted_lam,LAM1,program_1,LAF_niche,50,10,50,0,0.0,,,
donor_to_known,unrestricted_lam,LAM1,program_1,LAF_niche,100,10,50,0,0.0,,,
donor_to_known,unrestricted_lam,LAM1,program_2,LAF_niche,25,10,25,0,0.0,,,
donor_to_known,unrestricted_lam,LAM1,program_2,LAF_niche,50,10,50,2,0.034482758620689655,,,
donor_to_known,unrestricted_lam,LAM1,program_2,LAF_niche,100,10,50,2,0.034482758620689655,,,
donor_to_known,unrestricted_lam,LAM1,program_3,LAF_niche,25,10,25,1,0.029411764705882353,,,
donor_to_known,unrestricted_lam,LAM1,program_3,LAF_niche,50,10,50,1,0.01694915254237288,,,
donor_to_known,unrestricted_lam,LAM1,program_3,LAF_niche,100,10,50,1,0.01694915254237288,,,
donor_to_known,unrestricted_lam,LAM2,program_1,LAF_niche,25,10,25,2,0.06060606060606061,,,
donor_to_known,unrestricted_lam,LAM2,program_1,LAF_niche,50,10,50,2,0.034482758620689655,,,
donor_to_known,unrestricted_lam,LAM2,program_1,LAF_niche,100,10,50,2,0.034482758620689655,,,
donor_to_known,unrestricted_lam,LAM2,program_2,LAF_niche,25,10,25,2,0.06060606060606061,,,
donor_to_known,unrestricted_lam,LAM2,program_2,LAF_niche,50,10,50,2,0.034482758620689655,,,
donor_to_known,unrestricted_lam,LAM2,program_2,LAF_niche,100,10,50,2,0.034482758620689655,,,
donor_to_known,unrestricted_lam,LAM2,program_3,LAF_niche,25,10,25,4,0.12903225806451613,,,
donor_to_known,unrestricted_lam,LAM2,program_3,LAF_niche,50,10,50,5,0.09090909090909091,,,
donor_to_known,unrestricted_lam,LAM2,program_3,LAF_niche,100,10,50,5,0.09090909090909091,,,
donor_to_known,unrestricted_lam,LAM3,program_1,LAF_niche,25,10,25,1,0.029411764705882353,,,
donor_to_known,unrestricted_lam,LAM3,program_1,LAF_niche,50,10,50,1,0.01694915254237288,,,
donor_to_known,unrestricted_lam,LAM3,program_1,LAF_niche,100,10,50,1,0.01694915254237288,,,
donor_to_known,unrestricted_lam,LAM3,program_2,LAF_niche,25,10,25,0,0.0,,,
donor_to_known,unrestricted_lam,LAM3,program_2,LAF_niche,50,10,50,0,0.0,,,
donor_to_known,unrestricted_lam,LAM3,program_2,LAF_niche,100,10,50,0,0.0,,,
donor_to_known,unrestricted_lam,LAM3,program_3,LAF_niche,25,10,25,3,0.09375,,,
donor_to_known,unrestricted_lam,LAM3,program_3,LAF_niche,50,10,50,4,0.07142857142857142,,,
donor_to_known,unrestricted_lam,LAM3,program_3,LAF_niche,100,10,50,4,0.07142857142857142,,,
donor_to_known,unrestricted_lam,LAM4,program_1,LAF_niche,25,10,25,1,0.029411764705882353,,,
donor_to_known,unrestricted_lam,LAM4,program_1,LAF_niche,50,10,50,1,0.01694915254237288,,,
donor_to_known,unrestricted_lam,LAM4,program_1,LAF_niche,100,10,50,1,0.01694915254237288,,,
donor_to_known,unrestricted_lam,LAM4,program_2,LAF_niche,25,10,25,2,0.06060606060606061,,,
donor_to_known,unrestricted_lam,LAM4,program_2,LAF_niche,50,10,50,2,0.034482758620689655,,,
donor_to_known,unrestricted_lam,LAM4,program_2,LAF_niche,100,10,50,2,0.034482758620689655,,,
donor_to_known,unrestricted_lam,LAM4,program_3,LAF_niche,25,10,25,0,0.0,,,
donor_to_known,unrestricted_lam,LAM4,program_3,LAF_niche,50,10,50,1,0.01694915254237288,,,
donor_to_known,unrestricted_lam,LAM4,program_3,LAF_niche,100,10,50,1,0.01694915254237288,,,
pooled_to_known,broad_lam_like,pooled,program_1,macrophage_TREM2_TYROBP,25,10,25,0,0.0,0.0,1.0,False
pooled_to_known,broad_lam_like,pooled,program_1,macrophage_TREM2_TYROBP,50,10,50,1,0.01694915254237288,0.0,0.006,True
pooled_to_known,broad_lam_like,pooled,program_1,macrophage_TREM2_TYROBP,100,10,50,1,0.01694915254237288,0.0,0.006,True
pooled_to_known,broad_lam_like,pooled,program_2,macrophage_TREM2_TYROBP,25,10,25,0,0.0,0.0,1.0,False
pooled_to_known,broad_lam_like,pooled,program_2,macrophage_TREM2_TYROBP,50,10,50,0,0.0,0.0,1.0,False
pooled_to_known,broad_lam_like,pooled,program_2,macrophage_TREM2_TYROBP,100,10,50,0,0.0,0.0,1.0,False
pooled_to_known,broad_lam_like,pooled,program_3,macrophage_TREM2_TYROBP,25,10,25,3,0.09375,0.0,0.0,True
pooled_to_known,broad_lam_like,pooled,program_3,macrophage_TREM2_TYROBP,50,10,50,4,0.07142857142857142,0.0,0.0,True
pooled_to_known,broad_lam_like,pooled,program_3,macrophage_TREM2_TYROBP,100,10,50,4,0.07142857142857142,0.0,0.0,True
pooled_to_known,high_confidence,pooled,program_1,macrophage_TREM2_TYROBP,25,10,25,4,0.12903225806451613,0.0,0.0,True
pooled_to_known,high_confidence,pooled,program_1,macrophage_TREM2_TYROBP,50,10,50,4,0.07142857142857142,0.0,0.0,True
pooled_to_known,high_confidence,pooled,program_1,macrophage_TREM2_TYROBP,100,10,50,4,0.07142857142857142,0.0,0.0,True
pooled_to_known,high_confidence,pooled,program_2,macrophage_TREM2_TYROBP,25,10,25,1,0.029411764705882353,0.0,0.008,True
pooled_to_known,high_confidence,pooled,program_2,macrophage_TREM2_TYROBP,50,10,50,3,0.05263157894736842,0.0,0.0,True
pooled_to_known,high_confidence,pooled,program_2,macrophage_TREM2_TYROBP,100,10,50,3,0.05263157894736842,0.0,0.0,True
pooled_to_known,high_confidence,pooled,program_3,macrophage_TREM2_TYROBP,25,10,25,1,0.029411764705882353,0.0,0.008,True
pooled_to_known,high_confidence,pooled,program_3,macrophage_TREM2_TYROBP,50,10,50,2,0.034482758620689655,0.0,0.0,True
pooled_to_known,high_confidence,pooled,program_3,macrophage_TREM2_TYROBP,100,10,50,2,0.034482758620689655,0.0,0.0,True
pooled_to_known,unrestricted_lam,pooled,program_1,macrophage_TREM2_TYROBP,25,10,25,1,0.029411764705882353,0.0,0.008,True
pooled_to_known,unrestricted_lam,pooled,program_1,macrophage_TREM2_TYROBP,50,10,50,1,0.01694915254237288,0.0,0.006,True
pooled_to_known,unrestricted_lam,pooled,program_1,macrophage_TREM2_TYROBP,100,10,50,1,0.01694915254237288,0.0,0.006,True
pooled_to_known,unrestricted_lam,pooled,program_2,macrophage_TREM2_TYROBP,25,10,25,3,0.09375,0.0,0.0,True
pooled_to_known,unrestricted_lam,pooled,program_2,macrophage_TREM2_TYROBP,50,10,50,4,0.07142857142857142,0.0,0.0,True
pooled_to_known,unrestricted_lam,pooled,program_2,macrophage_TREM2_TYROBP,100,10,50,4,0.07142857142857142,0.0,0.0,True
pooled_to_known,unrestricted_lam,pooled,program_3,macrophage_TREM2_TYROBP,25,10,25,2,0.06060606060606061,0.0,0.0,True
pooled_to_known,unrestricted_lam,pooled,program_3,macrophage_TREM2_TYROBP,50,10,50,4,0.07142857142857142,0.0,0.0,True
pooled_to_known,unrestricted_lam,pooled,program_3,macrophage_TREM2_TYROBP,100,10,50,4,0.07142857142857142,0.0,0.0,True
donor_to_known,broad_lam_like,LAM1,program_1,macrophage_TREM2_TYROBP,25,10,25,2,0.06060606060606061,,,
donor_to_known,broad_lam_like,LAM1,program_1,macrophage_TREM2_TYROBP,50,10,50,2,0.034482758620689655,,,
donor_to_known,broad_lam_like,LAM1,program_1,macrophage_TREM2_TYROBP,100,10,50,2,0.034482758620689655,,,
donor_to_known,broad_lam_like,LAM1,program_2,macrophage_TREM2_TYROBP,25,10,25,0,0.0,,,
donor_to_known,broad_lam_like,LAM1,program_2,macrophage_TREM2_TYROBP,50,10,50,1,0.01694915254237288,,,
donor_to_known,broad_lam_like,LAM1,program_2,macrophage_TREM2_TYROBP,100,10,50,1,0.01694915254237288,,,
donor_to_known,broad_lam_like,LAM1,program_3,macrophage_TREM2_TYROBP,25,10,25,0,0.0,,,
donor_to_known,broad_lam_like,LAM1,program_3,macrophage_TREM2_TYROBP,50,10,50,1,0.01694915254237288,,,
donor_to_known,broad_lam_like,LAM1,program_3,macrophage_TREM2_TYROBP,100,10,50,1,0.01694915254237288,,,
donor_to_known,broad_lam_like,LAM2,program_1,macrophage_TREM2_TYROBP,25,10,25,2,0.06060606060606061,,,
donor_to_known,broad_lam_like,LAM2,program_1,macrophage_TREM2_TYROBP,50,10,50,3,0.05263157894736842,,,
donor_to_known,broad_lam_like,LAM2,program_1,macrophage_TREM2_TYROBP,100,10,50,3,0.05263157894736842,,,
donor_to_known,broad_lam_like,LAM2,program_2,macrophage_TREM2_TYROBP,25,10,25,0,0.0,,,
donor_to_known,broad_lam_like,LAM2,program_2,macrophage_TREM2_TYROBP,50,10,50,0,0.0,,,
donor_to_known,broad_lam_like,LAM2,program_2,macrophage_TREM2_TYROBP,100,10,50,0,0.0,,,
donor_to_known,broad_lam_like,LAM2,program_3,macrophage_TREM2_TYROBP,25,10,25,2,0.06060606060606061,,,
donor_to_known,broad_lam_like,LAM2,program_3,macrophage_TREM2_TYROBP,50,10,50,2,0.034482758620689655,,,
donor_to_known,broad_lam_like,LAM2,program_3,macrophage_TREM2_TYROBP,100,10,50,2,0.034482758620689655,,,
donor_to_known,broad_lam_like,LAM3,program_1,macrophage_TREM2_TYROBP,25,10,25,0,0.0,,,
donor_to_known,broad_lam_like,LAM3,program_1,macrophage_TREM2_TYROBP,50,10,50,1,0.01694915254237288,,,
donor_to_known,broad_lam_like,LAM3,program_1,macrophage_TREM2_TYROBP,100,10,50,1,0.01694915254237288,,,
donor_to_known,broad_lam_like,LAM3,program_2,macrophage_TREM2_TYROBP,25,10,25,0,0.0,,,
donor_to_known,broad_lam_like,LAM3,program_2,macrophage_TREM2_TYROBP,50,10,50,2,0.034482758620689655,,,
donor_to_known,broad_lam_like,LAM3,program_2,macrophage_TREM2_TYROBP,100,10,50,2,0.034482758620689655,,,
donor_to_known,broad_lam_like,LAM3,program_3,macrophage_TREM2_TYROBP,25,10,25,3,0.09375,,,
donor_to_known,broad_lam_like,LAM3,program_3,macrophage_TREM2_TYROBP,50,10,50,4,0.07142857142857142,,,
donor_to_known,broad_lam_like,LAM3,program_3,macrophage_TREM2_TYROBP,100,10,50,4,0.07142857142857142,,,
donor_to_known,broad_lam_like,LAM4,program_1,macrophage_TREM2_TYROBP,25,10,25,0,0.0,,,
donor_to_known,broad_lam_like,LAM4,program_1,macrophage_TREM2_TYROBP,50,10,50,1,0.01694915254237288,,,
donor_to_known,broad_lam_like,LAM4,program_1,macrophage_TREM2_TYROBP,100,10,50,1,0.01694915254237288,,,
donor_to_known,broad_lam_like,LAM4,program_2,macrophage_TREM2_TYROBP,25,10,25,0,0.0,,,
donor_to_known,broad_lam_like,LAM4,program_2,macrophage_TREM2_TYROBP,50,10,50,0,0.0,,,
donor_to_known,broad_lam_like,LAM4,program_2,macrophage_TREM2_TYROBP,100,10,50,0,0.0,,,
donor_to_known,broad_lam_like,LAM4,program_3,macrophage_TREM2_TYROBP,25,10,25,2,0.06060606060606061,,,
donor_to_known,broad_lam_like,LAM4,program_3,macrophage_TREM2_TYROBP,50,10,50,2,0.034482758620689655,,,
donor_to_known,broad_lam_like,LAM4,program_3,macrophage_TREM2_TYROBP,100,10,50,2,0.034482758620689655,,,
donor_to_known,high_confidence,LAM1,program_1,macrophage_TREM2_TYROBP,25,10,25,0,0.0,,,
donor_to_known,high_confidence,LAM1,program_1,macrophage_TREM2_TYROBP,50,10,50,0,0.0,,,
donor_to_known,high_confidence,LAM1,program_1,macrophage_TREM2_TYROBP,100,10,50,0,0.0,,,
donor_to_known,high_confidence,LAM1,program_2,macrophage_TREM2_TYROBP,25,10,25,0,0.0,,,
donor_to_known,high_confidence,LAM1,program_2,macrophage_TREM2_TYROBP,50,10,50,0,0.0,,,
donor_to_known,high_confidence,LAM1,program_2,macrophage_TREM2_TYROBP,100,10,50,0,0.0,,,
donor_to_known,high_confidence,LAM1,program_3,macrophage_TREM2_TYROBP,25,10,25,2,0.06060606060606061,,,
donor_to_known,high_confidence,LAM1,program_3,macrophage_TREM2_TYROBP,50,10,50,3,0.05263157894736842,,,
donor_to_known,high_confidence,LAM1,program_3,macrophage_TREM2_TYROBP,100,10,50,3,0.05263157894736842,,,
donor_to_known,high_confidence,LAM2,program_1,macrophage_TREM2_TYROBP,25,10,25,3,0.09375,,,
donor_to_known,high_confidence,LAM2,program_1,macrophage_TREM2_TYROBP,50,10,50,4,0.07142857142857142,,,
donor_to_known,high_confidence,LAM2,program_1,macrophage_TREM2_TYROBP,100,10,50,4,0.07142857142857142,,,
donor_to_known,high_confidence,LAM2,program_2,macrophage_TREM2_TYROBP,25,10,25,1,0.029411764705882353,,,
donor_to_known,high_confidence,LAM2,program_2,macrophage_TREM2_TYROBP,50,10,50,2,0.034482758620689655,,,
donor_to_known,high_confidence,LAM2,program_2,macrophage_TREM2_TYROBP,100,10,50,2,0.034482758620689655,,,
donor_to_known,high_confidence,LAM2,program_3,macrophage_TREM2_TYROBP,25,10,25,3,0.09375,,,
donor_to_known,high_confidence,LAM2,program_3,macrophage_TREM2_TYROBP,50,10,50,4,0.07142857142857142,,,
donor_to_known,high_confidence,LAM2,program_3,macrophage_TREM2_TYROBP,100,10,50,4,0.07142857142857142,,,
donor_to_known,high_confidence,LAM3,program_1,macrophage_TREM2_TYROBP,25,10,25,1,0.029411764705882353,,,
donor_to_known,high_confidence,LAM3,program_1,macrophage_TREM2_TYROBP,50,10,50,2,0.034482758620689655,,,
donor_to_known,high_confidence,LAM3,program_1,macrophage_TREM2_TYROBP,100,10,50,2,0.034482758620689655,,,
donor_to_known,high_confidence,LAM3,program_2,macrophage_TREM2_TYROBP,25,10,25,3,0.09375,,,
donor_to_known,high_confidence,LAM3,program_2,macrophage_TREM2_TYROBP,50,10,50,4,0.07142857142857142,,,
donor_to_known,high_confidence,LAM3,program_2,macrophage_TREM2_TYROBP,100,10,50,4,0.07142857142857142,,,
donor_to_known,high_confidence,LAM3,program_3,macrophage_TREM2_TYROBP,25,10,25,1,0.029411764705882353,,,
donor_to_known,high_confidence,LAM3,program_3,macrophage_TREM2_TYROBP,50,10,50,1,0.01694915254237288,,,
donor_to_known,high_confidence,LAM3,program_3,macrophage_TREM2_TYROBP,100,10,50,1,0.01694915254237288,,,
donor_to_known,high_confidence,LAM4,program_1,macrophage_TREM2_TYROBP,25,10,25,0,0.0,,,
donor_to_known,high_confidence,LAM4,program_1,macrophage_TREM2_TYROBP,50,10,50,1,0.01694915254237288,,,
donor_to_known,high_confidence,LAM4,program_1,macrophage_TREM2_TYROBP,100,10,50,1,0.01694915254237288,,,
donor_to_known,high_confidence,LAM4,program_2,macrophage_TREM2_TYROBP,25,10,25,0,0.0,,,
donor_to_known,high_confidence,LAM4,program_2,macrophage_TREM2_TYROBP,50,10,50,2,0.034482758620689655,,,
donor_to_known,high_confidence,LAM4,program_2,macrophage_TREM2_TYROBP,100,10,50,2,0.034482758620689655,,,
donor_to_known,high_confidence,LAM4,program_3,macrophage_TREM2_TYROBP,25,10,25,1,0.029411764705882353,,,
donor_to_known,high_confidence,LAM4,program_3,macrophage_TREM2_TYROBP,50,10,50,2,0.034482758620689655,,,
donor_to_known,high_confidence,LAM4,program_3,macrophage_TREM2_TYROBP,100,10,50,2,0.034482758620689655,,,
donor_to_known,unrestricted_lam,LAM1,program_1,macrophage_TREM2_TYROBP,25,10,25,0,0.0,,,
donor_to_known,unrestricted_lam,LAM1,program_1,macrophage_TREM2_TYROBP,50,10,50,0,0.0,,,
donor_to_known,unrestricted_lam,LAM1,program_1,macrophage_TREM2_TYROBP,100,10,50,0,0.0,,,
donor_to_known,unrestricted_lam,LAM1,program_2,macrophage_TREM2_TYROBP,25,10,25,3,0.09375,,,
donor_to_known,unrestricted_lam,LAM1,program_2,macrophage_TREM2_TYROBP,50,10,50,3,0.05263157894736842,,,
donor_to_known,unrestricted_lam,LAM1,program_2,macrophage_TREM2_TYROBP,100,10,50,3,0.05263157894736842,,,
donor_to_known,unrestricted_lam,LAM1,program_3,macrophage_TREM2_TYROBP,25,10,25,0,0.0,,,
donor_to_known,unrestricted_lam,LAM1,program_3,macrophage_TREM2_TYROBP,50,10,50,0,0.0,,,
donor_to_known,unrestricted_lam,LAM1,program_3,macrophage_TREM2_TYROBP,100,10,50,0,0.0,,,
donor_to_known,unrestricted_lam,LAM2,program_1,macrophage_TREM2_TYROBP,25,10,25,0,0.0,,,
donor_to_known,unrestricted_lam,LAM2,program_1,macrophage_TREM2_TYROBP,50,10,50,0,0.0,,,
donor_to_known,unrestricted_lam,LAM2,program_1,macrophage_TREM2_TYROBP,100,10,50,0,0.0,,,
donor_to_known,unrestricted_lam,LAM2,program_2,macrophage_TREM2_TYROBP,25,10,25,0,0.0,,,
donor_to_known,unrestricted_lam,LAM2,program_2,macrophage_TREM2_TYROBP,50,10,50,1,0.01694915254237288,,,
donor_to_known,unrestricted_lam,LAM2,program_2,macrophage_TREM2_TYROBP,100,10,50,1,0.01694915254237288,,,
donor_to_known,unrestricted_lam,LAM2,program_3,macrophage_TREM2_TYROBP,25,10,25,3,0.09375,,,
donor_to_known,unrestricted_lam,LAM2,program_3,macrophage_TREM2_TYROBP,50,10,50,3,0.05263157894736842,,,
donor_to_known,unrestricted_lam,LAM2,program_3,macrophage_TREM2_TYROBP,100,10,50,3,0.05263157894736842,,,
donor_to_known,unrestricted_lam,LAM3,program_1,macrophage_TREM2_TYROBP,25,10,25,0,0.0,,,
donor_to_known,unrestricted_lam,LAM3,program_1,macrophage_TREM2_TYROBP,50,10,50,1,0.01694915254237288,,,
donor_to_known,unrestricted_lam,LAM3,program_1,macrophage_TREM2_TYROBP,100,10,50,1,0.01694915254237288,,,
donor_to_known,unrestricted_lam,LAM3,program_2,macrophage_TREM2_TYROBP,25,10,25,1,0.029411764705882353,,,
donor_to_known,unrestricted_lam,LAM3,program_2,macrophage_TREM2_TYROBP,50,10,50,1,0.01694915254237288,,,
donor_to_known,unrestricted_lam,LAM3,program_2,macrophage_TREM2_TYROBP,100,10,50,1,0.01694915254237288,,,
donor_to_known,unrestricted_lam,LAM3,program_3,macrophage_TREM2_TYROBP,25,10,25,2,0.06060606060606061,,,
donor_to_known,unrestricted_lam,LAM3,program_3,macrophage_TREM2_TYROBP,50,10,50,3,0.05263157894736842,,,
donor_to_known,unrestricted_lam,LAM3,program_3,macrophage_TREM2_TYROBP,100,10,50,3,0.05263157894736842,,,
donor_to_known,unrestricted_lam,LAM4,program_1,macrophage_TREM2_TYROBP,25,10,25,0,0.0,,,
donor_to_known,unrestricted_lam,LAM4,program_1,macrophage_TREM2_TYROBP,50,10,50,0,0.0,,,
donor_to_known,unrestricted_lam,LAM4,program_1,macrophage_TREM2_TYROBP,100,10,50,0,0.0,,,
donor_to_known,unrestricted_lam,LAM4,program_2,macrophage_TREM2_TYROBP,25,10,25,1,0.029411764705882353,,,
donor_to_known,unrestricted_lam,LAM4,program_2,macrophage_TREM2_TYROBP,50,10,50,2,0.034482758620689655,,,
donor_to_known,unrestricted_lam,LAM4,program_2,macrophage_TREM2_TYROBP,100,10,50,2,0.034482758620689655,,,
donor_to_known,unrestricted_lam,LAM4,program_3,macrophage_TREM2_TYROBP,25,10,25,0,0.0,,,
donor_to_known,unrestricted_lam,LAM4,program_3,macrophage_TREM2_TYROBP,50,10,50,1,0.01694915254237288,,,
donor_to_known,unrestricted_lam,LAM4,program_3,macrophage_TREM2_TYROBP,100,10,50,1,0.01694915254237288,,,
pooled_to_known,broad_lam_like,pooled,program_1,TGFbeta_fibroblast,25,9,25,1,0.030303030303030304,0.0,0.0,True
pooled_to_known,broad_lam_like,pooled,program_1,TGFbeta_fibroblast,50,9,50,2,0.03508771929824561,0.0,0.0,True
pooled_to_known,broad_lam_like,pooled,program_1,TGFbeta_fibroblast,100,9,50,2,0.03508771929824561,0.0,0.0,True
pooled_to_known,broad_lam_like,pooled,program_2,TGFbeta_fibroblast,25,9,25,0,0.0,0.0,1.0,False
pooled_to_known,broad_lam_like,pooled,program_2,TGFbeta_fibroblast,50,9,50,0,0.0,0.0,1.0,False
pooled_to_known,broad_lam_like,pooled,program_2,TGFbeta_fibroblast,100,9,50,0,0.0,0.0,1.0,False
pooled_to_known,broad_lam_like,pooled,program_3,TGFbeta_fibroblast,25,9,25,0,0.0,0.0,1.0,False
pooled_to_known,broad_lam_like,pooled,program_3,TGFbeta_fibroblast,50,9,50,1,0.017241379310344827,0.0,0.006,True
pooled_to_known,broad_lam_like,pooled,program_3,TGFbeta_fibroblast,100,9,50,1,0.017241379310344827,0.0,0.008,True
pooled_to_known,high_confidence,pooled,program_1,TGFbeta_fibroblast,25,9,25,3,0.0967741935483871,0.0,0.0,True
pooled_to_known,high_confidence,pooled,program_1,TGFbeta_fibroblast,50,9,50,4,0.07272727272727272,0.0,0.0,True
pooled_to_known,high_confidence,pooled,program_1,TGFbeta_fibroblast,100,9,50,4,0.07272727272727272,0.0,0.0,True
pooled_to_known,high_confidence,pooled,program_2,TGFbeta_fibroblast,25,9,25,2,0.0625,0.0,0.0,True
pooled_to_known,high_confidence,pooled,program_2,TGFbeta_fibroblast,50,9,50,2,0.03508771929824561,0.0,0.0,True
pooled_to_known,high_confidence,pooled,program_2,TGFbeta_fibroblast,100,9,50,2,0.03508771929824561,0.0,0.0,True
pooled_to_known,high_confidence,pooled,program_3,TGFbeta_fibroblast,25,9,25,2,0.0625,0.0,0.0,True
pooled_to_known,high_confidence,pooled,program_3,TGFbeta_fibroblast,50,9,50,2,0.03508771929824561,0.0,0.0,True
pooled_to_known,high_confidence,pooled,program_3,TGFbeta_fibroblast,100,9,50,2,0.03508771929824561,0.0,0.0,True
pooled_to_known,unrestricted_lam,pooled,program_1,TGFbeta_fibroblast,25,9,25,0,0.0,0.0,1.0,False
pooled_to_known,unrestricted_lam,pooled,program_1,TGFbeta_fibroblast,50,9,50,0,0.0,0.0,1.0,False
pooled_to_known,unrestricted_lam,pooled,program_1,TGFbeta_fibroblast,100,9,50,0,0.0,0.0,1.0,False
pooled_to_known,unrestricted_lam,pooled,program_2,TGFbeta_fibroblast,25,9,25,1,0.030303030303030304,0.0,0.0,True
pooled_to_known,unrestricted_lam,pooled,program_2,TGFbeta_fibroblast,50,9,50,1,0.017241379310344827,0.0,0.006,True
pooled_to_known,unrestricted_lam,pooled,program_2,TGFbeta_fibroblast,100,9,50,1,0.017241379310344827,0.0,0.008,True
pooled_to_known,unrestricted_lam,pooled,program_3,TGFbeta_fibroblast,25,9,25,1,0.030303030303030304,0.0,0.0,True
pooled_to_known,unrestricted_lam,pooled,program_3,TGFbeta_fibroblast,50,9,50,1,0.017241379310344827,0.0,0.006,True
pooled_to_known,unrestricted_lam,pooled,program_3,TGFbeta_fibroblast,100,9,50,1,0.017241379310344827,0.0,0.008,True
donor_to_known,broad_lam_like,LAM1,program_1,TGFbeta_fibroblast,25,9,25,2,0.0625,,,
donor_to_known,broad_lam_like,LAM1,program_1,TGFbeta_fibroblast,50,9,50,2,0.03508771929824561,,,
donor_to_known,broad_lam_like,LAM1,program_1,TGFbeta_fibroblast,100,9,50,2,0.03508771929824561,,,
donor_to_known,broad_lam_like,LAM1,program_2,TGFbeta_fibroblast,25,9,25,2,0.0625,,,
donor_to_known,broad_lam_like,LAM1,program_2,TGFbeta_fibroblast,50,9,50,3,0.05357142857142857,,,
donor_to_known,broad_lam_like,LAM1,program_2,TGFbeta_fibroblast,100,9,50,3,0.05357142857142857,,,
donor_to_known,broad_lam_like,LAM1,program_3,TGFbeta_fibroblast,25,9,25,2,0.0625,,,
donor_to_known,broad_lam_like,LAM1,program_3,TGFbeta_fibroblast,50,9,50,2,0.03508771929824561,,,
donor_to_known,broad_lam_like,LAM1,program_3,TGFbeta_fibroblast,100,9,50,2,0.03508771929824561,,,
donor_to_known,broad_lam_like,LAM2,program_1,TGFbeta_fibroblast,25,9,25,2,0.0625,,,
donor_to_known,broad_lam_like,LAM2,program_1,TGFbeta_fibroblast,50,9,50,2,0.03508771929824561,,,
donor_to_known,broad_lam_like,LAM2,program_1,TGFbeta_fibroblast,100,9,50,2,0.03508771929824561,,,
donor_to_known,broad_lam_like,LAM2,program_2,TGFbeta_fibroblast,25,9,25,3,0.0967741935483871,,,
donor_to_known,broad_lam_like,LAM2,program_2,TGFbeta_fibroblast,50,9,50,3,0.05357142857142857,,,
donor_to_known,broad_lam_like,LAM2,program_2,TGFbeta_fibroblast,100,9,50,3,0.05357142857142857,,,
donor_to_known,broad_lam_like,LAM2,program_3,TGFbeta_fibroblast,25,9,25,2,0.0625,,,
donor_to_known,broad_lam_like,LAM2,program_3,TGFbeta_fibroblast,50,9,50,2,0.03508771929824561,,,
donor_to_known,broad_lam_like,LAM2,program_3,TGFbeta_fibroblast,100,9,50,2,0.03508771929824561,,,
donor_to_known,broad_lam_like,LAM3,program_1,TGFbeta_fibroblast,25,9,25,1,0.030303030303030304,,,
donor_to_known,broad_lam_like,LAM3,program_1,TGFbeta_fibroblast,50,9,50,1,0.017241379310344827,,,
donor_to_known,broad_lam_like,LAM3,program_1,TGFbeta_fibroblast,100,9,50,1,0.017241379310344827,,,
donor_to_known,broad_lam_like,LAM3,program_2,TGFbeta_fibroblast,25,9,25,1,0.030303030303030304,,,
donor_to_known,broad_lam_like,LAM3,program_2,TGFbeta_fibroblast,50,9,50,1,0.017241379310344827,,,
donor_to_known,broad_lam_like,LAM3,program_2,TGFbeta_fibroblast,100,9,50,1,0.017241379310344827,,,
donor_to_known,broad_lam_like,LAM3,program_3,TGFbeta_fibroblast,25,9,25,2,0.0625,,,
donor_to_known,broad_lam_like,LAM3,program_3,TGFbeta_fibroblast,50,9,50,2,0.03508771929824561,,,
donor_to_known,broad_lam_like,LAM3,program_3,TGFbeta_fibroblast,100,9,50,2,0.03508771929824561,,,
donor_to_known,broad_lam_like,LAM4,program_1,TGFbeta_fibroblast,25,9,25,1,0.030303030303030304,,,
donor_to_known,broad_lam_like,LAM4,program_1,TGFbeta_fibroblast,50,9,50,2,0.03508771929824561,,,
donor_to_known,broad_lam_like,LAM4,program_1,TGFbeta_fibroblast,100,9,50,2,0.03508771929824561,,,
donor_to_known,broad_lam_like,LAM4,program_2,TGFbeta_fibroblast,25,9,25,2,0.0625,,,
donor_to_known,broad_lam_like,LAM4,program_2,TGFbeta_fibroblast,50,9,50,2,0.03508771929824561,,,
donor_to_known,broad_lam_like,LAM4,program_2,TGFbeta_fibroblast,100,9,50,2,0.03508771929824561,,,
donor_to_known,broad_lam_like,LAM4,program_3,TGFbeta_fibroblast,25,9,25,2,0.0625,,,
donor_to_known,broad_lam_like,LAM4,program_3,TGFbeta_fibroblast,50,9,50,3,0.05357142857142857,,,
donor_to_known,broad_lam_like,LAM4,program_3,TGFbeta_fibroblast,100,9,50,3,0.05357142857142857,,,
donor_to_known,high_confidence,LAM1,program_1,TGFbeta_fibroblast,25,9,25,1,0.030303030303030304,,,
donor_to_known,high_confidence,LAM1,program_1,TGFbeta_fibroblast,50,9,50,1,0.017241379310344827,,,
donor_to_known,high_confidence,LAM1,program_1,TGFbeta_fibroblast,100,9,50,1,0.017241379310344827,,,
donor_to_known,high_confidence,LAM1,program_2,TGFbeta_fibroblast,25,9,25,3,0.0967741935483871,,,
donor_to_known,high_confidence,LAM1,program_2,TGFbeta_fibroblast,50,9,50,4,0.07272727272727272,,,
donor_to_known,high_confidence,LAM1,program_2,TGFbeta_fibroblast,100,9,50,4,0.07272727272727272,,,
donor_to_known,high_confidence,LAM1,program_3,TGFbeta_fibroblast,25,9,25,2,0.0625,,,
donor_to_known,high_confidence,LAM1,program_3,TGFbeta_fibroblast,50,9,50,3,0.05357142857142857,,,
donor_to_known,high_confidence,LAM1,program_3,TGFbeta_fibroblast,100,9,50,3,0.05357142857142857,,,
donor_to_known,high_confidence,LAM2,program_1,TGFbeta_fibroblast,25,9,25,1,0.030303030303030304,,,
donor_to_known,high_confidence,LAM2,program_1,TGFbeta_fibroblast,50,9,50,1,0.017241379310344827,,,
donor_to_known,high_confidence,LAM2,program_1,TGFbeta_fibroblast,100,9,50,1,0.017241379310344827,,,
donor_to_known,high_confidence,LAM2,program_2,TGFbeta_fibroblast,25,9,25,0,0.0,,,
donor_to_known,high_confidence,LAM2,program_2,TGFbeta_fibroblast,50,9,50,0,0.0,,,
donor_to_known,high_confidence,LAM2,program_2,TGFbeta_fibroblast,100,9,50,0,0.0,,,
donor_to_known,high_confidence,LAM2,program_3,TGFbeta_fibroblast,25,9,25,1,0.030303030303030304,,,
donor_to_known,high_confidence,LAM2,program_3,TGFbeta_fibroblast,50,9,50,2,0.03508771929824561,,,
donor_to_known,high_confidence,LAM2,program_3,TGFbeta_fibroblast,100,9,50,2,0.03508771929824561,,,
donor_to_known,high_confidence,LAM3,program_1,TGFbeta_fibroblast,25,9,25,0,0.0,,,
donor_to_known,high_confidence,LAM3,program_1,TGFbeta_fibroblast,50,9,50,0,0.0,,,
donor_to_known,high_confidence,LAM3,program_1,TGFbeta_fibroblast,100,9,50,0,0.0,,,
donor_to_known,high_confidence,LAM3,program_2,TGFbeta_fibroblast,25,9,25,1,0.030303030303030304,,,
donor_to_known,high_confidence,LAM3,program_2,TGFbeta_fibroblast,50,9,50,2,0.03508771929824561,,,
donor_to_known,high_confidence,LAM3,program_2,TGFbeta_fibroblast,100,9,50,2,0.03508771929824561,,,
donor_to_known,high_confidence,LAM3,program_3,TGFbeta_fibroblast,25,9,25,2,0.0625,,,
donor_to_known,high_confidence,LAM3,program_3,TGFbeta_fibroblast,50,9,50,3,0.05357142857142857,,,
donor_to_known,high_confidence,LAM3,program_3,TGFbeta_fibroblast,100,9,50,3,0.05357142857142857,,,
donor_to_known,high_confidence,LAM4,program_1,TGFbeta_fibroblast,25,9,25,0,0.0,,,
donor_to_known,high_confidence,LAM4,program_1,TGFbeta_fibroblast,50,9,50,1,0.017241379310344827,,,
donor_to_known,high_confidence,LAM4,program_1,TGFbeta_fibroblast,100,9,50,1,0.017241379310344827,,,
donor_to_known,high_confidence,LAM4,program_2,TGFbeta_fibroblast,25,9,25,1,0.030303030303030304,,,
donor_to_known,high_confidence,LAM4,program_2,TGFbeta_fibroblast,50,9,50,1,0.017241379310344827,,,
donor_to_known,high_confidence,LAM4,program_2,TGFbeta_fibroblast,100,9,50,1,0.017241379310344827,,,
donor_to_known,high_confidence,LAM4,program_3,TGFbeta_fibroblast,25,9,25,1,0.030303030303030304,,,
donor_to_known,high_confidence,LAM4,program_3,TGFbeta_fibroblast,50,9,50,1,0.017241379310344827,,,
donor_to_known,high_confidence,LAM4,program_3,TGFbeta_fibroblast,100,9,50,1,0.017241379310344827,,,
donor_to_known,unrestricted_lam,LAM1,program_1,TGFbeta_fibroblast,25,9,25,1,0.030303030303030304,,,
donor_to_known,unrestricted_lam,LAM1,program_1,TGFbeta_fibroblast,50,9,50,1,0.017241379310344827,,,
donor_to_known,unrestricted_lam,LAM1,program_1,TGFbeta_fibroblast,100,9,50,1,0.017241379310344827,,,
donor_to_known,unrestricted_lam,LAM1,program_2,TGFbeta_fibroblast,25,9,25,3,0.0967741935483871,,,
donor_to_known,unrestricted_lam,LAM1,program_2,TGFbeta_fibroblast,50,9,50,4,0.07272727272727272,,,
donor_to_known,unrestricted_lam,LAM1,program_2,TGFbeta_fibroblast,100,9,50,4,0.07272727272727272,,,
donor_to_known,unrestricted_lam,LAM1,program_3,TGFbeta_fibroblast,25,9,25,2,0.0625,,,
donor_to_known,unrestricted_lam,LAM1,program_3,TGFbeta_fibroblast,50,9,50,3,0.05357142857142857,,,
donor_to_known,unrestricted_lam,LAM1,program_3,TGFbeta_fibroblast,100,9,50,3,0.05357142857142857,,,
donor_to_known,unrestricted_lam,LAM2,program_1,TGFbeta_fibroblast,25,9,25,1,0.030303030303030304,,,
donor_to_known,unrestricted_lam,LAM2,program_1,TGFbeta_fibroblast,50,9,50,2,0.03508771929824561,,,
donor_to_known,unrestricted_lam,LAM2,program_1,TGFbeta_fibroblast,100,9,50,2,0.03508771929824561,,,
donor_to_known,unrestricted_lam,LAM2,program_2,TGFbeta_fibroblast,25,9,25,2,0.0625,,,
donor_to_known,unrestricted_lam,LAM2,program_2,TGFbeta_fibroblast,50,9,50,2,0.03508771929824561,,,
donor_to_known,unrestricted_lam,LAM2,program_2,TGFbeta_fibroblast,100,9,50,2,0.03508771929824561,,,
donor_to_known,unrestricted_lam,LAM2,program_3,TGFbeta_fibroblast,25,9,25,3,0.0967741935483871,,,
donor_to_known,unrestricted_lam,LAM2,program_3,TGFbeta_fibroblast,50,9,50,5,0.09259259259259259,,,
donor_to_known,unrestricted_lam,LAM2,program_3,TGFbeta_fibroblast,100,9,50,5,0.09259259259259259,,,
donor_to_known,unrestricted_lam,LAM3,program_1,TGFbeta_fibroblast,25,9,25,1,0.030303030303030304,,,
donor_to_known,unrestricted_lam,LAM3,program_1,TGFbeta_fibroblast,50,9,50,1,0.017241379310344827,,,
donor_to_known,unrestricted_lam,LAM3,program_1,TGFbeta_fibroblast,100,9,50,1,0.017241379310344827,,,
donor_to_known,unrestricted_lam,LAM3,program_2,TGFbeta_fibroblast,25,9,25,1,0.030303030303030304,,,
donor_to_known,unrestricted_lam,LAM3,program_2,TGFbeta_fibroblast,50,9,50,1,0.017241379310344827,,,
donor_to_known,unrestricted_lam,LAM3,program_2,TGFbeta_fibroblast,100,9,50,1,0.017241379310344827,,,
donor_to_known,unrestricted_lam,LAM3,program_3,TGFbeta_fibroblast,25,9,25,3,0.0967741935483871,,,
donor_to_known,unrestricted_lam,LAM3,program_3,TGFbeta_fibroblast,50,9,50,3,0.05357142857142857,,,
donor_to_known,unrestricted_lam,LAM3,program_3,TGFbeta_fibroblast,100,9,50,3,0.05357142857142857,,,
donor_to_known,unrestricted_lam,LAM4,program_1,TGFbeta_fibroblast,25,9,25,2,0.0625,,,
donor_to_known,unrestricted_lam,LAM4,program_1,TGFbeta_fibroblast,50,9,50,3,0.05357142857142857,,,
donor_to_known,unrestricted_lam,LAM4,program_1,TGFbeta_fibroblast,100,9,50,3,0.05357142857142857,,,
donor_to_known,unrestricted_lam,LAM4,program_2,TGFbeta_fibroblast,25,9,25,3,0.0967741935483871,,,
donor_to_known,unrestricted_lam,LAM4,program_2,TGFbeta_fibroblast,50,9,50,3,0.05357142857142857,,,
donor_to_known,unrestricted_lam,LAM4,program_2,TGFbeta_fibroblast,100,9,50,3,0.05357142857142857,,,
donor_to_known,unrestricted_lam,LAM4,program_3,TGFbeta_fibroblast,25,9,25,0,0.0,,,
donor_to_known,unrestricted_lam,LAM4,program_3,TGFbeta_fibroblast,50,9,50,1,0.017241379310344827,,,
donor_to_known,unrestricted_lam,LAM4,program_3,TGFbeta_fibroblast,100,9,50,1,0.017241379310344827,,,
pooled_to_known,broad_lam_like,pooled,program_1,IL6_AT2_repair,25,10,25,1,0.029411764705882353,0.0,0.008,True
pooled_to_known,broad_lam_like,pooled,program_1,IL6_AT2_repair,50,10,50,1,0.01694915254237288,0.0,0.006,True
pooled_to_known,broad_lam_like,pooled,program_1,IL6_AT2_repair,100,10,50,1,0.01694915254237288,0.0,0.006,True
pooled_to_known,broad_lam_like,pooled,program_2,IL6_AT2_repair,25,10,25,1,0.029411764705882353,0.0,0.008,True
pooled_to_known,broad_lam_like,pooled,program_2,IL6_AT2_repair,50,10,50,2,0.034482758620689655,0.0,0.0,True
pooled_to_known,broad_lam_like,pooled,program_2,IL6_AT2_repair,100,10,50,2,0.034482758620689655,0.0,0.0,True
pooled_to_known,broad_lam_like,pooled,program_3,IL6_AT2_repair,25,10,25,2,0.06060606060606061,0.0,0.0,True
pooled_to_known,broad_lam_like,pooled,program_3,IL6_AT2_repair,50,10,50,5,0.09090909090909091,0.0,0.0,True
pooled_to_known,broad_lam_like,pooled,program_3,IL6_AT2_repair,100,10,50,5,0.09090909090909091,0.0,0.0,True
pooled_to_known,high_confidence,pooled,program_1,IL6_AT2_repair,25,10,25,2,0.06060606060606061,0.0,0.0,True
pooled_to_known,high_confidence,pooled,program_1,IL6_AT2_repair,50,10,50,2,0.034482758620689655,0.0,0.0,True
pooled_to_known,high_confidence,pooled,program_1,IL6_AT2_repair,100,10,50,2,0.034482758620689655,0.0,0.0,True
pooled_to_known,high_confidence,pooled,program_2,IL6_AT2_repair,25,10,25,3,0.09375,0.0,0.0,True
pooled_to_known,high_confidence,pooled,program_2,IL6_AT2_repair,50,10,50,3,0.05263157894736842,0.0,0.0,True
pooled_to_known,high_confidence,pooled,program_2,IL6_AT2_repair,100,10,50,3,0.05263157894736842,0.0,0.0,True
pooled_to_known,high_confidence,pooled,program_3,IL6_AT2_repair,25,10,25,1,0.029411764705882353,0.0,0.008,True
pooled_to_known,high_confidence,pooled,program_3,IL6_AT2_repair,50,10,50,3,0.05263157894736842,0.0,0.0,True
pooled_to_known,high_confidence,pooled,program_3,IL6_AT2_repair,100,10,50,3,0.05263157894736842,0.0,0.0,True
pooled_to_known,unrestricted_lam,pooled,program_1,IL6_AT2_repair,25,10,25,2,0.06060606060606061,0.0,0.0,True
pooled_to_known,unrestricted_lam,pooled,program_1,IL6_AT2_repair,50,10,50,3,0.05263157894736842,0.0,0.0,True
pooled_to_known,unrestricted_lam,pooled,program_1,IL6_AT2_repair,100,10,50,3,0.05263157894736842,0.0,0.0,True
pooled_to_known,unrestricted_lam,pooled,program_2,IL6_AT2_repair,25,10,25,2,0.06060606060606061,0.0,0.0,True
pooled_to_known,unrestricted_lam,pooled,program_2,IL6_AT2_repair,50,10,50,3,0.05263157894736842,0.0,0.0,True
pooled_to_known,unrestricted_lam,pooled,program_2,IL6_AT2_repair,100,10,50,3,0.05263157894736842,0.0,0.0,True
pooled_to_known,unrestricted_lam,pooled,program_3,IL6_AT2_repair,25,10,25,3,0.09375,0.0,0.0,True
pooled_to_known,unrestricted_lam,pooled,program_3,IL6_AT2_repair,50,10,50,3,0.05263157894736842,0.0,0.0,True
pooled_to_known,unrestricted_lam,pooled,program_3,IL6_AT2_repair,100,10,50,3,0.05263157894736842,0.0,0.0,True
donor_to_known,broad_lam_like,LAM1,program_1,IL6_AT2_repair,25,10,25,2,0.06060606060606061,,,
donor_to_known,broad_lam_like,LAM1,program_1,IL6_AT2_repair,50,10,50,3,0.05263157894736842,,,
donor_to_known,broad_lam_like,LAM1,program_1,IL6_AT2_repair,100,10,50,3,0.05263157894736842,,,
donor_to_known,broad_lam_like,LAM1,program_2,IL6_AT2_repair,25,10,25,3,0.09375,,,
donor_to_known,broad_lam_like,LAM1,program_2,IL6_AT2_repair,50,10,50,3,0.05263157894736842,,,
donor_to_known,broad_lam_like,LAM1,program_2,IL6_AT2_repair,100,10,50,3,0.05263157894736842,,,
donor_to_known,broad_lam_like,LAM1,program_3,IL6_AT2_repair,25,10,25,2,0.06060606060606061,,,
donor_to_known,broad_lam_like,LAM1,program_3,IL6_AT2_repair,50,10,50,3,0.05263157894736842,,,
donor_to_known,broad_lam_like,LAM1,program_3,IL6_AT2_repair,100,10,50,3,0.05263157894736842,,,
donor_to_known,broad_lam_like,LAM2,program_1,IL6_AT2_repair,25,10,25,0,0.0,,,
donor_to_known,broad_lam_like,LAM2,program_1,IL6_AT2_repair,50,10,50,4,0.07142857142857142,,,
donor_to_known,broad_lam_like,LAM2,program_1,IL6_AT2_repair,100,10,50,4,0.07142857142857142,,,
donor_to_known,broad_lam_like,LAM2,program_2,IL6_AT2_repair,25,10,25,2,0.06060606060606061,,,
donor_to_known,broad_lam_like,LAM2,program_2,IL6_AT2_repair,50,10,50,2,0.034482758620689655,,,
donor_to_known,broad_lam_like,LAM2,program_2,IL6_AT2_repair,100,10,50,2,0.034482758620689655,,,
donor_to_known,broad_lam_like,LAM2,program_3,IL6_AT2_repair,25,10,25,1,0.029411764705882353,,,
donor_to_known,broad_lam_like,LAM2,program_3,IL6_AT2_repair,50,10,50,4,0.07142857142857142,,,
donor_to_known,broad_lam_like,LAM2,program_3,IL6_AT2_repair,100,10,50,4,0.07142857142857142,,,
donor_to_known,broad_lam_like,LAM3,program_1,IL6_AT2_repair,25,10,25,0,0.0,,,
donor_to_known,broad_lam_like,LAM3,program_1,IL6_AT2_repair,50,10,50,2,0.034482758620689655,,,
donor_to_known,broad_lam_like,LAM3,program_1,IL6_AT2_repair,100,10,50,2,0.034482758620689655,,,
donor_to_known,broad_lam_like,LAM3,program_2,IL6_AT2_repair,25,10,25,0,0.0,,,
donor_to_known,broad_lam_like,LAM3,program_2,IL6_AT2_repair,50,10,50,1,0.01694915254237288,,,
donor_to_known,broad_lam_like,LAM3,program_2,IL6_AT2_repair,100,10,50,1,0.01694915254237288,,,
donor_to_known,broad_lam_like,LAM3,program_3,IL6_AT2_repair,25,10,25,1,0.029411764705882353,,,
donor_to_known,broad_lam_like,LAM3,program_3,IL6_AT2_repair,50,10,50,2,0.034482758620689655,,,
donor_to_known,broad_lam_like,LAM3,program_3,IL6_AT2_repair,100,10,50,2,0.034482758620689655,,,
donor_to_known,broad_lam_like,LAM4,program_1,IL6_AT2_repair,25,10,25,2,0.06060606060606061,,,
donor_to_known,broad_lam_like,LAM4,program_1,IL6_AT2_repair,50,10,50,3,0.05263157894736842,,,
donor_to_known,broad_lam_like,LAM4,program_1,IL6_AT2_repair,100,10,50,3,0.05263157894736842,,,
donor_to_known,broad_lam_like,LAM4,program_2,IL6_AT2_repair,25,10,25,1,0.029411764705882353,,,
donor_to_known,broad_lam_like,LAM4,program_2,IL6_AT2_repair,50,10,50,2,0.034482758620689655,,,
donor_to_known,broad_lam_like,LAM4,program_2,IL6_AT2_repair,100,10,50,2,0.034482758620689655,,,
donor_to_known,broad_lam_like,LAM4,program_3,IL6_AT2_repair,25,10,25,3,0.09375,,,
donor_to_known,broad_lam_like,LAM4,program_3,IL6_AT2_repair,50,10,50,4,0.07142857142857142,,,
donor_to_known,broad_lam_like,LAM4,program_3,IL6_AT2_repair,100,10,50,4,0.07142857142857142,,,
donor_to_known,high_confidence,LAM1,program_1,IL6_AT2_repair,25,10,25,0,0.0,,,
donor_to_known,high_confidence,LAM1,program_1,IL6_AT2_repair,50,10,50,0,0.0,,,
donor_to_known,high_confidence,LAM1,program_1,IL6_AT2_repair,100,10,50,0,0.0,,,
donor_to_known,high_confidence,LAM1,program_2,IL6_AT2_repair,25,10,25,0,0.0,,,
donor_to_known,high_confidence,LAM1,program_2,IL6_AT2_repair,50,10,50,2,0.034482758620689655,,,
donor_to_known,high_confidence,LAM1,program_2,IL6_AT2_repair,100,10,50,2,0.034482758620689655,,,
donor_to_known,high_confidence,LAM1,program_3,IL6_AT2_repair,25,10,25,1,0.029411764705882353,,,
donor_to_known,high_confidence,LAM1,program_3,IL6_AT2_repair,50,10,50,2,0.034482758620689655,,,
donor_to_known,high_confidence,LAM1,program_3,IL6_AT2_repair,100,10,50,2,0.034482758620689655,,,
donor_to_known,high_confidence,LAM2,program_1,IL6_AT2_repair,25,10,25,2,0.06060606060606061,,,
donor_to_known,high_confidence,LAM2,program_1,IL6_AT2_repair,50,10,50,2,0.034482758620689655,,,
donor_to_known,high_confidence,LAM2,program_1,IL6_AT2_repair,100,10,50,2,0.034482758620689655,,,
donor_to_known,high_confidence,LAM2,program_2,IL6_AT2_repair,25,10,25,2,0.06060606060606061,,,
donor_to_known,high_confidence,LAM2,program_2,IL6_AT2_repair,50,10,50,2,0.034482758620689655,,,
donor_to_known,high_confidence,LAM2,program_2,IL6_AT2_repair,100,10,50,2,0.034482758620689655,,,
donor_to_known,high_confidence,LAM2,program_3,IL6_AT2_repair,25,10,25,2,0.06060606060606061,,,
donor_to_known,high_confidence,LAM2,program_3,IL6_AT2_repair,50,10,50,2,0.034482758620689655,,,
donor_to_known,high_confidence,LAM2,program_3,IL6_AT2_repair,100,10,50,2,0.034482758620689655,,,
donor_to_known,high_confidence,LAM3,program_1,IL6_AT2_repair,25,10,25,1,0.029411764705882353,,,
donor_to_known,high_confidence,LAM3,program_1,IL6_AT2_repair,50,10,50,3,0.05263157894736842,,,
donor_to_known,high_confidence,LAM3,program_1,IL6_AT2_repair,100,10,50,3,0.05263157894736842,,,
donor_to_known,high_confidence,LAM3,program_2,IL6_AT2_repair,25,10,25,3,0.09375,,,
donor_to_known,high_confidence,LAM3,program_2,IL6_AT2_repair,50,10,50,3,0.05263157894736842,,,
donor_to_known,high_confidence,LAM3,program_2,IL6_AT2_repair,100,10,50,3,0.05263157894736842,,,
donor_to_known,high_confidence,LAM3,program_3,IL6_AT2_repair,25,10,25,0,0.0,,,
donor_to_known,high_confidence,LAM3,program_3,IL6_AT2_repair,50,10,50,1,0.01694915254237288,,,
donor_to_known,high_confidence,LAM3,program_3,IL6_AT2_repair,100,10,50,1,0.01694915254237288,,,
donor_to_known,high_confidence,LAM4,program_1,IL6_AT2_repair,25,10,25,3,0.09375,,,
donor_to_known,high_confidence,LAM4,program_1,IL6_AT2_repair,50,10,50,3,0.05263157894736842,,,
donor_to_known,high_confidence,LAM4,program_1,IL6_AT2_repair,100,10,50,3,0.05263157894736842,,,
donor_to_known,high_confidence,LAM4,program_2,IL6_AT2_repair,25,10,25,2,0.06060606060606061,,,
donor_to_known,high_confidence,LAM4,program_2,IL6_AT2_repair,50,10,50,2,0.034482758620689655,,,
donor_to_known,high_confidence,LAM4,program_2,IL6_AT2_repair,100,10,50,2,0.034482758620689655,,,
donor_to_known,high_confidence,LAM4,program_3,IL6_AT2_repair,25,10,25,3,0.09375,,,
donor_to_known,high_confidence,LAM4,program_3,IL6_AT2_repair,50,10,50,3,0.05263157894736842,,,
donor_to_known,high_confidence,LAM4,program_3,IL6_AT2_repair,100,10,50,3,0.05263157894736842,,,
donor_to_known,unrestricted_lam,LAM1,program_1,IL6_AT2_repair,25,10,25,1,0.029411764705882353,,,
donor_to_known,unrestricted_lam,LAM1,program_1,IL6_AT2_repair,50,10,50,1,0.01694915254237288,,,
donor_to_known,unrestricted_lam,LAM1,program_1,IL6_AT2_repair,100,10,50,1,0.01694915254237288,,,
donor_to_known,unrestricted_lam,LAM1,program_2,IL6_AT2_repair,25,10,25,3,0.09375,,,
donor_to_known,unrestricted_lam,LAM1,program_2,IL6_AT2_repair,50,10,50,3,0.05263157894736842,,,
donor_to_known,unrestricted_lam,LAM1,program_2,IL6_AT2_repair,100,10,50,3,0.05263157894736842,,,
donor_to_known,unrestricted_lam,LAM1,program_3,IL6_AT2_repair,25,10,25,1,0.029411764705882353,,,
donor_to_known,unrestricted_lam,LAM1,program_3,IL6_AT2_repair,50,10,50,1,0.01694915254237288,,,
donor_to_known,unrestricted_lam,LAM1,program_3,IL6_AT2_repair,100,10,50,1,0.01694915254237288,,,
donor_to_known,unrestricted_lam,LAM2,program_1,IL6_AT2_repair,25,10,25,0,0.0,,,
donor_to_known,unrestricted_lam,LAM2,program_1,IL6_AT2_repair,50,10,50,1,0.01694915254237288,,,
donor_to_known,unrestricted_lam,LAM2,program_1,IL6_AT2_repair,100,10,50,1,0.01694915254237288,,,
donor_to_known,unrestricted_lam,LAM2,program_2,IL6_AT2_repair,25,10,25,1,0.029411764705882353,,,
donor_to_known,unrestricted_lam,LAM2,program_2,IL6_AT2_repair,50,10,50,1,0.01694915254237288,,,
donor_to_known,unrestricted_lam,LAM2,program_2,IL6_AT2_repair,100,10,50,1,0.01694915254237288,,,
donor_to_known,unrestricted_lam,LAM2,program_3,IL6_AT2_repair,25,10,25,0,0.0,,,
donor_to_known,unrestricted_lam,LAM2,program_3,IL6_AT2_repair,50,10,50,1,0.01694915254237288,,,
donor_to_known,unrestricted_lam,LAM2,program_3,IL6_AT2_repair,100,10,50,1,0.01694915254237288,,,
donor_to_known,unrestricted_lam,LAM3,program_1,IL6_AT2_repair,25,10,25,1,0.029411764705882353,,,
donor_to_known,unrestricted_lam,LAM3,program_1,IL6_AT2_repair,50,10,50,2,0.034482758620689655,,,
donor_to_known,unrestricted_lam,LAM3,program_1,IL6_AT2_repair,100,10,50,2,0.034482758620689655,,,
donor_to_known,unrestricted_lam,LAM3,program_2,IL6_AT2_repair,25,10,25,1,0.029411764705882353,,,
donor_to_known,unrestricted_lam,LAM3,program_2,IL6_AT2_repair,50,10,50,1,0.01694915254237288,,,
donor_to_known,unrestricted_lam,LAM3,program_2,IL6_AT2_repair,100,10,50,1,0.01694915254237288,,,
donor_to_known,unrestricted_lam,LAM3,program_3,IL6_AT2_repair,25,10,25,0,0.0,,,
donor_to_known,unrestricted_lam,LAM3,program_3,IL6_AT2_repair,50,10,50,2,0.034482758620689655,,,
donor_to_known,unrestricted_lam,LAM3,program_3,IL6_AT2_repair,100,10,50,2,0.034482758620689655,,,
donor_to_known,unrestricted_lam,LAM4,program_1,IL6_AT2_repair,25,10,25,0,0.0,,,
donor_to_known,unrestricted_lam,LAM4,program_1,IL6_AT2_repair,50,10,50,0,0.0,,,
donor_to_known,unrestricted_lam,LAM4,program_1,IL6_AT2_repair,100,10,50,0,0.0,,,
donor_to_known,unrestricted_lam,LAM4,program_2,IL6_AT2_repair,25,10,25,0,0.0,,,
donor_to_known,unrestricted_lam,LAM4,program_2,IL6_AT2_repair,50,10,50,2,0.034482758620689655,,,
donor_to_known,unrestricted_lam,LAM4,program_2,IL6_AT2_repair,100,10,50,2,0.034482758620689655,,,
donor_to_known,unrestricted_lam,LAM4,program_3,IL6_AT2_repair,25,10,25,0,0.0,,,
donor_to_known,unrestricted_lam,LAM4,program_3,IL6_AT2_repair,50,10,50,0,0.0,,,
donor_to_known,unrestricted_lam,LAM4,program_3,IL6_AT2_repair,100,10,50,0,0.0,,,
pooled_to_known,broad_lam_like,pooled,program_1,protease_ECM_niche,25,11,25,5,0.16129032258064516,0.0,0.0,True
pooled_to_known,broad_lam_like,pooled,program_1,protease_ECM_niche,50,11,50,5,0.08928571428571429,0.0,0.0,True
pooled_to_known,broad_lam_like,pooled,program_1,protease_ECM_niche,100,11,50,5,0.08928571428571429,0.0,0.0,True
pooled_to_known,broad_lam_like,pooled,program_2,protease_ECM_niche,25,11,25,2,0.058823529411764705,0.0,0.0,True
pooled_to_known,broad_lam_like,pooled,program_2,protease_ECM_niche,50,11,50,2,0.03389830508474576,0.0,0.0,True
pooled_to_known,broad_lam_like,pooled,program_2,protease_ECM_niche,100,11,50,2,0.03389830508474576,0.0,0.0,True
pooled_to_known,broad_lam_like,pooled,program_3,protease_ECM_niche,25,11,25,2,0.058823529411764705,0.0,0.0,True
pooled_to_known,broad_lam_like,pooled,program_3,protease_ECM_niche,50,11,50,2,0.03389830508474576,0.0,0.0,True
pooled_to_known,broad_lam_like,pooled,program_3,protease_ECM_niche,100,11,50,2,0.03389830508474576,0.0,0.0,True
pooled_to_known,high_confidence,pooled,program_1,protease_ECM_niche,25,11,25,2,0.058823529411764705,0.0,0.0,True
pooled_to_known,high_confidence,pooled,program_1,protease_ECM_niche,50,11,50,5,0.08928571428571429,0.0,0.0,True
pooled_to_known,high_confidence,pooled,program_1,protease_ECM_niche,100,11,50,5,0.08928571428571429,0.0,0.0,True
pooled_to_known,high_confidence,pooled,program_2,protease_ECM_niche,25,11,25,0,0.0,0.0,1.0,False
pooled_to_known,high_confidence,pooled,program_2,protease_ECM_niche,50,11,50,3,0.05172413793103448,0.0,0.0,True
pooled_to_known,high_confidence,pooled,program_2,protease_ECM_niche,100,11,50,3,0.05172413793103448,0.0,0.0,True
pooled_to_known,high_confidence,pooled,program_3,protease_ECM_niche,25,11,25,1,0.02857142857142857,0.0,0.008,True
pooled_to_known,high_confidence,pooled,program_3,protease_ECM_niche,50,11,50,2,0.03389830508474576,0.0,0.0,True
pooled_to_known,high_confidence,pooled,program_3,protease_ECM_niche,100,11,50,2,0.03389830508474576,0.0,0.0,True
pooled_to_known,unrestricted_lam,pooled,program_1,protease_ECM_niche,25,11,25,0,0.0,0.0,1.0,False
pooled_to_known,unrestricted_lam,pooled,program_1,protease_ECM_niche,50,11,50,0,0.0,0.0,1.0,False
pooled_to_known,unrestricted_lam,pooled,program_1,protease_ECM_niche,100,11,50,0,0.0,0.0,1.0,False
pooled_to_known,unrestricted_lam,pooled,program_2,protease_ECM_niche,25,11,25,2,0.058823529411764705,0.0,0.0,True
pooled_to_known,unrestricted_lam,pooled,program_2,protease_ECM_niche,50,11,50,3,0.05172413793103448,0.0,0.0,True
pooled_to_known,unrestricted_lam,pooled,program_2,protease_ECM_niche,100,11,50,3,0.05172413793103448,0.0,0.0,True
pooled_to_known,unrestricted_lam,pooled,program_3,protease_ECM_niche,25,11,25,1,0.02857142857142857,0.0,0.008,True
pooled_to_known,unrestricted_lam,pooled,program_3,protease_ECM_niche,50,11,50,3,0.05172413793103448,0.0,0.0,True
pooled_to_known,unrestricted_lam,pooled,program_3,protease_ECM_niche,100,11,50,3,0.05172413793103448,0.0,0.0,True
donor_to_known,broad_lam_like,LAM1,program_1,protease_ECM_niche,25,11,25,1,0.02857142857142857,,,
donor_to_known,broad_lam_like,LAM1,program_1,protease_ECM_niche,50,11,50,2,0.03389830508474576,,,
donor_to_known,broad_lam_like,LAM1,program_1,protease_ECM_niche,100,11,50,2,0.03389830508474576,,,
donor_to_known,broad_lam_like,LAM1,program_2,protease_ECM_niche,25,11,25,0,0.0,,,
donor_to_known,broad_lam_like,LAM1,program_2,protease_ECM_niche,50,11,50,2,0.03389830508474576,,,
donor_to_known,broad_lam_like,LAM1,program_2,protease_ECM_niche,100,11,50,2,0.03389830508474576,,,
donor_to_known,broad_lam_like,LAM1,program_3,protease_ECM_niche,25,11,25,0,0.0,,,
donor_to_known,broad_lam_like,LAM1,program_3,protease_ECM_niche,50,11,50,1,0.016666666666666666,,,
donor_to_known,broad_lam_like,LAM1,program_3,protease_ECM_niche,100,11,50,1,0.016666666666666666,,,
donor_to_known,broad_lam_like,LAM2,program_1,protease_ECM_niche,25,11,25,1,0.02857142857142857,,,
donor_to_known,broad_lam_like,LAM2,program_1,protease_ECM_niche,50,11,50,1,0.016666666666666666,,,
donor_to_known,broad_lam_like,LAM2,program_1,protease_ECM_niche,100,11,50,1,0.016666666666666666,,,
donor_to_known,broad_lam_like,LAM2,program_2,protease_ECM_niche,25,11,25,0,0.0,,,
donor_to_known,broad_lam_like,LAM2,program_2,protease_ECM_niche,50,11,50,1,0.016666666666666666,,,
donor_to_known,broad_lam_like,LAM2,program_2,protease_ECM_niche,100,11,50,1,0.016666666666666666,,,
donor_to_known,broad_lam_like,LAM2,program_3,protease_ECM_niche,25,11,25,1,0.02857142857142857,,,
donor_to_known,broad_lam_like,LAM2,program_3,protease_ECM_niche,50,11,50,1,0.016666666666666666,,,
donor_to_known,broad_lam_like,LAM2,program_3,protease_ECM_niche,100,11,50,1,0.016666666666666666,,,
donor_to_known,broad_lam_like,LAM3,program_1,protease_ECM_niche,25,11,25,1,0.02857142857142857,,,
donor_to_known,broad_lam_like,LAM3,program_1,protease_ECM_niche,50,11,50,2,0.03389830508474576,,,
donor_to_known,broad_lam_like,LAM3,program_1,protease_ECM_niche,100,11,50,2,0.03389830508474576,,,
donor_to_known,broad_lam_like,LAM3,program_2,protease_ECM_niche,25,11,25,2,0.058823529411764705,,,
donor_to_known,broad_lam_like,LAM3,program_2,protease_ECM_niche,50,11,50,2,0.03389830508474576,,,
donor_to_known,broad_lam_like,LAM3,program_2,protease_ECM_niche,100,11,50,2,0.03389830508474576,,,
donor_to_known,broad_lam_like,LAM3,program_3,protease_ECM_niche,25,11,25,2,0.058823529411764705,,,
donor_to_known,broad_lam_like,LAM3,program_3,protease_ECM_niche,50,11,50,2,0.03389830508474576,,,
donor_to_known,broad_lam_like,LAM3,program_3,protease_ECM_niche,100,11,50,2,0.03389830508474576,,,
donor_to_known,broad_lam_like,LAM4,program_1,protease_ECM_niche,25,11,25,0,0.0,,,
donor_to_known,broad_lam_like,LAM4,program_1,protease_ECM_niche,50,11,50,0,0.0,,,
donor_to_known,broad_lam_like,LAM4,program_1,protease_ECM_niche,100,11,50,0,0.0,,,
donor_to_known,broad_lam_like,LAM4,program_2,protease_ECM_niche,25,11,25,2,0.058823529411764705,,,
donor_to_known,broad_lam_like,LAM4,program_2,protease_ECM_niche,50,11,50,2,0.03389830508474576,,,
donor_to_known,broad_lam_like,LAM4,program_2,protease_ECM_niche,100,11,50,2,0.03389830508474576,,,
donor_to_known,broad_lam_like,LAM4,program_3,protease_ECM_niche,25,11,25,1,0.02857142857142857,,,
donor_to_known,broad_lam_like,LAM4,program_3,protease_ECM_niche,50,11,50,1,0.016666666666666666,,,
donor_to_known,broad_lam_like,LAM4,program_3,protease_ECM_niche,100,11,50,1,0.016666666666666666,,,
donor_to_known,high_confidence,LAM1,program_1,protease_ECM_niche,25,11,25,0,0.0,,,
donor_to_known,high_confidence,LAM1,program_1,protease_ECM_niche,50,11,50,0,0.0,,,
donor_to_known,high_confidence,LAM1,program_1,protease_ECM_niche,100,11,50,0,0.0,,,
donor_to_known,high_confidence,LAM1,program_2,protease_ECM_niche,25,11,25,1,0.02857142857142857,,,
donor_to_known,high_confidence,LAM1,program_2,protease_ECM_niche,50,11,50,1,0.016666666666666666,,,
donor_to_known,high_confidence,LAM1,program_2,protease_ECM_niche,100,11,50,1,0.016666666666666666,,,
donor_to_known,high_confidence,LAM1,program_3,protease_ECM_niche,25,11,25,0,0.0,,,
donor_to_known,high_confidence,LAM1,program_3,protease_ECM_niche,50,11,50,1,0.016666666666666666,,,
donor_to_known,high_confidence,LAM1,program_3,protease_ECM_niche,100,11,50,1,0.016666666666666666,,,
donor_to_known,high_confidence,LAM2,program_1,protease_ECM_niche,25,11,25,1,0.02857142857142857,,,
donor_to_known,high_confidence,LAM2,program_1,protease_ECM_niche,50,11,50,4,0.07017543859649122,,,
donor_to_known,high_confidence,LAM2,program_1,protease_ECM_niche,100,11,50,4,0.07017543859649122,,,
donor_to_known,high_confidence,LAM2,program_2,protease_ECM_niche,25,11,25,0,0.0,,,
donor_to_known,high_confidence,LAM2,program_2,protease_ECM_niche,50,11,50,0,0.0,,,
donor_to_known,high_confidence,LAM2,program_2,protease_ECM_niche,100,11,50,0,0.0,,,
donor_to_known,high_confidence,LAM2,program_3,protease_ECM_niche,25,11,25,1,0.02857142857142857,,,
donor_to_known,high_confidence,LAM2,program_3,protease_ECM_niche,50,11,50,3,0.05172413793103448,,,
donor_to_known,high_confidence,LAM2,program_3,protease_ECM_niche,100,11,50,3,0.05172413793103448,,,
donor_to_known,high_confidence,LAM3,program_1,protease_ECM_niche,25,11,25,1,0.02857142857142857,,,
donor_to_known,high_confidence,LAM3,program_1,protease_ECM_niche,50,11,50,2,0.03389830508474576,,,
donor_to_known,high_confidence,LAM3,program_1,protease_ECM_niche,100,11,50,2,0.03389830508474576,,,
donor_to_known,high_confidence,LAM3,program_2,protease_ECM_niche,25,11,25,2,0.058823529411764705,,,
donor_to_known,high_confidence,LAM3,program_2,protease_ECM_niche,50,11,50,3,0.05172413793103448,,,
donor_to_known,high_confidence,LAM3,program_2,protease_ECM_niche,100,11,50,3,0.05172413793103448,,,
donor_to_known,high_confidence,LAM3,program_3,protease_ECM_niche,25,11,25,1,0.02857142857142857,,,
donor_to_known,high_confidence,LAM3,program_3,protease_ECM_niche,50,11,50,1,0.016666666666666666,,,
donor_to_known,high_confidence,LAM3,program_3,protease_ECM_niche,100,11,50,1,0.016666666666666666,,,
donor_to_known,high_confidence,LAM4,program_1,protease_ECM_niche,25,11,25,1,0.02857142857142857,,,
donor_to_known,high_confidence,LAM4,program_1,protease_ECM_niche,50,11,50,2,0.03389830508474576,,,
donor_to_known,high_confidence,LAM4,program_1,protease_ECM_niche,100,11,50,2,0.03389830508474576,,,
donor_to_known,high_confidence,LAM4,program_2,protease_ECM_niche,25,11,25,3,0.09090909090909091,,,
donor_to_known,high_confidence,LAM4,program_2,protease_ECM_niche,50,11,50,4,0.07017543859649122,,,
donor_to_known,high_confidence,LAM4,program_2,protease_ECM_niche,100,11,50,4,0.07017543859649122,,,
donor_to_known,high_confidence,LAM4,program_3,protease_ECM_niche,25,11,25,3,0.09090909090909091,,,
donor_to_known,high_confidence,LAM4,program_3,protease_ECM_niche,50,11,50,4,0.07017543859649122,,,
donor_to_known,high_confidence,LAM4,program_3,protease_ECM_niche,100,11,50,4,0.07017543859649122,,,
donor_to_known,unrestricted_lam,LAM1,program_1,protease_ECM_niche,25,11,25,1,0.02857142857142857,,,
donor_to_known,unrestricted_lam,LAM1,program_1,protease_ECM_niche,50,11,50,2,0.03389830508474576,,,
donor_to_known,unrestricted_lam,LAM1,program_1,protease_ECM_niche,100,11,50,2,0.03389830508474576,,,
donor_to_known,unrestricted_lam,LAM1,program_2,protease_ECM_niche,25,11,25,1,0.02857142857142857,,,
donor_to_known,unrestricted_lam,LAM1,program_2,protease_ECM_niche,50,11,50,2,0.03389830508474576,,,
donor_to_known,unrestricted_lam,LAM1,program_2,protease_ECM_niche,100,11,50,2,0.03389830508474576,,,
donor_to_known,unrestricted_lam,LAM1,program_3,protease_ECM_niche,25,11,25,1,0.02857142857142857,,,
donor_to_known,unrestricted_lam,LAM1,program_3,protease_ECM_niche,50,11,50,1,0.016666666666666666,,,
donor_to_known,unrestricted_lam,LAM1,program_3,protease_ECM_niche,100,11,50,1,0.016666666666666666,,,
donor_to_known,unrestricted_lam,LAM2,program_1,protease_ECM_niche,25,11,25,0,0.0,,,
donor_to_known,unrestricted_lam,LAM2,program_1,protease_ECM_niche,50,11,50,1,0.016666666666666666,,,
donor_to_known,unrestricted_lam,LAM2,program_1,protease_ECM_niche,100,11,50,1,0.016666666666666666,,,
donor_to_known,unrestricted_lam,LAM2,program_2,protease_ECM_niche,25,11,25,1,0.02857142857142857,,,
donor_to_known,unrestricted_lam,LAM2,program_2,protease_ECM_niche,50,11,50,1,0.016666666666666666,,,
donor_to_known,unrestricted_lam,LAM2,program_2,protease_ECM_niche,100,11,50,1,0.016666666666666666,,,
donor_to_known,unrestricted_lam,LAM2,program_3,protease_ECM_niche,25,11,25,1,0.02857142857142857,,,
donor_to_known,unrestricted_lam,LAM2,program_3,protease_ECM_niche,50,11,50,2,0.03389830508474576,,,
donor_to_known,unrestricted_lam,LAM2,program_3,protease_ECM_niche,100,11,50,2,0.03389830508474576,,,
donor_to_known,unrestricted_lam,LAM3,program_1,protease_ECM_niche,25,11,25,1,0.02857142857142857,,,
donor_to_known,unrestricted_lam,LAM3,program_1,protease_ECM_niche,50,11,50,1,0.016666666666666666,,,
donor_to_known,unrestricted_lam,LAM3,program_1,protease_ECM_niche,100,11,50,1,0.016666666666666666,,,
donor_to_known,unrestricted_lam,LAM3,program_2,protease_ECM_niche,25,11,25,2,0.058823529411764705,,,
donor_to_known,unrestricted_lam,LAM3,program_2,protease_ECM_niche,50,11,50,2,0.03389830508474576,,,
donor_to_known,unrestricted_lam,LAM3,program_2,protease_ECM_niche,100,11,50,2,0.03389830508474576,,,
donor_to_known,unrestricted_lam,LAM3,program_3,protease_ECM_niche,25,11,25,1,0.02857142857142857,,,
donor_to_known,unrestricted_lam,LAM3,program_3,protease_ECM_niche,50,11,50,2,0.03389830508474576,,,
donor_to_known,unrestricted_lam,LAM3,program_3,protease_ECM_niche,100,11,50,2,0.03389830508474576,,,
donor_to_known,unrestricted_lam,LAM4,program_1,protease_ECM_niche,25,11,25,0,0.0,,,
donor_to_known,unrestricted_lam,LAM4,program_1,protease_ECM_niche,50,11,50,0,0.0,,,
donor_to_known,unrestricted_lam,LAM4,program_1,protease_ECM_niche,100,11,50,0,0.0,,,
donor_to_known,unrestricted_lam,LAM4,program_2,protease_ECM_niche,25,11,25,0,0.0,,,
donor_to_known,unrestricted_lam,LAM4,program_2,protease_ECM_niche,50,11,50,2,0.03389830508474576,,,
donor_to_known,unrestricted_lam,LAM4,program_2,protease_ECM_niche,100,11,50,2,0.03389830508474576,,,
donor_to_known,unrestricted_lam,LAM4,program_3,protease_ECM_niche,25,11,25,0,0.0,,,
donor_to_known,unrestricted_lam,LAM4,program_3,protease_ECM_niche,50,11,50,1,0.016666666666666666,,,
donor_to_known,unrestricted_lam,LAM4,program_3,protease_ECM_niche,100,11,50,1,0.016666666666666666,,,
pooled_to_known,broad_lam_like,pooled,program_1,hormone_related,25,7,25,0,0.0,0.0,1.0,False
pooled_to_known,broad_lam_like,pooled,program_1,hormone_related,50,7,50,0,0.0,0.0,1.0,False
pooled_to_known,broad_lam_like,pooled,program_1,hormone_related,100,7,50,0,0.0,0.0,1.0,False
pooled_to_known,broad_lam_like,pooled,program_2,hormone_related,25,7,25,1,0.03225806451612903,0.0,0.002,True
pooled_to_known,broad_lam_like,pooled,program_2,hormone_related,50,7,50,1,0.017857142857142856,0.0,0.006,True
pooled_to_known,broad_lam_like,pooled,program_2,hormone_related,100,7,50,1,0.017857142857142856,0.0,0.006,True
pooled_to_known,broad_lam_like,pooled,program_3,hormone_related,25,7,25,1,0.03225806451612903,0.0,0.002,True
pooled_to_known,broad_lam_like,pooled,program_3,hormone_related,50,7,50,1,0.017857142857142856,0.0,0.006,True
pooled_to_known,broad_lam_like,pooled,program_3,hormone_related,100,7,50,1,0.017857142857142856,0.0,0.006,True
pooled_to_known,high_confidence,pooled,program_1,hormone_related,25,7,25,1,0.03225806451612903,0.0,0.002,True
pooled_to_known,high_confidence,pooled,program_1,hormone_related,50,7,50,1,0.017857142857142856,0.0,0.006,True
pooled_to_known,high_confidence,pooled,program_1,hormone_related,100,7,50,1,0.017857142857142856,0.0,0.006,True
pooled_to_known,high_confidence,pooled,program_2,hormone_related,25,7,25,1,0.03225806451612903,0.0,0.002,True
pooled_to_known,high_confidence,pooled,program_2,hormone_related,50,7,50,1,0.017857142857142856,0.0,0.006,True
pooled_to_known,high_confidence,pooled,program_2,hormone_related,100,7,50,1,0.017857142857142856,0.0,0.006,True
pooled_to_known,high_confidence,pooled,program_3,hormone_related,25,7,25,0,0.0,0.0,1.0,False
pooled_to_known,high_confidence,pooled,program_3,hormone_related,50,7,50,0,0.0,0.0,1.0,False
pooled_to_known,high_confidence,pooled,program_3,hormone_related,100,7,50,0,0.0,0.0,1.0,False
pooled_to_known,unrestricted_lam,pooled,program_1,hormone_related,25,7,25,0,0.0,0.0,1.0,False
pooled_to_known,unrestricted_lam,pooled,program_1,hormone_related,50,7,50,0,0.0,0.0,1.0,False
pooled_to_known,unrestricted_lam,pooled,program_1,hormone_related,100,7,50,0,0.0,0.0,1.0,False
pooled_to_known,unrestricted_lam,pooled,program_2,hormone_related,25,7,25,0,0.0,0.0,1.0,False
pooled_to_known,unrestricted_lam,pooled,program_2,hormone_related,50,7,50,2,0.03636363636363636,0.0,0.0,True
pooled_to_known,unrestricted_lam,pooled,program_2,hormone_related,100,7,50,2,0.03636363636363636,0.0,0.0,True
pooled_to_known,unrestricted_lam,pooled,program_3,hormone_related,25,7,25,0,0.0,0.0,1.0,False
pooled_to_known,unrestricted_lam,pooled,program_3,hormone_related,50,7,50,0,0.0,0.0,1.0,False
pooled_to_known,unrestricted_lam,pooled,program_3,hormone_related,100,7,50,0,0.0,0.0,1.0,False
donor_to_known,broad_lam_like,LAM1,program_1,hormone_related,25,7,25,1,0.03225806451612903,,,
donor_to_known,broad_lam_like,LAM1,program_1,hormone_related,50,7,50,1,0.017857142857142856,,,
donor_to_known,broad_lam_like,LAM1,program_1,hormone_related,100,7,50,1,0.017857142857142856,,,
donor_to_known,broad_lam_like,LAM1,program_2,hormone_related,25,7,25,0,0.0,,,
donor_to_known,broad_lam_like,LAM1,program_2,hormone_related,50,7,50,0,0.0,,,
donor_to_known,broad_lam_like,LAM1,program_2,hormone_related,100,7,50,0,0.0,,,
donor_to_known,broad_lam_like,LAM1,program_3,hormone_related,25,7,25,0,0.0,,,
donor_to_known,broad_lam_like,LAM1,program_3,hormone_related,50,7,50,0,0.0,,,
donor_to_known,broad_lam_like,LAM1,program_3,hormone_related,100,7,50,0,0.0,,,
donor_to_known,broad_lam_like,LAM2,program_1,hormone_related,25,7,25,2,0.06666666666666667,,,
donor_to_known,broad_lam_like,LAM2,program_1,hormone_related,50,7,50,2,0.03636363636363636,,,
donor_to_known,broad_lam_like,LAM2,program_1,hormone_related,100,7,50,2,0.03636363636363636,,,
donor_to_known,broad_lam_like,LAM2,program_2,hormone_related,25,7,25,2,0.06666666666666667,,,
donor_to_known,broad_lam_like,LAM2,program_2,hormone_related,50,7,50,2,0.03636363636363636,,,
donor_to_known,broad_lam_like,LAM2,program_2,hormone_related,100,7,50,2,0.03636363636363636,,,
donor_to_known,broad_lam_like,LAM2,program_3,hormone_related,25,7,25,2,0.06666666666666667,,,
donor_to_known,broad_lam_like,LAM2,program_3,hormone_related,50,7,50,3,0.05555555555555555,,,
donor_to_known,broad_lam_like,LAM2,program_3,hormone_related,100,7,50,3,0.05555555555555555,,,
donor_to_known,broad_lam_like,LAM3,program_1,hormone_related,25,7,25,2,0.06666666666666667,,,
donor_to_known,broad_lam_like,LAM3,program_1,hormone_related,50,7,50,3,0.05555555555555555,,,
donor_to_known,broad_lam_like,LAM3,program_1,hormone_related,100,7,50,3,0.05555555555555555,,,
donor_to_known,broad_lam_like,LAM3,program_2,hormone_related,25,7,25,0,0.0,,,
donor_to_known,broad_lam_like,LAM3,program_2,hormone_related,50,7,50,0,0.0,,,
donor_to_known,broad_lam_like,LAM3,program_2,hormone_related,100,7,50,0,0.0,,,
donor_to_known,broad_lam_like,LAM3,program_3,hormone_related,25,7,25,1,0.03225806451612903,,,
donor_to_known,broad_lam_like,LAM3,program_3,hormone_related,50,7,50,2,0.03636363636363636,,,
donor_to_known,broad_lam_like,LAM3,program_3,hormone_related,100,7,50,2,0.03636363636363636,,,
donor_to_known,broad_lam_like,LAM4,program_1,hormone_related,25,7,25,1,0.03225806451612903,,,
donor_to_known,broad_lam_like,LAM4,program_1,hormone_related,50,7,50,1,0.017857142857142856,,,
donor_to_known,broad_lam_like,LAM4,program_1,hormone_related,100,7,50,1,0.017857142857142856,,,
donor_to_known,broad_lam_like,LAM4,program_2,hormone_related,25,7,25,1,0.03225806451612903,,,
donor_to_known,broad_lam_like,LAM4,program_2,hormone_related,50,7,50,2,0.03636363636363636,,,
donor_to_known,broad_lam_like,LAM4,program_2,hormone_related,100,7,50,2,0.03636363636363636,,,
donor_to_known,broad_lam_like,LAM4,program_3,hormone_related,25,7,25,1,0.03225806451612903,,,
donor_to_known,broad_lam_like,LAM4,program_3,hormone_related,50,7,50,2,0.03636363636363636,,,
donor_to_known,broad_lam_like,LAM4,program_3,hormone_related,100,7,50,2,0.03636363636363636,,,
donor_to_known,high_confidence,LAM1,program_1,hormone_related,25,7,25,2,0.06666666666666667,,,
donor_to_known,high_confidence,LAM1,program_1,hormone_related,50,7,50,3,0.05555555555555555,,,
donor_to_known,high_confidence,LAM1,program_1,hormone_related,100,7,50,3,0.05555555555555555,,,
donor_to_known,high_confidence,LAM1,program_2,hormone_related,25,7,25,2,0.06666666666666667,,,
donor_to_known,high_confidence,LAM1,program_2,hormone_related,50,7,50,2,0.03636363636363636,,,
donor_to_known,high_confidence,LAM1,program_2,hormone_related,100,7,50,2,0.03636363636363636,,,
donor_to_known,high_confidence,LAM1,program_3,hormone_related,25,7,25,2,0.06666666666666667,,,
donor_to_known,high_confidence,LAM1,program_3,hormone_related,50,7,50,3,0.05555555555555555,,,
donor_to_known,high_confidence,LAM1,program_3,hormone_related,100,7,50,3,0.05555555555555555,,,
donor_to_known,high_confidence,LAM2,program_1,hormone_related,25,7,25,2,0.06666666666666667,,,
donor_to_known,high_confidence,LAM2,program_1,hormone_related,50,7,50,2,0.03636363636363636,,,
donor_to_known,high_confidence,LAM2,program_1,hormone_related,100,7,50,2,0.03636363636363636,,,
donor_to_known,high_confidence,LAM2,program_2,hormone_related,25,7,25,2,0.06666666666666667,,,
donor_to_known,high_confidence,LAM2,program_2,hormone_related,50,7,50,2,0.03636363636363636,,,
donor_to_known,high_confidence,LAM2,program_2,hormone_related,100,7,50,2,0.03636363636363636,,,
donor_to_known,high_confidence,LAM2,program_3,hormone_related,25,7,25,2,0.06666666666666667,,,
donor_to_known,high_confidence,LAM2,program_3,hormone_related,50,7,50,2,0.03636363636363636,,,
donor_to_known,high_confidence,LAM2,program_3,hormone_related,100,7,50,2,0.03636363636363636,,,
donor_to_known,high_confidence,LAM3,program_1,hormone_related,25,7,25,1,0.03225806451612903,,,
donor_to_known,high_confidence,LAM3,program_1,hormone_related,50,7,50,1,0.017857142857142856,,,
donor_to_known,high_confidence,LAM3,program_1,hormone_related,100,7,50,1,0.017857142857142856,,,
donor_to_known,high_confidence,LAM3,program_2,hormone_related,25,7,25,0,0.0,,,
donor_to_known,high_confidence,LAM3,program_2,hormone_related,50,7,50,1,0.017857142857142856,,,
donor_to_known,high_confidence,LAM3,program_2,hormone_related,100,7,50,1,0.017857142857142856,,,
donor_to_known,high_confidence,LAM3,program_3,hormone_related,25,7,25,0,0.0,,,
donor_to_known,high_confidence,LAM3,program_3,hormone_related,50,7,50,1,0.017857142857142856,,,
donor_to_known,high_confidence,LAM3,program_3,hormone_related,100,7,50,1,0.017857142857142856,,,
donor_to_known,high_confidence,LAM4,program_1,hormone_related,25,7,25,0,0.0,,,
donor_to_known,high_confidence,LAM4,program_1,hormone_related,50,7,50,0,0.0,,,
donor_to_known,high_confidence,LAM4,program_1,hormone_related,100,7,50,0,0.0,,,
donor_to_known,high_confidence,LAM4,program_2,hormone_related,25,7,25,0,0.0,,,
donor_to_known,high_confidence,LAM4,program_2,hormone_related,50,7,50,0,0.0,,,
donor_to_known,high_confidence,LAM4,program_2,hormone_related,100,7,50,0,0.0,,,
donor_to_known,high_confidence,LAM4,program_3,hormone_related,25,7,25,0,0.0,,,
donor_to_known,high_confidence,LAM4,program_3,hormone_related,50,7,50,1,0.017857142857142856,,,
donor_to_known,high_confidence,LAM4,program_3,hormone_related,100,7,50,1,0.017857142857142856,,,
donor_to_known,unrestricted_lam,LAM1,program_1,hormone_related,25,7,25,1,0.03225806451612903,,,
donor_to_known,unrestricted_lam,LAM1,program_1,hormone_related,50,7,50,1,0.017857142857142856,,,
donor_to_known,unrestricted_lam,LAM1,program_1,hormone_related,100,7,50,1,0.017857142857142856,,,
donor_to_known,unrestricted_lam,LAM1,program_2,hormone_related,25,7,25,2,0.06666666666666667,,,
donor_to_known,unrestricted_lam,LAM1,program_2,hormone_related,50,7,50,2,0.03636363636363636,,,
donor_to_known,unrestricted_lam,LAM1,program_2,hormone_related,100,7,50,2,0.03636363636363636,,,
donor_to_known,unrestricted_lam,LAM1,program_3,hormone_related,25,7,25,0,0.0,,,
donor_to_known,unrestricted_lam,LAM1,program_3,hormone_related,50,7,50,0,0.0,,,
donor_to_known,unrestricted_lam,LAM1,program_3,hormone_related,100,7,50,0,0.0,,,
donor_to_known,unrestricted_lam,LAM2,program_1,hormone_related,25,7,25,1,0.03225806451612903,,,
donor_to_known,unrestricted_lam,LAM2,program_1,hormone_related,50,7,50,1,0.017857142857142856,,,
donor_to_known,unrestricted_lam,LAM2,program_1,hormone_related,100,7,50,1,0.017857142857142856,,,
donor_to_known,unrestricted_lam,LAM2,program_2,hormone_related,25,7,25,2,0.06666666666666667,,,
donor_to_known,unrestricted_lam,LAM2,program_2,hormone_related,50,7,50,2,0.03636363636363636,,,
donor_to_known,unrestricted_lam,LAM2,program_2,hormone_related,100,7,50,2,0.03636363636363636,,,
donor_to_known,unrestricted_lam,LAM2,program_3,hormone_related,25,7,25,2,0.06666666666666667,,,
donor_to_known,unrestricted_lam,LAM2,program_3,hormone_related,50,7,50,3,0.05555555555555555,,,
donor_to_known,unrestricted_lam,LAM2,program_3,hormone_related,100,7,50,3,0.05555555555555555,,,
donor_to_known,unrestricted_lam,LAM3,program_1,hormone_related,25,7,25,0,0.0,,,
donor_to_known,unrestricted_lam,LAM3,program_1,hormone_related,50,7,50,0,0.0,,,
donor_to_known,unrestricted_lam,LAM3,program_1,hormone_related,100,7,50,0,0.0,,,
donor_to_known,unrestricted_lam,LAM3,program_2,hormone_related,25,7,25,0,0.0,,,
donor_to_known,unrestricted_lam,LAM3,program_2,hormone_related,50,7,50,0,0.0,,,
donor_to_known,unrestricted_lam,LAM3,program_2,hormone_related,100,7,50,0,0.0,,,
donor_to_known,unrestricted_lam,LAM3,program_3,hormone_related,25,7,25,0,0.0,,,
donor_to_known,unrestricted_lam,LAM3,program_3,hormone_related,50,7,50,0,0.0,,,
donor_to_known,unrestricted_lam,LAM3,program_3,hormone_related,100,7,50,0,0.0,,,
donor_to_known,unrestricted_lam,LAM4,program_1,hormone_related,25,7,25,3,0.10344827586206896,,,
donor_to_known,unrestricted_lam,LAM4,program_1,hormone_related,50,7,50,3,0.05555555555555555,,,
donor_to_known,unrestricted_lam,LAM4,program_1,hormone_related,100,7,50,3,0.05555555555555555,,,
donor_to_known,unrestricted_lam,LAM4,program_2,hormone_related,25,7,25,3,0.10344827586206896,,,
donor_to_known,unrestricted_lam,LAM4,program_2,hormone_related,50,7,50,3,0.05555555555555555,,,
donor_to_known,unrestricted_lam,LAM4,program_2,hormone_related,100,7,50,3,0.05555555555555555,,,
donor_to_known,unrestricted_lam,LAM4,program_3,hormone_related,25,7,25,1,0.03225806451612903,,,
donor_to_known,unrestricted_lam,LAM4,program_3,hormone_related,50,7,50,2,0.03636363636363636,,,
donor_to_known,unrestricted_lam,LAM4,program_3,hormone_related,100,7,50,2,0.03636363636363636,,,
pooled_to_known,broad_lam_like,pooled,program_1,hypoxia_stress,25,10,25,0,0.0,0.0,1.0,False
pooled_to_known,broad_lam_like,pooled,program_1,hypoxia_stress,50,10,50,1,0.01694915254237288,0.0,0.006,True
pooled_to_known,broad_lam_like,pooled,program_1,hypoxia_stress,100,10,50,1,0.01694915254237288,0.0,0.006,True
pooled_to_known,broad_lam_like,pooled,program_2,hypoxia_stress,25,10,25,0,0.0,0.0,1.0,False
pooled_to_known,broad_lam_like,pooled,program_2,hypoxia_stress,50,10,50,1,0.01694915254237288,0.0,0.006,True
pooled_to_known,broad_lam_like,pooled,program_2,hypoxia_stress,100,10,50,1,0.01694915254237288,0.0,0.006,True
pooled_to_known,broad_lam_like,pooled,program_3,hypoxia_stress,25,10,25,1,0.029411764705882353,0.0,0.008,True
pooled_to_known,broad_lam_like,pooled,program_3,hypoxia_stress,50,10,50,4,0.07142857142857142,0.0,0.0,True
pooled_to_known,broad_lam_like,pooled,program_3,hypoxia_stress,100,10,50,4,0.07142857142857142,0.0,0.0,True
pooled_to_known,high_confidence,pooled,program_1,hypoxia_stress,25,10,25,0,0.0,0.0,1.0,False
pooled_to_known,high_confidence,pooled,program_1,hypoxia_stress,50,10,50,0,0.0,0.0,1.0,False
pooled_to_known,high_confidence,pooled,program_1,hypoxia_stress,100,10,50,0,0.0,0.0,1.0,False
pooled_to_known,high_confidence,pooled,program_2,hypoxia_stress,25,10,25,1,0.029411764705882353,0.0,0.008,True
pooled_to_known,high_confidence,pooled,program_2,hypoxia_stress,50,10,50,1,0.01694915254237288,0.0,0.006,True
pooled_to_known,high_confidence,pooled,program_2,hypoxia_stress,100,10,50,1,0.01694915254237288,0.0,0.006,True
pooled_to_known,high_confidence,pooled,program_3,hypoxia_stress,25,10,25,0,0.0,0.0,1.0,False
pooled_to_known,high_confidence,pooled,program_3,hypoxia_stress,50,10,50,0,0.0,0.0,1.0,False
pooled_to_known,high_confidence,pooled,program_3,hypoxia_stress,100,10,50,0,0.0,0.0,1.0,False
pooled_to_known,unrestricted_lam,pooled,program_1,hypoxia_stress,25,10,25,0,0.0,0.0,1.0,False
pooled_to_known,unrestricted_lam,pooled,program_1,hypoxia_stress,50,10,50,1,0.01694915254237288,0.0,0.006,True
pooled_to_known,unrestricted_lam,pooled,program_1,hypoxia_stress,100,10,50,1,0.01694915254237288,0.0,0.006,True
pooled_to_known,unrestricted_lam,pooled,program_2,hypoxia_stress,25,10,25,1,0.029411764705882353,0.0,0.008,True
pooled_to_known,unrestricted_lam,pooled,program_2,hypoxia_stress,50,10,50,3,0.05263157894736842,0.0,0.0,True
pooled_to_known,unrestricted_lam,pooled,program_2,hypoxia_stress,100,10,50,3,0.05263157894736842,0.0,0.0,True
pooled_to_known,unrestricted_lam,pooled,program_3,hypoxia_stress,25,10,25,0,0.0,0.0,1.0,False
pooled_to_known,unrestricted_lam,pooled,program_3,hypoxia_stress,50,10,50,0,0.0,0.0,1.0,False
pooled_to_known,unrestricted_lam,pooled,program_3,hypoxia_stress,100,10,50,0,0.0,0.0,1.0,False
donor_to_known,broad_lam_like,LAM1,program_1,hypoxia_stress,25,10,25,0,0.0,,,
donor_to_known,broad_lam_like,LAM1,program_1,hypoxia_stress,50,10,50,0,0.0,,,
donor_to_known,broad_lam_like,LAM1,program_1,hypoxia_stress,100,10,50,0,0.0,,,
donor_to_known,broad_lam_like,LAM1,program_2,hypoxia_stress,25,10,25,1,0.029411764705882353,,,
donor_to_known,broad_lam_like,LAM1,program_2,hypoxia_stress,50,10,50,1,0.01694915254237288,,,
donor_to_known,broad_lam_like,LAM1,program_2,hypoxia_stress,100,10,50,1,0.01694915254237288,,,
donor_to_known,broad_lam_like,LAM1,program_3,hypoxia_stress,25,10,25,0,0.0,,,
donor_to_known,broad_lam_like,LAM1,program_3,hypoxia_stress,50,10,50,0,0.0,,,
donor_to_known,broad_lam_like,LAM1,program_3,hypoxia_stress,100,10,50,0,0.0,,,
donor_to_known,broad_lam_like,LAM2,program_1,hypoxia_stress,25,10,25,2,0.06060606060606061,,,
donor_to_known,broad_lam_like,LAM2,program_1,hypoxia_stress,50,10,50,4,0.07142857142857142,,,
donor_to_known,broad_lam_like,LAM2,program_1,hypoxia_stress,100,10,50,4,0.07142857142857142,,,
donor_to_known,broad_lam_like,LAM2,program_2,hypoxia_stress,25,10,25,1,0.029411764705882353,,,
donor_to_known,broad_lam_like,LAM2,program_2,hypoxia_stress,50,10,50,1,0.01694915254237288,,,
donor_to_known,broad_lam_like,LAM2,program_2,hypoxia_stress,100,10,50,1,0.01694915254237288,,,
donor_to_known,broad_lam_like,LAM2,program_3,hypoxia_stress,25,10,25,0,0.0,,,
donor_to_known,broad_lam_like,LAM2,program_3,hypoxia_stress,50,10,50,2,0.034482758620689655,,,
donor_to_known,broad_lam_like,LAM2,program_3,hypoxia_stress,100,10,50,2,0.034482758620689655,,,
donor_to_known,broad_lam_like,LAM3,program_1,hypoxia_stress,25,10,25,0,0.0,,,
donor_to_known,broad_lam_like,LAM3,program_1,hypoxia_stress,50,10,50,0,0.0,,,
donor_to_known,broad_lam_like,LAM3,program_1,hypoxia_stress,100,10,50,0,0.0,,,
donor_to_known,broad_lam_like,LAM3,program_2,hypoxia_stress,25,10,25,0,0.0,,,
donor_to_known,broad_lam_like,LAM3,program_2,hypoxia_stress,50,10,50,0,0.0,,,
donor_to_known,broad_lam_like,LAM3,program_2,hypoxia_stress,100,10,50,0,0.0,,,
donor_to_known,broad_lam_like,LAM3,program_3,hypoxia_stress,25,10,25,0,0.0,,,
donor_to_known,broad_lam_like,LAM3,program_3,hypoxia_stress,50,10,50,1,0.01694915254237288,,,
donor_to_known,broad_lam_like,LAM3,program_3,hypoxia_stress,100,10,50,1,0.01694915254237288,,,
donor_to_known,broad_lam_like,LAM4,program_1,hypoxia_stress,25,10,25,0,0.0,,,
donor_to_known,broad_lam_like,LAM4,program_1,hypoxia_stress,50,10,50,0,0.0,,,
donor_to_known,broad_lam_like,LAM4,program_1,hypoxia_stress,100,10,50,0,0.0,,,
donor_to_known,broad_lam_like,LAM4,program_2,hypoxia_stress,25,10,25,0,0.0,,,
donor_to_known,broad_lam_like,LAM4,program_2,hypoxia_stress,50,10,50,0,0.0,,,
donor_to_known,broad_lam_like,LAM4,program_2,hypoxia_stress,100,10,50,0,0.0,,,
donor_to_known,broad_lam_like,LAM4,program_3,hypoxia_stress,25,10,25,2,0.06060606060606061,,,
donor_to_known,broad_lam_like,LAM4,program_3,hypoxia_stress,50,10,50,3,0.05263157894736842,,,
donor_to_known,broad_lam_like,LAM4,program_3,hypoxia_stress,100,10,50,3,0.05263157894736842,,,
donor_to_known,high_confidence,LAM1,program_1,hypoxia_stress,25,10,25,0,0.0,,,
donor_to_known,high_confidence,LAM1,program_1,hypoxia_stress,50,10,50,0,0.0,,,
donor_to_known,high_confidence,LAM1,program_1,hypoxia_stress,100,10,50,0,0.0,,,
donor_to_known,high_confidence,LAM1,program_2,hypoxia_stress,25,10,25,0,0.0,,,
donor_to_known,high_confidence,LAM1,program_2,hypoxia_stress,50,10,50,0,0.0,,,
donor_to_known,high_confidence,LAM1,program_2,hypoxia_stress,100,10,50,0,0.0,,,
donor_to_known,high_confidence,LAM1,program_3,hypoxia_stress,25,10,25,2,0.06060606060606061,,,
donor_to_known,high_confidence,LAM1,program_3,hypoxia_stress,50,10,50,3,0.05263157894736842,,,
donor_to_known,high_confidence,LAM1,program_3,hypoxia_stress,100,10,50,3,0.05263157894736842,,,
donor_to_known,high_confidence,LAM2,program_1,hypoxia_stress,25,10,25,0,0.0,,,
donor_to_known,high_confidence,LAM2,program_1,hypoxia_stress,50,10,50,2,0.034482758620689655,,,
donor_to_known,high_confidence,LAM2,program_1,hypoxia_stress,100,10,50,2,0.034482758620689655,,,
donor_to_known,high_confidence,LAM2,program_2,hypoxia_stress,25,10,25,0,0.0,,,
donor_to_known,high_confidence,LAM2,program_2,hypoxia_stress,50,10,50,0,0.0,,,
donor_to_known,high_confidence,LAM2,program_2,hypoxia_stress,100,10,50,0,0.0,,,
donor_to_known,high_confidence,LAM2,program_3,hypoxia_stress,25,10,25,0,0.0,,,
donor_to_known,high_confidence,LAM2,program_3,hypoxia_stress,50,10,50,2,0.034482758620689655,,,
donor_to_known,high_confidence,LAM2,program_3,hypoxia_stress,100,10,50,2,0.034482758620689655,,,
donor_to_known,high_confidence,LAM3,program_1,hypoxia_stress,25,10,25,1,0.029411764705882353,,,
donor_to_known,high_confidence,LAM3,program_1,hypoxia_stress,50,10,50,1,0.01694915254237288,,,
donor_to_known,high_confidence,LAM3,program_1,hypoxia_stress,100,10,50,1,0.01694915254237288,,,
donor_to_known,high_confidence,LAM3,program_2,hypoxia_stress,25,10,25,0,0.0,,,
donor_to_known,high_confidence,LAM3,program_2,hypoxia_stress,50,10,50,1,0.01694915254237288,,,
donor_to_known,high_confidence,LAM3,program_2,hypoxia_stress,100,10,50,1,0.01694915254237288,,,
donor_to_known,high_confidence,LAM3,program_3,hypoxia_stress,25,10,25,0,0.0,,,
donor_to_known,high_confidence,LAM3,program_3,hypoxia_stress,50,10,50,1,0.01694915254237288,,,
donor_to_known,high_confidence,LAM3,program_3,hypoxia_stress,100,10,50,1,0.01694915254237288,,,
donor_to_known,high_confidence,LAM4,program_1,hypoxia_stress,25,10,25,0,0.0,,,
donor_to_known,high_confidence,LAM4,program_1,hypoxia_stress,50,10,50,1,0.01694915254237288,,,
donor_to_known,high_confidence,LAM4,program_1,hypoxia_stress,100,10,50,1,0.01694915254237288,,,
donor_to_known,high_confidence,LAM4,program_2,hypoxia_stress,25,10,25,0,0.0,,,
donor_to_known,high_confidence,LAM4,program_2,hypoxia_stress,50,10,50,1,0.01694915254237288,,,
donor_to_known,high_confidence,LAM4,program_2,hypoxia_stress,100,10,50,1,0.01694915254237288,,,
donor_to_known,high_confidence,LAM4,program_3,hypoxia_stress,25,10,25,1,0.029411764705882353,,,
donor_to_known,high_confidence,LAM4,program_3,hypoxia_stress,50,10,50,1,0.01694915254237288,,,
donor_to_known,high_confidence,LAM4,program_3,hypoxia_stress,100,10,50,1,0.01694915254237288,,,
donor_to_known,unrestricted_lam,LAM1,program_1,hypoxia_stress,25,10,25,0,0.0,,,
donor_to_known,unrestricted_lam,LAM1,program_1,hypoxia_stress,50,10,50,0,0.0,,,
donor_to_known,unrestricted_lam,LAM1,program_1,hypoxia_stress,100,10,50,0,0.0,,,
donor_to_known,unrestricted_lam,LAM1,program_2,hypoxia_stress,25,10,25,1,0.029411764705882353,,,
donor_to_known,unrestricted_lam,LAM1,program_2,hypoxia_stress,50,10,50,1,0.01694915254237288,,,
donor_to_known,unrestricted_lam,LAM1,program_2,hypoxia_stress,100,10,50,1,0.01694915254237288,,,
donor_to_known,unrestricted_lam,LAM1,program_3,hypoxia_stress,25,10,25,1,0.029411764705882353,,,
donor_to_known,unrestricted_lam,LAM1,program_3,hypoxia_stress,50,10,50,1,0.01694915254237288,,,
donor_to_known,unrestricted_lam,LAM1,program_3,hypoxia_stress,100,10,50,1,0.01694915254237288,,,
donor_to_known,unrestricted_lam,LAM2,program_1,hypoxia_stress,25,10,25,0,0.0,,,
donor_to_known,unrestricted_lam,LAM2,program_1,hypoxia_stress,50,10,50,0,0.0,,,
donor_to_known,unrestricted_lam,LAM2,program_1,hypoxia_stress,100,10,50,0,0.0,,,
donor_to_known,unrestricted_lam,LAM2,program_2,hypoxia_stress,25,10,25,0,0.0,,,
donor_to_known,unrestricted_lam,LAM2,program_2,hypoxia_stress,50,10,50,0,0.0,,,
donor_to_known,unrestricted_lam,LAM2,program_2,hypoxia_stress,100,10,50,0,0.0,,,
donor_to_known,unrestricted_lam,LAM2,program_3,hypoxia_stress,25,10,25,0,0.0,,,
donor_to_known,unrestricted_lam,LAM2,program_3,hypoxia_stress,50,10,50,2,0.034482758620689655,,,
donor_to_known,unrestricted_lam,LAM2,program_3,hypoxia_stress,100,10,50,2,0.034482758620689655,,,
donor_to_known,unrestricted_lam,LAM3,program_1,hypoxia_stress,25,10,25,2,0.06060606060606061,,,
donor_to_known,unrestricted_lam,LAM3,program_1,hypoxia_stress,50,10,50,2,0.034482758620689655,,,
donor_to_known,unrestricted_lam,LAM3,program_1,hypoxia_stress,100,10,50,2,0.034482758620689655,,,
donor_to_known,unrestricted_lam,LAM3,program_2,hypoxia_stress,25,10,25,1,0.029411764705882353,,,
donor_to_known,unrestricted_lam,LAM3,program_2,hypoxia_stress,50,10,50,2,0.034482758620689655,,,
donor_to_known,unrestricted_lam,LAM3,program_2,hypoxia_stress,100,10,50,2,0.034482758620689655,,,
donor_to_known,unrestricted_lam,LAM3,program_3,hypoxia_stress,25,10,25,3,0.09375,,,
donor_to_known,unrestricted_lam,LAM3,program_3,hypoxia_stress,50,10,50,3,0.05263157894736842,,,
donor_to_known,unrestricted_lam,LAM3,program_3,hypoxia_stress,100,10,50,3,0.05263157894736842,,,
donor_to_known,unrestricted_lam,LAM4,program_1,hypoxia_stress,25,10,25,0,0.0,,,
donor_to_known,unrestricted_lam,LAM4,program_1,hypoxia_stress,50,10,50,0,0.0,,,
donor_to_known,unrestricted_lam,LAM4,program_1,hypoxia_stress,100,10,50,0,0.0,,,
donor_to_known,unrestricted_lam,LAM4,program_2,hypoxia_stress,25,10,25,3,0.09375,,,
donor_to_known,unrestricted_lam,LAM4,program_2,hypoxia_stress,50,10,50,3,0.05263157894736842,,,
donor_to_known,unrestricted_lam,LAM4,program_2,hypoxia_stress,100,10,50,3,0.05263157894736842,,,
donor_to_known,unrestricted_lam,LAM4,program_3,hypoxia_stress,25,10,25,0,0.0,,,
donor_to_known,unrestricted_lam,LAM4,program_3,hypoxia_stress,50,10,50,0,0.0,,,
donor_to_known,unrestricted_lam,LAM4,program_3,hypoxia_stress,100,10,50,0,0.0,,,
pooled_to_known,broad_lam_like,pooled,program_1,cell_cycle,25,8,25,0,0.0,0.0,1.0,False
pooled_to_known,broad_lam_like,pooled,program_1,cell_cycle,50,8,50,0,0.0,0.0,1.0,False
pooled_to_known,broad_lam_like,pooled,program_1,cell_cycle,100,8,50,0,0.0,0.0,1.0,False
pooled_to_known,broad_lam_like,pooled,program_2,cell_cycle,25,8,25,1,0.03125,0.0,0.01,True
pooled_to_known,broad_lam_like,pooled,program_2,cell_cycle,50,8,50,1,0.017543859649122806,0.0,0.002,True
pooled_to_known,broad_lam_like,pooled,program_2,cell_cycle,100,8,50,1,0.017543859649122806,0.0,0.002,True
pooled_to_known,broad_lam_like,pooled,program_3,cell_cycle,25,8,25,0,0.0,0.0,1.0,False
pooled_to_known,broad_lam_like,pooled,program_3,cell_cycle,50,8,50,1,0.017543859649122806,0.0,0.002,True
pooled_to_known,broad_lam_like,pooled,program_3,cell_cycle,100,8,50,1,0.017543859649122806,0.0,0.002,True
pooled_to_known,high_confidence,pooled,program_1,cell_cycle,25,8,25,1,0.03125,0.0,0.01,True
pooled_to_known,high_confidence,pooled,program_1,cell_cycle,50,8,50,2,0.03571428571428571,0.0,0.0,True
pooled_to_known,high_confidence,pooled,program_1,cell_cycle,100,8,50,2,0.03571428571428571,0.0,0.0,True
pooled_to_known,high_confidence,pooled,program_2,cell_cycle,25,8,25,1,0.03125,0.0,0.01,True
pooled_to_known,high_confidence,pooled,program_2,cell_cycle,50,8,50,1,0.017543859649122806,0.0,0.002,True
pooled_to_known,high_confidence,pooled,program_2,cell_cycle,100,8,50,1,0.017543859649122806,0.0,0.002,True
pooled_to_known,high_confidence,pooled,program_3,cell_cycle,25,8,25,1,0.03125,0.0,0.01,True
pooled_to_known,high_confidence,pooled,program_3,cell_cycle,50,8,50,1,0.017543859649122806,0.0,0.002,True
pooled_to_known,high_confidence,pooled,program_3,cell_cycle,100,8,50,1,0.017543859649122806,0.0,0.002,True
pooled_to_known,unrestricted_lam,pooled,program_1,cell_cycle,25,8,25,0,0.0,0.0,1.0,False
pooled_to_known,unrestricted_lam,pooled,program_1,cell_cycle,50,8,50,1,0.017543859649122806,0.0,0.002,True
pooled_to_known,unrestricted_lam,pooled,program_1,cell_cycle,100,8,50,1,0.017543859649122806,0.0,0.002,True
pooled_to_known,unrestricted_lam,pooled,program_2,cell_cycle,25,8,25,0,0.0,0.0,1.0,False
pooled_to_known,unrestricted_lam,pooled,program_2,cell_cycle,50,8,50,1,0.017543859649122806,0.0,0.002,True
pooled_to_known,unrestricted_lam,pooled,program_2,cell_cycle,100,8,50,1,0.017543859649122806,0.0,0.002,True
pooled_to_known,unrestricted_lam,pooled,program_3,cell_cycle,25,8,25,0,0.0,0.0,1.0,False
pooled_to_known,unrestricted_lam,pooled,program_3,cell_cycle,50,8,50,0,0.0,0.0,1.0,False
pooled_to_known,unrestricted_lam,pooled,program_3,cell_cycle,100,8,50,0,0.0,0.0,1.0,False
donor_to_known,broad_lam_like,LAM1,program_1,cell_cycle,25,8,25,2,0.06451612903225806,,,
donor_to_known,broad_lam_like,LAM1,program_1,cell_cycle,50,8,50,3,0.05454545454545454,,,
donor_to_known,broad_lam_like,LAM1,program_1,cell_cycle,100,8,50,3,0.05454545454545454,,,
donor_to_known,broad_lam_like,LAM1,program_2,cell_cycle,25,8,25,1,0.03125,,,
donor_to_known,broad_lam_like,LAM1,program_2,cell_cycle,50,8,50,2,0.03571428571428571,,,
donor_to_known,broad_lam_like,LAM1,program_2,cell_cycle,100,8,50,2,0.03571428571428571,,,
donor_to_known,broad_lam_like,LAM1,program_3,cell_cycle,25,8,25,1,0.03125,,,
donor_to_known,broad_lam_like,LAM1,program_3,cell_cycle,50,8,50,1,0.017543859649122806,,,
donor_to_known,broad_lam_like,LAM1,program_3,cell_cycle,100,8,50,1,0.017543859649122806,,,
donor_to_known,broad_lam_like,LAM2,program_1,cell_cycle,25,8,25,0,0.0,,,
donor_to_known,broad_lam_like,LAM2,program_1,cell_cycle,50,8,50,0,0.0,,,
donor_to_known,broad_lam_like,LAM2,program_1,cell_cycle,100,8,50,0,0.0,,,
donor_to_known,broad_lam_like,LAM2,program_2,cell_cycle,25,8,25,0,0.0,,,
donor_to_known,broad_lam_like,LAM2,program_2,cell_cycle,50,8,50,0,0.0,,,
donor_to_known,broad_lam_like,LAM2,program_2,cell_cycle,100,8,50,0,0.0,,,
donor_to_known,broad_lam_like,LAM2,program_3,cell_cycle,25,8,25,0,0.0,,,
donor_to_known,broad_lam_like,LAM2,program_3,cell_cycle,50,8,50,0,0.0,,,
donor_to_known,broad_lam_like,LAM2,program_3,cell_cycle,100,8,50,0,0.0,,,
donor_to_known,broad_lam_like,LAM3,program_1,cell_cycle,25,8,25,1,0.03125,,,
donor_to_known,broad_lam_like,LAM3,program_1,cell_cycle,50,8,50,1,0.017543859649122806,,,
donor_to_known,broad_lam_like,LAM3,program_1,cell_cycle,100,8,50,1,0.017543859649122806,,,
donor_to_known,broad_lam_like,LAM3,program_2,cell_cycle,25,8,25,1,0.03125,,,
donor_to_known,broad_lam_like,LAM3,program_2,cell_cycle,50,8,50,1,0.017543859649122806,,,
donor_to_known,broad_lam_like,LAM3,program_2,cell_cycle,100,8,50,1,0.017543859649122806,,,
donor_to_known,broad_lam_like,LAM3,program_3,cell_cycle,25,8,25,2,0.06451612903225806,,,
donor_to_known,broad_lam_like,LAM3,program_3,cell_cycle,50,8,50,4,0.07407407407407407,,,
donor_to_known,broad_lam_like,LAM3,program_3,cell_cycle,100,8,50,4,0.07407407407407407,,,
donor_to_known,broad_lam_like,LAM4,program_1,cell_cycle,25,8,25,0,0.0,,,
donor_to_known,broad_lam_like,LAM4,program_1,cell_cycle,50,8,50,0,0.0,,,
donor_to_known,broad_lam_like,LAM4,program_1,cell_cycle,100,8,50,0,0.0,,,
donor_to_known,broad_lam_like,LAM4,program_2,cell_cycle,25,8,25,1,0.03125,,,
donor_to_known,broad_lam_like,LAM4,program_2,cell_cycle,50,8,50,1,0.017543859649122806,,,
donor_to_known,broad_lam_like,LAM4,program_2,cell_cycle,100,8,50,1,0.017543859649122806,,,
donor_to_known,broad_lam_like,LAM4,program_3,cell_cycle,25,8,25,0,0.0,,,
donor_to_known,broad_lam_like,LAM4,program_3,cell_cycle,50,8,50,0,0.0,,,
donor_to_known,broad_lam_like,LAM4,program_3,cell_cycle,100,8,50,0,0.0,,,
donor_to_known,high_confidence,LAM1,program_1,cell_cycle,25,8,25,0,0.0,,,
donor_to_known,high_confidence,LAM1,program_1,cell_cycle,50,8,50,1,0.017543859649122806,,,
donor_to_known,high_confidence,LAM1,program_1,cell_cycle,100,8,50,1,0.017543859649122806,,,
donor_to_known,high_confidence,LAM1,program_2,cell_cycle,25,8,25,0,0.0,,,
donor_to_known,high_confidence,LAM1,program_2,cell_cycle,50,8,50,0,0.0,,,
donor_to_known,high_confidence,LAM1,program_2,cell_cycle,100,8,50,0,0.0,,,
donor_to_known,high_confidence,LAM1,program_3,cell_cycle,25,8,25,0,0.0,,,
donor_to_known,high_confidence,LAM1,program_3,cell_cycle,50,8,50,1,0.017543859649122806,,,
donor_to_known,high_confidence,LAM1,program_3,cell_cycle,100,8,50,1,0.017543859649122806,,,
donor_to_known,high_confidence,LAM2,program_1,cell_cycle,25,8,25,0,0.0,,,
donor_to_known,high_confidence,LAM2,program_1,cell_cycle,50,8,50,0,0.0,,,
donor_to_known,high_confidence,LAM2,program_1,cell_cycle,100,8,50,0,0.0,,,
donor_to_known,high_confidence,LAM2,program_2,cell_cycle,25,8,25,0,0.0,,,
donor_to_known,high_confidence,LAM2,program_2,cell_cycle,50,8,50,0,0.0,,,
donor_to_known,high_confidence,LAM2,program_2,cell_cycle,100,8,50,0,0.0,,,
donor_to_known,high_confidence,LAM2,program_3,cell_cycle,25,8,25,0,0.0,,,
donor_to_known,high_confidence,LAM2,program_3,cell_cycle,50,8,50,0,0.0,,,
donor_to_known,high_confidence,LAM2,program_3,cell_cycle,100,8,50,0,0.0,,,
donor_to_known,high_confidence,LAM3,program_1,cell_cycle,25,8,25,2,0.06451612903225806,,,
donor_to_known,high_confidence,LAM3,program_1,cell_cycle,50,8,50,2,0.03571428571428571,,,
donor_to_known,high_confidence,LAM3,program_1,cell_cycle,100,8,50,2,0.03571428571428571,,,
donor_to_known,high_confidence,LAM3,program_2,cell_cycle,25,8,25,3,0.1,,,
donor_to_known,high_confidence,LAM3,program_2,cell_cycle,50,8,50,4,0.07407407407407407,,,
donor_to_known,high_confidence,LAM3,program_2,cell_cycle,100,8,50,4,0.07407407407407407,,,
donor_to_known,high_confidence,LAM3,program_3,cell_cycle,25,8,25,2,0.06451612903225806,,,
donor_to_known,high_confidence,LAM3,program_3,cell_cycle,50,8,50,2,0.03571428571428571,,,
donor_to_known,high_confidence,LAM3,program_3,cell_cycle,100,8,50,2,0.03571428571428571,,,
donor_to_known,high_confidence,LAM4,program_1,cell_cycle,25,8,25,1,0.03125,,,
donor_to_known,high_confidence,LAM4,program_1,cell_cycle,50,8,50,1,0.017543859649122806,,,
donor_to_known,high_confidence,LAM4,program_1,cell_cycle,100,8,50,1,0.017543859649122806,,,
donor_to_known,high_confidence,LAM4,program_2,cell_cycle,25,8,25,0,0.0,,,
donor_to_known,high_confidence,LAM4,program_2,cell_cycle,50,8,50,1,0.017543859649122806,,,
donor_to_known,high_confidence,LAM4,program_2,cell_cycle,100,8,50,1,0.017543859649122806,,,
donor_to_known,high_confidence,LAM4,program_3,cell_cycle,25,8,25,0,0.0,,,
donor_to_known,high_confidence,LAM4,program_3,cell_cycle,50,8,50,1,0.017543859649122806,,,
donor_to_known,high_confidence,LAM4,program_3,cell_cycle,100,8,50,1,0.017543859649122806,,,
donor_to_known,unrestricted_lam,LAM1,program_1,cell_cycle,25,8,25,1,0.03125,,,
donor_to_known,unrestricted_lam,LAM1,program_1,cell_cycle,50,8,50,2,0.03571428571428571,,,
donor_to_known,unrestricted_lam,LAM1,program_1,cell_cycle,100,8,50,2,0.03571428571428571,,,
donor_to_known,unrestricted_lam,LAM1,program_2,cell_cycle,25,8,25,1,0.03125,,,
donor_to_known,unrestricted_lam,LAM1,program_2,cell_cycle,50,8,50,1,0.017543859649122806,,,
donor_to_known,unrestricted_lam,LAM1,program_2,cell_cycle,100,8,50,1,0.017543859649122806,,,
donor_to_known,unrestricted_lam,LAM1,program_3,cell_cycle,25,8,25,1,0.03125,,,
donor_to_known,unrestricted_lam,LAM1,program_3,cell_cycle,50,8,50,2,0.03571428571428571,,,
donor_to_known,unrestricted_lam,LAM1,program_3,cell_cycle,100,8,50,2,0.03571428571428571,,,
donor_to_known,unrestricted_lam,LAM2,program_1,cell_cycle,25,8,25,0,0.0,,,
donor_to_known,unrestricted_lam,LAM2,program_1,cell_cycle,50,8,50,0,0.0,,,
donor_to_known,unrestricted_lam,LAM2,program_1,cell_cycle,100,8,50,0,0.0,,,
donor_to_known,unrestricted_lam,LAM2,program_2,cell_cycle,25,8,25,1,0.03125,,,
donor_to_known,unrestricted_lam,LAM2,program_2,cell_cycle,50,8,50,1,0.017543859649122806,,,
donor_to_known,unrestricted_lam,LAM2,program_2,cell_cycle,100,8,50,1,0.017543859649122806,,,
donor_to_known,unrestricted_lam,LAM2,program_3,cell_cycle,25,8,25,0,0.0,,,
donor_to_known,unrestricted_lam,LAM2,program_3,cell_cycle,50,8,50,1,0.017543859649122806,,,
donor_to_known,unrestricted_lam,LAM2,program_3,cell_cycle,100,8,50,1,0.017543859649122806,,,
donor_to_known,unrestricted_lam,LAM3,program_1,cell_cycle,25,8,25,0,0.0,,,
donor_to_known,unrestricted_lam,LAM3,program_1,cell_cycle,50,8,50,0,0.0,,,
donor_to_known,unrestricted_lam,LAM3,program_1,cell_cycle,100,8,50,0,0.0,,,
donor_to_known,unrestricted_lam,LAM3,program_2,cell_cycle,25,8,25,0,0.0,,,
donor_to_known,unrestricted_lam,LAM3,program_2,cell_cycle,50,8,50,0,0.0,,,
donor_to_known,unrestricted_lam,LAM3,program_2,cell_cycle,100,8,50,0,0.0,,,
donor_to_known,unrestricted_lam,LAM3,program_3,cell_cycle,25,8,25,0,0.0,,,
donor_to_known,unrestricted_lam,LAM3,program_3,cell_cycle,50,8,50,0,0.0,,,
donor_to_known,unrestricted_lam,LAM3,program_3,cell_cycle,100,8,50,0,0.0,,,
donor_to_known,unrestricted_lam,LAM4,program_1,cell_cycle,25,8,25,0,0.0,,,
donor_to_known,unrestricted_lam,LAM4,program_1,cell_cycle,50,8,50,0,0.0,,,
donor_to_known,unrestricted_lam,LAM4,program_1,cell_cycle,100,8,50,0,0.0,,,
donor_to_known,unrestricted_lam,LAM4,program_2,cell_cycle,25,8,25,0,0.0,,,
donor_to_known,unrestricted_lam,LAM4,program_2,cell_cycle,50,8,50,0,0.0,,,
donor_to_known,unrestricted_lam,LAM4,program_2,cell_cycle,100,8,50,0,0.0,,,
donor_to_known,unrestricted_lam,LAM4,program_3,cell_cycle,25,8,25,0,0.0,,,
donor_to_known,unrestricted_lam,LAM4,program_3,cell_cycle,50,8,50,0,0.0,,,
donor_to_known,unrestricted_lam,LAM4,program_3,cell_cycle,100,8,50,0,0.0,,,
pooled_to_known,broad_lam_like,pooled,program_1,biomarker_VEGFD_PMEL_CCL14_MMP8,25,4,25,0,0.0,0.0,1.0,False
pooled_to_known,broad_lam_like,pooled,program_1,biomarker_VEGFD_PMEL_CCL14_MMP8,50,4,50,0,0.0,0.0,1.0,False
pooled_to_known,broad_lam_like,pooled,program_1,biomarker_VEGFD_PMEL_CCL14_MMP8,100,4,50,0,0.0,0.0,1.0,False
pooled_to_known,broad_lam_like,pooled,program_2,biomarker_VEGFD_PMEL_CCL14_MMP8,25,4,25,0,0.0,0.0,1.0,False
pooled_to_known,broad_lam_like,pooled,program_2,biomarker_VEGFD_PMEL_CCL14_MMP8,50,4,50,0,0.0,0.0,1.0,False
pooled_to_known,broad_lam_like,pooled,program_2,biomarker_VEGFD_PMEL_CCL14_MMP8,100,4,50,0,0.0,0.0,1.0,False
pooled_to_known,broad_lam_like,pooled,program_3,biomarker_VEGFD_PMEL_CCL14_MMP8,25,4,25,0,0.0,0.0,1.0,False
pooled_to_known,broad_lam_like,pooled,program_3,biomarker_VEGFD_PMEL_CCL14_MMP8,50,4,50,0,0.0,0.0,1.0,False
pooled_to_known,broad_lam_like,pooled,program_3,biomarker_VEGFD_PMEL_CCL14_MMP8,100,4,50,0,0.0,0.0,1.0,False
pooled_to_known,high_confidence,pooled,program_1,biomarker_VEGFD_PMEL_CCL14_MMP8,25,4,25,0,0.0,0.0,1.0,False
pooled_to_known,high_confidence,pooled,program_1,biomarker_VEGFD_PMEL_CCL14_MMP8,50,4,50,1,0.018867924528301886,0.0,0.006,True
pooled_to_known,high_confidence,pooled,program_1,biomarker_VEGFD_PMEL_CCL14_MMP8,100,4,50,1,0.018867924528301886,0.0,0.002,True
pooled_to_known,high_confidence,pooled,program_2,biomarker_VEGFD_PMEL_CCL14_MMP8,25,4,25,0,0.0,0.0,1.0,False
pooled_to_known,high_confidence,pooled,program_2,biomarker_VEGFD_PMEL_CCL14_MMP8,50,4,50,2,0.038461538461538464,0.0,0.0,True
pooled_to_known,high_confidence,pooled,program_2,biomarker_VEGFD_PMEL_CCL14_MMP8,100,4,50,2,0.038461538461538464,0.0,0.0,True
pooled_to_known,high_confidence,pooled,program_3,biomarker_VEGFD_PMEL_CCL14_MMP8,25,4,25,0,0.0,0.0,1.0,False
pooled_to_known,high_confidence,pooled,program_3,biomarker_VEGFD_PMEL_CCL14_MMP8,50,4,50,0,0.0,0.0,1.0,False
pooled_to_known,high_confidence,pooled,program_3,biomarker_VEGFD_PMEL_CCL14_MMP8,100,4,50,0,0.0,0.0,1.0,False
pooled_to_known,unrestricted_lam,pooled,program_1,biomarker_VEGFD_PMEL_CCL14_MMP8,25,4,25,0,0.0,0.0,1.0,False
pooled_to_known,unrestricted_lam,pooled,program_1,biomarker_VEGFD_PMEL_CCL14_MMP8,50,4,50,0,0.0,0.0,1.0,False
pooled_to_known,unrestricted_lam,pooled,program_1,biomarker_VEGFD_PMEL_CCL14_MMP8,100,4,50,0,0.0,0.0,1.0,False
pooled_to_known,unrestricted_lam,pooled,program_2,biomarker_VEGFD_PMEL_CCL14_MMP8,25,4,25,0,0.0,0.0,1.0,False
pooled_to_known,unrestricted_lam,pooled,program_2,biomarker_VEGFD_PMEL_CCL14_MMP8,50,4,50,0,0.0,0.0,1.0,False
pooled_to_known,unrestricted_lam,pooled,program_2,biomarker_VEGFD_PMEL_CCL14_MMP8,100,4,50,0,0.0,0.0,1.0,False
pooled_to_known,unrestricted_lam,pooled,program_3,biomarker_VEGFD_PMEL_CCL14_MMP8,25,4,25,0,0.0,0.0,1.0,False
pooled_to_known,unrestricted_lam,pooled,program_3,biomarker_VEGFD_PMEL_CCL14_MMP8,50,4,50,0,0.0,0.0,1.0,False
pooled_to_known,unrestricted_lam,pooled,program_3,biomarker_VEGFD_PMEL_CCL14_MMP8,100,4,50,0,0.0,0.0,1.0,False
donor_to_known,broad_lam_like,LAM1,program_1,biomarker_VEGFD_PMEL_CCL14_MMP8,25,4,25,0,0.0,,,
donor_to_known,broad_lam_like,LAM1,program_1,biomarker_VEGFD_PMEL_CCL14_MMP8,50,4,50,1,0.018867924528301886,,,
donor_to_known,broad_lam_like,LAM1,program_1,biomarker_VEGFD_PMEL_CCL14_MMP8,100,4,50,1,0.018867924528301886,,,
donor_to_known,broad_lam_like,LAM1,program_2,biomarker_VEGFD_PMEL_CCL14_MMP8,25,4,25,0,0.0,,,
donor_to_known,broad_lam_like,LAM1,program_2,biomarker_VEGFD_PMEL_CCL14_MMP8,50,4,50,1,0.018867924528301886,,,
donor_to_known,broad_lam_like,LAM1,program_2,biomarker_VEGFD_PMEL_CCL14_MMP8,100,4,50,1,0.018867924528301886,,,
donor_to_known,broad_lam_like,LAM1,program_3,biomarker_VEGFD_PMEL_CCL14_MMP8,25,4,25,0,0.0,,,
donor_to_known,broad_lam_like,LAM1,program_3,biomarker_VEGFD_PMEL_CCL14_MMP8,50,4,50,1,0.018867924528301886,,,
donor_to_known,broad_lam_like,LAM1,program_3,biomarker_VEGFD_PMEL_CCL14_MMP8,100,4,50,1,0.018867924528301886,,,
donor_to_known,broad_lam_like,LAM2,program_1,biomarker_VEGFD_PMEL_CCL14_MMP8,25,4,25,1,0.03571428571428571,,,
donor_to_known,broad_lam_like,LAM2,program_1,biomarker_VEGFD_PMEL_CCL14_MMP8,50,4,50,1,0.018867924528301886,,,
donor_to_known,broad_lam_like,LAM2,program_1,biomarker_VEGFD_PMEL_CCL14_MMP8,100,4,50,1,0.018867924528301886,,,
donor_to_known,broad_lam_like,LAM2,program_2,biomarker_VEGFD_PMEL_CCL14_MMP8,25,4,25,1,0.03571428571428571,,,
donor_to_known,broad_lam_like,LAM2,program_2,biomarker_VEGFD_PMEL_CCL14_MMP8,50,4,50,1,0.018867924528301886,,,
donor_to_known,broad_lam_like,LAM2,program_2,biomarker_VEGFD_PMEL_CCL14_MMP8,100,4,50,1,0.018867924528301886,,,
donor_to_known,broad_lam_like,LAM2,program_3,biomarker_VEGFD_PMEL_CCL14_MMP8,25,4,25,1,0.03571428571428571,,,
donor_to_known,broad_lam_like,LAM2,program_3,biomarker_VEGFD_PMEL_CCL14_MMP8,50,4,50,1,0.018867924528301886,,,
donor_to_known,broad_lam_like,LAM2,program_3,biomarker_VEGFD_PMEL_CCL14_MMP8,100,4,50,1,0.018867924528301886,,,
donor_to_known,broad_lam_like,LAM3,program_1,biomarker_VEGFD_PMEL_CCL14_MMP8,25,4,25,0,0.0,,,
donor_to_known,broad_lam_like,LAM3,program_1,biomarker_VEGFD_PMEL_CCL14_MMP8,50,4,50,0,0.0,,,
donor_to_known,broad_lam_like,LAM3,program_1,biomarker_VEGFD_PMEL_CCL14_MMP8,100,4,50,0,0.0,,,
donor_to_known,broad_lam_like,LAM3,program_2,biomarker_VEGFD_PMEL_CCL14_MMP8,25,4,25,0,0.0,,,
donor_to_known,broad_lam_like,LAM3,program_2,biomarker_VEGFD_PMEL_CCL14_MMP8,50,4,50,0,0.0,,,
donor_to_known,broad_lam_like,LAM3,program_2,biomarker_VEGFD_PMEL_CCL14_MMP8,100,4,50,0,0.0,,,
donor_to_known,broad_lam_like,LAM3,program_3,biomarker_VEGFD_PMEL_CCL14_MMP8,25,4,25,0,0.0,,,
donor_to_known,broad_lam_like,LAM3,program_3,biomarker_VEGFD_PMEL_CCL14_MMP8,50,4,50,0,0.0,,,
donor_to_known,broad_lam_like,LAM3,program_3,biomarker_VEGFD_PMEL_CCL14_MMP8,100,4,50,0,0.0,,,
donor_to_known,broad_lam_like,LAM4,program_1,biomarker_VEGFD_PMEL_CCL14_MMP8,25,4,25,0,0.0,,,
donor_to_known,broad_lam_like,LAM4,program_1,biomarker_VEGFD_PMEL_CCL14_MMP8,50,4,50,0,0.0,,,
donor_to_known,broad_lam_like,LAM4,program_1,biomarker_VEGFD_PMEL_CCL14_MMP8,100,4,50,0,0.0,,,
donor_to_known,broad_lam_like,LAM4,program_2,biomarker_VEGFD_PMEL_CCL14_MMP8,25,4,25,1,0.03571428571428571,,,
donor_to_known,broad_lam_like,LAM4,program_2,biomarker_VEGFD_PMEL_CCL14_MMP8,50,4,50,1,0.018867924528301886,,,
donor_to_known,broad_lam_like,LAM4,program_2,biomarker_VEGFD_PMEL_CCL14_MMP8,100,4,50,1,0.018867924528301886,,,
donor_to_known,broad_lam_like,LAM4,program_3,biomarker_VEGFD_PMEL_CCL14_MMP8,25,4,25,1,0.03571428571428571,,,
donor_to_known,broad_lam_like,LAM4,program_3,biomarker_VEGFD_PMEL_CCL14_MMP8,50,4,50,1,0.018867924528301886,,,
donor_to_known,broad_lam_like,LAM4,program_3,biomarker_VEGFD_PMEL_CCL14_MMP8,100,4,50,1,0.018867924528301886,,,
donor_to_known,high_confidence,LAM1,program_1,biomarker_VEGFD_PMEL_CCL14_MMP8,25,4,25,0,0.0,,,
donor_to_known,high_confidence,LAM1,program_1,biomarker_VEGFD_PMEL_CCL14_MMP8,50,4,50,0,0.0,,,
donor_to_known,high_confidence,LAM1,program_1,biomarker_VEGFD_PMEL_CCL14_MMP8,100,4,50,0,0.0,,,
donor_to_known,high_confidence,LAM1,program_2,biomarker_VEGFD_PMEL_CCL14_MMP8,25,4,25,1,0.03571428571428571,,,
donor_to_known,high_confidence,LAM1,program_2,biomarker_VEGFD_PMEL_CCL14_MMP8,50,4,50,2,0.038461538461538464,,,
donor_to_known,high_confidence,LAM1,program_2,biomarker_VEGFD_PMEL_CCL14_MMP8,100,4,50,2,0.038461538461538464,,,
donor_to_known,high_confidence,LAM1,program_3,biomarker_VEGFD_PMEL_CCL14_MMP8,25,4,25,0,0.0,,,
donor_to_known,high_confidence,LAM1,program_3,biomarker_VEGFD_PMEL_CCL14_MMP8,50,4,50,0,0.0,,,
donor_to_known,high_confidence,LAM1,program_3,biomarker_VEGFD_PMEL_CCL14_MMP8,100,4,50,0,0.0,,,
donor_to_known,high_confidence,LAM2,program_1,biomarker_VEGFD_PMEL_CCL14_MMP8,25,4,25,0,0.0,,,
donor_to_known,high_confidence,LAM2,program_1,biomarker_VEGFD_PMEL_CCL14_MMP8,50,4,50,1,0.018867924528301886,,,
donor_to_known,high_confidence,LAM2,program_1,biomarker_VEGFD_PMEL_CCL14_MMP8,100,4,50,1,0.018867924528301886,,,
donor_to_known,high_confidence,LAM2,program_2,biomarker_VEGFD_PMEL_CCL14_MMP8,25,4,25,0,0.0,,,
donor_to_known,high_confidence,LAM2,program_2,biomarker_VEGFD_PMEL_CCL14_MMP8,50,4,50,0,0.0,,,
donor_to_known,high_confidence,LAM2,program_2,biomarker_VEGFD_PMEL_CCL14_MMP8,100,4,50,0,0.0,,,
donor_to_known,high_confidence,LAM2,program_3,biomarker_VEGFD_PMEL_CCL14_MMP8,25,4,25,0,0.0,,,
donor_to_known,high_confidence,LAM2,program_3,biomarker_VEGFD_PMEL_CCL14_MMP8,50,4,50,1,0.018867924528301886,,,
donor_to_known,high_confidence,LAM2,program_3,biomarker_VEGFD_PMEL_CCL14_MMP8,100,4,50,1,0.018867924528301886,,,
donor_to_known,high_confidence,LAM3,program_1,biomarker_VEGFD_PMEL_CCL14_MMP8,25,4,25,0,0.0,,,
donor_to_known,high_confidence,LAM3,program_1,biomarker_VEGFD_PMEL_CCL14_MMP8,50,4,50,0,0.0,,,
donor_to_known,high_confidence,LAM3,program_1,biomarker_VEGFD_PMEL_CCL14_MMP8,100,4,50,0,0.0,,,
donor_to_known,high_confidence,LAM3,program_2,biomarker_VEGFD_PMEL_CCL14_MMP8,25,4,25,0,0.0,,,
donor_to_known,high_confidence,LAM3,program_2,biomarker_VEGFD_PMEL_CCL14_MMP8,50,4,50,0,0.0,,,
donor_to_known,high_confidence,LAM3,program_2,biomarker_VEGFD_PMEL_CCL14_MMP8,100,4,50,0,0.0,,,
donor_to_known,high_confidence,LAM3,program_3,biomarker_VEGFD_PMEL_CCL14_MMP8,25,4,25,1,0.03571428571428571,,,
donor_to_known,high_confidence,LAM3,program_3,biomarker_VEGFD_PMEL_CCL14_MMP8,50,4,50,2,0.038461538461538464,,,
donor_to_known,high_confidence,LAM3,program_3,biomarker_VEGFD_PMEL_CCL14_MMP8,100,4,50,2,0.038461538461538464,,,
donor_to_known,high_confidence,LAM4,program_1,biomarker_VEGFD_PMEL_CCL14_MMP8,25,4,25,0,0.0,,,
donor_to_known,high_confidence,LAM4,program_1,biomarker_VEGFD_PMEL_CCL14_MMP8,50,4,50,0,0.0,,,
donor_to_known,high_confidence,LAM4,program_1,biomarker_VEGFD_PMEL_CCL14_MMP8,100,4,50,0,0.0,,,
donor_to_known,high_confidence,LAM4,program_2,biomarker_VEGFD_PMEL_CCL14_MMP8,25,4,25,2,0.07407407407407407,,,
donor_to_known,high_confidence,LAM4,program_2,biomarker_VEGFD_PMEL_CCL14_MMP8,50,4,50,2,0.038461538461538464,,,
donor_to_known,high_confidence,LAM4,program_2,biomarker_VEGFD_PMEL_CCL14_MMP8,100,4,50,2,0.038461538461538464,,,
donor_to_known,high_confidence,LAM4,program_3,biomarker_VEGFD_PMEL_CCL14_MMP8,25,4,25,0,0.0,,,
donor_to_known,high_confidence,LAM4,program_3,biomarker_VEGFD_PMEL_CCL14_MMP8,50,4,50,1,0.018867924528301886,,,
donor_to_known,high_confidence,LAM4,program_3,biomarker_VEGFD_PMEL_CCL14_MMP8,100,4,50,1,0.018867924528301886,,,
donor_to_known,unrestricted_lam,LAM1,program_1,biomarker_VEGFD_PMEL_CCL14_MMP8,25,4,25,0,0.0,,,
donor_to_known,unrestricted_lam,LAM1,program_1,biomarker_VEGFD_PMEL_CCL14_MMP8,50,4,50,0,0.0,,,
donor_to_known,unrestricted_lam,LAM1,program_1,biomarker_VEGFD_PMEL_CCL14_MMP8,100,4,50,0,0.0,,,
donor_to_known,unrestricted_lam,LAM1,program_2,biomarker_VEGFD_PMEL_CCL14_MMP8,25,4,25,0,0.0,,,
donor_to_known,unrestricted_lam,LAM1,program_2,biomarker_VEGFD_PMEL_CCL14_MMP8,50,4,50,0,0.0,,,
donor_to_known,unrestricted_lam,LAM1,program_2,biomarker_VEGFD_PMEL_CCL14_MMP8,100,4,50,0,0.0,,,
donor_to_known,unrestricted_lam,LAM1,program_3,biomarker_VEGFD_PMEL_CCL14_MMP8,25,4,25,0,0.0,,,
donor_to_known,unrestricted_lam,LAM1,program_3,biomarker_VEGFD_PMEL_CCL14_MMP8,50,4,50,0,0.0,,,
donor_to_known,unrestricted_lam,LAM1,program_3,biomarker_VEGFD_PMEL_CCL14_MMP8,100,4,50,0,0.0,,,
donor_to_known,unrestricted_lam,LAM2,program_1,biomarker_VEGFD_PMEL_CCL14_MMP8,25,4,25,0,0.0,,,
donor_to_known,unrestricted_lam,LAM2,program_1,biomarker_VEGFD_PMEL_CCL14_MMP8,50,4,50,0,0.0,,,
donor_to_known,unrestricted_lam,LAM2,program_1,biomarker_VEGFD_PMEL_CCL14_MMP8,100,4,50,0,0.0,,,
donor_to_known,unrestricted_lam,LAM2,program_2,biomarker_VEGFD_PMEL_CCL14_MMP8,25,4,25,0,0.0,,,
donor_to_known,unrestricted_lam,LAM2,program_2,biomarker_VEGFD_PMEL_CCL14_MMP8,50,4,50,0,0.0,,,
donor_to_known,unrestricted_lam,LAM2,program_2,biomarker_VEGFD_PMEL_CCL14_MMP8,100,4,50,0,0.0,,,
donor_to_known,unrestricted_lam,LAM2,program_3,biomarker_VEGFD_PMEL_CCL14_MMP8,25,4,25,0,0.0,,,
donor_to_known,unrestricted_lam,LAM2,program_3,biomarker_VEGFD_PMEL_CCL14_MMP8,50,4,50,0,0.0,,,
donor_to_known,unrestricted_lam,LAM2,program_3,biomarker_VEGFD_PMEL_CCL14_MMP8,100,4,50,0,0.0,,,
donor_to_known,unrestricted_lam,LAM3,program_1,biomarker_VEGFD_PMEL_CCL14_MMP8,25,4,25,0,0.0,,,
donor_to_known,unrestricted_lam,LAM3,program_1,biomarker_VEGFD_PMEL_CCL14_MMP8,50,4,50,0,0.0,,,
donor_to_known,unrestricted_lam,LAM3,program_1,biomarker_VEGFD_PMEL_CCL14_MMP8,100,4,50,0,0.0,,,
donor_to_known,unrestricted_lam,LAM3,program_2,biomarker_VEGFD_PMEL_CCL14_MMP8,25,4,25,0,0.0,,,
donor_to_known,unrestricted_lam,LAM3,program_2,biomarker_VEGFD_PMEL_CCL14_MMP8,50,4,50,1,0.018867924528301886,,,
donor_to_known,unrestricted_lam,LAM3,program_2,biomarker_VEGFD_PMEL_CCL14_MMP8,100,4,50,1,0.018867924528301886,,,
donor_to_known,unrestricted_lam,LAM3,program_3,biomarker_VEGFD_PMEL_CCL14_MMP8,25,4,25,0,0.0,,,
donor_to_known,unrestricted_lam,LAM3,program_3,biomarker_VEGFD_PMEL_CCL14_MMP8,50,4,50,1,0.018867924528301886,,,
donor_to_known,unrestricted_lam,LAM3,program_3,biomarker_VEGFD_PMEL_CCL14_MMP8,100,4,50,1,0.018867924528301886,,,
donor_to_known,unrestricted_lam,LAM4,program_1,biomarker_VEGFD_PMEL_CCL14_MMP8,25,4,25,1,0.03571428571428571,,,
donor_to_known,unrestricted_lam,LAM4,program_1,biomarker_VEGFD_PMEL_CCL14_MMP8,50,4,50,1,0.018867924528301886,,,
donor_to_known,unrestricted_lam,LAM4,program_1,biomarker_VEGFD_PMEL_CCL14_MMP8,100,4,50,1,0.018867924528301886,,,
donor_to_known,unrestricted_lam,LAM4,program_2,biomarker_VEGFD_PMEL_CCL14_MMP8,25,4,25,1,0.03571428571428571,,,
donor_to_known,unrestricted_lam,LAM4,program_2,biomarker_VEGFD_PMEL_CCL14_MMP8,50,4,50,1,0.018867924528301886,,,
donor_to_known,unrestricted_lam,LAM4,program_2,biomarker_VEGFD_PMEL_CCL14_MMP8,100,4,50,1,0.018867924528301886,,,
donor_to_known,unrestricted_lam,LAM4,program_3,biomarker_VEGFD_PMEL_CCL14_MMP8,25,4,25,0,0.0,,,
donor_to_known,unrestricted_lam,LAM4,program_3,biomarker_VEGFD_PMEL_CCL14_MMP8,50,4,50,0,0.0,,,
donor_to_known,unrestricted_lam,LAM4,program_3,biomarker_VEGFD_PMEL_CCL14_MMP8,100,4,50,0,0.0,,,
pooled_to_known,broad_lam_like,pooled,program_1,lineage_uterine_smooth_muscle,25,8,25,1,0.03125,0.0,0.01,True
pooled_to_known,broad_lam_like,pooled,program_1,lineage_uterine_smooth_muscle,50,8,50,2,0.03571428571428571,0.0,0.0,True
pooled_to_known,broad_lam_like,pooled,program_1,lineage_uterine_smooth_muscle,100,8,50,2,0.03571428571428571,0.0,0.0,True
pooled_to_known,broad_lam_like,pooled,program_2,lineage_uterine_smooth_muscle,25,8,25,1,0.03125,0.0,0.01,True
pooled_to_known,broad_lam_like,pooled,program_2,lineage_uterine_smooth_muscle,50,8,50,1,0.017543859649122806,0.0,0.002,True
pooled_to_known,broad_lam_like,pooled,program_2,lineage_uterine_smooth_muscle,100,8,50,1,0.017543859649122806,0.0,0.002,True
pooled_to_known,broad_lam_like,pooled,program_3,lineage_uterine_smooth_muscle,25,8,25,1,0.03125,0.0,0.01,True
pooled_to_known,broad_lam_like,pooled,program_3,lineage_uterine_smooth_muscle,50,8,50,2,0.03571428571428571,0.0,0.0,True
pooled_to_known,broad_lam_like,pooled,program_3,lineage_uterine_smooth_muscle,100,8,50,2,0.03571428571428571,0.0,0.0,True
pooled_to_known,high_confidence,pooled,program_1,lineage_uterine_smooth_muscle,25,8,25,1,0.03125,0.0,0.01,True
pooled_to_known,high_confidence,pooled,program_1,lineage_uterine_smooth_muscle,50,8,50,3,0.05454545454545454,0.0,0.0,True
pooled_to_known,high_confidence,pooled,program_1,lineage_uterine_smooth_muscle,100,8,50,3,0.05454545454545454,0.0,0.0,True
pooled_to_known,high_confidence,pooled,program_2,lineage_uterine_smooth_muscle,25,8,25,1,0.03125,0.0,0.01,True
pooled_to_known,high_confidence,pooled,program_2,lineage_uterine_smooth_muscle,50,8,50,2,0.03571428571428571,0.0,0.0,True
pooled_to_known,high_confidence,pooled,program_2,lineage_uterine_smooth_muscle,100,8,50,2,0.03571428571428571,0.0,0.0,True
pooled_to_known,high_confidence,pooled,program_3,lineage_uterine_smooth_muscle,25,8,25,1,0.03125,0.0,0.01,True
pooled_to_known,high_confidence,pooled,program_3,lineage_uterine_smooth_muscle,50,8,50,1,0.017543859649122806,0.0,0.002,True
pooled_to_known,high_confidence,pooled,program_3,lineage_uterine_smooth_muscle,100,8,50,1,0.017543859649122806,0.0,0.002,True
pooled_to_known,unrestricted_lam,pooled,program_1,lineage_uterine_smooth_muscle,25,8,25,2,0.06451612903225806,0.0,0.0,True
pooled_to_known,unrestricted_lam,pooled,program_1,lineage_uterine_smooth_muscle,50,8,50,2,0.03571428571428571,0.0,0.0,True
pooled_to_known,unrestricted_lam,pooled,program_1,lineage_uterine_smooth_muscle,100,8,50,2,0.03571428571428571,0.0,0.0,True
pooled_to_known,unrestricted_lam,pooled,program_2,lineage_uterine_smooth_muscle,25,8,25,2,0.06451612903225806,0.0,0.0,True
pooled_to_known,unrestricted_lam,pooled,program_2,lineage_uterine_smooth_muscle,50,8,50,2,0.03571428571428571,0.0,0.0,True
pooled_to_known,unrestricted_lam,pooled,program_2,lineage_uterine_smooth_muscle,100,8,50,2,0.03571428571428571,0.0,0.0,True
pooled_to_known,unrestricted_lam,pooled,program_3,lineage_uterine_smooth_muscle,25,8,25,2,0.06451612903225806,0.0,0.0,True
pooled_to_known,unrestricted_lam,pooled,program_3,lineage_uterine_smooth_muscle,50,8,50,2,0.03571428571428571,0.0,0.0,True
pooled_to_known,unrestricted_lam,pooled,program_3,lineage_uterine_smooth_muscle,100,8,50,2,0.03571428571428571,0.0,0.0,True
donor_to_known,broad_lam_like,LAM1,program_1,lineage_uterine_smooth_muscle,25,8,25,1,0.03125,,,
donor_to_known,broad_lam_like,LAM1,program_1,lineage_uterine_smooth_muscle,50,8,50,2,0.03571428571428571,,,
donor_to_known,broad_lam_like,LAM1,program_1,lineage_uterine_smooth_muscle,100,8,50,2,0.03571428571428571,,,
donor_to_known,broad_lam_like,LAM1,program_2,lineage_uterine_smooth_muscle,25,8,25,1,0.03125,,,
donor_to_known,broad_lam_like,LAM1,program_2,lineage_uterine_smooth_muscle,50,8,50,1,0.017543859649122806,,,
donor_to_known,broad_lam_like,LAM1,program_2,lineage_uterine_smooth_muscle,100,8,50,1,0.017543859649122806,,,
donor_to_known,broad_lam_like,LAM1,program_3,lineage_uterine_smooth_muscle,25,8,25,1,0.03125,,,
donor_to_known,broad_lam_like,LAM1,program_3,lineage_uterine_smooth_muscle,50,8,50,2,0.03571428571428571,,,
donor_to_known,broad_lam_like,LAM1,program_3,lineage_uterine_smooth_muscle,100,8,50,2,0.03571428571428571,,,
donor_to_known,broad_lam_like,LAM2,program_1,lineage_uterine_smooth_muscle,25,8,25,2,0.06451612903225806,,,
donor_to_known,broad_lam_like,LAM2,program_1,lineage_uterine_smooth_muscle,50,8,50,4,0.07407407407407407,,,
donor_to_known,broad_lam_like,LAM2,program_1,lineage_uterine_smooth_muscle,100,8,50,4,0.07407407407407407,,,
donor_to_known,broad_lam_like,LAM2,program_2,lineage_uterine_smooth_muscle,25,8,25,2,0.06451612903225806,,,
donor_to_known,broad_lam_like,LAM2,program_2,lineage_uterine_smooth_muscle,50,8,50,2,0.03571428571428571,,,
donor_to_known,broad_lam_like,LAM2,program_2,lineage_uterine_smooth_muscle,100,8,50,2,0.03571428571428571,,,
donor_to_known,broad_lam_like,LAM2,program_3,lineage_uterine_smooth_muscle,25,8,25,2,0.06451612903225806,,,
donor_to_known,broad_lam_like,LAM2,program_3,lineage_uterine_smooth_muscle,50,8,50,3,0.05454545454545454,,,
donor_to_known,broad_lam_like,LAM2,program_3,lineage_uterine_smooth_muscle,100,8,50,3,0.05454545454545454,,,
donor_to_known,broad_lam_like,LAM3,program_1,lineage_uterine_smooth_muscle,25,8,25,0,0.0,,,
donor_to_known,broad_lam_like,LAM3,program_1,lineage_uterine_smooth_muscle,50,8,50,1,0.017543859649122806,,,
donor_to_known,broad_lam_like,LAM3,program_1,lineage_uterine_smooth_muscle,100,8,50,1,0.017543859649122806,,,
donor_to_known,broad_lam_like,LAM3,program_2,lineage_uterine_smooth_muscle,25,8,25,0,0.0,,,
donor_to_known,broad_lam_like,LAM3,program_2,lineage_uterine_smooth_muscle,50,8,50,0,0.0,,,
donor_to_known,broad_lam_like,LAM3,program_2,lineage_uterine_smooth_muscle,100,8,50,0,0.0,,,
donor_to_known,broad_lam_like,LAM3,program_3,lineage_uterine_smooth_muscle,25,8,25,2,0.06451612903225806,,,
donor_to_known,broad_lam_like,LAM3,program_3,lineage_uterine_smooth_muscle,50,8,50,3,0.05454545454545454,,,
donor_to_known,broad_lam_like,LAM3,program_3,lineage_uterine_smooth_muscle,100,8,50,3,0.05454545454545454,,,
donor_to_known,broad_lam_like,LAM4,program_1,lineage_uterine_smooth_muscle,25,8,25,0,0.0,,,
donor_to_known,broad_lam_like,LAM4,program_1,lineage_uterine_smooth_muscle,50,8,50,0,0.0,,,
donor_to_known,broad_lam_like,LAM4,program_1,lineage_uterine_smooth_muscle,100,8,50,0,0.0,,,
donor_to_known,broad_lam_like,LAM4,program_2,lineage_uterine_smooth_muscle,25,8,25,1,0.03125,,,
donor_to_known,broad_lam_like,LAM4,program_2,lineage_uterine_smooth_muscle,50,8,50,1,0.017543859649122806,,,
donor_to_known,broad_lam_like,LAM4,program_2,lineage_uterine_smooth_muscle,100,8,50,1,0.017543859649122806,,,
donor_to_known,broad_lam_like,LAM4,program_3,lineage_uterine_smooth_muscle,25,8,25,0,0.0,,,
donor_to_known,broad_lam_like,LAM4,program_3,lineage_uterine_smooth_muscle,50,8,50,1,0.017543859649122806,,,
donor_to_known,broad_lam_like,LAM4,program_3,lineage_uterine_smooth_muscle,100,8,50,1,0.017543859649122806,,,
donor_to_known,high_confidence,LAM1,program_1,lineage_uterine_smooth_muscle,25,8,25,1,0.03125,,,
donor_to_known,high_confidence,LAM1,program_1,lineage_uterine_smooth_muscle,50,8,50,1,0.017543859649122806,,,
donor_to_known,high_confidence,LAM1,program_1,lineage_uterine_smooth_muscle,100,8,50,1,0.017543859649122806,,,
donor_to_known,high_confidence,LAM1,program_2,lineage_uterine_smooth_muscle,25,8,25,0,0.0,,,
donor_to_known,high_confidence,LAM1,program_2,lineage_uterine_smooth_muscle,50,8,50,1,0.017543859649122806,,,
donor_to_known,high_confidence,LAM1,program_2,lineage_uterine_smooth_muscle,100,8,50,1,0.017543859649122806,,,
donor_to_known,high_confidence,LAM1,program_3,lineage_uterine_smooth_muscle,25,8,25,1,0.03125,,,
donor_to_known,high_confidence,LAM1,program_3,lineage_uterine_smooth_muscle,50,8,50,2,0.03571428571428571,,,
donor_to_known,high_confidence,LAM1,program_3,lineage_uterine_smooth_muscle,100,8,50,2,0.03571428571428571,,,
donor_to_known,high_confidence,LAM2,program_1,lineage_uterine_smooth_muscle,25,8,25,1,0.03125,,,
donor_to_known,high_confidence,LAM2,program_1,lineage_uterine_smooth_muscle,50,8,50,2,0.03571428571428571,,,
donor_to_known,high_confidence,LAM2,program_1,lineage_uterine_smooth_muscle,100,8,50,2,0.03571428571428571,,,
donor_to_known,high_confidence,LAM2,program_2,lineage_uterine_smooth_muscle,25,8,25,0,0.0,,,
donor_to_known,high_confidence,LAM2,program_2,lineage_uterine_smooth_muscle,50,8,50,1,0.017543859649122806,,,
donor_to_known,high_confidence,LAM2,program_2,lineage_uterine_smooth_muscle,100,8,50,1,0.017543859649122806,,,
donor_to_known,high_confidence,LAM2,program_3,lineage_uterine_smooth_muscle,25,8,25,0,0.0,,,
donor_to_known,high_confidence,LAM2,program_3,lineage_uterine_smooth_muscle,50,8,50,1,0.017543859649122806,,,
donor_to_known,high_confidence,LAM2,program_3,lineage_uterine_smooth_muscle,100,8,50,1,0.017543859649122806,,,
donor_to_known,high_confidence,LAM3,program_1,lineage_uterine_smooth_muscle,25,8,25,1,0.03125,,,
donor_to_known,high_confidence,LAM3,program_1,lineage_uterine_smooth_muscle,50,8,50,2,0.03571428571428571,,,
donor_to_known,high_confidence,LAM3,program_1,lineage_uterine_smooth_muscle,100,8,50,2,0.03571428571428571,,,
donor_to_known,high_confidence,LAM3,program_2,lineage_uterine_smooth_muscle,25,8,25,2,0.06451612903225806,,,
donor_to_known,high_confidence,LAM3,program_2,lineage_uterine_smooth_muscle,50,8,50,2,0.03571428571428571,,,
donor_to_known,high_confidence,LAM3,program_2,lineage_uterine_smooth_muscle,100,8,50,2,0.03571428571428571,,,
donor_to_known,high_confidence,LAM3,program_3,lineage_uterine_smooth_muscle,25,8,25,1,0.03125,,,
donor_to_known,high_confidence,LAM3,program_3,lineage_uterine_smooth_muscle,50,8,50,1,0.017543859649122806,,,
donor_to_known,high_confidence,LAM3,program_3,lineage_uterine_smooth_muscle,100,8,50,1,0.017543859649122806,,,
donor_to_known,high_confidence,LAM4,program_1,lineage_uterine_smooth_muscle,25,8,25,0,0.0,,,
donor_to_known,high_confidence,LAM4,program_1,lineage_uterine_smooth_muscle,50,8,50,0,0.0,,,
donor_to_known,high_confidence,LAM4,program_1,lineage_uterine_smooth_muscle,100,8,50,0,0.0,,,
donor_to_known,high_confidence,LAM4,program_2,lineage_uterine_smooth_muscle,25,8,25,0,0.0,,,
donor_to_known,high_confidence,LAM4,program_2,lineage_uterine_smooth_muscle,50,8,50,1,0.017543859649122806,,,
donor_to_known,high_confidence,LAM4,program_2,lineage_uterine_smooth_muscle,100,8,50,1,0.017543859649122806,,,
donor_to_known,high_confidence,LAM4,program_3,lineage_uterine_smooth_muscle,25,8,25,1,0.03125,,,
donor_to_known,high_confidence,LAM4,program_3,lineage_uterine_smooth_muscle,50,8,50,3,0.05454545454545454,,,
donor_to_known,high_confidence,LAM4,program_3,lineage_uterine_smooth_muscle,100,8,50,3,0.05454545454545454,,,
donor_to_known,unrestricted_lam,LAM1,program_1,lineage_uterine_smooth_muscle,25,8,25,2,0.06451612903225806,,,
donor_to_known,unrestricted_lam,LAM1,program_1,lineage_uterine_smooth_muscle,50,8,50,2,0.03571428571428571,,,
donor_to_known,unrestricted_lam,LAM1,program_1,lineage_uterine_smooth_muscle,100,8,50,2,0.03571428571428571,,,
donor_to_known,unrestricted_lam,LAM1,program_2,lineage_uterine_smooth_muscle,25,8,25,2,0.06451612903225806,,,
donor_to_known,unrestricted_lam,LAM1,program_2,lineage_uterine_smooth_muscle,50,8,50,2,0.03571428571428571,,,
donor_to_known,unrestricted_lam,LAM1,program_2,lineage_uterine_smooth_muscle,100,8,50,2,0.03571428571428571,,,
donor_to_known,unrestricted_lam,LAM1,program_3,lineage_uterine_smooth_muscle,25,8,25,2,0.06451612903225806,,,
donor_to_known,unrestricted_lam,LAM1,program_3,lineage_uterine_smooth_muscle,50,8,50,2,0.03571428571428571,,,
donor_to_known,unrestricted_lam,LAM1,program_3,lineage_uterine_smooth_muscle,100,8,50,2,0.03571428571428571,,,
donor_to_known,unrestricted_lam,LAM2,program_1,lineage_uterine_smooth_muscle,25,8,25,0,0.0,,,
donor_to_known,unrestricted_lam,LAM2,program_1,lineage_uterine_smooth_muscle,50,8,50,0,0.0,,,
donor_to_known,unrestricted_lam,LAM2,program_1,lineage_uterine_smooth_muscle,100,8,50,0,0.0,,,
donor_to_known,unrestricted_lam,LAM2,program_2,lineage_uterine_smooth_muscle,25,8,25,0,0.0,,,
donor_to_known,unrestricted_lam,LAM2,program_2,lineage_uterine_smooth_muscle,50,8,50,0,0.0,,,
donor_to_known,unrestricted_lam,LAM2,program_2,lineage_uterine_smooth_muscle,100,8,50,0,0.0,,,
donor_to_known,unrestricted_lam,LAM2,program_3,lineage_uterine_smooth_muscle,25,8,25,0,0.0,,,
donor_to_known,unrestricted_lam,LAM2,program_3,lineage_uterine_smooth_muscle,50,8,50,0,0.0,,,
donor_to_known,unrestricted_lam,LAM2,program_3,lineage_uterine_smooth_muscle,100,8,50,0,0.0,,,
donor_to_known,unrestricted_lam,LAM3,program_1,lineage_uterine_smooth_muscle,25,8,25,1,0.03125,,,
donor_to_known,unrestricted_lam,LAM3,program_1,lineage_uterine_smooth_muscle,50,8,50,1,0.017543859649122806,,,
donor_to_known,unrestricted_lam,LAM3,program_1,lineage_uterine_smooth_muscle,100,8,50,1,0.017543859649122806,,,
donor_to_known,unrestricted_lam,LAM3,program_2,lineage_uterine_smooth_muscle,25,8,25,0,0.0,,,
donor_to_known,unrestricted_lam,LAM3,program_2,lineage_uterine_smooth_muscle,50,8,50,0,0.0,,,
donor_to_known,unrestricted_lam,LAM3,program_2,lineage_uterine_smooth_muscle,100,8,50,0,0.0,,,
donor_to_known,unrestricted_lam,LAM3,program_3,lineage_uterine_smooth_muscle,25,8,25,1,0.03125,,,
donor_to_known,unrestricted_lam,LAM3,program_3,lineage_uterine_smooth_muscle,50,8,50,4,0.07407407407407407,,,
donor_to_known,unrestricted_lam,LAM3,program_3,lineage_uterine_smooth_muscle,100,8,50,4,0.07407407407407407,,,
donor_to_known,unrestricted_lam,LAM4,program_1,lineage_uterine_smooth_muscle,25,8,25,0,0.0,,,
donor_to_known,unrestricted_lam,LAM4,program_1,lineage_uterine_smooth_muscle,50,8,50,0,0.0,,,
donor_to_known,unrestricted_lam,LAM4,program_1,lineage_uterine_smooth_muscle,100,8,50,0,0.0,,,
donor_to_known,unrestricted_lam,LAM4,program_2,lineage_uterine_smooth_muscle,25,8,25,0,0.0,,,
donor_to_known,unrestricted_lam,LAM4,program_2,lineage_uterine_smooth_muscle,50,8,50,1,0.017543859649122806,,,
donor_to_known,unrestricted_lam,LAM4,program_2,lineage_uterine_smooth_muscle,100,8,50,1,0.017543859649122806,,,
donor_to_known,unrestricted_lam,LAM4,program_3,lineage_uterine_smooth_muscle,25,8,25,0,0.0,,,
donor_to_known,unrestricted_lam,LAM4,program_3,lineage_uterine_smooth_muscle,50,8,50,0,0.0,,,
donor_to_known,unrestricted_lam,LAM4,program_3,lineage_uterine_smooth_muscle,100,8,50,0,0.0,,,
pooled_to_known,broad_lam_like,pooled,program_1,normal_lung_interstitial,25,8,25,1,0.03125,0.0,0.01,True
pooled_to_known,broad_lam_like,pooled,program_1,normal_lung_interstitial,50,8,50,2,0.03571428571428571,0.0,0.0,True
pooled_to_known,broad_lam_like,pooled,program_1,normal_lung_interstitial,100,8,50,2,0.03571428571428571,0.0,0.0,True
pooled_to_known,broad_lam_like,pooled,program_2,normal_lung_interstitial,25,8,25,0,0.0,0.0,1.0,False
pooled_to_known,broad_lam_like,pooled,program_2,normal_lung_interstitial,50,8,50,0,0.0,0.0,1.0,False
pooled_to_known,broad_lam_like,pooled,program_2,normal_lung_interstitial,100,8,50,0,0.0,0.0,1.0,False
pooled_to_known,broad_lam_like,pooled,program_3,normal_lung_interstitial,25,8,25,0,0.0,0.0,1.0,False
pooled_to_known,broad_lam_like,pooled,program_3,normal_lung_interstitial,50,8,50,0,0.0,0.0,1.0,False
pooled_to_known,broad_lam_like,pooled,program_3,normal_lung_interstitial,100,8,50,0,0.0,0.0,1.0,False
pooled_to_known,high_confidence,pooled,program_1,normal_lung_interstitial,25,8,25,1,0.03125,0.0,0.01,True
pooled_to_known,high_confidence,pooled,program_1,normal_lung_interstitial,50,8,50,2,0.03571428571428571,0.0,0.0,True
pooled_to_known,high_confidence,pooled,program_1,normal_lung_interstitial,100,8,50,2,0.03571428571428571,0.0,0.0,True
pooled_to_known,high_confidence,pooled,program_2,normal_lung_interstitial,25,8,25,2,0.06451612903225806,0.0,0.0,True
pooled_to_known,high_confidence,pooled,program_2,normal_lung_interstitial,50,8,50,2,0.03571428571428571,0.0,0.0,True
pooled_to_known,high_confidence,pooled,program_2,normal_lung_interstitial,100,8,50,2,0.03571428571428571,0.0,0.0,True
pooled_to_known,high_confidence,pooled,program_3,normal_lung_interstitial,25,8,25,1,0.03125,0.0,0.01,True
pooled_to_known,high_confidence,pooled,program_3,normal_lung_interstitial,50,8,50,1,0.017543859649122806,0.0,0.002,True
pooled_to_known,high_confidence,pooled,program_3,normal_lung_interstitial,100,8,50,1,0.017543859649122806,0.0,0.002,True
pooled_to_known,unrestricted_lam,pooled,program_1,normal_lung_interstitial,25,8,25,1,0.03125,0.0,0.01,True
pooled_to_known,unrestricted_lam,pooled,program_1,normal_lung_interstitial,50,8,50,1,0.017543859649122806,0.0,0.002,True
pooled_to_known,unrestricted_lam,pooled,program_1,normal_lung_interstitial,100,8,50,1,0.017543859649122806,0.0,0.002,True
pooled_to_known,unrestricted_lam,pooled,program_2,normal_lung_interstitial,25,8,25,1,0.03125,0.0,0.01,True
pooled_to_known,unrestricted_lam,pooled,program_2,normal_lung_interstitial,50,8,50,1,0.017543859649122806,0.0,0.002,True
pooled_to_known,unrestricted_lam,pooled,program_2,normal_lung_interstitial,100,8,50,1,0.017543859649122806,0.0,0.002,True
pooled_to_known,unrestricted_lam,pooled,program_3,normal_lung_interstitial,25,8,25,0,0.0,0.0,1.0,False
pooled_to_known,unrestricted_lam,pooled,program_3,normal_lung_interstitial,50,8,50,0,0.0,0.0,1.0,False
pooled_to_known,unrestricted_lam,pooled,program_3,normal_lung_interstitial,100,8,50,0,0.0,0.0,1.0,False
donor_to_known,broad_lam_like,LAM1,program_1,normal_lung_interstitial,25,8,25,1,0.03125,,,
donor_to_known,broad_lam_like,LAM1,program_1,normal_lung_interstitial,50,8,50,2,0.03571428571428571,,,
donor_to_known,broad_lam_like,LAM1,program_1,normal_lung_interstitial,100,8,50,2,0.03571428571428571,,,
donor_to_known,broad_lam_like,LAM1,program_2,normal_lung_interstitial,25,8,25,2,0.06451612903225806,,,
donor_to_known,broad_lam_like,LAM1,program_2,normal_lung_interstitial,50,8,50,2,0.03571428571428571,,,
donor_to_known,broad_lam_like,LAM1,program_2,normal_lung_interstitial,100,8,50,2,0.03571428571428571,,,
donor_to_known,broad_lam_like,LAM1,program_3,normal_lung_interstitial,25,8,25,2,0.06451612903225806,,,
donor_to_known,broad_lam_like,LAM1,program_3,normal_lung_interstitial,50,8,50,2,0.03571428571428571,,,
donor_to_known,broad_lam_like,LAM1,program_3,normal_lung_interstitial,100,8,50,2,0.03571428571428571,,,
donor_to_known,broad_lam_like,LAM2,program_1,normal_lung_interstitial,25,8,25,1,0.03125,,,
donor_to_known,broad_lam_like,LAM2,program_1,normal_lung_interstitial,50,8,50,2,0.03571428571428571,,,
donor_to_known,broad_lam_like,LAM2,program_1,normal_lung_interstitial,100,8,50,2,0.03571428571428571,,,
donor_to_known,broad_lam_like,LAM2,program_2,normal_lung_interstitial,25,8,25,1,0.03125,,,
donor_to_known,broad_lam_like,LAM2,program_2,normal_lung_interstitial,50,8,50,2,0.03571428571428571,,,
donor_to_known,broad_lam_like,LAM2,program_2,normal_lung_interstitial,100,8,50,2,0.03571428571428571,,,
donor_to_known,broad_lam_like,LAM2,program_3,normal_lung_interstitial,25,8,25,1,0.03125,,,
donor_to_known,broad_lam_like,LAM2,program_3,normal_lung_interstitial,50,8,50,1,0.017543859649122806,,,
donor_to_known,broad_lam_like,LAM2,program_3,normal_lung_interstitial,100,8,50,1,0.017543859649122806,,,
donor_to_known,broad_lam_like,LAM3,program_1,normal_lung_interstitial,25,8,25,2,0.06451612903225806,,,
donor_to_known,broad_lam_like,LAM3,program_1,normal_lung_interstitial,50,8,50,2,0.03571428571428571,,,
donor_to_known,broad_lam_like,LAM3,program_1,normal_lung_interstitial,100,8,50,2,0.03571428571428571,,,
donor_to_known,broad_lam_like,LAM3,program_2,normal_lung_interstitial,25,8,25,1,0.03125,,,
donor_to_known,broad_lam_like,LAM3,program_2,normal_lung_interstitial,50,8,50,1,0.017543859649122806,,,
donor_to_known,broad_lam_like,LAM3,program_2,normal_lung_interstitial,100,8,50,1,0.017543859649122806,,,
donor_to_known,broad_lam_like,LAM3,program_3,normal_lung_interstitial,25,8,25,1,0.03125,,,
donor_to_known,broad_lam_like,LAM3,program_3,normal_lung_interstitial,50,8,50,1,0.017543859649122806,,,
donor_to_known,broad_lam_like,LAM3,program_3,normal_lung_interstitial,100,8,50,1,0.017543859649122806,,,
donor_to_known,broad_lam_like,LAM4,program_1,normal_lung_interstitial,25,8,25,1,0.03125,,,
donor_to_known,broad_lam_like,LAM4,program_1,normal_lung_interstitial,50,8,50,1,0.017543859649122806,,,
donor_to_known,broad_lam_like,LAM4,program_1,normal_lung_interstitial,100,8,50,1,0.017543859649122806,,,
donor_to_known,broad_lam_like,LAM4,program_2,normal_lung_interstitial,25,8,25,2,0.06451612903225806,,,
donor_to_known,broad_lam_like,LAM4,program_2,normal_lung_interstitial,50,8,50,2,0.03571428571428571,,,
donor_to_known,broad_lam_like,LAM4,program_2,normal_lung_interstitial,100,8,50,2,0.03571428571428571,,,
donor_to_known,broad_lam_like,LAM4,program_3,normal_lung_interstitial,25,8,25,1,0.03125,,,
donor_to_known,broad_lam_like,LAM4,program_3,normal_lung_interstitial,50,8,50,2,0.03571428571428571,,,
donor_to_known,broad_lam_like,LAM4,program_3,normal_lung_interstitial,100,8,50,2,0.03571428571428571,,,
donor_to_known,high_confidence,LAM1,program_1,normal_lung_interstitial,25,8,25,1,0.03125,,,
donor_to_known,high_confidence,LAM1,program_1,normal_lung_interstitial,50,8,50,1,0.017543859649122806,,,
donor_to_known,high_confidence,LAM1,program_1,normal_lung_interstitial,100,8,50,1,0.017543859649122806,,,
donor_to_known,high_confidence,LAM1,program_2,normal_lung_interstitial,25,8,25,2,0.06451612903225806,,,
donor_to_known,high_confidence,LAM1,program_2,normal_lung_interstitial,50,8,50,4,0.07407407407407407,,,
donor_to_known,high_confidence,LAM1,program_2,normal_lung_interstitial,100,8,50,4,0.07407407407407407,,,
donor_to_known,high_confidence,LAM1,program_3,normal_lung_interstitial,25,8,25,1,0.03125,,,
donor_to_known,high_confidence,LAM1,program_3,normal_lung_interstitial,50,8,50,2,0.03571428571428571,,,
donor_to_known,high_confidence,LAM1,program_3,normal_lung_interstitial,100,8,50,2,0.03571428571428571,,,
donor_to_known,high_confidence,LAM2,program_1,normal_lung_interstitial,25,8,25,3,0.1,,,
donor_to_known,high_confidence,LAM2,program_1,normal_lung_interstitial,50,8,50,3,0.05454545454545454,,,
donor_to_known,high_confidence,LAM2,program_1,normal_lung_interstitial,100,8,50,3,0.05454545454545454,,,
donor_to_known,high_confidence,LAM2,program_2,normal_lung_interstitial,25,8,25,1,0.03125,,,
donor_to_known,high_confidence,LAM2,program_2,normal_lung_interstitial,50,8,50,2,0.03571428571428571,,,
donor_to_known,high_confidence,LAM2,program_2,normal_lung_interstitial,100,8,50,2,0.03571428571428571,,,
donor_to_known,high_confidence,LAM2,program_3,normal_lung_interstitial,25,8,25,3,0.1,,,
donor_to_known,high_confidence,LAM2,program_3,normal_lung_interstitial,50,8,50,3,0.05454545454545454,,,
donor_to_known,high_confidence,LAM2,program_3,normal_lung_interstitial,100,8,50,3,0.05454545454545454,,,
donor_to_known,high_confidence,LAM3,program_1,normal_lung_interstitial,25,8,25,2,0.06451612903225806,,,
donor_to_known,high_confidence,LAM3,program_1,normal_lung_interstitial,50,8,50,2,0.03571428571428571,,,
donor_to_known,high_confidence,LAM3,program_1,normal_lung_interstitial,100,8,50,2,0.03571428571428571,,,
donor_to_known,high_confidence,LAM3,program_2,normal_lung_interstitial,25,8,25,1,0.03125,,,
donor_to_known,high_confidence,LAM3,program_2,normal_lung_interstitial,50,8,50,2,0.03571428571428571,,,
donor_to_known,high_confidence,LAM3,program_2,normal_lung_interstitial,100,8,50,2,0.03571428571428571,,,
donor_to_known,high_confidence,LAM3,program_3,normal_lung_interstitial,25,8,25,2,0.06451612903225806,,,
donor_to_known,high_confidence,LAM3,program_3,normal_lung_interstitial,50,8,50,3,0.05454545454545454,,,
donor_to_known,high_confidence,LAM3,program_3,normal_lung_interstitial,100,8,50,3,0.05454545454545454,,,
donor_to_known,high_confidence,LAM4,program_1,normal_lung_interstitial,25,8,25,1,0.03125,,,
donor_to_known,high_confidence,LAM4,program_1,normal_lung_interstitial,50,8,50,1,0.017543859649122806,,,
donor_to_known,high_confidence,LAM4,program_1,normal_lung_interstitial,100,8,50,1,0.017543859649122806,,,
donor_to_known,high_confidence,LAM4,program_2,normal_lung_interstitial,25,8,25,1,0.03125,,,
donor_to_known,high_confidence,LAM4,program_2,normal_lung_interstitial,50,8,50,1,0.017543859649122806,,,
donor_to_known,high_confidence,LAM4,program_2,normal_lung_interstitial,100,8,50,1,0.017543859649122806,,,
donor_to_known,high_confidence,LAM4,program_3,normal_lung_interstitial,25,8,25,1,0.03125,,,
donor_to_known,high_confidence,LAM4,program_3,normal_lung_interstitial,50,8,50,1,0.017543859649122806,,,
donor_to_known,high_confidence,LAM4,program_3,normal_lung_interstitial,100,8,50,1,0.017543859649122806,,,
donor_to_known,unrestricted_lam,LAM1,program_1,normal_lung_interstitial,25,8,25,1,0.03125,,,
donor_to_known,unrestricted_lam,LAM1,program_1,normal_lung_interstitial,50,8,50,1,0.017543859649122806,,,
donor_to_known,unrestricted_lam,LAM1,program_1,normal_lung_interstitial,100,8,50,1,0.017543859649122806,,,
donor_to_known,unrestricted_lam,LAM1,program_2,normal_lung_interstitial,25,8,25,1,0.03125,,,
donor_to_known,unrestricted_lam,LAM1,program_2,normal_lung_interstitial,50,8,50,3,0.05454545454545454,,,
donor_to_known,unrestricted_lam,LAM1,program_2,normal_lung_interstitial,100,8,50,3,0.05454545454545454,,,
donor_to_known,unrestricted_lam,LAM1,program_3,normal_lung_interstitial,25,8,25,2,0.06451612903225806,,,
donor_to_known,unrestricted_lam,LAM1,program_3,normal_lung_interstitial,50,8,50,2,0.03571428571428571,,,
donor_to_known,unrestricted_lam,LAM1,program_3,normal_lung_interstitial,100,8,50,2,0.03571428571428571,,,
donor_to_known,unrestricted_lam,LAM2,program_1,normal_lung_interstitial,25,8,25,1,0.03125,,,
donor_to_known,unrestricted_lam,LAM2,program_1,normal_lung_interstitial,50,8,50,1,0.017543859649122806,,,
donor_to_known,unrestricted_lam,LAM2,program_1,normal_lung_interstitial,100,8,50,1,0.017543859649122806,,,
donor_to_known,unrestricted_lam,LAM2,program_2,normal_lung_interstitial,25,8,25,1,0.03125,,,
donor_to_known,unrestricted_lam,LAM2,program_2,normal_lung_interstitial,50,8,50,1,0.017543859649122806,,,
donor_to_known,unrestricted_lam,LAM2,program_2,normal_lung_interstitial,100,8,50,1,0.017543859649122806,,,
donor_to_known,unrestricted_lam,LAM2,program_3,normal_lung_interstitial,25,8,25,2,0.06451612903225806,,,
donor_to_known,unrestricted_lam,LAM2,program_3,normal_lung_interstitial,50,8,50,3,0.05454545454545454,,,
donor_to_known,unrestricted_lam,LAM2,program_3,normal_lung_interstitial,100,8,50,3,0.05454545454545454,,,
donor_to_known,unrestricted_lam,LAM3,program_1,normal_lung_interstitial,25,8,25,1,0.03125,,,
donor_to_known,unrestricted_lam,LAM3,program_1,normal_lung_interstitial,50,8,50,1,0.017543859649122806,,,
donor_to_known,unrestricted_lam,LAM3,program_1,normal_lung_interstitial,100,8,50,1,0.017543859649122806,,,
donor_to_known,unrestricted_lam,LAM3,program_2,normal_lung_interstitial,25,8,25,0,0.0,,,
donor_to_known,unrestricted_lam,LAM3,program_2,normal_lung_interstitial,50,8,50,0,0.0,,,
donor_to_known,unrestricted_lam,LAM3,program_2,normal_lung_interstitial,100,8,50,0,0.0,,,
donor_to_known,unrestricted_lam,LAM3,program_3,normal_lung_interstitial,25,8,25,3,0.1,,,
donor_to_known,unrestricted_lam,LAM3,program_3,normal_lung_interstitial,50,8,50,3,0.05454545454545454,,,
donor_to_known,unrestricted_lam,LAM3,program_3,normal_lung_interstitial,100,8,50,3,0.05454545454545454,,,
donor_to_known,unrestricted_lam,LAM4,program_1,normal_lung_interstitial,25,8,25,1,0.03125,,,
donor_to_known,unrestricted_lam,LAM4,program_1,normal_lung_interstitial,50,8,50,1,0.017543859649122806,,,
donor_to_known,unrestricted_lam,LAM4,program_1,normal_lung_interstitial,100,8,50,1,0.017543859649122806,,,
donor_to_known,unrestricted_lam,LAM4,program_2,normal_lung_interstitial,25,8,25,2,0.06451612903225806,,,
donor_to_known,unrestricted_lam,LAM4,program_2,normal_lung_interstitial,50,8,50,3,0.05454545454545454,,,
donor_to_known,unrestricted_lam,LAM4,program_2,normal_lung_interstitial,100,8,50,3,0.05454545454545454,,,
donor_to_known,unrestricted_lam,LAM4,program_3,normal_lung_interstitial,25,8,25,0,0.0,,,
donor_to_known,unrestricted_lam,LAM4,program_3,normal_lung_interstitial,50,8,50,1,0.017543859649122806,,,
donor_to_known,unrestricted_lam,LAM4,program_3,normal_lung_interstitial,100,8,50,1,0.017543859649122806,,,
pooled_to_known,broad_lam_like,pooled,program_1,contractile,25,8,25,1,0.03125,0.0,0.01,True
pooled_to_known,broad_lam_like,pooled,program_1,contractile,50,8,50,2,0.03571428571428571,0.0,0.0,True
pooled_to_known,broad_lam_like,pooled,program_1,contractile,100,8,50,2,0.03571428571428571,0.0,0.0,True
pooled_to_known,broad_lam_like,pooled,program_2,contractile,25,8,25,1,0.03125,0.0,0.01,True
pooled_to_known,broad_lam_like,pooled,program_2,contractile,50,8,50,1,0.017543859649122806,0.0,0.002,True
pooled_to_known,broad_lam_like,pooled,program_2,contractile,100,8,50,1,0.017543859649122806,0.0,0.002,True
pooled_to_known,broad_lam_like,pooled,program_3,contractile,25,8,25,1,0.03125,0.0,0.01,True
pooled_to_known,broad_lam_like,pooled,program_3,contractile,50,8,50,2,0.03571428571428571,0.0,0.0,True
pooled_to_known,broad_lam_like,pooled,program_3,contractile,100,8,50,2,0.03571428571428571,0.0,0.0,True
pooled_to_known,high_confidence,pooled,program_1,contractile,25,8,25,1,0.03125,0.0,0.01,True
pooled_to_known,high_confidence,pooled,program_1,contractile,50,8,50,3,0.05454545454545454,0.0,0.0,True
pooled_to_known,high_confidence,pooled,program_1,contractile,100,8,50,3,0.05454545454545454,0.0,0.0,True
pooled_to_known,high_confidence,pooled,program_2,contractile,25,8,25,1,0.03125,0.0,0.01,True
pooled_to_known,high_confidence,pooled,program_2,contractile,50,8,50,2,0.03571428571428571,0.0,0.0,True
pooled_to_known,high_confidence,pooled,program_2,contractile,100,8,50,2,0.03571428571428571,0.0,0.0,True
pooled_to_known,high_confidence,pooled,program_3,contractile,25,8,25,1,0.03125,0.0,0.01,True
pooled_to_known,high_confidence,pooled,program_3,contractile,50,8,50,1,0.017543859649122806,0.0,0.002,True
pooled_to_known,high_confidence,pooled,program_3,contractile,100,8,50,1,0.017543859649122806,0.0,0.002,True
pooled_to_known,unrestricted_lam,pooled,program_1,contractile,25,8,25,2,0.06451612903225806,0.0,0.0,True
pooled_to_known,unrestricted_lam,pooled,program_1,contractile,50,8,50,2,0.03571428571428571,0.0,0.0,True
pooled_to_known,unrestricted_lam,pooled,program_1,contractile,100,8,50,2,0.03571428571428571,0.0,0.0,True
pooled_to_known,unrestricted_lam,pooled,program_2,contractile,25,8,25,2,0.06451612903225806,0.0,0.0,True
pooled_to_known,unrestricted_lam,pooled,program_2,contractile,50,8,50,2,0.03571428571428571,0.0,0.0,True
pooled_to_known,unrestricted_lam,pooled,program_2,contractile,100,8,50,2,0.03571428571428571,0.0,0.0,True
pooled_to_known,unrestricted_lam,pooled,program_3,contractile,25,8,25,2,0.06451612903225806,0.0,0.0,True
pooled_to_known,unrestricted_lam,pooled,program_3,contractile,50,8,50,2,0.03571428571428571,0.0,0.0,True
pooled_to_known,unrestricted_lam,pooled,program_3,contractile,100,8,50,2,0.03571428571428571,0.0,0.0,True
donor_to_known,broad_lam_like,LAM1,program_1,contractile,25,8,25,1,0.03125,,,
donor_to_known,broad_lam_like,LAM1,program_1,contractile,50,8,50,2,0.03571428571428571,,,
donor_to_known,broad_lam_like,LAM1,program_1,contractile,100,8,50,2,0.03571428571428571,,,
donor_to_known,broad_lam_like,LAM1,program_2,contractile,25,8,25,1,0.03125,,,
donor_to_known,broad_lam_like,LAM1,program_2,contractile,50,8,50,1,0.017543859649122806,,,
donor_to_known,broad_lam_like,LAM1,program_2,contractile,100,8,50,1,0.017543859649122806,,,
donor_to_known,broad_lam_like,LAM1,program_3,contractile,25,8,25,1,0.03125,,,
donor_to_known,broad_lam_like,LAM1,program_3,contractile,50,8,50,2,0.03571428571428571,,,
donor_to_known,broad_lam_like,LAM1,program_3,contractile,100,8,50,2,0.03571428571428571,,,
donor_to_known,broad_lam_like,LAM2,program_1,contractile,25,8,25,2,0.06451612903225806,,,
donor_to_known,broad_lam_like,LAM2,program_1,contractile,50,8,50,4,0.07407407407407407,,,
donor_to_known,broad_lam_like,LAM2,program_1,contractile,100,8,50,4,0.07407407407407407,,,
donor_to_known,broad_lam_like,LAM2,program_2,contractile,25,8,25,2,0.06451612903225806,,,
donor_to_known,broad_lam_like,LAM2,program_2,contractile,50,8,50,2,0.03571428571428571,,,
donor_to_known,broad_lam_like,LAM2,program_2,contractile,100,8,50,2,0.03571428571428571,,,
donor_to_known,broad_lam_like,LAM2,program_3,contractile,25,8,25,2,0.06451612903225806,,,
donor_to_known,broad_lam_like,LAM2,program_3,contractile,50,8,50,3,0.05454545454545454,,,
donor_to_known,broad_lam_like,LAM2,program_3,contractile,100,8,50,3,0.05454545454545454,,,
donor_to_known,broad_lam_like,LAM3,program_1,contractile,25,8,25,0,0.0,,,
donor_to_known,broad_lam_like,LAM3,program_1,contractile,50,8,50,1,0.017543859649122806,,,
donor_to_known,broad_lam_like,LAM3,program_1,contractile,100,8,50,1,0.017543859649122806,,,
donor_to_known,broad_lam_like,LAM3,program_2,contractile,25,8,25,0,0.0,,,
donor_to_known,broad_lam_like,LAM3,program_2,contractile,50,8,50,0,0.0,,,
donor_to_known,broad_lam_like,LAM3,program_2,contractile,100,8,50,0,0.0,,,
donor_to_known,broad_lam_like,LAM3,program_3,contractile,25,8,25,2,0.06451612903225806,,,
donor_to_known,broad_lam_like,LAM3,program_3,contractile,50,8,50,3,0.05454545454545454,,,
donor_to_known,broad_lam_like,LAM3,program_3,contractile,100,8,50,3,0.05454545454545454,,,
donor_to_known,broad_lam_like,LAM4,program_1,contractile,25,8,25,0,0.0,,,
donor_to_known,broad_lam_like,LAM4,program_1,contractile,50,8,50,0,0.0,,,
donor_to_known,broad_lam_like,LAM4,program_1,contractile,100,8,50,0,0.0,,,
donor_to_known,broad_lam_like,LAM4,program_2,contractile,25,8,25,1,0.03125,,,
donor_to_known,broad_lam_like,LAM4,program_2,contractile,50,8,50,1,0.017543859649122806,,,
donor_to_known,broad_lam_like,LAM4,program_2,contractile,100,8,50,1,0.017543859649122806,,,
donor_to_known,broad_lam_like,LAM4,program_3,contractile,25,8,25,0,0.0,,,
donor_to_known,broad_lam_like,LAM4,program_3,contractile,50,8,50,1,0.017543859649122806,,,
donor_to_known,broad_lam_like,LAM4,program_3,contractile,100,8,50,1,0.017543859649122806,,,
donor_to_known,high_confidence,LAM1,program_1,contractile,25,8,25,1,0.03125,,,
donor_to_known,high_confidence,LAM1,program_1,contractile,50,8,50,1,0.017543859649122806,,,
donor_to_known,high_confidence,LAM1,program_1,contractile,100,8,50,1,0.017543859649122806,,,
donor_to_known,high_confidence,LAM1,program_2,contractile,25,8,25,0,0.0,,,
donor_to_known,high_confidence,LAM1,program_2,contractile,50,8,50,1,0.017543859649122806,,,
donor_to_known,high_confidence,LAM1,program_2,contractile,100,8,50,1,0.017543859649122806,,,
donor_to_known,high_confidence,LAM1,program_3,contractile,25,8,25,1,0.03125,,,
donor_to_known,high_confidence,LAM1,program_3,contractile,50,8,50,2,0.03571428571428571,,,
donor_to_known,high_confidence,LAM1,program_3,contractile,100,8,50,2,0.03571428571428571,,,
donor_to_known,high_confidence,LAM2,program_1,contractile,25,8,25,1,0.03125,,,
donor_to_known,high_confidence,LAM2,program_1,contractile,50,8,50,2,0.03571428571428571,,,
donor_to_known,high_confidence,LAM2,program_1,contractile,100,8,50,2,0.03571428571428571,,,
donor_to_known,high_confidence,LAM2,program_2,contractile,25,8,25,0,0.0,,,
donor_to_known,high_confidence,LAM2,program_2,contractile,50,8,50,1,0.017543859649122806,,,
donor_to_known,high_confidence,LAM2,program_2,contractile,100,8,50,1,0.017543859649122806,,,
donor_to_known,high_confidence,LAM2,program_3,contractile,25,8,25,0,0.0,,,
donor_to_known,high_confidence,LAM2,program_3,contractile,50,8,50,1,0.017543859649122806,,,
donor_to_known,high_confidence,LAM2,program_3,contractile,100,8,50,1,0.017543859649122806,,,
donor_to_known,high_confidence,LAM3,program_1,contractile,25,8,25,1,0.03125,,,
donor_to_known,high_confidence,LAM3,program_1,contractile,50,8,50,2,0.03571428571428571,,,
donor_to_known,high_confidence,LAM3,program_1,contractile,100,8,50,2,0.03571428571428571,,,
donor_to_known,high_confidence,LAM3,program_2,contractile,25,8,25,2,0.06451612903225806,,,
donor_to_known,high_confidence,LAM3,program_2,contractile,50,8,50,2,0.03571428571428571,,,
donor_to_known,high_confidence,LAM3,program_2,contractile,100,8,50,2,0.03571428571428571,,,
donor_to_known,high_confidence,LAM3,program_3,contractile,25,8,25,1,0.03125,,,
donor_to_known,high_confidence,LAM3,program_3,contractile,50,8,50,1,0.017543859649122806,,,
donor_to_known,high_confidence,LAM3,program_3,contractile,100,8,50,1,0.017543859649122806,,,
donor_to_known,high_confidence,LAM4,program_1,contractile,25,8,25,0,0.0,,,
donor_to_known,high_confidence,LAM4,program_1,contractile,50,8,50,0,0.0,,,
donor_to_known,high_confidence,LAM4,program_1,contractile,100,8,50,0,0.0,,,
donor_to_known,high_confidence,LAM4,program_2,contractile,25,8,25,0,0.0,,,
donor_to_known,high_confidence,LAM4,program_2,contractile,50,8,50,1,0.017543859649122806,,,
donor_to_known,high_confidence,LAM4,program_2,contractile,100,8,50,1,0.017543859649122806,,,
donor_to_known,high_confidence,LAM4,program_3,contractile,25,8,25,1,0.03125,,,
donor_to_known,high_confidence,LAM4,program_3,contractile,50,8,50,3,0.05454545454545454,,,
donor_to_known,high_confidence,LAM4,program_3,contractile,100,8,50,3,0.05454545454545454,,,
donor_to_known,unrestricted_lam,LAM1,program_1,contractile,25,8,25,2,0.06451612903225806,,,
donor_to_known,unrestricted_lam,LAM1,program_1,contractile,50,8,50,2,0.03571428571428571,,,
donor_to_known,unrestricted_lam,LAM1,program_1,contractile,100,8,50,2,0.03571428571428571,,,
donor_to_known,unrestricted_lam,LAM1,program_2,contractile,25,8,25,2,0.06451612903225806,,,
donor_to_known,unrestricted_lam,LAM1,program_2,contractile,50,8,50,2,0.03571428571428571,,,
donor_to_known,unrestricted_lam,LAM1,program_2,contractile,100,8,50,2,0.03571428571428571,,,
donor_to_known,unrestricted_lam,LAM1,program_3,contractile,25,8,25,2,0.06451612903225806,,,
donor_to_known,unrestricted_lam,LAM1,program_3,contractile,50,8,50,2,0.03571428571428571,,,
donor_to_known,unrestricted_lam,LAM1,program_3,contractile,100,8,50,2,0.03571428571428571,,,
donor_to_known,unrestricted_lam,LAM2,program_1,contractile,25,8,25,0,0.0,,,
donor_to_known,unrestricted_lam,LAM2,program_1,contractile,50,8,50,0,0.0,,,
donor_to_known,unrestricted_lam,LAM2,program_1,contractile,100,8,50,0,0.0,,,
donor_to_known,unrestricted_lam,LAM2,program_2,contractile,25,8,25,0,0.0,,,
donor_to_known,unrestricted_lam,LAM2,program_2,contractile,50,8,50,0,0.0,,,
donor_to_known,unrestricted_lam,LAM2,program_2,contractile,100,8,50,0,0.0,,,
donor_to_known,unrestricted_lam,LAM2,program_3,contractile,25,8,25,0,0.0,,,
donor_to_known,unrestricted_lam,LAM2,program_3,contractile,50,8,50,0,0.0,,,
donor_to_known,unrestricted_lam,LAM2,program_3,contractile,100,8,50,0,0.0,,,
donor_to_known,unrestricted_lam,LAM3,program_1,contractile,25,8,25,1,0.03125,,,
donor_to_known,unrestricted_lam,LAM3,program_1,contractile,50,8,50,1,0.017543859649122806,,,
donor_to_known,unrestricted_lam,LAM3,program_1,contractile,100,8,50,1,0.017543859649122806,,,
donor_to_known,unrestricted_lam,LAM3,program_2,contractile,25,8,25,0,0.0,,,
donor_to_known,unrestricted_lam,LAM3,program_2,contractile,50,8,50,0,0.0,,,
donor_to_known,unrestricted_lam,LAM3,program_2,contractile,100,8,50,0,0.0,,,
donor_to_known,unrestricted_lam,LAM3,program_3,contractile,25,8,25,1,0.03125,,,
donor_to_known,unrestricted_lam,LAM3,program_3,contractile,50,8,50,4,0.07407407407407407,,,
donor_to_known,unrestricted_lam,LAM3,program_3,contractile,100,8,50,4,0.07407407407407407,,,
donor_to_known,unrestricted_lam,LAM4,program_1,contractile,25,8,25,0,0.0,,,
donor_to_known,unrestricted_lam,LAM4,program_1,contractile,50,8,50,0,0.0,,,
donor_to_known,unrestricted_lam,LAM4,program_1,contractile,100,8,50,0,0.0,,,
donor_to_known,unrestricted_lam,LAM4,program_2,contractile,25,8,25,0,0.0,,,
donor_to_known,unrestricted_lam,LAM4,program_2,contractile,50,8,50,1,0.017543859649122806,,,
donor_to_known,unrestricted_lam,LAM4,program_2,contractile,100,8,50,1,0.017543859649122806,,,
donor_to_known,unrestricted_lam,LAM4,program_3,contractile,25,8,25,0,0.0,,,
donor_to_known,unrestricted_lam,LAM4,program_3,contractile,50,8,50,0,0.0,,,
donor_to_known,unrestricted_lam,LAM4,program_3,contractile,100,8,50,0,0.0,,,
