patient_id,group,cells,dataset_count,total_umi,feature,pseudobulk_log1p_score
LAM1,State_15,25,1,263938.0,melanocytic_identity,1.0968762373683172
LAM1,State_15,25,1,263938.0,contractile_marker_panel,2.9708806888941326
LAM1,State_15,25,1,263938.0,VEGFD_CTSK_panel,2.187120882422385
LAM1,State_15,25,1,263938.0,ESR1_hormone_marker,0.5199706859618191
LAM1,State_15,25,1,263938.0,HOX_PBX_markers,0.760343286116472
LAM1,State_15,25,1,263938.0,CORE1,2.188201937517738
LAM1,State_15,25,1,263938.0,CORE2,1.2057593035579068
LAM1,State_15,25,1,263938.0,CORE3_identity,1.7596352936389092
LAM1,State_15,25,1,263938.0,LAM_myogenic_contractile,3.0794923623751167
LAM1,State_15,25,1,263938.0,ECM_remodeling,0.9726118818454839
LAM1,State_15,25,1,263938.0,mTOR_translation,1.7014449781205598
LAM1,State_15,25,1,263938.0,hormone_related,0.16614815241879402
LAM1,State_15,25,1,263938.0,hypoxia_stress,0.2422469274597276
LAM1,State_15,25,1,263938.0,protease_ECM_niche,1.060272733742663
LAM1,State_15,25,1,263938.0,HOX_PBX,0.3664744569252727
LAM1,State_15,25,1,263938.0,normal_lung_interstitial,1.0382134293051015
LAM1,State_15,25,1,263938.0,LAMCORE_777,0.5693240561530291
LAM1,State_15,25,1,263938.0,ciliated,0.028441993005917196
LAM1,State_15,25,1,263938.0,AT2,2.4495097735364375
LAM1,State_15,25,1,263938.0,macrophage,1.3305254045411414
LAM1,State_15,25,1,263938.0,endothelial,0.04155067758095399
LAM1,State_15,25,1,263938.0,fibroblast,0.8607907541466507
LAM1,State_15,25,1,263938.0,mesothelial,0.05766239759875597
LAM1,State_15,25,1,263938.0,pericyte_VSMC,2.07055064686953
LAM1,State_15,25,1,263938.0,gene_PMEL,2.3594931220824353
LAM1,State_15,25,1,263938.0,gene_MLANA,0.2647471814911756
LAM1,State_15,25,1,263938.0,gene_MITF,0.6663884085313408
LAM1,State_15,25,1,263938.0,gene_ACTA2,4.1326058925608224
LAM1,State_15,25,1,263938.0,gene_ACTG2,2.34143516675808
LAM1,State_15,25,1,263938.0,gene_MYH11,2.438601007363495
LAM1,State_15,25,1,263938.0,gene_VEGFD,1.1261699689452702
LAM1,State_15,25,1,263938.0,gene_CTSK,3.2480717958994996
LAM1,State_15,25,1,263938.0,gene_ESR1,0.5199706859618191
LAM1,State_15,25,1,263938.0,gene_EMX2,1.3158486598568326
LAM1,State_15,25,1,263938.0,gene_HOXA11,0.20483791237611126
LAM1,State_20,4,1,16309.0,melanocytic_identity,0.15939799443108163
LAM1,State_20,4,1,16309.0,contractile_marker_panel,0.7935070115912577
LAM1,State_20,4,1,16309.0,VEGFD_CTSK_panel,1.061603632331074
LAM1,State_20,4,1,16309.0,ESR1_hormone_marker,0.0
LAM1,State_20,4,1,16309.0,HOX_PBX_markers,0.0
LAM1,State_20,4,1,16309.0,CORE1,0.9782813028112207
LAM1,State_20,4,1,16309.0,CORE2,0.547155739707712
LAM1,State_20,4,1,16309.0,CORE3_identity,0.7117031832470238
LAM1,State_20,4,1,16309.0,LAM_myogenic_contractile,1.4798463564363542
LAM1,State_20,4,1,16309.0,ECM_remodeling,1.7783023190635419
LAM1,State_20,4,1,16309.0,mTOR_translation,2.1183893290435094
LAM1,State_20,4,1,16309.0,hormone_related,0.06831342618474927
LAM1,State_20,4,1,16309.0,hypoxia_stress,0.28875869897026807
LAM1,State_20,4,1,16309.0,protease_ECM_niche,0.8128277695169213
LAM1,State_20,4,1,16309.0,HOX_PBX,0.059774247911655615
LAM1,State_20,4,1,16309.0,normal_lung_interstitial,2.2853007357785193
LAM1,State_20,4,1,16309.0,LAMCORE_777,0.3981537212681369
LAM1,State_20,4,1,16309.0,ciliated,0.05335656944998638
LAM1,State_20,4,1,16309.0,AT2,1.060886251568606
LAM1,State_20,4,1,16309.0,macrophage,0.42577255363033706
LAM1,State_20,4,1,16309.0,endothelial,0.15218132072696874
LAM1,State_20,4,1,16309.0,fibroblast,2.2746701408011987
LAM1,State_20,4,1,16309.0,mesothelial,0.0
LAM1,State_20,4,1,16309.0,pericyte_VSMC,1.0898256774241557
LAM1,State_20,4,1,16309.0,gene_PMEL,0.0
LAM1,State_20,4,1,16309.0,gene_MLANA,0.0
LAM1,State_20,4,1,16309.0,gene_MITF,0.4781939832932449
LAM1,State_20,4,1,16309.0,gene_ACTA2,2.380521034773773
LAM1,State_20,4,1,16309.0,gene_ACTG2,0.0
LAM1,State_20,4,1,16309.0,gene_MYH11,0.0
LAM1,State_20,4,1,16309.0,gene_VEGFD,0.0
LAM1,State_20,4,1,16309.0,gene_CTSK,2.123207264662148
LAM1,State_20,4,1,16309.0,gene_ESR1,0.0
LAM1,State_20,4,1,16309.0,gene_EMX2,0.0
LAM1,State_20,4,1,16309.0,gene_HOXA11,0.0
LAM1,State_7,8,1,116852.0,melanocytic_identity,0.10354332528927578
LAM1,State_7,8,1,116852.0,contractile_marker_panel,0.4362776352907747
LAM1,State_7,8,1,116852.0,VEGFD_CTSK_panel,0.17809950757051093
LAM1,State_7,8,1,116852.0,ESR1_hormone_marker,0.08211287577550243
LAM1,State_7,8,1,116852.0,HOX_PBX_markers,0.0
LAM1,State_7,8,1,116852.0,CORE1,0.28965868222710706
LAM1,State_7,8,1,116852.0,CORE2,0.17166953596336332
LAM1,State_7,8,1,116852.0,CORE3_identity,0.24018105544125462
LAM1,State_7,8,1,116852.0,LAM_myogenic_contractile,0.47105522454023524
LAM1,State_7,8,1,116852.0,ECM_remodeling,0.11019242465490478
LAM1,State_7,8,1,116852.0,mTOR_translation,1.9672058050678074
LAM1,State_7,8,1,116852.0,hormone_related,0.05610612166333282
LAM1,State_7,8,1,116852.0,hypoxia_stress,0.20645005367385152
LAM1,State_7,8,1,116852.0,protease_ECM_niche,0.5499911858073451
LAM1,State_7,8,1,116852.0,HOX_PBX,0.049092856455416216
LAM1,State_7,8,1,116852.0,normal_lung_interstitial,0.15253448139788284
LAM1,State_7,8,1,116852.0,LAMCORE_777,0.09904064054590442
LAM1,State_7,8,1,116852.0,ciliated,0.04766403175444508
LAM1,State_7,8,1,116852.0,AT2,4.626113945357085
LAM1,State_7,8,1,116852.0,macrophage,1.541005153420003
LAM1,State_7,8,1,116852.0,endothelial,0.03159837462446832
LAM1,State_7,8,1,116852.0,fibroblast,0.11093416828936933
LAM1,State_7,8,1,116852.0,mesothelial,0.10684011285133051
LAM1,State_7,8,1,116852.0,pericyte_VSMC,0.31403681636015685
LAM1,State_7,8,1,116852.0,gene_PMEL,0.22851710009232487
LAM1,State_7,8,1,116852.0,gene_MLANA,0.0
LAM1,State_7,8,1,116852.0,gene_MITF,0.08211287577550243
LAM1,State_7,8,1,116852.0,gene_ACTA2,0.9323255213044304
LAM1,State_7,8,1,116852.0,gene_ACTG2,0.2943945087923912
LAM1,State_7,8,1,116852.0,gene_MYH11,0.08211287577550243
LAM1,State_7,8,1,116852.0,gene_VEGFD,0.0
LAM1,State_7,8,1,116852.0,gene_CTSK,0.35619901514102187
LAM1,State_7,8,1,116852.0,gene_ESR1,0.08211287577550243
LAM1,State_7,8,1,116852.0,gene_EMX2,0.0
LAM1,State_7,8,1,116852.0,gene_HOXA11,0.0
LAM1,State_5,33,1,639310.0,melanocytic_identity,0.12136925224822291
LAM1,State_5,33,1,639310.0,contractile_marker_panel,0.18902563413466641
LAM1,State_5,33,1,639310.0,VEGFD_CTSK_panel,0.19767296757555522
LAM1,State_5,33,1,639310.0,ESR1_hormone_marker,0.33005641138275155
LAM1,State_5,33,1,639310.0,HOX_PBX_markers,0.007760395419118305
LAM1,State_5,33,1,639310.0,CORE1,0.12310871577633771
LAM1,State_5,33,1,639310.0,CORE2,0.3063469035053497
LAM1,State_5,33,1,639310.0,CORE3_identity,0.2236806553350675
LAM1,State_5,33,1,639310.0,LAM_myogenic_contractile,0.18011297109102187
LAM1,State_5,33,1,639310.0,ECM_remodeling,0.17246853185850106
LAM1,State_5,33,1,639310.0,mTOR_translation,1.690121898478371
LAM1,State_5,33,1,639310.0,hormone_related,0.05158542757988925
LAM1,State_5,33,1,639310.0,hypoxia_stress,0.163870233660335
LAM1,State_5,33,1,639310.0,protease_ECM_niche,0.9032683760668584
LAM1,State_5,33,1,639310.0,HOX_PBX,0.020573913015375193
LAM1,State_5,33,1,639310.0,normal_lung_interstitial,0.2514782335655261
LAM1,State_5,33,1,639310.0,LAMCORE_777,0.05244607771582946
LAM1,State_5,33,1,639310.0,ciliated,0.001034719389215774
LAM1,State_5,33,1,639310.0,AT2,0.9366199729056679
LAM1,State_5,33,1,639310.0,macrophage,3.1736119660115545
LAM1,State_5,33,1,639310.0,endothelial,0.07595255336615532
LAM1,State_5,33,1,639310.0,fibroblast,0.1923390059346225
LAM1,State_5,33,1,639310.0,mesothelial,0.0
LAM1,State_5,33,1,639310.0,pericyte_VSMC,0.12007531406068124
LAM1,State_5,33,1,639310.0,gene_PMEL,0.1039031967566386
LAM1,State_5,33,1,639310.0,gene_MLANA,0.0
LAM1,State_5,33,1,639310.0,gene_MITF,0.2602045599880301
LAM1,State_5,33,1,639310.0,gene_ACTA2,0.47625448406694193
LAM1,State_5,33,1,639310.0,gene_ACTG2,0.07530162749882065
LAM1,State_5,33,1,639310.0,gene_MYH11,0.01552079083823661
LAM1,State_5,33,1,639310.0,gene_VEGFD,0.0
LAM1,State_5,33,1,639310.0,gene_CTSK,0.39534593515111044
LAM1,State_5,33,1,639310.0,gene_ESR1,0.33005641138275155
LAM1,State_5,33,1,639310.0,gene_EMX2,0.01552079083823661
LAM1,State_5,33,1,639310.0,gene_HOXA11,0.0
LAM1110,State_18,5,1,25502.0,melanocytic_identity,0.31444126535494576
LAM1110,State_18,5,1,25502.0,contractile_marker_panel,3.7904723642682847
LAM1110,State_18,5,1,25502.0,VEGFD_CTSK_panel,0.289499700286736
LAM1110,State_18,5,1,25502.0,ESR1_hormone_marker,0.3308321524612618
LAM1110,State_18,5,1,25502.0,HOX_PBX_markers,0.0
LAM1110,State_18,5,1,25502.0,CORE1,2.917695914430909
LAM1110,State_18,5,1,25502.0,CORE2,0.19029039957978866
LAM1110,State_18,5,1,25502.0,CORE3_identity,0.9362480338163424
LAM1110,State_18,5,1,25502.0,LAM_myogenic_contractile,3.8483863008802612
LAM1110,State_18,5,1,25502.0,ECM_remodeling,0.6652100061110653
LAM1110,State_18,5,1,25502.0,mTOR_translation,1.8280666908386545
LAM1110,State_18,5,1,25502.0,hormone_related,0.17723767221371364
LAM1110,State_18,5,1,25502.0,hypoxia_stress,0.49495858282498917
LAM1110,State_18,5,1,25502.0,protease_ECM_niche,0.3352883633983647
LAM1110,State_18,5,1,25502.0,HOX_PBX,0.24940422731796655
LAM1110,State_18,5,1,25502.0,normal_lung_interstitial,0.5236413015239731
LAM1110,State_18,5,1,25502.0,LAMCORE_777,0.3807711833231307
LAM1110,State_18,5,1,25502.0,ciliated,0.022055476830750785
LAM1110,State_18,5,1,25502.0,AT2,2.4610280608139727
LAM1110,State_18,5,1,25502.0,macrophage,0.11278760959054504
LAM1110,State_18,5,1,25502.0,endothelial,0.03308321524612618
LAM1110,State_18,5,1,25502.0,fibroblast,0.4795029707000712
LAM1110,State_18,5,1,25502.0,mesothelial,0.0
LAM1110,State_18,5,1,25502.0,pericyte_VSMC,2.7200204796784715
LAM1110,State_18,5,1,25502.0,gene_PMEL,0.0
LAM1110,State_18,5,1,25502.0,gene_MLANA,0.0
LAM1110,State_18,5,1,25502.0,gene_MITF,0.9433237960648373
LAM1110,State_18,5,1,25502.0,gene_ACTA2,4.700580887614826
LAM1110,State_18,5,1,25502.0,gene_ACTG2,2.766368925264445
LAM1110,State_18,5,1,25502.0,gene_MYH11,3.9044672799255826
LAM1110,State_18,5,1,25502.0,gene_VEGFD,0.0
LAM1110,State_18,5,1,25502.0,gene_CTSK,0.578999400573472
LAM1110,State_18,5,1,25502.0,gene_ESR1,0.3308321524612618
LAM1110,State_18,5,1,25502.0,gene_EMX2,0.0
LAM1110,State_18,5,1,25502.0,gene_HOXA11,0.0
LAM1110,State_20,34,1,259069.0,melanocytic_identity,0.19598517736132193
LAM1110,State_20,34,1,259069.0,contractile_marker_panel,0.2623024188889451
LAM1110,State_20,34,1,259069.0,VEGFD_CTSK_panel,0.9453678558659394
LAM1110,State_20,34,1,259069.0,ESR1_hormone_marker,0.4809411486832326
LAM1110,State_20,34,1,259069.0,HOX_PBX_markers,0.0
LAM1110,State_20,34,1,259069.0,CORE1,0.4925241925039654
LAM1110,State_20,34,1,259069.0,CORE2,0.4820292902202874
LAM1110,State_20,34,1,259069.0,CORE3_identity,0.5352199498808446
LAM1110,State_20,34,1,259069.0,LAM_myogenic_contractile,0.9234219587043786
LAM1110,State_20,34,1,259069.0,ECM_remodeling,1.634017408552098
LAM1110,State_20,34,1,259069.0,mTOR_translation,1.9192696300903558
LAM1110,State_20,34,1,259069.0,hormone_related,0.21914097885990222
LAM1110,State_20,34,1,259069.0,hypoxia_stress,0.6933137676194037
LAM1110,State_20,34,1,259069.0,protease_ECM_niche,0.7599772504492553
LAM1110,State_20,34,1,259069.0,HOX_PBX,0.16592056931753596
LAM1110,State_20,34,1,259069.0,normal_lung_interstitial,2.6134119716132225
LAM1110,State_20,34,1,259069.0,LAMCORE_777,0.414276345883944
LAM1110,State_20,34,1,259069.0,ciliated,0.11203392377815277
LAM1110,State_20,34,1,259069.0,AT2,3.9040421162757006
LAM1110,State_20,34,1,259069.0,macrophage,0.17959432543108436
LAM1110,State_20,34,1,259069.0,endothelial,0.09679205614648766
LAM1110,State_20,34,1,259069.0,fibroblast,2.363527689888287
LAM1110,State_20,34,1,259069.0,mesothelial,0.11406603675082747
LAM1110,State_20,34,1,259069.0,pericyte_VSMC,0.6657752031550223
LAM1110,State_20,34,1,259069.0,gene_PMEL,0.03787341680081665
LAM1110,State_20,34,1,259069.0,gene_MLANA,0.0
LAM1110,State_20,34,1,259069.0,gene_MITF,0.5500821152831491
LAM1110,State_20,34,1,259069.0,gene_ACTA2,0.7869072566668354
LAM1110,State_20,34,1,259069.0,gene_ACTG2,0.0
LAM1110,State_20,34,1,259069.0,gene_MYH11,0.0
LAM1110,State_20,34,1,259069.0,gene_VEGFD,0.6354091483297761
LAM1110,State_20,34,1,259069.0,gene_CTSK,1.2553265634021027
LAM1110,State_20,34,1,259069.0,gene_ESR1,0.4809411486832326
LAM1110,State_20,34,1,259069.0,gene_EMX2,0.0
LAM1110,State_20,34,1,259069.0,gene_HOXA11,0.0
LAM1110,State_7,7,1,141531.0,melanocytic_identity,0.1405652971552924
LAM1110,State_7,7,1,141531.0,contractile_marker_panel,0.08296922121930875
LAM1110,State_7,7,1,141531.0,VEGFD_CTSK_panel,0.19224523392814558
LAM1110,State_7,7,1,141531.0,ESR1_hormone_marker,0.06827145011897894
LAM1110,State_7,7,1,141531.0,HOX_PBX_markers,0.0
LAM1110,State_7,7,1,141531.0,CORE1,0.06470360803028484
LAM1110,State_7,7,1,141531.0,CORE2,0.10930722618014341
LAM1110,State_7,7,1,141531.0,CORE3_identity,0.1604807818712962
LAM1110,State_7,7,1,141531.0,LAM_myogenic_contractile,0.1286974343318514
LAM1110,State_7,7,1,141531.0,ECM_remodeling,0.15553754058175998
LAM1110,State_7,7,1,141531.0,mTOR_translation,1.9637753852198052
LAM1110,State_7,7,1,141531.0,hormone_related,0.08043536930023863
LAM1110,State_7,7,1,141531.0,hypoxia_stress,0.5173592891887109
LAM1110,State_7,7,1,141531.0,protease_ECM_niche,0.33389575620014444
LAM1110,State_7,7,1,141531.0,HOX_PBX,0.0810616888313113
LAM1110,State_7,7,1,141531.0,normal_lung_interstitial,0.37747452125251124
LAM1110,State_7,7,1,141531.0,LAMCORE_777,0.126488885065366
LAM1110,State_7,7,1,141531.0,ciliated,0.12875658578579816
LAM1110,State_7,7,1,141531.0,AT2,3.0621385313565894
LAM1110,State_7,7,1,141531.0,macrophage,0.14481641978682466
LAM1110,State_7,7,1,141531.0,endothelial,0.08334943240810011
LAM1110,State_7,7,1,141531.0,fibroblast,0.29274962913504216
LAM1110,State_7,7,1,141531.0,mesothelial,0.05506436627084059
LAM1110,State_7,7,1,141531.0,pericyte_VSMC,0.09148757706448252
LAM1110,State_7,7,1,141531.0,gene_PMEL,0.06827145011897894
LAM1110,State_7,7,1,141531.0,gene_MLANA,0.0
LAM1110,State_7,7,1,141531.0,gene_MITF,0.3534244413468982
LAM1110,State_7,7,1,141531.0,gene_ACTA2,0.24890766365792624
LAM1110,State_7,7,1,141531.0,gene_ACTG2,0.0
LAM1110,State_7,7,1,141531.0,gene_MYH11,0.0
LAM1110,State_7,7,1,141531.0,gene_VEGFD,0.19224523392814558
LAM1110,State_7,7,1,141531.0,gene_CTSK,0.19224523392814558
LAM1110,State_7,7,1,141531.0,gene_ESR1,0.06827145011897894
LAM1110,State_7,7,1,141531.0,gene_EMX2,0.0
LAM1110,State_7,7,1,141531.0,gene_HOXA11,0.0
LAM1110,State_5,56,1,819494.0,melanocytic_identity,0.24499816897212942
LAM1110,State_5,56,1,819494.0,contractile_marker_panel,0.12698933452115937
LAM1110,State_5,56,1,819494.0,VEGFD_CTSK_panel,0.11890112932803931
LAM1110,State_5,56,1,819494.0,ESR1_hormone_marker,0.1259532754377275
LAM1110,State_5,56,1,819494.0,HOX_PBX_markers,0.0
LAM1110,State_5,56,1,819494.0,CORE1,0.08973518885365778
LAM1110,State_5,56,1,819494.0,CORE2,0.35773342763686217
LAM1110,State_5,56,1,819494.0,CORE3_identity,0.2113882920819532
LAM1110,State_5,56,1,819494.0,LAM_myogenic_contractile,0.09713823343283669
LAM1110,State_5,56,1,819494.0,ECM_remodeling,0.31125193871608564
LAM1110,State_5,56,1,819494.0,mTOR_translation,1.505697923959842
LAM1110,State_5,56,1,819494.0,hormone_related,0.0179933250625325
LAM1110,State_5,56,1,819494.0,hypoxia_stress,0.549307672064752
LAM1110,State_5,56,1,819494.0,protease_ECM_niche,0.9394678578564548
LAM1110,State_5,56,1,819494.0,HOX_PBX,0.014878689707670515
LAM1110,State_5,56,1,819494.0,normal_lung_interstitial,0.419240955656446
LAM1110,State_5,56,1,819494.0,LAMCORE_777,0.058095135272073925
LAM1110,State_5,56,1,819494.0,ciliated,0.01423832480152556
LAM1110,State_5,56,1,819494.0,AT2,0.7924992092672531
LAM1110,State_5,56,1,819494.0,macrophage,3.060744999755282
LAM1110,State_5,56,1,819494.0,endothelial,0.1671726610868673
LAM1110,State_5,56,1,819494.0,fibroblast,0.31033756475813445
LAM1110,State_5,56,1,819494.0,mesothelial,0.010375350229716562
LAM1110,State_5,56,1,819494.0,pericyte_VSMC,0.0667681766853178
LAM1110,State_5,56,1,819494.0,gene_PMEL,0.0476567673761868
LAM1110,State_5,56,1,819494.0,gene_MLANA,0.0
LAM1110,State_5,56,1,819494.0,gene_MITF,0.6873377395402014
LAM1110,State_5,56,1,819494.0,gene_ACTA2,0.3809680035634781
LAM1110,State_5,56,1,819494.0,gene_ACTG2,0.0
LAM1110,State_5,56,1,819494.0,gene_MYH11,0.0
LAM1110,State_5,56,1,819494.0,gene_VEGFD,0.0
LAM1110,State_5,56,1,819494.0,gene_CTSK,0.23780225865607862
LAM1110,State_5,56,1,819494.0,gene_ESR1,0.1259532754377275
LAM1110,State_5,56,1,819494.0,gene_EMX2,0.0
LAM1110,State_5,56,1,819494.0,gene_HOXA11,0.0
LAM1158,State_15,10,1,148271.0,melanocytic_identity,1.612231686317039
LAM1158,State_15,10,1,148271.0,contractile_marker_panel,3.000340780492077
LAM1158,State_15,10,1,148271.0,VEGFD_CTSK_panel,2.6597955119945476
LAM1158,State_15,10,1,148271.0,ESR1_hormone_marker,0.6295537785460434
LAM1158,State_15,10,1,148271.0,HOX_PBX_markers,0.3566038673403285
LAM1158,State_15,10,1,148271.0,CORE1,2.158059904697497
LAM1158,State_15,10,1,148271.0,CORE2,1.6110520629269145
LAM1158,State_15,10,1,148271.0,CORE3_identity,2.136590919727848
LAM1158,State_15,10,1,148271.0,LAM_myogenic_contractile,2.93325134493475
LAM1158,State_15,10,1,148271.0,ECM_remodeling,1.5637909923824338
LAM1158,State_15,10,1,148271.0,mTOR_translation,1.8145794669650888
LAM1158,State_15,10,1,148271.0,hormone_related,0.3295207572736212
LAM1158,State_15,10,1,148271.0,hypoxia_stress,0.616695479794235
LAM1158,State_15,10,1,148271.0,protease_ECM_niche,1.0588592378174426
LAM1158,State_15,10,1,148271.0,HOX_PBX,0.3561733089842236
LAM1158,State_15,10,1,148271.0,normal_lung_interstitial,1.3963112315000985
LAM1158,State_15,10,1,148271.0,LAMCORE_777,0.6351628328323555
LAM1158,State_15,10,1,148271.0,ciliated,0.02897613022198555
LAM1158,State_15,10,1,148271.0,AT2,0.1702555240758279
LAM1158,State_15,10,1,148271.0,macrophage,0.3594010748853747
LAM1158,State_15,10,1,148271.0,endothelial,0.030410780696547714
LAM1158,State_15,10,1,148271.0,fibroblast,1.2684255957880095
LAM1158,State_15,10,1,148271.0,mesothelial,0.13535929657084184
LAM1158,State_15,10,1,148271.0,pericyte_VSMC,2.029021563524312
LAM1158,State_15,10,1,148271.0,gene_PMEL,3.1021119902965477
LAM1158,State_15,10,1,148271.0,gene_MLANA,0.9097773997334917
LAM1158,State_15,10,1,148271.0,gene_MITF,0.8248056689210772
LAM1158,State_15,10,1,148271.0,gene_ACTA2,4.1702965766086795
LAM1158,State_15,10,1,148271.0,gene_ACTG2,2.6687111570681834
LAM1158,State_15,10,1,148271.0,gene_MYH11,2.1620146077993687
LAM1158,State_15,10,1,148271.0,gene_VEGFD,1.4752671383435627
LAM1158,State_15,10,1,148271.0,gene_CTSK,3.8443238856455326
LAM1158,State_15,10,1,148271.0,gene_ESR1,0.6295537785460434
LAM1158,State_15,10,1,148271.0,gene_EMX2,0.4743670008973329
LAM1158,State_15,10,1,148271.0,gene_HOXA11,0.2388407337833241
LAM1158,State_18,12,1,112259.0,melanocytic_identity,0.5698618145943056
LAM1158,State_18,12,1,112259.0,contractile_marker_panel,3.255466917663275
LAM1158,State_18,12,1,112259.0,VEGFD_CTSK_panel,0.8409875373498932
LAM1158,State_18,12,1,112259.0,ESR1_hormone_marker,0.0
LAM1158,State_18,12,1,112259.0,HOX_PBX_markers,0.0
LAM1158,State_18,12,1,112259.0,CORE1,2.8858094923160174
LAM1158,State_18,12,1,112259.0,CORE2,0.5251510192984937
LAM1158,State_18,12,1,112259.0,CORE3_identity,1.0931375907327512
LAM1158,State_18,12,1,112259.0,LAM_myogenic_contractile,3.7311640786619433
LAM1158,State_18,12,1,112259.0,ECM_remodeling,0.8495367552337854
LAM1158,State_18,12,1,112259.0,mTOR_translation,1.9896359519227773
LAM1158,State_18,12,1,112259.0,hormone_related,0.15483267500244374
LAM1158,State_18,12,1,112259.0,hypoxia_stress,0.6574309686109269
LAM1158,State_18,12,1,112259.0,protease_ECM_niche,0.5207884806786206
LAM1158,State_18,12,1,112259.0,HOX_PBX,0.1044621477862554
LAM1158,State_18,12,1,112259.0,normal_lung_interstitial,0.45517827667484856
LAM1158,State_18,12,1,112259.0,LAMCORE_777,0.4258769274384085
LAM1158,State_18,12,1,112259.0,ciliated,0.05415849802678585
LAM1158,State_18,12,1,112259.0,AT2,0.17717520178561263
LAM1158,State_18,12,1,112259.0,macrophage,0.2775764630531505
LAM1158,State_18,12,1,112259.0,endothelial,0.05323385421885731
LAM1158,State_18,12,1,112259.0,fibroblast,0.40817727971843837
LAM1158,State_18,12,1,112259.0,mesothelial,0.012190434813586582
LAM1158,State_18,12,1,112259.0,pericyte_VSMC,2.7911719715098493
LAM1158,State_18,12,1,112259.0,gene_PMEL,1.1715507240306786
LAM1158,State_18,12,1,112259.0,gene_MLANA,0.0
LAM1158,State_18,12,1,112259.0,gene_MITF,0.5380347197522384
LAM1158,State_18,12,1,112259.0,gene_ACTA2,4.260402616646555
LAM1158,State_18,12,1,112259.0,gene_ACTG2,2.3286709407930752
LAM1158,State_18,12,1,112259.0,gene_MYH11,3.1773271955501947
LAM1158,State_18,12,1,112259.0,gene_VEGFD,0.1639534197709848
LAM1158,State_18,12,1,112259.0,gene_CTSK,1.5180216549288015
LAM1158,State_18,12,1,112259.0,gene_ESR1,0.0
LAM1158,State_18,12,1,112259.0,gene_EMX2,0.0
LAM1158,State_18,12,1,112259.0,gene_HOXA11,0.0
LAM1158,State_20,36,1,474060.0,melanocytic_identity,0.20999687476963477
LAM1158,State_20,36,1,474060.0,contractile_marker_panel,0.3132194495772365
LAM1158,State_20,36,1,474060.0,VEGFD_CTSK_panel,0.9469833938254646
LAM1158,State_20,36,1,474060.0,ESR1_hormone_marker,0.19140002451075455
LAM1158,State_20,36,1,474060.0,HOX_PBX_markers,0.0
LAM1158,State_20,36,1,474060.0,CORE1,0.7457136651973635
LAM1158,State_20,36,1,474060.0,CORE2,0.5260078806092956
LAM1158,State_20,36,1,474060.0,CORE3_identity,0.5162418162660796
LAM1158,State_20,36,1,474060.0,LAM_myogenic_contractile,1.0564580852289425
LAM1158,State_20,36,1,474060.0,ECM_remodeling,2.051604643448885
LAM1158,State_20,36,1,474060.0,mTOR_translation,1.9361856477435155
LAM1158,State_20,36,1,474060.0,hormone_related,0.2085020330201765
LAM1158,State_20,36,1,474060.0,hypoxia_stress,0.8288825408518647
LAM1158,State_20,36,1,474060.0,protease_ECM_niche,0.9727467390945307
LAM1158,State_20,36,1,474060.0,HOX_PBX,0.15999158624385051
LAM1158,State_20,36,1,474060.0,normal_lung_interstitial,2.691568313369651
LAM1158,State_20,36,1,474060.0,LAMCORE_777,0.46874534738452506
LAM1158,State_20,36,1,474060.0,ciliated,0.024477505745186943
LAM1158,State_20,36,1,474060.0,AT2,0.16702207039786596
LAM1158,State_20,36,1,474060.0,macrophage,0.4592011085789872
LAM1158,State_20,36,1,474060.0,endothelial,0.10408955633105546
LAM1158,State_20,36,1,474060.0,fibroblast,2.55598670071298
LAM1158,State_20,36,1,474060.0,mesothelial,0.14983812444801048
LAM1158,State_20,36,1,474060.0,pericyte_VSMC,0.8276675544329448
LAM1158,State_20,36,1,474060.0,gene_PMEL,0.041323071339740405
LAM1158,State_20,36,1,474060.0,gene_MLANA,0.0
LAM1158,State_20,36,1,474060.0,gene_MITF,0.5886675529691638
LAM1158,State_20,36,1,474060.0,gene_ACTA2,0.8983352773919692
LAM1158,State_20,36,1,474060.0,gene_ACTG2,0.0
LAM1158,State_20,36,1,474060.0,gene_MYH11,0.041323071339740405
LAM1158,State_20,36,1,474060.0,gene_VEGFD,0.22564642839978133
LAM1158,State_20,36,1,474060.0,gene_CTSK,1.6683203592511477
LAM1158,State_20,36,1,474060.0,gene_ESR1,0.19140002451075455
LAM1158,State_20,36,1,474060.0,gene_EMX2,0.0
LAM1158,State_20,36,1,474060.0,gene_HOXA11,0.0
LAM1158,State_12,2,1,132960.0,melanocytic_identity,0.11184285417593154
LAM1158,State_12,2,1,132960.0,contractile_marker_panel,0.0
LAM1158,State_12,2,1,132960.0,VEGFD_CTSK_panel,0.03625826987201727
LAM1158,State_12,2,1,132960.0,ESR1_hormone_marker,0.0
LAM1158,State_12,2,1,132960.0,HOX_PBX_markers,0.0
LAM1158,State_12,2,1,132960.0,CORE1,0.08946244776225729
LAM1158,State_12,2,1,132960.0,CORE2,0.051005637783978645
LAM1158,State_12,2,1,132960.0,CORE3_identity,0.05829215746740417
LAM1158,State_12,2,1,132960.0,LAM_myogenic_contractile,0.2348746067399911
LAM1158,State_12,2,1,132960.0,ECM_remodeling,0.6600481172987647
LAM1158,State_12,2,1,132960.0,mTOR_translation,1.994534009648175
LAM1158,State_12,2,1,132960.0,hormone_related,0.05320494034738322
LAM1158,State_12,2,1,132960.0,hypoxia_stress,0.7858617972802721
LAM1158,State_12,2,1,132960.0,protease_ECM_niche,0.6246805247693725
LAM1158,State_12,2,1,132960.0,HOX_PBX,0.11833908803292638
LAM1158,State_12,2,1,132960.0,normal_lung_interstitial,0.02543205510142654
LAM1158,State_12,2,1,132960.0,LAMCORE_777,0.25944289100690116
LAM1158,State_12,2,1,132960.0,ciliated,0.009668871965871271
LAM1158,State_12,2,1,132960.0,AT2,0.1293669154799379
LAM1158,State_12,2,1,132960.0,macrophage,0.10383977430727862
LAM1158,State_12,2,1,132960.0,endothelial,1.3514583302744854
LAM1158,State_12,2,1,132960.0,fibroblast,0.065490953897997
LAM1158,State_12,2,1,132960.0,mesothelial,0.25866193953404054
LAM1158,State_12,2,1,132960.0,pericyte_VSMC,0.15658307115999406
LAM1158,State_12,2,1,132960.0,gene_PMEL,0.07251653974403453
LAM1158,State_12,2,1,132960.0,gene_MLANA,0.0
LAM1158,State_12,2,1,132960.0,gene_MITF,0.26301202278376007
LAM1158,State_12,2,1,132960.0,gene_ACTA2,0.0
LAM1158,State_12,2,1,132960.0,gene_ACTG2,0.0
LAM1158,State_12,2,1,132960.0,gene_MYH11,0.0
LAM1158,State_12,2,1,132960.0,gene_VEGFD,0.0
LAM1158,State_12,2,1,132960.0,gene_CTSK,0.07251653974403453
LAM1158,State_12,2,1,132960.0,gene_ESR1,0.0
LAM1158,State_12,2,1,132960.0,gene_EMX2,0.0
LAM1158,State_12,2,1,132960.0,gene_HOXA11,0.0
LAM1158,State_7,17,1,519708.0,melanocytic_identity,0.13024984517031205
LAM1158,State_7,17,1,519708.0,contractile_marker_panel,0.09581832490744753
LAM1158,State_7,17,1,519708.0,VEGFD_CTSK_panel,0.07398847311769835
LAM1158,State_7,17,1,519708.0,ESR1_hormone_marker,0.03776113717241394
LAM1158,State_7,17,1,519708.0,HOX_PBX_markers,0.0
LAM1158,State_7,17,1,519708.0,CORE1,0.08258184951416364
LAM1158,State_7,17,1,519708.0,CORE2,0.07435582431345528
LAM1158,State_7,17,1,519708.0,CORE3_identity,0.12069768538691342
LAM1158,State_7,17,1,519708.0,LAM_myogenic_contractile,0.12267714218869769
LAM1158,State_7,17,1,519708.0,ECM_remodeling,0.17901879484862107
LAM1158,State_7,17,1,519708.0,mTOR_translation,2.1315679656496775
LAM1158,State_7,17,1,519708.0,hormone_related,0.10844630512920563
LAM1158,State_7,17,1,519708.0,hypoxia_stress,0.6669668729234728
LAM1158,State_7,17,1,519708.0,protease_ECM_niche,0.5101661378247051
LAM1158,State_7,17,1,519708.0,HOX_PBX,0.10169242589170184
LAM1158,State_7,17,1,519708.0,normal_lung_interstitial,0.15934382986297813
LAM1158,State_7,17,1,519708.0,LAMCORE_777,0.15336558265227732
LAM1158,State_7,17,1,519708.0,ciliated,0.042033447795895046
LAM1158,State_7,17,1,519708.0,AT2,3.2786755263217526
LAM1158,State_7,17,1,519708.0,macrophage,0.062097308791044914
LAM1158,State_7,17,1,519708.0,endothelial,0.013026821653575767
LAM1158,State_7,17,1,519708.0,fibroblast,0.1176190395305928
LAM1158,State_7,17,1,519708.0,mesothelial,0.1991795365687899
LAM1158,State_7,17,1,519708.0,pericyte_VSMC,0.08337299445352309
LAM1158,State_7,17,1,519708.0,gene_PMEL,0.03776113717241394
LAM1158,State_7,17,1,519708.0,gene_MLANA,0.0
LAM1158,State_7,17,1,519708.0,gene_MITF,0.35298839833852225
LAM1158,State_7,17,1,519708.0,gene_ACTA2,0.26839617878964706
LAM1158,State_7,17,1,519708.0,gene_ACTG2,0.019058795932695573
LAM1158,State_7,17,1,519708.0,gene_MYH11,0.0
LAM1158,State_7,17,1,519708.0,gene_VEGFD,0.0918568334740873
LAM1158,State_7,17,1,519708.0,gene_CTSK,0.05612011276130941
LAM1158,State_7,17,1,519708.0,gene_ESR1,0.03776113717241394
LAM1158,State_7,17,1,519708.0,gene_EMX2,0.0
LAM1158,State_7,17,1,519708.0,gene_HOXA11,0.0
LAM1158,State_5,88,1,2677975.0,melanocytic_identity,0.2255043270942616
LAM1158,State_5,88,1,2677975.0,contractile_marker_panel,0.0937152752856933
LAM1158,State_5,88,1,2677975.0,VEGFD_CTSK_panel,0.05158560540885402
LAM1158,State_5,88,1,2677975.0,ESR1_hormone_marker,0.054499995924983495
LAM1158,State_5,88,1,2677975.0,HOX_PBX_markers,0.0
LAM1158,State_5,88,1,2677975.0,CORE1,0.06046884701163592
LAM1158,State_5,88,1,2677975.0,CORE2,0.3084064761639469
LAM1158,State_5,88,1,2677975.0,CORE3_identity,0.1577374605773767
LAM1158,State_5,88,1,2677975.0,LAM_myogenic_contractile,0.08614464977380622
LAM1158,State_5,88,1,2677975.0,ECM_remodeling,0.4232640979035098
LAM1158,State_5,88,1,2677975.0,mTOR_translation,1.6523099622068462
LAM1158,State_5,88,1,2677975.0,hormone_related,0.009377172446627918
LAM1158,State_5,88,1,2677975.0,hypoxia_stress,0.61895852473073
LAM1158,State_5,88,1,2677975.0,protease_ECM_niche,0.9636620800774345
LAM1158,State_5,88,1,2677975.0,HOX_PBX,0.01499167413802285
LAM1158,State_5,88,1,2677975.0,normal_lung_interstitial,0.2136829789781982
LAM1158,State_5,88,1,2677975.0,LAMCORE_777,0.05989716381351344
LAM1158,State_5,88,1,2677975.0,ciliated,0.002226244251907301
LAM1158,State_5,88,1,2677975.0,AT2,0.3093820883394823
LAM1158,State_5,88,1,2677975.0,macrophage,2.9511221954515934
LAM1158,State_5,88,1,2677975.0,endothelial,0.17724285636813536
LAM1158,State_5,88,1,2677975.0,fibroblast,0.1560822192313298
LAM1158,State_5,88,1,2677975.0,mesothelial,0.005306849286225527
LAM1158,State_5,88,1,2677975.0,pericyte_VSMC,0.05990423544668259
LAM1158,State_5,88,1,2677975.0,gene_PMEL,0.03666133311106362
LAM1158,State_5,88,1,2677975.0,gene_MLANA,0.0
LAM1158,State_5,88,1,2677975.0,gene_MITF,0.6398516481717211
LAM1158,State_5,88,1,2677975.0,gene_ACTA2,0.26997803601616055
LAM1158,State_5,88,1,2677975.0,gene_ACTG2,0.007440579719042198
LAM1158,State_5,88,1,2677975.0,gene_MYH11,0.003727210121877169
LAM1158,State_5,88,1,2677975.0,gene_VEGFD,0.003727210121877169
LAM1158,State_5,88,1,2677975.0,gene_CTSK,0.09944400069583087
LAM1158,State_5,88,1,2677975.0,gene_ESR1,0.054499995924983495
LAM1158,State_5,88,1,2677975.0,gene_EMX2,0.0
LAM1158,State_5,88,1,2677975.0,gene_HOXA11,0.0
LAM1163,State_15,127,1,1802380.0,melanocytic_identity,1.2582526611553693
LAM1163,State_15,127,1,1802380.0,contractile_marker_panel,2.497783305321215
LAM1163,State_15,127,1,1802380.0,VEGFD_CTSK_panel,2.051803602469588
LAM1163,State_15,127,1,1802380.0,ESR1_hormone_marker,0.5526850852353493
LAM1163,State_15,127,1,1802380.0,HOX_PBX_markers,0.46940142108484795
LAM1163,State_15,127,1,1802380.0,CORE1,2.3894673448118597
LAM1163,State_15,127,1,1802380.0,CORE2,1.245876466096361
LAM1163,State_15,127,1,1802380.0,CORE3_identity,1.762411089374763
LAM1163,State_15,127,1,1802380.0,LAM_myogenic_contractile,3.1106549501676923
LAM1163,State_15,127,1,1802380.0,ECM_remodeling,1.814993624178972
LAM1163,State_15,127,1,1802380.0,mTOR_translation,2.012064744623768
LAM1163,State_15,127,1,1802380.0,hormone_related,0.2640882434919013
LAM1163,State_15,127,1,1802380.0,hypoxia_stress,0.6875965816995806
LAM1163,State_15,127,1,1802380.0,protease_ECM_niche,1.1680887141047298
LAM1163,State_15,127,1,1802380.0,HOX_PBX,0.3567962030643652
LAM1163,State_15,127,1,1802380.0,normal_lung_interstitial,1.5444579601731772
LAM1163,State_15,127,1,1802380.0,LAMCORE_777,0.6384071178781854
LAM1163,State_15,127,1,1802380.0,ciliated,0.030986898427604846
LAM1163,State_15,127,1,1802380.0,AT2,1.9825438258675454
LAM1163,State_15,127,1,1802380.0,macrophage,0.3993460433746528
LAM1163,State_15,127,1,1802380.0,endothelial,0.06714407401478766
LAM1163,State_15,127,1,1802380.0,fibroblast,1.352341447993796
LAM1163,State_15,127,1,1802380.0,mesothelial,0.14208539001428908
LAM1163,State_15,127,1,1802380.0,pericyte_VSMC,2.169073543788109
LAM1163,State_15,127,1,1802380.0,gene_PMEL,2.8247548213546447
LAM1163,State_15,127,1,1802380.0,gene_MLANA,0.043428919881881176
LAM1163,State_15,127,1,1802380.0,gene_MITF,0.9065742422295819
LAM1163,State_15,127,1,1802380.0,gene_ACTA2,3.905827351982707
LAM1163,State_15,127,1,1802380.0,gene_ACTG2,0.8770090308315672
LAM1163,State_15,127,1,1802380.0,gene_MYH11,2.710513533149371
LAM1163,State_15,127,1,1802380.0,gene_VEGFD,0.22287942118308396
LAM1163,State_15,127,1,1802380.0,gene_CTSK,3.8807277837560923
LAM1163,State_15,127,1,1802380.0,gene_ESR1,0.5526850852353493
LAM1163,State_15,127,1,1802380.0,gene_EMX2,0.5300843776713657
LAM1163,State_15,127,1,1802380.0,gene_HOXA11,0.4087184644983302
LAM1163,State_18,21,1,131768.0,melanocytic_identity,0.2158217426886017
LAM1163,State_18,21,1,131768.0,contractile_marker_panel,3.3979075966441123
LAM1163,State_18,21,1,131768.0,VEGFD_CTSK_panel,0.3432079074070884
LAM1163,State_18,21,1,131768.0,ESR1_hormone_marker,0.0
LAM1163,State_18,21,1,131768.0,HOX_PBX_markers,0.0
LAM1163,State_18,21,1,131768.0,CORE1,3.1513258773387705
LAM1163,State_18,21,1,131768.0,CORE2,0.16673513035999774
LAM1163,State_18,21,1,131768.0,CORE3_identity,0.8189813698284057
LAM1163,State_18,21,1,131768.0,LAM_myogenic_contractile,3.745993095736593
LAM1163,State_18,21,1,131768.0,ECM_remodeling,1.0302322510530841
LAM1163,State_18,21,1,131768.0,mTOR_translation,2.0105854576120064
LAM1163,State_18,21,1,131768.0,hormone_related,0.14664507921151354
LAM1163,State_18,21,1,131768.0,hypoxia_stress,0.759015726062069
LAM1163,State_18,21,1,131768.0,protease_ECM_niche,0.5225448009428448
LAM1163,State_18,21,1,131768.0,HOX_PBX,0.10570693604204041
LAM1163,State_18,21,1,131768.0,normal_lung_interstitial,0.6182978618914663
LAM1163,State_18,21,1,131768.0,LAMCORE_777,0.4435296061880951
LAM1163,State_18,21,1,131768.0,ciliated,0.06011765519604332
LAM1163,State_18,21,1,131768.0,AT2,0.40410894627307087
LAM1163,State_18,21,1,131768.0,macrophage,0.32840143462127136
LAM1163,State_18,21,1,131768.0,endothelial,0.44534778375321904
LAM1163,State_18,21,1,131768.0,fibroblast,0.5814283870443194
LAM1163,State_18,21,1,131768.0,mesothelial,0.05640535233728523
LAM1163,State_18,21,1,131768.0,pericyte_VSMC,2.8947200068844463
LAM1163,State_18,21,1,131768.0,gene_PMEL,0.0
LAM1163,State_18,21,1,131768.0,gene_MLANA,0.0
LAM1163,State_18,21,1,131768.0,gene_MITF,0.6474652280658051
LAM1163,State_18,21,1,131768.0,gene_ACTA2,4.398988545918859
LAM1163,State_18,21,1,131768.0,gene_ACTG2,2.604318608277965
LAM1163,State_18,21,1,131768.0,gene_MYH11,3.190415635735513
LAM1163,State_18,21,1,131768.0,gene_VEGFD,0.0
LAM1163,State_18,21,1,131768.0,gene_CTSK,0.6864158148141768
LAM1163,State_18,21,1,131768.0,gene_ESR1,0.0
LAM1163,State_18,21,1,131768.0,gene_EMX2,0.0
LAM1163,State_18,21,1,131768.0,gene_HOXA11,0.0
LAM1163,State_20,54,1,397543.0,melanocytic_identity,0.25625607307034315
LAM1163,State_20,54,1,397543.0,contractile_marker_panel,0.6797664781128057
LAM1163,State_20,54,1,397543.0,VEGFD_CTSK_panel,1.1360934897301946
LAM1163,State_20,54,1,397543.0,ESR1_hormone_marker,0.09587188233782741
LAM1163,State_20,54,1,397543.0,HOX_PBX_markers,0.0
LAM1163,State_20,54,1,397543.0,CORE1,1.160736452108027
LAM1163,State_20,54,1,397543.0,CORE2,0.6026284185411181
LAM1163,State_20,54,1,397543.0,CORE3_identity,0.6431984050417225
LAM1163,State_20,54,1,397543.0,LAM_myogenic_contractile,1.484061039711062
LAM1163,State_20,54,1,397543.0,ECM_remodeling,2.067993078500536
LAM1163,State_20,54,1,397543.0,mTOR_translation,1.9745913101237405
LAM1163,State_20,54,1,397543.0,hormone_related,0.23438241575805735
LAM1163,State_20,54,1,397543.0,hypoxia_stress,0.8374166295572039
LAM1163,State_20,54,1,397543.0,protease_ECM_niche,0.958470687981534
LAM1163,State_20,54,1,397543.0,HOX_PBX,0.11261755871273495
LAM1163,State_20,54,1,397543.0,normal_lung_interstitial,2.5449814812661464
LAM1163,State_20,54,1,397543.0,LAMCORE_777,0.4780773440351446
LAM1163,State_20,54,1,397543.0,ciliated,0.017826317549735307
LAM1163,State_20,54,1,397543.0,AT2,0.9935279821356442
LAM1163,State_20,54,1,397543.0,macrophage,0.28975330444862163
LAM1163,State_20,54,1,397543.0,endothelial,0.22612589685252224
LAM1163,State_20,54,1,397543.0,fibroblast,2.5393600752982373
LAM1163,State_20,54,1,397543.0,mesothelial,0.10248495203175348
LAM1163,State_20,54,1,397543.0,pericyte_VSMC,1.1434734896671113
LAM1163,State_20,54,1,397543.0,gene_PMEL,0.0
LAM1163,State_20,54,1,397543.0,gene_MLANA,0.0
LAM1163,State_20,54,1,397543.0,gene_MITF,0.7687682192110294
LAM1163,State_20,54,1,397543.0,gene_ACTA2,1.3655617542828111
LAM1163,State_20,54,1,397543.0,gene_ACTG2,0.14056776502551518
LAM1163,State_20,54,1,397543.0,gene_MYH11,0.5331699150300907
LAM1163,State_20,54,1,397543.0,gene_VEGFD,0.48788209629070123
LAM1163,State_20,54,1,397543.0,gene_CTSK,1.7843048831696882
LAM1163,State_20,54,1,397543.0,gene_ESR1,0.09587188233782741
LAM1163,State_20,54,1,397543.0,gene_EMX2,0.0
LAM1163,State_20,54,1,397543.0,gene_HOXA11,0.0
LAM1163,State_12,28,1,434237.0,melanocytic_identity,0.3298716802019339
LAM1163,State_12,28,1,434237.0,contractile_marker_panel,0.7968210705855846
LAM1163,State_12,28,1,434237.0,VEGFD_CTSK_panel,0.6651054508338314
LAM1163,State_12,28,1,434237.0,ESR1_hormone_marker,0.022767735803441
LAM1163,State_12,28,1,434237.0,HOX_PBX_markers,0.033898178033715365
LAM1163,State_12,28,1,434237.0,CORE1,1.0463225814210009
LAM1163,State_12,28,1,434237.0,CORE2,0.4032001744235659
LAM1163,State_12,28,1,434237.0,CORE3_identity,0.5397029009257586
LAM1163,State_12,28,1,434237.0,LAM_myogenic_contractile,1.2557404504378038
LAM1163,State_12,28,1,434237.0,ECM_remodeling,1.1286000495812862
LAM1163,State_12,28,1,434237.0,mTOR_translation,2.019037216448307
LAM1163,State_12,28,1,434237.0,hormone_related,0.08651083208339905
LAM1163,State_12,28,1,434237.0,hypoxia_stress,0.8750229401943315
LAM1163,State_12,28,1,434237.0,protease_ECM_niche,0.9592404953229005
LAM1163,State_12,28,1,434237.0,HOX_PBX,0.09525746221913883
LAM1163,State_12,28,1,434237.0,normal_lung_interstitial,1.0288206351757077
LAM1163,State_12,28,1,434237.0,LAMCORE_777,0.32491862029296553
LAM1163,State_12,28,1,434237.0,ciliated,0.03489694405984424
LAM1163,State_12,28,1,434237.0,AT2,3.7384326078158523
LAM1163,State_12,28,1,434237.0,macrophage,0.9573985412589976
LAM1163,State_12,28,1,434237.0,endothelial,1.0930292317639712
LAM1163,State_12,28,1,434237.0,fibroblast,1.0450344401356537
LAM1163,State_12,28,1,434237.0,mesothelial,0.24298269383071874
LAM1163,State_12,28,1,434237.0,pericyte_VSMC,0.9965481918992535
LAM1163,State_12,28,1,434237.0,gene_PMEL,0.4976243720345189
LAM1163,State_12,28,1,434237.0,gene_MLANA,0.022767735803441
LAM1163,State_12,28,1,434237.0,gene_MITF,0.4692229327678418
LAM1163,State_12,28,1,434237.0,gene_ACTA2,1.4353266284034052
LAM1163,State_12,28,1,434237.0,gene_ACTG2,0.2440019251011349
LAM1163,State_12,28,1,434237.0,gene_MYH11,0.7111346582522137
LAM1163,State_12,28,1,434237.0,gene_VEGFD,0.14945592763864218
LAM1163,State_12,28,1,434237.0,gene_CTSK,1.1807549740290206
LAM1163,State_12,28,1,434237.0,gene_ESR1,0.022767735803441
LAM1163,State_12,28,1,434237.0,gene_EMX2,0.045028620263989724
LAM1163,State_12,28,1,434237.0,gene_HOXA11,0.022767735803441
LAM1163,State_7,55,1,923618.0,melanocytic_identity,0.23980762559464472
LAM1163,State_7,55,1,923618.0,contractile_marker_panel,0.3399454086825995
LAM1163,State_7,55,1,923618.0,VEGFD_CTSK_panel,0.40590208773394115
LAM1163,State_7,55,1,923618.0,ESR1_hormone_marker,0.18707088699593477
LAM1163,State_7,55,1,923618.0,HOX_PBX_markers,0.005384397372724904
LAM1163,State_7,55,1,923618.0,CORE1,0.3437371480656397
LAM1163,State_7,55,1,923618.0,CORE2,0.20667216088833607
LAM1163,State_7,55,1,923618.0,CORE3_identity,0.3472784353562625
LAM1163,State_7,55,1,923618.0,LAM_myogenic_contractile,0.5401758277391434
LAM1163,State_7,55,1,923618.0,ECM_remodeling,0.26564496420795025
LAM1163,State_7,55,1,923618.0,mTOR_translation,2.0253477411673138
LAM1163,State_7,55,1,923618.0,hormone_related,0.11740625784336774
LAM1163,State_7,55,1,923618.0,hypoxia_stress,0.6464517775799397
LAM1163,State_7,55,1,923618.0,protease_ECM_niche,0.6078887977759284
LAM1163,State_7,55,1,923618.0,HOX_PBX,0.0409442801813594
LAM1163,State_7,55,1,923618.0,normal_lung_interstitial,0.13325039610503572
LAM1163,State_7,55,1,923618.0,LAMCORE_777,0.15928056300433618
LAM1163,State_7,55,1,923618.0,ciliated,0.06897866452937929
LAM1163,State_7,55,1,923618.0,AT2,4.643653454892517
LAM1163,State_7,55,1,923618.0,macrophage,0.2297929622437305
LAM1163,State_7,55,1,923618.0,endothelial,0.07880186501875423
LAM1163,State_7,55,1,923618.0,fibroblast,0.1125379083341659
LAM1163,State_7,55,1,923618.0,mesothelial,0.18048186923714787
LAM1163,State_7,55,1,923618.0,pericyte_VSMC,0.37728785668558085
LAM1163,State_7,55,1,923618.0,gene_PMEL,0.34460018853792573
LAM1163,State_7,55,1,923618.0,gene_MLANA,0.0
LAM1163,State_7,55,1,923618.0,gene_MITF,0.37482268824600845
LAM1163,State_7,55,1,923618.0,gene_ACTA2,0.7126511082460865
LAM1163,State_7,55,1,923618.0,gene_ACTG2,0.042396384269743834
LAM1163,State_7,55,1,923618.0,gene_MYH11,0.26478873353196825
LAM1163,State_7,55,1,923618.0,gene_VEGFD,0.042396384269743834
LAM1163,State_7,55,1,923618.0,gene_CTSK,0.7694077911981385
LAM1163,State_7,55,1,923618.0,gene_ESR1,0.18707088699593477
LAM1163,State_7,55,1,923618.0,gene_EMX2,0.010768794745449808
LAM1163,State_7,55,1,923618.0,gene_HOXA11,0.0
LAM1163,State_5,11,1,165785.0,melanocytic_identity,0.24504180882373963
LAM1163,State_5,11,1,165785.0,contractile_marker_panel,0.10296381695911407
LAM1163,State_5,11,1,165785.0,VEGFD_CTSK_panel,0.10807008314203091
LAM1163,State_5,11,1,165785.0,ESR1_hormone_marker,0.16632535021515718
LAM1163,State_5,11,1,165785.0,HOX_PBX_markers,0.0
LAM1163,State_5,11,1,165785.0,CORE1,0.06672333628862484
LAM1163,State_5,11,1,165785.0,CORE2,0.21782744421186062
LAM1163,State_5,11,1,165785.0,CORE3_identity,0.20378319912111145
LAM1163,State_5,11,1,165785.0,LAM_myogenic_contractile,0.08828186281427489
LAM1163,State_5,11,1,165785.0,ECM_remodeling,0.5197001902113202
LAM1163,State_5,11,1,165785.0,mTOR_translation,1.9435535911901587
LAM1163,State_5,11,1,165785.0,hormone_related,0.03212789134737949
LAM1163,State_5,11,1,165785.0,hypoxia_stress,0.39677126421777353
LAM1163,State_5,11,1,165785.0,protease_ECM_niche,0.9715079852125289
LAM1163,State_5,11,1,165785.0,HOX_PBX,0.007321236152062411
LAM1163,State_5,11,1,165785.0,normal_lung_interstitial,0.1466301491294667
LAM1163,State_5,11,1,165785.0,LAMCORE_777,0.0604149199579847
LAM1163,State_5,11,1,165785.0,ciliated,0.015618637124399811
LAM1163,State_5,11,1,165785.0,AT2,0.33379210189625586
LAM1163,State_5,11,1,165785.0,macrophage,2.6430134163028725
LAM1163,State_5,11,1,165785.0,endothelial,0.16730172290717193
LAM1163,State_5,11,1,165785.0,fibroblast,0.11196464384111207
LAM1163,State_5,11,1,165785.0,mesothelial,0.0
LAM1163,State_5,11,1,165785.0,pericyte_VSMC,0.06373539931089155
LAM1163,State_5,11,1,165785.0,gene_PMEL,0.0
LAM1163,State_5,11,1,165785.0,gene_MLANA,0.0
LAM1163,State_5,11,1,165785.0,gene_MITF,0.7351254264712189
LAM1163,State_5,11,1,165785.0,gene_ACTA2,0.3088914508773422
LAM1163,State_5,11,1,165785.0,gene_ACTG2,0.0
LAM1163,State_5,11,1,165785.0,gene_MYH11,0.0
LAM1163,State_5,11,1,165785.0,gene_VEGFD,0.0
LAM1163,State_5,11,1,165785.0,gene_CTSK,0.21614016628406182
LAM1163,State_5,11,1,165785.0,gene_ESR1,0.16632535021515718
LAM1163,State_5,11,1,165785.0,gene_EMX2,0.0
LAM1163,State_5,11,1,165785.0,gene_HOXA11,0.0
LAM1164,State_15,1,1,9406.0,melanocytic_identity,0.24141150436008385
LAM1164,State_15,1,1,9406.0,contractile_marker_panel,1.8452723843797667
LAM1164,State_15,1,1,9406.0,VEGFD_CTSK_panel,1.1398509516326092
LAM1164,State_15,1,1,9406.0,ESR1_hormone_marker,0.0
LAM1164,State_15,1,1,9406.0,HOX_PBX_markers,0.0
LAM1164,State_15,1,1,9406.0,CORE1,1.4209171606266213
LAM1164,State_15,1,1,9406.0,CORE2,0.4660213661782152
LAM1164,State_15,1,1,9406.0,CORE3_identity,0.7796649094162188
LAM1164,State_15,1,1,9406.0,LAM_myogenic_contractile,1.9179513601855485
LAM1164,State_15,1,1,9406.0,ECM_remodeling,1.602441634114289
LAM1164,State_15,1,1,9406.0,mTOR_translation,2.1416755630901174
LAM1164,State_15,1,1,9406.0,hormone_related,0.16283585023322988
LAM1164,State_15,1,1,9406.0,hypoxia_stress,1.2386442845505314
LAM1164,State_15,1,1,9406.0,protease_ECM_niche,0.824816982178881
LAM1164,State_15,1,1,9406.0,HOX_PBX,0.7070044630155297
LAM1164,State_15,1,1,9406.0,normal_lung_interstitial,1.9383914403616183
LAM1164,State_15,1,1,9406.0,LAMCORE_777,0.4264962633305969
LAM1164,State_15,1,1,9406.0,ciliated,0.04828230087201677
LAM1164,State_15,1,1,9406.0,AT2,0.0
LAM1164,State_15,1,1,9406.0,macrophage,0.24509479595310824
LAM1164,State_15,1,1,9406.0,endothelial,0.16587240907855355
LAM1164,State_15,1,1,9406.0,fibroblast,1.692211330894453
LAM1164,State_15,1,1,9406.0,mesothelial,0.1034620732971788
LAM1164,State_15,1,1,9406.0,pericyte_VSMC,1.33898711621372
LAM1164,State_15,1,1,9406.0,gene_PMEL,0.0
LAM1164,State_15,1,1,9406.0,gene_MLANA,0.0
LAM1164,State_15,1,1,9406.0,gene_MITF,0.7242345130802516
LAM1164,State_15,1,1,9406.0,gene_ACTA2,2.453717949568061
LAM1164,State_15,1,1,9406.0,gene_ACTG2,0.7242345130802516
LAM1164,State_15,1,1,9406.0,gene_MYH11,2.3578646904909877
LAM1164,State_15,1,1,9406.0,gene_VEGFD,1.1398509516326092
LAM1164,State_15,1,1,9406.0,gene_CTSK,1.1398509516326092
LAM1164,State_15,1,1,9406.0,gene_ESR1,0.0
LAM1164,State_15,1,1,9406.0,gene_EMX2,0.0
LAM1164,State_15,1,1,9406.0,gene_HOXA11,0.0
LAM1164,State_18,10,1,58384.0,melanocytic_identity,0.1053979996284302
LAM1164,State_18,10,1,58384.0,contractile_marker_panel,2.6805191662087755
LAM1164,State_18,10,1,58384.0,VEGFD_CTSK_panel,0.5296026028618678
LAM1164,State_18,10,1,58384.0,ESR1_hormone_marker,0.0
LAM1164,State_18,10,1,58384.0,HOX_PBX_markers,0.0
LAM1164,State_18,10,1,58384.0,CORE1,2.9453385053489773
LAM1164,State_18,10,1,58384.0,CORE2,0.20874714372639416
LAM1164,State_18,10,1,58384.0,CORE3_identity,0.7193114696571715
LAM1164,State_18,10,1,58384.0,LAM_myogenic_contractile,3.4597944798030804
LAM1164,State_18,10,1,58384.0,ECM_remodeling,1.2697125712112898
LAM1164,State_18,10,1,58384.0,mTOR_translation,1.9588206812007307
LAM1164,State_18,10,1,58384.0,hormone_related,0.1304595060204852
LAM1164,State_18,10,1,58384.0,hypoxia_stress,1.0345449674888136
LAM1164,State_18,10,1,58384.0,protease_ECM_niche,0.5396298255587655
LAM1164,State_18,10,1,58384.0,HOX_PBX,0.31602040834105394
LAM1164,State_18,10,1,58384.0,normal_lung_interstitial,0.731232266557621
LAM1164,State_18,10,1,58384.0,LAMCORE_777,0.42357751314033854
LAM1164,State_18,10,1,58384.0,ciliated,0.051782373092260976
LAM1164,State_18,10,1,58384.0,AT2,0.039524249860661324
LAM1164,State_18,10,1,58384.0,macrophage,0.19650567779736375
LAM1164,State_18,10,1,58384.0,endothelial,0.3999267947137629
LAM1164,State_18,10,1,58384.0,fibroblast,0.6601211570903835
LAM1164,State_18,10,1,58384.0,mesothelial,0.0
LAM1164,State_18,10,1,58384.0,pericyte_VSMC,2.8598444239363765
LAM1164,State_18,10,1,58384.0,gene_PMEL,0.0
LAM1164,State_18,10,1,58384.0,gene_MLANA,0.1580969994426453
LAM1164,State_18,10,1,58384.0,gene_MITF,0.1580969994426453
LAM1164,State_18,10,1,58384.0,gene_ACTA2,3.6597810829911754
LAM1164,State_18,10,1,58384.0,gene_ACTG2,1.319213101419748
LAM1164,State_18,10,1,58384.0,gene_MYH11,3.0625633142154034
LAM1164,State_18,10,1,58384.0,gene_VEGFD,0.0
LAM1164,State_18,10,1,58384.0,gene_CTSK,1.0592052057237356
LAM1164,State_18,10,1,58384.0,gene_ESR1,0.0
LAM1164,State_18,10,1,58384.0,gene_EMX2,0.0
LAM1164,State_18,10,1,58384.0,gene_HOXA11,0.0
LAM1164,State_20,276,1,1221773.0,melanocytic_identity,0.19933414777882877
LAM1164,State_20,276,1,1221773.0,contractile_marker_panel,0.6152181951023754
LAM1164,State_20,276,1,1221773.0,VEGFD_CTSK_panel,1.1668786171791212
LAM1164,State_20,276,1,1221773.0,ESR1_hormone_marker,0.6158459365426231
LAM1164,State_20,276,1,1221773.0,HOX_PBX_markers,0.0
LAM1164,State_20,276,1,1221773.0,CORE1,0.842791596419694
LAM1164,State_20,276,1,1221773.0,CORE2,0.5571651779208115
LAM1164,State_20,276,1,1221773.0,CORE3_identity,0.7370220417487248
LAM1164,State_20,276,1,1221773.0,LAM_myogenic_contractile,1.2839176767911726
LAM1164,State_20,276,1,1221773.0,ECM_remodeling,1.811584943551824
LAM1164,State_20,276,1,1221773.0,mTOR_translation,2.0013532928591395
LAM1164,State_20,276,1,1221773.0,hormone_related,0.2091900069675521
LAM1164,State_20,276,1,1221773.0,hypoxia_stress,1.0893108531456044
LAM1164,State_20,276,1,1221773.0,protease_ECM_niche,1.003462705057946
LAM1164,State_20,276,1,1221773.0,HOX_PBX,0.19783700540755214
LAM1164,State_20,276,1,1221773.0,normal_lung_interstitial,2.7485533340781956
LAM1164,State_20,276,1,1221773.0,LAMCORE_777,0.4475425058429229
LAM1164,State_20,276,1,1221773.0,ciliated,0.03230118106659941
LAM1164,State_20,276,1,1221773.0,AT2,0.41609042882214664
LAM1164,State_20,276,1,1221773.0,macrophage,0.7811571007346458
LAM1164,State_20,276,1,1221773.0,endothelial,0.14459251276674653
LAM1164,State_20,276,1,1221773.0,fibroblast,2.500207144925131
LAM1164,State_20,276,1,1221773.0,mesothelial,0.09667724554845804
LAM1164,State_20,276,1,1221773.0,pericyte_VSMC,0.9073456872510381
LAM1164,State_20,276,1,1221773.0,gene_PMEL,0.0
LAM1164,State_20,276,1,1221773.0,gene_MLANA,0.0
LAM1164,State_20,276,1,1221773.0,gene_MITF,0.5980024433364863
LAM1164,State_20,276,1,1221773.0,gene_ACTA2,1.6115486780037216
LAM1164,State_20,276,1,1221773.0,gene_ACTG2,0.18616471401205636
LAM1164,State_20,276,1,1221773.0,gene_MYH11,0.04794119329134831
LAM1164,State_20,276,1,1221773.0,gene_VEGFD,0.48872211439943514
LAM1164,State_20,276,1,1221773.0,gene_CTSK,1.845035119958807
LAM1164,State_20,276,1,1221773.0,gene_ESR1,0.6158459365426231
LAM1164,State_20,276,1,1221773.0,gene_EMX2,0.0
LAM1164,State_20,276,1,1221773.0,gene_HOXA11,0.0
LAM1164,State_12,3,1,55310.0,melanocytic_identity,0.3280094610261954
LAM1164,State_12,3,1,55310.0,contractile_marker_panel,0.0
LAM1164,State_12,3,1,55310.0,VEGFD_CTSK_panel,0.36733521488821913
LAM1164,State_12,3,1,55310.0,ESR1_hormone_marker,0.0
LAM1164,State_12,3,1,55310.0,HOX_PBX_markers,0.0
LAM1164,State_12,3,1,55310.0,CORE1,0.1870993593044426
LAM1164,State_12,3,1,55310.0,CORE2,0.23561128159537542
LAM1164,State_12,3,1,55310.0,CORE3_identity,0.24552840183643207
LAM1164,State_12,3,1,55310.0,LAM_myogenic_contractile,0.42134452123331345
LAM1164,State_12,3,1,55310.0,ECM_remodeling,0.7547290150798702
LAM1164,State_12,3,1,55310.0,mTOR_translation,2.158849907163084
LAM1164,State_12,3,1,55310.0,hormone_related,0.0
LAM1164,State_12,3,1,55310.0,hypoxia_stress,0.9730560491385877
LAM1164,State_12,3,1,55310.0,protease_ECM_niche,0.6170688970762342
LAM1164,State_12,3,1,55310.0,HOX_PBX,0.09793873101516581
LAM1164,State_12,3,1,55310.0,normal_lung_interstitial,1.0692628545874638
LAM1164,State_12,3,1,55310.0,LAMCORE_777,0.2887716353960214
LAM1164,State_12,3,1,55310.0,ciliated,0.011079429327198607
LAM1164,State_12,3,1,55310.0,AT2,0.0
LAM1164,State_12,3,1,55310.0,macrophage,0.32157102372865315
LAM1164,State_12,3,1,55310.0,endothelial,1.2672429134718664
LAM1164,State_12,3,1,55310.0,fibroblast,1.0624775981967731
LAM1164,State_12,3,1,55310.0,mesothelial,0.13798795247514542
LAM1164,State_12,3,1,55310.0,pericyte_VSMC,0.3085949208068722
LAM1164,State_12,3,1,55310.0,gene_PMEL,0.1661914399079791
LAM1164,State_12,3,1,55310.0,gene_MLANA,0.0
LAM1164,State_12,3,1,55310.0,gene_MITF,0.817836943170607
LAM1164,State_12,3,1,55310.0,gene_ACTA2,0.0
LAM1164,State_12,3,1,55310.0,gene_ACTG2,0.0
LAM1164,State_12,3,1,55310.0,gene_MYH11,0.0
LAM1164,State_12,3,1,55310.0,gene_VEGFD,0.0
LAM1164,State_12,3,1,55310.0,gene_CTSK,0.7346704297764383
LAM1164,State_12,3,1,55310.0,gene_ESR1,0.0
LAM1164,State_12,3,1,55310.0,gene_EMX2,0.0
LAM1164,State_12,3,1,55310.0,gene_HOXA11,0.0
LAM1164,State_7,21,1,230933.0,melanocytic_identity,0.28104944323656506
LAM1164,State_7,21,1,230933.0,contractile_marker_panel,0.10970158448063327
LAM1164,State_7,21,1,230933.0,VEGFD_CTSK_panel,0.1798941564042522
LAM1164,State_7,21,1,230933.0,ESR1_hormone_marker,0.15974393267933018
LAM1164,State_7,21,1,230933.0,HOX_PBX_markers,0.0
LAM1164,State_7,21,1,230933.0,CORE1,0.07637309129345712
LAM1164,State_7,21,1,230933.0,CORE2,0.22834520536758873
LAM1164,State_7,21,1,230933.0,CORE3_identity,0.24168361837706137
LAM1164,State_7,21,1,230933.0,LAM_myogenic_contractile,0.11562605642073555
LAM1164,State_7,21,1,230933.0,ECM_remodeling,0.41812773183641333
LAM1164,State_7,21,1,230933.0,mTOR_translation,1.996287545285665
LAM1164,State_7,21,1,230933.0,hormone_related,0.10919214960465305
LAM1164,State_7,21,1,230933.0,hypoxia_stress,0.737881618513664
LAM1164,State_7,21,1,230933.0,protease_ECM_niche,0.8302114491232381
LAM1164,State_7,21,1,230933.0,HOX_PBX,0.03644578744756397
LAM1164,State_7,21,1,230933.0,normal_lung_interstitial,0.3179290412483077
LAM1164,State_7,21,1,230933.0,LAMCORE_777,0.1301630992714251
LAM1164,State_7,21,1,230933.0,ciliated,0.027695101366575253
LAM1164,State_7,21,1,230933.0,AT2,4.686740856360352
LAM1164,State_7,21,1,230933.0,macrophage,1.619583773267096
LAM1164,State_7,21,1,230933.0,endothelial,0.06686052795252198
LAM1164,State_7,21,1,230933.0,fibroblast,0.2461781486902052
LAM1164,State_7,21,1,230933.0,mesothelial,0.14503584758229524
LAM1164,State_7,21,1,230933.0,pericyte_VSMC,0.0770840376138237
LAM1164,State_7,21,1,230933.0,gene_PMEL,0.08305834606704765
LAM1164,State_7,21,1,230933.0,gene_MLANA,0.15974393267933018
LAM1164,State_7,21,1,230933.0,gene_MITF,0.6003460509633174
LAM1164,State_7,21,1,230933.0,gene_ACTA2,0.3291047534418998
LAM1164,State_7,21,1,230933.0,gene_ACTG2,0.0
LAM1164,State_7,21,1,230933.0,gene_MYH11,0.0
LAM1164,State_7,21,1,230933.0,gene_VEGFD,0.0
LAM1164,State_7,21,1,230933.0,gene_CTSK,0.3597883128085044
LAM1164,State_7,21,1,230933.0,gene_ESR1,0.15974393267933018
LAM1164,State_7,21,1,230933.0,gene_EMX2,0.0
LAM1164,State_7,21,1,230933.0,gene_HOXA11,0.0
LAM1164,State_5,358,1,3872059.0,melanocytic_identity,0.2788179576467312
LAM1164,State_5,358,1,3872059.0,contractile_marker_panel,0.15040679056753
LAM1164,State_5,358,1,3872059.0,VEGFD_CTSK_panel,0.23116172589988063
LAM1164,State_5,358,1,3872059.0,ESR1_hormone_marker,0.2110847999923949
LAM1164,State_5,358,1,3872059.0,HOX_PBX_markers,0.0
LAM1164,State_5,358,1,3872059.0,CORE1,0.11241844678056567
LAM1164,State_5,358,1,3872059.0,CORE2,0.3655237777418081
LAM1164,State_5,358,1,3872059.0,CORE3_identity,0.27615284016131547
LAM1164,State_5,358,1,3872059.0,LAM_myogenic_contractile,0.13721990118757058
LAM1164,State_5,358,1,3872059.0,ECM_remodeling,0.45817293341682636
LAM1164,State_5,358,1,3872059.0,mTOR_translation,1.616536399921304
LAM1164,State_5,358,1,3872059.0,hormone_related,0.033466448715383165
LAM1164,State_5,358,1,3872059.0,hypoxia_stress,0.626100530398036
LAM1164,State_5,358,1,3872059.0,protease_ECM_niche,1.0262315688562518
LAM1164,State_5,358,1,3872059.0,HOX_PBX,0.015929845058604567
LAM1164,State_5,358,1,3872059.0,normal_lung_interstitial,0.31657404461764493
LAM1164,State_5,358,1,3872059.0,LAMCORE_777,0.06557085712529345
LAM1164,State_5,358,1,3872059.0,ciliated,0.003770633008883812
LAM1164,State_5,358,1,3872059.0,AT2,0.42732904190886833
LAM1164,State_5,358,1,3872059.0,macrophage,2.9073186829895414
LAM1164,State_5,358,1,3872059.0,endothelial,0.2061498614782537
LAM1164,State_5,358,1,3872059.0,fibroblast,0.2415611792838879
LAM1164,State_5,358,1,3872059.0,mesothelial,0.012570642289204263
LAM1164,State_5,358,1,3872059.0,pericyte_VSMC,0.09486910792344783
LAM1164,State_5,358,1,3872059.0,gene_PMEL,0.030520730997573898
LAM1164,State_5,358,1,3872059.0,gene_MLANA,0.007717955636112073
LAM1164,State_5,358,1,3872059.0,gene_MITF,0.7982151863065076
LAM1164,State_5,358,1,3872059.0,gene_ACTA2,0.4232077563968589
LAM1164,State_5,358,1,3872059.0,gene_ACTG2,0.0
LAM1164,State_5,358,1,3872059.0,gene_MYH11,0.0280126153057311
LAM1164,State_5,358,1,3872059.0,gene_VEGFD,0.002579276081144747
LAM1164,State_5,358,1,3872059.0,gene_CTSK,0.45974417571861653
LAM1164,State_5,358,1,3872059.0,gene_ESR1,0.2110847999923949
LAM1164,State_5,358,1,3872059.0,gene_EMX2,0.0
LAM1164,State_5,358,1,3872059.0,gene_HOXA11,0.0
LAM18,State_18,24,1,211090.0,melanocytic_identity,0.08338876208288452
LAM18,State_18,24,1,211090.0,contractile_marker_panel,2.616352336776394
LAM18,State_18,24,1,211090.0,VEGFD_CTSK_panel,0.3997066553757348
LAM18,State_18,24,1,211090.0,ESR1_hormone_marker,0.04628527561914909
LAM18,State_18,24,1,211090.0,HOX_PBX_markers,0.023142637809574543
LAM18,State_18,24,1,211090.0,CORE1,2.5955990215171987
LAM18,State_18,24,1,211090.0,CORE2,0.1577700237064595
LAM18,State_18,24,1,211090.0,CORE3_identity,0.6821320528794379
LAM18,State_18,24,1,211090.0,LAM_myogenic_contractile,2.9690108261510124
LAM18,State_18,24,1,211090.0,ECM_remodeling,1.514741624068751
LAM18,State_18,24,1,211090.0,mTOR_translation,1.751149022851635
LAM18,State_18,24,1,211090.0,hormone_related,0.22821656142242333
LAM18,State_18,24,1,211090.0,hypoxia_stress,0.517348148051766
LAM18,State_18,24,1,211090.0,protease_ECM_niche,0.5387000777248886
LAM18,State_18,24,1,211090.0,HOX_PBX,0.18723498872013103
LAM18,State_18,24,1,211090.0,normal_lung_interstitial,1.4172285744723467
LAM18,State_18,24,1,211090.0,LAMCORE_777,0.4593497414211898
LAM18,State_18,24,1,211090.0,ciliated,0.09424651398272009
LAM18,State_18,24,1,211090.0,AT2,0.20730843058998616
LAM18,State_18,24,1,211090.0,macrophage,0.49270841268846693
LAM18,State_18,24,1,211090.0,endothelial,0.09997217382870485
LAM18,State_18,24,1,211090.0,fibroblast,1.2903655985222706
LAM18,State_18,24,1,211090.0,mesothelial,0.0
LAM18,State_18,24,1,211090.0,pericyte_VSMC,2.469276602214121
LAM18,State_18,24,1,211090.0,gene_PMEL,0.0
LAM18,State_18,24,1,211090.0,gene_MLANA,0.0
LAM18,State_18,24,1,211090.0,gene_MITF,0.25016628624865356
LAM18,State_18,24,1,211090.0,gene_ACTA2,3.6790594975367927
LAM18,State_18,24,1,211090.0,gene_ACTG2,1.2558374925926228
LAM18,State_18,24,1,211090.0,gene_MYH11,2.914160020199767
LAM18,State_18,24,1,211090.0,gene_VEGFD,0.13288572494322937
LAM18,State_18,24,1,211090.0,gene_CTSK,0.6665275858082402
LAM18,State_18,24,1,211090.0,gene_ESR1,0.04628527561914909
LAM18,State_18,24,1,211090.0,gene_EMX2,0.04628527561914909
LAM18,State_18,24,1,211090.0,gene_HOXA11,0.0
LAM18,State_20,45,1,352161.0,melanocytic_identity,0.1788121313402039
LAM18,State_20,45,1,352161.0,contractile_marker_panel,0.4828405246137324
LAM18,State_20,45,1,352161.0,VEGFD_CTSK_panel,1.021131113153547
LAM18,State_20,45,1,352161.0,ESR1_hormone_marker,0.37455057134201075
LAM18,State_20,45,1,352161.0,HOX_PBX_markers,0.0
LAM18,State_20,45,1,352161.0,CORE1,0.7461554955490612
LAM18,State_20,45,1,352161.0,CORE2,0.57185716658449
LAM18,State_20,45,1,352161.0,CORE3_identity,0.601966945428443
LAM18,State_20,45,1,352161.0,LAM_myogenic_contractile,0.984891325272867
LAM18,State_20,45,1,352161.0,ECM_remodeling,1.9534039083092798
LAM18,State_20,45,1,352161.0,mTOR_translation,1.5960329670501656
LAM18,State_20,45,1,352161.0,hormone_related,0.22798569082616973
LAM18,State_20,45,1,352161.0,hypoxia_stress,0.6978176372882305
LAM18,State_20,45,1,352161.0,protease_ECM_niche,0.9952587819609338
LAM18,State_20,45,1,352161.0,HOX_PBX,0.2528867307468502
LAM18,State_20,45,1,352161.0,normal_lung_interstitial,2.630615089205113
LAM18,State_20,45,1,352161.0,LAMCORE_777,0.4951734865687106
LAM18,State_20,45,1,352161.0,ciliated,0.023354535569867805
LAM18,State_20,45,1,352161.0,AT2,0.21145421851157273
LAM18,State_20,45,1,352161.0,macrophage,0.5815357580810706
LAM18,State_20,45,1,352161.0,endothelial,0.1762795798688201
LAM18,State_20,45,1,352161.0,fibroblast,2.639184791886105
LAM18,State_20,45,1,352161.0,mesothelial,0.037844229240918285
LAM18,State_20,45,1,352161.0,pericyte_VSMC,0.8004749009532053
LAM18,State_20,45,1,352161.0,gene_PMEL,0.0
LAM18,State_20,45,1,352161.0,gene_MLANA,0.0
LAM18,State_20,45,1,352161.0,gene_MITF,0.5364363940206117
LAM18,State_20,45,1,352161.0,gene_ACTA2,1.2605194263293842
LAM18,State_20,45,1,352161.0,gene_ACTG2,0.05523809895055152
LAM18,State_20,45,1,352161.0,gene_MYH11,0.13276404856126162
LAM18,State_20,45,1,352161.0,gene_VEGFD,0.5850556511473599
LAM18,State_20,45,1,352161.0,gene_CTSK,1.457206575159734
LAM18,State_20,45,1,352161.0,gene_ESR1,0.37455057134201075
LAM18,State_20,45,1,352161.0,gene_EMX2,0.0
LAM18,State_20,45,1,352161.0,gene_HOXA11,0.0
LAM18,State_12,4,1,41043.0,melanocytic_identity,0.14536541142172626
LAM18,State_12,4,1,41043.0,contractile_marker_panel,0.22678652680177794
LAM18,State_12,4,1,41043.0,VEGFD_CTSK_panel,0.27433251495795385
LAM18,State_12,4,1,41043.0,ESR1_hormone_marker,0.0
LAM18,State_12,4,1,41043.0,HOX_PBX_markers,0.0
LAM18,State_12,4,1,41043.0,CORE1,0.5704004664914007
LAM18,State_12,4,1,41043.0,CORE2,0.12309515802263582
LAM18,State_12,4,1,41043.0,CORE3_identity,0.23787440636948862
LAM18,State_12,4,1,41043.0,LAM_myogenic_contractile,0.41135696219219053
LAM18,State_12,4,1,41043.0,ECM_remodeling,0.44638283508142823
LAM18,State_12,4,1,41043.0,mTOR_translation,1.7176366965105372
LAM18,State_12,4,1,41043.0,hormone_related,0.19889363604864382
LAM18,State_12,4,1,41043.0,hypoxia_stress,0.645522422243902
LAM18,State_12,4,1,41043.0,protease_ECM_niche,0.325530142000196
LAM18,State_12,4,1,41043.0,HOX_PBX,0.1681720818366561
LAM18,State_12,4,1,41043.0,normal_lung_interstitial,0.39866313155007765
LAM18,State_12,4,1,41043.0,LAMCORE_777,0.29989090937667723
LAM18,State_12,4,1,41043.0,ciliated,0.0
LAM18,State_12,4,1,41043.0,AT2,0.30820196476063
LAM18,State_12,4,1,41043.0,macrophage,0.15813997624562617
LAM18,State_12,4,1,41043.0,endothelial,1.678845296691827
LAM18,State_12,4,1,41043.0,fibroblast,0.6654875186427515
LAM18,State_12,4,1,41043.0,mesothelial,0.0
LAM18,State_12,4,1,41043.0,pericyte_VSMC,0.44658072181455216
LAM18,State_12,4,1,41043.0,gene_PMEL,0.2180481171325894
LAM18,State_12,4,1,41043.0,gene_MLANA,0.0
LAM18,State_12,4,1,41043.0,gene_MITF,0.2180481171325894
LAM18,State_12,4,1,41043.0,gene_ACTA2,0.6803595804053338
LAM18,State_12,4,1,41043.0,gene_ACTG2,0.0
LAM18,State_12,4,1,41043.0,gene_MYH11,0.0
LAM18,State_12,4,1,41043.0,gene_VEGFD,0.0
LAM18,State_12,4,1,41043.0,gene_CTSK,0.5486650299159077
LAM18,State_12,4,1,41043.0,gene_ESR1,0.0
LAM18,State_12,4,1,41043.0,gene_EMX2,0.0
LAM18,State_12,4,1,41043.0,gene_HOXA11,0.0
LAM18,State_5,11,1,422708.0,melanocytic_identity,0.20535935614748804
LAM18,State_5,11,1,422708.0,contractile_marker_panel,0.07709726609933393
LAM18,State_5,11,1,422708.0,VEGFD_CTSK_panel,0.6787098726102396
LAM18,State_5,11,1,422708.0,ESR1_hormone_marker,0.0
LAM18,State_5,11,1,422708.0,HOX_PBX_markers,0.0
LAM18,State_5,11,1,422708.0,CORE1,0.07836666851687632
LAM18,State_5,11,1,422708.0,CORE2,0.6080488019303838
LAM18,State_5,11,1,422708.0,CORE3_identity,0.31496994456584926
LAM18,State_5,11,1,422708.0,LAM_myogenic_contractile,0.08401469231849285
LAM18,State_5,11,1,422708.0,ECM_remodeling,0.4913036796104848
LAM18,State_5,11,1,422708.0,mTOR_translation,1.563484349124815
LAM18,State_5,11,1,422708.0,hormone_related,0.019520475627941652
LAM18,State_5,11,1,422708.0,hypoxia_stress,0.1972510775374648
LAM18,State_5,11,1,422708.0,protease_ECM_niche,1.2125493623184138
LAM18,State_5,11,1,422708.0,HOX_PBX,0.0029226877842835667
LAM18,State_5,11,1,422708.0,normal_lung_interstitial,0.3193275427875474
LAM18,State_5,11,1,422708.0,LAMCORE_777,0.08145870692656759
LAM18,State_5,11,1,422708.0,ciliated,0.0
LAM18,State_5,11,1,422708.0,AT2,0.12928086036567993
LAM18,State_5,11,1,422708.0,macrophage,2.9504752417003677
LAM18,State_5,11,1,422708.0,endothelial,0.187323315393715
LAM18,State_5,11,1,422708.0,fibroblast,0.24064344514682523
LAM18,State_5,11,1,422708.0,mesothelial,0.0033402146106097904
LAM18,State_5,11,1,422708.0,pericyte_VSMC,0.05600979487899523
LAM18,State_5,11,1,422708.0,gene_PMEL,0.0
LAM18,State_5,11,1,422708.0,gene_MLANA,0.0
LAM18,State_5,11,1,422708.0,gene_MITF,0.6160780684424642
LAM18,State_5,11,1,422708.0,gene_ACTA2,0.23129179829800178
LAM18,State_5,11,1,422708.0,gene_ACTG2,0.0
LAM18,State_5,11,1,422708.0,gene_MYH11,0.0
LAM18,State_5,11,1,422708.0,gene_VEGFD,0.0
LAM18,State_5,11,1,422708.0,gene_CTSK,1.3574197452204793
LAM18,State_5,11,1,422708.0,gene_ESR1,0.0
LAM18,State_5,11,1,422708.0,gene_EMX2,0.0
LAM18,State_5,11,1,422708.0,gene_HOXA11,0.0
LAM2,State_7,9,1,229526.0,melanocytic_identity,0.10294352330311474
LAM2,State_7,9,1,229526.0,contractile_marker_panel,0.12054631514029805
LAM2,State_7,9,1,229526.0,VEGFD_CTSK_panel,0.14951289110709648
LAM2,State_7,9,1,229526.0,ESR1_hormone_marker,0.1970789986804249
LAM2,State_7,9,1,229526.0,HOX_PBX_markers,0.0
LAM2,State_7,9,1,229526.0,CORE1,0.05053557537931451
LAM2,State_7,9,1,229526.0,CORE2,0.19599742278513643
LAM2,State_7,9,1,229526.0,CORE3_identity,0.16665347088926516
LAM2,State_7,9,1,229526.0,LAM_myogenic_contractile,0.07956417414850137
LAM2,State_7,9,1,229526.0,ECM_remodeling,0.2753739129127254
LAM2,State_7,9,1,229526.0,mTOR_translation,1.8488415377053442
LAM2,State_7,9,1,229526.0,hormone_related,0.06618055871087816
LAM2,State_7,9,1,229526.0,hypoxia_stress,0.20283657287515333
LAM2,State_7,9,1,229526.0,protease_ECM_niche,0.7014217483529717
LAM2,State_7,9,1,229526.0,HOX_PBX,0.029965582036755853
LAM2,State_7,9,1,229526.0,normal_lung_interstitial,0.21816161192299363
LAM2,State_7,9,1,229526.0,LAMCORE_777,0.07663461224260579
LAM2,State_7,9,1,229526.0,ciliated,0.040613253557599524
LAM2,State_7,9,1,229526.0,AT2,3.5684780900027064
LAM2,State_7,9,1,229526.0,macrophage,2.5461495575741577
LAM2,State_7,9,1,229526.0,endothelial,0.04218663596352643
LAM2,State_7,9,1,229526.0,fibroblast,0.1586629904894499
LAM2,State_7,9,1,229526.0,mesothelial,0.05719617201416561
LAM2,State_7,9,1,229526.0,pericyte_VSMC,0.05304278276566757
LAM2,State_7,9,1,229526.0,gene_PMEL,0.04264565761362195
LAM2,State_7,9,1,229526.0,gene_MLANA,0.0
LAM2,State_7,9,1,229526.0,gene_MITF,0.2661849122957223
LAM2,State_7,9,1,229526.0,gene_ACTA2,0.36163894542089414
LAM2,State_7,9,1,229526.0,gene_ACTG2,0.0
LAM2,State_7,9,1,229526.0,gene_MYH11,0.0
LAM2,State_7,9,1,229526.0,gene_VEGFD,0.0
LAM2,State_7,9,1,229526.0,gene_CTSK,0.29902578221419296
LAM2,State_7,9,1,229526.0,gene_ESR1,0.1970789986804249
LAM2,State_7,9,1,229526.0,gene_EMX2,0.0
LAM2,State_7,9,1,229526.0,gene_HOXA11,0.0
LAM2,State_5,148,1,3279279.0,melanocytic_identity,0.1456007679166321
LAM2,State_5,148,1,3279279.0,contractile_marker_panel,0.1418875722436442
LAM2,State_5,148,1,3279279.0,VEGFD_CTSK_panel,0.3862966479335602
LAM2,State_5,148,1,3279279.0,ESR1_hormone_marker,0.14190966953785925
LAM2,State_5,148,1,3279279.0,HOX_PBX_markers,0.0
LAM2,State_5,148,1,3279279.0,CORE1,0.07230254765666301
LAM2,State_5,148,1,3279279.0,CORE2,0.35825723674780807
LAM2,State_5,148,1,3279279.0,CORE3_identity,0.25385256941225837
LAM2,State_5,148,1,3279279.0,LAM_myogenic_contractile,0.08127775360266341
LAM2,State_5,148,1,3279279.0,ECM_remodeling,0.42239144100446124
LAM2,State_5,148,1,3279279.0,mTOR_translation,1.6269552317175213
LAM2,State_5,148,1,3279279.0,hormone_related,0.023738148809862643
LAM2,State_5,148,1,3279279.0,hypoxia_stress,0.09067353707999412
LAM2,State_5,148,1,3279279.0,protease_ECM_niche,1.004737931598106
LAM2,State_5,148,1,3279279.0,HOX_PBX,0.008853979097192212
LAM2,State_5,148,1,3279279.0,normal_lung_interstitial,0.2947092999684089
LAM2,State_5,148,1,3279279.0,LAMCORE_777,0.04880021840828988
LAM2,State_5,148,1,3279279.0,ciliated,0.010347854854309628
LAM2,State_5,148,1,3279279.0,AT2,0.5337058754227298
LAM2,State_5,148,1,3279279.0,macrophage,3.240851261260041
LAM2,State_5,148,1,3279279.0,endothelial,0.05526577796185911
LAM2,State_5,148,1,3279279.0,fibroblast,0.22754681215148945
LAM2,State_5,148,1,3279279.0,mesothelial,0.004291255995901181
LAM2,State_5,148,1,3279279.0,pericyte_VSMC,0.05443890329051774
LAM2,State_5,148,1,3279279.0,gene_PMEL,0.01513218287318331
LAM2,State_5,148,1,3279279.0,gene_MLANA,0.0
LAM2,State_5,148,1,3279279.0,gene_MITF,0.421670120876713
LAM2,State_5,148,1,3279279.0,gene_ACTA2,0.4256627167309326
LAM2,State_5,148,1,3279279.0,gene_ACTG2,0.0
LAM2,State_5,148,1,3279279.0,gene_MYH11,0.0
LAM2,State_5,148,1,3279279.0,gene_VEGFD,0.0030448106649055883
LAM2,State_5,148,1,3279279.0,gene_CTSK,0.7695484852022149
LAM2,State_5,148,1,3279279.0,gene_ESR1,0.14190966953785925
LAM2,State_5,148,1,3279279.0,gene_EMX2,0.0
LAM2,State_5,148,1,3279279.0,gene_HOXA11,0.0
LAM3,State_15,26,2,199148.0,melanocytic_identity,1.3620132615528286
LAM3,State_15,26,2,199148.0,contractile_marker_panel,1.6580742432681657
LAM3,State_15,26,2,199148.0,VEGFD_CTSK_panel,2.2762878536278066
LAM3,State_15,26,2,199148.0,ESR1_hormone_marker,1.0323659297142407
LAM3,State_15,26,2,199148.0,HOX_PBX_markers,0.7608494584989612
LAM3,State_15,26,2,199148.0,CORE1,1.4999911910842552
LAM3,State_15,26,2,199148.0,CORE2,1.3955328734061583
LAM3,State_15,26,2,199148.0,CORE3_identity,1.8132892955872522
LAM3,State_15,26,2,199148.0,LAM_myogenic_contractile,2.048459669430178
LAM3,State_15,26,2,199148.0,ECM_remodeling,1.6166671722288022
LAM3,State_15,26,2,199148.0,mTOR_translation,1.8714196997820702
LAM3,State_15,26,2,199148.0,hormone_related,0.2393249924135233
LAM3,State_15,26,2,199148.0,hypoxia_stress,0.36573751209477207
LAM3,State_15,26,2,199148.0,protease_ECM_niche,1.1383626331915506
LAM3,State_15,26,2,199148.0,HOX_PBX,0.5022803876754396
LAM3,State_15,26,2,199148.0,normal_lung_interstitial,1.5492524773692735
LAM3,State_15,26,2,199148.0,LAMCORE_777,0.5917671865472229
LAM3,State_15,26,2,199148.0,ciliated,0.03629154248525445
LAM3,State_15,26,2,199148.0,AT2,1.4076230526881046
LAM3,State_15,26,2,199148.0,macrophage,1.2620613081018404
LAM3,State_15,26,2,199148.0,endothelial,0.09127918962097177
LAM3,State_15,26,2,199148.0,fibroblast,1.345093044670219
LAM3,State_15,26,2,199148.0,mesothelial,0.06026918132728787
LAM3,State_15,26,2,199148.0,pericyte_VSMC,1.4188631263982276
LAM3,State_15,26,2,199148.0,gene_PMEL,2.6677221336734664
LAM3,State_15,26,2,199148.0,gene_MLANA,0.561447634182759
LAM3,State_15,26,2,199148.0,gene_MITF,0.8568700168022606
LAM3,State_15,26,2,199148.0,gene_ACTA2,3.022043647482425
LAM3,State_15,26,2,199148.0,gene_ACTG2,0.14031981611373123
LAM3,State_15,26,2,199148.0,gene_MYH11,1.811859266208341
LAM3,State_15,26,2,199148.0,gene_VEGFD,0.9959418488825729
LAM3,State_15,26,2,199148.0,gene_CTSK,3.556633858373041
LAM3,State_15,26,2,199148.0,gene_ESR1,1.0323659297142407
LAM3,State_15,26,2,199148.0,gene_EMX2,1.0500922388570988
LAM3,State_15,26,2,199148.0,gene_HOXA11,0.4716066781408237
LAM3,State_18,5,1,17555.0,melanocytic_identity,0.0
LAM3,State_18,5,1,17555.0,contractile_marker_panel,3.1194853901307362
LAM3,State_18,5,1,17555.0,VEGFD_CTSK_panel,0.7604677155175795
LAM3,State_18,5,1,17555.0,ESR1_hormone_marker,0.45084519771480314
LAM3,State_18,5,1,17555.0,HOX_PBX_markers,0.0
LAM3,State_18,5,1,17555.0,CORE1,2.581022427029699
LAM3,State_18,5,1,17555.0,CORE2,0.19011692887939488
LAM3,State_18,5,1,17555.0,CORE3_identity,0.9206272272183068
LAM3,State_18,5,1,17555.0,LAM_myogenic_contractile,3.372095274441035
LAM3,State_18,5,1,17555.0,ECM_remodeling,0.6997634675072262
LAM3,State_18,5,1,17555.0,mTOR_translation,1.6693828218973261
LAM3,State_18,5,1,17555.0,hormone_related,0.17304470189034035
LAM3,State_18,5,1,17555.0,hypoxia_stress,0.22814031465527385
LAM3,State_18,5,1,17555.0,protease_ECM_niche,0.41593246479703494
LAM3,State_18,5,1,17555.0,HOX_PBX,0.20478092505767911
LAM3,State_18,5,1,17555.0,normal_lung_interstitial,0.49779984975836417
LAM3,State_18,5,1,17555.0,LAMCORE_777,0.34569878532053233
LAM3,State_18,5,1,17555.0,ciliated,0.12909958334474145
LAM3,State_18,5,1,17555.0,AT2,1.4118729811297155
LAM3,State_18,5,1,17555.0,macrophage,1.070236094654829
LAM3,State_18,5,1,17555.0,endothelial,0.07604677155175796
LAM3,State_18,5,1,17555.0,fibroblast,0.40302218143470153
LAM3,State_18,5,1,17555.0,mesothelial,0.0
LAM3,State_18,5,1,17555.0,pericyte_VSMC,2.5964018169805585
LAM3,State_18,5,1,17555.0,gene_PMEL,0.0
LAM3,State_18,5,1,17555.0,gene_MLANA,0.0
LAM3,State_18,5,1,17555.0,gene_MITF,0.0
LAM3,State_18,5,1,17555.0,gene_ACTA2,4.472609961778185
LAM3,State_18,5,1,17555.0,gene_ACTG2,2.3687333261095924
LAM3,State_18,5,1,17555.0,gene_MYH11,2.5171128825044313
LAM3,State_18,5,1,17555.0,gene_VEGFD,0.7604677155175795
LAM3,State_18,5,1,17555.0,gene_CTSK,0.7604677155175795
LAM3,State_18,5,1,17555.0,gene_ESR1,0.45084519771480314
LAM3,State_18,5,1,17555.0,gene_EMX2,0.0
LAM3,State_18,5,1,17555.0,gene_HOXA11,0.0
LAM3,State_20,109,2,675449.0,melanocytic_identity,0.5164383706946746
LAM3,State_20,109,2,675449.0,contractile_marker_panel,0.383381915445695
LAM3,State_20,109,2,675449.0,VEGFD_CTSK_panel,0.4408831682818505
LAM3,State_20,109,2,675449.0,ESR1_hormone_marker,1.845266750175333
LAM3,State_20,109,2,675449.0,HOX_PBX_markers,0.0
LAM3,State_20,109,2,675449.0,CORE1,0.4260286146014707
LAM3,State_20,109,2,675449.0,CORE2,0.4262208407058225
LAM3,State_20,109,2,675449.0,CORE3_identity,0.7093505156038099
LAM3,State_20,109,2,675449.0,LAM_myogenic_contractile,0.6469545440726863
LAM3,State_20,109,2,675449.0,ECM_remodeling,1.3543932159352243
LAM3,State_20,109,2,675449.0,mTOR_translation,1.032406674252349
LAM3,State_20,109,2,675449.0,hormone_related,0.7760535665043758
LAM3,State_20,109,2,675449.0,hypoxia_stress,0.3067172518512126
LAM3,State_20,109,2,675449.0,protease_ECM_niche,0.5748303741440527
LAM3,State_20,109,2,675449.0,HOX_PBX,0.6646821374804777
LAM3,State_20,109,2,675449.0,normal_lung_interstitial,1.798980739017796
LAM3,State_20,109,2,675449.0,LAMCORE_777,0.533359001427512
LAM3,State_20,109,2,675449.0,ciliated,0.14981753883015891
LAM3,State_20,109,2,675449.0,AT2,1.2152310604876952
LAM3,State_20,109,2,675449.0,macrophage,0.4187684616479757
LAM3,State_20,109,2,675449.0,endothelial,0.2303532540236633
LAM3,State_20,109,2,675449.0,fibroblast,1.8001056316543111
LAM3,State_20,109,2,675449.0,mesothelial,0.028031118454141572
LAM3,State_20,109,2,675449.0,pericyte_VSMC,0.5035919662246274
LAM3,State_20,109,2,675449.0,gene_PMEL,0.04345682460314593
LAM3,State_20,109,2,675449.0,gene_MLANA,0.04345682460314593
LAM3,State_20,109,2,675449.0,gene_MITF,1.4624014628777318
LAM3,State_20,109,2,675449.0,gene_ACTA2,0.6891054104036112
LAM3,State_20,109,2,675449.0,gene_ACTG2,0.01469644306511984
LAM3,State_20,109,2,675449.0,gene_MYH11,0.44634389286835396
LAM3,State_20,109,2,675449.0,gene_VEGFD,0.3362822920091675
LAM3,State_20,109,2,675449.0,gene_CTSK,0.5454840445545335
LAM3,State_20,109,2,675449.0,gene_ESR1,1.845266750175333
LAM3,State_20,109,2,675449.0,gene_EMX2,0.0
LAM3,State_20,109,2,675449.0,gene_HOXA11,0.0
LAM3,State_12,378,2,6865086.0,melanocytic_identity,0.5930143067629974
LAM3,State_12,378,2,6865086.0,contractile_marker_panel,0.2399744942709703
LAM3,State_12,378,2,6865086.0,VEGFD_CTSK_panel,0.4419497349774012
LAM3,State_12,378,2,6865086.0,ESR1_hormone_marker,0.8172960093669976
LAM3,State_12,378,2,6865086.0,HOX_PBX_markers,0.0036284176586029427
LAM3,State_12,378,2,6865086.0,CORE1,0.29190762755504296
LAM3,State_12,378,2,6865086.0,CORE2,0.5050936438189855
LAM3,State_12,378,2,6865086.0,CORE3_identity,0.5489702414688925
LAM3,State_12,378,2,6865086.0,LAM_myogenic_contractile,0.31375348352068766
LAM3,State_12,378,2,6865086.0,ECM_remodeling,0.5297779647492916
LAM3,State_12,378,2,6865086.0,mTOR_translation,0.81037425247256
LAM3,State_12,378,2,6865086.0,hormone_related,0.5751670158078648
LAM3,State_12,378,2,6865086.0,hypoxia_stress,0.31281358657442176
LAM3,State_12,378,2,6865086.0,protease_ECM_niche,0.5834299492035817
LAM3,State_12,378,2,6865086.0,HOX_PBX,0.3829006958240857
LAM3,State_12,378,2,6865086.0,normal_lung_interstitial,0.2735890229137057
LAM3,State_12,378,2,6865086.0,LAMCORE_777,0.3276782238010941
LAM3,State_12,378,2,6865086.0,ciliated,0.11924616259149246
LAM3,State_12,378,2,6865086.0,AT2,1.7191619782367427
LAM3,State_12,378,2,6865086.0,macrophage,1.0596537004787019
LAM3,State_12,378,2,6865086.0,endothelial,0.5106119587219219
LAM3,State_12,378,2,6865086.0,fibroblast,0.29139733074763313
LAM3,State_12,378,2,6865086.0,mesothelial,0.04030980336129732
LAM3,State_12,378,2,6865086.0,pericyte_VSMC,0.22943015822627078
LAM3,State_12,378,2,6865086.0,gene_PMEL,0.0552541737058379
LAM3,State_12,378,2,6865086.0,gene_MLANA,0.0552541737058379
LAM3,State_12,378,2,6865086.0,gene_MITF,1.6685345728773164
LAM3,State_12,378,2,6865086.0,gene_ACTA2,0.36255329067145586
LAM3,State_12,378,2,6865086.0,gene_ACTG2,0.051110570587918486
LAM3,State_12,378,2,6865086.0,gene_MYH11,0.3062596215535366
LAM3,State_12,378,2,6865086.0,gene_VEGFD,0.11672906641508057
LAM3,State_12,378,2,6865086.0,gene_CTSK,0.7671704035397219
LAM3,State_12,378,2,6865086.0,gene_ESR1,0.8172960093669976
LAM3,State_12,378,2,6865086.0,gene_EMX2,0.007256835317205885
LAM3,State_12,378,2,6865086.0,gene_HOXA11,0.0
LAM3,State_7,223,2,2465759.0,melanocytic_identity,0.3664039199812381
LAM3,State_7,223,2,2465759.0,contractile_marker_panel,0.1142205882693057
LAM3,State_7,223,2,2465759.0,VEGFD_CTSK_panel,0.2647045610169599
LAM3,State_7,223,2,2465759.0,ESR1_hormone_marker,0.6072856270422354
LAM3,State_7,223,2,2465759.0,HOX_PBX_markers,0.0
LAM3,State_7,223,2,2465759.0,CORE1,0.11135328004384362
LAM3,State_7,223,2,2465759.0,CORE2,0.2424931061681337
LAM3,State_7,223,2,2465759.0,CORE3_identity,0.344824763860747
LAM3,State_7,223,2,2465759.0,LAM_myogenic_contractile,0.13477461900126014
LAM3,State_7,223,2,2465759.0,ECM_remodeling,0.14467736596452954
LAM3,State_7,223,2,2465759.0,mTOR_translation,0.9748522328105058
LAM3,State_7,223,2,2465759.0,hormone_related,0.5622029305060928
LAM3,State_7,223,2,2465759.0,hypoxia_stress,0.2506970332455158
LAM3,State_7,223,2,2465759.0,protease_ECM_niche,0.22143939607695629
LAM3,State_7,223,2,2465759.0,HOX_PBX,0.39669623854773706
LAM3,State_7,223,2,2465759.0,normal_lung_interstitial,0.05239797608791904
LAM3,State_7,223,2,2465759.0,LAMCORE_777,0.2737638799219341
LAM3,State_7,223,2,2465759.0,ciliated,0.11291915478094587
LAM3,State_7,223,2,2465759.0,AT2,2.6205140281966255
LAM3,State_7,223,2,2465759.0,macrophage,0.26635354518568627
LAM3,State_7,223,2,2465759.0,endothelial,0.13660843064943756
LAM3,State_7,223,2,2465759.0,fibroblast,0.045732232754083973
LAM3,State_7,223,2,2465759.0,mesothelial,0.06350796940832396
LAM3,State_7,223,2,2465759.0,pericyte_VSMC,0.10182687340697545
LAM3,State_7,223,2,2465759.0,gene_PMEL,0.07045830981747979
LAM3,State_7,223,2,2465759.0,gene_MLANA,0.12202069681724459
LAM3,State_7,223,2,2465759.0,gene_MITF,0.90673275330899
LAM3,State_7,223,2,2465759.0,gene_ACTA2,0.1778668380053594
LAM3,State_7,223,2,2465759.0,gene_ACTG2,0.004047344824335239
LAM3,State_7,223,2,2465759.0,gene_MYH11,0.16074758197822248
LAM3,State_7,223,2,2465759.0,gene_VEGFD,0.12202069681724459
LAM3,State_7,223,2,2465759.0,gene_CTSK,0.4073884252166752
LAM3,State_7,223,2,2465759.0,gene_ESR1,0.6072856270422354
LAM3,State_7,223,2,2465759.0,gene_EMX2,0.0
LAM3,State_7,223,2,2465759.0,gene_HOXA11,0.0
LAM3,State_5,95,2,1525545.0,melanocytic_identity,0.5343658094485666
LAM3,State_5,95,2,1525545.0,contractile_marker_panel,0.26342642616170436
LAM3,State_5,95,2,1525545.0,VEGFD_CTSK_panel,0.7079070422854903
LAM3,State_5,95,2,1525545.0,ESR1_hormone_marker,0.37314669962865693
LAM3,State_5,95,2,1525545.0,HOX_PBX_markers,0.00651243784612148
LAM3,State_5,95,2,1525545.0,CORE1,0.21191215225133486
LAM3,State_5,95,2,1525545.0,CORE2,0.6579348216709662
LAM3,State_5,95,2,1525545.0,CORE3_identity,0.5731343782633795
LAM3,State_5,95,2,1525545.0,LAM_myogenic_contractile,0.2876462443304183
LAM3,State_5,95,2,1525545.0,ECM_remodeling,0.6020089150166607
LAM3,State_5,95,2,1525545.0,mTOR_translation,1.6199068717896359
LAM3,State_5,95,2,1525545.0,hormone_related,0.09967445949030264
LAM3,State_5,95,2,1525545.0,hypoxia_stress,0.1693136231631563
LAM3,State_5,95,2,1525545.0,protease_ECM_niche,1.0060316556709037
LAM3,State_5,95,2,1525545.0,HOX_PBX,0.020161579725325177
LAM3,State_5,95,2,1525545.0,normal_lung_interstitial,0.22916805977942029
LAM3,State_5,95,2,1525545.0,LAMCORE_777,0.11940324422220087
LAM3,State_5,95,2,1525545.0,ciliated,0.02348475869735666
LAM3,State_5,95,2,1525545.0,AT2,1.2260870084935422
LAM3,State_5,95,2,1525545.0,macrophage,2.639867511853473
LAM3,State_5,95,2,1525545.0,endothelial,0.14097669891459258
LAM3,State_5,95,2,1525545.0,fibroblast,0.19046627965143195
LAM3,State_5,95,2,1525545.0,mesothelial,0.005576108941280176
LAM3,State_5,95,2,1525545.0,pericyte_VSMC,0.20244063337285023
LAM3,State_5,95,2,1525545.0,gene_PMEL,0.3030423908451466
LAM3,State_5,95,2,1525545.0,gene_MLANA,0.01302487569224296
LAM3,State_5,95,2,1525545.0,gene_MITF,1.2870301618083102
LAM3,State_5,95,2,1525545.0,gene_ACTA2,0.61988243529832
LAM3,State_5,95,2,1525545.0,gene_ACTG2,0.01302487569224296
LAM3,State_5,95,2,1525545.0,gene_MYH11,0.15737196749455004
LAM3,State_5,95,2,1525545.0,gene_VEGFD,0.03224952090386287
LAM3,State_5,95,2,1525545.0,gene_CTSK,1.3835645636671177
LAM3,State_5,95,2,1525545.0,gene_ESR1,0.37314669962865693
LAM3,State_5,95,2,1525545.0,gene_EMX2,0.01302487569224296
LAM3,State_5,95,2,1525545.0,gene_HOXA11,0.0
LAM32,State_15,10,2,228992.0,melanocytic_identity,1.7325147821600178
LAM32,State_15,10,2,228992.0,contractile_marker_panel,2.245223872818318
LAM32,State_15,10,2,228992.0,VEGFD_CTSK_panel,2.4135160784723726
LAM32,State_15,10,2,228992.0,ESR1_hormone_marker,1.1716000270036235
LAM32,State_15,10,2,228992.0,HOX_PBX_markers,0.4197171305283076
LAM32,State_15,10,2,228992.0,CORE1,1.9603277072546141
LAM32,State_15,10,2,228992.0,CORE2,1.6105858804154116
LAM32,State_15,10,2,228992.0,CORE3_identity,2.124225331018749
LAM32,State_15,10,2,228992.0,LAM_myogenic_contractile,2.5094957857852824
LAM32,State_15,10,2,228992.0,ECM_remodeling,2.1418749463020705
LAM32,State_15,10,2,228992.0,mTOR_translation,1.7528146230758503
LAM32,State_15,10,2,228992.0,hormone_related,0.47616045449939787
LAM32,State_15,10,2,228992.0,hypoxia_stress,0.45170203485254784
LAM32,State_15,10,2,228992.0,protease_ECM_niche,1.1959823332815853
LAM32,State_15,10,2,228992.0,HOX_PBX,0.47122852876312427
LAM32,State_15,10,2,228992.0,normal_lung_interstitial,2.204425477361069
LAM32,State_15,10,2,228992.0,LAMCORE_777,0.6727061187752099
LAM32,State_15,10,2,228992.0,ciliated,0.0540730648615329
LAM32,State_15,10,2,228992.0,AT2,0.4289161176378036
LAM32,State_15,10,2,228992.0,macrophage,0.4563226230052166
LAM32,State_15,10,2,228992.0,endothelial,0.10455505956845737
LAM32,State_15,10,2,228992.0,fibroblast,1.9276998158544472
LAM32,State_15,10,2,228992.0,mesothelial,0.14347202630130665
LAM32,State_15,10,2,228992.0,pericyte_VSMC,1.746154958292001
LAM32,State_15,10,2,228992.0,gene_PMEL,2.982357170660349
LAM32,State_15,10,2,228992.0,gene_MLANA,1.2370691129312872
LAM32,State_15,10,2,228992.0,gene_MITF,0.9781180628884175
LAM32,State_15,10,2,228992.0,gene_ACTA2,3.6734007867028167
LAM32,State_15,10,2,228992.0,gene_ACTG2,1.1441631626482736
LAM32,State_15,10,2,228992.0,gene_MYH11,1.9181076691038634
LAM32,State_15,10,2,228992.0,gene_VEGFD,0.7789029951126762
LAM32,State_15,10,2,228992.0,gene_CTSK,4.048129161832069
LAM32,State_15,10,2,228992.0,gene_ESR1,1.1716000270036235
LAM32,State_15,10,2,228992.0,gene_EMX2,0.47708789514250644
LAM32,State_15,10,2,228992.0,gene_HOXA11,0.36234636591410874
LAM32,State_18,83,1,787573.0,melanocytic_identity,0.12968859778548883
LAM32,State_18,83,1,787573.0,contractile_marker_panel,3.125560619063018
LAM32,State_18,83,1,787573.0,VEGFD_CTSK_panel,0.3487487531465544
LAM32,State_18,83,1,787573.0,ESR1_hormone_marker,0.04954125606668557
LAM32,State_18,83,1,787573.0,HOX_PBX_markers,0.0
LAM32,State_18,83,1,787573.0,CORE1,2.8712257519373736
LAM32,State_18,83,1,787573.0,CORE2,0.17384379520911974
LAM32,State_18,83,1,787573.0,CORE3_identity,0.7349451094031901
LAM32,State_18,83,1,787573.0,LAM_myogenic_contractile,3.3950449269054426
LAM32,State_18,83,1,787573.0,ECM_remodeling,1.1396251697334412
LAM32,State_18,83,1,787573.0,mTOR_translation,1.879813975666207
LAM32,State_18,83,1,787573.0,hormone_related,0.19839441555682266
LAM32,State_18,83,1,787573.0,hypoxia_stress,0.6088240560244313
LAM32,State_18,83,1,787573.0,protease_ECM_niche,0.5329016942568084
LAM32,State_18,83,1,787573.0,HOX_PBX,0.1854070556049522
LAM32,State_18,83,1,787573.0,normal_lung_interstitial,0.9772437693689454
LAM32,State_18,83,1,787573.0,LAMCORE_777,0.47751650284209174
LAM32,State_18,83,1,787573.0,ciliated,0.06421631671182586
LAM32,State_18,83,1,787573.0,AT2,0.14098502922493739
LAM32,State_18,83,1,787573.0,macrophage,0.3402373671423288
LAM32,State_18,83,1,787573.0,endothelial,0.10440477044889025
LAM32,State_18,83,1,787573.0,fibroblast,0.9771196818235395
LAM32,State_18,83,1,787573.0,mesothelial,0.008879793967202737
LAM32,State_18,83,1,787573.0,pericyte_VSMC,2.652566691974142
LAM32,State_18,83,1,787573.0,gene_PMEL,0.012617301703733593
LAM32,State_18,83,1,787573.0,gene_MLANA,0.0
LAM32,State_18,83,1,787573.0,gene_MITF,0.37644849165273286
LAM32,State_18,83,1,787573.0,gene_ACTA2,4.00851121010607
LAM32,State_18,83,1,787573.0,gene_ACTG2,1.9805931036942512
LAM32,State_18,83,1,787573.0,gene_MYH11,3.387577543388733
LAM32,State_18,83,1,787573.0,gene_VEGFD,0.06155235926349547
LAM32,State_18,83,1,787573.0,gene_CTSK,0.6359451470296134
LAM32,State_18,83,1,787573.0,gene_ESR1,0.04954125606668557
LAM32,State_18,83,1,787573.0,gene_EMX2,0.0
LAM32,State_18,83,1,787573.0,gene_HOXA11,0.0
LAM32,State_20,134,2,1072222.0,melanocytic_identity,0.3203854924215705
LAM32,State_20,134,2,1072222.0,contractile_marker_panel,0.8126876454328412
LAM32,State_20,134,2,1072222.0,VEGFD_CTSK_panel,0.8913360183286814
LAM32,State_20,134,2,1072222.0,ESR1_hormone_marker,0.49115156605487015
LAM32,State_20,134,2,1072222.0,HOX_PBX_markers,0.00924051130163391
LAM32,State_20,134,2,1072222.0,CORE1,1.1579626584344938
LAM32,State_20,134,2,1072222.0,CORE2,0.5319235537866055
LAM32,State_20,134,2,1072222.0,CORE3_identity,0.7117228952277413
LAM32,State_20,134,2,1072222.0,LAM_myogenic_contractile,1.324788489971259
LAM32,State_20,134,2,1072222.0,ECM_remodeling,1.968784078324594
LAM32,State_20,134,2,1072222.0,mTOR_translation,1.634736520570822
LAM32,State_20,134,2,1072222.0,hormone_related,0.457521279715207
LAM32,State_20,134,2,1072222.0,hypoxia_stress,0.582312533958598
LAM32,State_20,134,2,1072222.0,protease_ECM_niche,0.9007615368070879
LAM32,State_20,134,2,1072222.0,HOX_PBX,0.29947208253971813
LAM32,State_20,134,2,1072222.0,normal_lung_interstitial,2.639242924195262
LAM32,State_20,134,2,1072222.0,LAMCORE_777,0.5370659019109805
LAM32,State_20,134,2,1072222.0,ciliated,0.032572792884266524
LAM32,State_20,134,2,1072222.0,AT2,0.303635865585061
LAM32,State_20,134,2,1072222.0,macrophage,0.5317303732784352
LAM32,State_20,134,2,1072222.0,endothelial,0.3867666604679644
LAM32,State_20,134,2,1072222.0,fibroblast,2.672668901200796
LAM32,State_20,134,2,1072222.0,mesothelial,0.06313347895128205
LAM32,State_20,134,2,1072222.0,pericyte_VSMC,0.9915628928076442
LAM32,State_20,134,2,1072222.0,gene_PMEL,0.0
LAM32,State_20,134,2,1072222.0,gene_MLANA,0.01848102260326782
LAM32,State_20,134,2,1072222.0,gene_MITF,0.9426754546614438
LAM32,State_20,134,2,1072222.0,gene_ACTA2,1.7470801866172452
LAM32,State_20,134,2,1072222.0,gene_ACTG2,0.15518644249239286
LAM32,State_20,134,2,1072222.0,gene_MYH11,0.5357963071888854
LAM32,State_20,134,2,1072222.0,gene_VEGFD,0.7332643711778352
LAM32,State_20,134,2,1072222.0,gene_CTSK,1.0494076654795275
LAM32,State_20,134,2,1072222.0,gene_ESR1,0.49115156605487015
LAM32,State_20,134,2,1072222.0,gene_EMX2,0.0
LAM32,State_20,134,2,1072222.0,gene_HOXA11,0.01848102260326782
LAM32,State_12,167,2,1927338.0,melanocytic_identity,0.5027681215501355
LAM32,State_12,167,2,1927338.0,contractile_marker_panel,0.14928544898920607
LAM32,State_12,167,2,1927338.0,VEGFD_CTSK_panel,0.3037023395747741
LAM32,State_12,167,2,1927338.0,ESR1_hormone_marker,0.5639045859534209
LAM32,State_12,167,2,1927338.0,HOX_PBX_markers,0.002587544807883114
LAM32,State_12,167,2,1927338.0,CORE1,0.3471420225476535
LAM32,State_12,167,2,1927338.0,CORE2,0.39149359842691805
LAM32,State_12,167,2,1927338.0,CORE3_identity,0.43187522544908086
LAM32,State_12,167,2,1927338.0,LAM_myogenic_contractile,0.31701277363278235
LAM32,State_12,167,2,1927338.0,ECM_remodeling,0.5462691932201399
LAM32,State_12,167,2,1927338.0,mTOR_translation,0.6916674291551002
LAM32,State_12,167,2,1927338.0,hormone_related,0.561060564844433
LAM32,State_12,167,2,1927338.0,hypoxia_stress,0.5249852618446044
LAM32,State_12,167,2,1927338.0,protease_ECM_niche,0.40414485143384177
LAM32,State_12,167,2,1927338.0,HOX_PBX,0.26365278429629835
LAM32,State_12,167,2,1927338.0,normal_lung_interstitial,0.38539944681665095
LAM32,State_12,167,2,1927338.0,LAMCORE_777,0.3604760940766968
LAM32,State_12,167,2,1927338.0,ciliated,0.14030008843162137
LAM32,State_12,167,2,1927338.0,AT2,1.99738145186157
LAM32,State_12,167,2,1927338.0,macrophage,0.26033025042961183
LAM32,State_12,167,2,1927338.0,endothelial,0.6865358222118657
LAM32,State_12,167,2,1927338.0,fibroblast,0.4754444841264215
LAM32,State_12,167,2,1927338.0,mesothelial,0.08051009603971411
LAM32,State_12,167,2,1927338.0,pericyte_VSMC,0.2576084353864478
LAM32,State_12,167,2,1927338.0,gene_PMEL,0.030656278559693897
LAM32,State_12,167,2,1927338.0,gene_MLANA,0.01544561060682854
LAM32,State_12,167,2,1927338.0,gene_MITF,1.462202475483884
LAM32,State_12,167,2,1927338.0,gene_ACTA2,0.3435129483901906
LAM32,State_12,167,2,1927338.0,gene_ACTG2,0.010323535503524241
LAM32,State_12,167,2,1927338.0,gene_MYH11,0.09401986307390342
LAM32,State_12,167,2,1927338.0,gene_VEGFD,0.192872898735562
LAM32,State_12,167,2,1927338.0,gene_CTSK,0.41453178041398625
LAM32,State_12,167,2,1927338.0,gene_ESR1,0.5639045859534209
LAM32,State_12,167,2,1927338.0,gene_EMX2,0.005175089615766228
LAM32,State_12,167,2,1927338.0,gene_HOXA11,0.0
LAM32,State_7,45,2,488653.0,melanocytic_identity,0.36358647402955696
LAM32,State_7,45,2,488653.0,contractile_marker_panel,0.1245764775123583
LAM32,State_7,45,2,488653.0,VEGFD_CTSK_panel,0.22944922341640722
LAM32,State_7,45,2,488653.0,ESR1_hormone_marker,0.3857260003528187
LAM32,State_7,45,2,488653.0,HOX_PBX_markers,0.0
LAM32,State_7,45,2,488653.0,CORE1,0.0944942622126175
LAM32,State_7,45,2,488653.0,CORE2,0.20354218809831087
LAM32,State_7,45,2,488653.0,CORE3_identity,0.3078542231327586
LAM32,State_7,45,2,488653.0,LAM_myogenic_contractile,0.13846267753924643
LAM32,State_7,45,2,488653.0,ECM_remodeling,0.18335146496591037
LAM32,State_7,45,2,488653.0,mTOR_translation,1.306183900299153
LAM32,State_7,45,2,488653.0,hormone_related,0.4534303291132485
LAM32,State_7,45,2,488653.0,hypoxia_stress,0.4839604139470472
LAM32,State_7,45,2,488653.0,protease_ECM_niche,0.35256336748469136
LAM32,State_7,45,2,488653.0,HOX_PBX,0.2197776938605157
LAM32,State_7,45,2,488653.0,normal_lung_interstitial,0.08863893205753927
LAM32,State_7,45,2,488653.0,LAMCORE_777,0.2241592221668877
LAM32,State_7,45,2,488653.0,ciliated,0.13960593372477123
LAM32,State_7,45,2,488653.0,AT2,4.929027801329144
LAM32,State_7,45,2,488653.0,macrophage,0.06502089909353098
LAM32,State_7,45,2,488653.0,endothelial,0.06257929109096719
LAM32,State_7,45,2,488653.0,fibroblast,0.07713947030569504
LAM32,State_7,45,2,488653.0,mesothelial,0.18900538408679432
LAM32,State_7,45,2,488653.0,pericyte_VSMC,0.09733939052633937
LAM32,State_7,45,2,488653.0,gene_PMEL,0.1338759029379829
LAM32,State_7,45,2,488653.0,gene_MLANA,0.059582439979122555
LAM32,State_7,45,2,488653.0,gene_MITF,0.8973010791715654
LAM32,State_7,45,2,488653.0,gene_ACTA2,0.21959569265500573
LAM32,State_7,45,2,488653.0,gene_ACTG2,0.020257836944086262
LAM32,State_7,45,2,488653.0,gene_MYH11,0.1338759029379829
LAM32,State_7,45,2,488653.0,gene_VEGFD,0.11581355725913493
LAM32,State_7,45,2,488653.0,gene_CTSK,0.3430848895736795
LAM32,State_7,45,2,488653.0,gene_ESR1,0.3857260003528187
LAM32,State_7,45,2,488653.0,gene_EMX2,0.0
LAM32,State_7,45,2,488653.0,gene_HOXA11,0.0
LAM32,State_5,61,2,2274561.0,melanocytic_identity,0.16461610153062686
LAM32,State_5,61,2,2274561.0,contractile_marker_panel,0.06382367217199039
LAM32,State_5,61,2,2274561.0,VEGFD_CTSK_panel,0.18372296925475237
LAM32,State_5,61,2,2274561.0,ESR1_hormone_marker,0.06386341032412185
LAM32,State_5,61,2,2274561.0,HOX_PBX_markers,0.0
LAM32,State_5,61,2,2274561.0,CORE1,0.0699451939584372
LAM32,State_5,61,2,2274561.0,CORE2,0.37511050673490026
LAM32,State_5,61,2,2274561.0,CORE3_identity,0.15951838142021119
LAM32,State_5,61,2,2274561.0,LAM_myogenic_contractile,0.07681987069472647
LAM32,State_5,61,2,2274561.0,ECM_remodeling,0.6359112610295966
LAM32,State_5,61,2,2274561.0,mTOR_translation,1.5161534389154396
LAM32,State_5,61,2,2274561.0,hormone_related,0.01771867602291338
LAM32,State_5,61,2,2274561.0,hypoxia_stress,0.2565162501358732
LAM32,State_5,61,2,2274561.0,protease_ECM_niche,1.1163640723433248
LAM32,State_5,61,2,2274561.0,HOX_PBX,0.016544691119533453
LAM32,State_5,61,2,2274561.0,normal_lung_interstitial,0.3178478942362734
LAM32,State_5,61,2,2274561.0,LAMCORE_777,0.08018429420264472
LAM32,State_5,61,2,2274561.0,ciliated,0.005749978646065797
LAM32,State_5,61,2,2274561.0,AT2,0.08696295362798341
LAM32,State_5,61,2,2274561.0,macrophage,2.815653121753799
LAM32,State_5,61,2,2274561.0,endothelial,0.21300656390167924
LAM32,State_5,61,2,2274561.0,fibroblast,0.24836889767482387
LAM32,State_5,61,2,2274561.0,mesothelial,0.0031252527471303136
LAM32,State_5,61,2,2274561.0,pericyte_VSMC,0.054484310176003185
LAM32,State_5,61,2,2274561.0,gene_PMEL,0.00438681660056246
LAM32,State_5,61,2,2274561.0,gene_MLANA,0.00438681660056246
LAM32,State_5,61,2,2274561.0,gene_MITF,0.4850746713907557
LAM32,State_5,61,2,2274561.0,gene_ACTA2,0.19147101651597118
LAM32,State_5,61,2,2274561.0,gene_ACTG2,0.0
LAM32,State_5,61,2,2274561.0,gene_MYH11,0.0
LAM32,State_5,61,2,2274561.0,gene_VEGFD,0.0
LAM32,State_5,61,2,2274561.0,gene_CTSK,0.36744593850950474
LAM32,State_5,61,2,2274561.0,gene_ESR1,0.06386341032412185
LAM32,State_5,61,2,2274561.0,gene_EMX2,0.0
LAM32,State_5,61,2,2274561.0,gene_HOXA11,0.0
LAM4,State_18,2,1,7893.0,melanocytic_identity,0.0
LAM4,State_18,2,1,7893.0,contractile_marker_panel,1.2241811151359459
LAM4,State_18,2,1,7893.0,VEGFD_CTSK_panel,0.4092166420917297
LAM4,State_18,2,1,7893.0,ESR1_hormone_marker,0.8184332841834594
LAM4,State_18,2,1,7893.0,HOX_PBX_markers,0.0
LAM4,State_18,2,1,7893.0,CORE1,1.1003429686648687
LAM4,State_18,2,1,7893.0,CORE2,0.10230416052293242
LAM4,State_18,2,1,7893.0,CORE3_identity,0.5781443490301045
LAM4,State_18,2,1,7893.0,LAM_myogenic_contractile,1.4089664432056954
LAM4,State_18,2,1,7893.0,ECM_remodeling,0.63647908452443
LAM4,State_18,2,1,7893.0,mTOR_translation,1.355649104058682
LAM4,State_18,2,1,7893.0,hormone_related,0.11691904059763705
LAM4,State_18,2,1,7893.0,hypoxia_stress,0.2387223391917142
LAM4,State_18,2,1,7893.0,protease_ECM_niche,0.25555031569338243
LAM4,State_18,2,1,7893.0,HOX_PBX,0.20460832104586485
LAM4,State_18,2,1,7893.0,normal_lung_interstitial,0.41704150486314084
LAM4,State_18,2,1,7893.0,LAMCORE_777,0.28454860003076193
LAM4,State_18,2,1,7893.0,ciliated,0.13872218364983233
LAM4,State_18,2,1,7893.0,AT2,2.308402742811477
LAM4,State_18,2,1,7893.0,macrophage,1.1126141106334628
LAM4,State_18,2,1,7893.0,endothelial,0.0
LAM4,State_18,2,1,7893.0,fibroblast,0.4459201951489826
LAM4,State_18,2,1,7893.0,mesothelial,0.1803427815091465
LAM4,State_18,2,1,7893.0,pericyte_VSMC,1.5643980437004494
LAM4,State_18,2,1,7893.0,gene_PMEL,0.0
LAM4,State_18,2,1,7893.0,gene_MLANA,0.0
LAM4,State_18,2,1,7893.0,gene_MITF,0.0
LAM4,State_18,2,1,7893.0,gene_ACTA2,2.410143874843812
LAM4,State_18,2,1,7893.0,gene_ACTG2,0.0
LAM4,State_18,2,1,7893.0,gene_MYH11,1.2623994705640256
LAM4,State_18,2,1,7893.0,gene_VEGFD,0.0
LAM4,State_18,2,1,7893.0,gene_CTSK,0.8184332841834594
LAM4,State_18,2,1,7893.0,gene_ESR1,0.8184332841834594
LAM4,State_18,2,1,7893.0,gene_EMX2,0.0
LAM4,State_18,2,1,7893.0,gene_HOXA11,0.0
LAM4,State_12,2,1,9768.0,melanocytic_identity,0.23498424395930181
LAM4,State_12,2,1,9768.0,contractile_marker_panel,0.23498424395930181
LAM4,State_12,2,1,9768.0,VEGFD_CTSK_panel,0.0
LAM4,State_12,2,1,9768.0,ESR1_hormone_marker,1.114322254235918
LAM4,State_12,2,1,9768.0,HOX_PBX_markers,0.0
LAM4,State_12,2,1,9768.0,CORE1,0.17623818296947635
LAM4,State_12,2,1,9768.0,CORE2,0.08811909148473818
LAM4,State_12,2,1,9768.0,CORE3_identity,0.36060395971310416
LAM4,State_12,2,1,9768.0,LAM_myogenic_contractile,0.4036475562337043
LAM4,State_12,2,1,9768.0,ECM_remodeling,0.2428196769994715
LAM4,State_12,2,1,9768.0,mTOR_translation,1.2881017685434144
LAM4,State_12,2,1,9768.0,hormone_related,0.36060395971310416
LAM4,State_12,2,1,9768.0,hypoxia_stress,0.5736925855171846
LAM4,State_12,2,1,9768.0,protease_ECM_niche,0.40820831210072817
LAM4,State_12,2,1,9768.0,HOX_PBX,0.2636129454827342
LAM4,State_12,2,1,9768.0,normal_lung_interstitial,0.08811909148473818
LAM4,State_12,2,1,9768.0,LAMCORE_777,0.27581241899973474
LAM4,State_12,2,1,9768.0,ciliated,0.09399369758372073
LAM4,State_12,2,1,9768.0,AT2,1.7632782029134897
LAM4,State_12,2,1,9768.0,macrophage,0.7281266515701994
LAM4,State_12,2,1,9768.0,endothelial,0.6462684877816172
LAM4,State_12,2,1,9768.0,fibroblast,0.12817322397780098
LAM4,State_12,2,1,9768.0,mesothelial,0.10070753312541506
LAM4,State_12,2,1,9768.0,pericyte_VSMC,0.2690983708224695
LAM4,State_12,2,1,9768.0,gene_PMEL,0.7049527318779054
LAM4,State_12,2,1,9768.0,gene_MLANA,0.0
LAM4,State_12,2,1,9768.0,gene_MITF,0.0
LAM4,State_12,2,1,9768.0,gene_ACTA2,0.7049527318779054
LAM4,State_12,2,1,9768.0,gene_ACTG2,0.0
LAM4,State_12,2,1,9768.0,gene_MYH11,0.0
LAM4,State_12,2,1,9768.0,gene_VEGFD,0.0
LAM4,State_12,2,1,9768.0,gene_CTSK,0.0
LAM4,State_12,2,1,9768.0,gene_ESR1,1.114322254235918
LAM4,State_12,2,1,9768.0,gene_EMX2,0.0
LAM4,State_12,2,1,9768.0,gene_HOXA11,0.0
LAM4,State_7,5,1,98900.0,melanocytic_identity,0.032106930436749455
LAM4,State_7,5,1,98900.0,contractile_marker_panel,0.19016220874141743
LAM4,State_7,5,1,98900.0,VEGFD_CTSK_panel,0.16982250556581585
LAM4,State_7,5,1,98900.0,ESR1_hormone_marker,0.26492767131647527
LAM4,State_7,5,1,98900.0,HOX_PBX_markers,0.0
LAM4,State_7,5,1,98900.0,CORE1,0.198028126216707
LAM4,State_7,5,1,98900.0,CORE2,0.07751742093874373
LAM4,State_7,5,1,98900.0,CORE3_identity,0.16786561552462276
LAM4,State_7,5,1,98900.0,LAM_myogenic_contractile,0.2981758398985435
LAM4,State_7,5,1,98900.0,ECM_remodeling,0.2892067760046629
LAM4,State_7,5,1,98900.0,mTOR_translation,1.9221410250258126
LAM4,State_7,5,1,98900.0,hormone_related,0.5664172793086458
LAM4,State_7,5,1,98900.0,hypoxia_stress,0.17971006938062334
LAM4,State_7,5,1,98900.0,protease_ECM_niche,0.3739966466152986
LAM4,State_7,5,1,98900.0,HOX_PBX,0.20639121417821898
LAM4,State_7,5,1,98900.0,normal_lung_interstitial,0.1572118138048169
LAM4,State_7,5,1,98900.0,LAMCORE_777,0.22534518110324359
LAM4,State_7,5,1,98900.0,ciliated,0.05402331326741791
LAM4,State_7,5,1,98900.0,AT2,2.159206106320337
LAM4,State_7,5,1,98900.0,macrophage,0.6614984703778523
LAM4,State_7,5,1,98900.0,endothelial,0.0729595592762863
LAM4,State_7,5,1,98900.0,fibroblast,0.13107891595514592
LAM4,State_7,5,1,98900.0,mesothelial,0.21075358311892348
LAM4,State_7,5,1,98900.0,pericyte_VSMC,0.2208611992087353
LAM4,State_7,5,1,98900.0,gene_PMEL,0.0
LAM4,State_7,5,1,98900.0,gene_MLANA,0.0
LAM4,State_7,5,1,98900.0,gene_MITF,0.09632079131024837
LAM4,State_7,5,1,98900.0,gene_ACTA2,0.4741658349140039
LAM4,State_7,5,1,98900.0,gene_ACTG2,0.0
LAM4,State_7,5,1,98900.0,gene_MYH11,0.09632079131024837
LAM4,State_7,5,1,98900.0,gene_VEGFD,0.0
LAM4,State_7,5,1,98900.0,gene_CTSK,0.3396450111316317
LAM4,State_7,5,1,98900.0,gene_ESR1,0.26492767131647527
LAM4,State_7,5,1,98900.0,gene_EMX2,0.0
LAM4,State_7,5,1,98900.0,gene_HOXA11,0.0
LAM44,State_18,12,1,87027.0,melanocytic_identity,0.2329900749002857
LAM44,State_18,12,1,87027.0,contractile_marker_panel,1.2237966022248203
LAM44,State_18,12,1,87027.0,VEGFD_CTSK_panel,0.14809313103511357
LAM44,State_18,12,1,87027.0,ESR1_hormone_marker,0.29618626207022714
LAM44,State_18,12,1,87027.0,HOX_PBX_markers,0.0
LAM44,State_18,12,1,87027.0,CORE1,1.5052948611757357
LAM44,State_18,12,1,87027.0,CORE2,0.16141784360516392
LAM44,State_18,12,1,87027.0,CORE3_identity,0.4333955262975569
LAM44,State_18,12,1,87027.0,LAM_myogenic_contractile,1.5400630911024418
LAM44,State_18,12,1,87027.0,ECM_remodeling,1.271700190352116
LAM44,State_18,12,1,87027.0,mTOR_translation,0.9177237819828599
LAM44,State_18,12,1,87027.0,hormone_related,0.6655670314793874
LAM44,State_18,12,1,87027.0,hypoxia_stress,0.2783609691316729
LAM44,State_18,12,1,87027.0,protease_ECM_niche,0.4502949098340659
LAM44,State_18,12,1,87027.0,HOX_PBX,0.5346134735327677
LAM44,State_18,12,1,87027.0,normal_lung_interstitial,1.0471450118077001
LAM44,State_18,12,1,87027.0,LAMCORE_777,0.5058973868677227
LAM44,State_18,12,1,87027.0,ciliated,0.046254323043197786
LAM44,State_18,12,1,87027.0,AT2,0.6086831112092437
LAM44,State_18,12,1,87027.0,macrophage,0.24480408807580997
LAM44,State_18,12,1,87027.0,endothelial,0.10113499499511672
LAM44,State_18,12,1,87027.0,fibroblast,1.0216107473800657
LAM44,State_18,12,1,87027.0,mesothelial,0.0
LAM44,State_18,12,1,87027.0,pericyte_VSMC,1.5587869772138356
LAM44,State_18,12,1,87027.0,gene_PMEL,0.10877087495135418
LAM44,State_18,12,1,87027.0,gene_MLANA,0.0
LAM44,State_18,12,1,87027.0,gene_MITF,0.5901993497495029
LAM44,State_18,12,1,87027.0,gene_ACTA2,1.7424259352415867
LAM44,State_18,12,1,87027.0,gene_ACTG2,0.20686272374384226
LAM44,State_18,12,1,87027.0,gene_MYH11,1.7221011476890322
LAM44,State_18,12,1,87027.0,gene_VEGFD,0.0
LAM44,State_18,12,1,87027.0,gene_CTSK,0.29618626207022714
LAM44,State_18,12,1,87027.0,gene_ESR1,0.29618626207022714
LAM44,State_18,12,1,87027.0,gene_EMX2,0.0
LAM44,State_18,12,1,87027.0,gene_HOXA11,0.0
LAM44,State_20,63,1,682684.0,melanocytic_identity,0.4023583782628766
LAM44,State_20,63,1,682684.0,contractile_marker_panel,0.15928841773495406
LAM44,State_20,63,1,682684.0,VEGFD_CTSK_panel,0.4620529868266343
LAM44,State_20,63,1,682684.0,ESR1_hormone_marker,0.9485608386065875
LAM44,State_20,63,1,682684.0,HOX_PBX_markers,0.0
LAM44,State_20,63,1,682684.0,CORE1,0.4953363006364407
LAM44,State_20,63,1,682684.0,CORE2,0.3355101341994022
LAM44,State_20,63,1,682684.0,CORE3_identity,0.49053844570504596
LAM44,State_20,63,1,682684.0,LAM_myogenic_contractile,0.5416150174206034
LAM44,State_20,63,1,682684.0,ECM_remodeling,1.4538187808843464
LAM44,State_20,63,1,682684.0,mTOR_translation,0.7739666699803823
LAM44,State_20,63,1,682684.0,hormone_related,0.892927179872494
LAM44,State_20,63,1,682684.0,hypoxia_stress,0.33983629941408194
LAM44,State_20,63,1,682684.0,protease_ECM_niche,0.5038048047722085
LAM44,State_20,63,1,682684.0,HOX_PBX,0.5844793095594748
LAM44,State_20,63,1,682684.0,normal_lung_interstitial,1.6142644311522307
LAM44,State_20,63,1,682684.0,LAMCORE_777,0.5339014865557669
LAM44,State_20,63,1,682684.0,ciliated,0.058942139272353374
LAM44,State_20,63,1,682684.0,AT2,0.6265076933456792
LAM44,State_20,63,1,682684.0,macrophage,0.2521219726860878
LAM44,State_20,63,1,682684.0,endothelial,0.1595370507265397
LAM44,State_20,63,1,682684.0,fibroblast,1.886469992071787
LAM44,State_20,63,1,682684.0,mesothelial,0.045404807557121715
LAM44,State_20,63,1,682684.0,pericyte_VSMC,0.48212389639628433
LAM44,State_20,63,1,682684.0,gene_PMEL,0.0
LAM44,State_20,63,1,682684.0,gene_MLANA,0.0
LAM44,State_20,63,1,682684.0,gene_MITF,1.20707513478863
LAM44,State_20,63,1,682684.0,gene_ACTA2,0.3540271728868357
LAM44,State_20,63,1,682684.0,gene_ACTG2,0.0
LAM44,State_20,63,1,682684.0,gene_MYH11,0.12383808031802648
LAM44,State_20,63,1,682684.0,gene_VEGFD,0.6228512474270598
LAM44,State_20,63,1,682684.0,gene_CTSK,0.3012547262262088
LAM44,State_20,63,1,682684.0,gene_ESR1,0.9485608386065875
LAM44,State_20,63,1,682684.0,gene_EMX2,0.0
LAM44,State_20,63,1,682684.0,gene_HOXA11,0.0
LAM44,State_12,10,1,128063.0,melanocytic_identity,0.20248315130560135
LAM44,State_12,10,1,128063.0,contractile_marker_panel,0.23192998183903166
LAM44,State_12,10,1,128063.0,VEGFD_CTSK_panel,0.30071583434758353
LAM44,State_12,10,1,128063.0,ESR1_hormone_marker,0.27181657877325327
LAM44,State_12,10,1,128063.0,HOX_PBX_markers,0.0
LAM44,State_12,10,1,128063.0,CORE1,0.5591164215015639
LAM44,State_12,10,1,128063.0,CORE2,0.1692495813928119
LAM44,State_12,10,1,128063.0,CORE3_identity,0.280859469929509
LAM44,State_12,10,1,128063.0,LAM_myogenic_contractile,0.3924547905129792
LAM44,State_12,10,1,128063.0,ECM_remodeling,0.5558673605142213
LAM44,State_12,10,1,128063.0,mTOR_translation,0.8531051709267171
LAM44,State_12,10,1,128063.0,hormone_related,0.5214040011210372
LAM44,State_12,10,1,128063.0,hypoxia_stress,0.45586922320002293
LAM44,State_12,10,1,128063.0,protease_ECM_niche,0.20650331723936918
LAM44,State_12,10,1,128063.0,HOX_PBX,0.3654861192714701
LAM44,State_12,10,1,128063.0,normal_lung_interstitial,0.6244353613081031
LAM44,State_12,10,1,128063.0,LAMCORE_777,0.3705576420230693
LAM44,State_12,10,1,128063.0,ciliated,0.07312963848725304
LAM44,State_12,10,1,128063.0,AT2,0.573910871576637
LAM44,State_12,10,1,128063.0,macrophage,0.20002874607906895
LAM44,State_12,10,1,128063.0,endothelial,1.317200319570682
LAM44,State_12,10,1,128063.0,fibroblast,0.6172962212182386
LAM44,State_12,10,1,128063.0,mesothelial,0.0
LAM44,State_12,10,1,128063.0,pericyte_VSMC,0.37776829083632046
LAM44,State_12,10,1,128063.0,gene_PMEL,0.0
LAM44,State_12,10,1,128063.0,gene_MLANA,0.07518777238691118
LAM44,State_12,10,1,128063.0,gene_MITF,0.5322616815298928
LAM44,State_12,10,1,128063.0,gene_ACTA2,0.48531858812133866
LAM44,State_12,10,1,128063.0,gene_ACTG2,0.0
LAM44,State_12,10,1,128063.0,gene_MYH11,0.21047135739575626
LAM44,State_12,10,1,128063.0,gene_VEGFD,0.27181657877325327
LAM44,State_12,10,1,128063.0,gene_CTSK,0.3296150899219138
LAM44,State_12,10,1,128063.0,gene_ESR1,0.27181657877325327
LAM44,State_12,10,1,128063.0,gene_EMX2,0.0
LAM44,State_12,10,1,128063.0,gene_HOXA11,0.0
LAM44,State_7,6,1,68193.0,melanocytic_identity,0.4114005768863797
LAM44,State_7,6,1,68193.0,contractile_marker_panel,0.0912254727951269
LAM44,State_7,6,1,68193.0,VEGFD_CTSK_panel,0.2571856744983503
LAM44,State_7,6,1,68193.0,ESR1_hormone_marker,0.7063093385351956
LAM44,State_7,6,1,68193.0,HOX_PBX_markers,0.0
LAM44,State_7,6,1,68193.0,CORE1,0.03420955229817259
LAM44,State_7,6,1,68193.0,CORE2,0.21857163495697995
LAM44,State_7,6,1,68193.0,CORE3_identity,0.3702458039119608
LAM44,State_7,6,1,68193.0,LAM_myogenic_contractile,0.03420955229817259
LAM44,State_7,6,1,68193.0,ECM_remodeling,0.10596190065328104
LAM44,State_7,6,1,68193.0,mTOR_translation,0.7461152303812368
LAM44,State_7,6,1,68193.0,hormone_related,0.6211937244120971
LAM44,State_7,6,1,68193.0,hypoxia_stress,0.30910261322710275
LAM44,State_7,6,1,68193.0,protease_ECM_niche,0.22167197039127318
LAM44,State_7,6,1,68193.0,HOX_PBX,0.4562485987287206
LAM44,State_7,6,1,68193.0,normal_lung_interstitial,0.08346253775955267
LAM44,State_7,6,1,68193.0,LAMCORE_777,0.2532449065197247
LAM44,State_7,6,1,68193.0,ciliated,0.08024917282124568
LAM44,State_7,6,1,68193.0,AT2,1.900404628798238
LAM44,State_7,6,1,68193.0,macrophage,0.2683885434475638
LAM44,State_7,6,1,68193.0,endothelial,0.11168239661132666
LAM44,State_7,6,1,68193.0,fibroblast,0.060700027461492854
LAM44,State_7,6,1,68193.0,mesothelial,0.15944623054463222
LAM44,State_7,6,1,68193.0,pericyte_VSMC,0.022806368198781724
LAM44,State_7,6,1,68193.0,gene_PMEL,0.13683820919269035
LAM44,State_7,6,1,68193.0,gene_MLANA,0.13683820919269035
LAM44,State_7,6,1,68193.0,gene_MITF,0.9605253122737585
LAM44,State_7,6,1,68193.0,gene_ACTA2,0.13683820919269035
LAM44,State_7,6,1,68193.0,gene_ACTG2,0.0
LAM44,State_7,6,1,68193.0,gene_MYH11,0.13683820919269035
LAM44,State_7,6,1,68193.0,gene_VEGFD,0.2571856744983503
LAM44,State_7,6,1,68193.0,gene_CTSK,0.2571856744983503
LAM44,State_7,6,1,68193.0,gene_ESR1,0.7063093385351956
LAM44,State_7,6,1,68193.0,gene_EMX2,0.0
LAM44,State_7,6,1,68193.0,gene_HOXA11,0.0
LAM44,State_5,3,1,24277.0,melanocytic_identity,0.864022896246468
LAM44,State_5,3,1,24277.0,contractile_marker_panel,0.20031198493159286
LAM44,State_5,3,1,24277.0,VEGFD_CTSK_panel,0.0
LAM44,State_5,3,1,24277.0,ESR1_hormone_marker,0.8045711643906308
LAM44,State_5,3,1,24277.0,HOX_PBX_markers,0.0
LAM44,State_5,3,1,24277.0,CORE1,0.15023398869869464
LAM44,State_5,3,1,24277.0,CORE2,0.4637925795766501
LAM44,State_5,3,1,24277.0,CORE3_identity,0.5710822582749734
LAM44,State_5,3,1,24277.0,LAM_myogenic_contractile,0.15023398869869464
LAM44,State_5,3,1,24277.0,ECM_remodeling,0.3297928372940145
LAM44,State_5,3,1,24277.0,mTOR_translation,0.8687355390986755
LAM44,State_5,3,1,24277.0,hormone_related,0.11493873777009012
LAM44,State_5,3,1,24277.0,hypoxia_stress,0.36886269780276526
LAM44,State_5,3,1,24277.0,protease_ECM_niche,0.5229306791560343
LAM44,State_5,3,1,24277.0,HOX_PBX,0.0
LAM44,State_5,3,1,24277.0,normal_lung_interstitial,0.0
LAM44,State_5,3,1,24277.0,LAMCORE_777,0.15583818352850223
LAM44,State_5,3,1,24277.0,ciliated,0.09198538006432534
LAM44,State_5,3,1,24277.0,AT2,0.7566963138598451
LAM44,State_5,3,1,24277.0,macrophage,1.0538775371290232
LAM44,State_5,3,1,24277.0,endothelial,0.19195535989280404
LAM44,State_5,3,1,24277.0,fibroblast,0.0
LAM44,State_5,3,1,24277.0,mesothelial,0.04927788217731715
LAM44,State_5,3,1,24277.0,pericyte_VSMC,0.10015599246579643
LAM44,State_5,3,1,24277.0,gene_PMEL,0.0
LAM44,State_5,3,1,24277.0,gene_MLANA,0.0
LAM44,State_5,3,1,24277.0,gene_MITF,2.592068688739404
LAM44,State_5,3,1,24277.0,gene_ACTA2,0.6009359547947786
LAM44,State_5,3,1,24277.0,gene_ACTG2,0.0
LAM44,State_5,3,1,24277.0,gene_MYH11,0.0
LAM44,State_5,3,1,24277.0,gene_VEGFD,0.0
LAM44,State_5,3,1,24277.0,gene_CTSK,0.0
LAM44,State_5,3,1,24277.0,gene_ESR1,0.8045711643906308
LAM44,State_5,3,1,24277.0,gene_EMX2,0.0
LAM44,State_5,3,1,24277.0,gene_HOXA11,0.0
LAM50,State_15,1,1,47584.0,melanocytic_identity,0.3991540263832007
LAM50,State_15,1,1,47584.0,contractile_marker_panel,1.2160557027260739
LAM50,State_15,1,1,47584.0,VEGFD_CTSK_panel,0.09537409052946516
LAM50,State_15,1,1,47584.0,ESR1_hormone_marker,1.2589881478193328
LAM50,State_15,1,1,47584.0,HOX_PBX_markers,0.0
LAM50,State_15,1,1,47584.0,CORE1,1.3813909038312444
LAM50,State_15,1,1,47584.0,CORE2,0.17352628252606656
LAM50,State_15,1,1,47584.0,CORE3_identity,0.6194353883214371
LAM50,State_15,1,1,47584.0,LAM_myogenic_contractile,1.6797253113975046
LAM50,State_15,1,1,47584.0,ECM_remodeling,0.3909643528359119
LAM50,State_15,1,1,47584.0,mTOR_translation,0.7714323710911064
LAM50,State_15,1,1,47584.0,hormone_related,0.6884464401529592
LAM50,State_15,1,1,47584.0,hypoxia_stress,0.3159836689532624
LAM50,State_15,1,1,47584.0,protease_ECM_niche,0.2297911948652544
LAM50,State_15,1,1,47584.0,HOX_PBX,0.3095441766220911
LAM50,State_15,1,1,47584.0,normal_lung_interstitial,0.4422018946199136
LAM50,State_15,1,1,47584.0,LAMCORE_777,0.3997241566556661
LAM50,State_15,1,1,47584.0,ciliated,0.10893217417117246
LAM50,State_15,1,1,47584.0,AT2,1.677205980374083
LAM50,State_15,1,1,47584.0,macrophage,0.10973469321469163
LAM50,State_15,1,1,47584.0,endothelial,0.01907481810589303
LAM50,State_15,1,1,47584.0,fibroblast,0.4298390185251414
LAM50,State_15,1,1,47584.0,mesothelial,0.05012495690942815
LAM50,State_15,1,1,47584.0,pericyte_VSMC,1.1490564324621693
LAM50,State_15,1,1,47584.0,gene_PMEL,0.0
LAM50,State_15,1,1,47584.0,gene_MLANA,0.0
LAM50,State_15,1,1,47584.0,gene_MITF,1.197462079149602
LAM50,State_15,1,1,47584.0,gene_ACTA2,1.688849310222194
LAM50,State_15,1,1,47584.0,gene_ACTG2,0.0
LAM50,State_15,1,1,47584.0,gene_MYH11,1.9593177979560275
LAM50,State_15,1,1,47584.0,gene_VEGFD,0.0
LAM50,State_15,1,1,47584.0,gene_CTSK,0.19074818105893032
LAM50,State_15,1,1,47584.0,gene_ESR1,1.2589881478193328
LAM50,State_15,1,1,47584.0,gene_EMX2,0.0
LAM50,State_15,1,1,47584.0,gene_HOXA11,0.0
LAM50,State_20,1,1,11170.0,melanocytic_identity,0.21311782402188814
LAM50,State_20,1,1,11170.0,contractile_marker_panel,0.21311782402188814
LAM50,State_20,1,1,11170.0,VEGFD_CTSK_panel,0.0
LAM50,State_20,1,1,11170.0,ESR1_hormone_marker,0.0
LAM50,State_20,1,1,11170.0,HOX_PBX_markers,0.0
LAM50,State_20,1,1,11170.0,CORE1,0.7191212810560501
LAM50,State_20,1,1,11170.0,CORE2,0.07991918400820805
LAM50,State_20,1,1,11170.0,CORE3_identity,0.18267242059018982
LAM50,State_20,1,1,11170.0,LAM_myogenic_contractile,0.23975755202462415
LAM50,State_20,1,1,11170.0,ECM_remodeling,0.4372530152423859
LAM50,State_20,1,1,11170.0,mTOR_translation,0.5874275107171819
LAM50,State_20,1,1,11170.0,hormone_related,0.9308531720320795
LAM50,State_20,1,1,11170.0,hypoxia_stress,0.37699001844270635
LAM50,State_20,1,1,11170.0,protease_ECM_niche,0.0581230429150604
LAM50,State_20,1,1,11170.0,HOX_PBX,0.4774688447375382
LAM50,State_20,1,1,11170.0,normal_lung_interstitial,0.12827806008726705
LAM50,State_20,1,1,11170.0,LAMCORE_777,0.3040561907124647
LAM50,State_20,1,1,11170.0,ciliated,0.0
LAM50,State_20,1,1,11170.0,AT2,0.9122230151139439
LAM50,State_20,1,1,11170.0,macrophage,0.0581230429150604
LAM50,State_20,1,1,11170.0,endothelial,0.5188358585111541
LAM50,State_20,1,1,11170.0,fibroblast,0.38825012464030073
LAM50,State_20,1,1,11170.0,mesothelial,0.0
LAM50,State_20,1,1,11170.0,pericyte_VSMC,0.3996770554271001
LAM50,State_20,1,1,11170.0,gene_PMEL,0.0
LAM50,State_20,1,1,11170.0,gene_MLANA,0.0
LAM50,State_20,1,1,11170.0,gene_MITF,0.6393534720656644
LAM50,State_20,1,1,11170.0,gene_ACTA2,0.6393534720656644
LAM50,State_20,1,1,11170.0,gene_ACTG2,0.0
LAM50,State_20,1,1,11170.0,gene_MYH11,0.0
LAM50,State_20,1,1,11170.0,gene_VEGFD,0.0
LAM50,State_20,1,1,11170.0,gene_CTSK,0.0
LAM50,State_20,1,1,11170.0,gene_ESR1,0.0
LAM50,State_20,1,1,11170.0,gene_EMX2,0.0
LAM50,State_20,1,1,11170.0,gene_HOXA11,0.0
LAM50,State_12,11,1,184154.0,melanocytic_identity,0.39666819448496193
LAM50,State_12,11,1,184154.0,contractile_marker_panel,0.17056097354479174
LAM50,State_12,11,1,184154.0,VEGFD_CTSK_panel,0.225398461366336
LAM50,State_12,11,1,184154.0,ESR1_hormone_marker,0.5017617880078711
LAM50,State_12,11,1,184154.0,HOX_PBX_markers,0.0
LAM50,State_12,11,1,184154.0,CORE1,0.5142167478242488
LAM50,State_12,11,1,184154.0,CORE2,0.20510018827344473
LAM50,State_12,11,1,184154.0,CORE3_identity,0.35761759950348637
LAM50,State_12,11,1,184154.0,LAM_myogenic_contractile,0.33485556375998515
LAM50,State_12,11,1,184154.0,ECM_remodeling,0.30085343723933033
LAM50,State_12,11,1,184154.0,mTOR_translation,0.7288615244136644
LAM50,State_12,11,1,184154.0,hormone_related,0.6570502582860789
LAM50,State_12,11,1,184154.0,hypoxia_stress,0.5069262752987101
LAM50,State_12,11,1,184154.0,protease_ECM_niche,0.21006207999639218
LAM50,State_12,11,1,184154.0,HOX_PBX,0.2558562926226477
LAM50,State_12,11,1,184154.0,normal_lung_interstitial,0.1205809861507271
LAM50,State_12,11,1,184154.0,LAMCORE_777,0.3527236605997334
LAM50,State_12,11,1,184154.0,ciliated,0.12736040308207477
LAM50,State_12,11,1,184154.0,AT2,1.0159803278666553
LAM50,State_12,11,1,184154.0,macrophage,0.06477609574615124
LAM50,State_12,11,1,184154.0,endothelial,0.669424400570998
LAM50,State_12,11,1,184154.0,fibroblast,0.16177586206458577
LAM50,State_12,11,1,184154.0,mesothelial,0.13007232004373634
LAM50,State_12,11,1,184154.0,pericyte_VSMC,0.31718789098530664
LAM50,State_12,11,1,184154.0,gene_PMEL,0.0
LAM50,State_12,11,1,184154.0,gene_MLANA,0.05287929451435923
LAM50,State_12,11,1,184154.0,gene_MITF,1.1371252889405266
LAM50,State_12,11,1,184154.0,gene_ACTA2,0.360759902328976
LAM50,State_12,11,1,184154.0,gene_ACTG2,0.0
LAM50,State_12,11,1,184154.0,gene_MYH11,0.15092301830539928
LAM50,State_12,11,1,184154.0,gene_VEGFD,0.05287929451435923
LAM50,State_12,11,1,184154.0,gene_CTSK,0.3979176282183128
LAM50,State_12,11,1,184154.0,gene_ESR1,0.5017617880078711
LAM50,State_12,11,1,184154.0,gene_EMX2,0.0
LAM50,State_12,11,1,184154.0,gene_HOXA11,0.0
LAM50,State_7,180,1,2902659.0,melanocytic_identity,0.5071243717741348
LAM50,State_7,180,1,2902659.0,contractile_marker_panel,0.06430381767981458
LAM50,State_7,180,1,2902659.0,VEGFD_CTSK_panel,0.10011960130722598
LAM50,State_7,180,1,2902659.0,ESR1_hormone_marker,0.6119662333341955
LAM50,State_7,180,1,2902659.0,HOX_PBX_markers,0.0
LAM50,State_7,180,1,2902659.0,CORE1,0.07983093906714786
LAM50,State_7,180,1,2902659.0,CORE2,0.22110801164488297
LAM50,State_7,180,1,2902659.0,CORE3_identity,0.35137811183726103
LAM50,State_7,180,1,2902659.0,LAM_myogenic_contractile,0.06540395511687636
LAM50,State_7,180,1,2902659.0,ECM_remodeling,0.12576936029369773
LAM50,State_7,180,1,2902659.0,mTOR_translation,0.8997758695401021
LAM50,State_7,180,1,2902659.0,hormone_related,0.5379756751880269
LAM50,State_7,180,1,2902659.0,hypoxia_stress,0.3390097379579618
LAM50,State_7,180,1,2902659.0,protease_ECM_niche,0.25631238707913667
LAM50,State_7,180,1,2902659.0,HOX_PBX,0.1211070806936501
LAM50,State_7,180,1,2902659.0,normal_lung_interstitial,0.03615808099258156
LAM50,State_7,180,1,2902659.0,LAMCORE_777,0.22840480503227267
LAM50,State_7,180,1,2902659.0,ciliated,0.14579137106978057
LAM50,State_7,180,1,2902659.0,AT2,2.847767469790241
LAM50,State_7,180,1,2902659.0,macrophage,0.12572364086982607
LAM50,State_7,180,1,2902659.0,endothelial,0.051422333161776856
LAM50,State_7,180,1,2902659.0,fibroblast,0.03550593761039795
LAM50,State_7,180,1,2902659.0,mesothelial,0.019662717864628265
LAM50,State_7,180,1,2902659.0,pericyte_VSMC,0.04924076812378448
LAM50,State_7,180,1,2902659.0,gene_PMEL,0.027187971098397774
LAM50,State_7,180,1,2902659.0,gene_MLANA,0.03387101598871981
LAM50,State_7,180,1,2902659.0,gene_MITF,1.4603141282352867
LAM50,State_7,180,1,2902659.0,gene_ACTA2,0.12606823158977523
LAM50,State_7,180,1,2902659.0,gene_ACTG2,0.0034391962251156755
LAM50,State_7,180,1,2902659.0,gene_MYH11,0.06340402522455284
LAM50,State_7,180,1,2902659.0,gene_VEGFD,0.0238296250289726
LAM50,State_7,180,1,2902659.0,gene_CTSK,0.17640957758547937
LAM50,State_7,180,1,2902659.0,gene_ESR1,0.6119662333341955
LAM50,State_7,180,1,2902659.0,gene_EMX2,0.0
LAM50,State_7,180,1,2902659.0,gene_HOXA11,0.0
