pool,donor_id,candidate_program,gene,weight,rank_position,selected_rank,selected_seed,n_cells
high_confidence,LAM1110,program_1,TXN,3.8721847534179688,1,6,0,125
high_confidence,LAM1110,program_1,CXCL14,3.773205041885376,2,6,0,125
high_confidence,LAM1110,program_1,NDRG1,3.2059473991394043,3,6,0,125
high_confidence,LAM1110,program_1,TPM2,3.013672113418579,4,6,0,125
high_confidence,LAM1110,program_1,H3F3A,2.7941250801086426,5,6,0,125
high_confidence,LAM1110,program_1,PDGFRA,2.7500710487365723,6,6,0,125
high_confidence,LAM1110,program_1,EMP3,2.6782612800598145,7,6,0,125
high_confidence,LAM1110,program_1,MGST1,2.661625385284424,8,6,0,125
high_confidence,LAM1110,program_1,TSPAN3,2.601769208908081,9,6,0,125
high_confidence,LAM1110,program_1,YBX3,2.5417287349700928,10,6,0,125
high_confidence,LAM1110,program_1,DES,2.5114190578460693,11,6,0,125
high_confidence,LAM1110,program_1,MTOR,2.3894131183624268,12,6,0,125
high_confidence,LAM1110,program_1,ATP5J,2.3762221336364746,13,6,0,125
high_confidence,LAM1110,program_1,FXYD5,2.2223663330078125,14,6,0,125
high_confidence,LAM1110,program_1,RPS6,2.1105597019195557,15,6,0,125
high_confidence,LAM1110,program_1,ID2,2.096517562866211,16,6,0,125
high_confidence,LAM1110,program_1,AES,2.0845327377319336,17,6,0,125
high_confidence,LAM1110,program_1,GRB2,2.0700957775115967,18,6,0,125
high_confidence,LAM1110,program_1,TRIB1,2.0344693660736084,19,6,0,125
high_confidence,LAM1110,program_1,C7,2.025106430053711,20,6,0,125
high_confidence,LAM1110,program_1,BTG2,1.9707367420196533,21,6,0,125
high_confidence,LAM1110,program_1,DPPA4,1.9375452995300293,22,6,0,125
high_confidence,LAM1110,program_1,FYB,1.883098840713501,23,6,0,125
high_confidence,LAM1110,program_1,GNG5,1.828892707824707,24,6,0,125
high_confidence,LAM1110,program_1,SCP2,1.7903445959091187,25,6,0,125
high_confidence,LAM1110,program_1,TYR,1.7237788438796997,26,6,0,125
high_confidence,LAM1110,program_1,NDUFA1,1.7102822065353394,27,6,0,125
high_confidence,LAM1110,program_1,KLF5,1.6457182168960571,28,6,0,125
high_confidence,LAM1110,program_1,PABPC1,1.6441993713378906,29,6,0,125
high_confidence,LAM1110,program_1,ARL6IP5,1.6236377954483032,30,6,0,125
high_confidence,LAM1110,program_1,NFKBIZ,1.6023117303848267,31,6,0,125
high_confidence,LAM1110,program_1,ACTA2,1.5838298797607422,32,6,0,125
high_confidence,LAM1110,program_1,LDHA,1.5828152894973755,33,6,0,125
high_confidence,LAM1110,program_1,RBM3,1.5809038877487183,34,6,0,125
high_confidence,LAM1110,program_1,SOD1,1.5685690641403198,35,6,0,125
high_confidence,LAM1110,program_1,TUBB4B,1.566637635231018,36,6,0,125
high_confidence,LAM1110,program_1,PPDPF,1.5639055967330933,37,6,0,125
high_confidence,LAM1110,program_1,UBL5,1.5481810569763184,38,6,0,125
high_confidence,LAM1110,program_1,ACSL1,1.540470838546753,39,6,0,125
high_confidence,LAM1110,program_1,NDUFA4,1.5378565788269043,40,6,0,125
high_confidence,LAM1110,program_1,ATP5G2,1.5290764570236206,41,6,0,125
high_confidence,LAM1110,program_1,IRF1,1.526530146598816,42,6,0,125
high_confidence,LAM1110,program_1,ACP5,1.5153268575668335,43,6,0,125
high_confidence,LAM1110,program_1,CD3E,1.495543122291565,44,6,0,125
high_confidence,LAM1110,program_1,ASAH1,1.4909071922302246,45,6,0,125
high_confidence,LAM1110,program_1,CAPZB,1.485728144645691,46,6,0,125
high_confidence,LAM1110,program_1,PFDN5,1.4846796989440918,47,6,0,125
high_confidence,LAM1110,program_1,SLC25A3,1.4846160411834717,48,6,0,125
high_confidence,LAM1110,program_1,C19ORF24,1.454667329788208,49,6,0,125
high_confidence,LAM1110,program_1,ATP5E,1.4516664743423462,50,6,0,125
high_confidence,LAM1110,program_2,C1QB,2.609748125076294,1,6,0,125
high_confidence,LAM1110,program_2,EGLN3,2.5092616081237793,2,6,0,125
high_confidence,LAM1110,program_2,TXN,2.4114155769348145,3,6,0,125
high_confidence,LAM1110,program_2,ATP5E,2.31280517578125,4,6,0,125
high_confidence,LAM1110,program_2,TBRG1,2.284716844558716,5,6,0,125
high_confidence,LAM1110,program_2,MMP9,2.112959623336792,6,6,0,125
high_confidence,LAM1110,program_2,BTF3,1.8059567213058472,7,6,0,125
high_confidence,LAM1110,program_2,ATP5J,1.691076636314392,8,6,0,125
high_confidence,LAM1110,program_2,HSPB1,1.670846700668335,9,6,0,125
high_confidence,LAM1110,program_2,EMP3,1.6473201513290405,10,6,0,125
high_confidence,LAM1110,program_2,LPP,1.5664105415344238,11,6,0,125
high_confidence,LAM1110,program_2,AES,1.565610647201538,12,6,0,125
high_confidence,LAM1110,program_2,BCL2A1,1.5616521835327148,13,6,0,125
high_confidence,LAM1110,program_2,DPPA4,1.5539822578430176,14,6,0,125
high_confidence,LAM1110,program_2,C7,1.5222231149673462,15,6,0,125
high_confidence,LAM1110,program_2,FCGR3A,1.5173333883285522,16,6,0,125
high_confidence,LAM1110,program_2,RPS6,1.4508814811706543,17,6,0,125
high_confidence,LAM1110,program_2,PSMB10,1.441683053970337,18,6,0,125
high_confidence,LAM1110,program_2,H3F3A,1.4222060441970825,19,6,0,125
high_confidence,LAM1110,program_2,COL1A2,1.4106736183166504,20,6,0,125
high_confidence,LAM1110,program_2,LYPLA1,1.3588296175003052,21,6,0,125
high_confidence,LAM1110,program_2,FYB,1.3564778566360474,22,6,0,125
high_confidence,LAM1110,program_2,ARL6IP5,1.3508596420288086,23,6,0,125
high_confidence,LAM1110,program_2,TC2N,1.3328373432159424,24,6,0,125
high_confidence,LAM1110,program_2,MYL6,1.3082702159881592,25,6,0,125
high_confidence,LAM1110,program_2,CD55,1.3004809617996216,26,6,0,125
high_confidence,LAM1110,program_2,COX7A2,1.2996824979782104,27,6,0,125
high_confidence,LAM1110,program_2,GDF15,1.2909932136535645,28,6,0,125
high_confidence,LAM1110,program_2,TYR,1.2856497764587402,29,6,0,125
high_confidence,LAM1110,program_2,TUBA1B,1.2824097871780396,30,6,0,125
high_confidence,LAM1110,program_2,ACTA2,1.2796390056610107,31,6,0,125
high_confidence,LAM1110,program_2,LST1,1.26027512550354,32,6,0,125
high_confidence,LAM1110,program_2,TACC1,1.2263808250427246,33,6,0,125
high_confidence,LAM1110,program_2,TUBB4B,1.2099627256393433,34,6,0,125
high_confidence,LAM1110,program_2,SMAD3,1.2043156623840332,35,6,0,125
high_confidence,LAM1110,program_2,CDC42,1.1866774559020996,36,6,0,125
high_confidence,LAM1110,program_2,FIGF,1.1818513870239258,37,6,0,125
high_confidence,LAM1110,program_2,NDUFA1,1.1776797771453857,38,6,0,125
high_confidence,LAM1110,program_2,RGS2,1.174827218055725,39,6,0,125
high_confidence,LAM1110,program_2,TSPAN3,1.1702083349227905,40,6,0,125
high_confidence,LAM1110,program_2,MYL12A,1.1621066331863403,41,6,0,125
high_confidence,LAM1110,program_2,VCAN,1.1584223508834839,42,6,0,125
high_confidence,LAM1110,program_2,EIF5,1.1351077556610107,43,6,0,125
high_confidence,LAM1110,program_2,YBX3,1.1318726539611816,44,6,0,125
high_confidence,LAM1110,program_2,AFF4,1.1215888261795044,45,6,0,125
high_confidence,LAM1110,program_2,MT1E,1.0966905355453491,46,6,0,125
high_confidence,LAM1110,program_2,HMGN2,1.092387318611145,47,6,0,125
high_confidence,LAM1110,program_2,RBM3,1.0896295309066772,48,6,0,125
high_confidence,LAM1110,program_2,IER3,1.0835983753204346,49,6,0,125
high_confidence,LAM1110,program_2,DDIT4,1.0788025856018066,50,6,0,125
high_confidence,LAM1110,program_3,CCNB1,2.41430926322937,1,6,0,125
high_confidence,LAM1110,program_3,TREM2,2.0909435749053955,2,6,0,125
high_confidence,LAM1110,program_3,JUN,1.931660532951355,3,6,0,125
high_confidence,LAM1110,program_3,HINT1,1.900514841079712,4,6,0,125
high_confidence,LAM1110,program_3,CD99,1.839697003364563,5,6,0,125
high_confidence,LAM1110,program_3,IGFBP7,1.815003514289856,6,6,0,125
high_confidence,LAM1110,program_3,SPTSSA,1.7719321250915527,7,6,0,125
high_confidence,LAM1110,program_3,CNN1,1.620007038116455,8,6,0,125
high_confidence,LAM1110,program_3,CXCL8,1.5022714138031006,9,6,0,125
high_confidence,LAM1110,program_3,MCEMP1,1.442669153213501,10,6,0,125
high_confidence,LAM1110,program_3,IER3,1.4356063604354858,11,6,0,125
high_confidence,LAM1110,program_3,TIMP3,1.4355971813201904,12,6,0,125
high_confidence,LAM1110,program_3,LY6E,1.41049063205719,13,6,0,125
high_confidence,LAM1110,program_3,TYROBP,1.3746426105499268,14,6,0,125
high_confidence,LAM1110,program_3,RBBP6,1.3734276294708252,15,6,0,125
high_confidence,LAM1110,program_3,ATP1B3,1.3576761484146118,16,6,0,125
high_confidence,LAM1110,program_3,ZFAS1,1.336887001991272,17,6,0,125
high_confidence,LAM1110,program_3,HSPA8,1.3144237995147705,18,6,0,125
high_confidence,LAM1110,program_3,SDCBP,1.2882229089736938,19,6,0,125
high_confidence,LAM1110,program_3,POLR2A,1.2770663499832153,20,6,0,125
high_confidence,LAM1110,program_3,NFKBIA,1.2433737516403198,21,6,0,125
high_confidence,LAM1110,program_3,MGST3,1.1814749240875244,22,6,0,125
high_confidence,LAM1110,program_3,BRD2,1.1699624061584473,23,6,0,125
high_confidence,LAM1110,program_3,MARCO,1.1581428050994873,24,6,0,125
high_confidence,LAM1110,program_3,SEPW1,1.1551845073699951,25,6,0,125
high_confidence,LAM1110,program_3,CD83,1.1505733728408813,26,6,0,125
high_confidence,LAM1110,program_3,RAN,1.1237300634384155,27,6,0,125
high_confidence,LAM1110,program_3,CCL2,1.122032880783081,28,6,0,125
high_confidence,LAM1110,program_3,CCNI,1.1073253154754639,29,6,0,125
high_confidence,LAM1110,program_3,RBM3,1.0967893600463867,30,6,0,125
high_confidence,LAM1110,program_3,SEPT7,1.0862975120544434,31,6,0,125
high_confidence,LAM1110,program_3,EIF3K,1.0630055665969849,32,6,0,125
high_confidence,LAM1110,program_3,GDF15,1.0484910011291504,33,6,0,125
high_confidence,LAM1110,program_3,CLEC7A,1.0188050270080566,34,6,0,125
high_confidence,LAM1110,program_3,LEPROTL1,1.0128626823425293,35,6,0,125
high_confidence,LAM1110,program_3,SAT2,1.0101310014724731,36,6,0,125
high_confidence,LAM1110,program_3,COMMD6,0.9923991560935974,37,6,0,125
high_confidence,LAM1110,program_3,TCEB2,0.9858144521713257,38,6,0,125
high_confidence,LAM1110,program_3,ARHGEF1,0.9815651178359985,39,6,0,125
high_confidence,LAM1110,program_3,IL7R,0.9803930521011353,40,6,0,125
high_confidence,LAM1110,program_3,SPI1,0.9729412794113159,41,6,0,125
high_confidence,LAM1110,program_3,VASP,0.964520275592804,42,6,0,125
high_confidence,LAM1110,program_3,PI16,0.9603472352027893,43,6,0,125
high_confidence,LAM1110,program_3,APLP2,0.9574788808822632,44,6,0,125
high_confidence,LAM1110,program_3,VEGFA,0.9538290500640869,45,6,0,125
high_confidence,LAM1110,program_3,UBB,0.9465233683586121,46,6,0,125
high_confidence,LAM1110,program_3,TXN,0.943608283996582,47,6,0,125
high_confidence,LAM1110,program_3,FKBP1A,0.9370042681694031,48,6,0,125
high_confidence,LAM1110,program_3,OST4,0.9174543619155884,49,6,0,125
high_confidence,LAM1110,program_3,SKP1,0.9170967936515808,50,6,0,125
high_confidence,LAM1110,program_4,PI16,2.836353302001953,1,6,0,125
high_confidence,LAM1110,program_4,TXN,2.6234302520751953,2,6,0,125
high_confidence,LAM1110,program_4,CTSK,1.964704990386963,3,6,0,125
high_confidence,LAM1110,program_4,SFTPA1,1.9243346452713013,4,6,0,125
high_confidence,LAM1110,program_4,ATP5J,1.8272091150283813,5,6,0,125
high_confidence,LAM1110,program_4,RPS6,1.601295828819275,6,6,0,125
high_confidence,LAM1110,program_4,TSPAN3,1.59760582447052,7,6,0,125
high_confidence,LAM1110,program_4,FYB,1.588271141052246,8,6,0,125
high_confidence,LAM1110,program_4,ACTA2,1.5504462718963623,9,6,0,125
high_confidence,LAM1110,program_4,HSPB1,1.5440930128097534,10,6,0,125
high_confidence,LAM1110,program_4,C7,1.536576747894287,11,6,0,125
high_confidence,LAM1110,program_4,DPPA4,1.522002100944519,12,6,0,125
high_confidence,LAM1110,program_4,CITED2,1.449252724647522,13,6,0,125
high_confidence,LAM1110,program_4,YPEL5,1.3014988899230957,14,6,0,125
high_confidence,LAM1110,program_4,PTGDS,1.2950533628463745,15,6,0,125
high_confidence,LAM1110,program_4,TYR,1.2914702892303467,16,6,0,125
high_confidence,LAM1110,program_4,NDUFA1,1.2720882892608643,17,6,0,125
high_confidence,LAM1110,program_4,MYL6,1.2433439493179321,18,6,0,125
high_confidence,LAM1110,program_4,EIF5,1.223441481590271,19,6,0,125
high_confidence,LAM1110,program_4,ARPC3,1.180175542831421,20,6,0,125
high_confidence,LAM1110,program_4,HLA-DQA2,1.166483998298645,21,6,0,125
high_confidence,LAM1110,program_4,HLA-DQA1,1.1568166017532349,22,6,0,125
high_confidence,LAM1110,program_4,LDHA,1.1226680278778076,23,6,0,125
high_confidence,LAM1110,program_4,RBM3,1.1152734756469727,24,6,0,125
high_confidence,LAM1110,program_4,COL6A1,1.11080801486969,25,6,0,125
high_confidence,LAM1110,program_4,CLU,1.0781891345977783,26,6,0,125
high_confidence,LAM1110,program_4,CDC37,1.0580644607543945,27,6,0,125
high_confidence,LAM1110,program_4,NDUFA4,1.0454068183898926,28,6,0,125
high_confidence,LAM1110,program_4,YBX1,1.0444121360778809,29,6,0,125
high_confidence,LAM1110,program_4,MGST1,1.0366909503936768,30,6,0,125
high_confidence,LAM1110,program_4,H3F3A,1.0311415195465088,31,6,0,125
high_confidence,LAM1110,program_4,ASAH1,1.0171723365783691,32,6,0,125
high_confidence,LAM1110,program_4,ARL6IP5,1.0103709697723389,33,6,0,125
high_confidence,LAM1110,program_4,CCND3,1.0097836256027222,34,6,0,125
high_confidence,LAM1110,program_4,UBE2D3,0.9985416531562805,35,6,0,125
high_confidence,LAM1110,program_4,CELF2,0.9931429624557495,36,6,0,125
high_confidence,LAM1110,program_4,ZFAND5,0.9778850078582764,37,6,0,125
high_confidence,LAM1110,program_4,YBX3,0.9776281118392944,38,6,0,125
high_confidence,LAM1110,program_4,TUBB4B,0.9763309359550476,39,6,0,125
high_confidence,LAM1110,program_4,JMJD1C,0.9711248278617859,40,6,0,125
high_confidence,LAM1110,program_4,HNRNPA1,0.965031623840332,41,6,0,125
high_confidence,LAM1110,program_4,GDF15,0.9508637189865112,42,6,0,125
high_confidence,LAM1110,program_4,WFDC2,0.9453145265579224,43,6,0,125
high_confidence,LAM1110,program_4,CD3E,0.9435725808143616,44,6,0,125
high_confidence,LAM1110,program_4,ATP6V0C,0.9426949620246887,45,6,0,125
high_confidence,LAM1110,program_4,ACP5,0.9386938810348511,46,6,0,125
high_confidence,LAM1110,program_4,S100A13,0.9377571940422058,47,6,0,125
high_confidence,LAM1110,program_4,DRAM1,0.9375765323638916,48,6,0,125
high_confidence,LAM1110,program_4,SLC25A3,0.9353798627853394,49,6,0,125
high_confidence,LAM1110,program_4,GNG5,0.9272704720497131,50,6,0,125
high_confidence,LAM1110,program_5,HSPB1,3.961188793182373,1,6,0,125
high_confidence,LAM1110,program_5,HSPA1B,3.444347620010376,2,6,0,125
high_confidence,LAM1110,program_5,NANOG,3.4159293174743652,3,6,0,125
high_confidence,LAM1110,program_5,TXN,3.2647039890289307,4,6,0,125
high_confidence,LAM1110,program_5,MYL6,3.226804256439209,5,6,0,125
high_confidence,LAM1110,program_5,H3F3A,3.1115365028381348,6,6,0,125
high_confidence,LAM1110,program_5,TGFBR1,2.9594509601593018,7,6,0,125
high_confidence,LAM1110,program_5,ATP5J,2.6254050731658936,8,6,0,125
high_confidence,LAM1110,program_5,EGLN3,2.585226058959961,9,6,0,125
high_confidence,LAM1110,program_5,ATF3,2.5773496627807617,10,6,0,125
high_confidence,LAM1110,program_5,CFL1,2.5713322162628174,11,6,0,125
high_confidence,LAM1110,program_5,FXYD5,2.500530958175659,12,6,0,125
high_confidence,LAM1110,program_5,TGFBR2,2.490962266921997,13,6,0,125
high_confidence,LAM1110,program_5,MIF,2.481865167617798,14,6,0,125
high_confidence,LAM1110,program_5,YPEL5,2.481605052947998,15,6,0,125
high_confidence,LAM1110,program_5,DDIT4,2.4789812564849854,16,6,0,125
high_confidence,LAM1110,program_5,FYB,2.4707441329956055,17,6,0,125
high_confidence,LAM1110,program_5,ITM2B,2.4249117374420166,18,6,0,125
high_confidence,LAM1110,program_5,TALDO1,2.423779010772705,19,6,0,125
high_confidence,LAM1110,program_5,ALDOA,2.4213974475860596,20,6,0,125
high_confidence,LAM1110,program_5,PRDX5,2.4067797660827637,21,6,0,125
high_confidence,LAM1110,program_5,SFTPD,2.373532295227051,22,6,0,125
high_confidence,LAM1110,program_5,TAGLN2,2.3135359287261963,23,6,0,125
high_confidence,LAM1110,program_5,LDHA,2.2566165924072266,24,6,0,125
high_confidence,LAM1110,program_5,CALM2,2.230194330215454,25,6,0,125
high_confidence,LAM1110,program_5,ACTB,2.2188563346862793,26,6,0,125
high_confidence,LAM1110,program_5,MT1E,2.206774950027466,27,6,0,125
high_confidence,LAM1110,program_5,MYL12A,2.1925439834594727,28,6,0,125
high_confidence,LAM1110,program_5,TUBA1B,2.180959939956665,29,6,0,125
high_confidence,LAM1110,program_5,TSPAN3,2.1682021617889404,30,6,0,125
high_confidence,LAM1110,program_5,CD164,2.133843421936035,31,6,0,125
high_confidence,LAM1110,program_5,OAZ1,2.1161773204803467,32,6,0,125
high_confidence,LAM1110,program_5,CTSS,2.093493700027466,33,6,0,125
high_confidence,LAM1110,program_5,CLIC1,2.074725389480591,34,6,0,125
high_confidence,LAM1110,program_5,EIF4EBP1,2.0717899799346924,35,6,0,125
high_confidence,LAM1110,program_5,HSPD1,2.0519092082977295,36,6,0,125
high_confidence,LAM1110,program_5,SLC38A2,2.0331149101257324,37,6,0,125
high_confidence,LAM1110,program_5,NDUFA1,2.0164005756378174,38,6,0,125
high_confidence,LAM1110,program_5,LY6E,2.0133886337280273,39,6,0,125
high_confidence,LAM1110,program_5,C12ORF57,1.9556398391723633,40,6,0,125
high_confidence,LAM1110,program_5,UBE2D3,1.925081729888916,41,6,0,125
high_confidence,LAM1110,program_5,RPS6,1.91301429271698,42,6,0,125
high_confidence,LAM1110,program_5,CTSH,1.91100013256073,43,6,0,125
high_confidence,LAM1110,program_5,TUBB4B,1.8998215198516846,44,6,0,125
high_confidence,LAM1110,program_5,VAMP8,1.8971621990203857,45,6,0,125
high_confidence,LAM1110,program_5,YWHAZ,1.8772062063217163,46,6,0,125
high_confidence,LAM1110,program_5,KRT18,1.863425612449646,47,6,0,125
high_confidence,LAM1110,program_5,NDUFA4,1.8592307567596436,48,6,0,125
high_confidence,LAM1110,program_5,NAMPT,1.8550814390182495,49,6,0,125
high_confidence,LAM1110,program_5,RHOB,1.843764066696167,50,6,0,125
high_confidence,LAM1110,program_6,TXN,2.5181400775909424,1,6,0,125
high_confidence,LAM1110,program_6,ATP5J,2.1314375400543213,2,6,0,125
high_confidence,LAM1110,program_6,FYB,2.042325735092163,3,6,0,125
high_confidence,LAM1110,program_6,FIGF,1.956178069114685,4,6,0,125
high_confidence,LAM1110,program_6,DPPA4,1.936314344406128,5,6,0,125
high_confidence,LAM1110,program_6,C7,1.8795005083084106,6,6,0,125
high_confidence,LAM1110,program_6,RPS6,1.822464942932129,7,6,0,125
high_confidence,LAM1110,program_6,YBX3,1.8160386085510254,8,6,0,125
high_confidence,LAM1110,program_6,FAM177A1,1.7962836027145386,9,6,0,125
high_confidence,LAM1110,program_6,TSPAN3,1.7541502714157104,10,6,0,125
high_confidence,LAM1110,program_6,MGP,1.730708122253418,11,6,0,125
high_confidence,LAM1110,program_6,ACTA2,1.652573585510254,12,6,0,125
high_confidence,LAM1110,program_6,HSPB1,1.5743621587753296,13,6,0,125
high_confidence,LAM1110,program_6,TYR,1.5738013982772827,14,6,0,125
high_confidence,LAM1110,program_6,TUBB4B,1.5586963891983032,15,6,0,125
high_confidence,LAM1110,program_6,CTGF,1.537332534790039,16,6,0,125
high_confidence,LAM1110,program_6,NDUFA1,1.4904451370239258,17,6,0,125
high_confidence,LAM1110,program_6,H3F3A,1.4538249969482422,18,6,0,125
high_confidence,LAM1110,program_6,PSMB10,1.4475675821304321,19,6,0,125
high_confidence,LAM1110,program_6,EIF5,1.4353958368301392,20,6,0,125
high_confidence,LAM1110,program_6,MYL6,1.4157150983810425,21,6,0,125
high_confidence,LAM1110,program_6,COL6A1,1.40341317653656,22,6,0,125
high_confidence,LAM1110,program_6,ARL6IP5,1.3870183229446411,23,6,0,125
high_confidence,LAM1110,program_6,SEC61G,1.3344824314117432,24,6,0,125
high_confidence,LAM1110,program_6,STAT1,1.3246043920516968,25,6,0,125
high_confidence,LAM1110,program_6,ASAH1,1.2578622102737427,26,6,0,125
high_confidence,LAM1110,program_6,PABPC1,1.2555614709854126,27,6,0,125
high_confidence,LAM1110,program_6,MT1M,1.2368700504302979,28,6,0,125
high_confidence,LAM1110,program_6,UBE2D3,1.2361865043640137,29,6,0,125
high_confidence,LAM1110,program_6,UBL5,1.2327269315719604,30,6,0,125
high_confidence,LAM1110,program_6,MT1E,1.2228606939315796,31,6,0,125
high_confidence,LAM1110,program_6,PPIA,1.2133477926254272,32,6,0,125
high_confidence,LAM1110,program_6,RBM3,1.1941393613815308,33,6,0,125
high_confidence,LAM1110,program_6,PDE4B,1.193411111831665,34,6,0,125
high_confidence,LAM1110,program_6,HMGN3,1.191064715385437,35,6,0,125
high_confidence,LAM1110,program_6,IRF1,1.1771832704544067,36,6,0,125
high_confidence,LAM1110,program_6,GABARAP,1.163881540298462,37,6,0,125
high_confidence,LAM1110,program_6,GNB2L1,1.1465874910354614,38,6,0,125
high_confidence,LAM1110,program_6,CXCL3,1.1446157693862915,39,6,0,125
high_confidence,LAM1110,program_6,FCGR3A,1.1436610221862793,40,6,0,125
high_confidence,LAM1110,program_6,HMGB2,1.1303229331970215,41,6,0,125
high_confidence,LAM1110,program_6,NFKBIA,1.1284880638122559,42,6,0,125
high_confidence,LAM1110,program_6,CLU,1.1218944787979126,43,6,0,125
high_confidence,LAM1110,program_6,IER3,1.121092438697815,44,6,0,125
high_confidence,LAM1110,program_6,PBX1,1.1056557893753052,45,6,0,125
high_confidence,LAM1110,program_6,CALR,1.0912967920303345,46,6,0,125
high_confidence,LAM1110,program_6,SRSF5,1.076092004776001,47,6,0,125
high_confidence,LAM1110,program_6,CDC42,1.0754148960113525,48,6,0,125
high_confidence,LAM1110,program_6,LDHA,1.0602647066116333,49,6,0,125
high_confidence,LAM1110,program_6,SFTPD,1.0511939525604248,50,6,0,125
high_confidence,LAM1158,program_1,HLA-A,3.0748658180236816,1,6,1,183
high_confidence,LAM1158,program_1,ARPC3,2.6561195850372314,2,6,1,183
high_confidence,LAM1158,program_1,UBE2C,2.6010000705718994,3,6,1,183
high_confidence,LAM1158,program_1,APOE,2.488976001739502,4,6,1,183
high_confidence,LAM1158,program_1,GSTO1,2.36254620552063,5,6,1,183
high_confidence,LAM1158,program_1,NDRG1,2.245973587036133,6,6,1,183
high_confidence,LAM1158,program_1,CCL14,2.136890172958374,7,6,1,183
high_confidence,LAM1158,program_1,LUM,1.9414702653884888,8,6,1,183
high_confidence,LAM1158,program_1,ACTG1,1.9349561929702759,9,6,1,183
high_confidence,LAM1158,program_1,YBX1,1.889927864074707,10,6,1,183
high_confidence,LAM1158,program_1,HSP90AA1,1.8730700016021729,11,6,1,183
high_confidence,LAM1158,program_1,IL1B,1.8610997200012207,12,6,1,183
high_confidence,LAM1158,program_1,MTCH1,1.7858372926712036,13,6,1,183
high_confidence,LAM1158,program_1,UQCRH,1.7812414169311523,14,6,1,183
high_confidence,LAM1158,program_1,CD7,1.7495824098587036,15,6,1,183
high_confidence,LAM1158,program_1,FN1,1.749313473701477,16,6,1,183
high_confidence,LAM1158,program_1,GRN,1.735931158065796,17,6,1,183
high_confidence,LAM1158,program_1,KDM6B,1.7116773128509521,18,6,1,183
high_confidence,LAM1158,program_1,YWHAB,1.6778019666671753,19,6,1,183
high_confidence,LAM1158,program_1,COX8A,1.6634372472763062,20,6,1,183
high_confidence,LAM1158,program_1,HSP90B1,1.613464117050171,21,6,1,183
high_confidence,LAM1158,program_1,MYL12A,1.590727686882019,22,6,1,183
high_confidence,LAM1158,program_1,GZMB,1.5497790575027466,23,6,1,183
high_confidence,LAM1158,program_1,ACTB,1.5211551189422607,24,6,1,183
high_confidence,LAM1158,program_1,PARK7,1.5175293684005737,25,6,1,183
high_confidence,LAM1158,program_1,C7,1.5083105564117432,26,6,1,183
high_confidence,LAM1158,program_1,MGLL,1.4867128133773804,27,6,1,183
high_confidence,LAM1158,program_1,PFDN5,1.4760128259658813,28,6,1,183
high_confidence,LAM1158,program_1,ATP5G2,1.4720746278762817,29,6,1,183
high_confidence,LAM1158,program_1,MMP2,1.4606088399887085,30,6,1,183
high_confidence,LAM1158,program_1,EIF3K,1.4592151641845703,31,6,1,183
high_confidence,LAM1158,program_1,MYL9,1.4578694105148315,32,6,1,183
high_confidence,LAM1158,program_1,EIF3H,1.4546047449111938,33,6,1,183
high_confidence,LAM1158,program_1,MKI67,1.4522030353546143,34,6,1,183
high_confidence,LAM1158,program_1,RAC1,1.438409447669983,35,6,1,183
high_confidence,LAM1158,program_1,DBI,1.4325001239776611,36,6,1,183
high_confidence,LAM1158,program_1,ATP6V0E1,1.4108121395111084,37,6,1,183
high_confidence,LAM1158,program_1,GUK1,1.4042762517929077,38,6,1,183
high_confidence,LAM1158,program_1,SDCBP,1.3866459131240845,39,6,1,183
high_confidence,LAM1158,program_1,CHD1,1.375266671180725,40,6,1,183
high_confidence,LAM1158,program_1,TFPI,1.3677154779434204,41,6,1,183
high_confidence,LAM1158,program_1,ACTA2,1.3626600503921509,42,6,1,183
high_confidence,LAM1158,program_1,ATP6V0C,1.3599457740783691,43,6,1,183
high_confidence,LAM1158,program_1,RGS5,1.3588732481002808,44,6,1,183
high_confidence,LAM1158,program_1,GNB2L1,1.347359538078308,45,6,1,183
high_confidence,LAM1158,program_1,TRAPPC1,1.339856743812561,46,6,1,183
high_confidence,LAM1158,program_1,MMP12,1.3349095582962036,47,6,1,183
high_confidence,LAM1158,program_1,CTSB,1.3337076902389526,48,6,1,183
high_confidence,LAM1158,program_1,CTSH,1.3316038846969604,49,6,1,183
high_confidence,LAM1158,program_1,RP11-290D2.6,1.326722502708435,50,6,1,183
high_confidence,LAM1158,program_2,ID2,2.140092134475708,1,6,1,183
high_confidence,LAM1158,program_2,RGS5,1.996966004371643,2,6,1,183
high_confidence,LAM1158,program_2,GZMB,1.8506581783294678,3,6,1,183
high_confidence,LAM1158,program_2,MMP9,1.8460752964019775,4,6,1,183
high_confidence,LAM1158,program_2,HLA-A,1.7194145917892456,5,6,1,183
high_confidence,LAM1158,program_2,MED10,1.6411690711975098,6,6,1,183
high_confidence,LAM1158,program_2,GSTO1,1.5972867012023926,7,6,1,183
high_confidence,LAM1158,program_2,ARL6IP4,1.4820735454559326,8,6,1,183
high_confidence,LAM1158,program_2,LITAF,1.4646172523498535,9,6,1,183
high_confidence,LAM1158,program_2,ATF4,1.4113988876342773,10,6,1,183
high_confidence,LAM1158,program_2,CFD,1.3679568767547607,11,6,1,183
high_confidence,LAM1158,program_2,YWHAE,1.3539384603500366,12,6,1,183
high_confidence,LAM1158,program_2,TYROBP,1.3388994932174683,13,6,1,183
high_confidence,LAM1158,program_2,RER1,1.3175301551818848,14,6,1,183
high_confidence,LAM1158,program_2,PARK7,1.3033796548843384,15,6,1,183
high_confidence,LAM1158,program_2,CD7,1.3001632690429688,16,6,1,183
high_confidence,LAM1158,program_2,MYL9,1.295077919960022,17,6,1,183
high_confidence,LAM1158,program_2,SLC25A6,1.2879363298416138,18,6,1,183
high_confidence,LAM1158,program_2,PPIA,1.2627683877944946,19,6,1,183
high_confidence,LAM1158,program_2,STX11,1.2617405652999878,20,6,1,183
high_confidence,LAM1158,program_2,TPM2,1.2508206367492676,21,6,1,183
high_confidence,LAM1158,program_2,ODF2L,1.2309926748275757,22,6,1,183
high_confidence,LAM1158,program_2,H2AFZ,1.2028148174285889,23,6,1,183
high_confidence,LAM1158,program_2,PARP8,1.1891915798187256,24,6,1,183
high_confidence,LAM1158,program_2,C7,1.1826114654541016,25,6,1,183
high_confidence,LAM1158,program_2,FKBP1A,1.1807870864868164,26,6,1,183
high_confidence,LAM1158,program_2,CALD1,1.178243637084961,27,6,1,183
high_confidence,LAM1158,program_2,GLTSCR2,1.167590618133545,28,6,1,183
high_confidence,LAM1158,program_2,TYMS,1.137581467628479,29,6,1,183
high_confidence,LAM1158,program_2,NFKB1,1.1198785305023193,30,6,1,183
high_confidence,LAM1158,program_2,EIF3H,1.1121169328689575,31,6,1,183
high_confidence,LAM1158,program_2,GABARAP,1.1034510135650635,32,6,1,183
high_confidence,LAM1158,program_2,ACTA2,1.1022027730941772,33,6,1,183
high_confidence,LAM1158,program_2,COL1A2,1.0997915267944336,34,6,1,183
high_confidence,LAM1158,program_2,TUBA1B,1.089609146118164,35,6,1,183
high_confidence,LAM1158,program_2,RPS6,1.050383448600769,36,6,1,183
high_confidence,LAM1158,program_2,CHD1,1.0325489044189453,37,6,1,183
high_confidence,LAM1158,program_2,RSRP1,1.0317143201828003,38,6,1,183
high_confidence,LAM1158,program_2,HSPB1,1.0304802656173706,39,6,1,183
high_confidence,LAM1158,program_2,GNB2L1,1.026316523551941,40,6,1,183
high_confidence,LAM1158,program_2,MMP12,1.0215264558792114,41,6,1,183
high_confidence,LAM1158,program_2,HIGD2A,1.000361442565918,42,6,1,183
high_confidence,LAM1158,program_2,ARPC3,0.9988798499107361,43,6,1,183
high_confidence,LAM1158,program_2,CITED2,0.9947349429130554,44,6,1,183
high_confidence,LAM1158,program_2,FIGF,0.9933928847312927,45,6,1,183
high_confidence,LAM1158,program_2,PRF1,0.987104594707489,46,6,1,183
high_confidence,LAM1158,program_2,PPP1CB,0.9836784601211548,47,6,1,183
high_confidence,LAM1158,program_2,SEC14L1,0.959210216999054,48,6,1,183
high_confidence,LAM1158,program_2,RPS8,0.9570096135139465,49,6,1,183
high_confidence,LAM1158,program_2,RANBP2,0.9336494207382202,50,6,1,183
high_confidence,LAM1158,program_3,CD7,3.4147186279296875,1,6,1,183
high_confidence,LAM1158,program_3,ARPC3,3.2671821117401123,2,6,1,183
high_confidence,LAM1158,program_3,PCNA,2.9880964756011963,3,6,1,183
high_confidence,LAM1158,program_3,BCL2,2.9093711376190186,4,6,1,183
high_confidence,LAM1158,program_3,GSTO1,2.822896957397461,5,6,1,183
high_confidence,LAM1158,program_3,H2AFZ,2.7912464141845703,6,6,1,183
high_confidence,LAM1158,program_3,TGFB1,2.6278419494628906,7,6,1,183
high_confidence,LAM1158,program_3,TMSB10,2.6037111282348633,8,6,1,183
high_confidence,LAM1158,program_3,EGLN3,2.5804953575134277,9,6,1,183
high_confidence,LAM1158,program_3,ACTG1,2.578263521194458,10,6,1,183
high_confidence,LAM1158,program_3,PARK7,2.507004499435425,11,6,1,183
high_confidence,LAM1158,program_3,GAPDH,2.480764389038086,12,6,1,183
high_confidence,LAM1158,program_3,PFDN5,2.473198413848877,13,6,1,183
high_confidence,LAM1158,program_3,TGFBR2,2.439032793045044,14,6,1,183
high_confidence,LAM1158,program_3,HLA-A,2.3577141761779785,15,6,1,183
high_confidence,LAM1158,program_3,TOMM7,2.332186222076416,16,6,1,183
high_confidence,LAM1158,program_3,FOS,2.3165457248687744,17,6,1,183
high_confidence,LAM1158,program_3,YBX1,2.310032606124878,18,6,1,183
high_confidence,LAM1158,program_3,UBB,2.3017690181732178,19,6,1,183
high_confidence,LAM1158,program_3,HSPA8,2.20393967628479,20,6,1,183
high_confidence,LAM1158,program_3,IL7R,2.1632795333862305,21,6,1,183
high_confidence,LAM1158,program_3,APOE,2.1423985958099365,22,6,1,183
high_confidence,LAM1158,program_3,B2M,2.1240878105163574,23,6,1,183
high_confidence,LAM1158,program_3,ITM2B,2.075435161590576,24,6,1,183
high_confidence,LAM1158,program_3,TAGLN2,2.0634524822235107,25,6,1,183
high_confidence,LAM1158,program_3,MYL12A,2.051126003265381,26,6,1,183
high_confidence,LAM1158,program_3,CXCL17,2.0177223682403564,27,6,1,183
high_confidence,LAM1158,program_3,MYL9,2.0044939517974854,28,6,1,183
high_confidence,LAM1158,program_3,ACTB,2.004427194595337,29,6,1,183
high_confidence,LAM1158,program_3,HSP90AA1,2.000933885574341,30,6,1,183
high_confidence,LAM1158,program_3,CD99,2.000247001647949,31,6,1,183
high_confidence,LAM1158,program_3,ATP5G2,1.9960541725158691,32,6,1,183
high_confidence,LAM1158,program_3,FXYD5,1.9880491495132446,33,6,1,183
high_confidence,LAM1158,program_3,CTSH,1.9623693227767944,34,6,1,183
high_confidence,LAM1158,program_3,YPEL5,1.9472641944885254,35,6,1,183
high_confidence,LAM1158,program_3,FCGR3A,1.9408926963806152,36,6,1,183
high_confidence,LAM1158,program_3,EIF3H,1.9358749389648438,37,6,1,183
high_confidence,LAM1158,program_3,WFDC2,1.9333922863006592,38,6,1,183
high_confidence,LAM1158,program_3,PRF1,1.9313087463378906,39,6,1,183
high_confidence,LAM1158,program_3,CD9,1.9010552167892456,40,6,1,183
high_confidence,LAM1158,program_3,HMGN3,1.8880832195281982,41,6,1,183
high_confidence,LAM1158,program_3,TUBA1B,1.8817552328109741,42,6,1,183
high_confidence,LAM1158,program_3,SYNGR2,1.8477360010147095,43,6,1,183
high_confidence,LAM1158,program_3,COX6A1,1.8368326425552368,44,6,1,183
high_confidence,LAM1158,program_3,ATP6V0B,1.8324142694473267,45,6,1,183
high_confidence,LAM1158,program_3,CHD1,1.8254387378692627,46,6,1,183
high_confidence,LAM1158,program_3,C7,1.810874104499817,47,6,1,183
high_confidence,LAM1158,program_3,NDUFA4,1.79348623752594,48,6,1,183
high_confidence,LAM1158,program_3,PPDPF,1.7916147708892822,49,6,1,183
high_confidence,LAM1158,program_3,ACTA2,1.771623969078064,50,6,1,183
high_confidence,LAM1158,program_4,HLA-A,2.315377712249756,1,6,1,183
high_confidence,LAM1158,program_4,GSTO1,2.1253628730773926,2,6,1,183
high_confidence,LAM1158,program_4,PARK7,1.7764912843704224,3,6,1,183
high_confidence,LAM1158,program_4,MYL9,1.7599472999572754,4,6,1,183
high_confidence,LAM1158,program_4,TXN,1.675506353378296,5,6,1,183
high_confidence,LAM1158,program_4,RPS6,1.592642068862915,6,6,1,183
high_confidence,LAM1158,program_4,C7,1.567711591720581,7,6,1,183
high_confidence,LAM1158,program_4,ACTA2,1.536849021911621,8,6,1,183
high_confidence,LAM1158,program_4,CHD1,1.4825992584228516,9,6,1,183
high_confidence,LAM1158,program_4,CD7,1.4757338762283325,10,6,1,183
high_confidence,LAM1158,program_4,TYMS,1.4606345891952515,11,6,1,183
high_confidence,LAM1158,program_4,YBX1,1.3721674680709839,12,6,1,183
high_confidence,LAM1158,program_4,PFDN5,1.3526439666748047,13,6,1,183
high_confidence,LAM1158,program_4,CALM2,1.3522121906280518,14,6,1,183
high_confidence,LAM1158,program_4,ARPC3,1.3327518701553345,15,6,1,183
high_confidence,LAM1158,program_4,GDF15,1.3256566524505615,16,6,1,183
high_confidence,LAM1158,program_4,EIF3H,1.3145853281021118,17,6,1,183
high_confidence,LAM1158,program_4,CALD1,1.3001751899719238,18,6,1,183
high_confidence,LAM1158,program_4,RSRP1,1.2917834520339966,19,6,1,183
high_confidence,LAM1158,program_4,MMP12,1.284184217453003,20,6,1,183
high_confidence,LAM1158,program_4,UQCRQ,1.2802963256835938,21,6,1,183
high_confidence,LAM1158,program_4,PRF1,1.268035888671875,22,6,1,183
high_confidence,LAM1158,program_4,RPS8,1.2648427486419678,23,6,1,183
high_confidence,LAM1158,program_4,TIMP2,1.2572888135910034,24,6,1,183
high_confidence,LAM1158,program_4,GNB2L1,1.2531726360321045,25,6,1,183
high_confidence,LAM1158,program_4,CTSH,1.2495805025100708,26,6,1,183
high_confidence,LAM1158,program_4,ATP6V0E1,1.1934641599655151,27,6,1,183
high_confidence,LAM1158,program_4,S100A9,1.1631144285202026,28,6,1,183
high_confidence,LAM1158,program_4,BSG,1.1604520082473755,29,6,1,183
high_confidence,LAM1158,program_4,HSP90AA1,1.1501041650772095,30,6,1,183
high_confidence,LAM1158,program_4,B2M,1.141845941543579,31,6,1,183
high_confidence,LAM1158,program_4,HMGN2,1.1366990804672241,32,6,1,183
high_confidence,LAM1158,program_4,TAGLN2,1.1310933828353882,33,6,1,183
high_confidence,LAM1158,program_4,TGFB1,1.1290713548660278,34,6,1,183
high_confidence,LAM1158,program_4,H2AFZ,1.12234365940094,35,6,1,183
high_confidence,LAM1158,program_4,ALDOA,1.110665202140808,36,6,1,183
high_confidence,LAM1158,program_4,MYL6,1.1018983125686646,37,6,1,183
high_confidence,LAM1158,program_4,HNRNPA1,1.1002016067504883,38,6,1,183
high_confidence,LAM1158,program_4,CD37,1.0822954177856445,39,6,1,183
high_confidence,LAM1158,program_4,ELL2,1.0765420198440552,40,6,1,183
high_confidence,LAM1158,program_4,EMP3,1.0763472318649292,41,6,1,183
high_confidence,LAM1158,program_4,SDCBP,1.0673936605453491,42,6,1,183
high_confidence,LAM1158,program_4,GABARAP,1.0671558380126953,43,6,1,183
high_confidence,LAM1158,program_4,NDUFS5,1.0663193464279175,44,6,1,183
high_confidence,LAM1158,program_4,CD99,1.0654574632644653,45,6,1,183
high_confidence,LAM1158,program_4,ATP5G2,1.0570087432861328,46,6,1,183
high_confidence,LAM1158,program_4,ARPC2,1.056929349899292,47,6,1,183
high_confidence,LAM1158,program_4,ACTG1,1.0418598651885986,48,6,1,183
high_confidence,LAM1158,program_4,SRSF2,1.0278873443603516,49,6,1,183
high_confidence,LAM1158,program_4,SAP18,1.0278009176254272,50,6,1,183
high_confidence,LAM1158,program_5,HLA-A,2.2196097373962402,1,6,1,183
high_confidence,LAM1158,program_5,FN1,2.1823370456695557,2,6,1,183
high_confidence,LAM1158,program_5,CCL14,1.9519286155700684,3,6,1,183
high_confidence,LAM1158,program_5,ARPC3,1.9517093896865845,4,6,1,183
high_confidence,LAM1158,program_5,GSTO1,1.9400453567504883,5,6,1,183
high_confidence,LAM1158,program_5,NDRG1,1.806475281715393,6,6,1,183
high_confidence,LAM1158,program_5,LITAF,1.755082368850708,7,6,1,183
high_confidence,LAM1158,program_5,PDGFRA,1.7109218835830688,8,6,1,183
high_confidence,LAM1158,program_5,ATP6V0C,1.6348289251327515,9,6,1,183
high_confidence,LAM1158,program_5,ARL6IP4,1.5906991958618164,10,6,1,183
high_confidence,LAM1158,program_5,CAPG,1.5526914596557617,11,6,1,183
high_confidence,LAM1158,program_5,CHD1,1.5240572690963745,12,6,1,183
high_confidence,LAM1158,program_5,PARK7,1.5179239511489868,13,6,1,183
high_confidence,LAM1158,program_5,MYL9,1.4859061241149902,14,6,1,183
high_confidence,LAM1158,program_5,ACTG1,1.4603604078292847,15,6,1,183
high_confidence,LAM1158,program_5,MKI67,1.4482349157333374,16,6,1,183
high_confidence,LAM1158,program_5,YBX1,1.4282211065292358,17,6,1,183
high_confidence,LAM1158,program_5,CD7,1.4044381380081177,18,6,1,183
high_confidence,LAM1158,program_5,ACTA2,1.3856613636016846,19,6,1,183
high_confidence,LAM1158,program_5,TYMS,1.3668946027755737,20,6,1,183
high_confidence,LAM1158,program_5,CIB1,1.3619412183761597,21,6,1,183
high_confidence,LAM1158,program_5,FKBP1A,1.3530513048171997,22,6,1,183
high_confidence,LAM1158,program_5,PRF1,1.3273512125015259,23,6,1,183
high_confidence,LAM1158,program_5,RPS6,1.2913297414779663,24,6,1,183
high_confidence,LAM1158,program_5,KLF5,1.2764815092086792,25,6,1,183
high_confidence,LAM1158,program_5,MTCH1,1.2764495611190796,26,6,1,183
high_confidence,LAM1158,program_5,MTOR,1.2698729038238525,27,6,1,183
high_confidence,LAM1158,program_5,NFKB1,1.244377851486206,28,6,1,183
high_confidence,LAM1158,program_5,CALD1,1.2361820936203003,29,6,1,183
high_confidence,LAM1158,program_5,MMP12,1.2305926084518433,30,6,1,183
high_confidence,LAM1158,program_5,NAMPT,1.2148005962371826,31,6,1,183
high_confidence,LAM1158,program_5,IRF7,1.1989846229553223,32,6,1,183
high_confidence,LAM1158,program_5,HSP90AA1,1.1881403923034668,33,6,1,183
high_confidence,LAM1158,program_5,EIF3H,1.1674643754959106,34,6,1,183
high_confidence,LAM1158,program_5,TIMP1,1.1585471630096436,35,6,1,183
high_confidence,LAM1158,program_5,YWHAZ,1.1531097888946533,36,6,1,183
high_confidence,LAM1158,program_5,ID2,1.1528258323669434,37,6,1,183
high_confidence,LAM1158,program_5,ATP5G2,1.1469385623931885,38,6,1,183
high_confidence,LAM1158,program_5,WTAP,1.1430562734603882,39,6,1,183
high_confidence,LAM1158,program_5,C7,1.1223819255828857,40,6,1,183
high_confidence,LAM1158,program_5,SLC39A8,1.1192619800567627,41,6,1,183
high_confidence,LAM1158,program_5,ATP6V0E1,1.1155399084091187,42,6,1,183
high_confidence,LAM1158,program_5,DYNLL1,1.092535138130188,43,6,1,183
high_confidence,LAM1158,program_5,SERTAD1,1.075795292854309,44,6,1,183
high_confidence,LAM1158,program_5,RSRP1,1.0620430707931519,45,6,1,183
high_confidence,LAM1158,program_5,SAP18,1.0290651321411133,46,6,1,183
high_confidence,LAM1158,program_5,FUS,1.017809271812439,47,6,1,183
high_confidence,LAM1158,program_5,SDCBP,1.0097017288208008,48,6,1,183
high_confidence,LAM1158,program_5,HMGB1,1.0090092420578003,49,6,1,183
high_confidence,LAM1158,program_5,PI16,1.0013319253921509,50,6,1,183
high_confidence,LAM1158,program_6,HLA-A,1.6029776334762573,1,6,1,183
high_confidence,LAM1158,program_6,GSTO1,1.1378501653671265,2,6,1,183
high_confidence,LAM1158,program_6,PARK7,1.0790679454803467,3,6,1,183
high_confidence,LAM1158,program_6,ARPC3,1.026678204536438,4,6,1,183
high_confidence,LAM1158,program_6,H2AFZ,1.0187567472457886,5,6,1,183
high_confidence,LAM1158,program_6,NFKBIA,0.9761417508125305,6,6,1,183
high_confidence,LAM1158,program_6,CALD1,0.9654918909072876,7,6,1,183
high_confidence,LAM1158,program_6,GNB2L1,0.9569819569587708,8,6,1,183
high_confidence,LAM1158,program_6,CD7,0.9542077779769897,9,6,1,183
high_confidence,LAM1158,program_6,EIF3H,0.9460809230804443,10,6,1,183
high_confidence,LAM1158,program_6,ACTA2,0.9239234924316406,11,6,1,183
high_confidence,LAM1158,program_6,TUBB,0.9136384725570679,12,6,1,183
high_confidence,LAM1158,program_6,MUC1,0.8955457806587219,13,6,1,183
high_confidence,LAM1158,program_6,RPS6,0.8788092732429504,14,6,1,183
high_confidence,LAM1158,program_6,CHD1,0.8718565106391907,15,6,1,183
high_confidence,LAM1158,program_6,MYL9,0.8711787462234497,16,6,1,183
high_confidence,LAM1158,program_6,GABARAP,0.8685122728347778,17,6,1,183
high_confidence,LAM1158,program_6,IER3,0.8402195572853088,18,6,1,183
high_confidence,LAM1158,program_6,PRF1,0.8267842531204224,19,6,1,183
high_confidence,LAM1158,program_6,PTGDS,0.825505793094635,20,6,1,183
high_confidence,LAM1158,program_6,GNG5,0.8118164539337158,21,6,1,183
high_confidence,LAM1158,program_6,YBX1,0.7947046160697937,22,6,1,183
high_confidence,LAM1158,program_6,TYMS,0.7900822758674622,23,6,1,183
high_confidence,LAM1158,program_6,HNRNPA2B1,0.7815758585929871,24,6,1,183
high_confidence,LAM1158,program_6,SLC2A3,0.7780911922454834,25,6,1,183
high_confidence,LAM1158,program_6,HSP90AA1,0.7685916423797607,26,6,1,183
high_confidence,LAM1158,program_6,CTSH,0.7638656497001648,27,6,1,183
high_confidence,LAM1158,program_6,GAPDH,0.7628399133682251,28,6,1,183
high_confidence,LAM1158,program_6,CLU,0.7605224847793579,29,6,1,183
high_confidence,LAM1158,program_6,KLF6,0.7471225261688232,30,6,1,183
high_confidence,LAM1158,program_6,ISG15,0.7384067177772522,31,6,1,183
high_confidence,LAM1158,program_6,HOXA9,0.7368534207344055,32,6,1,183
high_confidence,LAM1158,program_6,EGLN3,0.7339211702346802,33,6,1,183
high_confidence,LAM1158,program_6,NDUFA4,0.7219190001487732,34,6,1,183
high_confidence,LAM1158,program_6,BRD2,0.7115437388420105,35,6,1,183
high_confidence,LAM1158,program_6,LY6E,0.7113330364227295,36,6,1,183
high_confidence,LAM1158,program_6,GPX4,0.7109670639038086,37,6,1,183
high_confidence,LAM1158,program_6,EEF1B2,0.6989533305168152,38,6,1,183
high_confidence,LAM1158,program_6,C7,0.6965328454971313,39,6,1,183
high_confidence,LAM1158,program_6,SRP14,0.693244218826294,40,6,1,183
high_confidence,LAM1158,program_6,SELK,0.6893057227134705,41,6,1,183
high_confidence,LAM1158,program_6,CTSB,0.6804534792900085,42,6,1,183
high_confidence,LAM1158,program_6,ATP6V1G1,0.6763603687286377,43,6,1,183
high_confidence,LAM1158,program_6,RPS8,0.6755386590957642,44,6,1,183
high_confidence,LAM1158,program_6,CMTM6,0.6751694679260254,45,6,1,183
high_confidence,LAM1158,program_6,S100A9,0.6687288880348206,46,6,1,183
high_confidence,LAM1158,program_6,ATP6V0E1,0.6660858392715454,47,6,1,183
high_confidence,LAM1158,program_6,HLA-E,0.6660443544387817,48,6,1,183
high_confidence,LAM1158,program_6,TSPO,0.6657321453094482,49,6,1,183
high_confidence,LAM1158,program_6,EGFR,0.6649020314216614,50,6,1,183
high_confidence,LAM1163,program_1,CCL20,2.726243257522583,1,6,0,509
high_confidence,LAM1163,program_1,MALAT1,2.6607706546783447,2,6,0,509
high_confidence,LAM1163,program_1,TREM2,2.642857313156128,3,6,0,509
high_confidence,LAM1163,program_1,COL1A1,2.6167991161346436,4,6,0,509
high_confidence,LAM1163,program_1,HSP90AA1,2.6153838634490967,5,6,0,509
high_confidence,LAM1163,program_1,ITM2B,2.5815083980560303,6,6,0,509
high_confidence,LAM1163,program_1,EIF5A,2.559661865234375,7,6,0,509
high_confidence,LAM1163,program_1,PBX1,2.5448286533355713,8,6,0,509
high_confidence,LAM1163,program_1,MYH11,2.3116703033447266,9,6,0,509
high_confidence,LAM1163,program_1,CD7,2.247653007507324,10,6,0,509
high_confidence,LAM1163,program_1,CD9,2.229990243911743,11,6,0,509
high_confidence,LAM1163,program_1,C4ORF3,2.147862195968628,12,6,0,509
high_confidence,LAM1163,program_1,RPS6,2.050903081893921,13,6,0,509
high_confidence,LAM1163,program_1,ARPC2,1.9826534986495972,14,6,0,509
high_confidence,LAM1163,program_1,LGALS3,1.9715781211853027,15,6,0,509
high_confidence,LAM1163,program_1,COX7C,1.9328558444976807,16,6,0,509
high_confidence,LAM1163,program_1,PGR,1.909238576889038,17,6,0,509
high_confidence,LAM1163,program_1,SSR4,1.829150915145874,18,6,0,509
high_confidence,LAM1163,program_1,CKS2,1.8065167665481567,19,6,0,509
high_confidence,LAM1163,program_1,CD63,1.8048075437545776,20,6,0,509
high_confidence,LAM1163,program_1,LST1,1.7813149690628052,21,6,0,509
high_confidence,LAM1163,program_1,TPM3,1.7811768054962158,22,6,0,509
high_confidence,LAM1163,program_1,REL,1.7504698038101196,23,6,0,509
high_confidence,LAM1163,program_1,TMA7,1.726210117340088,24,6,0,509
high_confidence,LAM1163,program_1,CHMP1B,1.7246859073638916,25,6,0,509
high_confidence,LAM1163,program_1,RORA,1.7217738628387451,26,6,0,509
high_confidence,LAM1163,program_1,ATP1B1,1.7080951929092407,27,6,0,509
high_confidence,LAM1163,program_1,HSBP1,1.6668217182159424,28,6,0,509
high_confidence,LAM1163,program_1,JUN,1.650756597518921,29,6,0,509
high_confidence,LAM1163,program_1,CD37,1.6122053861618042,30,6,0,509
high_confidence,LAM1163,program_1,UQCR11,1.583546757698059,31,6,0,509
high_confidence,LAM1163,program_1,TNFAIP3,1.5662691593170166,32,6,0,509
high_confidence,LAM1163,program_1,ATP6V0C,1.517106056213379,33,6,0,509
high_confidence,LAM1163,program_1,NNMT,1.516445517539978,34,6,0,509
high_confidence,LAM1163,program_1,CALR,1.4908804893493652,35,6,0,509
high_confidence,LAM1163,program_1,SLC38A2,1.490783929824829,36,6,0,509
high_confidence,LAM1163,program_1,PCBP2,1.4381927251815796,37,6,0,509
high_confidence,LAM1163,program_1,SLC25A5,1.4191373586654663,38,6,0,509
high_confidence,LAM1163,program_1,HLA-E,1.4162397384643555,39,6,0,509
high_confidence,LAM1163,program_1,HNRNPDL,1.4137475490570068,40,6,0,509
high_confidence,LAM1163,program_1,CD55,1.4117639064788818,41,6,0,509
high_confidence,LAM1163,program_1,HN1,1.3926149606704712,42,6,0,509
high_confidence,LAM1163,program_1,NFKBIA,1.3906326293945312,43,6,0,509
high_confidence,LAM1163,program_1,LY6E,1.381717324256897,44,6,0,509
high_confidence,LAM1163,program_1,NDUFA4,1.376631736755371,45,6,0,509
high_confidence,LAM1163,program_1,TXN,1.3741639852523804,46,6,0,509
high_confidence,LAM1163,program_1,MSN,1.3705977201461792,47,6,0,509
high_confidence,LAM1163,program_1,NAMPT,1.3522822856903076,48,6,0,509
high_confidence,LAM1163,program_1,CIRBP,1.3383057117462158,49,6,0,509
high_confidence,LAM1163,program_1,FCER1G,1.3364912271499634,50,6,0,509
high_confidence,LAM1163,program_2,CD7,1.8943678140640259,1,6,0,509
high_confidence,LAM1163,program_2,CD63,1.6961560249328613,2,6,0,509
high_confidence,LAM1163,program_2,CCL20,1.6258726119995117,3,6,0,509
high_confidence,LAM1163,program_2,HSP90AA1,1.5728967189788818,4,6,0,509
high_confidence,LAM1163,program_2,ARPC2,1.3826707601547241,5,6,0,509
high_confidence,LAM1163,program_2,EIF5A,1.3369883298873901,6,6,0,509
high_confidence,LAM1163,program_2,PCBP2,1.3301889896392822,7,6,0,509
high_confidence,LAM1163,program_2,TREM2,1.290860652923584,8,6,0,509
high_confidence,LAM1163,program_2,C4ORF3,1.2681938409805298,9,6,0,509
high_confidence,LAM1163,program_2,MYH11,1.2680273056030273,10,6,0,509
high_confidence,LAM1163,program_2,CKS2,1.233879804611206,11,6,0,509
high_confidence,LAM1163,program_2,TXN,1.1470938920974731,12,6,0,509
high_confidence,LAM1163,program_2,UQCR11,1.1300926208496094,13,6,0,509
high_confidence,LAM1163,program_2,PBX1,1.1137295961380005,14,6,0,509
high_confidence,LAM1163,program_2,TOP2A,1.0588726997375488,15,6,0,509
high_confidence,LAM1163,program_2,GAPDH,1.0539114475250244,16,6,0,509
high_confidence,LAM1163,program_2,RPS6,1.0478800535202026,17,6,0,509
high_confidence,LAM1163,program_2,SOX2,1.0362950563430786,18,6,0,509
high_confidence,LAM1163,program_2,MALAT1,1.0328712463378906,19,6,0,509
high_confidence,LAM1163,program_2,KLRB1,1.0245296955108643,20,6,0,509
high_confidence,LAM1163,program_2,TMA7,1.0027225017547607,21,6,0,509
high_confidence,LAM1163,program_2,LGALS3,0.9990776777267456,22,6,0,509
high_confidence,LAM1163,program_2,PGR,0.977597713470459,23,6,0,509
high_confidence,LAM1163,program_2,PTGDS,0.957012414932251,24,6,0,509
high_confidence,LAM1163,program_2,TPM3,0.9397978186607361,25,6,0,509
high_confidence,LAM1163,program_2,NFKBIA,0.9349688291549683,26,6,0,509
high_confidence,LAM1163,program_2,SSR4,0.9308826327323914,27,6,0,509
high_confidence,LAM1163,program_2,SLC38A2,0.9190202355384827,28,6,0,509
high_confidence,LAM1163,program_2,IFI27,0.9181594252586365,29,6,0,509
high_confidence,LAM1163,program_2,CD37,0.910819411277771,30,6,0,509
high_confidence,LAM1163,program_2,CD9,0.908027708530426,31,6,0,509
high_confidence,LAM1163,program_2,MT1E,0.9016238451004028,32,6,0,509
high_confidence,LAM1163,program_2,CD83,0.8842347264289856,33,6,0,509
high_confidence,LAM1163,program_2,CXCR4,0.8823472857475281,34,6,0,509
high_confidence,LAM1163,program_2,BTF3,0.875337541103363,35,6,0,509
high_confidence,LAM1163,program_2,REL,0.8730657696723938,36,6,0,509
high_confidence,LAM1163,program_2,NCL,0.8705124855041504,37,6,0,509
high_confidence,LAM1163,program_2,LY6E,0.8675456643104553,38,6,0,509
high_confidence,LAM1163,program_2,CTSH,0.8532248735427856,39,6,0,509
high_confidence,LAM1163,program_2,HLA-A,0.8531901836395264,40,6,0,509
high_confidence,LAM1163,program_2,HSPA8,0.8466731905937195,41,6,0,509
high_confidence,LAM1163,program_2,JUN,0.8318457007408142,42,6,0,509
high_confidence,LAM1163,program_2,SLC25A5,0.8292950987815857,43,6,0,509
high_confidence,LAM1163,program_2,ARHGDIB,0.8269731998443604,44,6,0,509
high_confidence,LAM1163,program_2,CALM2,0.8138807415962219,45,6,0,509
high_confidence,LAM1163,program_2,EMP3,0.8028092384338379,46,6,0,509
high_confidence,LAM1163,program_2,CALR,0.7932730317115784,47,6,0,509
high_confidence,LAM1163,program_2,ACTG1,0.7756844758987427,48,6,0,509
high_confidence,LAM1163,program_2,H2AFZ,0.7742389440536499,49,6,0,509
high_confidence,LAM1163,program_2,ATP6V0C,0.7692859768867493,50,6,0,509
high_confidence,LAM1163,program_3,MYL12A,2.5102367401123047,1,6,0,509
high_confidence,LAM1163,program_3,GPX4,2.355203866958618,2,6,0,509
high_confidence,LAM1163,program_3,CD7,2.2931268215179443,3,6,0,509
high_confidence,LAM1163,program_3,EIF3K,2.106379747390747,4,6,0,509
high_confidence,LAM1163,program_3,YBX1,2.1001338958740234,5,6,0,509
high_confidence,LAM1163,program_3,ALDH2,2.075576066970825,6,6,0,509
high_confidence,LAM1163,program_3,AUP1,2.0234620571136475,7,6,0,509
high_confidence,LAM1163,program_3,SFTPA2,1.9206417798995972,8,6,0,509
high_confidence,LAM1163,program_3,UBE2C,1.8897587060928345,9,6,0,509
high_confidence,LAM1163,program_3,SOX2,1.857550859451294,10,6,0,509
high_confidence,LAM1163,program_3,GREB1,1.8379852771759033,11,6,0,509
high_confidence,LAM1163,program_3,FAM183A,1.8125762939453125,12,6,0,509
high_confidence,LAM1163,program_3,ARPC2,1.715877652168274,13,6,0,509
high_confidence,LAM1163,program_3,CCL20,1.6254452466964722,14,6,0,509
high_confidence,LAM1163,program_3,C1QA,1.6195377111434937,15,6,0,509
high_confidence,LAM1163,program_3,CD63,1.6013671159744263,16,6,0,509
high_confidence,LAM1163,program_3,MITF,1.5581697225570679,17,6,0,509
high_confidence,LAM1163,program_3,CD83,1.5121619701385498,18,6,0,509
high_confidence,LAM1163,program_3,LITAF,1.4950690269470215,19,6,0,509
high_confidence,LAM1163,program_3,UBL5,1.40082585811615,20,6,0,509
high_confidence,LAM1163,program_3,TREM2,1.389588475227356,21,6,0,509
high_confidence,LAM1163,program_3,AQP3,1.3876689672470093,22,6,0,509
high_confidence,LAM1163,program_3,EIF5A,1.375316858291626,23,6,0,509
high_confidence,LAM1163,program_3,CD9,1.3688629865646362,24,6,0,509
high_confidence,LAM1163,program_3,RAC1,1.3637233972549438,25,6,0,509
high_confidence,LAM1163,program_3,COL1A1,1.3446859121322632,26,6,0,509
high_confidence,LAM1163,program_3,HOXA9,1.3439561128616333,27,6,0,509
high_confidence,LAM1163,program_3,BCL2,1.2925715446472168,28,6,0,509
high_confidence,LAM1163,program_3,CKS2,1.2879846096038818,29,6,0,509
high_confidence,LAM1163,program_3,PLIN2,1.2849063873291016,30,6,0,509
high_confidence,LAM1163,program_3,HN1,1.2833714485168457,31,6,0,509
high_confidence,LAM1163,program_3,UQCR11,1.2593194246292114,32,6,0,509
high_confidence,LAM1163,program_3,MYH11,1.2551612854003906,33,6,0,509
high_confidence,LAM1163,program_3,FCN1,1.2533549070358276,34,6,0,509
high_confidence,LAM1163,program_3,PCBP2,1.233293890953064,35,6,0,509
high_confidence,LAM1163,program_3,RAB1A,1.2308745384216309,36,6,0,509
high_confidence,LAM1163,program_3,IL7R,1.224800944328308,37,6,0,509
high_confidence,LAM1163,program_3,PGR,1.2207530736923218,38,6,0,509
high_confidence,LAM1163,program_3,PRDM1,1.208465576171875,39,6,0,509
high_confidence,LAM1163,program_3,RPL3,1.2037993669509888,40,6,0,509
high_confidence,LAM1163,program_3,HSP90AA1,1.1726213693618774,41,6,0,509
high_confidence,LAM1163,program_3,TYROBP,1.1700302362442017,42,6,0,509
high_confidence,LAM1163,program_3,SLA,1.1672499179840088,43,6,0,509
high_confidence,LAM1163,program_3,BTF3,1.1628108024597168,44,6,0,509
high_confidence,LAM1163,program_3,SSR4,1.143631100654602,45,6,0,509
high_confidence,LAM1163,program_3,ITM2B,1.1373727321624756,46,6,0,509
high_confidence,LAM1163,program_3,MMP2,1.131894588470459,47,6,0,509
high_confidence,LAM1163,program_3,MGP,1.1308271884918213,48,6,0,509
high_confidence,LAM1163,program_3,SPTSSA,1.1277304887771606,49,6,0,509
high_confidence,LAM1163,program_3,CD59,1.1139187812805176,50,6,0,509
high_confidence,LAM1163,program_4,CCL20,3.9736430644989014,1,6,0,509
high_confidence,LAM1163,program_4,COL6A1,3.224921703338623,2,6,0,509
high_confidence,LAM1163,program_4,MTOR,3.1583333015441895,3,6,0,509
high_confidence,LAM1163,program_4,C1QB,3.057096481323242,4,6,0,509
high_confidence,LAM1163,program_4,ARPC2,2.9068078994750977,5,6,0,509
high_confidence,LAM1163,program_4,EIF5A,2.827960252761841,6,6,0,509
high_confidence,LAM1163,program_4,MALAT1,2.7653396129608154,7,6,0,509
high_confidence,LAM1163,program_4,TREM2,2.723240375518799,8,6,0,509
high_confidence,LAM1163,program_4,LY6E,2.603605031967163,9,6,0,509
high_confidence,LAM1163,program_4,PBX1,2.413388729095459,10,6,0,509
high_confidence,LAM1163,program_4,TMED5,2.3922805786132812,11,6,0,509
high_confidence,LAM1163,program_4,TMA7,2.3545079231262207,12,6,0,509
high_confidence,LAM1163,program_4,PCNA,2.3374125957489014,13,6,0,509
high_confidence,LAM1163,program_4,MYH11,2.282787561416626,14,6,0,509
high_confidence,LAM1163,program_4,RPS6,2.2317309379577637,15,6,0,509
high_confidence,LAM1163,program_4,PGR,2.222633123397827,16,6,0,509
high_confidence,LAM1163,program_4,LGALS3,2.1535840034484863,17,6,0,509
high_confidence,LAM1163,program_4,CD63,2.1189045906066895,18,6,0,509
high_confidence,LAM1163,program_4,TPM3,2.1126656532287598,19,6,0,509
high_confidence,LAM1163,program_4,MYL12A,2.0841400623321533,20,6,0,509
high_confidence,LAM1163,program_4,CKS2,2.0276665687561035,21,6,0,509
high_confidence,LAM1163,program_4,SSR4,1.9471745491027832,22,6,0,509
high_confidence,LAM1163,program_4,ALDOA,1.920601725578308,23,6,0,509
high_confidence,LAM1163,program_4,PPIA,1.9088199138641357,24,6,0,509
high_confidence,LAM1163,program_4,NDUFA4,1.8785983324050903,25,6,0,509
high_confidence,LAM1163,program_4,COX7C,1.8648769855499268,26,6,0,509
high_confidence,LAM1163,program_4,VCAN,1.8435959815979004,27,6,0,509
high_confidence,LAM1163,program_4,CD37,1.7932034730911255,28,6,0,509
high_confidence,LAM1163,program_4,C4ORF3,1.7634522914886475,29,6,0,509
high_confidence,LAM1163,program_4,NAMPT,1.7023340463638306,30,6,0,509
high_confidence,LAM1163,program_4,ZNF331,1.7020668983459473,31,6,0,509
high_confidence,LAM1163,program_4,SFTPD,1.668998122215271,32,6,0,509
high_confidence,LAM1163,program_4,UQCR11,1.6181491613388062,33,6,0,509
high_confidence,LAM1163,program_4,HNRNPDL,1.5956224203109741,34,6,0,509
high_confidence,LAM1163,program_4,SUB1,1.5932469367980957,35,6,0,509
high_confidence,LAM1163,program_4,APOE,1.5644121170043945,36,6,0,509
high_confidence,LAM1163,program_4,FUS,1.5611860752105713,37,6,0,509
high_confidence,LAM1163,program_4,S100A8,1.5563254356384277,38,6,0,509
high_confidence,LAM1163,program_4,AHNAK,1.5522700548171997,39,6,0,509
high_confidence,LAM1163,program_4,SLC38A2,1.537266492843628,40,6,0,509
high_confidence,LAM1163,program_4,WSB1,1.5364043712615967,41,6,0,509
high_confidence,LAM1163,program_4,SLC25A5,1.5319688320159912,42,6,0,509
high_confidence,LAM1163,program_4,IL7R,1.47886061668396,43,6,0,509
high_confidence,LAM1163,program_4,TUBA1B,1.466651201248169,44,6,0,509
high_confidence,LAM1163,program_4,CD9,1.465329885482788,45,6,0,509
high_confidence,LAM1163,program_4,NNMT,1.4008220434188843,46,6,0,509
high_confidence,LAM1163,program_4,LAMTOR1,1.3713005781173706,47,6,0,509
high_confidence,LAM1163,program_4,HSP90AA1,1.3506640195846558,48,6,0,509
high_confidence,LAM1163,program_4,PELI1,1.342789888381958,49,6,0,509
high_confidence,LAM1163,program_4,HSP90AB1,1.334019422531128,50,6,0,509
high_confidence,LAM1163,program_5,CD7,3.474961042404175,1,6,0,509
high_confidence,LAM1163,program_5,SOX2,2.4728245735168457,2,6,0,509
high_confidence,LAM1163,program_5,HOXA9,2.2182602882385254,3,6,0,509
high_confidence,LAM1163,program_5,MMP2,2.1525723934173584,4,6,0,509
high_confidence,LAM1163,program_5,APOE,1.7558906078338623,5,6,0,509
high_confidence,LAM1163,program_5,VCAN,1.6720048189163208,6,6,0,509
high_confidence,LAM1163,program_5,RPL3,1.6085373163223267,7,6,0,509
high_confidence,LAM1163,program_5,BID,1.5349478721618652,8,6,0,509
high_confidence,LAM1163,program_5,ZC3H12A,1.5166597366333008,9,6,0,509
high_confidence,LAM1163,program_5,UBE2C,1.4986481666564941,10,6,0,509
high_confidence,LAM1163,program_5,LST1,1.4679811000823975,11,6,0,509
high_confidence,LAM1163,program_5,STAT3,1.462113618850708,12,6,0,509
high_confidence,LAM1163,program_5,MEIS2,1.4620130062103271,13,6,0,509
high_confidence,LAM1163,program_5,MFSD2A,1.4619717597961426,14,6,0,509
high_confidence,LAM1163,program_5,COL1A2,1.4404329061508179,15,6,0,509
high_confidence,LAM1163,program_5,TGFBR2,1.4097298383712769,16,6,0,509
high_confidence,LAM1163,program_5,JOSD1,1.4029898643493652,17,6,0,509
high_confidence,LAM1163,program_5,CALM1,1.3831712007522583,18,6,0,509
high_confidence,LAM1163,program_5,TCEB2,1.3801645040512085,19,6,0,509
high_confidence,LAM1163,program_5,JUN,1.3459773063659668,20,6,0,509
high_confidence,LAM1163,program_5,HMGB1,1.3430712223052979,21,6,0,509
high_confidence,LAM1163,program_5,ATP5E,1.3277920484542847,22,6,0,509
high_confidence,LAM1163,program_5,MKI67,1.319248080253601,23,6,0,509
high_confidence,LAM1163,program_5,MMADHC,1.3118603229522705,24,6,0,509
high_confidence,LAM1163,program_5,TYROBP,1.3108407258987427,25,6,0,509
high_confidence,LAM1163,program_5,SRSF7,1.2881628274917603,26,6,0,509
high_confidence,LAM1163,program_5,PI16,1.269660234451294,27,6,0,509
high_confidence,LAM1163,program_5,PPDPF,1.266201138496399,28,6,0,509
high_confidence,LAM1163,program_5,LITAF,1.25711989402771,29,6,0,509
high_confidence,LAM1163,program_5,SLC25A3,1.2347561120986938,30,6,0,509
high_confidence,LAM1163,program_5,SIX1,1.234378457069397,31,6,0,509
high_confidence,LAM1163,program_5,TMEM219,1.2304245233535767,32,6,0,509
high_confidence,LAM1163,program_5,SFPQ,1.2185776233673096,33,6,0,509
high_confidence,LAM1163,program_5,NFKBIA,1.1887657642364502,34,6,0,509
high_confidence,LAM1163,program_5,PCBP2,1.187752604484558,35,6,0,509
high_confidence,LAM1163,program_5,HLA-E,1.1764757633209229,36,6,0,509
high_confidence,LAM1163,program_5,BTF3,1.1720587015151978,37,6,0,509
high_confidence,LAM1163,program_5,FMNL1,1.1687910556793213,38,6,0,509
high_confidence,LAM1163,program_5,DDIT4,1.1594536304473877,39,6,0,509
high_confidence,LAM1163,program_5,NFATC2,1.1571149826049805,40,6,0,509
high_confidence,LAM1163,program_5,CD83,1.1474106311798096,41,6,0,509
high_confidence,LAM1163,program_5,RNF145,1.139868974685669,42,6,0,509
high_confidence,LAM1163,program_5,KLF3,1.134156584739685,43,6,0,509
high_confidence,LAM1163,program_5,AQP3,1.1150991916656494,44,6,0,509
high_confidence,LAM1163,program_5,TSPAN3,1.1017392873764038,45,6,0,509
high_confidence,LAM1163,program_5,HLA-A,1.0984160900115967,46,6,0,509
high_confidence,LAM1163,program_5,RHOA,1.0922857522964478,47,6,0,509
high_confidence,LAM1163,program_5,EGFR,1.0919982194900513,48,6,0,509
high_confidence,LAM1163,program_5,FCN1,1.087939739227295,49,6,0,509
high_confidence,LAM1163,program_5,EIF1B,1.0819361209869385,50,6,0,509
high_confidence,LAM1163,program_6,HSPA1A,3.2930171489715576,1,6,0,509
high_confidence,LAM1163,program_6,CD7,2.4490625858306885,2,6,0,509
high_confidence,LAM1163,program_6,SFTPA1,2.373314619064331,3,6,0,509
high_confidence,LAM1163,program_6,CFD,2.1528713703155518,4,6,0,509
high_confidence,LAM1163,program_6,CCL20,1.8948577642440796,5,6,0,509
high_confidence,LAM1163,program_6,HOXA9,1.6430200338363647,6,6,0,509
high_confidence,LAM1163,program_6,EIF5A,1.6386127471923828,7,6,0,509
high_confidence,LAM1163,program_6,SOX2,1.5021213293075562,8,6,0,509
high_confidence,LAM1163,program_6,B2M,1.4691287279129028,9,6,0,509
high_confidence,LAM1163,program_6,TREM2,1.4686874151229858,10,6,0,509
high_confidence,LAM1163,program_6,MYH11,1.4461036920547485,11,6,0,509
high_confidence,LAM1163,program_6,NFKBIA,1.4328845739364624,12,6,0,509
high_confidence,LAM1163,program_6,RPS3,1.398278832435608,13,6,0,509
high_confidence,LAM1163,program_6,CD63,1.3471622467041016,14,6,0,509
high_confidence,LAM1163,program_6,TNFAIP3,1.3382822275161743,15,6,0,509
high_confidence,LAM1163,program_6,PBX1,1.331117033958435,16,6,0,509
high_confidence,LAM1163,program_6,CD83,1.330758810043335,17,6,0,509
high_confidence,LAM1163,program_6,CKS2,1.3091830015182495,18,6,0,509
high_confidence,LAM1163,program_6,UQCR11,1.2872686386108398,19,6,0,509
high_confidence,LAM1163,program_6,ARPC2,1.2837462425231934,20,6,0,509
high_confidence,LAM1163,program_6,RPS6,1.274781584739685,21,6,0,509
high_confidence,LAM1163,program_6,PCBP2,1.2698415517807007,22,6,0,509
high_confidence,LAM1163,program_6,SEPW1,1.2540076971054077,23,6,0,509
high_confidence,LAM1163,program_6,WFDC2,1.2285752296447754,24,6,0,509
high_confidence,LAM1163,program_6,DDX5,1.2242636680603027,25,6,0,509
high_confidence,LAM1163,program_6,ATP6V0C,1.2240514755249023,26,6,0,509
high_confidence,LAM1163,program_6,C4ORF3,1.2226442098617554,27,6,0,509
high_confidence,LAM1163,program_6,PRDX5,1.2068904638290405,28,6,0,509
high_confidence,LAM1163,program_6,PPIB,1.205169916152954,29,6,0,509
high_confidence,LAM1163,program_6,LGALS3,1.1736823320388794,30,6,0,509
high_confidence,LAM1163,program_6,BRD2,1.1683101654052734,31,6,0,509
high_confidence,LAM1163,program_6,PGR,1.1665840148925781,32,6,0,509
high_confidence,LAM1163,program_6,HSPB1,1.1250145435333252,33,6,0,509
high_confidence,LAM1163,program_6,FCER1G,1.1171506643295288,34,6,0,509
high_confidence,LAM1163,program_6,ID1,1.1146034002304077,35,6,0,509
high_confidence,LAM1163,program_6,PABPC1,1.1087353229522705,36,6,0,509
high_confidence,LAM1163,program_6,NAP1L1,1.1076297760009766,37,6,0,509
high_confidence,LAM1163,program_6,TPM3,1.098427176475525,38,6,0,509
high_confidence,LAM1163,program_6,SSR4,1.0593833923339844,39,6,0,509
high_confidence,LAM1163,program_6,TUBB4B,1.0419597625732422,40,6,0,509
high_confidence,LAM1163,program_6,KLF2,1.037553310394287,41,6,0,509
high_confidence,LAM1163,program_6,SLC25A5,1.0347944498062134,42,6,0,509
high_confidence,LAM1163,program_6,TMA7,1.0296211242675781,43,6,0,509
high_confidence,LAM1163,program_6,HSPE1,1.0292537212371826,44,6,0,509
high_confidence,LAM1163,program_6,HLA-A,1.019673466682434,45,6,0,509
high_confidence,LAM1163,program_6,LY6E,1.014496088027954,46,6,0,509
high_confidence,LAM1163,program_6,MUC1,1.0062474012374878,47,6,0,509
high_confidence,LAM1163,program_6,HSP90AA1,0.9956220984458923,48,6,0,509
high_confidence,LAM1163,program_6,CITED2,0.9946494102478027,49,6,0,509
high_confidence,LAM1163,program_6,GNG5,0.9850789904594421,50,6,0,509
high_confidence,LAM1164,program_1,LAMTOR1,3.1581273078918457,1,6,0,747
high_confidence,LAM1164,program_1,RPLP0,2.672604560852051,2,6,0,747
high_confidence,LAM1164,program_1,C3,2.6655075550079346,3,6,0,747
high_confidence,LAM1164,program_1,NAMPT,2.4797048568725586,4,6,0,747
high_confidence,LAM1164,program_1,TREM2,2.4542739391326904,5,6,0,747
high_confidence,LAM1164,program_1,BZW1,2.4210293292999268,6,6,0,747
high_confidence,LAM1164,program_1,H2AFZ,2.4162347316741943,7,6,0,747
high_confidence,LAM1164,program_1,RPS3,2.384185552597046,8,6,0,747
high_confidence,LAM1164,program_1,RPS6,2.319720506668091,9,6,0,747
high_confidence,LAM1164,program_1,UBB,2.3024535179138184,10,6,0,747
high_confidence,LAM1164,program_1,PGR,2.2777044773101807,11,6,0,747
high_confidence,LAM1164,program_1,LGALS3,2.2533798217773438,12,6,0,747
high_confidence,LAM1164,program_1,RAN,2.1417236328125,13,6,0,747
high_confidence,LAM1164,program_1,ARHGDIB,2.122725248336792,14,6,0,747
high_confidence,LAM1164,program_1,COX6A1,2.019354820251465,15,6,0,747
high_confidence,LAM1164,program_1,SOD1,1.991874098777771,16,6,0,747
high_confidence,LAM1164,program_1,TNFAIP3,1.977145791053772,17,6,0,747
high_confidence,LAM1164,program_1,C11ORF31,1.9511497020721436,18,6,0,747
high_confidence,LAM1164,program_1,HSP90AA1,1.9391040802001953,19,6,0,747
high_confidence,LAM1164,program_1,COL1A1,1.9086333513259888,20,6,0,747
high_confidence,LAM1164,program_1,ID1,1.8126018047332764,21,6,0,747
high_confidence,LAM1164,program_1,SRSF2,1.7936218976974487,22,6,0,747
high_confidence,LAM1164,program_1,MYL12B,1.7441627979278564,23,6,0,747
high_confidence,LAM1164,program_1,ITGB2,1.7313162088394165,24,6,0,747
high_confidence,LAM1164,program_1,SMAD3,1.7200084924697876,25,6,0,747
high_confidence,LAM1164,program_1,OAZ1,1.7035818099975586,26,6,0,747
high_confidence,LAM1164,program_1,FLNA,1.7021571397781372,27,6,0,747
high_confidence,LAM1164,program_1,PPP1R15A,1.6522972583770752,28,6,0,747
high_confidence,LAM1164,program_1,SERF2,1.6354209184646606,29,6,0,747
high_confidence,LAM1164,program_1,PGC,1.6168721914291382,30,6,0,747
high_confidence,LAM1164,program_1,EIF3M,1.6053338050842285,31,6,0,747
high_confidence,LAM1164,program_1,COX7C,1.594525694847107,32,6,0,747
high_confidence,LAM1164,program_1,IER3,1.5862953662872314,33,6,0,747
high_confidence,LAM1164,program_1,TSPO,1.5708959102630615,34,6,0,747
high_confidence,LAM1164,program_1,ATP6V1G1,1.5649441480636597,35,6,0,747
high_confidence,LAM1164,program_1,C7,1.552181363105774,36,6,0,747
high_confidence,LAM1164,program_1,RARRES3,1.5416064262390137,37,6,0,747
high_confidence,LAM1164,program_1,LY6E,1.5279390811920166,38,6,0,747
high_confidence,LAM1164,program_1,H3F3A,1.504984736442566,39,6,0,747
high_confidence,LAM1164,program_1,CALM1,1.499626874923706,40,6,0,747
high_confidence,LAM1164,program_1,CXCL17,1.4929285049438477,41,6,0,747
high_confidence,LAM1164,program_1,IRF1,1.467688798904419,42,6,0,747
high_confidence,LAM1164,program_1,HMGN3,1.4611634016036987,43,6,0,747
high_confidence,LAM1164,program_1,RAC1,1.448957920074463,44,6,0,747
high_confidence,LAM1164,program_1,COX5B,1.447850227355957,45,6,0,747
high_confidence,LAM1164,program_1,FCGR3A,1.444116473197937,46,6,0,747
high_confidence,LAM1164,program_1,PFDN5,1.4428586959838867,47,6,0,747
high_confidence,LAM1164,program_1,GNB2L1,1.4393863677978516,48,6,0,747
high_confidence,LAM1164,program_1,ATP5L,1.43495512008667,49,6,0,747
high_confidence,LAM1164,program_1,DRAP1,1.4176584482192993,50,6,0,747
high_confidence,LAM1164,program_2,LAMTOR1,2.6415255069732666,1,6,0,747
high_confidence,LAM1164,program_2,TSPO,2.4918720722198486,2,6,0,747
high_confidence,LAM1164,program_2,C3,2.462059497833252,3,6,0,747
high_confidence,LAM1164,program_2,H2AFZ,2.3615164756774902,4,6,0,747
high_confidence,LAM1164,program_2,TOP2A,2.280860424041748,5,6,0,747
high_confidence,LAM1164,program_2,NAMPT,2.2359120845794678,6,6,0,747
high_confidence,LAM1164,program_2,HSP90AA1,2.0911056995391846,7,6,0,747
high_confidence,LAM1164,program_2,RPLP0,1.9997668266296387,8,6,0,747
high_confidence,LAM1164,program_2,CTSC,1.999665379524231,9,6,0,747
high_confidence,LAM1164,program_2,C11ORF31,1.8293160200119019,10,6,0,747
high_confidence,LAM1164,program_2,RPS3,1.8161213397979736,11,6,0,747
high_confidence,LAM1164,program_2,MMP12,1.8099128007888794,12,6,0,747
high_confidence,LAM1164,program_2,CFL1,1.796709418296814,13,6,0,747
high_confidence,LAM1164,program_2,CCL14,1.787158489227295,14,6,0,747
high_confidence,LAM1164,program_2,TREM2,1.7805126905441284,15,6,0,747
high_confidence,LAM1164,program_2,CXCL17,1.7765612602233887,16,6,0,747
high_confidence,LAM1164,program_2,ARHGDIB,1.7442272901535034,17,6,0,747
high_confidence,LAM1164,program_2,BZW1,1.737354040145874,18,6,0,747
high_confidence,LAM1164,program_2,HSP90AB1,1.6970478296279907,19,6,0,747
high_confidence,LAM1164,program_2,OAZ1,1.6403896808624268,20,6,0,747
high_confidence,LAM1164,program_2,IRF1,1.5785385370254517,21,6,0,747
high_confidence,LAM1164,program_2,SOD1,1.5688039064407349,22,6,0,747
high_confidence,LAM1164,program_2,PPP1R15A,1.5552655458450317,23,6,0,747
high_confidence,LAM1164,program_2,RARRES3,1.5408109426498413,24,6,0,747
high_confidence,LAM1164,program_2,CTGF,1.5243351459503174,25,6,0,747
high_confidence,LAM1164,program_2,TUBA1B,1.506466269493103,26,6,0,747
high_confidence,LAM1164,program_2,CXCR4,1.492203950881958,27,6,0,747
high_confidence,LAM1164,program_2,RPS6,1.4840800762176514,28,6,0,747
high_confidence,LAM1164,program_2,CCL2,1.4800164699554443,29,6,0,747
high_confidence,LAM1164,program_2,COX6A1,1.4565125703811646,30,6,0,747
high_confidence,LAM1164,program_2,WFDC2,1.4477945566177368,31,6,0,747
high_confidence,LAM1164,program_2,HMGN3,1.4383082389831543,32,6,0,747
high_confidence,LAM1164,program_2,FUS,1.4306023120880127,33,6,0,747
high_confidence,LAM1164,program_2,PGR,1.4142038822174072,34,6,0,747
high_confidence,LAM1164,program_2,SERPINA1,1.401824951171875,35,6,0,747
high_confidence,LAM1164,program_2,LGALS3,1.3708577156066895,36,6,0,747
high_confidence,LAM1164,program_2,UBB,1.3707776069641113,37,6,0,747
high_confidence,LAM1164,program_2,DNAJA1,1.3655513525009155,38,6,0,747
high_confidence,LAM1164,program_2,EEF2,1.332170844078064,39,6,0,747
high_confidence,LAM1164,program_2,BTF3,1.3231521844863892,40,6,0,747
high_confidence,LAM1164,program_2,COX6C,1.2825068235397339,41,6,0,747
high_confidence,LAM1164,program_2,CTSB,1.2810035943984985,42,6,0,747
high_confidence,LAM1164,program_2,IL1B,1.2690820693969727,43,6,0,747
high_confidence,LAM1164,program_2,AC090498.1,1.2500355243682861,44,6,0,747
high_confidence,LAM1164,program_2,PEBP1,1.2433650493621826,45,6,0,747
high_confidence,LAM1164,program_2,GRN,1.2432737350463867,46,6,0,747
high_confidence,LAM1164,program_2,HSPA8,1.232231616973877,47,6,0,747
high_confidence,LAM1164,program_2,SFTPD,1.2098675966262817,48,6,0,747
high_confidence,LAM1164,program_2,CALM2,1.2049850225448608,49,6,0,747
high_confidence,LAM1164,program_2,MGST1,1.1935125589370728,50,6,0,747
high_confidence,LAM1164,program_3,UBE2C,3.590519666671753,1,6,0,747
high_confidence,LAM1164,program_3,LUM,3.2006263732910156,2,6,0,747
high_confidence,LAM1164,program_3,MITF,3.1393563747406006,3,6,0,747
high_confidence,LAM1164,program_3,NAMPT,2.65608811378479,4,6,0,747
high_confidence,LAM1164,program_3,H2AFZ,2.6508893966674805,5,6,0,747
high_confidence,LAM1164,program_3,CTSA,2.650503396987915,6,6,0,747
high_confidence,LAM1164,program_3,LAMTOR1,2.571113348007202,7,6,0,747
high_confidence,LAM1164,program_3,CD37,2.5391311645507812,8,6,0,747
high_confidence,LAM1164,program_3,SMS,2.507249355316162,9,6,0,747
high_confidence,LAM1164,program_3,HSPB1,2.413116455078125,10,6,0,747
high_confidence,LAM1164,program_3,SERINC3,2.378725290298462,11,6,0,747
high_confidence,LAM1164,program_3,HSP90B1,2.3702008724212646,12,6,0,747
high_confidence,LAM1164,program_3,CCNB1,2.250317096710205,13,6,0,747
high_confidence,LAM1164,program_3,HSP90AA1,2.1823790073394775,14,6,0,747
high_confidence,LAM1164,program_3,RPLP0,2.130899429321289,15,6,0,747
high_confidence,LAM1164,program_3,CXCL16,2.1227447986602783,16,6,0,747
high_confidence,LAM1164,program_3,UBB,2.0987205505371094,17,6,0,747
high_confidence,LAM1164,program_3,EMP3,2.093001365661621,18,6,0,747
high_confidence,LAM1164,program_3,DNTTIP2,1.9466661214828491,19,6,0,747
high_confidence,LAM1164,program_3,C3,1.916831135749817,20,6,0,747
high_confidence,LAM1164,program_3,ETF1,1.9073199033737183,21,6,0,747
high_confidence,LAM1164,program_3,POMP,1.8973469734191895,22,6,0,747
high_confidence,LAM1164,program_3,COL1A2,1.8745273351669312,23,6,0,747
high_confidence,LAM1164,program_3,IFI27,1.8426119089126587,24,6,0,747
high_confidence,LAM1164,program_3,TREM2,1.8313459157943726,25,6,0,747
high_confidence,LAM1164,program_3,STAT4,1.8260470628738403,26,6,0,747
high_confidence,LAM1164,program_3,EIF3E,1.7917040586471558,27,6,0,747
high_confidence,LAM1164,program_3,TXN,1.7916256189346313,28,6,0,747
high_confidence,LAM1164,program_3,PGR,1.7902262210845947,29,6,0,747
high_confidence,LAM1164,program_3,LGALS3,1.7825549840927124,30,6,0,747
high_confidence,LAM1164,program_3,RARRES3,1.7333425283432007,31,6,0,747
high_confidence,LAM1164,program_3,S100A8,1.7302989959716797,32,6,0,747
high_confidence,LAM1164,program_3,HNRNPH3,1.7156928777694702,33,6,0,747
high_confidence,LAM1164,program_3,RPS3,1.712584376335144,34,6,0,747
high_confidence,LAM1164,program_3,TSPO,1.692613959312439,35,6,0,747
high_confidence,LAM1164,program_3,ATP6V0E1,1.686126947402954,36,6,0,747
high_confidence,LAM1164,program_3,SEC61B,1.6765491962432861,37,6,0,747
high_confidence,LAM1164,program_3,IRF1,1.6495736837387085,38,6,0,747
high_confidence,LAM1164,program_3,COPZ1,1.640663981437683,39,6,0,747
high_confidence,LAM1164,program_3,C11ORF31,1.6306568384170532,40,6,0,747
high_confidence,LAM1164,program_3,COL1A1,1.6270010471343994,41,6,0,747
high_confidence,LAM1164,program_3,CCL2,1.602636694908142,42,6,0,747
high_confidence,LAM1164,program_3,RAC2,1.5848336219787598,43,6,0,747
high_confidence,LAM1164,program_3,RPS6,1.5507234334945679,44,6,0,747
high_confidence,LAM1164,program_3,SOD1,1.5249288082122803,45,6,0,747
high_confidence,LAM1164,program_3,HOXA9,1.5194422006607056,46,6,0,747
high_confidence,LAM1164,program_3,LEPROTL1,1.5064257383346558,47,6,0,747
high_confidence,LAM1164,program_3,RSF1,1.5012394189834595,48,6,0,747
high_confidence,LAM1164,program_3,BZW1,1.4657645225524902,49,6,0,747
high_confidence,LAM1164,program_3,CAV1,1.4299429655075073,50,6,0,747
high_confidence,LAM1164,program_4,H2AFZ,1.7149602174758911,1,6,0,747
high_confidence,LAM1164,program_4,LAMTOR1,1.525521159172058,2,6,0,747
high_confidence,LAM1164,program_4,GPNMB,1.5145220756530762,3,6,0,747
high_confidence,LAM1164,program_4,CCL2,1.2433418035507202,4,6,0,747
high_confidence,LAM1164,program_4,CCNB1,1.2179700136184692,5,6,0,747
high_confidence,LAM1164,program_4,RPLP0,1.190944790840149,6,6,0,747
high_confidence,LAM1164,program_4,BZW1,1.1651595830917358,7,6,0,747
high_confidence,LAM1164,program_4,C3,1.1646262407302856,8,6,0,747
high_confidence,LAM1164,program_4,IRF1,1.1217916011810303,9,6,0,747
high_confidence,LAM1164,program_4,RPS3,1.1098231077194214,10,6,0,747
high_confidence,LAM1164,program_4,RPS6,1.08954918384552,11,6,0,747
high_confidence,LAM1164,program_4,NAMPT,1.0675665140151978,12,6,0,747
high_confidence,LAM1164,program_4,HSP90AA1,1.0589358806610107,13,6,0,747
high_confidence,LAM1164,program_4,SFTPA1,1.0482656955718994,14,6,0,747
high_confidence,LAM1164,program_4,TMSB10,1.0234897136688232,15,6,0,747
high_confidence,LAM1164,program_4,TREM2,0.9973846673965454,16,6,0,747
high_confidence,LAM1164,program_4,GPX4,0.9925962090492249,17,6,0,747
high_confidence,LAM1164,program_4,LGALS3,0.974861741065979,18,6,0,747
high_confidence,LAM1164,program_4,RARRES3,0.9561362266540527,19,6,0,747
high_confidence,LAM1164,program_4,MYL6,0.9488687515258789,20,6,0,747
high_confidence,LAM1164,program_4,PGC,0.9375298023223877,21,6,0,747
high_confidence,LAM1164,program_4,S100A9,0.9254260063171387,22,6,0,747
high_confidence,LAM1164,program_4,CFD,0.9221684336662292,23,6,0,747
high_confidence,LAM1164,program_4,PPP1R15A,0.9160195589065552,24,6,0,747
high_confidence,LAM1164,program_4,PGR,0.9120978116989136,25,6,0,747
high_confidence,LAM1164,program_4,EEF2,0.9095532298088074,26,6,0,747
high_confidence,LAM1164,program_4,ZFAS1,0.902375340461731,27,6,0,747
high_confidence,LAM1164,program_4,TSPO,0.8711915612220764,28,6,0,747
high_confidence,LAM1164,program_4,SOD1,0.8678467869758606,29,6,0,747
high_confidence,LAM1164,program_4,ATP6V0C,0.8504112362861633,30,6,0,747
high_confidence,LAM1164,program_4,C11ORF31,0.8496840596199036,31,6,0,747
high_confidence,LAM1164,program_4,CTSC,0.8290150165557861,32,6,0,747
high_confidence,LAM1164,program_4,MYL12A,0.8289913535118103,33,6,0,747
high_confidence,LAM1164,program_4,ACTB,0.8283039927482605,34,6,0,747
high_confidence,LAM1164,program_4,BRD2,0.8226193189620972,35,6,0,747
high_confidence,LAM1164,program_4,TUBA1B,0.8223061561584473,36,6,0,747
high_confidence,LAM1164,program_4,CD9,0.7966760993003845,37,6,0,747
high_confidence,LAM1164,program_4,UBB,0.7960013747215271,38,6,0,747
high_confidence,LAM1164,program_4,COX6A1,0.7887417078018188,39,6,0,747
high_confidence,LAM1164,program_4,ELF3,0.766667902469635,40,6,0,747
high_confidence,LAM1164,program_4,EEF1D,0.7650526165962219,41,6,0,747
high_confidence,LAM1164,program_4,CD44,0.7631875276565552,42,6,0,747
high_confidence,LAM1164,program_4,EEF1B2,0.7608078122138977,43,6,0,747
high_confidence,LAM1164,program_4,HMGN3,0.7587597966194153,44,6,0,747
high_confidence,LAM1164,program_4,ADGRE5,0.7536465525627136,45,6,0,747
high_confidence,LAM1164,program_4,EZR,0.7529154419898987,46,6,0,747
high_confidence,LAM1164,program_4,FXYD5,0.7495501041412354,47,6,0,747
high_confidence,LAM1164,program_4,PPDPF,0.7447090148925781,48,6,0,747
high_confidence,LAM1164,program_4,ICAM1,0.7428015470504761,49,6,0,747
high_confidence,LAM1164,program_4,IFI6,0.739652156829834,50,6,0,747
high_confidence,LAM1164,program_5,B2M,2.528674364089966,1,6,0,747
high_confidence,LAM1164,program_5,DDIT4,2.1228811740875244,2,6,0,747
high_confidence,LAM1164,program_5,NFKBIA,2.1112589836120605,3,6,0,747
high_confidence,LAM1164,program_5,PABPC1,2.071157693862915,4,6,0,747
high_confidence,LAM1164,program_5,HOXA9,1.9832366704940796,5,6,0,747
high_confidence,LAM1164,program_5,MMP8,1.9478915929794312,6,6,0,747
high_confidence,LAM1164,program_5,HLA-DQB1,1.9341835975646973,7,6,0,747
high_confidence,LAM1164,program_5,SQSTM1,1.8910454511642456,8,6,0,747
high_confidence,LAM1164,program_5,ARPC2,1.7817246913909912,9,6,0,747
high_confidence,LAM1164,program_5,UBE2D3,1.7683950662612915,10,6,0,747
high_confidence,LAM1164,program_5,SELK,1.6864296197891235,11,6,0,747
high_confidence,LAM1164,program_5,SIX1,1.6568307876586914,12,6,0,747
high_confidence,LAM1164,program_5,SLC11A1,1.6279877424240112,13,6,0,747
high_confidence,LAM1164,program_5,CD81,1.5882902145385742,14,6,0,747
high_confidence,LAM1164,program_5,COL1A1,1.580064058303833,15,6,0,747
high_confidence,LAM1164,program_5,CUTA,1.5671838521957397,16,6,0,747
high_confidence,LAM1164,program_5,EZR,1.5639348030090332,17,6,0,747
high_confidence,LAM1164,program_5,IL6,1.538780927658081,18,6,0,747
high_confidence,LAM1164,program_5,SKP1,1.520987629890442,19,6,0,747
high_confidence,LAM1164,program_5,PGC,1.5050917863845825,20,6,0,747
high_confidence,LAM1164,program_5,ITM2B,1.4838820695877075,21,6,0,747
high_confidence,LAM1164,program_5,STAT3,1.4609116315841675,22,6,0,747
high_confidence,LAM1164,program_5,RBBP6,1.4554424285888672,23,6,0,747
high_confidence,LAM1164,program_5,CLIC1,1.4347823858261108,24,6,0,747
high_confidence,LAM1164,program_5,AMD1,1.4047061204910278,25,6,0,747
high_confidence,LAM1164,program_5,YWHAZ,1.389780879020691,26,6,0,747
high_confidence,LAM1164,program_5,S100A9,1.3887606859207153,27,6,0,747
high_confidence,LAM1164,program_5,SAP18,1.3562089204788208,28,6,0,747
high_confidence,LAM1164,program_5,CCNB1,1.3560328483581543,29,6,0,747
high_confidence,LAM1164,program_5,PDIA6,1.3221642971038818,30,6,0,747
high_confidence,LAM1164,program_5,C3,1.301102638244629,31,6,0,747
high_confidence,LAM1164,program_5,LAMTOR1,1.2910274267196655,32,6,0,747
high_confidence,LAM1164,program_5,MARCO,1.2682782411575317,33,6,0,747
high_confidence,LAM1164,program_5,H2AFZ,1.2409945726394653,34,6,0,747
high_confidence,LAM1164,program_5,ACTG1,1.2342802286148071,35,6,0,747
high_confidence,LAM1164,program_5,ARL6IP5,1.2318259477615356,36,6,0,747
high_confidence,LAM1164,program_5,IRF1,1.230475664138794,37,6,0,747
high_confidence,LAM1164,program_5,RTN4,1.2166682481765747,38,6,0,747
high_confidence,LAM1164,program_5,PRDX1,1.210176944732666,39,6,0,747
high_confidence,LAM1164,program_5,AC090498.1,1.1984251737594604,40,6,0,747
high_confidence,LAM1164,program_5,RARRES3,1.1901291608810425,41,6,0,747
high_confidence,LAM1164,program_5,DAZAP2,1.1898027658462524,42,6,0,747
high_confidence,LAM1164,program_5,ATP5G3,1.1880085468292236,43,6,0,747
high_confidence,LAM1164,program_5,RPLP0,1.178511619567871,44,6,0,747
high_confidence,LAM1164,program_5,NPM1,1.1769474744796753,45,6,0,747
high_confidence,LAM1164,program_5,EIF3I,1.1738876104354858,46,6,0,747
high_confidence,LAM1164,program_5,EIF1,1.17135488986969,47,6,0,747
high_confidence,LAM1164,program_5,RAC2,1.1582531929016113,48,6,0,747
high_confidence,LAM1164,program_5,AQP3,1.1506767272949219,49,6,0,747
high_confidence,LAM1164,program_5,HNRNPDL,1.1486952304840088,50,6,0,747
high_confidence,LAM1164,program_6,HSP90AA1,2.1100099086761475,1,6,0,747
high_confidence,LAM1164,program_6,MMP12,2.1021790504455566,2,6,0,747
high_confidence,LAM1164,program_6,NAMPT,1.9902684688568115,3,6,0,747
high_confidence,LAM1164,program_6,CCL14,1.8777148723602295,4,6,0,747
high_confidence,LAM1164,program_6,LMNA,1.854323148727417,5,6,0,747
high_confidence,LAM1164,program_6,MALAT1,1.846915602684021,6,6,0,747
high_confidence,LAM1164,program_6,CTGF,1.8238605260849,7,6,0,747
high_confidence,LAM1164,program_6,HLA-A,1.8203468322753906,8,6,0,747
high_confidence,LAM1164,program_6,MCEMP1,1.7297582626342773,9,6,0,747
high_confidence,LAM1164,program_6,BIRC3,1.7175679206848145,10,6,0,747
high_confidence,LAM1164,program_6,GAPDH,1.6828479766845703,11,6,0,747
high_confidence,LAM1164,program_6,APOE,1.6758301258087158,12,6,0,747
high_confidence,LAM1164,program_6,TAGLN2,1.663435935974121,13,6,0,747
high_confidence,LAM1164,program_6,HNRNPA2B1,1.6569082736968994,14,6,0,747
high_confidence,LAM1164,program_6,TPI1,1.6536201238632202,15,6,0,747
high_confidence,LAM1164,program_6,OAZ1,1.6074554920196533,16,6,0,747
high_confidence,LAM1164,program_6,GZMB,1.5887010097503662,17,6,0,747
high_confidence,LAM1164,program_6,IL1B,1.5644221305847168,18,6,0,747
high_confidence,LAM1164,program_6,CITED2,1.5296036005020142,19,6,0,747
high_confidence,LAM1164,program_6,UBC,1.5264602899551392,20,6,0,747
high_confidence,LAM1164,program_6,MYL12A,1.5115110874176025,21,6,0,747
high_confidence,LAM1164,program_6,PRDX5,1.4925272464752197,22,6,0,747
high_confidence,LAM1164,program_6,SERPING1,1.49240243434906,23,6,0,747
high_confidence,LAM1164,program_6,MITF,1.4856489896774292,24,6,0,747
high_confidence,LAM1164,program_6,ELF3,1.4786938428878784,25,6,0,747
high_confidence,LAM1164,program_6,ACTG1,1.4690965414047241,26,6,0,747
high_confidence,LAM1164,program_6,HLA-E,1.4568414688110352,27,6,0,747
high_confidence,LAM1164,program_6,GRN,1.448288083076477,28,6,0,747
high_confidence,LAM1164,program_6,CXCL3,1.4310740232467651,29,6,0,747
high_confidence,LAM1164,program_6,TXN,1.430964708328247,30,6,0,747
high_confidence,LAM1164,program_6,RHOB,1.426862120628357,31,6,0,747
high_confidence,LAM1164,program_6,UBA52,1.3827029466629028,32,6,0,747
high_confidence,LAM1164,program_6,AQP3,1.3671653270721436,33,6,0,747
high_confidence,LAM1164,program_6,SERPINA1,1.3604108095169067,34,6,0,747
high_confidence,LAM1164,program_6,TOP2A,1.3596497774124146,35,6,0,747
high_confidence,LAM1164,program_6,ARPC3,1.3429651260375977,36,6,0,747
high_confidence,LAM1164,program_6,S100A9,1.3368945121765137,37,6,0,747
high_confidence,LAM1164,program_6,CD3E,1.336832880973816,38,6,0,747
high_confidence,LAM1164,program_6,SFPQ,1.3357982635498047,39,6,0,747
high_confidence,LAM1164,program_6,TOP1,1.3203016519546509,40,6,0,747
high_confidence,LAM1164,program_6,FBP1,1.3059418201446533,41,6,0,747
high_confidence,LAM1164,program_6,PGC,1.3001221418380737,42,6,0,747
high_confidence,LAM1164,program_6,MCL1,1.2991551160812378,43,6,0,747
high_confidence,LAM1164,program_6,YBX1,1.2935147285461426,44,6,0,747
high_confidence,LAM1164,program_6,TSPO,1.2616468667984009,45,6,0,747
high_confidence,LAM1164,program_6,ZNF331,1.2479825019836426,46,6,0,747
high_confidence,LAM1164,program_6,EZR,1.243372917175293,47,6,0,747
high_confidence,LAM1164,program_6,PGK1,1.2431576251983643,48,6,0,747
high_confidence,LAM1164,program_6,GUK1,1.2424068450927734,49,6,0,747
high_confidence,LAM1164,program_6,ZEB2,1.2309012413024902,50,6,0,747
broad_lam_like,LAM1110,program_1,FOS,4.55566930770874,1,6,1,428
broad_lam_like,LAM1110,program_1,CCL2,4.115336894989014,2,6,1,428
broad_lam_like,LAM1110,program_1,SIX1,3.620067596435547,3,6,1,428
broad_lam_like,LAM1110,program_1,CD55,3.3974006175994873,4,6,1,428
broad_lam_like,LAM1110,program_1,GDF15,3.066218614578247,5,6,1,428
broad_lam_like,LAM1110,program_1,CXCL8,3.0507700443267822,6,6,1,428
broad_lam_like,LAM1110,program_1,HSP90AA1,2.9867660999298096,7,6,1,428
broad_lam_like,LAM1110,program_1,TGM2,2.8766536712646484,8,6,1,428
broad_lam_like,LAM1110,program_1,IGFBP7,2.8501057624816895,9,6,1,428
broad_lam_like,LAM1110,program_1,ATP5G2,2.7830913066864014,10,6,1,428
broad_lam_like,LAM1110,program_1,UBE2D3,2.7377898693084717,11,6,1,428
broad_lam_like,LAM1110,program_1,NACA,2.7320330142974854,12,6,1,428
broad_lam_like,LAM1110,program_1,KRT18,2.6141135692596436,13,6,1,428
broad_lam_like,LAM1110,program_1,ATP6V0B,2.5849075317382812,14,6,1,428
broad_lam_like,LAM1110,program_1,ARPC3,2.5339138507843018,15,6,1,428
broad_lam_like,LAM1110,program_1,HMGB1,2.499727249145508,16,6,1,428
broad_lam_like,LAM1110,program_1,MGP,2.484347343444824,17,6,1,428
broad_lam_like,LAM1110,program_1,MALAT1,2.474792957305908,18,6,1,428
broad_lam_like,LAM1110,program_1,TKT,2.466365098953247,19,6,1,428
broad_lam_like,LAM1110,program_1,RHOA,2.456284761428833,20,6,1,428
broad_lam_like,LAM1110,program_1,HSPA8,2.4295804500579834,21,6,1,428
broad_lam_like,LAM1110,program_1,PPIA,2.3953216075897217,22,6,1,428
broad_lam_like,LAM1110,program_1,SMAD2,2.343747138977051,23,6,1,428
broad_lam_like,LAM1110,program_1,CFD,2.2971153259277344,24,6,1,428
broad_lam_like,LAM1110,program_1,LMNA,2.2799735069274902,25,6,1,428
broad_lam_like,LAM1110,program_1,ALPL,2.232217311859131,26,6,1,428
broad_lam_like,LAM1110,program_1,ACTB,2.2259950637817383,27,6,1,428
broad_lam_like,LAM1110,program_1,NFKBIA,2.216193199157715,28,6,1,428
broad_lam_like,LAM1110,program_1,MMP8,2.1927554607391357,29,6,1,428
broad_lam_like,LAM1110,program_1,ID1,2.186927318572998,30,6,1,428
broad_lam_like,LAM1110,program_1,SRSF11,2.0928943157196045,31,6,1,428
broad_lam_like,LAM1110,program_1,CCDC85B,2.0917916297912598,32,6,1,428
broad_lam_like,LAM1110,program_1,SPTBN1,2.068708896636963,33,6,1,428
broad_lam_like,LAM1110,program_1,ALDOA,2.0569753646850586,34,6,1,428
broad_lam_like,LAM1110,program_1,PKM,2.054288148880005,35,6,1,428
broad_lam_like,LAM1110,program_1,HNRNPA3,2.031343936920166,36,6,1,428
broad_lam_like,LAM1110,program_1,PRRC2C,2.03090763092041,37,6,1,428
broad_lam_like,LAM1110,program_1,HSP90B1,2.0210185050964355,38,6,1,428
broad_lam_like,LAM1110,program_1,ZFAND5,2.01546311378479,39,6,1,428
broad_lam_like,LAM1110,program_1,ITM2B,2.001030445098877,40,6,1,428
broad_lam_like,LAM1110,program_1,ANXA5,1.9778040647506714,41,6,1,428
broad_lam_like,LAM1110,program_1,MSN,1.968688726425171,42,6,1,428
broad_lam_like,LAM1110,program_1,ATP6V1G1,1.957683801651001,43,6,1,428
broad_lam_like,LAM1110,program_1,ACP5,1.9571248292922974,44,6,1,428
broad_lam_like,LAM1110,program_1,TBCA,1.9248828887939453,45,6,1,428
broad_lam_like,LAM1110,program_1,SKP1,1.9121588468551636,46,6,1,428
broad_lam_like,LAM1110,program_1,GRN,1.899125576019287,47,6,1,428
broad_lam_like,LAM1110,program_1,PGC,1.8962955474853516,48,6,1,428
broad_lam_like,LAM1110,program_1,KLF4,1.8368937969207764,49,6,1,428
broad_lam_like,LAM1110,program_1,CLK1,1.8205426931381226,50,6,1,428
broad_lam_like,LAM1110,program_2,HSPA8,2.1209781169891357,1,6,1,428
broad_lam_like,LAM1110,program_2,RGS5,1.9120993614196777,2,6,1,428
broad_lam_like,LAM1110,program_2,SEPW1,1.8441362380981445,3,6,1,428
broad_lam_like,LAM1110,program_2,TYROBP,1.8147207498550415,4,6,1,428
broad_lam_like,LAM1110,program_2,ARL8B,1.615831732749939,5,6,1,428
broad_lam_like,LAM1110,program_2,LUM,1.5922842025756836,6,6,1,428
broad_lam_like,LAM1110,program_2,LY6E,1.5703985691070557,7,6,1,428
broad_lam_like,LAM1110,program_2,MUC1,1.5013848543167114,8,6,1,428
broad_lam_like,LAM1110,program_2,SRSF11,1.4876000881195068,9,6,1,428
broad_lam_like,LAM1110,program_2,HNRNPA0,1.4600841999053955,10,6,1,428
broad_lam_like,LAM1110,program_2,PGC,1.4173959493637085,11,6,1,428
broad_lam_like,LAM1110,program_2,EIF4E,1.364452600479126,12,6,1,428
broad_lam_like,LAM1110,program_2,SQSTM1,1.353319525718689,13,6,1,428
broad_lam_like,LAM1110,program_2,RPS8,1.3273184299468994,14,6,1,428
broad_lam_like,LAM1110,program_2,TPM3,1.2807551622390747,15,6,1,428
broad_lam_like,LAM1110,program_2,RPS6,1.2735611200332642,16,6,1,428
broad_lam_like,LAM1110,program_2,KRT19,1.1777476072311401,17,6,1,428
broad_lam_like,LAM1110,program_2,MSN,1.1495081186294556,18,6,1,428
broad_lam_like,LAM1110,program_2,TBCA,1.1383366584777832,19,6,1,428
broad_lam_like,LAM1110,program_2,LSM6,1.1332541704177856,20,6,1,428
broad_lam_like,LAM1110,program_2,LSP1,1.1307491064071655,21,6,1,428
broad_lam_like,LAM1110,program_2,LDHB,1.1273928880691528,22,6,1,428
broad_lam_like,LAM1110,program_2,HNRNPA3,1.1227457523345947,23,6,1,428
broad_lam_like,LAM1110,program_2,GRN,1.1119542121887207,24,6,1,428
broad_lam_like,LAM1110,program_2,RPS3,1.0917593240737915,25,6,1,428
broad_lam_like,LAM1110,program_2,TNFAIP3,1.0893497467041016,26,6,1,428
broad_lam_like,LAM1110,program_2,PRDX5,1.088192343711853,27,6,1,428
broad_lam_like,LAM1110,program_2,PGR,1.08526611328125,28,6,1,428
broad_lam_like,LAM1110,program_2,MTDH,1.0828992128372192,29,6,1,428
broad_lam_like,LAM1110,program_2,EIF3D,1.0801721811294556,30,6,1,428
broad_lam_like,LAM1110,program_2,MYL12A,1.068076729774475,31,6,1,428
broad_lam_like,LAM1110,program_2,ARID5B,1.0377271175384521,32,6,1,428
broad_lam_like,LAM1110,program_2,COL1A2,1.0362144708633423,33,6,1,428
broad_lam_like,LAM1110,program_2,ACTG1,1.0332553386688232,34,6,1,428
broad_lam_like,LAM1110,program_2,LMO4,0.9917524456977844,35,6,1,428
broad_lam_like,LAM1110,program_2,ID2,0.9805570244789124,36,6,1,428
broad_lam_like,LAM1110,program_2,TOMM22,0.9783468246459961,37,6,1,428
broad_lam_like,LAM1110,program_2,TPM4,0.9753322601318359,38,6,1,428
broad_lam_like,LAM1110,program_2,DDIT4,0.9725865721702576,39,6,1,428
broad_lam_like,LAM1110,program_2,ATP6V0B,0.9605777859687805,40,6,1,428
broad_lam_like,LAM1110,program_2,HMGB1,0.9500226378440857,41,6,1,428
broad_lam_like,LAM1110,program_2,COL6A2,0.9371498823165894,42,6,1,428
broad_lam_like,LAM1110,program_2,KLRD1,0.936172366142273,43,6,1,428
broad_lam_like,LAM1110,program_2,FIGF,0.9328790307044983,44,6,1,428
broad_lam_like,LAM1110,program_2,C12ORF57,0.926119327545166,45,6,1,428
broad_lam_like,LAM1110,program_2,KRT18,0.9103030562400818,46,6,1,428
broad_lam_like,LAM1110,program_2,COA3,0.9069563150405884,47,6,1,428
broad_lam_like,LAM1110,program_2,NR4A3,0.9062486290931702,48,6,1,428
broad_lam_like,LAM1110,program_2,SLC25A3,0.8928660154342651,49,6,1,428
broad_lam_like,LAM1110,program_2,EIF5,0.8893229961395264,50,6,1,428
broad_lam_like,LAM1110,program_3,HSPA8,1.9292259216308594,1,6,1,428
broad_lam_like,LAM1110,program_3,OAZ1,1.4544742107391357,2,6,1,428
broad_lam_like,LAM1110,program_3,SRSF11,1.4315818548202515,3,6,1,428
broad_lam_like,LAM1110,program_3,PGC,1.410645604133606,4,6,1,428
broad_lam_like,LAM1110,program_3,SELT,1.2849034070968628,5,6,1,428
broad_lam_like,LAM1110,program_3,RPS6,1.2696311473846436,6,6,1,428
broad_lam_like,LAM1110,program_3,HNRNPA3,1.266208291053772,7,6,1,428
broad_lam_like,LAM1110,program_3,RPS8,1.2354073524475098,8,6,1,428
broad_lam_like,LAM1110,program_3,EIF4E,1.2013481855392456,9,6,1,428
broad_lam_like,LAM1110,program_3,MSN,1.1804747581481934,10,6,1,428
broad_lam_like,LAM1110,program_3,GTF3C6,1.1556339263916016,11,6,1,428
broad_lam_like,LAM1110,program_3,RPS3,1.0782876014709473,12,6,1,428
broad_lam_like,LAM1110,program_3,TPM3,1.019030213356018,13,6,1,428
broad_lam_like,LAM1110,program_3,HNRNPA2B1,1.0118333101272583,14,6,1,428
broad_lam_like,LAM1110,program_3,MYL12B,0.9563547968864441,15,6,1,428
broad_lam_like,LAM1110,program_3,ATP6V0B,0.9547985196113586,16,6,1,428
broad_lam_like,LAM1110,program_3,PGR,0.9406734108924866,17,6,1,428
broad_lam_like,LAM1110,program_3,MTDH,0.9363480806350708,18,6,1,428
broad_lam_like,LAM1110,program_3,GRN,0.9248418211936951,19,6,1,428
broad_lam_like,LAM1110,program_3,ARHGDIB,0.9171279072761536,20,6,1,428
broad_lam_like,LAM1110,program_3,SQSTM1,0.9125704765319824,21,6,1,428
broad_lam_like,LAM1110,program_3,PRDX1,0.9123983979225159,22,6,1,428
broad_lam_like,LAM1110,program_3,TPM4,0.9005454778671265,23,6,1,428
broad_lam_like,LAM1110,program_3,EEF1B2,0.8850070238113403,24,6,1,428
broad_lam_like,LAM1110,program_3,GPX4,0.8748106360435486,25,6,1,428
broad_lam_like,LAM1110,program_3,TBCA,0.8615603446960449,26,6,1,428
broad_lam_like,LAM1110,program_3,IGFBP7,0.8545615077018738,27,6,1,428
broad_lam_like,LAM1110,program_3,MYL12A,0.8307821154594421,28,6,1,428
broad_lam_like,LAM1110,program_3,VAMP8,0.8302669525146484,29,6,1,428
broad_lam_like,LAM1110,program_3,ARPC2,0.8302076458930969,30,6,1,428
broad_lam_like,LAM1110,program_3,CFL1,0.8274639248847961,31,6,1,428
broad_lam_like,LAM1110,program_3,RPLP0,0.8181528449058533,32,6,1,428
broad_lam_like,LAM1110,program_3,FGFBP2,0.8178571462631226,33,6,1,428
broad_lam_like,LAM1110,program_3,DSTN,0.8143711090087891,34,6,1,428
broad_lam_like,LAM1110,program_3,CD63,0.7939014434814453,35,6,1,428
broad_lam_like,LAM1110,program_3,RHOB,0.7931613922119141,36,6,1,428
broad_lam_like,LAM1110,program_3,ICAM1,0.7873069643974304,37,6,1,428
broad_lam_like,LAM1110,program_3,CCT5,0.7814374566078186,38,6,1,428
broad_lam_like,LAM1110,program_3,LY6E,0.7737352848052979,39,6,1,428
broad_lam_like,LAM1110,program_3,TMBIM6,0.7653716206550598,40,6,1,428
broad_lam_like,LAM1110,program_3,SPINT2,0.7613548636436462,41,6,1,428
broad_lam_like,LAM1110,program_3,CTSC,0.7590762376785278,42,6,1,428
broad_lam_like,LAM1110,program_3,BTG2,0.7562062740325928,43,6,1,428
broad_lam_like,LAM1110,program_3,TUBA1B,0.7507200837135315,44,6,1,428
broad_lam_like,LAM1110,program_3,ZYX,0.7468440532684326,45,6,1,428
broad_lam_like,LAM1110,program_3,PFDN2,0.746463418006897,46,6,1,428
broad_lam_like,LAM1110,program_3,SARAF,0.7394773364067078,47,6,1,428
broad_lam_like,LAM1110,program_3,MRPS6,0.7368696928024292,48,6,1,428
broad_lam_like,LAM1110,program_3,GZMB,0.7351518869400024,49,6,1,428
broad_lam_like,LAM1110,program_3,EIF1,0.734333336353302,50,6,1,428
broad_lam_like,LAM1110,program_4,IFIT1,5.509518146514893,1,6,1,428
broad_lam_like,LAM1110,program_4,SFTPA1,4.00159215927124,2,6,1,428
broad_lam_like,LAM1110,program_4,COL4A1,3.926621913909912,3,6,1,428
broad_lam_like,LAM1110,program_4,HSPA8,3.837852954864502,4,6,1,428
broad_lam_like,LAM1110,program_4,SRSF11,2.4928293228149414,5,6,1,428
broad_lam_like,LAM1110,program_4,HSPB1,2.4753177165985107,6,6,1,428
broad_lam_like,LAM1110,program_4,DDX5,2.4579265117645264,7,6,1,428
broad_lam_like,LAM1110,program_4,RPS6,2.2600045204162598,8,6,1,428
broad_lam_like,LAM1110,program_4,MSN,2.107375383377075,9,6,1,428
broad_lam_like,LAM1110,program_4,EIF4E,2.1032700538635254,10,6,1,428
broad_lam_like,LAM1110,program_4,RPS3,2.0609636306762695,11,6,1,428
broad_lam_like,LAM1110,program_4,HNRNPA3,1.9752053022384644,12,6,1,428
broad_lam_like,LAM1110,program_4,RPS8,1.945185899734497,13,6,1,428
broad_lam_like,LAM1110,program_4,PGC,1.9056615829467773,14,6,1,428
broad_lam_like,LAM1110,program_4,PGR,1.8714642524719238,15,6,1,428
broad_lam_like,LAM1110,program_4,LSP1,1.7813001871109009,16,6,1,428
broad_lam_like,LAM1110,program_4,MTDH,1.714519739151001,17,6,1,428
broad_lam_like,LAM1110,program_4,SQSTM1,1.6376785039901733,18,6,1,428
broad_lam_like,LAM1110,program_4,TBCA,1.6258305311203003,19,6,1,428
broad_lam_like,LAM1110,program_4,BTF3,1.6171557903289795,20,6,1,428
broad_lam_like,LAM1110,program_4,RPLP0,1.5937411785125732,21,6,1,428
broad_lam_like,LAM1110,program_4,PPP1R15A,1.5551855564117432,22,6,1,428
broad_lam_like,LAM1110,program_4,TPM4,1.5535600185394287,23,6,1,428
broad_lam_like,LAM1110,program_4,GRN,1.5370489358901978,24,6,1,428
broad_lam_like,LAM1110,program_4,LITAF,1.525308609008789,25,6,1,428
broad_lam_like,LAM1110,program_4,SEPP1,1.4829341173171997,26,6,1,428
broad_lam_like,LAM1110,program_4,TSPO,1.4751842021942139,27,6,1,428
broad_lam_like,LAM1110,program_4,FGFBP2,1.4635910987854004,28,6,1,428
broad_lam_like,LAM1110,program_4,EIF5,1.4310775995254517,29,6,1,428
broad_lam_like,LAM1110,program_4,ICAM1,1.4224083423614502,30,6,1,428
broad_lam_like,LAM1110,program_4,SLC25A3,1.3895357847213745,31,6,1,428
broad_lam_like,LAM1110,program_4,PRDX5,1.3889358043670654,32,6,1,428
broad_lam_like,LAM1110,program_4,HNRNPA2B1,1.3677947521209717,33,6,1,428
broad_lam_like,LAM1110,program_4,SYAP1,1.3648121356964111,34,6,1,428
broad_lam_like,LAM1110,program_4,VAMP8,1.3589951992034912,35,6,1,428
broad_lam_like,LAM1110,program_4,TUBA1B,1.3469640016555786,36,6,1,428
broad_lam_like,LAM1110,program_4,C15ORF48,1.3415275812149048,37,6,1,428
broad_lam_like,LAM1110,program_4,UCP2,1.338007926940918,38,6,1,428
broad_lam_like,LAM1110,program_4,SERPINE1,1.337571620941162,39,6,1,428
broad_lam_like,LAM1110,program_4,HEXIM1,1.3290170431137085,40,6,1,428
broad_lam_like,LAM1110,program_4,PPP1CB,1.3115839958190918,41,6,1,428
broad_lam_like,LAM1110,program_4,NCL,1.306699514389038,42,6,1,428
broad_lam_like,LAM1110,program_4,NFKBIA,1.3005921840667725,43,6,1,428
broad_lam_like,LAM1110,program_4,CITED2,1.2876778841018677,44,6,1,428
broad_lam_like,LAM1110,program_4,CFL1,1.2873780727386475,45,6,1,428
broad_lam_like,LAM1110,program_4,IER3,1.2744300365447998,46,6,1,428
broad_lam_like,LAM1110,program_4,ATP6V0B,1.2667155265808105,47,6,1,428
broad_lam_like,LAM1110,program_4,PRDX1,1.2528421878814697,48,6,1,428
broad_lam_like,LAM1110,program_4,IFI27,1.2517303228378296,49,6,1,428
broad_lam_like,LAM1110,program_4,SPINT2,1.2466191053390503,50,6,1,428
broad_lam_like,LAM1110,program_5,PGC,4.307579040527344,1,6,1,428
broad_lam_like,LAM1110,program_5,C1QA,3.8140757083892822,2,6,1,428
broad_lam_like,LAM1110,program_5,MMP12,3.776315927505493,3,6,1,428
broad_lam_like,LAM1110,program_5,SQSTM1,3.5212011337280273,4,6,1,428
broad_lam_like,LAM1110,program_5,GRN,3.5007855892181396,5,6,1,428
broad_lam_like,LAM1110,program_5,HSPA8,3.4045870304107666,6,6,1,428
broad_lam_like,LAM1110,program_5,EGLN3,3.2804250717163086,7,6,1,428
broad_lam_like,LAM1110,program_5,HOXD11,2.93916654586792,8,6,1,428
broad_lam_like,LAM1110,program_5,CFL1,2.9210331439971924,9,6,1,428
broad_lam_like,LAM1110,program_5,MYL6,2.8340117931365967,10,6,1,428
broad_lam_like,LAM1110,program_5,NR4A1,2.791278600692749,11,6,1,428
broad_lam_like,LAM1110,program_5,S100A9,2.780562162399292,12,6,1,428
broad_lam_like,LAM1110,program_5,HNRNPA2B1,2.7559666633605957,13,6,1,428
broad_lam_like,LAM1110,program_5,SRSF11,2.74916672706604,14,6,1,428
broad_lam_like,LAM1110,program_5,CITED2,2.7171287536621094,15,6,1,428
broad_lam_like,LAM1110,program_5,SOCS1,2.7021169662475586,16,6,1,428
broad_lam_like,LAM1110,program_5,TYROBP,2.696026086807251,17,6,1,428
broad_lam_like,LAM1110,program_5,SERPINA1,2.692477226257324,18,6,1,428
broad_lam_like,LAM1110,program_5,H2AFZ,2.6718833446502686,19,6,1,428
broad_lam_like,LAM1110,program_5,MSN,2.648395299911499,20,6,1,428
broad_lam_like,LAM1110,program_5,RAC2,2.6193580627441406,21,6,1,428
broad_lam_like,LAM1110,program_5,CD63,2.6098155975341797,22,6,1,428
broad_lam_like,LAM1110,program_5,GPX4,2.556647300720215,23,6,1,428
broad_lam_like,LAM1110,program_5,PRDX1,2.5381698608398438,24,6,1,428
broad_lam_like,LAM1110,program_5,FXYD5,2.521113395690918,25,6,1,428
broad_lam_like,LAM1110,program_5,PRDX5,2.505032777786255,26,6,1,428
broad_lam_like,LAM1110,program_5,WFDC2,2.478524684906006,27,6,1,428
broad_lam_like,LAM1110,program_5,ARHGDIB,2.4139392375946045,28,6,1,428
broad_lam_like,LAM1110,program_5,COX7B,2.3963468074798584,29,6,1,428
broad_lam_like,LAM1110,program_5,RHOB,2.387350082397461,30,6,1,428
broad_lam_like,LAM1110,program_5,ACTG1,2.3716487884521484,31,6,1,428
broad_lam_like,LAM1110,program_5,AIF1,2.3282580375671387,32,6,1,428
broad_lam_like,LAM1110,program_5,HNRNPA3,2.312913179397583,33,6,1,428
broad_lam_like,LAM1110,program_5,PPDPF,2.3095853328704834,34,6,1,428
broad_lam_like,LAM1110,program_5,SLC38A2,2.3034000396728516,35,6,1,428
broad_lam_like,LAM1110,program_5,CTSS,2.300250768661499,36,6,1,428
broad_lam_like,LAM1110,program_5,TPI1,2.2709054946899414,37,6,1,428
broad_lam_like,LAM1110,program_5,TUBB4B,2.2042906284332275,38,6,1,428
broad_lam_like,LAM1110,program_5,HERPUD1,2.1802453994750977,39,6,1,428
broad_lam_like,LAM1110,program_5,MTDH,2.1702182292938232,40,6,1,428
broad_lam_like,LAM1110,program_5,STAT1,2.1544861793518066,41,6,1,428
broad_lam_like,LAM1110,program_5,FCGR3A,2.1180472373962402,42,6,1,428
broad_lam_like,LAM1110,program_5,IGFBP7,2.091721296310425,43,6,1,428
broad_lam_like,LAM1110,program_5,MIF,2.087756633758545,44,6,1,428
broad_lam_like,LAM1110,program_5,VAMP8,2.067945957183838,45,6,1,428
broad_lam_like,LAM1110,program_5,MYL12A,2.0644757747650146,46,6,1,428
broad_lam_like,LAM1110,program_5,SLC2A3,2.057307004928589,47,6,1,428
broad_lam_like,LAM1110,program_5,YBX1,2.0425734519958496,48,6,1,428
broad_lam_like,LAM1110,program_5,UBB,2.023851156234741,49,6,1,428
broad_lam_like,LAM1110,program_5,CIRBP,2.0192248821258545,50,6,1,428
broad_lam_like,LAM1110,program_6,HSPA8,2.6511526107788086,1,6,1,428
broad_lam_like,LAM1110,program_6,SRSF11,2.1808838844299316,2,6,1,428
broad_lam_like,LAM1110,program_6,MSN,2.061781167984009,3,6,1,428
broad_lam_like,LAM1110,program_6,COL6A2,2.0609893798828125,4,6,1,428
broad_lam_like,LAM1110,program_6,LSP1,1.9566763639450073,5,6,1,428
broad_lam_like,LAM1110,program_6,SRSF5,1.948061227798462,6,6,1,428
broad_lam_like,LAM1110,program_6,EIF4E,1.939153790473938,7,6,1,428
broad_lam_like,LAM1110,program_6,RPS8,1.919740080833435,8,6,1,428
broad_lam_like,LAM1110,program_6,RPS6,1.9072942733764648,9,6,1,428
broad_lam_like,LAM1110,program_6,HNRNPA3,1.897620677947998,10,6,1,428
broad_lam_like,LAM1110,program_6,HSP90AB1,1.7712491750717163,11,6,1,428
broad_lam_like,LAM1110,program_6,RPS3,1.6808414459228516,12,6,1,428
broad_lam_like,LAM1110,program_6,SQSTM1,1.6321035623550415,13,6,1,428
broad_lam_like,LAM1110,program_6,PGR,1.629807949066162,14,6,1,428
broad_lam_like,LAM1110,program_6,PGC,1.6284549236297607,15,6,1,428
broad_lam_like,LAM1110,program_6,MTDH,1.5458498001098633,16,6,1,428
broad_lam_like,LAM1110,program_6,MYL12A,1.5407731533050537,17,6,1,428
broad_lam_like,LAM1110,program_6,SERPINE1,1.5045933723449707,18,6,1,428
broad_lam_like,LAM1110,program_6,TPM4,1.4744880199432373,19,6,1,428
broad_lam_like,LAM1110,program_6,TBCA,1.4318475723266602,20,6,1,428
broad_lam_like,LAM1110,program_6,RPLP0,1.4310559034347534,21,6,1,428
broad_lam_like,LAM1110,program_6,GRN,1.416114330291748,22,6,1,428
broad_lam_like,LAM1110,program_6,EIF3D,1.3770616054534912,23,6,1,428
broad_lam_like,LAM1110,program_6,SELM,1.3535561561584473,24,6,1,428
broad_lam_like,LAM1110,program_6,SARAF,1.3210686445236206,25,6,1,428
broad_lam_like,LAM1110,program_6,EIF5,1.2917811870574951,26,6,1,428
broad_lam_like,LAM1110,program_6,HNRNPK,1.284278154373169,27,6,1,428
broad_lam_like,LAM1110,program_6,PRF1,1.2715517282485962,28,6,1,428
broad_lam_like,LAM1110,program_6,KLF3,1.2519928216934204,29,6,1,428
broad_lam_like,LAM1110,program_6,STAT3,1.2476588487625122,30,6,1,428
broad_lam_like,LAM1110,program_6,EEF2,1.2432036399841309,31,6,1,428
broad_lam_like,LAM1110,program_6,VAMP8,1.2409974336624146,32,6,1,428
broad_lam_like,LAM1110,program_6,ATP6V0B,1.2171657085418701,33,6,1,428
broad_lam_like,LAM1110,program_6,ARHGDIB,1.2162679433822632,34,6,1,428
broad_lam_like,LAM1110,program_6,GNG5,1.2123106718063354,35,6,1,428
broad_lam_like,LAM1110,program_6,HNRNPA1,1.211788296699524,36,6,1,428
broad_lam_like,LAM1110,program_6,CXCL3,1.2079908847808838,37,6,1,428
broad_lam_like,LAM1110,program_6,C12ORF57,1.204708456993103,38,6,1,428
broad_lam_like,LAM1110,program_6,BCL2A1,1.1998218297958374,39,6,1,428
broad_lam_like,LAM1110,program_6,HOXA9,1.1964739561080933,40,6,1,428
broad_lam_like,LAM1110,program_6,FGFBP2,1.1771340370178223,41,6,1,428
broad_lam_like,LAM1110,program_6,SLC25A3,1.1559795141220093,42,6,1,428
broad_lam_like,LAM1110,program_6,NCL,1.1466503143310547,43,6,1,428
broad_lam_like,LAM1110,program_6,TCEB2,1.1465749740600586,44,6,1,428
broad_lam_like,LAM1110,program_6,CFL1,1.1423158645629883,45,6,1,428
broad_lam_like,LAM1110,program_6,HMGB1,1.1397700309753418,46,6,1,428
broad_lam_like,LAM1110,program_6,NR4A3,1.1336112022399902,47,6,1,428
broad_lam_like,LAM1110,program_6,NFKBIA,1.1268600225448608,48,6,1,428
broad_lam_like,LAM1110,program_6,TPM3,1.1106265783309937,49,6,1,428
broad_lam_like,LAM1110,program_6,PRDX1,1.100661039352417,50,6,1,428
broad_lam_like,LAM1158,program_1,HSP90AA1,3.4112184047698975,1,6,0,626
broad_lam_like,LAM1158,program_1,STK17A,3.0093436241149902,2,6,0,626
broad_lam_like,LAM1158,program_1,IL32,2.9994537830352783,3,6,0,626
broad_lam_like,LAM1158,program_1,MLANA,2.7140886783599854,4,6,0,626
broad_lam_like,LAM1158,program_1,ITM2B,2.7052972316741943,5,6,0,626
broad_lam_like,LAM1158,program_1,C7,2.625063419342041,6,6,0,626
broad_lam_like,LAM1158,program_1,MTOR,2.421574831008911,7,6,0,626
broad_lam_like,LAM1158,program_1,ATP1A1,2.3559999465942383,8,6,0,626
broad_lam_like,LAM1158,program_1,EIF4B,2.3533058166503906,9,6,0,626
broad_lam_like,LAM1158,program_1,RPLP0,2.283369302749634,10,6,0,626
broad_lam_like,LAM1158,program_1,HSP90AB1,2.272784471511841,11,6,0,626
broad_lam_like,LAM1158,program_1,CDC37,2.2412900924682617,12,6,0,626
broad_lam_like,LAM1158,program_1,PPDPF,2.2079684734344482,13,6,0,626
broad_lam_like,LAM1158,program_1,SMAD3,2.1622698307037354,14,6,0,626
broad_lam_like,LAM1158,program_1,PTGDS,2.12524676322937,15,6,0,626
broad_lam_like,LAM1158,program_1,MYH11,2.0906729698181152,16,6,0,626
broad_lam_like,LAM1158,program_1,TNFAIP3,2.077852964401245,17,6,0,626
broad_lam_like,LAM1158,program_1,MALAT1,2.0748040676116943,18,6,0,626
broad_lam_like,LAM1158,program_1,KRT18,2.057185411453247,19,6,0,626
broad_lam_like,LAM1158,program_1,P4HB,2.0326409339904785,20,6,0,626
broad_lam_like,LAM1158,program_1,RBBP6,2.0069384574890137,21,6,0,626
broad_lam_like,LAM1158,program_1,TMSB10,1.9958295822143555,22,6,0,626
broad_lam_like,LAM1158,program_1,TMA7,1.9847155809402466,23,6,0,626
broad_lam_like,LAM1158,program_1,RPS6,1.97806978225708,24,6,0,626
broad_lam_like,LAM1158,program_1,FN1,1.9266951084136963,25,6,0,626
broad_lam_like,LAM1158,program_1,SRSF3,1.8665602207183838,26,6,0,626
broad_lam_like,LAM1158,program_1,SDCBP,1.8550701141357422,27,6,0,626
broad_lam_like,LAM1158,program_1,HMGN1,1.8049854040145874,28,6,0,626
broad_lam_like,LAM1158,program_1,STAT1,1.7983639240264893,29,6,0,626
broad_lam_like,LAM1158,program_1,RBM3,1.7950880527496338,30,6,0,626
broad_lam_like,LAM1158,program_1,TXN,1.7830361127853394,31,6,0,626
broad_lam_like,LAM1158,program_1,ATP6V0B,1.7606393098831177,32,6,0,626
broad_lam_like,LAM1158,program_1,TREM2,1.7155472040176392,33,6,0,626
broad_lam_like,LAM1158,program_1,HNRNPM,1.710149884223938,34,6,0,626
broad_lam_like,LAM1158,program_1,ANXA5,1.6967747211456299,35,6,0,626
broad_lam_like,LAM1158,program_1,CITED2,1.6725600957870483,36,6,0,626
broad_lam_like,LAM1158,program_1,TGFBR2,1.6237866878509521,37,6,0,626
broad_lam_like,LAM1158,program_1,CLU,1.6135872602462769,38,6,0,626
broad_lam_like,LAM1158,program_1,RAC1,1.6051362752914429,39,6,0,626
broad_lam_like,LAM1158,program_1,ETS1,1.5893386602401733,40,6,0,626
broad_lam_like,LAM1158,program_1,IFI27,1.5808899402618408,41,6,0,626
broad_lam_like,LAM1158,program_1,NDUFA4,1.5760588645935059,42,6,0,626
broad_lam_like,LAM1158,program_1,ATP5E,1.5758787393569946,43,6,0,626
broad_lam_like,LAM1158,program_1,LRRK2,1.5603458881378174,44,6,0,626
broad_lam_like,LAM1158,program_1,CEBPB,1.5345338582992554,45,6,0,626
broad_lam_like,LAM1158,program_1,CCL4L2,1.531132459640503,46,6,0,626
broad_lam_like,LAM1158,program_1,UQCRB,1.5296589136123657,47,6,0,626
broad_lam_like,LAM1158,program_1,CIRBP,1.5086793899536133,48,6,0,626
broad_lam_like,LAM1158,program_1,NEDD8,1.5049164295196533,49,6,0,626
broad_lam_like,LAM1158,program_1,MEAF6,1.4711178541183472,50,6,0,626
broad_lam_like,LAM1158,program_2,CITED2,1.8945602178573608,1,6,0,626
broad_lam_like,LAM1158,program_2,EGLN3,1.7742100954055786,2,6,0,626
broad_lam_like,LAM1158,program_2,HSP90AA1,1.6493028402328491,3,6,0,626
broad_lam_like,LAM1158,program_2,UBB,1.6209163665771484,4,6,0,626
broad_lam_like,LAM1158,program_2,GREB1,1.5635876655578613,5,6,0,626
broad_lam_like,LAM1158,program_2,STK17A,1.474652647972107,6,6,0,626
broad_lam_like,LAM1158,program_2,ALG13,1.363524317741394,7,6,0,626
broad_lam_like,LAM1158,program_2,NDUFA1,1.3056353330612183,8,6,0,626
broad_lam_like,LAM1158,program_2,ITM2B,1.3008774518966675,9,6,0,626
broad_lam_like,LAM1158,program_2,P4HB,1.2808676958084106,10,6,0,626
broad_lam_like,LAM1158,program_2,HOXA10,1.2528581619262695,11,6,0,626
broad_lam_like,LAM1158,program_2,MALAT1,1.2245876789093018,12,6,0,626
broad_lam_like,LAM1158,program_2,CDC37,1.208557367324829,13,6,0,626
broad_lam_like,LAM1158,program_2,CLK1,1.1869696378707886,14,6,0,626
broad_lam_like,LAM1158,program_2,RPLP0,1.172321081161499,15,6,0,626
broad_lam_like,LAM1158,program_2,DNAJC3,1.1507115364074707,16,6,0,626
broad_lam_like,LAM1158,program_2,HMGB1,1.1289548873901367,17,6,0,626
broad_lam_like,LAM1158,program_2,COL6A1,1.1284488439559937,18,6,0,626
broad_lam_like,LAM1158,program_2,COL4A1,1.1046028137207031,19,6,0,626
broad_lam_like,LAM1158,program_2,TREM2,1.0903264284133911,20,6,0,626
broad_lam_like,LAM1158,program_2,COX7C,1.088615894317627,21,6,0,626
broad_lam_like,LAM1158,program_2,ARHGDIB,1.0788689851760864,22,6,0,626
broad_lam_like,LAM1158,program_2,PHPT1,1.0571764707565308,23,6,0,626
broad_lam_like,LAM1158,program_2,STAT1,1.051804780960083,24,6,0,626
broad_lam_like,LAM1158,program_2,HMGN1,1.0393967628479004,25,6,0,626
broad_lam_like,LAM1158,program_2,FCGRT,1.0327863693237305,26,6,0,626
broad_lam_like,LAM1158,program_2,IL32,1.0284616947174072,27,6,0,626
broad_lam_like,LAM1158,program_2,TNFAIP3,1.0247957706451416,28,6,0,626
broad_lam_like,LAM1158,program_2,TMA7,1.0106796026229858,29,6,0,626
broad_lam_like,LAM1158,program_2,HSPB1,1.008807897567749,30,6,0,626
broad_lam_like,LAM1158,program_2,MYH11,0.9943886995315552,31,6,0,626
broad_lam_like,LAM1158,program_2,STT3B,0.9912763833999634,32,6,0,626
broad_lam_like,LAM1158,program_2,RPS6,0.9732401371002197,33,6,0,626
broad_lam_like,LAM1158,program_2,IFI27,0.9707790017127991,34,6,0,626
broad_lam_like,LAM1158,program_2,JAK1,0.9686117768287659,35,6,0,626
broad_lam_like,LAM1158,program_2,HLA-F,0.9596967101097107,36,6,0,626
broad_lam_like,LAM1158,program_2,ANXA5,0.9567270278930664,37,6,0,626
broad_lam_like,LAM1158,program_2,WFDC2,0.9559283256530762,38,6,0,626
broad_lam_like,LAM1158,program_2,FN1,0.954253077507019,39,6,0,626
broad_lam_like,LAM1158,program_2,EIF4B,0.9542184472084045,40,6,0,626
broad_lam_like,LAM1158,program_2,NASP,0.9341011047363281,41,6,0,626
broad_lam_like,LAM1158,program_2,ATP6V0B,0.9187676906585693,42,6,0,626
broad_lam_like,LAM1158,program_2,RBBP6,0.9143549799919128,43,6,0,626
broad_lam_like,LAM1158,program_2,PTGDS,0.9069172143936157,44,6,0,626
broad_lam_like,LAM1158,program_2,MRPL20,0.893602192401886,45,6,0,626
broad_lam_like,LAM1158,program_2,COL1A2,0.8889087438583374,46,6,0,626
broad_lam_like,LAM1158,program_2,CD7,0.8843737840652466,47,6,0,626
broad_lam_like,LAM1158,program_2,COMMD6,0.8633002042770386,48,6,0,626
broad_lam_like,LAM1158,program_2,LST1,0.8494399785995483,49,6,0,626
broad_lam_like,LAM1158,program_2,CD9,0.8478870987892151,50,6,0,626
broad_lam_like,LAM1158,program_3,MALAT1,2.8305740356445312,1,6,0,626
broad_lam_like,LAM1158,program_3,IL32,2.783426523208618,2,6,0,626
broad_lam_like,LAM1158,program_3,CCL14,2.6101036071777344,3,6,0,626
broad_lam_like,LAM1158,program_3,PROM1,2.581839084625244,4,6,0,626
broad_lam_like,LAM1158,program_3,ARHGDIB,2.358567476272583,5,6,0,626
broad_lam_like,LAM1158,program_3,STK17A,2.273777484893799,6,6,0,626
broad_lam_like,LAM1158,program_3,CTSK,2.2148516178131104,7,6,0,626
broad_lam_like,LAM1158,program_3,CXCR4,2.1773555278778076,8,6,0,626
broad_lam_like,LAM1158,program_3,HSP90AB1,2.1726014614105225,9,6,0,626
broad_lam_like,LAM1158,program_3,HLA-C,2.1577072143554688,10,6,0,626
broad_lam_like,LAM1158,program_3,EIF4E,2.116345167160034,11,6,0,626
broad_lam_like,LAM1158,program_3,CDC37,2.077275276184082,12,6,0,626
broad_lam_like,LAM1158,program_3,TIMP2,2.0407896041870117,13,6,0,626
broad_lam_like,LAM1158,program_3,CCL4L2,2.0386745929718018,14,6,0,626
broad_lam_like,LAM1158,program_3,HSP90AA1,2.0338618755340576,15,6,0,626
broad_lam_like,LAM1158,program_3,PTGDS,2.0174121856689453,16,6,0,626
broad_lam_like,LAM1158,program_3,RPS3,1.9810206890106201,17,6,0,626
broad_lam_like,LAM1158,program_3,NCL,1.8652271032333374,18,6,0,626
broad_lam_like,LAM1158,program_3,EZR,1.86417818069458,19,6,0,626
broad_lam_like,LAM1158,program_3,SLC34A2,1.8320313692092896,20,6,0,626
broad_lam_like,LAM1158,program_3,APOE,1.8286224603652954,21,6,0,626
broad_lam_like,LAM1158,program_3,MT1E,1.815618634223938,22,6,0,626
broad_lam_like,LAM1158,program_3,SARAF,1.8067960739135742,23,6,0,626
broad_lam_like,LAM1158,program_3,MGP,1.7763315439224243,24,6,0,626
broad_lam_like,LAM1158,program_3,SEPP1,1.743895173072815,25,6,0,626
broad_lam_like,LAM1158,program_3,H2AFZ,1.713309407234192,26,6,0,626
broad_lam_like,LAM1158,program_3,SDCBP,1.708321452140808,27,6,0,626
broad_lam_like,LAM1158,program_3,LY6E,1.6989977359771729,28,6,0,626
broad_lam_like,LAM1158,program_3,TMSB10,1.6986875534057617,29,6,0,626
broad_lam_like,LAM1158,program_3,CTSH,1.683986783027649,30,6,0,626
broad_lam_like,LAM1158,program_3,SLC25A6,1.6560146808624268,31,6,0,626
broad_lam_like,LAM1158,program_3,BRD2,1.651989221572876,32,6,0,626
broad_lam_like,LAM1158,program_3,HMGN1,1.6456111669540405,33,6,0,626
broad_lam_like,LAM1158,program_3,EMP3,1.6326051950454712,34,6,0,626
broad_lam_like,LAM1158,program_3,CTSB,1.6195577383041382,35,6,0,626
broad_lam_like,LAM1158,program_3,MGST3,1.6193997859954834,36,6,0,626
broad_lam_like,LAM1158,program_3,GZMB,1.6078206300735474,37,6,0,626
broad_lam_like,LAM1158,program_3,IRF1,1.6071990728378296,38,6,0,626
broad_lam_like,LAM1158,program_3,HSPB1,1.6008154153823853,39,6,0,626
broad_lam_like,LAM1158,program_3,RPLP0,1.5977017879486084,40,6,0,626
broad_lam_like,LAM1158,program_3,HNRNPA2B1,1.5956192016601562,41,6,0,626
broad_lam_like,LAM1158,program_3,ATP6V0C,1.5927066802978516,42,6,0,626
broad_lam_like,LAM1158,program_3,RBBP6,1.5837444067001343,43,6,0,626
broad_lam_like,LAM1158,program_3,CD7,1.563582420349121,44,6,0,626
broad_lam_like,LAM1158,program_3,TMBIM6,1.5505868196487427,45,6,0,626
broad_lam_like,LAM1158,program_3,ACTG1,1.5331844091415405,46,6,0,626
broad_lam_like,LAM1158,program_3,EIF4B,1.524738073348999,47,6,0,626
broad_lam_like,LAM1158,program_3,MGST1,1.5053504705429077,48,6,0,626
broad_lam_like,LAM1158,program_3,GZMA,1.5006077289581299,49,6,0,626
broad_lam_like,LAM1158,program_3,CHCHD2,1.4969656467437744,50,6,0,626
broad_lam_like,LAM1158,program_4,LGR5,3.3731791973114014,1,6,0,626
broad_lam_like,LAM1158,program_4,HSP90AA1,2.4358649253845215,2,6,0,626
broad_lam_like,LAM1158,program_4,SFTPA1,2.423413038253784,3,6,0,626
broad_lam_like,LAM1158,program_4,DDIT4,2.3192524909973145,4,6,0,626
broad_lam_like,LAM1158,program_4,STK17A,2.025818109512329,5,6,0,626
broad_lam_like,LAM1158,program_4,CDC37,1.88487708568573,6,6,0,626
broad_lam_like,LAM1158,program_4,RPS3,1.7758469581604004,7,6,0,626
broad_lam_like,LAM1158,program_4,MYH11,1.524020791053772,8,6,0,626
broad_lam_like,LAM1158,program_4,RPLP0,1.516944408416748,9,6,0,626
broad_lam_like,LAM1158,program_4,RPS6,1.5050699710845947,10,6,0,626
broad_lam_like,LAM1158,program_4,TREM2,1.4461203813552856,11,6,0,626
broad_lam_like,LAM1158,program_4,GAPDH,1.3986455202102661,12,6,0,626
broad_lam_like,LAM1158,program_4,HMGN1,1.3820631504058838,13,6,0,626
broad_lam_like,LAM1158,program_4,TNFAIP3,1.366475224494934,14,6,0,626
broad_lam_like,LAM1158,program_4,CCL2,1.343907117843628,15,6,0,626
broad_lam_like,LAM1158,program_4,STAT1,1.309981346130371,16,6,0,626
broad_lam_like,LAM1158,program_4,PRDX5,1.3098828792572021,17,6,0,626
broad_lam_like,LAM1158,program_4,IL32,1.3012293577194214,18,6,0,626
broad_lam_like,LAM1158,program_4,FN1,1.2677524089813232,19,6,0,626
broad_lam_like,LAM1158,program_4,MCL1,1.262997031211853,20,6,0,626
broad_lam_like,LAM1158,program_4,HIGD2A,1.2442032098770142,21,6,0,626
broad_lam_like,LAM1158,program_4,HSPA8,1.2344169616699219,22,6,0,626
broad_lam_like,LAM1158,program_4,NFKBIA,1.2138473987579346,23,6,0,626
broad_lam_like,LAM1158,program_4,RBBP6,1.2117480039596558,24,6,0,626
broad_lam_like,LAM1158,program_4,EIF4B,1.2096668481826782,25,6,0,626
broad_lam_like,LAM1158,program_4,ATP6V0B,1.1918573379516602,26,6,0,626
broad_lam_like,LAM1158,program_4,YWHAZ,1.1623402833938599,27,6,0,626
broad_lam_like,LAM1158,program_4,MALAT1,1.155206322669983,28,6,0,626
broad_lam_like,LAM1158,program_4,IFI27,1.0942790508270264,29,6,0,626
broad_lam_like,LAM1158,program_4,SDCBP,1.0618462562561035,30,6,0,626
broad_lam_like,LAM1158,program_4,CCL4L2,1.0592368841171265,31,6,0,626
broad_lam_like,LAM1158,program_4,RBM3,1.0558103322982788,32,6,0,626
broad_lam_like,LAM1158,program_4,FGFBP2,1.0553197860717773,33,6,0,626
broad_lam_like,LAM1158,program_4,CALM1,1.0539900064468384,34,6,0,626
broad_lam_like,LAM1158,program_4,HIF1A,1.0510399341583252,35,6,0,626
broad_lam_like,LAM1158,program_4,ANXA5,1.0439157485961914,36,6,0,626
broad_lam_like,LAM1158,program_4,DSTN,1.037877082824707,37,6,0,626
broad_lam_like,LAM1158,program_4,HMGB1,1.0274840593338013,38,6,0,626
broad_lam_like,LAM1158,program_4,ARHGDIB,1.0069478750228882,39,6,0,626
broad_lam_like,LAM1158,program_4,UBE2D3,0.9917212724685669,40,6,0,626
broad_lam_like,LAM1158,program_4,PRDX1,0.9852501153945923,41,6,0,626
broad_lam_like,LAM1158,program_4,CTSL,0.9798657894134521,42,6,0,626
broad_lam_like,LAM1158,program_4,CD7,0.9786494374275208,43,6,0,626
broad_lam_like,LAM1158,program_4,TPM3,0.9691773056983948,44,6,0,626
broad_lam_like,LAM1158,program_4,REL,0.9641454219818115,45,6,0,626
broad_lam_like,LAM1158,program_4,CXCL3,0.9565156102180481,46,6,0,626
broad_lam_like,LAM1158,program_4,CEBPB,0.9564634561538696,47,6,0,626
broad_lam_like,LAM1158,program_4,OAZ1,0.94423508644104,48,6,0,626
broad_lam_like,LAM1158,program_4,CALR,0.9380314946174622,49,6,0,626
broad_lam_like,LAM1158,program_4,COX5B,0.9368605613708496,50,6,0,626
broad_lam_like,LAM1158,program_5,HSP90AA1,1.6474754810333252,1,6,0,626
broad_lam_like,LAM1158,program_5,STK17A,1.3866300582885742,2,6,0,626
broad_lam_like,LAM1158,program_5,CDC37,1.213894009590149,3,6,0,626
broad_lam_like,LAM1158,program_5,ARHGDIB,1.1688485145568848,4,6,0,626
broad_lam_like,LAM1158,program_5,IL32,1.1636977195739746,5,6,0,626
broad_lam_like,LAM1158,program_5,RPLP0,1.1152089834213257,6,6,0,626
broad_lam_like,LAM1158,program_5,MALAT1,1.1133263111114502,7,6,0,626
broad_lam_like,LAM1158,program_5,MYH11,1.0826963186264038,8,6,0,626
broad_lam_like,LAM1158,program_5,ANXA5,1.025068998336792,9,6,0,626
broad_lam_like,LAM1158,program_5,EIF4B,1.023754358291626,10,6,0,626
broad_lam_like,LAM1158,program_5,RPS6,1.0156679153442383,11,6,0,626
broad_lam_like,LAM1158,program_5,RBBP6,0.983330249786377,12,6,0,626
broad_lam_like,LAM1158,program_5,HMGN1,0.9749242663383484,13,6,0,626
broad_lam_like,LAM1158,program_5,NFKBIA,0.9593804478645325,14,6,0,626
broad_lam_like,LAM1158,program_5,TREM2,0.9435988664627075,15,6,0,626
broad_lam_like,LAM1158,program_5,TNFAIP3,0.9374954700469971,16,6,0,626
broad_lam_like,LAM1158,program_5,STAT1,0.932422399520874,17,6,0,626
broad_lam_like,LAM1158,program_5,TMSB10,0.8966836929321289,18,6,0,626
broad_lam_like,LAM1158,program_5,MYL6,0.8874792456626892,19,6,0,626
broad_lam_like,LAM1158,program_5,SGK1,0.8594536185264587,20,6,0,626
broad_lam_like,LAM1158,program_5,SELK,0.8436557054519653,21,6,0,626
broad_lam_like,LAM1158,program_5,FN1,0.8398547768592834,22,6,0,626
broad_lam_like,LAM1158,program_5,ATP6V0B,0.8358189463615417,23,6,0,626
broad_lam_like,LAM1158,program_5,PRDX1,0.8320041298866272,24,6,0,626
broad_lam_like,LAM1158,program_5,CALR,0.8241479992866516,25,6,0,626
broad_lam_like,LAM1158,program_5,RBM3,0.8054800629615784,26,6,0,626
broad_lam_like,LAM1158,program_5,PTGDS,0.7925942540168762,27,6,0,626
broad_lam_like,LAM1158,program_5,SOD2,0.7773652076721191,28,6,0,626
broad_lam_like,LAM1158,program_5,SIX1,0.7627266049385071,29,6,0,626
broad_lam_like,LAM1158,program_5,SERPINE1,0.7467623949050903,30,6,0,626
broad_lam_like,LAM1158,program_5,CXCR4,0.7277083992958069,31,6,0,626
broad_lam_like,LAM1158,program_5,SRSF2,0.7246778011322021,32,6,0,626
broad_lam_like,LAM1158,program_5,TPM3,0.7175784111022949,33,6,0,626
broad_lam_like,LAM1158,program_5,IGFBP7,0.7175493836402893,34,6,0,626
broad_lam_like,LAM1158,program_5,HLA-DQB1,0.7172711491584778,35,6,0,626
broad_lam_like,LAM1158,program_5,IFI27,0.7002240419387817,36,6,0,626
broad_lam_like,LAM1158,program_5,HLA-C,0.6952078342437744,37,6,0,626
broad_lam_like,LAM1158,program_5,SDCBP,0.6915851831436157,38,6,0,626
broad_lam_like,LAM1158,program_5,H2AFZ,0.6883590221405029,39,6,0,626
broad_lam_like,LAM1158,program_5,MGP,0.6828526258468628,40,6,0,626
broad_lam_like,LAM1158,program_5,DBI,0.6792595982551575,41,6,0,626
broad_lam_like,LAM1158,program_5,LCP1,0.6782181262969971,42,6,0,626
broad_lam_like,LAM1158,program_5,NPM1,0.6735936403274536,43,6,0,626
broad_lam_like,LAM1158,program_5,CCL4L2,0.6726991534233093,44,6,0,626
broad_lam_like,LAM1158,program_5,PSMA7,0.6699738502502441,45,6,0,626
broad_lam_like,LAM1158,program_5,CXCL3,0.6639284491539001,46,6,0,626
broad_lam_like,LAM1158,program_5,CTSK,0.6600842475891113,47,6,0,626
broad_lam_like,LAM1158,program_5,UQCRB,0.6557260155677795,48,6,0,626
broad_lam_like,LAM1158,program_5,CTSH,0.6553276777267456,49,6,0,626
broad_lam_like,LAM1158,program_5,SMAD2,0.6534762978553772,50,6,0,626
broad_lam_like,LAM1158,program_6,HSP90AA1,1.670978307723999,1,6,0,626
broad_lam_like,LAM1158,program_6,STK17A,1.532925009727478,2,6,0,626
broad_lam_like,LAM1158,program_6,PABPC1,1.370524525642395,3,6,0,626
broad_lam_like,LAM1158,program_6,RPLP0,1.2699365615844727,4,6,0,626
broad_lam_like,LAM1158,program_6,CDC37,1.2530882358551025,5,6,0,626
broad_lam_like,LAM1158,program_6,MALAT1,1.2177516222000122,6,6,0,626
broad_lam_like,LAM1158,program_6,H2AFZ,1.1522648334503174,7,6,0,626
broad_lam_like,LAM1158,program_6,EIF4B,1.1489278078079224,8,6,0,626
broad_lam_like,LAM1158,program_6,RPS6,1.140902042388916,9,6,0,626
broad_lam_like,LAM1158,program_6,PTGDS,1.1124835014343262,10,6,0,626
broad_lam_like,LAM1158,program_6,TREM2,1.1025587320327759,11,6,0,626
broad_lam_like,LAM1158,program_6,CCL4L2,1.0646963119506836,12,6,0,626
broad_lam_like,LAM1158,program_6,MYH11,1.0491479635238647,13,6,0,626
broad_lam_like,LAM1158,program_6,SLC34A2,1.0461143255233765,14,6,0,626
broad_lam_like,LAM1158,program_6,GPR65,1.0326972007751465,15,6,0,626
broad_lam_like,LAM1158,program_6,HIF1A,1.026870846748352,16,6,0,626
broad_lam_like,LAM1158,program_6,ATPIF1,1.0233914852142334,17,6,0,626
broad_lam_like,LAM1158,program_6,TNFAIP3,1.0229853391647339,18,6,0,626
broad_lam_like,LAM1158,program_6,IL32,1.0202398300170898,19,6,0,626
broad_lam_like,LAM1158,program_6,HSPA1A,1.0149171352386475,20,6,0,626
broad_lam_like,LAM1158,program_6,EIF4E,0.9848856925964355,21,6,0,626
broad_lam_like,LAM1158,program_6,N4BP2L2,0.9688596129417419,22,6,0,626
broad_lam_like,LAM1158,program_6,NFAT5,0.9667345881462097,23,6,0,626
broad_lam_like,LAM1158,program_6,PABPN1,0.9578384757041931,24,6,0,626
broad_lam_like,LAM1158,program_6,CALM1,0.9527581334114075,25,6,0,626
broad_lam_like,LAM1158,program_6,ANXA5,0.9525359272956848,26,6,0,626
broad_lam_like,LAM1158,program_6,SELK,0.9496427774429321,27,6,0,626
broad_lam_like,LAM1158,program_6,HMGN1,0.9468852281570435,28,6,0,626
broad_lam_like,LAM1158,program_6,RBBP6,0.9311510920524597,29,6,0,626
broad_lam_like,LAM1158,program_6,KLRB1,0.9302805662155151,30,6,0,626
broad_lam_like,LAM1158,program_6,PPP1R15A,0.9068593978881836,31,6,0,626
broad_lam_like,LAM1158,program_6,PPIB,0.905710756778717,32,6,0,626
broad_lam_like,LAM1158,program_6,TAGLN2,0.8982853293418884,33,6,0,626
broad_lam_like,LAM1158,program_6,STAT1,0.8933327198028564,34,6,0,626
broad_lam_like,LAM1158,program_6,CD55,0.8773208856582642,35,6,0,626
broad_lam_like,LAM1158,program_6,ATP6V0B,0.8718197345733643,36,6,0,626
broad_lam_like,LAM1158,program_6,CFL1,0.8670446872711182,37,6,0,626
broad_lam_like,LAM1158,program_6,ARHGDIB,0.8515040874481201,38,6,0,626
broad_lam_like,LAM1158,program_6,CCL2,0.8500043153762817,39,6,0,626
broad_lam_like,LAM1158,program_6,ZFAND5,0.847001850605011,40,6,0,626
broad_lam_like,LAM1158,program_6,EMP3,0.8395509123802185,41,6,0,626
broad_lam_like,LAM1158,program_6,HSP90AB1,0.8385496139526367,42,6,0,626
broad_lam_like,LAM1158,program_6,RBM3,0.8377426266670227,43,6,0,626
broad_lam_like,LAM1158,program_6,ATP5E,0.8346254825592041,44,6,0,626
broad_lam_like,LAM1158,program_6,YWHAH,0.8323381543159485,45,6,0,626
broad_lam_like,LAM1158,program_6,BRD2,0.8230677247047424,46,6,0,626
broad_lam_like,LAM1158,program_6,FN1,0.8203350305557251,47,6,0,626
broad_lam_like,LAM1158,program_6,PTMS,0.8190199136734009,48,6,0,626
broad_lam_like,LAM1158,program_6,TMSB10,0.8179298639297485,49,6,0,626
broad_lam_like,LAM1158,program_6,LY6E,0.809707760810852,50,6,0,626
broad_lam_like,LAM1163,program_1,TSPO,2.0734732151031494,1,6,0,1500
broad_lam_like,LAM1163,program_1,GDI2,1.8234797716140747,2,6,0,1500
broad_lam_like,LAM1163,program_1,ARHGDIB,1.7737643718719482,3,6,0,1500
broad_lam_like,LAM1163,program_1,BRD2,1.6567349433898926,4,6,0,1500
broad_lam_like,LAM1163,program_1,SARAF,1.5748425722122192,5,6,0,1500
broad_lam_like,LAM1163,program_1,RPL3,1.5725876092910767,6,6,0,1500
broad_lam_like,LAM1163,program_1,TUBB4B,1.555375576019287,7,6,0,1500
broad_lam_like,LAM1163,program_1,AES,1.5467880964279175,8,6,0,1500
broad_lam_like,LAM1163,program_1,RPLP0,1.535829782485962,9,6,0,1500
broad_lam_like,LAM1163,program_1,CD63,1.522057294845581,10,6,0,1500
broad_lam_like,LAM1163,program_1,ITM2B,1.4898549318313599,11,6,0,1500
broad_lam_like,LAM1163,program_1,CXCR4,1.4783557653427124,12,6,0,1500
broad_lam_like,LAM1163,program_1,CALM1,1.4747709035873413,13,6,0,1500
broad_lam_like,LAM1163,program_1,CFL1,1.4612658023834229,14,6,0,1500
broad_lam_like,LAM1163,program_1,HLA-DQA1,1.4403492212295532,15,6,0,1500
broad_lam_like,LAM1163,program_1,GPNMB,1.440330147743225,16,6,0,1500
broad_lam_like,LAM1163,program_1,HSPD1,1.4294310808181763,17,6,0,1500
broad_lam_like,LAM1163,program_1,TUBA1B,1.4241020679473877,18,6,0,1500
broad_lam_like,LAM1163,program_1,PTGDS,1.42393159866333,19,6,0,1500
broad_lam_like,LAM1163,program_1,CD55,1.422715425491333,20,6,0,1500
broad_lam_like,LAM1163,program_1,CD9,1.4208149909973145,21,6,0,1500
broad_lam_like,LAM1163,program_1,PTP4A1,1.4148954153060913,22,6,0,1500
broad_lam_like,LAM1163,program_1,GLRX,1.3061816692352295,23,6,0,1500
broad_lam_like,LAM1163,program_1,GPX4,1.305009126663208,24,6,0,1500
broad_lam_like,LAM1163,program_1,IL7R,1.3036131858825684,25,6,0,1500
broad_lam_like,LAM1163,program_1,TUBA4A,1.2976288795471191,26,6,0,1500
broad_lam_like,LAM1163,program_1,MYH11,1.2841702699661255,27,6,0,1500
broad_lam_like,LAM1163,program_1,CLIC1,1.2750765085220337,28,6,0,1500
broad_lam_like,LAM1163,program_1,TREM2,1.26462984085083,29,6,0,1500
broad_lam_like,LAM1163,program_1,PTPRC,1.2439591884613037,30,6,0,1500
broad_lam_like,LAM1163,program_1,CCL2,1.24349844455719,31,6,0,1500
broad_lam_like,LAM1163,program_1,RPS6,1.2178057432174683,32,6,0,1500
broad_lam_like,LAM1163,program_1,CTSZ,1.2100883722305298,33,6,0,1500
broad_lam_like,LAM1163,program_1,EMP3,1.2090349197387695,34,6,0,1500
broad_lam_like,LAM1163,program_1,SMAD2,1.1972379684448242,35,6,0,1500
broad_lam_like,LAM1163,program_1,ARPC2,1.1916074752807617,36,6,0,1500
broad_lam_like,LAM1163,program_1,DES,1.1639463901519775,37,6,0,1500
broad_lam_like,LAM1163,program_1,CITED2,1.1599936485290527,38,6,0,1500
broad_lam_like,LAM1163,program_1,DYNLL1,1.1543694734573364,39,6,0,1500
broad_lam_like,LAM1163,program_1,GDF15,1.1530178785324097,40,6,0,1500
broad_lam_like,LAM1163,program_1,STAT1,1.1528229713439941,41,6,0,1500
broad_lam_like,LAM1163,program_1,SAP18,1.1484612226486206,42,6,0,1500
broad_lam_like,LAM1163,program_1,SLC2A3,1.1450711488723755,43,6,0,1500
broad_lam_like,LAM1163,program_1,TOMM7,1.1441603899002075,44,6,0,1500
broad_lam_like,LAM1163,program_1,EEF2,1.1409958600997925,45,6,0,1500
broad_lam_like,LAM1163,program_1,SRRM2,1.1085931062698364,46,6,0,1500
broad_lam_like,LAM1163,program_1,OAZ1,1.0989787578582764,47,6,0,1500
broad_lam_like,LAM1163,program_1,CCNI,1.0770682096481323,48,6,0,1500
broad_lam_like,LAM1163,program_1,KRTCAP2,1.072043776512146,49,6,0,1500
broad_lam_like,LAM1163,program_1,FYB,1.069191575050354,50,6,0,1500
broad_lam_like,LAM1163,program_2,TSPO,1.751287579536438,1,6,0,1500
broad_lam_like,LAM1163,program_2,GZMB,1.3759068250656128,2,6,0,1500
broad_lam_like,LAM1163,program_2,COX6A1,1.2845451831817627,3,6,0,1500
broad_lam_like,LAM1163,program_2,STAT1,1.2776288986206055,4,6,0,1500
broad_lam_like,LAM1163,program_2,DDIT4,1.2628501653671265,5,6,0,1500
broad_lam_like,LAM1163,program_2,KLRB1,1.199874997138977,6,6,0,1500
broad_lam_like,LAM1163,program_2,PABPC1,1.1362833976745605,7,6,0,1500
broad_lam_like,LAM1163,program_2,MGP,1.0875154733657837,8,6,0,1500
broad_lam_like,LAM1163,program_2,ACTR3,1.0773180723190308,9,6,0,1500
broad_lam_like,LAM1163,program_2,CD63,1.0498454570770264,10,6,0,1500
broad_lam_like,LAM1163,program_2,BHLHE40,1.0442448854446411,11,6,0,1500
broad_lam_like,LAM1163,program_2,TBCA,1.0354421138763428,12,6,0,1500
broad_lam_like,LAM1163,program_2,VCAN,1.0334513187408447,13,6,0,1500
broad_lam_like,LAM1163,program_2,CFL1,1.0334192514419556,14,6,0,1500
broad_lam_like,LAM1163,program_2,DPPA4,1.0121004581451416,15,6,0,1500
broad_lam_like,LAM1163,program_2,KLF2,0.9999377131462097,16,6,0,1500
broad_lam_like,LAM1163,program_2,CCL2,0.9885631799697876,17,6,0,1500
broad_lam_like,LAM1163,program_2,SH2D2A,0.9519548416137695,18,6,0,1500
broad_lam_like,LAM1163,program_2,MYL6,0.9467362761497498,19,6,0,1500
broad_lam_like,LAM1163,program_2,GPCPD1,0.9267231225967407,20,6,0,1500
broad_lam_like,LAM1163,program_2,GDI2,0.919764518737793,21,6,0,1500
broad_lam_like,LAM1163,program_2,MITF,0.9183217287063599,22,6,0,1500
broad_lam_like,LAM1163,program_2,HSPD1,0.9142315983772278,23,6,0,1500
broad_lam_like,LAM1163,program_2,BRD2,0.9046110510826111,24,6,0,1500
broad_lam_like,LAM1163,program_2,EEF2,0.8957582116127014,25,6,0,1500
broad_lam_like,LAM1163,program_2,PTP4A1,0.8957458734512329,26,6,0,1500
broad_lam_like,LAM1163,program_2,ARHGDIB,0.891106903553009,27,6,0,1500
broad_lam_like,LAM1163,program_2,RPLP0,0.8845217823982239,28,6,0,1500
broad_lam_like,LAM1163,program_2,MORF4L1,0.8679903149604797,29,6,0,1500
broad_lam_like,LAM1163,program_2,MMP12,0.8572324514389038,30,6,0,1500
broad_lam_like,LAM1163,program_2,NFKBIA,0.8509644269943237,31,6,0,1500
broad_lam_like,LAM1163,program_2,COL1A2,0.843197226524353,32,6,0,1500
broad_lam_like,LAM1163,program_2,AC090498.1,0.8287500739097595,33,6,0,1500
broad_lam_like,LAM1163,program_2,IGF1R,0.8272385597229004,34,6,0,1500
broad_lam_like,LAM1163,program_2,MMP2,0.816051185131073,35,6,0,1500
broad_lam_like,LAM1163,program_2,ZNF331,0.8022711277008057,36,6,0,1500
broad_lam_like,LAM1163,program_2,AES,0.7880045175552368,37,6,0,1500
broad_lam_like,LAM1163,program_2,TUBA4A,0.786497950553894,38,6,0,1500
broad_lam_like,LAM1163,program_2,SELK,0.7862597107887268,39,6,0,1500
broad_lam_like,LAM1163,program_2,IER3,0.7818499803543091,40,6,0,1500
broad_lam_like,LAM1163,program_2,MYH11,0.7709240913391113,41,6,0,1500
broad_lam_like,LAM1163,program_2,GREB1,0.7640875577926636,42,6,0,1500
broad_lam_like,LAM1163,program_2,SMAD2,0.7625113725662231,43,6,0,1500
broad_lam_like,LAM1163,program_2,TREM2,0.7572833895683289,44,6,0,1500
broad_lam_like,LAM1163,program_2,HOXA9,0.7525505423545837,45,6,0,1500
broad_lam_like,LAM1163,program_2,PROM1,0.7430020570755005,46,6,0,1500
broad_lam_like,LAM1163,program_2,ALDOA,0.7395524382591248,47,6,0,1500
broad_lam_like,LAM1163,program_2,RNF10,0.7363792657852173,48,6,0,1500
broad_lam_like,LAM1163,program_2,VDAC3,0.7269860506057739,49,6,0,1500
broad_lam_like,LAM1163,program_2,COL4A1,0.7263246774673462,50,6,0,1500
broad_lam_like,LAM1163,program_3,GDI2,2.510401725769043,1,6,0,1500
broad_lam_like,LAM1163,program_3,RPL5,2.4766156673431396,2,6,0,1500
broad_lam_like,LAM1163,program_3,C7,2.4702775478363037,3,6,0,1500
broad_lam_like,LAM1163,program_3,MTOR,2.2780098915100098,4,6,0,1500
broad_lam_like,LAM1163,program_3,BRD2,1.9739049673080444,5,6,0,1500
broad_lam_like,LAM1163,program_3,SMAD3,1.9057787656784058,6,6,0,1500
broad_lam_like,LAM1163,program_3,TUBA1B,1.7771259546279907,7,6,0,1500
broad_lam_like,LAM1163,program_3,RPLP0,1.7362253665924072,8,6,0,1500
broad_lam_like,LAM1163,program_3,NENF,1.7273629903793335,9,6,0,1500
broad_lam_like,LAM1163,program_3,SLC2A3,1.6669342517852783,10,6,0,1500
broad_lam_like,LAM1163,program_3,PTP4A1,1.647291898727417,11,6,0,1500
broad_lam_like,LAM1163,program_3,PTPRC,1.5951638221740723,12,6,0,1500
broad_lam_like,LAM1163,program_3,PROM1,1.5043754577636719,13,6,0,1500
broad_lam_like,LAM1163,program_3,SRSF7,1.4970991611480713,14,6,0,1500
broad_lam_like,LAM1163,program_3,MYH11,1.4712576866149902,15,6,0,1500
broad_lam_like,LAM1163,program_3,TREM2,1.4038034677505493,16,6,0,1500
broad_lam_like,LAM1163,program_3,CTSZ,1.3720706701278687,17,6,0,1500
broad_lam_like,LAM1163,program_3,GDF15,1.3653541803359985,18,6,0,1500
broad_lam_like,LAM1163,program_3,RPS6,1.3409379720687866,19,6,0,1500
broad_lam_like,LAM1163,program_3,AES,1.3086391687393188,20,6,0,1500
broad_lam_like,LAM1163,program_3,IGF1R,1.279672384262085,21,6,0,1500
broad_lam_like,LAM1163,program_3,HLA-DQA1,1.2612879276275635,22,6,0,1500
broad_lam_like,LAM1163,program_3,GZMB,1.24955415725708,23,6,0,1500
broad_lam_like,LAM1163,program_3,ARHGDIB,1.2492308616638184,24,6,0,1500
broad_lam_like,LAM1163,program_3,TGFBR2,1.2209113836288452,25,6,0,1500
broad_lam_like,LAM1163,program_3,TGFB1,1.2199277877807617,26,6,0,1500
broad_lam_like,LAM1163,program_3,SFTPD,1.2060741186141968,27,6,0,1500
broad_lam_like,LAM1163,program_3,HSP90B1,1.1906845569610596,28,6,0,1500
broad_lam_like,LAM1163,program_3,SRSF2,1.1853469610214233,29,6,0,1500
broad_lam_like,LAM1163,program_3,RTN4,1.1525614261627197,30,6,0,1500
broad_lam_like,LAM1163,program_3,MYL12A,1.1345523595809937,31,6,0,1500
broad_lam_like,LAM1163,program_3,HMGN2,1.0948693752288818,32,6,0,1500
broad_lam_like,LAM1163,program_3,SLC38A2,1.0818564891815186,33,6,0,1500
broad_lam_like,LAM1163,program_3,XCL1,1.081807017326355,34,6,0,1500
broad_lam_like,LAM1163,program_3,MUC1,1.0721750259399414,35,6,0,1500
broad_lam_like,LAM1163,program_3,HINT1,1.062193512916565,36,6,0,1500
broad_lam_like,LAM1163,program_3,MAP1LC3B,1.057913899421692,37,6,0,1500
broad_lam_like,LAM1163,program_3,NDUFA4,1.0576809644699097,38,6,0,1500
broad_lam_like,LAM1163,program_3,TSPO,1.0528104305267334,39,6,0,1500
broad_lam_like,LAM1163,program_3,HSP90AB1,1.0522433519363403,40,6,0,1500
broad_lam_like,LAM1163,program_3,SNRPD2,1.040579080581665,41,6,0,1500
broad_lam_like,LAM1163,program_3,TUBB4B,1.0341349840164185,42,6,0,1500
broad_lam_like,LAM1163,program_3,CFL1,0.9754503965377808,43,6,0,1500
broad_lam_like,LAM1163,program_3,EIF4A1,0.9752511382102966,44,6,0,1500
broad_lam_like,LAM1163,program_3,GABARAP,0.9749308824539185,45,6,0,1500
broad_lam_like,LAM1163,program_3,EGLN3,0.9736257195472717,46,6,0,1500
broad_lam_like,LAM1163,program_3,TUBA4A,0.9667624831199646,47,6,0,1500
broad_lam_like,LAM1163,program_3,APOE,0.9656676650047302,48,6,0,1500
broad_lam_like,LAM1163,program_3,ARPC2,0.9547751545906067,49,6,0,1500
broad_lam_like,LAM1163,program_3,IRF1,0.9481927752494812,50,6,0,1500
broad_lam_like,LAM1163,program_4,BCL2L1,5.462778091430664,1,6,0,1500
broad_lam_like,LAM1163,program_4,SFTPA1,3.868169069290161,2,6,0,1500
broad_lam_like,LAM1163,program_4,TSPO,3.630349636077881,3,6,0,1500
broad_lam_like,LAM1163,program_4,COL1A1,3.5069849491119385,4,6,0,1500
broad_lam_like,LAM1163,program_4,GDI2,2.9834296703338623,5,6,0,1500
broad_lam_like,LAM1163,program_4,PTP4A1,2.6166882514953613,6,6,0,1500
broad_lam_like,LAM1163,program_4,RPS3,2.3904426097869873,7,6,0,1500
broad_lam_like,LAM1163,program_4,MYH11,2.308063507080078,8,6,0,1500
broad_lam_like,LAM1163,program_4,NFKBIA,2.2626829147338867,9,6,0,1500
broad_lam_like,LAM1163,program_4,CCL2,2.2476420402526855,10,6,0,1500
broad_lam_like,LAM1163,program_4,RPLP0,2.2423126697540283,11,6,0,1500
broad_lam_like,LAM1163,program_4,TREM2,2.1701743602752686,12,6,0,1500
broad_lam_like,LAM1163,program_4,HLA-E,2.1508803367614746,13,6,0,1500
broad_lam_like,LAM1163,program_4,STAT1,2.101412296295166,14,6,0,1500
broad_lam_like,LAM1163,program_4,MT1E,2.084563970565796,15,6,0,1500
broad_lam_like,LAM1163,program_4,IGFBP7,2.0101709365844727,16,6,0,1500
broad_lam_like,LAM1163,program_4,RPS6,1.9996833801269531,17,6,0,1500
broad_lam_like,LAM1163,program_4,CTSZ,1.9811183214187622,18,6,0,1500
broad_lam_like,LAM1163,program_4,PROM1,1.9300814867019653,19,6,0,1500
broad_lam_like,LAM1163,program_4,BRD2,1.8965489864349365,20,6,0,1500
broad_lam_like,LAM1163,program_4,TUBA4A,1.8683654069900513,21,6,0,1500
broad_lam_like,LAM1163,program_4,GDF15,1.8248876333236694,22,6,0,1500
broad_lam_like,LAM1163,program_4,RHOB,1.82099449634552,23,6,0,1500
broad_lam_like,LAM1163,program_4,EEF2,1.8090564012527466,24,6,0,1500
broad_lam_like,LAM1163,program_4,ARHGDIB,1.8041002750396729,25,6,0,1500
broad_lam_like,LAM1163,program_4,IL32,1.8023319244384766,26,6,0,1500
broad_lam_like,LAM1163,program_4,ATP5G2,1.7996958494186401,27,6,0,1500
broad_lam_like,LAM1163,program_4,AES,1.7827110290527344,28,6,0,1500
broad_lam_like,LAM1163,program_4,HSPD1,1.7313413619995117,29,6,0,1500
broad_lam_like,LAM1163,program_4,RTN4,1.7235654592514038,30,6,0,1500
broad_lam_like,LAM1163,program_4,TUBB4B,1.7086678743362427,31,6,0,1500
broad_lam_like,LAM1163,program_4,REL,1.6908738613128662,32,6,0,1500
broad_lam_like,LAM1163,program_4,SRSF7,1.6710079908370972,33,6,0,1500
broad_lam_like,LAM1163,program_4,GAPDH,1.6579563617706299,34,6,0,1500
broad_lam_like,LAM1163,program_4,RPL3,1.6354724168777466,35,6,0,1500
broad_lam_like,LAM1163,program_4,HLA-DQA1,1.5878726243972778,36,6,0,1500
broad_lam_like,LAM1163,program_4,SDCBP,1.5813509225845337,37,6,0,1500
broad_lam_like,LAM1163,program_4,CD63,1.5534740686416626,38,6,0,1500
broad_lam_like,LAM1163,program_4,CYR61,1.5287189483642578,39,6,0,1500
broad_lam_like,LAM1163,program_4,CCNI,1.508297085762024,40,6,0,1500
broad_lam_like,LAM1163,program_4,MUC1,1.5037237405776978,41,6,0,1500
broad_lam_like,LAM1163,program_4,PPIB,1.5030311346054077,42,6,0,1500
broad_lam_like,LAM1163,program_4,SELK,1.4921526908874512,43,6,0,1500
broad_lam_like,LAM1163,program_4,HSPE1,1.4855735301971436,44,6,0,1500
broad_lam_like,LAM1163,program_4,CYTIP,1.4756125211715698,45,6,0,1500
broad_lam_like,LAM1163,program_4,CXCL17,1.4640419483184814,46,6,0,1500
broad_lam_like,LAM1163,program_4,ITM2B,1.4183452129364014,47,6,0,1500
broad_lam_like,LAM1163,program_4,FCGRT,1.4088095426559448,48,6,0,1500
broad_lam_like,LAM1163,program_4,FLNA,1.3971660137176514,49,6,0,1500
broad_lam_like,LAM1163,program_4,GABARAP,1.3938089609146118,50,6,0,1500
broad_lam_like,LAM1163,program_5,TSPO,2.853585720062256,1,6,0,1500
broad_lam_like,LAM1163,program_5,ARHGDIB,2.389314651489258,2,6,0,1500
broad_lam_like,LAM1163,program_5,GDI2,2.296220302581787,3,6,0,1500
broad_lam_like,LAM1163,program_5,MYH11,1.9469534158706665,4,6,0,1500
broad_lam_like,LAM1163,program_5,HSPD1,1.8975942134857178,5,6,0,1500
broad_lam_like,LAM1163,program_5,CD63,1.8207213878631592,6,6,0,1500
broad_lam_like,LAM1163,program_5,RPLP0,1.8079606294631958,7,6,0,1500
broad_lam_like,LAM1163,program_5,CTSZ,1.7789332866668701,8,6,0,1500
broad_lam_like,LAM1163,program_5,AES,1.7623568773269653,9,6,0,1500
broad_lam_like,LAM1163,program_5,PTP4A1,1.7249051332473755,10,6,0,1500
broad_lam_like,LAM1163,program_5,BRD2,1.66909921169281,11,6,0,1500
broad_lam_like,LAM1163,program_5,TUBA4A,1.50979745388031,12,6,0,1500
broad_lam_like,LAM1163,program_5,PROM1,1.457360863685608,13,6,0,1500
broad_lam_like,LAM1163,program_5,RPS6,1.4501968622207642,14,6,0,1500
broad_lam_like,LAM1163,program_5,HLA-DQB1,1.4415017366409302,15,6,0,1500
broad_lam_like,LAM1163,program_5,SRSF7,1.418448567390442,16,6,0,1500
broad_lam_like,LAM1163,program_5,GDF15,1.4181797504425049,17,6,0,1500
broad_lam_like,LAM1163,program_5,WFDC2,1.3870571851730347,18,6,0,1500
broad_lam_like,LAM1163,program_5,LITAF,1.353869915008545,19,6,0,1500
broad_lam_like,LAM1163,program_5,TREM2,1.3437855243682861,20,6,0,1500
broad_lam_like,LAM1163,program_5,SLC34A2,1.2979917526245117,21,6,0,1500
broad_lam_like,LAM1163,program_5,COL6A2,1.288832187652588,22,6,0,1500
broad_lam_like,LAM1163,program_5,MALAT1,1.2847964763641357,23,6,0,1500
broad_lam_like,LAM1163,program_5,STAT1,1.2844200134277344,24,6,0,1500
broad_lam_like,LAM1163,program_5,RTN4,1.282813549041748,25,6,0,1500
broad_lam_like,LAM1163,program_5,CTSH,1.2431435585021973,26,6,0,1500
broad_lam_like,LAM1163,program_5,HSPA8,1.2322808504104614,27,6,0,1500
broad_lam_like,LAM1163,program_5,FLNA,1.2262520790100098,28,6,0,1500
broad_lam_like,LAM1163,program_5,NFKBIA,1.2109042406082153,29,6,0,1500
broad_lam_like,LAM1163,program_5,MCL1,1.197621464729309,30,6,0,1500
broad_lam_like,LAM1163,program_5,YPEL5,1.184888243675232,31,6,0,1500
broad_lam_like,LAM1163,program_5,ZNF331,1.1847739219665527,32,6,0,1500
broad_lam_like,LAM1163,program_5,EEF2,1.1338589191436768,33,6,0,1500
broad_lam_like,LAM1163,program_5,LGALS3,1.132824420928955,34,6,0,1500
broad_lam_like,LAM1163,program_5,SLC2A3,1.128874659538269,35,6,0,1500
broad_lam_like,LAM1163,program_5,CD7,1.0974419116973877,36,6,0,1500
broad_lam_like,LAM1163,program_5,HNRNPA2B1,1.0901376008987427,37,6,0,1500
broad_lam_like,LAM1163,program_5,CD55,1.0797985792160034,38,6,0,1500
broad_lam_like,LAM1163,program_5,PPDPF,1.0429052114486694,39,6,0,1500
broad_lam_like,LAM1163,program_5,CTSC,1.0230849981307983,40,6,0,1500
broad_lam_like,LAM1163,program_5,HINT1,1.0224648714065552,41,6,0,1500
broad_lam_like,LAM1163,program_5,CFL1,1.0143240690231323,42,6,0,1500
broad_lam_like,LAM1163,program_5,SARAF,0.9923635125160217,43,6,0,1500
broad_lam_like,LAM1163,program_5,STAT3,0.9869539737701416,44,6,0,1500
broad_lam_like,LAM1163,program_5,TUBB4B,0.9734888076782227,45,6,0,1500
broad_lam_like,LAM1163,program_5,HLA-DQA1,0.9652048945426941,46,6,0,1500
broad_lam_like,LAM1163,program_5,MUC1,0.9522128701210022,47,6,0,1500
broad_lam_like,LAM1163,program_5,IL7R,0.9489439129829407,48,6,0,1500
broad_lam_like,LAM1163,program_5,ATP6V0C,0.9465132355690002,49,6,0,1500
broad_lam_like,LAM1163,program_5,CITED2,0.9394544363021851,50,6,0,1500
broad_lam_like,LAM1163,program_6,CD63,2.0022642612457275,1,6,0,1500
broad_lam_like,LAM1163,program_6,BRD2,1.8555365800857544,2,6,0,1500
broad_lam_like,LAM1163,program_6,GDI2,1.835742712020874,3,6,0,1500
broad_lam_like,LAM1163,program_6,TSPO,1.7540360689163208,4,6,0,1500
broad_lam_like,LAM1163,program_6,DCN,1.7486498355865479,5,6,0,1500
broad_lam_like,LAM1163,program_6,ARHGDIB,1.6661427021026611,6,6,0,1500
broad_lam_like,LAM1163,program_6,PTP4A1,1.6236605644226074,7,6,0,1500
broad_lam_like,LAM1163,program_6,SLC2A3,1.589520812034607,8,6,0,1500
broad_lam_like,LAM1163,program_6,RPLP0,1.5886869430541992,9,6,0,1500
broad_lam_like,LAM1163,program_6,AES,1.401329755783081,10,6,0,1500
broad_lam_like,LAM1163,program_6,CTSB,1.3970175981521606,11,6,0,1500
broad_lam_like,LAM1163,program_6,TREM2,1.3860410451889038,12,6,0,1500
broad_lam_like,LAM1163,program_6,MYL12A,1.378838062286377,13,6,0,1500
broad_lam_like,LAM1163,program_6,CTSZ,1.3502618074417114,14,6,0,1500
broad_lam_like,LAM1163,program_6,TAGLN2,1.3370335102081299,15,6,0,1500
broad_lam_like,LAM1163,program_6,MYH11,1.2958993911743164,16,6,0,1500
broad_lam_like,LAM1163,program_6,HLA-DQA1,1.2933526039123535,17,6,0,1500
broad_lam_like,LAM1163,program_6,TUBA4A,1.2637913227081299,18,6,0,1500
broad_lam_like,LAM1163,program_6,RAC2,1.260509729385376,19,6,0,1500
broad_lam_like,LAM1163,program_6,LITAF,1.258521556854248,20,6,0,1500
broad_lam_like,LAM1163,program_6,CCL14,1.2382956743240356,21,6,0,1500
broad_lam_like,LAM1163,program_6,TUBA1B,1.2202922105789185,22,6,0,1500
broad_lam_like,LAM1163,program_6,HSPD1,1.2191234827041626,23,6,0,1500
broad_lam_like,LAM1163,program_6,PGR,1.216137409210205,24,6,0,1500
broad_lam_like,LAM1163,program_6,ICAM1,1.1868027448654175,25,6,0,1500
broad_lam_like,LAM1163,program_6,IL7R,1.1771034002304077,26,6,0,1500
broad_lam_like,LAM1163,program_6,TIMP2,1.1758449077606201,27,6,0,1500
broad_lam_like,LAM1163,program_6,SRSF7,1.151441216468811,28,6,0,1500
broad_lam_like,LAM1163,program_6,RPS6,1.1415635347366333,29,6,0,1500
broad_lam_like,LAM1163,program_6,STAT1,1.1395740509033203,30,6,0,1500
broad_lam_like,LAM1163,program_6,SOD2,1.1332881450653076,31,6,0,1500
broad_lam_like,LAM1163,program_6,DCT,1.1330761909484863,32,6,0,1500
broad_lam_like,LAM1163,program_6,APOE,1.1301312446594238,33,6,0,1500
broad_lam_like,LAM1163,program_6,CFL1,1.1257997751235962,34,6,0,1500
broad_lam_like,LAM1163,program_6,DDIT4,1.1193848848342896,35,6,0,1500
broad_lam_like,LAM1163,program_6,ARPC2,1.1162856817245483,36,6,0,1500
broad_lam_like,LAM1163,program_6,RTN4,1.0915709733963013,37,6,0,1500
broad_lam_like,LAM1163,program_6,FLNA,1.0877563953399658,38,6,0,1500
broad_lam_like,LAM1163,program_6,MCL1,1.0829582214355469,39,6,0,1500
broad_lam_like,LAM1163,program_6,PROM1,1.0676754713058472,40,6,0,1500
broad_lam_like,LAM1163,program_6,TMSB10,1.0405809879302979,41,6,0,1500
broad_lam_like,LAM1163,program_6,EIF4EBP1,1.0320274829864502,42,6,0,1500
broad_lam_like,LAM1163,program_6,HMGB1,1.0283081531524658,43,6,0,1500
broad_lam_like,LAM1163,program_6,YBX1,1.0244925022125244,44,6,0,1500
broad_lam_like,LAM1163,program_6,PPP1R15A,1.021242380142212,45,6,0,1500
broad_lam_like,LAM1163,program_6,DES,1.0186916589736938,46,6,0,1500
broad_lam_like,LAM1163,program_6,RGS2,1.0089865922927856,47,6,0,1500
broad_lam_like,LAM1163,program_6,MUC1,1.0081714391708374,48,6,0,1500
broad_lam_like,LAM1163,program_6,UBC,1.0042383670806885,49,6,0,1500
broad_lam_like,LAM1163,program_6,SQSTM1,1.0040489435195923,50,6,0,1500
broad_lam_like,LAM1164,program_1,HSP90AA1,3.312683582305908,1,5,0,1500
broad_lam_like,LAM1164,program_1,LMNA,3.008164405822754,2,5,0,1500
broad_lam_like,LAM1164,program_1,PGR,2.9857394695281982,3,5,0,1500
broad_lam_like,LAM1164,program_1,MALAT1,2.8993654251098633,4,5,0,1500
broad_lam_like,LAM1164,program_1,NAMPT,2.8942794799804688,5,5,0,1500
broad_lam_like,LAM1164,program_1,TPM2,2.7704591751098633,6,5,0,1500
broad_lam_like,LAM1164,program_1,HLA-A,2.755523920059204,7,5,0,1500
broad_lam_like,LAM1164,program_1,CTGF,2.6454458236694336,8,5,0,1500
broad_lam_like,LAM1164,program_1,HNRNPA2B1,2.5563950538635254,9,5,0,1500
broad_lam_like,LAM1164,program_1,TPI1,2.5468974113464355,10,5,0,1500
broad_lam_like,LAM1164,program_1,APOE,2.5425291061401367,11,5,0,1500
broad_lam_like,LAM1164,program_1,PRDX5,2.5154829025268555,12,5,0,1500
broad_lam_like,LAM1164,program_1,IL1B,2.499938488006592,13,5,0,1500
broad_lam_like,LAM1164,program_1,TAGLN2,2.469635009765625,14,5,0,1500
broad_lam_like,LAM1164,program_1,MYL12A,2.4506235122680664,15,5,0,1500
broad_lam_like,LAM1164,program_1,OAZ1,2.390249252319336,16,5,0,1500
broad_lam_like,LAM1164,program_1,SERPING1,2.357922077178955,17,5,0,1500
broad_lam_like,LAM1164,program_1,HLA-E,2.35365629196167,18,5,0,1500
broad_lam_like,LAM1164,program_1,MCEMP1,2.340428352355957,19,5,0,1500
broad_lam_like,LAM1164,program_1,GAPDH,2.3329834938049316,20,5,0,1500
broad_lam_like,LAM1164,program_1,TXN,2.3259847164154053,21,5,0,1500
broad_lam_like,LAM1164,program_1,BIRC3,2.3132951259613037,22,5,0,1500
broad_lam_like,LAM1164,program_1,ELF3,2.277899742126465,23,5,0,1500
broad_lam_like,LAM1164,program_1,RHOB,2.2747209072113037,24,5,0,1500
broad_lam_like,LAM1164,program_1,CXCL3,2.24975848197937,25,5,0,1500
broad_lam_like,LAM1164,program_1,UBC,2.2336537837982178,26,5,0,1500
broad_lam_like,LAM1164,program_1,LST1,2.2266266345977783,27,5,0,1500
broad_lam_like,LAM1164,program_1,CITED2,2.2229490280151367,28,5,0,1500
broad_lam_like,LAM1164,program_1,ACTG1,2.221050262451172,29,5,0,1500
broad_lam_like,LAM1164,program_1,GRN,2.185662031173706,30,5,0,1500
broad_lam_like,LAM1164,program_1,SFPQ,2.1822779178619385,31,5,0,1500
broad_lam_like,LAM1164,program_1,GZMB,2.1519646644592285,32,5,0,1500
broad_lam_like,LAM1164,program_1,DCN,2.1204235553741455,33,5,0,1500
broad_lam_like,LAM1164,program_1,CD3E,2.105354070663452,34,5,0,1500
broad_lam_like,LAM1164,program_1,ARPC3,2.075016498565674,35,5,0,1500
broad_lam_like,LAM1164,program_1,S100A9,2.0431230068206787,36,5,0,1500
broad_lam_like,LAM1164,program_1,MCL1,2.0241265296936035,37,5,0,1500
broad_lam_like,LAM1164,program_1,RPS3,1.9970134496688843,38,5,0,1500
broad_lam_like,LAM1164,program_1,PGC,1.9958570003509521,39,5,0,1500
broad_lam_like,LAM1164,program_1,FBP1,1.989384412765503,40,5,0,1500
broad_lam_like,LAM1164,program_1,YBX1,1.979819416999817,41,5,0,1500
broad_lam_like,LAM1164,program_1,AQP3,1.9661033153533936,42,5,0,1500
broad_lam_like,LAM1164,program_1,UBA52,1.9490621089935303,43,5,0,1500
broad_lam_like,LAM1164,program_1,GUK1,1.9388049840927124,44,5,0,1500
broad_lam_like,LAM1164,program_1,TOP1,1.8710448741912842,45,5,0,1500
broad_lam_like,LAM1164,program_1,EZR,1.8698060512542725,46,5,0,1500
broad_lam_like,LAM1164,program_1,SAMHD1,1.8611416816711426,47,5,0,1500
broad_lam_like,LAM1164,program_1,ZNF331,1.859481930732727,48,5,0,1500
broad_lam_like,LAM1164,program_1,ZEB2,1.8581899404525757,49,5,0,1500
broad_lam_like,LAM1164,program_1,MORF4L1,1.8247802257537842,50,5,0,1500
broad_lam_like,LAM1164,program_2,H2AFZ,1.618351936340332,1,5,0,1500
broad_lam_like,LAM1164,program_2,LAMTOR1,1.5893065929412842,2,5,0,1500
broad_lam_like,LAM1164,program_2,PPP1R15A,1.2199448347091675,3,5,0,1500
broad_lam_like,LAM1164,program_2,NAMPT,1.2038954496383667,4,5,0,1500
broad_lam_like,LAM1164,program_2,GPX4,1.2026584148406982,5,5,0,1500
broad_lam_like,LAM1164,program_2,BZW1,1.198858380317688,6,5,0,1500
broad_lam_like,LAM1164,program_2,C3,1.1949708461761475,7,5,0,1500
broad_lam_like,LAM1164,program_2,TREM2,1.194618821144104,8,5,0,1500
broad_lam_like,LAM1164,program_2,HSP90AA1,1.0969902276992798,9,5,0,1500
broad_lam_like,LAM1164,program_2,IRF1,1.0701369047164917,10,5,0,1500
broad_lam_like,LAM1164,program_2,MYH11,1.0483392477035522,11,5,0,1500
broad_lam_like,LAM1164,program_2,ATP6V0C,1.0476422309875488,12,5,0,1500
broad_lam_like,LAM1164,program_2,RPS6,1.0457438230514526,13,5,0,1500
broad_lam_like,LAM1164,program_2,PBX1,1.040955901145935,14,5,0,1500
broad_lam_like,LAM1164,program_2,PGC,1.0305805206298828,15,5,0,1500
broad_lam_like,LAM1164,program_2,BRD2,1.020760416984558,16,5,0,1500
broad_lam_like,LAM1164,program_2,HOXA9,0.9805989265441895,17,5,0,1500
broad_lam_like,LAM1164,program_2,CTSC,0.9789503216743469,18,5,0,1500
broad_lam_like,LAM1164,program_2,CD9,0.9652294516563416,19,5,0,1500
broad_lam_like,LAM1164,program_2,C11ORF31,0.9561269283294678,20,5,0,1500
broad_lam_like,LAM1164,program_2,OAZ1,0.9561236500740051,21,5,0,1500
broad_lam_like,LAM1164,program_2,ICAM1,0.9532020092010498,22,5,0,1500
broad_lam_like,LAM1164,program_2,UBB,0.9525274634361267,23,5,0,1500
broad_lam_like,LAM1164,program_2,LGALS3,0.9469043612480164,24,5,0,1500
broad_lam_like,LAM1164,program_2,TNFAIP3,0.9359573125839233,25,5,0,1500
broad_lam_like,LAM1164,program_2,EEF1D,0.9282605051994324,26,5,0,1500
broad_lam_like,LAM1164,program_2,TUBA1B,0.922670841217041,27,5,0,1500
broad_lam_like,LAM1164,program_2,RARRES3,0.9199514389038086,28,5,0,1500
broad_lam_like,LAM1164,program_2,CALM1,0.9104222059249878,29,5,0,1500
broad_lam_like,LAM1164,program_2,MYL6,0.9033445715904236,30,5,0,1500
broad_lam_like,LAM1164,program_2,PROM1,0.8966977596282959,31,5,0,1500
broad_lam_like,LAM1164,program_2,EEF2,0.8880302309989929,32,5,0,1500
broad_lam_like,LAM1164,program_2,GPNMB,0.8827231526374817,33,5,0,1500
broad_lam_like,LAM1164,program_2,CCNB1,0.8787023425102234,34,5,0,1500
broad_lam_like,LAM1164,program_2,SERF2,0.8774276971817017,35,5,0,1500
broad_lam_like,LAM1164,program_2,ACTB,0.8612953424453735,36,5,0,1500
broad_lam_like,LAM1164,program_2,MYL12A,0.8434080481529236,37,5,0,1500
broad_lam_like,LAM1164,program_2,TXNIP,0.8359991908073425,38,5,0,1500
broad_lam_like,LAM1164,program_2,ZFAS1,0.808601975440979,39,5,0,1500
broad_lam_like,LAM1164,program_2,MGP,0.8048300743103027,40,5,0,1500
broad_lam_like,LAM1164,program_2,SOD1,0.7996233701705933,41,5,0,1500
broad_lam_like,LAM1164,program_2,S100A9,0.796451210975647,42,5,0,1500
broad_lam_like,LAM1164,program_2,COX6A1,0.7813950181007385,43,5,0,1500
broad_lam_like,LAM1164,program_2,GAPDH,0.7770199775695801,44,5,0,1500
broad_lam_like,LAM1164,program_2,LY6E,0.7764132022857666,45,5,0,1500
broad_lam_like,LAM1164,program_2,EZR,0.7737934589385986,46,5,0,1500
broad_lam_like,LAM1164,program_2,HMGN3,0.7717708349227905,47,5,0,1500
broad_lam_like,LAM1164,program_2,PPIA,0.7526050806045532,48,5,0,1500
broad_lam_like,LAM1164,program_2,IER3,0.7518405914306641,49,5,0,1500
broad_lam_like,LAM1164,program_2,EIF3F,0.7443841099739075,50,5,0,1500
broad_lam_like,LAM1164,program_3,VCAN,2.5796825885772705,1,5,0,1500
broad_lam_like,LAM1164,program_3,LAMTOR1,2.210472583770752,2,5,0,1500
broad_lam_like,LAM1164,program_3,H2AFZ,2.14992094039917,3,5,0,1500
broad_lam_like,LAM1164,program_3,CD37,2.077420711517334,4,5,0,1500
broad_lam_like,LAM1164,program_3,NAMPT,2.065373420715332,5,5,0,1500
broad_lam_like,LAM1164,program_3,GREB1,2.0227861404418945,6,5,0,1500
broad_lam_like,LAM1164,program_3,MEIS1,1.9279823303222656,7,5,0,1500
broad_lam_like,LAM1164,program_3,CCNB1,1.9152987003326416,8,5,0,1500
broad_lam_like,LAM1164,program_3,HSPB1,1.8900760412216187,9,5,0,1500
broad_lam_like,LAM1164,program_3,TREM2,1.8867796659469604,10,5,0,1500
broad_lam_like,LAM1164,program_3,LST1,1.8673874139785767,11,5,0,1500
broad_lam_like,LAM1164,program_3,CTSA,1.8474888801574707,12,5,0,1500
broad_lam_like,LAM1164,program_3,HSP90B1,1.7865822315216064,13,5,0,1500
broad_lam_like,LAM1164,program_3,UBB,1.7864586114883423,14,5,0,1500
broad_lam_like,LAM1164,program_3,SMS,1.7811082601547241,15,5,0,1500
broad_lam_like,LAM1164,program_3,HSP90AA1,1.750571608543396,16,5,0,1500
broad_lam_like,LAM1164,program_3,C3,1.7489148378372192,17,5,0,1500
broad_lam_like,LAM1164,program_3,COL1A1,1.697369933128357,18,5,0,1500
broad_lam_like,LAM1164,program_3,SERINC3,1.6585510969161987,19,5,0,1500
broad_lam_like,LAM1164,program_3,DDIT4,1.6368852853775024,20,5,0,1500
broad_lam_like,LAM1164,program_3,CXCL16,1.6104025840759277,21,5,0,1500
broad_lam_like,LAM1164,program_3,PBX1,1.573414921760559,22,5,0,1500
broad_lam_like,LAM1164,program_3,PROM1,1.5655856132507324,23,5,0,1500
broad_lam_like,LAM1164,program_3,EMP3,1.558456540107727,24,5,0,1500
broad_lam_like,LAM1164,program_3,MYH11,1.5527820587158203,25,5,0,1500
broad_lam_like,LAM1164,program_3,EIF3E,1.5451924800872803,26,5,0,1500
broad_lam_like,LAM1164,program_3,RARRES3,1.5437169075012207,27,5,0,1500
broad_lam_like,LAM1164,program_3,LGALS3,1.465954303741455,28,5,0,1500
broad_lam_like,LAM1164,program_3,HNRNPH3,1.4653600454330444,29,5,0,1500
broad_lam_like,LAM1164,program_3,RAC2,1.461389422416687,30,5,0,1500
broad_lam_like,LAM1164,program_3,TXN,1.4520392417907715,31,5,0,1500
broad_lam_like,LAM1164,program_3,IRF1,1.4379945993423462,32,5,0,1500
broad_lam_like,LAM1164,program_3,C11ORF31,1.4273651838302612,33,5,0,1500
broad_lam_like,LAM1164,program_3,TSPO,1.4035279750823975,34,5,0,1500
broad_lam_like,LAM1164,program_3,POMP,1.403143286705017,35,5,0,1500
broad_lam_like,LAM1164,program_3,BZW1,1.3918242454528809,36,5,0,1500
broad_lam_like,LAM1164,program_3,EZR,1.3714720010757446,37,5,0,1500
broad_lam_like,LAM1164,program_3,S100A8,1.3705111742019653,38,5,0,1500
broad_lam_like,LAM1164,program_3,S100A9,1.3657857179641724,39,5,0,1500
broad_lam_like,LAM1164,program_3,STAT4,1.3646674156188965,40,5,0,1500
broad_lam_like,LAM1164,program_3,DNTTIP2,1.3645480871200562,41,5,0,1500
broad_lam_like,LAM1164,program_3,LEPROTL1,1.3513826131820679,42,5,0,1500
broad_lam_like,LAM1164,program_3,IFI27,1.3477752208709717,43,5,0,1500
broad_lam_like,LAM1164,program_3,SOD1,1.3363553285598755,44,5,0,1500
broad_lam_like,LAM1164,program_3,COPZ1,1.331612229347229,45,5,0,1500
broad_lam_like,LAM1164,program_3,ATP6V0E1,1.328184723854065,46,5,0,1500
broad_lam_like,LAM1164,program_3,COL1A2,1.3054096698760986,47,5,0,1500
broad_lam_like,LAM1164,program_3,RPS6,1.303667426109314,48,5,0,1500
broad_lam_like,LAM1164,program_3,SEC61B,1.2945568561553955,49,5,0,1500
broad_lam_like,LAM1164,program_3,COX6A1,1.2914485931396484,50,5,0,1500
broad_lam_like,LAM1164,program_4,TSPO,3.834744691848755,1,5,0,1500
broad_lam_like,LAM1164,program_4,LAMTOR1,3.8250319957733154,2,5,0,1500
broad_lam_like,LAM1164,program_4,NAMPT,3.7089993953704834,3,5,0,1500
broad_lam_like,LAM1164,program_4,C3,3.5653457641601562,4,5,0,1500
broad_lam_like,LAM1164,program_4,DCN,3.4029948711395264,5,5,0,1500
broad_lam_like,LAM1164,program_4,PGR,3.293475389480591,6,5,0,1500
broad_lam_like,LAM1164,program_4,CTSC,3.2043275833129883,7,5,0,1500
broad_lam_like,LAM1164,program_4,TPM2,3.164722204208374,8,5,0,1500
broad_lam_like,LAM1164,program_4,HSP90AA1,3.1446726322174072,9,5,0,1500
broad_lam_like,LAM1164,program_4,H2AFZ,3.01912260055542,10,5,0,1500
broad_lam_like,LAM1164,program_4,CXCL17,2.921530246734619,11,5,0,1500
broad_lam_like,LAM1164,program_4,CFL1,2.884387731552124,12,5,0,1500
broad_lam_like,LAM1164,program_4,CTGF,2.8753297328948975,13,5,0,1500
broad_lam_like,LAM1164,program_4,OAZ1,2.8204345703125,14,5,0,1500
broad_lam_like,LAM1164,program_4,TREM2,2.7676596641540527,15,5,0,1500
broad_lam_like,LAM1164,program_4,ARHGDIB,2.701826333999634,16,5,0,1500
broad_lam_like,LAM1164,program_4,PPP1R15A,2.6336827278137207,17,5,0,1500
broad_lam_like,LAM1164,program_4,C11ORF31,2.5493292808532715,18,5,0,1500
broad_lam_like,LAM1164,program_4,BZW1,2.492863416671753,19,5,0,1500
broad_lam_like,LAM1164,program_4,WFDC2,2.4510891437530518,20,5,0,1500
broad_lam_like,LAM1164,program_4,MYH11,2.4493939876556396,21,5,0,1500
broad_lam_like,LAM1164,program_4,PBX1,2.423069715499878,22,5,0,1500
broad_lam_like,LAM1164,program_4,RPS3,2.4155876636505127,23,5,0,1500
broad_lam_like,LAM1164,program_4,CXCR4,2.411296844482422,24,5,0,1500
broad_lam_like,LAM1164,program_4,TUBA1B,2.4003922939300537,25,5,0,1500
broad_lam_like,LAM1164,program_4,HSP90AB1,2.379573345184326,26,5,0,1500
broad_lam_like,LAM1164,program_4,HOXA9,2.3352227210998535,27,5,0,1500
broad_lam_like,LAM1164,program_4,UBB,2.3348283767700195,28,5,0,1500
broad_lam_like,LAM1164,program_4,CTSB,2.2461352348327637,29,5,0,1500
broad_lam_like,LAM1164,program_4,DNAJA1,2.2340550422668457,30,5,0,1500
broad_lam_like,LAM1164,program_4,GRN,2.1661605834960938,31,5,0,1500
broad_lam_like,LAM1164,program_4,SOD1,2.138296127319336,32,5,0,1500
broad_lam_like,LAM1164,program_4,HMGN3,2.1182196140289307,33,5,0,1500
broad_lam_like,LAM1164,program_4,IRF1,2.090034008026123,34,5,0,1500
broad_lam_like,LAM1164,program_4,COX6C,2.0794689655303955,35,5,0,1500
broad_lam_like,LAM1164,program_4,SRSF7,2.069326877593994,36,5,0,1500
broad_lam_like,LAM1164,program_4,UBC,2.0658698081970215,37,5,0,1500
broad_lam_like,LAM1164,program_4,RARRES3,2.056776523590088,38,5,0,1500
broad_lam_like,LAM1164,program_4,CALM2,2.0273218154907227,39,5,0,1500
broad_lam_like,LAM1164,program_4,UBA52,2.0259618759155273,40,5,0,1500
broad_lam_like,LAM1164,program_4,FGFBP2,2.0182785987854004,41,5,0,1500
broad_lam_like,LAM1164,program_4,PEBP1,2.0020053386688232,42,5,0,1500
broad_lam_like,LAM1164,program_4,FUS,1.999129295349121,43,5,0,1500
broad_lam_like,LAM1164,program_4,PTGDS,1.9952640533447266,44,5,0,1500
broad_lam_like,LAM1164,program_4,AC090498.1,1.9900736808776855,45,5,0,1500
broad_lam_like,LAM1164,program_4,MGST1,1.9846549034118652,46,5,0,1500
broad_lam_like,LAM1164,program_4,IL1B,1.9632648229599,47,5,0,1500
broad_lam_like,LAM1164,program_4,IL7R,1.951270580291748,48,5,0,1500
broad_lam_like,LAM1164,program_4,LAMTOR4,1.9425621032714844,49,5,0,1500
broad_lam_like,LAM1164,program_4,COX6A1,1.9396811723709106,50,5,0,1500
broad_lam_like,LAM1164,program_5,H2AFZ,2.013108491897583,1,5,0,1500
broad_lam_like,LAM1164,program_5,LAMTOR1,1.8171420097351074,2,5,0,1500
broad_lam_like,LAM1164,program_5,HSP90AA1,1.6610668897628784,3,5,0,1500
broad_lam_like,LAM1164,program_5,C3,1.6156079769134521,4,5,0,1500
broad_lam_like,LAM1164,program_5,TREM2,1.5418919324874878,5,5,0,1500
broad_lam_like,LAM1164,program_5,NAMPT,1.5193341970443726,6,5,0,1500
broad_lam_like,LAM1164,program_5,TSPO,1.4761419296264648,7,5,0,1500
broad_lam_like,LAM1164,program_5,MYH11,1.473834753036499,8,5,0,1500
broad_lam_like,LAM1164,program_5,BZW1,1.4257864952087402,9,5,0,1500
broad_lam_like,LAM1164,program_5,RARRES3,1.4147701263427734,10,5,0,1500
broad_lam_like,LAM1164,program_5,IRF1,1.4028607606887817,11,5,0,1500
broad_lam_like,LAM1164,program_5,NFKBIA,1.3060864210128784,12,5,0,1500
broad_lam_like,LAM1164,program_5,PBX1,1.2954521179199219,13,5,0,1500
broad_lam_like,LAM1164,program_5,C11ORF31,1.2827686071395874,14,5,0,1500
broad_lam_like,LAM1164,program_5,RPS6,1.2754813432693481,15,5,0,1500
broad_lam_like,LAM1164,program_5,ARHGDIB,1.2268521785736084,16,5,0,1500
broad_lam_like,LAM1164,program_5,HLA-DQB1,1.2143563032150269,17,5,0,1500
broad_lam_like,LAM1164,program_5,LGALS3,1.213769555091858,18,5,0,1500
broad_lam_like,LAM1164,program_5,B2M,1.1957937479019165,19,5,0,1500
broad_lam_like,LAM1164,program_5,COL1A1,1.1788119077682495,20,5,0,1500
broad_lam_like,LAM1164,program_5,PROM1,1.1486667394638062,21,5,0,1500
broad_lam_like,LAM1164,program_5,SOD1,1.1434638500213623,22,5,0,1500
broad_lam_like,LAM1164,program_5,PGC,1.102015733718872,23,5,0,1500
broad_lam_like,LAM1164,program_5,COX6A1,1.0942678451538086,24,5,0,1500
broad_lam_like,LAM1164,program_5,HSP90AB1,1.0873929262161255,25,5,0,1500
broad_lam_like,LAM1164,program_5,FUS,1.061353325843811,26,5,0,1500
broad_lam_like,LAM1164,program_5,CXCL8,1.049471139907837,27,5,0,1500
broad_lam_like,LAM1164,program_5,S100A9,1.0406430959701538,28,5,0,1500
broad_lam_like,LAM1164,program_5,EEF2,1.015208125114441,29,5,0,1500
broad_lam_like,LAM1164,program_5,SQSTM1,1.0129342079162598,30,5,0,1500
broad_lam_like,LAM1164,program_5,ITM2B,0.9956997632980347,31,5,0,1500
broad_lam_like,LAM1164,program_5,ID1,0.9926427006721497,32,5,0,1500
broad_lam_like,LAM1164,program_5,MMP8,0.9840483665466309,33,5,0,1500
broad_lam_like,LAM1164,program_5,MARCO,0.9594398736953735,34,5,0,1500
broad_lam_like,LAM1164,program_5,FLNA,0.9567088484764099,35,5,0,1500
broad_lam_like,LAM1164,program_5,UBB,0.9542171359062195,36,5,0,1500
broad_lam_like,LAM1164,program_5,PRDX5,0.9262930750846863,37,5,0,1500
broad_lam_like,LAM1164,program_5,CCNB1,0.9195821285247803,38,5,0,1500
broad_lam_like,LAM1164,program_5,CD44,0.9077629446983337,39,5,0,1500
broad_lam_like,LAM1164,program_5,ELF3,0.898081362247467,40,5,0,1500
broad_lam_like,LAM1164,program_5,CFL1,0.8949427008628845,41,5,0,1500
broad_lam_like,LAM1164,program_5,EZR,0.8671495914459229,42,5,0,1500
broad_lam_like,LAM1164,program_5,HLA-E,0.8489683270454407,43,5,0,1500
broad_lam_like,LAM1164,program_5,STAT3,0.8474173545837402,44,5,0,1500
broad_lam_like,LAM1164,program_5,ITGB2,0.8473458886146545,45,5,0,1500
broad_lam_like,LAM1164,program_5,CITED2,0.8414770364761353,46,5,0,1500
broad_lam_like,LAM1164,program_5,PRDX1,0.8398381471633911,47,5,0,1500
broad_lam_like,LAM1164,program_5,JUN,0.8398169279098511,48,5,0,1500
broad_lam_like,LAM1164,program_5,HSPE1,0.8197062015533447,49,5,0,1500
broad_lam_like,LAM1164,program_5,CXCL17,0.7977973818778992,50,5,0,1500
unrestricted_lam,LAM1110,program_1,WFDC2,5.1812968254089355,1,5,0,327
unrestricted_lam,LAM1110,program_1,SNHG8,4.070329666137695,2,5,0,327
unrestricted_lam,LAM1110,program_1,C11ORF31,3.7438929080963135,3,5,0,327
unrestricted_lam,LAM1110,program_1,RPS6,3.7024056911468506,4,5,0,327
unrestricted_lam,LAM1110,program_1,TGFB1,3.687061071395874,5,5,0,327
unrestricted_lam,LAM1110,program_1,MYL9,3.47086238861084,6,5,0,327
unrestricted_lam,LAM1110,program_1,ACTA2,3.454219341278076,7,5,0,327
unrestricted_lam,LAM1110,program_1,LAMP3,3.042400598526001,8,5,0,327
unrestricted_lam,LAM1110,program_1,MT1E,3.0284056663513184,9,5,0,327
unrestricted_lam,LAM1110,program_1,CXCL14,2.9334278106689453,10,5,0,327
unrestricted_lam,LAM1110,program_1,ARL6IP4,2.8305764198303223,11,5,0,327
unrestricted_lam,LAM1110,program_1,TAGLN2,2.7955825328826904,12,5,0,327
unrestricted_lam,LAM1110,program_1,RBM3,2.789306163787842,13,5,0,327
unrestricted_lam,LAM1110,program_1,HNRNPF,2.7377078533172607,14,5,0,327
unrestricted_lam,LAM1110,program_1,C7,2.7239701747894287,15,5,0,327
unrestricted_lam,LAM1110,program_1,SKP1,2.720466136932373,16,5,0,327
unrestricted_lam,LAM1110,program_1,MKI67,2.6687769889831543,17,5,0,327
unrestricted_lam,LAM1110,program_1,PRDX5,2.549056053161621,18,5,0,327
unrestricted_lam,LAM1110,program_1,H3F3B,2.4593005180358887,19,5,0,327
unrestricted_lam,LAM1110,program_1,ZNF106,2.4543800354003906,20,5,0,327
unrestricted_lam,LAM1110,program_1,ATP5L,2.4313392639160156,21,5,0,327
unrestricted_lam,LAM1110,program_1,ID1,2.3329408168792725,22,5,0,327
unrestricted_lam,LAM1110,program_1,DDX3X,2.2583553791046143,23,5,0,327
unrestricted_lam,LAM1110,program_1,PRDX1,2.2289857864379883,24,5,0,327
unrestricted_lam,LAM1110,program_1,SLC25A5,2.165886402130127,25,5,0,327
unrestricted_lam,LAM1110,program_1,FXYD5,2.156554937362671,26,5,0,327
unrestricted_lam,LAM1110,program_1,UBC,2.1535696983337402,27,5,0,327
unrestricted_lam,LAM1110,program_1,CTSH,2.1428511142730713,28,5,0,327
unrestricted_lam,LAM1110,program_1,MEIS1,2.134822130203247,29,5,0,327
unrestricted_lam,LAM1110,program_1,CD9,2.1102726459503174,30,5,0,327
unrestricted_lam,LAM1110,program_1,CXCL3,2.0438225269317627,31,5,0,327
unrestricted_lam,LAM1110,program_1,NFKBIA,2.014021873474121,32,5,0,327
unrestricted_lam,LAM1110,program_1,GSN,2.013394594192505,33,5,0,327
unrestricted_lam,LAM1110,program_1,RPLP0,1.952160358428955,34,5,0,327
unrestricted_lam,LAM1110,program_1,RP11-290D2.6,1.9484978914260864,35,5,0,327
unrestricted_lam,LAM1110,program_1,HNRNPA1,1.933370590209961,36,5,0,327
unrestricted_lam,LAM1110,program_1,MAT2A,1.9059464931488037,37,5,0,327
unrestricted_lam,LAM1110,program_1,PLIN2,1.8780865669250488,38,5,0,327
unrestricted_lam,LAM1110,program_1,PABPC1,1.8485007286071777,39,5,0,327
unrestricted_lam,LAM1110,program_1,CXCL8,1.8070100545883179,40,5,0,327
unrestricted_lam,LAM1110,program_1,UQCRB,1.8051176071166992,41,5,0,327
unrestricted_lam,LAM1110,program_1,CTSC,1.791924238204956,42,5,0,327
unrestricted_lam,LAM1110,program_1,HMGB2,1.7910019159317017,43,5,0,327
unrestricted_lam,LAM1110,program_1,MCEMP1,1.729128360748291,44,5,0,327
unrestricted_lam,LAM1110,program_1,DBI,1.71950101852417,45,5,0,327
unrestricted_lam,LAM1110,program_1,CDC42,1.7148091793060303,46,5,0,327
unrestricted_lam,LAM1110,program_1,TXN,1.703715205192566,47,5,0,327
unrestricted_lam,LAM1110,program_1,TSPO,1.6969727277755737,48,5,0,327
unrestricted_lam,LAM1110,program_1,TUBB4B,1.68223237991333,49,5,0,327
unrestricted_lam,LAM1110,program_1,FCGR3A,1.6779389381408691,50,5,0,327
unrestricted_lam,LAM1110,program_2,MT1E,2.8082566261291504,1,5,0,327
unrestricted_lam,LAM1110,program_2,PCNA,2.471526622772217,2,5,0,327
unrestricted_lam,LAM1110,program_2,COL3A1,2.3774006366729736,3,5,0,327
unrestricted_lam,LAM1110,program_2,PRDX5,2.356539249420166,4,5,0,327
unrestricted_lam,LAM1110,program_2,ID1,2.3255817890167236,5,5,0,327
unrestricted_lam,LAM1110,program_2,WFDC2,2.2255091667175293,6,5,0,327
unrestricted_lam,LAM1110,program_2,TAGLN,2.1740803718566895,7,5,0,327
unrestricted_lam,LAM1110,program_2,CCNB1,1.8596855401992798,8,5,0,327
unrestricted_lam,LAM1110,program_2,YBX1,1.8541125059127808,9,5,0,327
unrestricted_lam,LAM1110,program_2,TUBA1B,1.8482857942581177,10,5,0,327
unrestricted_lam,LAM1110,program_2,SNHG8,1.8298001289367676,11,5,0,327
unrestricted_lam,LAM1110,program_2,CXCL17,1.8192527294158936,12,5,0,327
unrestricted_lam,LAM1110,program_2,C11ORF31,1.7704064846038818,13,5,0,327
unrestricted_lam,LAM1110,program_2,HOXA10,1.7650967836380005,14,5,0,327
unrestricted_lam,LAM1110,program_2,MCEMP1,1.763566255569458,15,5,0,327
unrestricted_lam,LAM1110,program_2,IQGAP1,1.7517330646514893,16,5,0,327
unrestricted_lam,LAM1110,program_2,GRN,1.7336161136627197,17,5,0,327
unrestricted_lam,LAM1110,program_2,TOP2A,1.7314094305038452,18,5,0,327
unrestricted_lam,LAM1110,program_2,MYL12B,1.7208497524261475,19,5,0,327
unrestricted_lam,LAM1110,program_2,TGFBR2,1.7137844562530518,20,5,0,327
unrestricted_lam,LAM1110,program_2,LAMP3,1.6696518659591675,21,5,0,327
unrestricted_lam,LAM1110,program_2,H2AFZ,1.6639208793640137,22,5,0,327
unrestricted_lam,LAM1110,program_2,PPDPF,1.6526209115982056,23,5,0,327
unrestricted_lam,LAM1110,program_2,ALDOA,1.6439919471740723,24,5,0,327
unrestricted_lam,LAM1110,program_2,DBI,1.632280707359314,25,5,0,327
unrestricted_lam,LAM1110,program_2,PABPC1,1.6318312883377075,26,5,0,327
unrestricted_lam,LAM1110,program_2,RHOA,1.6035231351852417,27,5,0,327
unrestricted_lam,LAM1110,program_2,TXN,1.6008425951004028,28,5,0,327
unrestricted_lam,LAM1110,program_2,TUBB4B,1.566359519958496,29,5,0,327
unrestricted_lam,LAM1110,program_2,CD7,1.5632966756820679,30,5,0,327
unrestricted_lam,LAM1110,program_2,GPX4,1.5518933534622192,31,5,0,327
unrestricted_lam,LAM1110,program_2,ITM2B,1.5094858407974243,32,5,0,327
unrestricted_lam,LAM1110,program_2,MAP3K8,1.502273678779602,33,5,0,327
unrestricted_lam,LAM1110,program_2,HSP90AA1,1.500746488571167,34,5,0,327
unrestricted_lam,LAM1110,program_2,CFL1,1.4948277473449707,35,5,0,327
unrestricted_lam,LAM1110,program_2,EIF4EBP1,1.4892715215682983,36,5,0,327
unrestricted_lam,LAM1110,program_2,HNRNPF,1.478743553161621,37,5,0,327
unrestricted_lam,LAM1110,program_2,CTSS,1.4735664129257202,38,5,0,327
unrestricted_lam,LAM1110,program_2,MYL12A,1.4559431076049805,39,5,0,327
unrestricted_lam,LAM1110,program_2,TMBIM6,1.4348204135894775,40,5,0,327
unrestricted_lam,LAM1110,program_2,ATP5L,1.425652265548706,41,5,0,327
unrestricted_lam,LAM1110,program_2,SLC25A3,1.4236599206924438,42,5,0,327
unrestricted_lam,LAM1110,program_2,CALM2,1.3767499923706055,43,5,0,327
unrestricted_lam,LAM1110,program_2,FXYD5,1.3665026426315308,44,5,0,327
unrestricted_lam,LAM1110,program_2,CTSH,1.3624626398086548,45,5,0,327
unrestricted_lam,LAM1110,program_2,NDUFA4,1.3598097562789917,46,5,0,327
unrestricted_lam,LAM1110,program_2,CALD1,1.3570599555969238,47,5,0,327
unrestricted_lam,LAM1110,program_2,CALR,1.3484680652618408,48,5,0,327
unrestricted_lam,LAM1110,program_2,PLIN2,1.325878620147705,49,5,0,327
unrestricted_lam,LAM1110,program_2,RHOB,1.3206827640533447,50,5,0,327
unrestricted_lam,LAM1110,program_3,IL1B,7.607415199279785,1,5,0,327
unrestricted_lam,LAM1110,program_3,SFTPA1,5.522830009460449,2,5,0,327
unrestricted_lam,LAM1110,program_3,WFDC2,5.323011875152588,3,5,0,327
unrestricted_lam,LAM1110,program_3,FIGF,5.27327299118042,4,5,0,327
unrestricted_lam,LAM1110,program_3,HSP90AB1,3.7406728267669678,5,5,0,327
unrestricted_lam,LAM1110,program_3,SNHG8,3.5150837898254395,6,5,0,327
unrestricted_lam,LAM1110,program_3,ZNF331,3.4579780101776123,7,5,0,327
unrestricted_lam,LAM1110,program_3,RPS6,3.1896588802337646,8,5,0,327
unrestricted_lam,LAM1110,program_3,TGFB1,2.925480842590332,9,5,0,327
unrestricted_lam,LAM1110,program_3,C11ORF31,2.9210870265960693,10,5,0,327
unrestricted_lam,LAM1110,program_3,ACTA2,2.886178731918335,11,5,0,327
unrestricted_lam,LAM1110,program_3,MT1E,2.8448500633239746,12,5,0,327
unrestricted_lam,LAM1110,program_3,LAMP3,2.823312282562256,13,5,0,327
unrestricted_lam,LAM1110,program_3,MYL9,2.6742846965789795,14,5,0,327
unrestricted_lam,LAM1110,program_3,CXCL14,2.5392544269561768,15,5,0,327
unrestricted_lam,LAM1110,program_3,HNRNPF,2.5371832847595215,16,5,0,327
unrestricted_lam,LAM1110,program_3,ARL6IP4,2.517406940460205,17,5,0,327
unrestricted_lam,LAM1110,program_3,ID1,2.308598041534424,18,5,0,327
unrestricted_lam,LAM1110,program_3,LY6E,2.2700605392456055,19,5,0,327
unrestricted_lam,LAM1110,program_3,PRDX5,2.2424862384796143,20,5,0,327
unrestricted_lam,LAM1110,program_3,RPLP0,2.2182226181030273,21,5,0,327
unrestricted_lam,LAM1110,program_3,ITM2B,2.2131741046905518,22,5,0,327
unrestricted_lam,LAM1110,program_3,GYPC,2.208177089691162,23,5,0,327
unrestricted_lam,LAM1110,program_3,RBM3,2.1863350868225098,24,5,0,327
unrestricted_lam,LAM1110,program_3,HINT1,2.1673994064331055,25,5,0,327
unrestricted_lam,LAM1110,program_3,ALDOA,2.1318552494049072,26,5,0,327
unrestricted_lam,LAM1110,program_3,MKI67,2.1000185012817383,27,5,0,327
unrestricted_lam,LAM1110,program_3,DDX5,2.0818288326263428,28,5,0,327
unrestricted_lam,LAM1110,program_3,CXCL3,2.0815553665161133,29,5,0,327
unrestricted_lam,LAM1110,program_3,SELK,2.0675559043884277,30,5,0,327
unrestricted_lam,LAM1110,program_3,CEBPB,2.0675323009490967,31,5,0,327
unrestricted_lam,LAM1110,program_3,C7,2.06514310836792,32,5,0,327
unrestricted_lam,LAM1110,program_3,SKP1,2.060837984085083,33,5,0,327
unrestricted_lam,LAM1110,program_3,ACTB,2.02868390083313,34,5,0,327
unrestricted_lam,LAM1110,program_3,ACTG1,2.0094752311706543,35,5,0,327
unrestricted_lam,LAM1110,program_3,GSPT1,1.9963868856430054,36,5,0,327
unrestricted_lam,LAM1110,program_3,NFKBIA,1.9670871496200562,37,5,0,327
unrestricted_lam,LAM1110,program_3,MCEMP1,1.9433640241622925,38,5,0,327
unrestricted_lam,LAM1110,program_3,DDX21,1.9384605884552002,39,5,0,327
unrestricted_lam,LAM1110,program_3,DBI,1.936448335647583,40,5,0,327
unrestricted_lam,LAM1110,program_3,ATP5L,1.9208241701126099,41,5,0,327
unrestricted_lam,LAM1110,program_3,CXCL17,1.9001609086990356,42,5,0,327
unrestricted_lam,LAM1110,program_3,PTPRC,1.8442134857177734,43,5,0,327
unrestricted_lam,LAM1110,program_3,YBX1,1.8247379064559937,44,5,0,327
unrestricted_lam,LAM1110,program_3,DDX3X,1.8190220594406128,45,5,0,327
unrestricted_lam,LAM1110,program_3,VAMP8,1.8138326406478882,46,5,0,327
unrestricted_lam,LAM1110,program_3,HLA-A,1.8104910850524902,47,5,0,327
unrestricted_lam,LAM1110,program_3,SNRPD2,1.8031173944473267,48,5,0,327
unrestricted_lam,LAM1110,program_3,AC090498.1,1.8003573417663574,49,5,0,327
unrestricted_lam,LAM1110,program_3,IL32,1.7822726964950562,50,5,0,327
unrestricted_lam,LAM1110,program_4,WFDC2,2.0314435958862305,1,5,0,327
unrestricted_lam,LAM1110,program_4,MT1E,1.633430004119873,2,5,0,327
unrestricted_lam,LAM1110,program_4,TMEM230,1.4477144479751587,3,5,0,327
unrestricted_lam,LAM1110,program_4,LAMP3,1.3936516046524048,4,5,0,327
unrestricted_lam,LAM1110,program_4,FBLN1,1.367659091949463,5,5,0,327
unrestricted_lam,LAM1110,program_4,MCL1,1.3540539741516113,6,5,0,327
unrestricted_lam,LAM1110,program_4,ID2,1.352500081062317,7,5,0,327
unrestricted_lam,LAM1110,program_4,ACTG1,1.3434810638427734,8,5,0,327
unrestricted_lam,LAM1110,program_4,PABPC1,1.3374897241592407,9,5,0,327
unrestricted_lam,LAM1110,program_4,TOMM20,1.2699787616729736,10,5,0,327
unrestricted_lam,LAM1110,program_4,PRDX6,1.2058186531066895,11,5,0,327
unrestricted_lam,LAM1110,program_4,SNHG8,1.1688942909240723,12,5,0,327
unrestricted_lam,LAM1110,program_4,RPS6,1.1524391174316406,13,5,0,327
unrestricted_lam,LAM1110,program_4,PLIN2,1.1510552167892456,14,5,0,327
unrestricted_lam,LAM1110,program_4,CD99,1.122010588645935,15,5,0,327
unrestricted_lam,LAM1110,program_4,CCL3,1.1215070486068726,16,5,0,327
unrestricted_lam,LAM1110,program_4,CD7,1.121123194694519,17,5,0,327
unrestricted_lam,LAM1110,program_4,C12ORF57,1.095247745513916,18,5,0,327
unrestricted_lam,LAM1110,program_4,RNF145,1.0932493209838867,19,5,0,327
unrestricted_lam,LAM1110,program_4,ESR2,1.0902950763702393,20,5,0,327
unrestricted_lam,LAM1110,program_4,IL32,1.0830284357070923,21,5,0,327
unrestricted_lam,LAM1110,program_4,ALDOA,1.0821075439453125,22,5,0,327
unrestricted_lam,LAM1110,program_4,TAGLN2,1.0805516242980957,23,5,0,327
unrestricted_lam,LAM1110,program_4,MYL9,1.07789146900177,24,5,0,327
unrestricted_lam,LAM1110,program_4,G3BP1,1.0745933055877686,25,5,0,327
unrestricted_lam,LAM1110,program_4,STRAP,1.0557881593704224,26,5,0,327
unrestricted_lam,LAM1110,program_4,MCEMP1,1.0529828071594238,27,5,0,327
unrestricted_lam,LAM1110,program_4,SNRPB2,1.0442317724227905,28,5,0,327
unrestricted_lam,LAM1110,program_4,DBI,1.0337594747543335,29,5,0,327
unrestricted_lam,LAM1110,program_4,EEF1B2,1.03093683719635,30,5,0,327
unrestricted_lam,LAM1110,program_4,MGST3,1.0277847051620483,31,5,0,327
unrestricted_lam,LAM1110,program_4,BAZ1A,0.9892659187316895,32,5,0,327
unrestricted_lam,LAM1110,program_4,UBE2D3,0.98811936378479,33,5,0,327
unrestricted_lam,LAM1110,program_4,SERTAD1,0.9743117094039917,34,5,0,327
unrestricted_lam,LAM1110,program_4,SKP1,0.9620407223701477,35,5,0,327
unrestricted_lam,LAM1110,program_4,ITGB2,0.953065037727356,36,5,0,327
unrestricted_lam,LAM1110,program_4,PSMB1,0.9446645975112915,37,5,0,327
unrestricted_lam,LAM1110,program_4,PPIA,0.9375149011611938,38,5,0,327
unrestricted_lam,LAM1110,program_4,GLIPR2,0.9342274069786072,39,5,0,327
unrestricted_lam,LAM1110,program_4,YBX1,0.9323261976242065,40,5,0,327
unrestricted_lam,LAM1110,program_4,TGFB1,0.930797278881073,41,5,0,327
unrestricted_lam,LAM1110,program_4,ATP5J2,0.9207097887992859,42,5,0,327
unrestricted_lam,LAM1110,program_4,CCT6A,0.9199519753456116,43,5,0,327
unrestricted_lam,LAM1110,program_4,CITED2,0.919313907623291,44,5,0,327
unrestricted_lam,LAM1110,program_4,PTPRC,0.9150719046592712,45,5,0,327
unrestricted_lam,LAM1110,program_4,H2AFY,0.9132068157196045,46,5,0,327
unrestricted_lam,LAM1110,program_4,UQCRQ,0.9044492840766907,47,5,0,327
unrestricted_lam,LAM1110,program_4,CHD2,0.9019678235054016,48,5,0,327
unrestricted_lam,LAM1110,program_4,UBB,0.8956745266914368,49,5,0,327
unrestricted_lam,LAM1110,program_4,SYNGR2,0.8911154866218567,50,5,0,327
unrestricted_lam,LAM1110,program_5,WFDC2,2.0196385383605957,1,5,0,327
unrestricted_lam,LAM1110,program_5,SNHG8,1.5245745182037354,2,5,0,327
unrestricted_lam,LAM1110,program_5,GYPC,1.4179145097732544,3,5,0,327
unrestricted_lam,LAM1110,program_5,MYL9,1.387070655822754,4,5,0,327
unrestricted_lam,LAM1110,program_5,MT1E,1.3553712368011475,5,5,0,327
unrestricted_lam,LAM1110,program_5,LAMP3,1.3453470468521118,6,5,0,327
unrestricted_lam,LAM1110,program_5,C11ORF31,1.3415143489837646,7,5,0,327
unrestricted_lam,LAM1110,program_5,RPS6,1.3371367454528809,8,5,0,327
unrestricted_lam,LAM1110,program_5,TGFB1,1.3212467432022095,9,5,0,327
unrestricted_lam,LAM1110,program_5,TYROBP,1.2794554233551025,10,5,0,327
unrestricted_lam,LAM1110,program_5,ID1,1.2399641275405884,11,5,0,327
unrestricted_lam,LAM1110,program_5,PRDX5,1.216984510421753,12,5,0,327
unrestricted_lam,LAM1110,program_5,ACTA2,1.1501576900482178,13,5,0,327
unrestricted_lam,LAM1110,program_5,HNRNPF,1.1092438697814941,14,5,0,327
unrestricted_lam,LAM1110,program_5,CXCL14,1.0941179990768433,15,5,0,327
unrestricted_lam,LAM1110,program_5,ARL6IP4,1.0690014362335205,16,5,0,327
unrestricted_lam,LAM1110,program_5,FXYD5,1.0504399538040161,17,5,0,327
unrestricted_lam,LAM1110,program_5,CAT,1.0314077138900757,18,5,0,327
unrestricted_lam,LAM1110,program_5,LSP1,1.0215824842453003,19,5,0,327
unrestricted_lam,LAM1110,program_5,RBM3,1.0076652765274048,20,5,0,327
unrestricted_lam,LAM1110,program_5,CALM1,1.004104495048523,21,5,0,327
unrestricted_lam,LAM1110,program_5,TFPI,1.0027093887329102,22,5,0,327
unrestricted_lam,LAM1110,program_5,C7,0.9484817385673523,23,5,0,327
unrestricted_lam,LAM1110,program_5,CD7,0.9229543805122375,24,5,0,327
unrestricted_lam,LAM1110,program_5,DDX3X,0.9201382398605347,25,5,0,327
unrestricted_lam,LAM1110,program_5,CFL1,0.9180099964141846,26,5,0,327
unrestricted_lam,LAM1110,program_5,CXCL3,0.9090248346328735,27,5,0,327
unrestricted_lam,LAM1110,program_5,DYNLL1,0.9072631597518921,28,5,0,327
unrestricted_lam,LAM1110,program_5,VAMP8,0.9043650031089783,29,5,0,327
unrestricted_lam,LAM1110,program_5,YBX1,0.902866005897522,30,5,0,327
unrestricted_lam,LAM1110,program_5,CTSH,0.8913736939430237,31,5,0,327
unrestricted_lam,LAM1110,program_5,MGP,0.8894842863082886,32,5,0,327
unrestricted_lam,LAM1110,program_5,SKP1,0.88924241065979,33,5,0,327
unrestricted_lam,LAM1110,program_5,ITM2B,0.8822827339172363,34,5,0,327
unrestricted_lam,LAM1110,program_5,EZR,0.8771014213562012,35,5,0,327
unrestricted_lam,LAM1110,program_5,MGST3,0.8735422492027283,36,5,0,327
unrestricted_lam,LAM1110,program_5,SSR2,0.8654109239578247,37,5,0,327
unrestricted_lam,LAM1110,program_5,TYMS,0.8606884479522705,38,5,0,327
unrestricted_lam,LAM1110,program_5,RP11-290D2.6,0.8579024076461792,39,5,0,327
unrestricted_lam,LAM1110,program_5,ATP5L,0.8460630774497986,40,5,0,327
unrestricted_lam,LAM1110,program_5,CTSC,0.8435173034667969,41,5,0,327
unrestricted_lam,LAM1110,program_5,DBI,0.8387624621391296,42,5,0,327
unrestricted_lam,LAM1110,program_5,RAC1,0.8319481611251831,43,5,0,327
unrestricted_lam,LAM1110,program_5,PABPC1,0.8263511061668396,44,5,0,327
unrestricted_lam,LAM1110,program_5,GABARAP,0.8151258826255798,45,5,0,327
unrestricted_lam,LAM1110,program_5,H3F3B,0.814170241355896,46,5,0,327
unrestricted_lam,LAM1110,program_5,GZMB,0.808560848236084,47,5,0,327
unrestricted_lam,LAM1110,program_5,TXN,0.8034017086029053,48,5,0,327
unrestricted_lam,LAM1110,program_5,H2AFZ,0.8014087080955505,49,5,0,327
unrestricted_lam,LAM1110,program_5,COX8A,0.7951005697250366,50,5,0,327
unrestricted_lam,LAM1158,program_1,TSPO,4.480254650115967,1,5,0,346
unrestricted_lam,LAM1158,program_1,GDI2,4.201474666595459,2,5,0,346
unrestricted_lam,LAM1158,program_1,PTP4A1,3.49320125579834,3,5,0,346
unrestricted_lam,LAM1158,program_1,TREM2,3.451645612716675,4,5,0,346
unrestricted_lam,LAM1158,program_1,TGFBR2,3.376483678817749,5,5,0,346
unrestricted_lam,LAM1158,program_1,ARHGDIB,3.2534708976745605,6,5,0,346
unrestricted_lam,LAM1158,program_1,RPS6,3.1850764751434326,7,5,0,346
unrestricted_lam,LAM1158,program_1,GDF15,3.010831117630005,8,5,0,346
unrestricted_lam,LAM1158,program_1,PBX1,2.9481308460235596,9,5,0,346
unrestricted_lam,LAM1158,program_1,CD63,2.9261739253997803,10,5,0,346
unrestricted_lam,LAM1158,program_1,BRD2,2.88344407081604,11,5,0,346
unrestricted_lam,LAM1158,program_1,CTSZ,2.865920305252075,12,5,0,346
unrestricted_lam,LAM1158,program_1,AES,2.8602237701416016,13,5,0,346
unrestricted_lam,LAM1158,program_1,HSPD1,2.821312665939331,14,5,0,346
unrestricted_lam,LAM1158,program_1,PROM1,2.7039287090301514,15,5,0,346
unrestricted_lam,LAM1158,program_1,TUBA4A,2.6599767208099365,16,5,0,346
unrestricted_lam,LAM1158,program_1,LITAF,2.60809588432312,17,5,0,346
unrestricted_lam,LAM1158,program_1,RTN4,2.5598161220550537,18,5,0,346
unrestricted_lam,LAM1158,program_1,MCL1,2.471588611602783,19,5,0,346
unrestricted_lam,LAM1158,program_1,SRSF7,2.4707272052764893,20,5,0,346
unrestricted_lam,LAM1158,program_1,FLNA,2.415644645690918,21,5,0,346
unrestricted_lam,LAM1158,program_1,HMGA2,2.327849864959717,22,5,0,346
unrestricted_lam,LAM1158,program_1,NFKBIA,2.2728922367095947,23,5,0,346
unrestricted_lam,LAM1158,program_1,CFL1,2.2191689014434814,24,5,0,346
unrestricted_lam,LAM1158,program_1,SLC2A3,2.2170774936676025,25,5,0,346
unrestricted_lam,LAM1158,program_1,SLC25A6,2.203240394592285,26,5,0,346
unrestricted_lam,LAM1158,program_1,YPEL5,2.170422077178955,27,5,0,346
unrestricted_lam,LAM1158,program_1,HLA-DQB1,2.053790807723999,28,5,0,346
unrestricted_lam,LAM1158,program_1,SLC34A2,2.04485821723938,29,5,0,346
unrestricted_lam,LAM1158,program_1,CTSH,2.025719404220581,30,5,0,346
unrestricted_lam,LAM1158,program_1,WFDC2,2.0201334953308105,31,5,0,346
unrestricted_lam,LAM1158,program_1,GABARAP,2.000929355621338,32,5,0,346
unrestricted_lam,LAM1158,program_1,CTSC,1.9709415435791016,33,5,0,346
unrestricted_lam,LAM1158,program_1,HNRNPA2B1,1.8981503248214722,34,5,0,346
unrestricted_lam,LAM1158,program_1,IL7R,1.875067949295044,35,5,0,346
unrestricted_lam,LAM1158,program_1,HSPA8,1.870897650718689,36,5,0,346
unrestricted_lam,LAM1158,program_1,HINT1,1.8705792427062988,37,5,0,346
unrestricted_lam,LAM1158,program_1,GNG5,1.8650150299072266,38,5,0,346
unrestricted_lam,LAM1158,program_1,LGALS3,1.862512230873108,39,5,0,346
unrestricted_lam,LAM1158,program_1,MUC1,1.8423328399658203,40,5,0,346
unrestricted_lam,LAM1158,program_1,ZNF331,1.8078575134277344,41,5,0,346
unrestricted_lam,LAM1158,program_1,EEF2,1.7962630987167358,42,5,0,346
unrestricted_lam,LAM1158,program_1,COL6A2,1.7939014434814453,43,5,0,346
unrestricted_lam,LAM1158,program_1,GRN,1.7801593542099,44,5,0,346
unrestricted_lam,LAM1158,program_1,SNRPD2,1.74228036403656,45,5,0,346
unrestricted_lam,LAM1158,program_1,MMP8,1.7331081628799438,46,5,0,346
unrestricted_lam,LAM1158,program_1,HLA-DQA1,1.7206192016601562,47,5,0,346
unrestricted_lam,LAM1158,program_1,JUN,1.7112054824829102,48,5,0,346
unrestricted_lam,LAM1158,program_1,UBA52,1.698861837387085,49,5,0,346
unrestricted_lam,LAM1158,program_1,HMGN2,1.689328908920288,50,5,0,346
unrestricted_lam,LAM1158,program_2,TSPO,2.3105478286743164,1,5,0,346
unrestricted_lam,LAM1158,program_2,GDI2,2.058671474456787,2,5,0,346
unrestricted_lam,LAM1158,program_2,PABPC1,1.905685305595398,3,5,0,346
unrestricted_lam,LAM1158,program_2,BRD2,1.8916114568710327,4,5,0,346
unrestricted_lam,LAM1158,program_2,ARHGDIB,1.7524745464324951,5,5,0,346
unrestricted_lam,LAM1158,program_2,PTP4A1,1.6704857349395752,6,5,0,346
unrestricted_lam,LAM1158,program_2,TREM2,1.63820219039917,7,5,0,346
unrestricted_lam,LAM1158,program_2,CFL1,1.5568970441818237,8,5,0,346
unrestricted_lam,LAM1158,program_2,AES,1.546600103378296,9,5,0,346
unrestricted_lam,LAM1158,program_2,GZMB,1.4918605089187622,10,5,0,346
unrestricted_lam,LAM1158,program_2,CD63,1.478218913078308,11,5,0,346
unrestricted_lam,LAM1158,program_2,TGFBR2,1.4763143062591553,12,5,0,346
unrestricted_lam,LAM1158,program_2,COX6A1,1.473219394683838,13,5,0,346
unrestricted_lam,LAM1158,program_2,GDF15,1.418757438659668,14,5,0,346
unrestricted_lam,LAM1158,program_2,RPS6,1.3904001712799072,15,5,0,346
unrestricted_lam,LAM1158,program_2,SLC2A3,1.3370200395584106,16,5,0,346
unrestricted_lam,LAM1158,program_2,TUBA4A,1.3233237266540527,17,5,0,346
unrestricted_lam,LAM1158,program_2,MYL6,1.2993625402450562,18,5,0,346
unrestricted_lam,LAM1158,program_2,PBX1,1.2984122037887573,19,5,0,346
unrestricted_lam,LAM1158,program_2,ACTR3,1.2962692975997925,20,5,0,346
unrestricted_lam,LAM1158,program_2,PROM1,1.293763518333435,21,5,0,346
unrestricted_lam,LAM1158,program_2,CTSZ,1.2896114587783813,22,5,0,346
unrestricted_lam,LAM1158,program_2,HMGA2,1.287522792816162,23,5,0,346
unrestricted_lam,LAM1158,program_2,TUBA1B,1.2815736532211304,24,5,0,346
unrestricted_lam,LAM1158,program_2,DDIT4,1.2787895202636719,25,5,0,346
unrestricted_lam,LAM1158,program_2,RTN4,1.2607812881469727,26,5,0,346
unrestricted_lam,LAM1158,program_2,MUC1,1.257838249206543,27,5,0,346
unrestricted_lam,LAM1158,program_2,HSPD1,1.2510395050048828,28,5,0,346
unrestricted_lam,LAM1158,program_2,TBCA,1.2403905391693115,29,5,0,346
unrestricted_lam,LAM1158,program_2,SRSF7,1.2336605787277222,30,5,0,346
unrestricted_lam,LAM1158,program_2,EEF2,1.229189395904541,31,5,0,346
unrestricted_lam,LAM1158,program_2,HLA-DQA1,1.1177477836608887,32,5,0,346
unrestricted_lam,LAM1158,program_2,HLA-DQB1,1.1144508123397827,33,5,0,346
unrestricted_lam,LAM1158,program_2,HSPA8,1.1128344535827637,34,5,0,346
unrestricted_lam,LAM1158,program_2,AC090498.1,1.1015080213546753,35,5,0,346
unrestricted_lam,LAM1158,program_2,IGF1R,1.0752389430999756,36,5,0,346
unrestricted_lam,LAM1158,program_2,PRDX1,1.069649338722229,37,5,0,346
unrestricted_lam,LAM1158,program_2,ADIRF,1.0694140195846558,38,5,0,346
unrestricted_lam,LAM1158,program_2,PRR13,1.068021535873413,39,5,0,346
unrestricted_lam,LAM1158,program_2,HINT1,1.0646661520004272,40,5,0,346
unrestricted_lam,LAM1158,program_2,HSP90AB1,1.0581859350204468,41,5,0,346
unrestricted_lam,LAM1158,program_2,DYNLL1,1.0538049936294556,42,5,0,346
unrestricted_lam,LAM1158,program_2,KLRB1,1.0521140098571777,43,5,0,346
unrestricted_lam,LAM1158,program_2,HNRNPM,1.052010416984558,44,5,0,346
unrestricted_lam,LAM1158,program_2,H2AFZ,1.0461026430130005,45,5,0,346
unrestricted_lam,LAM1158,program_2,ARPC2,1.038707971572876,46,5,0,346
unrestricted_lam,LAM1158,program_2,FXYD5,1.029392957687378,47,5,0,346
unrestricted_lam,LAM1158,program_2,FLNA,1.0269049406051636,48,5,0,346
unrestricted_lam,LAM1158,program_2,BHLHE40,1.020566463470459,49,5,0,346
unrestricted_lam,LAM1158,program_2,ZNF331,1.018229365348816,50,5,0,346
unrestricted_lam,LAM1158,program_3,BCL2L1,4.567014217376709,1,5,0,346
unrestricted_lam,LAM1158,program_3,SFTPA1,3.347761869430542,2,5,0,346
unrestricted_lam,LAM1158,program_3,COL1A1,3.201885938644409,3,5,0,346
unrestricted_lam,LAM1158,program_3,TSPO,3.1281096935272217,4,5,0,346
unrestricted_lam,LAM1158,program_3,GDI2,2.561979055404663,5,5,0,346
unrestricted_lam,LAM1158,program_3,PTP4A1,2.3802826404571533,6,5,0,346
unrestricted_lam,LAM1158,program_3,MYH11,2.304455518722534,7,5,0,346
unrestricted_lam,LAM1158,program_3,TREM2,1.9320907592773438,8,5,0,346
unrestricted_lam,LAM1158,program_3,TGFBR2,1.9273724555969238,9,5,0,346
unrestricted_lam,LAM1158,program_3,RPS6,1.9167964458465576,10,5,0,346
unrestricted_lam,LAM1158,program_3,PBX1,1.8588722944259644,11,5,0,346
unrestricted_lam,LAM1158,program_3,HLA-E,1.754647970199585,12,5,0,346
unrestricted_lam,LAM1158,program_3,IGFBP7,1.7499847412109375,13,5,0,346
unrestricted_lam,LAM1158,program_3,TUBA4A,1.7440201044082642,14,5,0,346
unrestricted_lam,LAM1158,program_3,MT1E,1.741660714149475,15,5,0,346
unrestricted_lam,LAM1158,program_3,GDF15,1.7195135354995728,16,5,0,346
unrestricted_lam,LAM1158,program_3,BRD2,1.6198755502700806,17,5,0,346
unrestricted_lam,LAM1158,program_3,ENO1,1.5812838077545166,18,5,0,346
unrestricted_lam,LAM1158,program_3,CTSZ,1.5720540285110474,19,5,0,346
unrestricted_lam,LAM1158,program_3,HOXA9,1.5612574815750122,20,5,0,346
unrestricted_lam,LAM1158,program_3,PROM1,1.5589299201965332,21,5,0,346
unrestricted_lam,LAM1158,program_3,AES,1.5575284957885742,22,5,0,346
unrestricted_lam,LAM1158,program_3,REL,1.5475858449935913,23,5,0,346
unrestricted_lam,LAM1158,program_3,SDCBP,1.5408467054367065,24,5,0,346
unrestricted_lam,LAM1158,program_3,ARHGDIB,1.5095568895339966,25,5,0,346
unrestricted_lam,LAM1158,program_3,AC090498.1,1.5002057552337646,26,5,0,346
unrestricted_lam,LAM1158,program_3,RTN4,1.478898048400879,27,5,0,346
unrestricted_lam,LAM1158,program_3,HLA-DQA1,1.4503378868103027,28,5,0,346
unrestricted_lam,LAM1158,program_3,HMGA2,1.4443738460540771,29,5,0,346
unrestricted_lam,LAM1158,program_3,EEF2,1.426463007926941,30,5,0,346
unrestricted_lam,LAM1158,program_3,NFKBIA,1.3876240253448486,31,5,0,346
unrestricted_lam,LAM1158,program_3,ATP5G2,1.3823953866958618,32,5,0,346
unrestricted_lam,LAM1158,program_3,RPL3,1.3598462343215942,33,5,0,346
unrestricted_lam,LAM1158,program_3,MUC1,1.3453278541564941,34,5,0,346
unrestricted_lam,LAM1158,program_3,CYTIP,1.3372429609298706,35,5,0,346
unrestricted_lam,LAM1158,program_3,RHOB,1.3291786909103394,36,5,0,346
unrestricted_lam,LAM1158,program_3,SRSF7,1.3194564580917358,37,5,0,346
unrestricted_lam,LAM1158,program_3,H2AFZ,1.3179086446762085,38,5,0,346
unrestricted_lam,LAM1158,program_3,TUBB4B,1.3013768196105957,39,5,0,346
unrestricted_lam,LAM1158,program_3,ATP6V0B,1.2784216403961182,40,5,0,346
unrestricted_lam,LAM1158,program_3,CD63,1.2679603099822998,41,5,0,346
unrestricted_lam,LAM1158,program_3,CLDN5,1.258998155593872,42,5,0,346
unrestricted_lam,LAM1158,program_3,HSPD1,1.2565110921859741,43,5,0,346
unrestricted_lam,LAM1158,program_3,SLC25A6,1.2447057962417603,44,5,0,346
unrestricted_lam,LAM1158,program_3,HSPE1,1.2289239168167114,45,5,0,346
unrestricted_lam,LAM1158,program_3,CYR61,1.2171162366867065,46,5,0,346
unrestricted_lam,LAM1158,program_3,PPP1R10,1.2144700288772583,47,5,0,346
unrestricted_lam,LAM1158,program_3,MCL1,1.2135058641433716,48,5,0,346
unrestricted_lam,LAM1158,program_3,CIRBP,1.2093312740325928,49,5,0,346
unrestricted_lam,LAM1158,program_3,HNRNPK,1.206336259841919,50,5,0,346
unrestricted_lam,LAM1158,program_4,TSPO,2.0888142585754395,1,5,0,346
unrestricted_lam,LAM1158,program_4,GDI2,1.7341172695159912,2,5,0,346
unrestricted_lam,LAM1158,program_4,GPX4,1.5658196210861206,3,5,0,346
unrestricted_lam,LAM1158,program_4,SARAF,1.4992231130599976,4,5,0,346
unrestricted_lam,LAM1158,program_4,TREM2,1.4299970865249634,5,5,0,346
unrestricted_lam,LAM1158,program_4,PTP4A1,1.3925713300704956,6,5,0,346
unrestricted_lam,LAM1158,program_4,AES,1.3641469478607178,7,5,0,346
unrestricted_lam,LAM1158,program_4,ARHGDIB,1.3636770248413086,8,5,0,346
unrestricted_lam,LAM1158,program_4,HLA-DQA1,1.300773024559021,9,5,0,346
unrestricted_lam,LAM1158,program_4,CXCR4,1.28800368309021,10,5,0,346
unrestricted_lam,LAM1158,program_4,GPNMB,1.2542716264724731,11,5,0,346
unrestricted_lam,LAM1158,program_4,ITM2B,1.2275161743164062,12,5,0,346
unrestricted_lam,LAM1158,program_4,CFL1,1.217667579650879,13,5,0,346
unrestricted_lam,LAM1158,program_4,RPS6,1.2168959379196167,14,5,0,346
unrestricted_lam,LAM1158,program_4,PTGDS,1.216009497642517,15,5,0,346
unrestricted_lam,LAM1158,program_4,HSPD1,1.2148765325546265,16,5,0,346
unrestricted_lam,LAM1158,program_4,BRD2,1.206905722618103,17,5,0,346
unrestricted_lam,LAM1158,program_4,IL7R,1.2035877704620361,18,5,0,346
unrestricted_lam,LAM1158,program_4,DES,1.1876051425933838,19,5,0,346
unrestricted_lam,LAM1158,program_4,CD55,1.185096025466919,20,5,0,346
unrestricted_lam,LAM1158,program_4,PBX1,1.1767572164535522,21,5,0,346
unrestricted_lam,LAM1158,program_4,COA3,1.1640992164611816,22,5,0,346
unrestricted_lam,LAM1158,program_4,GDF15,1.1591975688934326,23,5,0,346
unrestricted_lam,LAM1158,program_4,RPL3,1.1424405574798584,24,5,0,346
unrestricted_lam,LAM1158,program_4,CALM2,1.1409088373184204,25,5,0,346
unrestricted_lam,LAM1158,program_4,GLRX,1.1396983861923218,26,5,0,346
unrestricted_lam,LAM1158,program_4,TUBB4B,1.1354972124099731,27,5,0,346
unrestricted_lam,LAM1158,program_4,HMGA2,1.1215978860855103,28,5,0,346
unrestricted_lam,LAM1158,program_4,CD9,1.1170995235443115,29,5,0,346
unrestricted_lam,LAM1158,program_4,FYB,1.1147040128707886,30,5,0,346
unrestricted_lam,LAM1158,program_4,CCNI,1.1112817525863647,31,5,0,346
unrestricted_lam,LAM1158,program_4,KRTCAP2,1.0809812545776367,32,5,0,346
unrestricted_lam,LAM1158,program_4,HMOX1,1.0722459554672241,33,5,0,346
unrestricted_lam,LAM1158,program_4,CTSZ,1.0713382959365845,34,5,0,346
unrestricted_lam,LAM1158,program_4,TUBA4A,1.070707082748413,35,5,0,346
unrestricted_lam,LAM1158,program_4,TGFBR2,1.0705881118774414,36,5,0,346
unrestricted_lam,LAM1158,program_4,DYNLL1,1.0432559251785278,37,5,0,346
unrestricted_lam,LAM1158,program_4,CITED2,1.0302066802978516,38,5,0,346
unrestricted_lam,LAM1158,program_4,CLIC1,1.0287452936172485,39,5,0,346
unrestricted_lam,LAM1158,program_4,HOXA9,1.0059741735458374,40,5,0,346
unrestricted_lam,LAM1158,program_4,ATP2B1,1.0027694702148438,41,5,0,346
unrestricted_lam,LAM1158,program_4,ARPC2,1.002464771270752,42,5,0,346
unrestricted_lam,LAM1158,program_4,PTPRC,0.9799114465713501,43,5,0,346
unrestricted_lam,LAM1158,program_4,DCTN3,0.979161262512207,44,5,0,346
unrestricted_lam,LAM1158,program_4,TUBA1B,0.9768794775009155,45,5,0,346
unrestricted_lam,LAM1158,program_4,CALM1,0.9587858319282532,46,5,0,346
unrestricted_lam,LAM1158,program_4,OAZ1,0.9526247382164001,47,5,0,346
unrestricted_lam,LAM1158,program_4,TOMM7,0.9521626234054565,48,5,0,346
unrestricted_lam,LAM1158,program_4,EMP3,0.9413350224494934,49,5,0,346
unrestricted_lam,LAM1158,program_4,SAP18,0.9409452080726624,50,5,0,346
unrestricted_lam,LAM1158,program_5,BRD2,2.2924327850341797,1,5,0,346
unrestricted_lam,LAM1158,program_5,ARHGDIB,2.1698193550109863,2,5,0,346
unrestricted_lam,LAM1158,program_5,TPM2,1.9580274820327759,3,5,0,346
unrestricted_lam,LAM1158,program_5,PGR,1.9182806015014648,4,5,0,346
unrestricted_lam,LAM1158,program_5,CD63,1.915021538734436,5,5,0,346
unrestricted_lam,LAM1158,program_5,DCN,1.8703022003173828,6,5,0,346
unrestricted_lam,LAM1158,program_5,SOD2,1.7903457880020142,7,5,0,346
unrestricted_lam,LAM1158,program_5,TUBA1B,1.7448515892028809,8,5,0,346
unrestricted_lam,LAM1158,program_5,STAT3,1.7406319379806519,9,5,0,346
unrestricted_lam,LAM1158,program_5,GDI2,1.7109808921813965,10,5,0,346
unrestricted_lam,LAM1158,program_5,HLA-DQB1,1.6570923328399658,11,5,0,346
unrestricted_lam,LAM1158,program_5,TSPO,1.6234744787216187,12,5,0,346
unrestricted_lam,LAM1158,program_5,HLA-DQA1,1.6065561771392822,13,5,0,346
unrestricted_lam,LAM1158,program_5,CFL1,1.6043384075164795,14,5,0,346
unrestricted_lam,LAM1158,program_5,DES,1.593761682510376,15,5,0,346
unrestricted_lam,LAM1158,program_5,PTP4A1,1.582561731338501,16,5,0,346
unrestricted_lam,LAM1158,program_5,TAGLN2,1.4867684841156006,17,5,0,346
unrestricted_lam,LAM1158,program_5,CXCR4,1.469086766242981,18,5,0,346
unrestricted_lam,LAM1158,program_5,MYH11,1.4465616941452026,19,5,0,346
unrestricted_lam,LAM1158,program_5,YBX1,1.4289623498916626,20,5,0,346
unrestricted_lam,LAM1158,program_5,PRDX5,1.4220936298370361,21,5,0,346
unrestricted_lam,LAM1158,program_5,CTSB,1.4140492677688599,22,5,0,346
unrestricted_lam,LAM1158,program_5,SLC2A3,1.405830979347229,23,5,0,346
unrestricted_lam,LAM1158,program_5,HLA-A,1.374019980430603,24,5,0,346
unrestricted_lam,LAM1158,program_5,MIF,1.3714282512664795,25,5,0,346
unrestricted_lam,LAM1158,program_5,HMGN3,1.3638861179351807,26,5,0,346
unrestricted_lam,LAM1158,program_5,APOE,1.3407385349273682,27,5,0,346
unrestricted_lam,LAM1158,program_5,MUC1,1.3349558115005493,28,5,0,346
unrestricted_lam,LAM1158,program_5,WSB1,1.3287042379379272,29,5,0,346
unrestricted_lam,LAM1158,program_5,JAK1,1.314008116722107,30,5,0,346
unrestricted_lam,LAM1158,program_5,TUBA4A,1.3075556755065918,31,5,0,346
unrestricted_lam,LAM1158,program_5,SARAF,1.3074804544448853,32,5,0,346
unrestricted_lam,LAM1158,program_5,MYL12A,1.3049203157424927,33,5,0,346
unrestricted_lam,LAM1158,program_5,ARPC2,1.3039742708206177,34,5,0,346
unrestricted_lam,LAM1158,program_5,HSPA8,1.2992538213729858,35,5,0,346
unrestricted_lam,LAM1158,program_5,PPP1R15A,1.2765580415725708,36,5,0,346
unrestricted_lam,LAM1158,program_5,H3F3A,1.2758615016937256,37,5,0,346
unrestricted_lam,LAM1158,program_5,OAZ1,1.2756503820419312,38,5,0,346
unrestricted_lam,LAM1158,program_5,H2AFZ,1.2660927772521973,39,5,0,346
unrestricted_lam,LAM1158,program_5,IL7R,1.262333631515503,40,5,0,346
unrestricted_lam,LAM1158,program_5,CTSZ,1.2580262422561646,41,5,0,346
unrestricted_lam,LAM1158,program_5,MYL6,1.2353832721710205,42,5,0,346
unrestricted_lam,LAM1158,program_5,AES,1.2339460849761963,43,5,0,346
unrestricted_lam,LAM1158,program_5,SQSTM1,1.2323664426803589,44,5,0,346
unrestricted_lam,LAM1158,program_5,TREM2,1.2255555391311646,45,5,0,346
unrestricted_lam,LAM1158,program_5,NAMPT,1.2227717638015747,46,5,0,346
unrestricted_lam,LAM1158,program_5,CITED2,1.2023594379425049,47,5,0,346
unrestricted_lam,LAM1158,program_5,FBP1,1.1762464046478271,48,5,0,346
unrestricted_lam,LAM1158,program_5,ACTG1,1.1746265888214111,49,5,0,346
unrestricted_lam,LAM1158,program_5,CTSS,1.1739630699157715,50,5,0,346
unrestricted_lam,LAM1163,program_1,IL32,2.5096211433410645,1,6,0,1500
unrestricted_lam,LAM1163,program_1,ARHGDIB,2.4382667541503906,2,6,0,1500
unrestricted_lam,LAM1163,program_1,STK17A,2.4228928089141846,3,6,0,1500
unrestricted_lam,LAM1163,program_1,CTSK,2.2366368770599365,4,6,0,1500
unrestricted_lam,LAM1163,program_1,HSP90AA1,2.2339909076690674,5,6,0,1500
unrestricted_lam,LAM1163,program_1,MALAT1,2.1020162105560303,6,6,0,1500
unrestricted_lam,LAM1163,program_1,RPS8,2.100785970687866,7,6,0,1500
unrestricted_lam,LAM1163,program_1,CDC37,2.029764175415039,8,6,0,1500
unrestricted_lam,LAM1163,program_1,TMSB10,1.9354381561279297,9,6,0,1500
unrestricted_lam,LAM1163,program_1,RBBP6,1.8732342720031738,10,6,0,1500
unrestricted_lam,LAM1163,program_1,EIF4B,1.83159601688385,11,6,0,1500
unrestricted_lam,LAM1163,program_1,EZR,1.728406310081482,12,6,0,1500
unrestricted_lam,LAM1163,program_1,RPS3,1.726387619972229,13,6,0,1500
unrestricted_lam,LAM1163,program_1,MYL6,1.7141587734222412,14,6,0,1500
unrestricted_lam,LAM1163,program_1,RPLP0,1.6988246440887451,15,6,0,1500
unrestricted_lam,LAM1163,program_1,GZMB,1.6948976516723633,16,6,0,1500
unrestricted_lam,LAM1163,program_1,HMGN1,1.6617225408554077,17,6,0,1500
unrestricted_lam,LAM1163,program_1,RBM3,1.6579276323318481,18,6,0,1500
unrestricted_lam,LAM1163,program_1,SELK,1.6554038524627686,19,6,0,1500
unrestricted_lam,LAM1163,program_1,CCL4L2,1.6338615417480469,20,6,0,1500
unrestricted_lam,LAM1163,program_1,PLIN2,1.6310802698135376,21,6,0,1500
unrestricted_lam,LAM1163,program_1,HOXA10,1.6195117235183716,22,6,0,1500
unrestricted_lam,LAM1163,program_1,ANXA5,1.617687702178955,23,6,0,1500
unrestricted_lam,LAM1163,program_1,CALR,1.5758696794509888,24,6,0,1500
unrestricted_lam,LAM1163,program_1,PTGDS,1.572767972946167,25,6,0,1500
unrestricted_lam,LAM1163,program_1,RPS6,1.5674248933792114,26,6,0,1500
unrestricted_lam,LAM1163,program_1,HOXD11,1.546155571937561,27,6,0,1500
unrestricted_lam,LAM1163,program_1,ATP6V0B,1.5295026302337646,28,6,0,1500
unrestricted_lam,LAM1163,program_1,BRD2,1.5058668851852417,29,6,0,1500
unrestricted_lam,LAM1163,program_1,FN1,1.498429775238037,30,6,0,1500
unrestricted_lam,LAM1163,program_1,HSP90AB1,1.4841129779815674,31,6,0,1500
unrestricted_lam,LAM1163,program_1,GSN,1.4688221216201782,32,6,0,1500
unrestricted_lam,LAM1163,program_1,IFIT1,1.4673125743865967,33,6,0,1500
unrestricted_lam,LAM1163,program_1,CALM2,1.4534409046173096,34,6,0,1500
unrestricted_lam,LAM1163,program_1,AIF1,1.4223533868789673,35,6,0,1500
unrestricted_lam,LAM1163,program_1,SDCBP,1.416678547859192,36,6,0,1500
unrestricted_lam,LAM1163,program_1,SUMO2,1.409637689590454,37,6,0,1500
unrestricted_lam,LAM1163,program_1,DDX5,1.3905318975448608,38,6,0,1500
unrestricted_lam,LAM1163,program_1,MGST1,1.368117094039917,39,6,0,1500
unrestricted_lam,LAM1163,program_1,PRDX1,1.360718011856079,40,6,0,1500
unrestricted_lam,LAM1163,program_1,MGP,1.3590089082717896,41,6,0,1500
unrestricted_lam,LAM1163,program_1,HSPB1,1.349083662033081,42,6,0,1500
unrestricted_lam,LAM1163,program_1,CD99,1.3368366956710815,43,6,0,1500
unrestricted_lam,LAM1163,program_1,ARPC2,1.3363447189331055,44,6,0,1500
unrestricted_lam,LAM1163,program_1,CTSB,1.3321166038513184,45,6,0,1500
unrestricted_lam,LAM1163,program_1,TNFAIP3,1.2955342531204224,46,6,0,1500
unrestricted_lam,LAM1163,program_1,TYROBP,1.288818597793579,47,6,0,1500
unrestricted_lam,LAM1163,program_1,HLA-C,1.2865101099014282,48,6,0,1500
unrestricted_lam,LAM1163,program_1,TUBB,1.2814992666244507,49,6,0,1500
unrestricted_lam,LAM1163,program_1,SOD2,1.2624402046203613,50,6,0,1500
unrestricted_lam,LAM1163,program_2,HSP90AA1,1.2793269157409668,1,6,0,1500
unrestricted_lam,LAM1163,program_2,STK17A,1.2644273042678833,2,6,0,1500
unrestricted_lam,LAM1163,program_2,IL32,1.0843130350112915,3,6,0,1500
unrestricted_lam,LAM1163,program_2,KLRB1,1.0578274726867676,4,6,0,1500
unrestricted_lam,LAM1163,program_2,H2AFZ,1.0357317924499512,5,6,0,1500
unrestricted_lam,LAM1163,program_2,RPS8,1.0327086448669434,6,6,0,1500
unrestricted_lam,LAM1163,program_2,CALM1,1.0230023860931396,7,6,0,1500
unrestricted_lam,LAM1163,program_2,MALAT1,1.0209476947784424,8,6,0,1500
unrestricted_lam,LAM1163,program_2,TAGLN2,0.990852415561676,9,6,0,1500
unrestricted_lam,LAM1163,program_2,ALDOA,0.9683510065078735,10,6,0,1500
unrestricted_lam,LAM1163,program_2,PTGDS,0.959113597869873,11,6,0,1500
unrestricted_lam,LAM1163,program_2,EIF4B,0.9505665898323059,12,6,0,1500
unrestricted_lam,LAM1163,program_2,CCL4L2,0.9413822889328003,13,6,0,1500
unrestricted_lam,LAM1163,program_2,HSP90AB1,0.9324811697006226,14,6,0,1500
unrestricted_lam,LAM1163,program_2,CFL1,0.9151241779327393,15,6,0,1500
unrestricted_lam,LAM1163,program_2,SLC34A2,0.9070779085159302,16,6,0,1500
unrestricted_lam,LAM1163,program_2,CDC37,0.9022713303565979,17,6,0,1500
unrestricted_lam,LAM1163,program_2,HIF1A,0.8885818719863892,18,6,0,1500
unrestricted_lam,LAM1163,program_2,ATP5E,0.8847071528434753,19,6,0,1500
unrestricted_lam,LAM1163,program_2,PPP1R15A,0.8820764422416687,20,6,0,1500
unrestricted_lam,LAM1163,program_2,PPDPF,0.8749127388000488,21,6,0,1500
unrestricted_lam,LAM1163,program_2,HSPA1A,0.868995189666748,22,6,0,1500
unrestricted_lam,LAM1163,program_2,EIF4E,0.8631919622421265,23,6,0,1500
unrestricted_lam,LAM1163,program_2,RPLP0,0.853106677532196,24,6,0,1500
unrestricted_lam,LAM1163,program_2,ANXA5,0.8424496650695801,25,6,0,1500
unrestricted_lam,LAM1163,program_2,FCGR3A,0.841189444065094,26,6,0,1500
unrestricted_lam,LAM1163,program_2,SELK,0.818223774433136,27,6,0,1500
unrestricted_lam,LAM1163,program_2,LITAF,0.8173922300338745,28,6,0,1500
unrestricted_lam,LAM1163,program_2,ZFAND5,0.7884790897369385,29,6,0,1500
unrestricted_lam,LAM1163,program_2,RPS6,0.7876901030540466,30,6,0,1500
unrestricted_lam,LAM1163,program_2,RPS3,0.7868240475654602,31,6,0,1500
unrestricted_lam,LAM1163,program_2,RBBP6,0.7767314910888672,32,6,0,1500
unrestricted_lam,LAM1163,program_2,HMGN1,0.7764880061149597,33,6,0,1500
unrestricted_lam,LAM1163,program_2,HMGN2,0.7680728435516357,34,6,0,1500
unrestricted_lam,LAM1163,program_2,UBA52,0.7609982490539551,35,6,0,1500
unrestricted_lam,LAM1163,program_2,BRD2,0.7563311457633972,36,6,0,1500
unrestricted_lam,LAM1163,program_2,RAC1,0.7391388416290283,37,6,0,1500
unrestricted_lam,LAM1163,program_2,PABPC1,0.7363191843032837,38,6,0,1500
unrestricted_lam,LAM1163,program_2,LY6E,0.7298687100410461,39,6,0,1500
unrestricted_lam,LAM1163,program_2,ARHGDIB,0.7257741093635559,40,6,0,1500
unrestricted_lam,LAM1163,program_2,TUFM,0.7223101258277893,41,6,0,1500
unrestricted_lam,LAM1163,program_2,TNFAIP3,0.7201988101005554,42,6,0,1500
unrestricted_lam,LAM1163,program_2,OAZ1,0.7104836106300354,43,6,0,1500
unrestricted_lam,LAM1163,program_2,IFI27,0.7101538777351379,44,6,0,1500
unrestricted_lam,LAM1163,program_2,ATPIF1,0.7097979187965393,45,6,0,1500
unrestricted_lam,LAM1163,program_2,DDX5,0.704118549823761,46,6,0,1500
unrestricted_lam,LAM1163,program_2,SUMO2,0.7035669088363647,47,6,0,1500
unrestricted_lam,LAM1163,program_2,UBE2B,0.7034983038902283,48,6,0,1500
unrestricted_lam,LAM1163,program_2,SDCBP,0.6891211867332458,49,6,0,1500
unrestricted_lam,LAM1163,program_2,SFPQ,0.687229335308075,50,6,0,1500
unrestricted_lam,LAM1163,program_3,HSP90AA1,2.367011070251465,1,6,0,1500
unrestricted_lam,LAM1163,program_3,MALAT1,2.296029567718506,2,6,0,1500
unrestricted_lam,LAM1163,program_3,IL32,1.8289673328399658,3,6,0,1500
unrestricted_lam,LAM1163,program_3,STK17A,1.7484275102615356,4,6,0,1500
unrestricted_lam,LAM1163,program_3,CXCR4,1.7418031692504883,5,6,0,1500
unrestricted_lam,LAM1163,program_3,ARHGDIB,1.733036756515503,6,6,0,1500
unrestricted_lam,LAM1163,program_3,RPS3,1.4900150299072266,7,6,0,1500
unrestricted_lam,LAM1163,program_3,TIMP2,1.4792816638946533,8,6,0,1500
unrestricted_lam,LAM1163,program_3,CTSH,1.471869707107544,9,6,0,1500
unrestricted_lam,LAM1163,program_3,EIF4G2,1.444961667060852,10,6,0,1500
unrestricted_lam,LAM1163,program_3,CCNI,1.410935878753662,11,6,0,1500
unrestricted_lam,LAM1163,program_3,SLC2A3,1.3952220678329468,12,6,0,1500
unrestricted_lam,LAM1163,program_3,ANXA5,1.394126296043396,13,6,0,1500
unrestricted_lam,LAM1163,program_3,CXCL17,1.3843388557434082,14,6,0,1500
unrestricted_lam,LAM1163,program_3,CTSK,1.3283535242080688,15,6,0,1500
unrestricted_lam,LAM1163,program_3,NDUFB2,1.30182945728302,16,6,0,1500
unrestricted_lam,LAM1163,program_3,ID2,1.2940980195999146,17,6,0,1500
unrestricted_lam,LAM1163,program_3,HLA-A,1.2921862602233887,18,6,0,1500
unrestricted_lam,LAM1163,program_3,EIF4B,1.2742960453033447,19,6,0,1500
unrestricted_lam,LAM1163,program_3,CTSC,1.260224461555481,20,6,0,1500
unrestricted_lam,LAM1163,program_3,GPX4,1.2356594800949097,21,6,0,1500
unrestricted_lam,LAM1163,program_3,WDR83OS,1.2222163677215576,22,6,0,1500
unrestricted_lam,LAM1163,program_3,RBBP6,1.2166774272918701,23,6,0,1500
unrestricted_lam,LAM1163,program_3,RPS8,1.2155711650848389,24,6,0,1500
unrestricted_lam,LAM1163,program_3,SRSF5,1.2060463428497314,25,6,0,1500
unrestricted_lam,LAM1163,program_3,CDC37,1.1905115842819214,26,6,0,1500
unrestricted_lam,LAM1163,program_3,HMGN1,1.187097191810608,27,6,0,1500
unrestricted_lam,LAM1163,program_3,EEF1D,1.1723003387451172,28,6,0,1500
unrestricted_lam,LAM1163,program_3,MGP,1.1675832271575928,29,6,0,1500
unrestricted_lam,LAM1163,program_3,CFD,1.1611900329589844,30,6,0,1500
unrestricted_lam,LAM1163,program_3,TUBA1B,1.1462644338607788,31,6,0,1500
unrestricted_lam,LAM1163,program_3,CD151,1.1352481842041016,32,6,0,1500
unrestricted_lam,LAM1163,program_3,MIF,1.1317769289016724,33,6,0,1500
unrestricted_lam,LAM1163,program_3,SDCBP,1.114315152168274,34,6,0,1500
unrestricted_lam,LAM1163,program_3,PTGDS,1.1098757982254028,35,6,0,1500
unrestricted_lam,LAM1163,program_3,S100A8,1.1022197008132935,36,6,0,1500
unrestricted_lam,LAM1163,program_3,AQP3,1.100869059562683,37,6,0,1500
unrestricted_lam,LAM1163,program_3,TNFAIP3,1.0857503414154053,38,6,0,1500
unrestricted_lam,LAM1163,program_3,PPP1R15A,1.083768606185913,39,6,0,1500
unrestricted_lam,LAM1163,program_3,SRSF2,1.080048680305481,40,6,0,1500
unrestricted_lam,LAM1163,program_3,SQSTM1,1.0744545459747314,41,6,0,1500
unrestricted_lam,LAM1163,program_3,RBM3,1.0676966905593872,42,6,0,1500
unrestricted_lam,LAM1163,program_3,TSPO,1.0420494079589844,43,6,0,1500
unrestricted_lam,LAM1163,program_3,RPS6,1.0333837270736694,44,6,0,1500
unrestricted_lam,LAM1163,program_3,MTDH,1.029610276222229,45,6,0,1500
unrestricted_lam,LAM1163,program_3,CCL4L2,1.019448161125183,46,6,0,1500
unrestricted_lam,LAM1163,program_3,ARPC3,1.0177161693572998,47,6,0,1500
unrestricted_lam,LAM1163,program_3,RAC2,1.0014963150024414,48,6,0,1500
unrestricted_lam,LAM1163,program_3,FN1,0.9792692065238953,49,6,0,1500
unrestricted_lam,LAM1163,program_3,SOD2,0.975727379322052,50,6,0,1500
unrestricted_lam,LAM1163,program_4,HSP90AA1,4.244239807128906,1,6,0,1500
unrestricted_lam,LAM1163,program_4,STK17A,3.9600563049316406,2,6,0,1500
unrestricted_lam,LAM1163,program_4,RPS3,3.3514821529388428,3,6,0,1500
unrestricted_lam,LAM1163,program_4,MALAT1,3.3500125408172607,4,6,0,1500
unrestricted_lam,LAM1163,program_4,RPS8,3.2230169773101807,5,6,0,1500
unrestricted_lam,LAM1163,program_4,CDC37,3.1049227714538574,6,6,0,1500
unrestricted_lam,LAM1163,program_4,RBBP6,2.989013910293579,7,6,0,1500
unrestricted_lam,LAM1163,program_4,EIF4B,2.9286234378814697,8,6,0,1500
unrestricted_lam,LAM1163,program_4,ANXA5,2.9129934310913086,9,6,0,1500
unrestricted_lam,LAM1163,program_4,RPLP0,2.686704635620117,10,6,0,1500
unrestricted_lam,LAM1163,program_4,ARHGDIB,2.609673023223877,11,6,0,1500
unrestricted_lam,LAM1163,program_4,RPS6,2.568464756011963,12,6,0,1500
unrestricted_lam,LAM1163,program_4,TNFAIP3,2.5579183101654053,13,6,0,1500
unrestricted_lam,LAM1163,program_4,HMGN1,2.5534396171569824,14,6,0,1500
unrestricted_lam,LAM1163,program_4,FN1,2.5070011615753174,15,6,0,1500
unrestricted_lam,LAM1163,program_4,IGFBP7,2.4473679065704346,16,6,0,1500
unrestricted_lam,LAM1163,program_4,MYL6,2.4401605129241943,17,6,0,1500
unrestricted_lam,LAM1163,program_4,GRN,2.3864572048187256,18,6,0,1500
unrestricted_lam,LAM1163,program_4,RBM3,2.3745734691619873,19,6,0,1500
unrestricted_lam,LAM1163,program_4,IL32,2.2667226791381836,20,6,0,1500
unrestricted_lam,LAM1163,program_4,SOD2,2.2154884338378906,21,6,0,1500
unrestricted_lam,LAM1163,program_4,PRDX1,2.1952567100524902,22,6,0,1500
unrestricted_lam,LAM1163,program_4,SERPINE1,2.1851584911346436,23,6,0,1500
unrestricted_lam,LAM1163,program_4,ATP6V0B,2.1079816818237305,24,6,0,1500
unrestricted_lam,LAM1163,program_4,UQCRB,2.07723331451416,25,6,0,1500
unrestricted_lam,LAM1163,program_4,CALR,2.0387144088745117,26,6,0,1500
unrestricted_lam,LAM1163,program_4,TMSB10,1.9549046754837036,27,6,0,1500
unrestricted_lam,LAM1163,program_4,HOXD11,1.9540940523147583,28,6,0,1500
unrestricted_lam,LAM1163,program_4,KLF6,1.9445852041244507,29,6,0,1500
unrestricted_lam,LAM1163,program_4,PGC,1.9147207736968994,30,6,0,1500
unrestricted_lam,LAM1163,program_4,SUMO2,1.8048526048660278,31,6,0,1500
unrestricted_lam,LAM1163,program_4,CEBPB,1.7322044372558594,32,6,0,1500
unrestricted_lam,LAM1163,program_4,HSPE1,1.7180546522140503,33,6,0,1500
unrestricted_lam,LAM1163,program_4,CLU,1.698675274848938,34,6,0,1500
unrestricted_lam,LAM1163,program_4,SEPW1,1.6908764839172363,35,6,0,1500
unrestricted_lam,LAM1163,program_4,CXCR4,1.6907706260681152,36,6,0,1500
unrestricted_lam,LAM1163,program_4,SRSF2,1.6853612661361694,37,6,0,1500
unrestricted_lam,LAM1163,program_4,CFD,1.6701939105987549,38,6,0,1500
unrestricted_lam,LAM1163,program_4,H2AFZ,1.6482436656951904,39,6,0,1500
unrestricted_lam,LAM1163,program_4,NFKBIA,1.6393120288848877,40,6,0,1500
unrestricted_lam,LAM1163,program_4,IFI27,1.615586280822754,41,6,0,1500
unrestricted_lam,LAM1163,program_4,CTSH,1.6152174472808838,42,6,0,1500
unrestricted_lam,LAM1163,program_4,CD83,1.6131591796875,43,6,0,1500
unrestricted_lam,LAM1163,program_4,CXCL3,1.6094220876693726,44,6,0,1500
unrestricted_lam,LAM1163,program_4,TPM3,1.6080418825149536,45,6,0,1500
unrestricted_lam,LAM1163,program_4,PPP1R15A,1.5791254043579102,46,6,0,1500
unrestricted_lam,LAM1163,program_4,HERPUD1,1.5785443782806396,47,6,0,1500
unrestricted_lam,LAM1163,program_4,CALM1,1.5681389570236206,48,6,0,1500
unrestricted_lam,LAM1163,program_4,TUBB,1.5510153770446777,49,6,0,1500
unrestricted_lam,LAM1163,program_4,EZR,1.5487487316131592,50,6,0,1500
unrestricted_lam,LAM1163,program_5,HSP90AA1,1.9755816459655762,1,6,0,1500
unrestricted_lam,LAM1163,program_5,TMA7,1.8010313510894775,2,6,0,1500
unrestricted_lam,LAM1163,program_5,ARHGDIB,1.782812237739563,3,6,0,1500
unrestricted_lam,LAM1163,program_5,MALAT1,1.7604929208755493,4,6,0,1500
unrestricted_lam,LAM1163,program_5,IL32,1.5835366249084473,5,6,0,1500
unrestricted_lam,LAM1163,program_5,STK17A,1.5497815608978271,6,6,0,1500
unrestricted_lam,LAM1163,program_5,HSPB1,1.4008764028549194,7,6,0,1500
unrestricted_lam,LAM1163,program_5,P4HB,1.3940622806549072,8,6,0,1500
unrestricted_lam,LAM1163,program_5,WFDC2,1.366832971572876,9,6,0,1500
unrestricted_lam,LAM1163,program_5,CITED2,1.3455138206481934,10,6,0,1500
unrestricted_lam,LAM1163,program_5,CDC37,1.2938055992126465,11,6,0,1500
unrestricted_lam,LAM1163,program_5,TMSB10,1.278753638267517,12,6,0,1500
unrestricted_lam,LAM1163,program_5,NDUFA1,1.2730927467346191,13,6,0,1500
unrestricted_lam,LAM1163,program_5,RPS8,1.266491413116455,14,6,0,1500
unrestricted_lam,LAM1163,program_5,JUN,1.2491596937179565,15,6,0,1500
unrestricted_lam,LAM1163,program_5,HSP90AB1,1.244567632675171,16,6,0,1500
unrestricted_lam,LAM1163,program_5,EIF4B,1.2304320335388184,17,6,0,1500
unrestricted_lam,LAM1163,program_5,S100A9,1.229232668876648,18,6,0,1500
unrestricted_lam,LAM1163,program_5,STOM,1.2182707786560059,19,6,0,1500
unrestricted_lam,LAM1163,program_5,HOXD11,1.1653012037277222,20,6,0,1500
unrestricted_lam,LAM1163,program_5,SRSF3,1.1581766605377197,21,6,0,1500
unrestricted_lam,LAM1163,program_5,ANXA5,1.1459325551986694,22,6,0,1500
unrestricted_lam,LAM1163,program_5,NEDD4L,1.1399149894714355,23,6,0,1500
unrestricted_lam,LAM1163,program_5,SLC2A3,1.136586308479309,24,6,0,1500
unrestricted_lam,LAM1163,program_5,PTGDS,1.117879867553711,25,6,0,1500
unrestricted_lam,LAM1163,program_5,CXCR4,1.112558364868164,26,6,0,1500
unrestricted_lam,LAM1163,program_5,ITM2B,1.107124924659729,27,6,0,1500
unrestricted_lam,LAM1163,program_5,IFI27,1.0904172658920288,28,6,0,1500
unrestricted_lam,LAM1163,program_5,RBBP6,1.085678219795227,29,6,0,1500
unrestricted_lam,LAM1163,program_5,HMGN1,1.0830484628677368,30,6,0,1500
unrestricted_lam,LAM1163,program_5,CTSH,1.0822685956954956,31,6,0,1500
unrestricted_lam,LAM1163,program_5,LMNA,1.0657479763031006,32,6,0,1500
unrestricted_lam,LAM1163,program_5,CLK1,1.0618315935134888,33,6,0,1500
unrestricted_lam,LAM1163,program_5,RPS3,1.0528327226638794,34,6,0,1500
unrestricted_lam,LAM1163,program_5,SQSTM1,1.0364547967910767,35,6,0,1500
unrestricted_lam,LAM1163,program_5,PTPRC,1.0347243547439575,36,6,0,1500
unrestricted_lam,LAM1163,program_5,DDT,1.003110647201538,37,6,0,1500
unrestricted_lam,LAM1163,program_5,COX6B1,1.0015324354171753,38,6,0,1500
unrestricted_lam,LAM1163,program_5,COX7C,0.9716347455978394,39,6,0,1500
unrestricted_lam,LAM1163,program_5,ENY2,0.9648414254188538,40,6,0,1500
unrestricted_lam,LAM1163,program_5,FN1,0.9501296281814575,41,6,0,1500
unrestricted_lam,LAM1163,program_5,HOXA10,0.9496772885322571,42,6,0,1500
unrestricted_lam,LAM1163,program_5,ARPC5L,0.9456595778465271,43,6,0,1500
unrestricted_lam,LAM1163,program_5,CCL4L2,0.9420599341392517,44,6,0,1500
unrestricted_lam,LAM1163,program_5,AC090498.1,0.9348588585853577,45,6,0,1500
unrestricted_lam,LAM1163,program_5,TNFAIP3,0.9266139268875122,46,6,0,1500
unrestricted_lam,LAM1163,program_5,ATP6V0B,0.9252898693084717,47,6,0,1500
unrestricted_lam,LAM1163,program_5,NME2,0.9222660660743713,48,6,0,1500
unrestricted_lam,LAM1163,program_5,RBM3,0.9200164079666138,49,6,0,1500
unrestricted_lam,LAM1163,program_5,LDHB,0.9194809198379517,50,6,0,1500
unrestricted_lam,LAM1163,program_6,LGR5,5.129106044769287,1,6,0,1500
unrestricted_lam,LAM1163,program_6,SFTPA1,3.6606884002685547,2,6,0,1500
unrestricted_lam,LAM1163,program_6,HSP90AA1,3.4364917278289795,3,6,0,1500
unrestricted_lam,LAM1163,program_6,DDIT4,3.339838981628418,4,6,0,1500
unrestricted_lam,LAM1163,program_6,STK17A,2.7974328994750977,5,6,0,1500
unrestricted_lam,LAM1163,program_6,CDC37,2.4427168369293213,6,6,0,1500
unrestricted_lam,LAM1163,program_6,JUN,2.137739896774292,7,6,0,1500
unrestricted_lam,LAM1163,program_6,NFKBIA,2.1323752403259277,8,6,0,1500
unrestricted_lam,LAM1163,program_6,RPS3,2.1176438331604004,9,6,0,1500
unrestricted_lam,LAM1163,program_6,RPS8,2.07995343208313,10,6,0,1500
unrestricted_lam,LAM1163,program_6,HOXD11,2.0420665740966797,11,6,0,1500
unrestricted_lam,LAM1163,program_6,SERPINA1,2.017212152481079,12,6,0,1500
unrestricted_lam,LAM1163,program_6,RPLP0,2.009995460510254,13,6,0,1500
unrestricted_lam,LAM1163,program_6,GAPDH,1.9853882789611816,14,6,0,1500
unrestricted_lam,LAM1163,program_6,HSPA8,1.9571365118026733,15,6,0,1500
unrestricted_lam,LAM1163,program_6,PRDX5,1.895230770111084,16,6,0,1500
unrestricted_lam,LAM1163,program_6,RPS6,1.8619189262390137,17,6,0,1500
unrestricted_lam,LAM1163,program_6,RBBP6,1.8426322937011719,18,6,0,1500
unrestricted_lam,LAM1163,program_6,IL32,1.7625349760055542,19,6,0,1500
unrestricted_lam,LAM1163,program_6,FN1,1.7382155656814575,20,6,0,1500
unrestricted_lam,LAM1163,program_6,HMGN1,1.7208497524261475,21,6,0,1500
unrestricted_lam,LAM1163,program_6,FGFBP2,1.7156184911727905,22,6,0,1500
unrestricted_lam,LAM1163,program_6,DSTN,1.704185962677002,23,6,0,1500
unrestricted_lam,LAM1163,program_6,IFI27,1.6851259469985962,24,6,0,1500
unrestricted_lam,LAM1163,program_6,MALAT1,1.681465983390808,25,6,0,1500
unrestricted_lam,LAM1163,program_6,TNFAIP3,1.6810107231140137,26,6,0,1500
unrestricted_lam,LAM1163,program_6,CLIC1,1.6382375955581665,27,6,0,1500
unrestricted_lam,LAM1163,program_6,CALM1,1.6130019426345825,28,6,0,1500
unrestricted_lam,LAM1163,program_6,EIF4B,1.592666745185852,29,6,0,1500
unrestricted_lam,LAM1163,program_6,ATP6V0B,1.568929672241211,30,6,0,1500
unrestricted_lam,LAM1163,program_6,MCL1,1.5595967769622803,31,6,0,1500
unrestricted_lam,LAM1163,program_6,CCL4L2,1.5444942712783813,32,6,0,1500
unrestricted_lam,LAM1163,program_6,ANXA5,1.5389981269836426,33,6,0,1500
unrestricted_lam,LAM1163,program_6,HLA-DQB1,1.5139591693878174,34,6,0,1500
unrestricted_lam,LAM1163,program_6,YWHAZ,1.5092933177947998,35,6,0,1500
unrestricted_lam,LAM1163,program_6,RBM3,1.5012508630752563,36,6,0,1500
unrestricted_lam,LAM1163,program_6,HIF1A,1.4860068559646606,37,6,0,1500
unrestricted_lam,LAM1163,program_6,MARCO,1.4519697427749634,38,6,0,1500
unrestricted_lam,LAM1163,program_6,CTSL,1.419650673866272,39,6,0,1500
unrestricted_lam,LAM1163,program_6,ARHGDIB,1.4063224792480469,40,6,0,1500
unrestricted_lam,LAM1163,program_6,UBC,1.4052951335906982,41,6,0,1500
unrestricted_lam,LAM1163,program_6,PPIB,1.4047781229019165,42,6,0,1500
unrestricted_lam,LAM1163,program_6,SDCBP,1.3817976713180542,43,6,0,1500
unrestricted_lam,LAM1163,program_6,CAP1,1.3797234296798706,44,6,0,1500
unrestricted_lam,LAM1163,program_6,PTGES3,1.3659363985061646,45,6,0,1500
unrestricted_lam,LAM1163,program_6,ATP5G2,1.3413418531417847,46,6,0,1500
unrestricted_lam,LAM1163,program_6,KLRB1,1.3389816284179688,47,6,0,1500
unrestricted_lam,LAM1163,program_6,CD37,1.3358124494552612,48,6,0,1500
unrestricted_lam,LAM1163,program_6,EMP2,1.3320257663726807,49,6,0,1500
unrestricted_lam,LAM1163,program_6,CHCHD10,1.3174582719802856,50,6,0,1500
unrestricted_lam,LAM1164,program_1,SARAF,3.708413600921631,1,4,0,1500
unrestricted_lam,LAM1164,program_1,ANAPC16,3.647031784057617,2,4,0,1500
unrestricted_lam,LAM1164,program_1,DNAJA1,3.4683263301849365,3,4,0,1500
unrestricted_lam,LAM1164,program_1,USMG5,3.38569712638855,4,4,0,1500
unrestricted_lam,LAM1164,program_1,TREM2,3.3390440940856934,5,4,0,1500
unrestricted_lam,LAM1164,program_1,CFD,3.108964443206787,6,4,0,1500
unrestricted_lam,LAM1164,program_1,TSPO,3.0674962997436523,7,4,0,1500
unrestricted_lam,LAM1164,program_1,CD7,3.058077335357666,8,4,0,1500
unrestricted_lam,LAM1164,program_1,SPARCL1,2.8708105087280273,9,4,0,1500
unrestricted_lam,LAM1164,program_1,MYH11,2.8019449710845947,10,4,0,1500
unrestricted_lam,LAM1164,program_1,EIF3G,2.7629122734069824,11,4,0,1500
unrestricted_lam,LAM1164,program_1,WSB1,2.753369092941284,12,4,0,1500
unrestricted_lam,LAM1164,program_1,CD63,2.6386289596557617,13,4,0,1500
unrestricted_lam,LAM1164,program_1,RPS6,2.5786449909210205,14,4,0,1500
unrestricted_lam,LAM1164,program_1,TMSB10,2.54536509513855,15,4,0,1500
unrestricted_lam,LAM1164,program_1,PRDX1,2.505767345428467,16,4,0,1500
unrestricted_lam,LAM1164,program_1,PBX1,2.470980167388916,17,4,0,1500
unrestricted_lam,LAM1164,program_1,CD83,2.468210458755493,18,4,0,1500
unrestricted_lam,LAM1164,program_1,TUBA1B,2.4597935676574707,19,4,0,1500
unrestricted_lam,LAM1164,program_1,ARPC5,2.4236397743225098,20,4,0,1500
unrestricted_lam,LAM1164,program_1,EIF3K,2.416086196899414,21,4,0,1500
unrestricted_lam,LAM1164,program_1,EGLN3,2.4013071060180664,22,4,0,1500
unrestricted_lam,LAM1164,program_1,SKP1,2.3690028190612793,23,4,0,1500
unrestricted_lam,LAM1164,program_1,C12ORF57,2.36668062210083,24,4,0,1500
unrestricted_lam,LAM1164,program_1,GAPDH,2.2949538230895996,25,4,0,1500
unrestricted_lam,LAM1164,program_1,CD9,2.2548272609710693,26,4,0,1500
unrestricted_lam,LAM1164,program_1,LGALS3,2.2041962146759033,27,4,0,1500
unrestricted_lam,LAM1164,program_1,PGR,2.1705925464630127,28,4,0,1500
unrestricted_lam,LAM1164,program_1,TPI1,2.0884623527526855,29,4,0,1500
unrestricted_lam,LAM1164,program_1,CCNB1,2.0691959857940674,30,4,0,1500
unrestricted_lam,LAM1164,program_1,MMP8,2.050234079360962,31,4,0,1500
unrestricted_lam,LAM1164,program_1,NFKBIA,2.0374157428741455,32,4,0,1500
unrestricted_lam,LAM1164,program_1,HSPE1,1.9866857528686523,33,4,0,1500
unrestricted_lam,LAM1164,program_1,SLC38A2,1.9599746465682983,34,4,0,1500
unrestricted_lam,LAM1164,program_1,MGP,1.9443840980529785,35,4,0,1500
unrestricted_lam,LAM1164,program_1,MIF,1.9442687034606934,36,4,0,1500
unrestricted_lam,LAM1164,program_1,LCP1,1.9287227392196655,37,4,0,1500
unrestricted_lam,LAM1164,program_1,DBI,1.924093246459961,38,4,0,1500
unrestricted_lam,LAM1164,program_1,ZFAND5,1.916325569152832,39,4,0,1500
unrestricted_lam,LAM1164,program_1,GRN,1.9094195365905762,40,4,0,1500
unrestricted_lam,LAM1164,program_1,SPON2,1.8953707218170166,41,4,0,1500
unrestricted_lam,LAM1164,program_1,PDIA3,1.8859779834747314,42,4,0,1500
unrestricted_lam,LAM1164,program_1,IER3,1.8742347955703735,43,4,0,1500
unrestricted_lam,LAM1164,program_1,IL1B,1.8669238090515137,44,4,0,1500
unrestricted_lam,LAM1164,program_1,ID2,1.8428399562835693,45,4,0,1500
unrestricted_lam,LAM1164,program_1,AC090498.1,1.8386493921279907,46,4,0,1500
unrestricted_lam,LAM1164,program_1,CXCL8,1.8163808584213257,47,4,0,1500
unrestricted_lam,LAM1164,program_1,H2AFZ,1.775778889656067,48,4,0,1500
unrestricted_lam,LAM1164,program_1,CORO1A,1.7688854932785034,49,4,0,1500
unrestricted_lam,LAM1164,program_1,DYNLL1,1.7269736528396606,50,4,0,1500
unrestricted_lam,LAM1164,program_2,SARAF,2.8146374225616455,1,4,0,1500
unrestricted_lam,LAM1164,program_2,TSPO,2.739780902862549,2,4,0,1500
unrestricted_lam,LAM1164,program_2,ANAPC16,2.4267055988311768,3,4,0,1500
unrestricted_lam,LAM1164,program_2,ARPC5,2.077448606491089,4,4,0,1500
unrestricted_lam,LAM1164,program_2,MYH11,2.0627241134643555,5,4,0,1500
unrestricted_lam,LAM1164,program_2,DNAJA1,2.049945592880249,6,4,0,1500
unrestricted_lam,LAM1164,program_2,WSB1,1.96303391456604,7,4,0,1500
unrestricted_lam,LAM1164,program_2,USMG5,1.8715968132019043,8,4,0,1500
unrestricted_lam,LAM1164,program_2,CD7,1.8428964614868164,9,4,0,1500
unrestricted_lam,LAM1164,program_2,TREM2,1.831876277923584,10,4,0,1500
unrestricted_lam,LAM1164,program_2,SPARCL1,1.8007328510284424,11,4,0,1500
unrestricted_lam,LAM1164,program_2,EIF3G,1.6874717473983765,12,4,0,1500
unrestricted_lam,LAM1164,program_2,B2M,1.6816538572311401,13,4,0,1500
unrestricted_lam,LAM1164,program_2,LGALS3,1.6689083576202393,14,4,0,1500
unrestricted_lam,LAM1164,program_2,PABPC1,1.6574348211288452,15,4,0,1500
unrestricted_lam,LAM1164,program_2,IGFBP7,1.6409292221069336,16,4,0,1500
unrestricted_lam,LAM1164,program_2,RPS6,1.6121498346328735,17,4,0,1500
unrestricted_lam,LAM1164,program_2,PGR,1.546294093132019,18,4,0,1500
unrestricted_lam,LAM1164,program_2,PBX1,1.514641284942627,19,4,0,1500
unrestricted_lam,LAM1164,program_2,EIF3K,1.3776758909225464,20,4,0,1500
unrestricted_lam,LAM1164,program_2,MGP,1.3625603914260864,21,4,0,1500
unrestricted_lam,LAM1164,program_2,SKP1,1.3387699127197266,22,4,0,1500
unrestricted_lam,LAM1164,program_2,CD37,1.3342235088348389,23,4,0,1500
unrestricted_lam,LAM1164,program_2,GRN,1.333082675933838,24,4,0,1500
unrestricted_lam,LAM1164,program_2,GAPDH,1.308851718902588,25,4,0,1500
unrestricted_lam,LAM1164,program_2,NFKBIA,1.2993483543395996,26,4,0,1500
unrestricted_lam,LAM1164,program_2,CD63,1.2907527685165405,27,4,0,1500
unrestricted_lam,LAM1164,program_2,CEBPB,1.282405138015747,28,4,0,1500
unrestricted_lam,LAM1164,program_2,HSP90AA1,1.2689634561538696,29,4,0,1500
unrestricted_lam,LAM1164,program_2,FGFBP2,1.2640694379806519,30,4,0,1500
unrestricted_lam,LAM1164,program_2,GZMB,1.2182585000991821,31,4,0,1500
unrestricted_lam,LAM1164,program_2,ACTB,1.212321400642395,32,4,0,1500
unrestricted_lam,LAM1164,program_2,BTG2,1.2059729099273682,33,4,0,1500
unrestricted_lam,LAM1164,program_2,C12ORF57,1.2035353183746338,34,4,0,1500
unrestricted_lam,LAM1164,program_2,MT1E,1.185131311416626,35,4,0,1500
unrestricted_lam,LAM1164,program_2,SLC38A2,1.152622938156128,36,4,0,1500
unrestricted_lam,LAM1164,program_2,HSPA8,1.127394199371338,37,4,0,1500
unrestricted_lam,LAM1164,program_2,DBI,1.1222678422927856,38,4,0,1500
unrestricted_lam,LAM1164,program_2,RHOB,1.0555665493011475,39,4,0,1500
unrestricted_lam,LAM1164,program_2,TAGLN2,1.0527403354644775,40,4,0,1500
unrestricted_lam,LAM1164,program_2,PRDX5,1.0518238544464111,41,4,0,1500
unrestricted_lam,LAM1164,program_2,DYNLL1,1.0426210165023804,42,4,0,1500
unrestricted_lam,LAM1164,program_2,LST1,1.0423493385314941,43,4,0,1500
unrestricted_lam,LAM1164,program_2,TUBA1B,1.0372951030731201,44,4,0,1500
unrestricted_lam,LAM1164,program_2,MALAT1,1.0368298292160034,45,4,0,1500
unrestricted_lam,LAM1164,program_2,HLA-A,1.0100359916687012,46,4,0,1500
unrestricted_lam,LAM1164,program_2,LCP1,0.9952384829521179,47,4,0,1500
unrestricted_lam,LAM1164,program_2,CD83,0.9930852055549622,48,4,0,1500
unrestricted_lam,LAM1164,program_2,TPI1,0.9691246151924133,49,4,0,1500
unrestricted_lam,LAM1164,program_2,MGST3,0.9683149456977844,50,4,0,1500
unrestricted_lam,LAM1164,program_3,ANAPC16,3.3399670124053955,1,4,0,1500
unrestricted_lam,LAM1164,program_3,SARAF,3.3199076652526855,2,4,0,1500
unrestricted_lam,LAM1164,program_3,FCER1G,2.7720088958740234,3,4,0,1500
unrestricted_lam,LAM1164,program_3,USMG5,2.644305467605591,4,4,0,1500
unrestricted_lam,LAM1164,program_3,DNAJA1,2.5611536502838135,5,4,0,1500
unrestricted_lam,LAM1164,program_3,TREM2,2.5480499267578125,6,4,0,1500
unrestricted_lam,LAM1164,program_3,ARPC5,2.310159683227539,7,4,0,1500
unrestricted_lam,LAM1164,program_3,TSPO,2.2801504135131836,8,4,0,1500
unrestricted_lam,LAM1164,program_3,CCNB1,2.2694177627563477,9,4,0,1500
unrestricted_lam,LAM1164,program_3,PBX1,2.246039628982544,10,4,0,1500
unrestricted_lam,LAM1164,program_3,RPS6,2.223201036453247,11,4,0,1500
unrestricted_lam,LAM1164,program_3,CD55,2.2155327796936035,12,4,0,1500
unrestricted_lam,LAM1164,program_3,MYH11,2.1933772563934326,13,4,0,1500
unrestricted_lam,LAM1164,program_3,WSB1,2.182549238204956,14,4,0,1500
unrestricted_lam,LAM1164,program_3,HOXA9,2.1657474040985107,15,4,0,1500
unrestricted_lam,LAM1164,program_3,SPARCL1,2.1316590309143066,16,4,0,1500
unrestricted_lam,LAM1164,program_3,SFTPA1,2.1072282791137695,17,4,0,1500
unrestricted_lam,LAM1164,program_3,PGR,2.0715155601501465,18,4,0,1500
unrestricted_lam,LAM1164,program_3,EIF3G,2.0220930576324463,19,4,0,1500
unrestricted_lam,LAM1164,program_3,LGALS3,1.997775673866272,20,4,0,1500
unrestricted_lam,LAM1164,program_3,CEBPB,1.920038104057312,21,4,0,1500
unrestricted_lam,LAM1164,program_3,GRN,1.8995097875595093,22,4,0,1500
unrestricted_lam,LAM1164,program_3,HSPB1,1.8944944143295288,23,4,0,1500
unrestricted_lam,LAM1164,program_3,MGP,1.8928184509277344,24,4,0,1500
unrestricted_lam,LAM1164,program_3,COL6A2,1.8700164556503296,25,4,0,1500
unrestricted_lam,LAM1164,program_3,LCP1,1.8259437084197998,26,4,0,1500
unrestricted_lam,LAM1164,program_3,PPP1R15A,1.80716073513031,27,4,0,1500
unrestricted_lam,LAM1164,program_3,SKP1,1.7495782375335693,28,4,0,1500
unrestricted_lam,LAM1164,program_3,CD7,1.7397379875183105,29,4,0,1500
unrestricted_lam,LAM1164,program_3,DYNLL1,1.7265249490737915,30,4,0,1500
unrestricted_lam,LAM1164,program_3,CD37,1.711787223815918,31,4,0,1500
unrestricted_lam,LAM1164,program_3,EIF3K,1.6845952272415161,32,4,0,1500
unrestricted_lam,LAM1164,program_3,ARPC2,1.6558024883270264,33,4,0,1500
unrestricted_lam,LAM1164,program_3,TAGLN2,1.6311657428741455,34,4,0,1500
unrestricted_lam,LAM1164,program_3,CD83,1.5764027833938599,35,4,0,1500
unrestricted_lam,LAM1164,program_3,OAZ1,1.551770806312561,36,4,0,1500
unrestricted_lam,LAM1164,program_3,SLC2A3,1.5475268363952637,37,4,0,1500
unrestricted_lam,LAM1164,program_3,PGC,1.5257761478424072,38,4,0,1500
unrestricted_lam,LAM1164,program_3,FGFBP2,1.52536940574646,39,4,0,1500
unrestricted_lam,LAM1164,program_3,LY6E,1.5060794353485107,40,4,0,1500
unrestricted_lam,LAM1164,program_3,TUBB4B,1.5011937618255615,41,4,0,1500
unrestricted_lam,LAM1164,program_3,LITAF,1.4655784368515015,42,4,0,1500
unrestricted_lam,LAM1164,program_3,PABPC1,1.4590288400650024,43,4,0,1500
unrestricted_lam,LAM1164,program_3,TNFAIP3,1.4459518194198608,44,4,0,1500
unrestricted_lam,LAM1164,program_3,UBB,1.4457066059112549,45,4,0,1500
unrestricted_lam,LAM1164,program_3,BTG2,1.4375977516174316,46,4,0,1500
unrestricted_lam,LAM1164,program_3,RAC1,1.4348856210708618,47,4,0,1500
unrestricted_lam,LAM1164,program_3,TPI1,1.4124728441238403,48,4,0,1500
unrestricted_lam,LAM1164,program_3,ATP5E,1.4044400453567505,49,4,0,1500
unrestricted_lam,LAM1164,program_3,RP11-290D2.6,1.400439739227295,50,4,0,1500
unrestricted_lam,LAM1164,program_4,DNAJA1,2.765582323074341,1,4,0,1500
unrestricted_lam,LAM1164,program_4,MMP12,2.7112560272216797,2,4,0,1500
unrestricted_lam,LAM1164,program_4,TSPO,2.6424527168273926,3,4,0,1500
unrestricted_lam,LAM1164,program_4,TPM2,2.5740458965301514,4,4,0,1500
unrestricted_lam,LAM1164,program_4,CD7,2.4789135456085205,5,4,0,1500
unrestricted_lam,LAM1164,program_4,CTGF,2.354597806930542,6,4,0,1500
unrestricted_lam,LAM1164,program_4,EGLN3,2.323824167251587,7,4,0,1500
unrestricted_lam,LAM1164,program_4,ANAPC16,2.2364842891693115,8,4,0,1500
unrestricted_lam,LAM1164,program_4,DYNLL1,2.2290663719177246,9,4,0,1500
unrestricted_lam,LAM1164,program_4,USMG5,2.058426856994629,10,4,0,1500
unrestricted_lam,LAM1164,program_4,LCP1,2.0475006103515625,11,4,0,1500
unrestricted_lam,LAM1164,program_4,CD9,1.926325798034668,12,4,0,1500
unrestricted_lam,LAM1164,program_4,KLRB1,1.8748599290847778,13,4,0,1500
unrestricted_lam,LAM1164,program_4,RPS3,1.8336350917816162,14,4,0,1500
unrestricted_lam,LAM1164,program_4,CTSH,1.8269248008728027,15,4,0,1500
unrestricted_lam,LAM1164,program_4,IL1B,1.7967816591262817,16,4,0,1500
unrestricted_lam,LAM1164,program_4,CD63,1.7921956777572632,17,4,0,1500
unrestricted_lam,LAM1164,program_4,MGP,1.7704132795333862,18,4,0,1500
unrestricted_lam,LAM1164,program_4,SELK,1.7646336555480957,19,4,0,1500
unrestricted_lam,LAM1164,program_4,ARHGDIB,1.7640225887298584,20,4,0,1500
unrestricted_lam,LAM1164,program_4,SARAF,1.7372639179229736,21,4,0,1500
unrestricted_lam,LAM1164,program_4,CD55,1.7114852666854858,22,4,0,1500
unrestricted_lam,LAM1164,program_4,HLA-E,1.7099791765213013,23,4,0,1500
unrestricted_lam,LAM1164,program_4,ID2,1.709795355796814,24,4,0,1500
unrestricted_lam,LAM1164,program_4,UQCRB,1.6946349143981934,25,4,0,1500
unrestricted_lam,LAM1164,program_4,CTSB,1.6834300756454468,26,4,0,1500
unrestricted_lam,LAM1164,program_4,HLA-DQB1,1.679921269416809,27,4,0,1500
unrestricted_lam,LAM1164,program_4,TMA7,1.6559935808181763,28,4,0,1500
unrestricted_lam,LAM1164,program_4,CD37,1.6392011642456055,29,4,0,1500
unrestricted_lam,LAM1164,program_4,GZMB,1.6369948387145996,30,4,0,1500
unrestricted_lam,LAM1164,program_4,FCGR3A,1.6160293817520142,31,4,0,1500
unrestricted_lam,LAM1164,program_4,LY6E,1.6066902875900269,32,4,0,1500
unrestricted_lam,LAM1164,program_4,ARPC5,1.5960880517959595,33,4,0,1500
unrestricted_lam,LAM1164,program_4,EIF3G,1.5774580240249634,34,4,0,1500
unrestricted_lam,LAM1164,program_4,TREM2,1.5725327730178833,35,4,0,1500
unrestricted_lam,LAM1164,program_4,HSP90AB1,1.5708059072494507,36,4,0,1500
unrestricted_lam,LAM1164,program_4,B2M,1.5561400651931763,37,4,0,1500
unrestricted_lam,LAM1164,program_4,GRN,1.5522103309631348,38,4,0,1500
unrestricted_lam,LAM1164,program_4,EZR,1.5381454229354858,39,4,0,1500
unrestricted_lam,LAM1164,program_4,CD99,1.5241410732269287,40,4,0,1500
unrestricted_lam,LAM1164,program_4,CFL1,1.514733910560608,41,4,0,1500
unrestricted_lam,LAM1164,program_4,FGFBP2,1.4556598663330078,42,4,0,1500
unrestricted_lam,LAM1164,program_4,HOXA9,1.4551268815994263,43,4,0,1500
unrestricted_lam,LAM1164,program_4,ICAM1,1.4417840242385864,44,4,0,1500
unrestricted_lam,LAM1164,program_4,MCEMP1,1.4383578300476074,45,4,0,1500
unrestricted_lam,LAM1164,program_4,ARPC3,1.4342758655548096,46,4,0,1500
unrestricted_lam,LAM1164,program_4,TPI1,1.4290353059768677,47,4,0,1500
unrestricted_lam,LAM1164,program_4,PGC,1.424326777458191,48,4,0,1500
unrestricted_lam,LAM1164,program_4,REL,1.4201043844223022,49,4,0,1500
unrestricted_lam,LAM1164,program_4,MYH11,1.416245937347412,50,4,0,1500
