gene,protein_priority_candidate,retention_eligible_across_environment,retention_categories,single_cell_top_source_state,single_cell_top_source_transcript_fraction,spatial_gene_observed_visium,spatial_gene_observed_visium_hd,spatial_gene_observed_xenium,adaptation_program_membership,protein_matrix_status,patient_matching,evidence_level
AADAT,False,True,fully_retained;partially_retained,not_measured,,False,False,False,,not_prioritized,not_assumed,exploratory
ABCC4,False,True,fully_retained;partially_retained,not_measured,,False,False,False,,not_prioritized,not_assumed,exploratory
ABHD12,False,True,partially_retained,not_measured,,False,False,False,,not_prioritized,not_assumed,exploratory
ABHD6,False,True,partially_retained;suppressed,not_measured,,False,False,False,,not_prioritized,not_assumed,exploratory
ABLIM3,False,True,fully_retained,not_measured,,False,False,False,,not_prioritized,not_assumed,exploratory
ABRAXAS1,False,True,partially_retained,not_measured,,False,False,False,,not_prioritized,not_assumed,exploratory
AC002480.1,False,True,enhanced_or_reprogrammed;suppressed,not_measured,,False,False,False,,not_prioritized,not_assumed,exploratory
AC003986.2,False,True,partially_retained,not_measured,,False,False,False,,not_prioritized,not_assumed,exploratory
AC004816.1,False,True,partially_retained;suppressed,not_measured,,False,False,False,,not_prioritized,not_assumed,exploratory
AC005046.1,False,True,partially_retained,not_measured,,False,False,False,,not_prioritized,not_assumed,exploratory
AC005293.1,False,True,partially_retained;suppressed,not_measured,,False,False,False,,not_prioritized,not_assumed,exploratory
AC005520.1,False,True,partially_retained;suppressed,not_measured,,False,False,False,,not_prioritized,not_assumed,exploratory
AC006058.1,False,True,enhanced_or_reprogrammed;suppressed,not_measured,,False,False,False,,not_prioritized,not_assumed,exploratory
AC007098.1,False,True,partially_retained;suppressed,not_measured,,False,False,False,,not_prioritized,not_assumed,exploratory
AC007405.3,False,True,partially_retained;suppressed,not_measured,,False,False,False,,not_prioritized,not_assumed,exploratory
AC007920.2,False,True,fully_retained;partially_retained,not_measured,,False,False,False,,not_prioritized,not_assumed,exploratory
AC008012.1,False,True,partially_retained,not_measured,,False,False,False,,not_prioritized,not_assumed,exploratory
AC009113.1,False,True,partially_retained;suppressed,not_measured,,False,False,False,,not_prioritized,not_assumed,exploratory
AC009119.1,False,True,partially_retained,not_measured,,False,False,False,,not_prioritized,not_assumed,exploratory
AC009404.1,False,True,partially_retained;suppressed,not_measured,,False,False,False,,not_prioritized,not_assumed,exploratory
AC010655.4,False,True,fully_retained;suppressed,not_measured,,False,False,False,,not_prioritized,not_assumed,exploratory
AC011346.1,False,True,fully_retained;partially_retained,not_measured,,False,False,False,,not_prioritized,not_assumed,exploratory
AC011462.1,False,True,fully_retained;suppressed,not_measured,,False,False,False,,not_prioritized,not_assumed,exploratory
AC018647.1,False,True,partially_retained,not_measured,,False,False,False,,not_prioritized,not_assumed,exploratory
AC018865.2,False,True,fully_retained;partially_retained,not_measured,,False,False,False,,not_prioritized,not_assumed,exploratory
AC021086.1,False,True,partially_retained;suppressed,not_measured,,False,False,False,,not_prioritized,not_assumed,exploratory
AC022107.1,False,True,partially_retained;suppressed,not_measured,,False,False,False,,not_prioritized,not_assumed,exploratory
AC022467.2,False,True,partially_retained;suppressed,not_measured,,False,False,False,,not_prioritized,not_assumed,exploratory
AC024267.6,False,True,fully_retained;suppressed,not_measured,,False,False,False,,not_prioritized,not_assumed,exploratory
AC025809.2,False,True,partially_retained;suppressed,not_measured,,False,False,False,,not_prioritized,not_assumed,exploratory
AC027601.5,False,True,partially_retained;suppressed,not_measured,,False,False,False,,not_prioritized,not_assumed,exploratory
AC044849.1,False,True,partially_retained;suppressed,not_measured,,False,False,False,,not_prioritized,not_assumed,exploratory
AC051619.4,False,True,enhanced_or_reprogrammed;fully_retained,not_measured,,False,False,False,,not_prioritized,not_assumed,exploratory
AC068448.1,False,True,partially_retained;suppressed,not_measured,,False,False,False,,not_prioritized,not_assumed,exploratory
AC068580.4,False,True,partially_retained;suppressed,not_measured,,False,False,False,,not_prioritized,not_assumed,exploratory
AC078883.1,False,True,fully_retained;partially_retained,not_measured,,False,False,False,,not_prioritized,not_assumed,exploratory
AC087379.1,False,True,enhanced_or_reprogrammed,not_measured,,False,False,False,,not_prioritized,not_assumed,exploratory
AC092155.1,False,True,enhanced_or_reprogrammed;fully_retained,not_measured,,False,False,False,,not_prioritized,not_assumed,exploratory
AC092490.1,False,True,partially_retained,not_measured,,False,False,False,,not_prioritized,not_assumed,exploratory
AC092535.5,False,True,partially_retained;suppressed,not_measured,,False,False,False,,not_prioritized,not_assumed,exploratory
AC096647.1,False,True,enhanced_or_reprogrammed;partially_retained,not_measured,,False,False,False,,not_prioritized,not_assumed,exploratory
AC097359.2,False,True,partially_retained;suppressed,not_measured,,False,False,False,,not_prioritized,not_assumed,exploratory
AC099548.2,False,True,partially_retained;suppressed,not_measured,,False,False,False,,not_prioritized,not_assumed,exploratory
AC099786.1,False,True,enhanced_or_reprogrammed;fully_retained,not_measured,,False,False,False,,not_prioritized,not_assumed,exploratory
AC099786.2,False,True,enhanced_or_reprogrammed;fully_retained,not_measured,,False,False,False,,not_prioritized,not_assumed,exploratory
AC099786.3,False,True,enhanced_or_reprogrammed,not_measured,,False,False,False,,not_prioritized,not_assumed,exploratory
AC103702.1,False,True,fully_retained;partially_retained,not_measured,,False,False,False,,not_prioritized,not_assumed,exploratory
AC104452.1,False,True,fully_retained;suppressed,not_measured,,False,False,False,,not_prioritized,not_assumed,exploratory
AC107027.3,False,True,partially_retained,not_measured,,False,False,False,,not_prioritized,not_assumed,exploratory
AC107398.3,False,True,partially_retained,not_measured,,False,False,False,,not_prioritized,not_assumed,exploratory
AC107953.2,False,True,partially_retained;suppressed,not_measured,,False,False,False,,not_prioritized,not_assumed,exploratory
AC107956.1,False,True,fully_retained,not_measured,,False,False,False,,not_prioritized,not_assumed,exploratory
AC110285.6,False,True,partially_retained;suppressed,not_measured,,False,False,False,,not_prioritized,not_assumed,exploratory
AC112220.2,False,True,partially_retained;suppressed,not_measured,,False,False,False,,not_prioritized,not_assumed,exploratory
AC116366.1,False,True,fully_retained;partially_retained,not_measured,,False,False,False,,not_prioritized,not_assumed,exploratory
AC116667.1,False,True,fully_retained;partially_retained,not_measured,,False,False,False,,not_prioritized,not_assumed,exploratory
AC126335.2,False,True,partially_retained;suppressed,not_measured,,False,False,False,,not_prioritized,not_assumed,exploratory
AC132217.1,False,True,partially_retained;suppressed,not_measured,,False,False,False,,not_prioritized,not_assumed,exploratory
AC136475.9,False,True,fully_retained;suppressed,not_measured,,False,False,False,,not_prioritized,not_assumed,exploratory
AC233266.2,False,True,enhanced_or_reprogrammed,not_measured,,False,False,False,,not_prioritized,not_assumed,exploratory
AC244517.5,False,True,enhanced_or_reprogrammed,not_measured,,False,False,False,,not_prioritized,not_assumed,exploratory
ACOT4,False,True,partially_retained,not_measured,,False,False,False,,not_prioritized,not_assumed,exploratory
ACSF2,False,True,partially_retained;suppressed,not_measured,,False,False,False,,not_prioritized,not_assumed,exploratory
ACTC1,False,True,partially_retained,not_measured,,False,False,False,,not_prioritized,not_assumed,exploratory
ADAM28,False,True,partially_retained;suppressed,not_measured,,False,False,False,,not_prioritized,not_assumed,exploratory
ADAMTS15,False,True,fully_retained;partially_retained,not_measured,,False,False,False,,not_prioritized,not_assumed,exploratory
ADAMTS18,False,True,fully_retained;partially_retained,not_measured,,False,False,False,,not_prioritized,not_assumed,exploratory
ADGRG6,False,True,partially_retained,not_measured,,False,False,False,,not_prioritized,not_assumed,exploratory
ADGRL4,False,True,partially_retained,not_measured,,False,False,False,,not_prioritized,not_assumed,exploratory
ADH1B,False,True,partially_retained,not_measured,,False,False,False,,not_prioritized,not_assumed,exploratory
ADM2,False,True,partially_retained;suppressed,not_measured,,False,False,False,,not_prioritized,not_assumed,exploratory
ADORA1,False,True,fully_retained,not_measured,,False,False,False,,not_prioritized,not_assumed,exploratory
AFF3,False,True,enhanced_or_reprogrammed;fully_retained,not_measured,,False,False,False,,not_prioritized,not_assumed,exploratory
AGPAT5,False,True,partially_retained;suppressed,not_measured,,False,False,False,,not_prioritized,not_assumed,exploratory
AGT,False,True,partially_retained;suppressed,not_measured,,False,False,False,,not_prioritized,not_assumed,exploratory
AGTR1,False,True,partially_retained;suppressed,not_measured,,False,False,False,,not_prioritized,not_assumed,exploratory
AK4,False,True,fully_retained,not_measured,,False,False,False,,not_prioritized,not_assumed,exploratory
AKR1B1,False,True,partially_retained;suppressed,not_measured,,False,False,False,,not_prioritized,not_assumed,exploratory
AKR1C1,False,True,partially_retained,not_measured,,False,False,False,,not_prioritized,not_assumed,exploratory
AKR1C2,False,True,partially_retained;suppressed,not_measured,,False,False,False,,not_prioritized,not_assumed,exploratory
AKR1C3,False,True,partially_retained,not_measured,,False,False,False,,not_prioritized,not_assumed,exploratory
AL356534.1,False,True,fully_retained;suppressed,not_measured,,False,False,False,,not_prioritized,not_assumed,exploratory
AL512625.1,False,True,fully_retained;suppressed,not_measured,,False,False,False,,not_prioritized,not_assumed,exploratory
AL591806.2,False,True,partially_retained;suppressed,not_measured,,False,False,False,,not_prioritized,not_assumed,exploratory
AL596202.1,False,True,partially_retained;suppressed,not_measured,,False,False,False,,not_prioritized,not_assumed,exploratory
ALDH1A3,False,True,partially_retained,not_measured,,False,False,False,,not_prioritized,not_assumed,exploratory
ALDH1L2,False,True,partially_retained,not_measured,,False,False,False,,not_prioritized,not_assumed,exploratory
ALDOA,False,True,partially_retained,not_measured,,False,False,False,,not_prioritized,not_assumed,exploratory
ALDOC,False,True,partially_retained;suppressed,not_measured,,False,False,False,,not_prioritized,not_assumed,exploratory
ALKBH5,False,True,partially_retained;suppressed,not_measured,,False,False,False,,not_prioritized,not_assumed,exploratory
ALX3,False,True,fully_retained;partially_retained,not_measured,,False,False,False,,not_prioritized,not_assumed,exploratory
AMN,False,True,partially_retained;suppressed,not_measured,,False,False,False,,not_prioritized,not_assumed,exploratory
AMPD3,False,True,enhanced_or_reprogrammed,not_measured,,False,False,False,,not_prioritized,not_assumed,exploratory
AMY2B,False,True,partially_retained;suppressed,not_measured,,False,False,False,,not_prioritized,not_assumed,exploratory
ANGPT1,False,True,partially_retained;suppressed,not_measured,,False,False,False,,not_prioritized,not_assumed,exploratory
ANGPT2,False,True,partially_retained,not_measured,,False,False,False,,not_prioritized,not_assumed,exploratory
ANK3,False,True,enhanced_or_reprogrammed;partially_retained,not_measured,,False,False,False,,not_prioritized,not_assumed,exploratory
ANKRD37,False,True,fully_retained;partially_retained,not_measured,,False,False,False,,not_prioritized,not_assumed,exploratory
ANO7,False,True,partially_retained,not_measured,,False,False,False,,not_prioritized,not_assumed,exploratory
AOX1,False,True,partially_retained,not_measured,,False,False,False,,not_prioritized,not_assumed,exploratory
AP001347.1,False,True,fully_retained;partially_retained,not_measured,,False,False,False,,not_prioritized,not_assumed,exploratory
AP002026.1,False,True,partially_retained,not_measured,,False,False,False,,not_prioritized,not_assumed,exploratory
APBB2,False,True,fully_retained;suppressed,not_measured,,False,False,False,,not_prioritized,not_assumed,exploratory
APCDD1L,False,True,enhanced_or_reprogrammed;partially_retained,not_measured,,False,False,False,,not_prioritized,not_assumed,exploratory
APCDD1L-DT,False,True,fully_retained;partially_retained,not_measured,,False,False,False,,not_prioritized,not_assumed,exploratory
APOE,False,True,partially_retained,not_measured,,False,False,False,,not_prioritized,not_assumed,exploratory
APOL1,False,True,fully_retained;partially_retained,not_measured,,False,False,False,,not_prioritized,not_assumed,exploratory
AQP3,False,True,fully_retained;suppressed,not_measured,,False,False,False,,not_prioritized,not_assumed,exploratory
ARFGEF3,False,True,partially_retained,not_measured,,False,False,False,,not_prioritized,not_assumed,exploratory
ARHGAP22,False,True,enhanced_or_reprogrammed;partially_retained,not_measured,,False,False,False,,not_prioritized,not_assumed,exploratory
ARHGAP24,False,True,partially_retained,not_measured,,False,False,False,,not_prioritized,not_assumed,exploratory
ARHGEF3,False,True,partially_retained,not_measured,,False,False,False,,not_prioritized,not_assumed,exploratory
ARHGEF6,False,True,partially_retained;suppressed,not_measured,,False,False,False,,not_prioritized,not_assumed,exploratory
ARL4A,False,True,partially_retained,not_measured,,False,False,False,,not_prioritized,not_assumed,exploratory
ARL4C,False,True,partially_retained,not_measured,,False,False,False,,not_prioritized,not_assumed,exploratory
ARMC9,False,True,partially_retained;suppressed,not_measured,,False,False,False,,not_prioritized,not_assumed,exploratory
ARRDC4,False,True,fully_retained;partially_retained,not_measured,,False,False,False,,not_prioritized,not_assumed,exploratory
ASB5,False,True,partially_retained,not_measured,,False,False,False,,not_prioritized,not_assumed,exploratory
ASPN,False,True,enhanced_or_reprogrammed;fully_retained,not_measured,,False,False,False,,not_prioritized,not_assumed,exploratory
ATF3,False,True,partially_retained,not_measured,,False,False,False,,not_prioritized,not_assumed,exploratory
ATP8B4,False,True,fully_retained;suppressed,not_measured,,False,False,False,,not_prioritized,not_assumed,exploratory
AUXG01000058.1,False,True,enhanced_or_reprogrammed;partially_retained,not_measured,,False,False,False,,not_prioritized,not_assumed,exploratory
AVL9,False,True,partially_retained;suppressed,not_measured,,False,False,False,,not_prioritized,not_assumed,exploratory
AVPI1,False,True,partially_retained,not_measured,,False,False,False,,not_prioritized,not_assumed,exploratory
B3GALT2,False,True,partially_retained;suppressed,not_measured,,False,False,False,,not_prioritized,not_assumed,exploratory
BAALC,False,True,partially_retained,not_measured,,False,False,False,,not_prioritized,not_assumed,exploratory
BACE2,False,True,fully_retained;partially_retained,not_measured,,False,False,False,,not_prioritized,not_assumed,exploratory
BANK1,False,True,enhanced_or_reprogrammed;fully_retained,not_measured,,False,False,False,,not_prioritized,not_assumed,exploratory
BBC3,False,True,partially_retained;suppressed,not_measured,,False,False,False,,not_prioritized,not_assumed,exploratory
BBOX1-AS1,False,True,enhanced_or_reprogrammed;fully_retained,not_measured,,False,False,False,,not_prioritized,not_assumed,exploratory
BCL2L1,False,True,partially_retained,not_measured,,False,False,False,survival_stress,not_prioritized,not_assumed,exploratory
BCL2L2-PABPN1,False,True,enhanced_or_reprogrammed;suppressed,not_measured,,False,False,False,,not_prioritized,not_assumed,exploratory
BCYRN1,False,True,partially_retained,not_measured,,False,False,False,,not_prioritized,not_assumed,exploratory
BEX2,False,True,partially_retained;suppressed,not_measured,,False,False,False,,not_prioritized,not_assumed,exploratory
BHLHE40,False,True,partially_retained,not_measured,,False,False,False,,not_prioritized,not_assumed,exploratory
BHLHE41,False,True,enhanced_or_reprogrammed;partially_retained,not_measured,,False,False,False,,not_prioritized,not_assumed,exploratory
BMS1P1,False,True,partially_retained;suppressed,not_measured,,False,False,False,,not_prioritized,not_assumed,exploratory
BNIP3,False,True,partially_retained,not_measured,,False,False,False,survival_stress,not_prioritized,not_assumed,exploratory
BNIP3P1,False,True,partially_retained,not_measured,,False,False,False,,not_prioritized,not_assumed,exploratory
BTG2,False,True,partially_retained,not_measured,,False,False,False,,not_prioritized,not_assumed,exploratory
C11ORF95,False,True,partially_retained,not_measured,,False,False,False,,not_prioritized,not_assumed,exploratory
C15ORF48,False,True,partially_retained,not_measured,,False,False,False,,not_prioritized,not_assumed,exploratory
C1GALT1,False,True,fully_retained;partially_retained,not_measured,,False,False,False,,not_prioritized,not_assumed,exploratory
C1QTNF6,False,True,partially_retained,not_measured,,False,False,False,,not_prioritized,not_assumed,exploratory
C2ORF72,False,True,fully_retained;suppressed,not_measured,,False,False,False,,not_prioritized,not_assumed,exploratory
C4ORF47,False,True,partially_retained,not_measured,,False,False,False,,not_prioritized,not_assumed,exploratory
C6ORF141,False,True,enhanced_or_reprogrammed;partially_retained,not_measured,,False,False,False,,not_prioritized,not_assumed,exploratory
C8ORF34,False,True,partially_retained;suppressed,not_measured,,False,False,False,,not_prioritized,not_assumed,exploratory
CA12,False,True,partially_retained;suppressed,not_measured,,False,False,False,,not_prioritized,not_assumed,exploratory
CA9,False,True,partially_retained,not_measured,,False,False,False,,not_prioritized,not_assumed,exploratory
CABP1,False,True,partially_retained;suppressed,not_measured,,False,False,False,,not_prioritized,not_assumed,exploratory
CACNB2,False,True,enhanced_or_reprogrammed;partially_retained,not_measured,,False,False,False,,not_prioritized,not_assumed,exploratory
CALB2,False,True,partially_retained;suppressed,not_measured,,False,False,False,,not_prioritized,not_assumed,exploratory
CALHM6,False,True,partially_retained;suppressed,not_measured,,False,False,False,,not_prioritized,not_assumed,exploratory
CAMK1D,False,True,enhanced_or_reprogrammed;fully_retained,not_measured,,False,False,False,,not_prioritized,not_assumed,exploratory
CAPN6,False,True,fully_retained,not_measured,,False,False,False,,not_prioritized,not_assumed,exploratory
CAPS,False,True,partially_retained;suppressed,not_measured,,False,False,False,,not_prioritized,not_assumed,exploratory
CARF,False,True,partially_retained;suppressed,not_measured,,False,False,False,,not_prioritized,not_assumed,exploratory
CAT,False,True,fully_retained,not_measured,,False,False,False,,not_prioritized,not_assumed,exploratory
CCDC144NL-AS1,False,True,fully_retained,not_measured,,False,False,False,,not_prioritized,not_assumed,exploratory
CCDC80,False,True,fully_retained;partially_retained,not_measured,,False,False,False,,not_prioritized,not_assumed,exploratory
CCL11,False,True,partially_retained;suppressed,not_measured,,False,False,False,,not_prioritized,not_assumed,exploratory
CCL14,True,False,,not_measured,,False,False,False,,pending_public_matrix,not_assumed,exploratory
CCN5,False,True,partially_retained;suppressed,not_measured,,False,False,False,,not_prioritized,not_assumed,exploratory
CCNA1,False,True,partially_retained;suppressed,not_measured,,False,False,False,,not_prioritized,not_assumed,exploratory
CCND2,False,True,partially_retained,not_measured,,False,False,False,,not_prioritized,not_assumed,exploratory
CCPG1,False,True,partially_retained,not_measured,,False,False,False,,not_prioritized,not_assumed,exploratory
CD109,False,True,partially_retained,not_measured,,False,False,False,,not_prioritized,not_assumed,exploratory
CD274,False,True,partially_retained;suppressed,not_measured,,False,False,False,immune_evasion,not_prioritized,not_assumed,exploratory
CD55,False,True,partially_retained,not_measured,,False,False,False,,not_prioritized,not_assumed,exploratory
CD68,False,True,partially_retained,not_measured,,False,False,False,,not_prioritized,not_assumed,exploratory
CDA,False,True,partially_retained,not_measured,,False,False,False,,not_prioritized,not_assumed,exploratory
CDC42EP5,False,True,partially_retained,not_measured,,False,False,False,,not_prioritized,not_assumed,exploratory
CDCP1,False,True,partially_retained,not_measured,,False,False,False,,not_prioritized,not_assumed,exploratory
CDH13,False,True,partially_retained,not_measured,,False,False,False,,not_prioritized,not_assumed,exploratory
CDK15,False,True,enhanced_or_reprogrammed,not_measured,,False,False,False,,not_prioritized,not_assumed,exploratory
CDKL2,False,True,partially_retained;suppressed,not_measured,,False,False,False,,not_prioritized,not_assumed,exploratory
CDKN1A,False,True,partially_retained,not_measured,,False,False,False,,not_prioritized,not_assumed,exploratory
CDKN2B,False,True,partially_retained,not_measured,,False,False,False,,not_prioritized,not_assumed,exploratory
CELF2,False,True,partially_retained;suppressed,not_measured,,False,False,False,,not_prioritized,not_assumed,exploratory
CERS6,False,True,partially_retained,not_measured,,False,False,False,,not_prioritized,not_assumed,exploratory
CFB,False,True,partially_retained;suppressed,not_measured,,False,False,False,,not_prioritized,not_assumed,exploratory
CHAC1,False,True,fully_retained;suppressed,not_measured,,False,False,False,,not_prioritized,not_assumed,exploratory
CHAC2,False,True,fully_retained;partially_retained,not_measured,,False,False,False,,not_prioritized,not_assumed,exploratory
CHI3L1,False,True,partially_retained,not_measured,,False,False,False,,not_prioritized,not_assumed,exploratory
CHRDL2,False,True,partially_retained;suppressed,not_measured,,False,False,False,,not_prioritized,not_assumed,exploratory
CHRM2,False,True,partially_retained;suppressed,not_measured,,False,False,False,,not_prioritized,not_assumed,exploratory
CHST6,False,True,partially_retained,not_measured,,False,False,False,,not_prioritized,not_assumed,exploratory
CIART,False,True,fully_retained;partially_retained,not_measured,,False,False,False,,not_prioritized,not_assumed,exploratory
CIRBP,False,True,partially_retained;suppressed,not_measured,,False,False,False,,not_prioritized,not_assumed,exploratory
CKB,False,True,partially_retained;suppressed,not_measured,,False,False,False,,not_prioritized,not_assumed,exploratory
CLCA2,False,True,fully_retained;partially_retained,not_measured,,False,False,False,,not_prioritized,not_assumed,exploratory
CLCN4,False,True,partially_retained,not_measured,,False,False,False,,not_prioritized,not_assumed,exploratory
CLDN1,False,True,partially_retained,not_measured,,False,False,False,,not_prioritized,not_assumed,exploratory
CLDN4,False,True,enhanced_or_reprogrammed;partially_retained,not_measured,,False,False,False,,not_prioritized,not_assumed,exploratory
CLEC2B,False,True,partially_retained,not_measured,,False,False,False,,not_prioritized,not_assumed,exploratory
CLGN,False,True,partially_retained,not_measured,,False,False,False,,not_prioritized,not_assumed,exploratory
CLIP4,False,True,partially_retained,not_measured,,False,False,False,,not_prioritized,not_assumed,exploratory
CLN8,False,True,partially_retained;suppressed,not_measured,,False,False,False,,not_prioritized,not_assumed,exploratory
CNIH3,False,True,partially_retained,not_measured,,False,False,False,,not_prioritized,not_assumed,exploratory
CNIH3-AS2,False,True,partially_retained,not_measured,,False,False,False,,not_prioritized,not_assumed,exploratory
CNKSR3,False,True,partially_retained,not_measured,,False,False,False,,not_prioritized,not_assumed,exploratory
CNNM1,False,True,fully_retained;partially_retained,not_measured,,False,False,False,,not_prioritized,not_assumed,exploratory
CNTLN,False,True,fully_retained,not_measured,,False,False,False,,not_prioritized,not_assumed,exploratory
CNTN1,False,True,enhanced_or_reprogrammed;suppressed,not_measured,,False,False,False,,not_prioritized,not_assumed,exploratory
CNTN3,False,True,enhanced_or_reprogrammed;partially_retained,not_measured,,False,False,False,,not_prioritized,not_assumed,exploratory
CNTN4,False,True,fully_retained;partially_retained,not_measured,,False,False,False,,not_prioritized,not_assumed,exploratory
COBLL1,False,True,partially_retained,not_measured,,False,False,False,,not_prioritized,not_assumed,exploratory
COL11A1,False,True,partially_retained,not_measured,,False,False,False,,not_prioritized,not_assumed,exploratory
COL14A1,False,True,enhanced_or_reprogrammed,not_measured,,False,False,False,,not_prioritized,not_assumed,exploratory
COL15A1,False,True,partially_retained;suppressed,not_measured,,False,False,False,,not_prioritized,not_assumed,exploratory
COL26A1,False,True,fully_retained,not_measured,,False,False,False,,not_prioritized,not_assumed,exploratory
COL4A5,False,True,enhanced_or_reprogrammed,not_measured,,False,False,False,,not_prioritized,not_assumed,exploratory
COL4A6,False,True,fully_retained;partially_retained,not_measured,,False,False,False,,not_prioritized,not_assumed,exploratory
COL9A3,False,True,enhanced_or_reprogrammed;partially_retained,not_measured,,False,False,False,,not_prioritized,not_assumed,exploratory
COLEC10,False,True,partially_retained,not_measured,,False,False,False,,not_prioritized,not_assumed,exploratory
COMP,False,True,enhanced_or_reprogrammed;partially_retained,not_measured,,False,False,False,,not_prioritized,not_assumed,exploratory
COQ8A,False,True,partially_retained;suppressed,not_measured,,False,False,False,,not_prioritized,not_assumed,exploratory
CORO2B,False,True,enhanced_or_reprogrammed;partially_retained,not_measured,,False,False,False,,not_prioritized,not_assumed,exploratory
COSMOC,False,True,partially_retained;suppressed,not_measured,,False,False,False,,not_prioritized,not_assumed,exploratory
CP,False,True,partially_retained;suppressed,not_measured,,False,False,False,,not_prioritized,not_assumed,exploratory
CPA4,False,True,partially_retained,not_measured,,False,False,False,,not_prioritized,not_assumed,exploratory
CPNE7,False,True,fully_retained;partially_retained,not_measured,,False,False,False,,not_prioritized,not_assumed,exploratory
CPNE8,False,True,fully_retained;suppressed,not_measured,,False,False,False,,not_prioritized,not_assumed,exploratory
CPXM1,False,True,partially_retained,not_measured,,False,False,False,,not_prioritized,not_assumed,exploratory
CRACR2B,False,True,fully_retained;partially_retained,not_measured,,False,False,False,,not_prioritized,not_assumed,exploratory
CRIP2,False,True,partially_retained,not_measured,,False,False,False,,not_prioritized,not_assumed,exploratory
CRLF1,False,True,enhanced_or_reprogrammed;fully_retained,not_measured,,False,False,False,,not_prioritized,not_assumed,exploratory
CRMP1,False,True,fully_retained;partially_retained,not_measured,,False,False,False,,not_prioritized,not_assumed,exploratory
CRYM,False,True,partially_retained;suppressed,not_measured,,False,False,False,,not_prioritized,not_assumed,exploratory
CSRP2,False,True,fully_retained,not_measured,,False,False,False,,not_prioritized,not_assumed,exploratory
CT75,False,True,enhanced_or_reprogrammed;partially_retained,not_measured,,False,False,False,,not_prioritized,not_assumed,exploratory
CTSA,False,True,partially_retained;suppressed,not_measured,,False,False,False,,not_prioritized,not_assumed,exploratory
CTSB,False,True,partially_retained,immune,0.5980741593674875,True,True,False,,not_prioritized,not_assumed,exploratory
CTSH,False,True,partially_retained,not_measured,,False,False,False,,not_prioritized,not_assumed,exploratory
CTSK,True,False,,LAMCORE_like,0.4573927191376856,True,True,True,lung_adaptation,pending_public_matrix,not_assumed,candidate_cross_modal_link
CTSS,True,False,,immune,0.6589356338101727,True,True,False,immune_evasion,pending_public_matrix,not_assumed,candidate_cross_modal_link
CXADR,False,True,fully_retained;partially_retained,not_measured,,False,False,False,,not_prioritized,not_assumed,exploratory
CXCL12,False,True,fully_retained,not_measured,,False,False,False,,not_prioritized,not_assumed,exploratory
CXCL2,False,True,enhanced_or_reprogrammed;fully_retained,not_measured,,False,False,False,,not_prioritized,not_assumed,exploratory
CYRIA,False,True,fully_retained;partially_retained,not_measured,,False,False,False,,not_prioritized,not_assumed,exploratory
CYS1,False,True,partially_retained;suppressed,not_measured,,False,False,False,,not_prioritized,not_assumed,exploratory
CYSTM1,False,True,partially_retained;suppressed,not_measured,,False,False,False,,not_prioritized,not_assumed,exploratory
DACT1,False,True,partially_retained,not_measured,,False,False,False,,not_prioritized,not_assumed,exploratory
DAPK1,False,True,fully_retained;partially_retained,not_measured,,False,False,False,,not_prioritized,not_assumed,exploratory
DARS1-AS1,False,True,partially_retained,not_measured,,False,False,False,,not_prioritized,not_assumed,exploratory
DBNDD1,False,True,fully_retained;partially_retained,not_measured,,False,False,False,,not_prioritized,not_assumed,exploratory
DCAF16,False,True,partially_retained;suppressed,not_measured,,False,False,False,,not_prioritized,not_assumed,exploratory
DCLK1,False,True,enhanced_or_reprogrammed;fully_retained,not_measured,,False,False,False,,not_prioritized,not_assumed,exploratory
DCN,False,True,partially_retained,not_measured,,False,False,False,,not_prioritized,not_assumed,exploratory
DDIT4,False,True,partially_retained;suppressed,not_measured,,False,False,False,survival_stress,not_prioritized,not_assumed,exploratory
DDIT4L,False,True,partially_retained,not_measured,,False,False,False,,not_prioritized,not_assumed,exploratory
DDX41,False,True,partially_retained;suppressed,not_measured,,False,False,False,,not_prioritized,not_assumed,exploratory
DEPTOR,False,True,fully_retained;partially_retained,not_measured,,False,False,False,,not_prioritized,not_assumed,exploratory
DERL1,False,True,partially_retained,not_measured,,False,False,False,,not_prioritized,not_assumed,exploratory
DES,False,True,fully_retained;partially_retained,not_measured,,False,False,False,,not_prioritized,not_assumed,exploratory
DGCR6,False,True,partially_retained;suppressed,not_measured,,False,False,False,,not_prioritized,not_assumed,exploratory
DHCR24,False,True,partially_retained;suppressed,not_measured,,False,False,False,,not_prioritized,not_assumed,exploratory
DIO3,False,True,partially_retained;suppressed,not_measured,,False,False,False,,not_prioritized,not_assumed,exploratory
DIO3OS,False,True,partially_retained,not_measured,,False,False,False,,not_prioritized,not_assumed,exploratory
DIPK2A,False,True,partially_retained;suppressed,not_measured,,False,False,False,,not_prioritized,not_assumed,exploratory
DIRC3,False,True,enhanced_or_reprogrammed;fully_retained,not_measured,,False,False,False,,not_prioritized,not_assumed,exploratory
DIRC3-AS1,False,True,fully_retained;partially_retained,not_measured,,False,False,False,,not_prioritized,not_assumed,exploratory
DKK2,False,True,partially_retained,not_measured,,False,False,False,,not_prioritized,not_assumed,exploratory
DLK1,False,True,fully_retained;partially_retained,not_measured,,False,False,False,,not_prioritized,not_assumed,exploratory
DLX5,False,True,enhanced_or_reprogrammed;fully_retained,not_measured,,False,False,False,,not_prioritized,not_assumed,exploratory
DLX6,False,True,enhanced_or_reprogrammed;fully_retained,not_measured,,False,False,False,,not_prioritized,not_assumed,exploratory
DMRT3,False,True,fully_retained;partially_retained,not_measured,,False,False,False,,not_prioritized,not_assumed,exploratory
DMRTA1,False,True,partially_retained,not_measured,,False,False,False,,not_prioritized,not_assumed,exploratory
DNAH11,False,True,enhanced_or_reprogrammed;fully_retained,not_measured,,False,False,False,,not_prioritized,not_assumed,exploratory
DNAH9,False,True,partially_retained,not_measured,,False,False,False,,not_prioritized,not_assumed,exploratory
DNAI3,False,True,partially_retained,not_measured,,False,False,False,,not_prioritized,not_assumed,exploratory
DNER,False,True,enhanced_or_reprogrammed;fully_retained,not_measured,,False,False,False,,not_prioritized,not_assumed,exploratory
DNM3OS,False,True,fully_retained;partially_retained,not_measured,,False,False,False,,not_prioritized,not_assumed,exploratory
DOK5,False,True,partially_retained;suppressed,not_measured,,False,False,False,,not_prioritized,not_assumed,exploratory
DOP1A,False,True,partially_retained;suppressed,not_measured,,False,False,False,,not_prioritized,not_assumed,exploratory
DPP4,False,True,partially_retained,not_measured,,False,False,False,,not_prioritized,not_assumed,exploratory
DPT,False,True,fully_retained,not_measured,,False,False,False,,not_prioritized,not_assumed,exploratory
DSG2,False,True,partially_retained;suppressed,not_measured,,False,False,False,,not_prioritized,not_assumed,exploratory
DTNA,False,True,fully_retained;partially_retained,not_measured,,False,False,False,,not_prioritized,not_assumed,exploratory
DTWD2,False,True,partially_retained;suppressed,not_measured,,False,False,False,,not_prioritized,not_assumed,exploratory
DYNLT3,False,True,partially_retained,not_measured,,False,False,False,,not_prioritized,not_assumed,exploratory
DYRK3,False,True,partially_retained;suppressed,not_measured,,False,False,False,,not_prioritized,not_assumed,exploratory
E2F7,False,True,partially_retained,not_measured,,False,False,False,,not_prioritized,not_assumed,exploratory
EBF3,False,True,enhanced_or_reprogrammed;partially_retained,not_measured,,False,False,False,,not_prioritized,not_assumed,exploratory
ECM1,False,True,partially_retained,not_measured,,False,False,False,,not_prioritized,not_assumed,exploratory
EDA2R,False,True,enhanced_or_reprogrammed;partially_retained,not_measured,,False,False,False,,not_prioritized,not_assumed,exploratory
EDIL3,False,True,partially_retained,not_measured,,False,False,False,,not_prioritized,not_assumed,exploratory
EDNRA,False,True,enhanced_or_reprogrammed;partially_retained,not_measured,,False,False,False,,not_prioritized,not_assumed,exploratory
EDNRB,False,True,partially_retained,not_measured,,False,False,False,,not_prioritized,not_assumed,exploratory
EFCAB7,False,True,partially_retained;suppressed,not_measured,,False,False,False,,not_prioritized,not_assumed,exploratory
EFCC1,False,True,fully_retained;suppressed,not_measured,,False,False,False,,not_prioritized,not_assumed,exploratory
EFNA1,False,True,enhanced_or_reprogrammed;partially_retained,not_measured,,False,False,False,,not_prioritized,not_assumed,exploratory
EFR3B,False,True,enhanced_or_reprogrammed;partially_retained,not_measured,,False,False,False,,not_prioritized,not_assumed,exploratory
EFS,False,True,fully_retained;suppressed,not_measured,,False,False,False,,not_prioritized,not_assumed,exploratory
EGFL6,False,True,fully_retained;partially_retained,not_measured,,False,False,False,,not_prioritized,not_assumed,exploratory
EGLN3,False,True,partially_retained;suppressed,not_measured,,False,False,False,,not_prioritized,not_assumed,exploratory
EHBP1,False,True,fully_retained;partially_retained,not_measured,,False,False,False,,not_prioritized,not_assumed,exploratory
EIF2S2,False,True,partially_retained,not_measured,,False,False,False,,not_prioritized,not_assumed,exploratory
EIF3J-DT,False,True,partially_retained,not_measured,,False,False,False,,not_prioritized,not_assumed,exploratory
ELAC1,False,True,partially_retained,not_measured,,False,False,False,,not_prioritized,not_assumed,exploratory
ELANE,True,True,partially_retained,LAF_fibroblast,0.5405405405405406,True,True,False,,pending_public_matrix,not_assumed,candidate_cross_modal_link
ELL3,False,True,enhanced_or_reprogrammed;fully_retained,not_measured,,False,False,False,,not_prioritized,not_assumed,exploratory
ELN,False,True,enhanced_or_reprogrammed;partially_retained,not_measured,,False,False,False,,not_prioritized,not_assumed,exploratory
EMB,False,True,enhanced_or_reprogrammed,not_measured,,False,False,False,,not_prioritized,not_assumed,exploratory
EMC1,False,True,partially_retained,not_measured,,False,False,False,,not_prioritized,not_assumed,exploratory
EMILIN1,False,True,partially_retained,not_measured,,False,False,False,,not_prioritized,not_assumed,exploratory
ENO1,False,True,partially_retained,not_measured,,False,False,False,,not_prioritized,not_assumed,exploratory
ENO2,False,True,partially_retained,not_measured,,False,False,False,,not_prioritized,not_assumed,exploratory
EPB41L3,False,True,fully_retained,not_measured,,False,False,False,,not_prioritized,not_assumed,exploratory
EPHA3,False,True,partially_retained,not_measured,,False,False,False,,not_prioritized,not_assumed,exploratory
EPHB3,False,True,enhanced_or_reprogrammed;fully_retained,not_measured,,False,False,False,,not_prioritized,not_assumed,exploratory
EPHB6,False,True,partially_retained,not_measured,,False,False,False,,not_prioritized,not_assumed,exploratory
EPHX4,False,True,partially_retained;suppressed,not_measured,,False,False,False,,not_prioritized,not_assumed,exploratory
EPOR,False,True,partially_retained,not_measured,,False,False,False,,not_prioritized,not_assumed,exploratory
ERO1A,False,True,partially_retained;suppressed,not_measured,,False,False,False,,not_prioritized,not_assumed,exploratory
ESM1,False,True,enhanced_or_reprogrammed;partially_retained,not_measured,,False,False,False,,not_prioritized,not_assumed,exploratory
ESYT1,False,True,partially_retained;suppressed,not_measured,,False,False,False,,not_prioritized,not_assumed,exploratory
EYA1,False,True,partially_retained,not_measured,,False,False,False,,not_prioritized,not_assumed,exploratory
FABP4,False,True,partially_retained,not_measured,,False,False,False,,not_prioritized,not_assumed,exploratory
FAM124A,False,True,fully_retained;partially_retained,not_measured,,False,False,False,,not_prioritized,not_assumed,exploratory
FAM162A,False,True,partially_retained,not_measured,,False,False,False,,not_prioritized,not_assumed,exploratory
FAM162B,False,True,fully_retained;partially_retained,not_measured,,False,False,False,,not_prioritized,not_assumed,exploratory
FAM180A,False,True,partially_retained;suppressed,not_measured,,False,False,False,,not_prioritized,not_assumed,exploratory
FAP,True,False,fully_retained,not_measured,,False,False,False,,pending_public_matrix,not_assumed,exploratory
FAR2P1,False,True,enhanced_or_reprogrammed,not_measured,,False,False,False,,not_prioritized,not_assumed,exploratory
FAXDC2,False,True,partially_retained;suppressed,not_measured,,False,False,False,,not_prioritized,not_assumed,exploratory
FBLN2,False,True,partially_retained;suppressed,not_measured,,False,False,False,,not_prioritized,not_assumed,exploratory
FBLN5,False,True,partially_retained;suppressed,not_measured,,False,False,False,,not_prioritized,not_assumed,exploratory
FBXO22,False,True,partially_retained,not_measured,,False,False,False,,not_prioritized,not_assumed,exploratory
FER1L4,False,True,partially_retained;suppressed,not_measured,,False,False,False,,not_prioritized,not_assumed,exploratory
FGD6,False,True,partially_retained;suppressed,not_measured,,False,False,False,,not_prioritized,not_assumed,exploratory
FGF11,False,True,partially_retained,not_measured,,False,False,False,,not_prioritized,not_assumed,exploratory
FGF18,False,True,partially_retained;suppressed,not_measured,,False,False,False,,not_prioritized,not_assumed,exploratory
FGF2,False,True,partially_retained;suppressed,not_measured,,False,False,False,,not_prioritized,not_assumed,exploratory
FHL1,False,True,partially_retained;suppressed,not_measured,,False,False,False,,not_prioritized,not_assumed,exploratory
FHOD3,False,True,partially_retained,not_measured,,False,False,False,,not_prioritized,not_assumed,exploratory
FIBCD1,False,True,fully_retained;suppressed,not_measured,,False,False,False,,not_prioritized,not_assumed,exploratory
FIBIN,False,True,enhanced_or_reprogrammed,not_measured,,False,False,False,,not_prioritized,not_assumed,exploratory
FLJ37453,False,True,partially_retained;suppressed,not_measured,,False,False,False,,not_prioritized,not_assumed,exploratory
FLRT2,False,True,fully_retained,not_measured,,False,False,False,,not_prioritized,not_assumed,exploratory
FLVCR2,False,True,partially_retained,not_measured,,False,False,False,,not_prioritized,not_assumed,exploratory
FMN2,False,True,enhanced_or_reprogrammed;suppressed,not_measured,,False,False,False,,not_prioritized,not_assumed,exploratory
FNDC10,False,True,partially_retained;suppressed,not_measured,,False,False,False,,not_prioritized,not_assumed,exploratory
FNDC5,False,True,fully_retained;partially_retained,not_measured,,False,False,False,,not_prioritized,not_assumed,exploratory
FOSL1,False,True,fully_retained;partially_retained,not_measured,,False,False,False,,not_prioritized,not_assumed,exploratory
FSTL5,False,True,enhanced_or_reprogrammed;partially_retained,not_measured,,False,False,False,,not_prioritized,not_assumed,exploratory
FTH1,False,True,partially_retained;suppressed,not_measured,,False,False,False,,not_prioritized,not_assumed,exploratory
FTH1P11,False,True,partially_retained;suppressed,not_measured,,False,False,False,,not_prioritized,not_assumed,exploratory
FTH1P20,False,True,partially_retained;suppressed,not_measured,,False,False,False,,not_prioritized,not_assumed,exploratory
FUT11,False,True,partially_retained;suppressed,not_measured,,False,False,False,,not_prioritized,not_assumed,exploratory
G0S2,False,True,fully_retained;partially_retained,not_measured,,False,False,False,,not_prioritized,not_assumed,exploratory
GABPB1-IT1,False,True,partially_retained;suppressed,not_measured,,False,False,False,,not_prioritized,not_assumed,exploratory
GABRA4,False,True,partially_retained,not_measured,,False,False,False,,not_prioritized,not_assumed,exploratory
GABRE,False,True,fully_retained,not_measured,,False,False,False,,not_prioritized,not_assumed,exploratory
GALE,False,True,partially_retained;suppressed,not_measured,,False,False,False,,not_prioritized,not_assumed,exploratory
GALNT18,False,True,fully_retained;partially_retained,not_measured,,False,False,False,,not_prioritized,not_assumed,exploratory
GALNT6,False,True,enhanced_or_reprogrammed;fully_retained,not_measured,,False,False,False,,not_prioritized,not_assumed,exploratory
GAPDH,False,True,partially_retained,not_measured,,False,False,False,,not_prioritized,not_assumed,exploratory
GAPDHP1,False,True,fully_retained;partially_retained,not_measured,,False,False,False,,not_prioritized,not_assumed,exploratory
GAPDHP35,False,True,partially_retained,not_measured,,False,False,False,,not_prioritized,not_assumed,exploratory
GAPDHP38,False,True,fully_retained,not_measured,,False,False,False,,not_prioritized,not_assumed,exploratory
GAPDHP65,False,True,partially_retained,not_measured,,False,False,False,,not_prioritized,not_assumed,exploratory
GAPDHP72,False,True,partially_retained,not_measured,,False,False,False,,not_prioritized,not_assumed,exploratory
GARS1,False,True,partially_retained;suppressed,not_measured,,False,False,False,,not_prioritized,not_assumed,exploratory
GATA2,False,True,fully_retained;partially_retained,not_measured,,False,False,False,,not_prioritized,not_assumed,exploratory
GATA2-AS1,False,True,partially_retained,not_measured,,False,False,False,,not_prioritized,not_assumed,exploratory
GBE1,False,True,partially_retained,not_measured,,False,False,False,,not_prioritized,not_assumed,exploratory
GDF10,False,True,enhanced_or_reprogrammed,not_measured,,False,False,False,,not_prioritized,not_assumed,exploratory
GDF15,False,True,partially_retained,not_measured,,False,False,False,,not_prioritized,not_assumed,exploratory
GDF6,False,True,enhanced_or_reprogrammed;fully_retained,not_measured,,False,False,False,,not_prioritized,not_assumed,exploratory
GJA3,False,True,partially_retained,not_measured,,False,False,False,,not_prioritized,not_assumed,exploratory
GJB2,False,True,fully_retained;partially_retained,not_measured,,False,False,False,,not_prioritized,not_assumed,exploratory
GLDN,False,True,partially_retained,not_measured,,False,False,False,,not_prioritized,not_assumed,exploratory
GLI3,False,True,partially_retained;suppressed,not_measured,,False,False,False,,not_prioritized,not_assumed,exploratory
GLIDR,False,True,partially_retained,not_measured,,False,False,False,,not_prioritized,not_assumed,exploratory
GLIS1,False,True,partially_retained,not_measured,,False,False,False,,not_prioritized,not_assumed,exploratory
GLRX2,False,True,partially_retained;suppressed,not_measured,,False,False,False,,not_prioritized,not_assumed,exploratory
GNA13,False,True,partially_retained;suppressed,not_measured,,False,False,False,,not_prioritized,not_assumed,exploratory
GOT1,False,True,partially_retained;suppressed,not_measured,,False,False,False,,not_prioritized,not_assumed,exploratory
GPAT3,False,True,partially_retained,not_measured,,False,False,False,,not_prioritized,not_assumed,exploratory
GPC3,False,True,fully_retained,not_measured,,False,False,False,,not_prioritized,not_assumed,exploratory
GPC4,False,True,fully_retained;partially_retained,not_measured,,False,False,False,,not_prioritized,not_assumed,exploratory
GPER1,False,True,fully_retained;partially_retained,not_measured,,False,False,False,,not_prioritized,not_assumed,exploratory
GPI,False,True,partially_retained;suppressed,not_measured,,False,False,False,,not_prioritized,not_assumed,exploratory
GPM6B,False,True,partially_retained,not_measured,,False,False,False,,not_prioritized,not_assumed,exploratory
GPR1,False,True,partially_retained,not_measured,,False,False,False,,not_prioritized,not_assumed,exploratory
GPR146,False,True,partially_retained,not_measured,,False,False,False,,not_prioritized,not_assumed,exploratory
GPR155,False,True,partially_retained;suppressed,not_measured,,False,False,False,,not_prioritized,not_assumed,exploratory
GPRC5A,False,True,enhanced_or_reprogrammed;fully_retained,not_measured,,False,False,False,,not_prioritized,not_assumed,exploratory
GPRIN1,False,True,partially_retained;suppressed,not_measured,,False,False,False,,not_prioritized,not_assumed,exploratory
GREM2,False,True,partially_retained,not_measured,,False,False,False,,not_prioritized,not_assumed,exploratory
GRIA4,False,True,partially_retained,not_measured,,False,False,False,,not_prioritized,not_assumed,exploratory
GRIN2A,False,True,fully_retained;suppressed,not_measured,,False,False,False,,not_prioritized,not_assumed,exploratory
GRK5,False,True,partially_retained,not_measured,,False,False,False,,not_prioritized,not_assumed,exploratory
GSC,False,True,fully_retained;partially_retained,not_measured,,False,False,False,,not_prioritized,not_assumed,exploratory
GSS,False,True,fully_retained;partially_retained,not_measured,,False,False,False,,not_prioritized,not_assumed,exploratory
GTPBP2,False,True,partially_retained;suppressed,not_measured,,False,False,False,,not_prioritized,not_assumed,exploratory
GYS1,False,True,partially_retained;suppressed,not_measured,,False,False,False,,not_prioritized,not_assumed,exploratory
H19,False,True,enhanced_or_reprogrammed;partially_retained,not_measured,,False,False,False,,not_prioritized,not_assumed,exploratory
HAND2,False,True,fully_retained;partially_retained,not_measured,,False,False,False,,not_prioritized,not_assumed,exploratory
HAND2-AS1,False,True,partially_retained,not_measured,,False,False,False,,not_prioritized,not_assumed,exploratory
HAPLN3,False,True,partially_retained;suppressed,not_measured,,False,False,False,,not_prioritized,not_assumed,exploratory
HAUS4,False,True,partially_retained;suppressed,not_measured,,False,False,False,,not_prioritized,not_assumed,exploratory
HBP1,False,True,partially_retained,not_measured,,False,False,False,,not_prioritized,not_assumed,exploratory
HERC5,False,True,partially_retained;suppressed,not_measured,,False,False,False,,not_prioritized,not_assumed,exploratory
HILPDA,False,True,partially_retained;suppressed,not_measured,,False,False,False,,not_prioritized,not_assumed,exploratory
HK1,False,True,partially_retained;suppressed,not_measured,,False,False,False,,not_prioritized,not_assumed,exploratory
HK2,False,True,partially_retained,not_measured,,False,False,False,,not_prioritized,not_assumed,exploratory
HLA-B,False,True,fully_retained;partially_retained,not_measured,,False,False,False,,not_prioritized,not_assumed,exploratory
HLA-C,False,True,partially_retained,not_measured,,False,False,False,,not_prioritized,not_assumed,exploratory
HLA-DMA,False,True,partially_retained,not_measured,,False,False,False,,not_prioritized,not_assumed,exploratory
HLA-H,False,True,partially_retained,not_measured,,False,False,False,,not_prioritized,not_assumed,exploratory
HLA-L,False,True,partially_retained,not_measured,,False,False,False,,not_prioritized,not_assumed,exploratory
HOTAIRM1,False,True,enhanced_or_reprogrammed;fully_retained,not_measured,,False,False,False,,not_prioritized,not_assumed,exploratory
HOTTIP,False,True,enhanced_or_reprogrammed,not_measured,,False,False,False,,not_prioritized,not_assumed,exploratory
HOXA10,False,True,enhanced_or_reprogrammed;fully_retained,not_measured,,False,False,False,,not_prioritized,not_assumed,exploratory
HOXA11,False,True,enhanced_or_reprogrammed,not_measured,,False,False,False,,not_prioritized,not_assumed,exploratory
HOXA11-AS,False,True,enhanced_or_reprogrammed,not_measured,,False,False,False,,not_prioritized,not_assumed,exploratory
HOXA13,False,True,enhanced_or_reprogrammed;partially_retained,not_measured,,False,False,False,,not_prioritized,not_assumed,exploratory
HOXA4,False,True,enhanced_or_reprogrammed;partially_retained,not_measured,,False,False,False,,not_prioritized,not_assumed,exploratory
HOXA5,False,True,enhanced_or_reprogrammed,not_measured,,False,False,False,,not_prioritized,not_assumed,exploratory
HOXA7,False,True,enhanced_or_reprogrammed;fully_retained,not_measured,,False,False,False,,not_prioritized,not_assumed,exploratory
HOXA9,False,True,enhanced_or_reprogrammed,not_measured,,False,False,False,,not_prioritized,not_assumed,exploratory
HOXB3,False,True,enhanced_or_reprogrammed;partially_retained,not_measured,,False,False,False,,not_prioritized,not_assumed,exploratory
HOXB4,False,True,enhanced_or_reprogrammed;fully_retained,not_measured,,False,False,False,,not_prioritized,not_assumed,exploratory
HOXC6,False,True,enhanced_or_reprogrammed,not_measured,,False,False,False,,not_prioritized,not_assumed,exploratory
HOXC8,False,True,enhanced_or_reprogrammed,not_measured,,False,False,False,,not_prioritized,not_assumed,exploratory
HOXC9,False,True,enhanced_or_reprogrammed;fully_retained,not_measured,,False,False,False,,not_prioritized,not_assumed,exploratory
HOXD10,False,True,enhanced_or_reprogrammed;fully_retained,not_measured,,False,False,False,,not_prioritized,not_assumed,exploratory
HOXD11,False,True,enhanced_or_reprogrammed,not_measured,,False,False,False,,not_prioritized,not_assumed,exploratory
HOXD8,False,True,enhanced_or_reprogrammed;fully_retained,not_measured,,False,False,False,,not_prioritized,not_assumed,exploratory
HOXD9,False,True,enhanced_or_reprogrammed;fully_retained,not_measured,,False,False,False,,not_prioritized,not_assumed,exploratory
HPS1,False,True,partially_retained;suppressed,not_measured,,False,False,False,,not_prioritized,not_assumed,exploratory
HS3ST5,False,True,fully_retained;partially_retained,not_measured,,False,False,False,,not_prioritized,not_assumed,exploratory
HSD17B2,False,True,enhanced_or_reprogrammed,not_measured,,False,False,False,,not_prioritized,not_assumed,exploratory
HSPA12B,False,True,enhanced_or_reprogrammed;partially_retained,not_measured,,False,False,False,,not_prioritized,not_assumed,exploratory
HSPA4L,False,True,partially_retained,not_measured,,False,False,False,,not_prioritized,not_assumed,exploratory
HSPB6,False,True,fully_retained;partially_retained,not_measured,,False,False,False,,not_prioritized,not_assumed,exploratory
HSPB7,False,True,partially_retained;suppressed,not_measured,,False,False,False,,not_prioritized,not_assumed,exploratory
HTR2B,False,True,partially_retained;suppressed,not_measured,,False,False,False,,not_prioritized,not_assumed,exploratory
HTRA3,False,True,partially_retained;suppressed,not_measured,,False,False,False,,not_prioritized,not_assumed,exploratory
IARS1,False,True,partially_retained;suppressed,not_measured,,False,False,False,,not_prioritized,not_assumed,exploratory
ICAM1,False,True,partially_retained,not_measured,,False,False,False,,not_prioritized,not_assumed,exploratory
IER3,False,True,fully_retained,not_measured,,False,False,False,,not_prioritized,not_assumed,exploratory
IFI30,False,True,partially_retained;suppressed,not_measured,,False,False,False,,not_prioritized,not_assumed,exploratory
IFITM1,False,True,partially_retained;suppressed,not_measured,,False,False,False,,not_prioritized,not_assumed,exploratory
IGFBP1,False,True,partially_retained,not_measured,,False,False,False,,not_prioritized,not_assumed,exploratory
IGFBP3,False,True,partially_retained;suppressed,not_measured,,False,False,False,,not_prioritized,not_assumed,exploratory
IL18R1,False,True,partially_retained,not_measured,,False,False,False,,not_prioritized,not_assumed,exploratory
IL1A,False,True,fully_retained;suppressed,not_measured,,False,False,False,,not_prioritized,not_assumed,exploratory
IL1R1,False,True,partially_retained,not_measured,,False,False,False,,not_prioritized,not_assumed,exploratory
IL4I1,False,True,partially_retained;suppressed,not_measured,,False,False,False,,not_prioritized,not_assumed,exploratory
IL6,False,True,partially_retained,not_measured,,False,False,False,,not_prioritized,not_assumed,exploratory
INHBE,False,True,partially_retained;suppressed,not_measured,,False,False,False,,not_prioritized,not_assumed,exploratory
INPP4B,False,True,partially_retained,not_measured,,False,False,False,,not_prioritized,not_assumed,exploratory
INSYN2B,False,True,enhanced_or_reprogrammed;fully_retained,not_measured,,False,False,False,,not_prioritized,not_assumed,exploratory
IRX3,False,True,partially_retained;suppressed,not_measured,,False,False,False,,not_prioritized,not_assumed,exploratory
ISL1,False,True,enhanced_or_reprogrammed;fully_retained,not_measured,,False,False,False,,not_prioritized,not_assumed,exploratory
ITGA6,False,True,fully_retained;partially_retained,not_measured,,False,False,False,,not_prioritized,not_assumed,exploratory
ITPKA,False,True,partially_retained;suppressed,not_measured,,False,False,False,,not_prioritized,not_assumed,exploratory
ITPR1,False,True,partially_retained,not_measured,,False,False,False,,not_prioritized,not_assumed,exploratory
IVNS1ABP,False,True,partially_retained,not_measured,,False,False,False,,not_prioritized,not_assumed,exploratory
JAZF1,False,True,fully_retained;partially_retained,not_measured,,False,False,False,,not_prioritized,not_assumed,exploratory
KAZALD1,False,True,partially_retained,not_measured,,False,False,False,,not_prioritized,not_assumed,exploratory
KC6,False,True,fully_retained;partially_retained,not_measured,,False,False,False,,not_prioritized,not_assumed,exploratory
KCNC4,False,True,fully_retained;partially_retained,not_measured,,False,False,False,,not_prioritized,not_assumed,exploratory
KCNG1,False,True,partially_retained,not_measured,,False,False,False,,not_prioritized,not_assumed,exploratory
KCNQ1OT1,False,True,fully_retained;partially_retained,not_measured,,False,False,False,,not_prioritized,not_assumed,exploratory
KCNS1,False,True,partially_retained,not_measured,,False,False,False,,not_prioritized,not_assumed,exploratory
KCNS3,False,True,fully_retained;partially_retained,not_measured,,False,False,False,,not_prioritized,not_assumed,exploratory
KCP,False,True,partially_retained;suppressed,not_measured,,False,False,False,,not_prioritized,not_assumed,exploratory
KIAA0040,False,True,partially_retained;suppressed,not_measured,,False,False,False,,not_prioritized,not_assumed,exploratory
KIAA1217,False,True,partially_retained;suppressed,not_measured,,False,False,False,,not_prioritized,not_assumed,exploratory
KIF26B,False,True,enhanced_or_reprogrammed;partially_retained,not_measured,,False,False,False,,not_prioritized,not_assumed,exploratory
KLF14,False,True,enhanced_or_reprogrammed;partially_retained,not_measured,,False,False,False,,not_prioritized,not_assumed,exploratory
KLF3-AS1,False,True,partially_retained,not_measured,,False,False,False,,not_prioritized,not_assumed,exploratory
KLHL23,False,True,fully_retained,not_measured,,False,False,False,,not_prioritized,not_assumed,exploratory
KLHL4,False,True,fully_retained;partially_retained,not_measured,,False,False,False,,not_prioritized,not_assumed,exploratory
KRT19,False,True,enhanced_or_reprogrammed;fully_retained,not_measured,,False,False,False,,not_prioritized,not_assumed,exploratory
KRTAP1-5,False,True,enhanced_or_reprogrammed;fully_retained,not_measured,,False,False,False,,not_prioritized,not_assumed,exploratory
KRTAP2-3,False,True,partially_retained,not_measured,,False,False,False,,not_prioritized,not_assumed,exploratory
L3MBTL2-AS1,False,True,partially_retained;suppressed,not_measured,,False,False,False,,not_prioritized,not_assumed,exploratory
LACTB,False,True,partially_retained,not_measured,,False,False,False,,not_prioritized,not_assumed,exploratory
LAMA1,False,True,partially_retained;suppressed,not_measured,,False,False,False,,not_prioritized,not_assumed,exploratory
LAMA3,False,True,fully_retained;suppressed,not_measured,,False,False,False,,not_prioritized,not_assumed,exploratory
LAMA4-AS1,False,True,partially_retained;suppressed,not_measured,,False,False,False,,not_prioritized,not_assumed,exploratory
LAMB3,False,True,enhanced_or_reprogrammed;partially_retained,not_measured,,False,False,False,,not_prioritized,not_assumed,exploratory
LAMC2,False,True,enhanced_or_reprogrammed,not_measured,,False,False,False,,not_prioritized,not_assumed,exploratory
LARP6,False,True,partially_retained,not_measured,,False,False,False,,not_prioritized,not_assumed,exploratory
LBX1,False,True,enhanced_or_reprogrammed;fully_retained,not_measured,,False,False,False,,not_prioritized,not_assumed,exploratory
LBX1-AS1,False,True,fully_retained;partially_retained,not_measured,,False,False,False,,not_prioritized,not_assumed,exploratory
LDHA,False,True,partially_retained,not_measured,,False,False,False,,not_prioritized,not_assumed,exploratory
LGALS3,False,True,partially_retained,not_measured,,False,False,False,survival_stress;immune_evasion,not_prioritized,not_assumed,exploratory
LHX8,False,True,enhanced_or_reprogrammed,not_measured,,False,False,False,,not_prioritized,not_assumed,exploratory
LIF,False,True,enhanced_or_reprogrammed,not_measured,,False,False,False,,not_prioritized,not_assumed,exploratory
LIFR-AS1,False,True,partially_retained;suppressed,not_measured,,False,False,False,,not_prioritized,not_assumed,exploratory
LIMA1,False,True,partially_retained,not_measured,,False,False,False,,not_prioritized,not_assumed,exploratory
LINC00242,False,True,partially_retained;suppressed,not_measured,,False,False,False,,not_prioritized,not_assumed,exploratory
LINC00623,False,True,fully_retained,not_measured,,False,False,False,,not_prioritized,not_assumed,exploratory
LINC00632,False,True,enhanced_or_reprogrammed;partially_retained,not_measured,,False,False,False,,not_prioritized,not_assumed,exploratory
LINC00672,False,True,partially_retained,not_measured,,False,False,False,,not_prioritized,not_assumed,exploratory
LINC00857,False,True,fully_retained;partially_retained,not_measured,,False,False,False,,not_prioritized,not_assumed,exploratory
LINC01116,False,True,enhanced_or_reprogrammed;partially_retained,not_measured,,False,False,False,,not_prioritized,not_assumed,exploratory
LINC01182,False,True,enhanced_or_reprogrammed,not_measured,,False,False,False,,not_prioritized,not_assumed,exploratory
LINC01436,False,True,fully_retained;partially_retained,not_measured,,False,False,False,,not_prioritized,not_assumed,exploratory
LINC01515,False,True,partially_retained,not_measured,,False,False,False,,not_prioritized,not_assumed,exploratory
LINC01583,False,True,enhanced_or_reprogrammed;suppressed,not_measured,,False,False,False,,not_prioritized,not_assumed,exploratory
LINC01705,False,True,partially_retained;suppressed,not_measured,,False,False,False,,not_prioritized,not_assumed,exploratory
LINC02076,False,True,enhanced_or_reprogrammed;suppressed,not_measured,,False,False,False,,not_prioritized,not_assumed,exploratory
LINC02381,False,True,enhanced_or_reprogrammed,not_measured,,False,False,False,,not_prioritized,not_assumed,exploratory
LIPG,False,True,partially_retained;suppressed,not_measured,,False,False,False,,not_prioritized,not_assumed,exploratory
LNCOG,False,True,partially_retained,not_measured,,False,False,False,,not_prioritized,not_assumed,exploratory
LNCTAM34A,False,True,partially_retained,not_measured,,False,False,False,,not_prioritized,not_assumed,exploratory
LPIN2,False,True,partially_retained,not_measured,,False,False,False,,not_prioritized,not_assumed,exploratory
LRAT,False,True,partially_retained,not_measured,,False,False,False,,not_prioritized,not_assumed,exploratory
LRATD1,False,True,partially_retained;suppressed,not_measured,,False,False,False,,not_prioritized,not_assumed,exploratory
LRIG3,False,True,partially_retained,not_measured,,False,False,False,,not_prioritized,not_assumed,exploratory
LRP8,False,True,partially_retained;suppressed,not_measured,,False,False,False,,not_prioritized,not_assumed,exploratory
LRRC15,False,True,partially_retained;suppressed,not_measured,,False,False,False,,not_prioritized,not_assumed,exploratory
LRRC37A,False,True,partially_retained;suppressed,not_measured,,False,False,False,,not_prioritized,not_assumed,exploratory
LRRC8E,False,True,partially_retained,not_measured,,False,False,False,,not_prioritized,not_assumed,exploratory
LRRN1,False,True,fully_retained;partially_retained,not_measured,,False,False,False,,not_prioritized,not_assumed,exploratory
LRRN2,False,True,enhanced_or_reprogrammed;fully_retained,not_measured,,False,False,False,,not_prioritized,not_assumed,exploratory
LSP1P4,False,True,fully_retained,not_measured,,False,False,False,,not_prioritized,not_assumed,exploratory
LTBP4,False,True,partially_retained,not_measured,,False,False,False,,not_prioritized,not_assumed,exploratory
LUM,False,True,partially_retained,not_measured,,False,False,False,,not_prioritized,not_assumed,exploratory
LUZP2,False,True,enhanced_or_reprogrammed;partially_retained,not_measured,,False,False,False,,not_prioritized,not_assumed,exploratory
LY96,False,True,partially_retained,not_measured,,False,False,False,,not_prioritized,not_assumed,exploratory
LYRM9,False,True,partially_retained,not_measured,,False,False,False,,not_prioritized,not_assumed,exploratory
MAB21L1,False,True,partially_retained,not_measured,,False,False,False,,not_prioritized,not_assumed,exploratory
MAF,False,True,partially_retained;suppressed,not_measured,,False,False,False,,not_prioritized,not_assumed,exploratory
MAGEA4,False,True,fully_retained,not_measured,,False,False,False,,not_prioritized,not_assumed,exploratory
MAGEL2,False,True,fully_retained;partially_retained,not_measured,,False,False,False,,not_prioritized,not_assumed,exploratory
MAN1B1,False,True,partially_retained,not_measured,,False,False,False,,not_prioritized,not_assumed,exploratory
MANEAL,False,True,partially_retained,not_measured,,False,False,False,,not_prioritized,not_assumed,exploratory
MAP1LC3B2,False,True,partially_retained;suppressed,not_measured,,False,False,False,,not_prioritized,not_assumed,exploratory
MAP3K7CL,False,True,enhanced_or_reprogrammed,not_measured,,False,False,False,,not_prioritized,not_assumed,exploratory
MAP3K9,False,True,partially_retained,not_measured,,False,False,False,,not_prioritized,not_assumed,exploratory
MAP4K2,False,True,partially_retained;suppressed,not_measured,,False,False,False,,not_prioritized,not_assumed,exploratory
MAPKAPK3,False,True,partially_retained;suppressed,not_measured,,False,False,False,,not_prioritized,not_assumed,exploratory
MATN2,False,True,partially_retained;suppressed,not_measured,,False,False,False,,not_prioritized,not_assumed,exploratory
MCHR1,False,True,partially_retained;suppressed,not_measured,,False,False,False,,not_prioritized,not_assumed,exploratory
MCOLN1,False,True,partially_retained;suppressed,not_measured,,False,False,False,,not_prioritized,not_assumed,exploratory
MCOLN3,False,True,partially_retained;suppressed,not_measured,,False,False,False,,not_prioritized,not_assumed,exploratory
MDK,False,True,partially_retained,not_measured,,False,False,False,,not_prioritized,not_assumed,exploratory
MEOX2,False,True,enhanced_or_reprogrammed;partially_retained,not_measured,,False,False,False,,not_prioritized,not_assumed,exploratory
METTL25,False,True,partially_retained;suppressed,not_measured,,False,False,False,,not_prioritized,not_assumed,exploratory
MFAP2,False,True,partially_retained,not_measured,,False,False,False,,not_prioritized,not_assumed,exploratory
MFSD12,False,True,partially_retained;suppressed,not_measured,,False,False,False,,not_prioritized,not_assumed,exploratory
MICA,False,True,partially_retained;suppressed,not_measured,,False,False,False,,not_prioritized,not_assumed,exploratory
MICAL2,False,True,partially_retained,not_measured,,False,False,False,,not_prioritized,not_assumed,exploratory
MIF,False,True,partially_retained;suppressed,not_measured,,False,False,False,,not_prioritized,not_assumed,exploratory
MILR1,False,True,partially_retained;suppressed,not_measured,,False,False,False,,not_prioritized,not_assumed,exploratory
MIR181A2HG,False,True,partially_retained,not_measured,,False,False,False,,not_prioritized,not_assumed,exploratory
MIR210HG,False,True,partially_retained;suppressed,not_measured,,False,False,False,,not_prioritized,not_assumed,exploratory
MLF1,False,True,partially_retained;suppressed,not_measured,,False,False,False,,not_prioritized,not_assumed,exploratory
MLPH,False,True,partially_retained,not_measured,,False,False,False,,not_prioritized,not_assumed,exploratory
MME,False,True,partially_retained,not_measured,,False,False,False,,not_prioritized,not_assumed,exploratory
MMP10,False,True,enhanced_or_reprogrammed;fully_retained,not_measured,,False,False,False,,not_prioritized,not_assumed,exploratory
MMP12,False,False,,LAF_fibroblast,,True,True,False,,not_prioritized,not_assumed,exploratory
MMP13,False,True,enhanced_or_reprogrammed;suppressed,not_measured,,False,False,False,,not_prioritized,not_assumed,exploratory
MMP14,False,True,partially_retained;suppressed,not_measured,,False,False,False,,not_prioritized,not_assumed,exploratory
MMP2,True,False,partially_retained,LAMCORE_like,0.40171858216971,True,True,False,lung_adaptation;ECM_interaction,pending_public_matrix,not_assumed,candidate_cross_modal_link
MMP23B,False,True,fully_retained;partially_retained,not_measured,,False,False,False,,not_prioritized,not_assumed,exploratory
MMP8,True,False,,immune,0.5714285714285714,True,True,False,,pending_public_matrix,not_assumed,candidate_cross_modal_link
MMP9,True,False,,immune,0.5744827586206896,True,True,False,lung_adaptation;ECM_interaction,pending_public_matrix,not_assumed,candidate_cross_modal_link
MN1,False,True,fully_retained;partially_retained,not_measured,,False,False,False,,not_prioritized,not_assumed,exploratory
MOSPD1,False,True,partially_retained;suppressed,not_measured,,False,False,False,,not_prioritized,not_assumed,exploratory
MOXD1,False,True,partially_retained,not_measured,,False,False,False,,not_prioritized,not_assumed,exploratory
MPHOSPH6,False,True,partially_retained;suppressed,not_measured,,False,False,False,,not_prioritized,not_assumed,exploratory
MROH1,False,True,partially_retained;suppressed,not_measured,,False,False,False,,not_prioritized,not_assumed,exploratory
MSX1,False,True,fully_retained;partially_retained,not_measured,,False,False,False,,not_prioritized,not_assumed,exploratory
MT1L,False,True,partially_retained,not_measured,,False,False,False,,not_prioritized,not_assumed,exploratory
MT2A,False,True,partially_retained,not_measured,,False,False,False,,not_prioritized,not_assumed,exploratory
MTFP1,False,True,partially_retained;suppressed,not_measured,,False,False,False,,not_prioritized,not_assumed,exploratory
MTSS1,False,True,partially_retained;suppressed,not_measured,,False,False,False,,not_prioritized,not_assumed,exploratory
MXI1,False,True,partially_retained,not_measured,,False,False,False,,not_prioritized,not_assumed,exploratory
MXRA5,False,True,partially_retained,not_measured,,False,False,False,,not_prioritized,not_assumed,exploratory
MYBPH,False,True,fully_retained;suppressed,not_measured,,False,False,False,,not_prioritized,not_assumed,exploratory
MYCL,False,True,fully_retained;partially_retained,not_measured,,False,False,False,,not_prioritized,not_assumed,exploratory
MYH10,False,True,fully_retained;partially_retained,not_measured,,False,False,False,,not_prioritized,not_assumed,exploratory
MYL3,False,True,enhanced_or_reprogrammed;partially_retained,not_measured,,False,False,False,,not_prioritized,not_assumed,exploratory
MYLPF,False,True,partially_retained;suppressed,not_measured,,False,False,False,,not_prioritized,not_assumed,exploratory
MYO15B,False,True,partially_retained,not_measured,,False,False,False,,not_prioritized,not_assumed,exploratory
MYO1E,False,True,partially_retained;suppressed,not_measured,,False,False,False,,not_prioritized,not_assumed,exploratory
MYOG,False,True,fully_retained;partially_retained,not_measured,,False,False,False,,not_prioritized,not_assumed,exploratory
MYOSLID,False,True,partially_retained;suppressed,not_measured,,False,False,False,,not_prioritized,not_assumed,exploratory
NAIP,False,True,partially_retained;suppressed,not_measured,,False,False,False,,not_prioritized,not_assumed,exploratory
NAP1L3,False,True,partially_retained,not_measured,,False,False,False,,not_prioritized,not_assumed,exploratory
NDUFA4L2,False,True,partially_retained,not_measured,,False,False,False,,not_prioritized,not_assumed,exploratory
NEAT1,False,True,partially_retained;suppressed,not_measured,,False,False,False,,not_prioritized,not_assumed,exploratory
NEFM,False,True,fully_retained;partially_retained,not_measured,,False,False,False,,not_prioritized,not_assumed,exploratory
NETO1,False,True,fully_retained;partially_retained,not_measured,,False,False,False,,not_prioritized,not_assumed,exploratory
NFATC4,False,True,enhanced_or_reprogrammed;partially_retained,not_measured,,False,False,False,,not_prioritized,not_assumed,exploratory
NFE2L3,False,True,enhanced_or_reprogrammed;fully_retained,not_measured,,False,False,False,,not_prioritized,not_assumed,exploratory
NFIA,False,True,fully_retained;suppressed,not_measured,,False,False,False,,not_prioritized,not_assumed,exploratory
NFIB,False,True,fully_retained;partially_retained,not_measured,,False,False,False,,not_prioritized,not_assumed,exploratory
NGFR,False,True,fully_retained;partially_retained,not_measured,,False,False,False,,not_prioritized,not_assumed,exploratory
NHSL1,False,True,partially_retained;suppressed,not_measured,,False,False,False,,not_prioritized,not_assumed,exploratory
NIBAN1,False,True,partially_retained,not_measured,,False,False,False,,not_prioritized,not_assumed,exploratory
NIPSNAP3B,False,True,partially_retained;suppressed,not_measured,,False,False,False,,not_prioritized,not_assumed,exploratory
NKX2-3,False,True,enhanced_or_reprogrammed,not_measured,,False,False,False,,not_prioritized,not_assumed,exploratory
NKX3-2,False,True,fully_retained;partially_retained,not_measured,,False,False,False,,not_prioritized,not_assumed,exploratory
NKX6-1,False,True,enhanced_or_reprogrammed;fully_retained,not_measured,,False,False,False,,not_prioritized,not_assumed,exploratory
NLGN1,False,True,partially_retained,not_measured,,False,False,False,,not_prioritized,not_assumed,exploratory
NLGN4X,False,True,fully_retained,not_measured,,False,False,False,,not_prioritized,not_assumed,exploratory
NMB,False,True,partially_retained,not_measured,,False,False,False,,not_prioritized,not_assumed,exploratory
NOG,False,True,partially_retained;suppressed,not_measured,,False,False,False,,not_prioritized,not_assumed,exploratory
NOMO1,False,True,partially_retained,not_measured,,False,False,False,,not_prioritized,not_assumed,exploratory
NPFFR2,False,True,fully_retained;partially_retained,not_measured,,False,False,False,,not_prioritized,not_assumed,exploratory
NPL,False,True,fully_retained;partially_retained,not_measured,,False,False,False,,not_prioritized,not_assumed,exploratory
NR2F1,False,True,partially_retained,not_measured,,False,False,False,,not_prioritized,not_assumed,exploratory
NR3C1,False,True,partially_retained,not_measured,,False,False,False,,not_prioritized,not_assumed,exploratory
NR3C2,False,True,fully_retained;suppressed,not_measured,,False,False,False,,not_prioritized,not_assumed,exploratory
NREP,False,True,fully_retained;partially_retained,not_measured,,False,False,False,,not_prioritized,not_assumed,exploratory
NRN1,False,True,fully_retained;partially_retained,not_measured,,False,False,False,,not_prioritized,not_assumed,exploratory
NRP2,False,True,partially_retained;suppressed,not_measured,,False,False,False,,not_prioritized,not_assumed,exploratory
NSUN7,False,True,partially_retained,not_measured,,False,False,False,,not_prioritized,not_assumed,exploratory
NTF3,False,True,enhanced_or_reprogrammed;partially_retained,not_measured,,False,False,False,,not_prioritized,not_assumed,exploratory
NTN1,False,True,enhanced_or_reprogrammed;suppressed,not_measured,,False,False,False,,not_prioritized,not_assumed,exploratory
NTNG1,False,True,fully_retained,not_measured,,False,False,False,,not_prioritized,not_assumed,exploratory
NUDT14,False,True,partially_retained;suppressed,not_measured,,False,False,False,,not_prioritized,not_assumed,exploratory
NUPR1,False,True,partially_retained;suppressed,not_measured,,False,False,False,,not_prioritized,not_assumed,exploratory
NXPH4,False,True,partially_retained,not_measured,,False,False,False,,not_prioritized,not_assumed,exploratory
OCIAD2,False,True,partially_retained,not_measured,,False,False,False,,not_prioritized,not_assumed,exploratory
ODF3B,False,True,partially_retained;suppressed,not_measured,,False,False,False,,not_prioritized,not_assumed,exploratory
OGN,False,True,enhanced_or_reprogrammed;partially_retained,not_measured,,False,False,False,,not_prioritized,not_assumed,exploratory
OLFML2B,False,True,enhanced_or_reprogrammed;partially_retained,not_measured,,False,False,False,,not_prioritized,not_assumed,exploratory
OMD,False,True,enhanced_or_reprogrammed;fully_retained,not_measured,,False,False,False,,not_prioritized,not_assumed,exploratory
OPTN,False,True,partially_retained,not_measured,,False,False,False,,not_prioritized,not_assumed,exploratory
OSBPL3,False,True,partially_retained,not_measured,,False,False,False,,not_prioritized,not_assumed,exploratory
OSBPL6,False,True,partially_retained,not_measured,,False,False,False,,not_prioritized,not_assumed,exploratory
OSR1,False,True,partially_retained,not_measured,,False,False,False,,not_prioritized,not_assumed,exploratory
OSR2,False,True,fully_retained;partially_retained,not_measured,,False,False,False,,not_prioritized,not_assumed,exploratory
OSTM1,False,True,partially_retained;suppressed,not_measured,,False,False,False,,not_prioritized,not_assumed,exploratory
P2RX7,False,True,partially_retained;suppressed,not_measured,,False,False,False,,not_prioritized,not_assumed,exploratory
P4HA2,False,True,partially_retained,not_measured,,False,False,False,,not_prioritized,not_assumed,exploratory
PABPC5,False,True,partially_retained,not_measured,,False,False,False,,not_prioritized,not_assumed,exploratory
PAQR5,False,True,enhanced_or_reprogrammed;suppressed,not_measured,,False,False,False,,not_prioritized,not_assumed,exploratory
PARP8,False,True,enhanced_or_reprogrammed,not_measured,,False,False,False,,not_prioritized,not_assumed,exploratory
PAX9,False,True,partially_retained,not_measured,,False,False,False,,not_prioritized,not_assumed,exploratory
PBX1,False,True,partially_retained;suppressed,not_measured,,False,False,False,,not_prioritized,not_assumed,exploratory
PBX3,False,True,partially_retained,not_measured,,False,False,False,,not_prioritized,not_assumed,exploratory
PCAT7,False,True,partially_retained;suppressed,not_measured,,False,False,False,,not_prioritized,not_assumed,exploratory
PCDH18,False,True,partially_retained,not_measured,,False,False,False,,not_prioritized,not_assumed,exploratory
PCDHB2,False,True,enhanced_or_reprogrammed,not_measured,,False,False,False,,not_prioritized,not_assumed,exploratory
PCDHB7,False,True,fully_retained,not_measured,,False,False,False,,not_prioritized,not_assumed,exploratory
PCDHGA10,False,True,fully_retained;partially_retained,not_measured,,False,False,False,,not_prioritized,not_assumed,exploratory
PCK2,False,True,partially_retained,not_measured,,False,False,False,,not_prioritized,not_assumed,exploratory
PCMTD2,False,True,partially_retained;suppressed,not_measured,,False,False,False,,not_prioritized,not_assumed,exploratory
PCOLCE2,False,True,partially_retained,not_measured,,False,False,False,,not_prioritized,not_assumed,exploratory
PDE10A,False,True,partially_retained;suppressed,not_measured,,False,False,False,,not_prioritized,not_assumed,exploratory
PDE3A,False,True,enhanced_or_reprogrammed;partially_retained,not_measured,,False,False,False,,not_prioritized,not_assumed,exploratory
PDE4D,False,True,partially_retained,not_measured,,False,False,False,,not_prioritized,not_assumed,exploratory
PDE7B,False,True,partially_retained;suppressed,not_measured,,False,False,False,,not_prioritized,not_assumed,exploratory
PDE9A,False,True,partially_retained;suppressed,not_measured,,False,False,False,,not_prioritized,not_assumed,exploratory
PDGFRA,False,True,partially_retained,not_measured,,False,False,False,,not_prioritized,not_assumed,exploratory
PDK1,False,True,partially_retained,not_measured,,False,False,False,,not_prioritized,not_assumed,exploratory
PDK3,False,True,partially_retained;suppressed,not_measured,,False,False,False,,not_prioritized,not_assumed,exploratory
PECR,False,True,partially_retained;suppressed,not_measured,,False,False,False,,not_prioritized,not_assumed,exploratory
PFKFB3,False,True,partially_retained;suppressed,not_measured,,False,False,False,,not_prioritized,not_assumed,exploratory
PFKFB4,False,True,partially_retained;suppressed,not_measured,,False,False,False,,not_prioritized,not_assumed,exploratory
PFKP,False,True,partially_retained,not_measured,,False,False,False,,not_prioritized,not_assumed,exploratory
PGAM1,False,True,partially_retained,not_measured,,False,False,False,,not_prioritized,not_assumed,exploratory
PGAM4,False,True,fully_retained;partially_retained,not_measured,,False,False,False,,not_prioritized,not_assumed,exploratory
PGK1,False,True,partially_retained;suppressed,not_measured,,False,False,False,,not_prioritized,not_assumed,exploratory
PGM1,False,True,partially_retained;suppressed,not_measured,,False,False,False,,not_prioritized,not_assumed,exploratory
PGPEP1,False,True,partially_retained,not_measured,,False,False,False,,not_prioritized,not_assumed,exploratory
PHEX,False,True,partially_retained,not_measured,,False,False,False,,not_prioritized,not_assumed,exploratory
PHLDA2,False,True,fully_retained;partially_retained,not_measured,,False,False,False,,not_prioritized,not_assumed,exploratory
PHOSPHO2,False,True,partially_retained,not_measured,,False,False,False,,not_prioritized,not_assumed,exploratory
PI3,False,False,,unclassified,0.9024767801857584,True,True,False,,not_prioritized,not_assumed,exploratory
PID1,False,True,fully_retained,not_measured,,False,False,False,,not_prioritized,not_assumed,exploratory
PIEZO1,False,True,partially_retained;suppressed,not_measured,,False,False,False,,not_prioritized,not_assumed,exploratory
PIK3C2B,False,True,fully_retained;suppressed,not_measured,,False,False,False,,not_prioritized,not_assumed,exploratory
PIK3CD,False,True,partially_retained,not_measured,,False,False,False,,not_prioritized,not_assumed,exploratory
PIK3IP1,False,True,partially_retained,not_measured,,False,False,False,,not_prioritized,not_assumed,exploratory
PIP4K2C,False,True,partially_retained,not_measured,,False,False,False,,not_prioritized,not_assumed,exploratory
PITX1,False,True,enhanced_or_reprogrammed;fully_retained,not_measured,,False,False,False,,not_prioritized,not_assumed,exploratory
PJVK,False,True,partially_retained;suppressed,not_measured,,False,False,False,,not_prioritized,not_assumed,exploratory
PKD1L2,False,True,enhanced_or_reprogrammed;suppressed,not_measured,,False,False,False,,not_prioritized,not_assumed,exploratory
PKM,False,True,partially_retained,not_measured,,False,False,False,,not_prioritized,not_assumed,exploratory
PLA1A,False,True,enhanced_or_reprogrammed;suppressed,not_measured,,False,False,False,,not_prioritized,not_assumed,exploratory
PLA2G15,False,True,partially_retained,not_measured,,False,False,False,,not_prioritized,not_assumed,exploratory
PLA2G4A,False,True,partially_retained,not_measured,,False,False,False,,not_prioritized,not_assumed,exploratory
PLAAT1,False,True,fully_retained;partially_retained,not_measured,,False,False,False,,not_prioritized,not_assumed,exploratory
PLAAT3,False,True,partially_retained,not_measured,,False,False,False,,not_prioritized,not_assumed,exploratory
PLEKHA5,False,True,partially_retained,not_measured,,False,False,False,,not_prioritized,not_assumed,exploratory
PLEKHG4,False,True,fully_retained;partially_retained,not_measured,,False,False,False,,not_prioritized,not_assumed,exploratory
PLIN2,False,True,partially_retained,not_measured,,False,False,False,,not_prioritized,not_assumed,exploratory
PLOD2,False,True,partially_retained,not_measured,,False,False,False,,not_prioritized,not_assumed,exploratory
PLPP1,False,True,enhanced_or_reprogrammed;partially_retained,not_measured,,False,False,False,,not_prioritized,not_assumed,exploratory
PLPP2,False,True,partially_retained,not_measured,,False,False,False,,not_prioritized,not_assumed,exploratory
PLPP3,False,True,partially_retained,not_measured,,False,False,False,,not_prioritized,not_assumed,exploratory
PLPP4,False,True,fully_retained,not_measured,,False,False,False,,not_prioritized,not_assumed,exploratory
PLPPR3,False,True,fully_retained,not_measured,,False,False,False,,not_prioritized,not_assumed,exploratory
PLS1,False,True,enhanced_or_reprogrammed;suppressed,not_measured,,False,False,False,,not_prioritized,not_assumed,exploratory
PLSCR4,False,True,partially_retained;suppressed,not_measured,,False,False,False,,not_prioritized,not_assumed,exploratory
PLXDC2,False,True,partially_retained,not_measured,,False,False,False,,not_prioritized,not_assumed,exploratory
PMEL,True,False,suppressed,not_measured,,False,False,False,,pending_public_matrix,not_assumed,exploratory
PNMA6A,False,True,partially_retained;suppressed,not_measured,,False,False,False,,not_prioritized,not_assumed,exploratory
PNP,False,True,partially_retained,not_measured,,False,False,False,,not_prioritized,not_assumed,exploratory
PODNL1,False,True,partially_retained;suppressed,not_measured,,False,False,False,,not_prioritized,not_assumed,exploratory
PODXL,False,True,partially_retained,not_measured,,False,False,False,,not_prioritized,not_assumed,exploratory
POPDC3,False,True,partially_retained;suppressed,not_measured,,False,False,False,,not_prioritized,not_assumed,exploratory
POSTN,False,True,partially_retained,not_measured,,False,False,False,,not_prioritized,not_assumed,exploratory
POTEE,False,True,enhanced_or_reprogrammed;fully_retained,not_measured,,False,False,False,,not_prioritized,not_assumed,exploratory
POTEF,False,True,fully_retained;partially_retained,not_measured,,False,False,False,,not_prioritized,not_assumed,exploratory
POTEI,False,True,enhanced_or_reprogrammed;fully_retained,not_measured,,False,False,False,,not_prioritized,not_assumed,exploratory
PPARGC1B,False,True,partially_retained,not_measured,,False,False,False,,not_prioritized,not_assumed,exploratory
PPFIA4,False,True,fully_retained;partially_retained,not_measured,,False,False,False,,not_prioritized,not_assumed,exploratory
PPIP5K1,False,True,partially_retained;suppressed,not_measured,,False,False,False,,not_prioritized,not_assumed,exploratory
PPP1R14B-AS1,False,True,partially_retained,not_measured,,False,False,False,,not_prioritized,not_assumed,exploratory
PPP1R3G,False,True,partially_retained;suppressed,not_measured,,False,False,False,,not_prioritized,not_assumed,exploratory
PPP2R5B,False,True,partially_retained;suppressed,not_measured,,False,False,False,,not_prioritized,not_assumed,exploratory
PREX2,False,True,enhanced_or_reprogrammed;partially_retained,not_measured,,False,False,False,,not_prioritized,not_assumed,exploratory
PRR5L,False,True,enhanced_or_reprogrammed,not_measured,,False,False,False,,not_prioritized,not_assumed,exploratory
PRRX2,False,True,partially_retained,not_measured,,False,False,False,,not_prioritized,not_assumed,exploratory
PRTN3,False,False,,LAF_fibroblast,0.7619047619047619,True,True,False,,not_prioritized,not_assumed,exploratory
PRXL2A,False,True,partially_retained;suppressed,not_measured,,False,False,False,,not_prioritized,not_assumed,exploratory
PSAT1,False,True,partially_retained;suppressed,not_measured,,False,False,False,,not_prioritized,not_assumed,exploratory
PTGDS,False,True,partially_retained;suppressed,not_measured,,False,False,False,,not_prioritized,not_assumed,exploratory
PTGS2,False,True,fully_retained;suppressed,not_measured,,False,False,False,,not_prioritized,not_assumed,exploratory
PTH1R,False,True,fully_retained;partially_retained,not_measured,,False,False,False,,not_prioritized,not_assumed,exploratory
PTHLH,False,True,partially_retained;suppressed,not_measured,,False,False,False,,not_prioritized,not_assumed,exploratory
PTN,False,True,partially_retained,not_measured,,False,False,False,,not_prioritized,not_assumed,exploratory
PTPN5,False,True,enhanced_or_reprogrammed,not_measured,,False,False,False,,not_prioritized,not_assumed,exploratory
PTPRB,False,True,partially_retained;suppressed,not_measured,,False,False,False,,not_prioritized,not_assumed,exploratory
PTPRD,False,True,partially_retained,not_measured,,False,False,False,,not_prioritized,not_assumed,exploratory
PTPRF,False,True,partially_retained;suppressed,not_measured,,False,False,False,,not_prioritized,not_assumed,exploratory
PTPRN,False,True,partially_retained;suppressed,not_measured,,False,False,False,,not_prioritized,not_assumed,exploratory
PURPL,False,True,partially_retained;suppressed,not_measured,,False,False,False,,not_prioritized,not_assumed,exploratory
PVR,False,True,partially_retained,not_measured,,False,False,False,,not_prioritized,not_assumed,exploratory
PVT1,False,True,enhanced_or_reprogrammed;partially_retained,not_measured,,False,False,False,,not_prioritized,not_assumed,exploratory
PYGB,False,True,partially_retained;suppressed,not_measured,,False,False,False,,not_prioritized,not_assumed,exploratory
RAB33B-AS1,False,True,partially_retained;suppressed,not_measured,,False,False,False,,not_prioritized,not_assumed,exploratory
RAI2,False,True,partially_retained,not_measured,,False,False,False,,not_prioritized,not_assumed,exploratory
RAMP2,False,True,partially_retained,not_measured,,False,False,False,,not_prioritized,not_assumed,exploratory
RASA4B,False,True,enhanced_or_reprogrammed;partially_retained,not_measured,,False,False,False,,not_prioritized,not_assumed,exploratory
RASGRF2,False,True,partially_retained,not_measured,,False,False,False,,not_prioritized,not_assumed,exploratory
RASL11B,False,True,partially_retained;suppressed,not_measured,,False,False,False,,not_prioritized,not_assumed,exploratory
RASSF2,False,True,enhanced_or_reprogrammed;partially_retained,not_measured,,False,False,False,,not_prioritized,not_assumed,exploratory
RBMS3,False,True,partially_retained,not_measured,,False,False,False,,not_prioritized,not_assumed,exploratory
RBMS3-AS2,False,True,partially_retained;suppressed,not_measured,,False,False,False,,not_prioritized,not_assumed,exploratory
RFX2,False,True,partially_retained;suppressed,not_measured,,False,False,False,,not_prioritized,not_assumed,exploratory
RGS1,False,True,enhanced_or_reprogrammed,not_measured,,False,False,False,,not_prioritized,not_assumed,exploratory
RGS10,False,True,partially_retained;suppressed,not_measured,,False,False,False,,not_prioritized,not_assumed,exploratory
RHBDF2,False,True,partially_retained,not_measured,,False,False,False,,not_prioritized,not_assumed,exploratory
RHPN2,False,True,partially_retained,not_measured,,False,False,False,,not_prioritized,not_assumed,exploratory
RIPK4,False,True,partially_retained;suppressed,not_measured,,False,False,False,,not_prioritized,not_assumed,exploratory
RIPOR3,False,True,partially_retained,not_measured,,False,False,False,,not_prioritized,not_assumed,exploratory
RN7SK,False,True,partially_retained,not_measured,,False,False,False,,not_prioritized,not_assumed,exploratory
RPL22P1,False,True,enhanced_or_reprogrammed;partially_retained,not_measured,,False,False,False,,not_prioritized,not_assumed,exploratory
RPS27L,False,True,partially_retained,not_measured,,False,False,False,,not_prioritized,not_assumed,exploratory
RPS2P5,False,True,enhanced_or_reprogrammed;fully_retained,not_measured,,False,False,False,,not_prioritized,not_assumed,exploratory
RPS6KA1,False,True,partially_retained,not_measured,,False,False,False,,not_prioritized,not_assumed,exploratory
RPS6KA5,False,True,partially_retained;suppressed,not_measured,,False,False,False,,not_prioritized,not_assumed,exploratory
RRM2B,False,True,partially_retained,not_measured,,False,False,False,,not_prioritized,not_assumed,exploratory
RSAD2,False,True,partially_retained;suppressed,not_measured,,False,False,False,,not_prioritized,not_assumed,exploratory
RSPO1,False,True,fully_retained;partially_retained,not_measured,,False,False,False,,not_prioritized,not_assumed,exploratory
RSPO2,False,True,enhanced_or_reprogrammed;fully_retained,not_measured,,False,False,False,,not_prioritized,not_assumed,exploratory
RSPO3,False,True,enhanced_or_reprogrammed;partially_retained,not_measured,,False,False,False,,not_prioritized,not_assumed,exploratory
RSRP1,False,True,partially_retained,not_measured,,False,False,False,,not_prioritized,not_assumed,exploratory
RTCA-AS1,False,True,partially_retained;suppressed,not_measured,,False,False,False,,not_prioritized,not_assumed,exploratory
RTL9,False,True,partially_retained;suppressed,not_measured,,False,False,False,,not_prioritized,not_assumed,exploratory
RTN4RL2,False,True,partially_retained,not_measured,,False,False,False,,not_prioritized,not_assumed,exploratory
RUBCNL,False,True,partially_retained,not_measured,,False,False,False,,not_prioritized,not_assumed,exploratory
RUNX1T1,False,True,fully_retained;partially_retained,not_measured,,False,False,False,,not_prioritized,not_assumed,exploratory
S100A13,False,True,partially_retained,not_measured,,False,False,False,,not_prioritized,not_assumed,exploratory
S100A16,False,True,partially_retained,not_measured,,False,False,False,,not_prioritized,not_assumed,exploratory
S100A2,False,True,partially_retained,not_measured,,False,False,False,,not_prioritized,not_assumed,exploratory
S100A4,True,False,suppressed,not_measured,,False,False,False,,pending_public_matrix,not_assumed,exploratory
S100A6,False,True,fully_retained,not_measured,,False,False,False,,not_prioritized,not_assumed,exploratory
SARDH,False,True,enhanced_or_reprogrammed;partially_retained,not_measured,,False,False,False,,not_prioritized,not_assumed,exploratory
SBF2-AS1,False,True,partially_retained,not_measured,,False,False,False,,not_prioritized,not_assumed,exploratory
SCARA5,False,True,partially_retained,not_measured,,False,False,False,,not_prioritized,not_assumed,exploratory
SCN1B,False,True,partially_retained;suppressed,not_measured,,False,False,False,,not_prioritized,not_assumed,exploratory
SCN9A,False,True,partially_retained;suppressed,not_measured,,False,False,False,,not_prioritized,not_assumed,exploratory
SCUBE2,False,True,enhanced_or_reprogrammed;partially_retained,not_measured,,False,False,False,,not_prioritized,not_assumed,exploratory
SEC24B-AS1,False,True,partially_retained;suppressed,not_measured,,False,False,False,,not_prioritized,not_assumed,exploratory
SEC61G,False,True,partially_retained;suppressed,not_measured,,False,False,False,,not_prioritized,not_assumed,exploratory
SECTM1,False,True,partially_retained,not_measured,,False,False,False,,not_prioritized,not_assumed,exploratory
SEMA3A,False,True,partially_retained,not_measured,,False,False,False,,not_prioritized,not_assumed,exploratory
SEMA7A,False,True,enhanced_or_reprogrammed,not_measured,,False,False,False,,not_prioritized,not_assumed,exploratory
SEPTIN7,False,True,partially_retained,not_measured,,False,False,False,,not_prioritized,not_assumed,exploratory
SERINC2,False,True,partially_retained;suppressed,not_measured,,False,False,False,,not_prioritized,not_assumed,exploratory
SERPINA1,False,False,fully_retained,immune,0.5669396059748896,True,True,False,,not_prioritized,not_assumed,exploratory
SERPINB7,False,True,enhanced_or_reprogrammed;fully_retained,not_measured,,False,False,False,,not_prioritized,not_assumed,exploratory
SERPINB8,False,True,fully_retained;suppressed,not_measured,,False,False,False,,not_prioritized,not_assumed,exploratory
SERPINE1,False,True,fully_retained;partially_retained,vascular_endothelial,0.5103884372177055,True,True,False,immune_evasion,not_prioritized,not_assumed,exploratory
SERPINE2,False,True,fully_retained;partially_retained,not_measured,,False,False,False,,not_prioritized,not_assumed,exploratory
SERTAD4,False,True,partially_retained,not_measured,,False,False,False,,not_prioritized,not_assumed,exploratory
SERTM2,False,True,enhanced_or_reprogrammed;fully_retained,not_measured,,False,False,False,,not_prioritized,not_assumed,exploratory
SESN1,False,True,partially_retained,not_measured,,False,False,False,,not_prioritized,not_assumed,exploratory
SETBP1,False,True,fully_retained;partially_retained,not_measured,,False,False,False,,not_prioritized,not_assumed,exploratory
SFXN2,False,True,partially_retained;suppressed,not_measured,,False,False,False,,not_prioritized,not_assumed,exploratory
SHISA2,False,True,partially_retained,not_measured,,False,False,False,,not_prioritized,not_assumed,exploratory
SHISA3,False,True,partially_retained;suppressed,not_measured,,False,False,False,,not_prioritized,not_assumed,exploratory
SHLD2P1,False,True,partially_retained;suppressed,not_measured,,False,False,False,,not_prioritized,not_assumed,exploratory
SIPA1L2,False,True,partially_retained,not_measured,,False,False,False,,not_prioritized,not_assumed,exploratory
SIX2,False,True,partially_retained,not_measured,,False,False,False,,not_prioritized,not_assumed,exploratory
SLC12A8,False,True,fully_retained;partially_retained,not_measured,,False,False,False,,not_prioritized,not_assumed,exploratory
SLC16A3,False,True,enhanced_or_reprogrammed;suppressed,not_measured,,False,False,False,,not_prioritized,not_assumed,exploratory
SLC16A9,False,True,partially_retained;suppressed,not_measured,,False,False,False,,not_prioritized,not_assumed,exploratory
SLC1A1,False,True,enhanced_or_reprogrammed,not_measured,,False,False,False,,not_prioritized,not_assumed,exploratory
SLC20A1,False,True,enhanced_or_reprogrammed;partially_retained,not_measured,,False,False,False,,not_prioritized,not_assumed,exploratory
SLC2A1,False,True,partially_retained,not_measured,,False,False,False,,not_prioritized,not_assumed,exploratory
SLC2A13,False,True,partially_retained;suppressed,not_measured,,False,False,False,,not_prioritized,not_assumed,exploratory
SLC2A3,False,True,partially_retained,not_measured,,False,False,False,,not_prioritized,not_assumed,exploratory
SLC31A1,False,True,fully_retained;partially_retained,not_measured,,False,False,False,,not_prioritized,not_assumed,exploratory
SLC35F3,False,True,partially_retained,not_measured,,False,False,False,,not_prioritized,not_assumed,exploratory
SLC35F6,False,True,partially_retained;suppressed,not_measured,,False,False,False,,not_prioritized,not_assumed,exploratory
SLC38A11,False,True,partially_retained;suppressed,not_measured,,False,False,False,,not_prioritized,not_assumed,exploratory
SLC38A5,False,True,partially_retained,not_measured,,False,False,False,,not_prioritized,not_assumed,exploratory
SLC38A6,False,True,partially_retained;suppressed,not_measured,,False,False,False,,not_prioritized,not_assumed,exploratory
SLC39A14,False,True,partially_retained,not_measured,,False,False,False,,not_prioritized,not_assumed,exploratory
SLC39A8,False,True,enhanced_or_reprogrammed;partially_retained,not_measured,,False,False,False,,not_prioritized,not_assumed,exploratory
SLC43A3,False,True,partially_retained,not_measured,,False,False,False,,not_prioritized,not_assumed,exploratory
SLC6A15,False,True,partially_retained;suppressed,not_measured,,False,False,False,,not_prioritized,not_assumed,exploratory
SLC7A1,False,True,partially_retained;suppressed,not_measured,,False,False,False,,not_prioritized,not_assumed,exploratory
SLC7A5,False,True,partially_retained;suppressed,not_measured,,False,False,False,,not_prioritized,not_assumed,exploratory
SLFN12,False,True,fully_retained;partially_retained,not_measured,,False,False,False,,not_prioritized,not_assumed,exploratory
SLPI,False,True,partially_retained;suppressed,unclassified,0.8812395919869205,True,True,False,,not_prioritized,not_assumed,exploratory
SMAD9,False,True,partially_retained,not_measured,,False,False,False,,not_prioritized,not_assumed,exploratory
SMARCA2,False,True,partially_retained,not_measured,,False,False,False,,not_prioritized,not_assumed,exploratory
SMIM3,False,True,partially_retained,not_measured,,False,False,False,,not_prioritized,not_assumed,exploratory
SMIM34B,False,True,partially_retained;suppressed,not_measured,,False,False,False,,not_prioritized,not_assumed,exploratory
SMPX,False,True,partially_retained,not_measured,,False,False,False,,not_prioritized,not_assumed,exploratory
SNHG8,False,True,partially_retained,not_measured,,False,False,False,,not_prioritized,not_assumed,exploratory
SOCS1,False,True,partially_retained,not_measured,,False,False,False,,not_prioritized,not_assumed,exploratory
SOSTDC1,False,True,enhanced_or_reprogrammed;partially_retained,not_measured,,False,False,False,,not_prioritized,not_assumed,exploratory
SP9,False,True,enhanced_or_reprogrammed,not_measured,,False,False,False,,not_prioritized,not_assumed,exploratory
SPAG4,False,True,partially_retained;suppressed,not_measured,,False,False,False,,not_prioritized,not_assumed,exploratory
SPATA18,False,True,partially_retained,not_measured,,False,False,False,,not_prioritized,not_assumed,exploratory
SPDYE8,False,True,partially_retained;suppressed,not_measured,,False,False,False,,not_prioritized,not_assumed,exploratory
SPHK1,False,True,partially_retained;suppressed,not_measured,,False,False,False,,not_prioritized,not_assumed,exploratory
SPINT2,False,True,enhanced_or_reprogrammed,not_measured,,False,False,False,,not_prioritized,not_assumed,exploratory
SPOCD1,False,True,enhanced_or_reprogrammed;fully_retained,not_measured,,False,False,False,,not_prioritized,not_assumed,exploratory
SPOCK3,False,True,fully_retained,not_measured,,False,False,False,,not_prioritized,not_assumed,exploratory
SPON2,False,True,partially_retained,not_measured,,False,False,False,,not_prioritized,not_assumed,exploratory
SPP1,False,True,partially_retained;suppressed,not_measured,,False,False,False,,not_prioritized,not_assumed,exploratory
SPRED3,False,True,partially_retained;suppressed,not_measured,,False,False,False,,not_prioritized,not_assumed,exploratory
SSX2IP,False,True,fully_retained;suppressed,not_measured,,False,False,False,,not_prioritized,not_assumed,exploratory
ST8SIA1,False,True,partially_retained;suppressed,not_measured,,False,False,False,,not_prioritized,not_assumed,exploratory
STAC,False,True,partially_retained,not_measured,,False,False,False,,not_prioritized,not_assumed,exploratory
STAG3L3,False,True,partially_retained,not_measured,,False,False,False,,not_prioritized,not_assumed,exploratory
STAP2,False,True,partially_retained,not_measured,,False,False,False,,not_prioritized,not_assumed,exploratory
STARD5,False,True,enhanced_or_reprogrammed;partially_retained,not_measured,,False,False,False,,not_prioritized,not_assumed,exploratory
STC1,False,True,partially_retained,not_measured,,False,False,False,,not_prioritized,not_assumed,exploratory
STC2,False,True,partially_retained,not_measured,,False,False,False,,not_prioritized,not_assumed,exploratory
STEAP1B,False,True,enhanced_or_reprogrammed;partially_retained,not_measured,,False,False,False,,not_prioritized,not_assumed,exploratory
STEAP3,False,True,partially_retained,not_measured,,False,False,False,,not_prioritized,not_assumed,exploratory
STMN2,False,True,enhanced_or_reprogrammed,not_measured,,False,False,False,,not_prioritized,not_assumed,exploratory
STX3,False,True,partially_retained;suppressed,not_measured,,False,False,False,,not_prioritized,not_assumed,exploratory
STXBP6,False,True,partially_retained,not_measured,,False,False,False,,not_prioritized,not_assumed,exploratory
SULF2,False,True,partially_retained,not_measured,,False,False,False,,not_prioritized,not_assumed,exploratory
SULT1B1,False,True,enhanced_or_reprogrammed;partially_retained,not_measured,,False,False,False,,not_prioritized,not_assumed,exploratory
SULT1C2,False,True,partially_retained,not_measured,,False,False,False,,not_prioritized,not_assumed,exploratory
SULT1E1,False,True,enhanced_or_reprogrammed;fully_retained,not_measured,,False,False,False,,not_prioritized,not_assumed,exploratory
SVEP1,False,True,partially_retained;suppressed,not_measured,,False,False,False,,not_prioritized,not_assumed,exploratory
SYNPO2,False,True,partially_retained,not_measured,,False,False,False,,not_prioritized,not_assumed,exploratory
SYPL2,False,True,partially_retained;suppressed,not_measured,,False,False,False,,not_prioritized,not_assumed,exploratory
SYTL2,False,True,partially_retained,not_measured,,False,False,False,,not_prioritized,not_assumed,exploratory
TAPT1-AS1,False,True,partially_retained;suppressed,not_measured,,False,False,False,,not_prioritized,not_assumed,exploratory
TARID,False,True,partially_retained;suppressed,not_measured,,False,False,False,,not_prioritized,not_assumed,exploratory
TARS3,False,True,fully_retained;partially_retained,not_measured,,False,False,False,,not_prioritized,not_assumed,exploratory
TBC1D2,False,True,partially_retained,not_measured,,False,False,False,,not_prioritized,not_assumed,exploratory
TEAD3,False,True,partially_retained;suppressed,not_measured,,False,False,False,,not_prioritized,not_assumed,exploratory
TF,False,True,partially_retained;suppressed,not_measured,,False,False,False,,not_prioritized,not_assumed,exploratory
TFR2,False,True,partially_retained;suppressed,not_measured,,False,False,False,,not_prioritized,not_assumed,exploratory
TFRC,False,True,partially_retained;suppressed,not_measured,,False,False,False,,not_prioritized,not_assumed,exploratory
TGFB3,False,True,partially_retained,not_measured,,False,False,False,,not_prioritized,not_assumed,exploratory
TGFBR3,False,True,fully_retained,not_measured,,False,False,False,,not_prioritized,not_assumed,exploratory
THBS2,False,True,partially_retained,not_measured,,False,False,False,,not_prioritized,not_assumed,exploratory
THEMIS2,False,True,partially_retained;suppressed,not_measured,,False,False,False,,not_prioritized,not_assumed,exploratory
THRB,False,True,fully_retained;partially_retained,not_measured,,False,False,False,,not_prioritized,not_assumed,exploratory
TIGD7,False,True,partially_retained,not_measured,,False,False,False,,not_prioritized,not_assumed,exploratory
TIMP1,False,False,fully_retained,immune,0.4822286508047764,True,True,False,ECM_interaction,not_prioritized,not_assumed,exploratory
TIMP2,False,False,suppressed,immune,0.6021622843366232,True,True,False,ECM_interaction,not_prioritized,not_assumed,exploratory
TIMP3,False,True,fully_retained;partially_retained,not_measured,,False,False,False,,not_prioritized,not_assumed,exploratory
TIMP4,False,True,partially_retained;suppressed,not_measured,,False,False,False,,not_prioritized,not_assumed,exploratory
TLCD4,False,True,fully_retained;suppressed,not_measured,,False,False,False,,not_prioritized,not_assumed,exploratory
TLL1,False,True,partially_retained;suppressed,not_measured,,False,False,False,,not_prioritized,not_assumed,exploratory
TLR3,False,True,fully_retained;partially_retained,not_measured,,False,False,False,,not_prioritized,not_assumed,exploratory
TMC6,False,True,partially_retained;suppressed,not_measured,,False,False,False,,not_prioritized,not_assumed,exploratory
TMEM102,False,True,enhanced_or_reprogrammed;suppressed,not_measured,,False,False,False,,not_prioritized,not_assumed,exploratory
TMEM121,False,True,partially_retained,not_measured,,False,False,False,,not_prioritized,not_assumed,exploratory
TMEM130,False,True,partially_retained,not_measured,,False,False,False,,not_prioritized,not_assumed,exploratory
TMEM178A,False,True,partially_retained;suppressed,not_measured,,False,False,False,,not_prioritized,not_assumed,exploratory
TMEM198B,False,True,partially_retained,not_measured,,False,False,False,,not_prioritized,not_assumed,exploratory
TMEM200B,False,True,partially_retained,not_measured,,False,False,False,,not_prioritized,not_assumed,exploratory
TMEM204,False,True,fully_retained;partially_retained,not_measured,,False,False,False,,not_prioritized,not_assumed,exploratory
TMEM255B,False,True,partially_retained;suppressed,not_measured,,False,False,False,,not_prioritized,not_assumed,exploratory
TMEM26,False,True,enhanced_or_reprogrammed,not_measured,,False,False,False,,not_prioritized,not_assumed,exploratory
TMEM59L,False,True,fully_retained;partially_retained,not_measured,,False,False,False,,not_prioritized,not_assumed,exploratory
TMPO-AS1,False,True,partially_retained;suppressed,not_measured,,False,False,False,,not_prioritized,not_assumed,exploratory
TMSB15A,False,True,partially_retained,not_measured,,False,False,False,,not_prioritized,not_assumed,exploratory
TMTC2,False,True,enhanced_or_reprogrammed;fully_retained,not_measured,,False,False,False,,not_prioritized,not_assumed,exploratory
TNFAIP8L3,False,True,fully_retained;suppressed,not_measured,,False,False,False,,not_prioritized,not_assumed,exploratory
TNFRSF10A,False,True,fully_retained,not_measured,,False,False,False,,not_prioritized,not_assumed,exploratory
TNFRSF10B,False,True,partially_retained,not_measured,,False,False,False,,not_prioritized,not_assumed,exploratory
TNFRSF10D,False,True,partially_retained,not_measured,,False,False,False,,not_prioritized,not_assumed,exploratory
TNFRSF11B,False,True,partially_retained;suppressed,not_measured,,False,False,False,,not_prioritized,not_assumed,exploratory
TNFRSF19,False,True,partially_retained,not_measured,,False,False,False,,not_prioritized,not_assumed,exploratory
TNFRSF21,False,True,partially_retained,not_measured,,False,False,False,,not_prioritized,not_assumed,exploratory
TNFRSF6B,False,True,fully_retained,not_measured,,False,False,False,,not_prioritized,not_assumed,exploratory
TNIK,False,True,enhanced_or_reprogrammed;partially_retained,not_measured,,False,False,False,,not_prioritized,not_assumed,exploratory
TNNI1,False,True,partially_retained,not_measured,,False,False,False,,not_prioritized,not_assumed,exploratory
TNNT1,False,True,enhanced_or_reprogrammed;partially_retained,not_measured,,False,False,False,,not_prioritized,not_assumed,exploratory
TNXB,False,True,partially_retained;suppressed,not_measured,,False,False,False,,not_prioritized,not_assumed,exploratory
TOMM34,False,True,partially_retained,not_measured,,False,False,False,,not_prioritized,not_assumed,exploratory
TOX,False,True,fully_retained;partially_retained,not_measured,,False,False,False,,not_prioritized,not_assumed,exploratory
TP53INP2,False,True,partially_retained;suppressed,not_measured,,False,False,False,,not_prioritized,not_assumed,exploratory
TPBG,False,True,partially_retained;suppressed,not_measured,,False,False,False,,not_prioritized,not_assumed,exploratory
TPD52,False,True,partially_retained,not_measured,,False,False,False,,not_prioritized,not_assumed,exploratory
TPD52L1,False,True,partially_retained;suppressed,not_measured,,False,False,False,,not_prioritized,not_assumed,exploratory
TPI1,False,True,partially_retained;suppressed,not_measured,,False,False,False,,not_prioritized,not_assumed,exploratory
TPPP3,False,True,partially_retained;suppressed,not_measured,,False,False,False,,not_prioritized,not_assumed,exploratory
TPST2,False,True,partially_retained,not_measured,,False,False,False,,not_prioritized,not_assumed,exploratory
TRAM1L1,False,True,fully_retained,not_measured,,False,False,False,,not_prioritized,not_assumed,exploratory
TRIB3,False,True,partially_retained;suppressed,not_measured,,False,False,False,,not_prioritized,not_assumed,exploratory
TRIM14,False,True,fully_retained;suppressed,not_measured,,False,False,False,,not_prioritized,not_assumed,exploratory
TRIM16,False,True,partially_retained;suppressed,not_measured,,False,False,False,,not_prioritized,not_assumed,exploratory
TRIM36,False,True,fully_retained;suppressed,not_measured,,False,False,False,,not_prioritized,not_assumed,exploratory
TRIM4,False,True,enhanced_or_reprogrammed,not_measured,,False,False,False,,not_prioritized,not_assumed,exploratory
TRIM61,False,True,enhanced_or_reprogrammed;fully_retained,not_measured,,False,False,False,,not_prioritized,not_assumed,exploratory
TRPA1,False,True,partially_retained,not_measured,,False,False,False,,not_prioritized,not_assumed,exploratory
TRPC4,False,True,fully_retained;partially_retained,not_measured,,False,False,False,,not_prioritized,not_assumed,exploratory
TRPV2,False,True,partially_retained,not_measured,,False,False,False,,not_prioritized,not_assumed,exploratory
TSLP,False,True,partially_retained,not_measured,,False,False,False,,not_prioritized,not_assumed,exploratory
TSPAN10,False,True,fully_retained;suppressed,not_measured,,False,False,False,,not_prioritized,not_assumed,exploratory
TSPEAR-AS1,False,True,fully_retained;partially_retained,not_measured,,False,False,False,,not_prioritized,not_assumed,exploratory
TTC28,False,True,partially_retained;suppressed,not_measured,,False,False,False,,not_prioritized,not_assumed,exploratory
TUBA4A,False,True,partially_retained,not_measured,,False,False,False,,not_prioritized,not_assumed,exploratory
TXN,False,True,partially_retained;suppressed,not_measured,,False,False,False,,not_prioritized,not_assumed,exploratory
TYRP1,False,True,enhanced_or_reprogrammed;partially_retained,not_measured,,False,False,False,,not_prioritized,not_assumed,exploratory
UBASH3B,False,True,partially_retained,not_measured,,False,False,False,,not_prioritized,not_assumed,exploratory
UCHL1,False,True,partially_retained,not_measured,,False,False,False,,not_prioritized,not_assumed,exploratory
UCHL3,False,True,partially_retained,not_measured,,False,False,False,,not_prioritized,not_assumed,exploratory
UCP2,False,True,partially_retained,not_measured,,False,False,False,,not_prioritized,not_assumed,exploratory
UGGT1,False,True,partially_retained;suppressed,not_measured,,False,False,False,,not_prioritized,not_assumed,exploratory
ULBP1,False,True,fully_retained;partially_retained,not_measured,,False,False,False,,not_prioritized,not_assumed,exploratory
UPP1,False,True,partially_retained,not_measured,,False,False,False,,not_prioritized,not_assumed,exploratory
VDR,False,True,partially_retained,not_measured,,False,False,False,,not_prioritized,not_assumed,exploratory
VEGFA,False,True,partially_retained;suppressed,not_measured,,False,False,False,survival_stress,not_prioritized,not_assumed,exploratory
VEGFD,True,False,enhanced_or_reprogrammed,not_measured,,False,False,False,lung_adaptation,pending_public_matrix,not_assumed,exploratory
VEPH1,False,True,partially_retained;suppressed,not_measured,,False,False,False,,not_prioritized,not_assumed,exploratory
VGLL3,False,True,partially_retained,not_measured,,False,False,False,,not_prioritized,not_assumed,exploratory
VKORC1,False,True,partially_retained,not_measured,,False,False,False,,not_prioritized,not_assumed,exploratory
VLDLR,False,True,partially_retained;suppressed,not_measured,,False,False,False,,not_prioritized,not_assumed,exploratory
VSTM4,False,True,fully_retained;partially_retained,not_measured,,False,False,False,,not_prioritized,not_assumed,exploratory
WARS1,False,True,partially_retained;suppressed,not_measured,,False,False,False,,not_prioritized,not_assumed,exploratory
WNK3,False,True,enhanced_or_reprogrammed;suppressed,not_measured,,False,False,False,,not_prioritized,not_assumed,exploratory
WNT11,False,True,fully_retained;partially_retained,not_measured,,False,False,False,,not_prioritized,not_assumed,exploratory
XG,False,True,enhanced_or_reprogrammed;fully_retained,not_measured,,False,False,False,,not_prioritized,not_assumed,exploratory
XPOT,False,True,partially_retained;suppressed,not_measured,,False,False,False,,not_prioritized,not_assumed,exploratory
YJEFN3,False,True,partially_retained;suppressed,not_measured,,False,False,False,,not_prioritized,not_assumed,exploratory
ZFPM2,False,True,partially_retained,not_measured,,False,False,False,,not_prioritized,not_assumed,exploratory
ZIC2,False,True,enhanced_or_reprogrammed;partially_retained,not_measured,,False,False,False,,not_prioritized,not_assumed,exploratory
ZIC3,False,True,fully_retained,not_measured,,False,False,False,,not_prioritized,not_assumed,exploratory
ZIC5,False,True,enhanced_or_reprogrammed,not_measured,,False,False,False,,not_prioritized,not_assumed,exploratory
ZNF215,False,True,partially_retained,not_measured,,False,False,False,,not_prioritized,not_assumed,exploratory
ZNF283,False,True,partially_retained;suppressed,not_measured,,False,False,False,,not_prioritized,not_assumed,exploratory
ZNF300,False,True,enhanced_or_reprogrammed;fully_retained,not_measured,,False,False,False,,not_prioritized,not_assumed,exploratory
ZNF32-AS2,False,True,partially_retained,not_measured,,False,False,False,,not_prioritized,not_assumed,exploratory
ZNF362,False,True,partially_retained,not_measured,,False,False,False,,not_prioritized,not_assumed,exploratory
ZNF365,False,True,enhanced_or_reprogrammed;fully_retained,not_measured,,False,False,False,,not_prioritized,not_assumed,exploratory
ZNF385D,False,True,partially_retained;suppressed,not_measured,,False,False,False,,not_prioritized,not_assumed,exploratory
ZNF467,False,True,enhanced_or_reprogrammed;fully_retained,not_measured,,False,False,False,,not_prioritized,not_assumed,exploratory
ZNF501,False,True,partially_retained;suppressed,not_measured,,False,False,False,,not_prioritized,not_assumed,exploratory
ZNF518A,False,True,partially_retained;suppressed,not_measured,,False,False,False,,not_prioritized,not_assumed,exploratory
ZNF572,False,True,partially_retained,not_measured,,False,False,False,,not_prioritized,not_assumed,exploratory
ZNF608,False,True,partially_retained,not_measured,,False,False,False,,not_prioritized,not_assumed,exploratory
ZNF681,False,True,enhanced_or_reprogrammed;suppressed,not_measured,,False,False,False,,not_prioritized,not_assumed,exploratory
ZNF711,False,True,fully_retained;partially_retained,not_measured,,False,False,False,,not_prioritized,not_assumed,exploratory
ZNF738,False,True,partially_retained;suppressed,not_measured,,False,False,False,,not_prioritized,not_assumed,exploratory
ZP1,False,True,partially_retained;suppressed,not_measured,,False,False,False,,not_prioritized,not_assumed,exploratory
