pool,donor_id,candidate_program,gene,weight,rank_position,selected_rank,selected_seed,n_cells
high_confidence,LAM1,program_1,GREB1,6.376025676727295,1,3,0,75
high_confidence,LAM1,program_1,SYNE2,4.600302219390869,2,3,0,75
high_confidence,LAM1,program_1,RPLP0,4.375552177429199,3,3,0,75
high_confidence,LAM1,program_1,FN1,4.325683116912842,4,3,0,75
high_confidence,LAM1,program_1,SERPINB3,4.197857856750488,5,3,0,75
high_confidence,LAM1,program_1,HOXA9,3.399794816970825,6,3,0,75
high_confidence,LAM1,program_1,SAMD3,3.174415349960327,7,3,0,75
high_confidence,LAM1,program_1,PI16,3.1543171405792236,8,3,0,75
high_confidence,LAM1,program_1,ADAMTS5,3.151527166366577,9,3,0,75
high_confidence,LAM1,program_1,ESR1,3.1240017414093018,10,3,0,75
high_confidence,LAM1,program_1,SMAD3,3.1016666889190674,11,3,0,75
high_confidence,LAM1,program_1,RPS6,2.7957775592803955,12,3,0,75
high_confidence,LAM1,program_1,SLC9A3R2,2.4116992950439453,13,3,0,75
high_confidence,LAM1,program_1,TAGLN,2.3770086765289307,14,3,0,75
high_confidence,LAM1,program_1,CHI3L1,2.3554227352142334,15,3,0,75
high_confidence,LAM1,program_1,LAMA4,2.3482284545898438,16,3,0,75
high_confidence,LAM1,program_1,SOX2,2.288910150527954,17,3,0,75
high_confidence,LAM1,program_1,TUBA4A,2.232966184616089,18,3,0,75
high_confidence,LAM1,program_1,HOXA10,2.202998399734497,19,3,0,75
high_confidence,LAM1,program_1,FMO2,2.146357774734497,20,3,0,75
high_confidence,LAM1,program_1,KCNK3,1.9322514533996582,21,3,0,75
high_confidence,LAM1,program_1,NANOG,1.7899812459945679,22,3,0,75
high_confidence,LAM1,program_1,ADRB1,1.7759839296340942,23,3,0,75
high_confidence,LAM1,program_1,TPM1,1.7286131381988525,24,3,0,75
high_confidence,LAM1,program_1,ADAMTS1,1.7238438129425049,25,3,0,75
high_confidence,LAM1,program_1,LRRC46,1.6268209218978882,26,3,0,75
high_confidence,LAM1,program_1,LRRC48,1.621220350265503,27,3,0,75
high_confidence,LAM1,program_1,RNASE1,1.5939527750015259,28,3,0,75
high_confidence,LAM1,program_1,FKBP11,1.5739171504974365,29,3,0,75
high_confidence,LAM1,program_1,PF4,1.5461102724075317,30,3,0,75
high_confidence,LAM1,program_1,CYYR1,1.4810621738433838,31,3,0,75
high_confidence,LAM1,program_1,SPTBN1,1.4604473114013672,32,3,0,75
high_confidence,LAM1,program_1,PTN,1.4323676824569702,33,3,0,75
high_confidence,LAM1,program_1,PTGIS,1.4047744274139404,34,3,0,75
high_confidence,LAM1,program_1,CCNB1,1.3841090202331543,35,3,0,75
high_confidence,LAM1,program_1,CD226,1.3811616897583008,36,3,0,75
high_confidence,LAM1,program_1,BCL11B,1.3503532409667969,37,3,0,75
high_confidence,LAM1,program_1,SH2D1B,1.350028395652771,38,3,0,75
high_confidence,LAM1,program_1,ESR2,1.346996545791626,39,3,0,75
high_confidence,LAM1,program_1,AKT1,1.3114625215530396,40,3,0,75
high_confidence,LAM1,program_1,KRT15,1.3044402599334717,41,3,0,75
high_confidence,LAM1,program_1,COL18A1,1.2963206768035889,42,3,0,75
high_confidence,LAM1,program_1,RAPGEF5,1.2860990762710571,43,3,0,75
high_confidence,LAM1,program_1,HEY1,1.2687969207763672,44,3,0,75
high_confidence,LAM1,program_1,SERPINF1,1.2686774730682373,45,3,0,75
high_confidence,LAM1,program_1,GPR116,1.2643777132034302,46,3,0,75
high_confidence,LAM1,program_1,HBG1,1.2590972185134888,47,3,0,75
high_confidence,LAM1,program_1,DTHD1,1.1691734790802002,48,3,0,75
high_confidence,LAM1,program_1,PROM1,1.1659131050109863,49,3,0,75
high_confidence,LAM1,program_1,CYP3A5,1.1628293991088867,50,3,0,75
high_confidence,LAM1,program_2,ISG15,3.5179598331451416,1,3,0,75
high_confidence,LAM1,program_2,COL6A2,3.443437337875366,2,3,0,75
high_confidence,LAM1,program_2,TIMP1,3.3875088691711426,3,3,0,75
high_confidence,LAM1,program_2,COL3A1,2.9969935417175293,4,3,0,75
high_confidence,LAM1,program_2,SFTA1P,2.9860551357269287,5,3,0,75
high_confidence,LAM1,program_2,S1PR5,2.7123894691467285,6,3,0,75
high_confidence,LAM1,program_2,CCL14,2.6753997802734375,7,3,0,75
high_confidence,LAM1,program_2,RP5-887A10.1,2.538665294647217,8,3,0,75
high_confidence,LAM1,program_2,SMAD3,2.4942774772644043,9,3,0,75
high_confidence,LAM1,program_2,PI16,2.368224620819092,10,3,0,75
high_confidence,LAM1,program_2,DCT,2.360405921936035,11,3,0,75
high_confidence,LAM1,program_2,HMGA2,2.3520870208740234,12,3,0,75
high_confidence,LAM1,program_2,HOXA9,2.343573570251465,13,3,0,75
high_confidence,LAM1,program_2,SMAD2,2.236955165863037,14,3,0,75
high_confidence,LAM1,program_2,RPS6,2.2319819927215576,15,3,0,75
high_confidence,LAM1,program_2,ESR1,2.206118583679199,16,3,0,75
high_confidence,LAM1,program_2,RHOH,2.019138813018799,17,3,0,75
high_confidence,LAM1,program_2,F8,1.9677839279174805,18,3,0,75
high_confidence,LAM1,program_2,TNFRSF18,1.9493300914764404,19,3,0,75
high_confidence,LAM1,program_2,THEMIS,1.9390650987625122,20,3,0,75
high_confidence,LAM1,program_2,NTS,1.9227863550186157,21,3,0,75
high_confidence,LAM1,program_2,GREB1,1.8233352899551392,22,3,0,75
high_confidence,LAM1,program_2,TMIGD2,1.7905166149139404,23,3,0,75
high_confidence,LAM1,program_2,IL1B,1.7659679651260376,24,3,0,75
high_confidence,LAM1,program_2,PF4,1.754915475845337,25,3,0,75
high_confidence,LAM1,program_2,CXCR6,1.7515121698379517,26,3,0,75
high_confidence,LAM1,program_2,TAGLN,1.662816047668457,27,3,0,75
high_confidence,LAM1,program_2,KIAA1462,1.6229658126831055,28,3,0,75
high_confidence,LAM1,program_2,WDR54,1.5987735986709595,29,3,0,75
high_confidence,LAM1,program_2,PMEL,1.590093970298767,30,3,0,75
high_confidence,LAM1,program_2,COL1A2,1.5677049160003662,31,3,0,75
high_confidence,LAM1,program_2,DMBT1,1.499550700187683,32,3,0,75
high_confidence,LAM1,program_2,PROM1,1.499446153640747,33,3,0,75
high_confidence,LAM1,program_2,RBP4,1.4865106344223022,34,3,0,75
high_confidence,LAM1,program_2,GRASP,1.4576472043991089,35,3,0,75
high_confidence,LAM1,program_2,STAT3,1.429663062095642,36,3,0,75
high_confidence,LAM1,program_2,LMO7,1.4147504568099976,37,3,0,75
high_confidence,LAM1,program_2,SELE,1.4093616008758545,38,3,0,75
high_confidence,LAM1,program_2,CYYR1,1.4035437107086182,39,3,0,75
high_confidence,LAM1,program_2,CYP3A5,1.4014912843704224,40,3,0,75
high_confidence,LAM1,program_2,POSTN,1.4014180898666382,41,3,0,75
high_confidence,LAM1,program_2,CD300E,1.3756438493728638,42,3,0,75
high_confidence,LAM1,program_2,MSRB3,1.3620144128799438,43,3,0,75
high_confidence,LAM1,program_2,KDR,1.2432589530944824,44,3,0,75
high_confidence,LAM1,program_2,PBX1,1.2421847581863403,45,3,0,75
high_confidence,LAM1,program_2,FABP3,1.2127476930618286,46,3,0,75
high_confidence,LAM1,program_2,COL1A1,1.174027919769287,47,3,0,75
high_confidence,LAM1,program_2,AKT1,1.1717575788497925,48,3,0,75
high_confidence,LAM1,program_2,KRT18,1.139621376991272,49,3,0,75
high_confidence,LAM1,program_2,CNKSR3,1.1324923038482666,50,3,0,75
high_confidence,LAM1,program_3,HIF1A,4.0942182540893555,1,3,0,75
high_confidence,LAM1,program_3,PXN,4.082747459411621,2,3,0,75
high_confidence,LAM1,program_3,C1QA,3.990691900253296,3,3,0,75
high_confidence,LAM1,program_3,HSPA1B,3.678133010864258,4,3,0,75
high_confidence,LAM1,program_3,SMAD2,3.646233320236206,5,3,0,75
high_confidence,LAM1,program_3,XXBAC-BPG13B8.10,3.16121244430542,6,3,0,75
high_confidence,LAM1,program_3,GJA1,2.982572317123413,7,3,0,75
high_confidence,LAM1,program_3,ARL4C,2.9195194244384766,8,3,0,75
high_confidence,LAM1,program_3,SMAD3,2.654541015625,9,3,0,75
high_confidence,LAM1,program_3,HOXA9,2.6376049518585205,10,3,0,75
high_confidence,LAM1,program_3,AKT1,2.5415759086608887,11,3,0,75
high_confidence,LAM1,program_3,ESR1,2.5366907119750977,12,3,0,75
high_confidence,LAM1,program_3,P2RY8,2.5062384605407715,13,3,0,75
high_confidence,LAM1,program_3,RGS5,2.4340169429779053,14,3,0,75
high_confidence,LAM1,program_3,PI16,2.392913341522217,15,3,0,75
high_confidence,LAM1,program_3,HES1,2.2545042037963867,16,3,0,75
high_confidence,LAM1,program_3,STAT3,2.249329090118408,17,3,0,75
high_confidence,LAM1,program_3,HOXA10,2.2065634727478027,18,3,0,75
high_confidence,LAM1,program_3,AIF1,2.1562376022338867,19,3,0,75
high_confidence,LAM1,program_3,EIF4EBP1,2.085860252380371,20,3,0,75
high_confidence,LAM1,program_3,RPS6,1.9970296621322632,21,3,0,75
high_confidence,LAM1,program_3,GREB1,1.9090975522994995,22,3,0,75
high_confidence,LAM1,program_3,TAGLN,1.8859717845916748,23,3,0,75
high_confidence,LAM1,program_3,PBX1,1.882233738899231,24,3,0,75
high_confidence,LAM1,program_3,EDIL3,1.6348824501037598,25,3,0,75
high_confidence,LAM1,program_3,VEGFA,1.6120909452438354,26,3,0,75
high_confidence,LAM1,program_3,TGFB1,1.5024455785751343,27,3,0,75
high_confidence,LAM1,program_3,COL1A2,1.3396363258361816,28,3,0,75
high_confidence,LAM1,program_3,MYL9,1.2767622470855713,29,3,0,75
high_confidence,LAM1,program_3,PROM1,1.222941517829895,30,3,0,75
high_confidence,LAM1,program_3,BCL6B,1.1606894731521606,31,3,0,75
high_confidence,LAM1,program_3,CDKN1A,1.1537410020828247,32,3,0,75
high_confidence,LAM1,program_3,TSPAN12,1.0646861791610718,33,3,0,75
high_confidence,LAM1,program_3,FAM26F,1.0056607723236084,34,3,0,75
high_confidence,LAM1,program_3,TIMP2,0.9795721769332886,35,3,0,75
high_confidence,LAM1,program_3,ADAMTS5,0.9715201258659363,36,3,0,75
high_confidence,LAM1,program_3,RPS8,0.8942148685455322,37,3,0,75
high_confidence,LAM1,program_3,MAP1B,0.8310417532920837,38,3,0,75
high_confidence,LAM1,program_3,CNN3,0.8068314790725708,39,3,0,75
high_confidence,LAM1,program_3,FCER1G,0.7790080308914185,40,3,0,75
high_confidence,LAM1,program_3,PLEKHF1,0.7721049189567566,41,3,0,75
high_confidence,LAM1,program_3,SOX2,0.7517072558403015,42,3,0,75
high_confidence,LAM1,program_3,ESR2,0.7244499921798706,43,3,0,75
high_confidence,LAM1,program_3,KIAA0101,0.7105919122695923,44,3,0,75
high_confidence,LAM1,program_3,CNOT6L,0.6957454085350037,45,3,0,75
high_confidence,LAM1,program_3,TYMS,0.6074494123458862,46,3,0,75
high_confidence,LAM1,program_3,RHOJ,0.6066442131996155,47,3,0,75
high_confidence,LAM1,program_3,PDCD1,0.5911731123924255,48,3,0,75
high_confidence,LAM1,program_3,BCL2L1,0.5874335169792175,49,3,0,75
high_confidence,LAM1,program_3,GIMAP8,0.5795824527740479,50,3,0,75
high_confidence,LAM2,program_1,STK17A,7.908345699310303,1,3,0,163
high_confidence,LAM2,program_1,C1QA,7.513486385345459,2,3,0,163
high_confidence,LAM2,program_1,COL3A1,7.336081504821777,3,3,0,163
high_confidence,LAM2,program_1,TM4SF18,6.318307399749756,4,3,0,163
high_confidence,LAM2,program_1,C7,6.1341962814331055,5,3,0,163
high_confidence,LAM2,program_1,XXBAC-BPG13B8.10,5.640390396118164,6,3,0,163
high_confidence,LAM2,program_1,TNFAIP3,5.432923316955566,7,3,0,163
high_confidence,LAM2,program_1,MMP2,5.325401306152344,8,3,0,163
high_confidence,LAM2,program_1,TXNIP,5.076210021972656,9,3,0,163
high_confidence,LAM2,program_1,NFKBIA,5.035432815551758,10,3,0,163
high_confidence,LAM2,program_1,PIM2,4.969889163970947,11,3,0,163
high_confidence,LAM2,program_1,ESR2,4.890831470489502,12,3,0,163
high_confidence,LAM2,program_1,DCN,4.738348484039307,13,3,0,163
high_confidence,LAM2,program_1,LUM,4.631893634796143,14,3,0,163
high_confidence,LAM2,program_1,KRT18,4.460302829742432,15,3,0,163
high_confidence,LAM2,program_1,PBX1,4.349916934967041,16,3,0,163
high_confidence,LAM2,program_1,SFTPA2,4.275360107421875,17,3,0,163
high_confidence,LAM2,program_1,AIF1,4.202150344848633,18,3,0,163
high_confidence,LAM2,program_1,FCER1G,3.9862630367279053,19,3,0,163
high_confidence,LAM2,program_1,CD14,3.9044883251190186,20,3,0,163
high_confidence,LAM2,program_1,GREB1,3.709413528442383,21,3,0,163
high_confidence,LAM2,program_1,NR4A1,3.608025074005127,22,3,0,163
high_confidence,LAM2,program_1,MYL9,3.5532031059265137,23,3,0,163
high_confidence,LAM2,program_1,RPLP0,3.3720076084136963,24,3,0,163
high_confidence,LAM2,program_1,EIF4E,3.347302198410034,25,3,0,163
high_confidence,LAM2,program_1,PTN,2.8365678787231445,26,3,0,163
high_confidence,LAM2,program_1,IFITM1,2.637338638305664,27,3,0,163
high_confidence,LAM2,program_1,FABP6,2.577045202255249,28,3,0,163
high_confidence,LAM2,program_1,PSCA,2.5521035194396973,29,3,0,163
high_confidence,LAM2,program_1,COL4A1,2.538121223449707,30,3,0,163
high_confidence,LAM2,program_1,LINC00926,2.152456760406494,31,3,0,163
high_confidence,LAM2,program_1,STAT1,2.0343987941741943,32,3,0,163
high_confidence,LAM2,program_1,MMP9,2.0270378589630127,33,3,0,163
high_confidence,LAM2,program_1,TYROBP,1.9627277851104736,34,3,0,163
high_confidence,LAM2,program_1,MMP8,1.826662302017212,35,3,0,163
high_confidence,LAM2,program_1,ADAMTS5,1.7567341327667236,36,3,0,163
high_confidence,LAM2,program_1,BNIP3,1.5733470916748047,37,3,0,163
high_confidence,LAM2,program_1,FN1,1.5478359460830688,38,3,0,163
high_confidence,LAM2,program_1,CA9,1.5430470705032349,39,3,0,163
high_confidence,LAM2,program_1,HDC,1.4898667335510254,40,3,0,163
high_confidence,LAM2,program_1,THBD,1.283481240272522,41,3,0,163
high_confidence,LAM2,program_1,SERPINA1,1.1865185499191284,42,3,0,163
high_confidence,LAM2,program_1,RP11-94L15.2,1.1715703010559082,43,3,0,163
high_confidence,LAM2,program_1,HPGDS,1.1595412492752075,44,3,0,163
high_confidence,LAM2,program_1,SIX1,1.1586742401123047,45,3,0,163
high_confidence,LAM2,program_1,MYH11,1.1320430040359497,46,3,0,163
high_confidence,LAM2,program_1,STAB1,1.0112016201019287,47,3,0,163
high_confidence,LAM2,program_1,HBD,0.9846934080123901,48,3,0,163
high_confidence,LAM2,program_1,HOXA9,0.9784202575683594,49,3,0,163
high_confidence,LAM2,program_1,PALMD,0.9711233377456665,50,3,0,163
high_confidence,LAM2,program_2,C1ORF192,3.1854023933410645,1,3,0,163
high_confidence,LAM2,program_2,PSCA,2.6692192554473877,2,3,0,163
high_confidence,LAM2,program_2,ADAMTS5,2.4695703983306885,3,3,0,163
high_confidence,LAM2,program_2,TXNIP,2.173224687576294,4,3,0,163
high_confidence,LAM2,program_2,COL4A1,1.9767422676086426,5,3,0,163
high_confidence,LAM2,program_2,LUM,1.949874997138977,6,3,0,163
high_confidence,LAM2,program_2,KRT18,1.9163618087768555,7,3,0,163
high_confidence,LAM2,program_2,MATK,1.8406440019607544,8,3,0,163
high_confidence,LAM2,program_2,FGG,1.7888096570968628,9,3,0,163
high_confidence,LAM2,program_2,ESR2,1.7393834590911865,10,3,0,163
high_confidence,LAM2,program_2,FCER1G,1.6267820596694946,11,3,0,163
high_confidence,LAM2,program_2,GREB1,1.5889081954956055,12,3,0,163
high_confidence,LAM2,program_2,CLEC2D,1.3978739976882935,13,3,0,163
high_confidence,LAM2,program_2,NFKBIA,1.3342400789260864,14,3,0,163
high_confidence,LAM2,program_2,KLRC2,1.2189756631851196,15,3,0,163
high_confidence,LAM2,program_2,SYNE2,1.1924117803573608,16,3,0,163
high_confidence,LAM2,program_2,SEPT1,1.167258620262146,17,3,0,163
high_confidence,LAM2,program_2,GDF15,1.1649532318115234,18,3,0,163
high_confidence,LAM2,program_2,PTGDR,1.1427876949310303,19,3,0,163
high_confidence,LAM2,program_2,GPNMB,1.0658681392669678,20,3,0,163
high_confidence,LAM2,program_2,PTN,1.0504509210586548,21,3,0,163
high_confidence,LAM2,program_2,PLAT,0.9988030791282654,22,3,0,163
high_confidence,LAM2,program_2,SOX18,0.9949485659599304,23,3,0,163
high_confidence,LAM2,program_2,PBX1,0.9739517569541931,24,3,0,163
high_confidence,LAM2,program_2,CYR61,0.9597715735435486,25,3,0,163
high_confidence,LAM2,program_2,COL1A2,0.9529476165771484,26,3,0,163
high_confidence,LAM2,program_2,FXYD3,0.9426330327987671,27,3,0,163
high_confidence,LAM2,program_2,LST1,0.9299324154853821,28,3,0,163
high_confidence,LAM2,program_2,CKB,0.917579710483551,29,3,0,163
high_confidence,LAM2,program_2,CDHR3,0.9166908264160156,30,3,0,163
high_confidence,LAM2,program_2,RP5-887A10.1,0.912335216999054,31,3,0,163
high_confidence,LAM2,program_2,HTR3C,0.9107747673988342,32,3,0,163
high_confidence,LAM2,program_2,CSF3,0.9082966446876526,33,3,0,163
high_confidence,LAM2,program_2,SAMSN1,0.9070811867713928,34,3,0,163
high_confidence,LAM2,program_2,GJA4,0.9030201435089111,35,3,0,163
high_confidence,LAM2,program_2,C1ORF173,0.9014946222305298,36,3,0,163
high_confidence,LAM2,program_2,FAM65B,0.8876227736473083,37,3,0,163
high_confidence,LAM2,program_2,TAL1,0.8845950961112976,38,3,0,163
high_confidence,LAM2,program_2,ALAS2,0.8737096786499023,39,3,0,163
high_confidence,LAM2,program_2,WDR96,0.8546179533004761,40,3,0,163
high_confidence,LAM2,program_2,NKX2-1,0.8366700410842896,41,3,0,163
high_confidence,LAM2,program_2,HEY1,0.8281316757202148,42,3,0,163
high_confidence,LAM2,program_2,CD226,0.8130363821983337,43,3,0,163
high_confidence,LAM2,program_2,EGFL6,0.8075785040855408,44,3,0,163
high_confidence,LAM2,program_2,CNN1,0.784284234046936,45,3,0,163
high_confidence,LAM2,program_2,SELP,0.7735523581504822,46,3,0,163
high_confidence,LAM2,program_2,PERP,0.7714359164237976,47,3,0,163
high_confidence,LAM2,program_2,CD1A,0.7597687840461731,48,3,0,163
high_confidence,LAM2,program_2,CD300LG,0.7566390633583069,49,3,0,163
high_confidence,LAM2,program_2,TSPAN19,0.7514293789863586,50,3,0,163
high_confidence,LAM2,program_3,DCN,3.0415031909942627,1,3,0,163
high_confidence,LAM2,program_3,COL3A1,2.4824540615081787,2,3,0,163
high_confidence,LAM2,program_3,TM4SF18,2.4728331565856934,3,3,0,163
high_confidence,LAM2,program_3,C1QA,2.4055590629577637,4,3,0,163
high_confidence,LAM2,program_3,C7,2.3638198375701904,5,3,0,163
high_confidence,LAM2,program_3,SFTPA2,2.303987741470337,6,3,0,163
high_confidence,LAM2,program_3,HPGDS,2.267002582550049,7,3,0,163
high_confidence,LAM2,program_3,MMP2,1.906363844871521,8,3,0,163
high_confidence,LAM2,program_3,TXNIP,1.8735871315002441,9,3,0,163
high_confidence,LAM2,program_3,ESR2,1.8146944046020508,10,3,0,163
high_confidence,LAM2,program_3,LUM,1.7648320198059082,11,3,0,163
high_confidence,LAM2,program_3,KRT18,1.7469851970672607,12,3,0,163
high_confidence,LAM2,program_3,RPLP0,1.729573369026184,13,3,0,163
high_confidence,LAM2,program_3,XXBAC-BPG13B8.10,1.6740195751190186,14,3,0,163
high_confidence,LAM2,program_3,TSPAN18,1.6494691371917725,15,3,0,163
high_confidence,LAM2,program_3,PIM2,1.6393239498138428,16,3,0,163
high_confidence,LAM2,program_3,NFKBIA,1.630871295928955,17,3,0,163
high_confidence,LAM2,program_3,PBX1,1.618838906288147,18,3,0,163
high_confidence,LAM2,program_3,CD14,1.57282555103302,19,3,0,163
high_confidence,LAM2,program_3,FCER1G,1.490533471107483,20,3,0,163
high_confidence,LAM2,program_3,PTN,1.4090527296066284,21,3,0,163
high_confidence,LAM2,program_3,TNFAIP3,1.3767215013504028,22,3,0,163
high_confidence,LAM2,program_3,PCSK1N,1.3306066989898682,23,3,0,163
high_confidence,LAM2,program_3,GREB1,1.270092248916626,24,3,0,163
high_confidence,LAM2,program_3,TYROBP,1.2683956623077393,25,3,0,163
high_confidence,LAM2,program_3,CCL19,1.2581541538238525,26,3,0,163
high_confidence,LAM2,program_3,BNIP3,1.2456799745559692,27,3,0,163
high_confidence,LAM2,program_3,EIF4E,1.2282007932662964,28,3,0,163
high_confidence,LAM2,program_3,NR4A1,1.2229065895080566,29,3,0,163
high_confidence,LAM2,program_3,AIF1,1.2138149738311768,30,3,0,163
high_confidence,LAM2,program_3,MMP8,1.1434223651885986,31,3,0,163
high_confidence,LAM2,program_3,THBD,1.091611623764038,32,3,0,163
high_confidence,LAM2,program_3,PSCA,1.0207195281982422,33,3,0,163
high_confidence,LAM2,program_3,FAM216B,0.9694738984107971,34,3,0,163
high_confidence,LAM2,program_3,MYL9,0.966434895992279,35,3,0,163
high_confidence,LAM2,program_3,FOS,0.8952413201332092,36,3,0,163
high_confidence,LAM2,program_3,FN1,0.8834705948829651,37,3,0,163
high_confidence,LAM2,program_3,COL4A1,0.8789263963699341,38,3,0,163
high_confidence,LAM2,program_3,DNAH12,0.8786848187446594,39,3,0,163
high_confidence,LAM2,program_3,LAT,0.8302153944969177,40,3,0,163
high_confidence,LAM2,program_3,SDR16C5,0.8281432390213013,41,3,0,163
high_confidence,LAM2,program_3,CYP4B1,0.8088916540145874,42,3,0,163
high_confidence,LAM2,program_3,ODF2L,0.8078025579452515,43,3,0,163
high_confidence,LAM2,program_3,FABP6,0.7668384909629822,44,3,0,163
high_confidence,LAM2,program_3,EPCAM,0.7492578029632568,45,3,0,163
high_confidence,LAM2,program_3,ADAMTS5,0.7232106924057007,46,3,0,163
high_confidence,LAM2,program_3,CA9,0.6791821122169495,47,3,0,163
high_confidence,LAM2,program_3,HDC,0.6732586026191711,48,3,0,163
high_confidence,LAM2,program_3,TGFBR1,0.6596828103065491,49,3,0,163
high_confidence,LAM2,program_3,SERPINA1,0.6193797588348389,50,3,0,163
high_confidence,LAM3,program_1,C7,7.696569442749023,1,3,0,191
high_confidence,LAM3,program_1,COL6A1,7.6014862060546875,2,3,0,191
high_confidence,LAM3,program_1,NR4A1,7.496798992156982,3,3,0,191
high_confidence,LAM3,program_1,CX3CL1,5.605305194854736,4,3,0,191
high_confidence,LAM3,program_1,EGFR,5.521393775939941,5,3,0,191
high_confidence,LAM3,program_1,ZNF683,5.317970275878906,6,3,0,191
high_confidence,LAM3,program_1,FCER1G,5.273021221160889,7,3,0,191
high_confidence,LAM3,program_1,MKI67,5.260595321655273,8,3,0,191
high_confidence,LAM3,program_1,TYMS,5.1529459953308105,9,3,0,191
high_confidence,LAM3,program_1,CFD,5.088212966918945,10,3,0,191
high_confidence,LAM3,program_1,TIMP2,4.629992485046387,11,3,0,191
high_confidence,LAM3,program_1,JUN,4.60695743560791,12,3,0,191
high_confidence,LAM3,program_1,CNN1,4.349667549133301,13,3,0,191
high_confidence,LAM3,program_1,MUC1,3.881990432739258,14,3,0,191
high_confidence,LAM3,program_1,LPHN2,3.819183349609375,15,3,0,191
high_confidence,LAM3,program_1,TNXB,3.657121181488037,16,3,0,191
high_confidence,LAM3,program_1,FIGF,3.5724334716796875,17,3,0,191
high_confidence,LAM3,program_1,IL2RB,2.9014732837677,18,3,0,191
high_confidence,LAM3,program_1,CDHR3,2.6479275226593018,19,3,0,191
high_confidence,LAM3,program_1,IGF1,2.4294471740722656,20,3,0,191
high_confidence,LAM3,program_1,STAT3,2.2156851291656494,21,3,0,191
high_confidence,LAM3,program_1,HIF1A,2.0380051136016846,22,3,0,191
high_confidence,LAM3,program_1,HOXD11,1.9542566537857056,23,3,0,191
high_confidence,LAM3,program_1,DMBT1,1.901064157485962,24,3,0,191
high_confidence,LAM3,program_1,MSMB,1.829573631286621,25,3,0,191
high_confidence,LAM3,program_1,F3,1.6839849948883057,26,3,0,191
high_confidence,LAM3,program_1,CHN1,1.6213277578353882,27,3,0,191
high_confidence,LAM3,program_1,CCL8,1.5771480798721313,28,3,0,191
high_confidence,LAM3,program_1,DES,1.4800728559494019,29,3,0,191
high_confidence,LAM3,program_1,TNFAIP6,1.460922122001648,30,3,0,191
high_confidence,LAM3,program_1,PHLDB1,1.3621116876602173,31,3,0,191
high_confidence,LAM3,program_1,WDR96,1.3521579504013062,32,3,0,191
high_confidence,LAM3,program_1,KRT8,1.3307815790176392,33,3,0,191
high_confidence,LAM3,program_1,HES1,1.3101640939712524,34,3,0,191
high_confidence,LAM3,program_1,MAP1B,1.213683009147644,35,3,0,191
high_confidence,LAM3,program_1,THEMIS,1.2056761980056763,36,3,0,191
high_confidence,LAM3,program_1,GALNT18,1.1222034692764282,37,3,0,191
high_confidence,LAM3,program_1,NES,1.1137224435806274,38,3,0,191
high_confidence,LAM3,program_1,CD226,1.088281273841858,39,3,0,191
high_confidence,LAM3,program_1,SLC14A1,1.0618141889572144,40,3,0,191
high_confidence,LAM3,program_1,TGFBR3,1.0013645887374878,41,3,0,191
high_confidence,LAM3,program_1,C1QA,0.9976456165313721,42,3,0,191
high_confidence,LAM3,program_1,DCT,0.9893710613250732,43,3,0,191
high_confidence,LAM3,program_1,STXBP6,0.9617220163345337,44,3,0,191
high_confidence,LAM3,program_1,EIF4E,0.9615345597267151,45,3,0,191
high_confidence,LAM3,program_1,RORA,0.9537602066993713,46,3,0,191
high_confidence,LAM3,program_1,GJA4,0.942340612411499,47,3,0,191
high_confidence,LAM3,program_1,HTR3C,0.932451069355011,48,3,0,191
high_confidence,LAM3,program_1,MMP9,0.9136013984680176,49,3,0,191
high_confidence,LAM3,program_1,IL6R,0.9054284691810608,50,3,0,191
high_confidence,LAM3,program_2,TNFAIP6,4.189108371734619,1,3,0,191
high_confidence,LAM3,program_2,IL6R,3.9968063831329346,2,3,0,191
high_confidence,LAM3,program_2,CFD,3.572176933288574,3,3,0,191
high_confidence,LAM3,program_2,FCER1G,3.3933470249176025,4,3,0,191
high_confidence,LAM3,program_2,KRT8,3.3846254348754883,5,3,0,191
high_confidence,LAM3,program_2,TYMS,3.3294262886047363,6,3,0,191
high_confidence,LAM3,program_2,C1QA,3.2977540493011475,7,3,0,191
high_confidence,LAM3,program_2,HOXA9,3.260477304458618,8,3,0,191
high_confidence,LAM3,program_2,SMAD2,3.2433533668518066,9,3,0,191
high_confidence,LAM3,program_2,CNN1,3.1639914512634277,10,3,0,191
high_confidence,LAM3,program_2,MKI67,3.0767531394958496,11,3,0,191
high_confidence,LAM3,program_2,DES,2.926025390625,12,3,0,191
high_confidence,LAM3,program_2,FAM167B,2.853816032409668,13,3,0,191
high_confidence,LAM3,program_2,STMN1,2.7311670780181885,14,3,0,191
high_confidence,LAM3,program_2,CCL8,2.609598398208618,15,3,0,191
high_confidence,LAM3,program_2,IL6,2.5902748107910156,16,3,0,191
high_confidence,LAM3,program_2,TIMP2,2.536029577255249,17,3,0,191
high_confidence,LAM3,program_2,FIGF,2.526193380355835,18,3,0,191
high_confidence,LAM3,program_2,PRG4,2.154254674911499,19,3,0,191
high_confidence,LAM3,program_2,MMP2,2.1072471141815186,20,3,0,191
high_confidence,LAM3,program_2,ITGA4,2.1023340225219727,21,3,0,191
high_confidence,LAM3,program_2,CNOT6L,2.069533586502075,22,3,0,191
high_confidence,LAM3,program_2,AIF1,2.0055882930755615,23,3,0,191
high_confidence,LAM3,program_2,RPLP0,1.9470980167388916,24,3,0,191
high_confidence,LAM3,program_2,ADCY4,1.909775733947754,25,3,0,191
high_confidence,LAM3,program_2,PCNA,1.8966140747070312,26,3,0,191
high_confidence,LAM3,program_2,ESR2,1.8813443183898926,27,3,0,191
high_confidence,LAM3,program_2,SOX2,1.8248162269592285,28,3,0,191
high_confidence,LAM3,program_2,KCNQ1OT1,1.6271624565124512,29,3,0,191
high_confidence,LAM3,program_2,NDUFA4L2,1.3128737211227417,30,3,0,191
high_confidence,LAM3,program_2,MMP9,1.294306755065918,31,3,0,191
high_confidence,LAM3,program_2,BCL2,1.2714201211929321,32,3,0,191
high_confidence,LAM3,program_2,MEIS1,1.2102904319763184,33,3,0,191
high_confidence,LAM3,program_2,HSPA1B,1.1116546392440796,34,3,0,191
high_confidence,LAM3,program_2,CASKIN2,1.0834370851516724,35,3,0,191
high_confidence,LAM3,program_2,LGR5,1.0482125282287598,36,3,0,191
high_confidence,LAM3,program_2,EIF4EBP1,1.0477447509765625,37,3,0,191
high_confidence,LAM3,program_2,STXBP6,1.0076528787612915,38,3,0,191
high_confidence,LAM3,program_2,RPS6,0.9372602105140686,39,3,0,191
high_confidence,LAM3,program_2,RPS8,0.9354135990142822,40,3,0,191
high_confidence,LAM3,program_2,GPNMB,0.888472318649292,41,3,0,191
high_confidence,LAM3,program_2,HTR3C,0.8662406802177429,42,3,0,191
high_confidence,LAM3,program_2,ISG15,0.8418012857437134,43,3,0,191
high_confidence,LAM3,program_2,MLANA,0.8126972317695618,44,3,0,191
high_confidence,LAM3,program_2,SH2D1A,0.7351244688034058,45,3,0,191
high_confidence,LAM3,program_2,RP11-222K16.2,0.7047050595283508,46,3,0,191
high_confidence,LAM3,program_2,COL1A1,0.7013697624206543,47,3,0,191
high_confidence,LAM3,program_2,JUN,0.6791927814483643,48,3,0,191
high_confidence,LAM3,program_2,CCL13,0.6544468402862549,49,3,0,191
high_confidence,LAM3,program_2,TREM2,0.6156998872756958,50,3,0,191
high_confidence,LAM3,program_3,TYR,3.110034227371216,1,3,0,191
high_confidence,LAM3,program_3,DCT,3.108884572982788,2,3,0,191
high_confidence,LAM3,program_3,SMAD2,3.0487096309661865,3,3,0,191
high_confidence,LAM3,program_3,FCER1G,2.737226963043213,4,3,0,191
high_confidence,LAM3,program_3,MKI67,2.6283888816833496,5,3,0,191
high_confidence,LAM3,program_3,TYMS,2.543578863143921,6,3,0,191
high_confidence,LAM3,program_3,CFD,2.50126576423645,7,3,0,191
high_confidence,LAM3,program_3,TCL1A,2.3933377265930176,8,3,0,191
high_confidence,LAM3,program_3,HOXD11,2.393022298812866,9,3,0,191
high_confidence,LAM3,program_3,PBX1,2.371821403503418,10,3,0,191
high_confidence,LAM3,program_3,JUN,2.3625619411468506,11,3,0,191
high_confidence,LAM3,program_3,PCP4,2.2971818447113037,12,3,0,191
high_confidence,LAM3,program_3,HBD,2.2965211868286133,13,3,0,191
high_confidence,LAM3,program_3,CNN1,2.2470827102661133,14,3,0,191
high_confidence,LAM3,program_3,IL2RB,2.2431721687316895,15,3,0,191
high_confidence,LAM3,program_3,TIMP2,2.1987369060516357,16,3,0,191
high_confidence,LAM3,program_3,COL1A1,2.134127378463745,17,3,0,191
high_confidence,LAM3,program_3,HES1,2.0607478618621826,18,3,0,191
high_confidence,LAM3,program_3,STAT1,2.0468153953552246,19,3,0,191
high_confidence,LAM3,program_3,TNXB,2.0154566764831543,20,3,0,191
high_confidence,LAM3,program_3,MYOM2,1.9932793378829956,21,3,0,191
high_confidence,LAM3,program_3,SOX2,1.9464093446731567,22,3,0,191
high_confidence,LAM3,program_3,AQP1,1.9152324199676514,23,3,0,191
high_confidence,LAM3,program_3,FIGF,1.8697360754013062,24,3,0,191
high_confidence,LAM3,program_3,PMEL,1.8363158702850342,25,3,0,191
high_confidence,LAM3,program_3,DMBT1,1.7777191400527954,26,3,0,191
high_confidence,LAM3,program_3,CYP19A1,1.730177640914917,27,3,0,191
high_confidence,LAM3,program_3,SMAD3,1.7001633644104004,28,3,0,191
high_confidence,LAM3,program_3,TSPAN12,1.6528459787368774,29,3,0,191
high_confidence,LAM3,program_3,SIX1,1.6447608470916748,30,3,0,191
high_confidence,LAM3,program_3,MAP1B,1.577919840812683,31,3,0,191
high_confidence,LAM3,program_3,DCN,1.5770853757858276,32,3,0,191
high_confidence,LAM3,program_3,KRT8,1.5629998445510864,33,3,0,191
high_confidence,LAM3,program_3,LAT,1.5127969980239868,34,3,0,191
high_confidence,LAM3,program_3,CCL14,1.4198675155639648,35,3,0,191
high_confidence,LAM3,program_3,ICAM1,1.3487311601638794,36,3,0,191
high_confidence,LAM3,program_3,TNFAIP6,1.3485970497131348,37,3,0,191
high_confidence,LAM3,program_3,CNKSR3,1.3122574090957642,38,3,0,191
high_confidence,LAM3,program_3,SLC14A1,1.2914968729019165,39,3,0,191
high_confidence,LAM3,program_3,ISG15,1.2312039136886597,40,3,0,191
high_confidence,LAM3,program_3,RPS6,1.218644380569458,41,3,0,191
high_confidence,LAM3,program_3,DNAH12,1.1598316431045532,42,3,0,191
high_confidence,LAM3,program_3,MSMB,1.1381008625030518,43,3,0,191
high_confidence,LAM3,program_3,FAIM3,1.088097095489502,44,3,0,191
high_confidence,LAM3,program_3,NOSTRIN,1.0860106945037842,45,3,0,191
high_confidence,LAM3,program_3,THEMIS,1.0776417255401611,46,3,0,191
high_confidence,LAM3,program_3,CDHR3,1.068610429763794,47,3,0,191
high_confidence,LAM3,program_3,SYNE2,1.00821852684021,48,3,0,191
high_confidence,LAM3,program_3,BNIP3,0.9980107545852661,49,3,0,191
high_confidence,LAM3,program_3,RPLP0,0.9848577976226807,50,3,0,191
high_confidence,LAM4,program_1,CDKN1A,9.441410064697266,1,3,0,106
high_confidence,LAM4,program_1,AL928768.3,7.3756513595581055,2,3,0,106
high_confidence,LAM4,program_1,COL1A2,6.42569637298584,3,3,0,106
high_confidence,LAM4,program_1,TYMS,5.9483160972595215,4,3,0,106
high_confidence,LAM4,program_1,TBX3,5.656957149505615,5,3,0,106
high_confidence,LAM4,program_1,NES,5.197396755218506,6,3,0,106
high_confidence,LAM4,program_1,PDGFRB,4.928280830383301,7,3,0,106
high_confidence,LAM4,program_1,SERPINA1,4.767200946807861,8,3,0,106
high_confidence,LAM4,program_1,STAT3,4.706676959991455,9,3,0,106
high_confidence,LAM4,program_1,SOSTDC1,4.058880805969238,10,3,0,106
high_confidence,LAM4,program_1,EIF4E,3.9638240337371826,11,3,0,106
high_confidence,LAM4,program_1,SERPINB3,3.596674919128418,12,3,0,106
high_confidence,LAM4,program_1,ITM2C,3.5819520950317383,13,3,0,106
high_confidence,LAM4,program_1,SLC39A8,3.576197862625122,14,3,0,106
high_confidence,LAM4,program_1,HOXD11,3.5703251361846924,15,3,0,106
high_confidence,LAM4,program_1,CYR61,3.4036331176757812,16,3,0,106
high_confidence,LAM4,program_1,FKBP11,3.3714096546173096,17,3,0,106
high_confidence,LAM4,program_1,FSTL3,3.242586135864258,18,3,0,106
high_confidence,LAM4,program_1,HHIP,3.196239948272705,19,3,0,106
high_confidence,LAM4,program_1,FIGF,3.0003538131713867,20,3,0,106
high_confidence,LAM4,program_1,RTKN2,2.904141664505005,21,3,0,106
high_confidence,LAM4,program_1,LYVE1,2.8935184478759766,22,3,0,106
high_confidence,LAM4,program_1,BCAM,2.8004817962646484,23,3,0,106
high_confidence,LAM4,program_1,GBP1,2.5103209018707275,24,3,0,106
high_confidence,LAM4,program_1,IL6R,2.4930319786071777,25,3,0,106
high_confidence,LAM4,program_1,S100A8,2.3805277347564697,26,3,0,106
high_confidence,LAM4,program_1,HMGA2,2.3659584522247314,27,3,0,106
high_confidence,LAM4,program_1,PDLIM3,2.351991653442383,28,3,0,106
high_confidence,LAM4,program_1,SLCO2A1,2.3224995136260986,29,3,0,106
high_confidence,LAM4,program_1,RBP4,2.302882432937622,30,3,0,106
high_confidence,LAM4,program_1,GAS6,2.228780746459961,31,3,0,106
high_confidence,LAM4,program_1,MMP2,2.18696665763855,32,3,0,106
high_confidence,LAM4,program_1,SAMSN1,2.153334617614746,33,3,0,106
high_confidence,LAM4,program_1,OGN,2.132538080215454,34,3,0,106
high_confidence,LAM4,program_1,RASIP1,2.119326591491699,35,3,0,106
high_confidence,LAM4,program_1,CTGF,2.0456624031066895,36,3,0,106
high_confidence,LAM4,program_1,SELENBP1,2.029405117034912,37,3,0,106
high_confidence,LAM4,program_1,HSPA1B,2.0123441219329834,38,3,0,106
high_confidence,LAM4,program_1,SOX17,1.977867841720581,39,3,0,106
high_confidence,LAM4,program_1,MEF2C,1.9695086479187012,40,3,0,106
high_confidence,LAM4,program_1,TAL1,1.9659500122070312,41,3,0,106
high_confidence,LAM4,program_1,HECW2,1.9469552040100098,42,3,0,106
high_confidence,LAM4,program_1,HTR3C,1.9303165674209595,43,3,0,106
high_confidence,LAM4,program_1,FBLN1,1.8879249095916748,44,3,0,106
high_confidence,LAM4,program_1,C8ORF4,1.8724862337112427,45,3,0,106
high_confidence,LAM4,program_1,GRK5,1.8541550636291504,46,3,0,106
high_confidence,LAM4,program_1,APOD,1.8252133131027222,47,3,0,106
high_confidence,LAM4,program_1,C1QA,1.8191988468170166,48,3,0,106
high_confidence,LAM4,program_1,C3,1.8154542446136475,49,3,0,106
high_confidence,LAM4,program_1,KIAA0125,1.809248685836792,50,3,0,106
high_confidence,LAM4,program_2,GPNMB,4.619209289550781,1,3,0,106
high_confidence,LAM4,program_2,ELANE,4.3960137367248535,2,3,0,106
high_confidence,LAM4,program_2,BCL2,4.274974822998047,3,3,0,106
high_confidence,LAM4,program_2,CDKN1A,3.876516819000244,4,3,0,106
high_confidence,LAM4,program_2,ICAM1,3.0851504802703857,5,3,0,106
high_confidence,LAM4,program_2,NES,2.942486524581909,6,3,0,106
high_confidence,LAM4,program_2,ADH1B,2.909688711166382,7,3,0,106
high_confidence,LAM4,program_2,MEIS1,2.8544514179229736,8,3,0,106
high_confidence,LAM4,program_2,MT1A,2.8476598262786865,9,3,0,106
high_confidence,LAM4,program_2,PDGFRB,2.8278207778930664,10,3,0,106
high_confidence,LAM4,program_2,STAT3,2.388991594314575,11,3,0,106
high_confidence,LAM4,program_2,RASIP1,2.3884456157684326,12,3,0,106
high_confidence,LAM4,program_2,HOXD11,2.3138198852539062,13,3,0,106
high_confidence,LAM4,program_2,SERPINA1,2.111520528793335,14,3,0,106
high_confidence,LAM4,program_2,TIMP1,2.029256582260132,15,3,0,106
high_confidence,LAM4,program_2,CP,1.9843448400497437,16,3,0,106
high_confidence,LAM4,program_2,EIF4E,1.9771486520767212,17,3,0,106
high_confidence,LAM4,program_2,PMEL,1.754227876663208,18,3,0,106
high_confidence,LAM4,program_2,COL1A2,1.6735517978668213,19,3,0,106
high_confidence,LAM4,program_2,C1ORF186,1.660959005355835,20,3,0,106
high_confidence,LAM4,program_2,KANK3,1.6045410633087158,21,3,0,106
high_confidence,LAM4,program_2,NOVA2,1.535697102546692,22,3,0,106
high_confidence,LAM4,program_2,F2RL3,1.5127705335617065,23,3,0,106
high_confidence,LAM4,program_2,SMAD2,1.4874745607376099,24,3,0,106
high_confidence,LAM4,program_2,CCL14,1.418224573135376,25,3,0,106
high_confidence,LAM4,program_2,AL928768.3,1.3301317691802979,26,3,0,106
high_confidence,LAM4,program_2,LBH,1.3297548294067383,27,3,0,106
high_confidence,LAM4,program_2,DCT,1.2948747873306274,28,3,0,106
high_confidence,LAM4,program_2,GPR171,1.24996817111969,29,3,0,106
high_confidence,LAM4,program_2,ITGA4,1.2094602584838867,30,3,0,106
high_confidence,LAM4,program_2,MYH11,1.152826189994812,31,3,0,106
high_confidence,LAM4,program_2,EMB,1.0784668922424316,32,3,0,106
high_confidence,LAM4,program_2,FAM92B,1.0712589025497437,33,3,0,106
high_confidence,LAM4,program_2,RP1,0.9922050833702087,34,3,0,106
high_confidence,LAM4,program_2,C1QA,0.8854035139083862,35,3,0,106
high_confidence,LAM4,program_2,PBX1,0.8827868103981018,36,3,0,106
high_confidence,LAM4,program_2,BTNL9,0.8713830709457397,37,3,0,106
high_confidence,LAM4,program_2,LTF,0.8439752459526062,38,3,0,106
high_confidence,LAM4,program_2,MALL,0.8014999032020569,39,3,0,106
high_confidence,LAM4,program_2,TYROBP,0.800632655620575,40,3,0,106
high_confidence,LAM4,program_2,BNIP3,0.7991842031478882,41,3,0,106
high_confidence,LAM4,program_2,IL18R1,0.7814375758171082,42,3,0,106
high_confidence,LAM4,program_2,JAM3,0.7811592817306519,43,3,0,106
high_confidence,LAM4,program_2,C3,0.7739170789718628,44,3,0,106
high_confidence,LAM4,program_2,MMP2,0.7701935768127441,45,3,0,106
high_confidence,LAM4,program_2,RP11-435B5.3,0.7664868235588074,46,3,0,106
high_confidence,LAM4,program_2,SOSTDC1,0.7431732416152954,47,3,0,106
high_confidence,LAM4,program_2,TYMS,0.7381769418716431,48,3,0,106
high_confidence,LAM4,program_2,EFCAB1,0.7139604687690735,49,3,0,106
high_confidence,LAM4,program_2,TMEM88,0.7116032838821411,50,3,0,106
high_confidence,LAM4,program_3,CDKN1A,3.7915077209472656,1,3,0,106
high_confidence,LAM4,program_3,C1QA,3.580108165740967,2,3,0,106
high_confidence,LAM4,program_3,TNFAIP6,3.4096438884735107,3,3,0,106
high_confidence,LAM4,program_3,PDGFRB,3.3365414142608643,4,3,0,106
high_confidence,LAM4,program_3,TIMP2,3.324895143508911,5,3,0,106
high_confidence,LAM4,program_3,NCALD,3.2772459983825684,6,3,0,106
high_confidence,LAM4,program_3,TAGLN,3.226461887359619,7,3,0,106
high_confidence,LAM4,program_3,MYCT1,2.905604124069214,8,3,0,106
high_confidence,LAM4,program_3,HOXA9,2.8377788066864014,9,3,0,106
high_confidence,LAM4,program_3,NES,2.611776828765869,10,3,0,106
high_confidence,LAM4,program_3,STAT3,2.4839119911193848,11,3,0,106
high_confidence,LAM4,program_3,SERPINA1,2.4746081829071045,12,3,0,106
high_confidence,LAM4,program_3,MMP2,2.3260369300842285,13,3,0,106
high_confidence,LAM4,program_3,BNIP3,2.2697484493255615,14,3,0,106
high_confidence,LAM4,program_3,AL928768.3,2.108544111251831,15,3,0,106
high_confidence,LAM4,program_3,RP11-138A9.2,2.011969804763794,16,3,0,106
high_confidence,LAM4,program_3,COL1A2,1.9912779331207275,17,3,0,106
high_confidence,LAM4,program_3,EIF4E,1.985117793083191,18,3,0,106
high_confidence,LAM4,program_3,SFTPC,1.979155421257019,19,3,0,106
high_confidence,LAM4,program_3,FIGF,1.9565613269805908,20,3,0,106
high_confidence,LAM4,program_3,C3,1.9450373649597168,21,3,0,106
high_confidence,LAM4,program_3,FN1,1.9247217178344727,22,3,0,106
high_confidence,LAM4,program_3,SMAD2,1.9119267463684082,23,3,0,106
high_confidence,LAM4,program_3,KIR3DL2,1.8985518217086792,24,3,0,106
high_confidence,LAM4,program_3,MTOR,1.8425989151000977,25,3,0,106
high_confidence,LAM4,program_3,AIF1,1.8385279178619385,26,3,0,106
high_confidence,LAM4,program_3,MLANA,1.8189492225646973,27,3,0,106
high_confidence,LAM4,program_3,TYMS,1.772732138633728,28,3,0,106
high_confidence,LAM4,program_3,HOXD11,1.5639747381210327,29,3,0,106
high_confidence,LAM4,program_3,SFTA1P,1.3409624099731445,30,3,0,106
high_confidence,LAM4,program_3,COL6A2,1.2644842863082886,31,3,0,106
high_confidence,LAM4,program_3,TBX3,1.2623792886734009,32,3,0,106
high_confidence,LAM4,program_3,HMGA2,1.2146682739257812,33,3,0,106
high_confidence,LAM4,program_3,ESR1,1.1900699138641357,34,3,0,106
high_confidence,LAM4,program_3,MYL9,1.1689871549606323,35,3,0,106
high_confidence,LAM4,program_3,CTSB,1.0972930192947388,36,3,0,106
high_confidence,LAM4,program_3,CCL14,1.0919642448425293,37,3,0,106
high_confidence,LAM4,program_3,SORBS2,1.0365132093429565,38,3,0,106
high_confidence,LAM4,program_3,TCL1A,1.0332849025726318,39,3,0,106
high_confidence,LAM4,program_3,IRF1,1.018532156944275,40,3,0,106
high_confidence,LAM4,program_3,SLC39A8,1.0038492679595947,41,3,0,106
high_confidence,LAM4,program_3,GRAP2,0.9723603129386902,42,3,0,106
high_confidence,LAM4,program_3,FKBP11,0.9170876741409302,43,3,0,106
high_confidence,LAM4,program_3,BTNL9,0.8463066816329956,44,3,0,106
high_confidence,LAM4,program_3,KLF4,0.8333665728569031,45,3,0,106
high_confidence,LAM4,program_3,EPAS1,0.8286870121955872,46,3,0,106
high_confidence,LAM4,program_3,LINC00861,0.8253616094589233,47,3,0,106
high_confidence,LAM4,program_3,CALD1,0.782953679561615,48,3,0,106
high_confidence,LAM4,program_3,PDCD1,0.7804847359657288,49,3,0,106
high_confidence,LAM4,program_3,SOSTDC1,0.7766462564468384,50,3,0,106
broad_lam_like,LAM1,program_1,PXDN,8.17636489868164,1,3,0,225
broad_lam_like,LAM1,program_1,LGR5,8.08742618560791,2,3,0,225
broad_lam_like,LAM1,program_1,C1QA,7.99623966217041,3,3,0,225
broad_lam_like,LAM1,program_1,HOXA10,7.461345195770264,4,3,0,225
broad_lam_like,LAM1,program_1,SMAD2,7.175261497497559,5,3,0,225
broad_lam_like,LAM1,program_1,FCGR2B,6.262581825256348,6,3,0,225
broad_lam_like,LAM1,program_1,CXCR3,6.198079586029053,7,3,0,225
broad_lam_like,LAM1,program_1,SOX2,5.797661304473877,8,3,0,225
broad_lam_like,LAM1,program_1,COL3A1,5.407427787780762,9,3,0,225
broad_lam_like,LAM1,program_1,KRT8,5.331467151641846,10,3,0,225
broad_lam_like,LAM1,program_1,IL6,5.208943843841553,11,3,0,225
broad_lam_like,LAM1,program_1,MKI67,5.064420700073242,12,3,0,225
broad_lam_like,LAM1,program_1,CYP19A1,5.02789306640625,13,3,0,225
broad_lam_like,LAM1,program_1,PPAP2C,5.004759311676025,14,3,0,225
broad_lam_like,LAM1,program_1,CCDC78,4.864198684692383,15,3,0,225
broad_lam_like,LAM1,program_1,RPLP0,4.588950157165527,16,3,0,225
broad_lam_like,LAM1,program_1,SERPINB3,4.539483070373535,17,3,0,225
broad_lam_like,LAM1,program_1,JUN,4.321221828460693,18,3,0,225
broad_lam_like,LAM1,program_1,CALD1,4.2977728843688965,19,3,0,225
broad_lam_like,LAM1,program_1,FIGF,4.222569942474365,20,3,0,225
broad_lam_like,LAM1,program_1,AIF1,4.210195064544678,21,3,0,225
broad_lam_like,LAM1,program_1,STMN1,4.109797954559326,22,3,0,225
broad_lam_like,LAM1,program_1,EIF4E,3.99354887008667,23,3,0,225
broad_lam_like,LAM1,program_1,MMP2,3.8770546913146973,24,3,0,225
broad_lam_like,LAM1,program_1,P2RY8,3.5112783908843994,25,3,0,225
broad_lam_like,LAM1,program_1,CDKN1A,3.243650436401367,26,3,0,225
broad_lam_like,LAM1,program_1,CFD,2.8333287239074707,27,3,0,225
broad_lam_like,LAM1,program_1,CNN1,2.544361114501953,28,3,0,225
broad_lam_like,LAM1,program_1,MMP8,2.4570724964141846,29,3,0,225
broad_lam_like,LAM1,program_1,KLF4,2.393826961517334,30,3,0,225
broad_lam_like,LAM1,program_1,RGL4,2.291914224624634,31,3,0,225
broad_lam_like,LAM1,program_1,NANOG,2.2220282554626465,32,3,0,225
broad_lam_like,LAM1,program_1,RPL5,2.1749658584594727,33,3,0,225
broad_lam_like,LAM1,program_1,RCSD1,1.9039303064346313,34,3,0,225
broad_lam_like,LAM1,program_1,JAM3,1.8748115301132202,35,3,0,225
broad_lam_like,LAM1,program_1,NFKBIA,1.762391448020935,36,3,0,225
broad_lam_like,LAM1,program_1,C1ORF186,1.7516165971755981,37,3,0,225
broad_lam_like,LAM1,program_1,HOXD11,1.740065336227417,38,3,0,225
broad_lam_like,LAM1,program_1,LAG3,1.6652588844299316,39,3,0,225
broad_lam_like,LAM1,program_1,F13A1,1.6201890707015991,40,3,0,225
broad_lam_like,LAM1,program_1,FN1,1.5838818550109863,41,3,0,225
broad_lam_like,LAM1,program_1,KCNK3,1.5617344379425049,42,3,0,225
broad_lam_like,LAM1,program_1,TYMS,1.4890646934509277,43,3,0,225
broad_lam_like,LAM1,program_1,PRKCB,1.4726123809814453,44,3,0,225
broad_lam_like,LAM1,program_1,FASLG,1.4657901525497437,45,3,0,225
broad_lam_like,LAM1,program_1,RPS3,1.4591385126113892,46,3,0,225
broad_lam_like,LAM1,program_1,GPNMB,1.3430678844451904,47,3,0,225
broad_lam_like,LAM1,program_1,KLRK1,1.2785040140151978,48,3,0,225
broad_lam_like,LAM1,program_1,JAM2,1.2212647199630737,49,3,0,225
broad_lam_like,LAM1,program_1,PRKX,1.2066806554794312,50,3,0,225
broad_lam_like,LAM1,program_2,GDF15,2.668117046356201,1,3,0,225
broad_lam_like,LAM1,program_2,ISG15,2.484123468399048,2,3,0,225
broad_lam_like,LAM1,program_2,SOX2,2.4070539474487305,3,3,0,225
broad_lam_like,LAM1,program_2,LUM,2.3814239501953125,4,3,0,225
broad_lam_like,LAM1,program_2,HIF1A,2.3200631141662598,5,3,0,225
broad_lam_like,LAM1,program_2,COL3A1,2.3068361282348633,6,3,0,225
broad_lam_like,LAM1,program_2,MKI67,2.2181451320648193,7,3,0,225
broad_lam_like,LAM1,program_2,IL6,2.0648584365844727,8,3,0,225
broad_lam_like,LAM1,program_2,CALD1,2.01267147064209,9,3,0,225
broad_lam_like,LAM1,program_2,C1QC,1.8589601516723633,10,3,0,225
broad_lam_like,LAM1,program_2,DCT,1.8518491983413696,11,3,0,225
broad_lam_like,LAM1,program_2,SFTPA2,1.8082025051116943,12,3,0,225
broad_lam_like,LAM1,program_2,FIGF,1.7479808330535889,13,3,0,225
broad_lam_like,LAM1,program_2,ADIRF,1.740059494972229,14,3,0,225
broad_lam_like,LAM1,program_2,LTC4S,1.6057270765304565,15,3,0,225
broad_lam_like,LAM1,program_2,EIF4E,1.4423646926879883,16,3,0,225
broad_lam_like,LAM1,program_2,RP5-887A10.1,1.4371384382247925,17,3,0,225
broad_lam_like,LAM1,program_2,PRELP,1.3995095491409302,18,3,0,225
broad_lam_like,LAM1,program_2,SMAD2,1.3864907026290894,19,3,0,225
broad_lam_like,LAM1,program_2,HMGA2,1.307655930519104,20,3,0,225
broad_lam_like,LAM1,program_2,SOD3,1.2764734029769897,21,3,0,225
broad_lam_like,LAM1,program_2,SH2D2A,1.2442655563354492,22,3,0,225
broad_lam_like,LAM1,program_2,IGFBP3,1.2355021238327026,23,3,0,225
broad_lam_like,LAM1,program_2,LRRC48,1.219603180885315,24,3,0,225
broad_lam_like,LAM1,program_2,TSPAN19,1.179597020149231,25,3,0,225
broad_lam_like,LAM1,program_2,COL18A1,1.128987193107605,26,3,0,225
broad_lam_like,LAM1,program_2,TYMS,1.1285449266433716,27,3,0,225
broad_lam_like,LAM1,program_2,TCL1A,1.095955729484558,28,3,0,225
broad_lam_like,LAM1,program_2,SERPINB9,1.0682315826416016,29,3,0,225
broad_lam_like,LAM1,program_2,TNFRSF4,1.0243796110153198,30,3,0,225
broad_lam_like,LAM1,program_2,MMP8,1.0167574882507324,31,3,0,225
broad_lam_like,LAM1,program_2,EGR1,1.0166544914245605,32,3,0,225
broad_lam_like,LAM1,program_2,LAMP3,1.0123250484466553,33,3,0,225
broad_lam_like,LAM1,program_2,FCER1G,0.9878966808319092,34,3,0,225
broad_lam_like,LAM1,program_2,FAM92B,0.9757653474807739,35,3,0,225
broad_lam_like,LAM1,program_2,MMP2,0.9544781446456909,36,3,0,225
broad_lam_like,LAM1,program_2,F13A1,0.9494603276252747,37,3,0,225
broad_lam_like,LAM1,program_2,DNAH12,0.8959056735038757,38,3,0,225
broad_lam_like,LAM1,program_2,NCR3,0.840461015701294,39,3,0,225
broad_lam_like,LAM1,program_2,SERPINF1,0.8404441475868225,40,3,0,225
broad_lam_like,LAM1,program_2,C1ORF56,0.839741051197052,41,3,0,225
broad_lam_like,LAM1,program_2,RPS8,0.8306798934936523,42,3,0,225
broad_lam_like,LAM1,program_2,TGFB1,0.8136374354362488,43,3,0,225
broad_lam_like,LAM1,program_2,ELN,0.8130895495414734,44,3,0,225
broad_lam_like,LAM1,program_2,GIMAP8,0.8063286542892456,45,3,0,225
broad_lam_like,LAM1,program_2,KIAA1462,0.8029213547706604,46,3,0,225
broad_lam_like,LAM1,program_2,JUN,0.7816253900527954,47,3,0,225
broad_lam_like,LAM1,program_2,FSCN1,0.7738471031188965,48,3,0,225
broad_lam_like,LAM1,program_2,SOCS3,0.7691013813018799,49,3,0,225
broad_lam_like,LAM1,program_2,TYR,0.755196213722229,50,3,0,225
broad_lam_like,LAM1,program_3,EIF4E,3.8609776496887207,1,3,0,225
broad_lam_like,LAM1,program_3,WIF1,2.8657443523406982,2,3,0,225
broad_lam_like,LAM1,program_3,RASIP1,2.6960220336914062,3,3,0,225
broad_lam_like,LAM1,program_3,COL1A1,2.4111618995666504,4,3,0,225
broad_lam_like,LAM1,program_3,SFTPA1,2.3086822032928467,5,3,0,225
broad_lam_like,LAM1,program_3,RCSD1,2.2122206687927246,6,3,0,225
broad_lam_like,LAM1,program_3,COL3A1,2.171719789505005,7,3,0,225
broad_lam_like,LAM1,program_3,SOX2,2.0468556880950928,8,3,0,225
broad_lam_like,LAM1,program_3,IL6,1.9851312637329102,9,3,0,225
broad_lam_like,LAM1,program_3,MKI67,1.959488868713379,10,3,0,225
broad_lam_like,LAM1,program_3,CALD1,1.6994178295135498,11,3,0,225
broad_lam_like,LAM1,program_3,PYHIN1,1.644016146659851,12,3,0,225
broad_lam_like,LAM1,program_3,FIGF,1.5284942388534546,13,3,0,225
broad_lam_like,LAM1,program_3,FCER1A,1.3319804668426514,14,3,0,225
broad_lam_like,LAM1,program_3,AL928768.3,1.3287080526351929,15,3,0,225
broad_lam_like,LAM1,program_3,THBD,1.318405032157898,16,3,0,225
broad_lam_like,LAM1,program_3,RPLP0,1.1906206607818604,17,3,0,225
broad_lam_like,LAM1,program_3,ARHGAP29,1.1810414791107178,18,3,0,225
broad_lam_like,LAM1,program_3,RPS3,1.1439896821975708,19,3,0,225
broad_lam_like,LAM1,program_3,PCSK1N,1.141426682472229,20,3,0,225
broad_lam_like,LAM1,program_3,FSCN1,1.1261556148529053,21,3,0,225
broad_lam_like,LAM1,program_3,S1PR1,1.0879238843917847,22,3,0,225
broad_lam_like,LAM1,program_3,SH2D2A,1.0821086168289185,23,3,0,225
broad_lam_like,LAM1,program_3,IGFBP3,1.046326756477356,24,3,0,225
broad_lam_like,LAM1,program_3,TNFRSF18,1.0064765214920044,25,3,0,225
broad_lam_like,LAM1,program_3,FAM65B,0.9965057969093323,26,3,0,225
broad_lam_like,LAM1,program_3,IL1R2,0.9907591342926025,27,3,0,225
broad_lam_like,LAM1,program_3,CCL18,0.9867596626281738,28,3,0,225
broad_lam_like,LAM1,program_3,TREM2,0.9765217900276184,29,3,0,225
broad_lam_like,LAM1,program_3,MMP8,0.9604791402816772,30,3,0,225
broad_lam_like,LAM1,program_3,ARL4C,0.9290849566459656,31,3,0,225
broad_lam_like,LAM1,program_3,FN1,0.914993941783905,32,3,0,225
broad_lam_like,LAM1,program_3,CXCL2,0.904085099697113,33,3,0,225
broad_lam_like,LAM1,program_3,CX3CL1,0.8859774470329285,34,3,0,225
broad_lam_like,LAM1,program_3,LAG3,0.8679253458976746,35,3,0,225
broad_lam_like,LAM1,program_3,LTF,0.8478841781616211,36,3,0,225
broad_lam_like,LAM1,program_3,SLC39A8,0.8348971009254456,37,3,0,225
broad_lam_like,LAM1,program_3,PIK3IP1,0.8222596049308777,38,3,0,225
broad_lam_like,LAM1,program_3,TPM2,0.8204943537712097,39,3,0,225
broad_lam_like,LAM1,program_3,ESAM,0.8038644194602966,40,3,0,225
broad_lam_like,LAM1,program_3,KRT8,0.8003778457641602,41,3,0,225
broad_lam_like,LAM1,program_3,ABCA3,0.7978466153144836,42,3,0,225
broad_lam_like,LAM1,program_3,LPCAT1,0.7857398390769958,43,3,0,225
broad_lam_like,LAM1,program_3,ADAMTS1,0.784010648727417,44,3,0,225
broad_lam_like,LAM1,program_3,DTHD1,0.7561773061752319,45,3,0,225
broad_lam_like,LAM1,program_3,CXCR4,0.7450696229934692,46,3,0,225
broad_lam_like,LAM1,program_3,SDC4,0.7423654794692993,47,3,0,225
broad_lam_like,LAM1,program_3,GIMAP5,0.7418670654296875,48,3,0,225
broad_lam_like,LAM1,program_3,RETN,0.741287112236023,49,3,0,225
broad_lam_like,LAM1,program_3,RUNX3,0.7192829251289368,50,3,0,225
broad_lam_like,LAM2,program_1,CRIM1,7.992748737335205,1,3,0,479
broad_lam_like,LAM2,program_1,C1QA,7.369701862335205,2,3,0,479
broad_lam_like,LAM2,program_1,HOXD11,6.970686435699463,3,3,0,479
broad_lam_like,LAM2,program_1,MLANA,6.186448097229004,4,3,0,479
broad_lam_like,LAM2,program_1,KIR3DL2,6.046996116638184,5,3,0,479
broad_lam_like,LAM2,program_1,CLEC10A,5.5126543045043945,6,3,0,479
broad_lam_like,LAM2,program_1,TXNIP,5.3877339363098145,7,3,0,479
broad_lam_like,LAM2,program_1,HOXA10,5.27280855178833,8,3,0,479
broad_lam_like,LAM2,program_1,CYP19A1,5.069174766540527,9,3,0,479
broad_lam_like,LAM2,program_1,ACTA2,5.048981666564941,10,3,0,479
broad_lam_like,LAM2,program_1,CCL14,4.925812721252441,11,3,0,479
broad_lam_like,LAM2,program_1,LIMS2,4.698242664337158,12,3,0,479
broad_lam_like,LAM2,program_1,TPM2,4.60098934173584,13,3,0,479
broad_lam_like,LAM2,program_1,ESR1,4.51474666595459,14,3,0,479
broad_lam_like,LAM2,program_1,SERPINE1,4.317584991455078,15,3,0,479
broad_lam_like,LAM2,program_1,SMAD2,4.278526306152344,16,3,0,479
broad_lam_like,LAM2,program_1,AIF1,4.214136123657227,17,3,0,479
broad_lam_like,LAM2,program_1,PI16,4.150504112243652,18,3,0,479
broad_lam_like,LAM2,program_1,RPS6,3.9751157760620117,19,3,0,479
broad_lam_like,LAM2,program_1,HSPA1B,3.781663656234741,20,3,0,479
broad_lam_like,LAM2,program_1,VEGFA,3.61727237701416,21,3,0,479
broad_lam_like,LAM2,program_1,GALNT18,3.5273873805999756,22,3,0,479
broad_lam_like,LAM2,program_1,SERPINA1,3.4604597091674805,23,3,0,479
broad_lam_like,LAM2,program_1,C7,3.384228467941284,24,3,0,479
broad_lam_like,LAM2,program_1,RETN,2.8863797187805176,25,3,0,479
broad_lam_like,LAM2,program_1,IL6R,2.6087188720703125,26,3,0,479
broad_lam_like,LAM2,program_1,ADCY4,2.601614475250244,27,3,0,479
broad_lam_like,LAM2,program_1,PXN,2.5929737091064453,28,3,0,479
broad_lam_like,LAM2,program_1,GDF15,2.5031259059906006,29,3,0,479
broad_lam_like,LAM2,program_1,FOLR2,2.501465320587158,30,3,0,479
broad_lam_like,LAM2,program_1,COL1A2,2.092137575149536,31,3,0,479
broad_lam_like,LAM2,program_1,RPS3,2.0780141353607178,32,3,0,479
broad_lam_like,LAM2,program_1,TMC5,1.9951926469802856,33,3,0,479
broad_lam_like,LAM2,program_1,STAT3,1.9035468101501465,34,3,0,479
broad_lam_like,LAM2,program_1,CSRP2,1.7412854433059692,35,3,0,479
broad_lam_like,LAM2,program_1,MYL9,1.5179493427276611,36,3,0,479
broad_lam_like,LAM2,program_1,IL6,1.4882169961929321,37,3,0,479
broad_lam_like,LAM2,program_1,CNKSR3,1.3813048601150513,38,3,0,479
broad_lam_like,LAM2,program_1,BCL2,1.3743560314178467,39,3,0,479
broad_lam_like,LAM2,program_1,CYP1B1,1.352990746498108,40,3,0,479
broad_lam_like,LAM2,program_1,CNN1,1.3121042251586914,41,3,0,479
broad_lam_like,LAM2,program_1,BCL2L1,1.2726612091064453,42,3,0,479
broad_lam_like,LAM2,program_1,IL1RN,1.2198221683502197,43,3,0,479
broad_lam_like,LAM2,program_1,CA9,1.2191616296768188,44,3,0,479
broad_lam_like,LAM2,program_1,TNFRSF1B,1.212351679801941,45,3,0,479
broad_lam_like,LAM2,program_1,HIF1A,1.175716757774353,46,3,0,479
broad_lam_like,LAM2,program_1,FCER1G,0.9576873183250427,47,3,0,479
broad_lam_like,LAM2,program_1,THBS1,0.9564855694770813,48,3,0,479
broad_lam_like,LAM2,program_1,EMP1,0.9070190787315369,49,3,0,479
broad_lam_like,LAM2,program_1,ENKUR,0.8474294543266296,50,3,0,479
broad_lam_like,LAM2,program_2,GDF15,2.8461079597473145,1,3,0,479
broad_lam_like,LAM2,program_2,MORN5,2.781672954559326,2,3,0,479
broad_lam_like,LAM2,program_2,CSRP2,2.620271921157837,3,3,0,479
broad_lam_like,LAM2,program_2,CYP19A1,2.55067777633667,4,3,0,479
broad_lam_like,LAM2,program_2,FOLR2,2.501587390899658,5,3,0,479
broad_lam_like,LAM2,program_2,CCL14,2.2532856464385986,6,3,0,479
broad_lam_like,LAM2,program_2,TPM2,2.2306787967681885,7,3,0,479
broad_lam_like,LAM2,program_2,ESR1,2.1755998134613037,8,3,0,479
broad_lam_like,LAM2,program_2,LAMP3,1.9150810241699219,9,3,0,479
broad_lam_like,LAM2,program_2,RPS6,1.8853510618209839,10,3,0,479
broad_lam_like,LAM2,program_2,HSPA1B,1.729640007019043,11,3,0,479
broad_lam_like,LAM2,program_2,PCP4,1.5909509658813477,12,3,0,479
broad_lam_like,LAM2,program_2,COL1A1,1.4551461935043335,13,3,0,479
broad_lam_like,LAM2,program_2,SMAD3,1.3745516538619995,14,3,0,479
broad_lam_like,LAM2,program_2,TSC22D1,1.3471007347106934,15,3,0,479
broad_lam_like,LAM2,program_2,TIE1,1.3073770999908447,16,3,0,479
broad_lam_like,LAM2,program_2,ACTA2,1.269528865814209,17,3,0,479
broad_lam_like,LAM2,program_2,ZAP70,1.241926670074463,18,3,0,479
broad_lam_like,LAM2,program_2,KLRG1,1.237465739250183,19,3,0,479
broad_lam_like,LAM2,program_2,CCL13,1.198293924331665,20,3,0,479
broad_lam_like,LAM2,program_2,SERPINE1,1.0891296863555908,21,3,0,479
broad_lam_like,LAM2,program_2,FAM92B,1.0080211162567139,22,3,0,479
broad_lam_like,LAM2,program_2,CDKN1A,1.0059829950332642,23,3,0,479
broad_lam_like,LAM2,program_2,TUBA4A,1.0008653402328491,24,3,0,479
broad_lam_like,LAM2,program_2,EGFL7,0.9981967806816101,25,3,0,479
broad_lam_like,LAM2,program_2,COL6A1,0.9637974500656128,26,3,0,479
broad_lam_like,LAM2,program_2,PDPN,0.9556089043617249,27,3,0,479
broad_lam_like,LAM2,program_2,EGR1,0.9444032311439514,28,3,0,479
broad_lam_like,LAM2,program_2,FOXF1,0.9165370464324951,29,3,0,479
broad_lam_like,LAM2,program_2,CCDC146,0.8812459707260132,30,3,0,479
broad_lam_like,LAM2,program_2,NNMT,0.8728645443916321,31,3,0,479
broad_lam_like,LAM2,program_2,ID3,0.8354922533035278,32,3,0,479
broad_lam_like,LAM2,program_2,SH2D2A,0.8316463232040405,33,3,0,479
broad_lam_like,LAM2,program_2,ADRB1,0.8249028921127319,34,3,0,479
broad_lam_like,LAM2,program_2,PALLD,0.8215874433517456,35,3,0,479
broad_lam_like,LAM2,program_2,SERPINB9,0.820743203163147,36,3,0,479
broad_lam_like,LAM2,program_2,PTGDR,0.8078169822692871,37,3,0,479
broad_lam_like,LAM2,program_2,AC013264.2,0.8033338785171509,38,3,0,479
broad_lam_like,LAM2,program_2,LTC4S,0.7904984951019287,39,3,0,479
broad_lam_like,LAM2,program_2,CTSK,0.7729753851890564,40,3,0,479
broad_lam_like,LAM2,program_2,PTGIS,0.7683754563331604,41,3,0,479
broad_lam_like,LAM2,program_2,KIAA1462,0.7653032541275024,42,3,0,479
broad_lam_like,LAM2,program_2,FENDRR,0.7422448396682739,43,3,0,479
broad_lam_like,LAM2,program_2,IL2RB,0.7345662117004395,44,3,0,479
broad_lam_like,LAM2,program_2,SCGB3A1,0.715537428855896,45,3,0,479
broad_lam_like,LAM2,program_2,POSTN,0.7064542174339294,46,3,0,479
broad_lam_like,LAM2,program_2,FZD4,0.7037840485572815,47,3,0,479
broad_lam_like,LAM2,program_2,NDUFA4L2,0.6958787441253662,48,3,0,479
broad_lam_like,LAM2,program_2,MRPS31,0.6931648850440979,49,3,0,479
broad_lam_like,LAM2,program_2,HPGDS,0.678165853023529,50,3,0,479
broad_lam_like,LAM2,program_3,SMAD2,4.2741899490356445,1,3,0,479
broad_lam_like,LAM2,program_3,KIR3DL2,3.601701021194458,2,3,0,479
broad_lam_like,LAM2,program_3,HOXD11,3.5557541847229004,3,3,0,479
broad_lam_like,LAM2,program_3,C1QA,3.4049463272094727,4,3,0,479
broad_lam_like,LAM2,program_3,MLANA,3.222346305847168,5,3,0,479
broad_lam_like,LAM2,program_3,MSMB,2.9861652851104736,6,3,0,479
broad_lam_like,LAM2,program_3,PI16,2.9327383041381836,7,3,0,479
broad_lam_like,LAM2,program_3,CYP19A1,2.628045082092285,8,3,0,479
broad_lam_like,LAM2,program_3,TXNIP,2.5982537269592285,9,3,0,479
broad_lam_like,LAM2,program_3,CCL14,2.5280985832214355,10,3,0,479
broad_lam_like,LAM2,program_3,ESR1,2.4521777629852295,11,3,0,479
broad_lam_like,LAM2,program_3,GALNT18,2.4348480701446533,12,3,0,479
broad_lam_like,LAM2,program_3,CLEC10A,2.409703254699707,13,3,0,479
broad_lam_like,LAM2,program_3,TPM2,2.4028220176696777,14,3,0,479
broad_lam_like,LAM2,program_3,SERPINE1,2.3886492252349854,15,3,0,479
broad_lam_like,LAM2,program_3,SERPINA1,2.281130313873291,16,3,0,479
broad_lam_like,LAM2,program_3,LIMS2,2.267446994781494,17,3,0,479
broad_lam_like,LAM2,program_3,IL6R,2.1526894569396973,18,3,0,479
broad_lam_like,LAM2,program_3,HOXA10,2.134469747543335,19,3,0,479
broad_lam_like,LAM2,program_3,HES4,2.093212842941284,20,3,0,479
broad_lam_like,LAM2,program_3,RETN,2.064072608947754,21,3,0,479
broad_lam_like,LAM2,program_3,ACTA2,2.057267665863037,22,3,0,479
broad_lam_like,LAM2,program_3,RPS6,2.0338854789733887,23,3,0,479
broad_lam_like,LAM2,program_3,BCL2L1,1.7949073314666748,24,3,0,479
broad_lam_like,LAM2,program_3,AIF1,1.7252856492996216,25,3,0,479
broad_lam_like,LAM2,program_3,HSPA1B,1.684055209159851,26,3,0,479
broad_lam_like,LAM2,program_3,APP,1.6520932912826538,27,3,0,479
broad_lam_like,LAM2,program_3,VEGFA,1.5933701992034912,28,3,0,479
broad_lam_like,LAM2,program_3,C7,1.5603320598602295,29,3,0,479
broad_lam_like,LAM2,program_3,TFPI,1.5198787450790405,30,3,0,479
broad_lam_like,LAM2,program_3,MYL9,1.5125290155410767,31,3,0,479
broad_lam_like,LAM2,program_3,FOLR2,1.4577497243881226,32,3,0,479
broad_lam_like,LAM2,program_3,STAT3,1.4504191875457764,33,3,0,479
broad_lam_like,LAM2,program_3,IL1RN,1.3814055919647217,34,3,0,479
broad_lam_like,LAM2,program_3,GREB1,1.2953286170959473,35,3,0,479
broad_lam_like,LAM2,program_3,RGCC,1.2108585834503174,36,3,0,479
broad_lam_like,LAM2,program_3,GDF15,1.169860601425171,37,3,0,479
broad_lam_like,LAM2,program_3,LMCD1,1.1004644632339478,38,3,0,479
broad_lam_like,LAM2,program_3,CYP1B1,1.0925307273864746,39,3,0,479
broad_lam_like,LAM2,program_3,IL6,1.0603219270706177,40,3,0,479
broad_lam_like,LAM2,program_3,CSRP2,1.027199149131775,41,3,0,479
broad_lam_like,LAM2,program_3,VCAN,0.9911686778068542,42,3,0,479
broad_lam_like,LAM2,program_3,ENKUR,0.9395239949226379,43,3,0,479
broad_lam_like,LAM2,program_3,PXN,0.9355330467224121,44,3,0,479
broad_lam_like,LAM2,program_3,SYNE2,0.9109983444213867,45,3,0,479
broad_lam_like,LAM2,program_3,TFPI2,0.8884955048561096,46,3,0,479
broad_lam_like,LAM2,program_3,BCL2,0.8629441261291504,47,3,0,479
broad_lam_like,LAM2,program_3,SERPINB9,0.7758777737617493,48,3,0,479
broad_lam_like,LAM2,program_3,C4BPA,0.7505436539649963,49,3,0,479
broad_lam_like,LAM2,program_3,PERP,0.7483013868331909,50,3,0,479
broad_lam_like,LAM3,program_1,FOS,5.266363620758057,1,3,0,366
broad_lam_like,LAM3,program_1,COL6A1,5.0655317306518555,2,3,0,366
broad_lam_like,LAM3,program_1,DPPA4,4.835593223571777,3,3,0,366
broad_lam_like,LAM3,program_1,MKI67,4.371485710144043,4,3,0,366
broad_lam_like,LAM3,program_1,NES,4.370924472808838,5,3,0,366
broad_lam_like,LAM3,program_1,COL1A1,4.138965129852295,6,3,0,366
broad_lam_like,LAM3,program_1,EGFR,4.035820960998535,7,3,0,366
broad_lam_like,LAM3,program_1,TNFAIP3,3.909430742263794,8,3,0,366
broad_lam_like,LAM3,program_1,TIMP2,3.891648292541504,9,3,0,366
broad_lam_like,LAM3,program_1,SOX2,3.8185651302337646,10,3,0,366
broad_lam_like,LAM3,program_1,RTKN2,3.5501790046691895,11,3,0,366
broad_lam_like,LAM3,program_1,HOXA10,2.849485158920288,12,3,0,366
broad_lam_like,LAM3,program_1,RPS6,2.627004623413086,13,3,0,366
broad_lam_like,LAM3,program_1,SOSTDC1,2.3809750080108643,14,3,0,366
broad_lam_like,LAM3,program_1,TNFRSF4,2.3436458110809326,15,3,0,366
broad_lam_like,LAM3,program_1,CAPSL,2.2749969959259033,16,3,0,366
broad_lam_like,LAM3,program_1,RGS13,2.1688435077667236,17,3,0,366
broad_lam_like,LAM3,program_1,LYVE1,2.1258671283721924,18,3,0,366
broad_lam_like,LAM3,program_1,ETS1,1.847137212753296,19,3,0,366
broad_lam_like,LAM3,program_1,HOXD11,1.8092589378356934,20,3,0,366
broad_lam_like,LAM3,program_1,DCT,1.6111280918121338,21,3,0,366
broad_lam_like,LAM3,program_1,MT1G,1.5058870315551758,22,3,0,366
broad_lam_like,LAM3,program_1,CYP19A1,1.4859060049057007,23,3,0,366
broad_lam_like,LAM3,program_1,PCP4,1.4855691194534302,24,3,0,366
broad_lam_like,LAM3,program_1,VCAM1,1.4135539531707764,25,3,0,366
broad_lam_like,LAM3,program_1,IL6,1.408573865890503,26,3,0,366
broad_lam_like,LAM3,program_1,ZNF683,1.397558331489563,27,3,0,366
broad_lam_like,LAM3,program_1,ESR1,1.3782696723937988,28,3,0,366
broad_lam_like,LAM3,program_1,MEIS1,1.3293437957763672,29,3,0,366
broad_lam_like,LAM3,program_1,WISP2,1.3254594802856445,30,3,0,366
broad_lam_like,LAM3,program_1,F8,1.3095707893371582,31,3,0,366
broad_lam_like,LAM3,program_1,NCALD,1.283645510673523,32,3,0,366
broad_lam_like,LAM3,program_1,CD207,1.2263933420181274,33,3,0,366
broad_lam_like,LAM3,program_1,RGL4,1.1984913349151611,34,3,0,366
broad_lam_like,LAM3,program_1,EDNRB,1.1579731702804565,35,3,0,366
broad_lam_like,LAM3,program_1,KRT8,1.103730320930481,36,3,0,366
broad_lam_like,LAM3,program_1,MMP2,1.0947051048278809,37,3,0,366
broad_lam_like,LAM3,program_1,IL18R1,1.0793484449386597,38,3,0,366
broad_lam_like,LAM3,program_1,ICAM2,1.078507423400879,39,3,0,366
broad_lam_like,LAM3,program_1,CRIP2,1.0519230365753174,40,3,0,366
broad_lam_like,LAM3,program_1,ALAS2,1.0307871103286743,41,3,0,366
broad_lam_like,LAM3,program_1,TMEM2,1.0217114686965942,42,3,0,366
broad_lam_like,LAM3,program_1,TIGIT,1.0216219425201416,43,3,0,366
broad_lam_like,LAM3,program_1,SERPINF1,1.0120950937271118,44,3,0,366
broad_lam_like,LAM3,program_1,TREM2,1.0059525966644287,45,3,0,366
broad_lam_like,LAM3,program_1,PPAP2C,1.00278639793396,46,3,0,366
broad_lam_like,LAM3,program_1,TNFSF10,0.999804675579071,47,3,0,366
broad_lam_like,LAM3,program_1,MATK,0.9937909841537476,48,3,0,366
broad_lam_like,LAM3,program_1,TIE1,0.9830737709999084,49,3,0,366
broad_lam_like,LAM3,program_1,DES,0.9388113021850586,50,3,0,366
broad_lam_like,LAM3,program_2,TNFAIP3,5.780969619750977,1,3,0,366
broad_lam_like,LAM3,program_2,SAA1,3.8966081142425537,2,3,0,366
broad_lam_like,LAM3,program_2,HMGA2,3.830993890762329,3,3,0,366
broad_lam_like,LAM3,program_2,FN1,3.750227212905884,4,3,0,366
broad_lam_like,LAM3,program_2,NES,3.366471290588379,5,3,0,366
broad_lam_like,LAM3,program_2,SOX2,3.200232982635498,6,3,0,366
broad_lam_like,LAM3,program_2,IL33,3.1760075092315674,7,3,0,366
broad_lam_like,LAM3,program_2,COL1A1,3.0035171508789062,8,3,0,366
broad_lam_like,LAM3,program_2,MKI67,2.912417411804199,9,3,0,366
broad_lam_like,LAM3,program_2,HOXA10,2.6210410594940186,10,3,0,366
broad_lam_like,LAM3,program_2,TIMP2,2.604810953140259,11,3,0,366
broad_lam_like,LAM3,program_2,CXCL12,2.239459276199341,12,3,0,366
broad_lam_like,LAM3,program_2,SLC6A4,2.0605242252349854,13,3,0,366
broad_lam_like,LAM3,program_2,ANXA3,2.0260186195373535,14,3,0,366
broad_lam_like,LAM3,program_2,NDUFA4L2,1.9808740615844727,15,3,0,366
broad_lam_like,LAM3,program_2,NPDC1,1.7770731449127197,16,3,0,366
broad_lam_like,LAM3,program_2,KRT19,1.705727458000183,17,3,0,366
broad_lam_like,LAM3,program_2,AGR3,1.6112805604934692,18,3,0,366
broad_lam_like,LAM3,program_2,PODXL,1.5380291938781738,19,3,0,366
broad_lam_like,LAM3,program_2,TFPI,1.4686627388000488,20,3,0,366
broad_lam_like,LAM3,program_2,MMP2,1.4660751819610596,21,3,0,366
broad_lam_like,LAM3,program_2,RPS8,1.3329497575759888,22,3,0,366
broad_lam_like,LAM3,program_2,TMIGD2,1.3243869543075562,23,3,0,366
broad_lam_like,LAM3,program_2,S100A8,1.312181830406189,24,3,0,366
broad_lam_like,LAM3,program_2,LIMD2,1.3000802993774414,25,3,0,366
broad_lam_like,LAM3,program_2,DUSP4,1.2891292572021484,26,3,0,366
broad_lam_like,LAM3,program_2,KRT8,1.2637135982513428,27,3,0,366
broad_lam_like,LAM3,program_2,SPTBN1,1.240199089050293,28,3,0,366
broad_lam_like,LAM3,program_2,F8,1.2179858684539795,29,3,0,366
broad_lam_like,LAM3,program_2,TIGIT,1.2146860361099243,30,3,0,366
broad_lam_like,LAM3,program_2,LAT,1.1648057699203491,31,3,0,366
broad_lam_like,LAM3,program_2,PCP4,1.1448025703430176,32,3,0,366
broad_lam_like,LAM3,program_2,TNFRSF4,1.115365982055664,33,3,0,366
broad_lam_like,LAM3,program_2,C16ORF89,1.1089292764663696,34,3,0,366
broad_lam_like,LAM3,program_2,TSHZ2,1.1029897928237915,35,3,0,366
broad_lam_like,LAM3,program_2,CD160,1.094207525253296,36,3,0,366
broad_lam_like,LAM3,program_2,PIK3IP1,1.0878982543945312,37,3,0,366
broad_lam_like,LAM3,program_2,MARCKS,1.0761950016021729,38,3,0,366
broad_lam_like,LAM3,program_2,SFTA1P,1.0740262269973755,39,3,0,366
broad_lam_like,LAM3,program_2,CYR61,1.0695912837982178,40,3,0,366
broad_lam_like,LAM3,program_2,CYP3A5,1.0638477802276611,41,3,0,366
broad_lam_like,LAM3,program_2,TYROBP,1.0489146709442139,42,3,0,366
broad_lam_like,LAM3,program_2,FZD4,1.0178316831588745,43,3,0,366
broad_lam_like,LAM3,program_2,LPCAT1,0.9893858432769775,44,3,0,366
broad_lam_like,LAM3,program_2,F2R,0.9651765823364258,45,3,0,366
broad_lam_like,LAM3,program_2,ZNF683,0.9239429831504822,46,3,0,366
broad_lam_like,LAM3,program_2,MRPS31,0.91987144947052,47,3,0,366
broad_lam_like,LAM3,program_2,PPAP2C,0.9185570478439331,48,3,0,366
broad_lam_like,LAM3,program_2,TREM2,0.9047481417655945,49,3,0,366
broad_lam_like,LAM3,program_2,SEPP1,0.8665935397148132,50,3,0,366
broad_lam_like,LAM3,program_3,PPAP2C,5.814920902252197,1,3,0,366
broad_lam_like,LAM3,program_3,TREM2,5.661891937255859,2,3,0,366
broad_lam_like,LAM3,program_3,C1QA,4.893195152282715,3,3,0,366
broad_lam_like,LAM3,program_3,IL1B,4.688319206237793,4,3,0,366
broad_lam_like,LAM3,program_3,KRT8,4.6694488525390625,5,3,0,366
broad_lam_like,LAM3,program_3,DES,4.529973983764648,6,3,0,366
broad_lam_like,LAM3,program_3,SMAD2,4.489067077636719,7,3,0,366
broad_lam_like,LAM3,program_3,NES,4.415193557739258,8,3,0,366
broad_lam_like,LAM3,program_3,COL1A1,4.398798942565918,9,3,0,366
broad_lam_like,LAM3,program_3,TNFAIP3,4.296674728393555,10,3,0,366
broad_lam_like,LAM3,program_3,SOX2,4.175813674926758,11,3,0,366
broad_lam_like,LAM3,program_3,MKI67,4.049300670623779,12,3,0,366
broad_lam_like,LAM3,program_3,NCALD,3.8819806575775146,13,3,0,366
broad_lam_like,LAM3,program_3,STMN1,3.786193609237671,14,3,0,366
broad_lam_like,LAM3,program_3,IFNG,3.739593029022217,15,3,0,366
broad_lam_like,LAM3,program_3,ESR2,3.4368395805358887,16,3,0,366
broad_lam_like,LAM3,program_3,CNN1,3.4313392639160156,17,3,0,366
broad_lam_like,LAM3,program_3,SLC9A3R2,3.3512980937957764,18,3,0,366
broad_lam_like,LAM3,program_3,HOXA10,3.323408365249634,19,3,0,366
broad_lam_like,LAM3,program_3,SEPT1,3.2475967407226562,20,3,0,366
broad_lam_like,LAM3,program_3,TIMP2,3.241140842437744,21,3,0,366
broad_lam_like,LAM3,program_3,PIK3R1,3.223301649093628,22,3,0,366
broad_lam_like,LAM3,program_3,MMP2,3.085648536682129,23,3,0,366
broad_lam_like,LAM3,program_3,EIF4E,2.9849774837493896,24,3,0,366
broad_lam_like,LAM3,program_3,AIF1,2.8979427814483643,25,3,0,366
broad_lam_like,LAM3,program_3,PIK3R3,2.838557481765747,26,3,0,366
broad_lam_like,LAM3,program_3,TYROBP,2.75274920463562,27,3,0,366
broad_lam_like,LAM3,program_3,FAM216B,2.5240790843963623,28,3,0,366
broad_lam_like,LAM3,program_3,TYMS,2.493053674697876,29,3,0,366
broad_lam_like,LAM3,program_3,CCNB1,1.731642723083496,30,3,0,366
broad_lam_like,LAM3,program_3,LGR5,1.7315778732299805,31,3,0,366
broad_lam_like,LAM3,program_3,EIF4EBP1,1.648603916168213,32,3,0,366
broad_lam_like,LAM3,program_3,CCL20,1.4231154918670654,33,3,0,366
broad_lam_like,LAM3,program_3,MLANA,1.4052298069000244,34,3,0,366
broad_lam_like,LAM3,program_3,MYH11,1.3525722026824951,35,3,0,366
broad_lam_like,LAM3,program_3,TYR,1.342551827430725,36,3,0,366
broad_lam_like,LAM3,program_3,RP11-782C8.5,1.2956435680389404,37,3,0,366
broad_lam_like,LAM3,program_3,GREB1,1.1837760210037231,38,3,0,366
broad_lam_like,LAM3,program_3,MEIS1,1.1745473146438599,39,3,0,366
broad_lam_like,LAM3,program_3,DDIT4,1.0921127796173096,40,3,0,366
broad_lam_like,LAM3,program_3,PLA2G2A,1.0339726209640503,41,3,0,366
broad_lam_like,LAM3,program_3,RPS8,1.0312504768371582,42,3,0,366
broad_lam_like,LAM3,program_3,HMGA2,1.016372799873352,43,3,0,366
broad_lam_like,LAM3,program_3,FN1,0.9305053949356079,44,3,0,366
broad_lam_like,LAM3,program_3,IL6,0.8511981964111328,45,3,0,366
broad_lam_like,LAM3,program_3,SCGB1A1,0.8471846580505371,46,3,0,366
broad_lam_like,LAM3,program_3,GPR116,0.8337876200675964,47,3,0,366
broad_lam_like,LAM3,program_3,S100A16,0.8001613616943359,48,3,0,366
broad_lam_like,LAM3,program_3,TESPA1,0.7888650894165039,49,3,0,366
broad_lam_like,LAM3,program_3,OMG,0.7695297002792358,50,3,0,366
broad_lam_like,LAM4,program_1,GREB1,8.495171546936035,1,3,0,130
broad_lam_like,LAM4,program_1,AK1,6.523921012878418,2,3,0,130
broad_lam_like,LAM4,program_1,TGFBR1,6.102392673492432,3,3,0,130
broad_lam_like,LAM4,program_1,MEIS1,5.793342590332031,4,3,0,130
broad_lam_like,LAM4,program_1,MUC1,5.067878723144531,5,3,0,130
broad_lam_like,LAM4,program_1,SKAP1,4.240357875823975,6,3,0,130
broad_lam_like,LAM4,program_1,NES,4.055771827697754,7,3,0,130
broad_lam_like,LAM4,program_1,GPR171,3.825697898864746,8,3,0,130
broad_lam_like,LAM4,program_1,STAT3,3.623800039291382,9,3,0,130
broad_lam_like,LAM4,program_1,SERPINB3,3.515474796295166,10,3,0,130
broad_lam_like,LAM4,program_1,COL1A2,3.4757437705993652,11,3,0,130
broad_lam_like,LAM4,program_1,SFTA1P,3.309551477432251,12,3,0,130
broad_lam_like,LAM4,program_1,TNFAIP3,3.302158832550049,13,3,0,130
broad_lam_like,LAM4,program_1,SOSTDC1,3.2627227306365967,14,3,0,130
broad_lam_like,LAM4,program_1,HEY1,3.191206932067871,15,3,0,130
broad_lam_like,LAM4,program_1,SPEF2,3.185683250427246,16,3,0,130
broad_lam_like,LAM4,program_1,IL6R,3.0478508472442627,17,3,0,130
broad_lam_like,LAM4,program_1,SEPT1,2.8702754974365234,18,3,0,130
broad_lam_like,LAM4,program_1,HOXD11,2.7326953411102295,19,3,0,130
broad_lam_like,LAM4,program_1,SCN7A,2.682896375656128,20,3,0,130
broad_lam_like,LAM4,program_1,RAPGEF4,2.6564269065856934,21,3,0,130
broad_lam_like,LAM4,program_1,ICAM2,2.634676456451416,22,3,0,130
broad_lam_like,LAM4,program_1,C16ORF89,2.610466957092285,23,3,0,130
broad_lam_like,LAM4,program_1,SLC9A3R2,2.6072309017181396,24,3,0,130
broad_lam_like,LAM4,program_1,RTKN2,2.5408072471618652,25,3,0,130
broad_lam_like,LAM4,program_1,LCN2,2.4618046283721924,26,3,0,130
broad_lam_like,LAM4,program_1,TFPI2,2.2603182792663574,27,3,0,130
broad_lam_like,LAM4,program_1,OGN,2.136176824569702,28,3,0,130
broad_lam_like,LAM4,program_1,PDPN,2.1292407512664795,29,3,0,130
broad_lam_like,LAM4,program_1,HOXA10,2.0946905612945557,30,3,0,130
broad_lam_like,LAM4,program_1,ITK,2.0664992332458496,31,3,0,130
broad_lam_like,LAM4,program_1,PDGFRB,2.0615427494049072,32,3,0,130
broad_lam_like,LAM4,program_1,GAS6,2.0582470893859863,33,3,0,130
broad_lam_like,LAM4,program_1,PROX1,1.9927185773849487,34,3,0,130
broad_lam_like,LAM4,program_1,MMRN2,1.9624946117401123,35,3,0,130
broad_lam_like,LAM4,program_1,IL6,1.9455792903900146,36,3,0,130
broad_lam_like,LAM4,program_1,HECW2,1.945401668548584,37,3,0,130
broad_lam_like,LAM4,program_1,APOC1,1.9353822469711304,38,3,0,130
broad_lam_like,LAM4,program_1,NANOG,1.9296149015426636,39,3,0,130
broad_lam_like,LAM4,program_1,CD160,1.7500253915786743,40,3,0,130
broad_lam_like,LAM4,program_1,CCND1,1.7088038921356201,41,3,0,130
broad_lam_like,LAM4,program_1,SERPINE1,1.7046436071395874,42,3,0,130
broad_lam_like,LAM4,program_1,FAIM3,1.6759471893310547,43,3,0,130
broad_lam_like,LAM4,program_1,ADAMTS9,1.6510807275772095,44,3,0,130
broad_lam_like,LAM4,program_1,FSCN1,1.641441822052002,45,3,0,130
broad_lam_like,LAM4,program_1,SOX18,1.6387944221496582,46,3,0,130
broad_lam_like,LAM4,program_1,C1QA,1.589483380317688,47,3,0,130
broad_lam_like,LAM4,program_1,GRAP2,1.5850356817245483,48,3,0,130
broad_lam_like,LAM4,program_1,AKT1,1.5813755989074707,49,3,0,130
broad_lam_like,LAM4,program_1,MT1G,1.5688430070877075,50,3,0,130
broad_lam_like,LAM4,program_2,GREB1,3.1457772254943848,1,3,0,130
broad_lam_like,LAM4,program_2,SKAP1,2.903128147125244,2,3,0,130
broad_lam_like,LAM4,program_2,NES,2.6053590774536133,3,3,0,130
broad_lam_like,LAM4,program_2,TYR,2.3581345081329346,4,3,0,130
broad_lam_like,LAM4,program_2,COL1A2,2.2832260131835938,5,3,0,130
broad_lam_like,LAM4,program_2,STAT3,2.1569864749908447,6,3,0,130
broad_lam_like,LAM4,program_2,HOXD11,2.0845510959625244,7,3,0,130
broad_lam_like,LAM4,program_2,CCNB1,1.962306261062622,8,3,0,130
broad_lam_like,LAM4,program_2,MMP8,1.911671757698059,9,3,0,130
broad_lam_like,LAM4,program_2,AK1,1.6528701782226562,10,3,0,130
broad_lam_like,LAM4,program_2,TNFAIP3,1.6415762901306152,11,3,0,130
broad_lam_like,LAM4,program_2,ICAM1,1.588632583618164,12,3,0,130
broad_lam_like,LAM4,program_2,LBH,1.5652291774749756,13,3,0,130
broad_lam_like,LAM4,program_2,TEK,1.5327519178390503,14,3,0,130
broad_lam_like,LAM4,program_2,MMP9,1.3724970817565918,15,3,0,130
broad_lam_like,LAM4,program_2,LUM,1.2979696989059448,16,3,0,130
broad_lam_like,LAM4,program_2,TGFBR1,1.2974876165390015,17,3,0,130
broad_lam_like,LAM4,program_2,SYTL3,1.2925134897232056,18,3,0,130
broad_lam_like,LAM4,program_2,SERPINE1,1.1025134325027466,19,3,0,130
broad_lam_like,LAM4,program_2,CXCL1,1.0653202533721924,20,3,0,130
broad_lam_like,LAM4,program_2,MYH11,1.056929349899292,21,3,0,130
broad_lam_like,LAM4,program_2,CCND1,1.0092095136642456,22,3,0,130
broad_lam_like,LAM4,program_2,ELTD1,0.9655171036720276,23,3,0,130
broad_lam_like,LAM4,program_2,NTS,0.9585649967193604,24,3,0,130
broad_lam_like,LAM4,program_2,TNXB,0.9177350401878357,25,3,0,130
broad_lam_like,LAM4,program_2,CYP19A1,0.8329850435256958,26,3,0,130
broad_lam_like,LAM4,program_2,RP1,0.8235794305801392,27,3,0,130
broad_lam_like,LAM4,program_2,MUC1,0.820783257484436,28,3,0,130
broad_lam_like,LAM4,program_2,PDCD1,0.8194334506988525,29,3,0,130
broad_lam_like,LAM4,program_2,PRKX,0.7751638293266296,30,3,0,130
broad_lam_like,LAM4,program_2,PTN,0.7721976041793823,31,3,0,130
broad_lam_like,LAM4,program_2,C16ORF89,0.7627606987953186,32,3,0,130
broad_lam_like,LAM4,program_2,PDGFRB,0.7580800652503967,33,3,0,130
broad_lam_like,LAM4,program_2,MAP1B,0.714760422706604,34,3,0,130
broad_lam_like,LAM4,program_2,F8,0.7125319242477417,35,3,0,130
broad_lam_like,LAM4,program_2,MEIS1,0.7051575779914856,36,3,0,130
broad_lam_like,LAM4,program_2,TNFRSF4,0.7011992931365967,37,3,0,130
broad_lam_like,LAM4,program_2,SPEF2,0.7007348537445068,38,3,0,130
broad_lam_like,LAM4,program_2,NTM,0.679828941822052,39,3,0,130
broad_lam_like,LAM4,program_2,FGL2,0.6772729754447937,40,3,0,130
broad_lam_like,LAM4,program_2,BCL2,0.6591955423355103,41,3,0,130
broad_lam_like,LAM4,program_2,IL7R,0.6579901576042175,42,3,0,130
broad_lam_like,LAM4,program_2,RAPGEF4,0.6554161906242371,43,3,0,130
broad_lam_like,LAM4,program_2,IGFBP4,0.6518546938896179,44,3,0,130
broad_lam_like,LAM4,program_2,FENDRR,0.6486791372299194,45,3,0,130
broad_lam_like,LAM4,program_2,STC1,0.640686571598053,46,3,0,130
broad_lam_like,LAM4,program_2,TIGIT,0.6395966410636902,47,3,0,130
broad_lam_like,LAM4,program_2,IL6,0.6377754807472229,48,3,0,130
broad_lam_like,LAM4,program_2,CXCL9,0.6377744674682617,49,3,0,130
broad_lam_like,LAM4,program_2,HEY1,0.6268887519836426,50,3,0,130
broad_lam_like,LAM4,program_3,GREB1,4.006666660308838,1,3,0,130
broad_lam_like,LAM4,program_3,SKAP1,3.6047098636627197,2,3,0,130
broad_lam_like,LAM4,program_3,C1QA,3.2061235904693604,3,3,0,130
broad_lam_like,LAM4,program_3,HSPA1B,3.1234629154205322,4,3,0,130
broad_lam_like,LAM4,program_3,IL1B,2.990445137023926,5,3,0,130
broad_lam_like,LAM4,program_3,PDK4,2.924102544784546,6,3,0,130
broad_lam_like,LAM4,program_3,TIMP2,2.8798317909240723,7,3,0,130
broad_lam_like,LAM4,program_3,NES,2.7378203868865967,8,3,0,130
broad_lam_like,LAM4,program_3,STAT3,2.584412097930908,9,3,0,130
broad_lam_like,LAM4,program_3,C9ORF135,2.5383007526397705,10,3,0,130
broad_lam_like,LAM4,program_3,COL1A2,2.5278515815734863,11,3,0,130
broad_lam_like,LAM4,program_3,C3,2.5103793144226074,12,3,0,130
broad_lam_like,LAM4,program_3,PERP,2.457577705383301,13,3,0,130
broad_lam_like,LAM4,program_3,AK1,2.3113696575164795,14,3,0,130
broad_lam_like,LAM4,program_3,SERPINE1,2.1729159355163574,15,3,0,130
broad_lam_like,LAM4,program_3,TNFAIP3,2.0175297260284424,16,3,0,130
broad_lam_like,LAM4,program_3,TGFBR1,1.9860432147979736,17,3,0,130
broad_lam_like,LAM4,program_3,IL6R,1.957858681678772,18,3,0,130
broad_lam_like,LAM4,program_3,CCL14,1.934466004371643,19,3,0,130
broad_lam_like,LAM4,program_3,MEIS1,1.9133955240249634,20,3,0,130
broad_lam_like,LAM4,program_3,AIF1,1.8209307193756104,21,3,0,130
broad_lam_like,LAM4,program_3,PDGFRA,1.798426628112793,22,3,0,130
broad_lam_like,LAM4,program_3,ATF3,1.7742071151733398,23,3,0,130
broad_lam_like,LAM4,program_3,CDKN1A,1.7651633024215698,24,3,0,130
broad_lam_like,LAM4,program_3,HOXD11,1.759368658065796,25,3,0,130
broad_lam_like,LAM4,program_3,FSTL3,1.7180157899856567,26,3,0,130
broad_lam_like,LAM4,program_3,DCN,1.6189038753509521,27,3,0,130
broad_lam_like,LAM4,program_3,SMAD3,1.5729018449783325,28,3,0,130
broad_lam_like,LAM4,program_3,CD1E,1.4672666788101196,29,3,0,130
broad_lam_like,LAM4,program_3,FIGF,1.4492297172546387,30,3,0,130
broad_lam_like,LAM4,program_3,IL6,1.2976609468460083,31,3,0,130
broad_lam_like,LAM4,program_3,MUC1,1.2900205850601196,32,3,0,130
broad_lam_like,LAM4,program_3,CD226,1.2063982486724854,33,3,0,130
broad_lam_like,LAM4,program_3,TNFRSF18,1.187366008758545,34,3,0,130
broad_lam_like,LAM4,program_3,IRF1,1.1568669080734253,35,3,0,130
broad_lam_like,LAM4,program_3,COL4A1,1.1370424032211304,36,3,0,130
broad_lam_like,LAM4,program_3,HBG1,1.0872013568878174,37,3,0,130
broad_lam_like,LAM4,program_3,SEPT1,1.0256685018539429,38,3,0,130
broad_lam_like,LAM4,program_3,IGFBP4,0.9896196722984314,39,3,0,130
broad_lam_like,LAM4,program_3,NFKBIA,0.9692199230194092,40,3,0,130
broad_lam_like,LAM4,program_3,CA9,0.9527074098587036,41,3,0,130
broad_lam_like,LAM4,program_3,BCL2,0.9236934185028076,42,3,0,130
broad_lam_like,LAM4,program_3,CALD1,0.8778443932533264,43,3,0,130
broad_lam_like,LAM4,program_3,GPNMB,0.8467978239059448,44,3,0,130
broad_lam_like,LAM4,program_3,TGFBR3,0.8307000994682312,45,3,0,130
broad_lam_like,LAM4,program_3,ESR1,0.8264181613922119,46,3,0,130
broad_lam_like,LAM4,program_3,SYTL3,0.8223679661750793,47,3,0,130
broad_lam_like,LAM4,program_3,HEY1,0.8096928000450134,48,3,0,130
broad_lam_like,LAM4,program_3,AKT1,0.8066899180412292,49,3,0,130
broad_lam_like,LAM4,program_3,SLC25A37,0.7974995374679565,50,3,0,130
unrestricted_lam,LAM1,program_1,TNFAIP3,9.855183601379395,1,3,1,410
unrestricted_lam,LAM1,program_1,TCL1A,6.772653102874756,2,3,1,410
unrestricted_lam,LAM1,program_1,MEIS1,6.593679904937744,3,3,1,410
unrestricted_lam,LAM1,program_1,MMP9,6.223298072814941,4,3,1,410
unrestricted_lam,LAM1,program_1,GRP,5.9186553955078125,5,3,1,410
unrestricted_lam,LAM1,program_1,GPRC5A,4.6309003829956055,6,3,1,410
unrestricted_lam,LAM1,program_1,CLIC3,4.550936222076416,7,3,1,410
unrestricted_lam,LAM1,program_1,COL3A1,4.528861045837402,8,3,1,410
unrestricted_lam,LAM1,program_1,CNN1,4.270420551300049,9,3,1,410
unrestricted_lam,LAM1,program_1,EPCAM,4.16555643081665,10,3,1,410
unrestricted_lam,LAM1,program_1,TYMS,4.154479503631592,11,3,1,410
unrestricted_lam,LAM1,program_1,CALD1,3.6716153621673584,12,3,1,410
unrestricted_lam,LAM1,program_1,AK1,3.2902021408081055,13,3,1,410
unrestricted_lam,LAM1,program_1,IL6R,3.095088243484497,14,3,1,410
unrestricted_lam,LAM1,program_1,S1PR1,3.0300850868225098,15,3,1,410
unrestricted_lam,LAM1,program_1,ESR2,2.904005289077759,16,3,1,410
unrestricted_lam,LAM1,program_1,SOX17,2.8725500106811523,17,3,1,410
unrestricted_lam,LAM1,program_1,GRAP2,2.796436071395874,18,3,1,410
unrestricted_lam,LAM1,program_1,VIPR1,2.690781593322754,19,3,1,410
unrestricted_lam,LAM1,program_1,ARHGAP29,2.6673476696014404,20,3,1,410
unrestricted_lam,LAM1,program_1,CD79B,2.4868807792663574,21,3,1,410
unrestricted_lam,LAM1,program_1,PLA2G2A,2.4720053672790527,22,3,1,410
unrestricted_lam,LAM1,program_1,SYTL3,2.4266746044158936,23,3,1,410
unrestricted_lam,LAM1,program_1,KLRC2,2.3880958557128906,24,3,1,410
unrestricted_lam,LAM1,program_1,LPCAT1,2.3833656311035156,25,3,1,410
unrestricted_lam,LAM1,program_1,RP11-782C8.5,2.3589251041412354,26,3,1,410
unrestricted_lam,LAM1,program_1,RNASE1,2.3587403297424316,27,3,1,410
unrestricted_lam,LAM1,program_1,GPNMB,2.3447365760803223,28,3,1,410
unrestricted_lam,LAM1,program_1,ROPN1L,2.2643096446990967,29,3,1,410
unrestricted_lam,LAM1,program_1,IRF1,2.223381280899048,30,3,1,410
unrestricted_lam,LAM1,program_1,TIGIT,2.218935012817383,31,3,1,410
unrestricted_lam,LAM1,program_1,OGN,2.1175668239593506,32,3,1,410
unrestricted_lam,LAM1,program_1,ISG15,2.1061179637908936,33,3,1,410
unrestricted_lam,LAM1,program_1,SERPINA1,2.005453586578369,34,3,1,410
unrestricted_lam,LAM1,program_1,PCNA,1.995559573173523,35,3,1,410
unrestricted_lam,LAM1,program_1,CSF3,1.8985201120376587,36,3,1,410
unrestricted_lam,LAM1,program_1,TACSTD2,1.8350465297698975,37,3,1,410
unrestricted_lam,LAM1,program_1,TFPI2,1.7863389253616333,38,3,1,410
unrestricted_lam,LAM1,program_1,NCR3,1.7467970848083496,39,3,1,410
unrestricted_lam,LAM1,program_1,IGFBP3,1.7064143419265747,40,3,1,410
unrestricted_lam,LAM1,program_1,NDUFA4L2,1.7044267654418945,41,3,1,410
unrestricted_lam,LAM1,program_1,LIMD2,1.6787413358688354,42,3,1,410
unrestricted_lam,LAM1,program_1,TINAGL1,1.641424536705017,43,3,1,410
unrestricted_lam,LAM1,program_1,SHROOM4,1.5999420881271362,44,3,1,410
unrestricted_lam,LAM1,program_1,GPR116,1.589239239692688,45,3,1,410
unrestricted_lam,LAM1,program_1,WDR96,1.581231713294983,46,3,1,410
unrestricted_lam,LAM1,program_1,HLA-DQB2,1.5298793315887451,47,3,1,410
unrestricted_lam,LAM1,program_1,SEPT1,1.5099152326583862,48,3,1,410
unrestricted_lam,LAM1,program_1,SEMA6A,1.4641493558883667,49,3,1,410
unrestricted_lam,LAM1,program_1,RP5-887A10.1,1.4438749551773071,50,3,1,410
unrestricted_lam,LAM1,program_2,FAM216B,4.91049861907959,1,3,1,410
unrestricted_lam,LAM1,program_2,C1QA,4.84519624710083,2,3,1,410
unrestricted_lam,LAM1,program_2,LGR5,4.838610649108887,3,3,1,410
unrestricted_lam,LAM1,program_2,TREM2,4.458454608917236,4,3,1,410
unrestricted_lam,LAM1,program_2,SMAD2,4.290943145751953,5,3,1,410
unrestricted_lam,LAM1,program_2,KIR3DL2,3.878772497177124,6,3,1,410
unrestricted_lam,LAM1,program_2,KDR,3.6556155681610107,7,3,1,410
unrestricted_lam,LAM1,program_2,TYMS,3.4160096645355225,8,3,1,410
unrestricted_lam,LAM1,program_2,TGFBR2,3.2100770473480225,9,3,1,410
unrestricted_lam,LAM1,program_2,CYP19A1,3.1659770011901855,10,3,1,410
unrestricted_lam,LAM1,program_2,COL3A1,3.149352788925171,11,3,1,410
unrestricted_lam,LAM1,program_2,PLEKHG1,2.9725472927093506,12,3,1,410
unrestricted_lam,LAM1,program_2,CNN1,2.966975688934326,13,3,1,410
unrestricted_lam,LAM1,program_2,EPCAM,2.849579334259033,14,3,1,410
unrestricted_lam,LAM1,program_2,WISP2,2.846839189529419,15,3,1,410
unrestricted_lam,LAM1,program_2,ESR2,2.711120128631592,16,3,1,410
unrestricted_lam,LAM1,program_2,LBH,2.601503849029541,17,3,1,410
unrestricted_lam,LAM1,program_2,TNFAIP3,2.572855234146118,18,3,1,410
unrestricted_lam,LAM1,program_2,AIF1,2.5077171325683594,19,3,1,410
unrestricted_lam,LAM1,program_2,BNIP3,2.50541090965271,20,3,1,410
unrestricted_lam,LAM1,program_2,IL6,2.4954371452331543,21,3,1,410
unrestricted_lam,LAM1,program_2,MMP2,2.4009339809417725,22,3,1,410
unrestricted_lam,LAM1,program_2,CALD1,2.3887312412261963,23,3,1,410
unrestricted_lam,LAM1,program_2,IL6R,2.378786325454712,24,3,1,410
unrestricted_lam,LAM1,program_2,CDKN1A,1.9716315269470215,25,3,1,410
unrestricted_lam,LAM1,program_2,PIM2,1.9693087339401245,26,3,1,410
unrestricted_lam,LAM1,program_2,EIF4E,1.6785005331039429,27,3,1,410
unrestricted_lam,LAM1,program_2,ISG15,1.5131022930145264,28,3,1,410
unrestricted_lam,LAM1,program_2,SOX2,1.4934544563293457,29,3,1,410
unrestricted_lam,LAM1,program_2,BCL2,1.3333317041397095,30,3,1,410
unrestricted_lam,LAM1,program_2,SAMSN1,1.3245761394500732,31,3,1,410
unrestricted_lam,LAM1,program_2,RPL5,1.1804629564285278,32,3,1,410
unrestricted_lam,LAM1,program_2,GPRC5A,1.1778205633163452,33,3,1,410
unrestricted_lam,LAM1,program_2,ADAMTS4,1.139574646949768,34,3,1,410
unrestricted_lam,LAM1,program_2,NANOG,1.0004472732543945,35,3,1,410
unrestricted_lam,LAM1,program_2,HP,0.9815375208854675,36,3,1,410
unrestricted_lam,LAM1,program_2,LUM,0.9652095437049866,37,3,1,410
unrestricted_lam,LAM1,program_2,SERPINF1,0.9634841084480286,38,3,1,410
unrestricted_lam,LAM1,program_2,EFCAB1,0.9615337252616882,39,3,1,410
unrestricted_lam,LAM1,program_2,HOXD11,0.961469292640686,40,3,1,410
unrestricted_lam,LAM1,program_2,PDCD1,0.9246573448181152,41,3,1,410
unrestricted_lam,LAM1,program_2,SERPINA1,0.9019143581390381,42,3,1,410
unrestricted_lam,LAM1,program_2,GPNMB,0.9015970826148987,43,3,1,410
unrestricted_lam,LAM1,program_2,COL1A1,0.8490896821022034,44,3,1,410
unrestricted_lam,LAM1,program_2,FZD4,0.8205299973487854,45,3,1,410
unrestricted_lam,LAM1,program_2,RPS8,0.7941166758537292,46,3,1,410
unrestricted_lam,LAM1,program_2,ANXA3,0.7747223377227783,47,3,1,410
unrestricted_lam,LAM1,program_2,LPHN2,0.7599136829376221,48,3,1,410
unrestricted_lam,LAM1,program_2,PCDH12,0.7211033701896667,49,3,1,410
unrestricted_lam,LAM1,program_2,SLC44A4,0.7109525799751282,50,3,1,410
unrestricted_lam,LAM1,program_3,TYMS,2.3041608333587646,1,3,1,410
unrestricted_lam,LAM1,program_3,COL3A1,2.2727293968200684,2,3,1,410
unrestricted_lam,LAM1,program_3,EPCAM,2.0417253971099854,3,3,1,410
unrestricted_lam,LAM1,program_3,CNN1,2.0295181274414062,4,3,1,410
unrestricted_lam,LAM1,program_3,CALD1,1.7603024244308472,5,3,1,410
unrestricted_lam,LAM1,program_3,IL6R,1.60494065284729,6,3,1,410
unrestricted_lam,LAM1,program_3,GPRC5A,1.4672224521636963,7,3,1,410
unrestricted_lam,LAM1,program_3,TNFAIP3,1.3188402652740479,8,3,1,410
unrestricted_lam,LAM1,program_3,PDCD1,1.173964262008667,9,3,1,410
unrestricted_lam,LAM1,program_3,GRP,1.0151257514953613,10,3,1,410
unrestricted_lam,LAM1,program_3,LIMD2,0.8602893352508545,11,3,1,410
unrestricted_lam,LAM1,program_3,COL1A1,0.8341471552848816,12,3,1,410
unrestricted_lam,LAM1,program_3,RPL5,0.7874467372894287,13,3,1,410
unrestricted_lam,LAM1,program_3,SKAP1,0.7426210045814514,14,3,1,410
unrestricted_lam,LAM1,program_3,GALNT18,0.6884397864341736,15,3,1,410
unrestricted_lam,LAM1,program_3,TCL1A,0.6384322643280029,16,3,1,410
unrestricted_lam,LAM1,program_3,PLA2G2A,0.6097218990325928,17,3,1,410
unrestricted_lam,LAM1,program_3,DNASE1L3,0.6069430112838745,18,3,1,410
unrestricted_lam,LAM1,program_3,TIGIT,0.5980840921401978,19,3,1,410
unrestricted_lam,LAM1,program_3,MMP2,0.5980284810066223,20,3,1,410
unrestricted_lam,LAM1,program_3,LTC4S,0.5873132348060608,21,3,1,410
unrestricted_lam,LAM1,program_3,C19ORF33,0.5694723129272461,22,3,1,410
unrestricted_lam,LAM1,program_3,POSTN,0.5585883855819702,23,3,1,410
unrestricted_lam,LAM1,program_3,BNIP3,0.5543211698532104,24,3,1,410
unrestricted_lam,LAM1,program_3,AKT1,0.5538089275360107,25,3,1,410
unrestricted_lam,LAM1,program_3,PCNA,0.5484052896499634,26,3,1,410
unrestricted_lam,LAM1,program_3,NDUFA4L2,0.5408560037612915,27,3,1,410
unrestricted_lam,LAM1,program_3,PROM1,0.533043622970581,28,3,1,410
unrestricted_lam,LAM1,program_3,GPNMB,0.5169073939323425,29,3,1,410
unrestricted_lam,LAM1,program_3,BIRC3,0.5022362470626831,30,3,1,410
unrestricted_lam,LAM1,program_3,TGFBR2,0.5015935897827148,31,3,1,410
unrestricted_lam,LAM1,program_3,NNMT,0.4900900423526764,32,3,1,410
unrestricted_lam,LAM1,program_3,RP11-782C8.5,0.48564934730529785,33,3,1,410
unrestricted_lam,LAM1,program_3,MUC1,0.48010584712028503,34,3,1,410
unrestricted_lam,LAM1,program_3,TSHZ2,0.4751850962638855,35,3,1,410
unrestricted_lam,LAM1,program_3,BTNL9,0.4736855924129486,36,3,1,410
unrestricted_lam,LAM1,program_3,ISG15,0.4730329215526581,37,3,1,410
unrestricted_lam,LAM1,program_3,COX7A1,0.4710102677345276,38,3,1,410
unrestricted_lam,LAM1,program_3,CCDC170,0.4694736897945404,39,3,1,410
unrestricted_lam,LAM1,program_3,CD1C,0.4655110239982605,40,3,1,410
unrestricted_lam,LAM1,program_3,TSPAN12,0.4649321436882019,41,3,1,410
unrestricted_lam,LAM1,program_3,NGFRAP1,0.4623483717441559,42,3,1,410
unrestricted_lam,LAM1,program_3,RSPH9,0.4562569260597229,43,3,1,410
unrestricted_lam,LAM1,program_3,COL4A2,0.45551633834838867,44,3,1,410
unrestricted_lam,LAM1,program_3,IL7R,0.4447443187236786,45,3,1,410
unrestricted_lam,LAM1,program_3,ADIRF,0.4390864372253418,46,3,1,410
unrestricted_lam,LAM1,program_3,HBD,0.43766218423843384,47,3,1,410
unrestricted_lam,LAM1,program_3,MORN5,0.4329172670841217,48,3,1,410
unrestricted_lam,LAM1,program_3,APP,0.4320113956928253,49,3,1,410
unrestricted_lam,LAM1,program_3,ARHGEF10,0.42649367451667786,50,3,1,410
unrestricted_lam,LAM2,program_1,PRELP,5.59251594543457,1,3,0,363
unrestricted_lam,LAM2,program_1,TNFRSF1B,4.596972942352295,2,3,0,363
unrestricted_lam,LAM2,program_1,CYP19A1,4.4130940437316895,3,3,0,363
unrestricted_lam,LAM2,program_1,NNMT,4.237218856811523,4,3,0,363
unrestricted_lam,LAM2,program_1,TGFBR1,3.8263235092163086,5,3,0,363
unrestricted_lam,LAM2,program_1,PDGFRA,3.755134344100952,6,3,0,363
unrestricted_lam,LAM2,program_1,COL1A2,3.4806969165802,7,3,0,363
unrestricted_lam,LAM2,program_1,AKT1,3.135892391204834,8,3,0,363
unrestricted_lam,LAM2,program_1,GIMAP5,3.100346326828003,9,3,0,363
unrestricted_lam,LAM2,program_1,NANOG,2.989176034927368,10,3,0,363
unrestricted_lam,LAM2,program_1,RPS6,2.925240993499756,11,3,0,363
unrestricted_lam,LAM2,program_1,TFPI,2.9187169075012207,12,3,0,363
unrestricted_lam,LAM2,program_1,FCER1A,2.9066507816314697,13,3,0,363
unrestricted_lam,LAM2,program_1,BTNL9,2.7141430377960205,14,3,0,363
unrestricted_lam,LAM2,program_1,WIF1,2.7086567878723145,15,3,0,363
unrestricted_lam,LAM2,program_1,CCR7,2.6084861755371094,16,3,0,363
unrestricted_lam,LAM2,program_1,PPFIBP1,2.5839884281158447,17,3,0,363
unrestricted_lam,LAM2,program_1,TSPAN7,2.5766780376434326,18,3,0,363
unrestricted_lam,LAM2,program_1,LTC4S,2.3828787803649902,19,3,0,363
unrestricted_lam,LAM2,program_1,FKBP11,2.2638261318206787,20,3,0,363
unrestricted_lam,LAM2,program_1,POSTN,2.2356793880462646,21,3,0,363
unrestricted_lam,LAM2,program_1,GRAP2,2.21907901763916,22,3,0,363
unrestricted_lam,LAM2,program_1,SYNE2,2.160484552383423,23,3,0,363
unrestricted_lam,LAM2,program_1,PTGDR,2.1539783477783203,24,3,0,363
unrestricted_lam,LAM2,program_1,PIK3R1,2.1246063709259033,25,3,0,363
unrestricted_lam,LAM2,program_1,PDGFRB,2.1221160888671875,26,3,0,363
unrestricted_lam,LAM2,program_1,CTGF,2.0670864582061768,27,3,0,363
unrestricted_lam,LAM2,program_1,FOXF1,2.0524325370788574,28,3,0,363
unrestricted_lam,LAM2,program_1,RAPGEF4,2.0415515899658203,29,3,0,363
unrestricted_lam,LAM2,program_1,PALLD,1.9849720001220703,30,3,0,363
unrestricted_lam,LAM2,program_1,WDR96,1.956266164779663,31,3,0,363
unrestricted_lam,LAM2,program_1,CTSK,1.9523637294769287,32,3,0,363
unrestricted_lam,LAM2,program_1,FMO2,1.95003342628479,33,3,0,363
unrestricted_lam,LAM2,program_1,PTPN7,1.9382246732711792,34,3,0,363
unrestricted_lam,LAM2,program_1,ZEB1,1.9271061420440674,35,3,0,363
unrestricted_lam,LAM2,program_1,CDKN1A,1.9255141019821167,36,3,0,363
unrestricted_lam,LAM2,program_1,FLT1,1.9203639030456543,37,3,0,363
unrestricted_lam,LAM2,program_1,DKK3,1.9081929922103882,38,3,0,363
unrestricted_lam,LAM2,program_1,TMC5,1.8701562881469727,39,3,0,363
unrestricted_lam,LAM2,program_1,SOX18,1.8575993776321411,40,3,0,363
unrestricted_lam,LAM2,program_1,C9ORF117,1.8482859134674072,41,3,0,363
unrestricted_lam,LAM2,program_1,IL1RN,1.8315953016281128,42,3,0,363
unrestricted_lam,LAM2,program_1,ISG20,1.8274930715560913,43,3,0,363
unrestricted_lam,LAM2,program_1,C4BPA,1.8230278491973877,44,3,0,363
unrestricted_lam,LAM2,program_1,KLF2,1.8155896663665771,45,3,0,363
unrestricted_lam,LAM2,program_1,TBX21,1.7834787368774414,46,3,0,363
unrestricted_lam,LAM2,program_1,SOX7,1.7269926071166992,47,3,0,363
unrestricted_lam,LAM2,program_1,GSTA2,1.7252689599990845,48,3,0,363
unrestricted_lam,LAM2,program_1,SEMA3G,1.7166777849197388,49,3,0,363
unrestricted_lam,LAM2,program_1,XXBAC-BPG13B8.10,1.6973545551300049,50,3,0,363
unrestricted_lam,LAM2,program_2,GDF15,6.494385719299316,1,3,0,363
unrestricted_lam,LAM2,program_2,ESR2,4.1383442878723145,2,3,0,363
unrestricted_lam,LAM2,program_2,LRRC32,4.084773540496826,3,3,0,363
unrestricted_lam,LAM2,program_2,SERPINA1,4.071245193481445,4,3,0,363
unrestricted_lam,LAM2,program_2,CYP19A1,3.428799867630005,5,3,0,363
unrestricted_lam,LAM2,program_2,COL1A2,3.341115713119507,6,3,0,363
unrestricted_lam,LAM2,program_2,NNMT,3.2677724361419678,7,3,0,363
unrestricted_lam,LAM2,program_2,PDGFRA,3.068645477294922,8,3,0,363
unrestricted_lam,LAM2,program_2,TNFRSF1B,2.792832851409912,9,3,0,363
unrestricted_lam,LAM2,program_2,TGFBR1,2.7751357555389404,10,3,0,363
unrestricted_lam,LAM2,program_2,RPS6,2.7274181842803955,11,3,0,363
unrestricted_lam,LAM2,program_2,KIT,2.537569046020508,12,3,0,363
unrestricted_lam,LAM2,program_2,NANOG,2.385934829711914,13,3,0,363
unrestricted_lam,LAM2,program_2,MAP1B,2.227266788482666,14,3,0,363
unrestricted_lam,LAM2,program_2,SYTL3,2.1453678607940674,15,3,0,363
unrestricted_lam,LAM2,program_2,SERPINE1,2.0186610221862793,16,3,0,363
unrestricted_lam,LAM2,program_2,PRELP,1.8634626865386963,17,3,0,363
unrestricted_lam,LAM2,program_2,MARCKSL1,1.796335220336914,18,3,0,363
unrestricted_lam,LAM2,program_2,MUC1,1.7315967082977295,19,3,0,363
unrestricted_lam,LAM2,program_2,FSCN1,1.7172329425811768,20,3,0,363
unrestricted_lam,LAM2,program_2,ARHGAP29,1.627877950668335,21,3,0,363
unrestricted_lam,LAM2,program_2,TYMS,1.425658941268921,22,3,0,363
unrestricted_lam,LAM2,program_2,ELN,1.4201209545135498,23,3,0,363
unrestricted_lam,LAM2,program_2,FENDRR,1.390047311782837,24,3,0,363
unrestricted_lam,LAM2,program_2,FCER1A,1.381616234779358,25,3,0,363
unrestricted_lam,LAM2,program_2,APOD,1.314821720123291,26,3,0,363
unrestricted_lam,LAM2,program_2,ECE1,1.3001911640167236,27,3,0,363
unrestricted_lam,LAM2,program_2,GJA5,1.2717885971069336,28,3,0,363
unrestricted_lam,LAM2,program_2,IL12RB2,1.208643913269043,29,3,0,363
unrestricted_lam,LAM2,program_2,SH2D1A,1.2035716772079468,30,3,0,363
unrestricted_lam,LAM2,program_2,APLN,1.1788800954818726,31,3,0,363
unrestricted_lam,LAM2,program_2,DTHD1,1.1634128093719482,32,3,0,363
unrestricted_lam,LAM2,program_2,ZNF683,1.1603127717971802,33,3,0,363
unrestricted_lam,LAM2,program_2,SPARC,1.159716248512268,34,3,0,363
unrestricted_lam,LAM2,program_2,LHFP,1.1023916006088257,35,3,0,363
unrestricted_lam,LAM2,program_2,TREM2,1.097420334815979,36,3,0,363
unrestricted_lam,LAM2,program_2,TEK,1.0925984382629395,37,3,0,363
unrestricted_lam,LAM2,program_2,TCF21,1.0558139085769653,38,3,0,363
unrestricted_lam,LAM2,program_2,KIAA0101,1.0391408205032349,39,3,0,363
unrestricted_lam,LAM2,program_2,RCSD1,1.0350415706634521,40,3,0,363
unrestricted_lam,LAM2,program_2,NBL1,1.0256657600402832,41,3,0,363
unrestricted_lam,LAM2,program_2,CDHR3,0.9742772579193115,42,3,0,363
unrestricted_lam,LAM2,program_2,RP11-435B5.3,0.9515325427055359,43,3,0,363
unrestricted_lam,LAM2,program_2,ICAM3,0.9484162330627441,44,3,0,363
unrestricted_lam,LAM2,program_2,PLAT,0.9441395998001099,45,3,0,363
unrestricted_lam,LAM2,program_2,CD160,0.9083300232887268,46,3,0,363
unrestricted_lam,LAM2,program_2,STAB1,0.8859501481056213,47,3,0,363
unrestricted_lam,LAM2,program_2,PYHIN1,0.8859332799911499,48,3,0,363
unrestricted_lam,LAM2,program_2,FOXF1,0.8691384196281433,49,3,0,363
unrestricted_lam,LAM2,program_2,GALNT18,0.8587267398834229,50,3,0,363
unrestricted_lam,LAM2,program_3,C1QA,5.98167610168457,1,3,0,363
unrestricted_lam,LAM2,program_3,HOXD11,5.756753921508789,2,3,0,363
unrestricted_lam,LAM2,program_3,MLANA,5.257158279418945,3,3,0,363
unrestricted_lam,LAM2,program_3,SGK1,5.215232849121094,4,3,0,363
unrestricted_lam,LAM2,program_3,CD1E,5.038116455078125,5,3,0,363
unrestricted_lam,LAM2,program_3,CYP19A1,4.4160237312316895,6,3,0,363
unrestricted_lam,LAM2,program_3,IL1B,4.395937442779541,7,3,0,363
unrestricted_lam,LAM2,program_3,CAMK4,4.359782695770264,8,3,0,363
unrestricted_lam,LAM2,program_3,SMAD2,4.253079891204834,9,3,0,363
unrestricted_lam,LAM2,program_3,COL1A2,4.225357532501221,10,3,0,363
unrestricted_lam,LAM2,program_3,TREM2,4.096890926361084,11,3,0,363
unrestricted_lam,LAM2,program_3,PDGFRA,3.969599723815918,12,3,0,363
unrestricted_lam,LAM2,program_3,AKT1,3.9551777839660645,13,3,0,363
unrestricted_lam,LAM2,program_3,TGFBR1,3.890136480331421,14,3,0,363
unrestricted_lam,LAM2,program_3,INMT,3.7361221313476562,15,3,0,363
unrestricted_lam,LAM2,program_3,SERPINE1,3.717683792114258,16,3,0,363
unrestricted_lam,LAM2,program_3,LUM,3.7158429622650146,17,3,0,363
unrestricted_lam,LAM2,program_3,RPS6,3.331146478652954,18,3,0,363
unrestricted_lam,LAM2,program_3,AIF1,3.276599407196045,19,3,0,363
unrestricted_lam,LAM2,program_3,NANOG,3.0987586975097656,20,3,0,363
unrestricted_lam,LAM2,program_3,ESR1,3.0505270957946777,21,3,0,363
unrestricted_lam,LAM2,program_3,SPTBN1,2.9489660263061523,22,3,0,363
unrestricted_lam,LAM2,program_3,C7,2.8591530323028564,23,3,0,363
unrestricted_lam,LAM2,program_3,ELANE,2.8227362632751465,24,3,0,363
unrestricted_lam,LAM2,program_3,MARCKS,2.594449520111084,25,3,0,363
unrestricted_lam,LAM2,program_3,HOXA10,2.4371986389160156,26,3,0,363
unrestricted_lam,LAM2,program_3,PRELP,2.161294937133789,27,3,0,363
unrestricted_lam,LAM2,program_3,DOCK6,1.9778610467910767,28,3,0,363
unrestricted_lam,LAM2,program_3,GDF15,1.9622665643692017,29,3,0,363
unrestricted_lam,LAM2,program_3,SMAD3,1.7258086204528809,30,3,0,363
unrestricted_lam,LAM2,program_3,IFIT1,1.6302834749221802,31,3,0,363
unrestricted_lam,LAM2,program_3,IGF1,1.6288446187973022,32,3,0,363
unrestricted_lam,LAM2,program_3,TNFRSF1B,1.5013080835342407,33,3,0,363
unrestricted_lam,LAM2,program_3,BATF,1.500868320465088,34,3,0,363
unrestricted_lam,LAM2,program_3,COL4A1,1.4933444261550903,35,3,0,363
unrestricted_lam,LAM2,program_3,RPLP0,1.3841334581375122,36,3,0,363
unrestricted_lam,LAM2,program_3,TIMP1,1.373500943183899,37,3,0,363
unrestricted_lam,LAM2,program_3,TYMS,1.355871558189392,38,3,0,363
unrestricted_lam,LAM2,program_3,LIMS2,1.3122237920761108,39,3,0,363
unrestricted_lam,LAM2,program_3,TEKT1,1.3035708665847778,40,3,0,363
unrestricted_lam,LAM2,program_3,BCL2,1.1956287622451782,41,3,0,363
unrestricted_lam,LAM2,program_3,COL1A1,1.1606571674346924,42,3,0,363
unrestricted_lam,LAM2,program_3,PDPN,1.1446644067764282,43,3,0,363
unrestricted_lam,LAM2,program_3,CA9,1.0857503414154053,44,3,0,363
unrestricted_lam,LAM2,program_3,TMOD1,1.0394543409347534,45,3,0,363
unrestricted_lam,LAM2,program_3,HIF1A,0.9351556897163391,46,3,0,363
unrestricted_lam,LAM2,program_3,GREB1,0.9265292882919312,47,3,0,363
unrestricted_lam,LAM2,program_3,RAPGEF4,0.8922612071037292,48,3,0,363
unrestricted_lam,LAM2,program_3,RGCC,0.8834574222564697,49,3,0,363
unrestricted_lam,LAM2,program_3,MALL,0.8718450665473938,50,3,0,363
unrestricted_lam,LAM3,program_1,NANOG,8.225833892822266,1,3,0,354
unrestricted_lam,LAM3,program_1,STAT3,5.28878116607666,2,3,0,354
unrestricted_lam,LAM3,program_1,CNN1,5.247796058654785,3,3,0,354
unrestricted_lam,LAM3,program_1,SEPP1,5.035274028778076,4,3,0,354
unrestricted_lam,LAM3,program_1,NES,4.537992000579834,5,3,0,354
unrestricted_lam,LAM3,program_1,MEIS1,4.279361724853516,6,3,0,354
unrestricted_lam,LAM3,program_1,BNIP3,4.06966495513916,7,3,0,354
unrestricted_lam,LAM3,program_1,S1PR1,4.041489601135254,8,3,0,354
unrestricted_lam,LAM3,program_1,SERPINA1,3.8770029544830322,9,3,0,354
unrestricted_lam,LAM3,program_1,HIF1A,3.599637031555176,10,3,0,354
unrestricted_lam,LAM3,program_1,CFD,3.486243963241577,11,3,0,354
unrestricted_lam,LAM3,program_1,SLPI,2.9607510566711426,12,3,0,354
unrestricted_lam,LAM3,program_1,MS4A1,2.6404383182525635,13,3,0,354
unrestricted_lam,LAM3,program_1,GIMAP5,2.44745135307312,14,3,0,354
unrestricted_lam,LAM3,program_1,CRIP2,2.3490800857543945,15,3,0,354
unrestricted_lam,LAM3,program_1,HHIP,2.3001439571380615,16,3,0,354
unrestricted_lam,LAM3,program_1,SEMA6A,2.2043044567108154,17,3,0,354
unrestricted_lam,LAM3,program_1,GPR171,2.128134250640869,18,3,0,354
unrestricted_lam,LAM3,program_1,SKAP1,2.0723605155944824,19,3,0,354
unrestricted_lam,LAM3,program_1,NPDC1,1.8526976108551025,20,3,0,354
unrestricted_lam,LAM3,program_1,SERPINE1,1.8166701793670654,21,3,0,354
unrestricted_lam,LAM3,program_1,MS4A8,1.8013144731521606,22,3,0,354
unrestricted_lam,LAM3,program_1,KIAA1462,1.7308069467544556,23,3,0,354
unrestricted_lam,LAM3,program_1,FGG,1.7250990867614746,24,3,0,354
unrestricted_lam,LAM3,program_1,JAM2,1.7227240800857544,25,3,0,354
unrestricted_lam,LAM3,program_1,CKB,1.6407876014709473,26,3,0,354
unrestricted_lam,LAM3,program_1,IGF1,1.6156915426254272,27,3,0,354
unrestricted_lam,LAM3,program_1,CCL20,1.599338173866272,28,3,0,354
unrestricted_lam,LAM3,program_1,FAIM3,1.5645807981491089,29,3,0,354
unrestricted_lam,LAM3,program_1,TCL1A,1.5187644958496094,30,3,0,354
unrestricted_lam,LAM3,program_1,RETN,1.512264370918274,31,3,0,354
unrestricted_lam,LAM3,program_1,TNFRSF18,1.505150318145752,32,3,0,354
unrestricted_lam,LAM3,program_1,APOD,1.5032849311828613,33,3,0,354
unrestricted_lam,LAM3,program_1,IL2RB,1.4294294118881226,34,3,0,354
unrestricted_lam,LAM3,program_1,RTKN2,1.4052820205688477,35,3,0,354
unrestricted_lam,LAM3,program_1,GALNT18,1.4052590131759644,36,3,0,354
unrestricted_lam,LAM3,program_1,LST1,1.3715070486068726,37,3,0,354
unrestricted_lam,LAM3,program_1,CCDC78,1.3367849588394165,38,3,0,354
unrestricted_lam,LAM3,program_1,EPCAM,1.330917239189148,39,3,0,354
unrestricted_lam,LAM3,program_1,CCL18,1.306166172027588,40,3,0,354
unrestricted_lam,LAM3,program_1,LHFP,1.2914830446243286,41,3,0,354
unrestricted_lam,LAM3,program_1,CXCR6,1.2896232604980469,42,3,0,354
unrestricted_lam,LAM3,program_1,SFTPA1,1.2586861848831177,43,3,0,354
unrestricted_lam,LAM3,program_1,GBP1,1.258277177810669,44,3,0,354
unrestricted_lam,LAM3,program_1,GBP4,1.2112048864364624,45,3,0,354
unrestricted_lam,LAM3,program_1,TUBA4A,1.111751675605774,46,3,0,354
unrestricted_lam,LAM3,program_1,F13A1,1.0940322875976562,47,3,0,354
unrestricted_lam,LAM3,program_1,CMC1,1.085691213607788,48,3,0,354
unrestricted_lam,LAM3,program_1,TNFAIP6,1.0701687335968018,49,3,0,354
unrestricted_lam,LAM3,program_1,ISG20,1.0540162324905396,50,3,0,354
unrestricted_lam,LAM3,program_2,NTM,3.3554916381835938,1,3,0,354
unrestricted_lam,LAM3,program_2,NANOG,2.503070592880249,2,3,0,354
unrestricted_lam,LAM3,program_2,TGFBR3,2.0527851581573486,3,3,0,354
unrestricted_lam,LAM3,program_2,CCDC78,2.0012428760528564,4,3,0,354
unrestricted_lam,LAM3,program_2,LAG3,1.973320484161377,5,3,0,354
unrestricted_lam,LAM3,program_2,NES,1.9378539323806763,6,3,0,354
unrestricted_lam,LAM3,program_2,DERL3,1.9173271656036377,7,3,0,354
unrestricted_lam,LAM3,program_2,AKAP12,1.8726756572723389,8,3,0,354
unrestricted_lam,LAM3,program_2,BNIP3,1.7751365900039673,9,3,0,354
unrestricted_lam,LAM3,program_2,MEIS1,1.7744849920272827,10,3,0,354
unrestricted_lam,LAM3,program_2,SERPINE1,1.739147424697876,11,3,0,354
unrestricted_lam,LAM3,program_2,MARCKSL1,1.6661876440048218,12,3,0,354
unrestricted_lam,LAM3,program_2,SERPINA1,1.6430962085723877,13,3,0,354
unrestricted_lam,LAM3,program_2,ISG20,1.5747871398925781,14,3,0,354
unrestricted_lam,LAM3,program_2,CTSS,1.5531842708587646,15,3,0,354
unrestricted_lam,LAM3,program_2,LMCD1,1.5490150451660156,16,3,0,354
unrestricted_lam,LAM3,program_2,TUBA4A,1.3508909940719604,17,3,0,354
unrestricted_lam,LAM3,program_2,MT1E,1.3443603515625,18,3,0,354
unrestricted_lam,LAM3,program_2,HYAL2,1.3287383317947388,19,3,0,354
unrestricted_lam,LAM3,program_2,SEMA6A,1.3151767253875732,20,3,0,354
unrestricted_lam,LAM3,program_2,HPGDS,1.280680775642395,21,3,0,354
unrestricted_lam,LAM3,program_2,LRRC32,1.2543537616729736,22,3,0,354
unrestricted_lam,LAM3,program_2,DKK2,1.2327765226364136,23,3,0,354
unrestricted_lam,LAM3,program_2,TMIGD2,1.211169719696045,24,3,0,354
unrestricted_lam,LAM3,program_2,SFTPA1,1.2048994302749634,25,3,0,354
unrestricted_lam,LAM3,program_2,MMRN2,1.197561502456665,26,3,0,354
unrestricted_lam,LAM3,program_2,RPS6,1.1877659559249878,27,3,0,354
unrestricted_lam,LAM3,program_2,MSRB3,1.171181559562683,28,3,0,354
unrestricted_lam,LAM3,program_2,HIF1A,1.0756372213363647,29,3,0,354
unrestricted_lam,LAM3,program_2,PLAT,1.0559989213943481,30,3,0,354
unrestricted_lam,LAM3,program_2,MMRN1,1.0447419881820679,31,3,0,354
unrestricted_lam,LAM3,program_2,TNFAIP6,1.0371203422546387,32,3,0,354
unrestricted_lam,LAM3,program_2,PCDH12,1.0170230865478516,33,3,0,354
unrestricted_lam,LAM3,program_2,ID3,0.9951539635658264,34,3,0,354
unrestricted_lam,LAM3,program_2,LBH,0.9798198938369751,35,3,0,354
unrestricted_lam,LAM3,program_2,MT1A,0.9761271476745605,36,3,0,354
unrestricted_lam,LAM3,program_2,CCL14,0.95489501953125,37,3,0,354
unrestricted_lam,LAM3,program_2,TBX3,0.9547632932662964,38,3,0,354
unrestricted_lam,LAM3,program_2,C1ORF186,0.94752037525177,39,3,0,354
unrestricted_lam,LAM3,program_2,S100A8,0.9393404722213745,40,3,0,354
unrestricted_lam,LAM3,program_2,SAA2,0.9087518453598022,41,3,0,354
unrestricted_lam,LAM3,program_2,EMB,0.9050000905990601,42,3,0,354
unrestricted_lam,LAM3,program_2,TINAGL1,0.8986949920654297,43,3,0,354
unrestricted_lam,LAM3,program_2,SYNE2,0.8693639636039734,44,3,0,354
unrestricted_lam,LAM3,program_2,CD93,0.8690959811210632,45,3,0,354
unrestricted_lam,LAM3,program_2,C1ORF192,0.8630979061126709,46,3,0,354
unrestricted_lam,LAM3,program_2,TM4SF1,0.8608332872390747,47,3,0,354
unrestricted_lam,LAM3,program_2,ABCA3,0.8242104053497314,48,3,0,354
unrestricted_lam,LAM3,program_2,ZMYND10,0.8154218792915344,49,3,0,354
unrestricted_lam,LAM3,program_2,HES1,0.8105857372283936,50,3,0,354
unrestricted_lam,LAM3,program_3,EIF4E,3.927227020263672,1,3,0,354
unrestricted_lam,LAM3,program_3,NES,3.5784237384796143,2,3,0,354
unrestricted_lam,LAM3,program_3,TNFAIP6,3.537681818008423,3,3,0,354
unrestricted_lam,LAM3,program_3,SERPINA1,3.48933744430542,4,3,0,354
unrestricted_lam,LAM3,program_3,MEIS1,3.387382984161377,5,3,0,354
unrestricted_lam,LAM3,program_3,BNIP3,3.290388345718384,6,3,0,354
unrestricted_lam,LAM3,program_3,NANOG,3.216125249862671,7,3,0,354
unrestricted_lam,LAM3,program_3,IL1B,3.129476308822632,8,3,0,354
unrestricted_lam,LAM3,program_3,C1QA,3.0983574390411377,9,3,0,354
unrestricted_lam,LAM3,program_3,EPCAM,2.8751025199890137,10,3,0,354
unrestricted_lam,LAM3,program_3,CALD1,2.810056209564209,11,3,0,354
unrestricted_lam,LAM3,program_3,CCL8,2.6602821350097656,12,3,0,354
unrestricted_lam,LAM3,program_3,HIF1A,2.647352457046509,13,3,0,354
unrestricted_lam,LAM3,program_3,CFD,2.5662524700164795,14,3,0,354
unrestricted_lam,LAM3,program_3,DCN,2.442396640777588,15,3,0,354
unrestricted_lam,LAM3,program_3,CTGF,2.378598690032959,16,3,0,354
unrestricted_lam,LAM3,program_3,SERPINE1,2.288527727127075,17,3,0,354
unrestricted_lam,LAM3,program_3,HBG1,2.2678866386413574,18,3,0,354
unrestricted_lam,LAM3,program_3,HSPA1B,2.1991207599639893,19,3,0,354
unrestricted_lam,LAM3,program_3,ROPN1L,2.169813394546509,20,3,0,354
unrestricted_lam,LAM3,program_3,STAT1,2.096569776535034,21,3,0,354
unrestricted_lam,LAM3,program_3,AIF1,2.0094382762908936,22,3,0,354
unrestricted_lam,LAM3,program_3,COL1A1,1.9744629859924316,23,3,0,354
unrestricted_lam,LAM3,program_3,S100A16,1.8973019123077393,24,3,0,354
unrestricted_lam,LAM3,program_3,SLC14A1,1.8960464000701904,25,3,0,354
unrestricted_lam,LAM3,program_3,BATF,1.8643474578857422,26,3,0,354
unrestricted_lam,LAM3,program_3,LST1,1.7844523191452026,27,3,0,354
unrestricted_lam,LAM3,program_3,CRIM1,1.4876049757003784,28,3,0,354
unrestricted_lam,LAM3,program_3,FN1,1.216810703277588,29,3,0,354
unrestricted_lam,LAM3,program_3,DES,1.126828670501709,30,3,0,354
unrestricted_lam,LAM3,program_3,COL6A2,1.0547326803207397,31,3,0,354
unrestricted_lam,LAM3,program_3,SFTPA2,1.0312461853027344,32,3,0,354
unrestricted_lam,LAM3,program_3,CCL14,0.8635566830635071,33,3,0,354
unrestricted_lam,LAM3,program_3,FOS,0.7949531674385071,34,3,0,354
unrestricted_lam,LAM3,program_3,CLDN18,0.7829055786132812,35,3,0,354
unrestricted_lam,LAM3,program_3,DPPA4,0.7592602968215942,36,3,0,354
unrestricted_lam,LAM3,program_3,SFTPA1,0.7511905431747437,37,3,0,354
unrestricted_lam,LAM3,program_3,MMP9,0.7315784096717834,38,3,0,354
unrestricted_lam,LAM3,program_3,PKIB,0.7015532851219177,39,3,0,354
unrestricted_lam,LAM3,program_3,MYH11,0.6386671662330627,40,3,0,354
unrestricted_lam,LAM3,program_3,LTF,0.5985442399978638,41,3,0,354
unrestricted_lam,LAM3,program_3,C7,0.5918089747428894,42,3,0,354
unrestricted_lam,LAM3,program_3,CD27,0.5575776696205139,43,3,0,354
unrestricted_lam,LAM3,program_3,CNN1,0.5574817657470703,44,3,0,354
unrestricted_lam,LAM3,program_3,RPL5,0.521570086479187,45,3,0,354
unrestricted_lam,LAM3,program_3,CHST9,0.5151242613792419,46,3,0,354
unrestricted_lam,LAM3,program_3,NTM,0.5136080384254456,47,3,0,354
unrestricted_lam,LAM3,program_3,SHROOM4,0.48498275876045227,48,3,0,354
unrestricted_lam,LAM3,program_3,GRASP,0.4815744161605835,49,3,0,354
unrestricted_lam,LAM3,program_3,RASIP1,0.4693111181259155,50,3,0,354
unrestricted_lam,LAM4,program_1,GREB1,9.380840301513672,1,3,0,73
unrestricted_lam,LAM4,program_1,SKAP1,7.304424285888672,2,3,0,73
unrestricted_lam,LAM4,program_1,SMAD3,6.525646209716797,3,3,0,73
unrestricted_lam,LAM4,program_1,COL1A1,6.220530033111572,4,3,0,73
unrestricted_lam,LAM4,program_1,GIMAP5,5.85329532623291,5,3,0,73
unrestricted_lam,LAM4,program_1,APOLD1,4.687674522399902,6,3,0,73
unrestricted_lam,LAM4,program_1,MUC1,4.239343643188477,7,3,0,73
unrestricted_lam,LAM4,program_1,CYP19A1,4.001204967498779,8,3,0,73
unrestricted_lam,LAM4,program_1,MFSD2A,3.954271078109741,9,3,0,73
unrestricted_lam,LAM4,program_1,RNASE1,3.8140153884887695,10,3,0,73
unrestricted_lam,LAM4,program_1,FIGF,3.7013278007507324,11,3,0,73
unrestricted_lam,LAM4,program_1,CCL14,3.609480857849121,12,3,0,73
unrestricted_lam,LAM4,program_1,THEMIS,3.5034828186035156,13,3,0,73
unrestricted_lam,LAM4,program_1,PRG4,3.5007243156433105,14,3,0,73
unrestricted_lam,LAM4,program_1,CCL8,3.4460713863372803,15,3,0,73
unrestricted_lam,LAM4,program_1,ESR1,3.3332409858703613,16,3,0,73
unrestricted_lam,LAM4,program_1,TNFAIP3,3.253628969192505,17,3,0,73
unrestricted_lam,LAM4,program_1,MYCT1,3.0625991821289062,18,3,0,73
unrestricted_lam,LAM4,program_1,TOX2,2.909533977508545,19,3,0,73
unrestricted_lam,LAM4,program_1,TBX3,2.887786388397217,20,3,0,73
unrestricted_lam,LAM4,program_1,LBH,2.764392614364624,21,3,0,73
unrestricted_lam,LAM4,program_1,SERPINB9,2.6852922439575195,22,3,0,73
unrestricted_lam,LAM4,program_1,SAMD3,2.5576891899108887,23,3,0,73
unrestricted_lam,LAM4,program_1,TNXB,2.552602767944336,24,3,0,73
unrestricted_lam,LAM4,program_1,CSF3,2.5162928104400635,25,3,0,73
unrestricted_lam,LAM4,program_1,RPS6,2.505478620529175,26,3,0,73
unrestricted_lam,LAM4,program_1,EOMES,2.3499181270599365,27,3,0,73
unrestricted_lam,LAM4,program_1,FXYD1,2.3279500007629395,28,3,0,73
unrestricted_lam,LAM4,program_1,PEBP4,2.224982738494873,29,3,0,73
unrestricted_lam,LAM4,program_1,C1ORF173,2.1397459506988525,30,3,0,73
unrestricted_lam,LAM4,program_1,CXCR6,2.119279146194458,31,3,0,73
unrestricted_lam,LAM4,program_1,INPP4B,2.088895320892334,32,3,0,73
unrestricted_lam,LAM4,program_1,LEF1,2.079953670501709,33,3,0,73
unrestricted_lam,LAM4,program_1,IL7R,1.969281792640686,34,3,0,73
unrestricted_lam,LAM4,program_1,MIR205HG,1.9370537996292114,35,3,0,73
unrestricted_lam,LAM4,program_1,SORBS2,1.922163963317871,36,3,0,73
unrestricted_lam,LAM4,program_1,PLN,1.9154530763626099,37,3,0,73
unrestricted_lam,LAM4,program_1,RP11-356K23.1,1.903049111366272,38,3,0,73
unrestricted_lam,LAM4,program_1,HOXA10,1.8614215850830078,39,3,0,73
unrestricted_lam,LAM4,program_1,SERPINE1,1.8536313772201538,40,3,0,73
unrestricted_lam,LAM4,program_1,JUN,1.8345204591751099,41,3,0,73
unrestricted_lam,LAM4,program_1,NCR3,1.8110857009887695,42,3,0,73
unrestricted_lam,LAM4,program_1,TSPAN18,1.792704701423645,43,3,0,73
unrestricted_lam,LAM4,program_1,RAMP1,1.7740191221237183,44,3,0,73
unrestricted_lam,LAM4,program_1,IL1R2,1.755354881286621,45,3,0,73
unrestricted_lam,LAM4,program_1,TINAGL1,1.7422369718551636,46,3,0,73
unrestricted_lam,LAM4,program_1,IL18RAP,1.691252589225769,47,3,0,73
unrestricted_lam,LAM4,program_1,LMCD1,1.6465364694595337,48,3,0,73
unrestricted_lam,LAM4,program_1,RBMS3,1.6130361557006836,49,3,0,73
unrestricted_lam,LAM4,program_1,APOBEC3G,1.597457766532898,50,3,0,73
unrestricted_lam,LAM4,program_2,APOLD1,4.848844528198242,1,3,0,73
unrestricted_lam,LAM4,program_2,GREB1,4.473217010498047,2,3,0,73
unrestricted_lam,LAM4,program_2,CYP19A1,3.529505968093872,3,3,0,73
unrestricted_lam,LAM4,program_2,ESR1,3.255772829055786,4,3,0,73
unrestricted_lam,LAM4,program_2,CCL14,3.214319944381714,5,3,0,73
unrestricted_lam,LAM4,program_2,RPS6,2.431079626083374,6,3,0,73
unrestricted_lam,LAM4,program_2,SKAP1,2.2298824787139893,7,3,0,73
unrestricted_lam,LAM4,program_2,TNFAIP3,2.114687204360962,8,3,0,73
unrestricted_lam,LAM4,program_2,TXNIP,2.004284381866455,9,3,0,73
unrestricted_lam,LAM4,program_2,C1QA,1.977303385734558,10,3,0,73
unrestricted_lam,LAM4,program_2,SMAD3,1.9349240064620972,11,3,0,73
unrestricted_lam,LAM4,program_2,SERPINE1,1.8641513586044312,12,3,0,73
unrestricted_lam,LAM4,program_2,HIF1A,1.8239585161209106,13,3,0,73
unrestricted_lam,LAM4,program_2,KCNQ1OT1,1.8040481805801392,14,3,0,73
unrestricted_lam,LAM4,program_2,HSPA1B,1.7223660945892334,15,3,0,73
unrestricted_lam,LAM4,program_2,IL1R2,1.6268872022628784,16,3,0,73
unrestricted_lam,LAM4,program_2,LPCAT1,1.4546457529067993,17,3,0,73
unrestricted_lam,LAM4,program_2,COL1A1,1.445267677307129,18,3,0,73
unrestricted_lam,LAM4,program_2,HP,1.3777587413787842,19,3,0,73
unrestricted_lam,LAM4,program_2,ATF3,1.1963224411010742,20,3,0,73
unrestricted_lam,LAM4,program_2,CNKSR3,1.153451919555664,21,3,0,73
unrestricted_lam,LAM4,program_2,ROPN1L,1.0898933410644531,22,3,0,73
unrestricted_lam,LAM4,program_2,COL6A3,1.0228981971740723,23,3,0,73
unrestricted_lam,LAM4,program_2,DCN,1.0195460319519043,24,3,0,73
unrestricted_lam,LAM4,program_2,FLT4,0.9949689507484436,25,3,0,73
unrestricted_lam,LAM4,program_2,SERPINA1,0.9864905476570129,26,3,0,73
unrestricted_lam,LAM4,program_2,PXN,0.9591429233551025,27,3,0,73
unrestricted_lam,LAM4,program_2,CLEC1B,0.9478986859321594,28,3,0,73
unrestricted_lam,LAM4,program_2,PI16,0.9382270574569702,29,3,0,73
unrestricted_lam,LAM4,program_2,IL18R1,0.9304444193840027,30,3,0,73
unrestricted_lam,LAM4,program_2,TEKT1,0.9228339791297913,31,3,0,73
unrestricted_lam,LAM4,program_2,GIMAP5,0.9166514873504639,32,3,0,73
unrestricted_lam,LAM4,program_2,CDHR3,0.8954153656959534,33,3,0,73
unrestricted_lam,LAM4,program_2,PROM1,0.8850655555725098,34,3,0,73
unrestricted_lam,LAM4,program_2,GRAP2,0.8809155821800232,35,3,0,73
unrestricted_lam,LAM4,program_2,AIF1,0.8544145226478577,36,3,0,73
unrestricted_lam,LAM4,program_2,TPM2,0.8419746160507202,37,3,0,73
unrestricted_lam,LAM4,program_2,ADRB1,0.8398014307022095,38,3,0,73
unrestricted_lam,LAM4,program_2,APBA2,0.8346155881881714,39,3,0,73
unrestricted_lam,LAM4,program_2,RGCC,0.8335803151130676,40,3,0,73
unrestricted_lam,LAM4,program_2,ICAM2,0.8312856554985046,41,3,0,73
unrestricted_lam,LAM4,program_2,COL4A1,0.8165906667709351,42,3,0,73
unrestricted_lam,LAM4,program_2,IFNG,0.7762928605079651,43,3,0,73
unrestricted_lam,LAM4,program_2,PLEKHG1,0.7716950178146362,44,3,0,73
unrestricted_lam,LAM4,program_2,TIMP2,0.7554482817649841,45,3,0,73
unrestricted_lam,LAM4,program_2,MARCO,0.7553043365478516,46,3,0,73
unrestricted_lam,LAM4,program_2,JUN,0.75467848777771,47,3,0,73
unrestricted_lam,LAM4,program_2,TSPAN19,0.7457249164581299,48,3,0,73
unrestricted_lam,LAM4,program_2,CDKN1A,0.7413915395736694,49,3,0,73
unrestricted_lam,LAM4,program_2,SFTPC,0.7284802794456482,50,3,0,73
unrestricted_lam,LAM4,program_3,LAMP3,3.4336023330688477,1,3,0,73
unrestricted_lam,LAM4,program_3,SELENBP1,2.902538299560547,2,3,0,73
unrestricted_lam,LAM4,program_3,TPM1,2.6658027172088623,3,3,0,73
unrestricted_lam,LAM4,program_3,GREB1,2.572906970977783,4,3,0,73
unrestricted_lam,LAM4,program_3,ITK,2.5283260345458984,5,3,0,73
unrestricted_lam,LAM4,program_3,DMBT1,2.5155699253082275,6,3,0,73
unrestricted_lam,LAM4,program_3,APOLD1,2.377490520477295,7,3,0,73
unrestricted_lam,LAM4,program_3,DERL3,2.117156982421875,8,3,0,73
unrestricted_lam,LAM4,program_3,EIF4EBP1,1.9442989826202393,9,3,0,73
unrestricted_lam,LAM4,program_3,RBMS3,1.8878735303878784,10,3,0,73
unrestricted_lam,LAM4,program_3,PDLIM3,1.8411058187484741,11,3,0,73
unrestricted_lam,LAM4,program_3,JUN,1.839077115058899,12,3,0,73
unrestricted_lam,LAM4,program_3,ELK3,1.8241721391677856,13,3,0,73
unrestricted_lam,LAM4,program_3,NDRG2,1.7182585000991821,14,3,0,73
unrestricted_lam,LAM4,program_3,IRF1,1.6510342359542847,15,3,0,73
unrestricted_lam,LAM4,program_3,RP1,1.5693132877349854,16,3,0,73
unrestricted_lam,LAM4,program_3,GP9,1.4962987899780273,17,3,0,73
unrestricted_lam,LAM4,program_3,CLEC2D,1.4593678712844849,18,3,0,73
unrestricted_lam,LAM4,program_3,CLDN18,1.4385099411010742,19,3,0,73
unrestricted_lam,LAM4,program_3,AKNA,1.3357690572738647,20,3,0,73
unrestricted_lam,LAM4,program_3,TNFAIP3,1.3097965717315674,21,3,0,73
unrestricted_lam,LAM4,program_3,IFITM1,1.2977144718170166,22,3,0,73
unrestricted_lam,LAM4,program_3,CLEC1B,1.2852612733840942,23,3,0,73
unrestricted_lam,LAM4,program_3,TMEM176B,1.2851132154464722,24,3,0,73
unrestricted_lam,LAM4,program_3,ADIRF,1.276724100112915,25,3,0,73
unrestricted_lam,LAM4,program_3,CYP19A1,1.2748510837554932,26,3,0,73
unrestricted_lam,LAM4,program_3,ZMYND10,1.2689034938812256,27,3,0,73
unrestricted_lam,LAM4,program_3,RUNX3,1.2624945640563965,28,3,0,73
unrestricted_lam,LAM4,program_3,DOCK6,1.2608779668807983,29,3,0,73
unrestricted_lam,LAM4,program_3,ELANE,1.246681809425354,30,3,0,73
unrestricted_lam,LAM4,program_3,PPFIBP1,1.2381117343902588,31,3,0,73
unrestricted_lam,LAM4,program_3,KCNK3,1.228378415107727,32,3,0,73
unrestricted_lam,LAM4,program_3,KLRG1,1.2248327732086182,33,3,0,73
unrestricted_lam,LAM4,program_3,MMRN2,1.1594314575195312,34,3,0,73
unrestricted_lam,LAM4,program_3,COL1A2,1.1343170404434204,35,3,0,73
unrestricted_lam,LAM4,program_3,SERPINB3,1.1315723657608032,36,3,0,73
unrestricted_lam,LAM4,program_3,DTHD1,1.127432942390442,37,3,0,73
unrestricted_lam,LAM4,program_3,FSCN1,1.11251699924469,38,3,0,73
unrestricted_lam,LAM4,program_3,PBX1,1.0688180923461914,39,3,0,73
unrestricted_lam,LAM4,program_3,SKAP1,1.016569972038269,40,3,0,73
unrestricted_lam,LAM4,program_3,RETN,0.9823585152626038,41,3,0,73
unrestricted_lam,LAM4,program_3,ITLN1,0.9787783026695251,42,3,0,73
unrestricted_lam,LAM4,program_3,FABP3,0.9686765074729919,43,3,0,73
unrestricted_lam,LAM4,program_3,SERPINB9,0.9619613289833069,44,3,0,73
unrestricted_lam,LAM4,program_3,LGALS2,0.9400179386138916,45,3,0,73
unrestricted_lam,LAM4,program_3,SERPINE1,0.9346325993537903,46,3,0,73
unrestricted_lam,LAM4,program_3,P2RY8,0.9339437484741211,47,3,0,73
unrestricted_lam,LAM4,program_3,C1QA,0.9185580015182495,48,3,0,73
unrestricted_lam,LAM4,program_3,PPAP2C,0.9078336358070374,49,3,0,73
unrestricted_lam,LAM4,program_3,TESPA1,0.8836711645126343,50,3,0,73
