pool,cell_id,donor_id,assay,candidate_program,score
high_confidence,LAM1:AAAGTAGTCGTAGGTT-1,LAM1,scRNA,program_1,0.4617088735103607
high_confidence,LAM1:AACTCAGTCGGACAAG-1,LAM1,scRNA,program_1,0.512948751449585
high_confidence,LAM1:AAGCCGCCAGTTCATG-1,LAM1,scRNA,program_1,0.49742212891578674
high_confidence,LAM1:AATCCAGGTGCTGTAT-1,LAM1,scRNA,program_1,0.015173837542533875
high_confidence,LAM1:AATCGGTGTAGATTAG-1,LAM1,scRNA,program_1,0.0015946778003126383
high_confidence,LAM1:ACACCAATCAACACCA-1,LAM1,scRNA,program_1,0.38586801290512085
high_confidence,LAM1:ACACTGATCCTTGCCA-1,LAM1,scRNA,program_1,0.30697962641716003
high_confidence,LAM1:ACATACGAGCTAGTTC-1,LAM1,scRNA,program_1,0.46115565299987793
high_confidence,LAM1:ACATCAGCACCCAGTG-1,LAM1,scRNA,program_1,0.5191644430160522
high_confidence,LAM1:ACGCCAGAGCAGCCTC-1,LAM1,scRNA,program_1,0.4937637746334076
high_confidence,LAM1:ACGCCAGAGTGTCCCG-1,LAM1,scRNA,program_1,0.3951702415943146
high_confidence,LAM1:AGACGTTTCTTAGAGC-1,LAM1,scRNA,program_1,0.5090168118476868
high_confidence,LAM1:AGTTGGTAGTTAAGTG-1,LAM1,scRNA,program_1,0.5338005423545837
high_confidence,LAM1:ATCACGACAAACAACA-1,LAM1,scRNA,program_1,0.446148157119751
high_confidence,LAM1:ATGCGATAGGAGTAGA-1,LAM1,scRNA,program_1,0.545054018497467
high_confidence,LAM1:ATGCGATGTCCGCTGA-1,LAM1,scRNA,program_1,0.0
high_confidence,LAM1:ATGTGTGCAGACAAGC-1,LAM1,scRNA,program_1,0.0
high_confidence,LAM1:ATTACTCAGCCACCTG-1,LAM1,scRNA,program_1,0.0
high_confidence,LAM1:ATTGGACGTCGATTGT-1,LAM1,scRNA,program_1,0.027188312262296677
high_confidence,LAM1:CAACTAGTCATGTCTT-1,LAM1,scRNA,program_1,0.10687339305877686
high_confidence,LAM1:CACAGTAAGAGAACAG-1,LAM1,scRNA,program_1,0.045003682374954224
high_confidence,LAM1:CAGAATCTCAACTCTT-1,LAM1,scRNA,program_1,0.5435978174209595
high_confidence,LAM1:CAGAGAGTCCCTTGCA-1,LAM1,scRNA,program_1,0.4855068624019623
high_confidence,LAM1:CAGGTGCAGAATTCCC-1,LAM1,scRNA,program_1,0.015421891584992409
high_confidence,LAM1:CATCAAGTCCACGTTC-1,LAM1,scRNA,program_1,0.06947530061006546
high_confidence,LAM1:CATGACAAGATCCTGT-1,LAM1,scRNA,program_1,0.49784404039382935
high_confidence,LAM1:CCACCTACAATGTTGC-1,LAM1,scRNA,program_1,0.010194911621510983
high_confidence,LAM1:CCTACCAAGAAGGTTT-1,LAM1,scRNA,program_1,0.562924325466156
high_confidence,LAM1:CCTATTACACGAGGTA-1,LAM1,scRNA,program_1,0.0
high_confidence,LAM1:CGAGAAGCACTTGGAT-1,LAM1,scRNA,program_1,0.25235995650291443
high_confidence,LAM1:CGAGCACCATTATCTC-1,LAM1,scRNA,program_1,0.0
high_confidence,LAM1:CGAGCACGTCTAGCGC-1,LAM1,scRNA,program_1,0.52034592628479
high_confidence,LAM1:CGATGTAGTACTTGAC-1,LAM1,scRNA,program_1,0.5655199885368347
high_confidence,LAM1:CGGACACTCAGAGGTG-1,LAM1,scRNA,program_1,0.0
high_confidence,LAM1:CGTCCATAGGGTTCCC-1,LAM1,scRNA,program_1,0.4738103449344635
high_confidence,LAM1:CGTGAGCGTGCTAGCC-1,LAM1,scRNA,program_1,0.5335398316383362
high_confidence,LAM1:CGTGAGCTCGGTGTTA-1,LAM1,scRNA,program_1,0.5260383486747742
high_confidence,LAM1:CTGATCCGTTACCGAT-1,LAM1,scRNA,program_1,0.10300315916538239
high_confidence,LAM1:GAAACTCGTTACGCGC-1,LAM1,scRNA,program_1,0.5127084851264954
high_confidence,LAM1:GAAACTCTCCCTAATT-1,LAM1,scRNA,program_1,0.5554221868515015
high_confidence,LAM1:GACACGCGTAAATGAC-1,LAM1,scRNA,program_1,0.5435610413551331
high_confidence,LAM1:GACAGAGTCCGTCATC-1,LAM1,scRNA,program_1,0.0
high_confidence,LAM1:GATCAGTTCTCCCTGA-1,LAM1,scRNA,program_1,0.07221014052629471
high_confidence,LAM1:GCACTCTTCAGGCGAA-1,LAM1,scRNA,program_1,0.01343696191906929
high_confidence,LAM1:GCATGATTCGGTGTTA-1,LAM1,scRNA,program_1,0.5113558769226074
high_confidence,LAM1:GGATTACAGAAAGTGG-1,LAM1,scRNA,program_1,0.5038508176803589
high_confidence,LAM1:GGCGACTTCCTCATTA-1,LAM1,scRNA,program_1,0.576022744178772
high_confidence,LAM1:GGCGACTTCGCACTCT-1,LAM1,scRNA,program_1,0.0
high_confidence,LAM1:GGGAGATAGCCATCGC-1,LAM1,scRNA,program_1,0.01634802855551243
high_confidence,LAM1:GGTGTTACAAGGTGTG-1,LAM1,scRNA,program_1,0.5301882028579712
high_confidence,LAM1:GTAACTGCATCCCACT-1,LAM1,scRNA,program_1,0.5363767743110657
high_confidence,LAM1:GTCAAGTCAGGCTGAA-1,LAM1,scRNA,program_1,0.07781726121902466
high_confidence,LAM1:GTCTTCGGTTAAGAAC-1,LAM1,scRNA,program_1,0.13916605710983276
high_confidence,LAM1:GTGCAGCAGAGGGCTT-1,LAM1,scRNA,program_1,0.041987303644418716
high_confidence,LAM1:GTGTGCGTCAACCATG-1,LAM1,scRNA,program_1,0.4706311523914337
high_confidence,LAM1:GTTTCTACATTGTGCA-1,LAM1,scRNA,program_1,0.0
high_confidence,LAM1:GTTTCTAGTACAGACG-1,LAM1,scRNA,program_1,0.5345383882522583
high_confidence,LAM1:TAAGTGCCATCTACGA-1,LAM1,scRNA,program_1,0.27481961250305176
high_confidence,LAM1:TAGTTGGTCTTTACAC-1,LAM1,scRNA,program_1,0.05512828379869461
high_confidence,LAM1:TATCTCATCAAGCCTA-1,LAM1,scRNA,program_1,0.08494306355714798
high_confidence,LAM1:TCAATCTCAAAGTCAA-1,LAM1,scRNA,program_1,0.5332456827163696
high_confidence,LAM1:TCAGGATTCTCCTATA-1,LAM1,scRNA,program_1,0.0
high_confidence,LAM1:TCAGGTATCAGGTTCA-1,LAM1,scRNA,program_1,0.5511682033538818
high_confidence,LAM1:TCATTACTCTGCGACG-1,LAM1,scRNA,program_1,0.5123435258865356
high_confidence,LAM1:TCGAGGCTCGACCAGC-1,LAM1,scRNA,program_1,0.0
high_confidence,LAM1:TCGGGACCAGCCAATT-1,LAM1,scRNA,program_1,0.5187029242515564
high_confidence,LAM1:TGCACCTTCGAACTGT-1,LAM1,scRNA,program_1,0.0
high_confidence,LAM1:TGCCCTAGTCCATGAT-1,LAM1,scRNA,program_1,0.024863002821803093
high_confidence,LAM1:TGCGCAGGTTCGCTAA-1,LAM1,scRNA,program_1,0.03381034731864929
high_confidence,LAM1:TGGCCAGTCGCACTCT-1,LAM1,scRNA,program_1,0.002454160014167428
high_confidence,LAM1:TTAACTCGTACTCAAC-1,LAM1,scRNA,program_1,0.03789978101849556
high_confidence,LAM1:TTCTACACAGTTCATG-1,LAM1,scRNA,program_1,0.0
high_confidence,LAM1:TTGGCAAAGAATCTCC-1,LAM1,scRNA,program_1,0.028355736285448074
high_confidence,LAM1:TTTACTGTCCTACAGA-1,LAM1,scRNA,program_1,0.012985244393348694
high_confidence,LAM1:TTTCCTCGTGTGACGA-1,LAM1,scRNA,program_1,0.0720541849732399
high_confidence,LAM2:AAAGATGTCGCCAAAT-1,LAM2,snRNA,program_1,0.5497757196426392
high_confidence,LAM2:AAAGTAGCATTCTTAC-1,LAM2,snRNA,program_1,0.5432222485542297
high_confidence,LAM2:AACCATGGTACCGCTG-1,LAM2,snRNA,program_1,0.3126586377620697
high_confidence,LAM2:AACTCCCGTCTAGCGC-1,LAM2,snRNA,program_1,0.5583460330963135
high_confidence,LAM2:AACTCTTCAGTGAGTG-1,LAM2,snRNA,program_1,0.5558351278305054
high_confidence,LAM2:AAGGCAGCAATGAATG-1,LAM2,snRNA,program_1,0.45281219482421875
high_confidence,LAM2:AAGGCAGTCAAGAAGT-1,LAM2,snRNA,program_1,0.5767590999603271
high_confidence,LAM2:AAGGCAGTCTTCCTTC-1,LAM2,snRNA,program_1,0.5072903633117676
high_confidence,LAM2:AATCGGTAGGTAAACT-1,LAM2,snRNA,program_1,0.52689528465271
high_confidence,LAM2:ACACCGGTCAACGGGA-1,LAM2,snRNA,program_1,0.5506744384765625
high_confidence,LAM2:ACATGGTGTTCGGGCT-1,LAM2,snRNA,program_1,0.5311587452888489
high_confidence,LAM2:ACGATGTGTAAGTGGC-1,LAM2,snRNA,program_1,0.5440892577171326
high_confidence,LAM2:ACGCCAGAGTTCCACA-1,LAM2,snRNA,program_1,0.5354071855545044
high_confidence,LAM2:ACTATCTAGTCATGCT-1,LAM2,snRNA,program_1,0.48804235458374023
high_confidence,LAM2:ACTTGTTGTTCGTCTC-1,LAM2,snRNA,program_1,0.5453999042510986
high_confidence,LAM2:AGACGTTGTCCAGTTA-1,LAM2,snRNA,program_1,0.4519789218902588
high_confidence,LAM2:AGATTGCAGCTACCGC-1,LAM2,snRNA,program_1,0.5574270486831665
high_confidence,LAM2:AGCAGCCTCCTCAATT-1,LAM2,snRNA,program_1,0.5419495701789856
high_confidence,LAM2:AGCGTATTCGACCAGC-1,LAM2,snRNA,program_1,0.5512676239013672
high_confidence,LAM2:AGCTCTCCAAAGGTGC-1,LAM2,snRNA,program_1,0.5763190984725952
high_confidence,LAM2:AGGTCCGTCAGGCCCA-1,LAM2,snRNA,program_1,0.5692919492721558
high_confidence,LAM2:AGTGAGGAGGTGACCA-1,LAM2,snRNA,program_1,0.5261474847793579
high_confidence,LAM2:AGTGAGGCATCGGGTC-1,LAM2,snRNA,program_1,0.4843806326389313
high_confidence,LAM2:AGTGTCAAGGACAGAA-1,LAM2,snRNA,program_1,0.5792121887207031
high_confidence,LAM2:AGTTGGTAGTGTGGCA-1,LAM2,snRNA,program_1,0.5314305424690247
high_confidence,LAM2:ATCATCTGTATTACCG-1,LAM2,snRNA,program_1,0.49901488423347473
high_confidence,LAM2:ATCCACCCATGTTCCC-1,LAM2,snRNA,program_1,0.5612272620201111
high_confidence,LAM2:ATCCGAAAGGAGTACC-1,LAM2,snRNA,program_1,0.528956949710846
high_confidence,LAM2:ATCCGAACACCTGGTG-1,LAM2,snRNA,program_1,0.570986807346344
high_confidence,LAM2:ATCTGCCTCGGAAATA-1,LAM2,snRNA,program_1,0.5380004048347473
high_confidence,LAM2:ATGCGATAGATGTCGG-1,LAM2,snRNA,program_1,0.5976747870445251
high_confidence,LAM2:ATGGGAGTCGCCATAA-1,LAM2,snRNA,program_1,0.5003954768180847
high_confidence,LAM2:ATTATCCGTGAGGGTT-1,LAM2,snRNA,program_1,0.5333110094070435
high_confidence,LAM2:CAAGGCCCAGCGTAAG-1,LAM2,snRNA,program_1,0.3646993935108185
high_confidence,LAM2:CAAGGCCGTCACCTAA-1,LAM2,snRNA,program_1,0.43809086084365845
high_confidence,LAM2:CAAGTTGTCTGACCTC-1,LAM2,snRNA,program_1,0.5053359866142273
high_confidence,LAM2:CACAAACAGCAACGGT-1,LAM2,snRNA,program_1,0.5649375915527344
high_confidence,LAM2:CACATAGCACTCAGGC-1,LAM2,snRNA,program_1,0.5504534840583801
high_confidence,LAM2:CACATTTGTGACTCAT-1,LAM2,snRNA,program_1,0.5415194630622864
high_confidence,LAM2:CACCAGGGTTCAGCGC-1,LAM2,snRNA,program_1,0.5141542553901672
high_confidence,LAM2:CAGATCAAGGGTTTCT-1,LAM2,snRNA,program_1,0.5450022220611572
high_confidence,LAM2:CAGCCGAAGCTCTCGG-1,LAM2,snRNA,program_1,0.40630993247032166
high_confidence,LAM2:CAGCTAATCCGTCAAA-1,LAM2,snRNA,program_1,0.5703644752502441
high_confidence,LAM2:CAGTAACCACGACGAA-1,LAM2,snRNA,program_1,0.5284912586212158
high_confidence,LAM2:CATATGGCACGCATCG-1,LAM2,snRNA,program_1,0.5480331778526306
high_confidence,LAM2:CATCGGGTCGCGCCAA-1,LAM2,snRNA,program_1,0.5071238875389099
high_confidence,LAM2:CATTATCAGTGGGCTA-1,LAM2,snRNA,program_1,0.5615209341049194
high_confidence,LAM2:CATTATCGTTGGACCC-1,LAM2,snRNA,program_1,0.5462131500244141
high_confidence,LAM2:CATTCGCAGCGCCTTG-1,LAM2,snRNA,program_1,0.3875841200351715
high_confidence,LAM2:CCACGGATCCTAGGGC-1,LAM2,snRNA,program_1,0.5274823307991028
high_confidence,LAM2:CCCTCCTTCCCTTGCA-1,LAM2,snRNA,program_1,0.5659539103507996
high_confidence,LAM2:CCGGTAGAGAGTGACC-1,LAM2,snRNA,program_1,0.5457627773284912
high_confidence,LAM2:CCGGTAGCAAACAACA-1,LAM2,snRNA,program_1,0.5515291690826416
high_confidence,LAM2:CCTAAAGCACGGACAA-1,LAM2,snRNA,program_1,0.5125488638877869
high_confidence,LAM2:CCTAAAGGTGCAACTT-1,LAM2,snRNA,program_1,0.3486117720603943
high_confidence,LAM2:CCTAAAGTCTTTAGTC-1,LAM2,snRNA,program_1,0.5907723307609558
high_confidence,LAM2:CCTACACCACAAGACG-1,LAM2,snRNA,program_1,0.4544075131416321
high_confidence,LAM2:CCTTTCTCATCATCCC-1,LAM2,snRNA,program_1,0.07055055350065231
high_confidence,LAM2:CGAACATAGGGAGTAA-1,LAM2,snRNA,program_1,0.4877217710018158
high_confidence,LAM2:CGAGAAGTCTAGCACA-1,LAM2,snRNA,program_1,0.3656589686870575
high_confidence,LAM2:CGAGCCACATGGATGG-1,LAM2,snRNA,program_1,0.5337584018707275
high_confidence,LAM2:CGATGGCTCCTTAATC-1,LAM2,snRNA,program_1,0.4681509733200073
high_confidence,LAM2:CGATGTACAGAGTGTG-1,LAM2,snRNA,program_1,0.5277014970779419
high_confidence,LAM2:CGATGTATCTACCAGA-1,LAM2,snRNA,program_1,0.5817638635635376
high_confidence,LAM2:CGCCAAGGTAGCACGA-1,LAM2,snRNA,program_1,0.5549963712692261
high_confidence,LAM2:CGGACGTGTTAAGGGC-1,LAM2,snRNA,program_1,0.5254805684089661
high_confidence,LAM2:CGGACTGTCTGGTTCC-1,LAM2,snRNA,program_1,0.5687610507011414
high_confidence,LAM2:CGGAGCTGTGCGATAG-1,LAM2,snRNA,program_1,0.5626246929168701
high_confidence,LAM2:CGGGTCAAGGAACTGC-1,LAM2,snRNA,program_1,0.5496423840522766
high_confidence,LAM2:CGTTAGATCTACCTGC-1,LAM2,snRNA,program_1,0.5602430701255798
high_confidence,LAM2:CGTTCTGGTCTAGCGC-1,LAM2,snRNA,program_1,0.5341351628303528
high_confidence,LAM2:CGTTGGGTCGACCAGC-1,LAM2,snRNA,program_1,0.5607998967170715
high_confidence,LAM2:CTAATGGCACGGATAG-1,LAM2,snRNA,program_1,0.5503012537956238
high_confidence,LAM2:CTACATTAGCCAGTAG-1,LAM2,snRNA,program_1,0.5272536873817444
high_confidence,LAM2:CTAGAGTGTTACGCGC-1,LAM2,snRNA,program_1,0.5238307118415833
high_confidence,LAM2:CTAGCCTAGTGCGTGA-1,LAM2,snRNA,program_1,0.5787138938903809
high_confidence,LAM2:CTAGTGAAGTCATCCA-1,LAM2,snRNA,program_1,0.5570759773254395
high_confidence,LAM2:CTCACACGTCCTGCTT-1,LAM2,snRNA,program_1,0.5759150385856628
high_confidence,LAM2:CTCCTAGCAGTATCTG-1,LAM2,snRNA,program_1,0.19117778539657593
high_confidence,LAM2:CTCGAGGCACGAAATA-1,LAM2,snRNA,program_1,0.5339323282241821
high_confidence,LAM2:CTCGAGGGTTTACTCT-1,LAM2,snRNA,program_1,0.4978669285774231
high_confidence,LAM2:CTCGGGACAGCAGTTT-1,LAM2,snRNA,program_1,0.5420289635658264
high_confidence,LAM2:CTGAAACAGCTAACAA-1,LAM2,snRNA,program_1,0.5488216876983643
high_confidence,LAM2:CTGATCCCAATAGCGG-1,LAM2,snRNA,program_1,0.517364501953125
high_confidence,LAM2:CTGATCCTCTGCGGCA-1,LAM2,snRNA,program_1,0.4991014301776886
high_confidence,LAM2:CTGCGGAAGTGACATA-1,LAM2,snRNA,program_1,0.5700100660324097
high_confidence,LAM2:CTGGTCTAGCGATTCT-1,LAM2,snRNA,program_1,0.09656495600938797
high_confidence,LAM2:CTTGGCTGTCCGAATT-1,LAM2,snRNA,program_1,0.5486757159233093
high_confidence,LAM2:GAACATCTCGGCCGAT-1,LAM2,snRNA,program_1,0.47948482632637024
high_confidence,LAM2:GAAGCAGTCCTATGTT-1,LAM2,snRNA,program_1,0.5906597971916199
high_confidence,LAM2:GACCAATCAGAGTGTG-1,LAM2,snRNA,program_1,0.5382996201515198
high_confidence,LAM2:GACCAATGTTGTCGCG-1,LAM2,snRNA,program_1,0.5878201723098755
high_confidence,LAM2:GACGCGTGTCGGATCC-1,LAM2,snRNA,program_1,0.5335072875022888
high_confidence,LAM2:GACTAACCACAAGTAA-1,LAM2,snRNA,program_1,0.1364249885082245
high_confidence,LAM2:GAGCAGAGTCGCGTGT-1,LAM2,snRNA,program_1,0.532230019569397
high_confidence,LAM2:GAGTCCGCAATGAATG-1,LAM2,snRNA,program_1,0.5598185658454895
high_confidence,LAM2:GATCAGTCACACCGCA-1,LAM2,snRNA,program_1,0.5530555248260498
high_confidence,LAM2:GATCGATCATCATCCC-1,LAM2,snRNA,program_1,0.5339813828468323
high_confidence,LAM2:GATGAGGGTAGTACCT-1,LAM2,snRNA,program_1,0.5230551958084106
high_confidence,LAM2:GATGAGGGTTCCATGA-1,LAM2,snRNA,program_1,0.5463879108428955
high_confidence,LAM2:GCACTCTAGACATAAC-1,LAM2,snRNA,program_1,0.547951340675354
high_confidence,LAM2:GCAGCCACAATGTAAG-1,LAM2,snRNA,program_1,0.5456571578979492
high_confidence,LAM2:GCATGATAGGTTCCTA-1,LAM2,snRNA,program_1,0.4984190762042999
high_confidence,LAM2:GCGACCACAAGGTTTC-1,LAM2,snRNA,program_1,0.5531603693962097
high_confidence,LAM2:GCGGGTTGTTCCACAA-1,LAM2,snRNA,program_1,0.5191174745559692
high_confidence,LAM2:GCTCCTACAATGGAGC-1,LAM2,snRNA,program_1,0.4974461495876312
high_confidence,LAM2:GCTCTGTGTACGCACC-1,LAM2,snRNA,program_1,0.48237818479537964
high_confidence,LAM2:GCTGCAGTCAGTTCGA-1,LAM2,snRNA,program_1,0.3723197281360626
high_confidence,LAM2:GCTGCGAAGGATCGCA-1,LAM2,snRNA,program_1,0.5755364298820496
high_confidence,LAM2:GCTGGGTCAGTCTTCC-1,LAM2,snRNA,program_1,0.2464107722043991
high_confidence,LAM2:GGACAAGCATCCCATC-1,LAM2,snRNA,program_1,0.5660199522972107
high_confidence,LAM2:GGCTGGTAGTAGGTGC-1,LAM2,snRNA,program_1,0.5827479958534241
high_confidence,LAM2:GGGAATGAGACTGTAA-1,LAM2,snRNA,program_1,0.529212474822998
high_confidence,LAM2:GGGAGATAGTGCAAGC-1,LAM2,snRNA,program_1,0.43932589888572693
high_confidence,LAM2:GGTGCGTAGCCAACAG-1,LAM2,snRNA,program_1,0.5043684840202332
high_confidence,LAM2:GTACGTACATTAACCG-1,LAM2,snRNA,program_1,0.5470443964004517
high_confidence,LAM2:GTACTCCAGCCACTAT-1,LAM2,snRNA,program_1,0.12258285284042358
high_confidence,LAM2:GTATCTTAGACCTTTG-1,LAM2,snRNA,program_1,0.5132732391357422
high_confidence,LAM2:GTCAAGTCACCAACCG-1,LAM2,snRNA,program_1,0.513885498046875
high_confidence,LAM2:GTCCTCAAGGGATACC-1,LAM2,snRNA,program_1,0.4562288522720337
high_confidence,LAM2:GTCGTAAGTTATTCTC-1,LAM2,snRNA,program_1,0.5096752643585205
high_confidence,LAM2:GTGCTTCAGATCGGGT-1,LAM2,snRNA,program_1,0.5104485750198364
high_confidence,LAM2:GTGGGTCGTGCAGGTA-1,LAM2,snRNA,program_1,0.5201928615570068
high_confidence,LAM2:GTTCATTGTGGAAAGA-1,LAM2,snRNA,program_1,0.5205549001693726
high_confidence,LAM2:GTTCTCGTCTATCCTA-1,LAM2,snRNA,program_1,0.5098057985305786
high_confidence,LAM2:GTTTCTACACCGAATT-1,LAM2,snRNA,program_1,0.5463610887527466
high_confidence,LAM2:TAAACCGCAGAGTGTG-1,LAM2,snRNA,program_1,0.5375063419342041
high_confidence,LAM2:TAAACCGGTACTCGCG-1,LAM2,snRNA,program_1,0.5034428834915161
high_confidence,LAM2:TAAGAGACAGTAGAGC-1,LAM2,snRNA,program_1,0.5365484952926636
high_confidence,LAM2:TAAGCGTAGACTCGGA-1,LAM2,snRNA,program_1,0.5198534727096558
high_confidence,LAM2:TACAGTGAGATGCGAC-1,LAM2,snRNA,program_1,0.5146361589431763
high_confidence,LAM2:TACGGTATCCCTAACC-1,LAM2,snRNA,program_1,0.5307284593582153
high_confidence,LAM2:TAGACCACATGGTAGG-1,LAM2,snRNA,program_1,0.5293208360671997
high_confidence,LAM2:TAGCCGGGTGCTGTAT-1,LAM2,snRNA,program_1,0.4875201880931854
high_confidence,LAM2:TATCAGGGTGCAACGA-1,LAM2,snRNA,program_1,0.5649510025978088
high_confidence,LAM2:TATGCCCCAATCGGTT-1,LAM2,snRNA,program_1,0.38648757338523865
high_confidence,LAM2:TCAACGAAGCTTTGGT-1,LAM2,snRNA,program_1,0.5405310988426208
high_confidence,LAM2:TCAATCTAGAGACTAT-1,LAM2,snRNA,program_1,0.5570693016052246
high_confidence,LAM2:TCAGGATTCGTAGATC-1,LAM2,snRNA,program_1,0.5113875865936279
high_confidence,LAM2:TCGAGGCTCACCAGGC-1,LAM2,snRNA,program_1,0.48142412304878235
high_confidence,LAM2:TCGTACCGTTCCACAA-1,LAM2,snRNA,program_1,0.5572885274887085
high_confidence,LAM2:TCTATTGAGCTTATCG-1,LAM2,snRNA,program_1,0.5642136931419373
high_confidence,LAM2:TCTCATATCAGCTGGC-1,LAM2,snRNA,program_1,0.5066083669662476
high_confidence,LAM2:TCTTCGGGTAAATGAC-1,LAM2,snRNA,program_1,0.29309093952178955
high_confidence,LAM2:TGACAACTCACAGTAC-1,LAM2,snRNA,program_1,0.49986502528190613
high_confidence,LAM2:TGATTTCCACACCGCA-1,LAM2,snRNA,program_1,0.49686959385871887
high_confidence,LAM2:TGCTACCTCTGCAAGT-1,LAM2,snRNA,program_1,0.3856652081012726
high_confidence,LAM2:TGCTGCTGTATGGTTC-1,LAM2,snRNA,program_1,0.5473574995994568
high_confidence,LAM2:TGGACGCTCATGCTCC-1,LAM2,snRNA,program_1,0.10341373085975647
high_confidence,LAM2:TGGCGCACATCCCATC-1,LAM2,snRNA,program_1,0.5846201181411743
high_confidence,LAM2:TGGTTCCAGGTAGCTG-1,LAM2,snRNA,program_1,0.5212748050689697
high_confidence,LAM2:TGTCCCAGTATGAATG-1,LAM2,snRNA,program_1,0.49835798144340515
high_confidence,LAM2:TGTTCCGCAGCTGTTA-1,LAM2,snRNA,program_1,0.525363564491272
high_confidence,LAM2:TTAACTCCAGACAGGT-1,LAM2,snRNA,program_1,0.6042442321777344
high_confidence,LAM2:TTAGGCAAGACCTTTG-1,LAM2,snRNA,program_1,0.5000620484352112
high_confidence,LAM2:TTAGTTCCACGACTCG-1,LAM2,snRNA,program_1,0.5510352253913879
high_confidence,LAM2:TTCCCAGAGCACACAG-1,LAM2,snRNA,program_1,0.5582002401351929
high_confidence,LAM2:TTCCCAGGTAGAGGAA-1,LAM2,snRNA,program_1,0.5212349891662598
high_confidence,LAM2:TTGACTTAGCTCCCAG-1,LAM2,snRNA,program_1,0.5357694029808044
high_confidence,LAM2:TTGCCGTCAAGTCTGT-1,LAM2,snRNA,program_1,0.5028234124183655
high_confidence,LAM2:TTGTAGGGTCGGATCC-1,LAM2,snRNA,program_1,0.542602002620697
high_confidence,LAM2:TTTACTGAGACGCTTT-1,LAM2,snRNA,program_1,0.5498086810112
high_confidence,LAM2:TTTGGTTCATCCCACT-1,LAM2,snRNA,program_1,0.5647243857383728
high_confidence,LAM3:AAACCTGAGTGCAAGC-1,LAM3,scRNA,program_1,0.41067472100257874
high_confidence,LAM3:AAAGCAATCCACTCCA-1,LAM3,scRNA,program_1,0.13302531838417053
high_confidence,LAM3:AAAGTAGAGTCTTGCA-1,LAM3,scRNA,program_1,0.36651426553726196
high_confidence,LAM3:AACCATGCACGAAGCA-1,LAM3,scRNA,program_1,0.12566620111465454
high_confidence,LAM3:AACGTTGTCTGTACGA-1,LAM3,scRNA,program_1,0.5520102381706238
high_confidence,LAM3:AACTCCCTCGTAGATC-1,LAM3,scRNA,program_1,0.5240115523338318
high_confidence,LAM3:AACTCTTTCTACTTAC-1,LAM3,scRNA,program_1,0.0
high_confidence,LAM3:AACTGGTCACAAGCCC-1,LAM3,scRNA,program_1,0.14589263498783112
high_confidence,LAM3:AAGACCTCATATACGC-1,LAM3,scRNA,program_1,0.0981312170624733
high_confidence,LAM3:AAGGAGCCAGGTGCCT-1,LAM3,scRNA,program_1,0.16407404839992523
high_confidence,LAM3:ACATACGCACGAAACG-1,LAM3,scRNA,program_1,0.43823137879371643
high_confidence,LAM3:ACATACGTCTTGAGAC-1,LAM3,scRNA,program_1,0.17950937151908875
high_confidence,LAM3:ACATGGTCAGCTTAAC-1,LAM3,scRNA,program_1,0.0672365054488182
high_confidence,LAM3:ACCTTTACACTCAGGC-1,LAM3,scRNA,program_1,0.14339858293533325
high_confidence,LAM3:ACGGGCTTCAGTACGT-1,LAM3,scRNA,program_1,0.499756395816803
high_confidence,LAM3:ACTGATGAGATCCGAG-1,LAM3,scRNA,program_1,0.13367031514644623
high_confidence,LAM3:AGAGTGGCAATGCCAT-1,LAM3,scRNA,program_1,0.04181445762515068
high_confidence,LAM3:AGAGTGGTCCTCAATT-1,LAM3,scRNA,program_1,0.41819116473197937
high_confidence,LAM3:AGATTGCTCTTCAACT-1,LAM3,scRNA,program_1,0.32399851083755493
high_confidence,LAM3:AGCCTAAAGACAATAC-1,LAM3,scRNA,program_1,0.34596681594848633
high_confidence,LAM3:AGCTCCTAGCCACTAT-1,LAM3,scRNA,program_1,0.021374480798840523
high_confidence,LAM3:AGGCCACAGGTGCACA-1,LAM3,scRNA,program_1,0.0
high_confidence,LAM3:AGGCCGTAGATTACCC-1,LAM3,scRNA,program_1,0.080522820353508
high_confidence,LAM3:AGGGAGTGTACATCCA-1,LAM3,scRNA,program_1,0.0772048607468605
high_confidence,LAM3:AGGTCATAGACAATAC-1,LAM3,scRNA,program_1,0.16097280383110046
high_confidence,LAM3:AGTAGTCCACCTCGTT-1,LAM3,scRNA,program_1,0.14458240568637848
high_confidence,LAM3:AGTGTCATCCCTCAGT-1,LAM3,scRNA,program_1,0.1646992415189743
high_confidence,LAM3:ATCTACTAGTGACATA-1,LAM3,scRNA,program_1,0.10552351921796799
high_confidence,LAM3:ATCTACTCACACCGAC-1,LAM3,scRNA,program_1,0.021647078916430473
high_confidence,LAM3:ATCTGCCTCAGAGCTT-1,LAM3,scRNA,program_1,0.11401014775037766
high_confidence,LAM3:ATGAGGGGTGTGCGTC-1,LAM3,scRNA,program_1,0.146803617477417
high_confidence,LAM3:ATGCGATCACGAAGCA-1,LAM3,scRNA,program_1,0.0
high_confidence,LAM3:ATGGGAGCAAACGCGA-1,LAM3,scRNA,program_1,0.028134828433394432
high_confidence,LAM3:ATTACTCCAGGACGTA-1,LAM3,scRNA,program_1,0.5491645932197571
high_confidence,LAM3:CAAGAAACAGCCAGAA-1,LAM3,scRNA,program_1,0.4574142098426819
high_confidence,LAM3:CAAGTTGAGCCTTGAT-1,LAM3,scRNA,program_1,0.1245933249592781
high_confidence,LAM3:CACAAACAGAGTAAGG-1,LAM3,scRNA,program_1,0.3304665684700012
high_confidence,LAM3:CACAAACCAATAGCGG-1,LAM3,scRNA,program_1,0.02972153015434742
high_confidence,LAM3:CACACCTTCAAACCAC-1,LAM3,scRNA,program_1,0.10184799879789352
high_confidence,LAM3:CACACTCCACGACGAA-1,LAM3,scRNA,program_1,0.4081442952156067
high_confidence,LAM3:CACATAGCACAGATTC-1,LAM3,scRNA,program_1,0.05173501744866371
high_confidence,LAM3:CAGAGAGTCGTACCGG-1,LAM3,scRNA,program_1,0.5039077997207642
high_confidence,LAM3:CAGCAGCAGGACCACA-1,LAM3,scRNA,program_1,0.46765294671058655
high_confidence,LAM3:CAGTAACGTCTAGAGG-1,LAM3,scRNA,program_1,0.4547313451766968
high_confidence,LAM3:CAGTAACTCTAGCACA-1,LAM3,scRNA,program_1,0.5017069578170776
high_confidence,LAM3:CAGTCCTCACCCATTC-1,LAM3,scRNA,program_1,0.29858487844467163
high_confidence,LAM3:CAGTCCTTCCTTGCCA-1,LAM3,scRNA,program_1,0.034143246710300446
high_confidence,LAM3:CATCAGATCGCAAGCC-1,LAM3,scRNA,program_1,0.07763585448265076
high_confidence,LAM3:CATGCCTAGCTCAACT-1,LAM3,scRNA,program_1,0.4463483393192291
high_confidence,LAM3:CATGCCTGTTAGATGA-1,LAM3,scRNA,program_1,0.44707247614860535
high_confidence,LAM3:CATTCGCTCCAGAGGA-1,LAM3,scRNA,program_1,0.02215200662612915
high_confidence,LAM3:CCAATCCGTAGCTGCC-1,LAM3,scRNA,program_1,0.10553820431232452
high_confidence,LAM3:CCACGGAAGGCAATTA-1,LAM3,scRNA,program_1,0.3195456266403198
high_confidence,LAM3:CCACGGACACCTATCC-1,LAM3,scRNA,program_1,0.13933181762695312
high_confidence,LAM3:CCACTACTCGTGGGAA-1,LAM3,scRNA,program_1,0.22582265734672546
high_confidence,LAM3:CCATGTCGTGCACGAA-1,LAM3,scRNA,program_1,0.4683092534542084
high_confidence,LAM3:CCCAATCTCGCTAGCG-1,LAM3,scRNA,program_1,0.3993317484855652
high_confidence,LAM3:CCGGGATAGTACGTAA-1,LAM3,scRNA,program_1,0.41995033621788025
high_confidence,LAM3:CCGGTAGCATCAGTCA-1,LAM3,scRNA,program_1,0.11174716055393219
high_confidence,LAM3:CCTAAAGTCATCTGTT-1,LAM3,scRNA,program_1,0.35596999526023865
high_confidence,LAM3:CCTACACCAAACGTGG-1,LAM3,scRNA,program_1,0.014993561431765556
high_confidence,LAM3:CCTACACCAATGTTGC-1,LAM3,scRNA,program_1,0.14478175342082977
high_confidence,LAM3:CCTCTGATCATTATCC-1,LAM3,scRNA,program_1,0.14214928448200226
high_confidence,LAM3:CCTTACGCAGACACTT-1,LAM3,scRNA,program_1,0.12460100650787354
high_confidence,LAM3:CCTTCCCGTGCAACGA-1,LAM3,scRNA,program_1,0.3576178252696991
high_confidence,LAM3:CCTTCGAAGTGTCCCG-1,LAM3,scRNA,program_1,0.5349774956703186
high_confidence,LAM3:CCTTTCTCACAGGTTT-1,LAM3,scRNA,program_1,0.0
high_confidence,LAM3:CCTTTCTTCGGCGCTA-1,LAM3,scRNA,program_1,0.3954392671585083
high_confidence,LAM3:CGATGGCAGTAGGCCA-1,LAM3,scRNA,program_1,0.3568035066127777
high_confidence,LAM3:CGCGGTATCTTGTACT-1,LAM3,scRNA,program_1,0.030234670266509056
high_confidence,LAM3:CGCTGGACACATCCAA-1,LAM3,scRNA,program_1,0.03891129046678543
high_confidence,LAM3:CGCTTCATCGCACTCT-1,LAM3,scRNA,program_1,0.1220492348074913
high_confidence,LAM3:CGGACGTTCGCTTGTC-1,LAM3,scRNA,program_1,0.05221015214920044
high_confidence,LAM3:CGGACTGAGAGTGACC-1,LAM3,scRNA,program_1,0.13482831418514252
high_confidence,LAM3:CGGACTGCAGACGCCT-1,LAM3,scRNA,program_1,0.1019790843129158
high_confidence,LAM3:CGGCTAGGTTAAGGGC-1,LAM3,scRNA,program_1,0.1270788460969925
high_confidence,LAM3:CGGGTCATCGAACTGT-1,LAM3,scRNA,program_1,0.3586500287055969
high_confidence,LAM3:CGTAGGCGTACTCAAC-1,LAM3,scRNA,program_1,0.0808807983994484
high_confidence,LAM3:CGTCACTCAGGCTCAC-1,LAM3,scRNA,program_1,0.05735895410180092
high_confidence,LAM3:CGTTAGAAGGGCATGT-1,LAM3,scRNA,program_1,0.48105567693710327
high_confidence,LAM3:CGTTAGAGTACCCAAT-1,LAM3,scRNA,program_1,0.5206930041313171
high_confidence,LAM3:CTAGAGTGTGATGATA-1,LAM3,scRNA,program_1,0.42618528008461
high_confidence,LAM3:CTCGAAAGTCGCCATG-1,LAM3,scRNA,program_1,0.0738941878080368
high_confidence,LAM3:CTCGGAGTCCTATTCA-1,LAM3,scRNA,program_1,0.4794968068599701
high_confidence,LAM3:CTCGTACCAAGCCCAC-1,LAM3,scRNA,program_1,0.1471904069185257
high_confidence,LAM3:CTCTGGTGTGAAATCA-1,LAM3,scRNA,program_1,0.34250694513320923
high_confidence,LAM3:CTGAAACTCAAAGTAG-1,LAM3,scRNA,program_1,0.4970611333847046
high_confidence,LAM3:CTGAAGTCACAGACAG-1,LAM3,scRNA,program_1,0.4076961874961853
high_confidence,LAM3:CTGAAGTTCTCGGACG-1,LAM3,scRNA,program_1,0.3235553801059723
high_confidence,LAM3:CTGATAGTCAAGATCC-1,LAM3,scRNA,program_1,0.48157161474227905
high_confidence,LAM3:CTGTGCTGTCGGCACT-1,LAM3,scRNA,program_1,0.4490286111831665
high_confidence,LAM3:CTTAACTGTTCTCATT-1,LAM3,scRNA,program_1,0.5032342672348022
high_confidence,LAM3:CTTACCGTCAGGATCT-1,LAM3,scRNA,program_1,0.13750365376472473
high_confidence,LAM3:CTTTGCGAGAAGGGTA-1,LAM3,scRNA,program_1,0.39796555042266846
high_confidence,LAM3:GAAATGATCATGGTCA-1,LAM3,scRNA,program_1,0.03502693772315979
high_confidence,LAM3:GAATAAGTCGCGTAGC-1,LAM3,scRNA,program_1,0.4385228753089905
high_confidence,LAM3:GACGCGTCAACTTGAC-1,LAM3,scRNA,program_1,0.3921535611152649
high_confidence,LAM3:GACGCGTTCGAGGTAG-1,LAM3,scRNA,program_1,0.05164288356900215
high_confidence,LAM3:GACGCGTTCTCCCTGA-1,LAM3,scRNA,program_1,0.5374204516410828
high_confidence,LAM3:GACGTTAAGACAGGCT-1,LAM3,scRNA,program_1,0.4161451756954193
high_confidence,LAM3:GACTAACAGACTAAGT-1,LAM3,scRNA,program_1,0.0016949592391029
high_confidence,LAM3:GATCAGTAGAAGAAGC-1,LAM3,scRNA,program_1,0.42694762349128723
high_confidence,LAM3:GATCTAGAGAGGACGG-1,LAM3,scRNA,program_1,0.17173971235752106
high_confidence,LAM3:GATGAGGAGCGTTCCG-1,LAM3,scRNA,program_1,0.14043772220611572
high_confidence,LAM3:GATGCTAAGAGCCCAA-1,LAM3,scRNA,program_1,0.11328580975532532
high_confidence,LAM3:GCAATCAAGGTAGCTG-1,LAM3,scRNA,program_1,0.0678735300898552
high_confidence,LAM3:GCACATATCCGCGTTT-1,LAM3,scRNA,program_1,0.18744949996471405
high_confidence,LAM3:GCACTCTGTCTCTCGT-1,LAM3,scRNA,program_1,0.0035992558114230633
high_confidence,LAM3:GCAGCCACAACGATGG-1,LAM3,scRNA,program_1,0.0
high_confidence,LAM3:GCATGATAGTCGAGTG-1,LAM3,scRNA,program_1,0.2500497102737427
high_confidence,LAM3:GCATGATGTGCCTTGG-1,LAM3,scRNA,program_1,0.43585333228111267
high_confidence,LAM3:GCATGCGAGCACGCCT-1,LAM3,scRNA,program_1,0.0
high_confidence,LAM3:GCATGCGGTTACTGAC-1,LAM3,scRNA,program_1,0.09587881714105606
high_confidence,LAM3:GCGAGAATCGTGGACC-1,LAM3,scRNA,program_1,0.15974369645118713
high_confidence,LAM3:GCGCAACGTCACCCAG-1,LAM3,scRNA,program_1,0.40851932764053345
high_confidence,LAM3:GCGGGTTAGGCTAGAC-1,LAM3,scRNA,program_1,0.13594645261764526
high_confidence,LAM3:GCGGGTTTCACTATTC-1,LAM3,scRNA,program_1,0.12757501006126404
high_confidence,LAM3:GCTGCAGTCGCGCCAA-1,LAM3,scRNA,program_1,0.4467303454875946
high_confidence,LAM3:GGAATAAGTAGCTGCC-1,LAM3,scRNA,program_1,0.12609073519706726
high_confidence,LAM3:GGACAGACACGGCGTT-1,LAM3,scRNA,program_1,0.38925331830978394
high_confidence,LAM3:GGACAGAGTAAGGATT-1,LAM3,scRNA,program_1,0.2536953389644623
high_confidence,LAM3:GGGCACTTCGTTACAG-1,LAM3,scRNA,program_1,0.4643179774284363
high_confidence,LAM3:GGGCATCAGGAATGGA-1,LAM3,scRNA,program_1,0.5182115435600281
high_confidence,LAM3:GGGTCTGGTAGGCTGA-1,LAM3,scRNA,program_1,0.050930190831422806
high_confidence,LAM3:GTAACTGTCAAACAAG-1,LAM3,scRNA,program_1,0.16436241567134857
high_confidence,LAM3:GTACTTTCACTACAGT-1,LAM3,scRNA,program_1,0.10814054310321808
high_confidence,LAM3:GTAGGCCCATGTCCTC-1,LAM3,scRNA,program_1,0.08378759771585464
high_confidence,LAM3:GTAGGCCTCCACGACG-1,LAM3,scRNA,program_1,0.013913307338953018
high_confidence,LAM3:GTAGTCAGTAGGCTGA-1,LAM3,scRNA,program_1,0.4721277952194214
high_confidence,LAM3:GTCACAACACCATCCT-1,LAM3,scRNA,program_1,0.18397998809814453
high_confidence,LAM3:GTCACGGTCATCATTC-1,LAM3,scRNA,program_1,0.0868239477276802
high_confidence,LAM3:GTCCTCATCACGGTTA-1,LAM3,scRNA,program_1,0.08768352121114731
high_confidence,LAM3:GTCTCGTCACTAGTAC-1,LAM3,scRNA,program_1,0.0
high_confidence,LAM3:GTCTTCGTCGAGAGCA-1,LAM3,scRNA,program_1,0.0
high_confidence,LAM3:GTGCATAGTGCACGAA-1,LAM3,scRNA,program_1,0.4918307960033417
high_confidence,LAM3:GTGGGTCAGACTAGAT-1,LAM3,scRNA,program_1,0.1445029377937317
high_confidence,LAM3:GTGTGCGGTCTCAACA-1,LAM3,scRNA,program_1,0.37719208002090454
high_confidence,LAM3:GTTAAGCAGCTGTCTA-1,LAM3,scRNA,program_1,0.09700100123882294
high_confidence,LAM3:GTTCGGGGTCTTCAAG-1,LAM3,scRNA,program_1,0.06318382918834686
high_confidence,LAM3:GTTTCTATCTTCATGT-1,LAM3,scRNA,program_1,0.4854598641395569
high_confidence,LAM3:TAAACCGAGCTTTGGT-1,LAM3,scRNA,program_1,0.5301581025123596
high_confidence,LAM3:TAAGAGACAAGAAAGG-1,LAM3,scRNA,program_1,0.40029364824295044
high_confidence,LAM3:TAAGCGTGTCCAAGTT-1,LAM3,scRNA,program_1,0.3756243586540222
high_confidence,LAM3:TACACGACACATAACC-1,LAM3,scRNA,program_1,0.4719817638397217
high_confidence,LAM3:TACAGTGAGGCAATTA-1,LAM3,scRNA,program_1,0.13235187530517578
high_confidence,LAM3:TACTCATAGAAGGCCT-1,LAM3,scRNA,program_1,0.15336742997169495
high_confidence,LAM3:TACTTACAGCTAGTCT-1,LAM3,scRNA,program_1,0.11663036793470383
high_confidence,LAM3:TAGAGCTAGTTAGCGG-1,LAM3,scRNA,program_1,0.1521831601858139
high_confidence,LAM3:TAGAGCTCAATCGAAA-1,LAM3,scRNA,program_1,0.4589127004146576
high_confidence,LAM3:TAGAGCTTCCTGCAGG-1,LAM3,scRNA,program_1,0.3743850588798523
high_confidence,LAM3:TAGCCGGAGGTGATTA-1,LAM3,scRNA,program_1,0.008884822949767113
high_confidence,LAM3:TAGTGGTCATTGTGCA-1,LAM3,scRNA,program_1,0.0788964033126831
high_confidence,LAM3:TAGTTGGGTCTCTTAT-1,LAM3,scRNA,program_1,0.1390022337436676
high_confidence,LAM3:TCAATCTTCCCGACTT-1,LAM3,scRNA,program_1,0.33788517117500305
high_confidence,LAM3:TCACGAATCCACGTTC-1,LAM3,scRNA,program_1,0.01255855429917574
high_confidence,LAM3:TCACGAATCCGCGTTT-1,LAM3,scRNA,program_1,0.08114323765039444
high_confidence,LAM3:TCAGATGTCCGCAAGC-1,LAM3,scRNA,program_1,0.17120414972305298
high_confidence,LAM3:TCAGCAATCATTCACT-1,LAM3,scRNA,program_1,0.05403125658631325
high_confidence,LAM3:TCAGGATAGAGGACGG-1,LAM3,scRNA,program_1,0.11153963953256607
high_confidence,LAM3:TCAGGATAGTGTACTC-1,LAM3,scRNA,program_1,0.21736189723014832
high_confidence,LAM3:TCAGGATTCGAGAGCA-1,LAM3,scRNA,program_1,0.30438053607940674
high_confidence,LAM3:TCCACACAGCTGCCCA-1,LAM3,scRNA,program_1,0.32618823647499084
high_confidence,LAM3:TCCCGATGTCATATGC-1,LAM3,scRNA,program_1,0.04237265884876251
high_confidence,LAM3:TCGTACCAGGGATCTG-1,LAM3,scRNA,program_1,0.08292663097381592
high_confidence,LAM3:TCGTAGACAATGTTGC-1,LAM3,scRNA,program_1,0.2686733603477478
high_confidence,LAM3:TCTATTGCAGACAAAT-1,LAM3,scRNA,program_1,0.1871328055858612
high_confidence,LAM3:TCTTTCCGTACATGTC-1,LAM3,scRNA,program_1,0.03767194598913193
high_confidence,LAM3:TGACTAGGTCCAGTTA-1,LAM3,scRNA,program_1,0.0765247568488121
high_confidence,LAM3:TGACTTTTCAAGCCTA-1,LAM3,scRNA,program_1,0.4885714650154114
high_confidence,LAM3:TGACTTTTCACGGTTA-1,LAM3,scRNA,program_1,0.05289207398891449
high_confidence,LAM3:TGAGCATTCACCCGAG-1,LAM3,scRNA,program_1,0.5151309967041016
high_confidence,LAM3:TGAGGGAAGGGTTCCC-1,LAM3,scRNA,program_1,0.04150420054793358
high_confidence,LAM3:TGAGGGACATCGGAAG-1,LAM3,scRNA,program_1,0.08908756077289581
high_confidence,LAM3:TGCACCTGTTGTTTGG-1,LAM3,scRNA,program_1,0.44206929206848145
high_confidence,LAM3:TGCGCAGAGATATACG-1,LAM3,scRNA,program_1,0.37441909313201904
high_confidence,LAM3:TGCGGGTGTATAATGG-1,LAM3,scRNA,program_1,0.4468103051185608
high_confidence,LAM3:TGCTACCGTAACGTTC-1,LAM3,scRNA,program_1,0.11398252844810486
high_confidence,LAM3:TGGACGCGTAATTGGA-1,LAM3,scRNA,program_1,0.09212101995944977
high_confidence,LAM3:TGGCTGGCATGCGCAC-1,LAM3,scRNA,program_1,0.4226575493812561
high_confidence,LAM3:TGGGAAGGTGTCCTCT-1,LAM3,scRNA,program_1,0.41935837268829346
high_confidence,LAM3:TGGGCGTAGCCGATTT-1,LAM3,scRNA,program_1,0.05553104728460312
high_confidence,LAM3:TGGGCGTGTGACTACT-1,LAM3,scRNA,program_1,0.09425769001245499
high_confidence,LAM3:TGTATTCGTCTCCCTA-1,LAM3,scRNA,program_1,0.5090044736862183
high_confidence,LAM3:TTAACTCGTGTAATGA-1,LAM3,scRNA,program_1,0.02556416392326355
high_confidence,LAM3:TTATGCTGTCTAGTCA-1,LAM3,scRNA,program_1,0.32411444187164307
high_confidence,LAM3:TTCTTAGCAACACCCG-1,LAM3,scRNA,program_1,0.1635986864566803
high_confidence,LAM3:TTGACTTGTAGCGCAA-1,LAM3,scRNA,program_1,0.07483606040477753
high_confidence,LAM3:TTGGCAAGTTTACTCT-1,LAM3,scRNA,program_1,0.3332618474960327
high_confidence,LAM3:TTTACTGCAGATGGGT-1,LAM3,scRNA,program_1,0.4353219270706177
high_confidence,LAM3:TTTATGCAGCCAACAG-1,LAM3,scRNA,program_1,0.11121585965156555
high_confidence,LAM3:TTTGTCACAGTTCCCT-1,LAM3,scRNA,program_1,0.14248688519001007
high_confidence,LAM4:AAGGTTCCAGGGATTG-1,LAM4,snRNA,program_1,0.012782192789018154
high_confidence,LAM4:ACACTGAGTCAAACTC-1,LAM4,snRNA,program_1,0.030306551605463028
high_confidence,LAM4:ACAGCCGCAATCTGCA-1,LAM4,snRNA,program_1,0.016874834895133972
high_confidence,LAM4:ACAGCTACAATGACCT-1,LAM4,snRNA,program_1,0.08181007206439972
high_confidence,LAM4:ACCGTAAGTGCACCAC-1,LAM4,snRNA,program_1,0.035575877875089645
high_confidence,LAM4:ACGCAGCCACAGCCCA-1,LAM4,snRNA,program_1,0.3790718913078308
high_confidence,LAM4:ACGGGCTCACTTACGA-1,LAM4,snRNA,program_1,0.07333436608314514
high_confidence,LAM4:ACGGGCTTCTGGCGAC-1,LAM4,snRNA,program_1,0.06394952535629272
high_confidence,LAM4:ACTGATGCAGAGCCAA-1,LAM4,snRNA,program_1,0.3988012969493866
high_confidence,LAM4:AGATCTGGTGTTCGAT-1,LAM4,snRNA,program_1,0.09333766996860504
high_confidence,LAM4:AGCAGCCCATGCAACT-1,LAM4,snRNA,program_1,0.0
high_confidence,LAM4:AGGGAGTAGTCAAGCG-1,LAM4,snRNA,program_1,0.02783554419875145
high_confidence,LAM4:ATAACGCAGTACTTGC-1,LAM4,snRNA,program_1,0.08238060772418976
high_confidence,LAM4:ATTACTCGTATCTGCA-1,LAM4,snRNA,program_1,0.0
high_confidence,LAM4:ATTATCCTCTAGAGTC-1,LAM4,snRNA,program_1,0.12728464603424072
high_confidence,LAM4:ATTGGACTCGTACGGC-1,LAM4,snRNA,program_1,0.380289226770401
high_confidence,LAM4:CACATTTGTATGAATG-1,LAM4,snRNA,program_1,0.0
high_confidence,LAM4:CACCAGGTCAGTACGT-1,LAM4,snRNA,program_1,0.07212013006210327
high_confidence,LAM4:CAGAATCCACAGGAGT-1,LAM4,snRNA,program_1,0.03042188473045826
high_confidence,LAM4:CAGCTGGAGAAACCTA-1,LAM4,snRNA,program_1,0.057280439883470535
high_confidence,LAM4:CAGTAACGTTCTGAAC-1,LAM4,snRNA,program_1,0.3546648621559143
high_confidence,LAM4:CAGTAACTCTACTCAT-1,LAM4,snRNA,program_1,0.3805846869945526
high_confidence,LAM4:CATATTCAGTGACATA-1,LAM4,snRNA,program_1,0.05547594279050827
high_confidence,LAM4:CATCGGGGTGGTGTAG-1,LAM4,snRNA,program_1,0.3676309585571289
high_confidence,LAM4:CCGTGGAGTGCATCTA-1,LAM4,snRNA,program_1,0.12524570524692535
high_confidence,LAM4:CCGTTCAGTGCGATAG-1,LAM4,snRNA,program_1,0.4078541100025177
high_confidence,LAM4:CCTACCAAGAAACGCC-1,LAM4,snRNA,program_1,0.3941841721534729
high_confidence,LAM4:CCTATTAGTAGCTGCC-1,LAM4,snRNA,program_1,0.0701843872666359
high_confidence,LAM4:CCTCTGAGTGTAATGA-1,LAM4,snRNA,program_1,0.36051467061042786
high_confidence,LAM4:CCTCTGATCTTCGAGA-1,LAM4,snRNA,program_1,0.4071669280529022
high_confidence,LAM4:CCTTACGAGGCGATAC-1,LAM4,snRNA,program_1,0.35270434617996216
high_confidence,LAM4:CCTTACGAGTGACATA-1,LAM4,snRNA,program_1,0.0
high_confidence,LAM4:CGACTTCTCTGACCTC-1,LAM4,snRNA,program_1,0.13637298345565796
high_confidence,LAM4:CGATCGGCACACCGCA-1,LAM4,snRNA,program_1,0.05801421403884888
high_confidence,LAM4:CGATCGGTCTACTCAT-1,LAM4,snRNA,program_1,0.40860071778297424
high_confidence,LAM4:CGCGTTTCAGGACCCT-1,LAM4,snRNA,program_1,0.043822240084409714
high_confidence,LAM4:CGCGTTTTCTTGCATT-1,LAM4,snRNA,program_1,0.05025193840265274
high_confidence,LAM4:CGCTGGATCCTTGACC-1,LAM4,snRNA,program_1,0.19236433506011963
high_confidence,LAM4:CGGAGTCCACATCCAA-1,LAM4,snRNA,program_1,0.0
high_confidence,LAM4:CGTAGCGCACTGAAGG-1,LAM4,snRNA,program_1,0.3369482457637787
high_confidence,LAM4:CGTGTAAAGATCCCGC-1,LAM4,snRNA,program_1,0.39792895317077637
high_confidence,LAM4:CGTTAGACATCGACGC-1,LAM4,snRNA,program_1,0.04638658091425896
high_confidence,LAM4:CTAACTTAGTAGTGCG-1,LAM4,snRNA,program_1,0.3690446615219116
high_confidence,LAM4:CTAATGGCATGGTCAT-1,LAM4,snRNA,program_1,0.0
high_confidence,LAM4:CTACGTCCACGGCTAC-1,LAM4,snRNA,program_1,0.0820184051990509
high_confidence,LAM4:CTCGGAGTCACGATGT-1,LAM4,snRNA,program_1,0.05431099608540535
high_confidence,LAM4:CTCTACGGTAGCGCAA-1,LAM4,snRNA,program_1,0.406463623046875
high_confidence,LAM4:CTTAGGATCACTTATC-1,LAM4,snRNA,program_1,0.02032563090324402
high_confidence,LAM4:CTTCTCTTCTCCGGTT-1,LAM4,snRNA,program_1,0.09488831460475922
high_confidence,LAM4:GACGCGTCATCTCGCT-1,LAM4,snRNA,program_1,0.319155216217041
high_confidence,LAM4:GACGTGCTCCACTCCA-1,LAM4,snRNA,program_1,0.04721483588218689
high_confidence,LAM4:GATCGATCACCAGTTA-1,LAM4,snRNA,program_1,0.0
high_confidence,LAM4:GATGAGGCACATGGGA-1,LAM4,snRNA,program_1,0.08982986211776733
high_confidence,LAM4:GCAAACTCATTCCTCG-1,LAM4,snRNA,program_1,0.3714209496974945
high_confidence,LAM4:GCAGTTAAGTGGGTTG-1,LAM4,snRNA,program_1,0.058957818895578384
high_confidence,LAM4:GCATGTAAGTTTAGGA-1,LAM4,snRNA,program_1,0.3664194345474243
high_confidence,LAM4:GCATGTACAATGTTGC-1,LAM4,snRNA,program_1,0.033062733709812164
high_confidence,LAM4:GCGCGATGTCAAACTC-1,LAM4,snRNA,program_1,0.39849406480789185
high_confidence,LAM4:GCGGGTTGTCACAAGG-1,LAM4,snRNA,program_1,0.03126545250415802
high_confidence,LAM4:GCTTGAATCAGCTCTC-1,LAM4,snRNA,program_1,0.05363287031650543
high_confidence,LAM4:GGACATTCACAGGCCT-1,LAM4,snRNA,program_1,0.4055168926715851
high_confidence,LAM4:GGCAATTGTGCTGTAT-1,LAM4,snRNA,program_1,0.098639577627182
high_confidence,LAM4:GGCTCGAGTGATAAGT-1,LAM4,snRNA,program_1,0.4078037738800049
high_confidence,LAM4:GGCTGGTAGTTTCCTT-1,LAM4,snRNA,program_1,0.06485816091299057
high_confidence,LAM4:GGGCATCTCCCTAATT-1,LAM4,snRNA,program_1,0.05122898146510124
high_confidence,LAM4:GGTGTTAAGAGTCTGG-1,LAM4,snRNA,program_1,0.0
high_confidence,LAM4:GTACGTAGTATGGTTC-1,LAM4,snRNA,program_1,0.06974519789218903
high_confidence,LAM4:GTACTTTGTCGATTGT-1,LAM4,snRNA,program_1,0.06704545766115189
high_confidence,LAM4:GTAGGCCAGAATTCCC-1,LAM4,snRNA,program_1,0.3901013433933258
high_confidence,LAM4:GTAGGCCGTCTTGCGG-1,LAM4,snRNA,program_1,0.048472899943590164
high_confidence,LAM4:GTAGTCAGTTCCACGG-1,LAM4,snRNA,program_1,0.3557997941970825
high_confidence,LAM4:GTTCTCGGTGATGTCT-1,LAM4,snRNA,program_1,0.396335244178772
high_confidence,LAM4:TAGACCATCGCGATCG-1,LAM4,snRNA,program_1,0.36348962783813477
high_confidence,LAM4:TAGCCGGGTCTTGATG-1,LAM4,snRNA,program_1,0.39515745639801025
high_confidence,LAM4:TAGTGGTTCCCATTAT-1,LAM4,snRNA,program_1,0.34383857250213623
high_confidence,LAM4:TATCTCAAGTCCTCCT-1,LAM4,snRNA,program_1,0.3768104910850525
high_confidence,LAM4:TATCTCACAAACGCGA-1,LAM4,snRNA,program_1,0.02117740735411644
high_confidence,LAM4:TATTACCCAAACGCGA-1,LAM4,snRNA,program_1,0.01028585433959961
high_confidence,LAM4:TATTACCTCGCGCCAA-1,LAM4,snRNA,program_1,0.004943092819303274
high_confidence,LAM4:TCAACGAAGCGTCAAG-1,LAM4,snRNA,program_1,0.02316393330693245
high_confidence,LAM4:TCAGATGGTGCACGAA-1,LAM4,snRNA,program_1,0.034894004464149475
high_confidence,LAM4:TCATTACAGGTTCCTA-1,LAM4,snRNA,program_1,0.08082503080368042
high_confidence,LAM4:TCATTACAGTGTTGAA-1,LAM4,snRNA,program_1,0.029978439211845398
high_confidence,LAM4:TCATTACCATCGATGT-1,LAM4,snRNA,program_1,0.046511661261320114
high_confidence,LAM4:TCGCGAGTCCAGGGCT-1,LAM4,snRNA,program_1,0.003348884405568242
high_confidence,LAM4:TCTCATACAACTGCTA-1,LAM4,snRNA,program_1,0.03142453730106354
high_confidence,LAM4:TCTCATATCTGTACGA-1,LAM4,snRNA,program_1,0.4086179733276367
high_confidence,LAM4:TGACAACCACACATGT-1,LAM4,snRNA,program_1,0.0
high_confidence,LAM4:TGACGGCAGATCACGG-1,LAM4,snRNA,program_1,0.05766206234693527
high_confidence,LAM4:TGACTTTTCTTAGAGC-1,LAM4,snRNA,program_1,0.15415439009666443
high_confidence,LAM4:TGAGCCGGTTCGCGAC-1,LAM4,snRNA,program_1,0.053493231534957886
high_confidence,LAM4:TGCCCATGTACCATCA-1,LAM4,snRNA,program_1,0.06082302704453468
high_confidence,LAM4:TGGACGCAGCGTTCCG-1,LAM4,snRNA,program_1,0.09968898445367813
high_confidence,LAM4:TGGTTCCCAGTCCTTC-1,LAM4,snRNA,program_1,0.0
high_confidence,LAM4:TGGTTCCCATCCTAGA-1,LAM4,snRNA,program_1,0.04688706248998642
high_confidence,LAM4:TGTGGTAGTCTAGAGG-1,LAM4,snRNA,program_1,0.43291357159614563
high_confidence,LAM4:TTAGGCAGTCGACTGC-1,LAM4,snRNA,program_1,0.31043151021003723
high_confidence,LAM4:TTCCCAGTCTGTCAAG-1,LAM4,snRNA,program_1,0.14310061931610107
high_confidence,LAM4:TTCGGTCAGCTAAACA-1,LAM4,snRNA,program_1,0.00673654954880476
high_confidence,LAM4:TTCGGTCCAGAAGCAC-1,LAM4,snRNA,program_1,0.3199303448200226
high_confidence,LAM4:TTCTACACATGATCCA-1,LAM4,snRNA,program_1,0.0477936677634716
high_confidence,LAM4:TTGCGTCCACACCGAC-1,LAM4,snRNA,program_1,0.010545596480369568
high_confidence,LAM4:TTGGAACGTTCCATGA-1,LAM4,snRNA,program_1,0.4142683744430542
high_confidence,LAM4:TTGGCAACACGAAGCA-1,LAM4,snRNA,program_1,0.10302615910768509
high_confidence,LAM4:TTGTAGGCACCGGAAA-1,LAM4,snRNA,program_1,0.38996943831443787
high_confidence,LAM4:TTTGTCACAGCCAGAA-1,LAM4,snRNA,program_1,0.3797253370285034
high_confidence,LAM1:AAAGTAGTCGTAGGTT-1,LAM1,scRNA,program_2,0.07241030037403107
high_confidence,LAM1:AACTCAGTCGGACAAG-1,LAM1,scRNA,program_2,0.022086672484874725
high_confidence,LAM1:AAGCCGCCAGTTCATG-1,LAM1,scRNA,program_2,0.0048155090771615505
high_confidence,LAM1:AATCCAGGTGCTGTAT-1,LAM1,scRNA,program_2,0.23983153700828552
high_confidence,LAM1:AATCGGTGTAGATTAG-1,LAM1,scRNA,program_2,0.0591287836432457
high_confidence,LAM1:ACACCAATCAACACCA-1,LAM1,scRNA,program_2,0.0
high_confidence,LAM1:ACACTGATCCTTGCCA-1,LAM1,scRNA,program_2,0.8682008385658264
high_confidence,LAM1:ACATACGAGCTAGTTC-1,LAM1,scRNA,program_2,0.056900739669799805
high_confidence,LAM1:ACATCAGCACCCAGTG-1,LAM1,scRNA,program_2,0.032061316072940826
high_confidence,LAM1:ACGCCAGAGCAGCCTC-1,LAM1,scRNA,program_2,0.03856394812464714
high_confidence,LAM1:ACGCCAGAGTGTCCCG-1,LAM1,scRNA,program_2,0.14359328150749207
high_confidence,LAM1:AGACGTTTCTTAGAGC-1,LAM1,scRNA,program_2,0.03712167218327522
high_confidence,LAM1:AGTTGGTAGTTAAGTG-1,LAM1,scRNA,program_2,0.0
high_confidence,LAM1:ATCACGACAAACAACA-1,LAM1,scRNA,program_2,0.5224873423576355
high_confidence,LAM1:ATGCGATAGGAGTAGA-1,LAM1,scRNA,program_2,0.0
high_confidence,LAM1:ATGCGATGTCCGCTGA-1,LAM1,scRNA,program_2,1.0903369188308716
high_confidence,LAM1:ATGTGTGCAGACAAGC-1,LAM1,scRNA,program_2,1.3112605810165405
high_confidence,LAM1:ATTACTCAGCCACCTG-1,LAM1,scRNA,program_2,1.2195284366607666
high_confidence,LAM1:ATTGGACGTCGATTGT-1,LAM1,scRNA,program_2,0.617792010307312
high_confidence,LAM1:CAACTAGTCATGTCTT-1,LAM1,scRNA,program_2,0.7068699598312378
high_confidence,LAM1:CACAGTAAGAGAACAG-1,LAM1,scRNA,program_2,1.005413293838501
high_confidence,LAM1:CAGAATCTCAACTCTT-1,LAM1,scRNA,program_2,0.02346590906381607
high_confidence,LAM1:CAGAGAGTCCCTTGCA-1,LAM1,scRNA,program_2,0.05025175213813782
high_confidence,LAM1:CAGGTGCAGAATTCCC-1,LAM1,scRNA,program_2,0.3553856611251831
high_confidence,LAM1:CATCAAGTCCACGTTC-1,LAM1,scRNA,program_2,0.8089922666549683
high_confidence,LAM1:CATGACAAGATCCTGT-1,LAM1,scRNA,program_2,0.06472571194171906
high_confidence,LAM1:CCACCTACAATGTTGC-1,LAM1,scRNA,program_2,0.5236256718635559
high_confidence,LAM1:CCTACCAAGAAGGTTT-1,LAM1,scRNA,program_2,0.0
high_confidence,LAM1:CCTATTACACGAGGTA-1,LAM1,scRNA,program_2,1.1351542472839355
high_confidence,LAM1:CGAGAAGCACTTGGAT-1,LAM1,scRNA,program_2,0.9745622277259827
high_confidence,LAM1:CGAGCACCATTATCTC-1,LAM1,scRNA,program_2,1.1908047199249268
high_confidence,LAM1:CGAGCACGTCTAGCGC-1,LAM1,scRNA,program_2,0.02261829748749733
high_confidence,LAM1:CGATGTAGTACTTGAC-1,LAM1,scRNA,program_2,0.0
high_confidence,LAM1:CGGACACTCAGAGGTG-1,LAM1,scRNA,program_2,1.2159956693649292
high_confidence,LAM1:CGTCCATAGGGTTCCC-1,LAM1,scRNA,program_2,0.059088222682476044
high_confidence,LAM1:CGTGAGCGTGCTAGCC-1,LAM1,scRNA,program_2,0.046974245458841324
high_confidence,LAM1:CGTGAGCTCGGTGTTA-1,LAM1,scRNA,program_2,0.02317221648991108
high_confidence,LAM1:CTGATCCGTTACCGAT-1,LAM1,scRNA,program_2,0.8378762006759644
high_confidence,LAM1:GAAACTCGTTACGCGC-1,LAM1,scRNA,program_2,0.015277519822120667
high_confidence,LAM1:GAAACTCTCCCTAATT-1,LAM1,scRNA,program_2,0.006557794753462076
high_confidence,LAM1:GACACGCGTAAATGAC-1,LAM1,scRNA,program_2,0.0
high_confidence,LAM1:GACAGAGTCCGTCATC-1,LAM1,scRNA,program_2,0.05372365191578865
high_confidence,LAM1:GATCAGTTCTCCCTGA-1,LAM1,scRNA,program_2,0.1659463346004486
high_confidence,LAM1:GCACTCTTCAGGCGAA-1,LAM1,scRNA,program_2,1.152166485786438
high_confidence,LAM1:GCATGATTCGGTGTTA-1,LAM1,scRNA,program_2,0.021408051252365112
high_confidence,LAM1:GGATTACAGAAAGTGG-1,LAM1,scRNA,program_2,0.013689571991562843
high_confidence,LAM1:GGCGACTTCCTCATTA-1,LAM1,scRNA,program_2,0.0
high_confidence,LAM1:GGCGACTTCGCACTCT-1,LAM1,scRNA,program_2,1.1524536609649658
high_confidence,LAM1:GGGAGATAGCCATCGC-1,LAM1,scRNA,program_2,1.256934642791748
high_confidence,LAM1:GGTGTTACAAGGTGTG-1,LAM1,scRNA,program_2,0.03046899475157261
high_confidence,LAM1:GTAACTGCATCCCACT-1,LAM1,scRNA,program_2,0.012435561046004295
high_confidence,LAM1:GTCAAGTCAGGCTGAA-1,LAM1,scRNA,program_2,0.9046459197998047
high_confidence,LAM1:GTCTTCGGTTAAGAAC-1,LAM1,scRNA,program_2,0.846470057964325
high_confidence,LAM1:GTGCAGCAGAGGGCTT-1,LAM1,scRNA,program_2,0.93205326795578
high_confidence,LAM1:GTGTGCGTCAACCATG-1,LAM1,scRNA,program_2,0.03648098558187485
high_confidence,LAM1:GTTTCTACATTGTGCA-1,LAM1,scRNA,program_2,1.2391990423202515
high_confidence,LAM1:GTTTCTAGTACAGACG-1,LAM1,scRNA,program_2,0.03427703306078911
high_confidence,LAM1:TAAGTGCCATCTACGA-1,LAM1,scRNA,program_2,0.6261665225028992
high_confidence,LAM1:TAGTTGGTCTTTACAC-1,LAM1,scRNA,program_2,0.906189501285553
high_confidence,LAM1:TATCTCATCAAGCCTA-1,LAM1,scRNA,program_2,1.1686961650848389
high_confidence,LAM1:TCAATCTCAAAGTCAA-1,LAM1,scRNA,program_2,0.025482380762696266
high_confidence,LAM1:TCAGGATTCTCCTATA-1,LAM1,scRNA,program_2,0.041229382157325745
high_confidence,LAM1:TCAGGTATCAGGTTCA-1,LAM1,scRNA,program_2,0.020031584426760674
high_confidence,LAM1:TCATTACTCTGCGACG-1,LAM1,scRNA,program_2,0.010152402333915234
high_confidence,LAM1:TCGAGGCTCGACCAGC-1,LAM1,scRNA,program_2,1.2609728574752808
high_confidence,LAM1:TCGGGACCAGCCAATT-1,LAM1,scRNA,program_2,0.06421411037445068
high_confidence,LAM1:TGCACCTTCGAACTGT-1,LAM1,scRNA,program_2,1.1703951358795166
high_confidence,LAM1:TGCCCTAGTCCATGAT-1,LAM1,scRNA,program_2,1.1090208292007446
high_confidence,LAM1:TGCGCAGGTTCGCTAA-1,LAM1,scRNA,program_2,0.9290058612823486
high_confidence,LAM1:TGGCCAGTCGCACTCT-1,LAM1,scRNA,program_2,0.1505880355834961
high_confidence,LAM1:TTAACTCGTACTCAAC-1,LAM1,scRNA,program_2,1.129028081893921
high_confidence,LAM1:TTCTACACAGTTCATG-1,LAM1,scRNA,program_2,0.8767063617706299
high_confidence,LAM1:TTGGCAAAGAATCTCC-1,LAM1,scRNA,program_2,1.0825741291046143
high_confidence,LAM1:TTTACTGTCCTACAGA-1,LAM1,scRNA,program_2,1.2574642896652222
high_confidence,LAM1:TTTCCTCGTGTGACGA-1,LAM1,scRNA,program_2,0.11428862065076828
high_confidence,LAM2:AAAGATGTCGCCAAAT-1,LAM2,snRNA,program_2,0.0025645552668720484
high_confidence,LAM2:AAAGTAGCATTCTTAC-1,LAM2,snRNA,program_2,0.0
high_confidence,LAM2:AACCATGGTACCGCTG-1,LAM2,snRNA,program_2,0.06439115107059479
high_confidence,LAM2:AACTCCCGTCTAGCGC-1,LAM2,snRNA,program_2,0.0
high_confidence,LAM2:AACTCTTCAGTGAGTG-1,LAM2,snRNA,program_2,0.0009255087352357805
high_confidence,LAM2:AAGGCAGCAATGAATG-1,LAM2,snRNA,program_2,0.040643829852342606
high_confidence,LAM2:AAGGCAGTCAAGAAGT-1,LAM2,snRNA,program_2,0.0
high_confidence,LAM2:AAGGCAGTCTTCCTTC-1,LAM2,snRNA,program_2,0.0
high_confidence,LAM2:AATCGGTAGGTAAACT-1,LAM2,snRNA,program_2,0.0
high_confidence,LAM2:ACACCGGTCAACGGGA-1,LAM2,snRNA,program_2,0.0
high_confidence,LAM2:ACATGGTGTTCGGGCT-1,LAM2,snRNA,program_2,0.0
high_confidence,LAM2:ACGATGTGTAAGTGGC-1,LAM2,snRNA,program_2,0.004306307062506676
high_confidence,LAM2:ACGCCAGAGTTCCACA-1,LAM2,snRNA,program_2,0.002653233241289854
high_confidence,LAM2:ACTATCTAGTCATGCT-1,LAM2,snRNA,program_2,0.06703220307826996
high_confidence,LAM2:ACTTGTTGTTCGTCTC-1,LAM2,snRNA,program_2,0.0
high_confidence,LAM2:AGACGTTGTCCAGTTA-1,LAM2,snRNA,program_2,0.0
high_confidence,LAM2:AGATTGCAGCTACCGC-1,LAM2,snRNA,program_2,0.0
high_confidence,LAM2:AGCAGCCTCCTCAATT-1,LAM2,snRNA,program_2,0.0
high_confidence,LAM2:AGCGTATTCGACCAGC-1,LAM2,snRNA,program_2,0.0
high_confidence,LAM2:AGCTCTCCAAAGGTGC-1,LAM2,snRNA,program_2,0.0
high_confidence,LAM2:AGGTCCGTCAGGCCCA-1,LAM2,snRNA,program_2,0.0
high_confidence,LAM2:AGTGAGGAGGTGACCA-1,LAM2,snRNA,program_2,0.0
high_confidence,LAM2:AGTGAGGCATCGGGTC-1,LAM2,snRNA,program_2,0.030534278601408005
high_confidence,LAM2:AGTGTCAAGGACAGAA-1,LAM2,snRNA,program_2,0.0
high_confidence,LAM2:AGTTGGTAGTGTGGCA-1,LAM2,snRNA,program_2,0.0
high_confidence,LAM2:ATCATCTGTATTACCG-1,LAM2,snRNA,program_2,0.0
high_confidence,LAM2:ATCCACCCATGTTCCC-1,LAM2,snRNA,program_2,0.0
high_confidence,LAM2:ATCCGAAAGGAGTACC-1,LAM2,snRNA,program_2,0.009167465381324291
high_confidence,LAM2:ATCCGAACACCTGGTG-1,LAM2,snRNA,program_2,0.0
high_confidence,LAM2:ATCTGCCTCGGAAATA-1,LAM2,snRNA,program_2,0.0
high_confidence,LAM2:ATGCGATAGATGTCGG-1,LAM2,snRNA,program_2,0.0
high_confidence,LAM2:ATGGGAGTCGCCATAA-1,LAM2,snRNA,program_2,0.03403002396225929
high_confidence,LAM2:ATTATCCGTGAGGGTT-1,LAM2,snRNA,program_2,0.009407948702573776
high_confidence,LAM2:CAAGGCCCAGCGTAAG-1,LAM2,snRNA,program_2,0.14541929960250854
high_confidence,LAM2:CAAGGCCGTCACCTAA-1,LAM2,snRNA,program_2,0.0
high_confidence,LAM2:CAAGTTGTCTGACCTC-1,LAM2,snRNA,program_2,0.0
high_confidence,LAM2:CACAAACAGCAACGGT-1,LAM2,snRNA,program_2,0.0
high_confidence,LAM2:CACATAGCACTCAGGC-1,LAM2,snRNA,program_2,0.0
high_confidence,LAM2:CACATTTGTGACTCAT-1,LAM2,snRNA,program_2,0.014192630536854267
high_confidence,LAM2:CACCAGGGTTCAGCGC-1,LAM2,snRNA,program_2,0.0
high_confidence,LAM2:CAGATCAAGGGTTTCT-1,LAM2,snRNA,program_2,0.0
high_confidence,LAM2:CAGCCGAAGCTCTCGG-1,LAM2,snRNA,program_2,0.09392499178647995
high_confidence,LAM2:CAGCTAATCCGTCAAA-1,LAM2,snRNA,program_2,0.0
high_confidence,LAM2:CAGTAACCACGACGAA-1,LAM2,snRNA,program_2,0.05920641869306564
high_confidence,LAM2:CATATGGCACGCATCG-1,LAM2,snRNA,program_2,0.01036419440060854
high_confidence,LAM2:CATCGGGTCGCGCCAA-1,LAM2,snRNA,program_2,0.0075026825070381165
high_confidence,LAM2:CATTATCAGTGGGCTA-1,LAM2,snRNA,program_2,0.0
high_confidence,LAM2:CATTATCGTTGGACCC-1,LAM2,snRNA,program_2,0.0
high_confidence,LAM2:CATTCGCAGCGCCTTG-1,LAM2,snRNA,program_2,0.15321630239486694
high_confidence,LAM2:CCACGGATCCTAGGGC-1,LAM2,snRNA,program_2,0.0
high_confidence,LAM2:CCCTCCTTCCCTTGCA-1,LAM2,snRNA,program_2,0.0
high_confidence,LAM2:CCGGTAGAGAGTGACC-1,LAM2,snRNA,program_2,0.0329381600022316
high_confidence,LAM2:CCGGTAGCAAACAACA-1,LAM2,snRNA,program_2,0.0
high_confidence,LAM2:CCTAAAGCACGGACAA-1,LAM2,snRNA,program_2,0.0089708948507905
high_confidence,LAM2:CCTAAAGGTGCAACTT-1,LAM2,snRNA,program_2,0.22640323638916016
high_confidence,LAM2:CCTAAAGTCTTTAGTC-1,LAM2,snRNA,program_2,0.0
high_confidence,LAM2:CCTACACCACAAGACG-1,LAM2,snRNA,program_2,0.05213603377342224
high_confidence,LAM2:CCTTTCTCATCATCCC-1,LAM2,snRNA,program_2,0.4832433760166168
high_confidence,LAM2:CGAACATAGGGAGTAA-1,LAM2,snRNA,program_2,0.0
high_confidence,LAM2:CGAGAAGTCTAGCACA-1,LAM2,snRNA,program_2,0.010517661459743977
high_confidence,LAM2:CGAGCCACATGGATGG-1,LAM2,snRNA,program_2,0.002715624403208494
high_confidence,LAM2:CGATGGCTCCTTAATC-1,LAM2,snRNA,program_2,0.0
high_confidence,LAM2:CGATGTACAGAGTGTG-1,LAM2,snRNA,program_2,0.04078143835067749
high_confidence,LAM2:CGATGTATCTACCAGA-1,LAM2,snRNA,program_2,0.0
high_confidence,LAM2:CGCCAAGGTAGCACGA-1,LAM2,snRNA,program_2,0.0
high_confidence,LAM2:CGGACGTGTTAAGGGC-1,LAM2,snRNA,program_2,0.0
high_confidence,LAM2:CGGACTGTCTGGTTCC-1,LAM2,snRNA,program_2,0.002042928244918585
high_confidence,LAM2:CGGAGCTGTGCGATAG-1,LAM2,snRNA,program_2,0.0
high_confidence,LAM2:CGGGTCAAGGAACTGC-1,LAM2,snRNA,program_2,0.0
high_confidence,LAM2:CGTTAGATCTACCTGC-1,LAM2,snRNA,program_2,0.010294979438185692
high_confidence,LAM2:CGTTCTGGTCTAGCGC-1,LAM2,snRNA,program_2,0.0
high_confidence,LAM2:CGTTGGGTCGACCAGC-1,LAM2,snRNA,program_2,0.0
high_confidence,LAM2:CTAATGGCACGGATAG-1,LAM2,snRNA,program_2,0.02613416686654091
high_confidence,LAM2:CTACATTAGCCAGTAG-1,LAM2,snRNA,program_2,0.012890450656414032
high_confidence,LAM2:CTAGAGTGTTACGCGC-1,LAM2,snRNA,program_2,0.0
high_confidence,LAM2:CTAGCCTAGTGCGTGA-1,LAM2,snRNA,program_2,0.0
high_confidence,LAM2:CTAGTGAAGTCATCCA-1,LAM2,snRNA,program_2,0.002081318525597453
high_confidence,LAM2:CTCACACGTCCTGCTT-1,LAM2,snRNA,program_2,0.004925494082272053
high_confidence,LAM2:CTCCTAGCAGTATCTG-1,LAM2,snRNA,program_2,0.0009048909414559603
high_confidence,LAM2:CTCGAGGCACGAAATA-1,LAM2,snRNA,program_2,0.0
high_confidence,LAM2:CTCGAGGGTTTACTCT-1,LAM2,snRNA,program_2,0.0
high_confidence,LAM2:CTCGGGACAGCAGTTT-1,LAM2,snRNA,program_2,0.03432907909154892
high_confidence,LAM2:CTGAAACAGCTAACAA-1,LAM2,snRNA,program_2,0.0
high_confidence,LAM2:CTGATCCCAATAGCGG-1,LAM2,snRNA,program_2,0.04571275785565376
high_confidence,LAM2:CTGATCCTCTGCGGCA-1,LAM2,snRNA,program_2,0.004820069298148155
high_confidence,LAM2:CTGCGGAAGTGACATA-1,LAM2,snRNA,program_2,0.0
high_confidence,LAM2:CTGGTCTAGCGATTCT-1,LAM2,snRNA,program_2,0.1859377920627594
high_confidence,LAM2:CTTGGCTGTCCGAATT-1,LAM2,snRNA,program_2,0.025071630254387856
high_confidence,LAM2:GAACATCTCGGCCGAT-1,LAM2,snRNA,program_2,0.0
high_confidence,LAM2:GAAGCAGTCCTATGTT-1,LAM2,snRNA,program_2,0.0
high_confidence,LAM2:GACCAATCAGAGTGTG-1,LAM2,snRNA,program_2,0.0
high_confidence,LAM2:GACCAATGTTGTCGCG-1,LAM2,snRNA,program_2,0.0
high_confidence,LAM2:GACGCGTGTCGGATCC-1,LAM2,snRNA,program_2,0.015279664658010006
high_confidence,LAM2:GACTAACCACAAGTAA-1,LAM2,snRNA,program_2,0.13864317536354065
high_confidence,LAM2:GAGCAGAGTCGCGTGT-1,LAM2,snRNA,program_2,0.0
high_confidence,LAM2:GAGTCCGCAATGAATG-1,LAM2,snRNA,program_2,0.0
high_confidence,LAM2:GATCAGTCACACCGCA-1,LAM2,snRNA,program_2,0.019391780719161034
high_confidence,LAM2:GATCGATCATCATCCC-1,LAM2,snRNA,program_2,0.008612302131950855
high_confidence,LAM2:GATGAGGGTAGTACCT-1,LAM2,snRNA,program_2,0.0
high_confidence,LAM2:GATGAGGGTTCCATGA-1,LAM2,snRNA,program_2,0.038636215031147
high_confidence,LAM2:GCACTCTAGACATAAC-1,LAM2,snRNA,program_2,0.0
high_confidence,LAM2:GCAGCCACAATGTAAG-1,LAM2,snRNA,program_2,0.009536011144518852
high_confidence,LAM2:GCATGATAGGTTCCTA-1,LAM2,snRNA,program_2,0.008859238587319851
high_confidence,LAM2:GCGACCACAAGGTTTC-1,LAM2,snRNA,program_2,0.0
high_confidence,LAM2:GCGGGTTGTTCCACAA-1,LAM2,snRNA,program_2,0.014397654682397842
high_confidence,LAM2:GCTCCTACAATGGAGC-1,LAM2,snRNA,program_2,0.039853714406490326
high_confidence,LAM2:GCTCTGTGTACGCACC-1,LAM2,snRNA,program_2,0.006416485644876957
high_confidence,LAM2:GCTGCAGTCAGTTCGA-1,LAM2,snRNA,program_2,0.21603219211101532
high_confidence,LAM2:GCTGCGAAGGATCGCA-1,LAM2,snRNA,program_2,0.0
high_confidence,LAM2:GCTGGGTCAGTCTTCC-1,LAM2,snRNA,program_2,0.0
high_confidence,LAM2:GGACAAGCATCCCATC-1,LAM2,snRNA,program_2,0.0
high_confidence,LAM2:GGCTGGTAGTAGGTGC-1,LAM2,snRNA,program_2,0.0
high_confidence,LAM2:GGGAATGAGACTGTAA-1,LAM2,snRNA,program_2,0.023101743310689926
high_confidence,LAM2:GGGAGATAGTGCAAGC-1,LAM2,snRNA,program_2,0.029212553054094315
high_confidence,LAM2:GGTGCGTAGCCAACAG-1,LAM2,snRNA,program_2,0.0268390029668808
high_confidence,LAM2:GTACGTACATTAACCG-1,LAM2,snRNA,program_2,0.02021721750497818
high_confidence,LAM2:GTACTCCAGCCACTAT-1,LAM2,snRNA,program_2,0.13510940968990326
high_confidence,LAM2:GTATCTTAGACCTTTG-1,LAM2,snRNA,program_2,0.0
high_confidence,LAM2:GTCAAGTCACCAACCG-1,LAM2,snRNA,program_2,0.06068768724799156
high_confidence,LAM2:GTCCTCAAGGGATACC-1,LAM2,snRNA,program_2,0.06993047147989273
high_confidence,LAM2:GTCGTAAGTTATTCTC-1,LAM2,snRNA,program_2,0.0229475237429142
high_confidence,LAM2:GTGCTTCAGATCGGGT-1,LAM2,snRNA,program_2,0.0
high_confidence,LAM2:GTGGGTCGTGCAGGTA-1,LAM2,snRNA,program_2,0.06602733582258224
high_confidence,LAM2:GTTCATTGTGGAAAGA-1,LAM2,snRNA,program_2,0.0
high_confidence,LAM2:GTTCTCGTCTATCCTA-1,LAM2,snRNA,program_2,0.023498810827732086
high_confidence,LAM2:GTTTCTACACCGAATT-1,LAM2,snRNA,program_2,0.0
high_confidence,LAM2:TAAACCGCAGAGTGTG-1,LAM2,snRNA,program_2,0.0
high_confidence,LAM2:TAAACCGGTACTCGCG-1,LAM2,snRNA,program_2,0.014336241409182549
high_confidence,LAM2:TAAGAGACAGTAGAGC-1,LAM2,snRNA,program_2,0.024650828912854195
high_confidence,LAM2:TAAGCGTAGACTCGGA-1,LAM2,snRNA,program_2,0.0
high_confidence,LAM2:TACAGTGAGATGCGAC-1,LAM2,snRNA,program_2,0.0
high_confidence,LAM2:TACGGTATCCCTAACC-1,LAM2,snRNA,program_2,0.0
high_confidence,LAM2:TAGACCACATGGTAGG-1,LAM2,snRNA,program_2,0.0017005236586555839
high_confidence,LAM2:TAGCCGGGTGCTGTAT-1,LAM2,snRNA,program_2,0.03046530857682228
high_confidence,LAM2:TATCAGGGTGCAACGA-1,LAM2,snRNA,program_2,0.0
high_confidence,LAM2:TATGCCCCAATCGGTT-1,LAM2,snRNA,program_2,0.0
high_confidence,LAM2:TCAACGAAGCTTTGGT-1,LAM2,snRNA,program_2,0.0
high_confidence,LAM2:TCAATCTAGAGACTAT-1,LAM2,snRNA,program_2,0.0
high_confidence,LAM2:TCAGGATTCGTAGATC-1,LAM2,snRNA,program_2,0.0
high_confidence,LAM2:TCGAGGCTCACCAGGC-1,LAM2,snRNA,program_2,0.002719329670071602
high_confidence,LAM2:TCGTACCGTTCCACAA-1,LAM2,snRNA,program_2,0.0
high_confidence,LAM2:TCTATTGAGCTTATCG-1,LAM2,snRNA,program_2,0.023966597393155098
high_confidence,LAM2:TCTCATATCAGCTGGC-1,LAM2,snRNA,program_2,0.009150904603302479
high_confidence,LAM2:TCTTCGGGTAAATGAC-1,LAM2,snRNA,program_2,0.04102545976638794
high_confidence,LAM2:TGACAACTCACAGTAC-1,LAM2,snRNA,program_2,0.019613191485404968
high_confidence,LAM2:TGATTTCCACACCGCA-1,LAM2,snRNA,program_2,0.0
high_confidence,LAM2:TGCTACCTCTGCAAGT-1,LAM2,snRNA,program_2,0.12240640074014664
high_confidence,LAM2:TGCTGCTGTATGGTTC-1,LAM2,snRNA,program_2,0.0
high_confidence,LAM2:TGGACGCTCATGCTCC-1,LAM2,snRNA,program_2,0.3210040330886841
high_confidence,LAM2:TGGCGCACATCCCATC-1,LAM2,snRNA,program_2,0.0
high_confidence,LAM2:TGGTTCCAGGTAGCTG-1,LAM2,snRNA,program_2,0.0
high_confidence,LAM2:TGTCCCAGTATGAATG-1,LAM2,snRNA,program_2,0.0
high_confidence,LAM2:TGTTCCGCAGCTGTTA-1,LAM2,snRNA,program_2,0.02509399875998497
high_confidence,LAM2:TTAACTCCAGACAGGT-1,LAM2,snRNA,program_2,0.0
high_confidence,LAM2:TTAGGCAAGACCTTTG-1,LAM2,snRNA,program_2,0.0
high_confidence,LAM2:TTAGTTCCACGACTCG-1,LAM2,snRNA,program_2,0.0
high_confidence,LAM2:TTCCCAGAGCACACAG-1,LAM2,snRNA,program_2,0.011901305988430977
high_confidence,LAM2:TTCCCAGGTAGAGGAA-1,LAM2,snRNA,program_2,0.021001363173127174
high_confidence,LAM2:TTGACTTAGCTCCCAG-1,LAM2,snRNA,program_2,0.0
high_confidence,LAM2:TTGCCGTCAAGTCTGT-1,LAM2,snRNA,program_2,0.017945948988199234
high_confidence,LAM2:TTGTAGGGTCGGATCC-1,LAM2,snRNA,program_2,0.0
high_confidence,LAM2:TTTACTGAGACGCTTT-1,LAM2,snRNA,program_2,0.01282302662730217
high_confidence,LAM2:TTTGGTTCATCCCACT-1,LAM2,snRNA,program_2,0.0
high_confidence,LAM3:AAACCTGAGTGCAAGC-1,LAM3,scRNA,program_2,0.09739222377538681
high_confidence,LAM3:AAAGCAATCCACTCCA-1,LAM3,scRNA,program_2,0.7959057688713074
high_confidence,LAM3:AAAGTAGAGTCTTGCA-1,LAM3,scRNA,program_2,0.14685586094856262
high_confidence,LAM3:AACCATGCACGAAGCA-1,LAM3,scRNA,program_2,0.9987045526504517
high_confidence,LAM3:AACGTTGTCTGTACGA-1,LAM3,scRNA,program_2,0.0198005773127079
high_confidence,LAM3:AACTCCCTCGTAGATC-1,LAM3,scRNA,program_2,0.0
high_confidence,LAM3:AACTCTTTCTACTTAC-1,LAM3,scRNA,program_2,1.0289422273635864
high_confidence,LAM3:AACTGGTCACAAGCCC-1,LAM3,scRNA,program_2,0.14166679978370667
high_confidence,LAM3:AAGACCTCATATACGC-1,LAM3,scRNA,program_2,0.7558573484420776
high_confidence,LAM3:AAGGAGCCAGGTGCCT-1,LAM3,scRNA,program_2,0.16651685535907745
high_confidence,LAM3:ACATACGCACGAAACG-1,LAM3,scRNA,program_2,0.02362534962594509
high_confidence,LAM3:ACATACGTCTTGAGAC-1,LAM3,scRNA,program_2,0.6313832402229309
high_confidence,LAM3:ACATGGTCAGCTTAAC-1,LAM3,scRNA,program_2,0.850059986114502
high_confidence,LAM3:ACCTTTACACTCAGGC-1,LAM3,scRNA,program_2,0.7815772891044617
high_confidence,LAM3:ACGGGCTTCAGTACGT-1,LAM3,scRNA,program_2,0.0
high_confidence,LAM3:ACTGATGAGATCCGAG-1,LAM3,scRNA,program_2,0.5022814869880676
high_confidence,LAM3:AGAGTGGCAATGCCAT-1,LAM3,scRNA,program_2,0.8472797870635986
high_confidence,LAM3:AGAGTGGTCCTCAATT-1,LAM3,scRNA,program_2,0.11161938309669495
high_confidence,LAM3:AGATTGCTCTTCAACT-1,LAM3,scRNA,program_2,0.1141715794801712
high_confidence,LAM3:AGCCTAAAGACAATAC-1,LAM3,scRNA,program_2,0.09839041531085968
high_confidence,LAM3:AGCTCCTAGCCACTAT-1,LAM3,scRNA,program_2,0.9365560412406921
high_confidence,LAM3:AGGCCACAGGTGCACA-1,LAM3,scRNA,program_2,0.9750781655311584
high_confidence,LAM3:AGGCCGTAGATTACCC-1,LAM3,scRNA,program_2,0.06717682629823685
high_confidence,LAM3:AGGGAGTGTACATCCA-1,LAM3,scRNA,program_2,0.9728015065193176
high_confidence,LAM3:AGGTCATAGACAATAC-1,LAM3,scRNA,program_2,0.3876810073852539
high_confidence,LAM3:AGTAGTCCACCTCGTT-1,LAM3,scRNA,program_2,0.7418618202209473
high_confidence,LAM3:AGTGTCATCCCTCAGT-1,LAM3,scRNA,program_2,0.23710909485816956
high_confidence,LAM3:ATCTACTAGTGACATA-1,LAM3,scRNA,program_2,0.9757694005966187
high_confidence,LAM3:ATCTACTCACACCGAC-1,LAM3,scRNA,program_2,0.9741106629371643
high_confidence,LAM3:ATCTGCCTCAGAGCTT-1,LAM3,scRNA,program_2,1.093729019165039
high_confidence,LAM3:ATGAGGGGTGTGCGTC-1,LAM3,scRNA,program_2,0.8607121706008911
high_confidence,LAM3:ATGCGATCACGAAGCA-1,LAM3,scRNA,program_2,1.09581458568573
high_confidence,LAM3:ATGGGAGCAAACGCGA-1,LAM3,scRNA,program_2,0.1066024973988533
high_confidence,LAM3:ATTACTCCAGGACGTA-1,LAM3,scRNA,program_2,0.006116857286542654
high_confidence,LAM3:CAAGAAACAGCCAGAA-1,LAM3,scRNA,program_2,0.07135928422212601
high_confidence,LAM3:CAAGTTGAGCCTTGAT-1,LAM3,scRNA,program_2,0.10769066959619522
high_confidence,LAM3:CACAAACAGAGTAAGG-1,LAM3,scRNA,program_2,0.09650884568691254
high_confidence,LAM3:CACAAACCAATAGCGG-1,LAM3,scRNA,program_2,1.2132234573364258
high_confidence,LAM3:CACACCTTCAAACCAC-1,LAM3,scRNA,program_2,0.8127669095993042
high_confidence,LAM3:CACACTCCACGACGAA-1,LAM3,scRNA,program_2,0.041659727692604065
high_confidence,LAM3:CACATAGCACAGATTC-1,LAM3,scRNA,program_2,0.9895945191383362
high_confidence,LAM3:CAGAGAGTCGTACCGG-1,LAM3,scRNA,program_2,0.05158884450793266
high_confidence,LAM3:CAGCAGCAGGACCACA-1,LAM3,scRNA,program_2,0.026803333312273026
high_confidence,LAM3:CAGTAACGTCTAGAGG-1,LAM3,scRNA,program_2,0.039212290197610855
high_confidence,LAM3:CAGTAACTCTAGCACA-1,LAM3,scRNA,program_2,0.04640159383416176
high_confidence,LAM3:CAGTCCTCACCCATTC-1,LAM3,scRNA,program_2,0.1553584337234497
high_confidence,LAM3:CAGTCCTTCCTTGCCA-1,LAM3,scRNA,program_2,0.8277731537818909
high_confidence,LAM3:CATCAGATCGCAAGCC-1,LAM3,scRNA,program_2,0.8150879740715027
high_confidence,LAM3:CATGCCTAGCTCAACT-1,LAM3,scRNA,program_2,0.05187911540269852
high_confidence,LAM3:CATGCCTGTTAGATGA-1,LAM3,scRNA,program_2,0.06965504586696625
high_confidence,LAM3:CATTCGCTCCAGAGGA-1,LAM3,scRNA,program_2,0.9632541537284851
high_confidence,LAM3:CCAATCCGTAGCTGCC-1,LAM3,scRNA,program_2,1.0266530513763428
high_confidence,LAM3:CCACGGAAGGCAATTA-1,LAM3,scRNA,program_2,0.6617608070373535
high_confidence,LAM3:CCACGGACACCTATCC-1,LAM3,scRNA,program_2,0.7986056804656982
high_confidence,LAM3:CCACTACTCGTGGGAA-1,LAM3,scRNA,program_2,0.2560015320777893
high_confidence,LAM3:CCATGTCGTGCACGAA-1,LAM3,scRNA,program_2,0.014733506366610527
high_confidence,LAM3:CCCAATCTCGCTAGCG-1,LAM3,scRNA,program_2,0.28101426362991333
high_confidence,LAM3:CCGGGATAGTACGTAA-1,LAM3,scRNA,program_2,0.11729784309864044
high_confidence,LAM3:CCGGTAGCATCAGTCA-1,LAM3,scRNA,program_2,0.2177276760339737
high_confidence,LAM3:CCTAAAGTCATCTGTT-1,LAM3,scRNA,program_2,0.10721704363822937
high_confidence,LAM3:CCTACACCAAACGTGG-1,LAM3,scRNA,program_2,0.8688963055610657
high_confidence,LAM3:CCTACACCAATGTTGC-1,LAM3,scRNA,program_2,0.7283614277839661
high_confidence,LAM3:CCTCTGATCATTATCC-1,LAM3,scRNA,program_2,0.7817389965057373
high_confidence,LAM3:CCTTACGCAGACACTT-1,LAM3,scRNA,program_2,0.7198238968849182
high_confidence,LAM3:CCTTCCCGTGCAACGA-1,LAM3,scRNA,program_2,0.1472596526145935
high_confidence,LAM3:CCTTCGAAGTGTCCCG-1,LAM3,scRNA,program_2,0.052105046808719635
high_confidence,LAM3:CCTTTCTCACAGGTTT-1,LAM3,scRNA,program_2,1.1886072158813477
high_confidence,LAM3:CCTTTCTTCGGCGCTA-1,LAM3,scRNA,program_2,0.08562793582677841
high_confidence,LAM3:CGATGGCAGTAGGCCA-1,LAM3,scRNA,program_2,0.146700918674469
high_confidence,LAM3:CGCGGTATCTTGTACT-1,LAM3,scRNA,program_2,0.9322882294654846
high_confidence,LAM3:CGCTGGACACATCCAA-1,LAM3,scRNA,program_2,0.8994753360748291
high_confidence,LAM3:CGCTTCATCGCACTCT-1,LAM3,scRNA,program_2,0.8371264934539795
high_confidence,LAM3:CGGACGTTCGCTTGTC-1,LAM3,scRNA,program_2,0.6977439522743225
high_confidence,LAM3:CGGACTGAGAGTGACC-1,LAM3,scRNA,program_2,0.7547935247421265
high_confidence,LAM3:CGGACTGCAGACGCCT-1,LAM3,scRNA,program_2,0.8219853639602661
high_confidence,LAM3:CGGCTAGGTTAAGGGC-1,LAM3,scRNA,program_2,0.8368377089500427
high_confidence,LAM3:CGGGTCATCGAACTGT-1,LAM3,scRNA,program_2,0.45439639687538147
high_confidence,LAM3:CGTAGGCGTACTCAAC-1,LAM3,scRNA,program_2,1.0825674533843994
high_confidence,LAM3:CGTCACTCAGGCTCAC-1,LAM3,scRNA,program_2,1.1782423257827759
high_confidence,LAM3:CGTTAGAAGGGCATGT-1,LAM3,scRNA,program_2,0.02497786097228527
high_confidence,LAM3:CGTTAGAGTACCCAAT-1,LAM3,scRNA,program_2,0.040522560477256775
high_confidence,LAM3:CTAGAGTGTGATGATA-1,LAM3,scRNA,program_2,0.044665638357400894
high_confidence,LAM3:CTCGAAAGTCGCCATG-1,LAM3,scRNA,program_2,1.1480768918991089
high_confidence,LAM3:CTCGGAGTCCTATTCA-1,LAM3,scRNA,program_2,0.02324981801211834
high_confidence,LAM3:CTCGTACCAAGCCCAC-1,LAM3,scRNA,program_2,0.7623674273490906
high_confidence,LAM3:CTCTGGTGTGAAATCA-1,LAM3,scRNA,program_2,0.11360660195350647
high_confidence,LAM3:CTGAAACTCAAAGTAG-1,LAM3,scRNA,program_2,0.0
high_confidence,LAM3:CTGAAGTCACAGACAG-1,LAM3,scRNA,program_2,0.037268899381160736
high_confidence,LAM3:CTGAAGTTCTCGGACG-1,LAM3,scRNA,program_2,0.2125481814146042
high_confidence,LAM3:CTGATAGTCAAGATCC-1,LAM3,scRNA,program_2,0.040732260793447495
high_confidence,LAM3:CTGTGCTGTCGGCACT-1,LAM3,scRNA,program_2,0.05803734436631203
high_confidence,LAM3:CTTAACTGTTCTCATT-1,LAM3,scRNA,program_2,0.0445919968187809
high_confidence,LAM3:CTTACCGTCAGGATCT-1,LAM3,scRNA,program_2,0.24354872107505798
high_confidence,LAM3:CTTTGCGAGAAGGGTA-1,LAM3,scRNA,program_2,0.10602391511201859
high_confidence,LAM3:GAAATGATCATGGTCA-1,LAM3,scRNA,program_2,0.7941046357154846
high_confidence,LAM3:GAATAAGTCGCGTAGC-1,LAM3,scRNA,program_2,0.09607774764299393
high_confidence,LAM3:GACGCGTCAACTTGAC-1,LAM3,scRNA,program_2,0.23500634729862213
high_confidence,LAM3:GACGCGTTCGAGGTAG-1,LAM3,scRNA,program_2,0.9345448613166809
high_confidence,LAM3:GACGCGTTCTCCCTGA-1,LAM3,scRNA,program_2,0.01889324188232422
high_confidence,LAM3:GACGTTAAGACAGGCT-1,LAM3,scRNA,program_2,0.1136610358953476
high_confidence,LAM3:GACTAACAGACTAAGT-1,LAM3,scRNA,program_2,1.0111393928527832
high_confidence,LAM3:GATCAGTAGAAGAAGC-1,LAM3,scRNA,program_2,0.08742912858724594
high_confidence,LAM3:GATCTAGAGAGGACGG-1,LAM3,scRNA,program_2,0.9195837378501892
high_confidence,LAM3:GATGAGGAGCGTTCCG-1,LAM3,scRNA,program_2,0.6943463087081909
high_confidence,LAM3:GATGCTAAGAGCCCAA-1,LAM3,scRNA,program_2,0.6369785070419312
high_confidence,LAM3:GCAATCAAGGTAGCTG-1,LAM3,scRNA,program_2,0.7498036026954651
high_confidence,LAM3:GCACATATCCGCGTTT-1,LAM3,scRNA,program_2,0.3381625711917877
high_confidence,LAM3:GCACTCTGTCTCTCGT-1,LAM3,scRNA,program_2,0.8709467053413391
high_confidence,LAM3:GCAGCCACAACGATGG-1,LAM3,scRNA,program_2,0.8687986135482788
high_confidence,LAM3:GCATGATAGTCGAGTG-1,LAM3,scRNA,program_2,0.4368787109851837
high_confidence,LAM3:GCATGATGTGCCTTGG-1,LAM3,scRNA,program_2,0.03513428568840027
high_confidence,LAM3:GCATGCGAGCACGCCT-1,LAM3,scRNA,program_2,0.8368450403213501
high_confidence,LAM3:GCATGCGGTTACTGAC-1,LAM3,scRNA,program_2,1.157259225845337
high_confidence,LAM3:GCGAGAATCGTGGACC-1,LAM3,scRNA,program_2,0.24697645008563995
high_confidence,LAM3:GCGCAACGTCACCCAG-1,LAM3,scRNA,program_2,0.09893905371427536
high_confidence,LAM3:GCGGGTTAGGCTAGAC-1,LAM3,scRNA,program_2,0.8259046077728271
high_confidence,LAM3:GCGGGTTTCACTATTC-1,LAM3,scRNA,program_2,0.765533983707428
high_confidence,LAM3:GCTGCAGTCGCGCCAA-1,LAM3,scRNA,program_2,0.09457595646381378
high_confidence,LAM3:GGAATAAGTAGCTGCC-1,LAM3,scRNA,program_2,0.8033732175827026
high_confidence,LAM3:GGACAGACACGGCGTT-1,LAM3,scRNA,program_2,0.05285891145467758
high_confidence,LAM3:GGACAGAGTAAGGATT-1,LAM3,scRNA,program_2,0.3427121639251709
high_confidence,LAM3:GGGCACTTCGTTACAG-1,LAM3,scRNA,program_2,0.03574223443865776
high_confidence,LAM3:GGGCATCAGGAATGGA-1,LAM3,scRNA,program_2,0.0
high_confidence,LAM3:GGGTCTGGTAGGCTGA-1,LAM3,scRNA,program_2,0.9615946412086487
high_confidence,LAM3:GTAACTGTCAAACAAG-1,LAM3,scRNA,program_2,0.7698266506195068
high_confidence,LAM3:GTACTTTCACTACAGT-1,LAM3,scRNA,program_2,0.6610068082809448
high_confidence,LAM3:GTAGGCCCATGTCCTC-1,LAM3,scRNA,program_2,0.8750738501548767
high_confidence,LAM3:GTAGGCCTCCACGACG-1,LAM3,scRNA,program_2,0.802209734916687
high_confidence,LAM3:GTAGTCAGTAGGCTGA-1,LAM3,scRNA,program_2,0.03864607214927673
high_confidence,LAM3:GTCACAACACCATCCT-1,LAM3,scRNA,program_2,0.2864810824394226
high_confidence,LAM3:GTCACGGTCATCATTC-1,LAM3,scRNA,program_2,0.07244180142879486
high_confidence,LAM3:GTCCTCATCACGGTTA-1,LAM3,scRNA,program_2,0.6203008890151978
high_confidence,LAM3:GTCTCGTCACTAGTAC-1,LAM3,scRNA,program_2,0.8621758818626404
high_confidence,LAM3:GTCTTCGTCGAGAGCA-1,LAM3,scRNA,program_2,1.065481185913086
high_confidence,LAM3:GTGCATAGTGCACGAA-1,LAM3,scRNA,program_2,0.007146005053073168
high_confidence,LAM3:GTGGGTCAGACTAGAT-1,LAM3,scRNA,program_2,0.7004659175872803
high_confidence,LAM3:GTGTGCGGTCTCAACA-1,LAM3,scRNA,program_2,0.3350541293621063
high_confidence,LAM3:GTTAAGCAGCTGTCTA-1,LAM3,scRNA,program_2,0.6307860016822815
high_confidence,LAM3:GTTCGGGGTCTTCAAG-1,LAM3,scRNA,program_2,0.07129219174385071
high_confidence,LAM3:GTTTCTATCTTCATGT-1,LAM3,scRNA,program_2,0.07093080878257751
high_confidence,LAM3:TAAACCGAGCTTTGGT-1,LAM3,scRNA,program_2,0.002556753112003207
high_confidence,LAM3:TAAGAGACAAGAAAGG-1,LAM3,scRNA,program_2,0.09285265952348709
high_confidence,LAM3:TAAGCGTGTCCAAGTT-1,LAM3,scRNA,program_2,0.05661595240235329
high_confidence,LAM3:TACACGACACATAACC-1,LAM3,scRNA,program_2,0.026911946013569832
high_confidence,LAM3:TACAGTGAGGCAATTA-1,LAM3,scRNA,program_2,0.8975419402122498
high_confidence,LAM3:TACTCATAGAAGGCCT-1,LAM3,scRNA,program_2,0.6067816615104675
high_confidence,LAM3:TACTTACAGCTAGTCT-1,LAM3,scRNA,program_2,0.6730465292930603
high_confidence,LAM3:TAGAGCTAGTTAGCGG-1,LAM3,scRNA,program_2,0.8433398008346558
high_confidence,LAM3:TAGAGCTCAATCGAAA-1,LAM3,scRNA,program_2,0.03448908403515816
high_confidence,LAM3:TAGAGCTTCCTGCAGG-1,LAM3,scRNA,program_2,0.6419727206230164
high_confidence,LAM3:TAGCCGGAGGTGATTA-1,LAM3,scRNA,program_2,0.8443982601165771
high_confidence,LAM3:TAGTGGTCATTGTGCA-1,LAM3,scRNA,program_2,0.04704786464571953
high_confidence,LAM3:TAGTTGGGTCTCTTAT-1,LAM3,scRNA,program_2,0.8427279591560364
high_confidence,LAM3:TCAATCTTCCCGACTT-1,LAM3,scRNA,program_2,0.08820360153913498
high_confidence,LAM3:TCACGAATCCACGTTC-1,LAM3,scRNA,program_2,0.8754115104675293
high_confidence,LAM3:TCACGAATCCGCGTTT-1,LAM3,scRNA,program_2,0.11779196560382843
high_confidence,LAM3:TCAGATGTCCGCAAGC-1,LAM3,scRNA,program_2,0.09648778289556503
high_confidence,LAM3:TCAGCAATCATTCACT-1,LAM3,scRNA,program_2,0.9090750813484192
high_confidence,LAM3:TCAGGATAGAGGACGG-1,LAM3,scRNA,program_2,0.8093298077583313
high_confidence,LAM3:TCAGGATAGTGTACTC-1,LAM3,scRNA,program_2,0.48984184861183167
high_confidence,LAM3:TCAGGATTCGAGAGCA-1,LAM3,scRNA,program_2,0.14862684905529022
high_confidence,LAM3:TCCACACAGCTGCCCA-1,LAM3,scRNA,program_2,0.16867242753505707
high_confidence,LAM3:TCCCGATGTCATATGC-1,LAM3,scRNA,program_2,0.9635686278343201
high_confidence,LAM3:TCGTACCAGGGATCTG-1,LAM3,scRNA,program_2,1.0880699157714844
high_confidence,LAM3:TCGTAGACAATGTTGC-1,LAM3,scRNA,program_2,0.2779741883277893
high_confidence,LAM3:TCTATTGCAGACAAAT-1,LAM3,scRNA,program_2,0.09887499362230301
high_confidence,LAM3:TCTTTCCGTACATGTC-1,LAM3,scRNA,program_2,0.8584040403366089
high_confidence,LAM3:TGACTAGGTCCAGTTA-1,LAM3,scRNA,program_2,0.06126951426267624
high_confidence,LAM3:TGACTTTTCAAGCCTA-1,LAM3,scRNA,program_2,0.025590229779481888
high_confidence,LAM3:TGACTTTTCACGGTTA-1,LAM3,scRNA,program_2,0.0644257515668869
high_confidence,LAM3:TGAGCATTCACCCGAG-1,LAM3,scRNA,program_2,0.037702031433582306
high_confidence,LAM3:TGAGGGAAGGGTTCCC-1,LAM3,scRNA,program_2,0.856377899646759
high_confidence,LAM3:TGAGGGACATCGGAAG-1,LAM3,scRNA,program_2,0.9727693796157837
high_confidence,LAM3:TGCACCTGTTGTTTGG-1,LAM3,scRNA,program_2,0.10668378323316574
high_confidence,LAM3:TGCGCAGAGATATACG-1,LAM3,scRNA,program_2,0.1624191254377365
high_confidence,LAM3:TGCGGGTGTATAATGG-1,LAM3,scRNA,program_2,0.24767935276031494
high_confidence,LAM3:TGCTACCGTAACGTTC-1,LAM3,scRNA,program_2,0.6803033351898193
high_confidence,LAM3:TGGACGCGTAATTGGA-1,LAM3,scRNA,program_2,0.6033985614776611
high_confidence,LAM3:TGGCTGGCATGCGCAC-1,LAM3,scRNA,program_2,0.10828206688165665
high_confidence,LAM3:TGGGAAGGTGTCCTCT-1,LAM3,scRNA,program_2,0.031641971319913864
high_confidence,LAM3:TGGGCGTAGCCGATTT-1,LAM3,scRNA,program_2,0.6930071711540222
high_confidence,LAM3:TGGGCGTGTGACTACT-1,LAM3,scRNA,program_2,0.4781211018562317
high_confidence,LAM3:TGTATTCGTCTCCCTA-1,LAM3,scRNA,program_2,0.021375488489866257
high_confidence,LAM3:TTAACTCGTGTAATGA-1,LAM3,scRNA,program_2,0.8543187975883484
high_confidence,LAM3:TTATGCTGTCTAGTCA-1,LAM3,scRNA,program_2,0.16563780605793
high_confidence,LAM3:TTCTTAGCAACACCCG-1,LAM3,scRNA,program_2,0.5322654247283936
high_confidence,LAM3:TTGACTTGTAGCGCAA-1,LAM3,scRNA,program_2,0.6990402936935425
high_confidence,LAM3:TTGGCAAGTTTACTCT-1,LAM3,scRNA,program_2,0.08349686861038208
high_confidence,LAM3:TTTACTGCAGATGGGT-1,LAM3,scRNA,program_2,0.04815420135855675
high_confidence,LAM3:TTTATGCAGCCAACAG-1,LAM3,scRNA,program_2,0.8201757669448853
high_confidence,LAM3:TTTGTCACAGTTCCCT-1,LAM3,scRNA,program_2,0.834448516368866
high_confidence,LAM4:AAGGTTCCAGGGATTG-1,LAM4,snRNA,program_2,0.5395058989524841
high_confidence,LAM4:ACACTGAGTCAAACTC-1,LAM4,snRNA,program_2,0.010137557052075863
high_confidence,LAM4:ACAGCCGCAATCTGCA-1,LAM4,snRNA,program_2,0.516498327255249
high_confidence,LAM4:ACAGCTACAATGACCT-1,LAM4,snRNA,program_2,0.20690758526325226
high_confidence,LAM4:ACCGTAAGTGCACCAC-1,LAM4,snRNA,program_2,0.6856235265731812
high_confidence,LAM4:ACGCAGCCACAGCCCA-1,LAM4,snRNA,program_2,0.0
high_confidence,LAM4:ACGGGCTCACTTACGA-1,LAM4,snRNA,program_2,0.07133356481790543
high_confidence,LAM4:ACGGGCTTCTGGCGAC-1,LAM4,snRNA,program_2,0.0
high_confidence,LAM4:ACTGATGCAGAGCCAA-1,LAM4,snRNA,program_2,0.0
high_confidence,LAM4:AGATCTGGTGTTCGAT-1,LAM4,snRNA,program_2,0.16351056098937988
high_confidence,LAM4:AGCAGCCCATGCAACT-1,LAM4,snRNA,program_2,0.8357710838317871
high_confidence,LAM4:AGGGAGTAGTCAAGCG-1,LAM4,snRNA,program_2,0.8276644945144653
high_confidence,LAM4:ATAACGCAGTACTTGC-1,LAM4,snRNA,program_2,0.04942157119512558
high_confidence,LAM4:ATTACTCGTATCTGCA-1,LAM4,snRNA,program_2,0.5020126700401306
high_confidence,LAM4:ATTATCCTCTAGAGTC-1,LAM4,snRNA,program_2,0.0857679545879364
high_confidence,LAM4:ATTGGACTCGTACGGC-1,LAM4,snRNA,program_2,0.0005839074146933854
high_confidence,LAM4:CACATTTGTATGAATG-1,LAM4,snRNA,program_2,0.7966558337211609
high_confidence,LAM4:CACCAGGTCAGTACGT-1,LAM4,snRNA,program_2,0.12282298505306244
high_confidence,LAM4:CAGAATCCACAGGAGT-1,LAM4,snRNA,program_2,0.0
high_confidence,LAM4:CAGCTGGAGAAACCTA-1,LAM4,snRNA,program_2,0.4182383716106415
high_confidence,LAM4:CAGTAACGTTCTGAAC-1,LAM4,snRNA,program_2,0.0029538539238274097
high_confidence,LAM4:CAGTAACTCTACTCAT-1,LAM4,snRNA,program_2,0.0
high_confidence,LAM4:CATATTCAGTGACATA-1,LAM4,snRNA,program_2,0.009379483759403229
high_confidence,LAM4:CATCGGGGTGGTGTAG-1,LAM4,snRNA,program_2,0.0
high_confidence,LAM4:CCGTGGAGTGCATCTA-1,LAM4,snRNA,program_2,0.055638495832681656
high_confidence,LAM4:CCGTTCAGTGCGATAG-1,LAM4,snRNA,program_2,0.0
high_confidence,LAM4:CCTACCAAGAAACGCC-1,LAM4,snRNA,program_2,0.0
high_confidence,LAM4:CCTATTAGTAGCTGCC-1,LAM4,snRNA,program_2,0.22966526448726654
high_confidence,LAM4:CCTCTGAGTGTAATGA-1,LAM4,snRNA,program_2,0.0
high_confidence,LAM4:CCTCTGATCTTCGAGA-1,LAM4,snRNA,program_2,0.0
high_confidence,LAM4:CCTTACGAGGCGATAC-1,LAM4,snRNA,program_2,0.0
high_confidence,LAM4:CCTTACGAGTGACATA-1,LAM4,snRNA,program_2,0.0
high_confidence,LAM4:CGACTTCTCTGACCTC-1,LAM4,snRNA,program_2,0.07201200723648071
high_confidence,LAM4:CGATCGGCACACCGCA-1,LAM4,snRNA,program_2,0.0
high_confidence,LAM4:CGATCGGTCTACTCAT-1,LAM4,snRNA,program_2,0.0
high_confidence,LAM4:CGCGTTTCAGGACCCT-1,LAM4,snRNA,program_2,0.0
high_confidence,LAM4:CGCGTTTTCTTGCATT-1,LAM4,snRNA,program_2,0.015171254985034466
high_confidence,LAM4:CGCTGGATCCTTGACC-1,LAM4,snRNA,program_2,0.10013966262340546
high_confidence,LAM4:CGGAGTCCACATCCAA-1,LAM4,snRNA,program_2,0.9305455088615417
high_confidence,LAM4:CGTAGCGCACTGAAGG-1,LAM4,snRNA,program_2,0.029950225725769997
high_confidence,LAM4:CGTGTAAAGATCCCGC-1,LAM4,snRNA,program_2,0.0
high_confidence,LAM4:CGTTAGACATCGACGC-1,LAM4,snRNA,program_2,0.00678397249430418
high_confidence,LAM4:CTAACTTAGTAGTGCG-1,LAM4,snRNA,program_2,0.0
high_confidence,LAM4:CTAATGGCATGGTCAT-1,LAM4,snRNA,program_2,0.8802192807197571
high_confidence,LAM4:CTACGTCCACGGCTAC-1,LAM4,snRNA,program_2,0.2069837898015976
high_confidence,LAM4:CTCGGAGTCACGATGT-1,LAM4,snRNA,program_2,0.0
high_confidence,LAM4:CTCTACGGTAGCGCAA-1,LAM4,snRNA,program_2,0.0
high_confidence,LAM4:CTTAGGATCACTTATC-1,LAM4,snRNA,program_2,0.888214647769928
high_confidence,LAM4:CTTCTCTTCTCCGGTT-1,LAM4,snRNA,program_2,0.00868175458163023
high_confidence,LAM4:GACGCGTCATCTCGCT-1,LAM4,snRNA,program_2,0.0
high_confidence,LAM4:GACGTGCTCCACTCCA-1,LAM4,snRNA,program_2,0.021713638678193092
high_confidence,LAM4:GATCGATCACCAGTTA-1,LAM4,snRNA,program_2,0.8290742039680481
high_confidence,LAM4:GATGAGGCACATGGGA-1,LAM4,snRNA,program_2,0.100887730717659
high_confidence,LAM4:GCAAACTCATTCCTCG-1,LAM4,snRNA,program_2,0.0
high_confidence,LAM4:GCAGTTAAGTGGGTTG-1,LAM4,snRNA,program_2,0.415160208940506
high_confidence,LAM4:GCATGTAAGTTTAGGA-1,LAM4,snRNA,program_2,0.0
high_confidence,LAM4:GCATGTACAATGTTGC-1,LAM4,snRNA,program_2,0.005952027626335621
high_confidence,LAM4:GCGCGATGTCAAACTC-1,LAM4,snRNA,program_2,0.0
high_confidence,LAM4:GCGGGTTGTCACAAGG-1,LAM4,snRNA,program_2,0.51542067527771
high_confidence,LAM4:GCTTGAATCAGCTCTC-1,LAM4,snRNA,program_2,0.0
high_confidence,LAM4:GGACATTCACAGGCCT-1,LAM4,snRNA,program_2,0.0
high_confidence,LAM4:GGCAATTGTGCTGTAT-1,LAM4,snRNA,program_2,0.09565160423517227
high_confidence,LAM4:GGCTCGAGTGATAAGT-1,LAM4,snRNA,program_2,0.011365019716322422
high_confidence,LAM4:GGCTGGTAGTTTCCTT-1,LAM4,snRNA,program_2,0.05412299185991287
high_confidence,LAM4:GGGCATCTCCCTAATT-1,LAM4,snRNA,program_2,0.02576143853366375
high_confidence,LAM4:GGTGTTAAGAGTCTGG-1,LAM4,snRNA,program_2,0.7218393087387085
high_confidence,LAM4:GTACGTAGTATGGTTC-1,LAM4,snRNA,program_2,0.0
high_confidence,LAM4:GTACTTTGTCGATTGT-1,LAM4,snRNA,program_2,0.0
high_confidence,LAM4:GTAGGCCAGAATTCCC-1,LAM4,snRNA,program_2,0.0
high_confidence,LAM4:GTAGGCCGTCTTGCGG-1,LAM4,snRNA,program_2,0.008669896982610226
high_confidence,LAM4:GTAGTCAGTTCCACGG-1,LAM4,snRNA,program_2,0.0
high_confidence,LAM4:GTTCTCGGTGATGTCT-1,LAM4,snRNA,program_2,0.0
high_confidence,LAM4:TAGACCATCGCGATCG-1,LAM4,snRNA,program_2,0.0
high_confidence,LAM4:TAGCCGGGTCTTGATG-1,LAM4,snRNA,program_2,0.01614362560212612
high_confidence,LAM4:TAGTGGTTCCCATTAT-1,LAM4,snRNA,program_2,0.004442926496267319
high_confidence,LAM4:TATCTCAAGTCCTCCT-1,LAM4,snRNA,program_2,0.0
high_confidence,LAM4:TATCTCACAAACGCGA-1,LAM4,snRNA,program_2,0.0
high_confidence,LAM4:TATTACCCAAACGCGA-1,LAM4,snRNA,program_2,0.6552207469940186
high_confidence,LAM4:TATTACCTCGCGCCAA-1,LAM4,snRNA,program_2,0.6475620269775391
high_confidence,LAM4:TCAACGAAGCGTCAAG-1,LAM4,snRNA,program_2,0.0
high_confidence,LAM4:TCAGATGGTGCACGAA-1,LAM4,snRNA,program_2,0.02056839130818844
high_confidence,LAM4:TCATTACAGGTTCCTA-1,LAM4,snRNA,program_2,0.13116572797298431
high_confidence,LAM4:TCATTACAGTGTTGAA-1,LAM4,snRNA,program_2,0.608879804611206
high_confidence,LAM4:TCATTACCATCGATGT-1,LAM4,snRNA,program_2,0.7709585428237915
high_confidence,LAM4:TCGCGAGTCCAGGGCT-1,LAM4,snRNA,program_2,0.6063287854194641
high_confidence,LAM4:TCTCATACAACTGCTA-1,LAM4,snRNA,program_2,0.007966340519487858
high_confidence,LAM4:TCTCATATCTGTACGA-1,LAM4,snRNA,program_2,0.0
high_confidence,LAM4:TGACAACCACACATGT-1,LAM4,snRNA,program_2,0.9716046452522278
high_confidence,LAM4:TGACGGCAGATCACGG-1,LAM4,snRNA,program_2,0.0
high_confidence,LAM4:TGACTTTTCTTAGAGC-1,LAM4,snRNA,program_2,0.10339178889989853
high_confidence,LAM4:TGAGCCGGTTCGCGAC-1,LAM4,snRNA,program_2,0.1989116668701172
high_confidence,LAM4:TGCCCATGTACCATCA-1,LAM4,snRNA,program_2,0.0
high_confidence,LAM4:TGGACGCAGCGTTCCG-1,LAM4,snRNA,program_2,0.38359060883522034
high_confidence,LAM4:TGGTTCCCAGTCCTTC-1,LAM4,snRNA,program_2,0.6371076107025146
high_confidence,LAM4:TGGTTCCCATCCTAGA-1,LAM4,snRNA,program_2,0.039676155894994736
high_confidence,LAM4:TGTGGTAGTCTAGAGG-1,LAM4,snRNA,program_2,0.0
high_confidence,LAM4:TTAGGCAGTCGACTGC-1,LAM4,snRNA,program_2,0.0
high_confidence,LAM4:TTCCCAGTCTGTCAAG-1,LAM4,snRNA,program_2,0.06952173262834549
high_confidence,LAM4:TTCGGTCAGCTAAACA-1,LAM4,snRNA,program_2,0.005783225409686565
high_confidence,LAM4:TTCGGTCCAGAAGCAC-1,LAM4,snRNA,program_2,0.031153656542301178
high_confidence,LAM4:TTCTACACATGATCCA-1,LAM4,snRNA,program_2,0.2314027100801468
high_confidence,LAM4:TTGCGTCCACACCGAC-1,LAM4,snRNA,program_2,0.7011603713035583
high_confidence,LAM4:TTGGAACGTTCCATGA-1,LAM4,snRNA,program_2,0.0
high_confidence,LAM4:TTGGCAACACGAAGCA-1,LAM4,snRNA,program_2,0.033880122005939484
high_confidence,LAM4:TTGTAGGCACCGGAAA-1,LAM4,snRNA,program_2,0.0
high_confidence,LAM4:TTTGTCACAGCCAGAA-1,LAM4,snRNA,program_2,0.0
high_confidence,LAM1:AAAGTAGTCGTAGGTT-1,LAM1,scRNA,program_3,0.13401289284229279
high_confidence,LAM1:AACTCAGTCGGACAAG-1,LAM1,scRNA,program_3,0.05208992958068848
high_confidence,LAM1:AAGCCGCCAGTTCATG-1,LAM1,scRNA,program_3,0.07794968783855438
high_confidence,LAM1:AATCCAGGTGCTGTAT-1,LAM1,scRNA,program_3,1.3867080211639404
high_confidence,LAM1:AATCGGTGTAGATTAG-1,LAM1,scRNA,program_3,1.4664987325668335
high_confidence,LAM1:ACACCAATCAACACCA-1,LAM1,scRNA,program_3,0.9428870677947998
high_confidence,LAM1:ACACTGATCCTTGCCA-1,LAM1,scRNA,program_3,0.0
high_confidence,LAM1:ACATACGAGCTAGTTC-1,LAM1,scRNA,program_3,0.14099374413490295
high_confidence,LAM1:ACATCAGCACCCAGTG-1,LAM1,scRNA,program_3,0.07112491130828857
high_confidence,LAM1:ACGCCAGAGCAGCCTC-1,LAM1,scRNA,program_3,0.07755561172962189
high_confidence,LAM1:ACGCCAGAGTGTCCCG-1,LAM1,scRNA,program_3,0.1238444447517395
high_confidence,LAM1:AGACGTTTCTTAGAGC-1,LAM1,scRNA,program_3,0.10454319417476654
high_confidence,LAM1:AGTTGGTAGTTAAGTG-1,LAM1,scRNA,program_3,0.07674048095941544
high_confidence,LAM1:ATCACGACAAACAACA-1,LAM1,scRNA,program_3,0.0
high_confidence,LAM1:ATGCGATAGGAGTAGA-1,LAM1,scRNA,program_3,0.04568984732031822
high_confidence,LAM1:ATGCGATGTCCGCTGA-1,LAM1,scRNA,program_3,0.07878220826387405
high_confidence,LAM1:ATGTGTGCAGACAAGC-1,LAM1,scRNA,program_3,0.0
high_confidence,LAM1:ATTACTCAGCCACCTG-1,LAM1,scRNA,program_3,0.0
high_confidence,LAM1:ATTGGACGTCGATTGT-1,LAM1,scRNA,program_3,0.18237291276454926
high_confidence,LAM1:CAACTAGTCATGTCTT-1,LAM1,scRNA,program_3,0.0792442113161087
high_confidence,LAM1:CACAGTAAGAGAACAG-1,LAM1,scRNA,program_3,0.0
high_confidence,LAM1:CAGAATCTCAACTCTT-1,LAM1,scRNA,program_3,0.05477125570178032
high_confidence,LAM1:CAGAGAGTCCCTTGCA-1,LAM1,scRNA,program_3,0.15646763145923615
high_confidence,LAM1:CAGGTGCAGAATTCCC-1,LAM1,scRNA,program_3,1.2776288986206055
high_confidence,LAM1:CATCAAGTCCACGTTC-1,LAM1,scRNA,program_3,0.17682529985904694
high_confidence,LAM1:CATGACAAGATCCTGT-1,LAM1,scRNA,program_3,0.0701468363404274
high_confidence,LAM1:CCACCTACAATGTTGC-1,LAM1,scRNA,program_3,0.048682525753974915
high_confidence,LAM1:CCTACCAAGAAGGTTT-1,LAM1,scRNA,program_3,0.041790835559368134
high_confidence,LAM1:CCTATTACACGAGGTA-1,LAM1,scRNA,program_3,0.0
high_confidence,LAM1:CGAGAAGCACTTGGAT-1,LAM1,scRNA,program_3,0.0
high_confidence,LAM1:CGAGCACCATTATCTC-1,LAM1,scRNA,program_3,0.0
high_confidence,LAM1:CGAGCACGTCTAGCGC-1,LAM1,scRNA,program_3,0.03720499947667122
high_confidence,LAM1:CGATGTAGTACTTGAC-1,LAM1,scRNA,program_3,0.005410265177488327
high_confidence,LAM1:CGGACACTCAGAGGTG-1,LAM1,scRNA,program_3,0.0
high_confidence,LAM1:CGTCCATAGGGTTCCC-1,LAM1,scRNA,program_3,0.12250925600528717
high_confidence,LAM1:CGTGAGCGTGCTAGCC-1,LAM1,scRNA,program_3,0.04264136403799057
high_confidence,LAM1:CGTGAGCTCGGTGTTA-1,LAM1,scRNA,program_3,0.09577694535255432
high_confidence,LAM1:CTGATCCGTTACCGAT-1,LAM1,scRNA,program_3,0.11525511741638184
high_confidence,LAM1:GAAACTCGTTACGCGC-1,LAM1,scRNA,program_3,0.0634344220161438
high_confidence,LAM1:GAAACTCTCCCTAATT-1,LAM1,scRNA,program_3,0.04498789831995964
high_confidence,LAM1:GACACGCGTAAATGAC-1,LAM1,scRNA,program_3,0.05231926217675209
high_confidence,LAM1:GACAGAGTCCGTCATC-1,LAM1,scRNA,program_3,1.451971411705017
high_confidence,LAM1:GATCAGTTCTCCCTGA-1,LAM1,scRNA,program_3,0.6992531418800354
high_confidence,LAM1:GCACTCTTCAGGCGAA-1,LAM1,scRNA,program_3,0.07352115958929062
high_confidence,LAM1:GCATGATTCGGTGTTA-1,LAM1,scRNA,program_3,0.046782247722148895
high_confidence,LAM1:GGATTACAGAAAGTGG-1,LAM1,scRNA,program_3,0.06171555817127228
high_confidence,LAM1:GGCGACTTCCTCATTA-1,LAM1,scRNA,program_3,0.034726567566394806
high_confidence,LAM1:GGCGACTTCGCACTCT-1,LAM1,scRNA,program_3,0.0
high_confidence,LAM1:GGGAGATAGCCATCGC-1,LAM1,scRNA,program_3,0.0
high_confidence,LAM1:GGTGTTACAAGGTGTG-1,LAM1,scRNA,program_3,0.04733630642294884
high_confidence,LAM1:GTAACTGCATCCCACT-1,LAM1,scRNA,program_3,0.03849717602133751
high_confidence,LAM1:GTCAAGTCAGGCTGAA-1,LAM1,scRNA,program_3,0.1970798820257187
high_confidence,LAM1:GTCTTCGGTTAAGAAC-1,LAM1,scRNA,program_3,0.0784611850976944
high_confidence,LAM1:GTGCAGCAGAGGGCTT-1,LAM1,scRNA,program_3,0.052332133054733276
high_confidence,LAM1:GTGTGCGTCAACCATG-1,LAM1,scRNA,program_3,0.20282864570617676
high_confidence,LAM1:GTTTCTACATTGTGCA-1,LAM1,scRNA,program_3,0.051924917846918106
high_confidence,LAM1:GTTTCTAGTACAGACG-1,LAM1,scRNA,program_3,0.008676898665726185
high_confidence,LAM1:TAAGTGCCATCTACGA-1,LAM1,scRNA,program_3,0.6360762119293213
high_confidence,LAM1:TAGTTGGTCTTTACAC-1,LAM1,scRNA,program_3,0.13297288119792938
high_confidence,LAM1:TATCTCATCAAGCCTA-1,LAM1,scRNA,program_3,0.0
high_confidence,LAM1:TCAATCTCAAAGTCAA-1,LAM1,scRNA,program_3,0.06814271211624146
high_confidence,LAM1:TCAGGATTCTCCTATA-1,LAM1,scRNA,program_3,1.4171197414398193
high_confidence,LAM1:TCAGGTATCAGGTTCA-1,LAM1,scRNA,program_3,0.03483983501791954
high_confidence,LAM1:TCATTACTCTGCGACG-1,LAM1,scRNA,program_3,0.1518033891916275
high_confidence,LAM1:TCGAGGCTCGACCAGC-1,LAM1,scRNA,program_3,0.0
high_confidence,LAM1:TCGGGACCAGCCAATT-1,LAM1,scRNA,program_3,0.06719706952571869
high_confidence,LAM1:TGCACCTTCGAACTGT-1,LAM1,scRNA,program_3,0.0
high_confidence,LAM1:TGCCCTAGTCCATGAT-1,LAM1,scRNA,program_3,0.0
high_confidence,LAM1:TGCGCAGGTTCGCTAA-1,LAM1,scRNA,program_3,0.0870053768157959
high_confidence,LAM1:TGGCCAGTCGCACTCT-1,LAM1,scRNA,program_3,1.374488115310669
high_confidence,LAM1:TTAACTCGTACTCAAC-1,LAM1,scRNA,program_3,0.028508784249424934
high_confidence,LAM1:TTCTACACAGTTCATG-1,LAM1,scRNA,program_3,0.8981230854988098
high_confidence,LAM1:TTGGCAAAGAATCTCC-1,LAM1,scRNA,program_3,0.1256907433271408
high_confidence,LAM1:TTTACTGTCCTACAGA-1,LAM1,scRNA,program_3,0.0
high_confidence,LAM1:TTTCCTCGTGTGACGA-1,LAM1,scRNA,program_3,1.0976603031158447
high_confidence,LAM2:AAAGATGTCGCCAAAT-1,LAM2,snRNA,program_3,0.0
high_confidence,LAM2:AAAGTAGCATTCTTAC-1,LAM2,snRNA,program_3,0.0428522452712059
high_confidence,LAM2:AACCATGGTACCGCTG-1,LAM2,snRNA,program_3,0.5565610527992249
high_confidence,LAM2:AACTCCCGTCTAGCGC-1,LAM2,snRNA,program_3,0.0
high_confidence,LAM2:AACTCTTCAGTGAGTG-1,LAM2,snRNA,program_3,0.0
high_confidence,LAM2:AAGGCAGCAATGAATG-1,LAM2,snRNA,program_3,0.041785530745983124
high_confidence,LAM2:AAGGCAGTCAAGAAGT-1,LAM2,snRNA,program_3,0.0
high_confidence,LAM2:AAGGCAGTCTTCCTTC-1,LAM2,snRNA,program_3,0.06807088851928711
high_confidence,LAM2:AATCGGTAGGTAAACT-1,LAM2,snRNA,program_3,0.0
high_confidence,LAM2:ACACCGGTCAACGGGA-1,LAM2,snRNA,program_3,0.0
high_confidence,LAM2:ACATGGTGTTCGGGCT-1,LAM2,snRNA,program_3,0.0
high_confidence,LAM2:ACGATGTGTAAGTGGC-1,LAM2,snRNA,program_3,0.0
high_confidence,LAM2:ACGCCAGAGTTCCACA-1,LAM2,snRNA,program_3,0.0
high_confidence,LAM2:ACTATCTAGTCATGCT-1,LAM2,snRNA,program_3,0.0
high_confidence,LAM2:ACTTGTTGTTCGTCTC-1,LAM2,snRNA,program_3,0.018243025988340378
high_confidence,LAM2:AGACGTTGTCCAGTTA-1,LAM2,snRNA,program_3,0.3916238844394684
high_confidence,LAM2:AGATTGCAGCTACCGC-1,LAM2,snRNA,program_3,0.0
high_confidence,LAM2:AGCAGCCTCCTCAATT-1,LAM2,snRNA,program_3,0.03184942156076431
high_confidence,LAM2:AGCGTATTCGACCAGC-1,LAM2,snRNA,program_3,0.0
high_confidence,LAM2:AGCTCTCCAAAGGTGC-1,LAM2,snRNA,program_3,0.0
high_confidence,LAM2:AGGTCCGTCAGGCCCA-1,LAM2,snRNA,program_3,0.0
high_confidence,LAM2:AGTGAGGAGGTGACCA-1,LAM2,snRNA,program_3,0.015132336877286434
high_confidence,LAM2:AGTGAGGCATCGGGTC-1,LAM2,snRNA,program_3,0.050784558057785034
high_confidence,LAM2:AGTGTCAAGGACAGAA-1,LAM2,snRNA,program_3,0.0
high_confidence,LAM2:AGTTGGTAGTGTGGCA-1,LAM2,snRNA,program_3,0.0
high_confidence,LAM2:ATCATCTGTATTACCG-1,LAM2,snRNA,program_3,0.03277181461453438
high_confidence,LAM2:ATCCACCCATGTTCCC-1,LAM2,snRNA,program_3,0.0
high_confidence,LAM2:ATCCGAAAGGAGTACC-1,LAM2,snRNA,program_3,0.0
high_confidence,LAM2:ATCCGAACACCTGGTG-1,LAM2,snRNA,program_3,0.0
high_confidence,LAM2:ATCTGCCTCGGAAATA-1,LAM2,snRNA,program_3,0.0
high_confidence,LAM2:ATGCGATAGATGTCGG-1,LAM2,snRNA,program_3,0.0
high_confidence,LAM2:ATGGGAGTCGCCATAA-1,LAM2,snRNA,program_3,0.04972798004746437
high_confidence,LAM2:ATTATCCGTGAGGGTT-1,LAM2,snRNA,program_3,0.0
high_confidence,LAM2:CAAGGCCCAGCGTAAG-1,LAM2,snRNA,program_3,0.06116925925016403
high_confidence,LAM2:CAAGGCCGTCACCTAA-1,LAM2,snRNA,program_3,0.6941744089126587
high_confidence,LAM2:CAAGTTGTCTGACCTC-1,LAM2,snRNA,program_3,0.049365751445293427
high_confidence,LAM2:CACAAACAGCAACGGT-1,LAM2,snRNA,program_3,0.009959678165614605
high_confidence,LAM2:CACATAGCACTCAGGC-1,LAM2,snRNA,program_3,0.0
high_confidence,LAM2:CACATTTGTGACTCAT-1,LAM2,snRNA,program_3,0.00046185386599972844
high_confidence,LAM2:CACCAGGGTTCAGCGC-1,LAM2,snRNA,program_3,0.002245672745630145
high_confidence,LAM2:CAGATCAAGGGTTTCT-1,LAM2,snRNA,program_3,0.0
high_confidence,LAM2:CAGCCGAAGCTCTCGG-1,LAM2,snRNA,program_3,0.03334216773509979
high_confidence,LAM2:CAGCTAATCCGTCAAA-1,LAM2,snRNA,program_3,0.0
high_confidence,LAM2:CAGTAACCACGACGAA-1,LAM2,snRNA,program_3,0.0
high_confidence,LAM2:CATATGGCACGCATCG-1,LAM2,snRNA,program_3,0.016632286831736565
high_confidence,LAM2:CATCGGGTCGCGCCAA-1,LAM2,snRNA,program_3,0.00770647544413805
high_confidence,LAM2:CATTATCAGTGGGCTA-1,LAM2,snRNA,program_3,0.01757403463125229
high_confidence,LAM2:CATTATCGTTGGACCC-1,LAM2,snRNA,program_3,0.00716095557436347
high_confidence,LAM2:CATTCGCAGCGCCTTG-1,LAM2,snRNA,program_3,0.05759008973836899
high_confidence,LAM2:CCACGGATCCTAGGGC-1,LAM2,snRNA,program_3,0.00769768375903368
high_confidence,LAM2:CCCTCCTTCCCTTGCA-1,LAM2,snRNA,program_3,0.0025149239227175713
high_confidence,LAM2:CCGGTAGAGAGTGACC-1,LAM2,snRNA,program_3,0.0
high_confidence,LAM2:CCGGTAGCAAACAACA-1,LAM2,snRNA,program_3,0.0
high_confidence,LAM2:CCTAAAGCACGGACAA-1,LAM2,snRNA,program_3,0.0390295647084713
high_confidence,LAM2:CCTAAAGGTGCAACTT-1,LAM2,snRNA,program_3,0.01938982866704464
high_confidence,LAM2:CCTAAAGTCTTTAGTC-1,LAM2,snRNA,program_3,0.0
high_confidence,LAM2:CCTACACCACAAGACG-1,LAM2,snRNA,program_3,0.16172878444194794
high_confidence,LAM2:CCTTTCTCATCATCCC-1,LAM2,snRNA,program_3,0.4992341697216034
high_confidence,LAM2:CGAACATAGGGAGTAA-1,LAM2,snRNA,program_3,0.04496130347251892
high_confidence,LAM2:CGAGAAGTCTAGCACA-1,LAM2,snRNA,program_3,0.9108455181121826
high_confidence,LAM2:CGAGCCACATGGATGG-1,LAM2,snRNA,program_3,0.006224858574569225
high_confidence,LAM2:CGATGGCTCCTTAATC-1,LAM2,snRNA,program_3,0.3965141177177429
high_confidence,LAM2:CGATGTACAGAGTGTG-1,LAM2,snRNA,program_3,0.0265328511595726
high_confidence,LAM2:CGATGTATCTACCAGA-1,LAM2,snRNA,program_3,0.0
high_confidence,LAM2:CGCCAAGGTAGCACGA-1,LAM2,snRNA,program_3,0.0
high_confidence,LAM2:CGGACGTGTTAAGGGC-1,LAM2,snRNA,program_3,0.0
high_confidence,LAM2:CGGACTGTCTGGTTCC-1,LAM2,snRNA,program_3,0.013063469901680946
high_confidence,LAM2:CGGAGCTGTGCGATAG-1,LAM2,snRNA,program_3,0.0
high_confidence,LAM2:CGGGTCAAGGAACTGC-1,LAM2,snRNA,program_3,0.0
high_confidence,LAM2:CGTTAGATCTACCTGC-1,LAM2,snRNA,program_3,0.0
high_confidence,LAM2:CGTTCTGGTCTAGCGC-1,LAM2,snRNA,program_3,0.0
high_confidence,LAM2:CGTTGGGTCGACCAGC-1,LAM2,snRNA,program_3,0.0
high_confidence,LAM2:CTAATGGCACGGATAG-1,LAM2,snRNA,program_3,0.006584800314158201
high_confidence,LAM2:CTACATTAGCCAGTAG-1,LAM2,snRNA,program_3,0.010427097789943218
high_confidence,LAM2:CTAGAGTGTTACGCGC-1,LAM2,snRNA,program_3,0.0
high_confidence,LAM2:CTAGCCTAGTGCGTGA-1,LAM2,snRNA,program_3,0.0
high_confidence,LAM2:CTAGTGAAGTCATCCA-1,LAM2,snRNA,program_3,0.0
high_confidence,LAM2:CTCACACGTCCTGCTT-1,LAM2,snRNA,program_3,0.005930231884121895
high_confidence,LAM2:CTCCTAGCAGTATCTG-1,LAM2,snRNA,program_3,1.2096105813980103
high_confidence,LAM2:CTCGAGGCACGAAATA-1,LAM2,snRNA,program_3,0.01879149116575718
high_confidence,LAM2:CTCGAGGGTTTACTCT-1,LAM2,snRNA,program_3,0.0065015340223908424
high_confidence,LAM2:CTCGGGACAGCAGTTT-1,LAM2,snRNA,program_3,0.0
high_confidence,LAM2:CTGAAACAGCTAACAA-1,LAM2,snRNA,program_3,0.006676612421870232
high_confidence,LAM2:CTGATCCCAATAGCGG-1,LAM2,snRNA,program_3,0.0
high_confidence,LAM2:CTGATCCTCTGCGGCA-1,LAM2,snRNA,program_3,0.026531726121902466
high_confidence,LAM2:CTGCGGAAGTGACATA-1,LAM2,snRNA,program_3,0.0
high_confidence,LAM2:CTGGTCTAGCGATTCT-1,LAM2,snRNA,program_3,0.5453276634216309
high_confidence,LAM2:CTTGGCTGTCCGAATT-1,LAM2,snRNA,program_3,0.0
high_confidence,LAM2:GAACATCTCGGCCGAT-1,LAM2,snRNA,program_3,0.057244736701250076
high_confidence,LAM2:GAAGCAGTCCTATGTT-1,LAM2,snRNA,program_3,0.016919609159231186
high_confidence,LAM2:GACCAATCAGAGTGTG-1,LAM2,snRNA,program_3,0.0
high_confidence,LAM2:GACCAATGTTGTCGCG-1,LAM2,snRNA,program_3,0.0
high_confidence,LAM2:GACGCGTGTCGGATCC-1,LAM2,snRNA,program_3,0.0
high_confidence,LAM2:GACTAACCACAAGTAA-1,LAM2,snRNA,program_3,0.5328072905540466
high_confidence,LAM2:GAGCAGAGTCGCGTGT-1,LAM2,snRNA,program_3,0.03181677684187889
high_confidence,LAM2:GAGTCCGCAATGAATG-1,LAM2,snRNA,program_3,0.0
high_confidence,LAM2:GATCAGTCACACCGCA-1,LAM2,snRNA,program_3,0.0
high_confidence,LAM2:GATCGATCATCATCCC-1,LAM2,snRNA,program_3,0.0
high_confidence,LAM2:GATGAGGGTAGTACCT-1,LAM2,snRNA,program_3,0.0
high_confidence,LAM2:GATGAGGGTTCCATGA-1,LAM2,snRNA,program_3,0.0
high_confidence,LAM2:GCACTCTAGACATAAC-1,LAM2,snRNA,program_3,0.0
high_confidence,LAM2:GCAGCCACAATGTAAG-1,LAM2,snRNA,program_3,0.005915619432926178
high_confidence,LAM2:GCATGATAGGTTCCTA-1,LAM2,snRNA,program_3,0.01294760312885046
high_confidence,LAM2:GCGACCACAAGGTTTC-1,LAM2,snRNA,program_3,0.0
high_confidence,LAM2:GCGGGTTGTTCCACAA-1,LAM2,snRNA,program_3,0.0447063185274601
high_confidence,LAM2:GCTCCTACAATGGAGC-1,LAM2,snRNA,program_3,0.0
high_confidence,LAM2:GCTCTGTGTACGCACC-1,LAM2,snRNA,program_3,0.05397762358188629
high_confidence,LAM2:GCTGCAGTCAGTTCGA-1,LAM2,snRNA,program_3,0.0
high_confidence,LAM2:GCTGCGAAGGATCGCA-1,LAM2,snRNA,program_3,0.0
high_confidence,LAM2:GCTGGGTCAGTCTTCC-1,LAM2,snRNA,program_3,1.0899525880813599
high_confidence,LAM2:GGACAAGCATCCCATC-1,LAM2,snRNA,program_3,0.02868485264480114
high_confidence,LAM2:GGCTGGTAGTAGGTGC-1,LAM2,snRNA,program_3,0.0
high_confidence,LAM2:GGGAATGAGACTGTAA-1,LAM2,snRNA,program_3,0.0
high_confidence,LAM2:GGGAGATAGTGCAAGC-1,LAM2,snRNA,program_3,0.0704239085316658
high_confidence,LAM2:GGTGCGTAGCCAACAG-1,LAM2,snRNA,program_3,0.031048612669110298
high_confidence,LAM2:GTACGTACATTAACCG-1,LAM2,snRNA,program_3,0.012693386524915695
high_confidence,LAM2:GTACTCCAGCCACTAT-1,LAM2,snRNA,program_3,0.763419508934021
high_confidence,LAM2:GTATCTTAGACCTTTG-1,LAM2,snRNA,program_3,0.027674701064825058
high_confidence,LAM2:GTCAAGTCACCAACCG-1,LAM2,snRNA,program_3,0.008176648989319801
high_confidence,LAM2:GTCCTCAAGGGATACC-1,LAM2,snRNA,program_3,0.050282131880521774
high_confidence,LAM2:GTCGTAAGTTATTCTC-1,LAM2,snRNA,program_3,0.0
high_confidence,LAM2:GTGCTTCAGATCGGGT-1,LAM2,snRNA,program_3,0.013037608936429024
high_confidence,LAM2:GTGGGTCGTGCAGGTA-1,LAM2,snRNA,program_3,0.04887247458100319
high_confidence,LAM2:GTTCATTGTGGAAAGA-1,LAM2,snRNA,program_3,0.0
high_confidence,LAM2:GTTCTCGTCTATCCTA-1,LAM2,snRNA,program_3,0.06512600928544998
high_confidence,LAM2:GTTTCTACACCGAATT-1,LAM2,snRNA,program_3,0.007774564437568188
high_confidence,LAM2:TAAACCGCAGAGTGTG-1,LAM2,snRNA,program_3,0.006866859272122383
high_confidence,LAM2:TAAACCGGTACTCGCG-1,LAM2,snRNA,program_3,0.029497355222702026
high_confidence,LAM2:TAAGAGACAGTAGAGC-1,LAM2,snRNA,program_3,0.0
high_confidence,LAM2:TAAGCGTAGACTCGGA-1,LAM2,snRNA,program_3,0.008323732763528824
high_confidence,LAM2:TACAGTGAGATGCGAC-1,LAM2,snRNA,program_3,0.043455831706523895
high_confidence,LAM2:TACGGTATCCCTAACC-1,LAM2,snRNA,program_3,0.0
high_confidence,LAM2:TAGACCACATGGTAGG-1,LAM2,snRNA,program_3,0.02502283826470375
high_confidence,LAM2:TAGCCGGGTGCTGTAT-1,LAM2,snRNA,program_3,0.0
high_confidence,LAM2:TATCAGGGTGCAACGA-1,LAM2,snRNA,program_3,0.0
high_confidence,LAM2:TATGCCCCAATCGGTT-1,LAM2,snRNA,program_3,0.8139165639877319
high_confidence,LAM2:TCAACGAAGCTTTGGT-1,LAM2,snRNA,program_3,0.0
high_confidence,LAM2:TCAATCTAGAGACTAT-1,LAM2,snRNA,program_3,0.0
high_confidence,LAM2:TCAGGATTCGTAGATC-1,LAM2,snRNA,program_3,0.0
high_confidence,LAM2:TCGAGGCTCACCAGGC-1,LAM2,snRNA,program_3,0.08474209159612656
high_confidence,LAM2:TCGTACCGTTCCACAA-1,LAM2,snRNA,program_3,0.0
high_confidence,LAM2:TCTATTGAGCTTATCG-1,LAM2,snRNA,program_3,0.0
high_confidence,LAM2:TCTCATATCAGCTGGC-1,LAM2,snRNA,program_3,0.0
high_confidence,LAM2:TCTTCGGGTAAATGAC-1,LAM2,snRNA,program_3,0.6493263244628906
high_confidence,LAM2:TGACAACTCACAGTAC-1,LAM2,snRNA,program_3,0.07674515247344971
high_confidence,LAM2:TGATTTCCACACCGCA-1,LAM2,snRNA,program_3,0.0
high_confidence,LAM2:TGCTACCTCTGCAAGT-1,LAM2,snRNA,program_3,0.045891884714365005
high_confidence,LAM2:TGCTGCTGTATGGTTC-1,LAM2,snRNA,program_3,0.0014414292527362704
high_confidence,LAM2:TGGACGCTCATGCTCC-1,LAM2,snRNA,program_3,0.5364338755607605
high_confidence,LAM2:TGGCGCACATCCCATC-1,LAM2,snRNA,program_3,0.03877916559576988
high_confidence,LAM2:TGGTTCCAGGTAGCTG-1,LAM2,snRNA,program_3,0.0
high_confidence,LAM2:TGTCCCAGTATGAATG-1,LAM2,snRNA,program_3,0.04892343655228615
high_confidence,LAM2:TGTTCCGCAGCTGTTA-1,LAM2,snRNA,program_3,0.04704388976097107
high_confidence,LAM2:TTAACTCCAGACAGGT-1,LAM2,snRNA,program_3,0.0
high_confidence,LAM2:TTAGGCAAGACCTTTG-1,LAM2,snRNA,program_3,0.011810892261564732
high_confidence,LAM2:TTAGTTCCACGACTCG-1,LAM2,snRNA,program_3,0.0
high_confidence,LAM2:TTCCCAGAGCACACAG-1,LAM2,snRNA,program_3,0.004800905007869005
high_confidence,LAM2:TTCCCAGGTAGAGGAA-1,LAM2,snRNA,program_3,0.03288770094513893
high_confidence,LAM2:TTGACTTAGCTCCCAG-1,LAM2,snRNA,program_3,0.010943804867565632
high_confidence,LAM2:TTGCCGTCAAGTCTGT-1,LAM2,snRNA,program_3,0.0
high_confidence,LAM2:TTGTAGGGTCGGATCC-1,LAM2,snRNA,program_3,0.0
high_confidence,LAM2:TTTACTGAGACGCTTT-1,LAM2,snRNA,program_3,0.0
high_confidence,LAM2:TTTGGTTCATCCCACT-1,LAM2,snRNA,program_3,0.0
high_confidence,LAM3:AAACCTGAGTGCAAGC-1,LAM3,scRNA,program_3,0.091108039021492
high_confidence,LAM3:AAAGCAATCCACTCCA-1,LAM3,scRNA,program_3,0.21339084208011627
high_confidence,LAM3:AAAGTAGAGTCTTGCA-1,LAM3,scRNA,program_3,0.16356496512889862
high_confidence,LAM3:AACCATGCACGAAGCA-1,LAM3,scRNA,program_3,0.053705718368291855
high_confidence,LAM3:AACGTTGTCTGTACGA-1,LAM3,scRNA,program_3,0.0
high_confidence,LAM3:AACTCCCTCGTAGATC-1,LAM3,scRNA,program_3,0.050192371010780334
high_confidence,LAM3:AACTCTTTCTACTTAC-1,LAM3,scRNA,program_3,0.0
high_confidence,LAM3:AACTGGTCACAAGCCC-1,LAM3,scRNA,program_3,0.5384939908981323
high_confidence,LAM3:AAGACCTCATATACGC-1,LAM3,scRNA,program_3,0.22728733718395233
high_confidence,LAM3:AAGGAGCCAGGTGCCT-1,LAM3,scRNA,program_3,0.34251144528388977
high_confidence,LAM3:ACATACGCACGAAACG-1,LAM3,scRNA,program_3,0.17943868041038513
high_confidence,LAM3:ACATACGTCTTGAGAC-1,LAM3,scRNA,program_3,0.18219710886478424
high_confidence,LAM3:ACATGGTCAGCTTAAC-1,LAM3,scRNA,program_3,0.19534975290298462
high_confidence,LAM3:ACCTTTACACTCAGGC-1,LAM3,scRNA,program_3,0.04114243760704994
high_confidence,LAM3:ACGGGCTTCAGTACGT-1,LAM3,scRNA,program_3,0.07714290171861649
high_confidence,LAM3:ACTGATGAGATCCGAG-1,LAM3,scRNA,program_3,0.15136338770389557
high_confidence,LAM3:AGAGTGGCAATGCCAT-1,LAM3,scRNA,program_3,0.21076591312885284
high_confidence,LAM3:AGAGTGGTCCTCAATT-1,LAM3,scRNA,program_3,0.07711653411388397
high_confidence,LAM3:AGATTGCTCTTCAACT-1,LAM3,scRNA,program_3,0.24551288783550262
high_confidence,LAM3:AGCCTAAAGACAATAC-1,LAM3,scRNA,program_3,0.2071244716644287
high_confidence,LAM3:AGCTCCTAGCCACTAT-1,LAM3,scRNA,program_3,0.02005138248205185
high_confidence,LAM3:AGGCCACAGGTGCACA-1,LAM3,scRNA,program_3,0.1295405775308609
high_confidence,LAM3:AGGCCGTAGATTACCC-1,LAM3,scRNA,program_3,1.1965227127075195
high_confidence,LAM3:AGGGAGTGTACATCCA-1,LAM3,scRNA,program_3,0.0
high_confidence,LAM3:AGGTCATAGACAATAC-1,LAM3,scRNA,program_3,0.25920313596725464
high_confidence,LAM3:AGTAGTCCACCTCGTT-1,LAM3,scRNA,program_3,0.1399778425693512
high_confidence,LAM3:AGTGTCATCCCTCAGT-1,LAM3,scRNA,program_3,0.2646133303642273
high_confidence,LAM3:ATCTACTAGTGACATA-1,LAM3,scRNA,program_3,0.042267218232154846
high_confidence,LAM3:ATCTACTCACACCGAC-1,LAM3,scRNA,program_3,0.009041279554367065
high_confidence,LAM3:ATCTGCCTCAGAGCTT-1,LAM3,scRNA,program_3,0.009234168566763401
high_confidence,LAM3:ATGAGGGGTGTGCGTC-1,LAM3,scRNA,program_3,0.08857721090316772
high_confidence,LAM3:ATGCGATCACGAAGCA-1,LAM3,scRNA,program_3,0.0
high_confidence,LAM3:ATGGGAGCAAACGCGA-1,LAM3,scRNA,program_3,1.3616387844085693
high_confidence,LAM3:ATTACTCCAGGACGTA-1,LAM3,scRNA,program_3,0.058781467378139496
high_confidence,LAM3:CAAGAAACAGCCAGAA-1,LAM3,scRNA,program_3,0.07967741042375565
high_confidence,LAM3:CAAGTTGAGCCTTGAT-1,LAM3,scRNA,program_3,0.7805812358856201
high_confidence,LAM3:CACAAACAGAGTAAGG-1,LAM3,scRNA,program_3,0.24170707166194916
high_confidence,LAM3:CACAAACCAATAGCGG-1,LAM3,scRNA,program_3,0.0545957088470459
high_confidence,LAM3:CACACCTTCAAACCAC-1,LAM3,scRNA,program_3,0.001988222822546959
high_confidence,LAM3:CACACTCCACGACGAA-1,LAM3,scRNA,program_3,0.16179651021957397
high_confidence,LAM3:CACATAGCACAGATTC-1,LAM3,scRNA,program_3,0.07472334057092667
high_confidence,LAM3:CAGAGAGTCGTACCGG-1,LAM3,scRNA,program_3,0.07951591908931732
high_confidence,LAM3:CAGCAGCAGGACCACA-1,LAM3,scRNA,program_3,0.12062525004148483
high_confidence,LAM3:CAGTAACGTCTAGAGG-1,LAM3,scRNA,program_3,0.1332693099975586
high_confidence,LAM3:CAGTAACTCTAGCACA-1,LAM3,scRNA,program_3,0.10811786353588104
high_confidence,LAM3:CAGTCCTCACCCATTC-1,LAM3,scRNA,program_3,0.16933280229568481
high_confidence,LAM3:CAGTCCTTCCTTGCCA-1,LAM3,scRNA,program_3,0.0
high_confidence,LAM3:CATCAGATCGCAAGCC-1,LAM3,scRNA,program_3,0.1823776215314865
high_confidence,LAM3:CATGCCTAGCTCAACT-1,LAM3,scRNA,program_3,0.14889581501483917
high_confidence,LAM3:CATGCCTGTTAGATGA-1,LAM3,scRNA,program_3,0.1258798986673355
high_confidence,LAM3:CATTCGCTCCAGAGGA-1,LAM3,scRNA,program_3,0.047873955219984055
high_confidence,LAM3:CCAATCCGTAGCTGCC-1,LAM3,scRNA,program_3,0.03355782851576805
high_confidence,LAM3:CCACGGAAGGCAATTA-1,LAM3,scRNA,program_3,0.0550331212580204
high_confidence,LAM3:CCACGGACACCTATCC-1,LAM3,scRNA,program_3,0.05241258442401886
high_confidence,LAM3:CCACTACTCGTGGGAA-1,LAM3,scRNA,program_3,0.17962801456451416
high_confidence,LAM3:CCATGTCGTGCACGAA-1,LAM3,scRNA,program_3,0.11017107218503952
high_confidence,LAM3:CCCAATCTCGCTAGCG-1,LAM3,scRNA,program_3,0.03188588470220566
high_confidence,LAM3:CCGGGATAGTACGTAA-1,LAM3,scRNA,program_3,0.13802073895931244
high_confidence,LAM3:CCGGTAGCATCAGTCA-1,LAM3,scRNA,program_3,0.358765572309494
high_confidence,LAM3:CCTAAAGTCATCTGTT-1,LAM3,scRNA,program_3,0.2214534878730774
high_confidence,LAM3:CCTACACCAAACGTGG-1,LAM3,scRNA,program_3,0.13021251559257507
high_confidence,LAM3:CCTACACCAATGTTGC-1,LAM3,scRNA,program_3,0.0761658176779747
high_confidence,LAM3:CCTCTGATCATTATCC-1,LAM3,scRNA,program_3,0.218149796128273
high_confidence,LAM3:CCTTACGCAGACACTT-1,LAM3,scRNA,program_3,0.03502430021762848
high_confidence,LAM3:CCTTCCCGTGCAACGA-1,LAM3,scRNA,program_3,0.1253042370080948
high_confidence,LAM3:CCTTCGAAGTGTCCCG-1,LAM3,scRNA,program_3,0.059471968561410904
high_confidence,LAM3:CCTTTCTCACAGGTTT-1,LAM3,scRNA,program_3,0.0
high_confidence,LAM3:CCTTTCTTCGGCGCTA-1,LAM3,scRNA,program_3,0.07832639664411545
high_confidence,LAM3:CGATGGCAGTAGGCCA-1,LAM3,scRNA,program_3,0.2323402613401413
high_confidence,LAM3:CGCGGTATCTTGTACT-1,LAM3,scRNA,program_3,0.006693471688777208
high_confidence,LAM3:CGCTGGACACATCCAA-1,LAM3,scRNA,program_3,0.0
high_confidence,LAM3:CGCTTCATCGCACTCT-1,LAM3,scRNA,program_3,0.13098569214344025
high_confidence,LAM3:CGGACGTTCGCTTGTC-1,LAM3,scRNA,program_3,0.0
high_confidence,LAM3:CGGACTGAGAGTGACC-1,LAM3,scRNA,program_3,0.1143023893237114
high_confidence,LAM3:CGGACTGCAGACGCCT-1,LAM3,scRNA,program_3,0.20985521376132965
high_confidence,LAM3:CGGCTAGGTTAAGGGC-1,LAM3,scRNA,program_3,0.12430261075496674
high_confidence,LAM3:CGGGTCATCGAACTGT-1,LAM3,scRNA,program_3,0.02297310344874859
high_confidence,LAM3:CGTAGGCGTACTCAAC-1,LAM3,scRNA,program_3,0.05711169168353081
high_confidence,LAM3:CGTCACTCAGGCTCAC-1,LAM3,scRNA,program_3,0.09407036006450653
high_confidence,LAM3:CGTTAGAAGGGCATGT-1,LAM3,scRNA,program_3,0.14410758018493652
high_confidence,LAM3:CGTTAGAGTACCCAAT-1,LAM3,scRNA,program_3,0.09534301608800888
high_confidence,LAM3:CTAGAGTGTGATGATA-1,LAM3,scRNA,program_3,0.09642567485570908
high_confidence,LAM3:CTCGAAAGTCGCCATG-1,LAM3,scRNA,program_3,0.049864474684000015
high_confidence,LAM3:CTCGGAGTCCTATTCA-1,LAM3,scRNA,program_3,0.11530262231826782
high_confidence,LAM3:CTCGTACCAAGCCCAC-1,LAM3,scRNA,program_3,0.028179822489619255
high_confidence,LAM3:CTCTGGTGTGAAATCA-1,LAM3,scRNA,program_3,0.1413956731557846
high_confidence,LAM3:CTGAAACTCAAAGTAG-1,LAM3,scRNA,program_3,0.13409267365932465
high_confidence,LAM3:CTGAAGTCACAGACAG-1,LAM3,scRNA,program_3,0.16160914301872253
high_confidence,LAM3:CTGAAGTTCTCGGACG-1,LAM3,scRNA,program_3,0.18267130851745605
high_confidence,LAM3:CTGATAGTCAAGATCC-1,LAM3,scRNA,program_3,0.08116701990365982
high_confidence,LAM3:CTGTGCTGTCGGCACT-1,LAM3,scRNA,program_3,0.13589376211166382
high_confidence,LAM3:CTTAACTGTTCTCATT-1,LAM3,scRNA,program_3,0.10103478282690048
high_confidence,LAM3:CTTACCGTCAGGATCT-1,LAM3,scRNA,program_3,0.4531674385070801
high_confidence,LAM3:CTTTGCGAGAAGGGTA-1,LAM3,scRNA,program_3,0.10618875175714493
high_confidence,LAM3:GAAATGATCATGGTCA-1,LAM3,scRNA,program_3,0.08502407371997833
high_confidence,LAM3:GAATAAGTCGCGTAGC-1,LAM3,scRNA,program_3,0.15122707188129425
high_confidence,LAM3:GACGCGTCAACTTGAC-1,LAM3,scRNA,program_3,0.09298083931207657
high_confidence,LAM3:GACGCGTTCGAGGTAG-1,LAM3,scRNA,program_3,0.21316252648830414
high_confidence,LAM3:GACGCGTTCTCCCTGA-1,LAM3,scRNA,program_3,0.0704154297709465
high_confidence,LAM3:GACGTTAAGACAGGCT-1,LAM3,scRNA,program_3,0.10284393280744553
high_confidence,LAM3:GACTAACAGACTAAGT-1,LAM3,scRNA,program_3,0.01014010701328516
high_confidence,LAM3:GATCAGTAGAAGAAGC-1,LAM3,scRNA,program_3,0.11258991807699203
high_confidence,LAM3:GATCTAGAGAGGACGG-1,LAM3,scRNA,program_3,0.0
high_confidence,LAM3:GATGAGGAGCGTTCCG-1,LAM3,scRNA,program_3,0.19413387775421143
high_confidence,LAM3:GATGCTAAGAGCCCAA-1,LAM3,scRNA,program_3,0.0
high_confidence,LAM3:GCAATCAAGGTAGCTG-1,LAM3,scRNA,program_3,0.09294667094945908
high_confidence,LAM3:GCACATATCCGCGTTT-1,LAM3,scRNA,program_3,0.3375665247440338
high_confidence,LAM3:GCACTCTGTCTCTCGT-1,LAM3,scRNA,program_3,0.047399457544088364
high_confidence,LAM3:GCAGCCACAACGATGG-1,LAM3,scRNA,program_3,0.1270870864391327
high_confidence,LAM3:GCATGATAGTCGAGTG-1,LAM3,scRNA,program_3,0.0732206255197525
high_confidence,LAM3:GCATGATGTGCCTTGG-1,LAM3,scRNA,program_3,0.1140703558921814
high_confidence,LAM3:GCATGCGAGCACGCCT-1,LAM3,scRNA,program_3,0.017942143604159355
high_confidence,LAM3:GCATGCGGTTACTGAC-1,LAM3,scRNA,program_3,0.0
high_confidence,LAM3:GCGAGAATCGTGGACC-1,LAM3,scRNA,program_3,0.617813766002655
high_confidence,LAM3:GCGCAACGTCACCCAG-1,LAM3,scRNA,program_3,0.07040667533874512
high_confidence,LAM3:GCGGGTTAGGCTAGAC-1,LAM3,scRNA,program_3,0.11252684146165848
high_confidence,LAM3:GCGGGTTTCACTATTC-1,LAM3,scRNA,program_3,0.020921900868415833
high_confidence,LAM3:GCTGCAGTCGCGCCAA-1,LAM3,scRNA,program_3,0.09948820620775223
high_confidence,LAM3:GGAATAAGTAGCTGCC-1,LAM3,scRNA,program_3,0.0913577675819397
high_confidence,LAM3:GGACAGACACGGCGTT-1,LAM3,scRNA,program_3,0.21439218521118164
high_confidence,LAM3:GGACAGAGTAAGGATT-1,LAM3,scRNA,program_3,0.16727855801582336
high_confidence,LAM3:GGGCACTTCGTTACAG-1,LAM3,scRNA,program_3,0.1175321713089943
high_confidence,LAM3:GGGCATCAGGAATGGA-1,LAM3,scRNA,program_3,0.11473091691732407
high_confidence,LAM3:GGGTCTGGTAGGCTGA-1,LAM3,scRNA,program_3,0.08588909357786179
high_confidence,LAM3:GTAACTGTCAAACAAG-1,LAM3,scRNA,program_3,0.11537082493305206
high_confidence,LAM3:GTACTTTCACTACAGT-1,LAM3,scRNA,program_3,0.04897739738225937
high_confidence,LAM3:GTAGGCCCATGTCCTC-1,LAM3,scRNA,program_3,0.07691369205713272
high_confidence,LAM3:GTAGGCCTCCACGACG-1,LAM3,scRNA,program_3,0.06589583307504654
high_confidence,LAM3:GTAGTCAGTAGGCTGA-1,LAM3,scRNA,program_3,0.10558410733938217
high_confidence,LAM3:GTCACAACACCATCCT-1,LAM3,scRNA,program_3,0.2209463119506836
high_confidence,LAM3:GTCACGGTCATCATTC-1,LAM3,scRNA,program_3,1.285994529724121
high_confidence,LAM3:GTCCTCATCACGGTTA-1,LAM3,scRNA,program_3,0.2690899670124054
high_confidence,LAM3:GTCTCGTCACTAGTAC-1,LAM3,scRNA,program_3,0.0
high_confidence,LAM3:GTCTTCGTCGAGAGCA-1,LAM3,scRNA,program_3,0.0
high_confidence,LAM3:GTGCATAGTGCACGAA-1,LAM3,scRNA,program_3,0.1266258805990219
high_confidence,LAM3:GTGGGTCAGACTAGAT-1,LAM3,scRNA,program_3,0.19474366307258606
high_confidence,LAM3:GTGTGCGGTCTCAACA-1,LAM3,scRNA,program_3,0.06015193462371826
high_confidence,LAM3:GTTAAGCAGCTGTCTA-1,LAM3,scRNA,program_3,0.13992395997047424
high_confidence,LAM3:GTTCGGGGTCTTCAAG-1,LAM3,scRNA,program_3,1.3344048261642456
high_confidence,LAM3:GTTTCTATCTTCATGT-1,LAM3,scRNA,program_3,0.038045063614845276
high_confidence,LAM3:TAAACCGAGCTTTGGT-1,LAM3,scRNA,program_3,0.07807435840368271
high_confidence,LAM3:TAAGAGACAAGAAAGG-1,LAM3,scRNA,program_3,0.13909754157066345
high_confidence,LAM3:TAAGCGTGTCCAAGTT-1,LAM3,scRNA,program_3,0.16716742515563965
high_confidence,LAM3:TACACGACACATAACC-1,LAM3,scRNA,program_3,0.09804738312959671
high_confidence,LAM3:TACAGTGAGGCAATTA-1,LAM3,scRNA,program_3,0.13493072986602783
high_confidence,LAM3:TACTCATAGAAGGCCT-1,LAM3,scRNA,program_3,0.2836369276046753
high_confidence,LAM3:TACTTACAGCTAGTCT-1,LAM3,scRNA,program_3,0.16785241663455963
high_confidence,LAM3:TAGAGCTAGTTAGCGG-1,LAM3,scRNA,program_3,0.10991282761096954
high_confidence,LAM3:TAGAGCTCAATCGAAA-1,LAM3,scRNA,program_3,0.12653227150440216
high_confidence,LAM3:TAGAGCTTCCTGCAGG-1,LAM3,scRNA,program_3,0.0
high_confidence,LAM3:TAGCCGGAGGTGATTA-1,LAM3,scRNA,program_3,0.06470876932144165
high_confidence,LAM3:TAGTGGTCATTGTGCA-1,LAM3,scRNA,program_3,1.2373104095458984
high_confidence,LAM3:TAGTTGGGTCTCTTAT-1,LAM3,scRNA,program_3,0.0
high_confidence,LAM3:TCAATCTTCCCGACTT-1,LAM3,scRNA,program_3,0.24767883121967316
high_confidence,LAM3:TCACGAATCCACGTTC-1,LAM3,scRNA,program_3,0.15469685196876526
high_confidence,LAM3:TCACGAATCCGCGTTT-1,LAM3,scRNA,program_3,0.9609439969062805
high_confidence,LAM3:TCAGATGTCCGCAAGC-1,LAM3,scRNA,program_3,0.78147292137146
high_confidence,LAM3:TCAGCAATCATTCACT-1,LAM3,scRNA,program_3,0.08919848501682281
high_confidence,LAM3:TCAGGATAGAGGACGG-1,LAM3,scRNA,program_3,0.0
high_confidence,LAM3:TCAGGATAGTGTACTC-1,LAM3,scRNA,program_3,0.021883787587285042
high_confidence,LAM3:TCAGGATTCGAGAGCA-1,LAM3,scRNA,program_3,0.1444573998451233
high_confidence,LAM3:TCCACACAGCTGCCCA-1,LAM3,scRNA,program_3,0.06788627058267593
high_confidence,LAM3:TCCCGATGTCATATGC-1,LAM3,scRNA,program_3,0.0
high_confidence,LAM3:TCGTACCAGGGATCTG-1,LAM3,scRNA,program_3,0.05095933750271797
high_confidence,LAM3:TCGTAGACAATGTTGC-1,LAM3,scRNA,program_3,0.1493641585111618
high_confidence,LAM3:TCTATTGCAGACAAAT-1,LAM3,scRNA,program_3,1.0537023544311523
high_confidence,LAM3:TCTTTCCGTACATGTC-1,LAM3,scRNA,program_3,0.055594731122255325
high_confidence,LAM3:TGACTAGGTCCAGTTA-1,LAM3,scRNA,program_3,1.275088906288147
high_confidence,LAM3:TGACTTTTCAAGCCTA-1,LAM3,scRNA,program_3,0.1990288943052292
high_confidence,LAM3:TGACTTTTCACGGTTA-1,LAM3,scRNA,program_3,1.333415150642395
high_confidence,LAM3:TGAGCATTCACCCGAG-1,LAM3,scRNA,program_3,0.11593403667211533
high_confidence,LAM3:TGAGGGAAGGGTTCCC-1,LAM3,scRNA,program_3,0.006750111002475023
high_confidence,LAM3:TGAGGGACATCGGAAG-1,LAM3,scRNA,program_3,0.0
high_confidence,LAM3:TGCACCTGTTGTTTGG-1,LAM3,scRNA,program_3,0.11900346726179123
high_confidence,LAM3:TGCGCAGAGATATACG-1,LAM3,scRNA,program_3,0.13247492909431458
high_confidence,LAM3:TGCGGGTGTATAATGG-1,LAM3,scRNA,program_3,0.06508559733629227
high_confidence,LAM3:TGCTACCGTAACGTTC-1,LAM3,scRNA,program_3,0.2185751497745514
high_confidence,LAM3:TGGACGCGTAATTGGA-1,LAM3,scRNA,program_3,0.08209522068500519
high_confidence,LAM3:TGGCTGGCATGCGCAC-1,LAM3,scRNA,program_3,0.060492780059576035
high_confidence,LAM3:TGGGAAGGTGTCCTCT-1,LAM3,scRNA,program_3,0.15326829254627228
high_confidence,LAM3:TGGGCGTAGCCGATTT-1,LAM3,scRNA,program_3,0.07534091919660568
high_confidence,LAM3:TGGGCGTGTGACTACT-1,LAM3,scRNA,program_3,0.22603057324886322
high_confidence,LAM3:TGTATTCGTCTCCCTA-1,LAM3,scRNA,program_3,0.10935484617948532
high_confidence,LAM3:TTAACTCGTGTAATGA-1,LAM3,scRNA,program_3,0.032416004687547684
high_confidence,LAM3:TTATGCTGTCTAGTCA-1,LAM3,scRNA,program_3,0.16363510489463806
high_confidence,LAM3:TTCTTAGCAACACCCG-1,LAM3,scRNA,program_3,0.11807383596897125
high_confidence,LAM3:TTGACTTGTAGCGCAA-1,LAM3,scRNA,program_3,0.07779380679130554
high_confidence,LAM3:TTGGCAAGTTTACTCT-1,LAM3,scRNA,program_3,0.1710045486688614
high_confidence,LAM3:TTTACTGCAGATGGGT-1,LAM3,scRNA,program_3,0.074373260140419
high_confidence,LAM3:TTTATGCAGCCAACAG-1,LAM3,scRNA,program_3,0.1361881047487259
high_confidence,LAM3:TTTGTCACAGTTCCCT-1,LAM3,scRNA,program_3,0.04485197737812996
high_confidence,LAM4:AAGGTTCCAGGGATTG-1,LAM4,snRNA,program_3,0.26955845952033997
high_confidence,LAM4:ACACTGAGTCAAACTC-1,LAM4,snRNA,program_3,1.4820488691329956
high_confidence,LAM4:ACAGCCGCAATCTGCA-1,LAM4,snRNA,program_3,0.2814549505710602
high_confidence,LAM4:ACAGCTACAATGACCT-1,LAM4,snRNA,program_3,0.8285573720932007
high_confidence,LAM4:ACCGTAAGTGCACCAC-1,LAM4,snRNA,program_3,0.42518070340156555
high_confidence,LAM4:ACGCAGCCACAGCCCA-1,LAM4,snRNA,program_3,0.47665977478027344
high_confidence,LAM4:ACGGGCTCACTTACGA-1,LAM4,snRNA,program_3,1.2821043729782104
high_confidence,LAM4:ACGGGCTTCTGGCGAC-1,LAM4,snRNA,program_3,1.4288080930709839
high_confidence,LAM4:ACTGATGCAGAGCCAA-1,LAM4,snRNA,program_3,0.5075489282608032
high_confidence,LAM4:AGATCTGGTGTTCGAT-1,LAM4,snRNA,program_3,0.8836688995361328
high_confidence,LAM4:AGCAGCCCATGCAACT-1,LAM4,snRNA,program_3,0.2695363759994507
high_confidence,LAM4:AGGGAGTAGTCAAGCG-1,LAM4,snRNA,program_3,0.16293062269687653
high_confidence,LAM4:ATAACGCAGTACTTGC-1,LAM4,snRNA,program_3,0.44926902651786804
high_confidence,LAM4:ATTACTCGTATCTGCA-1,LAM4,snRNA,program_3,0.4978759288787842
high_confidence,LAM4:ATTATCCTCTAGAGTC-1,LAM4,snRNA,program_3,0.5452815890312195
high_confidence,LAM4:ATTGGACTCGTACGGC-1,LAM4,snRNA,program_3,0.4670996367931366
high_confidence,LAM4:CACATTTGTATGAATG-1,LAM4,snRNA,program_3,0.13597935438156128
high_confidence,LAM4:CACCAGGTCAGTACGT-1,LAM4,snRNA,program_3,0.5652106404304504
high_confidence,LAM4:CAGAATCCACAGGAGT-1,LAM4,snRNA,program_3,1.4875813722610474
high_confidence,LAM4:CAGCTGGAGAAACCTA-1,LAM4,snRNA,program_3,0.20783787965774536
high_confidence,LAM4:CAGTAACGTTCTGAAC-1,LAM4,snRNA,program_3,0.518097460269928
high_confidence,LAM4:CAGTAACTCTACTCAT-1,LAM4,snRNA,program_3,0.5652657747268677
high_confidence,LAM4:CATATTCAGTGACATA-1,LAM4,snRNA,program_3,1.456803798675537
high_confidence,LAM4:CATCGGGGTGGTGTAG-1,LAM4,snRNA,program_3,0.5384160280227661
high_confidence,LAM4:CCGTGGAGTGCATCTA-1,LAM4,snRNA,program_3,0.6579094529151917
high_confidence,LAM4:CCGTTCAGTGCGATAG-1,LAM4,snRNA,program_3,0.5278756618499756
high_confidence,LAM4:CCTACCAAGAAACGCC-1,LAM4,snRNA,program_3,0.4730507433414459
high_confidence,LAM4:CCTATTAGTAGCTGCC-1,LAM4,snRNA,program_3,0.663765013217926
high_confidence,LAM4:CCTCTGAGTGTAATGA-1,LAM4,snRNA,program_3,0.49452629685401917
high_confidence,LAM4:CCTCTGATCTTCGAGA-1,LAM4,snRNA,program_3,0.47205689549446106
high_confidence,LAM4:CCTTACGAGGCGATAC-1,LAM4,snRNA,program_3,0.5395596623420715
high_confidence,LAM4:CCTTACGAGTGACATA-1,LAM4,snRNA,program_3,0.5776612162590027
high_confidence,LAM4:CGACTTCTCTGACCTC-1,LAM4,snRNA,program_3,0.6624968647956848
high_confidence,LAM4:CGATCGGCACACCGCA-1,LAM4,snRNA,program_3,1.5136488676071167
high_confidence,LAM4:CGATCGGTCTACTCAT-1,LAM4,snRNA,program_3,0.49215465784072876
high_confidence,LAM4:CGCGTTTCAGGACCCT-1,LAM4,snRNA,program_3,1.3664835691452026
high_confidence,LAM4:CGCGTTTTCTTGCATT-1,LAM4,snRNA,program_3,1.3937255144119263
high_confidence,LAM4:CGCTGGATCCTTGACC-1,LAM4,snRNA,program_3,0.595801055431366
high_confidence,LAM4:CGGAGTCCACATCCAA-1,LAM4,snRNA,program_3,0.23605738580226898
high_confidence,LAM4:CGTAGCGCACTGAAGG-1,LAM4,snRNA,program_3,0.5400512218475342
high_confidence,LAM4:CGTGTAAAGATCCCGC-1,LAM4,snRNA,program_3,0.40559500455856323
high_confidence,LAM4:CGTTAGACATCGACGC-1,LAM4,snRNA,program_3,1.491713285446167
high_confidence,LAM4:CTAACTTAGTAGTGCG-1,LAM4,snRNA,program_3,0.5116819143295288
high_confidence,LAM4:CTAATGGCATGGTCAT-1,LAM4,snRNA,program_3,0.4401077330112457
high_confidence,LAM4:CTACGTCCACGGCTAC-1,LAM4,snRNA,program_3,0.9404526352882385
high_confidence,LAM4:CTCGGAGTCACGATGT-1,LAM4,snRNA,program_3,0.6451073884963989
high_confidence,LAM4:CTCTACGGTAGCGCAA-1,LAM4,snRNA,program_3,0.4673512578010559
high_confidence,LAM4:CTTAGGATCACTTATC-1,LAM4,snRNA,program_3,0.39685559272766113
high_confidence,LAM4:CTTCTCTTCTCCGGTT-1,LAM4,snRNA,program_3,0.5999375581741333
high_confidence,LAM4:GACGCGTCATCTCGCT-1,LAM4,snRNA,program_3,0.4983051121234894
high_confidence,LAM4:GACGTGCTCCACTCCA-1,LAM4,snRNA,program_3,1.460676670074463
high_confidence,LAM4:GATCGATCACCAGTTA-1,LAM4,snRNA,program_3,0.2074451744556427
high_confidence,LAM4:GATGAGGCACATGGGA-1,LAM4,snRNA,program_3,0.6109484434127808
high_confidence,LAM4:GCAAACTCATTCCTCG-1,LAM4,snRNA,program_3,0.5334523320198059
high_confidence,LAM4:GCAGTTAAGTGGGTTG-1,LAM4,snRNA,program_3,0.6218090057373047
high_confidence,LAM4:GCATGTAAGTTTAGGA-1,LAM4,snRNA,program_3,0.5495976805686951
high_confidence,LAM4:GCATGTACAATGTTGC-1,LAM4,snRNA,program_3,1.451831340789795
high_confidence,LAM4:GCGCGATGTCAAACTC-1,LAM4,snRNA,program_3,0.5256578326225281
high_confidence,LAM4:GCGGGTTGTCACAAGG-1,LAM4,snRNA,program_3,0.3648781180381775
high_confidence,LAM4:GCTTGAATCAGCTCTC-1,LAM4,snRNA,program_3,1.5061622858047485
high_confidence,LAM4:GGACATTCACAGGCCT-1,LAM4,snRNA,program_3,0.5062321424484253
high_confidence,LAM4:GGCAATTGTGCTGTAT-1,LAM4,snRNA,program_3,0.6544488668441772
high_confidence,LAM4:GGCTCGAGTGATAAGT-1,LAM4,snRNA,program_3,0.5139609575271606
high_confidence,LAM4:GGCTGGTAGTTTCCTT-1,LAM4,snRNA,program_3,1.2853784561157227
high_confidence,LAM4:GGGCATCTCCCTAATT-1,LAM4,snRNA,program_3,1.293674111366272
high_confidence,LAM4:GGTGTTAAGAGTCTGG-1,LAM4,snRNA,program_3,0.1756296455860138
high_confidence,LAM4:GTACGTAGTATGGTTC-1,LAM4,snRNA,program_3,1.4351426362991333
high_confidence,LAM4:GTACTTTGTCGATTGT-1,LAM4,snRNA,program_3,1.4487404823303223
high_confidence,LAM4:GTAGGCCAGAATTCCC-1,LAM4,snRNA,program_3,0.49651721119880676
high_confidence,LAM4:GTAGGCCGTCTTGCGG-1,LAM4,snRNA,program_3,1.434954285621643
high_confidence,LAM4:GTAGTCAGTTCCACGG-1,LAM4,snRNA,program_3,0.5347124338150024
high_confidence,LAM4:GTTCTCGGTGATGTCT-1,LAM4,snRNA,program_3,0.49913105368614197
high_confidence,LAM4:TAGACCATCGCGATCG-1,LAM4,snRNA,program_3,0.5343672633171082
high_confidence,LAM4:TAGCCGGGTCTTGATG-1,LAM4,snRNA,program_3,0.4567451775074005
high_confidence,LAM4:TAGTGGTTCCCATTAT-1,LAM4,snRNA,program_3,0.5304601788520813
high_confidence,LAM4:TATCTCAAGTCCTCCT-1,LAM4,snRNA,program_3,0.4659557640552521
high_confidence,LAM4:TATCTCACAAACGCGA-1,LAM4,snRNA,program_3,1.516190528869629
high_confidence,LAM4:TATTACCCAAACGCGA-1,LAM4,snRNA,program_3,0.20073235034942627
high_confidence,LAM4:TATTACCTCGCGCCAA-1,LAM4,snRNA,program_3,0.13276247680187225
high_confidence,LAM4:TCAACGAAGCGTCAAG-1,LAM4,snRNA,program_3,1.5084192752838135
high_confidence,LAM4:TCAGATGGTGCACGAA-1,LAM4,snRNA,program_3,1.4398157596588135
high_confidence,LAM4:TCATTACAGGTTCCTA-1,LAM4,snRNA,program_3,0.5173695087432861
high_confidence,LAM4:TCATTACAGTGTTGAA-1,LAM4,snRNA,program_3,0.35649949312210083
high_confidence,LAM4:TCATTACCATCGATGT-1,LAM4,snRNA,program_3,0.3080885708332062
high_confidence,LAM4:TCGCGAGTCCAGGGCT-1,LAM4,snRNA,program_3,0.6012324094772339
high_confidence,LAM4:TCTCATACAACTGCTA-1,LAM4,snRNA,program_3,1.4916800260543823
high_confidence,LAM4:TCTCATATCTGTACGA-1,LAM4,snRNA,program_3,0.5313612222671509
high_confidence,LAM4:TGACAACCACACATGT-1,LAM4,snRNA,program_3,0.19122333824634552
high_confidence,LAM4:TGACGGCAGATCACGG-1,LAM4,snRNA,program_3,1.5591305494308472
high_confidence,LAM4:TGACTTTTCTTAGAGC-1,LAM4,snRNA,program_3,0.6382461786270142
high_confidence,LAM4:TGAGCCGGTTCGCGAC-1,LAM4,snRNA,program_3,0.715275764465332
high_confidence,LAM4:TGCCCATGTACCATCA-1,LAM4,snRNA,program_3,1.4962496757507324
high_confidence,LAM4:TGGACGCAGCGTTCCG-1,LAM4,snRNA,program_3,0.6359565854072571
high_confidence,LAM4:TGGTTCCCAGTCCTTC-1,LAM4,snRNA,program_3,0.18714037537574768
high_confidence,LAM4:TGGTTCCCATCCTAGA-1,LAM4,snRNA,program_3,1.3163080215454102
high_confidence,LAM4:TGTGGTAGTCTAGAGG-1,LAM4,snRNA,program_3,0.4471473693847656
high_confidence,LAM4:TTAGGCAGTCGACTGC-1,LAM4,snRNA,program_3,0.5788014531135559
high_confidence,LAM4:TTCCCAGTCTGTCAAG-1,LAM4,snRNA,program_3,0.5754929780960083
high_confidence,LAM4:TTCGGTCAGCTAAACA-1,LAM4,snRNA,program_3,1.5708168745040894
high_confidence,LAM4:TTCGGTCCAGAAGCAC-1,LAM4,snRNA,program_3,0.5134069919586182
high_confidence,LAM4:TTCTACACATGATCCA-1,LAM4,snRNA,program_3,0.8443936109542847
high_confidence,LAM4:TTGCGTCCACACCGAC-1,LAM4,snRNA,program_3,0.31257364153862
high_confidence,LAM4:TTGGAACGTTCCATGA-1,LAM4,snRNA,program_3,0.47630250453948975
high_confidence,LAM4:TTGGCAACACGAAGCA-1,LAM4,snRNA,program_3,0.6012651324272156
high_confidence,LAM4:TTGTAGGCACCGGAAA-1,LAM4,snRNA,program_3,0.5544866323471069
high_confidence,LAM4:TTTGTCACAGCCAGAA-1,LAM4,snRNA,program_3,0.5348821878433228
broad_lam_like,LAM1:AAACCTGGTGAAATCA-1,LAM1,scRNA,program_1,0.044899437576532364
broad_lam_like,LAM1:AACGTTGAGAGGTTAT-1,LAM1,scRNA,program_1,0.0
broad_lam_like,LAM1:AAGACCTCAATGCCAT-1,LAM1,scRNA,program_1,0.186390683054924
broad_lam_like,LAM1:AAGCCGCGTACAGCAG-1,LAM1,scRNA,program_1,0.0
broad_lam_like,LAM1:AAGGCAGGTTATCGGT-1,LAM1,scRNA,program_1,0.033050019294023514
broad_lam_like,LAM1:AATCCAGGTGCTGTAT-1,LAM1,scRNA,program_1,0.1637631505727768
broad_lam_like,LAM1:ACACCAATCGCTGATA-1,LAM1,scRNA,program_1,0.048382509499788284
broad_lam_like,LAM1:ACAGCCGGTCGCGTGT-1,LAM1,scRNA,program_1,0.030801469460129738
broad_lam_like,LAM1:ACAGCTAGTCGAGATG-1,LAM1,scRNA,program_1,0.11359819769859314
broad_lam_like,LAM1:ACATACGGTAAGTTCC-1,LAM1,scRNA,program_1,0.0
broad_lam_like,LAM1:ACATCAGCACCCAGTG-1,LAM1,scRNA,program_1,0.018487850204110146
broad_lam_like,LAM1:ACATCAGGTGTTGAGG-1,LAM1,scRNA,program_1,0.0
broad_lam_like,LAM1:ACATGGTTCTCGCATC-1,LAM1,scRNA,program_1,0.027361281216144562
broad_lam_like,LAM1:ACCCACTGTACCGCTG-1,LAM1,scRNA,program_1,0.023552920669317245
broad_lam_like,LAM1:ACGCAGCCACGGTAAG-1,LAM1,scRNA,program_1,0.0
broad_lam_like,LAM1:ACGCAGCGTCTAGCGC-1,LAM1,scRNA,program_1,0.008603084832429886
broad_lam_like,LAM1:ACTATCTAGACAAGCC-1,LAM1,scRNA,program_1,0.0181925967335701
broad_lam_like,LAM1:AGAGCTTAGCGAGAAA-1,LAM1,scRNA,program_1,0.016660159453749657
broad_lam_like,LAM1:AGATCTGGTCGCCATG-1,LAM1,scRNA,program_1,0.02957484871149063
broad_lam_like,LAM1:AGATTGCCATTATCTC-1,LAM1,scRNA,program_1,0.0736950933933258
broad_lam_like,LAM1:AGCGGTCGTACTTAGC-1,LAM1,scRNA,program_1,0.0
broad_lam_like,LAM1:AGGCCACCAAATACAG-1,LAM1,scRNA,program_1,0.04212459549307823
broad_lam_like,LAM1:AGGCCACCATATGAGA-1,LAM1,scRNA,program_1,0.004780622664839029
broad_lam_like,LAM1:AGGCCACGTTAAAGAC-1,LAM1,scRNA,program_1,0.05071898177266121
broad_lam_like,LAM1:AGTAGTCCAGTAACGG-1,LAM1,scRNA,program_1,0.0
broad_lam_like,LAM1:AGTGGGAAGGGATGGG-1,LAM1,scRNA,program_1,0.1758231520652771
broad_lam_like,LAM1:AGTGGGACAGACAAGC-1,LAM1,scRNA,program_1,0.656080424785614
broad_lam_like,LAM1:AGTGGGACAGGAATGC-1,LAM1,scRNA,program_1,0.2502649128437042
broad_lam_like,LAM1:AGTGTCAGTAGTACCT-1,LAM1,scRNA,program_1,0.6943225264549255
broad_lam_like,LAM1:ATCATCTTCCAAGCCG-1,LAM1,scRNA,program_1,0.030350256711244583
broad_lam_like,LAM1:ATCGAGTAGATGCGAC-1,LAM1,scRNA,program_1,0.0
broad_lam_like,LAM1:ATCGAGTCATGTCTCC-1,LAM1,scRNA,program_1,0.03155013918876648
broad_lam_like,LAM1:ATGCGATGTCCGCTGA-1,LAM1,scRNA,program_1,0.7797565460205078
broad_lam_like,LAM1:ATTATCCCATTTGCTT-1,LAM1,scRNA,program_1,0.19681450724601746
broad_lam_like,LAM1:CAACCAATCTCTAGGA-1,LAM1,scRNA,program_1,0.0
broad_lam_like,LAM1:CAACCTCTCGTCCAGG-1,LAM1,scRNA,program_1,0.0
broad_lam_like,LAM1:CAAGAAAGTGCGAAAC-1,LAM1,scRNA,program_1,0.05584077537059784
broad_lam_like,LAM1:CAAGGCCTCACTTACT-1,LAM1,scRNA,program_1,0.029372746124863625
broad_lam_like,LAM1:CAAGTTGAGTGGAGAA-1,LAM1,scRNA,program_1,0.012747283093631268
broad_lam_like,LAM1:CACACAACAGGTTTCA-1,LAM1,scRNA,program_1,0.04977821558713913
broad_lam_like,LAM1:CACACAAGTACGCTGC-1,LAM1,scRNA,program_1,0.02610948495566845
broad_lam_like,LAM1:CACACCTAGCAGCGTA-1,LAM1,scRNA,program_1,0.027615005150437355
broad_lam_like,LAM1:CACATTTAGTGGTCCC-1,LAM1,scRNA,program_1,0.07090359926223755
broad_lam_like,LAM1:CACCACTGTGTAATGA-1,LAM1,scRNA,program_1,0.02850312367081642
broad_lam_like,LAM1:CAGAATCGTCTAGTCA-1,LAM1,scRNA,program_1,0.0
broad_lam_like,LAM1:CAGATCAGTAAACACA-1,LAM1,scRNA,program_1,0.029314283281564713
broad_lam_like,LAM1:CAGATCATCAATACCG-1,LAM1,scRNA,program_1,0.0
broad_lam_like,LAM1:CAGCAGCCATCCCATC-1,LAM1,scRNA,program_1,0.0
broad_lam_like,LAM1:CAGCATAGTCCGAGTC-1,LAM1,scRNA,program_1,0.02865361049771309
broad_lam_like,LAM1:CAGTCCTCAATCTGCA-1,LAM1,scRNA,program_1,0.0
broad_lam_like,LAM1:CAGTCCTGTGCCTGCA-1,LAM1,scRNA,program_1,0.0
broad_lam_like,LAM1:CATCAAGCATCCCATC-1,LAM1,scRNA,program_1,0.021273037418723106
broad_lam_like,LAM1:CATCAAGTCCACGTTC-1,LAM1,scRNA,program_1,0.6145392656326294
broad_lam_like,LAM1:CATCAGATCTCTGAGA-1,LAM1,scRNA,program_1,0.0
broad_lam_like,LAM1:CATCCACGTTTGACAC-1,LAM1,scRNA,program_1,0.019778834655880928
broad_lam_like,LAM1:CATCCACTCGTGGACC-1,LAM1,scRNA,program_1,0.023982679471373558
broad_lam_like,LAM1:CATCGAAAGACGCACA-1,LAM1,scRNA,program_1,0.0
broad_lam_like,LAM1:CATCGGGCAAGGTGTG-1,LAM1,scRNA,program_1,0.03517702594399452
broad_lam_like,LAM1:CATGACAGTGCCTGTG-1,LAM1,scRNA,program_1,0.0
broad_lam_like,LAM1:CATGACATCACTTCAT-1,LAM1,scRNA,program_1,0.004719911143183708
broad_lam_like,LAM1:CATGACATCTGCTGCT-1,LAM1,scRNA,program_1,0.0032458589412271976
broad_lam_like,LAM1:CATGCCTAGAAACCAT-1,LAM1,scRNA,program_1,0.0034330098424106836
broad_lam_like,LAM1:CATGGCGAGTCCAGGA-1,LAM1,scRNA,program_1,0.0
broad_lam_like,LAM1:CATGGCGCACAGGCCT-1,LAM1,scRNA,program_1,0.007545463740825653
broad_lam_like,LAM1:CATTATCGTATATGAG-1,LAM1,scRNA,program_1,0.011622324585914612
broad_lam_like,LAM1:CCAGCGATCAAACAAG-1,LAM1,scRNA,program_1,0.014000575058162212
broad_lam_like,LAM1:CCCATACCATCAGTCA-1,LAM1,scRNA,program_1,0.013082134537398815
broad_lam_like,LAM1:CCGGGATCAAGTTAAG-1,LAM1,scRNA,program_1,0.0
broad_lam_like,LAM1:CCTACACCATACTACG-1,LAM1,scRNA,program_1,0.05735144019126892
broad_lam_like,LAM1:CCTACACTCCTAAGTG-1,LAM1,scRNA,program_1,0.039454955607652664
broad_lam_like,LAM1:CCTACCAAGAAGGTTT-1,LAM1,scRNA,program_1,0.0
broad_lam_like,LAM1:CCTAGCTCATTTCAGG-1,LAM1,scRNA,program_1,0.03320653736591339
broad_lam_like,LAM1:CCTTCCCGTCCGTCAG-1,LAM1,scRNA,program_1,0.002222426002845168
broad_lam_like,LAM1:CGAATGTTCCTATTCA-1,LAM1,scRNA,program_1,0.054183054715394974
broad_lam_like,LAM1:CGACTTCAGACAATAC-1,LAM1,scRNA,program_1,0.015974992886185646
broad_lam_like,LAM1:CGAGAAGCACTTGGAT-1,LAM1,scRNA,program_1,0.6354885101318359
broad_lam_like,LAM1:CGAGCCAGTCGTTGTA-1,LAM1,scRNA,program_1,0.1256001740694046
broad_lam_like,LAM1:CGATGGCGTTTGGCGC-1,LAM1,scRNA,program_1,0.0
broad_lam_like,LAM1:CGATTGAAGACTAGGC-1,LAM1,scRNA,program_1,0.051064323633909225
broad_lam_like,LAM1:CGCGGTATCCGTTGCT-1,LAM1,scRNA,program_1,0.0
broad_lam_like,LAM1:CGCGTTTGTCCGAACC-1,LAM1,scRNA,program_1,0.0
broad_lam_like,LAM1:CGCTATCCAGGCGATA-1,LAM1,scRNA,program_1,0.022140374407172203
broad_lam_like,LAM1:CGCTGGACACAGCCCA-1,LAM1,scRNA,program_1,0.3120471239089966
broad_lam_like,LAM1:CGGACACTCAACTCTT-1,LAM1,scRNA,program_1,0.01874804124236107
broad_lam_like,LAM1:CGGACGTAGCCTTGAT-1,LAM1,scRNA,program_1,0.7351153492927551
broad_lam_like,LAM1:CGGACGTTCTTCGAGA-1,LAM1,scRNA,program_1,0.009943205863237381
broad_lam_like,LAM1:CGGCTAGTCGGACAAG-1,LAM1,scRNA,program_1,0.0004849013057537377
broad_lam_like,LAM1:CGGGTCAAGGGATCTG-1,LAM1,scRNA,program_1,0.39822205901145935
broad_lam_like,LAM1:CGGTTAAAGCTGATAA-1,LAM1,scRNA,program_1,0.02984965220093727
broad_lam_like,LAM1:CGGTTAACAGGTCCAC-1,LAM1,scRNA,program_1,0.1896495819091797
broad_lam_like,LAM1:CGTAGGCGTCAAGCGA-1,LAM1,scRNA,program_1,0.0
broad_lam_like,LAM1:CGTCACTAGATGTGTA-1,LAM1,scRNA,program_1,0.026621336117386818
broad_lam_like,LAM1:CTAACTTGTTTGGCGC-1,LAM1,scRNA,program_1,0.05074634775519371
broad_lam_like,LAM1:CTAATGGCACCGAAAG-1,LAM1,scRNA,program_1,0.004408605862408876
broad_lam_like,LAM1:CTAATGGTCACAAACC-1,LAM1,scRNA,program_1,0.0
broad_lam_like,LAM1:CTAATGGTCTGATACG-1,LAM1,scRNA,program_1,0.012842732481658459
broad_lam_like,LAM1:CTACATTTCCAAAGTC-1,LAM1,scRNA,program_1,0.0034307714086025953
broad_lam_like,LAM1:CTAGTGAAGATGCCTT-1,LAM1,scRNA,program_1,0.016952913254499435
broad_lam_like,LAM1:CTCCTAGCAATCAGAA-1,LAM1,scRNA,program_1,0.01957239955663681
broad_lam_like,LAM1:CTCGAAATCTTTACAC-1,LAM1,scRNA,program_1,0.006984507665038109
broad_lam_like,LAM1:CTGAAGTGTCAAACTC-1,LAM1,scRNA,program_1,0.0
broad_lam_like,LAM1:CTGATCCAGATAGGAG-1,LAM1,scRNA,program_1,0.23607832193374634
broad_lam_like,LAM1:CTGATCCGTTACCGAT-1,LAM1,scRNA,program_1,0.600464940071106
broad_lam_like,LAM1:CTGCTGTCAATGTAAG-1,LAM1,scRNA,program_1,0.025154609233140945
broad_lam_like,LAM1:CTGCTGTGTATTACCG-1,LAM1,scRNA,program_1,0.0
broad_lam_like,LAM1:CTGTTTAAGACCGGAT-1,LAM1,scRNA,program_1,0.03124062903225422
broad_lam_like,LAM1:CTTAGGATCCTAAGTG-1,LAM1,scRNA,program_1,0.01128376554697752
broad_lam_like,LAM1:CTTTGCGTCGCATGGC-1,LAM1,scRNA,program_1,0.6056032776832581
broad_lam_like,LAM1:GAAACTCGTTACGCGC-1,LAM1,scRNA,program_1,0.006924901157617569
broad_lam_like,LAM1:GAACATCAGATGTGTA-1,LAM1,scRNA,program_1,0.0
broad_lam_like,LAM1:GAACGGATCATCGCTC-1,LAM1,scRNA,program_1,0.05902645364403725
broad_lam_like,LAM1:GAATGAATCCCTTGCA-1,LAM1,scRNA,program_1,0.04020363464951515
broad_lam_like,LAM1:GACCTGGTCTTACCGC-1,LAM1,scRNA,program_1,0.05650151148438454
broad_lam_like,LAM1:GACTACAGTAGAAGGA-1,LAM1,scRNA,program_1,0.0
broad_lam_like,LAM1:GAGCAGAAGGCGCTCT-1,LAM1,scRNA,program_1,0.031103840097784996
broad_lam_like,LAM1:GAGGTGACAATGAAAC-1,LAM1,scRNA,program_1,0.6457895636558533
broad_lam_like,LAM1:GAGTCCGGTTAAAGTG-1,LAM1,scRNA,program_1,0.02409311570227146
broad_lam_like,LAM1:GATCAGTTCTCCCTGA-1,LAM1,scRNA,program_1,0.17112019658088684
broad_lam_like,LAM1:GATGAAACATCGGACC-1,LAM1,scRNA,program_1,0.0625154972076416
broad_lam_like,LAM1:GATGAGGGTCTCGTTC-1,LAM1,scRNA,program_1,0.029289444908499718
broad_lam_like,LAM1:GATGCTATCACCGTAA-1,LAM1,scRNA,program_1,0.02811761572957039
broad_lam_like,LAM1:GCAATCAAGCTACCGC-1,LAM1,scRNA,program_1,0.055830828845500946
broad_lam_like,LAM1:GCAATCAGTCCTCTTG-1,LAM1,scRNA,program_1,0.0
broad_lam_like,LAM1:GCACATACACATGACT-1,LAM1,scRNA,program_1,0.0
broad_lam_like,LAM1:GCAGCCAAGGGAGTAA-1,LAM1,scRNA,program_1,0.0008911181939765811
broad_lam_like,LAM1:GCAGTTAAGTTCGCGC-1,LAM1,scRNA,program_1,0.6159287691116333
broad_lam_like,LAM1:GCAGTTAGTGACTACT-1,LAM1,scRNA,program_1,0.019968975335359573
broad_lam_like,LAM1:GCATACAGTCATATGC-1,LAM1,scRNA,program_1,0.014576195739209652
broad_lam_like,LAM1:GCATGTAAGAAACGAG-1,LAM1,scRNA,program_1,0.012448500841856003
broad_lam_like,LAM1:GCCAAATAGGCTCATT-1,LAM1,scRNA,program_1,0.011910469271242619
broad_lam_like,LAM1:GCCTCTACACGCATCG-1,LAM1,scRNA,program_1,0.015569169074296951
broad_lam_like,LAM1:GCGGGTTGTTACGTCA-1,LAM1,scRNA,program_1,0.12610000371932983
broad_lam_like,LAM1:GCTCCTACACACGCTG-1,LAM1,scRNA,program_1,0.022598063573241234
broad_lam_like,LAM1:GCTCCTAGTCTAGTGT-1,LAM1,scRNA,program_1,0.2830457091331482
broad_lam_like,LAM1:GCTCTGTTCCGAACGC-1,LAM1,scRNA,program_1,0.0
broad_lam_like,LAM1:GCTGCTTAGGTAAACT-1,LAM1,scRNA,program_1,0.0035914075560867786
broad_lam_like,LAM1:GCTTGAAAGGTTACCT-1,LAM1,scRNA,program_1,0.0
broad_lam_like,LAM1:GCTTGAATCATAGCAC-1,LAM1,scRNA,program_1,0.10294198989868164
broad_lam_like,LAM1:GGAAAGCGTCACCCAG-1,LAM1,scRNA,program_1,0.0
broad_lam_like,LAM1:GGAACTTTCTGAAAGA-1,LAM1,scRNA,program_1,0.0
broad_lam_like,LAM1:GGACAGAAGACAGACC-1,LAM1,scRNA,program_1,0.0
broad_lam_like,LAM1:GGACGTCAGACGCAAC-1,LAM1,scRNA,program_1,0.0
broad_lam_like,LAM1:GGAGCAACATGAGCGA-1,LAM1,scRNA,program_1,0.07539777457714081
broad_lam_like,LAM1:GGCAATTTCTCATTCA-1,LAM1,scRNA,program_1,0.19487068057060242
broad_lam_like,LAM1:GGCCGATTCTGATTCT-1,LAM1,scRNA,program_1,0.02610682137310505
broad_lam_like,LAM1:GGCGACTTCGCACTCT-1,LAM1,scRNA,program_1,0.7797156572341919
broad_lam_like,LAM1:GGGAGATAGTTAAGTG-1,LAM1,scRNA,program_1,0.01040651649236679
broad_lam_like,LAM1:GGGATGAGTGCATCTA-1,LAM1,scRNA,program_1,0.010336046107113361
broad_lam_like,LAM1:GGGTCTGCATTTCAGG-1,LAM1,scRNA,program_1,0.13679921627044678
broad_lam_like,LAM1:GGGTCTGTCTGCCCTA-1,LAM1,scRNA,program_1,0.027244631201028824
broad_lam_like,LAM1:GGTATTGTCTGCGGCA-1,LAM1,scRNA,program_1,0.0022464427165687084
broad_lam_like,LAM1:GGTGTTAGTATAGGGC-1,LAM1,scRNA,program_1,0.03514235094189644
broad_lam_like,LAM1:GTAACGTCATGTCCTC-1,LAM1,scRNA,program_1,0.024799207225441933
broad_lam_like,LAM1:GTAACGTTCCACGTTC-1,LAM1,scRNA,program_1,0.009829535149037838
broad_lam_like,LAM1:GTAACGTTCCGGGTGT-1,LAM1,scRNA,program_1,0.0
broad_lam_like,LAM1:GTAACTGGTTAGAACA-1,LAM1,scRNA,program_1,0.012589764781296253
broad_lam_like,LAM1:GTAACTGTCTTGCCGT-1,LAM1,scRNA,program_1,0.020099647343158722
broad_lam_like,LAM1:GTACGTAGTCCTCTTG-1,LAM1,scRNA,program_1,0.015519213862717152
broad_lam_like,LAM1:GTAGGCCTCTGCCCTA-1,LAM1,scRNA,program_1,0.012965811416506767
broad_lam_like,LAM1:GTCAAGTCAGGCTGAA-1,LAM1,scRNA,program_1,0.7404291033744812
broad_lam_like,LAM1:GTGAAGGTCGACAGCC-1,LAM1,scRNA,program_1,0.01664494164288044
broad_lam_like,LAM1:GTGCAGCAGAGGGCTT-1,LAM1,scRNA,program_1,0.6188176274299622
broad_lam_like,LAM1:GTTAAGCTCTGGTATG-1,LAM1,scRNA,program_1,0.009746916592121124
broad_lam_like,LAM1:GTTCATTCATTCCTCG-1,LAM1,scRNA,program_1,0.027411993592977524
broad_lam_like,LAM1:GTTTCTACATTGTGCA-1,LAM1,scRNA,program_1,0.8590379357337952
broad_lam_like,LAM1:TAAGAGACATTCCTGC-1,LAM1,scRNA,program_1,0.0013108347775414586
broad_lam_like,LAM1:TAAGAGATCCCTAACC-1,LAM1,scRNA,program_1,0.0
broad_lam_like,LAM1:TACAGTGAGCCCAGCT-1,LAM1,scRNA,program_1,0.0
broad_lam_like,LAM1:TACGGATAGCGACGTA-1,LAM1,scRNA,program_1,0.0
broad_lam_like,LAM1:TACGGATCAGCGATCC-1,LAM1,scRNA,program_1,0.0
broad_lam_like,LAM1:TACGGATGTAGCGCTC-1,LAM1,scRNA,program_1,0.0
broad_lam_like,LAM1:TACTCGCAGGCCATAG-1,LAM1,scRNA,program_1,0.01428440771996975
broad_lam_like,LAM1:TACTCGCTCCAGTAGT-1,LAM1,scRNA,program_1,0.016421768814325333
broad_lam_like,LAM1:TACTTACCATTGGCGC-1,LAM1,scRNA,program_1,0.019998375326395035
broad_lam_like,LAM1:TAGGCATCACTCTGTC-1,LAM1,scRNA,program_1,0.1071401908993721
broad_lam_like,LAM1:TATCAGGGTCATACTG-1,LAM1,scRNA,program_1,0.0
broad_lam_like,LAM1:TATCTCATCAAGCCTA-1,LAM1,scRNA,program_1,0.7963204979896545
broad_lam_like,LAM1:TCAATCTCAAAGTCAA-1,LAM1,scRNA,program_1,0.00398969417437911
broad_lam_like,LAM1:TCAATCTGTGAACCTT-1,LAM1,scRNA,program_1,0.029342202469706535
broad_lam_like,LAM1:TCAATCTGTGCCTGCA-1,LAM1,scRNA,program_1,0.6332010626792908
broad_lam_like,LAM1:TCACGAACATACTCTT-1,LAM1,scRNA,program_1,0.004967647138983011
broad_lam_like,LAM1:TCAGATGCACATCTTT-1,LAM1,scRNA,program_1,0.0
broad_lam_like,LAM1:TCAGCAAGTCAACTGT-1,LAM1,scRNA,program_1,0.03898928686976433
broad_lam_like,LAM1:TCAGCTCCAGCTGTGC-1,LAM1,scRNA,program_1,0.018219243735074997
broad_lam_like,LAM1:TCAGCTCTCTTAGCCC-1,LAM1,scRNA,program_1,0.1202801913022995
broad_lam_like,LAM1:TCAGGTATCAGGTTCA-1,LAM1,scRNA,program_1,0.008499173447489738
broad_lam_like,LAM1:TCCCGATAGAATTGTG-1,LAM1,scRNA,program_1,0.04116811975836754
broad_lam_like,LAM1:TCGGTAACAACCGCCA-1,LAM1,scRNA,program_1,0.017098505049943924
broad_lam_like,LAM1:TCTCTAAAGTGGTCCC-1,LAM1,scRNA,program_1,0.021980781108140945
broad_lam_like,LAM1:TCTCTAACATGGTCTA-1,LAM1,scRNA,program_1,0.03695470839738846
broad_lam_like,LAM1:TCTGAGATCGTCTGAA-1,LAM1,scRNA,program_1,0.023973317816853523
broad_lam_like,LAM1:TCTGGAAGTACGCTGC-1,LAM1,scRNA,program_1,0.06275340914726257
broad_lam_like,LAM1:TGAGCATAGGCTCTTA-1,LAM1,scRNA,program_1,0.0
broad_lam_like,LAM1:TGATTTCGTAAGGGCT-1,LAM1,scRNA,program_1,0.040363095700740814
broad_lam_like,LAM1:TGCCAAAAGTAGTGCG-1,LAM1,scRNA,program_1,0.08994404226541519
broad_lam_like,LAM1:TGCGCAGAGGCTAGCA-1,LAM1,scRNA,program_1,0.03556575998663902
broad_lam_like,LAM1:TGCGCAGAGGTGATAT-1,LAM1,scRNA,program_1,0.012057071551680565
broad_lam_like,LAM1:TGCGGGTTCGACGGAA-1,LAM1,scRNA,program_1,0.0
broad_lam_like,LAM1:TGGCGCAGTATAGTAG-1,LAM1,scRNA,program_1,0.015562748536467552
broad_lam_like,LAM1:TGGCGCAGTGCGATAG-1,LAM1,scRNA,program_1,0.04687270149588585
broad_lam_like,LAM1:TGGGCGTAGACTGGGT-1,LAM1,scRNA,program_1,0.22105790674686432
broad_lam_like,LAM1:TGTATTCAGTTTCCTT-1,LAM1,scRNA,program_1,0.011432645842432976
broad_lam_like,LAM1:TGTATTCGTATCTGCA-1,LAM1,scRNA,program_1,0.015992069616913795
broad_lam_like,LAM1:TGTCCCAAGGTCGGAT-1,LAM1,scRNA,program_1,0.0
broad_lam_like,LAM1:TGTCCCATCCAAACAC-1,LAM1,scRNA,program_1,0.08467013388872147
broad_lam_like,LAM1:TGTGGTAGTAGAGTGC-1,LAM1,scRNA,program_1,0.0020322222262620926
broad_lam_like,LAM1:TGTTCCGTCTATCGCC-1,LAM1,scRNA,program_1,0.02291092649102211
broad_lam_like,LAM1:TTAACTCCAAGTTAAG-1,LAM1,scRNA,program_1,0.0
broad_lam_like,LAM1:TTAACTCGTACTCAAC-1,LAM1,scRNA,program_1,0.7908278703689575
broad_lam_like,LAM1:TTAGGACGTTCGCGAC-1,LAM1,scRNA,program_1,0.024329740554094315
broad_lam_like,LAM1:TTAGGCAAGGGCTTGA-1,LAM1,scRNA,program_1,0.016750240698456764
broad_lam_like,LAM1:TTAGGCAGTTCCACTC-1,LAM1,scRNA,program_1,0.18419043719768524
broad_lam_like,LAM1:TTATGCTCATGGTTGT-1,LAM1,scRNA,program_1,0.01636676862835884
broad_lam_like,LAM1:TTATGCTCATTCCTGC-1,LAM1,scRNA,program_1,0.016249332576990128
broad_lam_like,LAM1:TTCGAAGTCCCTCAGT-1,LAM1,scRNA,program_1,0.0
broad_lam_like,LAM1:TTCTACACAGTTCATG-1,LAM1,scRNA,program_1,0.5776404738426208
broad_lam_like,LAM1:TTGCCGTAGTACGTTC-1,LAM1,scRNA,program_1,0.016406090930104256
broad_lam_like,LAM1:TTGCCGTGTGCTTCTC-1,LAM1,scRNA,program_1,0.00759878708049655
broad_lam_like,LAM1:TTGCCGTTCGCGTTTC-1,LAM1,scRNA,program_1,0.0
broad_lam_like,LAM1:TTGGAACAGTAGCCGA-1,LAM1,scRNA,program_1,0.039927590638399124
broad_lam_like,LAM1:TTGTAGGGTGATGTCT-1,LAM1,scRNA,program_1,0.004852845799177885
broad_lam_like,LAM1:TTTACTGTCCTACAGA-1,LAM1,scRNA,program_1,0.8420022130012512
broad_lam_like,LAM1:TTTACTGTCTGTACGA-1,LAM1,scRNA,program_1,0.12564389407634735
broad_lam_like,LAM1:TTTCCTCGTGTGACGA-1,LAM1,scRNA,program_1,0.07311221957206726
broad_lam_like,LAM1:TTTGGTTCAAGCCGTC-1,LAM1,scRNA,program_1,0.01702553778886795
broad_lam_like,LAM2:AAAGCAATCTACTCAT-1,LAM2,snRNA,program_1,0.016033750027418137
broad_lam_like,LAM2:AAAGTAGAGCTACCTA-1,LAM2,snRNA,program_1,0.042508814483881
broad_lam_like,LAM2:AAAGTAGCAAGTAATG-1,LAM2,snRNA,program_1,0.04525167495012283
broad_lam_like,LAM2:AAAGTAGCACATCCGG-1,LAM2,snRNA,program_1,0.019636763259768486
broad_lam_like,LAM2:AACACGTGTTCACCTC-1,LAM2,snRNA,program_1,0.004093447234481573
broad_lam_like,LAM2:AACCATGAGCGAGAAA-1,LAM2,snRNA,program_1,0.0
broad_lam_like,LAM2:AACCGCGGTAAGCACG-1,LAM2,snRNA,program_1,0.0
broad_lam_like,LAM2:AACTCAGGTCTTGTCC-1,LAM2,snRNA,program_1,0.01837877184152603
broad_lam_like,LAM2:AACTCAGGTGAAGGCT-1,LAM2,snRNA,program_1,0.055859461426734924
broad_lam_like,LAM2:AACTCCCTCAACACCA-1,LAM2,snRNA,program_1,0.0
broad_lam_like,LAM2:AACTCTTCACTGCCAG-1,LAM2,snRNA,program_1,0.0
broad_lam_like,LAM2:AACTTTCGTGCATCTA-1,LAM2,snRNA,program_1,0.017552414909005165
broad_lam_like,LAM2:AAGACCTTCATCTGCC-1,LAM2,snRNA,program_1,0.0249034371227026
broad_lam_like,LAM2:AAGGAGCGTTAAGAAC-1,LAM2,snRNA,program_1,0.46066850423812866
broad_lam_like,LAM2:AAGGCAGGTCTCCCTA-1,LAM2,snRNA,program_1,0.11624164134263992
broad_lam_like,LAM2:AAGGTTCGTCGGCTCA-1,LAM2,snRNA,program_1,0.05305640771985054
broad_lam_like,LAM2:AATCGGTAGGTAAACT-1,LAM2,snRNA,program_1,0.0
broad_lam_like,LAM2:ACACCCTCACGCCAGT-1,LAM2,snRNA,program_1,0.0020927228033542633
broad_lam_like,LAM2:ACACCCTCAGCTCGCA-1,LAM2,snRNA,program_1,0.0
broad_lam_like,LAM2:ACACCCTTCATGTCCC-1,LAM2,snRNA,program_1,0.014303112402558327
broad_lam_like,LAM2:ACACCGGAGGGAGTAA-1,LAM2,snRNA,program_1,0.0015471931546926498
broad_lam_like,LAM2:ACACTGACACGGTAAG-1,LAM2,snRNA,program_1,0.15058119595050812
broad_lam_like,LAM2:ACAGCCGCAGGCTCAC-1,LAM2,snRNA,program_1,0.09161151200532913
broad_lam_like,LAM2:ACAGCCGCAGTGACAG-1,LAM2,snRNA,program_1,0.0
broad_lam_like,LAM2:ACAGCTATCGATAGAA-1,LAM2,snRNA,program_1,0.0016982638044282794
broad_lam_like,LAM2:ACATACGCAAACCTAC-1,LAM2,snRNA,program_1,0.0040737902745604515
broad_lam_like,LAM2:ACATACGGTGGAAAGA-1,LAM2,snRNA,program_1,0.0
broad_lam_like,LAM2:ACATCAGTCAGAAATG-1,LAM2,snRNA,program_1,0.012295618653297424
broad_lam_like,LAM2:ACATGGTCAATTCCTT-1,LAM2,snRNA,program_1,0.013698231428861618
broad_lam_like,LAM2:ACATGGTCAGGTCGTC-1,LAM2,snRNA,program_1,0.0
broad_lam_like,LAM2:ACATGGTGTTCGGGCT-1,LAM2,snRNA,program_1,0.0
broad_lam_like,LAM2:ACCAGTAAGACCTTTG-1,LAM2,snRNA,program_1,0.0032971007749438286
broad_lam_like,LAM2:ACCAGTACATGCATGT-1,LAM2,snRNA,program_1,0.0
broad_lam_like,LAM2:ACCAGTAGTGTGTGCC-1,LAM2,snRNA,program_1,0.0
broad_lam_like,LAM2:ACCCACTTCCACGTTC-1,LAM2,snRNA,program_1,0.0
broad_lam_like,LAM2:ACCGTAACATGACATC-1,LAM2,snRNA,program_1,0.06987778842449188
broad_lam_like,LAM2:ACGAGCCGTGTTCTTT-1,LAM2,snRNA,program_1,0.06751009076833725
broad_lam_like,LAM2:ACGAGGAAGGACAGCT-1,LAM2,snRNA,program_1,0.0
broad_lam_like,LAM2:ACGATACAGTCTCGGC-1,LAM2,snRNA,program_1,0.0004411913105286658
broad_lam_like,LAM2:ACGATACCACCAGTTA-1,LAM2,snRNA,program_1,0.0
broad_lam_like,LAM2:ACGATGTGTAGAAAGG-1,LAM2,snRNA,program_1,0.02490556426346302
broad_lam_like,LAM2:ACGCAGCGTCTTGATG-1,LAM2,snRNA,program_1,0.0
broad_lam_like,LAM2:ACGCAGCTCTTTACGT-1,LAM2,snRNA,program_1,0.0
broad_lam_like,LAM2:ACGCCAGCAAGTCTAC-1,LAM2,snRNA,program_1,0.0
broad_lam_like,LAM2:ACGCCAGGTATGAAAC-1,LAM2,snRNA,program_1,0.009729978628456593
broad_lam_like,LAM2:ACGCCAGTCGGAATCT-1,LAM2,snRNA,program_1,0.0
broad_lam_like,LAM2:ACGCCAGTCTATGTGG-1,LAM2,snRNA,program_1,0.1729402244091034
broad_lam_like,LAM2:ACGCCGACACATGGGA-1,LAM2,snRNA,program_1,0.0
broad_lam_like,LAM2:ACGCCGACATCACGTA-1,LAM2,snRNA,program_1,0.0
broad_lam_like,LAM2:ACGGAGACAACTGCGC-1,LAM2,snRNA,program_1,0.0
broad_lam_like,LAM2:ACGGCCAGTAGCTGCC-1,LAM2,snRNA,program_1,0.0
broad_lam_like,LAM2:ACGGGTCCAAGTTAAG-1,LAM2,snRNA,program_1,0.017115173861384392
broad_lam_like,LAM2:ACTATCTCACGAAAGC-1,LAM2,snRNA,program_1,0.0
broad_lam_like,LAM2:ACTATCTCATTGGGCC-1,LAM2,snRNA,program_1,0.0
broad_lam_like,LAM2:ACTATCTTCCAACCAA-1,LAM2,snRNA,program_1,0.018275847658514977
broad_lam_like,LAM2:ACTATCTTCGAACGGA-1,LAM2,snRNA,program_1,0.0
broad_lam_like,LAM2:ACTGAACGTGCGATAG-1,LAM2,snRNA,program_1,0.006958997808396816
broad_lam_like,LAM2:ACTGAACTCGCCTGTT-1,LAM2,snRNA,program_1,0.017317622900009155
broad_lam_like,LAM2:ACTGAGTAGAGGTACC-1,LAM2,snRNA,program_1,0.009516547434031963
broad_lam_like,LAM2:ACTGAGTCATTGGCGC-1,LAM2,snRNA,program_1,0.0
broad_lam_like,LAM2:ACTGAGTTCCTGTACC-1,LAM2,snRNA,program_1,0.001787097891792655
broad_lam_like,LAM2:ACTGATGCACCGAATT-1,LAM2,snRNA,program_1,0.0
broad_lam_like,LAM2:ACTGATGGTACCGAGA-1,LAM2,snRNA,program_1,0.023858610540628433
broad_lam_like,LAM2:ACTGCTCAGCCGTCGT-1,LAM2,snRNA,program_1,0.0
broad_lam_like,LAM2:ACTGCTCGTATATCCG-1,LAM2,snRNA,program_1,0.0
broad_lam_like,LAM2:ACTGCTCTCTGAAAGA-1,LAM2,snRNA,program_1,0.02134036272764206
broad_lam_like,LAM2:ACTGCTCTCTGCGGCA-1,LAM2,snRNA,program_1,0.01201940979808569
broad_lam_like,LAM2:ACTTACTAGTATTGGA-1,LAM2,snRNA,program_1,0.0
broad_lam_like,LAM2:ACTTACTCACCATCCT-1,LAM2,snRNA,program_1,0.0
broad_lam_like,LAM2:ACTTGTTGTTCGTCTC-1,LAM2,snRNA,program_1,0.0
broad_lam_like,LAM2:ACTTTCAAGAAGGGTA-1,LAM2,snRNA,program_1,0.0
broad_lam_like,LAM2:ACTTTCAAGGCTCTTA-1,LAM2,snRNA,program_1,0.0
broad_lam_like,LAM2:AGAGCTTCAAGTCTAC-1,LAM2,snRNA,program_1,0.0
broad_lam_like,LAM2:AGAGTGGTCCAGTAGT-1,LAM2,snRNA,program_1,0.0
broad_lam_like,LAM2:AGAGTGGTCCATGAAC-1,LAM2,snRNA,program_1,0.0
broad_lam_like,LAM2:AGATCTGAGGATGGTC-1,LAM2,snRNA,program_1,0.0
broad_lam_like,LAM2:AGCAGCCCAGTCTTCC-1,LAM2,snRNA,program_1,0.0
broad_lam_like,LAM2:AGCAGCCTCCTCAATT-1,LAM2,snRNA,program_1,0.0
broad_lam_like,LAM2:AGCAGCCTCGTAGGAG-1,LAM2,snRNA,program_1,0.013295769691467285
broad_lam_like,LAM2:AGCATACAGGCATGGT-1,LAM2,snRNA,program_1,0.0
broad_lam_like,LAM2:AGCATACTCTTTACAC-1,LAM2,snRNA,program_1,0.0
broad_lam_like,LAM2:AGCCTAACAGGTTTCA-1,LAM2,snRNA,program_1,0.00899688433855772
broad_lam_like,LAM2:AGCGTCGCACTGTCGG-1,LAM2,snRNA,program_1,0.024683356285095215
broad_lam_like,LAM2:AGCGTCGGTACGAAAT-1,LAM2,snRNA,program_1,0.022726956754922867
broad_lam_like,LAM2:AGCTCCTCAGTCGATT-1,LAM2,snRNA,program_1,0.07658444344997406
broad_lam_like,LAM2:AGCTCCTGTTAGAACA-1,LAM2,snRNA,program_1,0.017847932875156403
broad_lam_like,LAM2:AGCTCTCGTGGTCTCG-1,LAM2,snRNA,program_1,0.0
broad_lam_like,LAM2:AGCTTGAGTCTCCATC-1,LAM2,snRNA,program_1,0.0
broad_lam_like,LAM2:AGCTTGATCCCGGATG-1,LAM2,snRNA,program_1,0.0
broad_lam_like,LAM2:AGGTCATCAGGACGTA-1,LAM2,snRNA,program_1,0.0
broad_lam_like,LAM2:AGGTCATTCAGGCAAG-1,LAM2,snRNA,program_1,0.0
broad_lam_like,LAM2:AGGTCATTCTGAAAGA-1,LAM2,snRNA,program_1,0.0239492729306221
broad_lam_like,LAM2:AGTAGTCGTTACGCGC-1,LAM2,snRNA,program_1,0.04758581519126892
broad_lam_like,LAM2:AGTCTTTGTCACAAGG-1,LAM2,snRNA,program_1,0.007878079079091549
broad_lam_like,LAM2:AGTCTTTGTCTCCCTA-1,LAM2,snRNA,program_1,0.009616313502192497
broad_lam_like,LAM2:AGTGAGGAGGTGACCA-1,LAM2,snRNA,program_1,0.0
broad_lam_like,LAM2:AGTTGGTAGTGTGGCA-1,LAM2,snRNA,program_1,0.0
broad_lam_like,LAM2:ATAACGCAGTGAACGC-1,LAM2,snRNA,program_1,0.0
broad_lam_like,LAM2:ATAAGAGCACATCCGG-1,LAM2,snRNA,program_1,0.0
broad_lam_like,LAM2:ATAGACCGTCGCATAT-1,LAM2,snRNA,program_1,0.0010859881294891238
broad_lam_like,LAM2:ATAGACCTCCGTAGGC-1,LAM2,snRNA,program_1,0.01675337553024292
broad_lam_like,LAM2:ATCCGAAAGAACAATC-1,LAM2,snRNA,program_1,0.0027103121392428875
broad_lam_like,LAM2:ATCGAGTCACGTGAGA-1,LAM2,snRNA,program_1,0.0
broad_lam_like,LAM2:ATCGAGTGTCTAAACC-1,LAM2,snRNA,program_1,0.0
broad_lam_like,LAM2:ATCTGCCGTAGAGCTG-1,LAM2,snRNA,program_1,0.032231904566287994
broad_lam_like,LAM2:ATGAGGGCAAAGAATC-1,LAM2,snRNA,program_1,0.0
broad_lam_like,LAM2:ATGCGATAGGAATTAC-1,LAM2,snRNA,program_1,0.03230534866452217
broad_lam_like,LAM2:ATGGGAGTCATGCATG-1,LAM2,snRNA,program_1,0.05179860442876816
broad_lam_like,LAM2:ATGGGAGTCGCCATAA-1,LAM2,snRNA,program_1,0.05143316835165024
broad_lam_like,LAM2:ATGTGTGGTGCCTGTG-1,LAM2,snRNA,program_1,0.0025045927613973618
broad_lam_like,LAM2:ATTATCCCAGCGTCCA-1,LAM2,snRNA,program_1,0.0
broad_lam_like,LAM2:ATTCTACAGCAACGGT-1,LAM2,snRNA,program_1,0.0
broad_lam_like,LAM2:ATTCTACTCCCGGATG-1,LAM2,snRNA,program_1,0.023541223257780075
broad_lam_like,LAM2:ATTGGACCAACCGCCA-1,LAM2,snRNA,program_1,0.0
broad_lam_like,LAM2:ATTGGTGGTTGAACTC-1,LAM2,snRNA,program_1,0.0
broad_lam_like,LAM2:ATTGGTGTCGTACGGC-1,LAM2,snRNA,program_1,0.024732915684580803
broad_lam_like,LAM2:CAACCAATCAGCTCTC-1,LAM2,snRNA,program_1,0.0
broad_lam_like,LAM2:CAACCTCAGGTGACCA-1,LAM2,snRNA,program_1,0.0386054702103138
broad_lam_like,LAM2:CAACCTCCAATACGCT-1,LAM2,snRNA,program_1,0.033111292868852615
broad_lam_like,LAM2:CAACTAGTCACTCTTA-1,LAM2,snRNA,program_1,0.005739875137805939
broad_lam_like,LAM2:CAAGGCCAGATCCGAG-1,LAM2,snRNA,program_1,0.01281130500137806
broad_lam_like,LAM2:CAAGTTGAGATGTGGC-1,LAM2,snRNA,program_1,0.022079551592469215
broad_lam_like,LAM2:CAAGTTGTCTGACCTC-1,LAM2,snRNA,program_1,0.008591731078922749
broad_lam_like,LAM2:CACAAACAGCAACGGT-1,LAM2,snRNA,program_1,0.0
broad_lam_like,LAM2:CACACAACAAACTGTC-1,LAM2,snRNA,program_1,0.0
broad_lam_like,LAM2:CACACAAGTCTTTCAT-1,LAM2,snRNA,program_1,0.009166788309812546
broad_lam_like,LAM2:CACACCTGTTAAGGGC-1,LAM2,snRNA,program_1,0.0027147536166012287
broad_lam_like,LAM2:CACACTCAGCAGGTCA-1,LAM2,snRNA,program_1,0.16650354862213135
broad_lam_like,LAM2:CACATAGCACTCAGGC-1,LAM2,snRNA,program_1,0.0
broad_lam_like,LAM2:CACATTTCATAAAGGT-1,LAM2,snRNA,program_1,0.11950211226940155
broad_lam_like,LAM2:CACCACTAGTGACTCT-1,LAM2,snRNA,program_1,0.006483399774879217
broad_lam_like,LAM2:CACCACTGTTCAACCA-1,LAM2,snRNA,program_1,0.0
broad_lam_like,LAM2:CACCAGGAGACTGGGT-1,LAM2,snRNA,program_1,0.0
broad_lam_like,LAM2:CACCAGGGTTCAGCGC-1,LAM2,snRNA,program_1,0.0
broad_lam_like,LAM2:CAGATCAAGGGTTTCT-1,LAM2,snRNA,program_1,0.0
broad_lam_like,LAM2:CAGCAGCAGCGAAGGG-1,LAM2,snRNA,program_1,0.0
broad_lam_like,LAM2:CAGCAGCTCTGCAAGT-1,LAM2,snRNA,program_1,0.0
broad_lam_like,LAM2:CAGCAGCTCTGCGGCA-1,LAM2,snRNA,program_1,0.022890480235219002
broad_lam_like,LAM2:CAGCATATCCCAAGAT-1,LAM2,snRNA,program_1,0.05233020335435867
broad_lam_like,LAM2:CAGCCGAAGCTCTCGG-1,LAM2,snRNA,program_1,0.0846720039844513
broad_lam_like,LAM2:CAGCGACAGTTAAGTG-1,LAM2,snRNA,program_1,0.0399736650288105
broad_lam_like,LAM2:CAGCGACCACGGTAGA-1,LAM2,snRNA,program_1,0.03294926881790161
broad_lam_like,LAM2:CAGCGACCATCCAACA-1,LAM2,snRNA,program_1,0.05008779466152191
broad_lam_like,LAM2:CAGCTAAGTAAAGTCA-1,LAM2,snRNA,program_1,0.011836303398013115
broad_lam_like,LAM2:CAGGTGCGTAAGGATT-1,LAM2,snRNA,program_1,0.0
broad_lam_like,LAM2:CAGTAACGTGTTAAGA-1,LAM2,snRNA,program_1,0.0
broad_lam_like,LAM2:CAGTCCTGTATGGTTC-1,LAM2,snRNA,program_1,0.0
broad_lam_like,LAM2:CATATGGCACGCATCG-1,LAM2,snRNA,program_1,0.01293371245265007
broad_lam_like,LAM2:CATATGGGTGTTTGGT-1,LAM2,snRNA,program_1,0.0
broad_lam_like,LAM2:CATCCACAGGGTCTCC-1,LAM2,snRNA,program_1,0.004882842767983675
broad_lam_like,LAM2:CATCCACTCATTGCGA-1,LAM2,snRNA,program_1,0.02469390071928501
broad_lam_like,LAM2:CATCGGGAGGGCACTA-1,LAM2,snRNA,program_1,0.028445810079574585
broad_lam_like,LAM2:CATCGGGGTGCGCTTG-1,LAM2,snRNA,program_1,0.0
broad_lam_like,LAM2:CATCGGGTCGCGCCAA-1,LAM2,snRNA,program_1,0.011918277479708195
broad_lam_like,LAM2:CATGACATCGAACTGT-1,LAM2,snRNA,program_1,0.0
broad_lam_like,LAM2:CATTATCAGTGGGCTA-1,LAM2,snRNA,program_1,0.0
broad_lam_like,LAM2:CATTATCTCTACCAGA-1,LAM2,snRNA,program_1,0.0
broad_lam_like,LAM2:CATTCGCAGCGCCTTG-1,LAM2,snRNA,program_1,0.10413079708814621
broad_lam_like,LAM2:CATTCGCGTTTGTTTC-1,LAM2,snRNA,program_1,0.0
broad_lam_like,LAM2:CCAATCCCAACCGCCA-1,LAM2,snRNA,program_1,0.0
broad_lam_like,LAM2:CCAATCCGTGTATGGG-1,LAM2,snRNA,program_1,0.1273340880870819
broad_lam_like,LAM2:CCACCTAGTAGCAAAT-1,LAM2,snRNA,program_1,0.011033065617084503
broad_lam_like,LAM2:CCACGGAAGACAGACC-1,LAM2,snRNA,program_1,0.0
broad_lam_like,LAM2:CCACGGAAGCGATTCT-1,LAM2,snRNA,program_1,0.6900462508201599
broad_lam_like,LAM2:CCAGCGAGTAAAGGAG-1,LAM2,snRNA,program_1,0.010596548207104206
broad_lam_like,LAM2:CCATGTCAGGTTACCT-1,LAM2,snRNA,program_1,0.0
broad_lam_like,LAM2:CCATGTCCAAGCGAGT-1,LAM2,snRNA,program_1,0.0
broad_lam_like,LAM2:CCCAATCAGCCCAACC-1,LAM2,snRNA,program_1,0.016697600483894348
broad_lam_like,LAM2:CCCAATCTCGCTGATA-1,LAM2,snRNA,program_1,0.0
broad_lam_like,LAM2:CCCAGTTAGAGACTAT-1,LAM2,snRNA,program_1,0.0
broad_lam_like,LAM2:CCCAGTTGTAGCTGCC-1,LAM2,snRNA,program_1,0.0006694335024803877
broad_lam_like,LAM2:CCCAGTTGTCTTGCGG-1,LAM2,snRNA,program_1,0.0
broad_lam_like,LAM2:CCCATACGTGCTAGCC-1,LAM2,snRNA,program_1,0.025926154106855392
broad_lam_like,LAM2:CCCTCCTTCCCTTGCA-1,LAM2,snRNA,program_1,0.0
broad_lam_like,LAM2:CCGGGATTCCTTAATC-1,LAM2,snRNA,program_1,0.03173036128282547
broad_lam_like,LAM2:CCGGTAGAGAGTGACC-1,LAM2,snRNA,program_1,0.02154693938791752
broad_lam_like,LAM2:CCGGTAGAGTGAACAT-1,LAM2,snRNA,program_1,0.028393199667334557
broad_lam_like,LAM2:CCGGTAGCAAACAACA-1,LAM2,snRNA,program_1,0.0
broad_lam_like,LAM2:CCGGTAGTCAGGCAAG-1,LAM2,snRNA,program_1,0.0
broad_lam_like,LAM2:CCGTACTAGGAATTAC-1,LAM2,snRNA,program_1,0.0
broad_lam_like,LAM2:CCGTGGACAAGGTTTC-1,LAM2,snRNA,program_1,0.002645227825269103
broad_lam_like,LAM2:CCGTTCAGTTTGCATG-1,LAM2,snRNA,program_1,0.0
broad_lam_like,LAM2:CCGTTCATCTGTGCAA-1,LAM2,snRNA,program_1,0.027532437816262245
broad_lam_like,LAM2:CCTAAAGCACGGACAA-1,LAM2,snRNA,program_1,0.012088948860764503
broad_lam_like,LAM2:CCTAAAGGTGCAACTT-1,LAM2,snRNA,program_1,0.14323553442955017
broad_lam_like,LAM2:CCTACACCACAAGACG-1,LAM2,snRNA,program_1,0.04187016561627388
broad_lam_like,LAM2:CCTACCACAGCCAATT-1,LAM2,snRNA,program_1,0.016221117228269577
broad_lam_like,LAM2:CCTACCAGTGCACCAC-1,LAM2,snRNA,program_1,0.0
broad_lam_like,LAM2:CCTAGCTCAGACGCTC-1,LAM2,snRNA,program_1,0.0
broad_lam_like,LAM2:CCTTACGCACATGACT-1,LAM2,snRNA,program_1,0.0008684719214215875
broad_lam_like,LAM2:CCTTACGGTACTCAAC-1,LAM2,snRNA,program_1,0.0
broad_lam_like,LAM2:CCTTACGGTATAGTAG-1,LAM2,snRNA,program_1,0.02693905495107174
broad_lam_like,LAM2:CCTTCGAGTCACAAGG-1,LAM2,snRNA,program_1,0.0
broad_lam_like,LAM2:CGACCTTCACCGCTAG-1,LAM2,snRNA,program_1,0.0
broad_lam_like,LAM2:CGACTTCTCATGTCCC-1,LAM2,snRNA,program_1,0.006126623135060072
broad_lam_like,LAM2:CGAGCACCAGACGTAG-1,LAM2,snRNA,program_1,0.08415418118238449
broad_lam_like,LAM2:CGAGCACGTTTGACTG-1,LAM2,snRNA,program_1,0.042695533484220505
broad_lam_like,LAM2:CGATGGCCAGCTCGAC-1,LAM2,snRNA,program_1,0.009218297898769379
broad_lam_like,LAM2:CGATTGAAGCTCTCGG-1,LAM2,snRNA,program_1,0.0
broad_lam_like,LAM2:CGATTGAGTCAATACC-1,LAM2,snRNA,program_1,0.0
broad_lam_like,LAM2:CGATTGAGTTCCATGA-1,LAM2,snRNA,program_1,0.0
broad_lam_like,LAM2:CGCCAAGGTAGCACGA-1,LAM2,snRNA,program_1,0.0
broad_lam_like,LAM2:CGCGGTAAGCCGATTT-1,LAM2,snRNA,program_1,0.0
broad_lam_like,LAM2:CGCTTCAGTCTCCACT-1,LAM2,snRNA,program_1,0.0
broad_lam_like,LAM2:CGGACACTCACATACG-1,LAM2,snRNA,program_1,0.0
broad_lam_like,LAM2:CGGACTGTCTGGTTCC-1,LAM2,snRNA,program_1,0.011000197380781174
broad_lam_like,LAM2:CGGAGTCAGAGGTTAT-1,LAM2,snRNA,program_1,0.0
broad_lam_like,LAM2:CGGCTAGCAGACACTT-1,LAM2,snRNA,program_1,0.0
broad_lam_like,LAM2:CGGCTAGTCAACTCTT-1,LAM2,snRNA,program_1,0.0
broad_lam_like,LAM2:CGGGTCAAGGAACTGC-1,LAM2,snRNA,program_1,0.0
broad_lam_like,LAM2:CGGGTCACATTCACTT-1,LAM2,snRNA,program_1,0.0
broad_lam_like,LAM2:CGGGTCAGTGTGCGTC-1,LAM2,snRNA,program_1,0.0
broad_lam_like,LAM2:CGGTTAAAGGTACTCT-1,LAM2,snRNA,program_1,0.001488090492784977
broad_lam_like,LAM2:CGGTTAAAGTCCAGGA-1,LAM2,snRNA,program_1,0.005196928512305021
broad_lam_like,LAM2:CGTAGCGTCAAACCAC-1,LAM2,snRNA,program_1,0.0
broad_lam_like,LAM2:CGTCAGGGTAGCGTAG-1,LAM2,snRNA,program_1,0.0
broad_lam_like,LAM2:CGTCCATCATCGATTG-1,LAM2,snRNA,program_1,0.0
broad_lam_like,LAM2:CGTCCATTCAATACCG-1,LAM2,snRNA,program_1,0.009906726889312267
broad_lam_like,LAM2:CGTCTACCAGCTCGAC-1,LAM2,snRNA,program_1,0.0
broad_lam_like,LAM2:CGTGTCTTCCGCAAGC-1,LAM2,snRNA,program_1,0.00045038366806693375
broad_lam_like,LAM2:CGTTAGATCTACCTGC-1,LAM2,snRNA,program_1,0.01553590688854456
broad_lam_like,LAM2:CTAACTTCAAGCGCTC-1,LAM2,snRNA,program_1,0.11376607418060303
broad_lam_like,LAM2:CTAAGACCATGCCACG-1,LAM2,snRNA,program_1,0.0
broad_lam_like,LAM2:CTACCCAGTGGCTCCA-1,LAM2,snRNA,program_1,0.0
broad_lam_like,LAM2:CTACGTCAGTTACGGG-1,LAM2,snRNA,program_1,0.0
broad_lam_like,LAM2:CTACGTCCATCAGTAC-1,LAM2,snRNA,program_1,0.0274887103587389
broad_lam_like,LAM2:CTACGTCGTCTGCGGT-1,LAM2,snRNA,program_1,0.045703694224357605
broad_lam_like,LAM2:CTAGAGTTCAGTTTGG-1,LAM2,snRNA,program_1,0.009598665870726109
broad_lam_like,LAM2:CTAGCCTAGTGCGTGA-1,LAM2,snRNA,program_1,0.0
broad_lam_like,LAM2:CTAGCCTTCGGGAGTA-1,LAM2,snRNA,program_1,0.0
broad_lam_like,LAM2:CTAGTGAAGGGAAACA-1,LAM2,snRNA,program_1,0.0
broad_lam_like,LAM2:CTAGTGATCTACTATC-1,LAM2,snRNA,program_1,0.02304384671151638
broad_lam_like,LAM2:CTCACACCATCGATGT-1,LAM2,snRNA,program_1,0.0
broad_lam_like,LAM2:CTCACACGTCCTGCTT-1,LAM2,snRNA,program_1,0.010369373485445976
broad_lam_like,LAM2:CTCCTAGAGTTGTAGA-1,LAM2,snRNA,program_1,0.0
broad_lam_like,LAM2:CTCCTAGCAGTATCTG-1,LAM2,snRNA,program_1,0.0
broad_lam_like,LAM2:CTCCTAGTCTCTAGGA-1,LAM2,snRNA,program_1,0.0
broad_lam_like,LAM2:CTCGAAATCGGCATCG-1,LAM2,snRNA,program_1,0.04218648001551628
broad_lam_like,LAM2:CTCGAAATCGGTGTTA-1,LAM2,snRNA,program_1,0.029447495937347412
broad_lam_like,LAM2:CTCGAGGGTTTACTCT-1,LAM2,snRNA,program_1,0.0
broad_lam_like,LAM2:CTCGGAGAGATGCCTT-1,LAM2,snRNA,program_1,0.17717504501342773
broad_lam_like,LAM2:CTCGGAGGTGCAGGTA-1,LAM2,snRNA,program_1,0.0
broad_lam_like,LAM2:CTCGGGACAGGGAGAG-1,LAM2,snRNA,program_1,0.0
broad_lam_like,LAM2:CTCGTACAGTCCGTAT-1,LAM2,snRNA,program_1,0.0
broad_lam_like,LAM2:CTCGTACTCGGAGGTA-1,LAM2,snRNA,program_1,0.0
broad_lam_like,LAM2:CTCGTCAGTTATCACG-1,LAM2,snRNA,program_1,0.001212644623592496
broad_lam_like,LAM2:CTCTACGTCTCATTCA-1,LAM2,snRNA,program_1,0.0
broad_lam_like,LAM2:CTGAAGTCATGTAGTC-1,LAM2,snRNA,program_1,0.00839140359312296
broad_lam_like,LAM2:CTGATAGAGGATGCGT-1,LAM2,snRNA,program_1,0.004946722183376551
broad_lam_like,LAM2:CTGATCCGTCCGAACC-1,LAM2,snRNA,program_1,0.0
broad_lam_like,LAM2:CTGCCTACATTAGCCA-1,LAM2,snRNA,program_1,0.0
broad_lam_like,LAM2:CTGCCTATCAACACTG-1,LAM2,snRNA,program_1,0.009302763268351555
broad_lam_like,LAM2:CTGCGGATCCAGGGCT-1,LAM2,snRNA,program_1,0.003905758960172534
broad_lam_like,LAM2:CTGCGGATCTCTGTCG-1,LAM2,snRNA,program_1,0.021996060386300087
broad_lam_like,LAM2:CTTAACTAGGTAGCTG-1,LAM2,snRNA,program_1,0.0
broad_lam_like,LAM2:CTTAACTTCGAGGTAG-1,LAM2,snRNA,program_1,0.0
broad_lam_like,LAM2:CTTAGGACAAACAACA-1,LAM2,snRNA,program_1,0.0
broad_lam_like,LAM2:CTTGGCTTCGCATGAT-1,LAM2,snRNA,program_1,0.013885990716516972
broad_lam_like,LAM2:CTTTGCGTCCATTCTA-1,LAM2,snRNA,program_1,0.06484071910381317
broad_lam_like,LAM2:GAAACTCTCTACGAGT-1,LAM2,snRNA,program_1,0.0
broad_lam_like,LAM2:GAACCTAAGGCATTGG-1,LAM2,snRNA,program_1,0.0
broad_lam_like,LAM2:GAACCTAAGTCTCCTC-1,LAM2,snRNA,program_1,0.006070471368730068
broad_lam_like,LAM2:GAACCTAGTAGGACAC-1,LAM2,snRNA,program_1,0.00045140611473470926
broad_lam_like,LAM2:GAACCTATCCACGACG-1,LAM2,snRNA,program_1,0.010411690920591354
broad_lam_like,LAM2:GAACGGACATACGCCG-1,LAM2,snRNA,program_1,0.0497809574007988
broad_lam_like,LAM2:GAAGCAGAGATCTGCT-1,LAM2,snRNA,program_1,0.0
broad_lam_like,LAM2:GAAGCAGGTTCCACTC-1,LAM2,snRNA,program_1,0.0142825897783041
broad_lam_like,LAM2:GAATAAGGTCAATACC-1,LAM2,snRNA,program_1,0.0
broad_lam_like,LAM2:GAATGAAAGGCGCTCT-1,LAM2,snRNA,program_1,0.10227803140878677
broad_lam_like,LAM2:GAATGAACAGTGACAG-1,LAM2,snRNA,program_1,0.0
broad_lam_like,LAM2:GACACGCAGAGTACCG-1,LAM2,snRNA,program_1,0.013699136674404144
broad_lam_like,LAM2:GACACGCAGCTGAACG-1,LAM2,snRNA,program_1,0.0
broad_lam_like,LAM2:GACACGCCAATGACCT-1,LAM2,snRNA,program_1,0.15138603746891022
broad_lam_like,LAM2:GACAGAGCACTCTGTC-1,LAM2,snRNA,program_1,0.0
broad_lam_like,LAM2:GACCAATCAGTTAACC-1,LAM2,snRNA,program_1,0.015397642739117146
broad_lam_like,LAM2:GACCAATTCAGCGACC-1,LAM2,snRNA,program_1,0.0
broad_lam_like,LAM2:GACCTGGGTGTGGTTT-1,LAM2,snRNA,program_1,0.03463597968220711
broad_lam_like,LAM2:GACGGCTAGAGACGAA-1,LAM2,snRNA,program_1,0.0
broad_lam_like,LAM2:GACGTTACATCCTAGA-1,LAM2,snRNA,program_1,0.0
broad_lam_like,LAM2:GACTAACCAGCTCGCA-1,LAM2,snRNA,program_1,0.0
broad_lam_like,LAM2:GACTAACGTCAATGTC-1,LAM2,snRNA,program_1,0.06730005145072937
broad_lam_like,LAM2:GAGCAGAGTATAGGGC-1,LAM2,snRNA,program_1,0.04145526513457298
broad_lam_like,LAM2:GAGCAGATCTCCCTGA-1,LAM2,snRNA,program_1,0.0
broad_lam_like,LAM2:GAGGTGAAGAATTGTG-1,LAM2,snRNA,program_1,0.029624871909618378
broad_lam_like,LAM2:GAGGTGACATTGGTAC-1,LAM2,snRNA,program_1,0.010622034780681133
broad_lam_like,LAM2:GAGGTGATCCCAAGTA-1,LAM2,snRNA,program_1,0.0
broad_lam_like,LAM2:GAGGTGATCTTGTCAT-1,LAM2,snRNA,program_1,0.08285079151391983
broad_lam_like,LAM2:GAGTCCGCAATGGATA-1,LAM2,snRNA,program_1,0.011994392611086369
broad_lam_like,LAM2:GATCAGTCACACCGCA-1,LAM2,snRNA,program_1,0.01738998480141163
broad_lam_like,LAM2:GATCAGTCATAACCTG-1,LAM2,snRNA,program_1,0.0
broad_lam_like,LAM2:GATCGATAGTCCGGTC-1,LAM2,snRNA,program_1,0.14453183114528656
broad_lam_like,LAM2:GATCGTACAGTATGCT-1,LAM2,snRNA,program_1,0.0
broad_lam_like,LAM2:GATCGTAGTCTAGGTT-1,LAM2,snRNA,program_1,0.0
broad_lam_like,LAM2:GATCTAGAGACCCACC-1,LAM2,snRNA,program_1,0.06518613547086716
broad_lam_like,LAM2:GATGAAATCTCTGCTG-1,LAM2,snRNA,program_1,0.027408571913838387
broad_lam_like,LAM2:GATGAGGGTAGTACCT-1,LAM2,snRNA,program_1,0.0
broad_lam_like,LAM2:GATGAGGGTTCCATGA-1,LAM2,snRNA,program_1,0.02029511146247387
broad_lam_like,LAM2:GATGCTAAGTCCGGTC-1,LAM2,snRNA,program_1,0.0
broad_lam_like,LAM2:GCAAACTCAGTATAAG-1,LAM2,snRNA,program_1,0.12719303369522095
broad_lam_like,LAM2:GCAATCAGTCGAACAG-1,LAM2,snRNA,program_1,0.03128107264637947
broad_lam_like,LAM2:GCAATCATCAGAGCTT-1,LAM2,snRNA,program_1,0.0
broad_lam_like,LAM2:GCACTCTAGACATAAC-1,LAM2,snRNA,program_1,0.0
broad_lam_like,LAM2:GCAGCCACAAGAAAGG-1,LAM2,snRNA,program_1,0.0
broad_lam_like,LAM2:GCAGTTAAGTGTACCT-1,LAM2,snRNA,program_1,0.19502416253089905
broad_lam_like,LAM2:GCATACAAGTGTGGCA-1,LAM2,snRNA,program_1,0.0
broad_lam_like,LAM2:GCATGATCACGGTTTA-1,LAM2,snRNA,program_1,0.0
broad_lam_like,LAM2:GCATGATCATGCTAGT-1,LAM2,snRNA,program_1,0.0
broad_lam_like,LAM2:GCATGATGTCTAGCCG-1,LAM2,snRNA,program_1,0.0
broad_lam_like,LAM2:GCATGCGGTTCGTCTC-1,LAM2,snRNA,program_1,0.011486059986054897
broad_lam_like,LAM2:GCCAAATGTGTTCGAT-1,LAM2,snRNA,program_1,0.0
broad_lam_like,LAM2:GCGACCAGTCGGATCC-1,LAM2,snRNA,program_1,0.005993112921714783
broad_lam_like,LAM2:GCGCAACAGCCTTGAT-1,LAM2,snRNA,program_1,0.0
broad_lam_like,LAM2:GCGCAGTAGTACGTTC-1,LAM2,snRNA,program_1,0.0
broad_lam_like,LAM2:GCGCCAAAGACAGAGA-1,LAM2,snRNA,program_1,0.0
broad_lam_like,LAM2:GCGCGATAGAAGATTC-1,LAM2,snRNA,program_1,0.07239756733179092
broad_lam_like,LAM2:GCGCGATAGTGGAGTC-1,LAM2,snRNA,program_1,0.003172139637172222
broad_lam_like,LAM2:GCGGGTTGTTCCACAA-1,LAM2,snRNA,program_1,0.027254456654191017
broad_lam_like,LAM2:GCTCCTAAGTGTTGAA-1,LAM2,snRNA,program_1,0.02075129561126232
broad_lam_like,LAM2:GCTCCTATCGGAAACG-1,LAM2,snRNA,program_1,0.0
broad_lam_like,LAM2:GCTGCAGAGCTGGAAC-1,LAM2,snRNA,program_1,0.0
broad_lam_like,LAM2:GCTGCGATCCGCGTTT-1,LAM2,snRNA,program_1,0.015563596971333027
broad_lam_like,LAM2:GCTGCTTGTGGACGAT-1,LAM2,snRNA,program_1,0.019696976989507675
broad_lam_like,LAM2:GCTGGGTCAGTCTTCC-1,LAM2,snRNA,program_1,0.0
broad_lam_like,LAM2:GGAAAGCCAGCCAGAA-1,LAM2,snRNA,program_1,0.0
broad_lam_like,LAM2:GGAAAGCCATGCAACT-1,LAM2,snRNA,program_1,0.0
broad_lam_like,LAM2:GGAATAAAGAGCTGGT-1,LAM2,snRNA,program_1,0.015672653913497925
broad_lam_like,LAM2:GGAATAACATGGGAAC-1,LAM2,snRNA,program_1,0.019860677421092987
broad_lam_like,LAM2:GGACAAGCAGGACGTA-1,LAM2,snRNA,program_1,0.09472259134054184
broad_lam_like,LAM2:GGACATTGTCTCCATC-1,LAM2,snRNA,program_1,0.020810836926102638
broad_lam_like,LAM2:GGACATTTCCCACTTG-1,LAM2,snRNA,program_1,0.0
broad_lam_like,LAM2:GGACGTCCATGTCGAT-1,LAM2,snRNA,program_1,0.0
broad_lam_like,LAM2:GGACGTCCATTAACCG-1,LAM2,snRNA,program_1,0.009103766642510891
broad_lam_like,LAM2:GGATGTTGTTGTACAC-1,LAM2,snRNA,program_1,0.0
broad_lam_like,LAM2:GGATGTTTCGAACGGA-1,LAM2,snRNA,program_1,0.0016181187238544226
broad_lam_like,LAM2:GGATTACAGTACGATA-1,LAM2,snRNA,program_1,0.06291375309228897
broad_lam_like,LAM2:GGCAATTAGGCCCGTT-1,LAM2,snRNA,program_1,0.0
broad_lam_like,LAM2:GGCAATTCAACAACCT-1,LAM2,snRNA,program_1,0.03213926777243614
broad_lam_like,LAM2:GGCAATTTCTGATTCT-1,LAM2,snRNA,program_1,0.0
broad_lam_like,LAM2:GGCCGATAGTCGATAA-1,LAM2,snRNA,program_1,0.0
broad_lam_like,LAM2:GGCCGATTCTCTGCTG-1,LAM2,snRNA,program_1,0.0509084016084671
broad_lam_like,LAM2:GGCGACTCACATAACC-1,LAM2,snRNA,program_1,0.0
broad_lam_like,LAM2:GGCGACTCATCGGTTA-1,LAM2,snRNA,program_1,0.0
broad_lam_like,LAM2:GGCGACTTCCTTTCGG-1,LAM2,snRNA,program_1,0.0
broad_lam_like,LAM2:GGCGTGTCAAAGCAAT-1,LAM2,snRNA,program_1,0.0
broad_lam_like,LAM2:GGCTCGAGTTGTACAC-1,LAM2,snRNA,program_1,0.15715713798999786
broad_lam_like,LAM2:GGGACCTCATCCCATC-1,LAM2,snRNA,program_1,0.0
broad_lam_like,LAM2:GGGACCTGTTTAGCTG-1,LAM2,snRNA,program_1,0.0015092031098902225
broad_lam_like,LAM2:GGGAGATAGCGTGTCC-1,LAM2,snRNA,program_1,0.12586665153503418
broad_lam_like,LAM2:GGGATGAAGCGTAGTG-1,LAM2,snRNA,program_1,0.0
broad_lam_like,LAM2:GGGCATCGTGCTAGCC-1,LAM2,snRNA,program_1,0.0
broad_lam_like,LAM2:GGGCATCTCGCCATAA-1,LAM2,snRNA,program_1,0.0
broad_lam_like,LAM2:GGGTTGCAGCCCAATT-1,LAM2,snRNA,program_1,0.03547615930438042
broad_lam_like,LAM2:GGTATTGAGTGTTTGC-1,LAM2,snRNA,program_1,0.0
broad_lam_like,LAM2:GGTGCGTGTCAAAGAT-1,LAM2,snRNA,program_1,0.0
broad_lam_like,LAM2:GTAACTGAGTGTGAAT-1,LAM2,snRNA,program_1,0.019523080438375473
broad_lam_like,LAM2:GTAACTGCACGGCTAC-1,LAM2,snRNA,program_1,0.1600131094455719
broad_lam_like,LAM2:GTACTCCTCAGGCGAA-1,LAM2,snRNA,program_1,0.0
broad_lam_like,LAM2:GTACTTTCACGCTTTC-1,LAM2,snRNA,program_1,0.0
broad_lam_like,LAM2:GTAGTCATCCTTGACC-1,LAM2,snRNA,program_1,0.0
broad_lam_like,LAM2:GTATCTTAGCATGGCA-1,LAM2,snRNA,program_1,0.12157174199819565
broad_lam_like,LAM2:GTATTCTCACATCCGG-1,LAM2,snRNA,program_1,0.12341827899217606
broad_lam_like,LAM2:GTCAAGTCATGAGCGA-1,LAM2,snRNA,program_1,0.0
broad_lam_like,LAM2:GTCACAACAGCTCGCA-1,LAM2,snRNA,program_1,0.0
broad_lam_like,LAM2:GTCCTCAAGGGATACC-1,LAM2,snRNA,program_1,0.07362788170576096
broad_lam_like,LAM2:GTCCTCAGTCCAGTGC-1,LAM2,snRNA,program_1,0.0
broad_lam_like,LAM2:GTCGTAAGTTATTCTC-1,LAM2,snRNA,program_1,0.011807380244135857
broad_lam_like,LAM2:GTCGTAATCTTACCTA-1,LAM2,snRNA,program_1,0.0
broad_lam_like,LAM2:GTCTCGTCATCCTAGA-1,LAM2,snRNA,program_1,0.013402430340647697
broad_lam_like,LAM2:GTGAAGGTCTGTCAAG-1,LAM2,snRNA,program_1,0.0
broad_lam_like,LAM2:GTGCATATCTCTTGAT-1,LAM2,snRNA,program_1,3.1715346267446876e-05
broad_lam_like,LAM2:GTGCGGTCACGAAGCA-1,LAM2,snRNA,program_1,0.0
broad_lam_like,LAM2:GTGGGTCGTGCAGGTA-1,LAM2,snRNA,program_1,0.047064077109098434
broad_lam_like,LAM2:GTGGGTCGTTCCCGAG-1,LAM2,snRNA,program_1,0.008769465610384941
broad_lam_like,LAM2:GTGTGCGGTCCTAGCG-1,LAM2,snRNA,program_1,0.0
broad_lam_like,LAM2:GTTAAGCAGTTACCCA-1,LAM2,snRNA,program_1,0.0881616547703743
broad_lam_like,LAM2:GTTCGGGCACATGACT-1,LAM2,snRNA,program_1,0.0
broad_lam_like,LAM2:GTTCGGGCATAAAGGT-1,LAM2,snRNA,program_1,0.007576037663966417
broad_lam_like,LAM2:GTTTCTACAAACGTGG-1,LAM2,snRNA,program_1,0.0189858078956604
broad_lam_like,LAM2:GTTTCTACACCGAATT-1,LAM2,snRNA,program_1,0.0
broad_lam_like,LAM2:TAAACCGCAGAGTGTG-1,LAM2,snRNA,program_1,0.0
broad_lam_like,LAM2:TAAACCGGTTGGACCC-1,LAM2,snRNA,program_1,0.0
broad_lam_like,LAM2:TAAGTGCCATGGTCTA-1,LAM2,snRNA,program_1,0.012909481301903725
broad_lam_like,LAM2:TAAGTGCGTTATGTGC-1,LAM2,snRNA,program_1,0.0
broad_lam_like,LAM2:TACAGTGTCGTGACAT-1,LAM2,snRNA,program_1,0.0
broad_lam_like,LAM2:TACCTATGTGGCGAAT-1,LAM2,snRNA,program_1,0.0
broad_lam_like,LAM2:TACGGGCGTCCGAACC-1,LAM2,snRNA,program_1,0.004355964250862598
broad_lam_like,LAM2:TACGGGCGTTGGTGGA-1,LAM2,snRNA,program_1,0.01658613234758377
broad_lam_like,LAM2:TACGGTATCCCTAACC-1,LAM2,snRNA,program_1,0.0
broad_lam_like,LAM2:TACTCATCACTATCTT-1,LAM2,snRNA,program_1,0.049126699566841125
broad_lam_like,LAM2:TACTCATGTAAGAGAG-1,LAM2,snRNA,program_1,0.0
broad_lam_like,LAM2:TACTCATTCGTAGGAG-1,LAM2,snRNA,program_1,0.004071574658155441
broad_lam_like,LAM2:TACTTGTCACTTGGAT-1,LAM2,snRNA,program_1,0.04650193825364113
broad_lam_like,LAM2:TACTTGTGTGGCTCCA-1,LAM2,snRNA,program_1,0.0020484623964875937
broad_lam_like,LAM2:TAGACCAAGAATTGTG-1,LAM2,snRNA,program_1,0.0
broad_lam_like,LAM2:TAGACCATCAACGAAA-1,LAM2,snRNA,program_1,0.013811113312840462
broad_lam_like,LAM2:TAGCCGGGTGCTGTAT-1,LAM2,snRNA,program_1,0.030561838299036026
broad_lam_like,LAM2:TAGTGGTAGGACACCA-1,LAM2,snRNA,program_1,0.004857278428971767
broad_lam_like,LAM2:TAGTTGGGTACAGCAG-1,LAM2,snRNA,program_1,0.0
broad_lam_like,LAM2:TATCAGGGTCACTTCC-1,LAM2,snRNA,program_1,0.01220786478370428
broad_lam_like,LAM2:TATCTCAGTTCTGAAC-1,LAM2,snRNA,program_1,0.01840967684984207
broad_lam_like,LAM2:TATGCCCGTATCACCA-1,LAM2,snRNA,program_1,0.0
broad_lam_like,LAM2:TCAACGAAGCTTTGGT-1,LAM2,snRNA,program_1,0.0
broad_lam_like,LAM2:TCAGATGTCTCGAGTA-1,LAM2,snRNA,program_1,0.017906945198774338
broad_lam_like,LAM2:TCAGCTCTCGACAGCC-1,LAM2,snRNA,program_1,0.0
broad_lam_like,LAM2:TCAGGATCAGATCTGT-1,LAM2,snRNA,program_1,0.01994953490793705
broad_lam_like,LAM2:TCAGGATTCGTAGATC-1,LAM2,snRNA,program_1,0.0
broad_lam_like,LAM2:TCGAGGCTCACCAGGC-1,LAM2,snRNA,program_1,0.003501765662804246
broad_lam_like,LAM2:TCGCGTTGTAGCGCTC-1,LAM2,snRNA,program_1,0.0
broad_lam_like,LAM2:TCGGGACTCTTTACAC-1,LAM2,snRNA,program_1,0.0
broad_lam_like,LAM2:TCGGTAACATGGTCAT-1,LAM2,snRNA,program_1,0.01969444751739502
broad_lam_like,LAM2:TCGTAGATCAGCGATT-1,LAM2,snRNA,program_1,0.0
broad_lam_like,LAM2:TCTATTGCAATGCCAT-1,LAM2,snRNA,program_1,0.0
broad_lam_like,LAM2:TCTATTGCACATTTCT-1,LAM2,snRNA,program_1,0.1328812688589096
broad_lam_like,LAM2:TCTATTGCAGGGATTG-1,LAM2,snRNA,program_1,0.1423293948173523
broad_lam_like,LAM2:TCTATTGCATTGGTAC-1,LAM2,snRNA,program_1,0.024260424077510834
broad_lam_like,LAM2:TCTCATATCAGCTGGC-1,LAM2,snRNA,program_1,0.0
broad_lam_like,LAM2:TCTCATATCCTACAGA-1,LAM2,snRNA,program_1,0.002216254360973835
broad_lam_like,LAM2:TCTCATATCTGAAAGA-1,LAM2,snRNA,program_1,0.0005171452648937702
broad_lam_like,LAM2:TCTGAGAGTATAGGGC-1,LAM2,snRNA,program_1,0.0
broad_lam_like,LAM2:TCTGAGATCAACACTG-1,LAM2,snRNA,program_1,0.09878382086753845
broad_lam_like,LAM2:TCTGGAATCAACTCTT-1,LAM2,snRNA,program_1,0.0493418425321579
broad_lam_like,LAM2:TGACAACCACAGATTC-1,LAM2,snRNA,program_1,0.00676904758438468
broad_lam_like,LAM2:TGACTAGCAGTTAACC-1,LAM2,snRNA,program_1,0.042248353362083435
broad_lam_like,LAM2:TGACTTTAGTGAAGTT-1,LAM2,snRNA,program_1,0.0
broad_lam_like,LAM2:TGAGCATAGTGGTAGC-1,LAM2,snRNA,program_1,0.0
broad_lam_like,LAM2:TGATTTCGTGAAGGCT-1,LAM2,snRNA,program_1,0.004878002218902111
broad_lam_like,LAM2:TGATTTCTCCTCGCAT-1,LAM2,snRNA,program_1,0.0033808466978371143
broad_lam_like,LAM2:TGCACCTTCAATACCG-1,LAM2,snRNA,program_1,0.009721876122057438
broad_lam_like,LAM2:TGCCCATCACGGCCAT-1,LAM2,snRNA,program_1,0.07980867475271225
broad_lam_like,LAM2:TGCCCATGTCCAGTTA-1,LAM2,snRNA,program_1,0.0
broad_lam_like,LAM2:TGCCCTAAGCTAGCCC-1,LAM2,snRNA,program_1,0.009641763754189014
broad_lam_like,LAM2:TGCCCTACAAGCTGGA-1,LAM2,snRNA,program_1,0.0
broad_lam_like,LAM2:TGCGGGTCATACCATG-1,LAM2,snRNA,program_1,0.026149561628699303
broad_lam_like,LAM2:TGCTACCGTTGATTGC-1,LAM2,snRNA,program_1,0.03501123562455177
broad_lam_like,LAM2:TGCTGCTGTCGACTAT-1,LAM2,snRNA,program_1,0.030175382271409035
broad_lam_like,LAM2:TGCTGCTGTCTCTCGT-1,LAM2,snRNA,program_1,0.0012881250586360693
broad_lam_like,LAM2:TGGCCAGCAATAAGCA-1,LAM2,snRNA,program_1,0.023800481110811234
broad_lam_like,LAM2:TGGCCAGCATGAACCT-1,LAM2,snRNA,program_1,0.0
broad_lam_like,LAM2:TGGCCAGCATTAACCG-1,LAM2,snRNA,program_1,0.0
broad_lam_like,LAM2:TGGCCAGTCCTCAATT-1,LAM2,snRNA,program_1,0.008643858134746552
broad_lam_like,LAM2:TGGCGCACATCCCATC-1,LAM2,snRNA,program_1,0.0
broad_lam_like,LAM2:TGGCTGGAGATGTAAC-1,LAM2,snRNA,program_1,0.07927367091178894
broad_lam_like,LAM2:TGGGAAGCACATCCAA-1,LAM2,snRNA,program_1,0.011352071538567543
broad_lam_like,LAM2:TGGGCGTCAAGACACG-1,LAM2,snRNA,program_1,0.0
broad_lam_like,LAM2:TGGGCGTGTCCGCTGA-1,LAM2,snRNA,program_1,0.0
broad_lam_like,LAM2:TGGGCGTTCCCATTTA-1,LAM2,snRNA,program_1,0.0
broad_lam_like,LAM2:TGGTTAGCAGCCTTTC-1,LAM2,snRNA,program_1,0.022466929629445076
broad_lam_like,LAM2:TGGTTAGTCCTAGGGC-1,LAM2,snRNA,program_1,0.0
broad_lam_like,LAM2:TGGTTCCAGGTAGCTG-1,LAM2,snRNA,program_1,0.0
broad_lam_like,LAM2:TGGTTCCCAGATGAGC-1,LAM2,snRNA,program_1,0.02609626203775406
broad_lam_like,LAM2:TGTATTCGTATGCTTG-1,LAM2,snRNA,program_1,0.011857048608362675
broad_lam_like,LAM2:TGTCCCATCGGCCGAT-1,LAM2,snRNA,program_1,0.0
broad_lam_like,LAM2:TGTGGTAGTGCTCTTC-1,LAM2,snRNA,program_1,0.21610261499881744
broad_lam_like,LAM2:TGTTCCGAGAAACCTA-1,LAM2,snRNA,program_1,0.0
broad_lam_like,LAM2:TTAACTCCACTCTGTC-1,LAM2,snRNA,program_1,0.08736265450716019
broad_lam_like,LAM2:TTAGGCACAATGGACG-1,LAM2,snRNA,program_1,0.0
broad_lam_like,LAM2:TTAGTTCTCCCTAACC-1,LAM2,snRNA,program_1,0.00014733047282788903
broad_lam_like,LAM2:TTCCCAGAGCACACAG-1,LAM2,snRNA,program_1,0.01045987755060196
broad_lam_like,LAM2:TTCCCAGTCTCAAACG-1,LAM2,snRNA,program_1,0.004246739204972982
broad_lam_like,LAM2:TTCGGTCTCACCGTAA-1,LAM2,snRNA,program_1,0.0
broad_lam_like,LAM2:TTCTCCTAGTAGATGT-1,LAM2,snRNA,program_1,0.0
broad_lam_like,LAM2:TTCTTAGAGGTAAACT-1,LAM2,snRNA,program_1,0.0
broad_lam_like,LAM2:TTCTTAGGTTACCAGT-1,LAM2,snRNA,program_1,0.0632348358631134
broad_lam_like,LAM2:TTGCCGTTCAATCACG-1,LAM2,snRNA,program_1,0.0515717975795269
broad_lam_like,LAM2:TTGCGTCTCTGCGTAA-1,LAM2,snRNA,program_1,0.0719258263707161
broad_lam_like,LAM2:TTGGAACAGCCACGTC-1,LAM2,snRNA,program_1,0.0
broad_lam_like,LAM2:TTGGCAAGTCAGTGGA-1,LAM2,snRNA,program_1,0.0
broad_lam_like,LAM2:TTGGCAAGTTCCACTC-1,LAM2,snRNA,program_1,0.0
broad_lam_like,LAM2:TTGTAGGCATTACCTT-1,LAM2,snRNA,program_1,0.20314671099185944
broad_lam_like,LAM2:TTTACTGAGACGCTTT-1,LAM2,snRNA,program_1,0.015779715031385422
broad_lam_like,LAM2:TTTACTGAGATCCCAT-1,LAM2,snRNA,program_1,0.031777963042259216
broad_lam_like,LAM2:TTTATGCAGAGTGAGA-1,LAM2,snRNA,program_1,0.0
broad_lam_like,LAM2:TTTATGCAGCCATCGC-1,LAM2,snRNA,program_1,0.013514753431081772
broad_lam_like,LAM2:TTTGCGCCAGGTGGAT-1,LAM2,snRNA,program_1,0.01550588384270668
broad_lam_like,LAM2:TTTGGTTCAGCCACCA-1,LAM2,snRNA,program_1,0.0
broad_lam_like,LAM2:TTTGGTTCATCCCACT-1,LAM2,snRNA,program_1,0.0
broad_lam_like,LAM2:TTTGGTTGTGTGTGCC-1,LAM2,snRNA,program_1,0.0
broad_lam_like,LAM2:TTTGTCAAGTGACATA-1,LAM2,snRNA,program_1,0.03920255973935127
broad_lam_like,LAM2:TTTGTCACAACACGCC-1,LAM2,snRNA,program_1,0.0
broad_lam_like,LAM3:AAACCTGGTTGCTCCT-1,LAM3,scRNA,program_1,0.028746819123625755
broad_lam_like,LAM3:AAAGATGGTGTTGGGA-1,LAM3,scRNA,program_1,0.0
broad_lam_like,LAM3:AAAGTAGAGTCTTGCA-1,LAM3,scRNA,program_1,0.10737083852291107
broad_lam_like,LAM3:AAATGCCCAGATTGCT-1,LAM3,scRNA,program_1,0.07578786462545395
broad_lam_like,LAM3:AACGTTGAGGAATCGC-1,LAM3,scRNA,program_1,0.17334461212158203
broad_lam_like,LAM3:AACTCCCAGGCACATG-1,LAM3,scRNA,program_1,0.17776164412498474
broad_lam_like,LAM3:AACTCTTCACGAAACG-1,LAM3,scRNA,program_1,0.011722228489816189
broad_lam_like,LAM3:AAGACCTCATATACGC-1,LAM3,scRNA,program_1,0.5745500326156616
broad_lam_like,LAM3:AAGGCAGCAGCTGCAC-1,LAM3,scRNA,program_1,0.017513146623969078
broad_lam_like,LAM3:AAGGTTCCATCGGTTA-1,LAM3,scRNA,program_1,0.009829463437199593
broad_lam_like,LAM3:AATCGGTCAGCCTTTC-1,LAM3,scRNA,program_1,0.019907832145690918
broad_lam_like,LAM3:AATCGGTGTGGCAAAC-1,LAM3,scRNA,program_1,0.0
broad_lam_like,LAM3:ACACTGATCATCTGCC-1,LAM3,scRNA,program_1,0.06384076178073883
broad_lam_like,LAM3:ACATACGCAGCTTAAC-1,LAM3,scRNA,program_1,0.06843344867229462
broad_lam_like,LAM3:ACATACGTCAGGTTCA-1,LAM3,scRNA,program_1,0.05761190876364708
broad_lam_like,LAM3:ACCAGTACATCGTCGG-1,LAM3,scRNA,program_1,0.18189238011837006
broad_lam_like,LAM3:ACCAGTAGTATCTGCA-1,LAM3,scRNA,program_1,0.0
broad_lam_like,LAM3:ACCTTTACAGGACCCT-1,LAM3,scRNA,program_1,0.12842291593551636
broad_lam_like,LAM3:ACGAGGATCCGTCAAA-1,LAM3,scRNA,program_1,0.0
broad_lam_like,LAM3:ACGATACCAGGTCCAC-1,LAM3,scRNA,program_1,0.031489048153162
broad_lam_like,LAM3:ACGATACGTACCGCTG-1,LAM3,scRNA,program_1,0.16327205300331116
broad_lam_like,LAM3:ACGCCAGTCCTAGTGA-1,LAM3,scRNA,program_1,0.05257949233055115
broad_lam_like,LAM3:ACGGCCAGTGTAAGTA-1,LAM3,scRNA,program_1,0.006070408970117569
broad_lam_like,LAM3:ACGGCCAGTGTCTGAT-1,LAM3,scRNA,program_1,0.0533471405506134
broad_lam_like,LAM3:ACGGGCTAGTCCCACG-1,LAM3,scRNA,program_1,0.043266136199235916
broad_lam_like,LAM3:ACGGGCTCAGACACTT-1,LAM3,scRNA,program_1,0.05792160704731941
broad_lam_like,LAM3:ACGGGCTTCAGTACGT-1,LAM3,scRNA,program_1,0.0
broad_lam_like,LAM3:ACGGGTCAGGCCGAAT-1,LAM3,scRNA,program_1,0.021101094782352448
broad_lam_like,LAM3:ACTGAACAGATGTCGG-1,LAM3,scRNA,program_1,0.4099883735179901
broad_lam_like,LAM3:ACTGATGAGATCCGAG-1,LAM3,scRNA,program_1,0.3931958079338074
broad_lam_like,LAM3:ACTTACTCAATCTGCA-1,LAM3,scRNA,program_1,0.01204442698508501
broad_lam_like,LAM3:ACTTACTTCAGTTGAC-1,LAM3,scRNA,program_1,0.0
broad_lam_like,LAM3:AGAATAGGTACGAAAT-1,LAM3,scRNA,program_1,0.0
broad_lam_like,LAM3:AGAATAGGTTACCAGT-1,LAM3,scRNA,program_1,0.1396813839673996
broad_lam_like,LAM3:AGACGTTCAAGTCATC-1,LAM3,scRNA,program_1,0.31018128991127014
broad_lam_like,LAM3:AGACGTTGTCCATGAT-1,LAM3,scRNA,program_1,0.0
broad_lam_like,LAM3:AGAGCTTGTGCTAGCC-1,LAM3,scRNA,program_1,0.0
broad_lam_like,LAM3:AGAGTGGAGCAGACTG-1,LAM3,scRNA,program_1,0.010410947725176811
broad_lam_like,LAM3:AGAGTGGCAATGCCAT-1,LAM3,scRNA,program_1,0.7950519323348999
broad_lam_like,LAM3:AGATCTGCAAGTAATG-1,LAM3,scRNA,program_1,0.013109052553772926
broad_lam_like,LAM3:AGATTGCTCTTCAACT-1,LAM3,scRNA,program_1,0.10201539099216461
broad_lam_like,LAM3:AGCAGCCCACGAAACG-1,LAM3,scRNA,program_1,0.5604540705680847
broad_lam_like,LAM3:AGCAGCCGTCCGAAGA-1,LAM3,scRNA,program_1,0.17494237422943115
broad_lam_like,LAM3:AGCATACGTATTCGTG-1,LAM3,scRNA,program_1,0.0005425037816166878
broad_lam_like,LAM3:AGCCTAAGTACCGCTG-1,LAM3,scRNA,program_1,0.20241178572177887
broad_lam_like,LAM3:AGCTCCTAGCCACTAT-1,LAM3,scRNA,program_1,0.655426025390625
broad_lam_like,LAM3:AGCTCTCCATCGATGT-1,LAM3,scRNA,program_1,0.001786187058314681
broad_lam_like,LAM3:AGCTCTCCATTCGACA-1,LAM3,scRNA,program_1,0.07189257442951202
broad_lam_like,LAM3:AGGCCACAGTACGCCC-1,LAM3,scRNA,program_1,0.08274702727794647
broad_lam_like,LAM3:AGGCCACTCAACACCA-1,LAM3,scRNA,program_1,0.08005128800868988
broad_lam_like,LAM3:AGGGAGTGTACATCCA-1,LAM3,scRNA,program_1,0.6756765842437744
broad_lam_like,LAM3:AGGGATGCAAGTTAAG-1,LAM3,scRNA,program_1,0.8010607957839966
broad_lam_like,LAM3:AGTCTTTTCTGCGTAA-1,LAM3,scRNA,program_1,0.07278800755739212
broad_lam_like,LAM3:AGTGAGGCAAAGGAAG-1,LAM3,scRNA,program_1,0.26504290103912354
broad_lam_like,LAM3:AGTGGGATCTGATTCT-1,LAM3,scRNA,program_1,0.02730470336973667
broad_lam_like,LAM3:AGTGTCATCGCTAGCG-1,LAM3,scRNA,program_1,0.5570043921470642
broad_lam_like,LAM3:ATAACGCTCTTTACAC-1,LAM3,scRNA,program_1,0.0
broad_lam_like,LAM3:ATAAGAGTCAACGGCC-1,LAM3,scRNA,program_1,0.07482732087373734
broad_lam_like,LAM3:ATCACGAGTAGATTAG-1,LAM3,scRNA,program_1,0.012156958691775799
broad_lam_like,LAM3:ATCACGAGTGAACCTT-1,LAM3,scRNA,program_1,0.1334727704524994
broad_lam_like,LAM3:ATCATCTAGGGCTCTC-1,LAM3,scRNA,program_1,0.26727136969566345
broad_lam_like,LAM3:ATCATCTGTTCAGCGC-1,LAM3,scRNA,program_1,0.0
broad_lam_like,LAM3:ATCCACCAGAGTAAGG-1,LAM3,scRNA,program_1,0.0
broad_lam_like,LAM3:ATCCACCAGTTAGCGG-1,LAM3,scRNA,program_1,0.16550534963607788
broad_lam_like,LAM3:ATCGAGTAGACTTGAA-1,LAM3,scRNA,program_1,0.0
broad_lam_like,LAM3:ATCTACTCACACCGAC-1,LAM3,scRNA,program_1,0.7078109383583069
broad_lam_like,LAM3:ATCTACTTCTCTGTCG-1,LAM3,scRNA,program_1,0.003980261739343405
broad_lam_like,LAM3:ATCTGCCTCCCAAGTA-1,LAM3,scRNA,program_1,0.07704681158065796
broad_lam_like,LAM3:ATGAGGGAGAACAACT-1,LAM3,scRNA,program_1,0.038919221609830856
broad_lam_like,LAM3:ATGAGGGAGATCACGG-1,LAM3,scRNA,program_1,0.0017035353230312467
broad_lam_like,LAM3:ATGAGGGCACAGGAGT-1,LAM3,scRNA,program_1,0.004712425172328949
broad_lam_like,LAM3:ATGGGAGCAGGTCCAC-1,LAM3,scRNA,program_1,0.6885177493095398
broad_lam_like,LAM3:ATGTGTGAGGCCATAG-1,LAM3,scRNA,program_1,0.0568573884665966
broad_lam_like,LAM3:ATTACTCAGATCCGAG-1,LAM3,scRNA,program_1,0.15008880198001862
broad_lam_like,LAM3:CAACTAGCATGTAAGA-1,LAM3,scRNA,program_1,0.0
broad_lam_like,LAM3:CAAGAAACACGAAATA-1,LAM3,scRNA,program_1,0.1533883661031723
broad_lam_like,LAM3:CAAGGCCAGCCACGCT-1,LAM3,scRNA,program_1,0.1330242156982422
broad_lam_like,LAM3:CAAGGCCTCAATAAGG-1,LAM3,scRNA,program_1,0.11046772450208664
broad_lam_like,LAM3:CAAGGCCTCACAAACC-1,LAM3,scRNA,program_1,0.1191408708691597
broad_lam_like,LAM3:CACAAACAGGAACTGC-1,LAM3,scRNA,program_1,0.07270361483097076
broad_lam_like,LAM3:CACACAAGTCTAGCGC-1,LAM3,scRNA,program_1,0.015525971539318562
broad_lam_like,LAM3:CACACAATCGAATCCA-1,LAM3,scRNA,program_1,0.0
broad_lam_like,LAM3:CACAGGCCACGGTTTA-1,LAM3,scRNA,program_1,0.0
broad_lam_like,LAM3:CACAGGCGTTACGCGC-1,LAM3,scRNA,program_1,0.14881744980812073
broad_lam_like,LAM3:CACAGGCTCGGGAGTA-1,LAM3,scRNA,program_1,0.0
broad_lam_like,LAM3:CACAGTAAGGGCTTGA-1,LAM3,scRNA,program_1,0.30658599734306335
broad_lam_like,LAM3:CACCACTCAAGAGTCG-1,LAM3,scRNA,program_1,0.01448967307806015
broad_lam_like,LAM3:CACCACTCAGTCACTA-1,LAM3,scRNA,program_1,0.055063869804143906
broad_lam_like,LAM3:CACCAGGAGCGCTTAT-1,LAM3,scRNA,program_1,0.8505493998527527
broad_lam_like,LAM3:CACCTTGCAGCCTTGG-1,LAM3,scRNA,program_1,0.08347731828689575
broad_lam_like,LAM3:CACTCCAAGAGTAATC-1,LAM3,scRNA,program_1,0.1508679986000061
broad_lam_like,LAM3:CACTCCAAGCTAACTC-1,LAM3,scRNA,program_1,0.24337905645370483
broad_lam_like,LAM3:CACTCCAAGGTGTGGT-1,LAM3,scRNA,program_1,0.0
broad_lam_like,LAM3:CACTCCATCACGATGT-1,LAM3,scRNA,program_1,0.09252015501260757
broad_lam_like,LAM3:CAGAGAGTCGCGCCAA-1,LAM3,scRNA,program_1,0.011995784938335419
broad_lam_like,LAM3:CAGCCGAGTCGCTTCT-1,LAM3,scRNA,program_1,0.0731688141822815
broad_lam_like,LAM3:CAGCGACCAAAGGTGC-1,LAM3,scRNA,program_1,0.0856291651725769
broad_lam_like,LAM3:CAGCTGGAGCTGCGAA-1,LAM3,scRNA,program_1,0.10364843904972076
broad_lam_like,LAM3:CAGCTGGCACCAGGCT-1,LAM3,scRNA,program_1,0.0011776711326092482
broad_lam_like,LAM3:CAGCTGGGTCAGAATA-1,LAM3,scRNA,program_1,0.048068009316921234
broad_lam_like,LAM3:CAGTCCTCACCCATTC-1,LAM3,scRNA,program_1,0.10463123768568039
broad_lam_like,LAM3:CATATTCAGGCATGGT-1,LAM3,scRNA,program_1,0.05812733247876167
broad_lam_like,LAM3:CATCAAGCATGTCGAT-1,LAM3,scRNA,program_1,0.6787453293800354
broad_lam_like,LAM3:CATCCACTCATATCGG-1,LAM3,scRNA,program_1,0.04483001306653023
broad_lam_like,LAM3:CATGCCTGTTAGATGA-1,LAM3,scRNA,program_1,0.04563731327652931
broad_lam_like,LAM3:CATGCCTTCCGCGCAA-1,LAM3,scRNA,program_1,0.053533632308244705
broad_lam_like,LAM3:CATTATCAGGGCTTCC-1,LAM3,scRNA,program_1,0.006052711047232151
broad_lam_like,LAM3:CATTATCCAGATCCAT-1,LAM3,scRNA,program_1,0.0722307488322258
broad_lam_like,LAM3:CATTATCTCTACTATC-1,LAM3,scRNA,program_1,0.10816390812397003
broad_lam_like,LAM3:CCACCTACACGTGAGA-1,LAM3,scRNA,program_1,0.026627089828252792
broad_lam_like,LAM3:CCACCTACATGGTCTA-1,LAM3,scRNA,program_1,0.09194627404212952
broad_lam_like,LAM3:CCACGGAAGGCAATTA-1,LAM3,scRNA,program_1,0.4673730432987213
broad_lam_like,LAM3:CCACGGACAGGTCTCG-1,LAM3,scRNA,program_1,0.21073660254478455
broad_lam_like,LAM3:CCACTACTCGTGGGAA-1,LAM3,scRNA,program_1,0.2211090624332428
broad_lam_like,LAM3:CCAGCGACACGGCTAC-1,LAM3,scRNA,program_1,0.017724502831697464
broad_lam_like,LAM3:CCATGTCAGGGCTTCC-1,LAM3,scRNA,program_1,0.03933602198958397
broad_lam_like,LAM3:CCATGTCGTGCACGAA-1,LAM3,scRNA,program_1,0.007613054942339659
broad_lam_like,LAM3:CCATTCGAGGATGGAA-1,LAM3,scRNA,program_1,0.02604837156832218
broad_lam_like,LAM3:CCCAATCTCGCTAGCG-1,LAM3,scRNA,program_1,0.19471342861652374
broad_lam_like,LAM3:CCCATACAGTAGATGT-1,LAM3,scRNA,program_1,0.02252907305955887
broad_lam_like,LAM3:CCCATACCATCACCCT-1,LAM3,scRNA,program_1,0.006121460814028978
broad_lam_like,LAM3:CCCTCCTCAAGAGGCT-1,LAM3,scRNA,program_1,0.0
broad_lam_like,LAM3:CCCTCCTGTGAGTGAC-1,LAM3,scRNA,program_1,0.028897779062390327
broad_lam_like,LAM3:CCCTCCTGTTTGCATG-1,LAM3,scRNA,program_1,0.1367577761411667
broad_lam_like,LAM3:CCGGGATAGTACGTAA-1,LAM3,scRNA,program_1,0.0734979435801506
broad_lam_like,LAM3:CCGGTAGCAAGAAAGG-1,LAM3,scRNA,program_1,0.033716198056936264
broad_lam_like,LAM3:CCGGTAGCACTTCGAA-1,LAM3,scRNA,program_1,0.12428179383277893
broad_lam_like,LAM3:CCGGTAGCAGGGTATG-1,LAM3,scRNA,program_1,0.0
broad_lam_like,LAM3:CCGTACTAGACAAAGG-1,LAM3,scRNA,program_1,0.04251853749155998
broad_lam_like,LAM3:CCGTACTGTCGCTTTC-1,LAM3,scRNA,program_1,0.01284600980579853
broad_lam_like,LAM3:CCTAAAGTCCTCTAGC-1,LAM3,scRNA,program_1,0.0
broad_lam_like,LAM3:CCTACACCAAACGTGG-1,LAM3,scRNA,program_1,0.6602447032928467
broad_lam_like,LAM3:CCTACCAAGTGAATTG-1,LAM3,scRNA,program_1,0.0
broad_lam_like,LAM3:CCTATTATCTCTAGGA-1,LAM3,scRNA,program_1,0.0
broad_lam_like,LAM3:CCTCAGTAGCCCTAAT-1,LAM3,scRNA,program_1,0.008646327070891857
broad_lam_like,LAM3:CCTCTGATCTCTGAGA-1,LAM3,scRNA,program_1,0.15068945288658142
broad_lam_like,LAM3:CCTTACGGTACCATCA-1,LAM3,scRNA,program_1,0.13195408880710602
broad_lam_like,LAM3:CCTTACGTCCCTTGTG-1,LAM3,scRNA,program_1,0.11308306455612183
broad_lam_like,LAM3:CCTTCCCGTGCAACGA-1,LAM3,scRNA,program_1,0.10252085328102112
broad_lam_like,LAM3:CCTTTCTTCGGCGCTA-1,LAM3,scRNA,program_1,0.0739208310842514
broad_lam_like,LAM3:CGAACATAGCGTAATA-1,LAM3,scRNA,program_1,0.012749684043228626
broad_lam_like,LAM3:CGACCTTTCGTAGGAG-1,LAM3,scRNA,program_1,0.08386095613241196
broad_lam_like,LAM3:CGAGCCAAGCTAACTC-1,LAM3,scRNA,program_1,0.0
broad_lam_like,LAM3:CGATGGCCAGCCAATT-1,LAM3,scRNA,program_1,0.0
broad_lam_like,LAM3:CGATGGCCAGGGTATG-1,LAM3,scRNA,program_1,0.01718176156282425
broad_lam_like,LAM3:CGCCAAGCACCTTGTC-1,LAM3,scRNA,program_1,0.5915561318397522
broad_lam_like,LAM3:CGCGGTATCTTGTACT-1,LAM3,scRNA,program_1,0.6678081750869751
broad_lam_like,LAM3:CGCTATCGTGACGGTA-1,LAM3,scRNA,program_1,0.007003470323979855
broad_lam_like,LAM3:CGCTGGACACATCCAA-1,LAM3,scRNA,program_1,0.6525640487670898
broad_lam_like,LAM3:CGCTGGAGTCCATCCT-1,LAM3,scRNA,program_1,0.7817069888114929
broad_lam_like,LAM3:CGGACGTGTTGGGACA-1,LAM3,scRNA,program_1,0.1589229255914688
broad_lam_like,LAM3:CGGAGTCTCGAACTGT-1,LAM3,scRNA,program_1,0.00816899910569191
broad_lam_like,LAM3:CGGCTAGCAAGTCTAC-1,LAM3,scRNA,program_1,0.023150194436311722
broad_lam_like,LAM3:CGGCTAGGTTAAGGGC-1,LAM3,scRNA,program_1,0.5497525930404663
broad_lam_like,LAM3:CGGGTCATCGAACTGT-1,LAM3,scRNA,program_1,0.33104923367500305
broad_lam_like,LAM3:CGTAGCGGTGGACGAT-1,LAM3,scRNA,program_1,0.10463383793830872
broad_lam_like,LAM3:CGTAGGCTCGTGGTCG-1,LAM3,scRNA,program_1,0.3229072690010071
broad_lam_like,LAM3:CGTCCATTCCACTGGG-1,LAM3,scRNA,program_1,0.04345766082406044
broad_lam_like,LAM3:CGTGAGCGTAGAAGGA-1,LAM3,scRNA,program_1,0.024819202721118927
broad_lam_like,LAM3:CGTGTAATCGGGAGTA-1,LAM3,scRNA,program_1,0.25587931275367737
broad_lam_like,LAM3:CGTTAGAGTACCCAAT-1,LAM3,scRNA,program_1,0.015209009870886803
broad_lam_like,LAM3:CGTTCTGTCTGTTGAG-1,LAM3,scRNA,program_1,0.0
broad_lam_like,LAM3:CGTTGGGAGAGTCTGG-1,LAM3,scRNA,program_1,0.03296980634331703
broad_lam_like,LAM3:CGTTGGGAGATGGCGT-1,LAM3,scRNA,program_1,0.010623673908412457
broad_lam_like,LAM3:CTAAGACTCACGACTA-1,LAM3,scRNA,program_1,0.0030344503466039896
broad_lam_like,LAM3:CTACACCCAAGCCATT-1,LAM3,scRNA,program_1,0.2309836596250534
broad_lam_like,LAM3:CTACCCATCGCTGATA-1,LAM3,scRNA,program_1,0.09889739751815796
broad_lam_like,LAM3:CTAGCCTGTAACGCGA-1,LAM3,scRNA,program_1,0.008206212893128395
broad_lam_like,LAM3:CTCACACCAGCTGCTG-1,LAM3,scRNA,program_1,0.0002718058822210878
broad_lam_like,LAM3:CTCCTAGGTGGTCCGT-1,LAM3,scRNA,program_1,0.0
broad_lam_like,LAM3:CTCGAAACAGGTCGTC-1,LAM3,scRNA,program_1,0.02751060016453266
broad_lam_like,LAM3:CTCGAAAGTGATGTCT-1,LAM3,scRNA,program_1,0.2245408147573471
broad_lam_like,LAM3:CTCGAAATCTGGTTCC-1,LAM3,scRNA,program_1,0.002668303670361638
broad_lam_like,LAM3:CTCGGGAGTTCTGGTA-1,LAM3,scRNA,program_1,0.0
broad_lam_like,LAM3:CTCGTACCATGTTGAC-1,LAM3,scRNA,program_1,0.09289015084505081
broad_lam_like,LAM3:CTCTACGAGGTGATAT-1,LAM3,scRNA,program_1,0.07620819658041
broad_lam_like,LAM3:CTCTGGTGTGAAATCA-1,LAM3,scRNA,program_1,0.08419954031705856
broad_lam_like,LAM3:CTGAAACTCAAAGTAG-1,LAM3,scRNA,program_1,0.0
broad_lam_like,LAM3:CTGCGGATCAGGTTCA-1,LAM3,scRNA,program_1,0.09353004395961761
broad_lam_like,LAM3:CTGCTGTGTCATATCG-1,LAM3,scRNA,program_1,0.0
broad_lam_like,LAM3:CTGCTGTTCTGTTGAG-1,LAM3,scRNA,program_1,0.6863234043121338
broad_lam_like,LAM3:CTGGTCTGTAAACCTC-1,LAM3,scRNA,program_1,0.0517057329416275
broad_lam_like,LAM3:CTGTTTAGTATAAACG-1,LAM3,scRNA,program_1,0.008868073113262653
broad_lam_like,LAM3:CTTAACTCAATCACAC-1,LAM3,scRNA,program_1,0.14310942590236664
broad_lam_like,LAM3:CTTAACTCACAGAGGT-1,LAM3,scRNA,program_1,0.0
broad_lam_like,LAM3:CTTAACTTCGTTTAGG-1,LAM3,scRNA,program_1,0.029066259041428566
broad_lam_like,LAM3:CTTAACTTCTGGGCCA-1,LAM3,scRNA,program_1,0.0
broad_lam_like,LAM3:CTTACCGAGCGAAGGG-1,LAM3,scRNA,program_1,0.09976239502429962
broad_lam_like,LAM3:CTTACCGTCAGGATCT-1,LAM3,scRNA,program_1,0.2628737986087799
broad_lam_like,LAM3:CTTCTCTAGGGAAACA-1,LAM3,scRNA,program_1,0.11814457178115845
broad_lam_like,LAM3:CTTCTCTCACCGGAAA-1,LAM3,scRNA,program_1,0.009454098530113697
broad_lam_like,LAM3:GAAATGATCATGGTCA-1,LAM3,scRNA,program_1,0.5956859588623047
broad_lam_like,LAM3:GAACATCTCCTTTCTC-1,LAM3,scRNA,program_1,0.09395753592252731
broad_lam_like,LAM3:GAATAAGGTAAGTAGT-1,LAM3,scRNA,program_1,0.05304384231567383
broad_lam_like,LAM3:GAATAAGTCGCGTAGC-1,LAM3,scRNA,program_1,0.07985539734363556
broad_lam_like,LAM3:GACCTGGCAGCGAACA-1,LAM3,scRNA,program_1,0.03618960455060005
broad_lam_like,LAM3:GACCTGGGTGTAACGG-1,LAM3,scRNA,program_1,0.5153172016143799
broad_lam_like,LAM3:GACCTGGTCGCGTAGC-1,LAM3,scRNA,program_1,0.10705611854791641
broad_lam_like,LAM3:GACGCGTTCTCCCTGA-1,LAM3,scRNA,program_1,0.009622515179216862
broad_lam_like,LAM3:GACGGCTTCGCTTAGA-1,LAM3,scRNA,program_1,0.055664919316768646
broad_lam_like,LAM3:GACGTGCTCTGGTTCC-1,LAM3,scRNA,program_1,0.708252489566803
broad_lam_like,LAM3:GACGTTAAGACAGGCT-1,LAM3,scRNA,program_1,0.0888473242521286
broad_lam_like,LAM3:GACGTTAAGCCGATTT-1,LAM3,scRNA,program_1,0.050747066736221313
broad_lam_like,LAM3:GACGTTAAGGGCACTA-1,LAM3,scRNA,program_1,0.02188584767282009
broad_lam_like,LAM3:GACTAACAGACTAAGT-1,LAM3,scRNA,program_1,0.7058655023574829
broad_lam_like,LAM3:GACTACAAGCCCAACC-1,LAM3,scRNA,program_1,0.05066636577248573
broad_lam_like,LAM3:GACTGCGCACGTAAGG-1,LAM3,scRNA,program_1,0.0
broad_lam_like,LAM3:GAGGTGAAGCGGATCA-1,LAM3,scRNA,program_1,0.19315440952777863
broad_lam_like,LAM3:GAGGTGATCAGTTCGA-1,LAM3,scRNA,program_1,0.027967842295765877
broad_lam_like,LAM3:GAGTCCGAGAGACTTA-1,LAM3,scRNA,program_1,0.3710945248603821
broad_lam_like,LAM3:GAGTCCGGTCAGCTAT-1,LAM3,scRNA,program_1,0.10689789056777954
broad_lam_like,LAM3:GATCAGTAGAAGAAGC-1,LAM3,scRNA,program_1,0.059077829122543335
broad_lam_like,LAM3:GATCGATTCCTGCTTG-1,LAM3,scRNA,program_1,0.2023092359304428
broad_lam_like,LAM3:GATCGTAAGGTGGGTT-1,LAM3,scRNA,program_1,0.0
broad_lam_like,LAM3:GATCTAGAGAGTCTGG-1,LAM3,scRNA,program_1,0.25155317783355713
broad_lam_like,LAM3:GATGAGGGTGCCTGCA-1,LAM3,scRNA,program_1,0.0008351242868229747
broad_lam_like,LAM3:GATGAGGGTTGATTGC-1,LAM3,scRNA,program_1,0.0
broad_lam_like,LAM3:GATGCTAAGAGCCCAA-1,LAM3,scRNA,program_1,0.44395291805267334
broad_lam_like,LAM3:GCAAACTGTAAATGTG-1,LAM3,scRNA,program_1,0.1511729657649994
broad_lam_like,LAM3:GCAATCAAGGTAGCTG-1,LAM3,scRNA,program_1,0.5542097091674805
broad_lam_like,LAM3:GCACTCTGTCTCTCGT-1,LAM3,scRNA,program_1,0.6312614679336548
broad_lam_like,LAM3:GCAGCCACAACGATGG-1,LAM3,scRNA,program_1,0.6267149448394775
broad_lam_like,LAM3:GCAGCCAGTCAAAGAT-1,LAM3,scRNA,program_1,0.16849461197853088
broad_lam_like,LAM3:GCAGTTACACAGGCCT-1,LAM3,scRNA,program_1,0.6018391251564026
broad_lam_like,LAM3:GCATGATAGTCGAGTG-1,LAM3,scRNA,program_1,0.3202909231185913
broad_lam_like,LAM3:GCATGCGAGCACGCCT-1,LAM3,scRNA,program_1,0.5839416980743408
broad_lam_like,LAM3:GCATGCGAGTAACCCT-1,LAM3,scRNA,program_1,0.0
broad_lam_like,LAM3:GCATGTAAGATCGGGT-1,LAM3,scRNA,program_1,0.03651830181479454
broad_lam_like,LAM3:GCCAAATAGACGACGT-1,LAM3,scRNA,program_1,0.0
broad_lam_like,LAM3:GCCAAATCACCTGGTG-1,LAM3,scRNA,program_1,0.04575471952557564
broad_lam_like,LAM3:GCGACCAAGACAAGCC-1,LAM3,scRNA,program_1,0.12158985435962677
broad_lam_like,LAM3:GCGACCATCTTTACAC-1,LAM3,scRNA,program_1,0.2727713882923126
broad_lam_like,LAM3:GCTCCTATCGGATGTT-1,LAM3,scRNA,program_1,0.1496555507183075
broad_lam_like,LAM3:GCTGCAGTCAACACAC-1,LAM3,scRNA,program_1,0.00410406943410635
broad_lam_like,LAM3:GCTGCAGTCGACAGCC-1,LAM3,scRNA,program_1,0.0
broad_lam_like,LAM3:GCTGCGAGTGGAAAGA-1,LAM3,scRNA,program_1,0.021813353523612022
broad_lam_like,LAM3:GCTGCTTGTCCATCCT-1,LAM3,scRNA,program_1,0.03589758276939392
broad_lam_like,LAM3:GCTGCTTTCGCGGATC-1,LAM3,scRNA,program_1,0.07070918381214142
broad_lam_like,LAM3:GCTTCCATCACGCATA-1,LAM3,scRNA,program_1,0.019737081602215767
broad_lam_like,LAM3:GCTTCCATCTGACCTC-1,LAM3,scRNA,program_1,0.0053184861317276955
broad_lam_like,LAM3:GGAATAACAAGAAGAG-1,LAM3,scRNA,program_1,0.010202089324593544
broad_lam_like,LAM3:GGACAGACACGGCGTT-1,LAM3,scRNA,program_1,0.05800570920109749
broad_lam_like,LAM3:GGACATTAGGTGCACA-1,LAM3,scRNA,program_1,0.028854701668024063
broad_lam_like,LAM3:GGACATTGTGGTTTCA-1,LAM3,scRNA,program_1,0.06091202050447464
broad_lam_like,LAM3:GGATGTTTCATGTCCC-1,LAM3,scRNA,program_1,0.01689361035823822
broad_lam_like,LAM3:GGCCGATTCGATCCCT-1,LAM3,scRNA,program_1,0.0009166399831883609
broad_lam_like,LAM3:GGCGACTCAGGCAGTA-1,LAM3,scRNA,program_1,0.0
broad_lam_like,LAM3:GGCTCGAGTGTGCCTG-1,LAM3,scRNA,program_1,0.17455370724201202
broad_lam_like,LAM3:GGGATGACACACGCTG-1,LAM3,scRNA,program_1,0.014497612603008747
broad_lam_like,LAM3:GGGCACTTCTCCTATA-1,LAM3,scRNA,program_1,0.6557028889656067
broad_lam_like,LAM3:GGGCACTTCTTAGCCC-1,LAM3,scRNA,program_1,0.02084287628531456
broad_lam_like,LAM3:GGGCATCTCTCACATT-1,LAM3,scRNA,program_1,0.026092790067195892
broad_lam_like,LAM3:GGGTCTGGTCAGAGGT-1,LAM3,scRNA,program_1,0.016071299090981483
broad_lam_like,LAM3:GGGTCTGGTTTAGGAA-1,LAM3,scRNA,program_1,0.0
broad_lam_like,LAM3:GGGTTGCTCATATCGG-1,LAM3,scRNA,program_1,0.0
broad_lam_like,LAM3:GGTATTGAGATGCGAC-1,LAM3,scRNA,program_1,0.14897258579730988
broad_lam_like,LAM3:GGTATTGTCAAACGGG-1,LAM3,scRNA,program_1,0.0
broad_lam_like,LAM3:GTAACTGCACCGAAAG-1,LAM3,scRNA,program_1,0.06616464257240295
broad_lam_like,LAM3:GTACGTAGTGGTTTCA-1,LAM3,scRNA,program_1,0.04763146862387657
broad_lam_like,LAM3:GTAGGCCCATGTCCTC-1,LAM3,scRNA,program_1,0.5853615999221802
broad_lam_like,LAM3:GTAGTCAAGATGCGAC-1,LAM3,scRNA,program_1,0.15634502470493317
broad_lam_like,LAM3:GTAGTCACATCCCATC-1,LAM3,scRNA,program_1,0.011076238937675953
broad_lam_like,LAM3:GTAGTCAGTAGGCTGA-1,LAM3,scRNA,program_1,0.029035229235887527
broad_lam_like,LAM3:GTATCTTTCGGTGTTA-1,LAM3,scRNA,program_1,0.06366031616926193
broad_lam_like,LAM3:GTCAAGTAGTGAAGAG-1,LAM3,scRNA,program_1,0.012241276912391186
broad_lam_like,LAM3:GTCAAGTCATATACGC-1,LAM3,scRNA,program_1,0.1341627836227417
broad_lam_like,LAM3:GTCAAGTTCTTAGAGC-1,LAM3,scRNA,program_1,0.142727792263031
broad_lam_like,LAM3:GTCACAACAATCCGAT-1,LAM3,scRNA,program_1,0.2557884156703949
broad_lam_like,LAM3:GTCACGGCAGACAAGC-1,LAM3,scRNA,program_1,0.04556572064757347
broad_lam_like,LAM3:GTCATTTTCTTACCTA-1,LAM3,scRNA,program_1,0.12007411569356918
broad_lam_like,LAM3:GTCCTCATCGAACGGA-1,LAM3,scRNA,program_1,0.0
broad_lam_like,LAM3:GTCTCGTAGTGAACGC-1,LAM3,scRNA,program_1,0.0
broad_lam_like,LAM3:GTCTTCGTCCTTCAAT-1,LAM3,scRNA,program_1,0.01451688539236784
broad_lam_like,LAM3:GTGAAGGCACAGGTTT-1,LAM3,scRNA,program_1,0.11662818491458893
broad_lam_like,LAM3:GTGAAGGGTAGGGACT-1,LAM3,scRNA,program_1,0.0
broad_lam_like,LAM3:GTGCAGCGTCAAAGAT-1,LAM3,scRNA,program_1,0.0
broad_lam_like,LAM3:GTGCTTCAGCACACAG-1,LAM3,scRNA,program_1,0.08487368375062943
broad_lam_like,LAM3:GTGGGTCAGACTAGAT-1,LAM3,scRNA,program_1,0.5698326826095581
broad_lam_like,LAM3:GTGGGTCTCAACTCTT-1,LAM3,scRNA,program_1,0.49212679266929626
broad_lam_like,LAM3:GTGTGCGCACAGAGGT-1,LAM3,scRNA,program_1,0.817963182926178
broad_lam_like,LAM3:GTGTGCGTCGGTTAAC-1,LAM3,scRNA,program_1,0.49717625975608826
broad_lam_like,LAM3:GTTCGGGCAAGTACCT-1,LAM3,scRNA,program_1,0.5095599293708801
broad_lam_like,LAM3:GTTCTCGAGTGGAGAA-1,LAM3,scRNA,program_1,0.03999973088502884
broad_lam_like,LAM3:TAAACCGAGCTTTGGT-1,LAM3,scRNA,program_1,0.0
broad_lam_like,LAM3:TAAGTGCAGACAGACC-1,LAM3,scRNA,program_1,0.0357181690633297
broad_lam_like,LAM3:TAAGTGCTCCAGATCA-1,LAM3,scRNA,program_1,0.1501641571521759
broad_lam_like,LAM3:TACACGATCTGTGCAA-1,LAM3,scRNA,program_1,0.0
broad_lam_like,LAM3:TACAGTGAGGCAATTA-1,LAM3,scRNA,program_1,0.5618836283683777
broad_lam_like,LAM3:TACAGTGTCGCATGGC-1,LAM3,scRNA,program_1,0.10198495537042618
broad_lam_like,LAM3:TACGGGCTCTTCGGTC-1,LAM3,scRNA,program_1,0.010517610237002373
broad_lam_like,LAM3:TACGGTACATCCCACT-1,LAM3,scRNA,program_1,0.0
broad_lam_like,LAM3:TACTCATGTGCGAAAC-1,LAM3,scRNA,program_1,0.009598461911082268
broad_lam_like,LAM3:TACTCATTCAGCCTAA-1,LAM3,scRNA,program_1,0.045020896941423416
broad_lam_like,LAM3:TACTTACGTGTCGCTG-1,LAM3,scRNA,program_1,0.05338915064930916
broad_lam_like,LAM3:TAGCCGGGTCTAGGTT-1,LAM3,scRNA,program_1,0.12066952139139175
broad_lam_like,LAM3:TAGTGGTGTTAAGAAC-1,LAM3,scRNA,program_1,0.5271614193916321
broad_lam_like,LAM3:TAGTTGGCAAGAAAGG-1,LAM3,scRNA,program_1,0.10028637200593948
broad_lam_like,LAM3:TATCAGGCACGGTAAG-1,LAM3,scRNA,program_1,0.41022995114326477
broad_lam_like,LAM3:TATCTCAAGCAGCCTC-1,LAM3,scRNA,program_1,0.14567451179027557
broad_lam_like,LAM3:TATTACCTCCACTCCA-1,LAM3,scRNA,program_1,0.03190864250063896
broad_lam_like,LAM3:TCAACGACACCATGTA-1,LAM3,scRNA,program_1,0.04273701086640358
broad_lam_like,LAM3:TCACAAGGTACCATCA-1,LAM3,scRNA,program_1,0.06897028535604477
broad_lam_like,LAM3:TCACGAACACATCCGG-1,LAM3,scRNA,program_1,0.7769654989242554
broad_lam_like,LAM3:TCACGAATCATTCACT-1,LAM3,scRNA,program_1,0.02612520568072796
broad_lam_like,LAM3:TCACGAATCCACGTTC-1,LAM3,scRNA,program_1,0.7737167477607727
broad_lam_like,LAM3:TCACGAATCCGCGTTT-1,LAM3,scRNA,program_1,0.0904703214764595
broad_lam_like,LAM3:TCAGCAACAGCCTTGG-1,LAM3,scRNA,program_1,0.07432110607624054
broad_lam_like,LAM3:TCAGCAAGTGTCGCTG-1,LAM3,scRNA,program_1,0.011363492347300053
broad_lam_like,LAM3:TCAGCAAGTTCCCGAG-1,LAM3,scRNA,program_1,0.0699058324098587
broad_lam_like,LAM3:TCAGCAATCGGTGTCG-1,LAM3,scRNA,program_1,0.1012529730796814
broad_lam_like,LAM3:TCAGGATAGTGTACTC-1,LAM3,scRNA,program_1,0.35514411330223083
broad_lam_like,LAM3:TCAGGATTCGAGAGCA-1,LAM3,scRNA,program_1,0.09947434812784195
broad_lam_like,LAM3:TCATTACAGTAGGCCA-1,LAM3,scRNA,program_1,0.22413234412670135
broad_lam_like,LAM3:TCCACACAGAGGTAGA-1,LAM3,scRNA,program_1,0.16362158954143524
broad_lam_like,LAM3:TCCACACAGCTAAGAT-1,LAM3,scRNA,program_1,0.49239087104797363
broad_lam_like,LAM3:TCCACACAGCTGCCCA-1,LAM3,scRNA,program_1,0.09018028527498245
broad_lam_like,LAM3:TCCACACGTAGCTCCG-1,LAM3,scRNA,program_1,0.016371767967939377
broad_lam_like,LAM3:TCCACACGTCATATCG-1,LAM3,scRNA,program_1,0.3862491250038147
broad_lam_like,LAM3:TCCCGATCACGGTTTA-1,LAM3,scRNA,program_1,0.050768766552209854
broad_lam_like,LAM3:TCGAGGCTCCGTTGCT-1,LAM3,scRNA,program_1,0.06683827191591263
broad_lam_like,LAM3:TCGGGACGTCCAACTA-1,LAM3,scRNA,program_1,0.009829018265008926
broad_lam_like,LAM3:TCGGGACGTCGCATAT-1,LAM3,scRNA,program_1,0.1394428014755249
broad_lam_like,LAM3:TCGGGACTCCTTCAAT-1,LAM3,scRNA,program_1,0.6789191961288452
broad_lam_like,LAM3:TCGGGACTCCTTTACA-1,LAM3,scRNA,program_1,0.02161506563425064
broad_lam_like,LAM3:TCGGTAAAGGCGCTCT-1,LAM3,scRNA,program_1,0.007952973246574402
broad_lam_like,LAM3:TCGGTAATCATCGCTC-1,LAM3,scRNA,program_1,0.1618512123823166
broad_lam_like,LAM3:TCGGTAATCTGGTGTA-1,LAM3,scRNA,program_1,0.10350429266691208
broad_lam_like,LAM3:TCGTAGACAATGTTGC-1,LAM3,scRNA,program_1,0.22535210847854614
broad_lam_like,LAM3:TCTCATAAGAGATGAG-1,LAM3,scRNA,program_1,0.0
broad_lam_like,LAM3:TCTCATAAGCTCCTCT-1,LAM3,scRNA,program_1,0.8255319595336914
broad_lam_like,LAM3:TCTCATAAGGCTCAGA-1,LAM3,scRNA,program_1,0.0701994076371193
broad_lam_like,LAM3:TCTCATATCGACGGAA-1,LAM3,scRNA,program_1,0.0
broad_lam_like,LAM3:TCTGAGACAAACTGCT-1,LAM3,scRNA,program_1,0.05624951794743538
broad_lam_like,LAM3:TCTGAGACACCGAAAG-1,LAM3,scRNA,program_1,0.1467849761247635
broad_lam_like,LAM3:TCTGAGAGTCTAGGTT-1,LAM3,scRNA,program_1,0.03417519852519035
broad_lam_like,LAM3:TCTTCGGCACCGTTGG-1,LAM3,scRNA,program_1,0.6932860016822815
broad_lam_like,LAM3:TCTTTCCGTACAGTGG-1,LAM3,scRNA,program_1,0.0
broad_lam_like,LAM3:TCTTTCCGTACATGTC-1,LAM3,scRNA,program_1,0.5881073474884033
broad_lam_like,LAM3:TGAAAGACATACTCTT-1,LAM3,scRNA,program_1,0.017463961616158485
broad_lam_like,LAM3:TGACAACAGAGTGACC-1,LAM3,scRNA,program_1,0.03288167342543602
broad_lam_like,LAM3:TGACAACGTGAAAGAG-1,LAM3,scRNA,program_1,0.010081385262310505
broad_lam_like,LAM3:TGACGGCAGGCATGTG-1,LAM3,scRNA,program_1,0.3167937994003296
broad_lam_like,LAM3:TGACTTTTCAAGCCTA-1,LAM3,scRNA,program_1,0.018767472356557846
broad_lam_like,LAM3:TGACTTTTCACGGTTA-1,LAM3,scRNA,program_1,0.009842432104051113
broad_lam_like,LAM3:TGAGCATTCACCCGAG-1,LAM3,scRNA,program_1,0.017979007214307785
broad_lam_like,LAM3:TGAGCCGAGTTGCAGG-1,LAM3,scRNA,program_1,0.7264169454574585
broad_lam_like,LAM3:TGAGGGATCACCAGGC-1,LAM3,scRNA,program_1,0.027613583952188492
broad_lam_like,LAM3:TGCGGGTGTATAATGG-1,LAM3,scRNA,program_1,0.19016046822071075
broad_lam_like,LAM3:TGCGTGGGTCTAACGT-1,LAM3,scRNA,program_1,0.04481141269207001
broad_lam_like,LAM3:TGCTACCGTGTGAAAT-1,LAM3,scRNA,program_1,0.05163786560297012
broad_lam_like,LAM3:TGCTGCTTCATTATCC-1,LAM3,scRNA,program_1,0.04363490268588066
broad_lam_like,LAM3:TGGCGCACAACAACCT-1,LAM3,scRNA,program_1,0.003958134911954403
broad_lam_like,LAM3:TGGCTGGTCAACTCTT-1,LAM3,scRNA,program_1,0.2598817050457001
broad_lam_like,LAM3:TGGTTAGGTACTTCTT-1,LAM3,scRNA,program_1,0.07377444952726364
broad_lam_like,LAM3:TGTTCCGCAATGTTGC-1,LAM3,scRNA,program_1,0.0
broad_lam_like,LAM3:TTAACTCCAAGACACG-1,LAM3,scRNA,program_1,0.022561348974704742
broad_lam_like,LAM3:TTAGGCATCAAGATCC-1,LAM3,scRNA,program_1,0.05079098790884018
broad_lam_like,LAM3:TTCGAAGGTTCCATGA-1,LAM3,scRNA,program_1,0.025052012875676155
broad_lam_like,LAM3:TTCTACAGTCACTGGC-1,LAM3,scRNA,program_1,0.0
broad_lam_like,LAM3:TTCTCAAGTTCACGGC-1,LAM3,scRNA,program_1,0.07476051896810532
broad_lam_like,LAM3:TTGACTTGTAGCGCAA-1,LAM3,scRNA,program_1,0.48511841893196106
broad_lam_like,LAM3:TTGGCAAGTTTACTCT-1,LAM3,scRNA,program_1,0.09869721531867981
broad_lam_like,LAM3:TTTACTGGTACGAAAT-1,LAM3,scRNA,program_1,0.8713942170143127
broad_lam_like,LAM3:TTTATGCAGCCACGCT-1,LAM3,scRNA,program_1,0.5233675241470337
broad_lam_like,LAM3:TTTGCGCTCACGGTTA-1,LAM3,scRNA,program_1,0.16051723062992096
broad_lam_like,LAM3:TTTGTCACAGTTCCCT-1,LAM3,scRNA,program_1,0.5270626544952393
broad_lam_like,LAM4:AAAGCAAGTACATGTC-1,LAM4,snRNA,program_1,0.0
broad_lam_like,LAM4:AACACGTTCCGAAGAG-1,LAM4,snRNA,program_1,0.0
broad_lam_like,LAM4:AATCGGTAGCTGAACG-1,LAM4,snRNA,program_1,0.018986474722623825
broad_lam_like,LAM4:AATCGGTCATTATCTC-1,LAM4,snRNA,program_1,0.0
broad_lam_like,LAM4:ACACCCTGTGGTCCGT-1,LAM4,snRNA,program_1,0.0
broad_lam_like,LAM4:ACACCGGGTTACCAGT-1,LAM4,snRNA,program_1,0.0
broad_lam_like,LAM4:ACACTGAGTCAAACTC-1,LAM4,snRNA,program_1,0.0
broad_lam_like,LAM4:ACAGCCGCAAGGTTCT-1,LAM4,snRNA,program_1,0.04295221343636513
broad_lam_like,LAM4:ACAGCCGCAATCTGCA-1,LAM4,snRNA,program_1,0.3922375738620758
broad_lam_like,LAM4:ACATCAGTCCAAAGTC-1,LAM4,snRNA,program_1,0.000361763610271737
broad_lam_like,LAM4:ACCCACTTCTTCAACT-1,LAM4,snRNA,program_1,0.0
broad_lam_like,LAM4:ACGAGCCCACCTGGTG-1,LAM4,snRNA,program_1,0.0
broad_lam_like,LAM4:ACGCCAGGTGCACCAC-1,LAM4,snRNA,program_1,0.0
broad_lam_like,LAM4:ACGGAGAAGACACGAC-1,LAM4,snRNA,program_1,0.16236084699630737
broad_lam_like,LAM4:ACGGGCTCACTTACGA-1,LAM4,snRNA,program_1,0.06047604978084564
broad_lam_like,LAM4:ACGTCAACAGAAGCAC-1,LAM4,snRNA,program_1,0.003593658097088337
broad_lam_like,LAM4:ACTATCTCATGGAATA-1,LAM4,snRNA,program_1,0.0
broad_lam_like,LAM4:ACTGAACCACACTGCG-1,LAM4,snRNA,program_1,0.0
broad_lam_like,LAM4:ACTGATGCAGAGCCAA-1,LAM4,snRNA,program_1,0.0
broad_lam_like,LAM4:AGCAGCCCATGCAACT-1,LAM4,snRNA,program_1,0.5958276987075806
broad_lam_like,LAM4:AGGCCACGTGCCTGGT-1,LAM4,snRNA,program_1,0.10023652762174606
broad_lam_like,LAM4:ATCATGGTCTCAAACG-1,LAM4,snRNA,program_1,0.12902165949344635
broad_lam_like,LAM4:ATCCACCTCCTCATTA-1,LAM4,snRNA,program_1,0.0
broad_lam_like,LAM4:ATCCGAATCCCATTAT-1,LAM4,snRNA,program_1,0.0
broad_lam_like,LAM4:ATGTGTGCACCATCCT-1,LAM4,snRNA,program_1,0.0
broad_lam_like,LAM4:ATTATCCGTCGACTGC-1,LAM4,snRNA,program_1,0.0
broad_lam_like,LAM4:CAACCAACATGACGGA-1,LAM4,snRNA,program_1,0.0
broad_lam_like,LAM4:CAACCTCGTTCAGTAC-1,LAM4,snRNA,program_1,0.23647534847259521
broad_lam_like,LAM4:CACAAACGTTTCGCTC-1,LAM4,snRNA,program_1,0.10439515113830566
broad_lam_like,LAM4:CACATAGCATAGACTC-1,LAM4,snRNA,program_1,0.0
broad_lam_like,LAM4:CAGATCACACACAGAG-1,LAM4,snRNA,program_1,0.15195618569850922
broad_lam_like,LAM4:CAGTAACGTTCTGAAC-1,LAM4,snRNA,program_1,0.01850472204387188
broad_lam_like,LAM4:CCAGCGAGTGCAACTT-1,LAM4,snRNA,program_1,0.06670500338077545
broad_lam_like,LAM4:CCATTCGTCACATGCA-1,LAM4,snRNA,program_1,0.4368733763694763
broad_lam_like,LAM4:CCCATACAGACCTAGG-1,LAM4,snRNA,program_1,0.019612746313214302
broad_lam_like,LAM4:CCCATACCATGGTCTA-1,LAM4,snRNA,program_1,0.08747156709432602
broad_lam_like,LAM4:CCGTGGAGTGCATCTA-1,LAM4,snRNA,program_1,0.061036333441734314
broad_lam_like,LAM4:CCTACACGTCGCATCG-1,LAM4,snRNA,program_1,0.0
broad_lam_like,LAM4:CCTACACGTCGCGTGT-1,LAM4,snRNA,program_1,0.01848115772008896
broad_lam_like,LAM4:CCTACCAAGAAACGCC-1,LAM4,snRNA,program_1,0.0
broad_lam_like,LAM4:CCTATTAGTAGCTGCC-1,LAM4,snRNA,program_1,0.25811249017715454
broad_lam_like,LAM4:CCTCAGTAGTCAAGGC-1,LAM4,snRNA,program_1,0.16017474234104156
broad_lam_like,LAM4:CCTTACGAGTGACATA-1,LAM4,snRNA,program_1,0.0
broad_lam_like,LAM4:CCTTACGCACCGTTGG-1,LAM4,snRNA,program_1,0.20243389904499054
broad_lam_like,LAM4:CGAGAAGAGAAGCCCA-1,LAM4,snRNA,program_1,0.2014257162809372
broad_lam_like,LAM4:CGATCGGAGTACGACG-1,LAM4,snRNA,program_1,0.04245772957801819
broad_lam_like,LAM4:CGATCGGTCTACTCAT-1,LAM4,snRNA,program_1,0.0
broad_lam_like,LAM4:CGCGGTATCACCGGGT-1,LAM4,snRNA,program_1,0.08916086703538895
broad_lam_like,LAM4:CGCGTTTTCTTGCATT-1,LAM4,snRNA,program_1,0.007982566021382809
broad_lam_like,LAM4:CGCTGGATCCTTGACC-1,LAM4,snRNA,program_1,0.11718663573265076
broad_lam_like,LAM4:CGGAGCTAGAATAGGG-1,LAM4,snRNA,program_1,0.5526900291442871
broad_lam_like,LAM4:CGGAGCTTCTGTCCGT-1,LAM4,snRNA,program_1,0.1786206066608429
broad_lam_like,LAM4:CGTCACTTCATTATCC-1,LAM4,snRNA,program_1,0.24126942455768585
broad_lam_like,LAM4:CGTGAGCCAAGTCTAC-1,LAM4,snRNA,program_1,0.0
broad_lam_like,LAM4:CGTGTAAAGATCCCGC-1,LAM4,snRNA,program_1,0.0
broad_lam_like,LAM4:CTAATGGCATGGTCAT-1,LAM4,snRNA,program_1,0.5936684608459473
broad_lam_like,LAM4:CTACATTCAAGCCCAC-1,LAM4,snRNA,program_1,0.0
broad_lam_like,LAM4:CTACCCAGTCCGAAGA-1,LAM4,snRNA,program_1,0.0
broad_lam_like,LAM4:CTAGAGTCACGTCTCT-1,LAM4,snRNA,program_1,0.0681273564696312
broad_lam_like,LAM4:CTCAGAATCCCATTTA-1,LAM4,snRNA,program_1,0.021731765940785408
broad_lam_like,LAM4:CTCGGGAAGGGATCTG-1,LAM4,snRNA,program_1,0.0
broad_lam_like,LAM4:CTGATCCGTTTGCATG-1,LAM4,snRNA,program_1,0.0
broad_lam_like,LAM4:CTTCTCTTCTCCGGTT-1,LAM4,snRNA,program_1,0.03261631727218628
broad_lam_like,LAM4:GAAACTCAGAGCCCAA-1,LAM4,snRNA,program_1,0.06356494873762131
broad_lam_like,LAM4:GAAACTCGTACCTACA-1,LAM4,snRNA,program_1,0.0487300343811512
broad_lam_like,LAM4:GACCTGGTCAGCCTAA-1,LAM4,snRNA,program_1,0.0003305570571683347
broad_lam_like,LAM4:GACGCGTTCGGCTTGG-1,LAM4,snRNA,program_1,0.07315969467163086
broad_lam_like,LAM4:GACGGCTAGCGTCTAT-1,LAM4,snRNA,program_1,0.21603059768676758
broad_lam_like,LAM4:GACGTGCTCCACTCCA-1,LAM4,snRNA,program_1,0.012186186388134956
broad_lam_like,LAM4:GACGTTAGTCCGTTAA-1,LAM4,snRNA,program_1,0.08004038780927658
broad_lam_like,LAM4:GAGGTGATCTCGCTTG-1,LAM4,snRNA,program_1,0.02309512533247471
broad_lam_like,LAM4:GAGTCCGAGAAGAAGC-1,LAM4,snRNA,program_1,0.0
broad_lam_like,LAM4:GATGAAATCCCTAATT-1,LAM4,snRNA,program_1,0.20272719860076904
broad_lam_like,LAM4:GCAAACTCAGTCTTCC-1,LAM4,snRNA,program_1,0.005248125176876783
broad_lam_like,LAM4:GCAAACTCATTCCTCG-1,LAM4,snRNA,program_1,0.0
broad_lam_like,LAM4:GCATGTAAGTTTAGGA-1,LAM4,snRNA,program_1,0.0
broad_lam_like,LAM4:GCATGTACAATGTTGC-1,LAM4,snRNA,program_1,0.0
broad_lam_like,LAM4:GCATGTATCCTTCAAT-1,LAM4,snRNA,program_1,0.07457000017166138
broad_lam_like,LAM4:GCGCCAATCTGATACG-1,LAM4,snRNA,program_1,0.0
broad_lam_like,LAM4:GCGCGATGTCAAACTC-1,LAM4,snRNA,program_1,0.0
broad_lam_like,LAM4:GCTGCAGAGAGGGCTT-1,LAM4,snRNA,program_1,0.0
broad_lam_like,LAM4:GCTTGAATCAGCTCTC-1,LAM4,snRNA,program_1,0.0
broad_lam_like,LAM4:GGACATTCACAGGCCT-1,LAM4,snRNA,program_1,0.0
broad_lam_like,LAM4:GGACGTCTCCTAGTGA-1,LAM4,snRNA,program_1,0.6311449408531189
broad_lam_like,LAM4:GGAGCAAGTCTGATTG-1,LAM4,snRNA,program_1,0.11250399053096771
broad_lam_like,LAM4:GGCTGGTAGTTTCCTT-1,LAM4,snRNA,program_1,0.07498905807733536
broad_lam_like,LAM4:GGCTGGTGTTTAGCTG-1,LAM4,snRNA,program_1,0.07850296795368195
broad_lam_like,LAM4:GGTGCGTGTGCACCAC-1,LAM4,snRNA,program_1,0.43319663405418396
broad_lam_like,LAM4:GTACGTAGTATGGTTC-1,LAM4,snRNA,program_1,0.0
broad_lam_like,LAM4:GTACTTTGTCGATTGT-1,LAM4,snRNA,program_1,0.0
broad_lam_like,LAM4:GTAGGCCAGAATTCCC-1,LAM4,snRNA,program_1,0.0
broad_lam_like,LAM4:GTCATTTAGAAACCAT-1,LAM4,snRNA,program_1,0.0
broad_lam_like,LAM4:GTCGTAACACTTAACG-1,LAM4,snRNA,program_1,0.1093219444155693
broad_lam_like,LAM4:GTGTGCGCATCACCCT-1,LAM4,snRNA,program_1,0.1443985402584076
broad_lam_like,LAM4:GTTCATTTCCTCCTAG-1,LAM4,snRNA,program_1,0.09087741374969482
broad_lam_like,LAM4:TAAGCGTTCACCATAG-1,LAM4,snRNA,program_1,0.0
broad_lam_like,LAM4:TAAGTGCAGAAACCAT-1,LAM4,snRNA,program_1,0.036947183310985565
broad_lam_like,LAM4:TACGGATTCAGCTCGG-1,LAM4,snRNA,program_1,0.0
broad_lam_like,LAM4:TAGAGCTAGCAGGTCA-1,LAM4,snRNA,program_1,0.6289557218551636
broad_lam_like,LAM4:TAGCCGGGTCTTGATG-1,LAM4,snRNA,program_1,0.020197253674268723
broad_lam_like,LAM4:TATCAGGTCAAGGTAA-1,LAM4,snRNA,program_1,0.1391967535018921
broad_lam_like,LAM4:TCATTACAGGTTCCTA-1,LAM4,snRNA,program_1,0.15214566886425018
broad_lam_like,LAM4:TCATTACGTGACGCCT-1,LAM4,snRNA,program_1,0.16246120631694794
broad_lam_like,LAM4:TCATTTGGTCGCGAAA-1,LAM4,snRNA,program_1,0.0
broad_lam_like,LAM4:TCCCGATGTAAAGGAG-1,LAM4,snRNA,program_1,0.05153045058250427
broad_lam_like,LAM4:TCCCGATTCGACCAGC-1,LAM4,snRNA,program_1,0.0
broad_lam_like,LAM4:TCGAGGCAGGTGCTTT-1,LAM4,snRNA,program_1,0.5826404690742493
broad_lam_like,LAM4:TCGGTAAGTTCGTTGA-1,LAM4,snRNA,program_1,0.045253194868564606
broad_lam_like,LAM4:TCTATTGCATCCGTGG-1,LAM4,snRNA,program_1,0.0
broad_lam_like,LAM4:TGACGGCAGATCACGG-1,LAM4,snRNA,program_1,0.0
broad_lam_like,LAM4:TGAGCCGGTTCGCGAC-1,LAM4,snRNA,program_1,0.2007112056016922
broad_lam_like,LAM4:TGCGGGTCAACTTGAC-1,LAM4,snRNA,program_1,0.2573116719722748
broad_lam_like,LAM4:TGCTACCCATAGACTC-1,LAM4,snRNA,program_1,0.0
broad_lam_like,LAM4:TGGGAAGAGACCTTTG-1,LAM4,snRNA,program_1,0.0
broad_lam_like,LAM4:TGGGAAGTCTGCAGTA-1,LAM4,snRNA,program_1,0.0
broad_lam_like,LAM4:TGGTTAGTCGTACGGC-1,LAM4,snRNA,program_1,0.008845672011375427
broad_lam_like,LAM4:TGTCCCAAGCTAGTCT-1,LAM4,snRNA,program_1,0.0026087232399731874
broad_lam_like,LAM4:TGTGGTAAGTGGGATC-1,LAM4,snRNA,program_1,0.6389779448509216
broad_lam_like,LAM4:TGTGGTAGTCTAGAGG-1,LAM4,snRNA,program_1,0.0
broad_lam_like,LAM4:TTAGTTCCAAGCTGGA-1,LAM4,snRNA,program_1,0.0
broad_lam_like,LAM4:TTCCCAGTCTTGTACT-1,LAM4,snRNA,program_1,0.5487409830093384
broad_lam_like,LAM4:TTCGGTCAGCTAAACA-1,LAM4,snRNA,program_1,0.0
broad_lam_like,LAM4:TTCTACACATGATCCA-1,LAM4,snRNA,program_1,0.21876373887062073
broad_lam_like,LAM4:TTGAACGAGAGGTAGA-1,LAM4,snRNA,program_1,0.0869937464594841
broad_lam_like,LAM4:TTGCGTCCACACCGAC-1,LAM4,snRNA,program_1,0.4679475724697113
broad_lam_like,LAM4:TTGCGTCCATAGTAAG-1,LAM4,snRNA,program_1,0.0
broad_lam_like,LAM4:TTGGCAACACGAAGCA-1,LAM4,snRNA,program_1,0.07108567655086517
broad_lam_like,LAM4:TTGTAGGAGAGCTATA-1,LAM4,snRNA,program_1,0.0
broad_lam_like,LAM4:TTTATGCAGACTCGGA-1,LAM4,snRNA,program_1,0.013404914177954197
broad_lam_like,LAM4:TTTGTCACAGCCAGAA-1,LAM4,snRNA,program_1,0.0
broad_lam_like,LAM1:AAACCTGGTGAAATCA-1,LAM1,scRNA,program_2,0.08775930106639862
broad_lam_like,LAM1:AACGTTGAGAGGTTAT-1,LAM1,scRNA,program_2,0.8569833040237427
broad_lam_like,LAM1:AAGACCTCAATGCCAT-1,LAM1,scRNA,program_2,0.21477094292640686
broad_lam_like,LAM1:AAGCCGCGTACAGCAG-1,LAM1,scRNA,program_2,0.0
broad_lam_like,LAM1:AAGGCAGGTTATCGGT-1,LAM1,scRNA,program_2,0.009650745429098606
broad_lam_like,LAM1:AATCCAGGTGCTGTAT-1,LAM1,scRNA,program_2,1.1391215324401855
broad_lam_like,LAM1:ACACCAATCGCTGATA-1,LAM1,scRNA,program_2,1.0811570882797241
broad_lam_like,LAM1:ACAGCCGGTCGCGTGT-1,LAM1,scRNA,program_2,0.06507593393325806
broad_lam_like,LAM1:ACAGCTAGTCGAGATG-1,LAM1,scRNA,program_2,0.15214301645755768
broad_lam_like,LAM1:ACATACGGTAAGTTCC-1,LAM1,scRNA,program_2,1.1401357650756836
broad_lam_like,LAM1:ACATCAGCACCCAGTG-1,LAM1,scRNA,program_2,0.057922426611185074
broad_lam_like,LAM1:ACATCAGGTGTTGAGG-1,LAM1,scRNA,program_2,0.0215718075633049
broad_lam_like,LAM1:ACATGGTTCTCGCATC-1,LAM1,scRNA,program_2,0.028033968061208725
broad_lam_like,LAM1:ACCCACTGTACCGCTG-1,LAM1,scRNA,program_2,0.04561719670891762
broad_lam_like,LAM1:ACGCAGCCACGGTAAG-1,LAM1,scRNA,program_2,0.047088511288166046
broad_lam_like,LAM1:ACGCAGCGTCTAGCGC-1,LAM1,scRNA,program_2,0.07857891172170639
broad_lam_like,LAM1:ACTATCTAGACAAGCC-1,LAM1,scRNA,program_2,0.010073994286358356
broad_lam_like,LAM1:AGAGCTTAGCGAGAAA-1,LAM1,scRNA,program_2,0.08230329304933548
broad_lam_like,LAM1:AGATCTGGTCGCCATG-1,LAM1,scRNA,program_2,0.10423015058040619
broad_lam_like,LAM1:AGATTGCCATTATCTC-1,LAM1,scRNA,program_2,0.10380985587835312
broad_lam_like,LAM1:AGCGGTCGTACTTAGC-1,LAM1,scRNA,program_2,0.3211704194545746
broad_lam_like,LAM1:AGGCCACCAAATACAG-1,LAM1,scRNA,program_2,0.11263720691204071
broad_lam_like,LAM1:AGGCCACCATATGAGA-1,LAM1,scRNA,program_2,0.04999732971191406
broad_lam_like,LAM1:AGGCCACGTTAAAGAC-1,LAM1,scRNA,program_2,1.1607226133346558
broad_lam_like,LAM1:AGTAGTCCAGTAACGG-1,LAM1,scRNA,program_2,0.0
broad_lam_like,LAM1:AGTGGGAAGGGATGGG-1,LAM1,scRNA,program_2,0.17173869907855988
broad_lam_like,LAM1:AGTGGGACAGACAAGC-1,LAM1,scRNA,program_2,0.008678635582327843
broad_lam_like,LAM1:AGTGGGACAGGAATGC-1,LAM1,scRNA,program_2,0.8684634566307068
broad_lam_like,LAM1:AGTGTCAGTAGTACCT-1,LAM1,scRNA,program_2,0.029391979798674583
broad_lam_like,LAM1:ATCATCTTCCAAGCCG-1,LAM1,scRNA,program_2,0.06118639186024666
broad_lam_like,LAM1:ATCGAGTAGATGCGAC-1,LAM1,scRNA,program_2,0.06561081111431122
broad_lam_like,LAM1:ATCGAGTCATGTCTCC-1,LAM1,scRNA,program_2,0.09945781528949738
broad_lam_like,LAM1:ATGCGATGTCCGCTGA-1,LAM1,scRNA,program_2,0.0
broad_lam_like,LAM1:ATTATCCCATTTGCTT-1,LAM1,scRNA,program_2,0.16971877217292786
broad_lam_like,LAM1:CAACCAATCTCTAGGA-1,LAM1,scRNA,program_2,0.071385458111763
broad_lam_like,LAM1:CAACCTCTCGTCCAGG-1,LAM1,scRNA,program_2,0.0435616709291935
broad_lam_like,LAM1:CAAGAAAGTGCGAAAC-1,LAM1,scRNA,program_2,0.7006677389144897
broad_lam_like,LAM1:CAAGGCCTCACTTACT-1,LAM1,scRNA,program_2,0.12147344648838043
broad_lam_like,LAM1:CAAGTTGAGTGGAGAA-1,LAM1,scRNA,program_2,0.035081200301647186
broad_lam_like,LAM1:CACACAACAGGTTTCA-1,LAM1,scRNA,program_2,0.03180317208170891
broad_lam_like,LAM1:CACACAAGTACGCTGC-1,LAM1,scRNA,program_2,0.0717049315571785
broad_lam_like,LAM1:CACACCTAGCAGCGTA-1,LAM1,scRNA,program_2,1.2371819019317627
broad_lam_like,LAM1:CACATTTAGTGGTCCC-1,LAM1,scRNA,program_2,0.08733560889959335
broad_lam_like,LAM1:CACCACTGTGTAATGA-1,LAM1,scRNA,program_2,0.03998579829931259
broad_lam_like,LAM1:CAGAATCGTCTAGTCA-1,LAM1,scRNA,program_2,0.05858009308576584
broad_lam_like,LAM1:CAGATCAGTAAACACA-1,LAM1,scRNA,program_2,0.0608191043138504
broad_lam_like,LAM1:CAGATCATCAATACCG-1,LAM1,scRNA,program_2,0.7767463326454163
broad_lam_like,LAM1:CAGCAGCCATCCCATC-1,LAM1,scRNA,program_2,1.260210633277893
broad_lam_like,LAM1:CAGCATAGTCCGAGTC-1,LAM1,scRNA,program_2,0.07667598128318787
broad_lam_like,LAM1:CAGTCCTCAATCTGCA-1,LAM1,scRNA,program_2,0.038019292056560516
broad_lam_like,LAM1:CAGTCCTGTGCCTGCA-1,LAM1,scRNA,program_2,0.020188629627227783
broad_lam_like,LAM1:CATCAAGCATCCCATC-1,LAM1,scRNA,program_2,0.025250030681490898
broad_lam_like,LAM1:CATCAAGTCCACGTTC-1,LAM1,scRNA,program_2,0.07712206989526749
broad_lam_like,LAM1:CATCAGATCTCTGAGA-1,LAM1,scRNA,program_2,0.10424800962209702
broad_lam_like,LAM1:CATCCACGTTTGACAC-1,LAM1,scRNA,program_2,0.02928234077990055
broad_lam_like,LAM1:CATCCACTCGTGGACC-1,LAM1,scRNA,program_2,0.008396334014832973
broad_lam_like,LAM1:CATCGAAAGACGCACA-1,LAM1,scRNA,program_2,0.029198110103607178
broad_lam_like,LAM1:CATCGGGCAAGGTGTG-1,LAM1,scRNA,program_2,0.08159290254116058
broad_lam_like,LAM1:CATGACAGTGCCTGTG-1,LAM1,scRNA,program_2,0.0832865759730339
broad_lam_like,LAM1:CATGACATCACTTCAT-1,LAM1,scRNA,program_2,0.09410068392753601
broad_lam_like,LAM1:CATGACATCTGCTGCT-1,LAM1,scRNA,program_2,0.026885634288191795
broad_lam_like,LAM1:CATGCCTAGAAACCAT-1,LAM1,scRNA,program_2,0.0691458061337471
broad_lam_like,LAM1:CATGGCGAGTCCAGGA-1,LAM1,scRNA,program_2,0.015406454913318157
broad_lam_like,LAM1:CATGGCGCACAGGCCT-1,LAM1,scRNA,program_2,0.02696543000638485
broad_lam_like,LAM1:CATTATCGTATATGAG-1,LAM1,scRNA,program_2,0.030072784051299095
broad_lam_like,LAM1:CCAGCGATCAAACAAG-1,LAM1,scRNA,program_2,0.05039132013916969
broad_lam_like,LAM1:CCCATACCATCAGTCA-1,LAM1,scRNA,program_2,0.047128621488809586
broad_lam_like,LAM1:CCGGGATCAAGTTAAG-1,LAM1,scRNA,program_2,0.08808915317058563
broad_lam_like,LAM1:CCTACACCATACTACG-1,LAM1,scRNA,program_2,0.09921906888484955
broad_lam_like,LAM1:CCTACACTCCTAAGTG-1,LAM1,scRNA,program_2,0.0970003753900528
broad_lam_like,LAM1:CCTACCAAGAAGGTTT-1,LAM1,scRNA,program_2,0.02394014224410057
broad_lam_like,LAM1:CCTAGCTCATTTCAGG-1,LAM1,scRNA,program_2,0.02883433923125267
broad_lam_like,LAM1:CCTTCCCGTCCGTCAG-1,LAM1,scRNA,program_2,0.0754408985376358
broad_lam_like,LAM1:CGAATGTTCCTATTCA-1,LAM1,scRNA,program_2,0.04305131733417511
broad_lam_like,LAM1:CGACTTCAGACAATAC-1,LAM1,scRNA,program_2,0.020761186257004738
broad_lam_like,LAM1:CGAGAAGCACTTGGAT-1,LAM1,scRNA,program_2,0.0
broad_lam_like,LAM1:CGAGCCAGTCGTTGTA-1,LAM1,scRNA,program_2,0.6770134568214417
broad_lam_like,LAM1:CGATGGCGTTTGGCGC-1,LAM1,scRNA,program_2,0.09057006984949112
broad_lam_like,LAM1:CGATTGAAGACTAGGC-1,LAM1,scRNA,program_2,0.08775082230567932
broad_lam_like,LAM1:CGCGGTATCCGTTGCT-1,LAM1,scRNA,program_2,0.0
broad_lam_like,LAM1:CGCGTTTGTCCGAACC-1,LAM1,scRNA,program_2,0.030407564714550972
broad_lam_like,LAM1:CGCTATCCAGGCGATA-1,LAM1,scRNA,program_2,0.04409763962030411
broad_lam_like,LAM1:CGCTGGACACAGCCCA-1,LAM1,scRNA,program_2,0.23647087812423706
broad_lam_like,LAM1:CGGACACTCAACTCTT-1,LAM1,scRNA,program_2,0.09719518572092056
broad_lam_like,LAM1:CGGACGTAGCCTTGAT-1,LAM1,scRNA,program_2,0.09498390555381775
broad_lam_like,LAM1:CGGACGTTCTTCGAGA-1,LAM1,scRNA,program_2,0.04914979264140129
broad_lam_like,LAM1:CGGCTAGTCGGACAAG-1,LAM1,scRNA,program_2,0.030650703236460686
broad_lam_like,LAM1:CGGGTCAAGGGATCTG-1,LAM1,scRNA,program_2,0.25682422518730164
broad_lam_like,LAM1:CGGTTAAAGCTGATAA-1,LAM1,scRNA,program_2,0.0426068939268589
broad_lam_like,LAM1:CGGTTAACAGGTCCAC-1,LAM1,scRNA,program_2,0.5968407988548279
broad_lam_like,LAM1:CGTAGGCGTCAAGCGA-1,LAM1,scRNA,program_2,0.066243015229702
broad_lam_like,LAM1:CGTCACTAGATGTGTA-1,LAM1,scRNA,program_2,0.07742387056350708
broad_lam_like,LAM1:CTAACTTGTTTGGCGC-1,LAM1,scRNA,program_2,0.0896163359284401
broad_lam_like,LAM1:CTAATGGCACCGAAAG-1,LAM1,scRNA,program_2,0.04735337570309639
broad_lam_like,LAM1:CTAATGGTCACAAACC-1,LAM1,scRNA,program_2,1.003736138343811
broad_lam_like,LAM1:CTAATGGTCTGATACG-1,LAM1,scRNA,program_2,0.08205308020114899
broad_lam_like,LAM1:CTACATTTCCAAAGTC-1,LAM1,scRNA,program_2,0.045063212513923645
broad_lam_like,LAM1:CTAGTGAAGATGCCTT-1,LAM1,scRNA,program_2,0.1031283363699913
broad_lam_like,LAM1:CTCCTAGCAATCAGAA-1,LAM1,scRNA,program_2,0.04474169388413429
broad_lam_like,LAM1:CTCGAAATCTTTACAC-1,LAM1,scRNA,program_2,0.11023780703544617
broad_lam_like,LAM1:CTGAAGTGTCAAACTC-1,LAM1,scRNA,program_2,0.0748344287276268
broad_lam_like,LAM1:CTGATCCAGATAGGAG-1,LAM1,scRNA,program_2,0.564298689365387
broad_lam_like,LAM1:CTGATCCGTTACCGAT-1,LAM1,scRNA,program_2,0.053539056330919266
broad_lam_like,LAM1:CTGCTGTCAATGTAAG-1,LAM1,scRNA,program_2,0.09623352438211441
broad_lam_like,LAM1:CTGCTGTGTATTACCG-1,LAM1,scRNA,program_2,0.023527052253484726
broad_lam_like,LAM1:CTGTTTAAGACCGGAT-1,LAM1,scRNA,program_2,0.08494612574577332
broad_lam_like,LAM1:CTTAGGATCCTAAGTG-1,LAM1,scRNA,program_2,0.003073561005294323
broad_lam_like,LAM1:CTTTGCGTCGCATGGC-1,LAM1,scRNA,program_2,0.056110311299562454
broad_lam_like,LAM1:GAAACTCGTTACGCGC-1,LAM1,scRNA,program_2,0.04922427237033844
broad_lam_like,LAM1:GAACATCAGATGTGTA-1,LAM1,scRNA,program_2,0.08069832623004913
broad_lam_like,LAM1:GAACGGATCATCGCTC-1,LAM1,scRNA,program_2,1.0956076383590698
broad_lam_like,LAM1:GAATGAATCCCTTGCA-1,LAM1,scRNA,program_2,1.1834160089492798
broad_lam_like,LAM1:GACCTGGTCTTACCGC-1,LAM1,scRNA,program_2,0.7599591612815857
broad_lam_like,LAM1:GACTACAGTAGAAGGA-1,LAM1,scRNA,program_2,0.04474056884646416
broad_lam_like,LAM1:GAGCAGAAGGCGCTCT-1,LAM1,scRNA,program_2,0.03522326052188873
broad_lam_like,LAM1:GAGGTGACAATGAAAC-1,LAM1,scRNA,program_2,0.0
broad_lam_like,LAM1:GAGTCCGGTTAAAGTG-1,LAM1,scRNA,program_2,0.15958699584007263
broad_lam_like,LAM1:GATCAGTTCTCCCTGA-1,LAM1,scRNA,program_2,0.5626233220100403
broad_lam_like,LAM1:GATGAAACATCGGACC-1,LAM1,scRNA,program_2,0.05544760823249817
broad_lam_like,LAM1:GATGAGGGTCTCGTTC-1,LAM1,scRNA,program_2,0.07845877856016159
broad_lam_like,LAM1:GATGCTATCACCGTAA-1,LAM1,scRNA,program_2,0.04130929708480835
broad_lam_like,LAM1:GCAATCAAGCTACCGC-1,LAM1,scRNA,program_2,0.05350406840443611
broad_lam_like,LAM1:GCAATCAGTCCTCTTG-1,LAM1,scRNA,program_2,1.2409579753875732
broad_lam_like,LAM1:GCACATACACATGACT-1,LAM1,scRNA,program_2,0.044395457953214645
broad_lam_like,LAM1:GCAGCCAAGGGAGTAA-1,LAM1,scRNA,program_2,0.0881236121058464
broad_lam_like,LAM1:GCAGTTAAGTTCGCGC-1,LAM1,scRNA,program_2,0.0076373787596821785
broad_lam_like,LAM1:GCAGTTAGTGACTACT-1,LAM1,scRNA,program_2,0.090525321662426
broad_lam_like,LAM1:GCATACAGTCATATGC-1,LAM1,scRNA,program_2,0.0603644996881485
broad_lam_like,LAM1:GCATGTAAGAAACGAG-1,LAM1,scRNA,program_2,0.12936745584011078
broad_lam_like,LAM1:GCCAAATAGGCTCATT-1,LAM1,scRNA,program_2,0.028834979981184006
broad_lam_like,LAM1:GCCTCTACACGCATCG-1,LAM1,scRNA,program_2,0.052133336663246155
broad_lam_like,LAM1:GCGGGTTGTTACGTCA-1,LAM1,scRNA,program_2,0.5623681545257568
broad_lam_like,LAM1:GCTCCTACACACGCTG-1,LAM1,scRNA,program_2,0.006558244116604328
broad_lam_like,LAM1:GCTCCTAGTCTAGTGT-1,LAM1,scRNA,program_2,0.23151709139347076
broad_lam_like,LAM1:GCTCTGTTCCGAACGC-1,LAM1,scRNA,program_2,1.2255619764328003
broad_lam_like,LAM1:GCTGCTTAGGTAAACT-1,LAM1,scRNA,program_2,0.049580641090869904
broad_lam_like,LAM1:GCTTGAAAGGTTACCT-1,LAM1,scRNA,program_2,0.12088870257139206
broad_lam_like,LAM1:GCTTGAATCATAGCAC-1,LAM1,scRNA,program_2,0.8425011038780212
broad_lam_like,LAM1:GGAAAGCGTCACCCAG-1,LAM1,scRNA,program_2,0.006964423228055239
broad_lam_like,LAM1:GGAACTTTCTGAAAGA-1,LAM1,scRNA,program_2,0.02899327129125595
broad_lam_like,LAM1:GGACAGAAGACAGACC-1,LAM1,scRNA,program_2,0.042398884892463684
broad_lam_like,LAM1:GGACGTCAGACGCAAC-1,LAM1,scRNA,program_2,0.6963649392127991
broad_lam_like,LAM1:GGAGCAACATGAGCGA-1,LAM1,scRNA,program_2,1.2105300426483154
broad_lam_like,LAM1:GGCAATTTCTCATTCA-1,LAM1,scRNA,program_2,0.5787463188171387
broad_lam_like,LAM1:GGCCGATTCTGATTCT-1,LAM1,scRNA,program_2,0.06390711665153503
broad_lam_like,LAM1:GGCGACTTCGCACTCT-1,LAM1,scRNA,program_2,0.0
broad_lam_like,LAM1:GGGAGATAGTTAAGTG-1,LAM1,scRNA,program_2,0.04886455461382866
broad_lam_like,LAM1:GGGATGAGTGCATCTA-1,LAM1,scRNA,program_2,0.03481575474143028
broad_lam_like,LAM1:GGGTCTGCATTTCAGG-1,LAM1,scRNA,program_2,0.4755908250808716
broad_lam_like,LAM1:GGGTCTGTCTGCCCTA-1,LAM1,scRNA,program_2,0.03318009898066521
broad_lam_like,LAM1:GGTATTGTCTGCGGCA-1,LAM1,scRNA,program_2,0.06303932517766953
broad_lam_like,LAM1:GGTGTTAGTATAGGGC-1,LAM1,scRNA,program_2,0.06204512342810631
broad_lam_like,LAM1:GTAACGTCATGTCCTC-1,LAM1,scRNA,program_2,0.04895421117544174
broad_lam_like,LAM1:GTAACGTTCCACGTTC-1,LAM1,scRNA,program_2,0.014493399299681187
broad_lam_like,LAM1:GTAACGTTCCGGGTGT-1,LAM1,scRNA,program_2,0.03692178800702095
broad_lam_like,LAM1:GTAACTGGTTAGAACA-1,LAM1,scRNA,program_2,0.07707340270280838
broad_lam_like,LAM1:GTAACTGTCTTGCCGT-1,LAM1,scRNA,program_2,0.08213190734386444
broad_lam_like,LAM1:GTACGTAGTCCTCTTG-1,LAM1,scRNA,program_2,0.03800555691123009
broad_lam_like,LAM1:GTAGGCCTCTGCCCTA-1,LAM1,scRNA,program_2,0.06946844607591629
broad_lam_like,LAM1:GTCAAGTCAGGCTGAA-1,LAM1,scRNA,program_2,0.04898305609822273
broad_lam_like,LAM1:GTGAAGGTCGACAGCC-1,LAM1,scRNA,program_2,0.0761677697300911
broad_lam_like,LAM1:GTGCAGCAGAGGGCTT-1,LAM1,scRNA,program_2,0.022050535306334496
broad_lam_like,LAM1:GTTAAGCTCTGGTATG-1,LAM1,scRNA,program_2,1.2822014093399048
broad_lam_like,LAM1:GTTCATTCATTCCTCG-1,LAM1,scRNA,program_2,1.2941818237304688
broad_lam_like,LAM1:GTTTCTACATTGTGCA-1,LAM1,scRNA,program_2,0.0
broad_lam_like,LAM1:TAAGAGACATTCCTGC-1,LAM1,scRNA,program_2,0.056747253984212875
broad_lam_like,LAM1:TAAGAGATCCCTAACC-1,LAM1,scRNA,program_2,0.06265866756439209
broad_lam_like,LAM1:TACAGTGAGCCCAGCT-1,LAM1,scRNA,program_2,0.022379916161298752
broad_lam_like,LAM1:TACGGATAGCGACGTA-1,LAM1,scRNA,program_2,1.017228603363037
broad_lam_like,LAM1:TACGGATCAGCGATCC-1,LAM1,scRNA,program_2,0.03433500602841377
broad_lam_like,LAM1:TACGGATGTAGCGCTC-1,LAM1,scRNA,program_2,0.09885948151350021
broad_lam_like,LAM1:TACTCGCAGGCCATAG-1,LAM1,scRNA,program_2,0.0936526283621788
broad_lam_like,LAM1:TACTCGCTCCAGTAGT-1,LAM1,scRNA,program_2,0.1415061354637146
broad_lam_like,LAM1:TACTTACCATTGGCGC-1,LAM1,scRNA,program_2,0.029195483773946762
broad_lam_like,LAM1:TAGGCATCACTCTGTC-1,LAM1,scRNA,program_2,0.15106147527694702
broad_lam_like,LAM1:TATCAGGGTCATACTG-1,LAM1,scRNA,program_2,1.3075083494186401
broad_lam_like,LAM1:TATCTCATCAAGCCTA-1,LAM1,scRNA,program_2,0.0
broad_lam_like,LAM1:TCAATCTCAAAGTCAA-1,LAM1,scRNA,program_2,0.05990190431475639
broad_lam_like,LAM1:TCAATCTGTGAACCTT-1,LAM1,scRNA,program_2,1.2481229305267334
broad_lam_like,LAM1:TCAATCTGTGCCTGCA-1,LAM1,scRNA,program_2,0.0
broad_lam_like,LAM1:TCACGAACATACTCTT-1,LAM1,scRNA,program_2,0.11581559479236603
broad_lam_like,LAM1:TCAGATGCACATCTTT-1,LAM1,scRNA,program_2,0.7141361832618713
broad_lam_like,LAM1:TCAGCAAGTCAACTGT-1,LAM1,scRNA,program_2,0.18148086965084076
broad_lam_like,LAM1:TCAGCTCCAGCTGTGC-1,LAM1,scRNA,program_2,0.05178206413984299
broad_lam_like,LAM1:TCAGCTCTCTTAGCCC-1,LAM1,scRNA,program_2,0.7635608315467834
broad_lam_like,LAM1:TCAGGTATCAGGTTCA-1,LAM1,scRNA,program_2,0.023505618795752525
broad_lam_like,LAM1:TCCCGATAGAATTGTG-1,LAM1,scRNA,program_2,0.09084272384643555
broad_lam_like,LAM1:TCGGTAACAACCGCCA-1,LAM1,scRNA,program_2,0.056256454437971115
broad_lam_like,LAM1:TCTCTAAAGTGGTCCC-1,LAM1,scRNA,program_2,0.11211652308702469
broad_lam_like,LAM1:TCTCTAACATGGTCTA-1,LAM1,scRNA,program_2,1.1418423652648926
broad_lam_like,LAM1:TCTGAGATCGTCTGAA-1,LAM1,scRNA,program_2,0.06374403089284897
broad_lam_like,LAM1:TCTGGAAGTACGCTGC-1,LAM1,scRNA,program_2,1.1897144317626953
broad_lam_like,LAM1:TGAGCATAGGCTCTTA-1,LAM1,scRNA,program_2,0.8594282269477844
broad_lam_like,LAM1:TGATTTCGTAAGGGCT-1,LAM1,scRNA,program_2,0.013501763343811035
broad_lam_like,LAM1:TGCCAAAAGTAGTGCG-1,LAM1,scRNA,program_2,0.6714550256729126
broad_lam_like,LAM1:TGCGCAGAGGCTAGCA-1,LAM1,scRNA,program_2,1.1403579711914062
broad_lam_like,LAM1:TGCGCAGAGGTGATAT-1,LAM1,scRNA,program_2,0.03862573578953743
broad_lam_like,LAM1:TGCGGGTTCGACGGAA-1,LAM1,scRNA,program_2,0.07802260667085648
broad_lam_like,LAM1:TGGCGCAGTATAGTAG-1,LAM1,scRNA,program_2,0.05473676323890686
broad_lam_like,LAM1:TGGCGCAGTGCGATAG-1,LAM1,scRNA,program_2,0.0
broad_lam_like,LAM1:TGGGCGTAGACTGGGT-1,LAM1,scRNA,program_2,0.0
broad_lam_like,LAM1:TGTATTCAGTTTCCTT-1,LAM1,scRNA,program_2,0.0680939331650734
broad_lam_like,LAM1:TGTATTCGTATCTGCA-1,LAM1,scRNA,program_2,1.2962013483047485
broad_lam_like,LAM1:TGTCCCAAGGTCGGAT-1,LAM1,scRNA,program_2,0.023035787045955658
broad_lam_like,LAM1:TGTCCCATCCAAACAC-1,LAM1,scRNA,program_2,1.110667109489441
broad_lam_like,LAM1:TGTGGTAGTAGAGTGC-1,LAM1,scRNA,program_2,0.06006254628300667
broad_lam_like,LAM1:TGTTCCGTCTATCGCC-1,LAM1,scRNA,program_2,0.06729698926210403
broad_lam_like,LAM1:TTAACTCCAAGTTAAG-1,LAM1,scRNA,program_2,0.12127313017845154
broad_lam_like,LAM1:TTAACTCGTACTCAAC-1,LAM1,scRNA,program_2,0.0
broad_lam_like,LAM1:TTAGGACGTTCGCGAC-1,LAM1,scRNA,program_2,1.2089965343475342
broad_lam_like,LAM1:TTAGGCAAGGGCTTGA-1,LAM1,scRNA,program_2,0.0835077241063118
broad_lam_like,LAM1:TTAGGCAGTTCCACTC-1,LAM1,scRNA,program_2,0.6827725172042847
broad_lam_like,LAM1:TTATGCTCATGGTTGT-1,LAM1,scRNA,program_2,0.028505736961960793
broad_lam_like,LAM1:TTATGCTCATTCCTGC-1,LAM1,scRNA,program_2,0.011080198921263218
broad_lam_like,LAM1:TTCGAAGTCCCTCAGT-1,LAM1,scRNA,program_2,0.0
broad_lam_like,LAM1:TTCTACACAGTTCATG-1,LAM1,scRNA,program_2,0.7150492668151855
broad_lam_like,LAM1:TTGCCGTAGTACGTTC-1,LAM1,scRNA,program_2,0.0038359505124390125
broad_lam_like,LAM1:TTGCCGTGTGCTTCTC-1,LAM1,scRNA,program_2,0.021589966490864754
broad_lam_like,LAM1:TTGCCGTTCGCGTTTC-1,LAM1,scRNA,program_2,0.7358653545379639
broad_lam_like,LAM1:TTGGAACAGTAGCCGA-1,LAM1,scRNA,program_2,0.0534830316901207
broad_lam_like,LAM1:TTGTAGGGTGATGTCT-1,LAM1,scRNA,program_2,0.09295875579118729
broad_lam_like,LAM1:TTTACTGTCCTACAGA-1,LAM1,scRNA,program_2,0.0
broad_lam_like,LAM1:TTTACTGTCTGTACGA-1,LAM1,scRNA,program_2,0.16918787360191345
broad_lam_like,LAM1:TTTCCTCGTGTGACGA-1,LAM1,scRNA,program_2,0.9456360340118408
broad_lam_like,LAM1:TTTGGTTCAAGCCGTC-1,LAM1,scRNA,program_2,0.15361525118350983
broad_lam_like,LAM2:AAAGCAATCTACTCAT-1,LAM2,snRNA,program_2,0.011781079694628716
broad_lam_like,LAM2:AAAGTAGAGCTACCTA-1,LAM2,snRNA,program_2,0.07500074803829193
broad_lam_like,LAM2:AAAGTAGCAAGTAATG-1,LAM2,snRNA,program_2,0.0
broad_lam_like,LAM2:AAAGTAGCACATCCGG-1,LAM2,snRNA,program_2,0.0
broad_lam_like,LAM2:AACACGTGTTCACCTC-1,LAM2,snRNA,program_2,0.0
broad_lam_like,LAM2:AACCATGAGCGAGAAA-1,LAM2,snRNA,program_2,0.015808003023266792
broad_lam_like,LAM2:AACCGCGGTAAGCACG-1,LAM2,snRNA,program_2,0.027812300249934196
broad_lam_like,LAM2:AACTCAGGTCTTGTCC-1,LAM2,snRNA,program_2,0.062262263149023056
broad_lam_like,LAM2:AACTCAGGTGAAGGCT-1,LAM2,snRNA,program_2,0.04531506821513176
broad_lam_like,LAM2:AACTCCCTCAACACCA-1,LAM2,snRNA,program_2,0.0
broad_lam_like,LAM2:AACTCTTCACTGCCAG-1,LAM2,snRNA,program_2,0.07105939835309982
broad_lam_like,LAM2:AACTTTCGTGCATCTA-1,LAM2,snRNA,program_2,0.007853573188185692
broad_lam_like,LAM2:AAGACCTTCATCTGCC-1,LAM2,snRNA,program_2,0.016119081526994705
broad_lam_like,LAM2:AAGGAGCGTTAAGAAC-1,LAM2,snRNA,program_2,0.4040381908416748
broad_lam_like,LAM2:AAGGCAGGTCTCCCTA-1,LAM2,snRNA,program_2,0.4194273054599762
broad_lam_like,LAM2:AAGGTTCGTCGGCTCA-1,LAM2,snRNA,program_2,1.1063553094863892
broad_lam_like,LAM2:AATCGGTAGGTAAACT-1,LAM2,snRNA,program_2,0.0
broad_lam_like,LAM2:ACACCCTCACGCCAGT-1,LAM2,snRNA,program_2,0.0
broad_lam_like,LAM2:ACACCCTCAGCTCGCA-1,LAM2,snRNA,program_2,0.0
broad_lam_like,LAM2:ACACCCTTCATGTCCC-1,LAM2,snRNA,program_2,0.0
broad_lam_like,LAM2:ACACCGGAGGGAGTAA-1,LAM2,snRNA,program_2,0.0
broad_lam_like,LAM2:ACACTGACACGGTAAG-1,LAM2,snRNA,program_2,0.17927397787570953
broad_lam_like,LAM2:ACAGCCGCAGGCTCAC-1,LAM2,snRNA,program_2,0.14102517068386078
broad_lam_like,LAM2:ACAGCCGCAGTGACAG-1,LAM2,snRNA,program_2,0.03493969514966011
broad_lam_like,LAM2:ACAGCTATCGATAGAA-1,LAM2,snRNA,program_2,0.026235084980726242
broad_lam_like,LAM2:ACATACGCAAACCTAC-1,LAM2,snRNA,program_2,0.015224583446979523
broad_lam_like,LAM2:ACATACGGTGGAAAGA-1,LAM2,snRNA,program_2,0.017145274206995964
broad_lam_like,LAM2:ACATCAGTCAGAAATG-1,LAM2,snRNA,program_2,0.06603538244962692
broad_lam_like,LAM2:ACATGGTCAATTCCTT-1,LAM2,snRNA,program_2,0.0
broad_lam_like,LAM2:ACATGGTCAGGTCGTC-1,LAM2,snRNA,program_2,0.0
broad_lam_like,LAM2:ACATGGTGTTCGGGCT-1,LAM2,snRNA,program_2,0.0
broad_lam_like,LAM2:ACCAGTAAGACCTTTG-1,LAM2,snRNA,program_2,0.03039243444800377
broad_lam_like,LAM2:ACCAGTACATGCATGT-1,LAM2,snRNA,program_2,0.0
broad_lam_like,LAM2:ACCAGTAGTGTGTGCC-1,LAM2,snRNA,program_2,0.0
broad_lam_like,LAM2:ACCCACTTCCACGTTC-1,LAM2,snRNA,program_2,0.03235746920108795
broad_lam_like,LAM2:ACCGTAACATGACATC-1,LAM2,snRNA,program_2,0.20711280405521393
broad_lam_like,LAM2:ACGAGCCGTGTTCTTT-1,LAM2,snRNA,program_2,0.1299373209476471
broad_lam_like,LAM2:ACGAGGAAGGACAGCT-1,LAM2,snRNA,program_2,0.020662399008870125
broad_lam_like,LAM2:ACGATACAGTCTCGGC-1,LAM2,snRNA,program_2,0.0
broad_lam_like,LAM2:ACGATACCACCAGTTA-1,LAM2,snRNA,program_2,0.04068387299776077
broad_lam_like,LAM2:ACGATGTGTAGAAAGG-1,LAM2,snRNA,program_2,0.01826772466301918
broad_lam_like,LAM2:ACGCAGCGTCTTGATG-1,LAM2,snRNA,program_2,0.0
broad_lam_like,LAM2:ACGCAGCTCTTTACGT-1,LAM2,snRNA,program_2,0.0
broad_lam_like,LAM2:ACGCCAGCAAGTCTAC-1,LAM2,snRNA,program_2,0.019792240113019943
broad_lam_like,LAM2:ACGCCAGGTATGAAAC-1,LAM2,snRNA,program_2,0.008302979171276093
broad_lam_like,LAM2:ACGCCAGTCGGAATCT-1,LAM2,snRNA,program_2,0.0
broad_lam_like,LAM2:ACGCCAGTCTATGTGG-1,LAM2,snRNA,program_2,0.19576208293437958
broad_lam_like,LAM2:ACGCCGACACATGGGA-1,LAM2,snRNA,program_2,0.0
broad_lam_like,LAM2:ACGCCGACATCACGTA-1,LAM2,snRNA,program_2,0.019619643688201904
broad_lam_like,LAM2:ACGGAGACAACTGCGC-1,LAM2,snRNA,program_2,0.0
broad_lam_like,LAM2:ACGGCCAGTAGCTGCC-1,LAM2,snRNA,program_2,0.015243521891534328
broad_lam_like,LAM2:ACGGGTCCAAGTTAAG-1,LAM2,snRNA,program_2,0.04092097654938698
broad_lam_like,LAM2:ACTATCTCACGAAAGC-1,LAM2,snRNA,program_2,0.6573523879051208
broad_lam_like,LAM2:ACTATCTCATTGGGCC-1,LAM2,snRNA,program_2,0.0
broad_lam_like,LAM2:ACTATCTTCCAACCAA-1,LAM2,snRNA,program_2,0.026621302589774132
broad_lam_like,LAM2:ACTATCTTCGAACGGA-1,LAM2,snRNA,program_2,1.2382036447525024
broad_lam_like,LAM2:ACTGAACGTGCGATAG-1,LAM2,snRNA,program_2,0.0
broad_lam_like,LAM2:ACTGAACTCGCCTGTT-1,LAM2,snRNA,program_2,0.011189797893166542
broad_lam_like,LAM2:ACTGAGTAGAGGTACC-1,LAM2,snRNA,program_2,0.022434227168560028
broad_lam_like,LAM2:ACTGAGTCATTGGCGC-1,LAM2,snRNA,program_2,0.0
broad_lam_like,LAM2:ACTGAGTTCCTGTACC-1,LAM2,snRNA,program_2,0.036156438291072845
broad_lam_like,LAM2:ACTGATGCACCGAATT-1,LAM2,snRNA,program_2,0.016242291778326035
broad_lam_like,LAM2:ACTGATGGTACCGAGA-1,LAM2,snRNA,program_2,0.0
broad_lam_like,LAM2:ACTGCTCAGCCGTCGT-1,LAM2,snRNA,program_2,1.1349871158599854
broad_lam_like,LAM2:ACTGCTCGTATATCCG-1,LAM2,snRNA,program_2,0.0
broad_lam_like,LAM2:ACTGCTCTCTGAAAGA-1,LAM2,snRNA,program_2,0.0012753511546179652
broad_lam_like,LAM2:ACTGCTCTCTGCGGCA-1,LAM2,snRNA,program_2,0.0
broad_lam_like,LAM2:ACTTACTAGTATTGGA-1,LAM2,snRNA,program_2,0.0
broad_lam_like,LAM2:ACTTACTCACCATCCT-1,LAM2,snRNA,program_2,0.0
broad_lam_like,LAM2:ACTTGTTGTTCGTCTC-1,LAM2,snRNA,program_2,0.011582321487367153
broad_lam_like,LAM2:ACTTTCAAGAAGGGTA-1,LAM2,snRNA,program_2,0.0
broad_lam_like,LAM2:ACTTTCAAGGCTCTTA-1,LAM2,snRNA,program_2,0.0
broad_lam_like,LAM2:AGAGCTTCAAGTCTAC-1,LAM2,snRNA,program_2,0.0
broad_lam_like,LAM2:AGAGTGGTCCAGTAGT-1,LAM2,snRNA,program_2,0.0
broad_lam_like,LAM2:AGAGTGGTCCATGAAC-1,LAM2,snRNA,program_2,0.0
broad_lam_like,LAM2:AGATCTGAGGATGGTC-1,LAM2,snRNA,program_2,0.0
broad_lam_like,LAM2:AGCAGCCCAGTCTTCC-1,LAM2,snRNA,program_2,0.0
broad_lam_like,LAM2:AGCAGCCTCCTCAATT-1,LAM2,snRNA,program_2,0.021849898621439934
broad_lam_like,LAM2:AGCAGCCTCGTAGGAG-1,LAM2,snRNA,program_2,0.0
broad_lam_like,LAM2:AGCATACAGGCATGGT-1,LAM2,snRNA,program_2,0.009071821346879005
broad_lam_like,LAM2:AGCATACTCTTTACAC-1,LAM2,snRNA,program_2,0.04178307205438614
broad_lam_like,LAM2:AGCCTAACAGGTTTCA-1,LAM2,snRNA,program_2,0.0208791121840477
broad_lam_like,LAM2:AGCGTCGCACTGTCGG-1,LAM2,snRNA,program_2,1.2304370403289795
broad_lam_like,LAM2:AGCGTCGGTACGAAAT-1,LAM2,snRNA,program_2,0.0
broad_lam_like,LAM2:AGCTCCTCAGTCGATT-1,LAM2,snRNA,program_2,1.0396779775619507
broad_lam_like,LAM2:AGCTCCTGTTAGAACA-1,LAM2,snRNA,program_2,0.01747441664338112
broad_lam_like,LAM2:AGCTCTCGTGGTCTCG-1,LAM2,snRNA,program_2,0.0
broad_lam_like,LAM2:AGCTTGAGTCTCCATC-1,LAM2,snRNA,program_2,0.0
broad_lam_like,LAM2:AGCTTGATCCCGGATG-1,LAM2,snRNA,program_2,0.0
broad_lam_like,LAM2:AGGTCATCAGGACGTA-1,LAM2,snRNA,program_2,0.0
broad_lam_like,LAM2:AGGTCATTCAGGCAAG-1,LAM2,snRNA,program_2,0.0
broad_lam_like,LAM2:AGGTCATTCTGAAAGA-1,LAM2,snRNA,program_2,0.0
broad_lam_like,LAM2:AGTAGTCGTTACGCGC-1,LAM2,snRNA,program_2,0.0
broad_lam_like,LAM2:AGTCTTTGTCACAAGG-1,LAM2,snRNA,program_2,0.008031412959098816
broad_lam_like,LAM2:AGTCTTTGTCTCCCTA-1,LAM2,snRNA,program_2,0.005204138811677694
broad_lam_like,LAM2:AGTGAGGAGGTGACCA-1,LAM2,snRNA,program_2,0.0
broad_lam_like,LAM2:AGTTGGTAGTGTGGCA-1,LAM2,snRNA,program_2,0.0
broad_lam_like,LAM2:ATAACGCAGTGAACGC-1,LAM2,snRNA,program_2,0.0
broad_lam_like,LAM2:ATAAGAGCACATCCGG-1,LAM2,snRNA,program_2,0.0
broad_lam_like,LAM2:ATAGACCGTCGCATAT-1,LAM2,snRNA,program_2,0.0
broad_lam_like,LAM2:ATAGACCTCCGTAGGC-1,LAM2,snRNA,program_2,0.0
broad_lam_like,LAM2:ATCCGAAAGAACAATC-1,LAM2,snRNA,program_2,0.0
broad_lam_like,LAM2:ATCGAGTCACGTGAGA-1,LAM2,snRNA,program_2,0.0
broad_lam_like,LAM2:ATCGAGTGTCTAAACC-1,LAM2,snRNA,program_2,0.0
broad_lam_like,LAM2:ATCTGCCGTAGAGCTG-1,LAM2,snRNA,program_2,0.0
broad_lam_like,LAM2:ATGAGGGCAAAGAATC-1,LAM2,snRNA,program_2,0.0
broad_lam_like,LAM2:ATGCGATAGGAATTAC-1,LAM2,snRNA,program_2,0.00784742645919323
broad_lam_like,LAM2:ATGGGAGTCATGCATG-1,LAM2,snRNA,program_2,0.10515444725751877
broad_lam_like,LAM2:ATGGGAGTCGCCATAA-1,LAM2,snRNA,program_2,0.02522704191505909
broad_lam_like,LAM2:ATGTGTGGTGCCTGTG-1,LAM2,snRNA,program_2,0.026708055287599564
broad_lam_like,LAM2:ATTATCCCAGCGTCCA-1,LAM2,snRNA,program_2,0.0
broad_lam_like,LAM2:ATTCTACAGCAACGGT-1,LAM2,snRNA,program_2,0.0
broad_lam_like,LAM2:ATTCTACTCCCGGATG-1,LAM2,snRNA,program_2,0.03785853832960129
broad_lam_like,LAM2:ATTGGACCAACCGCCA-1,LAM2,snRNA,program_2,0.0
broad_lam_like,LAM2:ATTGGTGGTTGAACTC-1,LAM2,snRNA,program_2,0.0
broad_lam_like,LAM2:ATTGGTGTCGTACGGC-1,LAM2,snRNA,program_2,0.0
broad_lam_like,LAM2:CAACCAATCAGCTCTC-1,LAM2,snRNA,program_2,0.0
broad_lam_like,LAM2:CAACCTCAGGTGACCA-1,LAM2,snRNA,program_2,0.00758992787450552
broad_lam_like,LAM2:CAACCTCCAATACGCT-1,LAM2,snRNA,program_2,0.0
broad_lam_like,LAM2:CAACTAGTCACTCTTA-1,LAM2,snRNA,program_2,0.0026137595996260643
broad_lam_like,LAM2:CAAGGCCAGATCCGAG-1,LAM2,snRNA,program_2,0.017561638727784157
broad_lam_like,LAM2:CAAGTTGAGATGTGGC-1,LAM2,snRNA,program_2,0.04208937659859657
broad_lam_like,LAM2:CAAGTTGTCTGACCTC-1,LAM2,snRNA,program_2,0.032452456653118134
broad_lam_like,LAM2:CACAAACAGCAACGGT-1,LAM2,snRNA,program_2,0.0
broad_lam_like,LAM2:CACACAACAAACTGTC-1,LAM2,snRNA,program_2,0.040447063744068146
broad_lam_like,LAM2:CACACAAGTCTTTCAT-1,LAM2,snRNA,program_2,0.0
broad_lam_like,LAM2:CACACCTGTTAAGGGC-1,LAM2,snRNA,program_2,0.01592249795794487
broad_lam_like,LAM2:CACACTCAGCAGGTCA-1,LAM2,snRNA,program_2,0.3689368665218353
broad_lam_like,LAM2:CACATAGCACTCAGGC-1,LAM2,snRNA,program_2,0.0
broad_lam_like,LAM2:CACATTTCATAAAGGT-1,LAM2,snRNA,program_2,0.6321954727172852
broad_lam_like,LAM2:CACCACTAGTGACTCT-1,LAM2,snRNA,program_2,0.0694090723991394
broad_lam_like,LAM2:CACCACTGTTCAACCA-1,LAM2,snRNA,program_2,0.6776048541069031
broad_lam_like,LAM2:CACCAGGAGACTGGGT-1,LAM2,snRNA,program_2,0.0
broad_lam_like,LAM2:CACCAGGGTTCAGCGC-1,LAM2,snRNA,program_2,0.0
broad_lam_like,LAM2:CAGATCAAGGGTTTCT-1,LAM2,snRNA,program_2,0.0
broad_lam_like,LAM2:CAGCAGCAGCGAAGGG-1,LAM2,snRNA,program_2,0.053039539605379105
broad_lam_like,LAM2:CAGCAGCTCTGCAAGT-1,LAM2,snRNA,program_2,0.0
broad_lam_like,LAM2:CAGCAGCTCTGCGGCA-1,LAM2,snRNA,program_2,0.039489176124334335
broad_lam_like,LAM2:CAGCATATCCCAAGAT-1,LAM2,snRNA,program_2,0.0
broad_lam_like,LAM2:CAGCCGAAGCTCTCGG-1,LAM2,snRNA,program_2,0.03173643723130226
broad_lam_like,LAM2:CAGCGACAGTTAAGTG-1,LAM2,snRNA,program_2,0.0
broad_lam_like,LAM2:CAGCGACCACGGTAGA-1,LAM2,snRNA,program_2,0.032512251287698746
broad_lam_like,LAM2:CAGCGACCATCCAACA-1,LAM2,snRNA,program_2,0.07706185430288315
broad_lam_like,LAM2:CAGCTAAGTAAAGTCA-1,LAM2,snRNA,program_2,0.028211457654833794
broad_lam_like,LAM2:CAGGTGCGTAAGGATT-1,LAM2,snRNA,program_2,0.01741706393659115
broad_lam_like,LAM2:CAGTAACGTGTTAAGA-1,LAM2,snRNA,program_2,0.0
broad_lam_like,LAM2:CAGTCCTGTATGGTTC-1,LAM2,snRNA,program_2,0.025276243686676025
broad_lam_like,LAM2:CATATGGCACGCATCG-1,LAM2,snRNA,program_2,0.00977447908371687
broad_lam_like,LAM2:CATATGGGTGTTTGGT-1,LAM2,snRNA,program_2,0.0
broad_lam_like,LAM2:CATCCACAGGGTCTCC-1,LAM2,snRNA,program_2,0.0
broad_lam_like,LAM2:CATCCACTCATTGCGA-1,LAM2,snRNA,program_2,0.0015848109032958746
broad_lam_like,LAM2:CATCGGGAGGGCACTA-1,LAM2,snRNA,program_2,0.0
broad_lam_like,LAM2:CATCGGGGTGCGCTTG-1,LAM2,snRNA,program_2,0.0
broad_lam_like,LAM2:CATCGGGTCGCGCCAA-1,LAM2,snRNA,program_2,0.0
broad_lam_like,LAM2:CATGACATCGAACTGT-1,LAM2,snRNA,program_2,0.6086270213127136
broad_lam_like,LAM2:CATTATCAGTGGGCTA-1,LAM2,snRNA,program_2,0.0025258511304855347
broad_lam_like,LAM2:CATTATCTCTACCAGA-1,LAM2,snRNA,program_2,0.014971306547522545
broad_lam_like,LAM2:CATTCGCAGCGCCTTG-1,LAM2,snRNA,program_2,0.06839152425527573
broad_lam_like,LAM2:CATTCGCGTTTGTTTC-1,LAM2,snRNA,program_2,0.0
broad_lam_like,LAM2:CCAATCCCAACCGCCA-1,LAM2,snRNA,program_2,0.0
broad_lam_like,LAM2:CCAATCCGTGTATGGG-1,LAM2,snRNA,program_2,0.22843509912490845
broad_lam_like,LAM2:CCACCTAGTAGCAAAT-1,LAM2,snRNA,program_2,0.004304081667214632
broad_lam_like,LAM2:CCACGGAAGACAGACC-1,LAM2,snRNA,program_2,0.0
broad_lam_like,LAM2:CCACGGAAGCGATTCT-1,LAM2,snRNA,program_2,0.0
broad_lam_like,LAM2:CCAGCGAGTAAAGGAG-1,LAM2,snRNA,program_2,0.0
broad_lam_like,LAM2:CCATGTCAGGTTACCT-1,LAM2,snRNA,program_2,0.0
broad_lam_like,LAM2:CCATGTCCAAGCGAGT-1,LAM2,snRNA,program_2,0.0
broad_lam_like,LAM2:CCCAATCAGCCCAACC-1,LAM2,snRNA,program_2,0.016233423724770546
broad_lam_like,LAM2:CCCAATCTCGCTGATA-1,LAM2,snRNA,program_2,0.00030045019229874015
broad_lam_like,LAM2:CCCAGTTAGAGACTAT-1,LAM2,snRNA,program_2,0.010344753041863441
broad_lam_like,LAM2:CCCAGTTGTAGCTGCC-1,LAM2,snRNA,program_2,0.015767710283398628
broad_lam_like,LAM2:CCCAGTTGTCTTGCGG-1,LAM2,snRNA,program_2,0.0
broad_lam_like,LAM2:CCCATACGTGCTAGCC-1,LAM2,snRNA,program_2,0.0
broad_lam_like,LAM2:CCCTCCTTCCCTTGCA-1,LAM2,snRNA,program_2,0.0
broad_lam_like,LAM2:CCGGGATTCCTTAATC-1,LAM2,snRNA,program_2,0.038672737777233124
broad_lam_like,LAM2:CCGGTAGAGAGTGACC-1,LAM2,snRNA,program_2,0.0
broad_lam_like,LAM2:CCGGTAGAGTGAACAT-1,LAM2,snRNA,program_2,0.0004796411085408181
broad_lam_like,LAM2:CCGGTAGCAAACAACA-1,LAM2,snRNA,program_2,0.0
broad_lam_like,LAM2:CCGGTAGTCAGGCAAG-1,LAM2,snRNA,program_2,0.0
broad_lam_like,LAM2:CCGTACTAGGAATTAC-1,LAM2,snRNA,program_2,0.0
broad_lam_like,LAM2:CCGTGGACAAGGTTTC-1,LAM2,snRNA,program_2,0.007437695749104023
broad_lam_like,LAM2:CCGTTCAGTTTGCATG-1,LAM2,snRNA,program_2,0.0
broad_lam_like,LAM2:CCGTTCATCTGTGCAA-1,LAM2,snRNA,program_2,0.043856486678123474
broad_lam_like,LAM2:CCTAAAGCACGGACAA-1,LAM2,snRNA,program_2,0.024448774755001068
broad_lam_like,LAM2:CCTAAAGGTGCAACTT-1,LAM2,snRNA,program_2,0.04338623583316803
broad_lam_like,LAM2:CCTACACCACAAGACG-1,LAM2,snRNA,program_2,0.14230576157569885
broad_lam_like,LAM2:CCTACCACAGCCAATT-1,LAM2,snRNA,program_2,0.0
broad_lam_like,LAM2:CCTACCAGTGCACCAC-1,LAM2,snRNA,program_2,0.10661782324314117
broad_lam_like,LAM2:CCTAGCTCAGACGCTC-1,LAM2,snRNA,program_2,0.0
broad_lam_like,LAM2:CCTTACGCACATGACT-1,LAM2,snRNA,program_2,0.0
broad_lam_like,LAM2:CCTTACGGTACTCAAC-1,LAM2,snRNA,program_2,0.0
broad_lam_like,LAM2:CCTTACGGTATAGTAG-1,LAM2,snRNA,program_2,0.05023721978068352
broad_lam_like,LAM2:CCTTCGAGTCACAAGG-1,LAM2,snRNA,program_2,0.0
broad_lam_like,LAM2:CGACCTTCACCGCTAG-1,LAM2,snRNA,program_2,0.0
broad_lam_like,LAM2:CGACTTCTCATGTCCC-1,LAM2,snRNA,program_2,0.06943781673908234
broad_lam_like,LAM2:CGAGCACCAGACGTAG-1,LAM2,snRNA,program_2,0.6392277479171753
broad_lam_like,LAM2:CGAGCACGTTTGACTG-1,LAM2,snRNA,program_2,0.0
broad_lam_like,LAM2:CGATGGCCAGCTCGAC-1,LAM2,snRNA,program_2,0.00091640988830477
broad_lam_like,LAM2:CGATTGAAGCTCTCGG-1,LAM2,snRNA,program_2,0.0
broad_lam_like,LAM2:CGATTGAGTCAATACC-1,LAM2,snRNA,program_2,0.018544714897871017
broad_lam_like,LAM2:CGATTGAGTTCCATGA-1,LAM2,snRNA,program_2,0.0
broad_lam_like,LAM2:CGCCAAGGTAGCACGA-1,LAM2,snRNA,program_2,0.0
broad_lam_like,LAM2:CGCGGTAAGCCGATTT-1,LAM2,snRNA,program_2,0.0
broad_lam_like,LAM2:CGCTTCAGTCTCCACT-1,LAM2,snRNA,program_2,0.0
broad_lam_like,LAM2:CGGACACTCACATACG-1,LAM2,snRNA,program_2,0.0
broad_lam_like,LAM2:CGGACTGTCTGGTTCC-1,LAM2,snRNA,program_2,0.0
broad_lam_like,LAM2:CGGAGTCAGAGGTTAT-1,LAM2,snRNA,program_2,0.013815873302519321
broad_lam_like,LAM2:CGGCTAGCAGACACTT-1,LAM2,snRNA,program_2,0.0
broad_lam_like,LAM2:CGGCTAGTCAACTCTT-1,LAM2,snRNA,program_2,0.0
broad_lam_like,LAM2:CGGGTCAAGGAACTGC-1,LAM2,snRNA,program_2,0.0
broad_lam_like,LAM2:CGGGTCACATTCACTT-1,LAM2,snRNA,program_2,0.005987453740090132
broad_lam_like,LAM2:CGGGTCAGTGTGCGTC-1,LAM2,snRNA,program_2,0.0
broad_lam_like,LAM2:CGGTTAAAGGTACTCT-1,LAM2,snRNA,program_2,0.004987980704754591
broad_lam_like,LAM2:CGGTTAAAGTCCAGGA-1,LAM2,snRNA,program_2,0.013945960439741611
broad_lam_like,LAM2:CGTAGCGTCAAACCAC-1,LAM2,snRNA,program_2,0.0
broad_lam_like,LAM2:CGTCAGGGTAGCGTAG-1,LAM2,snRNA,program_2,0.0
broad_lam_like,LAM2:CGTCCATCATCGATTG-1,LAM2,snRNA,program_2,0.013455349951982498
broad_lam_like,LAM2:CGTCCATTCAATACCG-1,LAM2,snRNA,program_2,0.0
broad_lam_like,LAM2:CGTCTACCAGCTCGAC-1,LAM2,snRNA,program_2,0.0
broad_lam_like,LAM2:CGTGTCTTCCGCAAGC-1,LAM2,snRNA,program_2,0.0
broad_lam_like,LAM2:CGTTAGATCTACCTGC-1,LAM2,snRNA,program_2,0.0
broad_lam_like,LAM2:CTAACTTCAAGCGCTC-1,LAM2,snRNA,program_2,0.6493117809295654
broad_lam_like,LAM2:CTAAGACCATGCCACG-1,LAM2,snRNA,program_2,0.0
broad_lam_like,LAM2:CTACCCAGTGGCTCCA-1,LAM2,snRNA,program_2,0.02261640504002571
broad_lam_like,LAM2:CTACGTCAGTTACGGG-1,LAM2,snRNA,program_2,0.0
broad_lam_like,LAM2:CTACGTCCATCAGTAC-1,LAM2,snRNA,program_2,0.05542515590786934
broad_lam_like,LAM2:CTACGTCGTCTGCGGT-1,LAM2,snRNA,program_2,0.017744937911629677
broad_lam_like,LAM2:CTAGAGTTCAGTTTGG-1,LAM2,snRNA,program_2,0.0
broad_lam_like,LAM2:CTAGCCTAGTGCGTGA-1,LAM2,snRNA,program_2,0.0
broad_lam_like,LAM2:CTAGCCTTCGGGAGTA-1,LAM2,snRNA,program_2,0.022423293441534042
broad_lam_like,LAM2:CTAGTGAAGGGAAACA-1,LAM2,snRNA,program_2,0.04000082612037659
broad_lam_like,LAM2:CTAGTGATCTACTATC-1,LAM2,snRNA,program_2,0.03976081311702728
broad_lam_like,LAM2:CTCACACCATCGATGT-1,LAM2,snRNA,program_2,0.0
broad_lam_like,LAM2:CTCACACGTCCTGCTT-1,LAM2,snRNA,program_2,0.0
broad_lam_like,LAM2:CTCCTAGAGTTGTAGA-1,LAM2,snRNA,program_2,0.0
broad_lam_like,LAM2:CTCCTAGCAGTATCTG-1,LAM2,snRNA,program_2,1.015783429145813
broad_lam_like,LAM2:CTCCTAGTCTCTAGGA-1,LAM2,snRNA,program_2,0.0036835570354014635
broad_lam_like,LAM2:CTCGAAATCGGCATCG-1,LAM2,snRNA,program_2,0.019423089921474457
broad_lam_like,LAM2:CTCGAAATCGGTGTTA-1,LAM2,snRNA,program_2,0.0
broad_lam_like,LAM2:CTCGAGGGTTTACTCT-1,LAM2,snRNA,program_2,0.0
broad_lam_like,LAM2:CTCGGAGAGATGCCTT-1,LAM2,snRNA,program_2,0.20085372030735016
broad_lam_like,LAM2:CTCGGAGGTGCAGGTA-1,LAM2,snRNA,program_2,0.0
broad_lam_like,LAM2:CTCGGGACAGGGAGAG-1,LAM2,snRNA,program_2,0.0
broad_lam_like,LAM2:CTCGTACAGTCCGTAT-1,LAM2,snRNA,program_2,0.0
broad_lam_like,LAM2:CTCGTACTCGGAGGTA-1,LAM2,snRNA,program_2,0.0
broad_lam_like,LAM2:CTCGTCAGTTATCACG-1,LAM2,snRNA,program_2,0.0
broad_lam_like,LAM2:CTCTACGTCTCATTCA-1,LAM2,snRNA,program_2,0.0
broad_lam_like,LAM2:CTGAAGTCATGTAGTC-1,LAM2,snRNA,program_2,0.000881337677128613
broad_lam_like,LAM2:CTGATAGAGGATGCGT-1,LAM2,snRNA,program_2,0.0016633630730211735
broad_lam_like,LAM2:CTGATCCGTCCGAACC-1,LAM2,snRNA,program_2,0.0
broad_lam_like,LAM2:CTGCCTACATTAGCCA-1,LAM2,snRNA,program_2,0.01063995435833931
broad_lam_like,LAM2:CTGCCTATCAACACTG-1,LAM2,snRNA,program_2,0.0
broad_lam_like,LAM2:CTGCGGATCCAGGGCT-1,LAM2,snRNA,program_2,0.08079688996076584
broad_lam_like,LAM2:CTGCGGATCTCTGTCG-1,LAM2,snRNA,program_2,0.0
broad_lam_like,LAM2:CTTAACTAGGTAGCTG-1,LAM2,snRNA,program_2,0.0
broad_lam_like,LAM2:CTTAACTTCGAGGTAG-1,LAM2,snRNA,program_2,0.0
broad_lam_like,LAM2:CTTAGGACAAACAACA-1,LAM2,snRNA,program_2,0.014845043420791626
broad_lam_like,LAM2:CTTGGCTTCGCATGAT-1,LAM2,snRNA,program_2,0.004812388680875301
broad_lam_like,LAM2:CTTTGCGTCCATTCTA-1,LAM2,snRNA,program_2,0.04939144104719162
broad_lam_like,LAM2:GAAACTCTCTACGAGT-1,LAM2,snRNA,program_2,0.013098490424454212
broad_lam_like,LAM2:GAACCTAAGGCATTGG-1,LAM2,snRNA,program_2,0.0
broad_lam_like,LAM2:GAACCTAAGTCTCCTC-1,LAM2,snRNA,program_2,0.01311524398624897
broad_lam_like,LAM2:GAACCTAGTAGGACAC-1,LAM2,snRNA,program_2,0.0
broad_lam_like,LAM2:GAACCTATCCACGACG-1,LAM2,snRNA,program_2,0.0
broad_lam_like,LAM2:GAACGGACATACGCCG-1,LAM2,snRNA,program_2,0.0
broad_lam_like,LAM2:GAAGCAGAGATCTGCT-1,LAM2,snRNA,program_2,0.030052777379751205
broad_lam_like,LAM2:GAAGCAGGTTCCACTC-1,LAM2,snRNA,program_2,0.02934265322983265
broad_lam_like,LAM2:GAATAAGGTCAATACC-1,LAM2,snRNA,program_2,0.044847384095191956
broad_lam_like,LAM2:GAATGAAAGGCGCTCT-1,LAM2,snRNA,program_2,0.08637691289186478
broad_lam_like,LAM2:GAATGAACAGTGACAG-1,LAM2,snRNA,program_2,0.009759495034813881
broad_lam_like,LAM2:GACACGCAGAGTACCG-1,LAM2,snRNA,program_2,0.0
broad_lam_like,LAM2:GACACGCAGCTGAACG-1,LAM2,snRNA,program_2,0.0
broad_lam_like,LAM2:GACACGCCAATGACCT-1,LAM2,snRNA,program_2,0.24666434526443481
broad_lam_like,LAM2:GACAGAGCACTCTGTC-1,LAM2,snRNA,program_2,0.0
broad_lam_like,LAM2:GACCAATCAGTTAACC-1,LAM2,snRNA,program_2,0.005222287494689226
broad_lam_like,LAM2:GACCAATTCAGCGACC-1,LAM2,snRNA,program_2,0.6663929224014282
broad_lam_like,LAM2:GACCTGGGTGTGGTTT-1,LAM2,snRNA,program_2,0.0
broad_lam_like,LAM2:GACGGCTAGAGACGAA-1,LAM2,snRNA,program_2,0.0
broad_lam_like,LAM2:GACGTTACATCCTAGA-1,LAM2,snRNA,program_2,0.0
broad_lam_like,LAM2:GACTAACCAGCTCGCA-1,LAM2,snRNA,program_2,0.027891114354133606
broad_lam_like,LAM2:GACTAACGTCAATGTC-1,LAM2,snRNA,program_2,0.002622149186208844
broad_lam_like,LAM2:GAGCAGAGTATAGGGC-1,LAM2,snRNA,program_2,0.0009364531724713743
broad_lam_like,LAM2:GAGCAGATCTCCCTGA-1,LAM2,snRNA,program_2,0.0
broad_lam_like,LAM2:GAGGTGAAGAATTGTG-1,LAM2,snRNA,program_2,0.016973689198493958
broad_lam_like,LAM2:GAGGTGACATTGGTAC-1,LAM2,snRNA,program_2,0.0
broad_lam_like,LAM2:GAGGTGATCCCAAGTA-1,LAM2,snRNA,program_2,0.0
broad_lam_like,LAM2:GAGGTGATCTTGTCAT-1,LAM2,snRNA,program_2,0.10721740126609802
broad_lam_like,LAM2:GAGTCCGCAATGGATA-1,LAM2,snRNA,program_2,0.0
broad_lam_like,LAM2:GATCAGTCACACCGCA-1,LAM2,snRNA,program_2,0.0
broad_lam_like,LAM2:GATCAGTCATAACCTG-1,LAM2,snRNA,program_2,0.011781865730881691
broad_lam_like,LAM2:GATCGATAGTCCGGTC-1,LAM2,snRNA,program_2,0.45620283484458923
broad_lam_like,LAM2:GATCGTACAGTATGCT-1,LAM2,snRNA,program_2,0.009002191945910454
broad_lam_like,LAM2:GATCGTAGTCTAGGTT-1,LAM2,snRNA,program_2,0.0
broad_lam_like,LAM2:GATCTAGAGACCCACC-1,LAM2,snRNA,program_2,0.002983587794005871
broad_lam_like,LAM2:GATGAAATCTCTGCTG-1,LAM2,snRNA,program_2,0.0
broad_lam_like,LAM2:GATGAGGGTAGTACCT-1,LAM2,snRNA,program_2,0.0
broad_lam_like,LAM2:GATGAGGGTTCCATGA-1,LAM2,snRNA,program_2,0.0
broad_lam_like,LAM2:GATGCTAAGTCCGGTC-1,LAM2,snRNA,program_2,0.0
broad_lam_like,LAM2:GCAAACTCAGTATAAG-1,LAM2,snRNA,program_2,0.2569659650325775
broad_lam_like,LAM2:GCAATCAGTCGAACAG-1,LAM2,snRNA,program_2,0.05320411175489426
broad_lam_like,LAM2:GCAATCATCAGAGCTT-1,LAM2,snRNA,program_2,0.0
broad_lam_like,LAM2:GCACTCTAGACATAAC-1,LAM2,snRNA,program_2,0.0
broad_lam_like,LAM2:GCAGCCACAAGAAAGG-1,LAM2,snRNA,program_2,0.0
broad_lam_like,LAM2:GCAGTTAAGTGTACCT-1,LAM2,snRNA,program_2,0.1945301592350006
broad_lam_like,LAM2:GCATACAAGTGTGGCA-1,LAM2,snRNA,program_2,0.010609881952404976
broad_lam_like,LAM2:GCATGATCACGGTTTA-1,LAM2,snRNA,program_2,0.0
broad_lam_like,LAM2:GCATGATCATGCTAGT-1,LAM2,snRNA,program_2,0.7517534494400024
broad_lam_like,LAM2:GCATGATGTCTAGCCG-1,LAM2,snRNA,program_2,0.0272759310901165
broad_lam_like,LAM2:GCATGCGGTTCGTCTC-1,LAM2,snRNA,program_2,0.0
broad_lam_like,LAM2:GCCAAATGTGTTCGAT-1,LAM2,snRNA,program_2,0.0
broad_lam_like,LAM2:GCGACCAGTCGGATCC-1,LAM2,snRNA,program_2,0.007613307796418667
broad_lam_like,LAM2:GCGCAACAGCCTTGAT-1,LAM2,snRNA,program_2,0.008354675024747849
broad_lam_like,LAM2:GCGCAGTAGTACGTTC-1,LAM2,snRNA,program_2,1.1997790336608887
broad_lam_like,LAM2:GCGCCAAAGACAGAGA-1,LAM2,snRNA,program_2,0.0
broad_lam_like,LAM2:GCGCGATAGAAGATTC-1,LAM2,snRNA,program_2,0.26366114616394043
broad_lam_like,LAM2:GCGCGATAGTGGAGTC-1,LAM2,snRNA,program_2,0.02342420443892479
broad_lam_like,LAM2:GCGGGTTGTTCCACAA-1,LAM2,snRNA,program_2,0.01953081041574478
broad_lam_like,LAM2:GCTCCTAAGTGTTGAA-1,LAM2,snRNA,program_2,0.3999922275543213
broad_lam_like,LAM2:GCTCCTATCGGAAACG-1,LAM2,snRNA,program_2,0.006610673386603594
broad_lam_like,LAM2:GCTGCAGAGCTGGAAC-1,LAM2,snRNA,program_2,0.0
broad_lam_like,LAM2:GCTGCGATCCGCGTTT-1,LAM2,snRNA,program_2,0.04759545996785164
broad_lam_like,LAM2:GCTGCTTGTGGACGAT-1,LAM2,snRNA,program_2,0.055134136229753494
broad_lam_like,LAM2:GCTGGGTCAGTCTTCC-1,LAM2,snRNA,program_2,0.9204114079475403
broad_lam_like,LAM2:GGAAAGCCAGCCAGAA-1,LAM2,snRNA,program_2,0.006234303116798401
broad_lam_like,LAM2:GGAAAGCCATGCAACT-1,LAM2,snRNA,program_2,0.0
broad_lam_like,LAM2:GGAATAAAGAGCTGGT-1,LAM2,snRNA,program_2,0.0
broad_lam_like,LAM2:GGAATAACATGGGAAC-1,LAM2,snRNA,program_2,0.0
broad_lam_like,LAM2:GGACAAGCAGGACGTA-1,LAM2,snRNA,program_2,0.5508098602294922
broad_lam_like,LAM2:GGACATTGTCTCCATC-1,LAM2,snRNA,program_2,0.0014996154932305217
broad_lam_like,LAM2:GGACATTTCCCACTTG-1,LAM2,snRNA,program_2,0.0
broad_lam_like,LAM2:GGACGTCCATGTCGAT-1,LAM2,snRNA,program_2,0.0
broad_lam_like,LAM2:GGACGTCCATTAACCG-1,LAM2,snRNA,program_2,0.014103204943239689
broad_lam_like,LAM2:GGATGTTGTTGTACAC-1,LAM2,snRNA,program_2,0.0
broad_lam_like,LAM2:GGATGTTTCGAACGGA-1,LAM2,snRNA,program_2,0.016344627365469933
broad_lam_like,LAM2:GGATTACAGTACGATA-1,LAM2,snRNA,program_2,0.01062663272023201
broad_lam_like,LAM2:GGCAATTAGGCCCGTT-1,LAM2,snRNA,program_2,0.0
broad_lam_like,LAM2:GGCAATTCAACAACCT-1,LAM2,snRNA,program_2,0.027603305876255035
broad_lam_like,LAM2:GGCAATTTCTGATTCT-1,LAM2,snRNA,program_2,0.0
broad_lam_like,LAM2:GGCCGATAGTCGATAA-1,LAM2,snRNA,program_2,0.0
broad_lam_like,LAM2:GGCCGATTCTCTGCTG-1,LAM2,snRNA,program_2,0.0006681749364361167
broad_lam_like,LAM2:GGCGACTCACATAACC-1,LAM2,snRNA,program_2,0.010479985736310482
broad_lam_like,LAM2:GGCGACTCATCGGTTA-1,LAM2,snRNA,program_2,0.00801899190992117
broad_lam_like,LAM2:GGCGACTTCCTTTCGG-1,LAM2,snRNA,program_2,0.0
broad_lam_like,LAM2:GGCGTGTCAAAGCAAT-1,LAM2,snRNA,program_2,0.0
broad_lam_like,LAM2:GGCTCGAGTTGTACAC-1,LAM2,snRNA,program_2,0.3993486762046814
broad_lam_like,LAM2:GGGACCTCATCCCATC-1,LAM2,snRNA,program_2,0.0033746142871677876
broad_lam_like,LAM2:GGGACCTGTTTAGCTG-1,LAM2,snRNA,program_2,0.0
broad_lam_like,LAM2:GGGAGATAGCGTGTCC-1,LAM2,snRNA,program_2,0.051750972867012024
broad_lam_like,LAM2:GGGATGAAGCGTAGTG-1,LAM2,snRNA,program_2,0.7233280539512634
broad_lam_like,LAM2:GGGCATCGTGCTAGCC-1,LAM2,snRNA,program_2,0.018000347539782524
broad_lam_like,LAM2:GGGCATCTCGCCATAA-1,LAM2,snRNA,program_2,0.0
broad_lam_like,LAM2:GGGTTGCAGCCCAATT-1,LAM2,snRNA,program_2,0.0
broad_lam_like,LAM2:GGTATTGAGTGTTTGC-1,LAM2,snRNA,program_2,0.0
broad_lam_like,LAM2:GGTGCGTGTCAAAGAT-1,LAM2,snRNA,program_2,0.0
broad_lam_like,LAM2:GTAACTGAGTGTGAAT-1,LAM2,snRNA,program_2,0.014931943267583847
broad_lam_like,LAM2:GTAACTGCACGGCTAC-1,LAM2,snRNA,program_2,0.39622581005096436
broad_lam_like,LAM2:GTACTCCTCAGGCGAA-1,LAM2,snRNA,program_2,0.0
broad_lam_like,LAM2:GTACTTTCACGCTTTC-1,LAM2,snRNA,program_2,0.0
broad_lam_like,LAM2:GTAGTCATCCTTGACC-1,LAM2,snRNA,program_2,0.007727612741291523
broad_lam_like,LAM2:GTATCTTAGCATGGCA-1,LAM2,snRNA,program_2,0.4356593191623688
broad_lam_like,LAM2:GTATTCTCACATCCGG-1,LAM2,snRNA,program_2,0.4552055597305298
broad_lam_like,LAM2:GTCAAGTCATGAGCGA-1,LAM2,snRNA,program_2,0.012797144241631031
broad_lam_like,LAM2:GTCACAACAGCTCGCA-1,LAM2,snRNA,program_2,0.0
broad_lam_like,LAM2:GTCCTCAAGGGATACC-1,LAM2,snRNA,program_2,0.0373312346637249
broad_lam_like,LAM2:GTCCTCAGTCCAGTGC-1,LAM2,snRNA,program_2,0.0
broad_lam_like,LAM2:GTCGTAAGTTATTCTC-1,LAM2,snRNA,program_2,0.0
broad_lam_like,LAM2:GTCGTAATCTTACCTA-1,LAM2,snRNA,program_2,0.0
broad_lam_like,LAM2:GTCTCGTCATCCTAGA-1,LAM2,snRNA,program_2,0.0
broad_lam_like,LAM2:GTGAAGGTCTGTCAAG-1,LAM2,snRNA,program_2,0.0
broad_lam_like,LAM2:GTGCATATCTCTTGAT-1,LAM2,snRNA,program_2,0.0
broad_lam_like,LAM2:GTGCGGTCACGAAGCA-1,LAM2,snRNA,program_2,0.0
broad_lam_like,LAM2:GTGGGTCGTGCAGGTA-1,LAM2,snRNA,program_2,0.042189400643110275
broad_lam_like,LAM2:GTGGGTCGTTCCCGAG-1,LAM2,snRNA,program_2,0.0
broad_lam_like,LAM2:GTGTGCGGTCCTAGCG-1,LAM2,snRNA,program_2,0.0
broad_lam_like,LAM2:GTTAAGCAGTTACCCA-1,LAM2,snRNA,program_2,0.7215240001678467
broad_lam_like,LAM2:GTTCGGGCACATGACT-1,LAM2,snRNA,program_2,0.0
broad_lam_like,LAM2:GTTCGGGCATAAAGGT-1,LAM2,snRNA,program_2,0.0012795865768566728
broad_lam_like,LAM2:GTTTCTACAAACGTGG-1,LAM2,snRNA,program_2,0.0
broad_lam_like,LAM2:GTTTCTACACCGAATT-1,LAM2,snRNA,program_2,0.0
broad_lam_like,LAM2:TAAACCGCAGAGTGTG-1,LAM2,snRNA,program_2,0.0
broad_lam_like,LAM2:TAAACCGGTTGGACCC-1,LAM2,snRNA,program_2,0.05346667394042015
broad_lam_like,LAM2:TAAGTGCCATGGTCTA-1,LAM2,snRNA,program_2,0.007193348836153746
broad_lam_like,LAM2:TAAGTGCGTTATGTGC-1,LAM2,snRNA,program_2,0.0012629124103114009
broad_lam_like,LAM2:TACAGTGTCGTGACAT-1,LAM2,snRNA,program_2,0.0
broad_lam_like,LAM2:TACCTATGTGGCGAAT-1,LAM2,snRNA,program_2,0.0
broad_lam_like,LAM2:TACGGGCGTCCGAACC-1,LAM2,snRNA,program_2,0.0
broad_lam_like,LAM2:TACGGGCGTTGGTGGA-1,LAM2,snRNA,program_2,0.00619290117174387
broad_lam_like,LAM2:TACGGTATCCCTAACC-1,LAM2,snRNA,program_2,0.0
broad_lam_like,LAM2:TACTCATCACTATCTT-1,LAM2,snRNA,program_2,0.0406082347035408
broad_lam_like,LAM2:TACTCATGTAAGAGAG-1,LAM2,snRNA,program_2,0.0
broad_lam_like,LAM2:TACTCATTCGTAGGAG-1,LAM2,snRNA,program_2,0.0
broad_lam_like,LAM2:TACTTGTCACTTGGAT-1,LAM2,snRNA,program_2,0.007045576348900795
broad_lam_like,LAM2:TACTTGTGTGGCTCCA-1,LAM2,snRNA,program_2,0.008708739653229713
broad_lam_like,LAM2:TAGACCAAGAATTGTG-1,LAM2,snRNA,program_2,0.006723884493112564
broad_lam_like,LAM2:TAGACCATCAACGAAA-1,LAM2,snRNA,program_2,0.0
broad_lam_like,LAM2:TAGCCGGGTGCTGTAT-1,LAM2,snRNA,program_2,0.0
broad_lam_like,LAM2:TAGTGGTAGGACACCA-1,LAM2,snRNA,program_2,0.04603187367320061
broad_lam_like,LAM2:TAGTTGGGTACAGCAG-1,LAM2,snRNA,program_2,0.0
broad_lam_like,LAM2:TATCAGGGTCACTTCC-1,LAM2,snRNA,program_2,0.001935597276315093
broad_lam_like,LAM2:TATCTCAGTTCTGAAC-1,LAM2,snRNA,program_2,0.013329862616956234
broad_lam_like,LAM2:TATGCCCGTATCACCA-1,LAM2,snRNA,program_2,0.013494578190147877
broad_lam_like,LAM2:TCAACGAAGCTTTGGT-1,LAM2,snRNA,program_2,0.0
broad_lam_like,LAM2:TCAGATGTCTCGAGTA-1,LAM2,snRNA,program_2,0.02799510769546032
broad_lam_like,LAM2:TCAGCTCTCGACAGCC-1,LAM2,snRNA,program_2,0.0
broad_lam_like,LAM2:TCAGGATCAGATCTGT-1,LAM2,snRNA,program_2,0.015615480951964855
broad_lam_like,LAM2:TCAGGATTCGTAGATC-1,LAM2,snRNA,program_2,0.0
broad_lam_like,LAM2:TCGAGGCTCACCAGGC-1,LAM2,snRNA,program_2,0.06135940924286842
broad_lam_like,LAM2:TCGCGTTGTAGCGCTC-1,LAM2,snRNA,program_2,0.012399529106914997
broad_lam_like,LAM2:TCGGGACTCTTTACAC-1,LAM2,snRNA,program_2,0.0
broad_lam_like,LAM2:TCGGTAACATGGTCAT-1,LAM2,snRNA,program_2,0.0
broad_lam_like,LAM2:TCGTAGATCAGCGATT-1,LAM2,snRNA,program_2,0.0006425033789128065
broad_lam_like,LAM2:TCTATTGCAATGCCAT-1,LAM2,snRNA,program_2,0.0067886472679674625
broad_lam_like,LAM2:TCTATTGCACATTTCT-1,LAM2,snRNA,program_2,0.45630937814712524
broad_lam_like,LAM2:TCTATTGCAGGGATTG-1,LAM2,snRNA,program_2,0.761192262172699
broad_lam_like,LAM2:TCTATTGCATTGGTAC-1,LAM2,snRNA,program_2,0.021839391440153122
broad_lam_like,LAM2:TCTCATATCAGCTGGC-1,LAM2,snRNA,program_2,0.0
broad_lam_like,LAM2:TCTCATATCCTACAGA-1,LAM2,snRNA,program_2,0.031177649274468422
broad_lam_like,LAM2:TCTCATATCTGAAAGA-1,LAM2,snRNA,program_2,0.0
broad_lam_like,LAM2:TCTGAGAGTATAGGGC-1,LAM2,snRNA,program_2,0.0
broad_lam_like,LAM2:TCTGAGATCAACACTG-1,LAM2,snRNA,program_2,0.0050015863962471485
broad_lam_like,LAM2:TCTGGAATCAACTCTT-1,LAM2,snRNA,program_2,0.6797393560409546
broad_lam_like,LAM2:TGACAACCACAGATTC-1,LAM2,snRNA,program_2,0.02349705994129181
broad_lam_like,LAM2:TGACTAGCAGTTAACC-1,LAM2,snRNA,program_2,0.10275201499462128
broad_lam_like,LAM2:TGACTTTAGTGAAGTT-1,LAM2,snRNA,program_2,0.0
broad_lam_like,LAM2:TGAGCATAGTGGTAGC-1,LAM2,snRNA,program_2,0.0
broad_lam_like,LAM2:TGATTTCGTGAAGGCT-1,LAM2,snRNA,program_2,0.05242086574435234
broad_lam_like,LAM2:TGATTTCTCCTCGCAT-1,LAM2,snRNA,program_2,0.01293314341455698
broad_lam_like,LAM2:TGCACCTTCAATACCG-1,LAM2,snRNA,program_2,0.022825634106993675
broad_lam_like,LAM2:TGCCCATCACGGCCAT-1,LAM2,snRNA,program_2,1.1139389276504517
broad_lam_like,LAM2:TGCCCATGTCCAGTTA-1,LAM2,snRNA,program_2,0.02495681308209896
broad_lam_like,LAM2:TGCCCTAAGCTAGCCC-1,LAM2,snRNA,program_2,0.027368634939193726
broad_lam_like,LAM2:TGCCCTACAAGCTGGA-1,LAM2,snRNA,program_2,0.0025487863458693027
broad_lam_like,LAM2:TGCGGGTCATACCATG-1,LAM2,snRNA,program_2,0.0034189699217677116
broad_lam_like,LAM2:TGCTACCGTTGATTGC-1,LAM2,snRNA,program_2,0.0
broad_lam_like,LAM2:TGCTGCTGTCGACTAT-1,LAM2,snRNA,program_2,0.014379209838807583
broad_lam_like,LAM2:TGCTGCTGTCTCTCGT-1,LAM2,snRNA,program_2,0.0
broad_lam_like,LAM2:TGGCCAGCAATAAGCA-1,LAM2,snRNA,program_2,0.0049786376766860485
broad_lam_like,LAM2:TGGCCAGCATGAACCT-1,LAM2,snRNA,program_2,0.0
broad_lam_like,LAM2:TGGCCAGCATTAACCG-1,LAM2,snRNA,program_2,0.0
broad_lam_like,LAM2:TGGCCAGTCCTCAATT-1,LAM2,snRNA,program_2,0.024640105664730072
broad_lam_like,LAM2:TGGCGCACATCCCATC-1,LAM2,snRNA,program_2,0.025008462369441986
broad_lam_like,LAM2:TGGCTGGAGATGTAAC-1,LAM2,snRNA,program_2,0.04215835779905319
broad_lam_like,LAM2:TGGGAAGCACATCCAA-1,LAM2,snRNA,program_2,0.0
broad_lam_like,LAM2:TGGGCGTCAAGACACG-1,LAM2,snRNA,program_2,0.0
broad_lam_like,LAM2:TGGGCGTGTCCGCTGA-1,LAM2,snRNA,program_2,0.0
broad_lam_like,LAM2:TGGGCGTTCCCATTTA-1,LAM2,snRNA,program_2,0.0
broad_lam_like,LAM2:TGGTTAGCAGCCTTTC-1,LAM2,snRNA,program_2,1.1876461505889893
broad_lam_like,LAM2:TGGTTAGTCCTAGGGC-1,LAM2,snRNA,program_2,1.251589059829712
broad_lam_like,LAM2:TGGTTCCAGGTAGCTG-1,LAM2,snRNA,program_2,0.0
broad_lam_like,LAM2:TGGTTCCCAGATGAGC-1,LAM2,snRNA,program_2,0.007531566079705954
broad_lam_like,LAM2:TGTATTCGTATGCTTG-1,LAM2,snRNA,program_2,0.41004911065101624
broad_lam_like,LAM2:TGTCCCATCGGCCGAT-1,LAM2,snRNA,program_2,0.0
broad_lam_like,LAM2:TGTGGTAGTGCTCTTC-1,LAM2,snRNA,program_2,0.569947361946106
broad_lam_like,LAM2:TGTTCCGAGAAACCTA-1,LAM2,snRNA,program_2,0.0
broad_lam_like,LAM2:TTAACTCCACTCTGTC-1,LAM2,snRNA,program_2,0.1334695816040039
broad_lam_like,LAM2:TTAGGCACAATGGACG-1,LAM2,snRNA,program_2,0.004109108354896307
broad_lam_like,LAM2:TTAGTTCTCCCTAACC-1,LAM2,snRNA,program_2,0.0
broad_lam_like,LAM2:TTCCCAGAGCACACAG-1,LAM2,snRNA,program_2,0.002147517865523696
broad_lam_like,LAM2:TTCCCAGTCTCAAACG-1,LAM2,snRNA,program_2,0.016845369711518288
broad_lam_like,LAM2:TTCGGTCTCACCGTAA-1,LAM2,snRNA,program_2,0.0
broad_lam_like,LAM2:TTCTCCTAGTAGATGT-1,LAM2,snRNA,program_2,0.0015078268479555845
broad_lam_like,LAM2:TTCTTAGAGGTAAACT-1,LAM2,snRNA,program_2,0.0
broad_lam_like,LAM2:TTCTTAGGTTACCAGT-1,LAM2,snRNA,program_2,0.007663330528885126
broad_lam_like,LAM2:TTGCCGTTCAATCACG-1,LAM2,snRNA,program_2,0.0
broad_lam_like,LAM2:TTGCGTCTCTGCGTAA-1,LAM2,snRNA,program_2,0.6034854054450989
broad_lam_like,LAM2:TTGGAACAGCCACGTC-1,LAM2,snRNA,program_2,0.0
broad_lam_like,LAM2:TTGGCAAGTCAGTGGA-1,LAM2,snRNA,program_2,0.0
broad_lam_like,LAM2:TTGGCAAGTTCCACTC-1,LAM2,snRNA,program_2,0.01423688605427742
broad_lam_like,LAM2:TTGTAGGCATTACCTT-1,LAM2,snRNA,program_2,0.16233119368553162
broad_lam_like,LAM2:TTTACTGAGACGCTTT-1,LAM2,snRNA,program_2,0.0
broad_lam_like,LAM2:TTTACTGAGATCCCAT-1,LAM2,snRNA,program_2,0.046843238174915314
broad_lam_like,LAM2:TTTATGCAGAGTGAGA-1,LAM2,snRNA,program_2,0.020409734919667244
broad_lam_like,LAM2:TTTATGCAGCCATCGC-1,LAM2,snRNA,program_2,0.04023074358701706
broad_lam_like,LAM2:TTTGCGCCAGGTGGAT-1,LAM2,snRNA,program_2,0.0632939487695694
broad_lam_like,LAM2:TTTGGTTCAGCCACCA-1,LAM2,snRNA,program_2,0.0
broad_lam_like,LAM2:TTTGGTTCATCCCACT-1,LAM2,snRNA,program_2,0.0
broad_lam_like,LAM2:TTTGGTTGTGTGTGCC-1,LAM2,snRNA,program_2,0.0
broad_lam_like,LAM2:TTTGTCAAGTGACATA-1,LAM2,snRNA,program_2,0.10415584594011307
broad_lam_like,LAM2:TTTGTCACAACACGCC-1,LAM2,snRNA,program_2,0.0
broad_lam_like,LAM3:AAACCTGGTTGCTCCT-1,LAM3,scRNA,program_2,0.06317033618688583
broad_lam_like,LAM3:AAAGATGGTGTTGGGA-1,LAM3,scRNA,program_2,0.04994991421699524
broad_lam_like,LAM3:AAAGTAGAGTCTTGCA-1,LAM3,scRNA,program_2,0.14726881682872772
broad_lam_like,LAM3:AAATGCCCAGATTGCT-1,LAM3,scRNA,program_2,0.0796227902173996
broad_lam_like,LAM3:AACGTTGAGGAATCGC-1,LAM3,scRNA,program_2,0.19718851149082184
broad_lam_like,LAM3:AACTCCCAGGCACATG-1,LAM3,scRNA,program_2,0.3138107657432556
broad_lam_like,LAM3:AACTCTTCACGAAACG-1,LAM3,scRNA,program_2,0.04671357199549675
broad_lam_like,LAM3:AAGACCTCATATACGC-1,LAM3,scRNA,program_2,0.12195766717195511
broad_lam_like,LAM3:AAGGCAGCAGCTGCAC-1,LAM3,scRNA,program_2,0.11419028043746948
broad_lam_like,LAM3:AAGGTTCCATCGGTTA-1,LAM3,scRNA,program_2,1.099132776260376
broad_lam_like,LAM3:AATCGGTCAGCCTTTC-1,LAM3,scRNA,program_2,0.11094357818365097
broad_lam_like,LAM3:AATCGGTGTGGCAAAC-1,LAM3,scRNA,program_2,0.016311349347233772
broad_lam_like,LAM3:ACACTGATCATCTGCC-1,LAM3,scRNA,program_2,0.09111549705266953
broad_lam_like,LAM3:ACATACGCAGCTTAAC-1,LAM3,scRNA,program_2,0.16663618385791779
broad_lam_like,LAM3:ACATACGTCAGGTTCA-1,LAM3,scRNA,program_2,0.10598159581422806
broad_lam_like,LAM3:ACCAGTACATCGTCGG-1,LAM3,scRNA,program_2,0.2325853705406189
broad_lam_like,LAM3:ACCAGTAGTATCTGCA-1,LAM3,scRNA,program_2,0.16909921169281006
broad_lam_like,LAM3:ACCTTTACAGGACCCT-1,LAM3,scRNA,program_2,0.2189122885465622
broad_lam_like,LAM3:ACGAGGATCCGTCAAA-1,LAM3,scRNA,program_2,0.06990716606378555
broad_lam_like,LAM3:ACGATACCAGGTCCAC-1,LAM3,scRNA,program_2,0.11115304380655289
broad_lam_like,LAM3:ACGATACGTACCGCTG-1,LAM3,scRNA,program_2,0.22119151055812836
broad_lam_like,LAM3:ACGCCAGTCCTAGTGA-1,LAM3,scRNA,program_2,0.9885798692703247
broad_lam_like,LAM3:ACGGCCAGTGTAAGTA-1,LAM3,scRNA,program_2,1.0861490964889526
broad_lam_like,LAM3:ACGGCCAGTGTCTGAT-1,LAM3,scRNA,program_2,0.07461873441934586
broad_lam_like,LAM3:ACGGGCTAGTCCCACG-1,LAM3,scRNA,program_2,0.11454980075359344
broad_lam_like,LAM3:ACGGGCTCAGACACTT-1,LAM3,scRNA,program_2,0.1055154949426651
broad_lam_like,LAM3:ACGGGCTTCAGTACGT-1,LAM3,scRNA,program_2,0.05793972685933113
broad_lam_like,LAM3:ACGGGTCAGGCCGAAT-1,LAM3,scRNA,program_2,0.08135940879583359
broad_lam_like,LAM3:ACTGAACAGATGTCGG-1,LAM3,scRNA,program_2,0.1852557212114334
broad_lam_like,LAM3:ACTGATGAGATCCGAG-1,LAM3,scRNA,program_2,0.08584018796682358
broad_lam_like,LAM3:ACTTACTCAATCTGCA-1,LAM3,scRNA,program_2,0.07784444093704224
broad_lam_like,LAM3:ACTTACTTCAGTTGAC-1,LAM3,scRNA,program_2,0.11694811284542084
broad_lam_like,LAM3:AGAATAGGTACGAAAT-1,LAM3,scRNA,program_2,0.06487184762954712
broad_lam_like,LAM3:AGAATAGGTTACCAGT-1,LAM3,scRNA,program_2,0.20135053992271423
broad_lam_like,LAM3:AGACGTTCAAGTCATC-1,LAM3,scRNA,program_2,0.4163247346878052
broad_lam_like,LAM3:AGACGTTGTCCATGAT-1,LAM3,scRNA,program_2,0.08042236417531967
broad_lam_like,LAM3:AGAGCTTGTGCTAGCC-1,LAM3,scRNA,program_2,0.007696656044572592
broad_lam_like,LAM3:AGAGTGGAGCAGACTG-1,LAM3,scRNA,program_2,0.05807514861226082
broad_lam_like,LAM3:AGAGTGGCAATGCCAT-1,LAM3,scRNA,program_2,0.012574800290167332
broad_lam_like,LAM3:AGATCTGCAAGTAATG-1,LAM3,scRNA,program_2,0.10236860811710358
broad_lam_like,LAM3:AGATTGCTCTTCAACT-1,LAM3,scRNA,program_2,0.1970217078924179
broad_lam_like,LAM3:AGCAGCCCACGAAACG-1,LAM3,scRNA,program_2,0.09337898343801498
broad_lam_like,LAM3:AGCAGCCGTCCGAAGA-1,LAM3,scRNA,program_2,0.22099557518959045
broad_lam_like,LAM3:AGCATACGTATTCGTG-1,LAM3,scRNA,program_2,0.1703810840845108
broad_lam_like,LAM3:AGCCTAAGTACCGCTG-1,LAM3,scRNA,program_2,0.14384770393371582
broad_lam_like,LAM3:AGCTCCTAGCCACTAT-1,LAM3,scRNA,program_2,0.0
broad_lam_like,LAM3:AGCTCTCCATCGATGT-1,LAM3,scRNA,program_2,0.06871010363101959
broad_lam_like,LAM3:AGCTCTCCATTCGACA-1,LAM3,scRNA,program_2,0.23172590136528015
broad_lam_like,LAM3:AGGCCACAGTACGCCC-1,LAM3,scRNA,program_2,0.9095418453216553
broad_lam_like,LAM3:AGGCCACTCAACACCA-1,LAM3,scRNA,program_2,0.13898053765296936
broad_lam_like,LAM3:AGGGAGTGTACATCCA-1,LAM3,scRNA,program_2,0.0
broad_lam_like,LAM3:AGGGATGCAAGTTAAG-1,LAM3,scRNA,program_2,0.0
broad_lam_like,LAM3:AGTCTTTTCTGCGTAA-1,LAM3,scRNA,program_2,0.9944143891334534
broad_lam_like,LAM3:AGTGAGGCAAAGGAAG-1,LAM3,scRNA,program_2,0.34243592619895935
broad_lam_like,LAM3:AGTGGGATCTGATTCT-1,LAM3,scRNA,program_2,0.10146398097276688
broad_lam_like,LAM3:AGTGTCATCGCTAGCG-1,LAM3,scRNA,program_2,0.2123851627111435
broad_lam_like,LAM3:ATAACGCTCTTTACAC-1,LAM3,scRNA,program_2,0.03207364305853844
broad_lam_like,LAM3:ATAAGAGTCAACGGCC-1,LAM3,scRNA,program_2,0.19608603417873383
broad_lam_like,LAM3:ATCACGAGTAGATTAG-1,LAM3,scRNA,program_2,0.07250219583511353
broad_lam_like,LAM3:ATCACGAGTGAACCTT-1,LAM3,scRNA,program_2,0.18576441705226898
broad_lam_like,LAM3:ATCATCTAGGGCTCTC-1,LAM3,scRNA,program_2,0.3529975414276123
broad_lam_like,LAM3:ATCATCTGTTCAGCGC-1,LAM3,scRNA,program_2,0.13026173412799835
broad_lam_like,LAM3:ATCCACCAGAGTAAGG-1,LAM3,scRNA,program_2,0.17055988311767578
broad_lam_like,LAM3:ATCCACCAGTTAGCGG-1,LAM3,scRNA,program_2,0.2851533591747284
broad_lam_like,LAM3:ATCGAGTAGACTTGAA-1,LAM3,scRNA,program_2,0.05463840812444687
broad_lam_like,LAM3:ATCTACTCACACCGAC-1,LAM3,scRNA,program_2,0.0
broad_lam_like,LAM3:ATCTACTTCTCTGTCG-1,LAM3,scRNA,program_2,0.08178311586380005
broad_lam_like,LAM3:ATCTGCCTCCCAAGTA-1,LAM3,scRNA,program_2,0.20533907413482666
broad_lam_like,LAM3:ATGAGGGAGAACAACT-1,LAM3,scRNA,program_2,0.1835401952266693
broad_lam_like,LAM3:ATGAGGGAGATCACGG-1,LAM3,scRNA,program_2,0.013906940817832947
broad_lam_like,LAM3:ATGAGGGCACAGGAGT-1,LAM3,scRNA,program_2,1.1075495481491089
broad_lam_like,LAM3:ATGGGAGCAGGTCCAC-1,LAM3,scRNA,program_2,0.0
broad_lam_like,LAM3:ATGTGTGAGGCCATAG-1,LAM3,scRNA,program_2,0.08967387676239014
broad_lam_like,LAM3:ATTACTCAGATCCGAG-1,LAM3,scRNA,program_2,0.22377829253673553
broad_lam_like,LAM3:CAACTAGCATGTAAGA-1,LAM3,scRNA,program_2,0.05240407958626747
broad_lam_like,LAM3:CAAGAAACACGAAATA-1,LAM3,scRNA,program_2,0.34001559019088745
broad_lam_like,LAM3:CAAGGCCAGCCACGCT-1,LAM3,scRNA,program_2,0.20120695233345032
broad_lam_like,LAM3:CAAGGCCTCAATAAGG-1,LAM3,scRNA,program_2,0.9079778790473938
broad_lam_like,LAM3:CAAGGCCTCACAAACC-1,LAM3,scRNA,program_2,0.09596634656190872
broad_lam_like,LAM3:CACAAACAGGAACTGC-1,LAM3,scRNA,program_2,0.15784332156181335
broad_lam_like,LAM3:CACACAAGTCTAGCGC-1,LAM3,scRNA,program_2,0.07715833187103271
broad_lam_like,LAM3:CACACAATCGAATCCA-1,LAM3,scRNA,program_2,0.10499332845211029
broad_lam_like,LAM3:CACAGGCCACGGTTTA-1,LAM3,scRNA,program_2,0.11504299938678741
broad_lam_like,LAM3:CACAGGCGTTACGCGC-1,LAM3,scRNA,program_2,0.29636383056640625
broad_lam_like,LAM3:CACAGGCTCGGGAGTA-1,LAM3,scRNA,program_2,0.10294971615076065
broad_lam_like,LAM3:CACAGTAAGGGCTTGA-1,LAM3,scRNA,program_2,0.04938140884041786
broad_lam_like,LAM3:CACCACTCAAGAGTCG-1,LAM3,scRNA,program_2,0.15900520980358124
broad_lam_like,LAM3:CACCACTCAGTCACTA-1,LAM3,scRNA,program_2,0.1319161057472229
broad_lam_like,LAM3:CACCAGGAGCGCTTAT-1,LAM3,scRNA,program_2,0.0
broad_lam_like,LAM3:CACCTTGCAGCCTTGG-1,LAM3,scRNA,program_2,0.20335045456886292
broad_lam_like,LAM3:CACTCCAAGAGTAATC-1,LAM3,scRNA,program_2,0.2228347510099411
broad_lam_like,LAM3:CACTCCAAGCTAACTC-1,LAM3,scRNA,program_2,0.13042563199996948
broad_lam_like,LAM3:CACTCCAAGGTGTGGT-1,LAM3,scRNA,program_2,0.04936645179986954
broad_lam_like,LAM3:CACTCCATCACGATGT-1,LAM3,scRNA,program_2,0.14670942723751068
broad_lam_like,LAM3:CAGAGAGTCGCGCCAA-1,LAM3,scRNA,program_2,0.08785311877727509
broad_lam_like,LAM3:CAGCCGAGTCGCTTCT-1,LAM3,scRNA,program_2,0.11441273987293243
broad_lam_like,LAM3:CAGCGACCAAAGGTGC-1,LAM3,scRNA,program_2,0.13167835772037506
broad_lam_like,LAM3:CAGCTGGAGCTGCGAA-1,LAM3,scRNA,program_2,0.22616559267044067
broad_lam_like,LAM3:CAGCTGGCACCAGGCT-1,LAM3,scRNA,program_2,0.03602811321616173
broad_lam_like,LAM3:CAGCTGGGTCAGAATA-1,LAM3,scRNA,program_2,0.0969947800040245
broad_lam_like,LAM3:CAGTCCTCACCCATTC-1,LAM3,scRNA,program_2,0.1543208658695221
broad_lam_like,LAM3:CATATTCAGGCATGGT-1,LAM3,scRNA,program_2,0.07613375782966614
broad_lam_like,LAM3:CATCAAGCATGTCGAT-1,LAM3,scRNA,program_2,0.07170946896076202
broad_lam_like,LAM3:CATCCACTCATATCGG-1,LAM3,scRNA,program_2,1.141739845275879
broad_lam_like,LAM3:CATGCCTGTTAGATGA-1,LAM3,scRNA,program_2,0.10156095027923584
broad_lam_like,LAM3:CATGCCTTCCGCGCAA-1,LAM3,scRNA,program_2,0.057227205485105515
broad_lam_like,LAM3:CATTATCAGGGCTTCC-1,LAM3,scRNA,program_2,0.06165694072842598
broad_lam_like,LAM3:CATTATCCAGATCCAT-1,LAM3,scRNA,program_2,0.18434098362922668
broad_lam_like,LAM3:CATTATCTCTACTATC-1,LAM3,scRNA,program_2,0.20613935589790344
broad_lam_like,LAM3:CCACCTACACGTGAGA-1,LAM3,scRNA,program_2,1.1338034868240356
broad_lam_like,LAM3:CCACCTACATGGTCTA-1,LAM3,scRNA,program_2,0.7492058873176575
broad_lam_like,LAM3:CCACGGAAGGCAATTA-1,LAM3,scRNA,program_2,0.0030365735292434692
broad_lam_like,LAM3:CCACGGACAGGTCTCG-1,LAM3,scRNA,program_2,0.22288449108600616
broad_lam_like,LAM3:CCACTACTCGTGGGAA-1,LAM3,scRNA,program_2,0.11782484501600266
broad_lam_like,LAM3:CCAGCGACACGGCTAC-1,LAM3,scRNA,program_2,0.11121449619531631
broad_lam_like,LAM3:CCATGTCAGGGCTTCC-1,LAM3,scRNA,program_2,0.06010989472270012
broad_lam_like,LAM3:CCATGTCGTGCACGAA-1,LAM3,scRNA,program_2,0.08260493725538254
broad_lam_like,LAM3:CCATTCGAGGATGGAA-1,LAM3,scRNA,program_2,0.11595388501882553
broad_lam_like,LAM3:CCCAATCTCGCTAGCG-1,LAM3,scRNA,program_2,0.006109013222157955
broad_lam_like,LAM3:CCCATACAGTAGATGT-1,LAM3,scRNA,program_2,0.09289715439081192
broad_lam_like,LAM3:CCCATACCATCACCCT-1,LAM3,scRNA,program_2,1.1926138401031494
broad_lam_like,LAM3:CCCTCCTCAAGAGGCT-1,LAM3,scRNA,program_2,1.0932352542877197
broad_lam_like,LAM3:CCCTCCTGTGAGTGAC-1,LAM3,scRNA,program_2,0.15282027423381805
broad_lam_like,LAM3:CCCTCCTGTTTGCATG-1,LAM3,scRNA,program_2,0.2105351835489273
broad_lam_like,LAM3:CCGGGATAGTACGTAA-1,LAM3,scRNA,program_2,0.10729679465293884
broad_lam_like,LAM3:CCGGTAGCAAGAAAGG-1,LAM3,scRNA,program_2,0.11094152927398682
broad_lam_like,LAM3:CCGGTAGCACTTCGAA-1,LAM3,scRNA,program_2,0.18815584480762482
broad_lam_like,LAM3:CCGGTAGCAGGGTATG-1,LAM3,scRNA,program_2,0.052624478936195374
broad_lam_like,LAM3:CCGTACTAGACAAAGG-1,LAM3,scRNA,program_2,0.08179919421672821
broad_lam_like,LAM3:CCGTACTGTCGCTTTC-1,LAM3,scRNA,program_2,0.09064903855323792
broad_lam_like,LAM3:CCTAAAGTCCTCTAGC-1,LAM3,scRNA,program_2,1.1876951456069946
broad_lam_like,LAM3:CCTACACCAAACGTGG-1,LAM3,scRNA,program_2,0.04486383497714996
broad_lam_like,LAM3:CCTACCAAGTGAATTG-1,LAM3,scRNA,program_2,0.06519729644060135
broad_lam_like,LAM3:CCTATTATCTCTAGGA-1,LAM3,scRNA,program_2,0.18300718069076538
broad_lam_like,LAM3:CCTCAGTAGCCCTAAT-1,LAM3,scRNA,program_2,0.08741378039121628
broad_lam_like,LAM3:CCTCTGATCTCTGAGA-1,LAM3,scRNA,program_2,0.17666587233543396
broad_lam_like,LAM3:CCTTACGGTACCATCA-1,LAM3,scRNA,program_2,0.18694469332695007
broad_lam_like,LAM3:CCTTACGTCCCTTGTG-1,LAM3,scRNA,program_2,0.20580683648586273
broad_lam_like,LAM3:CCTTCCCGTGCAACGA-1,LAM3,scRNA,program_2,0.1097133606672287
broad_lam_like,LAM3:CCTTTCTTCGGCGCTA-1,LAM3,scRNA,program_2,0.06149543076753616
broad_lam_like,LAM3:CGAACATAGCGTAATA-1,LAM3,scRNA,program_2,0.06534750759601593
broad_lam_like,LAM3:CGACCTTTCGTAGGAG-1,LAM3,scRNA,program_2,0.17357540130615234
broad_lam_like,LAM3:CGAGCCAAGCTAACTC-1,LAM3,scRNA,program_2,0.027441812679171562
broad_lam_like,LAM3:CGATGGCCAGCCAATT-1,LAM3,scRNA,program_2,0.07241614162921906
broad_lam_like,LAM3:CGATGGCCAGGGTATG-1,LAM3,scRNA,program_2,0.07151540368795395
broad_lam_like,LAM3:CGCCAAGCACCTTGTC-1,LAM3,scRNA,program_2,0.017780421301722527
broad_lam_like,LAM3:CGCGGTATCTTGTACT-1,LAM3,scRNA,program_2,0.0
broad_lam_like,LAM3:CGCTATCGTGACGGTA-1,LAM3,scRNA,program_2,0.07094115018844604
broad_lam_like,LAM3:CGCTGGACACATCCAA-1,LAM3,scRNA,program_2,0.0
broad_lam_like,LAM3:CGCTGGAGTCCATCCT-1,LAM3,scRNA,program_2,0.03377029299736023
broad_lam_like,LAM3:CGGACGTGTTGGGACA-1,LAM3,scRNA,program_2,0.17062652111053467
broad_lam_like,LAM3:CGGAGTCTCGAACTGT-1,LAM3,scRNA,program_2,0.0949864387512207
broad_lam_like,LAM3:CGGCTAGCAAGTCTAC-1,LAM3,scRNA,program_2,0.15826979279518127
broad_lam_like,LAM3:CGGCTAGGTTAAGGGC-1,LAM3,scRNA,program_2,0.08867727965116501
broad_lam_like,LAM3:CGGGTCATCGAACTGT-1,LAM3,scRNA,program_2,0.0
broad_lam_like,LAM3:CGTAGCGGTGGACGAT-1,LAM3,scRNA,program_2,0.30406567454338074
broad_lam_like,LAM3:CGTAGGCTCGTGGTCG-1,LAM3,scRNA,program_2,0.16670654714107513
broad_lam_like,LAM3:CGTCCATTCCACTGGG-1,LAM3,scRNA,program_2,1.1627775430679321
broad_lam_like,LAM3:CGTGAGCGTAGAAGGA-1,LAM3,scRNA,program_2,0.1262892782688141
broad_lam_like,LAM3:CGTGTAATCGGGAGTA-1,LAM3,scRNA,program_2,0.15491504967212677
broad_lam_like,LAM3:CGTTAGAGTACCCAAT-1,LAM3,scRNA,program_2,0.08685744553804398
broad_lam_like,LAM3:CGTTCTGTCTGTTGAG-1,LAM3,scRNA,program_2,1.1119197607040405
broad_lam_like,LAM3:CGTTGGGAGAGTCTGG-1,LAM3,scRNA,program_2,0.011374716646969318
broad_lam_like,LAM3:CGTTGGGAGATGGCGT-1,LAM3,scRNA,program_2,0.043859004974365234
broad_lam_like,LAM3:CTAAGACTCACGACTA-1,LAM3,scRNA,program_2,0.03376811742782593
broad_lam_like,LAM3:CTACACCCAAGCCATT-1,LAM3,scRNA,program_2,0.08997190743684769
broad_lam_like,LAM3:CTACCCATCGCTGATA-1,LAM3,scRNA,program_2,0.16829326748847961
broad_lam_like,LAM3:CTAGCCTGTAACGCGA-1,LAM3,scRNA,program_2,0.13992182910442352
broad_lam_like,LAM3:CTCACACCAGCTGCTG-1,LAM3,scRNA,program_2,0.09469737857580185
broad_lam_like,LAM3:CTCCTAGGTGGTCCGT-1,LAM3,scRNA,program_2,0.0023604813031852245
broad_lam_like,LAM3:CTCGAAACAGGTCGTC-1,LAM3,scRNA,program_2,0.0868242084980011
broad_lam_like,LAM3:CTCGAAAGTGATGTCT-1,LAM3,scRNA,program_2,0.15486004948616028
broad_lam_like,LAM3:CTCGAAATCTGGTTCC-1,LAM3,scRNA,program_2,0.25478413701057434
broad_lam_like,LAM3:CTCGGGAGTTCTGGTA-1,LAM3,scRNA,program_2,0.10102147608995438
broad_lam_like,LAM3:CTCGTACCATGTTGAC-1,LAM3,scRNA,program_2,0.14322887361049652
broad_lam_like,LAM3:CTCTACGAGGTGATAT-1,LAM3,scRNA,program_2,0.16357269883155823
broad_lam_like,LAM3:CTCTGGTGTGAAATCA-1,LAM3,scRNA,program_2,0.12486018240451813
broad_lam_like,LAM3:CTGAAACTCAAAGTAG-1,LAM3,scRNA,program_2,0.10315190255641937
broad_lam_like,LAM3:CTGCGGATCAGGTTCA-1,LAM3,scRNA,program_2,0.15412010252475739
broad_lam_like,LAM3:CTGCTGTGTCATATCG-1,LAM3,scRNA,program_2,0.04780369624495506
broad_lam_like,LAM3:CTGCTGTTCTGTTGAG-1,LAM3,scRNA,program_2,0.0546434260904789
broad_lam_like,LAM3:CTGGTCTGTAAACCTC-1,LAM3,scRNA,program_2,0.129627987742424
broad_lam_like,LAM3:CTGTTTAGTATAAACG-1,LAM3,scRNA,program_2,0.07660846412181854
broad_lam_like,LAM3:CTTAACTCAATCACAC-1,LAM3,scRNA,program_2,0.23096393048763275
broad_lam_like,LAM3:CTTAACTCACAGAGGT-1,LAM3,scRNA,program_2,1.1606024503707886
broad_lam_like,LAM3:CTTAACTTCGTTTAGG-1,LAM3,scRNA,program_2,0.0327284000813961
broad_lam_like,LAM3:CTTAACTTCTGGGCCA-1,LAM3,scRNA,program_2,1.191729187965393
broad_lam_like,LAM3:CTTACCGAGCGAAGGG-1,LAM3,scRNA,program_2,0.19217482209205627
broad_lam_like,LAM3:CTTACCGTCAGGATCT-1,LAM3,scRNA,program_2,0.30417928099632263
broad_lam_like,LAM3:CTTCTCTAGGGAAACA-1,LAM3,scRNA,program_2,0.18087650835514069
broad_lam_like,LAM3:CTTCTCTCACCGGAAA-1,LAM3,scRNA,program_2,0.0988076776266098
broad_lam_like,LAM3:GAAATGATCATGGTCA-1,LAM3,scRNA,program_2,0.016364749521017075
broad_lam_like,LAM3:GAACATCTCCTTTCTC-1,LAM3,scRNA,program_2,0.1487555205821991
broad_lam_like,LAM3:GAATAAGGTAAGTAGT-1,LAM3,scRNA,program_2,0.1039392277598381
broad_lam_like,LAM3:GAATAAGTCGCGTAGC-1,LAM3,scRNA,program_2,0.1019195020198822
broad_lam_like,LAM3:GACCTGGCAGCGAACA-1,LAM3,scRNA,program_2,0.060987044125795364
broad_lam_like,LAM3:GACCTGGGTGTAACGG-1,LAM3,scRNA,program_2,0.0
broad_lam_like,LAM3:GACCTGGTCGCGTAGC-1,LAM3,scRNA,program_2,0.17684850096702576
broad_lam_like,LAM3:GACGCGTTCTCCCTGA-1,LAM3,scRNA,program_2,0.060285624116659164
broad_lam_like,LAM3:GACGGCTTCGCTTAGA-1,LAM3,scRNA,program_2,0.07425995916128159
broad_lam_like,LAM3:GACGTGCTCTGGTTCC-1,LAM3,scRNA,program_2,0.0
broad_lam_like,LAM3:GACGTTAAGACAGGCT-1,LAM3,scRNA,program_2,0.08674628287553787
broad_lam_like,LAM3:GACGTTAAGCCGATTT-1,LAM3,scRNA,program_2,0.1488492637872696
broad_lam_like,LAM3:GACGTTAAGGGCACTA-1,LAM3,scRNA,program_2,1.048583745956421
broad_lam_like,LAM3:GACTAACAGACTAAGT-1,LAM3,scRNA,program_2,0.0
broad_lam_like,LAM3:GACTACAAGCCCAACC-1,LAM3,scRNA,program_2,0.24961276352405548
broad_lam_like,LAM3:GACTGCGCACGTAAGG-1,LAM3,scRNA,program_2,0.0895601287484169
broad_lam_like,LAM3:GAGGTGAAGCGGATCA-1,LAM3,scRNA,program_2,0.2470271736383438
broad_lam_like,LAM3:GAGGTGATCAGTTCGA-1,LAM3,scRNA,program_2,0.013352570123970509
broad_lam_like,LAM3:GAGTCCGAGAGACTTA-1,LAM3,scRNA,program_2,0.3138780891895294
broad_lam_like,LAM3:GAGTCCGGTCAGCTAT-1,LAM3,scRNA,program_2,0.13027215003967285
broad_lam_like,LAM3:GATCAGTAGAAGAAGC-1,LAM3,scRNA,program_2,0.10321453958749771
broad_lam_like,LAM3:GATCGATTCCTGCTTG-1,LAM3,scRNA,program_2,0.17667041718959808
broad_lam_like,LAM3:GATCGTAAGGTGGGTT-1,LAM3,scRNA,program_2,0.683221697807312
broad_lam_like,LAM3:GATCTAGAGAGTCTGG-1,LAM3,scRNA,program_2,0.267757385969162
broad_lam_like,LAM3:GATGAGGGTGCCTGCA-1,LAM3,scRNA,program_2,1.0575575828552246
broad_lam_like,LAM3:GATGAGGGTTGATTGC-1,LAM3,scRNA,program_2,0.08513782918453217
broad_lam_like,LAM3:GATGCTAAGAGCCCAA-1,LAM3,scRNA,program_2,0.0
broad_lam_like,LAM3:GCAAACTGTAAATGTG-1,LAM3,scRNA,program_2,0.19367146492004395
broad_lam_like,LAM3:GCAATCAAGGTAGCTG-1,LAM3,scRNA,program_2,0.03520496189594269
broad_lam_like,LAM3:GCACTCTGTCTCTCGT-1,LAM3,scRNA,program_2,0.0
broad_lam_like,LAM3:GCAGCCACAACGATGG-1,LAM3,scRNA,program_2,0.05475165694952011
broad_lam_like,LAM3:GCAGCCAGTCAAAGAT-1,LAM3,scRNA,program_2,0.20447300374507904
broad_lam_like,LAM3:GCAGTTACACAGGCCT-1,LAM3,scRNA,program_2,0.05557679012417793
broad_lam_like,LAM3:GCATGATAGTCGAGTG-1,LAM3,scRNA,program_2,0.03462173417210579
broad_lam_like,LAM3:GCATGCGAGCACGCCT-1,LAM3,scRNA,program_2,0.0
broad_lam_like,LAM3:GCATGCGAGTAACCCT-1,LAM3,scRNA,program_2,0.04121746867895126
broad_lam_like,LAM3:GCATGTAAGATCGGGT-1,LAM3,scRNA,program_2,0.05531183257699013
broad_lam_like,LAM3:GCCAAATAGACGACGT-1,LAM3,scRNA,program_2,0.03954235464334488
broad_lam_like,LAM3:GCCAAATCACCTGGTG-1,LAM3,scRNA,program_2,0.08921606838703156
broad_lam_like,LAM3:GCGACCAAGACAAGCC-1,LAM3,scRNA,program_2,0.3016274571418762
broad_lam_like,LAM3:GCGACCATCTTTACAC-1,LAM3,scRNA,program_2,0.4111463129520416
broad_lam_like,LAM3:GCTCCTATCGGATGTT-1,LAM3,scRNA,program_2,0.22310301661491394
broad_lam_like,LAM3:GCTGCAGTCAACACAC-1,LAM3,scRNA,program_2,0.13181839883327484
broad_lam_like,LAM3:GCTGCAGTCGACAGCC-1,LAM3,scRNA,program_2,1.2186503410339355
broad_lam_like,LAM3:GCTGCGAGTGGAAAGA-1,LAM3,scRNA,program_2,0.08262936770915985
broad_lam_like,LAM3:GCTGCTTGTCCATCCT-1,LAM3,scRNA,program_2,0.13518273830413818
broad_lam_like,LAM3:GCTGCTTTCGCGGATC-1,LAM3,scRNA,program_2,0.06302894651889801
broad_lam_like,LAM3:GCTTCCATCACGCATA-1,LAM3,scRNA,program_2,0.09677817672491074
broad_lam_like,LAM3:GCTTCCATCTGACCTC-1,LAM3,scRNA,program_2,0.12010309100151062
broad_lam_like,LAM3:GGAATAACAAGAAGAG-1,LAM3,scRNA,program_2,0.11179754883050919
broad_lam_like,LAM3:GGACAGACACGGCGTT-1,LAM3,scRNA,program_2,0.16200333833694458
broad_lam_like,LAM3:GGACATTAGGTGCACA-1,LAM3,scRNA,program_2,0.09168825298547745
broad_lam_like,LAM3:GGACATTGTGGTTTCA-1,LAM3,scRNA,program_2,0.1996326446533203
broad_lam_like,LAM3:GGATGTTTCATGTCCC-1,LAM3,scRNA,program_2,0.1463261842727661
broad_lam_like,LAM3:GGCCGATTCGATCCCT-1,LAM3,scRNA,program_2,1.2495397329330444
broad_lam_like,LAM3:GGCGACTCAGGCAGTA-1,LAM3,scRNA,program_2,0.0773070752620697
broad_lam_like,LAM3:GGCTCGAGTGTGCCTG-1,LAM3,scRNA,program_2,0.19055627286434174
broad_lam_like,LAM3:GGGATGACACACGCTG-1,LAM3,scRNA,program_2,0.04835209250450134
broad_lam_like,LAM3:GGGCACTTCTCCTATA-1,LAM3,scRNA,program_2,0.0
broad_lam_like,LAM3:GGGCACTTCTTAGCCC-1,LAM3,scRNA,program_2,1.1073325872421265
broad_lam_like,LAM3:GGGCATCTCTCACATT-1,LAM3,scRNA,program_2,0.13081656396389008
broad_lam_like,LAM3:GGGTCTGGTCAGAGGT-1,LAM3,scRNA,program_2,0.12099096179008484
broad_lam_like,LAM3:GGGTCTGGTTTAGGAA-1,LAM3,scRNA,program_2,0.08184043318033218
broad_lam_like,LAM3:GGGTTGCTCATATCGG-1,LAM3,scRNA,program_2,0.09666002541780472
broad_lam_like,LAM3:GGTATTGAGATGCGAC-1,LAM3,scRNA,program_2,0.2166985720396042
broad_lam_like,LAM3:GGTATTGTCAAACGGG-1,LAM3,scRNA,program_2,1.2465637922286987
broad_lam_like,LAM3:GTAACTGCACCGAAAG-1,LAM3,scRNA,program_2,0.11311487853527069
broad_lam_like,LAM3:GTACGTAGTGGTTTCA-1,LAM3,scRNA,program_2,0.10912809520959854
broad_lam_like,LAM3:GTAGGCCCATGTCCTC-1,LAM3,scRNA,program_2,0.033674512058496475
broad_lam_like,LAM3:GTAGTCAAGATGCGAC-1,LAM3,scRNA,program_2,0.3454616367816925
broad_lam_like,LAM3:GTAGTCACATCCCATC-1,LAM3,scRNA,program_2,0.0703856348991394
broad_lam_like,LAM3:GTAGTCAGTAGGCTGA-1,LAM3,scRNA,program_2,0.08262407034635544
broad_lam_like,LAM3:GTATCTTTCGGTGTTA-1,LAM3,scRNA,program_2,0.07351694256067276
broad_lam_like,LAM3:GTCAAGTAGTGAAGAG-1,LAM3,scRNA,program_2,0.035450443625450134
broad_lam_like,LAM3:GTCAAGTCATATACGC-1,LAM3,scRNA,program_2,0.23676572740077972
broad_lam_like,LAM3:GTCAAGTTCTTAGAGC-1,LAM3,scRNA,program_2,0.21791604161262512
broad_lam_like,LAM3:GTCACAACAATCCGAT-1,LAM3,scRNA,program_2,0.20440058410167694
broad_lam_like,LAM3:GTCACGGCAGACAAGC-1,LAM3,scRNA,program_2,0.13225629925727844
broad_lam_like,LAM3:GTCATTTTCTTACCTA-1,LAM3,scRNA,program_2,0.21411308646202087
broad_lam_like,LAM3:GTCCTCATCGAACGGA-1,LAM3,scRNA,program_2,0.24264636635780334
broad_lam_like,LAM3:GTCTCGTAGTGAACGC-1,LAM3,scRNA,program_2,1.1563899517059326
broad_lam_like,LAM3:GTCTTCGTCCTTCAAT-1,LAM3,scRNA,program_2,0.00959190633147955
broad_lam_like,LAM3:GTGAAGGCACAGGTTT-1,LAM3,scRNA,program_2,0.6928473114967346
broad_lam_like,LAM3:GTGAAGGGTAGGGACT-1,LAM3,scRNA,program_2,0.8899615406990051
broad_lam_like,LAM3:GTGCAGCGTCAAAGAT-1,LAM3,scRNA,program_2,0.8772479295730591
broad_lam_like,LAM3:GTGCTTCAGCACACAG-1,LAM3,scRNA,program_2,0.09029556810855865
broad_lam_like,LAM3:GTGGGTCAGACTAGAT-1,LAM3,scRNA,program_2,0.07723146677017212
broad_lam_like,LAM3:GTGGGTCTCAACTCTT-1,LAM3,scRNA,program_2,0.04797942563891411
broad_lam_like,LAM3:GTGTGCGCACAGAGGT-1,LAM3,scRNA,program_2,0.0
broad_lam_like,LAM3:GTGTGCGTCGGTTAAC-1,LAM3,scRNA,program_2,0.015197190456092358
broad_lam_like,LAM3:GTTCGGGCAAGTACCT-1,LAM3,scRNA,program_2,0.0
broad_lam_like,LAM3:GTTCTCGAGTGGAGAA-1,LAM3,scRNA,program_2,1.1702557802200317
broad_lam_like,LAM3:TAAACCGAGCTTTGGT-1,LAM3,scRNA,program_2,0.06249265372753143
broad_lam_like,LAM3:TAAGTGCAGACAGACC-1,LAM3,scRNA,program_2,0.09568383544683456
broad_lam_like,LAM3:TAAGTGCTCCAGATCA-1,LAM3,scRNA,program_2,0.22626863420009613
broad_lam_like,LAM3:TACACGATCTGTGCAA-1,LAM3,scRNA,program_2,0.1436295509338379
broad_lam_like,LAM3:TACAGTGAGGCAATTA-1,LAM3,scRNA,program_2,0.12357553094625473
broad_lam_like,LAM3:TACAGTGTCGCATGGC-1,LAM3,scRNA,program_2,0.19909828901290894
broad_lam_like,LAM3:TACGGGCTCTTCGGTC-1,LAM3,scRNA,program_2,0.059977684170007706
broad_lam_like,LAM3:TACGGTACATCCCACT-1,LAM3,scRNA,program_2,1.1552153825759888
broad_lam_like,LAM3:TACTCATGTGCGAAAC-1,LAM3,scRNA,program_2,1.173291802406311
broad_lam_like,LAM3:TACTCATTCAGCCTAA-1,LAM3,scRNA,program_2,0.16540932655334473
broad_lam_like,LAM3:TACTTACGTGTCGCTG-1,LAM3,scRNA,program_2,1.135242223739624
broad_lam_like,LAM3:TAGCCGGGTCTAGGTT-1,LAM3,scRNA,program_2,0.1473267376422882
broad_lam_like,LAM3:TAGTGGTGTTAAGAAC-1,LAM3,scRNA,program_2,0.01908295415341854
broad_lam_like,LAM3:TAGTTGGCAAGAAAGG-1,LAM3,scRNA,program_2,0.22955013811588287
broad_lam_like,LAM3:TATCAGGCACGGTAAG-1,LAM3,scRNA,program_2,0.05481294170022011
broad_lam_like,LAM3:TATCTCAAGCAGCCTC-1,LAM3,scRNA,program_2,0.5771921277046204
broad_lam_like,LAM3:TATTACCTCCACTCCA-1,LAM3,scRNA,program_2,0.13220687210559845
broad_lam_like,LAM3:TCAACGACACCATGTA-1,LAM3,scRNA,program_2,0.12131524831056595
broad_lam_like,LAM3:TCACAAGGTACCATCA-1,LAM3,scRNA,program_2,0.191146120429039
broad_lam_like,LAM3:TCACGAACACATCCGG-1,LAM3,scRNA,program_2,0.0
broad_lam_like,LAM3:TCACGAATCATTCACT-1,LAM3,scRNA,program_2,0.13633181154727936
broad_lam_like,LAM3:TCACGAATCCACGTTC-1,LAM3,scRNA,program_2,0.0
broad_lam_like,LAM3:TCACGAATCCGCGTTT-1,LAM3,scRNA,program_2,0.8309948444366455
broad_lam_like,LAM3:TCAGCAACAGCCTTGG-1,LAM3,scRNA,program_2,0.7428674697875977
broad_lam_like,LAM3:TCAGCAAGTGTCGCTG-1,LAM3,scRNA,program_2,0.06915732473134995
broad_lam_like,LAM3:TCAGCAAGTTCCCGAG-1,LAM3,scRNA,program_2,0.18524938821792603
broad_lam_like,LAM3:TCAGCAATCGGTGTCG-1,LAM3,scRNA,program_2,0.13422136008739471
broad_lam_like,LAM3:TCAGGATAGTGTACTC-1,LAM3,scRNA,program_2,0.0
broad_lam_like,LAM3:TCAGGATTCGAGAGCA-1,LAM3,scRNA,program_2,0.12708505988121033
broad_lam_like,LAM3:TCATTACAGTAGGCCA-1,LAM3,scRNA,program_2,0.30420446395874023
broad_lam_like,LAM3:TCCACACAGAGGTAGA-1,LAM3,scRNA,program_2,0.1714855432510376
broad_lam_like,LAM3:TCCACACAGCTAAGAT-1,LAM3,scRNA,program_2,0.09068306535482407
broad_lam_like,LAM3:TCCACACAGCTGCCCA-1,LAM3,scRNA,program_2,0.07389659434556961
broad_lam_like,LAM3:TCCACACGTAGCTCCG-1,LAM3,scRNA,program_2,0.12328360229730606
broad_lam_like,LAM3:TCCACACGTCATATCG-1,LAM3,scRNA,program_2,0.19600389897823334
broad_lam_like,LAM3:TCCCGATCACGGTTTA-1,LAM3,scRNA,program_2,1.0142292976379395
broad_lam_like,LAM3:TCGAGGCTCCGTTGCT-1,LAM3,scRNA,program_2,0.10016917437314987
broad_lam_like,LAM3:TCGGGACGTCCAACTA-1,LAM3,scRNA,program_2,1.1562285423278809
broad_lam_like,LAM3:TCGGGACGTCGCATAT-1,LAM3,scRNA,program_2,0.7428860068321228
broad_lam_like,LAM3:TCGGGACTCCTTCAAT-1,LAM3,scRNA,program_2,0.06120516359806061
broad_lam_like,LAM3:TCGGGACTCCTTTACA-1,LAM3,scRNA,program_2,0.06537561118602753
broad_lam_like,LAM3:TCGGTAAAGGCGCTCT-1,LAM3,scRNA,program_2,0.07920153439044952
broad_lam_like,LAM3:TCGGTAATCATCGCTC-1,LAM3,scRNA,program_2,0.19628101587295532
broad_lam_like,LAM3:TCGGTAATCTGGTGTA-1,LAM3,scRNA,program_2,0.19859647750854492
broad_lam_like,LAM3:TCGTAGACAATGTTGC-1,LAM3,scRNA,program_2,0.11263979226350784
broad_lam_like,LAM3:TCTCATAAGAGATGAG-1,LAM3,scRNA,program_2,1.138296127319336
broad_lam_like,LAM3:TCTCATAAGCTCCTCT-1,LAM3,scRNA,program_2,0.010763688012957573
broad_lam_like,LAM3:TCTCATAAGGCTCAGA-1,LAM3,scRNA,program_2,0.1082417368888855
broad_lam_like,LAM3:TCTCATATCGACGGAA-1,LAM3,scRNA,program_2,0.09123121947050095
broad_lam_like,LAM3:TCTGAGACAAACTGCT-1,LAM3,scRNA,program_2,0.04959262162446976
broad_lam_like,LAM3:TCTGAGACACCGAAAG-1,LAM3,scRNA,program_2,0.2170099914073944
broad_lam_like,LAM3:TCTGAGAGTCTAGGTT-1,LAM3,scRNA,program_2,0.1471247524023056
broad_lam_like,LAM3:TCTTCGGCACCGTTGG-1,LAM3,scRNA,program_2,0.0
broad_lam_like,LAM3:TCTTTCCGTACAGTGG-1,LAM3,scRNA,program_2,0.052441202104091644
broad_lam_like,LAM3:TCTTTCCGTACATGTC-1,LAM3,scRNA,program_2,0.00934206135571003
broad_lam_like,LAM3:TGAAAGACATACTCTT-1,LAM3,scRNA,program_2,1.1243890523910522
broad_lam_like,LAM3:TGACAACAGAGTGACC-1,LAM3,scRNA,program_2,0.05801409110426903
broad_lam_like,LAM3:TGACAACGTGAAAGAG-1,LAM3,scRNA,program_2,1.015360951423645
broad_lam_like,LAM3:TGACGGCAGGCATGTG-1,LAM3,scRNA,program_2,0.41017013788223267
broad_lam_like,LAM3:TGACTTTTCAAGCCTA-1,LAM3,scRNA,program_2,0.15513557195663452
broad_lam_like,LAM3:TGACTTTTCACGGTTA-1,LAM3,scRNA,program_2,1.1564387083053589
broad_lam_like,LAM3:TGAGCATTCACCCGAG-1,LAM3,scRNA,program_2,0.09895888715982437
broad_lam_like,LAM3:TGAGCCGAGTTGCAGG-1,LAM3,scRNA,program_2,0.0
broad_lam_like,LAM3:TGAGGGATCACCAGGC-1,LAM3,scRNA,program_2,0.0841052457690239
broad_lam_like,LAM3:TGCGGGTGTATAATGG-1,LAM3,scRNA,program_2,0.02877090312540531
broad_lam_like,LAM3:TGCGTGGGTCTAACGT-1,LAM3,scRNA,program_2,0.07828525453805923
broad_lam_like,LAM3:TGCTACCGTGTGAAAT-1,LAM3,scRNA,program_2,0.049846939742565155
broad_lam_like,LAM3:TGCTGCTTCATTATCC-1,LAM3,scRNA,program_2,1.0914359092712402
broad_lam_like,LAM3:TGGCGCACAACAACCT-1,LAM3,scRNA,program_2,0.0957065150141716
broad_lam_like,LAM3:TGGCTGGTCAACTCTT-1,LAM3,scRNA,program_2,0.24706389009952545
broad_lam_like,LAM3:TGGTTAGGTACTTCTT-1,LAM3,scRNA,program_2,0.082853764295578
broad_lam_like,LAM3:TGTTCCGCAATGTTGC-1,LAM3,scRNA,program_2,0.04490041360259056
broad_lam_like,LAM3:TTAACTCCAAGACACG-1,LAM3,scRNA,program_2,1.0786960124969482
broad_lam_like,LAM3:TTAGGCATCAAGATCC-1,LAM3,scRNA,program_2,0.08518092334270477
broad_lam_like,LAM3:TTCGAAGGTTCCATGA-1,LAM3,scRNA,program_2,1.1051965951919556
broad_lam_like,LAM3:TTCTACAGTCACTGGC-1,LAM3,scRNA,program_2,1.1669563055038452
broad_lam_like,LAM3:TTCTCAAGTTCACGGC-1,LAM3,scRNA,program_2,0.17114891111850739
broad_lam_like,LAM3:TTGACTTGTAGCGCAA-1,LAM3,scRNA,program_2,0.00490961316972971
broad_lam_like,LAM3:TTGGCAAGTTTACTCT-1,LAM3,scRNA,program_2,0.12472894042730331
broad_lam_like,LAM3:TTTACTGGTACGAAAT-1,LAM3,scRNA,program_2,0.0
broad_lam_like,LAM3:TTTATGCAGCCACGCT-1,LAM3,scRNA,program_2,0.055907174944877625
broad_lam_like,LAM3:TTTGCGCTCACGGTTA-1,LAM3,scRNA,program_2,0.19796879589557648
broad_lam_like,LAM3:TTTGTCACAGTTCCCT-1,LAM3,scRNA,program_2,0.04290196672081947
broad_lam_like,LAM4:AAAGCAAGTACATGTC-1,LAM4,snRNA,program_2,0.31220924854278564
broad_lam_like,LAM4:AACACGTTCCGAAGAG-1,LAM4,snRNA,program_2,0.3819975256919861
broad_lam_like,LAM4:AATCGGTAGCTGAACG-1,LAM4,snRNA,program_2,0.38041970133781433
broad_lam_like,LAM4:AATCGGTCATTATCTC-1,LAM4,snRNA,program_2,0.5332823991775513
broad_lam_like,LAM4:ACACCCTGTGGTCCGT-1,LAM4,snRNA,program_2,0.3655607998371124
broad_lam_like,LAM4:ACACCGGGTTACCAGT-1,LAM4,snRNA,program_2,0.37249311804771423
broad_lam_like,LAM4:ACACTGAGTCAAACTC-1,LAM4,snRNA,program_2,1.1749448776245117
broad_lam_like,LAM4:ACAGCCGCAAGGTTCT-1,LAM4,snRNA,program_2,0.42331841588020325
broad_lam_like,LAM4:ACAGCCGCAATCTGCA-1,LAM4,snRNA,program_2,0.1672026515007019
broad_lam_like,LAM4:ACATCAGTCCAAAGTC-1,LAM4,snRNA,program_2,1.1947060823440552
broad_lam_like,LAM4:ACCCACTTCTTCAACT-1,LAM4,snRNA,program_2,0.31558525562286377
broad_lam_like,LAM4:ACGAGCCCACCTGGTG-1,LAM4,snRNA,program_2,1.1792881488800049
broad_lam_like,LAM4:ACGCCAGGTGCACCAC-1,LAM4,snRNA,program_2,0.36513322591781616
broad_lam_like,LAM4:ACGGAGAAGACACGAC-1,LAM4,snRNA,program_2,0.46540161967277527
broad_lam_like,LAM4:ACGGGCTCACTTACGA-1,LAM4,snRNA,program_2,1.0025347471237183
broad_lam_like,LAM4:ACGTCAACAGAAGCAC-1,LAM4,snRNA,program_2,0.31428852677345276
broad_lam_like,LAM4:ACTATCTCATGGAATA-1,LAM4,snRNA,program_2,0.42083173990249634
broad_lam_like,LAM4:ACTGAACCACACTGCG-1,LAM4,snRNA,program_2,0.48520219326019287
broad_lam_like,LAM4:ACTGATGCAGAGCCAA-1,LAM4,snRNA,program_2,0.3643375337123871
broad_lam_like,LAM4:AGCAGCCCATGCAACT-1,LAM4,snRNA,program_2,0.1346879005432129
broad_lam_like,LAM4:AGGCCACGTGCCTGGT-1,LAM4,snRNA,program_2,0.4262951910495758
broad_lam_like,LAM4:ATCATGGTCTCAAACG-1,LAM4,snRNA,program_2,0.4112092852592468
broad_lam_like,LAM4:ATCCACCTCCTCATTA-1,LAM4,snRNA,program_2,1.1787705421447754
broad_lam_like,LAM4:ATCCGAATCCCATTAT-1,LAM4,snRNA,program_2,0.4710715413093567
broad_lam_like,LAM4:ATGTGTGCACCATCCT-1,LAM4,snRNA,program_2,1.112754225730896
broad_lam_like,LAM4:ATTATCCGTCGACTGC-1,LAM4,snRNA,program_2,1.2057629823684692
broad_lam_like,LAM4:CAACCAACATGACGGA-1,LAM4,snRNA,program_2,1.142214298248291
broad_lam_like,LAM4:CAACCTCGTTCAGTAC-1,LAM4,snRNA,program_2,0.1458403617143631
broad_lam_like,LAM4:CACAAACGTTTCGCTC-1,LAM4,snRNA,program_2,0.4836771488189697
broad_lam_like,LAM4:CACATAGCATAGACTC-1,LAM4,snRNA,program_2,1.1844673156738281
broad_lam_like,LAM4:CAGATCACACACAGAG-1,LAM4,snRNA,program_2,0.5313694477081299
broad_lam_like,LAM4:CAGTAACGTTCTGAAC-1,LAM4,snRNA,program_2,0.3804404139518738
broad_lam_like,LAM4:CCAGCGAGTGCAACTT-1,LAM4,snRNA,program_2,0.5322286486625671
broad_lam_like,LAM4:CCATTCGTCACATGCA-1,LAM4,snRNA,program_2,0.2978150248527527
broad_lam_like,LAM4:CCCATACAGACCTAGG-1,LAM4,snRNA,program_2,0.5145232677459717
broad_lam_like,LAM4:CCCATACCATGGTCTA-1,LAM4,snRNA,program_2,0.32144081592559814
broad_lam_like,LAM4:CCGTGGAGTGCATCTA-1,LAM4,snRNA,program_2,0.49291643500328064
broad_lam_like,LAM4:CCTACACGTCGCATCG-1,LAM4,snRNA,program_2,1.2073498964309692
broad_lam_like,LAM4:CCTACACGTCGCGTGT-1,LAM4,snRNA,program_2,0.4030202627182007
broad_lam_like,LAM4:CCTACCAAGAAACGCC-1,LAM4,snRNA,program_2,0.335479199886322
broad_lam_like,LAM4:CCTATTAGTAGCTGCC-1,LAM4,snRNA,program_2,0.42107290029525757
broad_lam_like,LAM4:CCTCAGTAGTCAAGGC-1,LAM4,snRNA,program_2,0.34264111518859863
broad_lam_like,LAM4:CCTTACGAGTGACATA-1,LAM4,snRNA,program_2,0.41652557253837585
broad_lam_like,LAM4:CCTTACGCACCGTTGG-1,LAM4,snRNA,program_2,0.6411679983139038
broad_lam_like,LAM4:CGAGAAGAGAAGCCCA-1,LAM4,snRNA,program_2,0.4870421886444092
broad_lam_like,LAM4:CGATCGGAGTACGACG-1,LAM4,snRNA,program_2,0.4527897536754608
broad_lam_like,LAM4:CGATCGGTCTACTCAT-1,LAM4,snRNA,program_2,0.3540211021900177
broad_lam_like,LAM4:CGCGGTATCACCGGGT-1,LAM4,snRNA,program_2,0.4599865972995758
broad_lam_like,LAM4:CGCGTTTTCTTGCATT-1,LAM4,snRNA,program_2,1.1174046993255615
broad_lam_like,LAM4:CGCTGGATCCTTGACC-1,LAM4,snRNA,program_2,0.42653241753578186
broad_lam_like,LAM4:CGGAGCTAGAATAGGG-1,LAM4,snRNA,program_2,0.15022477507591248
broad_lam_like,LAM4:CGGAGCTTCTGTCCGT-1,LAM4,snRNA,program_2,0.6746739149093628
broad_lam_like,LAM4:CGTCACTTCATTATCC-1,LAM4,snRNA,program_2,0.5928530693054199
broad_lam_like,LAM4:CGTGAGCCAAGTCTAC-1,LAM4,snRNA,program_2,1.1501315832138062
broad_lam_like,LAM4:CGTGTAAAGATCCCGC-1,LAM4,snRNA,program_2,0.2830553650856018
broad_lam_like,LAM4:CTAATGGCATGGTCAT-1,LAM4,snRNA,program_2,0.2903398275375366
broad_lam_like,LAM4:CTACATTCAAGCCCAC-1,LAM4,snRNA,program_2,0.3838672339916229
broad_lam_like,LAM4:CTACCCAGTCCGAAGA-1,LAM4,snRNA,program_2,1.203359842300415
broad_lam_like,LAM4:CTAGAGTCACGTCTCT-1,LAM4,snRNA,program_2,0.49814724922180176
broad_lam_like,LAM4:CTCAGAATCCCATTTA-1,LAM4,snRNA,program_2,0.4335450530052185
broad_lam_like,LAM4:CTCGGGAAGGGATCTG-1,LAM4,snRNA,program_2,0.36462870240211487
broad_lam_like,LAM4:CTGATCCGTTTGCATG-1,LAM4,snRNA,program_2,0.3886796236038208
broad_lam_like,LAM4:CTTCTCTTCTCCGGTT-1,LAM4,snRNA,program_2,0.43443965911865234
broad_lam_like,LAM4:GAAACTCAGAGCCCAA-1,LAM4,snRNA,program_2,0.4116191565990448
broad_lam_like,LAM4:GAAACTCGTACCTACA-1,LAM4,snRNA,program_2,0.5446860194206238
broad_lam_like,LAM4:GACCTGGTCAGCCTAA-1,LAM4,snRNA,program_2,0.3428508937358856
broad_lam_like,LAM4:GACGCGTTCGGCTTGG-1,LAM4,snRNA,program_2,0.45205560326576233
broad_lam_like,LAM4:GACGGCTAGCGTCTAT-1,LAM4,snRNA,program_2,0.1905559003353119
broad_lam_like,LAM4:GACGTGCTCCACTCCA-1,LAM4,snRNA,program_2,1.1501051187515259
broad_lam_like,LAM4:GACGTTAGTCCGTTAA-1,LAM4,snRNA,program_2,0.4048926830291748
broad_lam_like,LAM4:GAGGTGATCTCGCTTG-1,LAM4,snRNA,program_2,0.45683398842811584
broad_lam_like,LAM4:GAGTCCGAGAAGAAGC-1,LAM4,snRNA,program_2,1.196899175643921
broad_lam_like,LAM4:GATGAAATCCCTAATT-1,LAM4,snRNA,program_2,0.3031398355960846
broad_lam_like,LAM4:GCAAACTCAGTCTTCC-1,LAM4,snRNA,program_2,0.3260929584503174
broad_lam_like,LAM4:GCAAACTCATTCCTCG-1,LAM4,snRNA,program_2,0.3913417458534241
broad_lam_like,LAM4:GCATGTAAGTTTAGGA-1,LAM4,snRNA,program_2,0.3982996344566345
broad_lam_like,LAM4:GCATGTACAATGTTGC-1,LAM4,snRNA,program_2,1.1428439617156982
broad_lam_like,LAM4:GCATGTATCCTTCAAT-1,LAM4,snRNA,program_2,0.4438275694847107
broad_lam_like,LAM4:GCGCCAATCTGATACG-1,LAM4,snRNA,program_2,1.2288107872009277
broad_lam_like,LAM4:GCGCGATGTCAAACTC-1,LAM4,snRNA,program_2,0.3774116039276123
broad_lam_like,LAM4:GCTGCAGAGAGGGCTT-1,LAM4,snRNA,program_2,0.42203497886657715
broad_lam_like,LAM4:GCTTGAATCAGCTCTC-1,LAM4,snRNA,program_2,1.1846023797988892
broad_lam_like,LAM4:GGACATTCACAGGCCT-1,LAM4,snRNA,program_2,0.3591042757034302
broad_lam_like,LAM4:GGACGTCTCCTAGTGA-1,LAM4,snRNA,program_2,0.2966921329498291
broad_lam_like,LAM4:GGAGCAAGTCTGATTG-1,LAM4,snRNA,program_2,0.40677914023399353
broad_lam_like,LAM4:GGCTGGTAGTTTCCTT-1,LAM4,snRNA,program_2,0.9882816672325134
broad_lam_like,LAM4:GGCTGGTGTTTAGCTG-1,LAM4,snRNA,program_2,0.5112955570220947
broad_lam_like,LAM4:GGTGCGTGTGCACCAC-1,LAM4,snRNA,program_2,0.3624899685382843
broad_lam_like,LAM4:GTACGTAGTATGGTTC-1,LAM4,snRNA,program_2,1.1312808990478516
broad_lam_like,LAM4:GTACTTTGTCGATTGT-1,LAM4,snRNA,program_2,1.1397626399993896
broad_lam_like,LAM4:GTAGGCCAGAATTCCC-1,LAM4,snRNA,program_2,0.3569236993789673
broad_lam_like,LAM4:GTCATTTAGAAACCAT-1,LAM4,snRNA,program_2,0.27833297848701477
broad_lam_like,LAM4:GTCGTAACACTTAACG-1,LAM4,snRNA,program_2,0.3433547019958496
broad_lam_like,LAM4:GTGTGCGCATCACCCT-1,LAM4,snRNA,program_2,0.6678642630577087
broad_lam_like,LAM4:GTTCATTTCCTCCTAG-1,LAM4,snRNA,program_2,0.19341535866260529
broad_lam_like,LAM4:TAAGCGTTCACCATAG-1,LAM4,snRNA,program_2,1.142960786819458
broad_lam_like,LAM4:TAAGTGCAGAAACCAT-1,LAM4,snRNA,program_2,0.44718238711357117
broad_lam_like,LAM4:TACGGATTCAGCTCGG-1,LAM4,snRNA,program_2,0.2575421631336212
broad_lam_like,LAM4:TAGAGCTAGCAGGTCA-1,LAM4,snRNA,program_2,0.30839142203330994
broad_lam_like,LAM4:TAGCCGGGTCTTGATG-1,LAM4,snRNA,program_2,0.3283613920211792
broad_lam_like,LAM4:TATCAGGTCAAGGTAA-1,LAM4,snRNA,program_2,0.5678098201751709
broad_lam_like,LAM4:TCATTACAGGTTCCTA-1,LAM4,snRNA,program_2,0.3526560068130493
broad_lam_like,LAM4:TCATTACGTGACGCCT-1,LAM4,snRNA,program_2,0.7069624662399292
broad_lam_like,LAM4:TCATTTGGTCGCGAAA-1,LAM4,snRNA,program_2,1.099815011024475
broad_lam_like,LAM4:TCCCGATGTAAAGGAG-1,LAM4,snRNA,program_2,1.027876853942871
broad_lam_like,LAM4:TCCCGATTCGACCAGC-1,LAM4,snRNA,program_2,0.3124968409538269
broad_lam_like,LAM4:TCGAGGCAGGTGCTTT-1,LAM4,snRNA,program_2,0.12503503262996674
broad_lam_like,LAM4:TCGGTAAGTTCGTTGA-1,LAM4,snRNA,program_2,0.40076854825019836
broad_lam_like,LAM4:TCTATTGCATCCGTGG-1,LAM4,snRNA,program_2,1.1810765266418457
broad_lam_like,LAM4:TGACGGCAGATCACGG-1,LAM4,snRNA,program_2,1.2235758304595947
broad_lam_like,LAM4:TGAGCCGGTTCGCGAC-1,LAM4,snRNA,program_2,0.4878811538219452
broad_lam_like,LAM4:TGCGGGTCAACTTGAC-1,LAM4,snRNA,program_2,0.3764426112174988
broad_lam_like,LAM4:TGCTACCCATAGACTC-1,LAM4,snRNA,program_2,1.1826797723770142
broad_lam_like,LAM4:TGGGAAGAGACCTTTG-1,LAM4,snRNA,program_2,1.2576292753219604
broad_lam_like,LAM4:TGGGAAGTCTGCAGTA-1,LAM4,snRNA,program_2,1.067768931388855
broad_lam_like,LAM4:TGGTTAGTCGTACGGC-1,LAM4,snRNA,program_2,1.1203663349151611
broad_lam_like,LAM4:TGTCCCAAGCTAGTCT-1,LAM4,snRNA,program_2,0.39672401547431946
broad_lam_like,LAM4:TGTGGTAAGTGGGATC-1,LAM4,snRNA,program_2,0.20919513702392578
broad_lam_like,LAM4:TGTGGTAGTCTAGAGG-1,LAM4,snRNA,program_2,0.31356582045555115
broad_lam_like,LAM4:TTAGTTCCAAGCTGGA-1,LAM4,snRNA,program_2,1.108174443244934
broad_lam_like,LAM4:TTCCCAGTCTTGTACT-1,LAM4,snRNA,program_2,0.17300330102443695
broad_lam_like,LAM4:TTCGGTCAGCTAAACA-1,LAM4,snRNA,program_2,1.233898401260376
broad_lam_like,LAM4:TTCTACACATGATCCA-1,LAM4,snRNA,program_2,0.6224934458732605
broad_lam_like,LAM4:TTGAACGAGAGGTAGA-1,LAM4,snRNA,program_2,0.45287713408470154
broad_lam_like,LAM4:TTGCGTCCACACCGAC-1,LAM4,snRNA,program_2,0.19740867614746094
broad_lam_like,LAM4:TTGCGTCCATAGTAAG-1,LAM4,snRNA,program_2,0.9903953075408936
broad_lam_like,LAM4:TTGGCAACACGAAGCA-1,LAM4,snRNA,program_2,0.42902952432632446
broad_lam_like,LAM4:TTGTAGGAGAGCTATA-1,LAM4,snRNA,program_2,1.2034865617752075
broad_lam_like,LAM4:TTTATGCAGACTCGGA-1,LAM4,snRNA,program_2,0.42194435000419617
broad_lam_like,LAM4:TTTGTCACAGCCAGAA-1,LAM4,snRNA,program_2,0.3901553750038147
broad_lam_like,LAM1:AAACCTGGTGAAATCA-1,LAM1,scRNA,program_3,0.6515591740608215
broad_lam_like,LAM1:AACGTTGAGAGGTTAT-1,LAM1,scRNA,program_3,0.4331305921077728
broad_lam_like,LAM1:AAGACCTCAATGCCAT-1,LAM1,scRNA,program_3,0.14735572040081024
broad_lam_like,LAM1:AAGCCGCGTACAGCAG-1,LAM1,scRNA,program_3,0.8050367832183838
broad_lam_like,LAM1:AAGGCAGGTTATCGGT-1,LAM1,scRNA,program_3,0.7281211614608765
broad_lam_like,LAM1:AATCCAGGTGCTGTAT-1,LAM1,scRNA,program_3,0.01306886225938797
broad_lam_like,LAM1:ACACCAATCGCTGATA-1,LAM1,scRNA,program_3,0.0
broad_lam_like,LAM1:ACAGCCGGTCGCGTGT-1,LAM1,scRNA,program_3,0.6505855321884155
broad_lam_like,LAM1:ACAGCTAGTCGAGATG-1,LAM1,scRNA,program_3,0.39988279342651367
broad_lam_like,LAM1:ACATACGGTAAGTTCC-1,LAM1,scRNA,program_3,0.25102776288986206
broad_lam_like,LAM1:ACATCAGCACCCAGTG-1,LAM1,scRNA,program_3,0.7331771850585938
broad_lam_like,LAM1:ACATCAGGTGTTGAGG-1,LAM1,scRNA,program_3,0.7545270323753357
broad_lam_like,LAM1:ACATGGTTCTCGCATC-1,LAM1,scRNA,program_3,0.7140254974365234
broad_lam_like,LAM1:ACCCACTGTACCGCTG-1,LAM1,scRNA,program_3,0.7498689293861389
broad_lam_like,LAM1:ACGCAGCCACGGTAAG-1,LAM1,scRNA,program_3,0.7235857248306274
broad_lam_like,LAM1:ACGCAGCGTCTAGCGC-1,LAM1,scRNA,program_3,0.7359732985496521
broad_lam_like,LAM1:ACTATCTAGACAAGCC-1,LAM1,scRNA,program_3,0.7545419931411743
broad_lam_like,LAM1:AGAGCTTAGCGAGAAA-1,LAM1,scRNA,program_3,0.6603291630744934
broad_lam_like,LAM1:AGATCTGGTCGCCATG-1,LAM1,scRNA,program_3,0.715091347694397
broad_lam_like,LAM1:AGATTGCCATTATCTC-1,LAM1,scRNA,program_3,0.6026986837387085
broad_lam_like,LAM1:AGCGGTCGTACTTAGC-1,LAM1,scRNA,program_3,0.5616761445999146
broad_lam_like,LAM1:AGGCCACCAAATACAG-1,LAM1,scRNA,program_3,0.6842125654220581
broad_lam_like,LAM1:AGGCCACCATATGAGA-1,LAM1,scRNA,program_3,0.6999300122261047
broad_lam_like,LAM1:AGGCCACGTTAAAGAC-1,LAM1,scRNA,program_3,0.0023978068493306637
broad_lam_like,LAM1:AGTAGTCCAGTAACGG-1,LAM1,scRNA,program_3,0.7574564814567566
broad_lam_like,LAM1:AGTGGGAAGGGATGGG-1,LAM1,scRNA,program_3,0.2381211668252945
broad_lam_like,LAM1:AGTGGGACAGACAAGC-1,LAM1,scRNA,program_3,0.0
broad_lam_like,LAM1:AGTGGGACAGGAATGC-1,LAM1,scRNA,program_3,0.00533311627805233
broad_lam_like,LAM1:AGTGTCAGTAGTACCT-1,LAM1,scRNA,program_3,0.10892537236213684
broad_lam_like,LAM1:ATCATCTTCCAAGCCG-1,LAM1,scRNA,program_3,0.6636549830436707
broad_lam_like,LAM1:ATCGAGTAGATGCGAC-1,LAM1,scRNA,program_3,0.7236196994781494
broad_lam_like,LAM1:ATCGAGTCATGTCTCC-1,LAM1,scRNA,program_3,0.6306661367416382
broad_lam_like,LAM1:ATGCGATGTCCGCTGA-1,LAM1,scRNA,program_3,0.0
broad_lam_like,LAM1:ATTATCCCATTTGCTT-1,LAM1,scRNA,program_3,0.2388184815645218
broad_lam_like,LAM1:CAACCAATCTCTAGGA-1,LAM1,scRNA,program_3,0.7162697315216064
broad_lam_like,LAM1:CAACCTCTCGTCCAGG-1,LAM1,scRNA,program_3,0.7833031415939331
broad_lam_like,LAM1:CAAGAAAGTGCGAAAC-1,LAM1,scRNA,program_3,0.11019489914178848
broad_lam_like,LAM1:CAAGGCCTCACTTACT-1,LAM1,scRNA,program_3,0.6695007085800171
broad_lam_like,LAM1:CAAGTTGAGTGGAGAA-1,LAM1,scRNA,program_3,0.7385233044624329
broad_lam_like,LAM1:CACACAACAGGTTTCA-1,LAM1,scRNA,program_3,0.6907092928886414
broad_lam_like,LAM1:CACACAAGTACGCTGC-1,LAM1,scRNA,program_3,0.698184609413147
broad_lam_like,LAM1:CACACCTAGCAGCGTA-1,LAM1,scRNA,program_3,0.009529593400657177
broad_lam_like,LAM1:CACATTTAGTGGTCCC-1,LAM1,scRNA,program_3,0.6057946681976318
broad_lam_like,LAM1:CACCACTGTGTAATGA-1,LAM1,scRNA,program_3,0.7320033311843872
broad_lam_like,LAM1:CAGAATCGTCTAGTCA-1,LAM1,scRNA,program_3,0.7663736939430237
broad_lam_like,LAM1:CAGATCAGTAAACACA-1,LAM1,scRNA,program_3,0.7082381844520569
broad_lam_like,LAM1:CAGATCATCAATACCG-1,LAM1,scRNA,program_3,0.48974189162254333
broad_lam_like,LAM1:CAGCAGCCATCCCATC-1,LAM1,scRNA,program_3,0.0
broad_lam_like,LAM1:CAGCATAGTCCGAGTC-1,LAM1,scRNA,program_3,0.7392155528068542
broad_lam_like,LAM1:CAGTCCTCAATCTGCA-1,LAM1,scRNA,program_3,0.7888198494911194
broad_lam_like,LAM1:CAGTCCTGTGCCTGCA-1,LAM1,scRNA,program_3,0.766613245010376
broad_lam_like,LAM1:CATCAAGCATCCCATC-1,LAM1,scRNA,program_3,0.7444337010383606
broad_lam_like,LAM1:CATCAAGTCCACGTTC-1,LAM1,scRNA,program_3,0.07680823653936386
broad_lam_like,LAM1:CATCAGATCTCTGAGA-1,LAM1,scRNA,program_3,0.7500137686729431
broad_lam_like,LAM1:CATCCACGTTTGACAC-1,LAM1,scRNA,program_3,0.7520189881324768
broad_lam_like,LAM1:CATCCACTCGTGGACC-1,LAM1,scRNA,program_3,0.7371910810470581
broad_lam_like,LAM1:CATCGAAAGACGCACA-1,LAM1,scRNA,program_3,0.7402017712593079
broad_lam_like,LAM1:CATCGGGCAAGGTGTG-1,LAM1,scRNA,program_3,0.6996158957481384
broad_lam_like,LAM1:CATGACAGTGCCTGTG-1,LAM1,scRNA,program_3,0.7417324781417847
broad_lam_like,LAM1:CATGACATCACTTCAT-1,LAM1,scRNA,program_3,0.7121009826660156
broad_lam_like,LAM1:CATGACATCTGCTGCT-1,LAM1,scRNA,program_3,0.723883330821991
broad_lam_like,LAM1:CATGCCTAGAAACCAT-1,LAM1,scRNA,program_3,0.760998547077179
broad_lam_like,LAM1:CATGGCGAGTCCAGGA-1,LAM1,scRNA,program_3,0.8150061368942261
broad_lam_like,LAM1:CATGGCGCACAGGCCT-1,LAM1,scRNA,program_3,0.7581562399864197
broad_lam_like,LAM1:CATTATCGTATATGAG-1,LAM1,scRNA,program_3,0.7201406955718994
broad_lam_like,LAM1:CCAGCGATCAAACAAG-1,LAM1,scRNA,program_3,0.7605460286140442
broad_lam_like,LAM1:CCCATACCATCAGTCA-1,LAM1,scRNA,program_3,0.6694967150688171
broad_lam_like,LAM1:CCGGGATCAAGTTAAG-1,LAM1,scRNA,program_3,0.7391786575317383
broad_lam_like,LAM1:CCTACACCATACTACG-1,LAM1,scRNA,program_3,0.662875771522522
broad_lam_like,LAM1:CCTACACTCCTAAGTG-1,LAM1,scRNA,program_3,0.6651229858398438
broad_lam_like,LAM1:CCTACCAAGAAGGTTT-1,LAM1,scRNA,program_3,0.7930092811584473
broad_lam_like,LAM1:CCTAGCTCATTTCAGG-1,LAM1,scRNA,program_3,0.701463520526886
broad_lam_like,LAM1:CCTTCCCGTCCGTCAG-1,LAM1,scRNA,program_3,0.770260751247406
broad_lam_like,LAM1:CGAATGTTCCTATTCA-1,LAM1,scRNA,program_3,0.6734582185745239
broad_lam_like,LAM1:CGACTTCAGACAATAC-1,LAM1,scRNA,program_3,0.7512570023536682
broad_lam_like,LAM1:CGAGAAGCACTTGGAT-1,LAM1,scRNA,program_3,0.35093891620635986
broad_lam_like,LAM1:CGAGCCAGTCGTTGTA-1,LAM1,scRNA,program_3,0.10656698793172836
broad_lam_like,LAM1:CGATGGCGTTTGGCGC-1,LAM1,scRNA,program_3,0.7027474641799927
broad_lam_like,LAM1:CGATTGAAGACTAGGC-1,LAM1,scRNA,program_3,0.6255038380622864
broad_lam_like,LAM1:CGCGGTATCCGTTGCT-1,LAM1,scRNA,program_3,0.7979151010513306
broad_lam_like,LAM1:CGCGTTTGTCCGAACC-1,LAM1,scRNA,program_3,0.7682361006736755
broad_lam_like,LAM1:CGCTATCCAGGCGATA-1,LAM1,scRNA,program_3,0.7525942921638489
broad_lam_like,LAM1:CGCTGGACACAGCCCA-1,LAM1,scRNA,program_3,0.09282029420137405
broad_lam_like,LAM1:CGGACACTCAACTCTT-1,LAM1,scRNA,program_3,0.7458847761154175
broad_lam_like,LAM1:CGGACGTAGCCTTGAT-1,LAM1,scRNA,program_3,0.005532116163522005
broad_lam_like,LAM1:CGGACGTTCTTCGAGA-1,LAM1,scRNA,program_3,0.7749068737030029
broad_lam_like,LAM1:CGGCTAGTCGGACAAG-1,LAM1,scRNA,program_3,0.7455443143844604
broad_lam_like,LAM1:CGGGTCAAGGGATCTG-1,LAM1,scRNA,program_3,0.04028381407260895
broad_lam_like,LAM1:CGGTTAAAGCTGATAA-1,LAM1,scRNA,program_3,0.7617649435997009
broad_lam_like,LAM1:CGGTTAACAGGTCCAC-1,LAM1,scRNA,program_3,0.10099425166845322
broad_lam_like,LAM1:CGTAGGCGTCAAGCGA-1,LAM1,scRNA,program_3,0.7253721356391907
broad_lam_like,LAM1:CGTCACTAGATGTGTA-1,LAM1,scRNA,program_3,0.6983997821807861
broad_lam_like,LAM1:CTAACTTGTTTGGCGC-1,LAM1,scRNA,program_3,0.6809189915657043
broad_lam_like,LAM1:CTAATGGCACCGAAAG-1,LAM1,scRNA,program_3,0.7362861633300781
broad_lam_like,LAM1:CTAATGGTCACAAACC-1,LAM1,scRNA,program_3,0.0
broad_lam_like,LAM1:CTAATGGTCTGATACG-1,LAM1,scRNA,program_3,0.732121467590332
broad_lam_like,LAM1:CTACATTTCCAAAGTC-1,LAM1,scRNA,program_3,0.7389322519302368
broad_lam_like,LAM1:CTAGTGAAGATGCCTT-1,LAM1,scRNA,program_3,0.6726723909378052
broad_lam_like,LAM1:CTCCTAGCAATCAGAA-1,LAM1,scRNA,program_3,0.7868813276290894
broad_lam_like,LAM1:CTCGAAATCTTTACAC-1,LAM1,scRNA,program_3,0.6675786972045898
broad_lam_like,LAM1:CTGAAGTGTCAAACTC-1,LAM1,scRNA,program_3,0.7450193166732788
broad_lam_like,LAM1:CTGATCCAGATAGGAG-1,LAM1,scRNA,program_3,0.09861760586500168
broad_lam_like,LAM1:CTGATCCGTTACCGAT-1,LAM1,scRNA,program_3,0.12835192680358887
broad_lam_like,LAM1:CTGCTGTCAATGTAAG-1,LAM1,scRNA,program_3,0.7265427112579346
broad_lam_like,LAM1:CTGCTGTGTATTACCG-1,LAM1,scRNA,program_3,0.7973856329917908
broad_lam_like,LAM1:CTGTTTAAGACCGGAT-1,LAM1,scRNA,program_3,0.686449408531189
broad_lam_like,LAM1:CTTAGGATCCTAAGTG-1,LAM1,scRNA,program_3,0.7460597157478333
broad_lam_like,LAM1:CTTTGCGTCGCATGGC-1,LAM1,scRNA,program_3,0.0
broad_lam_like,LAM1:GAAACTCGTTACGCGC-1,LAM1,scRNA,program_3,0.7261062264442444
broad_lam_like,LAM1:GAACATCAGATGTGTA-1,LAM1,scRNA,program_3,0.704656183719635
broad_lam_like,LAM1:GAACGGATCATCGCTC-1,LAM1,scRNA,program_3,0.0
broad_lam_like,LAM1:GAATGAATCCCTTGCA-1,LAM1,scRNA,program_3,0.020853886380791664
broad_lam_like,LAM1:GACCTGGTCTTACCGC-1,LAM1,scRNA,program_3,0.11957155913114548
broad_lam_like,LAM1:GACTACAGTAGAAGGA-1,LAM1,scRNA,program_3,0.7769895195960999
broad_lam_like,LAM1:GAGCAGAAGGCGCTCT-1,LAM1,scRNA,program_3,0.7073426842689514
broad_lam_like,LAM1:GAGGTGACAATGAAAC-1,LAM1,scRNA,program_3,0.0
broad_lam_like,LAM1:GAGTCCGGTTAAAGTG-1,LAM1,scRNA,program_3,0.6428055763244629
broad_lam_like,LAM1:GATCAGTTCTCCCTGA-1,LAM1,scRNA,program_3,0.07221131771802902
broad_lam_like,LAM1:GATGAAACATCGGACC-1,LAM1,scRNA,program_3,0.6316716074943542
broad_lam_like,LAM1:GATGAGGGTCTCGTTC-1,LAM1,scRNA,program_3,0.7045971155166626
broad_lam_like,LAM1:GATGCTATCACCGTAA-1,LAM1,scRNA,program_3,0.7510663270950317
broad_lam_like,LAM1:GCAATCAAGCTACCGC-1,LAM1,scRNA,program_3,0.6898822784423828
broad_lam_like,LAM1:GCAATCAGTCCTCTTG-1,LAM1,scRNA,program_3,0.040419645607471466
broad_lam_like,LAM1:GCACATACACATGACT-1,LAM1,scRNA,program_3,0.770576536655426
broad_lam_like,LAM1:GCAGCCAAGGGAGTAA-1,LAM1,scRNA,program_3,0.6693456768989563
broad_lam_like,LAM1:GCAGTTAAGTTCGCGC-1,LAM1,scRNA,program_3,0.0
broad_lam_like,LAM1:GCAGTTAGTGACTACT-1,LAM1,scRNA,program_3,0.699952244758606
broad_lam_like,LAM1:GCATACAGTCATATGC-1,LAM1,scRNA,program_3,0.7386265397071838
broad_lam_like,LAM1:GCATGTAAGAAACGAG-1,LAM1,scRNA,program_3,0.6778609156608582
broad_lam_like,LAM1:GCCAAATAGGCTCATT-1,LAM1,scRNA,program_3,0.761741578578949
broad_lam_like,LAM1:GCCTCTACACGCATCG-1,LAM1,scRNA,program_3,0.7153342366218567
broad_lam_like,LAM1:GCGGGTTGTTACGTCA-1,LAM1,scRNA,program_3,0.11232350766658783
broad_lam_like,LAM1:GCTCCTACACACGCTG-1,LAM1,scRNA,program_3,0.7556975483894348
broad_lam_like,LAM1:GCTCCTAGTCTAGTGT-1,LAM1,scRNA,program_3,0.10171470046043396
broad_lam_like,LAM1:GCTCTGTTCCGAACGC-1,LAM1,scRNA,program_3,0.027040844783186913
broad_lam_like,LAM1:GCTGCTTAGGTAAACT-1,LAM1,scRNA,program_3,0.7378467917442322
broad_lam_like,LAM1:GCTTGAAAGGTTACCT-1,LAM1,scRNA,program_3,0.5932378172874451
broad_lam_like,LAM1:GCTTGAATCATAGCAC-1,LAM1,scRNA,program_3,0.058582086116075516
broad_lam_like,LAM1:GGAAAGCGTCACCCAG-1,LAM1,scRNA,program_3,0.7774479389190674
broad_lam_like,LAM1:GGAACTTTCTGAAAGA-1,LAM1,scRNA,program_3,0.7050524353981018
broad_lam_like,LAM1:GGACAGAAGACAGACC-1,LAM1,scRNA,program_3,0.7039522528648376
broad_lam_like,LAM1:GGACGTCAGACGCAAC-1,LAM1,scRNA,program_3,0.20490555465221405
broad_lam_like,LAM1:GGAGCAACATGAGCGA-1,LAM1,scRNA,program_3,0.030670950189232826
broad_lam_like,LAM1:GGCAATTTCTCATTCA-1,LAM1,scRNA,program_3,0.10970798879861832
broad_lam_like,LAM1:GGCCGATTCTGATTCT-1,LAM1,scRNA,program_3,0.7183517813682556
broad_lam_like,LAM1:GGCGACTTCGCACTCT-1,LAM1,scRNA,program_3,0.0
broad_lam_like,LAM1:GGGAGATAGTTAAGTG-1,LAM1,scRNA,program_3,0.7267921566963196
broad_lam_like,LAM1:GGGATGAGTGCATCTA-1,LAM1,scRNA,program_3,0.7134062051773071
broad_lam_like,LAM1:GGGTCTGCATTTCAGG-1,LAM1,scRNA,program_3,0.1061612218618393
broad_lam_like,LAM1:GGGTCTGTCTGCCCTA-1,LAM1,scRNA,program_3,0.7466052174568176
broad_lam_like,LAM1:GGTATTGTCTGCGGCA-1,LAM1,scRNA,program_3,0.7238888144493103
broad_lam_like,LAM1:GGTGTTAGTATAGGGC-1,LAM1,scRNA,program_3,0.7266395688056946
broad_lam_like,LAM1:GTAACGTCATGTCCTC-1,LAM1,scRNA,program_3,0.782282292842865
broad_lam_like,LAM1:GTAACGTTCCACGTTC-1,LAM1,scRNA,program_3,0.7599627375602722
broad_lam_like,LAM1:GTAACGTTCCGGGTGT-1,LAM1,scRNA,program_3,0.7848092913627625
broad_lam_like,LAM1:GTAACTGGTTAGAACA-1,LAM1,scRNA,program_3,0.7553770542144775
broad_lam_like,LAM1:GTAACTGTCTTGCCGT-1,LAM1,scRNA,program_3,0.7476012110710144
broad_lam_like,LAM1:GTACGTAGTCCTCTTG-1,LAM1,scRNA,program_3,0.6161212921142578
broad_lam_like,LAM1:GTAGGCCTCTGCCCTA-1,LAM1,scRNA,program_3,0.6961718797683716
broad_lam_like,LAM1:GTCAAGTCAGGCTGAA-1,LAM1,scRNA,program_3,0.07339029014110565
broad_lam_like,LAM1:GTGAAGGTCGACAGCC-1,LAM1,scRNA,program_3,0.7270520329475403
broad_lam_like,LAM1:GTGCAGCAGAGGGCTT-1,LAM1,scRNA,program_3,0.05569183826446533
broad_lam_like,LAM1:GTTAAGCTCTGGTATG-1,LAM1,scRNA,program_3,0.0
broad_lam_like,LAM1:GTTCATTCATTCCTCG-1,LAM1,scRNA,program_3,0.012228932231664658
broad_lam_like,LAM1:GTTTCTACATTGTGCA-1,LAM1,scRNA,program_3,0.0
broad_lam_like,LAM1:TAAGAGACATTCCTGC-1,LAM1,scRNA,program_3,0.7144128680229187
broad_lam_like,LAM1:TAAGAGATCCCTAACC-1,LAM1,scRNA,program_3,0.7677842974662781
broad_lam_like,LAM1:TACAGTGAGCCCAGCT-1,LAM1,scRNA,program_3,0.7788313031196594
broad_lam_like,LAM1:TACGGATAGCGACGTA-1,LAM1,scRNA,program_3,0.0
broad_lam_like,LAM1:TACGGATCAGCGATCC-1,LAM1,scRNA,program_3,0.7658266425132751
broad_lam_like,LAM1:TACGGATGTAGCGCTC-1,LAM1,scRNA,program_3,0.7243563532829285
broad_lam_like,LAM1:TACTCGCAGGCCATAG-1,LAM1,scRNA,program_3,0.7071384787559509
broad_lam_like,LAM1:TACTCGCTCCAGTAGT-1,LAM1,scRNA,program_3,0.662057101726532
broad_lam_like,LAM1:TACTTACCATTGGCGC-1,LAM1,scRNA,program_3,0.7512099146842957
broad_lam_like,LAM1:TAGGCATCACTCTGTC-1,LAM1,scRNA,program_3,0.3882954716682434
broad_lam_like,LAM1:TATCAGGGTCATACTG-1,LAM1,scRNA,program_3,0.01782970502972603
broad_lam_like,LAM1:TATCTCATCAAGCCTA-1,LAM1,scRNA,program_3,0.10466890037059784
broad_lam_like,LAM1:TCAATCTCAAAGTCAA-1,LAM1,scRNA,program_3,0.7544527649879456
broad_lam_like,LAM1:TCAATCTGTGAACCTT-1,LAM1,scRNA,program_3,0.017568888142704964
broad_lam_like,LAM1:TCAATCTGTGCCTGCA-1,LAM1,scRNA,program_3,0.07625140994787216
broad_lam_like,LAM1:TCACGAACATACTCTT-1,LAM1,scRNA,program_3,0.7023521065711975
broad_lam_like,LAM1:TCAGATGCACATCTTT-1,LAM1,scRNA,program_3,0.5022727251052856
broad_lam_like,LAM1:TCAGCAAGTCAACTGT-1,LAM1,scRNA,program_3,0.45670172572135925
broad_lam_like,LAM1:TCAGCTCCAGCTGTGC-1,LAM1,scRNA,program_3,0.7322423458099365
broad_lam_like,LAM1:TCAGCTCTCTTAGCCC-1,LAM1,scRNA,program_3,0.07814789563417435
broad_lam_like,LAM1:TCAGGTATCAGGTTCA-1,LAM1,scRNA,program_3,0.7782637476921082
broad_lam_like,LAM1:TCCCGATAGAATTGTG-1,LAM1,scRNA,program_3,0.6239638924598694
broad_lam_like,LAM1:TCGGTAACAACCGCCA-1,LAM1,scRNA,program_3,0.7268921732902527
broad_lam_like,LAM1:TCTCTAAAGTGGTCCC-1,LAM1,scRNA,program_3,0.6458685994148254
broad_lam_like,LAM1:TCTCTAACATGGTCTA-1,LAM1,scRNA,program_3,0.0
broad_lam_like,LAM1:TCTGAGATCGTCTGAA-1,LAM1,scRNA,program_3,0.7353069186210632
broad_lam_like,LAM1:TCTGGAAGTACGCTGC-1,LAM1,scRNA,program_3,0.0003887208004016429
broad_lam_like,LAM1:TGAGCATAGGCTCTTA-1,LAM1,scRNA,program_3,0.47725605964660645
broad_lam_like,LAM1:TGATTTCGTAAGGGCT-1,LAM1,scRNA,program_3,0.7623111605644226
broad_lam_like,LAM1:TGCCAAAAGTAGTGCG-1,LAM1,scRNA,program_3,0.12708306312561035
broad_lam_like,LAM1:TGCGCAGAGGCTAGCA-1,LAM1,scRNA,program_3,0.0
broad_lam_like,LAM1:TGCGCAGAGGTGATAT-1,LAM1,scRNA,program_3,0.7093902826309204
broad_lam_like,LAM1:TGCGGGTTCGACGGAA-1,LAM1,scRNA,program_3,0.737892210483551
broad_lam_like,LAM1:TGGCGCAGTATAGTAG-1,LAM1,scRNA,program_3,0.7405105233192444
broad_lam_like,LAM1:TGGCGCAGTGCGATAG-1,LAM1,scRNA,program_3,0.6376839280128479
broad_lam_like,LAM1:TGGGCGTAGACTGGGT-1,LAM1,scRNA,program_3,0.6850067973136902
broad_lam_like,LAM1:TGTATTCAGTTTCCTT-1,LAM1,scRNA,program_3,0.7322338819503784
broad_lam_like,LAM1:TGTATTCGTATCTGCA-1,LAM1,scRNA,program_3,0.000848920491989702
broad_lam_like,LAM1:TGTCCCAAGGTCGGAT-1,LAM1,scRNA,program_3,0.7486221194267273
broad_lam_like,LAM1:TGTCCCATCCAAACAC-1,LAM1,scRNA,program_3,0.0
broad_lam_like,LAM1:TGTGGTAGTAGAGTGC-1,LAM1,scRNA,program_3,0.7623748183250427
broad_lam_like,LAM1:TGTTCCGTCTATCGCC-1,LAM1,scRNA,program_3,0.7104364037513733
broad_lam_like,LAM1:TTAACTCCAAGTTAAG-1,LAM1,scRNA,program_3,0.6364928483963013
broad_lam_like,LAM1:TTAACTCGTACTCAAC-1,LAM1,scRNA,program_3,0.035699512809515
broad_lam_like,LAM1:TTAGGACGTTCGCGAC-1,LAM1,scRNA,program_3,0.0
broad_lam_like,LAM1:TTAGGCAAGGGCTTGA-1,LAM1,scRNA,program_3,0.711719810962677
broad_lam_like,LAM1:TTAGGCAGTTCCACTC-1,LAM1,scRNA,program_3,0.09870947897434235
broad_lam_like,LAM1:TTATGCTCATGGTTGT-1,LAM1,scRNA,program_3,0.7657342553138733
broad_lam_like,LAM1:TTATGCTCATTCCTGC-1,LAM1,scRNA,program_3,0.7681252956390381
broad_lam_like,LAM1:TTCGAAGTCCCTCAGT-1,LAM1,scRNA,program_3,0.828921377658844
broad_lam_like,LAM1:TTCTACACAGTTCATG-1,LAM1,scRNA,program_3,0.0
broad_lam_like,LAM1:TTGCCGTAGTACGTTC-1,LAM1,scRNA,program_3,0.71396404504776
broad_lam_like,LAM1:TTGCCGTGTGCTTCTC-1,LAM1,scRNA,program_3,0.7779906988143921
broad_lam_like,LAM1:TTGCCGTTCGCGTTTC-1,LAM1,scRNA,program_3,0.46585312485694885
broad_lam_like,LAM1:TTGGAACAGTAGCCGA-1,LAM1,scRNA,program_3,0.6439210772514343
broad_lam_like,LAM1:TTGTAGGGTGATGTCT-1,LAM1,scRNA,program_3,0.6781606674194336
broad_lam_like,LAM1:TTTACTGTCCTACAGA-1,LAM1,scRNA,program_3,0.00783871952444315
broad_lam_like,LAM1:TTTACTGTCTGTACGA-1,LAM1,scRNA,program_3,0.4029165506362915
broad_lam_like,LAM1:TTTCCTCGTGTGACGA-1,LAM1,scRNA,program_3,0.08395274728536606
broad_lam_like,LAM1:TTTGGTTCAAGCCGTC-1,LAM1,scRNA,program_3,0.6746377944946289
broad_lam_like,LAM2:AAAGCAATCTACTCAT-1,LAM2,snRNA,program_3,0.7168657183647156
broad_lam_like,LAM2:AAAGTAGAGCTACCTA-1,LAM2,snRNA,program_3,0.6758224368095398
broad_lam_like,LAM2:AAAGTAGCAAGTAATG-1,LAM2,snRNA,program_3,0.7001481056213379
broad_lam_like,LAM2:AAAGTAGCACATCCGG-1,LAM2,snRNA,program_3,0.6976538300514221
broad_lam_like,LAM2:AACACGTGTTCACCTC-1,LAM2,snRNA,program_3,0.7128911018371582
broad_lam_like,LAM2:AACCATGAGCGAGAAA-1,LAM2,snRNA,program_3,0.7431168556213379
broad_lam_like,LAM2:AACCGCGGTAAGCACG-1,LAM2,snRNA,program_3,0.7429006695747375
broad_lam_like,LAM2:AACTCAGGTCTTGTCC-1,LAM2,snRNA,program_3,0.6717489361763
broad_lam_like,LAM2:AACTCAGGTGAAGGCT-1,LAM2,snRNA,program_3,0.5978130102157593
broad_lam_like,LAM2:AACTCCCTCAACACCA-1,LAM2,snRNA,program_3,0.7922402024269104
broad_lam_like,LAM2:AACTCTTCACTGCCAG-1,LAM2,snRNA,program_3,0.6791183948516846
broad_lam_like,LAM2:AACTTTCGTGCATCTA-1,LAM2,snRNA,program_3,0.7385095953941345
broad_lam_like,LAM2:AAGACCTTCATCTGCC-1,LAM2,snRNA,program_3,0.6808508634567261
broad_lam_like,LAM2:AAGGAGCGTTAAGAAC-1,LAM2,snRNA,program_3,0.05290473625063896
broad_lam_like,LAM2:AAGGCAGGTCTCCCTA-1,LAM2,snRNA,program_3,0.17267806828022003
broad_lam_like,LAM2:AAGGTTCGTCGGCTCA-1,LAM2,snRNA,program_3,0.0
broad_lam_like,LAM2:AATCGGTAGGTAAACT-1,LAM2,snRNA,program_3,0.7421448826789856
broad_lam_like,LAM2:ACACCCTCACGCCAGT-1,LAM2,snRNA,program_3,0.7660613656044006
broad_lam_like,LAM2:ACACCCTCAGCTCGCA-1,LAM2,snRNA,program_3,0.7668487429618835
broad_lam_like,LAM2:ACACCCTTCATGTCCC-1,LAM2,snRNA,program_3,0.7629191279411316
broad_lam_like,LAM2:ACACCGGAGGGAGTAA-1,LAM2,snRNA,program_3,0.7585568428039551
broad_lam_like,LAM2:ACACTGACACGGTAAG-1,LAM2,snRNA,program_3,0.2921372652053833
broad_lam_like,LAM2:ACAGCCGCAGGCTCAC-1,LAM2,snRNA,program_3,0.23349975049495697
broad_lam_like,LAM2:ACAGCCGCAGTGACAG-1,LAM2,snRNA,program_3,0.7199877500534058
broad_lam_like,LAM2:ACAGCTATCGATAGAA-1,LAM2,snRNA,program_3,0.7293487787246704
broad_lam_like,LAM2:ACATACGCAAACCTAC-1,LAM2,snRNA,program_3,0.7342128157615662
broad_lam_like,LAM2:ACATACGGTGGAAAGA-1,LAM2,snRNA,program_3,0.7366529703140259
broad_lam_like,LAM2:ACATCAGTCAGAAATG-1,LAM2,snRNA,program_3,0.719815194606781
broad_lam_like,LAM2:ACATGGTCAATTCCTT-1,LAM2,snRNA,program_3,0.7852127552032471
broad_lam_like,LAM2:ACATGGTCAGGTCGTC-1,LAM2,snRNA,program_3,0.7689794301986694
broad_lam_like,LAM2:ACATGGTGTTCGGGCT-1,LAM2,snRNA,program_3,0.7475299835205078
broad_lam_like,LAM2:ACCAGTAAGACCTTTG-1,LAM2,snRNA,program_3,0.7051345705986023
broad_lam_like,LAM2:ACCAGTACATGCATGT-1,LAM2,snRNA,program_3,0.7907126545906067
broad_lam_like,LAM2:ACCAGTAGTGTGTGCC-1,LAM2,snRNA,program_3,0.7406936287879944
broad_lam_like,LAM2:ACCCACTTCCACGTTC-1,LAM2,snRNA,program_3,0.6994730234146118
broad_lam_like,LAM2:ACCGTAACATGACATC-1,LAM2,snRNA,program_3,0.28281232714653015
broad_lam_like,LAM2:ACGAGCCGTGTTCTTT-1,LAM2,snRNA,program_3,0.10298682004213333
broad_lam_like,LAM2:ACGAGGAAGGACAGCT-1,LAM2,snRNA,program_3,0.7705047726631165
broad_lam_like,LAM2:ACGATACAGTCTCGGC-1,LAM2,snRNA,program_3,0.7322190403938293
broad_lam_like,LAM2:ACGATACCACCAGTTA-1,LAM2,snRNA,program_3,0.6988199353218079
broad_lam_like,LAM2:ACGATGTGTAGAAAGG-1,LAM2,snRNA,program_3,0.7265013456344604
broad_lam_like,LAM2:ACGCAGCGTCTTGATG-1,LAM2,snRNA,program_3,0.7576488256454468
broad_lam_like,LAM2:ACGCAGCTCTTTACGT-1,LAM2,snRNA,program_3,0.8031081557273865
broad_lam_like,LAM2:ACGCCAGCAAGTCTAC-1,LAM2,snRNA,program_3,0.6944037079811096
broad_lam_like,LAM2:ACGCCAGGTATGAAAC-1,LAM2,snRNA,program_3,0.7628220915794373
broad_lam_like,LAM2:ACGCCAGTCGGAATCT-1,LAM2,snRNA,program_3,0.734663724899292
broad_lam_like,LAM2:ACGCCAGTCTATGTGG-1,LAM2,snRNA,program_3,0.19261988997459412
broad_lam_like,LAM2:ACGCCGACACATGGGA-1,LAM2,snRNA,program_3,0.8033502101898193
broad_lam_like,LAM2:ACGCCGACATCACGTA-1,LAM2,snRNA,program_3,0.7280269265174866
broad_lam_like,LAM2:ACGGAGACAACTGCGC-1,LAM2,snRNA,program_3,0.7465828061103821
broad_lam_like,LAM2:ACGGCCAGTAGCTGCC-1,LAM2,snRNA,program_3,0.7411004304885864
broad_lam_like,LAM2:ACGGGTCCAAGTTAAG-1,LAM2,snRNA,program_3,0.6976498365402222
broad_lam_like,LAM2:ACTATCTCACGAAAGC-1,LAM2,snRNA,program_3,0.6026279330253601
broad_lam_like,LAM2:ACTATCTCATTGGGCC-1,LAM2,snRNA,program_3,0.7300890684127808
broad_lam_like,LAM2:ACTATCTTCCAACCAA-1,LAM2,snRNA,program_3,0.6793950796127319
broad_lam_like,LAM2:ACTATCTTCGAACGGA-1,LAM2,snRNA,program_3,0.052602704614400864
broad_lam_like,LAM2:ACTGAACGTGCGATAG-1,LAM2,snRNA,program_3,0.7472003102302551
broad_lam_like,LAM2:ACTGAACTCGCCTGTT-1,LAM2,snRNA,program_3,0.7193983793258667
broad_lam_like,LAM2:ACTGAGTAGAGGTACC-1,LAM2,snRNA,program_3,0.7069087624549866
broad_lam_like,LAM2:ACTGAGTCATTGGCGC-1,LAM2,snRNA,program_3,0.802471399307251
broad_lam_like,LAM2:ACTGAGTTCCTGTACC-1,LAM2,snRNA,program_3,0.7158682346343994
broad_lam_like,LAM2:ACTGATGCACCGAATT-1,LAM2,snRNA,program_3,0.7783466577529907
broad_lam_like,LAM2:ACTGATGGTACCGAGA-1,LAM2,snRNA,program_3,0.6877496242523193
broad_lam_like,LAM2:ACTGCTCAGCCGTCGT-1,LAM2,snRNA,program_3,0.002447902224957943
broad_lam_like,LAM2:ACTGCTCGTATATCCG-1,LAM2,snRNA,program_3,0.7582805752754211
broad_lam_like,LAM2:ACTGCTCTCTGAAAGA-1,LAM2,snRNA,program_3,0.7414303421974182
broad_lam_like,LAM2:ACTGCTCTCTGCGGCA-1,LAM2,snRNA,program_3,0.7451235055923462
broad_lam_like,LAM2:ACTTACTAGTATTGGA-1,LAM2,snRNA,program_3,0.7676379084587097
broad_lam_like,LAM2:ACTTACTCACCATCCT-1,LAM2,snRNA,program_3,0.7695372700691223
broad_lam_like,LAM2:ACTTGTTGTTCGTCTC-1,LAM2,snRNA,program_3,0.7592566013336182
broad_lam_like,LAM2:ACTTTCAAGAAGGGTA-1,LAM2,snRNA,program_3,0.7703080773353577
broad_lam_like,LAM2:ACTTTCAAGGCTCTTA-1,LAM2,snRNA,program_3,0.7495009303092957
broad_lam_like,LAM2:AGAGCTTCAAGTCTAC-1,LAM2,snRNA,program_3,0.7811298370361328
broad_lam_like,LAM2:AGAGTGGTCCAGTAGT-1,LAM2,snRNA,program_3,0.7915303707122803
broad_lam_like,LAM2:AGAGTGGTCCATGAAC-1,LAM2,snRNA,program_3,0.7683442831039429
broad_lam_like,LAM2:AGATCTGAGGATGGTC-1,LAM2,snRNA,program_3,0.7665945291519165
broad_lam_like,LAM2:AGCAGCCCAGTCTTCC-1,LAM2,snRNA,program_3,0.7485363483428955
broad_lam_like,LAM2:AGCAGCCTCCTCAATT-1,LAM2,snRNA,program_3,0.7629067897796631
broad_lam_like,LAM2:AGCAGCCTCGTAGGAG-1,LAM2,snRNA,program_3,0.7953092455863953
broad_lam_like,LAM2:AGCATACAGGCATGGT-1,LAM2,snRNA,program_3,0.734419047832489
broad_lam_like,LAM2:AGCATACTCTTTACAC-1,LAM2,snRNA,program_3,0.6871830821037292
broad_lam_like,LAM2:AGCCTAACAGGTTTCA-1,LAM2,snRNA,program_3,0.7587723731994629
broad_lam_like,LAM2:AGCGTCGCACTGTCGG-1,LAM2,snRNA,program_3,0.0
broad_lam_like,LAM2:AGCGTCGGTACGAAAT-1,LAM2,snRNA,program_3,0.6898747086524963
broad_lam_like,LAM2:AGCTCCTCAGTCGATT-1,LAM2,snRNA,program_3,0.02879210188984871
broad_lam_like,LAM2:AGCTCCTGTTAGAACA-1,LAM2,snRNA,program_3,0.7446208596229553
broad_lam_like,LAM2:AGCTCTCGTGGTCTCG-1,LAM2,snRNA,program_3,0.7636120915412903
broad_lam_like,LAM2:AGCTTGAGTCTCCATC-1,LAM2,snRNA,program_3,0.7707704305648804
broad_lam_like,LAM2:AGCTTGATCCCGGATG-1,LAM2,snRNA,program_3,0.7412458658218384
broad_lam_like,LAM2:AGGTCATCAGGACGTA-1,LAM2,snRNA,program_3,0.8101603388786316
broad_lam_like,LAM2:AGGTCATTCAGGCAAG-1,LAM2,snRNA,program_3,0.7780947089195251
broad_lam_like,LAM2:AGGTCATTCTGAAAGA-1,LAM2,snRNA,program_3,0.7245210409164429
broad_lam_like,LAM2:AGTAGTCGTTACGCGC-1,LAM2,snRNA,program_3,0.7167332768440247
broad_lam_like,LAM2:AGTCTTTGTCACAAGG-1,LAM2,snRNA,program_3,0.7163030505180359
broad_lam_like,LAM2:AGTCTTTGTCTCCCTA-1,LAM2,snRNA,program_3,0.7343440651893616
broad_lam_like,LAM2:AGTGAGGAGGTGACCA-1,LAM2,snRNA,program_3,0.7457180023193359
broad_lam_like,LAM2:AGTTGGTAGTGTGGCA-1,LAM2,snRNA,program_3,0.7515158653259277
broad_lam_like,LAM2:ATAACGCAGTGAACGC-1,LAM2,snRNA,program_3,0.8052461743354797
broad_lam_like,LAM2:ATAAGAGCACATCCGG-1,LAM2,snRNA,program_3,0.7865889668464661
broad_lam_like,LAM2:ATAGACCGTCGCATAT-1,LAM2,snRNA,program_3,0.7578685283660889
broad_lam_like,LAM2:ATAGACCTCCGTAGGC-1,LAM2,snRNA,program_3,0.7551968693733215
broad_lam_like,LAM2:ATCCGAAAGAACAATC-1,LAM2,snRNA,program_3,0.7213010191917419
broad_lam_like,LAM2:ATCGAGTCACGTGAGA-1,LAM2,snRNA,program_3,0.7740569710731506
broad_lam_like,LAM2:ATCGAGTGTCTAAACC-1,LAM2,snRNA,program_3,0.6940429210662842
broad_lam_like,LAM2:ATCTGCCGTAGAGCTG-1,LAM2,snRNA,program_3,0.7680917382240295
broad_lam_like,LAM2:ATGAGGGCAAAGAATC-1,LAM2,snRNA,program_3,0.8061299920082092
broad_lam_like,LAM2:ATGCGATAGGAATTAC-1,LAM2,snRNA,program_3,0.6865627765655518
broad_lam_like,LAM2:ATGGGAGTCATGCATG-1,LAM2,snRNA,program_3,0.22688119113445282
broad_lam_like,LAM2:ATGGGAGTCGCCATAA-1,LAM2,snRNA,program_3,0.6890881657600403
broad_lam_like,LAM2:ATGTGTGGTGCCTGTG-1,LAM2,snRNA,program_3,0.7204082012176514
broad_lam_like,LAM2:ATTATCCCAGCGTCCA-1,LAM2,snRNA,program_3,0.793105959892273
broad_lam_like,LAM2:ATTCTACAGCAACGGT-1,LAM2,snRNA,program_3,0.7965037226676941
broad_lam_like,LAM2:ATTCTACTCCCGGATG-1,LAM2,snRNA,program_3,0.674126386642456
broad_lam_like,LAM2:ATTGGACCAACCGCCA-1,LAM2,snRNA,program_3,0.7488519549369812
broad_lam_like,LAM2:ATTGGTGGTTGAACTC-1,LAM2,snRNA,program_3,0.7447075247764587
broad_lam_like,LAM2:ATTGGTGTCGTACGGC-1,LAM2,snRNA,program_3,0.7510628700256348
broad_lam_like,LAM2:CAACCAATCAGCTCTC-1,LAM2,snRNA,program_3,0.775856614112854
broad_lam_like,LAM2:CAACCTCAGGTGACCA-1,LAM2,snRNA,program_3,0.6632657051086426
broad_lam_like,LAM2:CAACCTCCAATACGCT-1,LAM2,snRNA,program_3,0.7266142964363098
broad_lam_like,LAM2:CAACTAGTCACTCTTA-1,LAM2,snRNA,program_3,0.7713009715080261
broad_lam_like,LAM2:CAAGGCCAGATCCGAG-1,LAM2,snRNA,program_3,0.7235890030860901
broad_lam_like,LAM2:CAAGTTGAGATGTGGC-1,LAM2,snRNA,program_3,0.6666578054428101
broad_lam_like,LAM2:CAAGTTGTCTGACCTC-1,LAM2,snRNA,program_3,0.7056426405906677
broad_lam_like,LAM2:CACAAACAGCAACGGT-1,LAM2,snRNA,program_3,0.7963203191757202
broad_lam_like,LAM2:CACACAACAAACTGTC-1,LAM2,snRNA,program_3,0.7059577703475952
broad_lam_like,LAM2:CACACAAGTCTTTCAT-1,LAM2,snRNA,program_3,0.679452657699585
broad_lam_like,LAM2:CACACCTGTTAAGGGC-1,LAM2,snRNA,program_3,0.7371405959129333
broad_lam_like,LAM2:CACACTCAGCAGGTCA-1,LAM2,snRNA,program_3,0.12700849771499634
broad_lam_like,LAM2:CACATAGCACTCAGGC-1,LAM2,snRNA,program_3,0.7757691144943237
broad_lam_like,LAM2:CACATTTCATAAAGGT-1,LAM2,snRNA,program_3,0.13376200199127197
broad_lam_like,LAM2:CACCACTAGTGACTCT-1,LAM2,snRNA,program_3,0.7037967443466187
broad_lam_like,LAM2:CACCACTGTTCAACCA-1,LAM2,snRNA,program_3,0.53067946434021
broad_lam_like,LAM2:CACCAGGAGACTGGGT-1,LAM2,snRNA,program_3,0.7874705195426941
broad_lam_like,LAM2:CACCAGGGTTCAGCGC-1,LAM2,snRNA,program_3,0.7262036204338074
broad_lam_like,LAM2:CAGATCAAGGGTTTCT-1,LAM2,snRNA,program_3,0.7611133456230164
broad_lam_like,LAM2:CAGCAGCAGCGAAGGG-1,LAM2,snRNA,program_3,0.738276481628418
broad_lam_like,LAM2:CAGCAGCTCTGCAAGT-1,LAM2,snRNA,program_3,0.7638226747512817
broad_lam_like,LAM2:CAGCAGCTCTGCGGCA-1,LAM2,snRNA,program_3,0.7032284736633301
broad_lam_like,LAM2:CAGCATATCCCAAGAT-1,LAM2,snRNA,program_3,0.6831684112548828
broad_lam_like,LAM2:CAGCCGAAGCTCTCGG-1,LAM2,snRNA,program_3,0.5514587163925171
broad_lam_like,LAM2:CAGCGACAGTTAAGTG-1,LAM2,snRNA,program_3,0.6889784932136536
broad_lam_like,LAM2:CAGCGACCACGGTAGA-1,LAM2,snRNA,program_3,0.7455166578292847
broad_lam_like,LAM2:CAGCGACCATCCAACA-1,LAM2,snRNA,program_3,0.6420016884803772
broad_lam_like,LAM2:CAGCTAAGTAAAGTCA-1,LAM2,snRNA,program_3,0.7036502957344055
broad_lam_like,LAM2:CAGGTGCGTAAGGATT-1,LAM2,snRNA,program_3,0.762908935546875
broad_lam_like,LAM2:CAGTAACGTGTTAAGA-1,LAM2,snRNA,program_3,0.7274271845817566
broad_lam_like,LAM2:CAGTCCTGTATGGTTC-1,LAM2,snRNA,program_3,0.7229961156845093
broad_lam_like,LAM2:CATATGGCACGCATCG-1,LAM2,snRNA,program_3,0.7659236192703247
broad_lam_like,LAM2:CATATGGGTGTTTGGT-1,LAM2,snRNA,program_3,0.7989653944969177
broad_lam_like,LAM2:CATCCACAGGGTCTCC-1,LAM2,snRNA,program_3,0.7159794569015503
broad_lam_like,LAM2:CATCCACTCATTGCGA-1,LAM2,snRNA,program_3,0.7394494414329529
broad_lam_like,LAM2:CATCGGGAGGGCACTA-1,LAM2,snRNA,program_3,0.7319150567054749
broad_lam_like,LAM2:CATCGGGGTGCGCTTG-1,LAM2,snRNA,program_3,0.7361636161804199
broad_lam_like,LAM2:CATCGGGTCGCGCCAA-1,LAM2,snRNA,program_3,0.7174291610717773
broad_lam_like,LAM2:CATGACATCGAACTGT-1,LAM2,snRNA,program_3,0.5325540900230408
broad_lam_like,LAM2:CATTATCAGTGGGCTA-1,LAM2,snRNA,program_3,0.7909543514251709
broad_lam_like,LAM2:CATTATCTCTACCAGA-1,LAM2,snRNA,program_3,0.7920549511909485
broad_lam_like,LAM2:CATTCGCAGCGCCTTG-1,LAM2,snRNA,program_3,0.5269438624382019
broad_lam_like,LAM2:CATTCGCGTTTGTTTC-1,LAM2,snRNA,program_3,0.7482832670211792
broad_lam_like,LAM2:CCAATCCCAACCGCCA-1,LAM2,snRNA,program_3,0.7574536800384521
broad_lam_like,LAM2:CCAATCCGTGTATGGG-1,LAM2,snRNA,program_3,0.22541822493076324
broad_lam_like,LAM2:CCACCTAGTAGCAAAT-1,LAM2,snRNA,program_3,0.7215930223464966
broad_lam_like,LAM2:CCACGGAAGACAGACC-1,LAM2,snRNA,program_3,0.7649232745170593
broad_lam_like,LAM2:CCACGGAAGCGATTCT-1,LAM2,snRNA,program_3,0.0
broad_lam_like,LAM2:CCAGCGAGTAAAGGAG-1,LAM2,snRNA,program_3,0.7770372629165649
broad_lam_like,LAM2:CCATGTCAGGTTACCT-1,LAM2,snRNA,program_3,0.7826395630836487
broad_lam_like,LAM2:CCATGTCCAAGCGAGT-1,LAM2,snRNA,program_3,0.7818167209625244
broad_lam_like,LAM2:CCCAATCAGCCCAACC-1,LAM2,snRNA,program_3,0.703650951385498
broad_lam_like,LAM2:CCCAATCTCGCTGATA-1,LAM2,snRNA,program_3,0.7663494944572449
broad_lam_like,LAM2:CCCAGTTAGAGACTAT-1,LAM2,snRNA,program_3,0.7742937803268433
broad_lam_like,LAM2:CCCAGTTGTAGCTGCC-1,LAM2,snRNA,program_3,0.6978476643562317
broad_lam_like,LAM2:CCCAGTTGTCTTGCGG-1,LAM2,snRNA,program_3,0.7658817768096924
broad_lam_like,LAM2:CCCATACGTGCTAGCC-1,LAM2,snRNA,program_3,0.7120924592018127
broad_lam_like,LAM2:CCCTCCTTCCCTTGCA-1,LAM2,snRNA,program_3,0.7915175557136536
broad_lam_like,LAM2:CCGGGATTCCTTAATC-1,LAM2,snRNA,program_3,0.7149820923805237
broad_lam_like,LAM2:CCGGTAGAGAGTGACC-1,LAM2,snRNA,program_3,0.7576163411140442
broad_lam_like,LAM2:CCGGTAGAGTGAACAT-1,LAM2,snRNA,program_3,0.6929354071617126
broad_lam_like,LAM2:CCGGTAGCAAACAACA-1,LAM2,snRNA,program_3,0.7752125859260559
broad_lam_like,LAM2:CCGGTAGTCAGGCAAG-1,LAM2,snRNA,program_3,0.7629365921020508
broad_lam_like,LAM2:CCGTACTAGGAATTAC-1,LAM2,snRNA,program_3,0.7479107975959778
broad_lam_like,LAM2:CCGTGGACAAGGTTTC-1,LAM2,snRNA,program_3,0.7040198445320129
broad_lam_like,LAM2:CCGTTCAGTTTGCATG-1,LAM2,snRNA,program_3,0.7689059972763062
broad_lam_like,LAM2:CCGTTCATCTGTGCAA-1,LAM2,snRNA,program_3,0.7502098679542542
broad_lam_like,LAM2:CCTAAAGCACGGACAA-1,LAM2,snRNA,program_3,0.7196962237358093
broad_lam_like,LAM2:CCTAAAGGTGCAACTT-1,LAM2,snRNA,program_3,0.47204962372779846
broad_lam_like,LAM2:CCTACACCACAAGACG-1,LAM2,snRNA,program_3,0.6183333992958069
broad_lam_like,LAM2:CCTACCACAGCCAATT-1,LAM2,snRNA,program_3,0.7409244179725647
broad_lam_like,LAM2:CCTACCAGTGCACCAC-1,LAM2,snRNA,program_3,0.6675798296928406
broad_lam_like,LAM2:CCTAGCTCAGACGCTC-1,LAM2,snRNA,program_3,0.7579102516174316
broad_lam_like,LAM2:CCTTACGCACATGACT-1,LAM2,snRNA,program_3,0.7516743540763855
broad_lam_like,LAM2:CCTTACGGTACTCAAC-1,LAM2,snRNA,program_3,0.7205320596694946
broad_lam_like,LAM2:CCTTACGGTATAGTAG-1,LAM2,snRNA,program_3,0.6802349090576172
broad_lam_like,LAM2:CCTTCGAGTCACAAGG-1,LAM2,snRNA,program_3,0.7739273905754089
broad_lam_like,LAM2:CGACCTTCACCGCTAG-1,LAM2,snRNA,program_3,0.6976138353347778
broad_lam_like,LAM2:CGACTTCTCATGTCCC-1,LAM2,snRNA,program_3,0.738333523273468
broad_lam_like,LAM2:CGAGCACCAGACGTAG-1,LAM2,snRNA,program_3,0.11195280402898788
broad_lam_like,LAM2:CGAGCACGTTTGACTG-1,LAM2,snRNA,program_3,0.6489706039428711
broad_lam_like,LAM2:CGATGGCCAGCTCGAC-1,LAM2,snRNA,program_3,0.7915614247322083
broad_lam_like,LAM2:CGATTGAAGCTCTCGG-1,LAM2,snRNA,program_3,0.7459469437599182
broad_lam_like,LAM2:CGATTGAGTCAATACC-1,LAM2,snRNA,program_3,0.7576282024383545
broad_lam_like,LAM2:CGATTGAGTTCCATGA-1,LAM2,snRNA,program_3,0.7745704650878906
broad_lam_like,LAM2:CGCCAAGGTAGCACGA-1,LAM2,snRNA,program_3,0.7831571102142334
broad_lam_like,LAM2:CGCGGTAAGCCGATTT-1,LAM2,snRNA,program_3,0.8135393857955933
broad_lam_like,LAM2:CGCTTCAGTCTCCACT-1,LAM2,snRNA,program_3,0.7562733292579651
broad_lam_like,LAM2:CGGACACTCACATACG-1,LAM2,snRNA,program_3,0.7561583518981934
broad_lam_like,LAM2:CGGACTGTCTGGTTCC-1,LAM2,snRNA,program_3,0.800268828868866
broad_lam_like,LAM2:CGGAGTCAGAGGTTAT-1,LAM2,snRNA,program_3,0.7294524312019348
broad_lam_like,LAM2:CGGCTAGCAGACACTT-1,LAM2,snRNA,program_3,0.7582064270973206
broad_lam_like,LAM2:CGGCTAGTCAACTCTT-1,LAM2,snRNA,program_3,0.661907434463501
broad_lam_like,LAM2:CGGGTCAAGGAACTGC-1,LAM2,snRNA,program_3,0.7695550918579102
broad_lam_like,LAM2:CGGGTCACATTCACTT-1,LAM2,snRNA,program_3,0.7265498042106628
broad_lam_like,LAM2:CGGGTCAGTGTGCGTC-1,LAM2,snRNA,program_3,0.7711673974990845
broad_lam_like,LAM2:CGGTTAAAGGTACTCT-1,LAM2,snRNA,program_3,0.7456109523773193
broad_lam_like,LAM2:CGGTTAAAGTCCAGGA-1,LAM2,snRNA,program_3,0.7333246469497681
broad_lam_like,LAM2:CGTAGCGTCAAACCAC-1,LAM2,snRNA,program_3,0.7423757314682007
broad_lam_like,LAM2:CGTCAGGGTAGCGTAG-1,LAM2,snRNA,program_3,0.7847343683242798
broad_lam_like,LAM2:CGTCCATCATCGATTG-1,LAM2,snRNA,program_3,0.718545138835907
broad_lam_like,LAM2:CGTCCATTCAATACCG-1,LAM2,snRNA,program_3,0.7615728974342346
broad_lam_like,LAM2:CGTCTACCAGCTCGAC-1,LAM2,snRNA,program_3,0.7621113657951355
broad_lam_like,LAM2:CGTGTCTTCCGCAAGC-1,LAM2,snRNA,program_3,0.7321099042892456
broad_lam_like,LAM2:CGTTAGATCTACCTGC-1,LAM2,snRNA,program_3,0.7842617034912109
broad_lam_like,LAM2:CTAACTTCAAGCGCTC-1,LAM2,snRNA,program_3,0.09875471889972687
broad_lam_like,LAM2:CTAAGACCATGCCACG-1,LAM2,snRNA,program_3,0.7196837067604065
broad_lam_like,LAM2:CTACCCAGTGGCTCCA-1,LAM2,snRNA,program_3,0.7285689115524292
broad_lam_like,LAM2:CTACGTCAGTTACGGG-1,LAM2,snRNA,program_3,0.8142593502998352
broad_lam_like,LAM2:CTACGTCCATCAGTAC-1,LAM2,snRNA,program_3,0.6995410919189453
broad_lam_like,LAM2:CTACGTCGTCTGCGGT-1,LAM2,snRNA,program_3,0.7012765407562256
broad_lam_like,LAM2:CTAGAGTTCAGTTTGG-1,LAM2,snRNA,program_3,0.7076365947723389
broad_lam_like,LAM2:CTAGCCTAGTGCGTGA-1,LAM2,snRNA,program_3,0.8095503449440002
broad_lam_like,LAM2:CTAGCCTTCGGGAGTA-1,LAM2,snRNA,program_3,0.7262186408042908
broad_lam_like,LAM2:CTAGTGAAGGGAAACA-1,LAM2,snRNA,program_3,0.7649868726730347
broad_lam_like,LAM2:CTAGTGATCTACTATC-1,LAM2,snRNA,program_3,0.631629467010498
broad_lam_like,LAM2:CTCACACCATCGATGT-1,LAM2,snRNA,program_3,0.7434012293815613
broad_lam_like,LAM2:CTCACACGTCCTGCTT-1,LAM2,snRNA,program_3,0.8048544526100159
broad_lam_like,LAM2:CTCCTAGAGTTGTAGA-1,LAM2,snRNA,program_3,0.7791048884391785
broad_lam_like,LAM2:CTCCTAGCAGTATCTG-1,LAM2,snRNA,program_3,0.2607015073299408
broad_lam_like,LAM2:CTCCTAGTCTCTAGGA-1,LAM2,snRNA,program_3,0.7892782092094421
broad_lam_like,LAM2:CTCGAAATCGGCATCG-1,LAM2,snRNA,program_3,0.648737370967865
broad_lam_like,LAM2:CTCGAAATCGGTGTTA-1,LAM2,snRNA,program_3,0.740376353263855
broad_lam_like,LAM2:CTCGAGGGTTTACTCT-1,LAM2,snRNA,program_3,0.704189658164978
broad_lam_like,LAM2:CTCGGAGAGATGCCTT-1,LAM2,snRNA,program_3,0.20458516478538513
broad_lam_like,LAM2:CTCGGAGGTGCAGGTA-1,LAM2,snRNA,program_3,0.8232484459877014
broad_lam_like,LAM2:CTCGGGACAGGGAGAG-1,LAM2,snRNA,program_3,0.7228673696517944
broad_lam_like,LAM2:CTCGTACAGTCCGTAT-1,LAM2,snRNA,program_3,0.7879073023796082
broad_lam_like,LAM2:CTCGTACTCGGAGGTA-1,LAM2,snRNA,program_3,0.7317147850990295
broad_lam_like,LAM2:CTCGTCAGTTATCACG-1,LAM2,snRNA,program_3,0.7285817265510559
broad_lam_like,LAM2:CTCTACGTCTCATTCA-1,LAM2,snRNA,program_3,0.783715546131134
broad_lam_like,LAM2:CTGAAGTCATGTAGTC-1,LAM2,snRNA,program_3,0.7163333892822266
broad_lam_like,LAM2:CTGATAGAGGATGCGT-1,LAM2,snRNA,program_3,0.7080619931221008
broad_lam_like,LAM2:CTGATCCGTCCGAACC-1,LAM2,snRNA,program_3,0.7752562761306763
broad_lam_like,LAM2:CTGCCTACATTAGCCA-1,LAM2,snRNA,program_3,0.7295235395431519
broad_lam_like,LAM2:CTGCCTATCAACACTG-1,LAM2,snRNA,program_3,0.7461143732070923
broad_lam_like,LAM2:CTGCGGATCCAGGGCT-1,LAM2,snRNA,program_3,0.6802583932876587
broad_lam_like,LAM2:CTGCGGATCTCTGTCG-1,LAM2,snRNA,program_3,0.7518752813339233
broad_lam_like,LAM2:CTTAACTAGGTAGCTG-1,LAM2,snRNA,program_3,0.8074811697006226
broad_lam_like,LAM2:CTTAACTTCGAGGTAG-1,LAM2,snRNA,program_3,0.753253161907196
broad_lam_like,LAM2:CTTAGGACAAACAACA-1,LAM2,snRNA,program_3,0.7703543305397034
broad_lam_like,LAM2:CTTGGCTTCGCATGAT-1,LAM2,snRNA,program_3,0.7253227233886719
broad_lam_like,LAM2:CTTTGCGTCCATTCTA-1,LAM2,snRNA,program_3,0.6400588750839233
broad_lam_like,LAM2:GAAACTCTCTACGAGT-1,LAM2,snRNA,program_3,0.7440520524978638
broad_lam_like,LAM2:GAACCTAAGGCATTGG-1,LAM2,snRNA,program_3,0.7856037616729736
broad_lam_like,LAM2:GAACCTAAGTCTCCTC-1,LAM2,snRNA,program_3,0.7405260801315308
broad_lam_like,LAM2:GAACCTAGTAGGACAC-1,LAM2,snRNA,program_3,0.7719504237174988
broad_lam_like,LAM2:GAACCTATCCACGACG-1,LAM2,snRNA,program_3,0.748992919921875
broad_lam_like,LAM2:GAACGGACATACGCCG-1,LAM2,snRNA,program_3,0.7263501882553101
broad_lam_like,LAM2:GAAGCAGAGATCTGCT-1,LAM2,snRNA,program_3,0.7719165086746216
broad_lam_like,LAM2:GAAGCAGGTTCCACTC-1,LAM2,snRNA,program_3,0.6661165952682495
broad_lam_like,LAM2:GAATAAGGTCAATACC-1,LAM2,snRNA,program_3,0.7224380970001221
broad_lam_like,LAM2:GAATGAAAGGCGCTCT-1,LAM2,snRNA,program_3,0.37625327706336975
broad_lam_like,LAM2:GAATGAACAGTGACAG-1,LAM2,snRNA,program_3,0.7230549454689026
broad_lam_like,LAM2:GACACGCAGAGTACCG-1,LAM2,snRNA,program_3,0.741749107837677
broad_lam_like,LAM2:GACACGCAGCTGAACG-1,LAM2,snRNA,program_3,0.8304581642150879
broad_lam_like,LAM2:GACACGCCAATGACCT-1,LAM2,snRNA,program_3,0.23453590273857117
broad_lam_like,LAM2:GACAGAGCACTCTGTC-1,LAM2,snRNA,program_3,0.7642021179199219
broad_lam_like,LAM2:GACCAATCAGTTAACC-1,LAM2,snRNA,program_3,0.7493370175361633
broad_lam_like,LAM2:GACCAATTCAGCGACC-1,LAM2,snRNA,program_3,0.5875020623207092
broad_lam_like,LAM2:GACCTGGGTGTGGTTT-1,LAM2,snRNA,program_3,0.7489616870880127
broad_lam_like,LAM2:GACGGCTAGAGACGAA-1,LAM2,snRNA,program_3,0.7842639684677124
broad_lam_like,LAM2:GACGTTACATCCTAGA-1,LAM2,snRNA,program_3,0.7674257755279541
broad_lam_like,LAM2:GACTAACCAGCTCGCA-1,LAM2,snRNA,program_3,0.7465236186981201
broad_lam_like,LAM2:GACTAACGTCAATGTC-1,LAM2,snRNA,program_3,0.5214084982872009
broad_lam_like,LAM2:GAGCAGAGTATAGGGC-1,LAM2,snRNA,program_3,0.7079471349716187
broad_lam_like,LAM2:GAGCAGATCTCCCTGA-1,LAM2,snRNA,program_3,0.763892650604248
broad_lam_like,LAM2:GAGGTGAAGAATTGTG-1,LAM2,snRNA,program_3,0.666817307472229
broad_lam_like,LAM2:GAGGTGACATTGGTAC-1,LAM2,snRNA,program_3,0.7960366606712341
broad_lam_like,LAM2:GAGGTGATCCCAAGTA-1,LAM2,snRNA,program_3,0.768048107624054
broad_lam_like,LAM2:GAGGTGATCTTGTCAT-1,LAM2,snRNA,program_3,0.5298422574996948
broad_lam_like,LAM2:GAGTCCGCAATGGATA-1,LAM2,snRNA,program_3,0.7829717397689819
broad_lam_like,LAM2:GATCAGTCACACCGCA-1,LAM2,snRNA,program_3,0.7678781747817993
broad_lam_like,LAM2:GATCAGTCATAACCTG-1,LAM2,snRNA,program_3,0.7606860399246216
broad_lam_like,LAM2:GATCGATAGTCCGGTC-1,LAM2,snRNA,program_3,0.14621976017951965
broad_lam_like,LAM2:GATCGTACAGTATGCT-1,LAM2,snRNA,program_3,0.7207065224647522
broad_lam_like,LAM2:GATCGTAGTCTAGGTT-1,LAM2,snRNA,program_3,0.8217903971672058
broad_lam_like,LAM2:GATCTAGAGACCCACC-1,LAM2,snRNA,program_3,0.5940056443214417
broad_lam_like,LAM2:GATGAAATCTCTGCTG-1,LAM2,snRNA,program_3,0.6540287733078003
broad_lam_like,LAM2:GATGAGGGTAGTACCT-1,LAM2,snRNA,program_3,0.7358825206756592
broad_lam_like,LAM2:GATGAGGGTTCCATGA-1,LAM2,snRNA,program_3,0.7667681574821472
broad_lam_like,LAM2:GATGCTAAGTCCGGTC-1,LAM2,snRNA,program_3,0.7862684726715088
broad_lam_like,LAM2:GCAAACTCAGTATAAG-1,LAM2,snRNA,program_3,0.22752298414707184
broad_lam_like,LAM2:GCAATCAGTCGAACAG-1,LAM2,snRNA,program_3,0.5629889369010925
broad_lam_like,LAM2:GCAATCATCAGAGCTT-1,LAM2,snRNA,program_3,0.7771463394165039
broad_lam_like,LAM2:GCACTCTAGACATAAC-1,LAM2,snRNA,program_3,0.772088885307312
broad_lam_like,LAM2:GCAGCCACAAGAAAGG-1,LAM2,snRNA,program_3,0.7680953145027161
broad_lam_like,LAM2:GCAGTTAAGTGTACCT-1,LAM2,snRNA,program_3,0.1728595793247223
broad_lam_like,LAM2:GCATACAAGTGTGGCA-1,LAM2,snRNA,program_3,0.7274652123451233
broad_lam_like,LAM2:GCATGATCACGGTTTA-1,LAM2,snRNA,program_3,0.7366800904273987
broad_lam_like,LAM2:GCATGATCATGCTAGT-1,LAM2,snRNA,program_3,0.47462159395217896
broad_lam_like,LAM2:GCATGATGTCTAGCCG-1,LAM2,snRNA,program_3,0.7047670483589172
broad_lam_like,LAM2:GCATGCGGTTCGTCTC-1,LAM2,snRNA,program_3,0.728299081325531
broad_lam_like,LAM2:GCCAAATGTGTTCGAT-1,LAM2,snRNA,program_3,0.7465157508850098
broad_lam_like,LAM2:GCGACCAGTCGGATCC-1,LAM2,snRNA,program_3,0.7525119185447693
broad_lam_like,LAM2:GCGCAACAGCCTTGAT-1,LAM2,snRNA,program_3,0.763007640838623
broad_lam_like,LAM2:GCGCAGTAGTACGTTC-1,LAM2,snRNA,program_3,0.007726230658590794
broad_lam_like,LAM2:GCGCCAAAGACAGAGA-1,LAM2,snRNA,program_3,0.7728254199028015
broad_lam_like,LAM2:GCGCGATAGAAGATTC-1,LAM2,snRNA,program_3,0.5339329838752747
broad_lam_like,LAM2:GCGCGATAGTGGAGTC-1,LAM2,snRNA,program_3,0.7529627084732056
broad_lam_like,LAM2:GCGGGTTGTTCCACAA-1,LAM2,snRNA,program_3,0.729229211807251
broad_lam_like,LAM2:GCTCCTAAGTGTTGAA-1,LAM2,snRNA,program_3,0.5089033842086792
broad_lam_like,LAM2:GCTCCTATCGGAAACG-1,LAM2,snRNA,program_3,0.814527153968811
broad_lam_like,LAM2:GCTGCAGAGCTGGAAC-1,LAM2,snRNA,program_3,0.795796811580658
broad_lam_like,LAM2:GCTGCGATCCGCGTTT-1,LAM2,snRNA,program_3,0.7037250399589539
broad_lam_like,LAM2:GCTGCTTGTGGACGAT-1,LAM2,snRNA,program_3,0.6835678815841675
broad_lam_like,LAM2:GCTGGGTCAGTCTTCC-1,LAM2,snRNA,program_3,0.3327658474445343
broad_lam_like,LAM2:GGAAAGCCAGCCAGAA-1,LAM2,snRNA,program_3,0.746394157409668
broad_lam_like,LAM2:GGAAAGCCATGCAACT-1,LAM2,snRNA,program_3,0.769959032535553
broad_lam_like,LAM2:GGAATAAAGAGCTGGT-1,LAM2,snRNA,program_3,0.7357043027877808
broad_lam_like,LAM2:GGAATAACATGGGAAC-1,LAM2,snRNA,program_3,0.7486729621887207
broad_lam_like,LAM2:GGACAAGCAGGACGTA-1,LAM2,snRNA,program_3,0.1420196145772934
broad_lam_like,LAM2:GGACATTGTCTCCATC-1,LAM2,snRNA,program_3,0.7143487334251404
broad_lam_like,LAM2:GGACATTTCCCACTTG-1,LAM2,snRNA,program_3,0.772682249546051
broad_lam_like,LAM2:GGACGTCCATGTCGAT-1,LAM2,snRNA,program_3,0.7542712092399597
broad_lam_like,LAM2:GGACGTCCATTAACCG-1,LAM2,snRNA,program_3,0.7367236018180847
broad_lam_like,LAM2:GGATGTTGTTGTACAC-1,LAM2,snRNA,program_3,0.7472289800643921
broad_lam_like,LAM2:GGATGTTTCGAACGGA-1,LAM2,snRNA,program_3,0.7409558892250061
broad_lam_like,LAM2:GGATTACAGTACGATA-1,LAM2,snRNA,program_3,0.6731003522872925
broad_lam_like,LAM2:GGCAATTAGGCCCGTT-1,LAM2,snRNA,program_3,0.7915453314781189
broad_lam_like,LAM2:GGCAATTCAACAACCT-1,LAM2,snRNA,program_3,0.7214213609695435
broad_lam_like,LAM2:GGCAATTTCTGATTCT-1,LAM2,snRNA,program_3,0.764107346534729
broad_lam_like,LAM2:GGCCGATAGTCGATAA-1,LAM2,snRNA,program_3,0.7545750141143799
broad_lam_like,LAM2:GGCCGATTCTCTGCTG-1,LAM2,snRNA,program_3,0.7278341054916382
broad_lam_like,LAM2:GGCGACTCACATAACC-1,LAM2,snRNA,program_3,0.7493149042129517
broad_lam_like,LAM2:GGCGACTCATCGGTTA-1,LAM2,snRNA,program_3,0.7174071073532104
broad_lam_like,LAM2:GGCGACTTCCTTTCGG-1,LAM2,snRNA,program_3,0.7682374119758606
broad_lam_like,LAM2:GGCGTGTCAAAGCAAT-1,LAM2,snRNA,program_3,0.7388032674789429
broad_lam_like,LAM2:GGCTCGAGTTGTACAC-1,LAM2,snRNA,program_3,0.15349002182483673
broad_lam_like,LAM2:GGGACCTCATCCCATC-1,LAM2,snRNA,program_3,0.7931113839149475
broad_lam_like,LAM2:GGGACCTGTTTAGCTG-1,LAM2,snRNA,program_3,0.7716938257217407
broad_lam_like,LAM2:GGGAGATAGCGTGTCC-1,LAM2,snRNA,program_3,0.48768848180770874
broad_lam_like,LAM2:GGGATGAAGCGTAGTG-1,LAM2,snRNA,program_3,0.49921998381614685
broad_lam_like,LAM2:GGGCATCGTGCTAGCC-1,LAM2,snRNA,program_3,0.7031406760215759
broad_lam_like,LAM2:GGGCATCTCGCCATAA-1,LAM2,snRNA,program_3,0.7349690198898315
broad_lam_like,LAM2:GGGTTGCAGCCCAATT-1,LAM2,snRNA,program_3,0.6870870590209961
broad_lam_like,LAM2:GGTATTGAGTGTTTGC-1,LAM2,snRNA,program_3,0.7730620503425598
broad_lam_like,LAM2:GGTGCGTGTCAAAGAT-1,LAM2,snRNA,program_3,0.7203500866889954
broad_lam_like,LAM2:GTAACTGAGTGTGAAT-1,LAM2,snRNA,program_3,0.7058029770851135
broad_lam_like,LAM2:GTAACTGCACGGCTAC-1,LAM2,snRNA,program_3,0.07979733496904373
broad_lam_like,LAM2:GTACTCCTCAGGCGAA-1,LAM2,snRNA,program_3,0.820016622543335
broad_lam_like,LAM2:GTACTTTCACGCTTTC-1,LAM2,snRNA,program_3,0.79046231508255
broad_lam_like,LAM2:GTAGTCATCCTTGACC-1,LAM2,snRNA,program_3,0.7515579462051392
broad_lam_like,LAM2:GTATCTTAGCATGGCA-1,LAM2,snRNA,program_3,0.15903650224208832
broad_lam_like,LAM2:GTATTCTCACATCCGG-1,LAM2,snRNA,program_3,0.09075481444597244
broad_lam_like,LAM2:GTCAAGTCATGAGCGA-1,LAM2,snRNA,program_3,0.7575525045394897
broad_lam_like,LAM2:GTCACAACAGCTCGCA-1,LAM2,snRNA,program_3,0.7731584310531616
broad_lam_like,LAM2:GTCCTCAAGGGATACC-1,LAM2,snRNA,program_3,0.6264766454696655
broad_lam_like,LAM2:GTCCTCAGTCCAGTGC-1,LAM2,snRNA,program_3,0.7888201475143433
broad_lam_like,LAM2:GTCGTAAGTTATTCTC-1,LAM2,snRNA,program_3,0.7057846784591675
broad_lam_like,LAM2:GTCGTAATCTTACCTA-1,LAM2,snRNA,program_3,0.7727789282798767
broad_lam_like,LAM2:GTCTCGTCATCCTAGA-1,LAM2,snRNA,program_3,0.7581120133399963
broad_lam_like,LAM2:GTGAAGGTCTGTCAAG-1,LAM2,snRNA,program_3,0.7668154239654541
broad_lam_like,LAM2:GTGCATATCTCTTGAT-1,LAM2,snRNA,program_3,0.7640767097473145
broad_lam_like,LAM2:GTGCGGTCACGAAGCA-1,LAM2,snRNA,program_3,0.7629348039627075
broad_lam_like,LAM2:GTGGGTCGTGCAGGTA-1,LAM2,snRNA,program_3,0.7227840423583984
broad_lam_like,LAM2:GTGGGTCGTTCCCGAG-1,LAM2,snRNA,program_3,0.7823625206947327
broad_lam_like,LAM2:GTGTGCGGTCCTAGCG-1,LAM2,snRNA,program_3,0.7709857821464539
broad_lam_like,LAM2:GTTAAGCAGTTACCCA-1,LAM2,snRNA,program_3,0.11258287727832794
broad_lam_like,LAM2:GTTCGGGCACATGACT-1,LAM2,snRNA,program_3,0.7880081534385681
broad_lam_like,LAM2:GTTCGGGCATAAAGGT-1,LAM2,snRNA,program_3,0.7763771414756775
broad_lam_like,LAM2:GTTTCTACAAACGTGG-1,LAM2,snRNA,program_3,0.732193648815155
broad_lam_like,LAM2:GTTTCTACACCGAATT-1,LAM2,snRNA,program_3,0.7688007950782776
broad_lam_like,LAM2:TAAACCGCAGAGTGTG-1,LAM2,snRNA,program_3,0.7593360543251038
broad_lam_like,LAM2:TAAACCGGTTGGACCC-1,LAM2,snRNA,program_3,0.7516196370124817
broad_lam_like,LAM2:TAAGTGCCATGGTCTA-1,LAM2,snRNA,program_3,0.7227964997291565
broad_lam_like,LAM2:TAAGTGCGTTATGTGC-1,LAM2,snRNA,program_3,0.7327273488044739
broad_lam_like,LAM2:TACAGTGTCGTGACAT-1,LAM2,snRNA,program_3,0.7903735041618347
broad_lam_like,LAM2:TACCTATGTGGCGAAT-1,LAM2,snRNA,program_3,0.7858413457870483
broad_lam_like,LAM2:TACGGGCGTCCGAACC-1,LAM2,snRNA,program_3,0.7250502705574036
broad_lam_like,LAM2:TACGGGCGTTGGTGGA-1,LAM2,snRNA,program_3,0.769714891910553
broad_lam_like,LAM2:TACGGTATCCCTAACC-1,LAM2,snRNA,program_3,0.742847204208374
broad_lam_like,LAM2:TACTCATCACTATCTT-1,LAM2,snRNA,program_3,0.7177165746688843
broad_lam_like,LAM2:TACTCATGTAAGAGAG-1,LAM2,snRNA,program_3,0.6604390144348145
broad_lam_like,LAM2:TACTCATTCGTAGGAG-1,LAM2,snRNA,program_3,0.7452694773674011
broad_lam_like,LAM2:TACTTGTCACTTGGAT-1,LAM2,snRNA,program_3,0.695192277431488
broad_lam_like,LAM2:TACTTGTGTGGCTCCA-1,LAM2,snRNA,program_3,0.7819167375564575
broad_lam_like,LAM2:TAGACCAAGAATTGTG-1,LAM2,snRNA,program_3,0.7012984752655029
broad_lam_like,LAM2:TAGACCATCAACGAAA-1,LAM2,snRNA,program_3,0.7265921831130981
broad_lam_like,LAM2:TAGCCGGGTGCTGTAT-1,LAM2,snRNA,program_3,0.6774914264678955
broad_lam_like,LAM2:TAGTGGTAGGACACCA-1,LAM2,snRNA,program_3,0.6897426247596741
broad_lam_like,LAM2:TAGTTGGGTACAGCAG-1,LAM2,snRNA,program_3,0.7763112783432007
broad_lam_like,LAM2:TATCAGGGTCACTTCC-1,LAM2,snRNA,program_3,0.7234310507774353
broad_lam_like,LAM2:TATCTCAGTTCTGAAC-1,LAM2,snRNA,program_3,0.7248281240463257
broad_lam_like,LAM2:TATGCCCGTATCACCA-1,LAM2,snRNA,program_3,0.7845929861068726
broad_lam_like,LAM2:TCAACGAAGCTTTGGT-1,LAM2,snRNA,program_3,0.7557409405708313
broad_lam_like,LAM2:TCAGATGTCTCGAGTA-1,LAM2,snRNA,program_3,0.6418129205703735
broad_lam_like,LAM2:TCAGCTCTCGACAGCC-1,LAM2,snRNA,program_3,0.7629342675209045
broad_lam_like,LAM2:TCAGGATCAGATCTGT-1,LAM2,snRNA,program_3,0.749484121799469
broad_lam_like,LAM2:TCAGGATTCGTAGATC-1,LAM2,snRNA,program_3,0.7206119894981384
broad_lam_like,LAM2:TCGAGGCTCACCAGGC-1,LAM2,snRNA,program_3,0.6821908354759216
broad_lam_like,LAM2:TCGCGTTGTAGCGCTC-1,LAM2,snRNA,program_3,0.750775158405304
broad_lam_like,LAM2:TCGGGACTCTTTACAC-1,LAM2,snRNA,program_3,0.6955602765083313
broad_lam_like,LAM2:TCGGTAACATGGTCAT-1,LAM2,snRNA,program_3,0.7562810778617859
broad_lam_like,LAM2:TCGTAGATCAGCGATT-1,LAM2,snRNA,program_3,0.8068540096282959
broad_lam_like,LAM2:TCTATTGCAATGCCAT-1,LAM2,snRNA,program_3,0.7769466042518616
broad_lam_like,LAM2:TCTATTGCACATTTCT-1,LAM2,snRNA,program_3,0.13182251155376434
broad_lam_like,LAM2:TCTATTGCAGGGATTG-1,LAM2,snRNA,program_3,0.08933650702238083
broad_lam_like,LAM2:TCTATTGCATTGGTAC-1,LAM2,snRNA,program_3,0.7659704089164734
broad_lam_like,LAM2:TCTCATATCAGCTGGC-1,LAM2,snRNA,program_3,0.7171653509140015
broad_lam_like,LAM2:TCTCATATCCTACAGA-1,LAM2,snRNA,program_3,0.7315924167633057
broad_lam_like,LAM2:TCTCATATCTGAAAGA-1,LAM2,snRNA,program_3,0.7387723326683044
broad_lam_like,LAM2:TCTGAGAGTATAGGGC-1,LAM2,snRNA,program_3,0.7723415493965149
broad_lam_like,LAM2:TCTGAGATCAACACTG-1,LAM2,snRNA,program_3,0.5293366312980652
broad_lam_like,LAM2:TCTGGAATCAACTCTT-1,LAM2,snRNA,program_3,0.09237154573202133
broad_lam_like,LAM2:TGACAACCACAGATTC-1,LAM2,snRNA,program_3,0.7869000434875488
broad_lam_like,LAM2:TGACTAGCAGTTAACC-1,LAM2,snRNA,program_3,0.5803511142730713
broad_lam_like,LAM2:TGACTTTAGTGAAGTT-1,LAM2,snRNA,program_3,0.7385998964309692
broad_lam_like,LAM2:TGAGCATAGTGGTAGC-1,LAM2,snRNA,program_3,0.7328986525535583
broad_lam_like,LAM2:TGATTTCGTGAAGGCT-1,LAM2,snRNA,program_3,0.71790611743927
broad_lam_like,LAM2:TGATTTCTCCTCGCAT-1,LAM2,snRNA,program_3,0.7404634356498718
broad_lam_like,LAM2:TGCACCTTCAATACCG-1,LAM2,snRNA,program_3,0.7962812781333923
broad_lam_like,LAM2:TGCCCATCACGGCCAT-1,LAM2,snRNA,program_3,0.009886177256703377
broad_lam_like,LAM2:TGCCCATGTCCAGTTA-1,LAM2,snRNA,program_3,0.721922755241394
broad_lam_like,LAM2:TGCCCTAAGCTAGCCC-1,LAM2,snRNA,program_3,0.7302291393280029
broad_lam_like,LAM2:TGCCCTACAAGCTGGA-1,LAM2,snRNA,program_3,0.6559693217277527
broad_lam_like,LAM2:TGCGGGTCATACCATG-1,LAM2,snRNA,program_3,0.709457278251648
broad_lam_like,LAM2:TGCTACCGTTGATTGC-1,LAM2,snRNA,program_3,0.7438029646873474
broad_lam_like,LAM2:TGCTGCTGTCGACTAT-1,LAM2,snRNA,program_3,0.733379602432251
broad_lam_like,LAM2:TGCTGCTGTCTCTCGT-1,LAM2,snRNA,program_3,0.7207028865814209
broad_lam_like,LAM2:TGGCCAGCAATAAGCA-1,LAM2,snRNA,program_3,0.7148582339286804
broad_lam_like,LAM2:TGGCCAGCATGAACCT-1,LAM2,snRNA,program_3,0.7510882019996643
broad_lam_like,LAM2:TGGCCAGCATTAACCG-1,LAM2,snRNA,program_3,0.7519052028656006
broad_lam_like,LAM2:TGGCCAGTCCTCAATT-1,LAM2,snRNA,program_3,0.742508590221405
broad_lam_like,LAM2:TGGCGCACATCCCATC-1,LAM2,snRNA,program_3,0.8183023929595947
broad_lam_like,LAM2:TGGCTGGAGATGTAAC-1,LAM2,snRNA,program_3,0.5421444177627563
broad_lam_like,LAM2:TGGGAAGCACATCCAA-1,LAM2,snRNA,program_3,0.7637283802032471
broad_lam_like,LAM2:TGGGCGTCAAGACACG-1,LAM2,snRNA,program_3,0.7800840735435486
broad_lam_like,LAM2:TGGGCGTGTCCGCTGA-1,LAM2,snRNA,program_3,0.7600103616714478
broad_lam_like,LAM2:TGGGCGTTCCCATTTA-1,LAM2,snRNA,program_3,0.7603031396865845
broad_lam_like,LAM2:TGGTTAGCAGCCTTTC-1,LAM2,snRNA,program_3,0.0061390213668346405
broad_lam_like,LAM2:TGGTTAGTCCTAGGGC-1,LAM2,snRNA,program_3,0.049208786338567734
broad_lam_like,LAM2:TGGTTCCAGGTAGCTG-1,LAM2,snRNA,program_3,0.7356288433074951
broad_lam_like,LAM2:TGGTTCCCAGATGAGC-1,LAM2,snRNA,program_3,0.7061294913291931
broad_lam_like,LAM2:TGTATTCGTATGCTTG-1,LAM2,snRNA,program_3,0.5472800731658936
broad_lam_like,LAM2:TGTCCCATCGGCCGAT-1,LAM2,snRNA,program_3,0.7826102375984192
broad_lam_like,LAM2:TGTGGTAGTGCTCTTC-1,LAM2,snRNA,program_3,0.07115281373262405
broad_lam_like,LAM2:TGTTCCGAGAAACCTA-1,LAM2,snRNA,program_3,0.7782604098320007
broad_lam_like,LAM2:TTAACTCCACTCTGTC-1,LAM2,snRNA,program_3,0.45555204153060913
broad_lam_like,LAM2:TTAGGCACAATGGACG-1,LAM2,snRNA,program_3,0.7023964524269104
broad_lam_like,LAM2:TTAGTTCTCCCTAACC-1,LAM2,snRNA,program_3,0.7542325258255005
broad_lam_like,LAM2:TTCCCAGAGCACACAG-1,LAM2,snRNA,program_3,0.7779234051704407
broad_lam_like,LAM2:TTCCCAGTCTCAAACG-1,LAM2,snRNA,program_3,0.7690666317939758
broad_lam_like,LAM2:TTCGGTCTCACCGTAA-1,LAM2,snRNA,program_3,0.7437933683395386
broad_lam_like,LAM2:TTCTCCTAGTAGATGT-1,LAM2,snRNA,program_3,0.729576587677002
broad_lam_like,LAM2:TTCTTAGAGGTAAACT-1,LAM2,snRNA,program_3,0.7914748787879944
broad_lam_like,LAM2:TTCTTAGGTTACCAGT-1,LAM2,snRNA,program_3,0.5756794214248657
broad_lam_like,LAM2:TTGCCGTTCAATCACG-1,LAM2,snRNA,program_3,0.6710872054100037
broad_lam_like,LAM2:TTGCGTCTCTGCGTAA-1,LAM2,snRNA,program_3,0.13523133099079132
broad_lam_like,LAM2:TTGGAACAGCCACGTC-1,LAM2,snRNA,program_3,0.7522615790367126
broad_lam_like,LAM2:TTGGCAAGTCAGTGGA-1,LAM2,snRNA,program_3,0.7898966670036316
broad_lam_like,LAM2:TTGGCAAGTTCCACTC-1,LAM2,snRNA,program_3,0.7516851425170898
broad_lam_like,LAM2:TTGTAGGCATTACCTT-1,LAM2,snRNA,program_3,0.22311465442180634
broad_lam_like,LAM2:TTTACTGAGACGCTTT-1,LAM2,snRNA,program_3,0.763038694858551
broad_lam_like,LAM2:TTTACTGAGATCCCAT-1,LAM2,snRNA,program_3,0.6705223917961121
broad_lam_like,LAM2:TTTATGCAGAGTGAGA-1,LAM2,snRNA,program_3,0.7409791946411133
broad_lam_like,LAM2:TTTATGCAGCCATCGC-1,LAM2,snRNA,program_3,0.6910827159881592
broad_lam_like,LAM2:TTTGCGCCAGGTGGAT-1,LAM2,snRNA,program_3,0.6898987293243408
broad_lam_like,LAM2:TTTGGTTCAGCCACCA-1,LAM2,snRNA,program_3,0.7795314788818359
broad_lam_like,LAM2:TTTGGTTCATCCCACT-1,LAM2,snRNA,program_3,0.7929922938346863
broad_lam_like,LAM2:TTTGGTTGTGTGTGCC-1,LAM2,snRNA,program_3,0.7594406604766846
broad_lam_like,LAM2:TTTGTCAAGTGACATA-1,LAM2,snRNA,program_3,0.6221509575843811
broad_lam_like,LAM2:TTTGTCACAACACGCC-1,LAM2,snRNA,program_3,0.7452654242515564
broad_lam_like,LAM3:AAACCTGGTTGCTCCT-1,LAM3,scRNA,program_3,0.6153073906898499
broad_lam_like,LAM3:AAAGATGGTGTTGGGA-1,LAM3,scRNA,program_3,0.7218285202980042
broad_lam_like,LAM3:AAAGTAGAGTCTTGCA-1,LAM3,scRNA,program_3,0.5027194023132324
broad_lam_like,LAM3:AAATGCCCAGATTGCT-1,LAM3,scRNA,program_3,0.48850366473197937
broad_lam_like,LAM3:AACGTTGAGGAATCGC-1,LAM3,scRNA,program_3,0.29564169049263
broad_lam_like,LAM3:AACTCCCAGGCACATG-1,LAM3,scRNA,program_3,0.24518421292304993
broad_lam_like,LAM3:AACTCTTCACGAAACG-1,LAM3,scRNA,program_3,0.6636481881141663
broad_lam_like,LAM3:AAGACCTCATATACGC-1,LAM3,scRNA,program_3,0.11639419943094254
broad_lam_like,LAM3:AAGGCAGCAGCTGCAC-1,LAM3,scRNA,program_3,0.5864474773406982
broad_lam_like,LAM3:AAGGTTCCATCGGTTA-1,LAM3,scRNA,program_3,0.05564563721418381
broad_lam_like,LAM3:AATCGGTCAGCCTTTC-1,LAM3,scRNA,program_3,0.6501957774162292
broad_lam_like,LAM3:AATCGGTGTGGCAAAC-1,LAM3,scRNA,program_3,0.7720597386360168
broad_lam_like,LAM3:ACACTGATCATCTGCC-1,LAM3,scRNA,program_3,0.5355738401412964
broad_lam_like,LAM3:ACATACGCAGCTTAAC-1,LAM3,scRNA,program_3,0.47475770115852356
broad_lam_like,LAM3:ACATACGTCAGGTTCA-1,LAM3,scRNA,program_3,0.5845916271209717
broad_lam_like,LAM3:ACCAGTACATCGTCGG-1,LAM3,scRNA,program_3,0.2509723901748657
broad_lam_like,LAM3:ACCAGTAGTATCTGCA-1,LAM3,scRNA,program_3,0.6236154437065125
broad_lam_like,LAM3:ACCTTTACAGGACCCT-1,LAM3,scRNA,program_3,0.32481396198272705
broad_lam_like,LAM3:ACGAGGATCCGTCAAA-1,LAM3,scRNA,program_3,0.7098421454429626
broad_lam_like,LAM3:ACGATACCAGGTCCAC-1,LAM3,scRNA,program_3,0.6379377245903015
broad_lam_like,LAM3:ACGATACGTACCGCTG-1,LAM3,scRNA,program_3,0.22489044070243835
broad_lam_like,LAM3:ACGCCAGTCCTAGTGA-1,LAM3,scRNA,program_3,0.04053198918700218
broad_lam_like,LAM3:ACGGCCAGTGTAAGTA-1,LAM3,scRNA,program_3,0.11892735958099365
broad_lam_like,LAM3:ACGGCCAGTGTCTGAT-1,LAM3,scRNA,program_3,0.6329586505889893
broad_lam_like,LAM3:ACGGGCTAGTCCCACG-1,LAM3,scRNA,program_3,0.6111587882041931
broad_lam_like,LAM3:ACGGGCTCAGACACTT-1,LAM3,scRNA,program_3,0.5818098187446594
broad_lam_like,LAM3:ACGGGCTTCAGTACGT-1,LAM3,scRNA,program_3,0.7054926156997681
broad_lam_like,LAM3:ACGGGTCAGGCCGAAT-1,LAM3,scRNA,program_3,0.6981565356254578
broad_lam_like,LAM3:ACTGAACAGATGTCGG-1,LAM3,scRNA,program_3,0.1616186499595642
broad_lam_like,LAM3:ACTGATGAGATCCGAG-1,LAM3,scRNA,program_3,0.17062081396579742
broad_lam_like,LAM3:ACTTACTCAATCTGCA-1,LAM3,scRNA,program_3,0.7110811471939087
broad_lam_like,LAM3:ACTTACTTCAGTTGAC-1,LAM3,scRNA,program_3,0.6656284928321838
broad_lam_like,LAM3:AGAATAGGTACGAAAT-1,LAM3,scRNA,program_3,0.7353643178939819
broad_lam_like,LAM3:AGAATAGGTTACCAGT-1,LAM3,scRNA,program_3,0.2645960748195648
broad_lam_like,LAM3:AGACGTTCAAGTCATC-1,LAM3,scRNA,program_3,0.13027110695838928
broad_lam_like,LAM3:AGACGTTGTCCATGAT-1,LAM3,scRNA,program_3,0.619000256061554
broad_lam_like,LAM3:AGAGCTTGTGCTAGCC-1,LAM3,scRNA,program_3,0.7494651079177856
broad_lam_like,LAM3:AGAGTGGAGCAGACTG-1,LAM3,scRNA,program_3,0.64799565076828
broad_lam_like,LAM3:AGAGTGGCAATGCCAT-1,LAM3,scRNA,program_3,0.003449981799349189
broad_lam_like,LAM3:AGATCTGCAAGTAATG-1,LAM3,scRNA,program_3,0.6919825077056885
broad_lam_like,LAM3:AGATTGCTCTTCAACT-1,LAM3,scRNA,program_3,0.4408452808856964
broad_lam_like,LAM3:AGCAGCCCACGAAACG-1,LAM3,scRNA,program_3,0.10923724621534348
broad_lam_like,LAM3:AGCAGCCGTCCGAAGA-1,LAM3,scRNA,program_3,0.16088441014289856
broad_lam_like,LAM3:AGCATACGTATTCGTG-1,LAM3,scRNA,program_3,0.6722201704978943
broad_lam_like,LAM3:AGCCTAAGTACCGCTG-1,LAM3,scRNA,program_3,0.20954997837543488
broad_lam_like,LAM3:AGCTCCTAGCCACTAT-1,LAM3,scRNA,program_3,0.01945299655199051
broad_lam_like,LAM3:AGCTCTCCATCGATGT-1,LAM3,scRNA,program_3,0.6759506464004517
broad_lam_like,LAM3:AGCTCTCCATTCGACA-1,LAM3,scRNA,program_3,0.4513048827648163
broad_lam_like,LAM3:AGGCCACAGTACGCCC-1,LAM3,scRNA,program_3,0.06003512814640999
broad_lam_like,LAM3:AGGCCACTCAACACCA-1,LAM3,scRNA,program_3,0.5349694490432739
broad_lam_like,LAM3:AGGGAGTGTACATCCA-1,LAM3,scRNA,program_3,0.09485175460577011
broad_lam_like,LAM3:AGGGATGCAAGTTAAG-1,LAM3,scRNA,program_3,0.0
broad_lam_like,LAM3:AGTCTTTTCTGCGTAA-1,LAM3,scRNA,program_3,0.11538973450660706
broad_lam_like,LAM3:AGTGAGGCAAAGGAAG-1,LAM3,scRNA,program_3,0.24443966150283813
broad_lam_like,LAM3:AGTGGGATCTGATTCT-1,LAM3,scRNA,program_3,0.6227843761444092
broad_lam_like,LAM3:AGTGTCATCGCTAGCG-1,LAM3,scRNA,program_3,0.13312821090221405
broad_lam_like,LAM3:ATAACGCTCTTTACAC-1,LAM3,scRNA,program_3,0.7205606698989868
broad_lam_like,LAM3:ATAAGAGTCAACGGCC-1,LAM3,scRNA,program_3,0.4040582478046417
broad_lam_like,LAM3:ATCACGAGTAGATTAG-1,LAM3,scRNA,program_3,0.6318848729133606
broad_lam_like,LAM3:ATCACGAGTGAACCTT-1,LAM3,scRNA,program_3,0.34912726283073425
broad_lam_like,LAM3:ATCATCTAGGGCTCTC-1,LAM3,scRNA,program_3,0.1593259572982788
broad_lam_like,LAM3:ATCATCTGTTCAGCGC-1,LAM3,scRNA,program_3,0.5864297151565552
broad_lam_like,LAM3:ATCCACCAGAGTAAGG-1,LAM3,scRNA,program_3,0.6397458910942078
broad_lam_like,LAM3:ATCCACCAGTTAGCGG-1,LAM3,scRNA,program_3,0.20982475578784943
broad_lam_like,LAM3:ATCGAGTAGACTTGAA-1,LAM3,scRNA,program_3,0.7508703470230103
broad_lam_like,LAM3:ATCTACTCACACCGAC-1,LAM3,scRNA,program_3,0.005789316724985838
broad_lam_like,LAM3:ATCTACTTCTCTGTCG-1,LAM3,scRNA,program_3,0.6763609051704407
broad_lam_like,LAM3:ATCTGCCTCCCAAGTA-1,LAM3,scRNA,program_3,0.4359111487865448
broad_lam_like,LAM3:ATGAGGGAGAACAACT-1,LAM3,scRNA,program_3,0.4974508285522461
broad_lam_like,LAM3:ATGAGGGAGATCACGG-1,LAM3,scRNA,program_3,0.7721425294876099
broad_lam_like,LAM3:ATGAGGGCACAGGAGT-1,LAM3,scRNA,program_3,0.0768800675868988
broad_lam_like,LAM3:ATGGGAGCAGGTCCAC-1,LAM3,scRNA,program_3,0.11825627088546753
broad_lam_like,LAM3:ATGTGTGAGGCCATAG-1,LAM3,scRNA,program_3,0.5788815021514893
broad_lam_like,LAM3:ATTACTCAGATCCGAG-1,LAM3,scRNA,program_3,0.28093239665031433
broad_lam_like,LAM3:CAACTAGCATGTAAGA-1,LAM3,scRNA,program_3,0.7120031118392944
broad_lam_like,LAM3:CAAGAAACACGAAATA-1,LAM3,scRNA,program_3,0.24311579763889313
broad_lam_like,LAM3:CAAGGCCAGCCACGCT-1,LAM3,scRNA,program_3,0.3011910319328308
broad_lam_like,LAM3:CAAGGCCTCAATAAGG-1,LAM3,scRNA,program_3,0.08984824270009995
broad_lam_like,LAM3:CAAGGCCTCACAAACC-1,LAM3,scRNA,program_3,0.47022971510887146
broad_lam_like,LAM3:CACAAACAGGAACTGC-1,LAM3,scRNA,program_3,0.4489041268825531
broad_lam_like,LAM3:CACACAAGTCTAGCGC-1,LAM3,scRNA,program_3,0.6305674910545349
broad_lam_like,LAM3:CACACAATCGAATCCA-1,LAM3,scRNA,program_3,0.6805561184883118
broad_lam_like,LAM3:CACAGGCCACGGTTTA-1,LAM3,scRNA,program_3,0.6455582976341248
broad_lam_like,LAM3:CACAGGCGTTACGCGC-1,LAM3,scRNA,program_3,0.2164263129234314
broad_lam_like,LAM3:CACAGGCTCGGGAGTA-1,LAM3,scRNA,program_3,0.699894368648529
broad_lam_like,LAM3:CACAGTAAGGGCTTGA-1,LAM3,scRNA,program_3,0.4707568287849426
broad_lam_like,LAM3:CACCACTCAAGAGTCG-1,LAM3,scRNA,program_3,0.34760260581970215
broad_lam_like,LAM3:CACCACTCAGTCACTA-1,LAM3,scRNA,program_3,0.5469420552253723
broad_lam_like,LAM3:CACCAGGAGCGCTTAT-1,LAM3,scRNA,program_3,0.0
broad_lam_like,LAM3:CACCTTGCAGCCTTGG-1,LAM3,scRNA,program_3,0.2438753992319107
broad_lam_like,LAM3:CACTCCAAGAGTAATC-1,LAM3,scRNA,program_3,0.2289302945137024
broad_lam_like,LAM3:CACTCCAAGCTAACTC-1,LAM3,scRNA,program_3,0.1906251758337021
broad_lam_like,LAM3:CACTCCAAGGTGTGGT-1,LAM3,scRNA,program_3,0.7597760558128357
broad_lam_like,LAM3:CACTCCATCACGATGT-1,LAM3,scRNA,program_3,0.5437711477279663
broad_lam_like,LAM3:CAGAGAGTCGCGCCAA-1,LAM3,scRNA,program_3,0.6729474067687988
broad_lam_like,LAM3:CAGCCGAGTCGCTTCT-1,LAM3,scRNA,program_3,0.46777114272117615
broad_lam_like,LAM3:CAGCGACCAAAGGTGC-1,LAM3,scRNA,program_3,0.5120297074317932
broad_lam_like,LAM3:CAGCTGGAGCTGCGAA-1,LAM3,scRNA,program_3,0.2840823829174042
broad_lam_like,LAM3:CAGCTGGCACCAGGCT-1,LAM3,scRNA,program_3,0.7421094179153442
broad_lam_like,LAM3:CAGCTGGGTCAGAATA-1,LAM3,scRNA,program_3,0.6645353436470032
broad_lam_like,LAM3:CAGTCCTCACCCATTC-1,LAM3,scRNA,program_3,0.4063968062400818
broad_lam_like,LAM3:CATATTCAGGCATGGT-1,LAM3,scRNA,program_3,0.49554023146629333
broad_lam_like,LAM3:CATCAAGCATGTCGAT-1,LAM3,scRNA,program_3,0.0
broad_lam_like,LAM3:CATCCACTCATATCGG-1,LAM3,scRNA,program_3,0.007548081688582897
broad_lam_like,LAM3:CATGCCTGTTAGATGA-1,LAM3,scRNA,program_3,0.6186071634292603
broad_lam_like,LAM3:CATGCCTTCCGCGCAA-1,LAM3,scRNA,program_3,0.5783605575561523
broad_lam_like,LAM3:CATTATCAGGGCTTCC-1,LAM3,scRNA,program_3,0.6341896057128906
broad_lam_like,LAM3:CATTATCCAGATCCAT-1,LAM3,scRNA,program_3,0.4614017605781555
broad_lam_like,LAM3:CATTATCTCTACTATC-1,LAM3,scRNA,program_3,0.29106879234313965
broad_lam_like,LAM3:CCACCTACACGTGAGA-1,LAM3,scRNA,program_3,0.06383199989795685
broad_lam_like,LAM3:CCACCTACATGGTCTA-1,LAM3,scRNA,program_3,0.1929987072944641
broad_lam_like,LAM3:CCACGGAAGGCAATTA-1,LAM3,scRNA,program_3,0.443144828081131
broad_lam_like,LAM3:CCACGGACAGGTCTCG-1,LAM3,scRNA,program_3,0.10196684300899506
broad_lam_like,LAM3:CCACTACTCGTGGGAA-1,LAM3,scRNA,program_3,0.30811411142349243
broad_lam_like,LAM3:CCAGCGACACGGCTAC-1,LAM3,scRNA,program_3,0.6312902569770813
broad_lam_like,LAM3:CCATGTCAGGGCTTCC-1,LAM3,scRNA,program_3,0.6147255301475525
broad_lam_like,LAM3:CCATGTCGTGCACGAA-1,LAM3,scRNA,program_3,0.6574307680130005
broad_lam_like,LAM3:CCATTCGAGGATGGAA-1,LAM3,scRNA,program_3,0.6127126812934875
broad_lam_like,LAM3:CCCAATCTCGCTAGCG-1,LAM3,scRNA,program_3,0.5634316205978394
broad_lam_like,LAM3:CCCATACAGTAGATGT-1,LAM3,scRNA,program_3,0.6318405866622925
broad_lam_like,LAM3:CCCATACCATCACCCT-1,LAM3,scRNA,program_3,0.03252191096544266
broad_lam_like,LAM3:CCCTCCTCAAGAGGCT-1,LAM3,scRNA,program_3,0.07329084724187851
broad_lam_like,LAM3:CCCTCCTGTGAGTGAC-1,LAM3,scRNA,program_3,0.529426634311676
broad_lam_like,LAM3:CCCTCCTGTTTGCATG-1,LAM3,scRNA,program_3,0.42790573835372925
broad_lam_like,LAM3:CCGGGATAGTACGTAA-1,LAM3,scRNA,program_3,0.5844840407371521
broad_lam_like,LAM3:CCGGTAGCAAGAAAGG-1,LAM3,scRNA,program_3,0.6336628198623657
broad_lam_like,LAM3:CCGGTAGCACTTCGAA-1,LAM3,scRNA,program_3,0.35425037145614624
broad_lam_like,LAM3:CCGGTAGCAGGGTATG-1,LAM3,scRNA,program_3,0.743085503578186
broad_lam_like,LAM3:CCGTACTAGACAAAGG-1,LAM3,scRNA,program_3,0.6669913530349731
broad_lam_like,LAM3:CCGTACTGTCGCTTTC-1,LAM3,scRNA,program_3,0.6238293647766113
broad_lam_like,LAM3:CCTAAAGTCCTCTAGC-1,LAM3,scRNA,program_3,0.06092391163110733
broad_lam_like,LAM3:CCTACACCAAACGTGG-1,LAM3,scRNA,program_3,0.003971070982515812
broad_lam_like,LAM3:CCTACCAAGTGAATTG-1,LAM3,scRNA,program_3,0.6788743734359741
broad_lam_like,LAM3:CCTATTATCTCTAGGA-1,LAM3,scRNA,program_3,0.5788736939430237
broad_lam_like,LAM3:CCTCAGTAGCCCTAAT-1,LAM3,scRNA,program_3,0.5766885280609131
broad_lam_like,LAM3:CCTCTGATCTCTGAGA-1,LAM3,scRNA,program_3,0.24877068400382996
broad_lam_like,LAM3:CCTTACGGTACCATCA-1,LAM3,scRNA,program_3,0.31934595108032227
broad_lam_like,LAM3:CCTTACGTCCCTTGTG-1,LAM3,scRNA,program_3,0.36860978603363037
broad_lam_like,LAM3:CCTTCCCGTGCAACGA-1,LAM3,scRNA,program_3,0.4894962012767792
broad_lam_like,LAM3:CCTTTCTTCGGCGCTA-1,LAM3,scRNA,program_3,0.5420166254043579
broad_lam_like,LAM3:CGAACATAGCGTAATA-1,LAM3,scRNA,program_3,0.7161543965339661
broad_lam_like,LAM3:CGACCTTTCGTAGGAG-1,LAM3,scRNA,program_3,0.498513787984848
broad_lam_like,LAM3:CGAGCCAAGCTAACTC-1,LAM3,scRNA,program_3,0.7546687126159668
broad_lam_like,LAM3:CGATGGCCAGCCAATT-1,LAM3,scRNA,program_3,0.6718494296073914
broad_lam_like,LAM3:CGATGGCCAGGGTATG-1,LAM3,scRNA,program_3,0.6874212622642517
broad_lam_like,LAM3:CGCCAAGCACCTTGTC-1,LAM3,scRNA,program_3,0.13345010578632355
broad_lam_like,LAM3:CGCGGTATCTTGTACT-1,LAM3,scRNA,program_3,0.024611903354525566
broad_lam_like,LAM3:CGCTATCGTGACGGTA-1,LAM3,scRNA,program_3,0.623337984085083
broad_lam_like,LAM3:CGCTGGACACATCCAA-1,LAM3,scRNA,program_3,0.030117807909846306
broad_lam_like,LAM3:CGCTGGAGTCCATCCT-1,LAM3,scRNA,program_3,0.0
broad_lam_like,LAM3:CGGACGTGTTGGGACA-1,LAM3,scRNA,program_3,0.29775094985961914
broad_lam_like,LAM3:CGGAGTCTCGAACTGT-1,LAM3,scRNA,program_3,0.6470597386360168
broad_lam_like,LAM3:CGGCTAGCAAGTCTAC-1,LAM3,scRNA,program_3,0.6444602608680725
broad_lam_like,LAM3:CGGCTAGGTTAAGGGC-1,LAM3,scRNA,program_3,0.17848187685012817
broad_lam_like,LAM3:CGGGTCATCGAACTGT-1,LAM3,scRNA,program_3,0.4937680661678314
broad_lam_like,LAM3:CGTAGCGGTGGACGAT-1,LAM3,scRNA,program_3,0.2887563109397888
broad_lam_like,LAM3:CGTAGGCTCGTGGTCG-1,LAM3,scRNA,program_3,0.111561119556427
broad_lam_like,LAM3:CGTCCATTCCACTGGG-1,LAM3,scRNA,program_3,0.06086575984954834
broad_lam_like,LAM3:CGTGAGCGTAGAAGGA-1,LAM3,scRNA,program_3,0.604072093963623
broad_lam_like,LAM3:CGTGTAATCGGGAGTA-1,LAM3,scRNA,program_3,0.15282362699508667
broad_lam_like,LAM3:CGTTAGAGTACCCAAT-1,LAM3,scRNA,program_3,0.7252225875854492
broad_lam_like,LAM3:CGTTCTGTCTGTTGAG-1,LAM3,scRNA,program_3,0.10041171312332153
broad_lam_like,LAM3:CGTTGGGAGAGTCTGG-1,LAM3,scRNA,program_3,0.5961906313896179
broad_lam_like,LAM3:CGTTGGGAGATGGCGT-1,LAM3,scRNA,program_3,0.6922069191932678
broad_lam_like,LAM3:CTAAGACTCACGACTA-1,LAM3,scRNA,program_3,0.7308409810066223
broad_lam_like,LAM3:CTACACCCAAGCCATT-1,LAM3,scRNA,program_3,0.29373490810394287
broad_lam_like,LAM3:CTACCCATCGCTGATA-1,LAM3,scRNA,program_3,0.46394550800323486
broad_lam_like,LAM3:CTAGCCTGTAACGCGA-1,LAM3,scRNA,program_3,0.6190723776817322
broad_lam_like,LAM3:CTCACACCAGCTGCTG-1,LAM3,scRNA,program_3,0.6532902717590332
broad_lam_like,LAM3:CTCCTAGGTGGTCCGT-1,LAM3,scRNA,program_3,0.7673079967498779
broad_lam_like,LAM3:CTCGAAACAGGTCGTC-1,LAM3,scRNA,program_3,0.6580912470817566
broad_lam_like,LAM3:CTCGAAAGTGATGTCT-1,LAM3,scRNA,program_3,0.21549320220947266
broad_lam_like,LAM3:CTCGAAATCTGGTTCC-1,LAM3,scRNA,program_3,0.5800554752349854
broad_lam_like,LAM3:CTCGGGAGTTCTGGTA-1,LAM3,scRNA,program_3,0.6724492311477661
broad_lam_like,LAM3:CTCGTACCATGTTGAC-1,LAM3,scRNA,program_3,0.4095282256603241
broad_lam_like,LAM3:CTCTACGAGGTGATAT-1,LAM3,scRNA,program_3,0.549689531326294
broad_lam_like,LAM3:CTCTGGTGTGAAATCA-1,LAM3,scRNA,program_3,0.46826493740081787
broad_lam_like,LAM3:CTGAAACTCAAAGTAG-1,LAM3,scRNA,program_3,0.6980003118515015
broad_lam_like,LAM3:CTGCGGATCAGGTTCA-1,LAM3,scRNA,program_3,0.5139392614364624
broad_lam_like,LAM3:CTGCTGTGTCATATCG-1,LAM3,scRNA,program_3,0.7445365190505981
broad_lam_like,LAM3:CTGCTGTTCTGTTGAG-1,LAM3,scRNA,program_3,0.08292870223522186
broad_lam_like,LAM3:CTGGTCTGTAAACCTC-1,LAM3,scRNA,program_3,0.5486156940460205
broad_lam_like,LAM3:CTGTTTAGTATAAACG-1,LAM3,scRNA,program_3,0.6725735068321228
broad_lam_like,LAM3:CTTAACTCAATCACAC-1,LAM3,scRNA,program_3,0.3020595610141754
broad_lam_like,LAM3:CTTAACTCACAGAGGT-1,LAM3,scRNA,program_3,0.041152916848659515
broad_lam_like,LAM3:CTTAACTTCGTTTAGG-1,LAM3,scRNA,program_3,0.6482875943183899
broad_lam_like,LAM3:CTTAACTTCTGGGCCA-1,LAM3,scRNA,program_3,0.050308551639318466
broad_lam_like,LAM3:CTTACCGAGCGAAGGG-1,LAM3,scRNA,program_3,0.46367132663726807
broad_lam_like,LAM3:CTTACCGTCAGGATCT-1,LAM3,scRNA,program_3,0.16553129255771637
broad_lam_like,LAM3:CTTCTCTAGGGAAACA-1,LAM3,scRNA,program_3,0.2884399890899658
broad_lam_like,LAM3:CTTCTCTCACCGGAAA-1,LAM3,scRNA,program_3,0.7211924195289612
broad_lam_like,LAM3:GAAATGATCATGGTCA-1,LAM3,scRNA,program_3,0.03809458762407303
broad_lam_like,LAM3:GAACATCTCCTTTCTC-1,LAM3,scRNA,program_3,0.37379637360572815
broad_lam_like,LAM3:GAATAAGGTAAGTAGT-1,LAM3,scRNA,program_3,0.6087924838066101
broad_lam_like,LAM3:GAATAAGTCGCGTAGC-1,LAM3,scRNA,program_3,0.6126676797866821
broad_lam_like,LAM3:GACCTGGCAGCGAACA-1,LAM3,scRNA,program_3,0.5342780351638794
broad_lam_like,LAM3:GACCTGGGTGTAACGG-1,LAM3,scRNA,program_3,0.0
broad_lam_like,LAM3:GACCTGGTCGCGTAGC-1,LAM3,scRNA,program_3,0.39659956097602844
broad_lam_like,LAM3:GACGCGTTCTCCCTGA-1,LAM3,scRNA,program_3,0.7552835941314697
broad_lam_like,LAM3:GACGGCTTCGCTTAGA-1,LAM3,scRNA,program_3,0.5970765352249146
broad_lam_like,LAM3:GACGTGCTCTGGTTCC-1,LAM3,scRNA,program_3,0.09229744970798492
broad_lam_like,LAM3:GACGTTAAGACAGGCT-1,LAM3,scRNA,program_3,0.5676544904708862
broad_lam_like,LAM3:GACGTTAAGCCGATTT-1,LAM3,scRNA,program_3,0.5517005920410156
broad_lam_like,LAM3:GACGTTAAGGGCACTA-1,LAM3,scRNA,program_3,0.03444662317633629
broad_lam_like,LAM3:GACTAACAGACTAAGT-1,LAM3,scRNA,program_3,0.0
broad_lam_like,LAM3:GACTACAAGCCCAACC-1,LAM3,scRNA,program_3,0.43097445368766785
broad_lam_like,LAM3:GACTGCGCACGTAAGG-1,LAM3,scRNA,program_3,0.680729329586029
broad_lam_like,LAM3:GAGGTGAAGCGGATCA-1,LAM3,scRNA,program_3,0.20247283577919006
broad_lam_like,LAM3:GAGGTGATCAGTTCGA-1,LAM3,scRNA,program_3,0.6873407363891602
broad_lam_like,LAM3:GAGTCCGAGAGACTTA-1,LAM3,scRNA,program_3,0.13524825870990753
broad_lam_like,LAM3:GAGTCCGGTCAGCTAT-1,LAM3,scRNA,program_3,0.4130857586860657
broad_lam_like,LAM3:GATCAGTAGAAGAAGC-1,LAM3,scRNA,program_3,0.5876591205596924
broad_lam_like,LAM3:GATCGATTCCTGCTTG-1,LAM3,scRNA,program_3,0.23698100447654724
broad_lam_like,LAM3:GATCGTAAGGTGGGTT-1,LAM3,scRNA,program_3,0.39143234491348267
broad_lam_like,LAM3:GATCTAGAGAGTCTGG-1,LAM3,scRNA,program_3,0.2127648890018463
broad_lam_like,LAM3:GATGAGGGTGCCTGCA-1,LAM3,scRNA,program_3,0.10574914515018463
broad_lam_like,LAM3:GATGAGGGTTGATTGC-1,LAM3,scRNA,program_3,0.7106709480285645
broad_lam_like,LAM3:GATGCTAAGAGCCCAA-1,LAM3,scRNA,program_3,0.15304593741893768
broad_lam_like,LAM3:GCAAACTGTAAATGTG-1,LAM3,scRNA,program_3,0.28459346294403076
broad_lam_like,LAM3:GCAATCAAGGTAGCTG-1,LAM3,scRNA,program_3,0.08359679579734802
broad_lam_like,LAM3:GCACTCTGTCTCTCGT-1,LAM3,scRNA,program_3,0.0
broad_lam_like,LAM3:GCAGCCACAACGATGG-1,LAM3,scRNA,program_3,0.0
broad_lam_like,LAM3:GCAGCCAGTCAAAGAT-1,LAM3,scRNA,program_3,0.2589743733406067
broad_lam_like,LAM3:GCAGTTACACAGGCCT-1,LAM3,scRNA,program_3,0.11789728701114655
broad_lam_like,LAM3:GCATGATAGTCGAGTG-1,LAM3,scRNA,program_3,0.34146711230278015
broad_lam_like,LAM3:GCATGCGAGCACGCCT-1,LAM3,scRNA,program_3,0.0
broad_lam_like,LAM3:GCATGCGAGTAACCCT-1,LAM3,scRNA,program_3,0.7245306968688965
broad_lam_like,LAM3:GCATGTAAGATCGGGT-1,LAM3,scRNA,program_3,0.6859884262084961
broad_lam_like,LAM3:GCCAAATAGACGACGT-1,LAM3,scRNA,program_3,0.6712022423744202
broad_lam_like,LAM3:GCCAAATCACCTGGTG-1,LAM3,scRNA,program_3,0.6195017099380493
broad_lam_like,LAM3:GCGACCAAGACAAGCC-1,LAM3,scRNA,program_3,0.21317921578884125
broad_lam_like,LAM3:GCGACCATCTTTACAC-1,LAM3,scRNA,program_3,0.17711272835731506
broad_lam_like,LAM3:GCTCCTATCGGATGTT-1,LAM3,scRNA,program_3,0.30325010418891907
broad_lam_like,LAM3:GCTGCAGTCAACACAC-1,LAM3,scRNA,program_3,0.618675708770752
broad_lam_like,LAM3:GCTGCAGTCGACAGCC-1,LAM3,scRNA,program_3,0.04482126608490944
broad_lam_like,LAM3:GCTGCGAGTGGAAAGA-1,LAM3,scRNA,program_3,0.6149940490722656
broad_lam_like,LAM3:GCTGCTTGTCCATCCT-1,LAM3,scRNA,program_3,0.5104515552520752
broad_lam_like,LAM3:GCTGCTTTCGCGGATC-1,LAM3,scRNA,program_3,0.5673443078994751
broad_lam_like,LAM3:GCTTCCATCACGCATA-1,LAM3,scRNA,program_3,0.6145486235618591
broad_lam_like,LAM3:GCTTCCATCTGACCTC-1,LAM3,scRNA,program_3,0.6265477538108826
broad_lam_like,LAM3:GGAATAACAAGAAGAG-1,LAM3,scRNA,program_3,0.7206912636756897
broad_lam_like,LAM3:GGACAGACACGGCGTT-1,LAM3,scRNA,program_3,0.5423505306243896
broad_lam_like,LAM3:GGACATTAGGTGCACA-1,LAM3,scRNA,program_3,0.6423911452293396
broad_lam_like,LAM3:GGACATTGTGGTTTCA-1,LAM3,scRNA,program_3,0.4197937548160553
broad_lam_like,LAM3:GGATGTTTCATGTCCC-1,LAM3,scRNA,program_3,0.5549168586730957
broad_lam_like,LAM3:GGCCGATTCGATCCCT-1,LAM3,scRNA,program_3,0.04647178202867508
broad_lam_like,LAM3:GGCGACTCAGGCAGTA-1,LAM3,scRNA,program_3,0.7334851622581482
broad_lam_like,LAM3:GGCTCGAGTGTGCCTG-1,LAM3,scRNA,program_3,0.22301825881004333
broad_lam_like,LAM3:GGGATGACACACGCTG-1,LAM3,scRNA,program_3,0.7091763019561768
broad_lam_like,LAM3:GGGCACTTCTCCTATA-1,LAM3,scRNA,program_3,0.005625924561172724
broad_lam_like,LAM3:GGGCACTTCTTAGCCC-1,LAM3,scRNA,program_3,0.08094102889299393
broad_lam_like,LAM3:GGGCATCTCTCACATT-1,LAM3,scRNA,program_3,0.6461349725723267
broad_lam_like,LAM3:GGGTCTGGTCAGAGGT-1,LAM3,scRNA,program_3,0.6196014881134033
broad_lam_like,LAM3:GGGTCTGGTTTAGGAA-1,LAM3,scRNA,program_3,0.6513864994049072
broad_lam_like,LAM3:GGGTTGCTCATATCGG-1,LAM3,scRNA,program_3,0.6710780262947083
broad_lam_like,LAM3:GGTATTGAGATGCGAC-1,LAM3,scRNA,program_3,0.3181975483894348
broad_lam_like,LAM3:GGTATTGTCAAACGGG-1,LAM3,scRNA,program_3,0.0672823041677475
broad_lam_like,LAM3:GTAACTGCACCGAAAG-1,LAM3,scRNA,program_3,0.519684374332428
broad_lam_like,LAM3:GTACGTAGTGGTTTCA-1,LAM3,scRNA,program_3,0.6407843828201294
broad_lam_like,LAM3:GTAGGCCCATGTCCTC-1,LAM3,scRNA,program_3,0.1216331273317337
broad_lam_like,LAM3:GTAGTCAAGATGCGAC-1,LAM3,scRNA,program_3,0.18329891562461853
broad_lam_like,LAM3:GTAGTCACATCCCATC-1,LAM3,scRNA,program_3,0.7339760661125183
broad_lam_like,LAM3:GTAGTCAGTAGGCTGA-1,LAM3,scRNA,program_3,0.6573579907417297
broad_lam_like,LAM3:GTATCTTTCGGTGTTA-1,LAM3,scRNA,program_3,0.6183854341506958
broad_lam_like,LAM3:GTCAAGTAGTGAAGAG-1,LAM3,scRNA,program_3,0.5871296525001526
broad_lam_like,LAM3:GTCAAGTCATATACGC-1,LAM3,scRNA,program_3,0.3285002112388611
broad_lam_like,LAM3:GTCAAGTTCTTAGAGC-1,LAM3,scRNA,program_3,0.31017178297042847
broad_lam_like,LAM3:GTCACAACAATCCGAT-1,LAM3,scRNA,program_3,0.1884204000234604
broad_lam_like,LAM3:GTCACGGCAGACAAGC-1,LAM3,scRNA,program_3,0.6632100939750671
broad_lam_like,LAM3:GTCATTTTCTTACCTA-1,LAM3,scRNA,program_3,0.30921947956085205
broad_lam_like,LAM3:GTCCTCATCGAACGGA-1,LAM3,scRNA,program_3,0.24972163140773773
broad_lam_like,LAM3:GTCTCGTAGTGAACGC-1,LAM3,scRNA,program_3,0.07811155915260315
broad_lam_like,LAM3:GTCTTCGTCCTTCAAT-1,LAM3,scRNA,program_3,0.7325069308280945
broad_lam_like,LAM3:GTGAAGGCACAGGTTT-1,LAM3,scRNA,program_3,0.047249455004930496
broad_lam_like,LAM3:GTGAAGGGTAGGGACT-1,LAM3,scRNA,program_3,0.3403761684894562
broad_lam_like,LAM3:GTGCAGCGTCAAAGAT-1,LAM3,scRNA,program_3,0.09550108760595322
broad_lam_like,LAM3:GTGCTTCAGCACACAG-1,LAM3,scRNA,program_3,0.5690951347351074
broad_lam_like,LAM3:GTGGGTCAGACTAGAT-1,LAM3,scRNA,program_3,0.17757226526737213
broad_lam_like,LAM3:GTGGGTCTCAACTCTT-1,LAM3,scRNA,program_3,0.16789034008979797
broad_lam_like,LAM3:GTGTGCGCACAGAGGT-1,LAM3,scRNA,program_3,0.0
broad_lam_like,LAM3:GTGTGCGTCGGTTAAC-1,LAM3,scRNA,program_3,0.09726927429437637
broad_lam_like,LAM3:GTTCGGGCAAGTACCT-1,LAM3,scRNA,program_3,0.14055410027503967
broad_lam_like,LAM3:GTTCTCGAGTGGAGAA-1,LAM3,scRNA,program_3,0.02991231344640255
broad_lam_like,LAM3:TAAACCGAGCTTTGGT-1,LAM3,scRNA,program_3,0.7475592494010925
broad_lam_like,LAM3:TAAGTGCAGACAGACC-1,LAM3,scRNA,program_3,0.6053598523139954
broad_lam_like,LAM3:TAAGTGCTCCAGATCA-1,LAM3,scRNA,program_3,0.28480321168899536
broad_lam_like,LAM3:TACACGATCTGTGCAA-1,LAM3,scRNA,program_3,0.6338454484939575
broad_lam_like,LAM3:TACAGTGAGGCAATTA-1,LAM3,scRNA,program_3,0.18688538670539856
broad_lam_like,LAM3:TACAGTGTCGCATGGC-1,LAM3,scRNA,program_3,0.32153430581092834
broad_lam_like,LAM3:TACGGGCTCTTCGGTC-1,LAM3,scRNA,program_3,0.7274097800254822
broad_lam_like,LAM3:TACGGTACATCCCACT-1,LAM3,scRNA,program_3,0.06727633625268936
broad_lam_like,LAM3:TACTCATGTGCGAAAC-1,LAM3,scRNA,program_3,0.0521075464785099
broad_lam_like,LAM3:TACTCATTCAGCCTAA-1,LAM3,scRNA,program_3,0.5367186665534973
broad_lam_like,LAM3:TACTTACGTGTCGCTG-1,LAM3,scRNA,program_3,0.021237818524241447
broad_lam_like,LAM3:TAGCCGGGTCTAGGTT-1,LAM3,scRNA,program_3,0.401143342256546
broad_lam_like,LAM3:TAGTGGTGTTAAGAAC-1,LAM3,scRNA,program_3,0.0879005715250969
broad_lam_like,LAM3:TAGTTGGCAAGAAAGG-1,LAM3,scRNA,program_3,0.3981243073940277
broad_lam_like,LAM3:TATCAGGCACGGTAAG-1,LAM3,scRNA,program_3,0.3223075270652771
broad_lam_like,LAM3:TATCTCAAGCAGCCTC-1,LAM3,scRNA,program_3,0.09384454041719437
broad_lam_like,LAM3:TATTACCTCCACTCCA-1,LAM3,scRNA,program_3,0.6254071593284607
broad_lam_like,LAM3:TCAACGACACCATGTA-1,LAM3,scRNA,program_3,0.5700281262397766
broad_lam_like,LAM3:TCACAAGGTACCATCA-1,LAM3,scRNA,program_3,0.4288087487220764
broad_lam_like,LAM3:TCACGAACACATCCGG-1,LAM3,scRNA,program_3,0.030418479815125465
broad_lam_like,LAM3:TCACGAATCATTCACT-1,LAM3,scRNA,program_3,0.6143873929977417
broad_lam_like,LAM3:TCACGAATCCACGTTC-1,LAM3,scRNA,program_3,0.0
broad_lam_like,LAM3:TCACGAATCCGCGTTT-1,LAM3,scRNA,program_3,0.0909067913889885
broad_lam_like,LAM3:TCAGCAACAGCCTTGG-1,LAM3,scRNA,program_3,0.09804707020521164
broad_lam_like,LAM3:TCAGCAAGTGTCGCTG-1,LAM3,scRNA,program_3,0.7287711501121521
broad_lam_like,LAM3:TCAGCAAGTTCCCGAG-1,LAM3,scRNA,program_3,0.4102226495742798
broad_lam_like,LAM3:TCAGCAATCGGTGTCG-1,LAM3,scRNA,program_3,0.481784462928772
broad_lam_like,LAM3:TCAGGATAGTGTACTC-1,LAM3,scRNA,program_3,0.28812554478645325
broad_lam_like,LAM3:TCAGGATTCGAGAGCA-1,LAM3,scRNA,program_3,0.4178519546985626
broad_lam_like,LAM3:TCATTACAGTAGGCCA-1,LAM3,scRNA,program_3,0.07615040987730026
broad_lam_like,LAM3:TCCACACAGAGGTAGA-1,LAM3,scRNA,program_3,0.2066015601158142
broad_lam_like,LAM3:TCCACACAGCTAAGAT-1,LAM3,scRNA,program_3,0.0
broad_lam_like,LAM3:TCCACACAGCTGCCCA-1,LAM3,scRNA,program_3,0.4514511525630951
broad_lam_like,LAM3:TCCACACGTAGCTCCG-1,LAM3,scRNA,program_3,0.6270928978919983
broad_lam_like,LAM3:TCCACACGTCATATCG-1,LAM3,scRNA,program_3,0.22072111070156097
broad_lam_like,LAM3:TCCCGATCACGGTTTA-1,LAM3,scRNA,program_3,0.11416403949260712
broad_lam_like,LAM3:TCGAGGCTCCGTTGCT-1,LAM3,scRNA,program_3,0.6397319436073303
broad_lam_like,LAM3:TCGGGACGTCCAACTA-1,LAM3,scRNA,program_3,0.079892598092556
broad_lam_like,LAM3:TCGGGACGTCGCATAT-1,LAM3,scRNA,program_3,0.10557886213064194
broad_lam_like,LAM3:TCGGGACTCCTTCAAT-1,LAM3,scRNA,program_3,0.12167146056890488
broad_lam_like,LAM3:TCGGGACTCCTTTACA-1,LAM3,scRNA,program_3,0.6047393679618835
broad_lam_like,LAM3:TCGGTAAAGGCGCTCT-1,LAM3,scRNA,program_3,0.6473416090011597
broad_lam_like,LAM3:TCGGTAATCATCGCTC-1,LAM3,scRNA,program_3,0.21207955479621887
broad_lam_like,LAM3:TCGGTAATCTGGTGTA-1,LAM3,scRNA,program_3,0.5068058371543884
broad_lam_like,LAM3:TCGTAGACAATGTTGC-1,LAM3,scRNA,program_3,0.362519234418869
broad_lam_like,LAM3:TCTCATAAGAGATGAG-1,LAM3,scRNA,program_3,0.0763830915093422
broad_lam_like,LAM3:TCTCATAAGCTCCTCT-1,LAM3,scRNA,program_3,0.02963772974908352
broad_lam_like,LAM3:TCTCATAAGGCTCAGA-1,LAM3,scRNA,program_3,0.5679497122764587
broad_lam_like,LAM3:TCTCATATCGACGGAA-1,LAM3,scRNA,program_3,0.7078379392623901
broad_lam_like,LAM3:TCTGAGACAAACTGCT-1,LAM3,scRNA,program_3,0.6433175802230835
broad_lam_like,LAM3:TCTGAGACACCGAAAG-1,LAM3,scRNA,program_3,0.3113272488117218
broad_lam_like,LAM3:TCTGAGAGTCTAGGTT-1,LAM3,scRNA,program_3,0.6371269822120667
broad_lam_like,LAM3:TCTTCGGCACCGTTGG-1,LAM3,scRNA,program_3,0.093165323138237
broad_lam_like,LAM3:TCTTTCCGTACAGTGG-1,LAM3,scRNA,program_3,0.7132853865623474
broad_lam_like,LAM3:TCTTTCCGTACATGTC-1,LAM3,scRNA,program_3,0.05469398945569992
broad_lam_like,LAM3:TGAAAGACATACTCTT-1,LAM3,scRNA,program_3,0.05736095830798149
broad_lam_like,LAM3:TGACAACAGAGTGACC-1,LAM3,scRNA,program_3,0.7243880033493042
broad_lam_like,LAM3:TGACAACGTGAAAGAG-1,LAM3,scRNA,program_3,0.13574431836605072
broad_lam_like,LAM3:TGACGGCAGGCATGTG-1,LAM3,scRNA,program_3,0.12291013449430466
broad_lam_like,LAM3:TGACTTTTCAAGCCTA-1,LAM3,scRNA,program_3,0.6887461543083191
broad_lam_like,LAM3:TGACTTTTCACGGTTA-1,LAM3,scRNA,program_3,0.06490153819322586
broad_lam_like,LAM3:TGAGCATTCACCCGAG-1,LAM3,scRNA,program_3,0.7270415425300598
broad_lam_like,LAM3:TGAGCCGAGTTGCAGG-1,LAM3,scRNA,program_3,0.06447338312864304
broad_lam_like,LAM3:TGAGGGATCACCAGGC-1,LAM3,scRNA,program_3,0.7323825359344482
broad_lam_like,LAM3:TGCGGGTGTATAATGG-1,LAM3,scRNA,program_3,0.6208087205886841
broad_lam_like,LAM3:TGCGTGGGTCTAACGT-1,LAM3,scRNA,program_3,0.6362530589103699
broad_lam_like,LAM3:TGCTACCGTGTGAAAT-1,LAM3,scRNA,program_3,0.6414928436279297
broad_lam_like,LAM3:TGCTGCTTCATTATCC-1,LAM3,scRNA,program_3,0.057964034378528595
broad_lam_like,LAM3:TGGCGCACAACAACCT-1,LAM3,scRNA,program_3,0.7247772812843323
broad_lam_like,LAM3:TGGCTGGTCAACTCTT-1,LAM3,scRNA,program_3,0.2905796766281128
broad_lam_like,LAM3:TGGTTAGGTACTTCTT-1,LAM3,scRNA,program_3,0.32921919226646423
broad_lam_like,LAM3:TGTTCCGCAATGTTGC-1,LAM3,scRNA,program_3,0.5942943692207336
broad_lam_like,LAM3:TTAACTCCAAGACACG-1,LAM3,scRNA,program_3,0.08796948939561844
broad_lam_like,LAM3:TTAGGCATCAAGATCC-1,LAM3,scRNA,program_3,0.5800054669380188
broad_lam_like,LAM3:TTCGAAGGTTCCATGA-1,LAM3,scRNA,program_3,0.08934776484966278
broad_lam_like,LAM3:TTCTACAGTCACTGGC-1,LAM3,scRNA,program_3,0.06686673313379288
broad_lam_like,LAM3:TTCTCAAGTTCACGGC-1,LAM3,scRNA,program_3,0.396883100271225
broad_lam_like,LAM3:TTGACTTGTAGCGCAA-1,LAM3,scRNA,program_3,0.10694938153028488
broad_lam_like,LAM3:TTGGCAAGTTTACTCT-1,LAM3,scRNA,program_3,0.457157164812088
broad_lam_like,LAM3:TTTACTGGTACGAAAT-1,LAM3,scRNA,program_3,0.004480207338929176
broad_lam_like,LAM3:TTTATGCAGCCACGCT-1,LAM3,scRNA,program_3,0.18852822482585907
broad_lam_like,LAM3:TTTGCGCTCACGGTTA-1,LAM3,scRNA,program_3,0.2208353728055954
broad_lam_like,LAM3:TTTGTCACAGTTCCCT-1,LAM3,scRNA,program_3,0.201548770070076
broad_lam_like,LAM4:AAAGCAAGTACATGTC-1,LAM4,snRNA,program_3,0.13170407712459564
broad_lam_like,LAM4:AACACGTTCCGAAGAG-1,LAM4,snRNA,program_3,0.5475673675537109
broad_lam_like,LAM4:AATCGGTAGCTGAACG-1,LAM4,snRNA,program_3,0.44508448243141174
broad_lam_like,LAM4:AATCGGTCATTATCTC-1,LAM4,snRNA,program_3,0.2525145709514618
broad_lam_like,LAM4:ACACCCTGTGGTCCGT-1,LAM4,snRNA,program_3,0.5783537030220032
broad_lam_like,LAM4:ACACCGGGTTACCAGT-1,LAM4,snRNA,program_3,0.51018887758255
broad_lam_like,LAM4:ACACTGAGTCAAACTC-1,LAM4,snRNA,program_3,0.050701115280389786
broad_lam_like,LAM4:ACAGCCGCAAGGTTCT-1,LAM4,snRNA,program_3,0.35497674345970154
broad_lam_like,LAM4:ACAGCCGCAATCTGCA-1,LAM4,snRNA,program_3,0.022320926189422607
broad_lam_like,LAM4:ACATCAGTCCAAAGTC-1,LAM4,snRNA,program_3,0.07394622266292572
broad_lam_like,LAM4:ACCCACTTCTTCAACT-1,LAM4,snRNA,program_3,0.5878082513809204
broad_lam_like,LAM4:ACGAGCCCACCTGGTG-1,LAM4,snRNA,program_3,0.0
broad_lam_like,LAM4:ACGCCAGGTGCACCAC-1,LAM4,snRNA,program_3,0.5683570504188538
broad_lam_like,LAM4:ACGGAGAAGACACGAC-1,LAM4,snRNA,program_3,0.045676011592149734
broad_lam_like,LAM4:ACGGGCTCACTTACGA-1,LAM4,snRNA,program_3,0.10598974674940109
broad_lam_like,LAM4:ACGTCAACAGAAGCAC-1,LAM4,snRNA,program_3,0.007795475423336029
broad_lam_like,LAM4:ACTATCTCATGGAATA-1,LAM4,snRNA,program_3,0.50102299451828
broad_lam_like,LAM4:ACTGAACCACACTGCG-1,LAM4,snRNA,program_3,0.11460468173027039
broad_lam_like,LAM4:ACTGATGCAGAGCCAA-1,LAM4,snRNA,program_3,0.5731349587440491
broad_lam_like,LAM4:AGCAGCCCATGCAACT-1,LAM4,snRNA,program_3,0.002613227814435959
broad_lam_like,LAM4:AGGCCACGTGCCTGGT-1,LAM4,snRNA,program_3,0.16590800881385803
broad_lam_like,LAM4:ATCATGGTCTCAAACG-1,LAM4,snRNA,program_3,0.1795971840620041
broad_lam_like,LAM4:ATCCACCTCCTCATTA-1,LAM4,snRNA,program_3,0.03588000312447548
broad_lam_like,LAM4:ATCCGAATCCCATTAT-1,LAM4,snRNA,program_3,0.30352193117141724
broad_lam_like,LAM4:ATGTGTGCACCATCCT-1,LAM4,snRNA,program_3,0.10107964277267456
broad_lam_like,LAM4:ATTATCCGTCGACTGC-1,LAM4,snRNA,program_3,0.08626075088977814
broad_lam_like,LAM4:CAACCAACATGACGGA-1,LAM4,snRNA,program_3,0.08783861249685287
broad_lam_like,LAM4:CAACCTCGTTCAGTAC-1,LAM4,snRNA,program_3,0.04039507731795311
broad_lam_like,LAM4:CACAAACGTTTCGCTC-1,LAM4,snRNA,program_3,0.19100408256053925
broad_lam_like,LAM4:CACATAGCATAGACTC-1,LAM4,snRNA,program_3,0.06750760227441788
broad_lam_like,LAM4:CAGATCACACACAGAG-1,LAM4,snRNA,program_3,0.11924979090690613
broad_lam_like,LAM4:CAGTAACGTTCTGAAC-1,LAM4,snRNA,program_3,0.4980572760105133
broad_lam_like,LAM4:CCAGCGAGTGCAACTT-1,LAM4,snRNA,program_3,0.1814201921224594
broad_lam_like,LAM4:CCATTCGTCACATGCA-1,LAM4,snRNA,program_3,0.0
broad_lam_like,LAM4:CCCATACAGACCTAGG-1,LAM4,snRNA,program_3,0.14588961005210876
broad_lam_like,LAM4:CCCATACCATGGTCTA-1,LAM4,snRNA,program_3,0.10271745175123215
broad_lam_like,LAM4:CCGTGGAGTGCATCTA-1,LAM4,snRNA,program_3,0.1768052875995636
broad_lam_like,LAM4:CCTACACGTCGCATCG-1,LAM4,snRNA,program_3,0.09120183438062668
broad_lam_like,LAM4:CCTACACGTCGCGTGT-1,LAM4,snRNA,program_3,0.5476738214492798
broad_lam_like,LAM4:CCTACCAAGAAACGCC-1,LAM4,snRNA,program_3,0.5678591132164001
broad_lam_like,LAM4:CCTATTAGTAGCTGCC-1,LAM4,snRNA,program_3,0.08869685232639313
broad_lam_like,LAM4:CCTCAGTAGTCAAGGC-1,LAM4,snRNA,program_3,0.12463226914405823
broad_lam_like,LAM4:CCTTACGAGTGACATA-1,LAM4,snRNA,program_3,0.0
broad_lam_like,LAM4:CCTTACGCACCGTTGG-1,LAM4,snRNA,program_3,0.11258769780397415
broad_lam_like,LAM4:CGAGAAGAGAAGCCCA-1,LAM4,snRNA,program_3,0.0
broad_lam_like,LAM4:CGATCGGAGTACGACG-1,LAM4,snRNA,program_3,0.16962485015392303
broad_lam_like,LAM4:CGATCGGTCTACTCAT-1,LAM4,snRNA,program_3,0.585351288318634
broad_lam_like,LAM4:CGCGGTATCACCGGGT-1,LAM4,snRNA,program_3,0.15440364181995392
broad_lam_like,LAM4:CGCGTTTTCTTGCATT-1,LAM4,snRNA,program_3,0.07429853081703186
broad_lam_like,LAM4:CGCTGGATCCTTGACC-1,LAM4,snRNA,program_3,0.2666347324848175
broad_lam_like,LAM4:CGGAGCTAGAATAGGG-1,LAM4,snRNA,program_3,0.02670370042324066
broad_lam_like,LAM4:CGGAGCTTCTGTCCGT-1,LAM4,snRNA,program_3,0.08836382627487183
broad_lam_like,LAM4:CGTCACTTCATTATCC-1,LAM4,snRNA,program_3,0.08038865029811859
broad_lam_like,LAM4:CGTGAGCCAAGTCTAC-1,LAM4,snRNA,program_3,0.08473382145166397
broad_lam_like,LAM4:CGTGTAAAGATCCCGC-1,LAM4,snRNA,program_3,0.5730620622634888
broad_lam_like,LAM4:CTAATGGCATGGTCAT-1,LAM4,snRNA,program_3,0.0
broad_lam_like,LAM4:CTACATTCAAGCCCAC-1,LAM4,snRNA,program_3,0.5074997544288635
broad_lam_like,LAM4:CTACCCAGTCCGAAGA-1,LAM4,snRNA,program_3,0.016768550500273705
broad_lam_like,LAM4:CTAGAGTCACGTCTCT-1,LAM4,snRNA,program_3,0.13835300505161285
broad_lam_like,LAM4:CTCAGAATCCCATTTA-1,LAM4,snRNA,program_3,0.3373931050300598
broad_lam_like,LAM4:CTCGGGAAGGGATCTG-1,LAM4,snRNA,program_3,0.5635272264480591
broad_lam_like,LAM4:CTGATCCGTTTGCATG-1,LAM4,snRNA,program_3,0.5529553890228271
broad_lam_like,LAM4:CTTCTCTTCTCCGGTT-1,LAM4,snRNA,program_3,0.13671551644802094
broad_lam_like,LAM4:GAAACTCAGAGCCCAA-1,LAM4,snRNA,program_3,0.3334973156452179
broad_lam_like,LAM4:GAAACTCGTACCTACA-1,LAM4,snRNA,program_3,0.13778813183307648
broad_lam_like,LAM4:GACCTGGTCAGCCTAA-1,LAM4,snRNA,program_3,0.5821828246116638
broad_lam_like,LAM4:GACGCGTTCGGCTTGG-1,LAM4,snRNA,program_3,0.12052161991596222
broad_lam_like,LAM4:GACGGCTAGCGTCTAT-1,LAM4,snRNA,program_3,0.0038843753281980753
broad_lam_like,LAM4:GACGTGCTCCACTCCA-1,LAM4,snRNA,program_3,0.07459548860788345
broad_lam_like,LAM4:GACGTTAGTCCGTTAA-1,LAM4,snRNA,program_3,0.1681312620639801
broad_lam_like,LAM4:GAGGTGATCTCGCTTG-1,LAM4,snRNA,program_3,0.37605783343315125
broad_lam_like,LAM4:GAGTCCGAGAAGAAGC-1,LAM4,snRNA,program_3,0.06206037476658821
broad_lam_like,LAM4:GATGAAATCCCTAATT-1,LAM4,snRNA,program_3,0.006091690622270107
broad_lam_like,LAM4:GCAAACTCAGTCTTCC-1,LAM4,snRNA,program_3,0.0078508285805583
broad_lam_like,LAM4:GCAAACTCATTCCTCG-1,LAM4,snRNA,program_3,0.5344909429550171
broad_lam_like,LAM4:GCATGTAAGTTTAGGA-1,LAM4,snRNA,program_3,0.5274219512939453
broad_lam_like,LAM4:GCATGTACAATGTTGC-1,LAM4,snRNA,program_3,0.055553171783685684
broad_lam_like,LAM4:GCATGTATCCTTCAAT-1,LAM4,snRNA,program_3,0.3028368651866913
broad_lam_like,LAM4:GCGCCAATCTGATACG-1,LAM4,snRNA,program_3,0.012292701750993729
broad_lam_like,LAM4:GCGCGATGTCAAACTC-1,LAM4,snRNA,program_3,0.572563886642456
broad_lam_like,LAM4:GCTGCAGAGAGGGCTT-1,LAM4,snRNA,program_3,0.26561248302459717
broad_lam_like,LAM4:GCTTGAATCAGCTCTC-1,LAM4,snRNA,program_3,0.083585724234581
broad_lam_like,LAM4:GGACATTCACAGGCCT-1,LAM4,snRNA,program_3,0.5837773084640503
broad_lam_like,LAM4:GGACGTCTCCTAGTGA-1,LAM4,snRNA,program_3,0.0
broad_lam_like,LAM4:GGAGCAAGTCTGATTG-1,LAM4,snRNA,program_3,0.2166222482919693
broad_lam_like,LAM4:GGCTGGTAGTTTCCTT-1,LAM4,snRNA,program_3,0.0865497812628746
broad_lam_like,LAM4:GGCTGGTGTTTAGCTG-1,LAM4,snRNA,program_3,0.2108650803565979
broad_lam_like,LAM4:GGTGCGTGTGCACCAC-1,LAM4,snRNA,program_3,0.0
broad_lam_like,LAM4:GTACGTAGTATGGTTC-1,LAM4,snRNA,program_3,0.10426931083202362
broad_lam_like,LAM4:GTACTTTGTCGATTGT-1,LAM4,snRNA,program_3,0.1015767827630043
broad_lam_like,LAM4:GTAGGCCAGAATTCCC-1,LAM4,snRNA,program_3,0.5605811476707458
broad_lam_like,LAM4:GTCATTTAGAAACCAT-1,LAM4,snRNA,program_3,0.0
broad_lam_like,LAM4:GTCGTAACACTTAACG-1,LAM4,snRNA,program_3,0.16365660727024078
broad_lam_like,LAM4:GTGTGCGCATCACCCT-1,LAM4,snRNA,program_3,0.15172161161899567
broad_lam_like,LAM4:GTTCATTTCCTCCTAG-1,LAM4,snRNA,program_3,0.24733276665210724
broad_lam_like,LAM4:TAAGCGTTCACCATAG-1,LAM4,snRNA,program_3,0.06888407468795776
broad_lam_like,LAM4:TAAGTGCAGAAACCAT-1,LAM4,snRNA,program_3,0.20030269026756287
broad_lam_like,LAM4:TACGGATTCAGCTCGG-1,LAM4,snRNA,program_3,0.6538496017456055
broad_lam_like,LAM4:TAGAGCTAGCAGGTCA-1,LAM4,snRNA,program_3,0.0
broad_lam_like,LAM4:TAGCCGGGTCTTGATG-1,LAM4,snRNA,program_3,0.5581189393997192
broad_lam_like,LAM4:TATCAGGTCAAGGTAA-1,LAM4,snRNA,program_3,0.06081151217222214
broad_lam_like,LAM4:TCATTACAGGTTCCTA-1,LAM4,snRNA,program_3,0.10700814425945282
broad_lam_like,LAM4:TCATTACGTGACGCCT-1,LAM4,snRNA,program_3,0.11490398645401001
broad_lam_like,LAM4:TCATTTGGTCGCGAAA-1,LAM4,snRNA,program_3,0.0896640196442604
broad_lam_like,LAM4:TCCCGATGTAAAGGAG-1,LAM4,snRNA,program_3,0.11188844591379166
broad_lam_like,LAM4:TCCCGATTCGACCAGC-1,LAM4,snRNA,program_3,0.025373166427016258
broad_lam_like,LAM4:TCGAGGCAGGTGCTTT-1,LAM4,snRNA,program_3,0.0
broad_lam_like,LAM4:TCGGTAAGTTCGTTGA-1,LAM4,snRNA,program_3,0.371639221906662
broad_lam_like,LAM4:TCTATTGCATCCGTGG-1,LAM4,snRNA,program_3,0.039536722004413605
broad_lam_like,LAM4:TGACGGCAGATCACGG-1,LAM4,snRNA,program_3,0.08977890014648438
broad_lam_like,LAM4:TGAGCCGGTTCGCGAC-1,LAM4,snRNA,program_3,0.06567408889532089
broad_lam_like,LAM4:TGCGGGTCAACTTGAC-1,LAM4,snRNA,program_3,0.0
broad_lam_like,LAM4:TGCTACCCATAGACTC-1,LAM4,snRNA,program_3,0.034975625574588776
broad_lam_like,LAM4:TGGGAAGAGACCTTTG-1,LAM4,snRNA,program_3,0.03225889801979065
broad_lam_like,LAM4:TGGGAAGTCTGCAGTA-1,LAM4,snRNA,program_3,0.0
broad_lam_like,LAM4:TGGTTAGTCGTACGGC-1,LAM4,snRNA,program_3,0.10712293535470963
broad_lam_like,LAM4:TGTCCCAAGCTAGTCT-1,LAM4,snRNA,program_3,0.05128732696175575
broad_lam_like,LAM4:TGTGGTAAGTGGGATC-1,LAM4,snRNA,program_3,0.0
broad_lam_like,LAM4:TGTGGTAGTCTAGAGG-1,LAM4,snRNA,program_3,0.6158522963523865
broad_lam_like,LAM4:TTAGTTCCAAGCTGGA-1,LAM4,snRNA,program_3,0.07527932524681091
broad_lam_like,LAM4:TTCCCAGTCTTGTACT-1,LAM4,snRNA,program_3,0.0
broad_lam_like,LAM4:TTCGGTCAGCTAAACA-1,LAM4,snRNA,program_3,0.021010586991906166
broad_lam_like,LAM4:TTCTACACATGATCCA-1,LAM4,snRNA,program_3,0.055669356137514114
broad_lam_like,LAM4:TTGAACGAGAGGTAGA-1,LAM4,snRNA,program_3,0.13389088213443756
broad_lam_like,LAM4:TTGCGTCCACACCGAC-1,LAM4,snRNA,program_3,0.023825278505682945
broad_lam_like,LAM4:TTGCGTCCATAGTAAG-1,LAM4,snRNA,program_3,0.07522962242364883
broad_lam_like,LAM4:TTGGCAACACGAAGCA-1,LAM4,snRNA,program_3,0.14003029465675354
broad_lam_like,LAM4:TTGTAGGAGAGCTATA-1,LAM4,snRNA,program_3,0.07266128063201904
broad_lam_like,LAM4:TTTATGCAGACTCGGA-1,LAM4,snRNA,program_3,0.05219300091266632
broad_lam_like,LAM4:TTTGTCACAGCCAGAA-1,LAM4,snRNA,program_3,0.5449705719947815
unrestricted_lam,LAM1:AAACCTGCATGTTGAC-1,LAM1,scRNA,program_1,0.08864226937294006
unrestricted_lam,LAM1:AAACCTGGTCGTGGCT-1,LAM1,scRNA,program_1,0.15193714201450348
unrestricted_lam,LAM1:AACACGTGTGTTCTTT-1,LAM1,scRNA,program_1,0.11105319112539291
unrestricted_lam,LAM1:AACACGTTCTTACCTA-1,LAM1,scRNA,program_1,0.7346336245536804
unrestricted_lam,LAM1:AACCATGGTAACGTTC-1,LAM1,scRNA,program_1,0.7021317481994629
unrestricted_lam,LAM1:AACCATGGTGTGACCC-1,LAM1,scRNA,program_1,0.08949548006057739
unrestricted_lam,LAM1:AACGTTGCAGCGTAAG-1,LAM1,scRNA,program_1,0.05011606216430664
unrestricted_lam,LAM1:AACTCAGTCTTGTATC-1,LAM1,scRNA,program_1,0.8104869723320007
unrestricted_lam,LAM1:AACTCCCAGAGACTTA-1,LAM1,scRNA,program_1,0.4438616931438446
unrestricted_lam,LAM1:AACTTTCGTACCATCA-1,LAM1,scRNA,program_1,0.3193252980709076
unrestricted_lam,LAM1:AAGCCGCCAGTACACT-1,LAM1,scRNA,program_1,0.011322841979563236
unrestricted_lam,LAM1:AAGCCGCTCTTCGAGA-1,LAM1,scRNA,program_1,0.059697799384593964
unrestricted_lam,LAM1:AAGGAGCGTTGAACTC-1,LAM1,scRNA,program_1,0.04911131411790848
unrestricted_lam,LAM1:AAGGCAGTCGGAATCT-1,LAM1,scRNA,program_1,0.054712142795324326
unrestricted_lam,LAM1:ACACCAATCAACACCA-1,LAM1,scRNA,program_1,0.5055487751960754
unrestricted_lam,LAM1:ACACCGGCAGGGTTAG-1,LAM1,scRNA,program_1,0.06446751952171326
unrestricted_lam,LAM1:ACACCGGGTGACGGTA-1,LAM1,scRNA,program_1,0.06566125154495239
unrestricted_lam,LAM1:ACACCGGTCCACGAAT-1,LAM1,scRNA,program_1,0.0431092269718647
unrestricted_lam,LAM1:ACAGCTACATGCTAGT-1,LAM1,scRNA,program_1,0.41133472323417664
unrestricted_lam,LAM1:ACATCAGTCGCCTGTT-1,LAM1,scRNA,program_1,0.7252962589263916
unrestricted_lam,LAM1:ACCGTAAGTAGCTAAA-1,LAM1,scRNA,program_1,0.13865938782691956
unrestricted_lam,LAM1:ACCTTTATCCCTAATT-1,LAM1,scRNA,program_1,0.23271964490413666
unrestricted_lam,LAM1:ACGCCAGTCTCGATGA-1,LAM1,scRNA,program_1,0.033366743475198746
unrestricted_lam,LAM1:ACGCCGAAGCCGGTAA-1,LAM1,scRNA,program_1,0.034081727266311646
unrestricted_lam,LAM1:ACGGAGAAGATCCTGT-1,LAM1,scRNA,program_1,0.7424798607826233
unrestricted_lam,LAM1:ACGGAGATCAGAAATG-1,LAM1,scRNA,program_1,0.7465409636497498
unrestricted_lam,LAM1:ACGGCCAAGTCTCCTC-1,LAM1,scRNA,program_1,0.7423242330551147
unrestricted_lam,LAM1:ACGGCCATCCCTGACT-1,LAM1,scRNA,program_1,0.028478585183620453
unrestricted_lam,LAM1:ACGGGTCCAAGTACCT-1,LAM1,scRNA,program_1,0.03883279114961624
unrestricted_lam,LAM1:ACGGGTCGTAAACACA-1,LAM1,scRNA,program_1,0.0
unrestricted_lam,LAM1:ACGTCAACAGTGACAG-1,LAM1,scRNA,program_1,0.0711895152926445
unrestricted_lam,LAM1:ACGTCAATCGACCAGC-1,LAM1,scRNA,program_1,0.020337887108325958
unrestricted_lam,LAM1:ACTATCTCATGGTCTA-1,LAM1,scRNA,program_1,0.693864107131958
unrestricted_lam,LAM1:ACTGAGTAGTCAAGCG-1,LAM1,scRNA,program_1,0.044879376888275146
unrestricted_lam,LAM1:ACTGTCCAGCCTCGTG-1,LAM1,scRNA,program_1,0.7824676036834717
unrestricted_lam,LAM1:ACTTACTCACTTCTGC-1,LAM1,scRNA,program_1,0.6437485218048096
unrestricted_lam,LAM1:ACTTGTTGTGTTTGGT-1,LAM1,scRNA,program_1,0.015915945172309875
unrestricted_lam,LAM1:ACTTTCAAGATCCCAT-1,LAM1,scRNA,program_1,0.03882904350757599
unrestricted_lam,LAM1:ACTTTCACAGGACGTA-1,LAM1,scRNA,program_1,0.01970205269753933
unrestricted_lam,LAM1:ACTTTCAGTGTTGGGA-1,LAM1,scRNA,program_1,0.6636713743209839
unrestricted_lam,LAM1:AGAATAGCACCACCAG-1,LAM1,scRNA,program_1,0.11433536559343338
unrestricted_lam,LAM1:AGAGCTTCACAGAGGT-1,LAM1,scRNA,program_1,0.050016261637210846
unrestricted_lam,LAM1:AGATCTGAGTAGGTGC-1,LAM1,scRNA,program_1,0.5795279741287231
unrestricted_lam,LAM1:AGCCTAATCCAAAGTC-1,LAM1,scRNA,program_1,0.0
unrestricted_lam,LAM1:AGCTCCTCAGCTGCTG-1,LAM1,scRNA,program_1,0.7730234861373901
unrestricted_lam,LAM1:AGCTCCTCATATACCG-1,LAM1,scRNA,program_1,0.05562226474285126
unrestricted_lam,LAM1:AGCTCTCCACCATGTA-1,LAM1,scRNA,program_1,0.02083617076277733
unrestricted_lam,LAM1:AGCTCTCTCGTTGACA-1,LAM1,scRNA,program_1,0.07635752856731415
unrestricted_lam,LAM1:AGCTTGACAGGATTGG-1,LAM1,scRNA,program_1,0.7448467016220093
unrestricted_lam,LAM1:AGCTTGACATAAGACA-1,LAM1,scRNA,program_1,0.06615950167179108
unrestricted_lam,LAM1:AGCTTGAGTGAAAGAG-1,LAM1,scRNA,program_1,0.02923007123172283
unrestricted_lam,LAM1:AGGCCGTCAAAGTCAA-1,LAM1,scRNA,program_1,0.07104215025901794
unrestricted_lam,LAM1:AGGGAGTAGTGGGTTG-1,LAM1,scRNA,program_1,0.07761778682470322
unrestricted_lam,LAM1:AGGGAGTGTCAGGACA-1,LAM1,scRNA,program_1,0.7484297156333923
unrestricted_lam,LAM1:AGGGATGCATAGAAAC-1,LAM1,scRNA,program_1,0.6849431991577148
unrestricted_lam,LAM1:AGGGATGGTCGACTAT-1,LAM1,scRNA,program_1,0.012281727977097034
unrestricted_lam,LAM1:AGGGTGACATCGACGC-1,LAM1,scRNA,program_1,0.28833407163619995
unrestricted_lam,LAM1:AGGGTGATCGGAATCT-1,LAM1,scRNA,program_1,0.006311539560556412
unrestricted_lam,LAM1:AGGTCATCAGACACTT-1,LAM1,scRNA,program_1,0.035858187824487686
unrestricted_lam,LAM1:AGGTCATGTAAATACG-1,LAM1,scRNA,program_1,0.7781351804733276
unrestricted_lam,LAM1:AGGTCATGTGCTAGCC-1,LAM1,scRNA,program_1,0.010739745572209358
unrestricted_lam,LAM1:AGGTCCGTCCGTCAAA-1,LAM1,scRNA,program_1,0.012229131534695625
unrestricted_lam,LAM1:AGTCTTTGTTAAGAAC-1,LAM1,scRNA,program_1,0.03347662836313248
unrestricted_lam,LAM1:AGTGGGAAGGGATGGG-1,LAM1,scRNA,program_1,0.005422952119261026
unrestricted_lam,LAM1:AGTGGGACAGACAAGC-1,LAM1,scRNA,program_1,0.061307381838560104
unrestricted_lam,LAM1:AGTGTCATCTGGAGCC-1,LAM1,scRNA,program_1,0.7598106861114502
unrestricted_lam,LAM1:ATAACGCAGAGTAAGG-1,LAM1,scRNA,program_1,0.0
unrestricted_lam,LAM1:ATAAGAGCATACGCTA-1,LAM1,scRNA,program_1,0.8023465275764465
unrestricted_lam,LAM1:ATAAGAGGTGTGCGTC-1,LAM1,scRNA,program_1,0.18387767672538757
unrestricted_lam,LAM1:ATAGACCCACAACGTT-1,LAM1,scRNA,program_1,0.06599694490432739
unrestricted_lam,LAM1:ATCACGAAGTGGAGTC-1,LAM1,scRNA,program_1,0.739862322807312
unrestricted_lam,LAM1:ATCATCTTCTGCTTGC-1,LAM1,scRNA,program_1,0.034803606569767
unrestricted_lam,LAM1:ATCATGGCATTCCTCG-1,LAM1,scRNA,program_1,0.057795438915491104
unrestricted_lam,LAM1:ATCCACCAGCAGCCTC-1,LAM1,scRNA,program_1,0.003909598104655743
unrestricted_lam,LAM1:ATCGAGTAGACAAGCC-1,LAM1,scRNA,program_1,0.0237587820738554
unrestricted_lam,LAM1:ATCGAGTTCGCTAGCG-1,LAM1,scRNA,program_1,0.7931483387947083
unrestricted_lam,LAM1:ATCGAGTTCGGTTAAC-1,LAM1,scRNA,program_1,0.029157664626836777
unrestricted_lam,LAM1:ATCTACTAGTGCGTGA-1,LAM1,scRNA,program_1,0.04929641634225845
unrestricted_lam,LAM1:ATCTACTGTCTTGATG-1,LAM1,scRNA,program_1,0.815845787525177
unrestricted_lam,LAM1:ATCTGCCGTAGCGATG-1,LAM1,scRNA,program_1,0.024721261113882065
unrestricted_lam,LAM1:ATGAGGGCAATGTAAG-1,LAM1,scRNA,program_1,0.023302944377064705
unrestricted_lam,LAM1:ATGTGTGAGTGAAGAG-1,LAM1,scRNA,program_1,0.3113296329975128
unrestricted_lam,LAM1:ATGTGTGCAAATCCGT-1,LAM1,scRNA,program_1,0.6037361025810242
unrestricted_lam,LAM1:ATTACTCAGACAGAGA-1,LAM1,scRNA,program_1,0.011180109344422817
unrestricted_lam,LAM1:ATTATCCTCGATGAGG-1,LAM1,scRNA,program_1,0.07253900915384293
unrestricted_lam,LAM1:ATTCTACTCTCGAGTA-1,LAM1,scRNA,program_1,0.005720192100852728
unrestricted_lam,LAM1:ATTTCTGGTAGCGCTC-1,LAM1,scRNA,program_1,0.055436939001083374
unrestricted_lam,LAM1:ATTTCTGGTTTGACAC-1,LAM1,scRNA,program_1,0.16964863240718842
unrestricted_lam,LAM1:CAACTAGGTCTCCACT-1,LAM1,scRNA,program_1,0.1215883418917656
unrestricted_lam,LAM1:CAAGATCGTCAGGACA-1,LAM1,scRNA,program_1,0.032608773559331894
unrestricted_lam,LAM1:CACAAACTCTTACCTA-1,LAM1,scRNA,program_1,0.04237541928887367
unrestricted_lam,LAM1:CACACCTTCTGTTGAG-1,LAM1,scRNA,program_1,0.030317848548293114
unrestricted_lam,LAM1:CACAGTAGTGCAACGA-1,LAM1,scRNA,program_1,0.7439354062080383
unrestricted_lam,LAM1:CACAGTATCCGATATG-1,LAM1,scRNA,program_1,0.05975249409675598
unrestricted_lam,LAM1:CACATAGCACACGCTG-1,LAM1,scRNA,program_1,0.0432889349758625
unrestricted_lam,LAM1:CACCAGGCAGACGCAA-1,LAM1,scRNA,program_1,0.027767881751060486
unrestricted_lam,LAM1:CACCTTGCATCCTAGA-1,LAM1,scRNA,program_1,0.041287630796432495
unrestricted_lam,LAM1:CACCTTGTCCGAATGT-1,LAM1,scRNA,program_1,0.01152157410979271
unrestricted_lam,LAM1:CACTCCACAATCCAAC-1,LAM1,scRNA,program_1,0.014599466696381569
unrestricted_lam,LAM1:CACTCCACAGTCAGAG-1,LAM1,scRNA,program_1,0.41519513726234436
unrestricted_lam,LAM1:CAGAGAGCAATGGAGC-1,LAM1,scRNA,program_1,0.029719019308686256
unrestricted_lam,LAM1:CAGAGAGTCCCTTGCA-1,LAM1,scRNA,program_1,0.06388508528470993
unrestricted_lam,LAM1:CAGCCGATCACCAGGC-1,LAM1,scRNA,program_1,0.038606785237789154
unrestricted_lam,LAM1:CAGCTAAAGCCGCCTA-1,LAM1,scRNA,program_1,0.7551681995391846
unrestricted_lam,LAM1:CAGCTAAAGGAGTTGC-1,LAM1,scRNA,program_1,0.06489551067352295
unrestricted_lam,LAM1:CAGCTGGTCAGCACAT-1,LAM1,scRNA,program_1,0.07227285951375961
unrestricted_lam,LAM1:CAGGTGCCACAGAGGT-1,LAM1,scRNA,program_1,0.7857940196990967
unrestricted_lam,LAM1:CAGTAACGTTCCACAA-1,LAM1,scRNA,program_1,0.05433480441570282
unrestricted_lam,LAM1:CAGTCCTTCGACGGAA-1,LAM1,scRNA,program_1,0.044228654354810715
unrestricted_lam,LAM1:CAGTCCTTCTAACTGG-1,LAM1,scRNA,program_1,0.030463026836514473
unrestricted_lam,LAM1:CATATGGCATAACCTG-1,LAM1,scRNA,program_1,0.03121643140912056
unrestricted_lam,LAM1:CATATGGGTCGGCATC-1,LAM1,scRNA,program_1,0.08207651227712631
unrestricted_lam,LAM1:CATATGGTCGTAGGAG-1,LAM1,scRNA,program_1,0.7257927060127258
unrestricted_lam,LAM1:CATCAGAGTGCATCTA-1,LAM1,scRNA,program_1,0.7218111753463745
unrestricted_lam,LAM1:CATCCACAGGAGTTTA-1,LAM1,scRNA,program_1,0.02947179600596428
unrestricted_lam,LAM1:CATCGAATCAGAGCTT-1,LAM1,scRNA,program_1,0.0375526025891304
unrestricted_lam,LAM1:CATCGGGCAGTATCTG-1,LAM1,scRNA,program_1,0.059735413640737534
unrestricted_lam,LAM1:CATGCCTGTTACGTCA-1,LAM1,scRNA,program_1,0.05520373210310936
unrestricted_lam,LAM1:CATGGCGAGCAATCTC-1,LAM1,scRNA,program_1,0.6646712422370911
unrestricted_lam,LAM1:CATGGCGCACGGCGTT-1,LAM1,scRNA,program_1,0.4193696081638336
unrestricted_lam,LAM1:CCACCTACAATGTTGC-1,LAM1,scRNA,program_1,0.07589341700077057
unrestricted_lam,LAM1:CCACCTACACTGAAGG-1,LAM1,scRNA,program_1,0.7210725545883179
unrestricted_lam,LAM1:CCACTACAGAAAGTGG-1,LAM1,scRNA,program_1,0.08721549063920975
unrestricted_lam,LAM1:CCACTACCATGAAGTA-1,LAM1,scRNA,program_1,0.8170895576477051
unrestricted_lam,LAM1:CCAGCGAAGCGATTCT-1,LAM1,scRNA,program_1,0.036258142441511154
unrestricted_lam,LAM1:CCAGCGATCGTAGATC-1,LAM1,scRNA,program_1,0.0319308303296566
unrestricted_lam,LAM1:CCCAATCAGGTAGCCA-1,LAM1,scRNA,program_1,0.10304231941699982
unrestricted_lam,LAM1:CCCAGTTAGTATCTCG-1,LAM1,scRNA,program_1,0.011641900055110455
unrestricted_lam,LAM1:CCCAGTTTCGGCATCG-1,LAM1,scRNA,program_1,0.5157384276390076
unrestricted_lam,LAM1:CCGTACTTCCATGAGT-1,LAM1,scRNA,program_1,0.2241543084383011
unrestricted_lam,LAM1:CCGTGGATCACGGTTA-1,LAM1,scRNA,program_1,0.0
unrestricted_lam,LAM1:CCGTTCATCCGTACAA-1,LAM1,scRNA,program_1,0.04059574007987976
unrestricted_lam,LAM1:CCGTTCATCGGAATCT-1,LAM1,scRNA,program_1,0.8019769787788391
unrestricted_lam,LAM1:CCTAAAGTCAGTTCGA-1,LAM1,scRNA,program_1,0.7547017335891724
unrestricted_lam,LAM1:CCTACACGTAAGTGTA-1,LAM1,scRNA,program_1,0.028898846358060837
unrestricted_lam,LAM1:CCTAGCTTCTGGCGAC-1,LAM1,scRNA,program_1,0.08359586447477341
unrestricted_lam,LAM1:CCTCAGTCAGGCTCAC-1,LAM1,scRNA,program_1,0.3864049017429352
unrestricted_lam,LAM1:CCTTACGGTGTAAGTA-1,LAM1,scRNA,program_1,0.021487794816493988
unrestricted_lam,LAM1:CCTTACGGTTATGCGT-1,LAM1,scRNA,program_1,0.7567256689071655
unrestricted_lam,LAM1:CCTTTCTTCAACCAAC-1,LAM1,scRNA,program_1,0.021755468100309372
unrestricted_lam,LAM1:CGAACATTCCAAACTG-1,LAM1,scRNA,program_1,0.36665207147598267
unrestricted_lam,LAM1:CGACCTTAGCCAACAG-1,LAM1,scRNA,program_1,0.8050483465194702
unrestricted_lam,LAM1:CGACTTCAGTCCCACG-1,LAM1,scRNA,program_1,0.090609110891819
unrestricted_lam,LAM1:CGAGAAGCAAAGTCAA-1,LAM1,scRNA,program_1,0.033259421586990356
unrestricted_lam,LAM1:CGAGAAGGTTCGGCAC-1,LAM1,scRNA,program_1,0.8305912613868713
unrestricted_lam,LAM1:CGAGCACTCGCCTGAG-1,LAM1,scRNA,program_1,0.07015837728977203
unrestricted_lam,LAM1:CGAGCCAAGGCTCAGA-1,LAM1,scRNA,program_1,0.695720374584198
unrestricted_lam,LAM1:CGAGCCAAGGGCATGT-1,LAM1,scRNA,program_1,0.7233124375343323
unrestricted_lam,LAM1:CGATGTACAATGAATG-1,LAM1,scRNA,program_1,0.0515700988471508
unrestricted_lam,LAM1:CGATTGAAGACCGGAT-1,LAM1,scRNA,program_1,0.03908815607428551
unrestricted_lam,LAM1:CGATTGAGTGTGGCTC-1,LAM1,scRNA,program_1,0.03508590906858444
unrestricted_lam,LAM1:CGCGGTATCTCGATGA-1,LAM1,scRNA,program_1,0.025737108662724495
unrestricted_lam,LAM1:CGCGTTTGTTGATTGC-1,LAM1,scRNA,program_1,0.6988512873649597
unrestricted_lam,LAM1:CGCTATCCAATGACCT-1,LAM1,scRNA,program_1,0.6497536897659302
unrestricted_lam,LAM1:CGCTTCACACCATGTA-1,LAM1,scRNA,program_1,0.01589256152510643
unrestricted_lam,LAM1:CGCTTCAGTCTAACGT-1,LAM1,scRNA,program_1,0.011526668444275856
unrestricted_lam,LAM1:CGGACACTCTCGGACG-1,LAM1,scRNA,program_1,0.6950798034667969
unrestricted_lam,LAM1:CGGACGTTCTTCGAGA-1,LAM1,scRNA,program_1,0.025896107777953148
unrestricted_lam,LAM1:CGGACTGGTAAGTTCC-1,LAM1,scRNA,program_1,0.7839446067810059
unrestricted_lam,LAM1:CGGAGCTCACAAGTAA-1,LAM1,scRNA,program_1,0.8230797648429871
unrestricted_lam,LAM1:CGGAGTCCACCAGGCT-1,LAM1,scRNA,program_1,0.022369761019945145
unrestricted_lam,LAM1:CGGAGTCGTAAGGGAA-1,LAM1,scRNA,program_1,0.6704767942428589
unrestricted_lam,LAM1:CGTAGCGTCAGGCCCA-1,LAM1,scRNA,program_1,0.1150103285908699
unrestricted_lam,LAM1:CGTAGGCCATCACGTA-1,LAM1,scRNA,program_1,0.31184297800064087
unrestricted_lam,LAM1:CGTAGGCTCAACACAC-1,LAM1,scRNA,program_1,0.14610795676708221
unrestricted_lam,LAM1:CGTAGGCTCTTAGAGC-1,LAM1,scRNA,program_1,0.6423776745796204
unrestricted_lam,LAM1:CGTCACTGTCATATGC-1,LAM1,scRNA,program_1,0.015144111588597298
unrestricted_lam,LAM1:CGTCCATCAGAGTGTG-1,LAM1,scRNA,program_1,0.7673662900924683
unrestricted_lam,LAM1:CTAAGACAGGATGGTC-1,LAM1,scRNA,program_1,0.08901745826005936
unrestricted_lam,LAM1:CTAAGACTCCGCAAGC-1,LAM1,scRNA,program_1,0.7430018186569214
unrestricted_lam,LAM1:CTAATGGAGCTTCGCG-1,LAM1,scRNA,program_1,0.04541047662496567
unrestricted_lam,LAM1:CTACATTAGTGGTCCC-1,LAM1,scRNA,program_1,0.01703992672264576
unrestricted_lam,LAM1:CTAGTGATCGGATGTT-1,LAM1,scRNA,program_1,0.007215044926851988
unrestricted_lam,LAM1:CTCACACGTGTGAAAT-1,LAM1,scRNA,program_1,0.026737123727798462
unrestricted_lam,LAM1:CTCAGAACAGTATGCT-1,LAM1,scRNA,program_1,0.01381730753928423
unrestricted_lam,LAM1:CTCAGAAGTTCAGGCC-1,LAM1,scRNA,program_1,0.05578548461198807
unrestricted_lam,LAM1:CTCGAAAAGAAACCGC-1,LAM1,scRNA,program_1,0.0864705964922905
unrestricted_lam,LAM1:CTCGGGACAGGCGATA-1,LAM1,scRNA,program_1,0.01992695778608322
unrestricted_lam,LAM1:CTCGTACTCTCGAGTA-1,LAM1,scRNA,program_1,0.03693358972668648
unrestricted_lam,LAM1:CTCTAATTCGAATGCT-1,LAM1,scRNA,program_1,0.11420981585979462
unrestricted_lam,LAM1:CTCTACGGTACACCGC-1,LAM1,scRNA,program_1,0.024735022336244583
unrestricted_lam,LAM1:CTCTGGTGTAAGTTCC-1,LAM1,scRNA,program_1,0.043875064700841904
unrestricted_lam,LAM1:CTGAAACCACATAACC-1,LAM1,scRNA,program_1,0.7156248688697815
unrestricted_lam,LAM1:CTGAAACGTTCCCTTG-1,LAM1,scRNA,program_1,0.05371096357703209
unrestricted_lam,LAM1:CTGATAGGTGCACCAC-1,LAM1,scRNA,program_1,0.03567202389240265
unrestricted_lam,LAM1:CTGATCCCACATTCGA-1,LAM1,scRNA,program_1,0.7200967073440552
unrestricted_lam,LAM1:CTGATCCGTAGCTAAA-1,LAM1,scRNA,program_1,0.0828225314617157
unrestricted_lam,LAM1:CTGCCTAAGAGACTTA-1,LAM1,scRNA,program_1,0.00909317098557949
unrestricted_lam,LAM1:CTGCCTAAGGAGCGAG-1,LAM1,scRNA,program_1,0.7848894596099854
unrestricted_lam,LAM1:CTGCGGACAAGGCTCC-1,LAM1,scRNA,program_1,0.056218426674604416
unrestricted_lam,LAM1:CTGCTGTCACCGCTAG-1,LAM1,scRNA,program_1,0.5724217891693115
unrestricted_lam,LAM1:CTGTTTAGTGTGTGCC-1,LAM1,scRNA,program_1,0.011203387752175331
unrestricted_lam,LAM1:CTTAACTAGTCCATAC-1,LAM1,scRNA,program_1,0.04484258592128754
unrestricted_lam,LAM1:CTTACCGCACCAGATT-1,LAM1,scRNA,program_1,0.4973963499069214
unrestricted_lam,LAM1:CTTAGGACACTTCTGC-1,LAM1,scRNA,program_1,0.1172650083899498
unrestricted_lam,LAM1:CTTGGCTGTTACGCGC-1,LAM1,scRNA,program_1,0.7471418976783752
unrestricted_lam,LAM1:CTTTGCGGTGATGTGG-1,LAM1,scRNA,program_1,0.7171019315719604
unrestricted_lam,LAM1:CTTTGCGTCGCATGGC-1,LAM1,scRNA,program_1,0.05446538329124451
unrestricted_lam,LAM1:GAACGGACACAAGCCC-1,LAM1,scRNA,program_1,0.05667629837989807
unrestricted_lam,LAM1:GAACGGAGTCAGAGGT-1,LAM1,scRNA,program_1,0.7465984225273132
unrestricted_lam,LAM1:GAATAAGCAAGACACG-1,LAM1,scRNA,program_1,0.7664819955825806
unrestricted_lam,LAM1:GAATAAGGTTGCCTCT-1,LAM1,scRNA,program_1,0.0671214610338211
unrestricted_lam,LAM1:GACAGAGTCTGAAAGA-1,LAM1,scRNA,program_1,0.06096259132027626
unrestricted_lam,LAM1:GACCAATGTGCCTGTG-1,LAM1,scRNA,program_1,0.7577149271965027
unrestricted_lam,LAM1:GACGTTAAGTCTTGCA-1,LAM1,scRNA,program_1,0.0
unrestricted_lam,LAM1:GACGTTAGTGCGAAAC-1,LAM1,scRNA,program_1,0.7698386907577515
unrestricted_lam,LAM1:GAGGTGACACCAGCAC-1,LAM1,scRNA,program_1,0.7704430818557739
unrestricted_lam,LAM1:GAGTCCGGTTCCTCCA-1,LAM1,scRNA,program_1,0.4927792251110077
unrestricted_lam,LAM1:GATCGATAGTCAAGCG-1,LAM1,scRNA,program_1,0.7350513339042664
unrestricted_lam,LAM1:GATCGATCAAGTCATC-1,LAM1,scRNA,program_1,0.3849935531616211
unrestricted_lam,LAM1:GATCGTATCAGTGCAT-1,LAM1,scRNA,program_1,0.037306614220142365
unrestricted_lam,LAM1:GATCGTATCCGTTGCT-1,LAM1,scRNA,program_1,0.7587552070617676
unrestricted_lam,LAM1:GATCTAGTCCAGAGGA-1,LAM1,scRNA,program_1,0.03834514692425728
unrestricted_lam,LAM1:GATGCTATCCCAGGTG-1,LAM1,scRNA,program_1,0.04519142583012581
unrestricted_lam,LAM1:GATTCAGAGACAGACC-1,LAM1,scRNA,program_1,0.04567251354455948
unrestricted_lam,LAM1:GCAAACTAGATGCGAC-1,LAM1,scRNA,program_1,0.746894121170044
unrestricted_lam,LAM1:GCAAACTTCTCCAACC-1,LAM1,scRNA,program_1,0.7300904393196106
unrestricted_lam,LAM1:GCAATCACAATGTAAG-1,LAM1,scRNA,program_1,0.3010367751121521
unrestricted_lam,LAM1:GCAATCATCATAGCAC-1,LAM1,scRNA,program_1,0.2598622143268585
unrestricted_lam,LAM1:GCACATAAGCGAGAAA-1,LAM1,scRNA,program_1,0.03686344251036644
unrestricted_lam,LAM1:GCAGCCACACACGCTG-1,LAM1,scRNA,program_1,0.0227193720638752
unrestricted_lam,LAM1:GCAGCCAGTCCTGCTT-1,LAM1,scRNA,program_1,0.04858090355992317
unrestricted_lam,LAM1:GCAGCCATCCGAGCCA-1,LAM1,scRNA,program_1,0.6809806227684021
unrestricted_lam,LAM1:GCAGTTAGTGACTACT-1,LAM1,scRNA,program_1,0.052154291421175
unrestricted_lam,LAM1:GCATACAGTCATATGC-1,LAM1,scRNA,program_1,0.0569676049053669
unrestricted_lam,LAM1:GCATGATAGCTACCGC-1,LAM1,scRNA,program_1,0.7797729969024658
unrestricted_lam,LAM1:GCATGCGCAAGACACG-1,LAM1,scRNA,program_1,0.07214206457138062
unrestricted_lam,LAM1:GCATGTATCCTAGTGA-1,LAM1,scRNA,program_1,0.014649635180830956
unrestricted_lam,LAM1:GCCAAATCAAGCCGTC-1,LAM1,scRNA,program_1,0.7712460160255432
unrestricted_lam,LAM1:GCGACCATCAGTGTTG-1,LAM1,scRNA,program_1,0.03244775906205177
unrestricted_lam,LAM1:GCGCAGTCATGTCTCC-1,LAM1,scRNA,program_1,0.6908210515975952
unrestricted_lam,LAM1:GCGGGTTGTTACGTCA-1,LAM1,scRNA,program_1,0.237234428524971
unrestricted_lam,LAM1:GCTCCTACACGAAGCA-1,LAM1,scRNA,program_1,0.6669358611106873
unrestricted_lam,LAM1:GCTCCTAGTCTAGTGT-1,LAM1,scRNA,program_1,0.0318463109433651
unrestricted_lam,LAM1:GCTCTGTGTGAACCTT-1,LAM1,scRNA,program_1,0.06848940998315811
unrestricted_lam,LAM1:GCTGCGACACAGAGGT-1,LAM1,scRNA,program_1,0.2032725065946579
unrestricted_lam,LAM1:GCTGCGAGTCTGCCAG-1,LAM1,scRNA,program_1,0.053212687373161316
unrestricted_lam,LAM1:GCTGGGTAGTTACCCA-1,LAM1,scRNA,program_1,0.6034838557243347
unrestricted_lam,LAM1:GCTGGGTCAACTGCGC-1,LAM1,scRNA,program_1,0.03989657387137413
unrestricted_lam,LAM1:GGAAAGCAGAGTACCG-1,LAM1,scRNA,program_1,0.03796910122036934
unrestricted_lam,LAM1:GGAAAGCAGGCGTACA-1,LAM1,scRNA,program_1,0.04339504614472389
unrestricted_lam,LAM1:GGAAAGCCAAGCCGCT-1,LAM1,scRNA,program_1,0.03787395358085632
unrestricted_lam,LAM1:GGAAAGCGTTGGTGGA-1,LAM1,scRNA,program_1,0.7949423789978027
unrestricted_lam,LAM1:GGAACTTCATCCAACA-1,LAM1,scRNA,program_1,0.12960851192474365
unrestricted_lam,LAM1:GGACAAGTCTTCGGTC-1,LAM1,scRNA,program_1,0.058220863342285156
unrestricted_lam,LAM1:GGACAGATCTCGATGA-1,LAM1,scRNA,program_1,0.7356576919555664
unrestricted_lam,LAM1:GGACATTAGGGATCTG-1,LAM1,scRNA,program_1,0.014568410813808441
unrestricted_lam,LAM1:GGATGTTGTGGGTATG-1,LAM1,scRNA,program_1,0.1986885368824005
unrestricted_lam,LAM1:GGATGTTGTGTGACGA-1,LAM1,scRNA,program_1,0.7617745995521545
unrestricted_lam,LAM1:GGCAATTAGATGTTAG-1,LAM1,scRNA,program_1,0.020841946825385094
unrestricted_lam,LAM1:GGCCGATTCGGTTAAC-1,LAM1,scRNA,program_1,0.8315243124961853
unrestricted_lam,LAM1:GGCGTGTAGTATCGAA-1,LAM1,scRNA,program_1,0.0
unrestricted_lam,LAM1:GGCTCGAAGAAGGTTT-1,LAM1,scRNA,program_1,0.03544716164469719
unrestricted_lam,LAM1:GGCTCGACATCGGTTA-1,LAM1,scRNA,program_1,0.043278567492961884
unrestricted_lam,LAM1:GGGAATGCATCTACGA-1,LAM1,scRNA,program_1,0.039879005402326584
unrestricted_lam,LAM1:GGGACCTAGCGATTCT-1,LAM1,scRNA,program_1,0.43172696232795715
unrestricted_lam,LAM1:GGGACCTGTTGCCTCT-1,LAM1,scRNA,program_1,0.7542517185211182
unrestricted_lam,LAM1:GGGCACTCAAGTACCT-1,LAM1,scRNA,program_1,0.03303401172161102
unrestricted_lam,LAM1:GGGCACTTCTTTAGTC-1,LAM1,scRNA,program_1,0.021023407578468323
unrestricted_lam,LAM1:GGGCATCGTGCAGGTA-1,LAM1,scRNA,program_1,0.03277653455734253
unrestricted_lam,LAM1:GGGCATCTCTTAGAGC-1,LAM1,scRNA,program_1,0.031149117276072502
unrestricted_lam,LAM1:GGGTTGCGTAAACACA-1,LAM1,scRNA,program_1,0.055099423974752426
unrestricted_lam,LAM1:GGTATTGCAGGCAGTA-1,LAM1,scRNA,program_1,0.7171509861946106
unrestricted_lam,LAM1:GGTGAAGGTAACGACG-1,LAM1,scRNA,program_1,0.019000912085175514
unrestricted_lam,LAM1:GGTGAAGGTCTTGATG-1,LAM1,scRNA,program_1,0.6658721566200256
unrestricted_lam,LAM1:GGTGAAGTCCTATTCA-1,LAM1,scRNA,program_1,0.0
unrestricted_lam,LAM1:GTAACGTTCCCACTTG-1,LAM1,scRNA,program_1,0.05704876035451889
unrestricted_lam,LAM1:GTAACTGAGGCGACAT-1,LAM1,scRNA,program_1,0.04435015097260475
unrestricted_lam,LAM1:GTACGTAGTTAAGAAC-1,LAM1,scRNA,program_1,0.057673800736665726
unrestricted_lam,LAM1:GTACTCCAGCTAGGCA-1,LAM1,scRNA,program_1,0.7440460324287415
unrestricted_lam,LAM1:GTACTTTCACGGTGTC-1,LAM1,scRNA,program_1,0.7614582180976868
unrestricted_lam,LAM1:GTACTTTTCGGCGCAT-1,LAM1,scRNA,program_1,0.0
unrestricted_lam,LAM1:GTATTCTTCATCATTC-1,LAM1,scRNA,program_1,0.7590134143829346
unrestricted_lam,LAM1:GTATTCTTCCTCTAGC-1,LAM1,scRNA,program_1,0.5175731778144836
unrestricted_lam,LAM1:GTCAAGTGTGTAATGA-1,LAM1,scRNA,program_1,0.0
unrestricted_lam,LAM1:GTCAAGTTCACTATTC-1,LAM1,scRNA,program_1,0.6783412098884583
unrestricted_lam,LAM1:GTCACGGAGATGCGAC-1,LAM1,scRNA,program_1,0.06336624175310135
unrestricted_lam,LAM1:GTCACGGCAGCTTCGG-1,LAM1,scRNA,program_1,0.8024583458900452
unrestricted_lam,LAM1:GTCACGGGTCAATACC-1,LAM1,scRNA,program_1,0.7259438037872314
unrestricted_lam,LAM1:GTCGTAAAGTTTAGGA-1,LAM1,scRNA,program_1,0.5904977321624756
unrestricted_lam,LAM1:GTCGTAACAAGTAGTA-1,LAM1,scRNA,program_1,0.05532074347138405
unrestricted_lam,LAM1:GTCTTCGAGTGTCTCA-1,LAM1,scRNA,program_1,0.7537797093391418
unrestricted_lam,LAM1:GTCTTCGAGTGTTAGA-1,LAM1,scRNA,program_1,0.025880608707666397
unrestricted_lam,LAM1:GTGAAGGAGGCAAAGA-1,LAM1,scRNA,program_1,0.021026350557804108
unrestricted_lam,LAM1:GTGAAGGGTTATGCGT-1,LAM1,scRNA,program_1,0.03221897408366203
unrestricted_lam,LAM1:GTGAAGGTCAACCATG-1,LAM1,scRNA,program_1,0.003709062235429883
unrestricted_lam,LAM1:GTGCAGCAGAGGGCTT-1,LAM1,scRNA,program_1,0.09699077159166336
unrestricted_lam,LAM1:GTGCAGCCAAGTTAAG-1,LAM1,scRNA,program_1,0.05628540366888046
unrestricted_lam,LAM1:GTGCAGCCATACTACG-1,LAM1,scRNA,program_1,0.6623526215553284
unrestricted_lam,LAM1:GTGCAGCGTAAGAGAG-1,LAM1,scRNA,program_1,0.5611652731895447
unrestricted_lam,LAM1:GTGCAGCTCAGCTTAG-1,LAM1,scRNA,program_1,0.41423726081848145
unrestricted_lam,LAM1:GTGCAGCTCGGATGGA-1,LAM1,scRNA,program_1,0.041287485510110855
unrestricted_lam,LAM1:GTGCATAAGCCTCGTG-1,LAM1,scRNA,program_1,0.015518872998654842
unrestricted_lam,LAM1:GTGCATAAGTGACATA-1,LAM1,scRNA,program_1,0.0
unrestricted_lam,LAM1:GTGCATACACTGTCGG-1,LAM1,scRNA,program_1,0.7898275256156921
unrestricted_lam,LAM1:GTGCATAGTACCAGTT-1,LAM1,scRNA,program_1,0.08841453492641449
unrestricted_lam,LAM1:GTGCATAGTTATTCTC-1,LAM1,scRNA,program_1,0.03131738305091858
unrestricted_lam,LAM1:GTGCATAGTTCGTGAT-1,LAM1,scRNA,program_1,0.7237041592597961
unrestricted_lam,LAM1:GTGCGGTCAAGGACAC-1,LAM1,scRNA,program_1,0.0
unrestricted_lam,LAM1:GTGCTTCCAATAGAGT-1,LAM1,scRNA,program_1,0.030912652611732483
unrestricted_lam,LAM1:GTGCTTCGTAGTACCT-1,LAM1,scRNA,program_1,0.032185688614845276
unrestricted_lam,LAM1:GTGCTTCTCGCCGTGA-1,LAM1,scRNA,program_1,0.6558650732040405
unrestricted_lam,LAM1:GTGTTAGAGGTTACCT-1,LAM1,scRNA,program_1,0.7241281270980835
unrestricted_lam,LAM1:GTGTTAGGTTCAGACT-1,LAM1,scRNA,program_1,0.7462400794029236
unrestricted_lam,LAM1:GTGTTAGGTTTGACAC-1,LAM1,scRNA,program_1,0.7824687361717224
unrestricted_lam,LAM1:GTGTTAGTCGCCTGAG-1,LAM1,scRNA,program_1,0.8215169906616211
unrestricted_lam,LAM1:GTGTTAGTCTCTTGAT-1,LAM1,scRNA,program_1,0.01786126010119915
unrestricted_lam,LAM1:GTTACAGGTAGCGATG-1,LAM1,scRNA,program_1,0.7207918763160706
unrestricted_lam,LAM1:GTTACAGTCGTCTGAA-1,LAM1,scRNA,program_1,0.041411321610212326
unrestricted_lam,LAM1:GTTCATTCAAACTGCT-1,LAM1,scRNA,program_1,0.049624230712652206
unrestricted_lam,LAM1:GTTCATTGTATTCGTG-1,LAM1,scRNA,program_1,0.05584517866373062
unrestricted_lam,LAM1:GTTCGGGTCGACGGAA-1,LAM1,scRNA,program_1,0.7336196899414062
unrestricted_lam,LAM1:GTTTCTATCCTTGGTC-1,LAM1,scRNA,program_1,0.7884945273399353
unrestricted_lam,LAM1:TAAGCGTCACTTCGAA-1,LAM1,scRNA,program_1,0.04242904856801033
unrestricted_lam,LAM1:TAAGCGTTCACTCCTG-1,LAM1,scRNA,program_1,0.0732068195939064
unrestricted_lam,LAM1:TAAGTGCCAAGCTGAG-1,LAM1,scRNA,program_1,0.7217382788658142
unrestricted_lam,LAM1:TAAGTGCCATCGGAAG-1,LAM1,scRNA,program_1,0.01268209982663393
unrestricted_lam,LAM1:TACAGTGAGCTGATAA-1,LAM1,scRNA,program_1,0.7698277831077576
unrestricted_lam,LAM1:TACCTTAGTCTAACGT-1,LAM1,scRNA,program_1,0.08851692080497742
unrestricted_lam,LAM1:TACGGTATCTGCCCTA-1,LAM1,scRNA,program_1,0.6615425944328308
unrestricted_lam,LAM1:TACTCATAGATGCCAG-1,LAM1,scRNA,program_1,0.035578615963459015
unrestricted_lam,LAM1:TACTCATCAGTATAAG-1,LAM1,scRNA,program_1,0.0
unrestricted_lam,LAM1:TAGACCAAGAATGTGT-1,LAM1,scRNA,program_1,0.02932926081120968
unrestricted_lam,LAM1:TAGACCAGTGCGAAAC-1,LAM1,scRNA,program_1,0.6137629747390747
unrestricted_lam,LAM1:TAGAGCTAGGGATACC-1,LAM1,scRNA,program_1,0.0
unrestricted_lam,LAM1:TAGCCGGAGGGTCGAT-1,LAM1,scRNA,program_1,0.013337732292711735
unrestricted_lam,LAM1:TAGGCATAGCAGATCG-1,LAM1,scRNA,program_1,0.017142290249466896
unrestricted_lam,LAM1:TAGTGGTAGACCTTTG-1,LAM1,scRNA,program_1,0.045529451221227646
unrestricted_lam,LAM1:TAGTTGGTCTCGTTTA-1,LAM1,scRNA,program_1,0.05081753805279732
unrestricted_lam,LAM1:TATCAGGTCAACACAC-1,LAM1,scRNA,program_1,0.04679309204220772
unrestricted_lam,LAM1:TATCTCAAGCGTAATA-1,LAM1,scRNA,program_1,0.6985999941825867
unrestricted_lam,LAM1:TCAACGACAGTATGCT-1,LAM1,scRNA,program_1,0.7637492418289185
unrestricted_lam,LAM1:TCACAAGTCACCCGAG-1,LAM1,scRNA,program_1,0.5777744650840759
unrestricted_lam,LAM1:TCAGATGCACTCTGTC-1,LAM1,scRNA,program_1,0.04745013639330864
unrestricted_lam,LAM1:TCAGATGTCCAAACTG-1,LAM1,scRNA,program_1,0.7075379490852356
unrestricted_lam,LAM1:TCAGCTCAGTACGTAA-1,LAM1,scRNA,program_1,0.0
unrestricted_lam,LAM1:TCAGGATTCCGAAGAG-1,LAM1,scRNA,program_1,0.06978567689657211
unrestricted_lam,LAM1:TCATTACAGCTAAACA-1,LAM1,scRNA,program_1,0.052239157259464264
unrestricted_lam,LAM1:TCATTACGTATGCTTG-1,LAM1,scRNA,program_1,0.8058192133903503
unrestricted_lam,LAM1:TCATTACTCCCGGATG-1,LAM1,scRNA,program_1,0.051099251955747604
unrestricted_lam,LAM1:TCATTTGCAGTCGTGC-1,LAM1,scRNA,program_1,0.10515567660331726
unrestricted_lam,LAM1:TCCACACGTACTCAAC-1,LAM1,scRNA,program_1,0.04500621184706688
unrestricted_lam,LAM1:TCCCGATAGAATTGTG-1,LAM1,scRNA,program_1,0.05874039605259895
unrestricted_lam,LAM1:TCGAGGCGTCGCGAAA-1,LAM1,scRNA,program_1,0.03514624014496803
unrestricted_lam,LAM1:TCGAGGCTCCTATGTT-1,LAM1,scRNA,program_1,0.029742736369371414
unrestricted_lam,LAM1:TCGCGAGTCTTAACCT-1,LAM1,scRNA,program_1,0.7438209056854248
unrestricted_lam,LAM1:TCGCGTTGTACAGACG-1,LAM1,scRNA,program_1,0.7142125964164734
unrestricted_lam,LAM1:TCGGGACCAATGTTGC-1,LAM1,scRNA,program_1,0.027727942913770676
unrestricted_lam,LAM1:TCGGGACCACGGTAGA-1,LAM1,scRNA,program_1,0.7745060920715332
unrestricted_lam,LAM1:TCGGTAAAGATAGTCA-1,LAM1,scRNA,program_1,0.015927093103528023
unrestricted_lam,LAM1:TCGTAGACACACCGCA-1,LAM1,scRNA,program_1,0.7834439873695374
unrestricted_lam,LAM1:TCTATTGCATTATCTC-1,LAM1,scRNA,program_1,0.060274191200733185
unrestricted_lam,LAM1:TCTCATACAGATGGGT-1,LAM1,scRNA,program_1,0.15299765765666962
unrestricted_lam,LAM1:TCTCTAATCCCTTGCA-1,LAM1,scRNA,program_1,0.7595434188842773
unrestricted_lam,LAM1:TCTGAGATCAAAGACA-1,LAM1,scRNA,program_1,0.735455334186554
unrestricted_lam,LAM1:TCTGGAAGTTTGGCGC-1,LAM1,scRNA,program_1,0.7561352849006653
unrestricted_lam,LAM1:TCTGGAATCATAACCG-1,LAM1,scRNA,program_1,0.7213737368583679
unrestricted_lam,LAM1:TCTTTCCCAGTTCATG-1,LAM1,scRNA,program_1,0.08194518089294434
unrestricted_lam,LAM1:TCTTTCCGTCTGCAAT-1,LAM1,scRNA,program_1,0.6704800128936768
unrestricted_lam,LAM1:TCTTTCCGTTGAACTC-1,LAM1,scRNA,program_1,0.04547934979200363
unrestricted_lam,LAM1:TGACAACAGCCCAGCT-1,LAM1,scRNA,program_1,0.03505939617753029
unrestricted_lam,LAM1:TGACAACCAGCAGTTT-1,LAM1,scRNA,program_1,0.04707877337932587
unrestricted_lam,LAM1:TGAGAGGCAGACGCCT-1,LAM1,scRNA,program_1,0.07854288071393967
unrestricted_lam,LAM1:TGAGAGGGTTCTGGTA-1,LAM1,scRNA,program_1,0.7736192941665649
unrestricted_lam,LAM1:TGAGCATCATTACGAC-1,LAM1,scRNA,program_1,0.01825980842113495
unrestricted_lam,LAM1:TGAGCATTCTTAACCT-1,LAM1,scRNA,program_1,0.03095274604856968
unrestricted_lam,LAM1:TGAGCCGCACAGATTC-1,LAM1,scRNA,program_1,0.22807098925113678
unrestricted_lam,LAM1:TGCACCTAGTGAACGC-1,LAM1,scRNA,program_1,0.01440304797142744
unrestricted_lam,LAM1:TGCACCTCAAAGTCAA-1,LAM1,scRNA,program_1,0.10796637088060379
unrestricted_lam,LAM1:TGCCAAATCCTAGGGC-1,LAM1,scRNA,program_1,0.4435349106788635
unrestricted_lam,LAM1:TGCCCATCAAGCGATG-1,LAM1,scRNA,program_1,0.16427765786647797
unrestricted_lam,LAM1:TGCCCATCATCACCCT-1,LAM1,scRNA,program_1,0.7314968705177307
unrestricted_lam,LAM1:TGCCCTACACCCATTC-1,LAM1,scRNA,program_1,0.01604938693344593
unrestricted_lam,LAM1:TGCGCAGAGGTGATAT-1,LAM1,scRNA,program_1,0.02487662434577942
unrestricted_lam,LAM1:TGCGTGGAGGCTAGCA-1,LAM1,scRNA,program_1,0.7947298288345337
unrestricted_lam,LAM1:TGCGTGGGTAAGTGTA-1,LAM1,scRNA,program_1,0.07118763774633408
unrestricted_lam,LAM1:TGCTGCTCACACCGAC-1,LAM1,scRNA,program_1,0.08157812803983688
unrestricted_lam,LAM1:TGGACGCCAGGGAGAG-1,LAM1,scRNA,program_1,0.0352318100631237
unrestricted_lam,LAM1:TGGACGCGTAAGTAGT-1,LAM1,scRNA,program_1,0.03297135606408119
unrestricted_lam,LAM1:TGGCCAGTCTTGTACT-1,LAM1,scRNA,program_1,0.6114215850830078
unrestricted_lam,LAM1:TGGCTGGTCATCACCC-1,LAM1,scRNA,program_1,0.373331218957901
unrestricted_lam,LAM1:TGGCTGGTCGTTACGA-1,LAM1,scRNA,program_1,0.03164983168244362
unrestricted_lam,LAM1:TGGGAAGGTGGTCCGT-1,LAM1,scRNA,program_1,0.0
unrestricted_lam,LAM1:TGGGCGTCATGTTGAC-1,LAM1,scRNA,program_1,0.023699967190623283
unrestricted_lam,LAM1:TGGTTCCAGAGGGCTT-1,LAM1,scRNA,program_1,0.06682205200195312
unrestricted_lam,LAM1:TGGTTCCTCGGCGGTT-1,LAM1,scRNA,program_1,0.011258515529334545
unrestricted_lam,LAM1:TTAACTCGTACTCAAC-1,LAM1,scRNA,program_1,0.07575291395187378
unrestricted_lam,LAM1:TTAGGCACAATCGGTT-1,LAM1,scRNA,program_1,0.048537615686655045
unrestricted_lam,LAM1:TTAGGCACATGCTGGC-1,LAM1,scRNA,program_1,0.14559932053089142
unrestricted_lam,LAM1:TTAGGCAGTGCATCTA-1,LAM1,scRNA,program_1,0.005048108287155628
unrestricted_lam,LAM1:TTATGCTCAAGGTTCT-1,LAM1,scRNA,program_1,0.07257211953401566
unrestricted_lam,LAM1:TTCCCAGGTACCGTAT-1,LAM1,scRNA,program_1,0.12050095945596695
unrestricted_lam,LAM1:TTCCCAGTCTATCCTA-1,LAM1,scRNA,program_1,0.7859974503517151
unrestricted_lam,LAM1:TTCTCAAGTTACGCGC-1,LAM1,scRNA,program_1,0.06276784837245941
unrestricted_lam,LAM1:TTCTCCTTCCGGGTGT-1,LAM1,scRNA,program_1,0.055974170565605164
unrestricted_lam,LAM1:TTGAACGGTACCAGTT-1,LAM1,scRNA,program_1,0.8586653470993042
unrestricted_lam,LAM1:TTGAACGGTGTTTGTG-1,LAM1,scRNA,program_1,0.7785511016845703
unrestricted_lam,LAM1:TTGCGTCCAAGTCTGT-1,LAM1,scRNA,program_1,0.8176787495613098
unrestricted_lam,LAM1:TTGGAACAGTAGCCGA-1,LAM1,scRNA,program_1,0.019028231501579285
unrestricted_lam,LAM1:TTGGAACTCCAGGGCT-1,LAM1,scRNA,program_1,0.04847259074449539
unrestricted_lam,LAM1:TTGGAACTCTGAGTGT-1,LAM1,scRNA,program_1,0.07978146523237228
unrestricted_lam,LAM1:TTGGCAAGTCCTCCAT-1,LAM1,scRNA,program_1,0.750206470489502
unrestricted_lam,LAM1:TTGTAGGAGAAGGACA-1,LAM1,scRNA,program_1,0.036681078374385834
unrestricted_lam,LAM1:TTTATGCTCGCTGATA-1,LAM1,scRNA,program_1,0.7320611476898193
unrestricted_lam,LAM1:TTTCCTCGTGTGACGA-1,LAM1,scRNA,program_1,0.5417162179946899
unrestricted_lam,LAM1:TTTCCTCTCAGTTCGA-1,LAM1,scRNA,program_1,0.5673524141311646
unrestricted_lam,LAM1:TTTCCTCTCGAGAACG-1,LAM1,scRNA,program_1,0.044364288449287415
unrestricted_lam,LAM1:TTTCCTCTCGATAGAA-1,LAM1,scRNA,program_1,0.05784963071346283
unrestricted_lam,LAM1:TTTGGTTGTAGGACAC-1,LAM1,scRNA,program_1,0.03761858493089676
unrestricted_lam,LAM1:TTTGTCACAAAGCAAT-1,LAM1,scRNA,program_1,0.38496947288513184
unrestricted_lam,LAM2:AAACGGGCATTGGGCC-1,LAM2,snRNA,program_1,0.014862323179841042
unrestricted_lam,LAM2:AAAGATGCACCAGGTC-1,LAM2,snRNA,program_1,0.03343991935253143
unrestricted_lam,LAM2:AAAGATGGTCCCTACT-1,LAM2,snRNA,program_1,0.0
unrestricted_lam,LAM2:AAAGCAACACCAGATT-1,LAM2,snRNA,program_1,0.0
unrestricted_lam,LAM2:AAAGCAATCTACTCAT-1,LAM2,snRNA,program_1,0.0
unrestricted_lam,LAM2:AAAGTAGGTCTCTCTG-1,LAM2,snRNA,program_1,0.00824286974966526
unrestricted_lam,LAM2:AAAGTAGTCTCGCTTG-1,LAM2,snRNA,program_1,0.0
unrestricted_lam,LAM2:AACGTTGTCCAACCAA-1,LAM2,snRNA,program_1,0.0
unrestricted_lam,LAM2:AACTCTTAGATAGTCA-1,LAM2,snRNA,program_1,0.0
unrestricted_lam,LAM2:AACTCTTGTAAGGATT-1,LAM2,snRNA,program_1,0.4874896705150604
unrestricted_lam,LAM2:AACTCTTTCTTGGGTA-1,LAM2,snRNA,program_1,0.22505956888198853
unrestricted_lam,LAM2:AACTGGTAGGGCACTA-1,LAM2,snRNA,program_1,0.0
unrestricted_lam,LAM2:AACTGGTGTTCCGGCA-1,LAM2,snRNA,program_1,0.0
unrestricted_lam,LAM2:AAGACCTCATCCCATC-1,LAM2,snRNA,program_1,0.009903155267238617
unrestricted_lam,LAM2:AAGGAGCGTGTGAATA-1,LAM2,snRNA,program_1,0.0
unrestricted_lam,LAM2:AAGGAGCGTTAAGAAC-1,LAM2,snRNA,program_1,0.20317848026752472
unrestricted_lam,LAM2:AAGGCAGTCTTCCTTC-1,LAM2,snRNA,program_1,0.0
unrestricted_lam,LAM2:AATCGGTAGGCTCAGA-1,LAM2,snRNA,program_1,0.0
unrestricted_lam,LAM2:ACACCAAGTTGATTCG-1,LAM2,snRNA,program_1,0.0038147252053022385
unrestricted_lam,LAM2:ACAGCTATCCGTAGTA-1,LAM2,snRNA,program_1,0.0
unrestricted_lam,LAM2:ACATACGGTAGAGTGC-1,LAM2,snRNA,program_1,0.0
unrestricted_lam,LAM2:ACCAGTAAGCAATATG-1,LAM2,snRNA,program_1,0.021963227540254593
unrestricted_lam,LAM2:ACCAGTAAGCGACGTA-1,LAM2,snRNA,program_1,0.0
unrestricted_lam,LAM2:ACCGTAAGTCCGACGT-1,LAM2,snRNA,program_1,0.7332003116607666
unrestricted_lam,LAM2:ACGATACAGGGTCGAT-1,LAM2,snRNA,program_1,0.0
unrestricted_lam,LAM2:ACGCCAGGTAGAGCTG-1,LAM2,snRNA,program_1,0.0
unrestricted_lam,LAM2:ACGGAGATCCACGACG-1,LAM2,snRNA,program_1,0.0
unrestricted_lam,LAM2:ACGGGTCGTTCGAATC-1,LAM2,snRNA,program_1,0.7098623514175415
unrestricted_lam,LAM2:ACTATCTAGGGTCGAT-1,LAM2,snRNA,program_1,0.0
unrestricted_lam,LAM2:ACTATCTTCGAACGGA-1,LAM2,snRNA,program_1,0.779840350151062
unrestricted_lam,LAM2:ACTGAGTTCGTACCGG-1,LAM2,snRNA,program_1,0.008439134806394577
unrestricted_lam,LAM2:ACTGATGGTAGAAGGA-1,LAM2,snRNA,program_1,0.0
unrestricted_lam,LAM2:ACTTGTTTCGGTTCGG-1,LAM2,snRNA,program_1,0.08201819658279419
unrestricted_lam,LAM2:ACTTTCACATCGGTTA-1,LAM2,snRNA,program_1,0.0
unrestricted_lam,LAM2:AGAATAGGTCATACTG-1,LAM2,snRNA,program_1,0.006020314991474152
unrestricted_lam,LAM2:AGAATAGTCCAGAGGA-1,LAM2,snRNA,program_1,0.0
unrestricted_lam,LAM2:AGAATAGTCGCTTGTC-1,LAM2,snRNA,program_1,0.0
unrestricted_lam,LAM2:AGAATAGTCGGTTAAC-1,LAM2,snRNA,program_1,0.0
unrestricted_lam,LAM2:AGAGTGGGTTCATGGT-1,LAM2,snRNA,program_1,0.1500152051448822
unrestricted_lam,LAM2:AGATTGCTCACCTCGT-1,LAM2,snRNA,program_1,0.7520655989646912
unrestricted_lam,LAM2:AGCGTATTCGTTGACA-1,LAM2,snRNA,program_1,0.0
unrestricted_lam,LAM2:AGCTCCTAGAGAGCTC-1,LAM2,snRNA,program_1,0.00926966592669487
unrestricted_lam,LAM2:AGCTCTCCATAGTAAG-1,LAM2,snRNA,program_1,0.0
unrestricted_lam,LAM2:AGCTTGAGTCTCCATC-1,LAM2,snRNA,program_1,0.0
unrestricted_lam,LAM2:AGGCCACAGGCTCATT-1,LAM2,snRNA,program_1,0.0
unrestricted_lam,LAM2:AGGCCGTAGCACCGCT-1,LAM2,snRNA,program_1,0.7811405062675476
unrestricted_lam,LAM2:AGGCCGTCAAGGTGTG-1,LAM2,snRNA,program_1,0.7523146867752075
unrestricted_lam,LAM2:AGGCCGTTCGTTTATC-1,LAM2,snRNA,program_1,0.6396934986114502
unrestricted_lam,LAM2:AGGTCCGTCACAATGC-1,LAM2,snRNA,program_1,0.0
unrestricted_lam,LAM2:AGGTCCGTCCTATGTT-1,LAM2,snRNA,program_1,0.0
unrestricted_lam,LAM2:AGTAGTCAGTACGCGA-1,LAM2,snRNA,program_1,0.0
unrestricted_lam,LAM2:AGTAGTCCACGGCGTT-1,LAM2,snRNA,program_1,0.3861812353134155
unrestricted_lam,LAM2:AGTAGTCCATGCGCAC-1,LAM2,snRNA,program_1,0.008257661946117878
unrestricted_lam,LAM2:AGTGAGGCATCGGGTC-1,LAM2,snRNA,program_1,0.0
unrestricted_lam,LAM2:AGTGAGGTCTACCTGC-1,LAM2,snRNA,program_1,0.0
unrestricted_lam,LAM2:AGTGGGAAGCTAGCCC-1,LAM2,snRNA,program_1,0.0
unrestricted_lam,LAM2:AGTGTCACAGTGACAG-1,LAM2,snRNA,program_1,0.0072565325535833836
unrestricted_lam,LAM2:AGTTGGTAGCTAGCCC-1,LAM2,snRNA,program_1,0.7115610837936401
unrestricted_lam,LAM2:AGTTGGTTCGCGGATC-1,LAM2,snRNA,program_1,0.0
unrestricted_lam,LAM2:ATAAGAGAGCCGCCTA-1,LAM2,snRNA,program_1,0.0
unrestricted_lam,LAM2:ATAAGAGCAGTTCATG-1,LAM2,snRNA,program_1,0.0
unrestricted_lam,LAM2:ATAAGAGCATCTCCCA-1,LAM2,snRNA,program_1,0.0008348611299879849
unrestricted_lam,LAM2:ATCATCTAGCTGCAAG-1,LAM2,snRNA,program_1,0.0
unrestricted_lam,LAM2:ATCCACCAGCGTCTAT-1,LAM2,snRNA,program_1,0.1889096349477768
unrestricted_lam,LAM2:ATCCGAACAACTGCTA-1,LAM2,snRNA,program_1,0.0
unrestricted_lam,LAM2:ATCTACTTCGGCGCAT-1,LAM2,snRNA,program_1,0.5715824365615845
unrestricted_lam,LAM2:ATCTGCCGTAGAGCTG-1,LAM2,snRNA,program_1,0.0
unrestricted_lam,LAM2:ATCTGCCTCGGAAATA-1,LAM2,snRNA,program_1,0.0
unrestricted_lam,LAM2:ATGCGATCAGTCCTTC-1,LAM2,snRNA,program_1,0.019380217418074608
unrestricted_lam,LAM2:ATGCGATGTTTGGGCC-1,LAM2,snRNA,program_1,0.0
unrestricted_lam,LAM2:ATGGGAGCACCAGATT-1,LAM2,snRNA,program_1,0.0
unrestricted_lam,LAM2:ATTATCCAGGTCGGAT-1,LAM2,snRNA,program_1,0.7002609372138977
unrestricted_lam,LAM2:ATTGGTGCAGTAAGAT-1,LAM2,snRNA,program_1,0.0014610198559239507
unrestricted_lam,LAM2:ATTGGTGGTGGTAACG-1,LAM2,snRNA,program_1,0.3984927535057068
unrestricted_lam,LAM2:CAACCAAAGGAGTTGC-1,LAM2,snRNA,program_1,0.0
unrestricted_lam,LAM2:CAACCAAGTTACCGAT-1,LAM2,snRNA,program_1,0.0
unrestricted_lam,LAM2:CAACCTCAGGTGACCA-1,LAM2,snRNA,program_1,0.0
unrestricted_lam,LAM2:CAACCTCGTAGCACGA-1,LAM2,snRNA,program_1,0.0
unrestricted_lam,LAM2:CAACTAGGTCGGGTCT-1,LAM2,snRNA,program_1,0.14847300946712494
unrestricted_lam,LAM2:CAAGATCTCTCAAGTG-1,LAM2,snRNA,program_1,0.0
unrestricted_lam,LAM2:CAAGTTGAGGGATGGG-1,LAM2,snRNA,program_1,0.33062368631362915
unrestricted_lam,LAM2:CACACAAAGTCCCACG-1,LAM2,snRNA,program_1,0.43589410185813904
unrestricted_lam,LAM2:CACACCTAGTTGAGAT-1,LAM2,snRNA,program_1,0.0
unrestricted_lam,LAM2:CACACCTCAATGTAAG-1,LAM2,snRNA,program_1,0.0
unrestricted_lam,LAM2:CACAGGCAGGACAGCT-1,LAM2,snRNA,program_1,0.0
unrestricted_lam,LAM2:CACAGGCTCGGAGGTA-1,LAM2,snRNA,program_1,0.07923318445682526
unrestricted_lam,LAM2:CACATAGCAAGTAGTA-1,LAM2,snRNA,program_1,0.0
unrestricted_lam,LAM2:CACATAGGTCTTTCAT-1,LAM2,snRNA,program_1,0.0002514203661121428
unrestricted_lam,LAM2:CACATTTTCTTGAGGT-1,LAM2,snRNA,program_1,0.13730894029140472
unrestricted_lam,LAM2:CACCAGGAGCTAGTTC-1,LAM2,snRNA,program_1,0.10155950486660004
unrestricted_lam,LAM2:CACTCCACAGGTCGTC-1,LAM2,snRNA,program_1,0.0
unrestricted_lam,LAM2:CAGAATCCACGGACAA-1,LAM2,snRNA,program_1,0.5153787732124329
unrestricted_lam,LAM2:CAGAGAGCAAATCCGT-1,LAM2,snRNA,program_1,0.0
unrestricted_lam,LAM2:CAGCAGCTCTGCGGCA-1,LAM2,snRNA,program_1,0.011142690666019917
unrestricted_lam,LAM2:CAGCCGATCACGATGT-1,LAM2,snRNA,program_1,0.003972464241087437
unrestricted_lam,LAM2:CAGCCGATCCTATGTT-1,LAM2,snRNA,program_1,0.0
unrestricted_lam,LAM2:CAGCCGATCTGATACG-1,LAM2,snRNA,program_1,0.3308158814907074
unrestricted_lam,LAM2:CAGCTAAAGTGGTCCC-1,LAM2,snRNA,program_1,0.0
unrestricted_lam,LAM2:CAGCTGGCACTTCGAA-1,LAM2,snRNA,program_1,0.0
unrestricted_lam,LAM2:CAGTAACCAGGGTATG-1,LAM2,snRNA,program_1,0.0
unrestricted_lam,LAM2:CATCAAGCAGTGGAGT-1,LAM2,snRNA,program_1,0.19763651490211487
unrestricted_lam,LAM2:CATCCACTCGGAAATA-1,LAM2,snRNA,program_1,0.0
unrestricted_lam,LAM2:CATCGGGGTACCGCTG-1,LAM2,snRNA,program_1,0.7070302963256836
unrestricted_lam,LAM2:CATGACAGTCTAGCGC-1,LAM2,snRNA,program_1,0.010108469054102898
unrestricted_lam,LAM2:CATGCCTCAGGATCGA-1,LAM2,snRNA,program_1,0.0
unrestricted_lam,LAM2:CATTATCAGTGGGCTA-1,LAM2,snRNA,program_1,0.0
unrestricted_lam,LAM2:CATTATCGTACAGACG-1,LAM2,snRNA,program_1,0.0
unrestricted_lam,LAM2:CATTCGCAGCACGCCT-1,LAM2,snRNA,program_1,0.0
unrestricted_lam,LAM2:CCACTACAGCCACGTC-1,LAM2,snRNA,program_1,0.02317974716424942
unrestricted_lam,LAM2:CCACTACTCTATCGCC-1,LAM2,snRNA,program_1,0.0
unrestricted_lam,LAM2:CCAGCGAGTCATACTG-1,LAM2,snRNA,program_1,0.0
unrestricted_lam,LAM2:CCAGCGATCGGCGGTT-1,LAM2,snRNA,program_1,0.0
unrestricted_lam,LAM2:CCATGTCGTAAGTAGT-1,LAM2,snRNA,program_1,0.0
unrestricted_lam,LAM2:CCATGTCGTACCGTTA-1,LAM2,snRNA,program_1,0.0
unrestricted_lam,LAM2:CCCAATCGTTTGACTG-1,LAM2,snRNA,program_1,0.0
unrestricted_lam,LAM2:CCCATACAGCCATCGC-1,LAM2,snRNA,program_1,0.0
unrestricted_lam,LAM2:CCGGGATCACAGGCCT-1,LAM2,snRNA,program_1,0.7370097041130066
unrestricted_lam,LAM2:CCGTACTAGGAATTAC-1,LAM2,snRNA,program_1,0.0
unrestricted_lam,LAM2:CCGTGGAAGACCACGA-1,LAM2,snRNA,program_1,0.0
unrestricted_lam,LAM2:CCGTTCATCCGCTGTT-1,LAM2,snRNA,program_1,0.0
unrestricted_lam,LAM2:CCTAAAGGTAAGGATT-1,LAM2,snRNA,program_1,0.0
unrestricted_lam,LAM2:CCTACACTCAGGCCCA-1,LAM2,snRNA,program_1,0.0
unrestricted_lam,LAM2:CCTAGCTAGTTGAGTA-1,LAM2,snRNA,program_1,0.0
unrestricted_lam,LAM2:CCTAGCTTCTTGAGAC-1,LAM2,snRNA,program_1,0.6767221093177795
unrestricted_lam,LAM2:CCTATTAAGTCACGCC-1,LAM2,snRNA,program_1,0.009436243213713169
unrestricted_lam,LAM2:CCTCTGAGTATCTGCA-1,LAM2,snRNA,program_1,0.08712180703878403
unrestricted_lam,LAM2:CCTCTGATCACATAGC-1,LAM2,snRNA,program_1,0.6981191039085388
unrestricted_lam,LAM2:CCTTACGCACGACTCG-1,LAM2,snRNA,program_1,0.0
unrestricted_lam,LAM2:CCTTACGTCATGTCTT-1,LAM2,snRNA,program_1,0.0
unrestricted_lam,LAM2:CGAACATAGAACTCGG-1,LAM2,snRNA,program_1,0.1721528023481369
unrestricted_lam,LAM2:CGAATGTAGTGCGTGA-1,LAM2,snRNA,program_1,0.0
unrestricted_lam,LAM2:CGAATGTTCCTATGTT-1,LAM2,snRNA,program_1,0.025433117523789406
unrestricted_lam,LAM2:CGACCTTAGGCTAGAC-1,LAM2,snRNA,program_1,0.0645061656832695
unrestricted_lam,LAM2:CGACCTTCAGTGGAGT-1,LAM2,snRNA,program_1,0.0
unrestricted_lam,LAM2:CGACCTTGTAGCCTCG-1,LAM2,snRNA,program_1,0.3238525688648224
unrestricted_lam,LAM2:CGACCTTGTCGCGTGT-1,LAM2,snRNA,program_1,0.07572156935930252
unrestricted_lam,LAM2:CGACCTTGTGACTCAT-1,LAM2,snRNA,program_1,0.26916006207466125
unrestricted_lam,LAM2:CGACCTTTCACCTTAT-1,LAM2,snRNA,program_1,0.7366966009140015
unrestricted_lam,LAM2:CGACCTTTCGCTGATA-1,LAM2,snRNA,program_1,0.0
unrestricted_lam,LAM2:CGAGAAGAGAGCAATT-1,LAM2,snRNA,program_1,0.0
unrestricted_lam,LAM2:CGAGAAGTCTAGCACA-1,LAM2,snRNA,program_1,0.4934470057487488
unrestricted_lam,LAM2:CGAGCCATCTCTGCTG-1,LAM2,snRNA,program_1,0.04760153219103813
unrestricted_lam,LAM2:CGATGGCTCTCGCTTG-1,LAM2,snRNA,program_1,0.0
unrestricted_lam,LAM2:CGATTGAAGGACAGCT-1,LAM2,snRNA,program_1,0.0
unrestricted_lam,LAM2:CGCCAAGGTAGCACGA-1,LAM2,snRNA,program_1,0.0
unrestricted_lam,LAM2:CGCGTTTAGTGGAGAA-1,LAM2,snRNA,program_1,0.0
unrestricted_lam,LAM2:CGCGTTTGTGGGTATG-1,LAM2,snRNA,program_1,0.0003497485304251313
unrestricted_lam,LAM2:CGCTGGAGTATCTGCA-1,LAM2,snRNA,program_1,0.0
unrestricted_lam,LAM2:CGCTGGATCAACGCTA-1,LAM2,snRNA,program_1,0.0
unrestricted_lam,LAM2:CGCTTCACACGAAATA-1,LAM2,snRNA,program_1,0.0
unrestricted_lam,LAM2:CGGACACGTCAACATC-1,LAM2,snRNA,program_1,0.035344917327165604
unrestricted_lam,LAM2:CGGACGTAGACCTTTG-1,LAM2,snRNA,program_1,0.0
unrestricted_lam,LAM2:CGGACTGTCTGGTTCC-1,LAM2,snRNA,program_1,0.0
unrestricted_lam,LAM2:CGGAGCTGTGCGATAG-1,LAM2,snRNA,program_1,0.0
unrestricted_lam,LAM2:CGGAGCTTCTGTACGA-1,LAM2,snRNA,program_1,0.687227725982666
unrestricted_lam,LAM2:CGGAGTCGTTGGTAAA-1,LAM2,snRNA,program_1,0.0
unrestricted_lam,LAM2:CGTCACTAGGCGCTCT-1,LAM2,snRNA,program_1,0.03326978161931038
unrestricted_lam,LAM2:CGTCACTCATTAGGCT-1,LAM2,snRNA,program_1,0.0
unrestricted_lam,LAM2:CGTCTACAGTGTACGG-1,LAM2,snRNA,program_1,0.0
unrestricted_lam,LAM2:CGTCTACGTTATCGGT-1,LAM2,snRNA,program_1,0.6217062473297119
unrestricted_lam,LAM2:CGTGAGCGTGCTGTAT-1,LAM2,snRNA,program_1,0.0
unrestricted_lam,LAM2:CGTGAGCTCATGTAGC-1,LAM2,snRNA,program_1,0.0
unrestricted_lam,LAM2:CGTGTAAAGATCTGAA-1,LAM2,snRNA,program_1,0.0
unrestricted_lam,LAM2:CGTTAGATCCACGACG-1,LAM2,snRNA,program_1,0.7848971486091614
unrestricted_lam,LAM2:CGTTAGATCTACCTGC-1,LAM2,snRNA,program_1,0.0
unrestricted_lam,LAM2:CTACACCCACATCTTT-1,LAM2,snRNA,program_1,0.0050060926005244255
unrestricted_lam,LAM2:CTACATTAGCCAGGAT-1,LAM2,snRNA,program_1,0.192574605345726
unrestricted_lam,LAM2:CTACATTAGTGTGGCA-1,LAM2,snRNA,program_1,0.0
unrestricted_lam,LAM2:CTAGCCTAGATCGATA-1,LAM2,snRNA,program_1,0.0
unrestricted_lam,LAM2:CTAGCCTTCATCTGTT-1,LAM2,snRNA,program_1,0.06682892143726349
unrestricted_lam,LAM2:CTCACACGTCATTAGC-1,LAM2,snRNA,program_1,0.0
unrestricted_lam,LAM2:CTCGAAATCGCCCTTA-1,LAM2,snRNA,program_1,0.0
unrestricted_lam,LAM2:CTCGAAATCGGCATCG-1,LAM2,snRNA,program_1,0.0
unrestricted_lam,LAM2:CTCGAGGAGAATTGTG-1,LAM2,snRNA,program_1,0.0013859451282769442
unrestricted_lam,LAM2:CTCGGAGAGCACACAG-1,LAM2,snRNA,program_1,0.6723172068595886
unrestricted_lam,LAM2:CTCGGGACAGGGAGAG-1,LAM2,snRNA,program_1,0.0
unrestricted_lam,LAM2:CTCGTCAGTTATCACG-1,LAM2,snRNA,program_1,0.0
unrestricted_lam,LAM2:CTCGTCATCATCGATG-1,LAM2,snRNA,program_1,0.0006720018573105335
unrestricted_lam,LAM2:CTCTGGTCAAACCCAT-1,LAM2,snRNA,program_1,0.0
unrestricted_lam,LAM2:CTGAAACAGCTAACAA-1,LAM2,snRNA,program_1,0.0
unrestricted_lam,LAM2:CTGAAGTTCTGATTCT-1,LAM2,snRNA,program_1,1.6426620277343318e-05
unrestricted_lam,LAM2:CTGCGGAGTCTAAAGA-1,LAM2,snRNA,program_1,0.0
unrestricted_lam,LAM2:CTGTTTAAGTGAAGAG-1,LAM2,snRNA,program_1,0.019293729215860367
unrestricted_lam,LAM2:CTGTTTACAAGCCGCT-1,LAM2,snRNA,program_1,0.711737871170044
unrestricted_lam,LAM2:CTGTTTACACAAGACG-1,LAM2,snRNA,program_1,0.01249890960752964
unrestricted_lam,LAM2:CTTAACTGTTGACGTT-1,LAM2,snRNA,program_1,0.005734439939260483
unrestricted_lam,LAM2:CTTAACTTCTATCCCG-1,LAM2,snRNA,program_1,0.19691653549671173
unrestricted_lam,LAM2:CTTGGCTAGCTAGTCT-1,LAM2,snRNA,program_1,0.0
unrestricted_lam,LAM2:CTTGGCTTCGTTACGA-1,LAM2,snRNA,program_1,0.002327666152268648
unrestricted_lam,LAM2:CTTGGCTTCTCGATGA-1,LAM2,snRNA,program_1,0.0
unrestricted_lam,LAM2:CTTTGCGTCCATTCTA-1,LAM2,snRNA,program_1,0.0
unrestricted_lam,LAM2:GAAATGACAATGAAAC-1,LAM2,snRNA,program_1,0.22311626374721527
unrestricted_lam,LAM2:GAAATGAGTATCACCA-1,LAM2,snRNA,program_1,0.0
unrestricted_lam,LAM2:GAACATCGTGCATCTA-1,LAM2,snRNA,program_1,0.0
unrestricted_lam,LAM2:GAACATCTCAGCCTAA-1,LAM2,snRNA,program_1,0.19470952451229095
unrestricted_lam,LAM2:GAACCTAGTCATATGC-1,LAM2,snRNA,program_1,0.0
unrestricted_lam,LAM2:GAAGCAGAGATCTGCT-1,LAM2,snRNA,program_1,0.015980185940861702
unrestricted_lam,LAM2:GAAGCAGAGCTAAACA-1,LAM2,snRNA,program_1,0.03797066584229469
unrestricted_lam,LAM2:GAAGCAGAGGCGACAT-1,LAM2,snRNA,program_1,0.0
unrestricted_lam,LAM2:GAAGCAGTCGTTACGA-1,LAM2,snRNA,program_1,0.5529598593711853
unrestricted_lam,LAM2:GAATGAACACCCAGTG-1,LAM2,snRNA,program_1,0.0
unrestricted_lam,LAM2:GAATGAACAGTGACAG-1,LAM2,snRNA,program_1,0.0
unrestricted_lam,LAM2:GACAGAGCACTCTGTC-1,LAM2,snRNA,program_1,0.0
unrestricted_lam,LAM2:GACCAATGTTGTCGCG-1,LAM2,snRNA,program_1,0.0
unrestricted_lam,LAM2:GACCAATTCTCGATGA-1,LAM2,snRNA,program_1,0.005777548998594284
unrestricted_lam,LAM2:GACGCGTAGCCCGAAA-1,LAM2,snRNA,program_1,0.020230071619153023
unrestricted_lam,LAM2:GACGGCTCACCGAAAG-1,LAM2,snRNA,program_1,0.0
unrestricted_lam,LAM2:GACGTGCTCTGCCCTA-1,LAM2,snRNA,program_1,0.6777753829956055
unrestricted_lam,LAM2:GACTAACGTACCCAAT-1,LAM2,snRNA,program_1,0.0
unrestricted_lam,LAM2:GACTAACGTGTTTGGT-1,LAM2,snRNA,program_1,0.1750529557466507
unrestricted_lam,LAM2:GACTACAAGCGATCCC-1,LAM2,snRNA,program_1,0.014171160757541656
unrestricted_lam,LAM2:GAGGTGAAGTGTACGG-1,LAM2,snRNA,program_1,0.0
unrestricted_lam,LAM2:GAGGTGATCTGGAGCC-1,LAM2,snRNA,program_1,0.6224450469017029
unrestricted_lam,LAM2:GAGGTGATCTTCAACT-1,LAM2,snRNA,program_1,0.028051698580384254
unrestricted_lam,LAM2:GAGTCCGAGGCATGGT-1,LAM2,snRNA,program_1,0.20116166770458221
unrestricted_lam,LAM2:GATCAGTAGCTAGGCA-1,LAM2,snRNA,program_1,0.7439290285110474
unrestricted_lam,LAM2:GATCAGTGTTCCACGG-1,LAM2,snRNA,program_1,0.8175804018974304
unrestricted_lam,LAM2:GATCGTATCAGCTCGG-1,LAM2,snRNA,program_1,0.4841756820678711
unrestricted_lam,LAM2:GATCGTATCTCTGTCG-1,LAM2,snRNA,program_1,0.0
unrestricted_lam,LAM2:GATCTAGTCTTGCCGT-1,LAM2,snRNA,program_1,0.0
unrestricted_lam,LAM2:GATGAAAGTGTGGTTT-1,LAM2,snRNA,program_1,0.0
unrestricted_lam,LAM2:GCAAACTGTTGCTCCT-1,LAM2,snRNA,program_1,0.0023982550483196974
unrestricted_lam,LAM2:GCAATCAGTAAACGCG-1,LAM2,snRNA,program_1,0.0
unrestricted_lam,LAM2:GCAATCAGTATGAAAC-1,LAM2,snRNA,program_1,0.02163558453321457
unrestricted_lam,LAM2:GCACATAGTAGCGCTC-1,LAM2,snRNA,program_1,0.7482638955116272
unrestricted_lam,LAM2:GCACTCTAGACATAAC-1,LAM2,snRNA,program_1,0.0
unrestricted_lam,LAM2:GCATGATAGGTTCCTA-1,LAM2,snRNA,program_1,0.0
unrestricted_lam,LAM2:GCATGCGGTTCACGGC-1,LAM2,snRNA,program_1,0.22007207572460175
unrestricted_lam,LAM2:GCGACCAGTATAGTAG-1,LAM2,snRNA,program_1,0.0
unrestricted_lam,LAM2:GCGCAACAGTCATGCT-1,LAM2,snRNA,program_1,0.0
unrestricted_lam,LAM2:GCGCAGTGTGTCCTCT-1,LAM2,snRNA,program_1,0.003620866220444441
unrestricted_lam,LAM2:GCGCGATCAGCGTAAG-1,LAM2,snRNA,program_1,0.0
unrestricted_lam,LAM2:GCTCCTACAGTGGGAT-1,LAM2,snRNA,program_1,0.011800534091889858
unrestricted_lam,LAM2:GCTCCTAGTGACCAAG-1,LAM2,snRNA,program_1,0.0
unrestricted_lam,LAM2:GCTCTGTGTACGCACC-1,LAM2,snRNA,program_1,0.000739508424885571
unrestricted_lam,LAM2:GCTCTGTGTCTGATTG-1,LAM2,snRNA,program_1,0.2155591994524002
unrestricted_lam,LAM2:GCTGCGAGTCTTCTCG-1,LAM2,snRNA,program_1,0.0020202603191137314
unrestricted_lam,LAM2:GCTGCGATCCGCGTTT-1,LAM2,snRNA,program_1,0.011615239083766937
unrestricted_lam,LAM2:GCTTCCAAGAAGGGTA-1,LAM2,snRNA,program_1,0.0
unrestricted_lam,LAM2:GCTTCCACAGAGTGTG-1,LAM2,snRNA,program_1,0.0
unrestricted_lam,LAM2:GCTTCCATCTCAAGTG-1,LAM2,snRNA,program_1,0.0
unrestricted_lam,LAM2:GCTTGAATCAAACCGT-1,LAM2,snRNA,program_1,0.0
unrestricted_lam,LAM2:GGAAAGCGTTACGGAG-1,LAM2,snRNA,program_1,0.7306900024414062
unrestricted_lam,LAM2:GGAAAGCTCATGCATG-1,LAM2,snRNA,program_1,0.0
unrestricted_lam,LAM2:GGACATTGTCTCCATC-1,LAM2,snRNA,program_1,0.0
unrestricted_lam,LAM2:GGACGTCCAAGAGGCT-1,LAM2,snRNA,program_1,0.0
unrestricted_lam,LAM2:GGATGTTGTATATCCG-1,LAM2,snRNA,program_1,0.0
unrestricted_lam,LAM2:GGATTACCAATAACGA-1,LAM2,snRNA,program_1,0.17722302675247192
unrestricted_lam,LAM2:GGATTACTCCCTTGCA-1,LAM2,snRNA,program_1,0.0
unrestricted_lam,LAM2:GGCAATTCACCATGTA-1,LAM2,snRNA,program_1,0.7040587663650513
unrestricted_lam,LAM2:GGCCGATCAATGCCAT-1,LAM2,snRNA,program_1,0.0
unrestricted_lam,LAM2:GGCGACTCACACAGAG-1,LAM2,snRNA,program_1,0.03320179134607315
unrestricted_lam,LAM2:GGCGTGTGTGGCTCCA-1,LAM2,snRNA,program_1,0.003663797629997134
unrestricted_lam,LAM2:GGCTCGAAGTAGGCCA-1,LAM2,snRNA,program_1,0.0
unrestricted_lam,LAM2:GGGACCTAGACACGAC-1,LAM2,snRNA,program_1,0.0
unrestricted_lam,LAM2:GGGACCTGTCCGCTGA-1,LAM2,snRNA,program_1,0.0
unrestricted_lam,LAM2:GGGAGATGTCTCATCC-1,LAM2,snRNA,program_1,0.0
unrestricted_lam,LAM2:GGGCATCTCCTTGGTC-1,LAM2,snRNA,program_1,0.0
unrestricted_lam,LAM2:GGTATTGAGTCATGCT-1,LAM2,snRNA,program_1,0.0034576640464365482
unrestricted_lam,LAM2:GGTGCGTAGTGTCCAT-1,LAM2,snRNA,program_1,0.0
unrestricted_lam,LAM2:GGTGCGTGTTATGCGT-1,LAM2,snRNA,program_1,0.038369279354810715
unrestricted_lam,LAM2:GGTGTTAGTTAAGACA-1,LAM2,snRNA,program_1,0.08708401769399643
unrestricted_lam,LAM2:GTAACGTCATGCATGT-1,LAM2,snRNA,program_1,0.0
unrestricted_lam,LAM2:GTAACTGCAATTGCTG-1,LAM2,snRNA,program_1,0.15738926827907562
unrestricted_lam,LAM2:GTAACTGCATCACGAT-1,LAM2,snRNA,program_1,0.0030794180929660797
unrestricted_lam,LAM2:GTACTTTCAAGCGATG-1,LAM2,snRNA,program_1,0.0
unrestricted_lam,LAM2:GTACTTTGTCAGATAA-1,LAM2,snRNA,program_1,0.6802694797515869
unrestricted_lam,LAM2:GTCAAGTCAGATCCAT-1,LAM2,snRNA,program_1,0.002591055352240801
unrestricted_lam,LAM2:GTCAAGTCATGAGCGA-1,LAM2,snRNA,program_1,0.0
unrestricted_lam,LAM2:GTCACAACAGATGGGT-1,LAM2,snRNA,program_1,0.0
unrestricted_lam,LAM2:GTCACAACATTATCTC-1,LAM2,snRNA,program_1,0.6697616577148438
unrestricted_lam,LAM2:GTCACGGGTAAACACA-1,LAM2,snRNA,program_1,0.03580119460821152
unrestricted_lam,LAM2:GTCACGGGTTCTCATT-1,LAM2,snRNA,program_1,0.0
unrestricted_lam,LAM2:GTCATTTAGCCACGCT-1,LAM2,snRNA,program_1,0.0
unrestricted_lam,LAM2:GTCATTTCAGACAAGC-1,LAM2,snRNA,program_1,0.0399911068379879
unrestricted_lam,LAM2:GTCCTCACAATCCAAC-1,LAM2,snRNA,program_1,0.689803957939148
unrestricted_lam,LAM2:GTCCTCAGTCCAGTGC-1,LAM2,snRNA,program_1,0.0
unrestricted_lam,LAM2:GTCTTCGGTCGCCATG-1,LAM2,snRNA,program_1,0.0
unrestricted_lam,LAM2:GTCTTCGGTTATGCGT-1,LAM2,snRNA,program_1,0.0
unrestricted_lam,LAM2:GTGCAGCCATGTCCTC-1,LAM2,snRNA,program_1,0.0
unrestricted_lam,LAM2:GTGCAGCTCGCGATCG-1,LAM2,snRNA,program_1,0.0
unrestricted_lam,LAM2:GTGCATACAGTATGCT-1,LAM2,snRNA,program_1,0.04153084009885788
unrestricted_lam,LAM2:GTGCATAGTCGGCTCA-1,LAM2,snRNA,program_1,0.0
unrestricted_lam,LAM2:GTGCATAGTTCCATGA-1,LAM2,snRNA,program_1,0.002743622288107872
unrestricted_lam,LAM2:GTGCGGTGTGCTCTTC-1,LAM2,snRNA,program_1,0.6818872094154358
unrestricted_lam,LAM2:GTGCGGTTCGAGGTAG-1,LAM2,snRNA,program_1,0.0
unrestricted_lam,LAM2:GTGCTTCAGAAGGCCT-1,LAM2,snRNA,program_1,0.0
unrestricted_lam,LAM2:GTGGGTCAGTAGCGGT-1,LAM2,snRNA,program_1,0.007014592178165913
unrestricted_lam,LAM2:GTGGGTCCACATAACC-1,LAM2,snRNA,program_1,0.6650511622428894
unrestricted_lam,LAM2:GTTAAGCTCTGTCTAT-1,LAM2,snRNA,program_1,0.00923718512058258
unrestricted_lam,LAM2:GTTCTCGCAGCCTGTG-1,LAM2,snRNA,program_1,0.0
unrestricted_lam,LAM2:GTTCTCGCAGTATGCT-1,LAM2,snRNA,program_1,0.0
unrestricted_lam,LAM2:TAAGAGAGTCGTCTTC-1,LAM2,snRNA,program_1,0.0
unrestricted_lam,LAM2:TAAGTGCTCAGTGTTG-1,LAM2,snRNA,program_1,0.16041840612888336
unrestricted_lam,LAM2:TACCTATTCTACTTAC-1,LAM2,snRNA,program_1,0.0029871566221117973
unrestricted_lam,LAM2:TACCTTAAGGCCCTTG-1,LAM2,snRNA,program_1,0.0015795850194990635
unrestricted_lam,LAM2:TACGGATTCTGCAAGT-1,LAM2,snRNA,program_1,0.0
unrestricted_lam,LAM2:TACGGTAAGCCAGTAG-1,LAM2,snRNA,program_1,0.0
unrestricted_lam,LAM2:TACGGTAGTCATTAGC-1,LAM2,snRNA,program_1,0.0
unrestricted_lam,LAM2:TACTCATTCATGTGGT-1,LAM2,snRNA,program_1,0.0698336809873581
unrestricted_lam,LAM2:TACTTGTCACTTGGAT-1,LAM2,snRNA,program_1,0.0007993099861778319
unrestricted_lam,LAM2:TACTTGTTCGGACAAG-1,LAM2,snRNA,program_1,0.0
unrestricted_lam,LAM2:TAGACCAGTAGGCATG-1,LAM2,snRNA,program_1,0.01295565441250801
unrestricted_lam,LAM2:TAGCCGGTCGAATCCA-1,LAM2,snRNA,program_1,0.43638283014297485
unrestricted_lam,LAM2:TAGTGGTCACACCGAC-1,LAM2,snRNA,program_1,0.7568166255950928
unrestricted_lam,LAM2:TAGTGGTGTGCCTGTG-1,LAM2,snRNA,program_1,0.0
unrestricted_lam,LAM2:TATCAGGTCCACGACG-1,LAM2,snRNA,program_1,0.7473546266555786
unrestricted_lam,LAM2:TATCTCAGTGCAGGTA-1,LAM2,snRNA,program_1,0.0
unrestricted_lam,LAM2:TATCTCAGTTCTGAAC-1,LAM2,snRNA,program_1,0.0
unrestricted_lam,LAM2:TCAACGAAGGTGATAT-1,LAM2,snRNA,program_1,0.02304057963192463
unrestricted_lam,LAM2:TCACAAGCATCGACGC-1,LAM2,snRNA,program_1,0.0
unrestricted_lam,LAM2:TCAGATGCACGCCAGT-1,LAM2,snRNA,program_1,0.8222712278366089
unrestricted_lam,LAM2:TCAGCTCTCACCGTAA-1,LAM2,snRNA,program_1,0.0
unrestricted_lam,LAM2:TCATTTGAGCGCTTAT-1,LAM2,snRNA,program_1,0.0
unrestricted_lam,LAM2:TCCACACAGTGGAGTC-1,LAM2,snRNA,program_1,0.0
unrestricted_lam,LAM2:TCCCGATAGAGCTGGT-1,LAM2,snRNA,program_1,0.0
unrestricted_lam,LAM2:TCGAGGCCACCTCGGA-1,LAM2,snRNA,program_1,0.26075008511543274
unrestricted_lam,LAM2:TCGAGGCTCACCAGGC-1,LAM2,snRNA,program_1,0.012588189914822578
unrestricted_lam,LAM2:TCGGGACTCCCTTGCA-1,LAM2,snRNA,program_1,0.0
unrestricted_lam,LAM2:TCGGTAAAGCTAGTTC-1,LAM2,snRNA,program_1,0.0
unrestricted_lam,LAM2:TCGGTAATCGGTGTTA-1,LAM2,snRNA,program_1,0.0
unrestricted_lam,LAM2:TCGTAGAGTTATGTGC-1,LAM2,snRNA,program_1,0.503077507019043
unrestricted_lam,LAM2:TCTATTGCAGTAAGCG-1,LAM2,snRNA,program_1,0.0
unrestricted_lam,LAM2:TCTATTGGTACCAGTT-1,LAM2,snRNA,program_1,0.0076166302897036076
unrestricted_lam,LAM2:TCTCTAAAGTGCAAGC-1,LAM2,snRNA,program_1,0.30826571583747864
unrestricted_lam,LAM2:TCTCTAAGTAGAAGGA-1,LAM2,snRNA,program_1,0.0
unrestricted_lam,LAM2:TCTGGAACAGCCAGAA-1,LAM2,snRNA,program_1,0.02536516822874546
unrestricted_lam,LAM2:TGACAACGTACTCTCC-1,LAM2,snRNA,program_1,0.0
unrestricted_lam,LAM2:TGACAACGTCTCCCTA-1,LAM2,snRNA,program_1,0.397261381149292
unrestricted_lam,LAM2:TGAGGGAGTGACCAAG-1,LAM2,snRNA,program_1,0.013371197506785393
unrestricted_lam,LAM2:TGAGGGAGTGTTCGAT-1,LAM2,snRNA,program_1,0.0
unrestricted_lam,LAM2:TGATTTCCATTTGCTT-1,LAM2,snRNA,program_1,0.0
unrestricted_lam,LAM2:TGCACCTAGGCTACGA-1,LAM2,snRNA,program_1,0.0
unrestricted_lam,LAM2:TGCACCTGTGCGGTAA-1,LAM2,snRNA,program_1,0.0
unrestricted_lam,LAM2:TGCCAAAAGGTGCAAC-1,LAM2,snRNA,program_1,0.0
unrestricted_lam,LAM2:TGCCCATAGCTGAACG-1,LAM2,snRNA,program_1,0.701930046081543
unrestricted_lam,LAM2:TGCCCATTCAGAGACG-1,LAM2,snRNA,program_1,0.0
unrestricted_lam,LAM2:TGCCCTACAAGCTGGA-1,LAM2,snRNA,program_1,0.0
unrestricted_lam,LAM2:TGCCCTAGTCCTCTTG-1,LAM2,snRNA,program_1,0.08159486949443817
unrestricted_lam,LAM2:TGCGTGGAGAAGGGTA-1,LAM2,snRNA,program_1,0.0
unrestricted_lam,LAM2:TGCTACCAGGTGCTTT-1,LAM2,snRNA,program_1,0.5961746573448181
unrestricted_lam,LAM2:TGCTACCAGTGGGTTG-1,LAM2,snRNA,program_1,0.0
unrestricted_lam,LAM2:TGGCCAGAGACAGGCT-1,LAM2,snRNA,program_1,0.3032701313495636
unrestricted_lam,LAM2:TGGCCAGCACCACGTG-1,LAM2,snRNA,program_1,0.2804124355316162
unrestricted_lam,LAM2:TGGGCGTGTCCGCTGA-1,LAM2,snRNA,program_1,0.0
unrestricted_lam,LAM2:TGGTTCCAGATGTGGC-1,LAM2,snRNA,program_1,0.0
unrestricted_lam,LAM2:TGGTTCCGTCGTCTTC-1,LAM2,snRNA,program_1,0.748982846736908
unrestricted_lam,LAM2:TGTCCCATCCCTTGCA-1,LAM2,snRNA,program_1,0.0
unrestricted_lam,LAM2:TGTGGTACAAGGACTG-1,LAM2,snRNA,program_1,0.0036120181903243065
unrestricted_lam,LAM2:TGTTCCGCAGCTGTTA-1,LAM2,snRNA,program_1,0.003952703904360533
unrestricted_lam,LAM2:TTAGGCACAATGGACG-1,LAM2,snRNA,program_1,0.01430435199290514
unrestricted_lam,LAM2:TTAGTTCTCAACACTG-1,LAM2,snRNA,program_1,0.011307569220662117
unrestricted_lam,LAM2:TTATGCTGTCTAGAGG-1,LAM2,snRNA,program_1,0.04741324111819267
unrestricted_lam,LAM2:TTCGAAGTCAACACTG-1,LAM2,snRNA,program_1,0.31408482789993286
unrestricted_lam,LAM2:TTCTCCTCATTTCACT-1,LAM2,snRNA,program_1,0.01763450726866722
unrestricted_lam,LAM2:TTGAACGTCGTCTGCT-1,LAM2,snRNA,program_1,0.0
unrestricted_lam,LAM2:TTGCCGTGTCGCGAAA-1,LAM2,snRNA,program_1,0.6293405890464783
unrestricted_lam,LAM2:TTGCGTCAGATCGGGT-1,LAM2,snRNA,program_1,0.0
unrestricted_lam,LAM2:TTGCGTCGTAGCGTAG-1,LAM2,snRNA,program_1,0.0
unrestricted_lam,LAM2:TTTACTGCATGCAACT-1,LAM2,snRNA,program_1,0.02587106265127659
unrestricted_lam,LAM2:TTTACTGTCCGCTGTT-1,LAM2,snRNA,program_1,0.027704481035470963
unrestricted_lam,LAM2:TTTATGCGTCGAGATG-1,LAM2,snRNA,program_1,0.0
unrestricted_lam,LAM2:TTTGGTTTCCTTTCGG-1,LAM2,snRNA,program_1,0.1085188165307045
unrestricted_lam,LAM3:AAACCTGGTTGCTCCT-1,LAM3,scRNA,program_1,0.011826884932816029
unrestricted_lam,LAM3:AAACGGGCAAGGCTCC-1,LAM3,scRNA,program_1,0.01664046384394169
unrestricted_lam,LAM3:AAAGATGGTGTTGGGA-1,LAM3,scRNA,program_1,0.041260067373514175
unrestricted_lam,LAM3:AACCATGGTATCGCAT-1,LAM3,scRNA,program_1,0.07092483341693878
unrestricted_lam,LAM3:AACCGCGGTCCCTACT-1,LAM3,scRNA,program_1,0.0
unrestricted_lam,LAM3:AACCGCGTCGCCTGTT-1,LAM3,scRNA,program_1,0.6839770674705505
unrestricted_lam,LAM3:AACGTTGCAATGGAGC-1,LAM3,scRNA,program_1,0.0
unrestricted_lam,LAM3:AACTCAGCACATTAGC-1,LAM3,scRNA,program_1,0.04526650160551071
unrestricted_lam,LAM3:AACTCAGGTCTAGCGC-1,LAM3,scRNA,program_1,0.021321069449186325
unrestricted_lam,LAM3:AACTCCCCAGCGTCCA-1,LAM3,scRNA,program_1,0.029686657711863518
unrestricted_lam,LAM3:AACTGGTCACGGTTTA-1,LAM3,scRNA,program_1,0.026462338864803314
unrestricted_lam,LAM3:AACTGGTGTTTGGGCC-1,LAM3,scRNA,program_1,0.032039862126111984
unrestricted_lam,LAM3:AAGACCTAGAGTAAGG-1,LAM3,scRNA,program_1,0.026845049113035202
unrestricted_lam,LAM3:AAGACCTAGTAACCCT-1,LAM3,scRNA,program_1,0.028229476884007454
unrestricted_lam,LAM3:AAGGCAGCAGCTGCAC-1,LAM3,scRNA,program_1,0.09321378171443939
unrestricted_lam,LAM3:AATCCAGTCACCACCT-1,LAM3,scRNA,program_1,0.02565721422433853
unrestricted_lam,LAM3:AATCGGTAGCAAATCA-1,LAM3,scRNA,program_1,0.0629383772611618
unrestricted_lam,LAM3:ACACCCTTCCCAAGTA-1,LAM3,scRNA,program_1,0.08868718892335892
unrestricted_lam,LAM3:ACACCGGTCTGACCTC-1,LAM3,scRNA,program_1,0.6910789608955383
unrestricted_lam,LAM3:ACAGCCGCAGGCGATA-1,LAM3,scRNA,program_1,0.024176957085728645
unrestricted_lam,LAM3:ACAGCCGTCGCCTGAG-1,LAM3,scRNA,program_1,0.0
unrestricted_lam,LAM3:ACAGCTAAGCGATAGC-1,LAM3,scRNA,program_1,0.05263223499059677
unrestricted_lam,LAM3:ACAGCTAAGGGTTTCT-1,LAM3,scRNA,program_1,0.040877774357795715
unrestricted_lam,LAM3:ACATACGCATACGCCG-1,LAM3,scRNA,program_1,0.02013600617647171
unrestricted_lam,LAM3:ACCGTAAAGGCTAGCA-1,LAM3,scRNA,program_1,0.0
unrestricted_lam,LAM3:ACCGTAAGTGTTGAGG-1,LAM3,scRNA,program_1,0.033382952213287354
unrestricted_lam,LAM3:ACGAGCCGTGGCAAAC-1,LAM3,scRNA,program_1,0.06779161840677261
unrestricted_lam,LAM3:ACGAGGAGTAGTGAAT-1,LAM3,scRNA,program_1,0.015684017911553383
unrestricted_lam,LAM3:ACGAGGATCGTCCAGG-1,LAM3,scRNA,program_1,0.008180300705134869
unrestricted_lam,LAM3:ACGATGTTCCTTTCTC-1,LAM3,scRNA,program_1,0.05435933917760849
unrestricted_lam,LAM3:ACGCCAGAGAGGTTGC-1,LAM3,scRNA,program_1,0.0028053417336195707
unrestricted_lam,LAM3:ACGCCAGAGGTAGCTG-1,LAM3,scRNA,program_1,0.011301636695861816
unrestricted_lam,LAM3:ACGCCAGTCAGCTTAG-1,LAM3,scRNA,program_1,0.03552614524960518
unrestricted_lam,LAM3:ACGCCGACACTTAACG-1,LAM3,scRNA,program_1,0.0407988578081131
unrestricted_lam,LAM3:ACGGAGAAGCTATGCT-1,LAM3,scRNA,program_1,0.03378734365105629
unrestricted_lam,LAM3:ACGGGCTGTAGCGTGA-1,LAM3,scRNA,program_1,0.0
unrestricted_lam,LAM3:ACGGGTCCATGGAATA-1,LAM3,scRNA,program_1,0.0
unrestricted_lam,LAM3:ACGGGTCTCCCAACGG-1,LAM3,scRNA,program_1,0.0
unrestricted_lam,LAM3:ACTGAGTCAGCTGTGC-1,LAM3,scRNA,program_1,0.06295378506183624
unrestricted_lam,LAM3:ACTGCTCGTTCGCTAA-1,LAM3,scRNA,program_1,0.06675677001476288
unrestricted_lam,LAM3:AGAATAGCAGCCTTTC-1,LAM3,scRNA,program_1,0.7193359136581421
unrestricted_lam,LAM3:AGAATAGGTTACCAGT-1,LAM3,scRNA,program_1,0.01656474359333515
unrestricted_lam,LAM3:AGAGCGAGTTGGTTTG-1,LAM3,scRNA,program_1,0.11069408804178238
unrestricted_lam,LAM3:AGAGTGGCAATGCCAT-1,LAM3,scRNA,program_1,0.08781588077545166
unrestricted_lam,LAM3:AGAGTGGTCTGATACG-1,LAM3,scRNA,program_1,0.04884614422917366
unrestricted_lam,LAM3:AGATTGCCATTGAGCT-1,LAM3,scRNA,program_1,0.7142791152000427
unrestricted_lam,LAM3:AGCGGTCGTAGCAAAT-1,LAM3,scRNA,program_1,0.1071016788482666
unrestricted_lam,LAM3:AGCGTATTCAAACAAG-1,LAM3,scRNA,program_1,0.04429870843887329
unrestricted_lam,LAM3:AGCGTATTCCATGCTC-1,LAM3,scRNA,program_1,0.07156530767679214
unrestricted_lam,LAM3:AGCGTCGCACTTACGA-1,LAM3,scRNA,program_1,0.6625590920448303
unrestricted_lam,LAM3:AGCGTCGTCAAACCGT-1,LAM3,scRNA,program_1,0.01055328268557787
unrestricted_lam,LAM3:AGCTCCTAGGGTTTCT-1,LAM3,scRNA,program_1,0.06552732735872269
unrestricted_lam,LAM3:AGCTCTCGTTCGGCAC-1,LAM3,scRNA,program_1,0.019668404012918472
unrestricted_lam,LAM3:AGGCCACGTTGATTCG-1,LAM3,scRNA,program_1,0.0
unrestricted_lam,LAM3:AGGCCGTTCCTTTCGG-1,LAM3,scRNA,program_1,0.7633112668991089
unrestricted_lam,LAM3:AGGTCATCAAACAACA-1,LAM3,scRNA,program_1,0.029891638085246086
unrestricted_lam,LAM3:AGTCTTTGTTACGCGC-1,LAM3,scRNA,program_1,0.013395112939178944
unrestricted_lam,LAM3:AGTGAGGCAAGCCGCT-1,LAM3,scRNA,program_1,0.0247501228004694
unrestricted_lam,LAM3:AGTGGGAAGAAGGGTA-1,LAM3,scRNA,program_1,0.04545953869819641
unrestricted_lam,LAM3:AGTGGGAAGATGGCGT-1,LAM3,scRNA,program_1,0.07577059417963028
unrestricted_lam,LAM3:AGTGGGAGTGTGCGTC-1,LAM3,scRNA,program_1,0.0
unrestricted_lam,LAM3:AGTGTCAGTTTGTTGG-1,LAM3,scRNA,program_1,0.13578015565872192
unrestricted_lam,LAM3:ATAAGAGTCAACGGCC-1,LAM3,scRNA,program_1,0.06011797487735748
unrestricted_lam,LAM3:ATAGACCGTGGTCCGT-1,LAM3,scRNA,program_1,0.08746783435344696
unrestricted_lam,LAM3:ATCATCTAGTCTCGGC-1,LAM3,scRNA,program_1,0.0
unrestricted_lam,LAM3:ATCATCTTCATGTAGC-1,LAM3,scRNA,program_1,0.0
unrestricted_lam,LAM3:ATCCGAAAGAACTCGG-1,LAM3,scRNA,program_1,0.014454563148319721
unrestricted_lam,LAM3:ATCCGAATCAAGGCTT-1,LAM3,scRNA,program_1,0.01641257293522358
unrestricted_lam,LAM3:ATCTACTAGGATATAC-1,LAM3,scRNA,program_1,0.03212766349315643
unrestricted_lam,LAM3:ATGCGATTCCCAAGAT-1,LAM3,scRNA,program_1,0.029402581974864006
unrestricted_lam,LAM3:ATTATCCAGTGGGTTG-1,LAM3,scRNA,program_1,0.09867271035909653
unrestricted_lam,LAM3:CAACCAAAGGTGCACA-1,LAM3,scRNA,program_1,0.04009773209691048
unrestricted_lam,LAM3:CAACCTCGTCGGCACT-1,LAM3,scRNA,program_1,0.7075503468513489
unrestricted_lam,LAM3:CAAGATCTCGCAAGCC-1,LAM3,scRNA,program_1,0.041544027626514435
unrestricted_lam,LAM3:CAAGGCCAGAAGAAGC-1,LAM3,scRNA,program_1,0.001631573773920536
unrestricted_lam,LAM3:CACAAACAGGTCGGAT-1,LAM3,scRNA,program_1,0.0
unrestricted_lam,LAM3:CACACAACAATGGAAT-1,LAM3,scRNA,program_1,0.0
unrestricted_lam,LAM3:CACACCTTCAGCGATT-1,LAM3,scRNA,program_1,0.0357208177447319
unrestricted_lam,LAM3:CACACTCCACTGTGTA-1,LAM3,scRNA,program_1,0.0
unrestricted_lam,LAM3:CACAGGCGTAATAGCA-1,LAM3,scRNA,program_1,0.6475527882575989
unrestricted_lam,LAM3:CACATAGTCGTCTGCT-1,LAM3,scRNA,program_1,0.03599726781249046
unrestricted_lam,LAM3:CACCAGGAGCGATATA-1,LAM3,scRNA,program_1,0.029444517567753792
unrestricted_lam,LAM3:CAGATCAAGAATTGTG-1,LAM3,scRNA,program_1,0.0
unrestricted_lam,LAM3:CAGATCATCCTCTAGC-1,LAM3,scRNA,program_1,0.09410170465707779
unrestricted_lam,LAM3:CAGCAGCAGCGAGAAA-1,LAM3,scRNA,program_1,0.09514559805393219
unrestricted_lam,LAM3:CAGCATAGTTCGCGAC-1,LAM3,scRNA,program_1,0.07239416986703873
unrestricted_lam,LAM3:CAGGTGCTCAATCACG-1,LAM3,scRNA,program_1,0.015396730042994022
unrestricted_lam,LAM3:CAGGTGCTCTCGAGTA-1,LAM3,scRNA,program_1,0.04628262668848038
unrestricted_lam,LAM3:CAGTAACCACGGTTTA-1,LAM3,scRNA,program_1,0.6952723860740662
unrestricted_lam,LAM3:CAGTAACGTGACGGTA-1,LAM3,scRNA,program_1,0.04341292381286621
unrestricted_lam,LAM3:CATCAAGGTCCTCTTG-1,LAM3,scRNA,program_1,0.0709376260638237
unrestricted_lam,LAM3:CATCCACAGATCCCAT-1,LAM3,scRNA,program_1,0.01582374982535839
unrestricted_lam,LAM3:CATCGAATCAGTTCGA-1,LAM3,scRNA,program_1,0.7483607530593872
unrestricted_lam,LAM3:CATCGGGGTTTCCACC-1,LAM3,scRNA,program_1,0.08964643627405167
unrestricted_lam,LAM3:CATCGGGTCGGCGCAT-1,LAM3,scRNA,program_1,0.0974656268954277
unrestricted_lam,LAM3:CATGCCTAGGACTGGT-1,LAM3,scRNA,program_1,0.7052587866783142
unrestricted_lam,LAM3:CATGCCTAGGAGCGAG-1,LAM3,scRNA,program_1,0.06511424481868744
unrestricted_lam,LAM3:CATTATCAGGCCCTTG-1,LAM3,scRNA,program_1,0.04983072727918625
unrestricted_lam,LAM3:CATTCGCCAGTCTTCC-1,LAM3,scRNA,program_1,0.035582639276981354
unrestricted_lam,LAM3:CCAATCCGTAAACACA-1,LAM3,scRNA,program_1,0.044737257063388824
unrestricted_lam,LAM3:CCACCTACACGTGAGA-1,LAM3,scRNA,program_1,0.7015393376350403
unrestricted_lam,LAM3:CCACGGAAGCGTCTAT-1,LAM3,scRNA,program_1,0.009611809626221657
unrestricted_lam,LAM3:CCACTACCAAGTTCTG-1,LAM3,scRNA,program_1,0.04662226513028145
unrestricted_lam,LAM3:CCAGCGAGTCATGCCG-1,LAM3,scRNA,program_1,0.07575318217277527
unrestricted_lam,LAM3:CCCAGTTCACTTCTGC-1,LAM3,scRNA,program_1,0.03904165327548981
unrestricted_lam,LAM3:CCCTCCTTCTGATTCT-1,LAM3,scRNA,program_1,0.0010945838876068592
unrestricted_lam,LAM3:CCGGGATTCGAACTGT-1,LAM3,scRNA,program_1,0.21380913257598877
unrestricted_lam,LAM3:CCGGTAGCATCAGTCA-1,LAM3,scRNA,program_1,0.09670574963092804
unrestricted_lam,LAM3:CCGTACTGTCAAGCGA-1,LAM3,scRNA,program_1,0.08549661934375763
unrestricted_lam,LAM3:CCGTGGAGTACCCAAT-1,LAM3,scRNA,program_1,0.06908909231424332
unrestricted_lam,LAM3:CCTAAAGAGCAGACTG-1,LAM3,scRNA,program_1,0.00666319765150547
unrestricted_lam,LAM3:CCTAAAGAGTCGCCGT-1,LAM3,scRNA,program_1,0.005474168341606855
unrestricted_lam,LAM3:CCTAAAGCATGTTGAC-1,LAM3,scRNA,program_1,0.028823429718613625
unrestricted_lam,LAM3:CCTACACAGGCTAGGT-1,LAM3,scRNA,program_1,0.6342772245407104
unrestricted_lam,LAM3:CCTACACTCACCACCT-1,LAM3,scRNA,program_1,0.6938043832778931
unrestricted_lam,LAM3:CCTATTAGTCTTCAAG-1,LAM3,scRNA,program_1,0.0027237196918576956
unrestricted_lam,LAM3:CCTATTATCTCAACTT-1,LAM3,scRNA,program_1,0.03695734217762947
unrestricted_lam,LAM3:CCTCTGAAGCACCGTC-1,LAM3,scRNA,program_1,0.1443859040737152
unrestricted_lam,LAM3:CCTCTGAAGGTGCTTT-1,LAM3,scRNA,program_1,0.07915979623794556
unrestricted_lam,LAM3:CCTCTGAAGTTGAGAT-1,LAM3,scRNA,program_1,0.034294046461582184
unrestricted_lam,LAM3:CCTCTGATCCAAAGTC-1,LAM3,scRNA,program_1,0.13742205500602722
unrestricted_lam,LAM3:CCTTCCCAGTTAGCGG-1,LAM3,scRNA,program_1,0.04106141999363899
unrestricted_lam,LAM3:CCTTCCCCACATGTGT-1,LAM3,scRNA,program_1,0.07797524333000183
unrestricted_lam,LAM3:CCTTCGAAGTGACTCT-1,LAM3,scRNA,program_1,0.03613222762942314
unrestricted_lam,LAM3:CCTTCGAAGTGTCCCG-1,LAM3,scRNA,program_1,0.0379558727145195
unrestricted_lam,LAM3:CCTTCGACAAGAGGCT-1,LAM3,scRNA,program_1,0.7283135056495667
unrestricted_lam,LAM3:CGAACATCATACCATG-1,LAM3,scRNA,program_1,0.0494072362780571
unrestricted_lam,LAM3:CGAATGTTCTGAAAGA-1,LAM3,scRNA,program_1,0.010452954098582268
unrestricted_lam,LAM3:CGACCTTCATAGAAAC-1,LAM3,scRNA,program_1,0.044231679290533066
unrestricted_lam,LAM3:CGACTTCGTTGGTAAA-1,LAM3,scRNA,program_1,0.038060516119003296
unrestricted_lam,LAM3:CGAGCACGTAGCGCAA-1,LAM3,scRNA,program_1,0.3653204143047333
unrestricted_lam,LAM3:CGAGCCACAAGTAATG-1,LAM3,scRNA,program_1,0.45382729172706604
unrestricted_lam,LAM3:CGAGCCATCGCGGATC-1,LAM3,scRNA,program_1,0.02725944295525551
unrestricted_lam,LAM3:CGATCGGGTTCCGTCT-1,LAM3,scRNA,program_1,0.7159401178359985
unrestricted_lam,LAM3:CGATGGCAGTAAGTAC-1,LAM3,scRNA,program_1,0.02345307543873787
unrestricted_lam,LAM3:CGATGGCTCAGCATGT-1,LAM3,scRNA,program_1,0.040913403034210205
unrestricted_lam,LAM3:CGATGTACATCACAAC-1,LAM3,scRNA,program_1,0.04646455869078636
unrestricted_lam,LAM3:CGATGTATCTTCGAGA-1,LAM3,scRNA,program_1,0.153213232755661
unrestricted_lam,LAM3:CGCTGGAAGAATTCCC-1,LAM3,scRNA,program_1,0.1204276978969574
unrestricted_lam,LAM3:CGCTTCACAGCTGCTG-1,LAM3,scRNA,program_1,0.04957900568842888
unrestricted_lam,LAM3:CGCTTCATCGCACTCT-1,LAM3,scRNA,program_1,0.09605322033166885
unrestricted_lam,LAM3:CGGACGTCATACGCTA-1,LAM3,scRNA,program_1,0.06666463613510132
unrestricted_lam,LAM3:CGGAGCTAGAGGTTAT-1,LAM3,scRNA,program_1,0.03962496295571327
unrestricted_lam,LAM3:CGGGTCACACGTGAGA-1,LAM3,scRNA,program_1,0.2028353214263916
unrestricted_lam,LAM3:CGTCCATGTTGATTCG-1,LAM3,scRNA,program_1,0.23016564548015594
unrestricted_lam,LAM3:CGTGTAATCGGGAGTA-1,LAM3,scRNA,program_1,0.0039019109681248665
unrestricted_lam,LAM3:CGTGTCTAGCGTCTAT-1,LAM3,scRNA,program_1,0.05616642162203789
unrestricted_lam,LAM3:CGTGTCTTCAGTTCGA-1,LAM3,scRNA,program_1,0.7346832156181335
unrestricted_lam,LAM3:CGTTAGAGTACGACCC-1,LAM3,scRNA,program_1,0.04579779878258705
unrestricted_lam,LAM3:CGTTCTGCACGAGAGT-1,LAM3,scRNA,program_1,0.6371232867240906
unrestricted_lam,LAM3:CGTTGGGAGGTGACCA-1,LAM3,scRNA,program_1,0.033240906894207
unrestricted_lam,LAM3:CTACACCAGATACACA-1,LAM3,scRNA,program_1,0.0
unrestricted_lam,LAM3:CTACACCTCCACGAAT-1,LAM3,scRNA,program_1,0.03369901329278946
unrestricted_lam,LAM3:CTACACCTCCAGTAGT-1,LAM3,scRNA,program_1,0.0
unrestricted_lam,LAM3:CTAGAGTGTAAGAGAG-1,LAM3,scRNA,program_1,0.0467911958694458
unrestricted_lam,LAM3:CTCATTACATCACGTA-1,LAM3,scRNA,program_1,0.0
unrestricted_lam,LAM3:CTCCTAGTCGCGTAGC-1,LAM3,scRNA,program_1,0.6994116306304932
unrestricted_lam,LAM3:CTCGAGGAGGCTAGGT-1,LAM3,scRNA,program_1,0.050447385758161545
unrestricted_lam,LAM3:CTCGAGGTCCACGACG-1,LAM3,scRNA,program_1,0.07570365071296692
unrestricted_lam,LAM3:CTCGTACTCTGACCTC-1,LAM3,scRNA,program_1,0.026850560680031776
unrestricted_lam,LAM3:CTCGTCATCGCGATCG-1,LAM3,scRNA,program_1,0.14775069057941437
unrestricted_lam,LAM3:CTCTACGCAAACCCAT-1,LAM3,scRNA,program_1,0.038508400321006775
unrestricted_lam,LAM3:CTCTGGTAGTGGGCTA-1,LAM3,scRNA,program_1,0.011281426064670086
unrestricted_lam,LAM3:CTCTGGTCAAGCCGTC-1,LAM3,scRNA,program_1,0.6906759738922119
unrestricted_lam,LAM3:CTGAAACCACGGTTTA-1,LAM3,scRNA,program_1,0.421176940202713
unrestricted_lam,LAM3:CTGAAACTCTTGCCGT-1,LAM3,scRNA,program_1,0.020456237718462944
unrestricted_lam,LAM3:CTGCTGTAGCGTGTCC-1,LAM3,scRNA,program_1,0.0
unrestricted_lam,LAM3:CTGCTGTAGCGTTGCC-1,LAM3,scRNA,program_1,0.04047122597694397
unrestricted_lam,LAM3:CTGCTGTTCGGATGTT-1,LAM3,scRNA,program_1,0.027172263711690903
unrestricted_lam,LAM3:CTGCTGTTCTGTTGAG-1,LAM3,scRNA,program_1,0.08383070677518845
unrestricted_lam,LAM3:CTGTTTACACTTCTGC-1,LAM3,scRNA,program_1,0.027933426201343536
unrestricted_lam,LAM3:CTGTTTATCGCGTTTC-1,LAM3,scRNA,program_1,0.0
unrestricted_lam,LAM3:CTTAACTGTGGTACAG-1,LAM3,scRNA,program_1,0.09946373105049133
unrestricted_lam,LAM3:CTTACCGCACCAACCG-1,LAM3,scRNA,program_1,0.6652287840843201
unrestricted_lam,LAM3:CTTACCGCACTAGTAC-1,LAM3,scRNA,program_1,0.0
unrestricted_lam,LAM3:CTTCTCTCACAACTGT-1,LAM3,scRNA,program_1,0.02579825185239315
unrestricted_lam,LAM3:CTTCTCTCACAGAGGT-1,LAM3,scRNA,program_1,0.06192271038889885
unrestricted_lam,LAM3:CTTGGCTGTCGAACAG-1,LAM3,scRNA,program_1,0.018755748867988586
unrestricted_lam,LAM3:GAAACTCCAGCTGCTG-1,LAM3,scRNA,program_1,0.0
unrestricted_lam,LAM3:GAACCTAAGAACAACT-1,LAM3,scRNA,program_1,0.048076312988996506
unrestricted_lam,LAM3:GAACCTATCCCTGACT-1,LAM3,scRNA,program_1,0.09020614624023438
unrestricted_lam,LAM3:GAAGCAGCACCGATAT-1,LAM3,scRNA,program_1,0.049512799829244614
unrestricted_lam,LAM3:GACACGCCATGTCCTC-1,LAM3,scRNA,program_1,0.006485830992460251
unrestricted_lam,LAM3:GACACGCGTACCGTAT-1,LAM3,scRNA,program_1,0.0
unrestricted_lam,LAM3:GACACGCGTTACCAGT-1,LAM3,scRNA,program_1,0.031224898993968964
unrestricted_lam,LAM3:GACAGAGTCACATACG-1,LAM3,scRNA,program_1,0.07342135161161423
unrestricted_lam,LAM3:GACCAATGTATGGTTC-1,LAM3,scRNA,program_1,0.09704408049583435
unrestricted_lam,LAM3:GACCTGGCAGCTTCGG-1,LAM3,scRNA,program_1,0.012643649242818356
unrestricted_lam,LAM3:GACGTGCAGTGGACGT-1,LAM3,scRNA,program_1,0.0827498808503151
unrestricted_lam,LAM3:GACTACACAGCTGTTA-1,LAM3,scRNA,program_1,0.03172650933265686
unrestricted_lam,LAM3:GACTACATCACAGGCC-1,LAM3,scRNA,program_1,0.6720947027206421
unrestricted_lam,LAM3:GAGTCCGCATCCTTGC-1,LAM3,scRNA,program_1,0.09415033459663391
unrestricted_lam,LAM3:GATCGATAGCAATATG-1,LAM3,scRNA,program_1,0.0
unrestricted_lam,LAM3:GATCGATTCTACGAGT-1,LAM3,scRNA,program_1,0.029833229258656502
unrestricted_lam,LAM3:GATCGCGCAGTCAGAG-1,LAM3,scRNA,program_1,0.7229866981506348
unrestricted_lam,LAM3:GATCGCGCATCTCGCT-1,LAM3,scRNA,program_1,0.035517361015081406
unrestricted_lam,LAM3:GATCGCGTCCTTCAAT-1,LAM3,scRNA,program_1,0.7297927141189575
unrestricted_lam,LAM3:GATCGTAAGAATCTCC-1,LAM3,scRNA,program_1,0.001690418110229075
unrestricted_lam,LAM3:GATCGTACACAACGTT-1,LAM3,scRNA,program_1,0.09134115278720856
unrestricted_lam,LAM3:GATCGTAGTGTTAAGA-1,LAM3,scRNA,program_1,0.0
unrestricted_lam,LAM3:GATCTAGAGAAGGGTA-1,LAM3,scRNA,program_1,0.017510654404759407
unrestricted_lam,LAM3:GATGCTACACAGAGGT-1,LAM3,scRNA,program_1,0.748964250087738
unrestricted_lam,LAM3:GATTCAGAGCGTCTAT-1,LAM3,scRNA,program_1,0.012393374927341938
unrestricted_lam,LAM3:GATTCAGAGGGCTTGA-1,LAM3,scRNA,program_1,0.07801370322704315
unrestricted_lam,LAM3:GCAATCAAGTCCCACG-1,LAM3,scRNA,program_1,0.08367428928613663
unrestricted_lam,LAM3:GCACATAAGACTGGGT-1,LAM3,scRNA,program_1,0.041531581431627274
unrestricted_lam,LAM3:GCAGTTATCCTGCAGG-1,LAM3,scRNA,program_1,0.05344982445240021
unrestricted_lam,LAM3:GCATACAAGCGACGTA-1,LAM3,scRNA,program_1,0.03036649152636528
unrestricted_lam,LAM3:GCATACAAGTAAGTAC-1,LAM3,scRNA,program_1,0.048336029052734375
unrestricted_lam,LAM3:GCATACAGTCTAGCGC-1,LAM3,scRNA,program_1,0.053397681564092636
unrestricted_lam,LAM3:GCATGCGAGCACGCCT-1,LAM3,scRNA,program_1,0.06938208639621735
unrestricted_lam,LAM3:GCATGCGCACACATGT-1,LAM3,scRNA,program_1,0.018357744440436363
unrestricted_lam,LAM3:GCCAAATAGAATTGTG-1,LAM3,scRNA,program_1,0.02118937484920025
unrestricted_lam,LAM3:GCCAAATAGCTGCGAA-1,LAM3,scRNA,program_1,0.0
unrestricted_lam,LAM3:GCCAAATGTAGCGTCC-1,LAM3,scRNA,program_1,0.03450063243508339
unrestricted_lam,LAM3:GCCTCTAAGTGTACCT-1,LAM3,scRNA,program_1,0.04412150755524635
unrestricted_lam,LAM3:GCGAGAAAGTACATGA-1,LAM3,scRNA,program_1,0.037173572927713394
unrestricted_lam,LAM3:GCGAGAAGTGTAACGG-1,LAM3,scRNA,program_1,0.02150896191596985
unrestricted_lam,LAM3:GCGCAACTCTTTACAC-1,LAM3,scRNA,program_1,0.0
unrestricted_lam,LAM3:GCGCAGTCAAACGCGA-1,LAM3,scRNA,program_1,0.030727235600352287
unrestricted_lam,LAM3:GCGGGTTGTAGCCTCG-1,LAM3,scRNA,program_1,0.0
unrestricted_lam,LAM3:GCTCCTAAGCTGAAAT-1,LAM3,scRNA,program_1,0.024431802332401276
unrestricted_lam,LAM3:GCTGCAGAGACTAAGT-1,LAM3,scRNA,program_1,0.04230557754635811
unrestricted_lam,LAM3:GCTGCTTGTAGGAGTC-1,LAM3,scRNA,program_1,0.05975833907723427
unrestricted_lam,LAM3:GCTTGAAAGTGGTAGC-1,LAM3,scRNA,program_1,0.013995451852679253
unrestricted_lam,LAM3:GCTTGAATCGTACCGG-1,LAM3,scRNA,program_1,0.0
unrestricted_lam,LAM3:GGAATAAGTAGCTGCC-1,LAM3,scRNA,program_1,0.09328891336917877
unrestricted_lam,LAM3:GGACAGACAAGAAGAG-1,LAM3,scRNA,program_1,0.1232789158821106
unrestricted_lam,LAM3:GGACAGACATGTAAGA-1,LAM3,scRNA,program_1,0.06183131784200668
unrestricted_lam,LAM3:GGACATTGTTCCACAA-1,LAM3,scRNA,program_1,0.03879295662045479
unrestricted_lam,LAM3:GGACATTTCCACGTTC-1,LAM3,scRNA,program_1,0.0022002041805535555
unrestricted_lam,LAM3:GGAGCAAAGTCCGTAT-1,LAM3,scRNA,program_1,0.01277127768844366
unrestricted_lam,LAM3:GGATGTTAGAGGTTGC-1,LAM3,scRNA,program_1,0.008303781040012836
unrestricted_lam,LAM3:GGATGTTAGCCGTCGT-1,LAM3,scRNA,program_1,0.004970106761902571
unrestricted_lam,LAM3:GGATGTTGTCGACTGC-1,LAM3,scRNA,program_1,0.13524240255355835
unrestricted_lam,LAM3:GGATGTTTCGCAAGCC-1,LAM3,scRNA,program_1,0.06318963319063187
unrestricted_lam,LAM3:GGATTACGTAGCTCCG-1,LAM3,scRNA,program_1,0.06418271362781525
unrestricted_lam,LAM3:GGCCGATTCTTCCTTC-1,LAM3,scRNA,program_1,0.0
unrestricted_lam,LAM3:GGGAGATCAGTAAGAT-1,LAM3,scRNA,program_1,0.0
unrestricted_lam,LAM3:GGGCATCCAGCCTTTC-1,LAM3,scRNA,program_1,0.053824421018362045
unrestricted_lam,LAM3:GGTGAAGTCGGAAATA-1,LAM3,scRNA,program_1,0.06592834740877151
unrestricted_lam,LAM3:GGTGCGTCACCTTGTC-1,LAM3,scRNA,program_1,0.02683873102068901
unrestricted_lam,LAM3:GGTGCGTTCACGATGT-1,LAM3,scRNA,program_1,0.11644841730594635
unrestricted_lam,LAM3:GGTGTTAGTTTGCATG-1,LAM3,scRNA,program_1,0.06444802135229111
unrestricted_lam,LAM3:GTAACTGTCTGTCCGT-1,LAM3,scRNA,program_1,0.5623707175254822
unrestricted_lam,LAM3:GTAGGCCGTTCAGACT-1,LAM3,scRNA,program_1,0.006592084653675556
unrestricted_lam,LAM3:GTAGTCATCTCCAACC-1,LAM3,scRNA,program_1,0.13027216494083405
unrestricted_lam,LAM3:GTATCTTTCACGAAGG-1,LAM3,scRNA,program_1,0.715634286403656
unrestricted_lam,LAM3:GTATTCTCAGCTCCGA-1,LAM3,scRNA,program_1,0.0
unrestricted_lam,LAM3:GTCACGGCATCCTTGC-1,LAM3,scRNA,program_1,0.04845340549945831
unrestricted_lam,LAM3:GTCACGGGTTAAGTAG-1,LAM3,scRNA,program_1,0.7209988236427307
unrestricted_lam,LAM3:GTCATTTGTCGGGTCT-1,LAM3,scRNA,program_1,0.0
unrestricted_lam,LAM3:GTCATTTGTCTTCTCG-1,LAM3,scRNA,program_1,0.0379147008061409
unrestricted_lam,LAM3:GTCCTCATCACGGTTA-1,LAM3,scRNA,program_1,0.07206615060567856
unrestricted_lam,LAM3:GTCGTAATCAAGGTAA-1,LAM3,scRNA,program_1,0.677232027053833
unrestricted_lam,LAM3:GTCTCGTCACTAGTAC-1,LAM3,scRNA,program_1,0.057126808911561966
unrestricted_lam,LAM3:GTCTTCGTCCTTCAAT-1,LAM3,scRNA,program_1,0.014128862880170345
unrestricted_lam,LAM3:GTGCAGCAGCTGAACG-1,LAM3,scRNA,program_1,0.04179631173610687
unrestricted_lam,LAM3:GTGCGGTGTAGCAAAT-1,LAM3,scRNA,program_1,0.41617634892463684
unrestricted_lam,LAM3:GTGCGGTGTTTGGGCC-1,LAM3,scRNA,program_1,0.06337422132492065
unrestricted_lam,LAM3:GTGGGTCTCAACTCTT-1,LAM3,scRNA,program_1,0.061407122761011124
unrestricted_lam,LAM3:GTTAAGCAGTACATGA-1,LAM3,scRNA,program_1,0.13992421329021454
unrestricted_lam,LAM3:GTTCTCGCATGCATGT-1,LAM3,scRNA,program_1,0.05686548352241516
unrestricted_lam,LAM3:TAAGTGCTCCAGATCA-1,LAM3,scRNA,program_1,0.03107636049389839
unrestricted_lam,LAM3:TACAGTGGTGGCGAAT-1,LAM3,scRNA,program_1,0.03494773805141449
unrestricted_lam,LAM3:TACCTATTCGGCGCAT-1,LAM3,scRNA,program_1,0.0
unrestricted_lam,LAM3:TACGGATAGGTGCACA-1,LAM3,scRNA,program_1,0.03432862460613251
unrestricted_lam,LAM3:TACTCGCGTGTCAATC-1,LAM3,scRNA,program_1,0.03799654170870781
unrestricted_lam,LAM3:TAGACCACAGACGCTC-1,LAM3,scRNA,program_1,0.0809827446937561
unrestricted_lam,LAM3:TAGACCAGTAGGAGTC-1,LAM3,scRNA,program_1,0.11064369231462479
unrestricted_lam,LAM3:TAGAGCTAGTTAGCGG-1,LAM3,scRNA,program_1,0.08651933819055557
unrestricted_lam,LAM3:TAGGCATTCGCCCTTA-1,LAM3,scRNA,program_1,0.0755118578672409
unrestricted_lam,LAM3:TAGTTGGAGTGGGATC-1,LAM3,scRNA,program_1,0.31356823444366455
unrestricted_lam,LAM3:TAGTTGGCAATGTAAG-1,LAM3,scRNA,program_1,0.012273830361664295
unrestricted_lam,LAM3:TATCTCAAGGAATGGA-1,LAM3,scRNA,program_1,0.7005881071090698
unrestricted_lam,LAM3:TATCTCAGTCTTGATG-1,LAM3,scRNA,program_1,0.03750258684158325
unrestricted_lam,LAM3:TATGCCCCAACGATGG-1,LAM3,scRNA,program_1,0.7242377400398254
unrestricted_lam,LAM3:TCAACGAAGACCACGA-1,LAM3,scRNA,program_1,0.23157764971256256
unrestricted_lam,LAM3:TCAATCTCACATCTTT-1,LAM3,scRNA,program_1,0.7169162631034851
unrestricted_lam,LAM3:TCAATCTTCGGATGTT-1,LAM3,scRNA,program_1,0.05049099400639534
unrestricted_lam,LAM3:TCACAAGGTTCCACTC-1,LAM3,scRNA,program_1,0.04311318323016167
unrestricted_lam,LAM3:TCACAAGTCACCCGAG-1,LAM3,scRNA,program_1,0.6708463430404663
unrestricted_lam,LAM3:TCAGCAATCCGTCATC-1,LAM3,scRNA,program_1,0.0
unrestricted_lam,LAM3:TCAGCTCAGATGTAAC-1,LAM3,scRNA,program_1,0.057588208466768265
unrestricted_lam,LAM3:TCAGCTCCAGGTCCAC-1,LAM3,scRNA,program_1,0.03293240815401077
unrestricted_lam,LAM3:TCAGGATCAGCCTTGG-1,LAM3,scRNA,program_1,0.008359688334167004
unrestricted_lam,LAM3:TCAGGTAAGAAACCGC-1,LAM3,scRNA,program_1,0.019503740593791008
unrestricted_lam,LAM3:TCAGGTACAGCCAGAA-1,LAM3,scRNA,program_1,0.0
unrestricted_lam,LAM3:TCAGGTATCCCTCTTT-1,LAM3,scRNA,program_1,0.1532539278268814
unrestricted_lam,LAM3:TCATTACAGGTGATTA-1,LAM3,scRNA,program_1,0.07536357641220093
unrestricted_lam,LAM3:TCATTACCATCGGAAG-1,LAM3,scRNA,program_1,0.06463625282049179
unrestricted_lam,LAM3:TCCACACAGCTGCCCA-1,LAM3,scRNA,program_1,0.03914244845509529
unrestricted_lam,LAM3:TCGAGGCCAGGGCATA-1,LAM3,scRNA,program_1,0.13527923822402954
unrestricted_lam,LAM3:TCGTACCGTAATCGTC-1,LAM3,scRNA,program_1,0.15902534127235413
unrestricted_lam,LAM3:TCGTACCGTAGTGAAT-1,LAM3,scRNA,program_1,0.0931943878531456
unrestricted_lam,LAM3:TCGTACCTCACAATGC-1,LAM3,scRNA,program_1,0.03183045983314514
unrestricted_lam,LAM3:TCTCATAAGGCTCAGA-1,LAM3,scRNA,program_1,0.04434306547045708
unrestricted_lam,LAM3:TCTCATATCGACGGAA-1,LAM3,scRNA,program_1,0.050379183143377304
unrestricted_lam,LAM3:TCTCTAACACACATGT-1,LAM3,scRNA,program_1,0.046617355197668076
unrestricted_lam,LAM3:TCTCTAATCGCATGGC-1,LAM3,scRNA,program_1,0.0
unrestricted_lam,LAM3:TCTGAGACACAGCCCA-1,LAM3,scRNA,program_1,0.11506430059671402
unrestricted_lam,LAM3:TCTGAGATCCCGACTT-1,LAM3,scRNA,program_1,0.0
unrestricted_lam,LAM3:TCTGAGATCTGCTGCT-1,LAM3,scRNA,program_1,0.1020141988992691
unrestricted_lam,LAM3:TCTTCGGAGAGTGACC-1,LAM3,scRNA,program_1,0.0330834798514843
unrestricted_lam,LAM3:TGAAAGAAGCGATGAC-1,LAM3,scRNA,program_1,0.11925067752599716
unrestricted_lam,LAM3:TGACAACCATTCCTCG-1,LAM3,scRNA,program_1,0.03798476979136467
unrestricted_lam,LAM3:TGACGGCAGCTGGAAC-1,LAM3,scRNA,program_1,0.09572691470384598
unrestricted_lam,LAM3:TGACGGCAGGCATGTG-1,LAM3,scRNA,program_1,0.13124337792396545
unrestricted_lam,LAM3:TGACGGCGTCAAAGCG-1,LAM3,scRNA,program_1,0.06042075529694557
unrestricted_lam,LAM3:TGACGGCGTTCGTTGA-1,LAM3,scRNA,program_1,0.0024719182401895523
unrestricted_lam,LAM3:TGACTAGGTCCAGTTA-1,LAM3,scRNA,program_1,0.6585484147071838
unrestricted_lam,LAM3:TGACTTTAGTGGAGTC-1,LAM3,scRNA,program_1,0.05073142051696777
unrestricted_lam,LAM3:TGACTTTGTTCGCGAC-1,LAM3,scRNA,program_1,0.025522831827402115
unrestricted_lam,LAM3:TGAGAGGCAGTCTTCC-1,LAM3,scRNA,program_1,0.0031292543280869722
unrestricted_lam,LAM3:TGAGAGGTCACGATGT-1,LAM3,scRNA,program_1,0.0961364358663559
unrestricted_lam,LAM3:TGAGGGAAGTACGTTC-1,LAM3,scRNA,program_1,0.051585521548986435
unrestricted_lam,LAM3:TGCCAAACAGATCCAT-1,LAM3,scRNA,program_1,0.0455620251595974
unrestricted_lam,LAM3:TGCCAAATCCAAGCCG-1,LAM3,scRNA,program_1,0.0
unrestricted_lam,LAM3:TGCGCAGTCGGCTACG-1,LAM3,scRNA,program_1,0.7025631666183472
unrestricted_lam,LAM3:TGCGGGTGTCTCTTTA-1,LAM3,scRNA,program_1,0.004548112396150827
unrestricted_lam,LAM3:TGCGTGGTCTAGCACA-1,LAM3,scRNA,program_1,0.046293094754219055
unrestricted_lam,LAM3:TGCTACCGTCGTTGTA-1,LAM3,scRNA,program_1,0.09628918766975403
unrestricted_lam,LAM3:TGCTGCTAGCATGGCA-1,LAM3,scRNA,program_1,0.608673632144928
unrestricted_lam,LAM3:TGGACGCCAATGTTGC-1,LAM3,scRNA,program_1,0.05206820368766785
unrestricted_lam,LAM3:TGGACGCCATGACATC-1,LAM3,scRNA,program_1,0.0
unrestricted_lam,LAM3:TGGACGCGTAGCGCAA-1,LAM3,scRNA,program_1,0.045186061412096024
unrestricted_lam,LAM3:TGGCCAGCACAGGAGT-1,LAM3,scRNA,program_1,0.011052515357732773
unrestricted_lam,LAM3:TGGCTGGAGGCGATAC-1,LAM3,scRNA,program_1,0.04182335361838341
unrestricted_lam,LAM3:TGGCTGGCACCGAATT-1,LAM3,scRNA,program_1,0.48516204953193665
unrestricted_lam,LAM3:TGGGCGTTCAACCAAC-1,LAM3,scRNA,program_1,0.059668440371751785
unrestricted_lam,LAM3:TGGTTAGCAAACAACA-1,LAM3,scRNA,program_1,0.12063383311033249
unrestricted_lam,LAM3:TGGTTAGTCTCGATGA-1,LAM3,scRNA,program_1,0.0346381701529026
unrestricted_lam,LAM3:TGTGTTTTCCATGAAC-1,LAM3,scRNA,program_1,0.027335574850440025
unrestricted_lam,LAM3:TGTGTTTTCCCATTTA-1,LAM3,scRNA,program_1,0.01854969747364521
unrestricted_lam,LAM3:TGTTCCGAGCCGATTT-1,LAM3,scRNA,program_1,0.0
unrestricted_lam,LAM3:TGTTCCGCATGCAACT-1,LAM3,scRNA,program_1,0.1180804893374443
unrestricted_lam,LAM3:TGTTCCGGTCCGAATT-1,LAM3,scRNA,program_1,0.6999265551567078
unrestricted_lam,LAM3:TGTTCCGGTCCGTCAG-1,LAM3,scRNA,program_1,0.09528778493404388
unrestricted_lam,LAM3:TTAGGCAGTACCGTAT-1,LAM3,scRNA,program_1,0.02012087032198906
unrestricted_lam,LAM3:TTATGCTAGTGATCGG-1,LAM3,scRNA,program_1,0.051598552614450455
unrestricted_lam,LAM3:TTATGCTGTCAGAGGT-1,LAM3,scRNA,program_1,0.014445925131440163
unrestricted_lam,LAM3:TTCCCAGGTCAGAAGC-1,LAM3,scRNA,program_1,0.6216644644737244
unrestricted_lam,LAM3:TTCCCAGGTGGAAAGA-1,LAM3,scRNA,program_1,0.6630287170410156
unrestricted_lam,LAM3:TTCTACATCACCACCT-1,LAM3,scRNA,program_1,0.610977828502655
unrestricted_lam,LAM3:TTCTCCTTCAACGAAA-1,LAM3,scRNA,program_1,0.16856926679611206
unrestricted_lam,LAM3:TTCTTAGGTCTCTCTG-1,LAM3,scRNA,program_1,0.06754113733768463
unrestricted_lam,LAM3:TTGAACGAGAATGTGT-1,LAM3,scRNA,program_1,0.3574850261211395
unrestricted_lam,LAM3:TTGAACGAGTGCGATG-1,LAM3,scRNA,program_1,0.0017006129492074251
unrestricted_lam,LAM3:TTGACTTCACTGAAGG-1,LAM3,scRNA,program_1,0.03797629103064537
unrestricted_lam,LAM3:TTGACTTCAGCCTTTC-1,LAM3,scRNA,program_1,0.044872041791677475
unrestricted_lam,LAM3:TTGCGTCTCCGAAGAG-1,LAM3,scRNA,program_1,0.006171506829559803
unrestricted_lam,LAM3:TTTACTGAGATACACA-1,LAM3,scRNA,program_1,0.022190775722265244
unrestricted_lam,LAM3:TTTATGCTCCGAAGAG-1,LAM3,scRNA,program_1,0.03720259666442871
unrestricted_lam,LAM3:TTTGCGCGTACATCCA-1,LAM3,scRNA,program_1,0.068061463534832
unrestricted_lam,LAM4:AACTCAGGTCCAGTAT-1,LAM4,snRNA,program_1,0.10928268730640411
unrestricted_lam,LAM4:AACTCAGGTGAGTGAC-1,LAM4,snRNA,program_1,0.6217378973960876
unrestricted_lam,LAM4:ACAGCTAAGCAGACTG-1,LAM4,snRNA,program_1,0.16127647459506989
unrestricted_lam,LAM4:ACATGGTTCTTCATGT-1,LAM4,snRNA,program_1,0.26726391911506653
unrestricted_lam,LAM4:ACGAGCCCACCTGGTG-1,LAM4,snRNA,program_1,0.7303367853164673
unrestricted_lam,LAM4:ACGAGGAAGACACGAC-1,LAM4,snRNA,program_1,0.2831379473209381
unrestricted_lam,LAM4:ACGATGTTCTAACGGT-1,LAM4,snRNA,program_1,0.5664371848106384
unrestricted_lam,LAM4:ACTTGTTAGGAGTAGA-1,LAM4,snRNA,program_1,0.20603986084461212
unrestricted_lam,LAM4:AGGTCATGTAAGGGAA-1,LAM4,snRNA,program_1,0.20766624808311462
unrestricted_lam,LAM4:ATAAGAGCAAGTACCT-1,LAM4,snRNA,program_1,0.11153429001569748
unrestricted_lam,LAM4:ATAGACCAGTTCCACA-1,LAM4,snRNA,program_1,0.684486985206604
unrestricted_lam,LAM4:CAACCAAGTACATCCA-1,LAM4,snRNA,program_1,0.24671657383441925
unrestricted_lam,LAM4:CACACCTAGCAAATCA-1,LAM4,snRNA,program_1,0.19873003661632538
unrestricted_lam,LAM4:CACAGTATCGCCTGTT-1,LAM4,snRNA,program_1,0.6962618827819824
unrestricted_lam,LAM4:CACCAGGAGATAGTCA-1,LAM4,snRNA,program_1,0.6386246681213379
unrestricted_lam,LAM4:CATTCGCAGGCAAAGA-1,LAM4,snRNA,program_1,0.7435324788093567
unrestricted_lam,LAM4:CCACGGAGTAGAGCTG-1,LAM4,snRNA,program_1,0.18288125097751617
unrestricted_lam,LAM4:CCGTTCAAGACTAGAT-1,LAM4,snRNA,program_1,0.13443847000598907
unrestricted_lam,LAM4:CCGTTCACAGACGTAG-1,LAM4,snRNA,program_1,0.5622772574424744
unrestricted_lam,LAM4:CCGTTCATCTACTTAC-1,LAM4,snRNA,program_1,0.5489987134933472
unrestricted_lam,LAM4:CCTTCGAGTGTCAATC-1,LAM4,snRNA,program_1,0.7205735445022583
unrestricted_lam,LAM4:CCTTTCTCAATGGTCT-1,LAM4,snRNA,program_1,0.2198403924703598
unrestricted_lam,LAM4:CGACTTCGTAAGTGTA-1,LAM4,snRNA,program_1,0.7125935554504395
unrestricted_lam,LAM4:CGAGCACCAGGTGGAT-1,LAM4,snRNA,program_1,0.183299720287323
unrestricted_lam,LAM4:CGTAGCGAGGTAGCTG-1,LAM4,snRNA,program_1,0.2710038125514984
unrestricted_lam,LAM4:CGTAGGCTCGCCCTTA-1,LAM4,snRNA,program_1,0.158653125166893
unrestricted_lam,LAM4:CGTGTAACATGGTTGT-1,LAM4,snRNA,program_1,0.16704061627388
unrestricted_lam,LAM4:CGTGTAATCATCACCC-1,LAM4,snRNA,program_1,0.11916974931955338
unrestricted_lam,LAM4:CTAAGACAGGACCACA-1,LAM4,snRNA,program_1,0.06980931013822556
unrestricted_lam,LAM4:CTACGTCGTGTTCGAT-1,LAM4,snRNA,program_1,0.15760159492492676
unrestricted_lam,LAM4:CTGCGGATCTCTGCTG-1,LAM4,snRNA,program_1,0.192651629447937
unrestricted_lam,LAM4:CTTGGCTCAATCGAAA-1,LAM4,snRNA,program_1,0.47057607769966125
unrestricted_lam,LAM4:GAACATCAGAGCTGCA-1,LAM4,snRNA,program_1,0.6905722618103027
unrestricted_lam,LAM4:GAACCTATCCTTGCCA-1,LAM4,snRNA,program_1,0.3067227005958557
unrestricted_lam,LAM4:GACGCGTAGTGGAGTC-1,LAM4,snRNA,program_1,0.6490630507469177
unrestricted_lam,LAM4:GATCAGTAGTTCCACA-1,LAM4,snRNA,program_1,0.19655407965183258
unrestricted_lam,LAM4:GATGAGGCACATGGGA-1,LAM4,snRNA,program_1,0.1288178414106369
unrestricted_lam,LAM4:GCGAGAAAGAGTCGGT-1,LAM4,snRNA,program_1,0.13560573756694794
unrestricted_lam,LAM4:GCGCAGTAGTACGACG-1,LAM4,snRNA,program_1,0.22636455297470093
unrestricted_lam,LAM4:GCTCCTAGTGATGATA-1,LAM4,snRNA,program_1,0.7253892421722412
unrestricted_lam,LAM4:GCTGCAGCAGTATGCT-1,LAM4,snRNA,program_1,0.17813460528850555
unrestricted_lam,LAM4:GGAAAGCCACAAGTAA-1,LAM4,snRNA,program_1,0.18672451376914978
unrestricted_lam,LAM4:GGAAAGCCACCCATTC-1,LAM4,snRNA,program_1,0.2048715204000473
unrestricted_lam,LAM4:GGATTACGTCGAACAG-1,LAM4,snRNA,program_1,0.07468704879283905
unrestricted_lam,LAM4:GGCGTGTAGAAACGCC-1,LAM4,snRNA,program_1,0.05927545577287674
unrestricted_lam,LAM4:GGTGCGTGTGGCCCTA-1,LAM4,snRNA,program_1,0.17545665800571442
unrestricted_lam,LAM4:GTACTCCGTCAGAAGC-1,LAM4,snRNA,program_1,0.6886546015739441
unrestricted_lam,LAM4:GTAGGCCGTTGCGCAC-1,LAM4,snRNA,program_1,0.1757436841726303
unrestricted_lam,LAM4:GTCGGGTCAATCACAC-1,LAM4,snRNA,program_1,0.16997604072093964
unrestricted_lam,LAM4:GTCTCGTCAGGGTACA-1,LAM4,snRNA,program_1,0.1284482330083847
unrestricted_lam,LAM4:GTGCAGCCACTTCGAA-1,LAM4,snRNA,program_1,0.7060261964797974
unrestricted_lam,LAM4:GTGTGCGCATCACCCT-1,LAM4,snRNA,program_1,0.3203490674495697
unrestricted_lam,LAM4:TAAACCGAGCTATGCT-1,LAM4,snRNA,program_1,0.12288209795951843
unrestricted_lam,LAM4:TAAACCGTCCTGCCAT-1,LAM4,snRNA,program_1,0.6106316447257996
unrestricted_lam,LAM4:TACCTTATCAGTCAGT-1,LAM4,snRNA,program_1,0.18722963333129883
unrestricted_lam,LAM4:TCACAAGCAATAGAGT-1,LAM4,snRNA,program_1,0.14108967781066895
unrestricted_lam,LAM4:TCAGATGGTGCACGAA-1,LAM4,snRNA,program_1,0.6800806522369385
unrestricted_lam,LAM4:TCAGCAAAGCGGCTTC-1,LAM4,snRNA,program_1,0.20089715719223022
unrestricted_lam,LAM4:TCCACACGTTAAGTAG-1,LAM4,snRNA,program_1,0.19975923001766205
unrestricted_lam,LAM4:TCCCGATGTATAGGGC-1,LAM4,snRNA,program_1,0.11239407956600189
unrestricted_lam,LAM4:TGACTAGTCGCATGGC-1,LAM4,snRNA,program_1,0.1432703584432602
unrestricted_lam,LAM4:TGAGGGAAGTCGCCGT-1,LAM4,snRNA,program_1,0.6572972536087036
unrestricted_lam,LAM4:TGCTGCTCAAGTAGTA-1,LAM4,snRNA,program_1,0.09711229801177979
unrestricted_lam,LAM4:TGCTGCTTCGCCGTGA-1,LAM4,snRNA,program_1,0.21401965618133545
unrestricted_lam,LAM4:TGGACGCAGCGTTCCG-1,LAM4,snRNA,program_1,0.23829904198646545
unrestricted_lam,LAM4:TGGGAAGCAAGGACAC-1,LAM4,snRNA,program_1,0.12085802108049393
unrestricted_lam,LAM4:TGGTTCCCATCCTAGA-1,LAM4,snRNA,program_1,0.587128758430481
unrestricted_lam,LAM4:TGTGTTTGTTCAGCGC-1,LAM4,snRNA,program_1,0.3153764605522156
unrestricted_lam,LAM4:TTATGCTAGGGTATCG-1,LAM4,snRNA,program_1,0.15549159049987793
unrestricted_lam,LAM4:TTATGCTCATAAGACA-1,LAM4,snRNA,program_1,0.08754254132509232
unrestricted_lam,LAM4:TTCCCAGTCCTAAGTG-1,LAM4,snRNA,program_1,0.1432037353515625
unrestricted_lam,LAM4:TTTATGCAGACTCGGA-1,LAM4,snRNA,program_1,0.23014214634895325
unrestricted_lam,LAM4:TTTATGCGTCTAGGTT-1,LAM4,snRNA,program_1,0.7159802317619324
unrestricted_lam,LAM1:AAACCTGCATGTTGAC-1,LAM1,scRNA,program_2,0.8201968669891357
unrestricted_lam,LAM1:AAACCTGGTCGTGGCT-1,LAM1,scRNA,program_2,0.8626413941383362
unrestricted_lam,LAM1:AACACGTGTGTTCTTT-1,LAM1,scRNA,program_2,0.0
unrestricted_lam,LAM1:AACACGTTCTTACCTA-1,LAM1,scRNA,program_2,0.12283173948526382
unrestricted_lam,LAM1:AACCATGGTAACGTTC-1,LAM1,scRNA,program_2,0.0
unrestricted_lam,LAM1:AACCATGGTGTGACCC-1,LAM1,scRNA,program_2,0.9358974695205688
unrestricted_lam,LAM1:AACGTTGCAGCGTAAG-1,LAM1,scRNA,program_2,0.9759427309036255
unrestricted_lam,LAM1:AACTCAGTCTTGTATC-1,LAM1,scRNA,program_2,0.008023376576602459
unrestricted_lam,LAM1:AACTCCCAGAGACTTA-1,LAM1,scRNA,program_2,0.0
unrestricted_lam,LAM1:AACTTTCGTACCATCA-1,LAM1,scRNA,program_2,0.0
unrestricted_lam,LAM1:AAGCCGCCAGTACACT-1,LAM1,scRNA,program_2,0.7825786471366882
unrestricted_lam,LAM1:AAGCCGCTCTTCGAGA-1,LAM1,scRNA,program_2,0.1835339069366455
unrestricted_lam,LAM1:AAGGAGCGTTGAACTC-1,LAM1,scRNA,program_2,0.9257296919822693
unrestricted_lam,LAM1:AAGGCAGTCGGAATCT-1,LAM1,scRNA,program_2,0.9111661314964294
unrestricted_lam,LAM1:ACACCAATCAACACCA-1,LAM1,scRNA,program_2,0.7280330657958984
unrestricted_lam,LAM1:ACACCGGCAGGGTTAG-1,LAM1,scRNA,program_2,0.8482937812805176
unrestricted_lam,LAM1:ACACCGGGTGACGGTA-1,LAM1,scRNA,program_2,0.8851410150527954
unrestricted_lam,LAM1:ACACCGGTCCACGAAT-1,LAM1,scRNA,program_2,0.8574162721633911
unrestricted_lam,LAM1:ACAGCTACATGCTAGT-1,LAM1,scRNA,program_2,0.6785910725593567
unrestricted_lam,LAM1:ACATCAGTCGCCTGTT-1,LAM1,scRNA,program_2,0.0
unrestricted_lam,LAM1:ACCGTAAGTAGCTAAA-1,LAM1,scRNA,program_2,0.06819869577884674
unrestricted_lam,LAM1:ACCTTTATCCCTAATT-1,LAM1,scRNA,program_2,0.0
unrestricted_lam,LAM1:ACGCCAGTCTCGATGA-1,LAM1,scRNA,program_2,0.003987821750342846
unrestricted_lam,LAM1:ACGCCGAAGCCGGTAA-1,LAM1,scRNA,program_2,0.9409872889518738
unrestricted_lam,LAM1:ACGGAGAAGATCCTGT-1,LAM1,scRNA,program_2,0.0
unrestricted_lam,LAM1:ACGGAGATCAGAAATG-1,LAM1,scRNA,program_2,0.0
unrestricted_lam,LAM1:ACGGCCAAGTCTCCTC-1,LAM1,scRNA,program_2,0.008589615114033222
unrestricted_lam,LAM1:ACGGCCATCCCTGACT-1,LAM1,scRNA,program_2,0.9888971447944641
unrestricted_lam,LAM1:ACGGGTCCAAGTACCT-1,LAM1,scRNA,program_2,0.0
unrestricted_lam,LAM1:ACGGGTCGTAAACACA-1,LAM1,scRNA,program_2,0.6469862461090088
unrestricted_lam,LAM1:ACGTCAACAGTGACAG-1,LAM1,scRNA,program_2,0.941498339176178
unrestricted_lam,LAM1:ACGTCAATCGACCAGC-1,LAM1,scRNA,program_2,0.8115686774253845
unrestricted_lam,LAM1:ACTATCTCATGGTCTA-1,LAM1,scRNA,program_2,0.44790077209472656
unrestricted_lam,LAM1:ACTGAGTAGTCAAGCG-1,LAM1,scRNA,program_2,0.918902575969696
unrestricted_lam,LAM1:ACTGTCCAGCCTCGTG-1,LAM1,scRNA,program_2,0.10732907801866531
unrestricted_lam,LAM1:ACTTACTCACTTCTGC-1,LAM1,scRNA,program_2,0.0
unrestricted_lam,LAM1:ACTTGTTGTGTTTGGT-1,LAM1,scRNA,program_2,0.0
unrestricted_lam,LAM1:ACTTTCAAGATCCCAT-1,LAM1,scRNA,program_2,0.9857228994369507
unrestricted_lam,LAM1:ACTTTCACAGGACGTA-1,LAM1,scRNA,program_2,0.7212143540382385
unrestricted_lam,LAM1:ACTTTCAGTGTTGGGA-1,LAM1,scRNA,program_2,0.0
unrestricted_lam,LAM1:AGAATAGCACCACCAG-1,LAM1,scRNA,program_2,0.0
unrestricted_lam,LAM1:AGAGCTTCACAGAGGT-1,LAM1,scRNA,program_2,0.9650551080703735
unrestricted_lam,LAM1:AGATCTGAGTAGGTGC-1,LAM1,scRNA,program_2,0.023601222783327103
unrestricted_lam,LAM1:AGCCTAATCCAAAGTC-1,LAM1,scRNA,program_2,0.21829494833946228
unrestricted_lam,LAM1:AGCTCCTCAGCTGCTG-1,LAM1,scRNA,program_2,0.05206446349620819
unrestricted_lam,LAM1:AGCTCCTCATATACCG-1,LAM1,scRNA,program_2,0.9463376402854919
unrestricted_lam,LAM1:AGCTCTCCACCATGTA-1,LAM1,scRNA,program_2,0.8899513483047485
unrestricted_lam,LAM1:AGCTCTCTCGTTGACA-1,LAM1,scRNA,program_2,0.6105826497077942
unrestricted_lam,LAM1:AGCTTGACAGGATTGG-1,LAM1,scRNA,program_2,0.0
unrestricted_lam,LAM1:AGCTTGACATAAGACA-1,LAM1,scRNA,program_2,0.8933146595954895
unrestricted_lam,LAM1:AGCTTGAGTGAAAGAG-1,LAM1,scRNA,program_2,0.8719415068626404
unrestricted_lam,LAM1:AGGCCGTCAAAGTCAA-1,LAM1,scRNA,program_2,0.9194619059562683
unrestricted_lam,LAM1:AGGGAGTAGTGGGTTG-1,LAM1,scRNA,program_2,0.2578843832015991
unrestricted_lam,LAM1:AGGGAGTGTCAGGACA-1,LAM1,scRNA,program_2,0.019156439229846
unrestricted_lam,LAM1:AGGGATGCATAGAAAC-1,LAM1,scRNA,program_2,0.0010121626546606421
unrestricted_lam,LAM1:AGGGATGGTCGACTAT-1,LAM1,scRNA,program_2,0.8155868649482727
unrestricted_lam,LAM1:AGGGTGACATCGACGC-1,LAM1,scRNA,program_2,0.05465191975235939
unrestricted_lam,LAM1:AGGGTGATCGGAATCT-1,LAM1,scRNA,program_2,0.04730876907706261
unrestricted_lam,LAM1:AGGTCATCAGACACTT-1,LAM1,scRNA,program_2,0.8025091886520386
unrestricted_lam,LAM1:AGGTCATGTAAATACG-1,LAM1,scRNA,program_2,0.042895544320344925
unrestricted_lam,LAM1:AGGTCATGTGCTAGCC-1,LAM1,scRNA,program_2,0.986289918422699
unrestricted_lam,LAM1:AGGTCCGTCCGTCAAA-1,LAM1,scRNA,program_2,0.8264966011047363
unrestricted_lam,LAM1:AGTCTTTGTTAAGAAC-1,LAM1,scRNA,program_2,0.860252320766449
unrestricted_lam,LAM1:AGTGGGAAGGGATGGG-1,LAM1,scRNA,program_2,0.09319362789392471
unrestricted_lam,LAM1:AGTGGGACAGACAAGC-1,LAM1,scRNA,program_2,0.0
unrestricted_lam,LAM1:AGTGTCATCTGGAGCC-1,LAM1,scRNA,program_2,0.02762080915272236
unrestricted_lam,LAM1:ATAACGCAGAGTAAGG-1,LAM1,scRNA,program_2,0.4547123312950134
unrestricted_lam,LAM1:ATAAGAGCATACGCTA-1,LAM1,scRNA,program_2,0.026500312611460686
unrestricted_lam,LAM1:ATAAGAGGTGTGCGTC-1,LAM1,scRNA,program_2,0.0499146468937397
unrestricted_lam,LAM1:ATAGACCCACAACGTT-1,LAM1,scRNA,program_2,0.9767156839370728
unrestricted_lam,LAM1:ATCACGAAGTGGAGTC-1,LAM1,scRNA,program_2,0.0
unrestricted_lam,LAM1:ATCATCTTCTGCTTGC-1,LAM1,scRNA,program_2,0.9627327919006348
unrestricted_lam,LAM1:ATCATGGCATTCCTCG-1,LAM1,scRNA,program_2,0.751618504524231
unrestricted_lam,LAM1:ATCCACCAGCAGCCTC-1,LAM1,scRNA,program_2,1.0199553966522217
unrestricted_lam,LAM1:ATCGAGTAGACAAGCC-1,LAM1,scRNA,program_2,0.2666098177433014
unrestricted_lam,LAM1:ATCGAGTTCGCTAGCG-1,LAM1,scRNA,program_2,0.01833963394165039
unrestricted_lam,LAM1:ATCGAGTTCGGTTAAC-1,LAM1,scRNA,program_2,0.5672297477722168
unrestricted_lam,LAM1:ATCTACTAGTGCGTGA-1,LAM1,scRNA,program_2,0.9153554439544678
unrestricted_lam,LAM1:ATCTACTGTCTTGATG-1,LAM1,scRNA,program_2,0.06279494613409042
unrestricted_lam,LAM1:ATCTGCCGTAGCGATG-1,LAM1,scRNA,program_2,0.904170572757721
unrestricted_lam,LAM1:ATGAGGGCAATGTAAG-1,LAM1,scRNA,program_2,0.8764766454696655
unrestricted_lam,LAM1:ATGTGTGAGTGAAGAG-1,LAM1,scRNA,program_2,0.7710713744163513
unrestricted_lam,LAM1:ATGTGTGCAAATCCGT-1,LAM1,scRNA,program_2,0.0
unrestricted_lam,LAM1:ATTACTCAGACAGAGA-1,LAM1,scRNA,program_2,0.9653478860855103
unrestricted_lam,LAM1:ATTATCCTCGATGAGG-1,LAM1,scRNA,program_2,0.052468862384557724
unrestricted_lam,LAM1:ATTCTACTCTCGAGTA-1,LAM1,scRNA,program_2,0.807590126991272
unrestricted_lam,LAM1:ATTTCTGGTAGCGCTC-1,LAM1,scRNA,program_2,0.9399389028549194
unrestricted_lam,LAM1:ATTTCTGGTTTGACAC-1,LAM1,scRNA,program_2,0.002853923477232456
unrestricted_lam,LAM1:CAACTAGGTCTCCACT-1,LAM1,scRNA,program_2,0.7665942311286926
unrestricted_lam,LAM1:CAAGATCGTCAGGACA-1,LAM1,scRNA,program_2,0.9555811285972595
unrestricted_lam,LAM1:CACAAACTCTTACCTA-1,LAM1,scRNA,program_2,0.9449044466018677
unrestricted_lam,LAM1:CACACCTTCTGTTGAG-1,LAM1,scRNA,program_2,0.916124165058136
unrestricted_lam,LAM1:CACAGTAGTGCAACGA-1,LAM1,scRNA,program_2,0.030073607340455055
unrestricted_lam,LAM1:CACAGTATCCGATATG-1,LAM1,scRNA,program_2,0.9451225996017456
unrestricted_lam,LAM1:CACATAGCACACGCTG-1,LAM1,scRNA,program_2,0.9106554985046387
unrestricted_lam,LAM1:CACCAGGCAGACGCAA-1,LAM1,scRNA,program_2,0.9922458529472351
unrestricted_lam,LAM1:CACCTTGCATCCTAGA-1,LAM1,scRNA,program_2,0.9510092735290527
unrestricted_lam,LAM1:CACCTTGTCCGAATGT-1,LAM1,scRNA,program_2,0.9800679683685303
unrestricted_lam,LAM1:CACTCCACAATCCAAC-1,LAM1,scRNA,program_2,0.9342259764671326
unrestricted_lam,LAM1:CACTCCACAGTCAGAG-1,LAM1,scRNA,program_2,0.8226579427719116
unrestricted_lam,LAM1:CAGAGAGCAATGGAGC-1,LAM1,scRNA,program_2,0.8593170642852783
unrestricted_lam,LAM1:CAGAGAGTCCCTTGCA-1,LAM1,scRNA,program_2,0.8565575480461121
unrestricted_lam,LAM1:CAGCCGATCACCAGGC-1,LAM1,scRNA,program_2,0.8529883027076721
unrestricted_lam,LAM1:CAGCTAAAGCCGCCTA-1,LAM1,scRNA,program_2,0.061250586062669754
unrestricted_lam,LAM1:CAGCTAAAGGAGTTGC-1,LAM1,scRNA,program_2,0.8445761203765869
unrestricted_lam,LAM1:CAGCTGGTCAGCACAT-1,LAM1,scRNA,program_2,0.926274836063385
unrestricted_lam,LAM1:CAGGTGCCACAGAGGT-1,LAM1,scRNA,program_2,0.0396014004945755
unrestricted_lam,LAM1:CAGTAACGTTCCACAA-1,LAM1,scRNA,program_2,1.0257681608200073
unrestricted_lam,LAM1:CAGTCCTTCGACGGAA-1,LAM1,scRNA,program_2,0.9534044861793518
unrestricted_lam,LAM1:CAGTCCTTCTAACTGG-1,LAM1,scRNA,program_2,1.0062323808670044
unrestricted_lam,LAM1:CATATGGCATAACCTG-1,LAM1,scRNA,program_2,0.8870400786399841
unrestricted_lam,LAM1:CATATGGGTCGGCATC-1,LAM1,scRNA,program_2,0.882383406162262
unrestricted_lam,LAM1:CATATGGTCGTAGGAG-1,LAM1,scRNA,program_2,0.04682975262403488
unrestricted_lam,LAM1:CATCAGAGTGCATCTA-1,LAM1,scRNA,program_2,0.07614830136299133
unrestricted_lam,LAM1:CATCCACAGGAGTTTA-1,LAM1,scRNA,program_2,0.8892124891281128
unrestricted_lam,LAM1:CATCGAATCAGAGCTT-1,LAM1,scRNA,program_2,0.8102646470069885
unrestricted_lam,LAM1:CATCGGGCAGTATCTG-1,LAM1,scRNA,program_2,0.9172112941741943
unrestricted_lam,LAM1:CATGCCTGTTACGTCA-1,LAM1,scRNA,program_2,0.7793499827384949
unrestricted_lam,LAM1:CATGGCGAGCAATCTC-1,LAM1,scRNA,program_2,0.0
unrestricted_lam,LAM1:CATGGCGCACGGCGTT-1,LAM1,scRNA,program_2,0.03066694550216198
unrestricted_lam,LAM1:CCACCTACAATGTTGC-1,LAM1,scRNA,program_2,0.07467193156480789
unrestricted_lam,LAM1:CCACCTACACTGAAGG-1,LAM1,scRNA,program_2,0.07284480333328247
unrestricted_lam,LAM1:CCACTACAGAAAGTGG-1,LAM1,scRNA,program_2,0.4358777403831482
unrestricted_lam,LAM1:CCACTACCATGAAGTA-1,LAM1,scRNA,program_2,0.11971920728683472
unrestricted_lam,LAM1:CCAGCGAAGCGATTCT-1,LAM1,scRNA,program_2,0.9541327357292175
unrestricted_lam,LAM1:CCAGCGATCGTAGATC-1,LAM1,scRNA,program_2,0.8797082304954529
unrestricted_lam,LAM1:CCCAATCAGGTAGCCA-1,LAM1,scRNA,program_2,0.020682673901319504
unrestricted_lam,LAM1:CCCAGTTAGTATCTCG-1,LAM1,scRNA,program_2,0.9211549162864685
unrestricted_lam,LAM1:CCCAGTTTCGGCATCG-1,LAM1,scRNA,program_2,0.0
unrestricted_lam,LAM1:CCGTACTTCCATGAGT-1,LAM1,scRNA,program_2,0.46120184659957886
unrestricted_lam,LAM1:CCGTGGATCACGGTTA-1,LAM1,scRNA,program_2,0.7509942650794983
unrestricted_lam,LAM1:CCGTTCATCCGTACAA-1,LAM1,scRNA,program_2,0.8516809940338135
unrestricted_lam,LAM1:CCGTTCATCGGAATCT-1,LAM1,scRNA,program_2,0.060221970081329346
unrestricted_lam,LAM1:CCTAAAGTCAGTTCGA-1,LAM1,scRNA,program_2,0.11915704607963562
unrestricted_lam,LAM1:CCTACACGTAAGTGTA-1,LAM1,scRNA,program_2,0.9466233253479004
unrestricted_lam,LAM1:CCTAGCTTCTGGCGAC-1,LAM1,scRNA,program_2,0.8095473647117615
unrestricted_lam,LAM1:CCTCAGTCAGGCTCAC-1,LAM1,scRNA,program_2,0.7100431323051453
unrestricted_lam,LAM1:CCTTACGGTGTAAGTA-1,LAM1,scRNA,program_2,0.8115873336791992
unrestricted_lam,LAM1:CCTTACGGTTATGCGT-1,LAM1,scRNA,program_2,0.0
unrestricted_lam,LAM1:CCTTTCTTCAACCAAC-1,LAM1,scRNA,program_2,0.8666670322418213
unrestricted_lam,LAM1:CGAACATTCCAAACTG-1,LAM1,scRNA,program_2,0.0
unrestricted_lam,LAM1:CGACCTTAGCCAACAG-1,LAM1,scRNA,program_2,0.017942046746611595
unrestricted_lam,LAM1:CGACTTCAGTCCCACG-1,LAM1,scRNA,program_2,0.9582277536392212
unrestricted_lam,LAM1:CGAGAAGCAAAGTCAA-1,LAM1,scRNA,program_2,0.640691339969635
unrestricted_lam,LAM1:CGAGAAGGTTCGGCAC-1,LAM1,scRNA,program_2,0.05248386412858963
unrestricted_lam,LAM1:CGAGCACTCGCCTGAG-1,LAM1,scRNA,program_2,0.9240979552268982
unrestricted_lam,LAM1:CGAGCCAAGGCTCAGA-1,LAM1,scRNA,program_2,0.006237456109374762
unrestricted_lam,LAM1:CGAGCCAAGGGCATGT-1,LAM1,scRNA,program_2,0.0
unrestricted_lam,LAM1:CGATGTACAATGAATG-1,LAM1,scRNA,program_2,0.9098619818687439
unrestricted_lam,LAM1:CGATTGAAGACCGGAT-1,LAM1,scRNA,program_2,0.9083646535873413
unrestricted_lam,LAM1:CGATTGAGTGTGGCTC-1,LAM1,scRNA,program_2,0.9359359741210938
unrestricted_lam,LAM1:CGCGGTATCTCGATGA-1,LAM1,scRNA,program_2,0.6182774305343628
unrestricted_lam,LAM1:CGCGTTTGTTGATTGC-1,LAM1,scRNA,program_2,0.025229277089238167
unrestricted_lam,LAM1:CGCTATCCAATGACCT-1,LAM1,scRNA,program_2,0.08836381137371063
unrestricted_lam,LAM1:CGCTTCACACCATGTA-1,LAM1,scRNA,program_2,0.9723268747329712
unrestricted_lam,LAM1:CGCTTCAGTCTAACGT-1,LAM1,scRNA,program_2,0.7117087244987488
unrestricted_lam,LAM1:CGGACACTCTCGGACG-1,LAM1,scRNA,program_2,0.02605588175356388
unrestricted_lam,LAM1:CGGACGTTCTTCGAGA-1,LAM1,scRNA,program_2,0.9678089618682861
unrestricted_lam,LAM1:CGGACTGGTAAGTTCC-1,LAM1,scRNA,program_2,0.0
unrestricted_lam,LAM1:CGGAGCTCACAAGTAA-1,LAM1,scRNA,program_2,0.00591652886942029
unrestricted_lam,LAM1:CGGAGTCCACCAGGCT-1,LAM1,scRNA,program_2,0.9582504630088806
unrestricted_lam,LAM1:CGGAGTCGTAAGGGAA-1,LAM1,scRNA,program_2,0.09917746484279633
unrestricted_lam,LAM1:CGTAGCGTCAGGCCCA-1,LAM1,scRNA,program_2,0.08925739675760269
unrestricted_lam,LAM1:CGTAGGCCATCACGTA-1,LAM1,scRNA,program_2,0.039350468665361404
unrestricted_lam,LAM1:CGTAGGCTCAACACAC-1,LAM1,scRNA,program_2,0.17044858634471893
unrestricted_lam,LAM1:CGTAGGCTCTTAGAGC-1,LAM1,scRNA,program_2,0.0
unrestricted_lam,LAM1:CGTCACTGTCATATGC-1,LAM1,scRNA,program_2,0.817930281162262
unrestricted_lam,LAM1:CGTCCATCAGAGTGTG-1,LAM1,scRNA,program_2,0.05397244915366173
unrestricted_lam,LAM1:CTAAGACAGGATGGTC-1,LAM1,scRNA,program_2,0.7514686584472656
unrestricted_lam,LAM1:CTAAGACTCCGCAAGC-1,LAM1,scRNA,program_2,0.07862838357686996
unrestricted_lam,LAM1:CTAATGGAGCTTCGCG-1,LAM1,scRNA,program_2,0.9533141255378723
unrestricted_lam,LAM1:CTACATTAGTGGTCCC-1,LAM1,scRNA,program_2,0.9676236510276794
unrestricted_lam,LAM1:CTAGTGATCGGATGTT-1,LAM1,scRNA,program_2,0.8005484938621521
unrestricted_lam,LAM1:CTCACACGTGTGAAAT-1,LAM1,scRNA,program_2,0.8889411687850952
unrestricted_lam,LAM1:CTCAGAACAGTATGCT-1,LAM1,scRNA,program_2,0.7513032555580139
unrestricted_lam,LAM1:CTCAGAAGTTCAGGCC-1,LAM1,scRNA,program_2,0.4619932174682617
unrestricted_lam,LAM1:CTCGAAAAGAAACCGC-1,LAM1,scRNA,program_2,0.06956855207681656
unrestricted_lam,LAM1:CTCGGGACAGGCGATA-1,LAM1,scRNA,program_2,0.9910551309585571
unrestricted_lam,LAM1:CTCGTACTCTCGAGTA-1,LAM1,scRNA,program_2,1.0223356485366821
unrestricted_lam,LAM1:CTCTAATTCGAATGCT-1,LAM1,scRNA,program_2,0.0
unrestricted_lam,LAM1:CTCTACGGTACACCGC-1,LAM1,scRNA,program_2,0.8587190508842468
unrestricted_lam,LAM1:CTCTGGTGTAAGTTCC-1,LAM1,scRNA,program_2,0.7702575325965881
unrestricted_lam,LAM1:CTGAAACCACATAACC-1,LAM1,scRNA,program_2,0.0
unrestricted_lam,LAM1:CTGAAACGTTCCCTTG-1,LAM1,scRNA,program_2,0.8723791837692261
unrestricted_lam,LAM1:CTGATAGGTGCACCAC-1,LAM1,scRNA,program_2,0.8716872930526733
unrestricted_lam,LAM1:CTGATCCCACATTCGA-1,LAM1,scRNA,program_2,0.02291136421263218
unrestricted_lam,LAM1:CTGATCCGTAGCTAAA-1,LAM1,scRNA,program_2,0.7668045163154602
unrestricted_lam,LAM1:CTGCCTAAGAGACTTA-1,LAM1,scRNA,program_2,0.9735979437828064
unrestricted_lam,LAM1:CTGCCTAAGGAGCGAG-1,LAM1,scRNA,program_2,0.07157453894615173
unrestricted_lam,LAM1:CTGCGGACAAGGCTCC-1,LAM1,scRNA,program_2,0.8454199433326721
unrestricted_lam,LAM1:CTGCTGTCACCGCTAG-1,LAM1,scRNA,program_2,0.0
unrestricted_lam,LAM1:CTGTTTAGTGTGTGCC-1,LAM1,scRNA,program_2,0.8915553689002991
unrestricted_lam,LAM1:CTTAACTAGTCCATAC-1,LAM1,scRNA,program_2,0.9758496284484863
unrestricted_lam,LAM1:CTTACCGCACCAGATT-1,LAM1,scRNA,program_2,0.05583859607577324
unrestricted_lam,LAM1:CTTAGGACACTTCTGC-1,LAM1,scRNA,program_2,0.0
unrestricted_lam,LAM1:CTTGGCTGTTACGCGC-1,LAM1,scRNA,program_2,0.03004835918545723
unrestricted_lam,LAM1:CTTTGCGGTGATGTGG-1,LAM1,scRNA,program_2,0.0
unrestricted_lam,LAM1:CTTTGCGTCGCATGGC-1,LAM1,scRNA,program_2,0.0
unrestricted_lam,LAM1:GAACGGACACAAGCCC-1,LAM1,scRNA,program_2,0.9432620406150818
unrestricted_lam,LAM1:GAACGGAGTCAGAGGT-1,LAM1,scRNA,program_2,0.025822699069976807
unrestricted_lam,LAM1:GAATAAGCAAGACACG-1,LAM1,scRNA,program_2,0.03579890355467796
unrestricted_lam,LAM1:GAATAAGGTTGCCTCT-1,LAM1,scRNA,program_2,0.7032467126846313
unrestricted_lam,LAM1:GACAGAGTCTGAAAGA-1,LAM1,scRNA,program_2,0.9231163859367371
unrestricted_lam,LAM1:GACCAATGTGCCTGTG-1,LAM1,scRNA,program_2,0.0
unrestricted_lam,LAM1:GACGTTAAGTCTTGCA-1,LAM1,scRNA,program_2,0.31747856736183167
unrestricted_lam,LAM1:GACGTTAGTGCGAAAC-1,LAM1,scRNA,program_2,0.03917361795902252
unrestricted_lam,LAM1:GAGGTGACACCAGCAC-1,LAM1,scRNA,program_2,0.014603309333324432
unrestricted_lam,LAM1:GAGTCCGGTTCCTCCA-1,LAM1,scRNA,program_2,0.643268346786499
unrestricted_lam,LAM1:GATCGATAGTCAAGCG-1,LAM1,scRNA,program_2,0.038711659610271454
unrestricted_lam,LAM1:GATCGATCAAGTCATC-1,LAM1,scRNA,program_2,0.0
unrestricted_lam,LAM1:GATCGTATCAGTGCAT-1,LAM1,scRNA,program_2,0.9823631048202515
unrestricted_lam,LAM1:GATCGTATCCGTTGCT-1,LAM1,scRNA,program_2,0.04946582764387131
unrestricted_lam,LAM1:GATCTAGTCCAGAGGA-1,LAM1,scRNA,program_2,0.7557432651519775
unrestricted_lam,LAM1:GATGCTATCCCAGGTG-1,LAM1,scRNA,program_2,0.960102915763855
unrestricted_lam,LAM1:GATTCAGAGACAGACC-1,LAM1,scRNA,program_2,0.9893518686294556
unrestricted_lam,LAM1:GCAAACTAGATGCGAC-1,LAM1,scRNA,program_2,0.026904601603746414
unrestricted_lam,LAM1:GCAAACTTCTCCAACC-1,LAM1,scRNA,program_2,0.028691161423921585
unrestricted_lam,LAM1:GCAATCACAATGTAAG-1,LAM1,scRNA,program_2,0.8001124262809753
unrestricted_lam,LAM1:GCAATCATCATAGCAC-1,LAM1,scRNA,program_2,0.044033266603946686
unrestricted_lam,LAM1:GCACATAAGCGAGAAA-1,LAM1,scRNA,program_2,0.8744332790374756
unrestricted_lam,LAM1:GCAGCCACACACGCTG-1,LAM1,scRNA,program_2,0.916715681552887
unrestricted_lam,LAM1:GCAGCCAGTCCTGCTT-1,LAM1,scRNA,program_2,0.018421940505504608
unrestricted_lam,LAM1:GCAGCCATCCGAGCCA-1,LAM1,scRNA,program_2,0.0
unrestricted_lam,LAM1:GCAGTTAGTGACTACT-1,LAM1,scRNA,program_2,0.8780155777931213
unrestricted_lam,LAM1:GCATACAGTCATATGC-1,LAM1,scRNA,program_2,0.95878666639328
unrestricted_lam,LAM1:GCATGATAGCTACCGC-1,LAM1,scRNA,program_2,0.05413879454135895
unrestricted_lam,LAM1:GCATGCGCAAGACACG-1,LAM1,scRNA,program_2,0.8861179351806641
unrestricted_lam,LAM1:GCATGTATCCTAGTGA-1,LAM1,scRNA,program_2,0.8316259384155273
unrestricted_lam,LAM1:GCCAAATCAAGCCGTC-1,LAM1,scRNA,program_2,0.027362840250134468
unrestricted_lam,LAM1:GCGACCATCAGTGTTG-1,LAM1,scRNA,program_2,0.9061766266822815
unrestricted_lam,LAM1:GCGCAGTCATGTCTCC-1,LAM1,scRNA,program_2,0.07898470014333725
unrestricted_lam,LAM1:GCGGGTTGTTACGTCA-1,LAM1,scRNA,program_2,0.006210499443113804
unrestricted_lam,LAM1:GCTCCTACACGAAGCA-1,LAM1,scRNA,program_2,0.4496454894542694
unrestricted_lam,LAM1:GCTCCTAGTCTAGTGT-1,LAM1,scRNA,program_2,0.0
unrestricted_lam,LAM1:GCTCTGTGTGAACCTT-1,LAM1,scRNA,program_2,0.9966266751289368
unrestricted_lam,LAM1:GCTGCGACACAGAGGT-1,LAM1,scRNA,program_2,0.039305511862039566
unrestricted_lam,LAM1:GCTGCGAGTCTGCCAG-1,LAM1,scRNA,program_2,0.8779841065406799
unrestricted_lam,LAM1:GCTGGGTAGTTACCCA-1,LAM1,scRNA,program_2,0.08506152778863907
unrestricted_lam,LAM1:GCTGGGTCAACTGCGC-1,LAM1,scRNA,program_2,0.41925615072250366
unrestricted_lam,LAM1:GGAAAGCAGAGTACCG-1,LAM1,scRNA,program_2,0.9477313756942749
unrestricted_lam,LAM1:GGAAAGCAGGCGTACA-1,LAM1,scRNA,program_2,0.7937118411064148
unrestricted_lam,LAM1:GGAAAGCCAAGCCGCT-1,LAM1,scRNA,program_2,0.9211324453353882
unrestricted_lam,LAM1:GGAAAGCGTTGGTGGA-1,LAM1,scRNA,program_2,0.05883483588695526
unrestricted_lam,LAM1:GGAACTTCATCCAACA-1,LAM1,scRNA,program_2,0.8198743462562561
unrestricted_lam,LAM1:GGACAAGTCTTCGGTC-1,LAM1,scRNA,program_2,0.8919919729232788
unrestricted_lam,LAM1:GGACAGATCTCGATGA-1,LAM1,scRNA,program_2,0.0
unrestricted_lam,LAM1:GGACATTAGGGATCTG-1,LAM1,scRNA,program_2,0.06862126290798187
unrestricted_lam,LAM1:GGATGTTGTGGGTATG-1,LAM1,scRNA,program_2,0.0
unrestricted_lam,LAM1:GGATGTTGTGTGACGA-1,LAM1,scRNA,program_2,0.06686083972454071
unrestricted_lam,LAM1:GGCAATTAGATGTTAG-1,LAM1,scRNA,program_2,0.9597358703613281
unrestricted_lam,LAM1:GGCCGATTCGGTTAAC-1,LAM1,scRNA,program_2,0.06127442792057991
unrestricted_lam,LAM1:GGCGTGTAGTATCGAA-1,LAM1,scRNA,program_2,0.1933329701423645
unrestricted_lam,LAM1:GGCTCGAAGAAGGTTT-1,LAM1,scRNA,program_2,0.786162793636322
unrestricted_lam,LAM1:GGCTCGACATCGGTTA-1,LAM1,scRNA,program_2,0.9665144681930542
unrestricted_lam,LAM1:GGGAATGCATCTACGA-1,LAM1,scRNA,program_2,0.960509181022644
unrestricted_lam,LAM1:GGGACCTAGCGATTCT-1,LAM1,scRNA,program_2,0.7649868130683899
unrestricted_lam,LAM1:GGGACCTGTTGCCTCT-1,LAM1,scRNA,program_2,0.009108846075832844
unrestricted_lam,LAM1:GGGCACTCAAGTACCT-1,LAM1,scRNA,program_2,0.9579147100448608
unrestricted_lam,LAM1:GGGCACTTCTTTAGTC-1,LAM1,scRNA,program_2,0.9519023895263672
unrestricted_lam,LAM1:GGGCATCGTGCAGGTA-1,LAM1,scRNA,program_2,1.0288887023925781
unrestricted_lam,LAM1:GGGCATCTCTTAGAGC-1,LAM1,scRNA,program_2,0.993187665939331
unrestricted_lam,LAM1:GGGTTGCGTAAACACA-1,LAM1,scRNA,program_2,0.011117808520793915
unrestricted_lam,LAM1:GGTATTGCAGGCAGTA-1,LAM1,scRNA,program_2,0.0342237651348114
unrestricted_lam,LAM1:GGTGAAGGTAACGACG-1,LAM1,scRNA,program_2,0.9519177675247192
unrestricted_lam,LAM1:GGTGAAGGTCTTGATG-1,LAM1,scRNA,program_2,0.04826739430427551
unrestricted_lam,LAM1:GGTGAAGTCCTATTCA-1,LAM1,scRNA,program_2,0.0
unrestricted_lam,LAM1:GTAACGTTCCCACTTG-1,LAM1,scRNA,program_2,0.9676991105079651
unrestricted_lam,LAM1:GTAACTGAGGCGACAT-1,LAM1,scRNA,program_2,0.9451350569725037
unrestricted_lam,LAM1:GTACGTAGTTAAGAAC-1,LAM1,scRNA,program_2,0.9473002552986145
unrestricted_lam,LAM1:GTACTCCAGCTAGGCA-1,LAM1,scRNA,program_2,0.023776773363351822
unrestricted_lam,LAM1:GTACTTTCACGGTGTC-1,LAM1,scRNA,program_2,0.024993661791086197
unrestricted_lam,LAM1:GTACTTTTCGGCGCAT-1,LAM1,scRNA,program_2,0.3138214945793152
unrestricted_lam,LAM1:GTATTCTTCATCATTC-1,LAM1,scRNA,program_2,0.04208715260028839
unrestricted_lam,LAM1:GTATTCTTCCTCTAGC-1,LAM1,scRNA,program_2,0.08329310268163681
unrestricted_lam,LAM1:GTCAAGTGTGTAATGA-1,LAM1,scRNA,program_2,0.2354050725698471
unrestricted_lam,LAM1:GTCAAGTTCACTATTC-1,LAM1,scRNA,program_2,0.08373235166072845
unrestricted_lam,LAM1:GTCACGGAGATGCGAC-1,LAM1,scRNA,program_2,0.935145914554596
unrestricted_lam,LAM1:GTCACGGCAGCTTCGG-1,LAM1,scRNA,program_2,0.10250619053840637
unrestricted_lam,LAM1:GTCACGGGTCAATACC-1,LAM1,scRNA,program_2,0.021047860383987427
unrestricted_lam,LAM1:GTCGTAAAGTTTAGGA-1,LAM1,scRNA,program_2,0.010579559952020645
unrestricted_lam,LAM1:GTCGTAACAAGTAGTA-1,LAM1,scRNA,program_2,0.760110080242157
unrestricted_lam,LAM1:GTCTTCGAGTGTCTCA-1,LAM1,scRNA,program_2,0.011591419577598572
unrestricted_lam,LAM1:GTCTTCGAGTGTTAGA-1,LAM1,scRNA,program_2,0.9286774396896362
unrestricted_lam,LAM1:GTGAAGGAGGCAAAGA-1,LAM1,scRNA,program_2,0.8434858918190002
unrestricted_lam,LAM1:GTGAAGGGTTATGCGT-1,LAM1,scRNA,program_2,0.7126811146736145
unrestricted_lam,LAM1:GTGAAGGTCAACCATG-1,LAM1,scRNA,program_2,0.9991973638534546
unrestricted_lam,LAM1:GTGCAGCAGAGGGCTT-1,LAM1,scRNA,program_2,0.10194595903158188
unrestricted_lam,LAM1:GTGCAGCCAAGTTAAG-1,LAM1,scRNA,program_2,0.8941276669502258
unrestricted_lam,LAM1:GTGCAGCCATACTACG-1,LAM1,scRNA,program_2,0.048701461404561996
unrestricted_lam,LAM1:GTGCAGCGTAAGAGAG-1,LAM1,scRNA,program_2,0.6233956813812256
unrestricted_lam,LAM1:GTGCAGCTCAGCTTAG-1,LAM1,scRNA,program_2,0.6918202042579651
unrestricted_lam,LAM1:GTGCAGCTCGGATGGA-1,LAM1,scRNA,program_2,0.9578309059143066
unrestricted_lam,LAM1:GTGCATAAGCCTCGTG-1,LAM1,scRNA,program_2,0.0
unrestricted_lam,LAM1:GTGCATAAGTGACATA-1,LAM1,scRNA,program_2,0.8140577077865601
unrestricted_lam,LAM1:GTGCATACACTGTCGG-1,LAM1,scRNA,program_2,0.04127182811498642
unrestricted_lam,LAM1:GTGCATAGTACCAGTT-1,LAM1,scRNA,program_2,0.14272291958332062
unrestricted_lam,LAM1:GTGCATAGTTATTCTC-1,LAM1,scRNA,program_2,0.9790601134300232
unrestricted_lam,LAM1:GTGCATAGTTCGTGAT-1,LAM1,scRNA,program_2,0.0072235907427966595
unrestricted_lam,LAM1:GTGCGGTCAAGGACAC-1,LAM1,scRNA,program_2,0.7936576008796692
unrestricted_lam,LAM1:GTGCTTCCAATAGAGT-1,LAM1,scRNA,program_2,0.8752866983413696
unrestricted_lam,LAM1:GTGCTTCGTAGTACCT-1,LAM1,scRNA,program_2,0.8472498655319214
unrestricted_lam,LAM1:GTGCTTCTCGCCGTGA-1,LAM1,scRNA,program_2,0.05292106419801712
unrestricted_lam,LAM1:GTGTTAGAGGTTACCT-1,LAM1,scRNA,program_2,0.0454188734292984
unrestricted_lam,LAM1:GTGTTAGGTTCAGACT-1,LAM1,scRNA,program_2,0.07102209329605103
unrestricted_lam,LAM1:GTGTTAGGTTTGACAC-1,LAM1,scRNA,program_2,0.0
unrestricted_lam,LAM1:GTGTTAGTCGCCTGAG-1,LAM1,scRNA,program_2,0.036329641938209534
unrestricted_lam,LAM1:GTGTTAGTCTCTTGAT-1,LAM1,scRNA,program_2,0.6999854445457458
unrestricted_lam,LAM1:GTTACAGGTAGCGATG-1,LAM1,scRNA,program_2,0.08679109066724777
unrestricted_lam,LAM1:GTTACAGTCGTCTGAA-1,LAM1,scRNA,program_2,0.9998596906661987
unrestricted_lam,LAM1:GTTCATTCAAACTGCT-1,LAM1,scRNA,program_2,0.8932496309280396
unrestricted_lam,LAM1:GTTCATTGTATTCGTG-1,LAM1,scRNA,program_2,0.9217225313186646
unrestricted_lam,LAM1:GTTCGGGTCGACGGAA-1,LAM1,scRNA,program_2,0.06517048925161362
unrestricted_lam,LAM1:GTTTCTATCCTTGGTC-1,LAM1,scRNA,program_2,0.028493622317910194
unrestricted_lam,LAM1:TAAGCGTCACTTCGAA-1,LAM1,scRNA,program_2,0.9774041771888733
unrestricted_lam,LAM1:TAAGCGTTCACTCCTG-1,LAM1,scRNA,program_2,0.8823259472846985
unrestricted_lam,LAM1:TAAGTGCCAAGCTGAG-1,LAM1,scRNA,program_2,0.0
unrestricted_lam,LAM1:TAAGTGCCATCGGAAG-1,LAM1,scRNA,program_2,0.9284985661506653
unrestricted_lam,LAM1:TACAGTGAGCTGATAA-1,LAM1,scRNA,program_2,0.0022619699593633413
unrestricted_lam,LAM1:TACCTTAGTCTAACGT-1,LAM1,scRNA,program_2,0.025553159415721893
unrestricted_lam,LAM1:TACGGTATCTGCCCTA-1,LAM1,scRNA,program_2,0.054014720022678375
unrestricted_lam,LAM1:TACTCATAGATGCCAG-1,LAM1,scRNA,program_2,0.8744783401489258
unrestricted_lam,LAM1:TACTCATCAGTATAAG-1,LAM1,scRNA,program_2,0.9519068598747253
unrestricted_lam,LAM1:TAGACCAAGAATGTGT-1,LAM1,scRNA,program_2,0.0
unrestricted_lam,LAM1:TAGACCAGTGCGAAAC-1,LAM1,scRNA,program_2,0.0
unrestricted_lam,LAM1:TAGAGCTAGGGATACC-1,LAM1,scRNA,program_2,0.3193073272705078
unrestricted_lam,LAM1:TAGCCGGAGGGTCGAT-1,LAM1,scRNA,program_2,0.9493823647499084
unrestricted_lam,LAM1:TAGGCATAGCAGATCG-1,LAM1,scRNA,program_2,0.7551230788230896
unrestricted_lam,LAM1:TAGTGGTAGACCTTTG-1,LAM1,scRNA,program_2,0.9193052649497986
unrestricted_lam,LAM1:TAGTTGGTCTCGTTTA-1,LAM1,scRNA,program_2,0.941443145275116
unrestricted_lam,LAM1:TATCAGGTCAACACAC-1,LAM1,scRNA,program_2,0.8745226860046387
unrestricted_lam,LAM1:TATCTCAAGCGTAATA-1,LAM1,scRNA,program_2,0.12476900219917297
unrestricted_lam,LAM1:TCAACGACAGTATGCT-1,LAM1,scRNA,program_2,0.020087366923689842
unrestricted_lam,LAM1:TCACAAGTCACCCGAG-1,LAM1,scRNA,program_2,0.06253562867641449
unrestricted_lam,LAM1:TCAGATGCACTCTGTC-1,LAM1,scRNA,program_2,0.18114331364631653
unrestricted_lam,LAM1:TCAGATGTCCAAACTG-1,LAM1,scRNA,program_2,0.0
unrestricted_lam,LAM1:TCAGCTCAGTACGTAA-1,LAM1,scRNA,program_2,0.707723081111908
unrestricted_lam,LAM1:TCAGGATTCCGAAGAG-1,LAM1,scRNA,program_2,0.8737016320228577
unrestricted_lam,LAM1:TCATTACAGCTAAACA-1,LAM1,scRNA,program_2,0.9578307867050171
unrestricted_lam,LAM1:TCATTACGTATGCTTG-1,LAM1,scRNA,program_2,0.0
unrestricted_lam,LAM1:TCATTACTCCCGGATG-1,LAM1,scRNA,program_2,0.8806470036506653
unrestricted_lam,LAM1:TCATTTGCAGTCGTGC-1,LAM1,scRNA,program_2,0.7840070128440857
unrestricted_lam,LAM1:TCCACACGTACTCAAC-1,LAM1,scRNA,program_2,0.7306773066520691
unrestricted_lam,LAM1:TCCCGATAGAATTGTG-1,LAM1,scRNA,program_2,0.7889716029167175
unrestricted_lam,LAM1:TCGAGGCGTCGCGAAA-1,LAM1,scRNA,program_2,0.8830529451370239
unrestricted_lam,LAM1:TCGAGGCTCCTATGTT-1,LAM1,scRNA,program_2,0.7682486176490784
unrestricted_lam,LAM1:TCGCGAGTCTTAACCT-1,LAM1,scRNA,program_2,0.051436055451631546
unrestricted_lam,LAM1:TCGCGTTGTACAGACG-1,LAM1,scRNA,program_2,0.0
unrestricted_lam,LAM1:TCGGGACCAATGTTGC-1,LAM1,scRNA,program_2,0.9185448884963989
unrestricted_lam,LAM1:TCGGGACCACGGTAGA-1,LAM1,scRNA,program_2,0.08507782220840454
unrestricted_lam,LAM1:TCGGTAAAGATAGTCA-1,LAM1,scRNA,program_2,0.803587794303894
unrestricted_lam,LAM1:TCGTAGACACACCGCA-1,LAM1,scRNA,program_2,0.049030203372240067
unrestricted_lam,LAM1:TCTATTGCATTATCTC-1,LAM1,scRNA,program_2,0.9388638734817505
unrestricted_lam,LAM1:TCTCATACAGATGGGT-1,LAM1,scRNA,program_2,0.19046227633953094
unrestricted_lam,LAM1:TCTCTAATCCCTTGCA-1,LAM1,scRNA,program_2,0.11855369806289673
unrestricted_lam,LAM1:TCTGAGATCAAAGACA-1,LAM1,scRNA,program_2,0.04600789397954941
unrestricted_lam,LAM1:TCTGGAAGTTTGGCGC-1,LAM1,scRNA,program_2,0.027640298008918762
unrestricted_lam,LAM1:TCTGGAATCATAACCG-1,LAM1,scRNA,program_2,0.0
unrestricted_lam,LAM1:TCTTTCCCAGTTCATG-1,LAM1,scRNA,program_2,0.0
unrestricted_lam,LAM1:TCTTTCCGTCTGCAAT-1,LAM1,scRNA,program_2,0.05507616326212883
unrestricted_lam,LAM1:TCTTTCCGTTGAACTC-1,LAM1,scRNA,program_2,0.878112256526947
unrestricted_lam,LAM1:TGACAACAGCCCAGCT-1,LAM1,scRNA,program_2,0.8925831913948059
unrestricted_lam,LAM1:TGACAACCAGCAGTTT-1,LAM1,scRNA,program_2,0.971221387386322
unrestricted_lam,LAM1:TGAGAGGCAGACGCCT-1,LAM1,scRNA,program_2,0.11935412883758545
unrestricted_lam,LAM1:TGAGAGGGTTCTGGTA-1,LAM1,scRNA,program_2,0.041599374264478683
unrestricted_lam,LAM1:TGAGCATCATTACGAC-1,LAM1,scRNA,program_2,0.9299244284629822
unrestricted_lam,LAM1:TGAGCATTCTTAACCT-1,LAM1,scRNA,program_2,0.9539402723312378
unrestricted_lam,LAM1:TGAGCCGCACAGATTC-1,LAM1,scRNA,program_2,0.1918291598558426
unrestricted_lam,LAM1:TGCACCTAGTGAACGC-1,LAM1,scRNA,program_2,0.8943843841552734
unrestricted_lam,LAM1:TGCACCTCAAAGTCAA-1,LAM1,scRNA,program_2,0.9056892395019531
unrestricted_lam,LAM1:TGCCAAATCCTAGGGC-1,LAM1,scRNA,program_2,0.7704322338104248
unrestricted_lam,LAM1:TGCCCATCAAGCGATG-1,LAM1,scRNA,program_2,0.7261629104614258
unrestricted_lam,LAM1:TGCCCATCATCACCCT-1,LAM1,scRNA,program_2,0.0037509663961827755
unrestricted_lam,LAM1:TGCCCTACACCCATTC-1,LAM1,scRNA,program_2,0.9078658223152161
unrestricted_lam,LAM1:TGCGCAGAGGTGATAT-1,LAM1,scRNA,program_2,0.8994042277336121
unrestricted_lam,LAM1:TGCGTGGAGGCTAGCA-1,LAM1,scRNA,program_2,0.0869695395231247
unrestricted_lam,LAM1:TGCGTGGGTAAGTGTA-1,LAM1,scRNA,program_2,0.9857244491577148
unrestricted_lam,LAM1:TGCTGCTCACACCGAC-1,LAM1,scRNA,program_2,0.4074404537677765
unrestricted_lam,LAM1:TGGACGCCAGGGAGAG-1,LAM1,scRNA,program_2,1.0060752630233765
unrestricted_lam,LAM1:TGGACGCGTAAGTAGT-1,LAM1,scRNA,program_2,0.9519546627998352
unrestricted_lam,LAM1:TGGCCAGTCTTGTACT-1,LAM1,scRNA,program_2,0.027846558019518852
unrestricted_lam,LAM1:TGGCTGGTCATCACCC-1,LAM1,scRNA,program_2,0.0
unrestricted_lam,LAM1:TGGCTGGTCGTTACGA-1,LAM1,scRNA,program_2,0.9336559176445007
unrestricted_lam,LAM1:TGGGAAGGTGGTCCGT-1,LAM1,scRNA,program_2,0.08439285308122635
unrestricted_lam,LAM1:TGGGCGTCATGTTGAC-1,LAM1,scRNA,program_2,0.7753105163574219
unrestricted_lam,LAM1:TGGTTCCAGAGGGCTT-1,LAM1,scRNA,program_2,0.7918438911437988
unrestricted_lam,LAM1:TGGTTCCTCGGCGGTT-1,LAM1,scRNA,program_2,0.9327746033668518
unrestricted_lam,LAM1:TTAACTCGTACTCAAC-1,LAM1,scRNA,program_2,0.05502527952194214
unrestricted_lam,LAM1:TTAGGCACAATCGGTT-1,LAM1,scRNA,program_2,0.9578495621681213
unrestricted_lam,LAM1:TTAGGCACATGCTGGC-1,LAM1,scRNA,program_2,0.6801164150238037
unrestricted_lam,LAM1:TTAGGCAGTGCATCTA-1,LAM1,scRNA,program_2,0.904144823551178
unrestricted_lam,LAM1:TTATGCTCAAGGTTCT-1,LAM1,scRNA,program_2,0.9422369599342346
unrestricted_lam,LAM1:TTCCCAGGTACCGTAT-1,LAM1,scRNA,program_2,0.07384895533323288
unrestricted_lam,LAM1:TTCCCAGTCTATCCTA-1,LAM1,scRNA,program_2,0.03505643084645271
unrestricted_lam,LAM1:TTCTCAAGTTACGCGC-1,LAM1,scRNA,program_2,0.9096280932426453
unrestricted_lam,LAM1:TTCTCCTTCCGGGTGT-1,LAM1,scRNA,program_2,0.9472882747650146
unrestricted_lam,LAM1:TTGAACGGTACCAGTT-1,LAM1,scRNA,program_2,0.024416638538241386
unrestricted_lam,LAM1:TTGAACGGTGTTTGTG-1,LAM1,scRNA,program_2,0.043345220386981964
unrestricted_lam,LAM1:TTGCGTCCAAGTCTGT-1,LAM1,scRNA,program_2,0.043525271117687225
unrestricted_lam,LAM1:TTGGAACAGTAGCCGA-1,LAM1,scRNA,program_2,0.7715135812759399
unrestricted_lam,LAM1:TTGGAACTCCAGGGCT-1,LAM1,scRNA,program_2,0.9963468909263611
unrestricted_lam,LAM1:TTGGAACTCTGAGTGT-1,LAM1,scRNA,program_2,0.8793269395828247
unrestricted_lam,LAM1:TTGGCAAGTCCTCCAT-1,LAM1,scRNA,program_2,0.05448582395911217
unrestricted_lam,LAM1:TTGTAGGAGAAGGACA-1,LAM1,scRNA,program_2,0.9135180711746216
unrestricted_lam,LAM1:TTTATGCTCGCTGATA-1,LAM1,scRNA,program_2,0.0
unrestricted_lam,LAM1:TTTCCTCGTGTGACGA-1,LAM1,scRNA,program_2,0.05572805553674698
unrestricted_lam,LAM1:TTTCCTCTCAGTTCGA-1,LAM1,scRNA,program_2,0.0
unrestricted_lam,LAM1:TTTCCTCTCGAGAACG-1,LAM1,scRNA,program_2,0.830936849117279
unrestricted_lam,LAM1:TTTCCTCTCGATAGAA-1,LAM1,scRNA,program_2,0.9373972415924072
unrestricted_lam,LAM1:TTTGGTTGTAGGACAC-1,LAM1,scRNA,program_2,0.8167515397071838
unrestricted_lam,LAM1:TTTGTCACAAAGCAAT-1,LAM1,scRNA,program_2,0.055593326687812805
unrestricted_lam,LAM2:AAACGGGCATTGGGCC-1,LAM2,snRNA,program_2,0.0
unrestricted_lam,LAM2:AAAGATGCACCAGGTC-1,LAM2,snRNA,program_2,0.0769077017903328
unrestricted_lam,LAM2:AAAGATGGTCCCTACT-1,LAM2,snRNA,program_2,0.9178768396377563
unrestricted_lam,LAM2:AAAGCAACACCAGATT-1,LAM2,snRNA,program_2,0.0
unrestricted_lam,LAM2:AAAGCAATCTACTCAT-1,LAM2,snRNA,program_2,0.8785486817359924
unrestricted_lam,LAM2:AAAGTAGGTCTCTCTG-1,LAM2,snRNA,program_2,0.9717015624046326
unrestricted_lam,LAM2:AAAGTAGTCTCGCTTG-1,LAM2,snRNA,program_2,0.8732230067253113
unrestricted_lam,LAM2:AACGTTGTCCAACCAA-1,LAM2,snRNA,program_2,0.9363413453102112
unrestricted_lam,LAM2:AACTCTTAGATAGTCA-1,LAM2,snRNA,program_2,0.8840184211730957
unrestricted_lam,LAM2:AACTCTTGTAAGGATT-1,LAM2,snRNA,program_2,0.04624234512448311
unrestricted_lam,LAM2:AACTCTTTCTTGGGTA-1,LAM2,snRNA,program_2,0.049313776195049286
unrestricted_lam,LAM2:AACTGGTAGGGCACTA-1,LAM2,snRNA,program_2,0.878075361251831
unrestricted_lam,LAM2:AACTGGTGTTCCGGCA-1,LAM2,snRNA,program_2,0.0
unrestricted_lam,LAM2:AAGACCTCATCCCATC-1,LAM2,snRNA,program_2,0.8398581743240356
unrestricted_lam,LAM2:AAGGAGCGTGTGAATA-1,LAM2,snRNA,program_2,0.008695735596120358
unrestricted_lam,LAM2:AAGGAGCGTTAAGAAC-1,LAM2,snRNA,program_2,0.0
unrestricted_lam,LAM2:AAGGCAGTCTTCCTTC-1,LAM2,snRNA,program_2,0.8587622046470642
unrestricted_lam,LAM2:AATCGGTAGGCTCAGA-1,LAM2,snRNA,program_2,0.8859246373176575
unrestricted_lam,LAM2:ACACCAAGTTGATTCG-1,LAM2,snRNA,program_2,0.8339285254478455
unrestricted_lam,LAM2:ACAGCTATCCGTAGTA-1,LAM2,snRNA,program_2,0.9280286431312561
unrestricted_lam,LAM2:ACATACGGTAGAGTGC-1,LAM2,snRNA,program_2,0.9024627208709717
unrestricted_lam,LAM2:ACCAGTAAGCAATATG-1,LAM2,snRNA,program_2,0.8802765607833862
unrestricted_lam,LAM2:ACCAGTAAGCGACGTA-1,LAM2,snRNA,program_2,0.03313237428665161
unrestricted_lam,LAM2:ACCGTAAGTCCGACGT-1,LAM2,snRNA,program_2,0.03891587257385254
unrestricted_lam,LAM2:ACGATACAGGGTCGAT-1,LAM2,snRNA,program_2,0.9893823862075806
unrestricted_lam,LAM2:ACGCCAGGTAGAGCTG-1,LAM2,snRNA,program_2,0.4019289016723633
unrestricted_lam,LAM2:ACGGAGATCCACGACG-1,LAM2,snRNA,program_2,0.8715044856071472
unrestricted_lam,LAM2:ACGGGTCGTTCGAATC-1,LAM2,snRNA,program_2,0.03591667860746384
unrestricted_lam,LAM2:ACTATCTAGGGTCGAT-1,LAM2,snRNA,program_2,0.8330897092819214
unrestricted_lam,LAM2:ACTATCTTCGAACGGA-1,LAM2,snRNA,program_2,0.12180612236261368
unrestricted_lam,LAM2:ACTGAGTTCGTACCGG-1,LAM2,snRNA,program_2,0.8529162406921387
unrestricted_lam,LAM2:ACTGATGGTAGAAGGA-1,LAM2,snRNA,program_2,0.0795217752456665
unrestricted_lam,LAM2:ACTTGTTTCGGTTCGG-1,LAM2,snRNA,program_2,0.27741870284080505
unrestricted_lam,LAM2:ACTTTCACATCGGTTA-1,LAM2,snRNA,program_2,1.0109297037124634
unrestricted_lam,LAM2:AGAATAGGTCATACTG-1,LAM2,snRNA,program_2,0.8981963396072388
unrestricted_lam,LAM2:AGAATAGTCCAGAGGA-1,LAM2,snRNA,program_2,0.9286306500434875
unrestricted_lam,LAM2:AGAATAGTCGCTTGTC-1,LAM2,snRNA,program_2,1.0426273345947266
unrestricted_lam,LAM2:AGAATAGTCGGTTAAC-1,LAM2,snRNA,program_2,0.9922241568565369
unrestricted_lam,LAM2:AGAGTGGGTTCATGGT-1,LAM2,snRNA,program_2,0.0733620747923851
unrestricted_lam,LAM2:AGATTGCTCACCTCGT-1,LAM2,snRNA,program_2,0.006611369550228119
unrestricted_lam,LAM2:AGCGTATTCGTTGACA-1,LAM2,snRNA,program_2,0.9455613493919373
unrestricted_lam,LAM2:AGCTCCTAGAGAGCTC-1,LAM2,snRNA,program_2,0.8388229608535767
unrestricted_lam,LAM2:AGCTCTCCATAGTAAG-1,LAM2,snRNA,program_2,0.8877766132354736
unrestricted_lam,LAM2:AGCTTGAGTCTCCATC-1,LAM2,snRNA,program_2,0.9578689336776733
unrestricted_lam,LAM2:AGGCCACAGGCTCATT-1,LAM2,snRNA,program_2,0.9241276979446411
unrestricted_lam,LAM2:AGGCCGTAGCACCGCT-1,LAM2,snRNA,program_2,0.051847778260707855
unrestricted_lam,LAM2:AGGCCGTCAAGGTGTG-1,LAM2,snRNA,program_2,0.004413852468132973
unrestricted_lam,LAM2:AGGCCGTTCGTTTATC-1,LAM2,snRNA,program_2,0.0
unrestricted_lam,LAM2:AGGTCCGTCACAATGC-1,LAM2,snRNA,program_2,0.7973582148551941
unrestricted_lam,LAM2:AGGTCCGTCCTATGTT-1,LAM2,snRNA,program_2,0.932623028755188
unrestricted_lam,LAM2:AGTAGTCAGTACGCGA-1,LAM2,snRNA,program_2,0.9738883972167969
unrestricted_lam,LAM2:AGTAGTCCACGGCGTT-1,LAM2,snRNA,program_2,0.7833921313285828
unrestricted_lam,LAM2:AGTAGTCCATGCGCAC-1,LAM2,snRNA,program_2,0.9079510569572449
unrestricted_lam,LAM2:AGTGAGGCATCGGGTC-1,LAM2,snRNA,program_2,0.7728908658027649
unrestricted_lam,LAM2:AGTGAGGTCTACCTGC-1,LAM2,snRNA,program_2,0.9499593377113342
unrestricted_lam,LAM2:AGTGGGAAGCTAGCCC-1,LAM2,snRNA,program_2,0.9820982217788696
unrestricted_lam,LAM2:AGTGTCACAGTGACAG-1,LAM2,snRNA,program_2,0.9329575896263123
unrestricted_lam,LAM2:AGTTGGTAGCTAGCCC-1,LAM2,snRNA,program_2,0.011385508812963963
unrestricted_lam,LAM2:AGTTGGTTCGCGGATC-1,LAM2,snRNA,program_2,1.0528117418289185
unrestricted_lam,LAM2:ATAAGAGAGCCGCCTA-1,LAM2,snRNA,program_2,1.0187352895736694
unrestricted_lam,LAM2:ATAAGAGCAGTTCATG-1,LAM2,snRNA,program_2,1.0240024328231812
unrestricted_lam,LAM2:ATAAGAGCATCTCCCA-1,LAM2,snRNA,program_2,0.9713383316993713
unrestricted_lam,LAM2:ATCATCTAGCTGCAAG-1,LAM2,snRNA,program_2,1.0014063119888306
unrestricted_lam,LAM2:ATCCACCAGCGTCTAT-1,LAM2,snRNA,program_2,0.032113172113895416
unrestricted_lam,LAM2:ATCCGAACAACTGCTA-1,LAM2,snRNA,program_2,0.9620940685272217
unrestricted_lam,LAM2:ATCTACTTCGGCGCAT-1,LAM2,snRNA,program_2,0.0
unrestricted_lam,LAM2:ATCTGCCGTAGAGCTG-1,LAM2,snRNA,program_2,0.9318385124206543
unrestricted_lam,LAM2:ATCTGCCTCGGAAATA-1,LAM2,snRNA,program_2,0.9795311689376831
unrestricted_lam,LAM2:ATGCGATCAGTCCTTC-1,LAM2,snRNA,program_2,0.8059321641921997
unrestricted_lam,LAM2:ATGCGATGTTTGGGCC-1,LAM2,snRNA,program_2,0.8080431818962097
unrestricted_lam,LAM2:ATGGGAGCACCAGATT-1,LAM2,snRNA,program_2,0.9314848184585571
unrestricted_lam,LAM2:ATTATCCAGGTCGGAT-1,LAM2,snRNA,program_2,0.013422787189483643
unrestricted_lam,LAM2:ATTGGTGCAGTAAGAT-1,LAM2,snRNA,program_2,0.11302996426820755
unrestricted_lam,LAM2:ATTGGTGGTGGTAACG-1,LAM2,snRNA,program_2,0.0
unrestricted_lam,LAM2:CAACCAAAGGAGTTGC-1,LAM2,snRNA,program_2,0.9280574917793274
unrestricted_lam,LAM2:CAACCAAGTTACCGAT-1,LAM2,snRNA,program_2,0.9456655979156494
unrestricted_lam,LAM2:CAACCTCAGGTGACCA-1,LAM2,snRNA,program_2,0.7728345394134521
unrestricted_lam,LAM2:CAACCTCGTAGCACGA-1,LAM2,snRNA,program_2,0.005448770243674517
unrestricted_lam,LAM2:CAACTAGGTCGGGTCT-1,LAM2,snRNA,program_2,0.0
unrestricted_lam,LAM2:CAAGATCTCTCAAGTG-1,LAM2,snRNA,program_2,1.075758457183838
unrestricted_lam,LAM2:CAAGTTGAGGGATGGG-1,LAM2,snRNA,program_2,0.038678593933582306
unrestricted_lam,LAM2:CACACAAAGTCCCACG-1,LAM2,snRNA,program_2,0.04188191145658493
unrestricted_lam,LAM2:CACACCTAGTTGAGAT-1,LAM2,snRNA,program_2,0.7103549838066101
unrestricted_lam,LAM2:CACACCTCAATGTAAG-1,LAM2,snRNA,program_2,0.9175644516944885
unrestricted_lam,LAM2:CACAGGCAGGACAGCT-1,LAM2,snRNA,program_2,0.9595589637756348
unrestricted_lam,LAM2:CACAGGCTCGGAGGTA-1,LAM2,snRNA,program_2,0.23903357982635498
unrestricted_lam,LAM2:CACATAGCAAGTAGTA-1,LAM2,snRNA,program_2,0.9286815524101257
unrestricted_lam,LAM2:CACATAGGTCTTTCAT-1,LAM2,snRNA,program_2,0.9574269652366638
unrestricted_lam,LAM2:CACATTTTCTTGAGGT-1,LAM2,snRNA,program_2,0.0
unrestricted_lam,LAM2:CACCAGGAGCTAGTTC-1,LAM2,snRNA,program_2,0.4784720540046692
unrestricted_lam,LAM2:CACTCCACAGGTCGTC-1,LAM2,snRNA,program_2,0.8856239914894104
unrestricted_lam,LAM2:CAGAATCCACGGACAA-1,LAM2,snRNA,program_2,0.7109388709068298
unrestricted_lam,LAM2:CAGAGAGCAAATCCGT-1,LAM2,snRNA,program_2,0.019756346940994263
unrestricted_lam,LAM2:CAGCAGCTCTGCGGCA-1,LAM2,snRNA,program_2,0.8551058769226074
unrestricted_lam,LAM2:CAGCCGATCACGATGT-1,LAM2,snRNA,program_2,0.07003497332334518
unrestricted_lam,LAM2:CAGCCGATCCTATGTT-1,LAM2,snRNA,program_2,0.8588181138038635
unrestricted_lam,LAM2:CAGCCGATCTGATACG-1,LAM2,snRNA,program_2,0.03820504993200302
unrestricted_lam,LAM2:CAGCTAAAGTGGTCCC-1,LAM2,snRNA,program_2,0.9440566301345825
unrestricted_lam,LAM2:CAGCTGGCACTTCGAA-1,LAM2,snRNA,program_2,0.8646605014801025
unrestricted_lam,LAM2:CAGTAACCAGGGTATG-1,LAM2,snRNA,program_2,0.715836763381958
unrestricted_lam,LAM2:CATCAAGCAGTGGAGT-1,LAM2,snRNA,program_2,0.05732997879385948
unrestricted_lam,LAM2:CATCCACTCGGAAATA-1,LAM2,snRNA,program_2,0.15159805119037628
unrestricted_lam,LAM2:CATCGGGGTACCGCTG-1,LAM2,snRNA,program_2,0.0
unrestricted_lam,LAM2:CATGACAGTCTAGCGC-1,LAM2,snRNA,program_2,0.08407752215862274
unrestricted_lam,LAM2:CATGCCTCAGGATCGA-1,LAM2,snRNA,program_2,1.0289806127548218
unrestricted_lam,LAM2:CATTATCAGTGGGCTA-1,LAM2,snRNA,program_2,0.9695911407470703
unrestricted_lam,LAM2:CATTATCGTACAGACG-1,LAM2,snRNA,program_2,0.8732912540435791
unrestricted_lam,LAM2:CATTCGCAGCACGCCT-1,LAM2,snRNA,program_2,0.9537679553031921
unrestricted_lam,LAM2:CCACTACAGCCACGTC-1,LAM2,snRNA,program_2,0.0
unrestricted_lam,LAM2:CCACTACTCTATCGCC-1,LAM2,snRNA,program_2,0.9208000302314758
unrestricted_lam,LAM2:CCAGCGAGTCATACTG-1,LAM2,snRNA,program_2,0.8964952826499939
unrestricted_lam,LAM2:CCAGCGATCGGCGGTT-1,LAM2,snRNA,program_2,0.8139562606811523
unrestricted_lam,LAM2:CCATGTCGTAAGTAGT-1,LAM2,snRNA,program_2,0.7414743304252625
unrestricted_lam,LAM2:CCATGTCGTACCGTTA-1,LAM2,snRNA,program_2,0.9236762523651123
unrestricted_lam,LAM2:CCCAATCGTTTGACTG-1,LAM2,snRNA,program_2,0.9175156950950623
unrestricted_lam,LAM2:CCCATACAGCCATCGC-1,LAM2,snRNA,program_2,0.9054621458053589
unrestricted_lam,LAM2:CCGGGATCACAGGCCT-1,LAM2,snRNA,program_2,0.02781909890472889
unrestricted_lam,LAM2:CCGTACTAGGAATTAC-1,LAM2,snRNA,program_2,0.9104073643684387
unrestricted_lam,LAM2:CCGTGGAAGACCACGA-1,LAM2,snRNA,program_2,0.9550091624259949
unrestricted_lam,LAM2:CCGTTCATCCGCTGTT-1,LAM2,snRNA,program_2,0.8854466080665588
unrestricted_lam,LAM2:CCTAAAGGTAAGGATT-1,LAM2,snRNA,program_2,0.9345773458480835
unrestricted_lam,LAM2:CCTACACTCAGGCCCA-1,LAM2,snRNA,program_2,0.0
unrestricted_lam,LAM2:CCTAGCTAGTTGAGTA-1,LAM2,snRNA,program_2,0.3394245505332947
unrestricted_lam,LAM2:CCTAGCTTCTTGAGAC-1,LAM2,snRNA,program_2,0.03249378129839897
unrestricted_lam,LAM2:CCTATTAAGTCACGCC-1,LAM2,snRNA,program_2,0.9012929797172546
unrestricted_lam,LAM2:CCTCTGAGTATCTGCA-1,LAM2,snRNA,program_2,0.0
unrestricted_lam,LAM2:CCTCTGATCACATAGC-1,LAM2,snRNA,program_2,0.046577922999858856
unrestricted_lam,LAM2:CCTTACGCACGACTCG-1,LAM2,snRNA,program_2,0.8841358423233032
unrestricted_lam,LAM2:CCTTACGTCATGTCTT-1,LAM2,snRNA,program_2,0.9674487113952637
unrestricted_lam,LAM2:CGAACATAGAACTCGG-1,LAM2,snRNA,program_2,0.0
unrestricted_lam,LAM2:CGAATGTAGTGCGTGA-1,LAM2,snRNA,program_2,0.8943397402763367
unrestricted_lam,LAM2:CGAATGTTCCTATGTT-1,LAM2,snRNA,program_2,0.4786013662815094
unrestricted_lam,LAM2:CGACCTTAGGCTAGAC-1,LAM2,snRNA,program_2,0.27031654119491577
unrestricted_lam,LAM2:CGACCTTCAGTGGAGT-1,LAM2,snRNA,program_2,0.9658376574516296
unrestricted_lam,LAM2:CGACCTTGTAGCCTCG-1,LAM2,snRNA,program_2,0.02126302383840084
unrestricted_lam,LAM2:CGACCTTGTCGCGTGT-1,LAM2,snRNA,program_2,0.673866868019104
unrestricted_lam,LAM2:CGACCTTGTGACTCAT-1,LAM2,snRNA,program_2,0.04548173397779465
unrestricted_lam,LAM2:CGACCTTTCACCTTAT-1,LAM2,snRNA,program_2,0.009060307405889034
unrestricted_lam,LAM2:CGACCTTTCGCTGATA-1,LAM2,snRNA,program_2,0.9621894359588623
unrestricted_lam,LAM2:CGAGAAGAGAGCAATT-1,LAM2,snRNA,program_2,0.8303172588348389
unrestricted_lam,LAM2:CGAGAAGTCTAGCACA-1,LAM2,snRNA,program_2,0.6534298062324524
unrestricted_lam,LAM2:CGAGCCATCTCTGCTG-1,LAM2,snRNA,program_2,0.04305940493941307
unrestricted_lam,LAM2:CGATGGCTCTCGCTTG-1,LAM2,snRNA,program_2,0.8810598850250244
unrestricted_lam,LAM2:CGATTGAAGGACAGCT-1,LAM2,snRNA,program_2,0.3654351532459259
unrestricted_lam,LAM2:CGCCAAGGTAGCACGA-1,LAM2,snRNA,program_2,0.9573062062263489
unrestricted_lam,LAM2:CGCGTTTAGTGGAGAA-1,LAM2,snRNA,program_2,0.0
unrestricted_lam,LAM2:CGCGTTTGTGGGTATG-1,LAM2,snRNA,program_2,0.8888720870018005
unrestricted_lam,LAM2:CGCTGGAGTATCTGCA-1,LAM2,snRNA,program_2,0.9420303702354431
unrestricted_lam,LAM2:CGCTGGATCAACGCTA-1,LAM2,snRNA,program_2,0.8747026920318604
unrestricted_lam,LAM2:CGCTTCACACGAAATA-1,LAM2,snRNA,program_2,0.06854446977376938
unrestricted_lam,LAM2:CGGACACGTCAACATC-1,LAM2,snRNA,program_2,0.0806528702378273
unrestricted_lam,LAM2:CGGACGTAGACCTTTG-1,LAM2,snRNA,program_2,0.3430563807487488
unrestricted_lam,LAM2:CGGACTGTCTGGTTCC-1,LAM2,snRNA,program_2,0.9852752685546875
unrestricted_lam,LAM2:CGGAGCTGTGCGATAG-1,LAM2,snRNA,program_2,0.9969033598899841
unrestricted_lam,LAM2:CGGAGCTTCTGTACGA-1,LAM2,snRNA,program_2,0.0
unrestricted_lam,LAM2:CGGAGTCGTTGGTAAA-1,LAM2,snRNA,program_2,0.8687151074409485
unrestricted_lam,LAM2:CGTCACTAGGCGCTCT-1,LAM2,snRNA,program_2,0.9833149313926697
unrestricted_lam,LAM2:CGTCACTCATTAGGCT-1,LAM2,snRNA,program_2,0.9101300239562988
unrestricted_lam,LAM2:CGTCTACAGTGTACGG-1,LAM2,snRNA,program_2,0.901496946811676
unrestricted_lam,LAM2:CGTCTACGTTATCGGT-1,LAM2,snRNA,program_2,0.01923638954758644
unrestricted_lam,LAM2:CGTGAGCGTGCTGTAT-1,LAM2,snRNA,program_2,0.9696742296218872
unrestricted_lam,LAM2:CGTGAGCTCATGTAGC-1,LAM2,snRNA,program_2,0.0
unrestricted_lam,LAM2:CGTGTAAAGATCTGAA-1,LAM2,snRNA,program_2,0.8987754583358765
unrestricted_lam,LAM2:CGTTAGATCCACGACG-1,LAM2,snRNA,program_2,0.053175535053014755
unrestricted_lam,LAM2:CGTTAGATCTACCTGC-1,LAM2,snRNA,program_2,0.9275752305984497
unrestricted_lam,LAM2:CTACACCCACATCTTT-1,LAM2,snRNA,program_2,0.8590807914733887
unrestricted_lam,LAM2:CTACATTAGCCAGGAT-1,LAM2,snRNA,program_2,0.035742152482271194
unrestricted_lam,LAM2:CTACATTAGTGTGGCA-1,LAM2,snRNA,program_2,0.35823431611061096
unrestricted_lam,LAM2:CTAGCCTAGATCGATA-1,LAM2,snRNA,program_2,0.0
unrestricted_lam,LAM2:CTAGCCTTCATCTGTT-1,LAM2,snRNA,program_2,0.44764813780784607
unrestricted_lam,LAM2:CTCACACGTCATTAGC-1,LAM2,snRNA,program_2,0.9463054537773132
unrestricted_lam,LAM2:CTCGAAATCGCCCTTA-1,LAM2,snRNA,program_2,0.8970744609832764
unrestricted_lam,LAM2:CTCGAAATCGGCATCG-1,LAM2,snRNA,program_2,0.6947086453437805
unrestricted_lam,LAM2:CTCGAGGAGAATTGTG-1,LAM2,snRNA,program_2,0.8892414569854736
unrestricted_lam,LAM2:CTCGGAGAGCACACAG-1,LAM2,snRNA,program_2,0.0
unrestricted_lam,LAM2:CTCGGGACAGGGAGAG-1,LAM2,snRNA,program_2,0.8975526094436646
unrestricted_lam,LAM2:CTCGTCAGTTATCACG-1,LAM2,snRNA,program_2,0.8832501769065857
unrestricted_lam,LAM2:CTCGTCATCATCGATG-1,LAM2,snRNA,program_2,0.9557482600212097
unrestricted_lam,LAM2:CTCTGGTCAAACCCAT-1,LAM2,snRNA,program_2,0.15581005811691284
unrestricted_lam,LAM2:CTGAAACAGCTAACAA-1,LAM2,snRNA,program_2,0.9539863467216492
unrestricted_lam,LAM2:CTGAAGTTCTGATTCT-1,LAM2,snRNA,program_2,0.8188458681106567
unrestricted_lam,LAM2:CTGCGGAGTCTAAAGA-1,LAM2,snRNA,program_2,0.8619922995567322
unrestricted_lam,LAM2:CTGTTTAAGTGAAGAG-1,LAM2,snRNA,program_2,0.9856906533241272
unrestricted_lam,LAM2:CTGTTTACAAGCCGCT-1,LAM2,snRNA,program_2,0.058197639882564545
unrestricted_lam,LAM2:CTGTTTACACAAGACG-1,LAM2,snRNA,program_2,0.8544624447822571
unrestricted_lam,LAM2:CTTAACTGTTGACGTT-1,LAM2,snRNA,program_2,0.9575920701026917
unrestricted_lam,LAM2:CTTAACTTCTATCCCG-1,LAM2,snRNA,program_2,0.6016991138458252
unrestricted_lam,LAM2:CTTGGCTAGCTAGTCT-1,LAM2,snRNA,program_2,0.8318697810173035
unrestricted_lam,LAM2:CTTGGCTTCGTTACGA-1,LAM2,snRNA,program_2,1.0126780271530151
unrestricted_lam,LAM2:CTTGGCTTCTCGATGA-1,LAM2,snRNA,program_2,0.7489113211631775
unrestricted_lam,LAM2:CTTTGCGTCCATTCTA-1,LAM2,snRNA,program_2,0.7049605250358582
unrestricted_lam,LAM2:GAAATGACAATGAAAC-1,LAM2,snRNA,program_2,0.7233555912971497
unrestricted_lam,LAM2:GAAATGAGTATCACCA-1,LAM2,snRNA,program_2,0.9367926120758057
unrestricted_lam,LAM2:GAACATCGTGCATCTA-1,LAM2,snRNA,program_2,0.968450665473938
unrestricted_lam,LAM2:GAACATCTCAGCCTAA-1,LAM2,snRNA,program_2,0.07453128695487976
unrestricted_lam,LAM2:GAACCTAGTCATATGC-1,LAM2,snRNA,program_2,0.9851688146591187
unrestricted_lam,LAM2:GAAGCAGAGATCTGCT-1,LAM2,snRNA,program_2,0.9515324831008911
unrestricted_lam,LAM2:GAAGCAGAGCTAAACA-1,LAM2,snRNA,program_2,0.46588844060897827
unrestricted_lam,LAM2:GAAGCAGAGGCGACAT-1,LAM2,snRNA,program_2,0.0939929187297821
unrestricted_lam,LAM2:GAAGCAGTCGTTACGA-1,LAM2,snRNA,program_2,0.5268155932426453
unrestricted_lam,LAM2:GAATGAACACCCAGTG-1,LAM2,snRNA,program_2,0.9490123391151428
unrestricted_lam,LAM2:GAATGAACAGTGACAG-1,LAM2,snRNA,program_2,0.8862548470497131
unrestricted_lam,LAM2:GACAGAGCACTCTGTC-1,LAM2,snRNA,program_2,0.9793664813041687
unrestricted_lam,LAM2:GACCAATGTTGTCGCG-1,LAM2,snRNA,program_2,1.0341932773590088
unrestricted_lam,LAM2:GACCAATTCTCGATGA-1,LAM2,snRNA,program_2,0.987481415271759
unrestricted_lam,LAM2:GACGCGTAGCCCGAAA-1,LAM2,snRNA,program_2,0.0656881034374237
unrestricted_lam,LAM2:GACGGCTCACCGAAAG-1,LAM2,snRNA,program_2,0.9877140522003174
unrestricted_lam,LAM2:GACGTGCTCTGCCCTA-1,LAM2,snRNA,program_2,0.0
unrestricted_lam,LAM2:GACTAACGTACCCAAT-1,LAM2,snRNA,program_2,0.3528159558773041
unrestricted_lam,LAM2:GACTAACGTGTTTGGT-1,LAM2,snRNA,program_2,0.0
unrestricted_lam,LAM2:GACTACAAGCGATCCC-1,LAM2,snRNA,program_2,0.032826390117406845
unrestricted_lam,LAM2:GAGGTGAAGTGTACGG-1,LAM2,snRNA,program_2,0.9547232389450073
unrestricted_lam,LAM2:GAGGTGATCTGGAGCC-1,LAM2,snRNA,program_2,0.009731067344546318
unrestricted_lam,LAM2:GAGGTGATCTTCAACT-1,LAM2,snRNA,program_2,0.9156984090805054
unrestricted_lam,LAM2:GAGTCCGAGGCATGGT-1,LAM2,snRNA,program_2,0.0
unrestricted_lam,LAM2:GATCAGTAGCTAGGCA-1,LAM2,snRNA,program_2,0.04370303452014923
unrestricted_lam,LAM2:GATCAGTGTTCCACGG-1,LAM2,snRNA,program_2,0.018570145592093468
unrestricted_lam,LAM2:GATCGTATCAGCTCGG-1,LAM2,snRNA,program_2,0.007319290190935135
unrestricted_lam,LAM2:GATCGTATCTCTGTCG-1,LAM2,snRNA,program_2,0.09666857868432999
unrestricted_lam,LAM2:GATCTAGTCTTGCCGT-1,LAM2,snRNA,program_2,0.9810195565223694
unrestricted_lam,LAM2:GATGAAAGTGTGGTTT-1,LAM2,snRNA,program_2,0.8334923982620239
unrestricted_lam,LAM2:GCAAACTGTTGCTCCT-1,LAM2,snRNA,program_2,0.8735889792442322
unrestricted_lam,LAM2:GCAATCAGTAAACGCG-1,LAM2,snRNA,program_2,0.5384873151779175
unrestricted_lam,LAM2:GCAATCAGTATGAAAC-1,LAM2,snRNA,program_2,0.8712639212608337
unrestricted_lam,LAM2:GCACATAGTAGCGCTC-1,LAM2,snRNA,program_2,0.06333543360233307
unrestricted_lam,LAM2:GCACTCTAGACATAAC-1,LAM2,snRNA,program_2,0.9516278505325317
unrestricted_lam,LAM2:GCATGATAGGTTCCTA-1,LAM2,snRNA,program_2,0.8297756910324097
unrestricted_lam,LAM2:GCATGCGGTTCACGGC-1,LAM2,snRNA,program_2,0.059156108647584915
unrestricted_lam,LAM2:GCGACCAGTATAGTAG-1,LAM2,snRNA,program_2,0.9875293374061584
unrestricted_lam,LAM2:GCGCAACAGTCATGCT-1,LAM2,snRNA,program_2,0.0
unrestricted_lam,LAM2:GCGCAGTGTGTCCTCT-1,LAM2,snRNA,program_2,0.9057214856147766
unrestricted_lam,LAM2:GCGCGATCAGCGTAAG-1,LAM2,snRNA,program_2,0.9926099181175232
unrestricted_lam,LAM2:GCTCCTACAGTGGGAT-1,LAM2,snRNA,program_2,0.08735482394695282
unrestricted_lam,LAM2:GCTCCTAGTGACCAAG-1,LAM2,snRNA,program_2,0.8381237983703613
unrestricted_lam,LAM2:GCTCTGTGTACGCACC-1,LAM2,snRNA,program_2,0.8221681118011475
unrestricted_lam,LAM2:GCTCTGTGTCTGATTG-1,LAM2,snRNA,program_2,0.4643614590167999
unrestricted_lam,LAM2:GCTGCGAGTCTTCTCG-1,LAM2,snRNA,program_2,0.9559950828552246
unrestricted_lam,LAM2:GCTGCGATCCGCGTTT-1,LAM2,snRNA,program_2,0.8520119190216064
unrestricted_lam,LAM2:GCTTCCAAGAAGGGTA-1,LAM2,snRNA,program_2,0.9306846261024475
unrestricted_lam,LAM2:GCTTCCACAGAGTGTG-1,LAM2,snRNA,program_2,0.9624078273773193
unrestricted_lam,LAM2:GCTTCCATCTCAAGTG-1,LAM2,snRNA,program_2,0.9776726365089417
unrestricted_lam,LAM2:GCTTGAATCAAACCGT-1,LAM2,snRNA,program_2,0.9035460948944092
unrestricted_lam,LAM2:GGAAAGCGTTACGGAG-1,LAM2,snRNA,program_2,0.027927136048674583
unrestricted_lam,LAM2:GGAAAGCTCATGCATG-1,LAM2,snRNA,program_2,0.8352785706520081
unrestricted_lam,LAM2:GGACATTGTCTCCATC-1,LAM2,snRNA,program_2,0.8734332323074341
unrestricted_lam,LAM2:GGACGTCCAAGAGGCT-1,LAM2,snRNA,program_2,0.8750077486038208
unrestricted_lam,LAM2:GGATGTTGTATATCCG-1,LAM2,snRNA,program_2,0.875629186630249
unrestricted_lam,LAM2:GGATTACCAATAACGA-1,LAM2,snRNA,program_2,0.0
unrestricted_lam,LAM2:GGATTACTCCCTTGCA-1,LAM2,snRNA,program_2,0.690709114074707
unrestricted_lam,LAM2:GGCAATTCACCATGTA-1,LAM2,snRNA,program_2,0.08244075626134872
unrestricted_lam,LAM2:GGCCGATCAATGCCAT-1,LAM2,snRNA,program_2,0.003121752990409732
unrestricted_lam,LAM2:GGCGACTCACACAGAG-1,LAM2,snRNA,program_2,0.3298620283603668
unrestricted_lam,LAM2:GGCGTGTGTGGCTCCA-1,LAM2,snRNA,program_2,0.9628159999847412
unrestricted_lam,LAM2:GGCTCGAAGTAGGCCA-1,LAM2,snRNA,program_2,0.8622679114341736
unrestricted_lam,LAM2:GGGACCTAGACACGAC-1,LAM2,snRNA,program_2,0.8028908371925354
unrestricted_lam,LAM2:GGGACCTGTCCGCTGA-1,LAM2,snRNA,program_2,0.8092363476753235
unrestricted_lam,LAM2:GGGAGATGTCTCATCC-1,LAM2,snRNA,program_2,0.8985845446586609
unrestricted_lam,LAM2:GGGCATCTCCTTGGTC-1,LAM2,snRNA,program_2,0.9269466996192932
unrestricted_lam,LAM2:GGTATTGAGTCATGCT-1,LAM2,snRNA,program_2,0.895851731300354
unrestricted_lam,LAM2:GGTGCGTAGTGTCCAT-1,LAM2,snRNA,program_2,0.7282536625862122
unrestricted_lam,LAM2:GGTGCGTGTTATGCGT-1,LAM2,snRNA,program_2,0.8561081886291504
unrestricted_lam,LAM2:GGTGTTAGTTAAGACA-1,LAM2,snRNA,program_2,0.102956123650074
unrestricted_lam,LAM2:GTAACGTCATGCATGT-1,LAM2,snRNA,program_2,0.8832191228866577
unrestricted_lam,LAM2:GTAACTGCAATTGCTG-1,LAM2,snRNA,program_2,0.08879552781581879
unrestricted_lam,LAM2:GTAACTGCATCACGAT-1,LAM2,snRNA,program_2,0.8768830895423889
unrestricted_lam,LAM2:GTACTTTCAAGCGATG-1,LAM2,snRNA,program_2,0.8324201107025146
unrestricted_lam,LAM2:GTACTTTGTCAGATAA-1,LAM2,snRNA,program_2,0.08776778727769852
unrestricted_lam,LAM2:GTCAAGTCAGATCCAT-1,LAM2,snRNA,program_2,0.9002715945243835
unrestricted_lam,LAM2:GTCAAGTCATGAGCGA-1,LAM2,snRNA,program_2,0.9226968288421631
unrestricted_lam,LAM2:GTCACAACAGATGGGT-1,LAM2,snRNA,program_2,0.8062931895256042
unrestricted_lam,LAM2:GTCACAACATTATCTC-1,LAM2,snRNA,program_2,0.04763871431350708
unrestricted_lam,LAM2:GTCACGGGTAAACACA-1,LAM2,snRNA,program_2,1.0178349018096924
unrestricted_lam,LAM2:GTCACGGGTTCTCATT-1,LAM2,snRNA,program_2,0.7474231719970703
unrestricted_lam,LAM2:GTCATTTAGCCACGCT-1,LAM2,snRNA,program_2,0.8832254409790039
unrestricted_lam,LAM2:GTCATTTCAGACAAGC-1,LAM2,snRNA,program_2,0.5354112386703491
unrestricted_lam,LAM2:GTCCTCACAATCCAAC-1,LAM2,snRNA,program_2,0.0434185154736042
unrestricted_lam,LAM2:GTCCTCAGTCCAGTGC-1,LAM2,snRNA,program_2,1.0130600929260254
unrestricted_lam,LAM2:GTCTTCGGTCGCCATG-1,LAM2,snRNA,program_2,1.0470466613769531
unrestricted_lam,LAM2:GTCTTCGGTTATGCGT-1,LAM2,snRNA,program_2,0.0
unrestricted_lam,LAM2:GTGCAGCCATGTCCTC-1,LAM2,snRNA,program_2,0.4195553660392761
unrestricted_lam,LAM2:GTGCAGCTCGCGATCG-1,LAM2,snRNA,program_2,0.9882524013519287
unrestricted_lam,LAM2:GTGCATACAGTATGCT-1,LAM2,snRNA,program_2,0.4497924745082855
unrestricted_lam,LAM2:GTGCATAGTCGGCTCA-1,LAM2,snRNA,program_2,0.8516424298286438
unrestricted_lam,LAM2:GTGCATAGTTCCATGA-1,LAM2,snRNA,program_2,0.9191141724586487
unrestricted_lam,LAM2:GTGCGGTGTGCTCTTC-1,LAM2,snRNA,program_2,0.02529420331120491
unrestricted_lam,LAM2:GTGCGGTTCGAGGTAG-1,LAM2,snRNA,program_2,0.0
unrestricted_lam,LAM2:GTGCTTCAGAAGGCCT-1,LAM2,snRNA,program_2,1.0261445045471191
unrestricted_lam,LAM2:GTGGGTCAGTAGCGGT-1,LAM2,snRNA,program_2,0.9000353217124939
unrestricted_lam,LAM2:GTGGGTCCACATAACC-1,LAM2,snRNA,program_2,0.0
unrestricted_lam,LAM2:GTTAAGCTCTGTCTAT-1,LAM2,snRNA,program_2,0.9191626906394958
unrestricted_lam,LAM2:GTTCTCGCAGCCTGTG-1,LAM2,snRNA,program_2,0.8671694397926331
unrestricted_lam,LAM2:GTTCTCGCAGTATGCT-1,LAM2,snRNA,program_2,0.7466081976890564
unrestricted_lam,LAM2:TAAGAGAGTCGTCTTC-1,LAM2,snRNA,program_2,0.9047060012817383
unrestricted_lam,LAM2:TAAGTGCTCAGTGTTG-1,LAM2,snRNA,program_2,0.08294523507356644
unrestricted_lam,LAM2:TACCTATTCTACTTAC-1,LAM2,snRNA,program_2,0.0039610187523067
unrestricted_lam,LAM2:TACCTTAAGGCCCTTG-1,LAM2,snRNA,program_2,0.9549849629402161
unrestricted_lam,LAM2:TACGGATTCTGCAAGT-1,LAM2,snRNA,program_2,0.969307005405426
unrestricted_lam,LAM2:TACGGTAAGCCAGTAG-1,LAM2,snRNA,program_2,0.917432427406311
unrestricted_lam,LAM2:TACGGTAGTCATTAGC-1,LAM2,snRNA,program_2,0.736147403717041
unrestricted_lam,LAM2:TACTCATTCATGTGGT-1,LAM2,snRNA,program_2,0.20166289806365967
unrestricted_lam,LAM2:TACTTGTCACTTGGAT-1,LAM2,snRNA,program_2,0.8379243612289429
unrestricted_lam,LAM2:TACTTGTTCGGACAAG-1,LAM2,snRNA,program_2,0.8776437044143677
unrestricted_lam,LAM2:TAGACCAGTAGGCATG-1,LAM2,snRNA,program_2,0.0
unrestricted_lam,LAM2:TAGCCGGTCGAATCCA-1,LAM2,snRNA,program_2,0.7287999987602234
unrestricted_lam,LAM2:TAGTGGTCACACCGAC-1,LAM2,snRNA,program_2,0.010654664598405361
unrestricted_lam,LAM2:TAGTGGTGTGCCTGTG-1,LAM2,snRNA,program_2,0.8218312859535217
unrestricted_lam,LAM2:TATCAGGTCCACGACG-1,LAM2,snRNA,program_2,0.0
unrestricted_lam,LAM2:TATCTCAGTGCAGGTA-1,LAM2,snRNA,program_2,0.783642053604126
unrestricted_lam,LAM2:TATCTCAGTTCTGAAC-1,LAM2,snRNA,program_2,0.8328803777694702
unrestricted_lam,LAM2:TCAACGAAGGTGATAT-1,LAM2,snRNA,program_2,0.05427217483520508
unrestricted_lam,LAM2:TCACAAGCATCGACGC-1,LAM2,snRNA,program_2,0.9244861006736755
unrestricted_lam,LAM2:TCAGATGCACGCCAGT-1,LAM2,snRNA,program_2,0.0637747272849083
unrestricted_lam,LAM2:TCAGCTCTCACCGTAA-1,LAM2,snRNA,program_2,0.015018611215054989
unrestricted_lam,LAM2:TCATTTGAGCGCTTAT-1,LAM2,snRNA,program_2,0.9747695326805115
unrestricted_lam,LAM2:TCCACACAGTGGAGTC-1,LAM2,snRNA,program_2,0.06972210109233856
unrestricted_lam,LAM2:TCCCGATAGAGCTGGT-1,LAM2,snRNA,program_2,0.8070911169052124
unrestricted_lam,LAM2:TCGAGGCCACCTCGGA-1,LAM2,snRNA,program_2,0.0
unrestricted_lam,LAM2:TCGAGGCTCACCAGGC-1,LAM2,snRNA,program_2,0.8156975507736206
unrestricted_lam,LAM2:TCGGGACTCCCTTGCA-1,LAM2,snRNA,program_2,0.6195487380027771
unrestricted_lam,LAM2:TCGGTAAAGCTAGTTC-1,LAM2,snRNA,program_2,0.4428795874118805
unrestricted_lam,LAM2:TCGGTAATCGGTGTTA-1,LAM2,snRNA,program_2,0.9354784488677979
unrestricted_lam,LAM2:TCGTAGAGTTATGTGC-1,LAM2,snRNA,program_2,0.15967512130737305
unrestricted_lam,LAM2:TCTATTGCAGTAAGCG-1,LAM2,snRNA,program_2,1.0211751461029053
unrestricted_lam,LAM2:TCTATTGGTACCAGTT-1,LAM2,snRNA,program_2,0.8586711883544922
unrestricted_lam,LAM2:TCTCTAAAGTGCAAGC-1,LAM2,snRNA,program_2,0.01714165322482586
unrestricted_lam,LAM2:TCTCTAAGTAGAAGGA-1,LAM2,snRNA,program_2,0.8435776829719543
unrestricted_lam,LAM2:TCTGGAACAGCCAGAA-1,LAM2,snRNA,program_2,0.9301676154136658
unrestricted_lam,LAM2:TGACAACGTACTCTCC-1,LAM2,snRNA,program_2,0.12114300578832626
unrestricted_lam,LAM2:TGACAACGTCTCCCTA-1,LAM2,snRNA,program_2,0.016156695783138275
unrestricted_lam,LAM2:TGAGGGAGTGACCAAG-1,LAM2,snRNA,program_2,0.0325617641210556
unrestricted_lam,LAM2:TGAGGGAGTGTTCGAT-1,LAM2,snRNA,program_2,0.9014849066734314
unrestricted_lam,LAM2:TGATTTCCATTTGCTT-1,LAM2,snRNA,program_2,0.9340231418609619
unrestricted_lam,LAM2:TGCACCTAGGCTACGA-1,LAM2,snRNA,program_2,0.8507539629936218
unrestricted_lam,LAM2:TGCACCTGTGCGGTAA-1,LAM2,snRNA,program_2,0.850780189037323
unrestricted_lam,LAM2:TGCCAAAAGGTGCAAC-1,LAM2,snRNA,program_2,0.8905926942825317
unrestricted_lam,LAM2:TGCCCATAGCTGAACG-1,LAM2,snRNA,program_2,0.007020534947514534
unrestricted_lam,LAM2:TGCCCATTCAGAGACG-1,LAM2,snRNA,program_2,0.08302287012338638
unrestricted_lam,LAM2:TGCCCTACAAGCTGGA-1,LAM2,snRNA,program_2,0.7994283437728882
unrestricted_lam,LAM2:TGCCCTAGTCCTCTTG-1,LAM2,snRNA,program_2,0.6179765462875366
unrestricted_lam,LAM2:TGCGTGGAGAAGGGTA-1,LAM2,snRNA,program_2,0.9471198916435242
unrestricted_lam,LAM2:TGCTACCAGGTGCTTT-1,LAM2,snRNA,program_2,0.043560829013586044
unrestricted_lam,LAM2:TGCTACCAGTGGGTTG-1,LAM2,snRNA,program_2,0.6407799124717712
unrestricted_lam,LAM2:TGGCCAGAGACAGGCT-1,LAM2,snRNA,program_2,0.09658344835042953
unrestricted_lam,LAM2:TGGCCAGCACCACGTG-1,LAM2,snRNA,program_2,0.09583017975091934
unrestricted_lam,LAM2:TGGGCGTGTCCGCTGA-1,LAM2,snRNA,program_2,0.928290069103241
unrestricted_lam,LAM2:TGGTTCCAGATGTGGC-1,LAM2,snRNA,program_2,0.8834391236305237
unrestricted_lam,LAM2:TGGTTCCGTCGTCTTC-1,LAM2,snRNA,program_2,0.08817017823457718
unrestricted_lam,LAM2:TGTCCCATCCCTTGCA-1,LAM2,snRNA,program_2,0.6719470620155334
unrestricted_lam,LAM2:TGTGGTACAAGGACTG-1,LAM2,snRNA,program_2,0.9119086861610413
unrestricted_lam,LAM2:TGTTCCGCAGCTGTTA-1,LAM2,snRNA,program_2,0.907616138458252
unrestricted_lam,LAM2:TTAGGCACAATGGACG-1,LAM2,snRNA,program_2,0.8998191356658936
unrestricted_lam,LAM2:TTAGTTCTCAACACTG-1,LAM2,snRNA,program_2,0.9193859696388245
unrestricted_lam,LAM2:TTATGCTGTCTAGAGG-1,LAM2,snRNA,program_2,0.13352416455745697
unrestricted_lam,LAM2:TTCGAAGTCAACACTG-1,LAM2,snRNA,program_2,0.2944687604904175
unrestricted_lam,LAM2:TTCTCCTCATTTCACT-1,LAM2,snRNA,program_2,0.8503456115722656
unrestricted_lam,LAM2:TTGAACGTCGTCTGCT-1,LAM2,snRNA,program_2,0.9249695539474487
unrestricted_lam,LAM2:TTGCCGTGTCGCGAAA-1,LAM2,snRNA,program_2,0.008445164188742638
unrestricted_lam,LAM2:TTGCGTCAGATCGGGT-1,LAM2,snRNA,program_2,0.6894798874855042
unrestricted_lam,LAM2:TTGCGTCGTAGCGTAG-1,LAM2,snRNA,program_2,0.9050095677375793
unrestricted_lam,LAM2:TTTACTGCATGCAACT-1,LAM2,snRNA,program_2,0.8120874762535095
unrestricted_lam,LAM2:TTTACTGTCCGCTGTT-1,LAM2,snRNA,program_2,0.9512660503387451
unrestricted_lam,LAM2:TTTATGCGTCGAGATG-1,LAM2,snRNA,program_2,0.43725207448005676
unrestricted_lam,LAM2:TTTGGTTTCCTTTCGG-1,LAM2,snRNA,program_2,0.1672516018152237
unrestricted_lam,LAM3:AAACCTGGTTGCTCCT-1,LAM3,scRNA,program_2,0.73033607006073
unrestricted_lam,LAM3:AAACGGGCAAGGCTCC-1,LAM3,scRNA,program_2,0.1138835921883583
unrestricted_lam,LAM3:AAAGATGGTGTTGGGA-1,LAM3,scRNA,program_2,0.9323897957801819
unrestricted_lam,LAM3:AACCATGGTATCGCAT-1,LAM3,scRNA,program_2,0.8095157742500305
unrestricted_lam,LAM3:AACCGCGGTCCCTACT-1,LAM3,scRNA,program_2,0.2567942142486572
unrestricted_lam,LAM3:AACCGCGTCGCCTGTT-1,LAM3,scRNA,program_2,0.14187665283679962
unrestricted_lam,LAM3:AACGTTGCAATGGAGC-1,LAM3,scRNA,program_2,0.45607343316078186
unrestricted_lam,LAM3:AACTCAGCACATTAGC-1,LAM3,scRNA,program_2,0.3540642261505127
unrestricted_lam,LAM3:AACTCAGGTCTAGCGC-1,LAM3,scRNA,program_2,0.7369183301925659
unrestricted_lam,LAM3:AACTCCCCAGCGTCCA-1,LAM3,scRNA,program_2,0.6418361067771912
unrestricted_lam,LAM3:AACTGGTCACGGTTTA-1,LAM3,scRNA,program_2,0.06238323822617531
unrestricted_lam,LAM3:AACTGGTGTTTGGGCC-1,LAM3,scRNA,program_2,0.5264502763748169
unrestricted_lam,LAM3:AAGACCTAGAGTAAGG-1,LAM3,scRNA,program_2,0.05750022828578949
unrestricted_lam,LAM3:AAGACCTAGTAACCCT-1,LAM3,scRNA,program_2,0.09619642794132233
unrestricted_lam,LAM3:AAGGCAGCAGCTGCAC-1,LAM3,scRNA,program_2,0.7492249608039856
unrestricted_lam,LAM3:AATCCAGTCACCACCT-1,LAM3,scRNA,program_2,0.906853437423706
unrestricted_lam,LAM3:AATCGGTAGCAAATCA-1,LAM3,scRNA,program_2,0.11049054563045502
unrestricted_lam,LAM3:ACACCCTTCCCAAGTA-1,LAM3,scRNA,program_2,0.20989322662353516
unrestricted_lam,LAM3:ACACCGGTCTGACCTC-1,LAM3,scRNA,program_2,0.06725887209177017
unrestricted_lam,LAM3:ACAGCCGCAGGCGATA-1,LAM3,scRNA,program_2,0.8371473550796509
unrestricted_lam,LAM3:ACAGCCGTCGCCTGAG-1,LAM3,scRNA,program_2,0.2740640938282013
unrestricted_lam,LAM3:ACAGCTAAGCGATAGC-1,LAM3,scRNA,program_2,0.1579250693321228
unrestricted_lam,LAM3:ACAGCTAAGGGTTTCT-1,LAM3,scRNA,program_2,0.540850043296814
unrestricted_lam,LAM3:ACATACGCATACGCCG-1,LAM3,scRNA,program_2,0.5309165120124817
unrestricted_lam,LAM3:ACCGTAAAGGCTAGCA-1,LAM3,scRNA,program_2,0.039716821163892746
unrestricted_lam,LAM3:ACCGTAAGTGTTGAGG-1,LAM3,scRNA,program_2,0.22405646741390228
unrestricted_lam,LAM3:ACGAGCCGTGGCAAAC-1,LAM3,scRNA,program_2,0.3432905375957489
unrestricted_lam,LAM3:ACGAGGAGTAGTGAAT-1,LAM3,scRNA,program_2,0.11054877191781998
unrestricted_lam,LAM3:ACGAGGATCGTCCAGG-1,LAM3,scRNA,program_2,0.22866538166999817
unrestricted_lam,LAM3:ACGATGTTCCTTTCTC-1,LAM3,scRNA,program_2,0.18448375165462494
unrestricted_lam,LAM3:ACGCCAGAGAGGTTGC-1,LAM3,scRNA,program_2,0.3236853778362274
unrestricted_lam,LAM3:ACGCCAGAGGTAGCTG-1,LAM3,scRNA,program_2,0.11002573370933533
unrestricted_lam,LAM3:ACGCCAGTCAGCTTAG-1,LAM3,scRNA,program_2,0.7622383236885071
unrestricted_lam,LAM3:ACGCCGACACTTAACG-1,LAM3,scRNA,program_2,0.7939957976341248
unrestricted_lam,LAM3:ACGGAGAAGCTATGCT-1,LAM3,scRNA,program_2,0.19273896515369415
unrestricted_lam,LAM3:ACGGGCTGTAGCGTGA-1,LAM3,scRNA,program_2,0.15784595906734467
unrestricted_lam,LAM3:ACGGGTCCATGGAATA-1,LAM3,scRNA,program_2,0.1702837496995926
unrestricted_lam,LAM3:ACGGGTCTCCCAACGG-1,LAM3,scRNA,program_2,0.06299780309200287
unrestricted_lam,LAM3:ACTGAGTCAGCTGTGC-1,LAM3,scRNA,program_2,0.12481820583343506
unrestricted_lam,LAM3:ACTGCTCGTTCGCTAA-1,LAM3,scRNA,program_2,0.10075823217630386
unrestricted_lam,LAM3:AGAATAGCAGCCTTTC-1,LAM3,scRNA,program_2,0.11220119893550873
unrestricted_lam,LAM3:AGAATAGGTTACCAGT-1,LAM3,scRNA,program_2,0.14065706729888916
unrestricted_lam,LAM3:AGAGCGAGTTGGTTTG-1,LAM3,scRNA,program_2,0.11578971892595291
unrestricted_lam,LAM3:AGAGTGGCAATGCCAT-1,LAM3,scRNA,program_2,0.010426491498947144
unrestricted_lam,LAM3:AGAGTGGTCTGATACG-1,LAM3,scRNA,program_2,0.9624049663543701
unrestricted_lam,LAM3:AGATTGCCATTGAGCT-1,LAM3,scRNA,program_2,0.18393689393997192
unrestricted_lam,LAM3:AGCGGTCGTAGCAAAT-1,LAM3,scRNA,program_2,0.18686796724796295
unrestricted_lam,LAM3:AGCGTATTCAAACAAG-1,LAM3,scRNA,program_2,0.0
unrestricted_lam,LAM3:AGCGTATTCCATGCTC-1,LAM3,scRNA,program_2,0.34881827235221863
unrestricted_lam,LAM3:AGCGTCGCACTTACGA-1,LAM3,scRNA,program_2,0.0
unrestricted_lam,LAM3:AGCGTCGTCAAACCGT-1,LAM3,scRNA,program_2,0.9215530753135681
unrestricted_lam,LAM3:AGCTCCTAGGGTTTCT-1,LAM3,scRNA,program_2,0.5789232850074768
unrestricted_lam,LAM3:AGCTCTCGTTCGGCAC-1,LAM3,scRNA,program_2,0.0
unrestricted_lam,LAM3:AGGCCACGTTGATTCG-1,LAM3,scRNA,program_2,0.0
unrestricted_lam,LAM3:AGGCCGTTCCTTTCGG-1,LAM3,scRNA,program_2,0.08952069282531738
unrestricted_lam,LAM3:AGGTCATCAAACAACA-1,LAM3,scRNA,program_2,0.2628421187400818
unrestricted_lam,LAM3:AGTCTTTGTTACGCGC-1,LAM3,scRNA,program_2,0.20317469537258148
unrestricted_lam,LAM3:AGTGAGGCAAGCCGCT-1,LAM3,scRNA,program_2,0.447778582572937
unrestricted_lam,LAM3:AGTGGGAAGAAGGGTA-1,LAM3,scRNA,program_2,0.7139015793800354
unrestricted_lam,LAM3:AGTGGGAAGATGGCGT-1,LAM3,scRNA,program_2,0.13981860876083374
unrestricted_lam,LAM3:AGTGGGAGTGTGCGTC-1,LAM3,scRNA,program_2,0.15353924036026
unrestricted_lam,LAM3:AGTGTCAGTTTGTTGG-1,LAM3,scRNA,program_2,0.10849548876285553
unrestricted_lam,LAM3:ATAAGAGTCAACGGCC-1,LAM3,scRNA,program_2,0.42090511322021484
unrestricted_lam,LAM3:ATAGACCGTGGTCCGT-1,LAM3,scRNA,program_2,0.08743773400783539
unrestricted_lam,LAM3:ATCATCTAGTCTCGGC-1,LAM3,scRNA,program_2,0.13224993646144867
unrestricted_lam,LAM3:ATCATCTTCATGTAGC-1,LAM3,scRNA,program_2,0.03917836397886276
unrestricted_lam,LAM3:ATCCGAAAGAACTCGG-1,LAM3,scRNA,program_2,0.2440871000289917
unrestricted_lam,LAM3:ATCCGAATCAAGGCTT-1,LAM3,scRNA,program_2,0.12054499238729477
unrestricted_lam,LAM3:ATCTACTAGGATATAC-1,LAM3,scRNA,program_2,0.5804369449615479
unrestricted_lam,LAM3:ATGCGATTCCCAAGAT-1,LAM3,scRNA,program_2,0.11677563190460205
unrestricted_lam,LAM3:ATTATCCAGTGGGTTG-1,LAM3,scRNA,program_2,0.34103456139564514
unrestricted_lam,LAM3:CAACCAAAGGTGCACA-1,LAM3,scRNA,program_2,0.38347309827804565
unrestricted_lam,LAM3:CAACCTCGTCGGCACT-1,LAM3,scRNA,program_2,0.050825830549001694
unrestricted_lam,LAM3:CAAGATCTCGCAAGCC-1,LAM3,scRNA,program_2,0.07504445314407349
unrestricted_lam,LAM3:CAAGGCCAGAAGAAGC-1,LAM3,scRNA,program_2,0.37184983491897583
unrestricted_lam,LAM3:CACAAACAGGTCGGAT-1,LAM3,scRNA,program_2,0.2747296392917633
unrestricted_lam,LAM3:CACACAACAATGGAAT-1,LAM3,scRNA,program_2,0.566059410572052
unrestricted_lam,LAM3:CACACCTTCAGCGATT-1,LAM3,scRNA,program_2,0.7936548590660095
unrestricted_lam,LAM3:CACACTCCACTGTGTA-1,LAM3,scRNA,program_2,0.2859932780265808
unrestricted_lam,LAM3:CACAGGCGTAATAGCA-1,LAM3,scRNA,program_2,0.11465048044919968
unrestricted_lam,LAM3:CACATAGTCGTCTGCT-1,LAM3,scRNA,program_2,0.6910195350646973
unrestricted_lam,LAM3:CACCAGGAGCGATATA-1,LAM3,scRNA,program_2,0.501048743724823
unrestricted_lam,LAM3:CAGATCAAGAATTGTG-1,LAM3,scRNA,program_2,0.3369840383529663
unrestricted_lam,LAM3:CAGATCATCCTCTAGC-1,LAM3,scRNA,program_2,0.0030221696943044662
unrestricted_lam,LAM3:CAGCAGCAGCGAGAAA-1,LAM3,scRNA,program_2,0.6582635641098022
unrestricted_lam,LAM3:CAGCATAGTTCGCGAC-1,LAM3,scRNA,program_2,0.828346848487854
unrestricted_lam,LAM3:CAGGTGCTCAATCACG-1,LAM3,scRNA,program_2,0.2904641628265381
unrestricted_lam,LAM3:CAGGTGCTCTCGAGTA-1,LAM3,scRNA,program_2,0.8962363600730896
unrestricted_lam,LAM3:CAGTAACCACGGTTTA-1,LAM3,scRNA,program_2,0.0934627428650856
unrestricted_lam,LAM3:CAGTAACGTGACGGTA-1,LAM3,scRNA,program_2,0.7089933156967163
unrestricted_lam,LAM3:CATCAAGGTCCTCTTG-1,LAM3,scRNA,program_2,0.08026821911334991
unrestricted_lam,LAM3:CATCCACAGATCCCAT-1,LAM3,scRNA,program_2,0.14417408406734467
unrestricted_lam,LAM3:CATCGAATCAGTTCGA-1,LAM3,scRNA,program_2,0.11286450177431107
unrestricted_lam,LAM3:CATCGGGGTTTCCACC-1,LAM3,scRNA,program_2,0.20845313370227814
unrestricted_lam,LAM3:CATCGGGTCGGCGCAT-1,LAM3,scRNA,program_2,0.27120545506477356
unrestricted_lam,LAM3:CATGCCTAGGACTGGT-1,LAM3,scRNA,program_2,0.090352363884449
unrestricted_lam,LAM3:CATGCCTAGGAGCGAG-1,LAM3,scRNA,program_2,0.23226292431354523
unrestricted_lam,LAM3:CATTATCAGGCCCTTG-1,LAM3,scRNA,program_2,0.807360053062439
unrestricted_lam,LAM3:CATTCGCCAGTCTTCC-1,LAM3,scRNA,program_2,0.957858145236969
unrestricted_lam,LAM3:CCAATCCGTAAACACA-1,LAM3,scRNA,program_2,0.0
unrestricted_lam,LAM3:CCACCTACACGTGAGA-1,LAM3,scRNA,program_2,0.10814657807350159
unrestricted_lam,LAM3:CCACGGAAGCGTCTAT-1,LAM3,scRNA,program_2,0.6859846115112305
unrestricted_lam,LAM3:CCACTACCAAGTTCTG-1,LAM3,scRNA,program_2,0.6608303785324097
unrestricted_lam,LAM3:CCAGCGAGTCATGCCG-1,LAM3,scRNA,program_2,0.7625849843025208
unrestricted_lam,LAM3:CCCAGTTCACTTCTGC-1,LAM3,scRNA,program_2,0.7842845916748047
unrestricted_lam,LAM3:CCCTCCTTCTGATTCT-1,LAM3,scRNA,program_2,0.06933580338954926
unrestricted_lam,LAM3:CCGGGATTCGAACTGT-1,LAM3,scRNA,program_2,0.12391840666532516
unrestricted_lam,LAM3:CCGGTAGCATCAGTCA-1,LAM3,scRNA,program_2,0.06770294159650803
unrestricted_lam,LAM3:CCGTACTGTCAAGCGA-1,LAM3,scRNA,program_2,0.22686424851417542
unrestricted_lam,LAM3:CCGTGGAGTACCCAAT-1,LAM3,scRNA,program_2,0.14310388267040253
unrestricted_lam,LAM3:CCTAAAGAGCAGACTG-1,LAM3,scRNA,program_2,0.7371618151664734
unrestricted_lam,LAM3:CCTAAAGAGTCGCCGT-1,LAM3,scRNA,program_2,0.8216071724891663
unrestricted_lam,LAM3:CCTAAAGCATGTTGAC-1,LAM3,scRNA,program_2,0.0990668386220932
unrestricted_lam,LAM3:CCTACACAGGCTAGGT-1,LAM3,scRNA,program_2,0.06723567098379135
unrestricted_lam,LAM3:CCTACACTCACCACCT-1,LAM3,scRNA,program_2,0.17464414238929749
unrestricted_lam,LAM3:CCTATTAGTCTTCAAG-1,LAM3,scRNA,program_2,0.8461141586303711
unrestricted_lam,LAM3:CCTATTATCTCAACTT-1,LAM3,scRNA,program_2,0.7718302607536316
unrestricted_lam,LAM3:CCTCTGAAGCACCGTC-1,LAM3,scRNA,program_2,0.29917851090431213
unrestricted_lam,LAM3:CCTCTGAAGGTGCTTT-1,LAM3,scRNA,program_2,0.6662856936454773
unrestricted_lam,LAM3:CCTCTGAAGTTGAGAT-1,LAM3,scRNA,program_2,0.8322017788887024
unrestricted_lam,LAM3:CCTCTGATCCAAAGTC-1,LAM3,scRNA,program_2,0.12244376540184021
unrestricted_lam,LAM3:CCTTCCCAGTTAGCGG-1,LAM3,scRNA,program_2,0.3145391345024109
unrestricted_lam,LAM3:CCTTCCCCACATGTGT-1,LAM3,scRNA,program_2,0.5463060140609741
unrestricted_lam,LAM3:CCTTCGAAGTGACTCT-1,LAM3,scRNA,program_2,0.13976004719734192
unrestricted_lam,LAM3:CCTTCGAAGTGTCCCG-1,LAM3,scRNA,program_2,0.9536651372909546
unrestricted_lam,LAM3:CCTTCGACAAGAGGCT-1,LAM3,scRNA,program_2,0.12534336745738983
unrestricted_lam,LAM3:CGAACATCATACCATG-1,LAM3,scRNA,program_2,0.7948254942893982
unrestricted_lam,LAM3:CGAATGTTCTGAAAGA-1,LAM3,scRNA,program_2,0.20806436240673065
unrestricted_lam,LAM3:CGACCTTCATAGAAAC-1,LAM3,scRNA,program_2,0.13433749973773956
unrestricted_lam,LAM3:CGACTTCGTTGGTAAA-1,LAM3,scRNA,program_2,0.026683825999498367
unrestricted_lam,LAM3:CGAGCACGTAGCGCAA-1,LAM3,scRNA,program_2,0.6733881235122681
unrestricted_lam,LAM3:CGAGCCACAAGTAATG-1,LAM3,scRNA,program_2,0.021665425971150398
unrestricted_lam,LAM3:CGAGCCATCGCGGATC-1,LAM3,scRNA,program_2,0.8358672857284546
unrestricted_lam,LAM3:CGATCGGGTTCCGTCT-1,LAM3,scRNA,program_2,0.0634320080280304
unrestricted_lam,LAM3:CGATGGCAGTAAGTAC-1,LAM3,scRNA,program_2,0.07370625436306
unrestricted_lam,LAM3:CGATGGCTCAGCATGT-1,LAM3,scRNA,program_2,0.8690952062606812
unrestricted_lam,LAM3:CGATGTACATCACAAC-1,LAM3,scRNA,program_2,0.7808232307434082
unrestricted_lam,LAM3:CGATGTATCTTCGAGA-1,LAM3,scRNA,program_2,0.2822357714176178
unrestricted_lam,LAM3:CGCTGGAAGAATTCCC-1,LAM3,scRNA,program_2,0.7390605211257935
unrestricted_lam,LAM3:CGCTTCACAGCTGCTG-1,LAM3,scRNA,program_2,0.28821322321891785
unrestricted_lam,LAM3:CGCTTCATCGCACTCT-1,LAM3,scRNA,program_2,0.18440228700637817
unrestricted_lam,LAM3:CGGACGTCATACGCTA-1,LAM3,scRNA,program_2,0.8394264578819275
unrestricted_lam,LAM3:CGGAGCTAGAGGTTAT-1,LAM3,scRNA,program_2,0.2675926983356476
unrestricted_lam,LAM3:CGGGTCACACGTGAGA-1,LAM3,scRNA,program_2,0.19662314653396606
unrestricted_lam,LAM3:CGTCCATGTTGATTCG-1,LAM3,scRNA,program_2,0.10897423326969147
unrestricted_lam,LAM3:CGTGTAATCGGGAGTA-1,LAM3,scRNA,program_2,0.0016542843077331781
unrestricted_lam,LAM3:CGTGTCTAGCGTCTAT-1,LAM3,scRNA,program_2,0.10123191028833389
unrestricted_lam,LAM3:CGTGTCTTCAGTTCGA-1,LAM3,scRNA,program_2,0.04373639076948166
unrestricted_lam,LAM3:CGTTAGAGTACGACCC-1,LAM3,scRNA,program_2,0.9183467626571655
unrestricted_lam,LAM3:CGTTCTGCACGAGAGT-1,LAM3,scRNA,program_2,0.10395319759845734
unrestricted_lam,LAM3:CGTTGGGAGGTGACCA-1,LAM3,scRNA,program_2,0.15707232058048248
unrestricted_lam,LAM3:CTACACCAGATACACA-1,LAM3,scRNA,program_2,0.06701665371656418
unrestricted_lam,LAM3:CTACACCTCCACGAAT-1,LAM3,scRNA,program_2,0.8185137510299683
unrestricted_lam,LAM3:CTACACCTCCAGTAGT-1,LAM3,scRNA,program_2,0.24675461649894714
unrestricted_lam,LAM3:CTAGAGTGTAAGAGAG-1,LAM3,scRNA,program_2,0.9433034658432007
unrestricted_lam,LAM3:CTCATTACATCACGTA-1,LAM3,scRNA,program_2,0.3508751690387726
unrestricted_lam,LAM3:CTCCTAGTCGCGTAGC-1,LAM3,scRNA,program_2,0.03623151034116745
unrestricted_lam,LAM3:CTCGAGGAGGCTAGGT-1,LAM3,scRNA,program_2,0.24181659519672394
unrestricted_lam,LAM3:CTCGAGGTCCACGACG-1,LAM3,scRNA,program_2,0.33115261793136597
unrestricted_lam,LAM3:CTCGTACTCTGACCTC-1,LAM3,scRNA,program_2,0.9256606698036194
unrestricted_lam,LAM3:CTCGTCATCGCGATCG-1,LAM3,scRNA,program_2,0.15069688856601715
unrestricted_lam,LAM3:CTCTACGCAAACCCAT-1,LAM3,scRNA,program_2,0.08482161164283752
unrestricted_lam,LAM3:CTCTGGTAGTGGGCTA-1,LAM3,scRNA,program_2,0.27944308519363403
unrestricted_lam,LAM3:CTCTGGTCAAGCCGTC-1,LAM3,scRNA,program_2,0.03676440194249153
unrestricted_lam,LAM3:CTGAAACCACGGTTTA-1,LAM3,scRNA,program_2,0.6590567827224731
unrestricted_lam,LAM3:CTGAAACTCTTGCCGT-1,LAM3,scRNA,program_2,0.2793203592300415
unrestricted_lam,LAM3:CTGCTGTAGCGTGTCC-1,LAM3,scRNA,program_2,0.8391103148460388
unrestricted_lam,LAM3:CTGCTGTAGCGTTGCC-1,LAM3,scRNA,program_2,0.0
unrestricted_lam,LAM3:CTGCTGTTCGGATGTT-1,LAM3,scRNA,program_2,0.32063519954681396
unrestricted_lam,LAM3:CTGCTGTTCTGTTGAG-1,LAM3,scRNA,program_2,0.07831817865371704
unrestricted_lam,LAM3:CTGTTTACACTTCTGC-1,LAM3,scRNA,program_2,0.7356252074241638
unrestricted_lam,LAM3:CTGTTTATCGCGTTTC-1,LAM3,scRNA,program_2,0.41687995195388794
unrestricted_lam,LAM3:CTTAACTGTGGTACAG-1,LAM3,scRNA,program_2,0.6704047918319702
unrestricted_lam,LAM3:CTTACCGCACCAACCG-1,LAM3,scRNA,program_2,0.13909412920475006
unrestricted_lam,LAM3:CTTACCGCACTAGTAC-1,LAM3,scRNA,program_2,0.18772166967391968
unrestricted_lam,LAM3:CTTCTCTCACAACTGT-1,LAM3,scRNA,program_2,0.2773611843585968
unrestricted_lam,LAM3:CTTCTCTCACAGAGGT-1,LAM3,scRNA,program_2,0.6915759444236755
unrestricted_lam,LAM3:CTTGGCTGTCGAACAG-1,LAM3,scRNA,program_2,0.15686176717281342
unrestricted_lam,LAM3:GAAACTCCAGCTGCTG-1,LAM3,scRNA,program_2,0.05178515985608101
unrestricted_lam,LAM3:GAACCTAAGAACAACT-1,LAM3,scRNA,program_2,0.7598227262496948
unrestricted_lam,LAM3:GAACCTATCCCTGACT-1,LAM3,scRNA,program_2,0.20019517838954926
unrestricted_lam,LAM3:GAAGCAGCACCGATAT-1,LAM3,scRNA,program_2,0.8714612722396851
unrestricted_lam,LAM3:GACACGCCATGTCCTC-1,LAM3,scRNA,program_2,0.13074737787246704
unrestricted_lam,LAM3:GACACGCGTACCGTAT-1,LAM3,scRNA,program_2,0.3443807065486908
unrestricted_lam,LAM3:GACACGCGTTACCAGT-1,LAM3,scRNA,program_2,0.76531583070755
unrestricted_lam,LAM3:GACAGAGTCACATACG-1,LAM3,scRNA,program_2,0.8122309446334839
unrestricted_lam,LAM3:GACCAATGTATGGTTC-1,LAM3,scRNA,program_2,0.2222496122121811
unrestricted_lam,LAM3:GACCTGGCAGCTTCGG-1,LAM3,scRNA,program_2,0.7999861836433411
unrestricted_lam,LAM3:GACGTGCAGTGGACGT-1,LAM3,scRNA,program_2,0.08678819239139557
unrestricted_lam,LAM3:GACTACACAGCTGTTA-1,LAM3,scRNA,program_2,0.7771474719047546
unrestricted_lam,LAM3:GACTACATCACAGGCC-1,LAM3,scRNA,program_2,0.12240632623434067
unrestricted_lam,LAM3:GAGTCCGCATCCTTGC-1,LAM3,scRNA,program_2,0.7217375040054321
unrestricted_lam,LAM3:GATCGATAGCAATATG-1,LAM3,scRNA,program_2,0.411361962556839
unrestricted_lam,LAM3:GATCGATTCTACGAGT-1,LAM3,scRNA,program_2,0.8303696513175964
unrestricted_lam,LAM3:GATCGCGCAGTCAGAG-1,LAM3,scRNA,program_2,0.12354832142591476
unrestricted_lam,LAM3:GATCGCGCATCTCGCT-1,LAM3,scRNA,program_2,0.003443855792284012
unrestricted_lam,LAM3:GATCGCGTCCTTCAAT-1,LAM3,scRNA,program_2,0.11866038292646408
unrestricted_lam,LAM3:GATCGTAAGAATCTCC-1,LAM3,scRNA,program_2,0.37934502959251404
unrestricted_lam,LAM3:GATCGTACACAACGTT-1,LAM3,scRNA,program_2,0.14789140224456787
unrestricted_lam,LAM3:GATCGTAGTGTTAAGA-1,LAM3,scRNA,program_2,0.7564646601676941
unrestricted_lam,LAM3:GATCTAGAGAAGGGTA-1,LAM3,scRNA,program_2,0.3023039400577545
unrestricted_lam,LAM3:GATGCTACACAGAGGT-1,LAM3,scRNA,program_2,0.0628957748413086
unrestricted_lam,LAM3:GATTCAGAGCGTCTAT-1,LAM3,scRNA,program_2,0.6911575198173523
unrestricted_lam,LAM3:GATTCAGAGGGCTTGA-1,LAM3,scRNA,program_2,0.061675313860177994
unrestricted_lam,LAM3:GCAATCAAGTCCCACG-1,LAM3,scRNA,program_2,0.2816315293312073
unrestricted_lam,LAM3:GCACATAAGACTGGGT-1,LAM3,scRNA,program_2,0.7268041372299194
unrestricted_lam,LAM3:GCAGTTATCCTGCAGG-1,LAM3,scRNA,program_2,0.12590192258358002
unrestricted_lam,LAM3:GCATACAAGCGACGTA-1,LAM3,scRNA,program_2,0.8151247501373291
unrestricted_lam,LAM3:GCATACAAGTAAGTAC-1,LAM3,scRNA,program_2,0.7966082692146301
unrestricted_lam,LAM3:GCATACAGTCTAGCGC-1,LAM3,scRNA,program_2,0.728361189365387
unrestricted_lam,LAM3:GCATGCGAGCACGCCT-1,LAM3,scRNA,program_2,0.027077510952949524
unrestricted_lam,LAM3:GCATGCGCACACATGT-1,LAM3,scRNA,program_2,0.782463014125824
unrestricted_lam,LAM3:GCCAAATAGAATTGTG-1,LAM3,scRNA,program_2,0.01713956892490387
unrestricted_lam,LAM3:GCCAAATAGCTGCGAA-1,LAM3,scRNA,program_2,0.10707554966211319
unrestricted_lam,LAM3:GCCAAATGTAGCGTCC-1,LAM3,scRNA,program_2,0.8085179328918457
unrestricted_lam,LAM3:GCCTCTAAGTGTACCT-1,LAM3,scRNA,program_2,0.15820328891277313
unrestricted_lam,LAM3:GCGAGAAAGTACATGA-1,LAM3,scRNA,program_2,0.706317663192749
unrestricted_lam,LAM3:GCGAGAAGTGTAACGG-1,LAM3,scRNA,program_2,0.8377488851547241
unrestricted_lam,LAM3:GCGCAACTCTTTACAC-1,LAM3,scRNA,program_2,0.0
unrestricted_lam,LAM3:GCGCAGTCAAACGCGA-1,LAM3,scRNA,program_2,0.6826682090759277
unrestricted_lam,LAM3:GCGGGTTGTAGCCTCG-1,LAM3,scRNA,program_2,0.10561542212963104
unrestricted_lam,LAM3:GCTCCTAAGCTGAAAT-1,LAM3,scRNA,program_2,0.5438516139984131
unrestricted_lam,LAM3:GCTGCAGAGACTAAGT-1,LAM3,scRNA,program_2,0.5171000361442566
unrestricted_lam,LAM3:GCTGCTTGTAGGAGTC-1,LAM3,scRNA,program_2,0.8509423732757568
unrestricted_lam,LAM3:GCTTGAAAGTGGTAGC-1,LAM3,scRNA,program_2,0.8729634284973145
unrestricted_lam,LAM3:GCTTGAATCGTACCGG-1,LAM3,scRNA,program_2,0.3815935552120209
unrestricted_lam,LAM3:GGAATAAGTAGCTGCC-1,LAM3,scRNA,program_2,0.21084539592266083
unrestricted_lam,LAM3:GGACAGACAAGAAGAG-1,LAM3,scRNA,program_2,0.1551104635000229
unrestricted_lam,LAM3:GGACAGACATGTAAGA-1,LAM3,scRNA,program_2,0.13635896146297455
unrestricted_lam,LAM3:GGACATTGTTCCACAA-1,LAM3,scRNA,program_2,0.048088010400533676
unrestricted_lam,LAM3:GGACATTTCCACGTTC-1,LAM3,scRNA,program_2,0.11918208003044128
unrestricted_lam,LAM3:GGAGCAAAGTCCGTAT-1,LAM3,scRNA,program_2,0.4958297312259674
unrestricted_lam,LAM3:GGATGTTAGAGGTTGC-1,LAM3,scRNA,program_2,0.006387985777109861
unrestricted_lam,LAM3:GGATGTTAGCCGTCGT-1,LAM3,scRNA,program_2,0.1614084541797638
unrestricted_lam,LAM3:GGATGTTGTCGACTGC-1,LAM3,scRNA,program_2,0.6367326974868774
unrestricted_lam,LAM3:GGATGTTTCGCAAGCC-1,LAM3,scRNA,program_2,0.3533867299556732
unrestricted_lam,LAM3:GGATTACGTAGCTCCG-1,LAM3,scRNA,program_2,0.7666369080543518
unrestricted_lam,LAM3:GGCCGATTCTTCCTTC-1,LAM3,scRNA,program_2,0.0683789849281311
unrestricted_lam,LAM3:GGGAGATCAGTAAGAT-1,LAM3,scRNA,program_2,0.2933720052242279
unrestricted_lam,LAM3:GGGCATCCAGCCTTTC-1,LAM3,scRNA,program_2,0.22036226093769073
unrestricted_lam,LAM3:GGTGAAGTCGGAAATA-1,LAM3,scRNA,program_2,0.23855769634246826
unrestricted_lam,LAM3:GGTGCGTCACCTTGTC-1,LAM3,scRNA,program_2,0.8374829888343811
unrestricted_lam,LAM3:GGTGCGTTCACGATGT-1,LAM3,scRNA,program_2,0.04293070733547211
unrestricted_lam,LAM3:GGTGTTAGTTTGCATG-1,LAM3,scRNA,program_2,0.42833971977233887
unrestricted_lam,LAM3:GTAACTGTCTGTCCGT-1,LAM3,scRNA,program_2,0.07017050683498383
unrestricted_lam,LAM3:GTAGGCCGTTCAGACT-1,LAM3,scRNA,program_2,0.13673096895217896
unrestricted_lam,LAM3:GTAGTCATCTCCAACC-1,LAM3,scRNA,program_2,0.2000635266304016
unrestricted_lam,LAM3:GTATCTTTCACGAAGG-1,LAM3,scRNA,program_2,0.14897659420967102
unrestricted_lam,LAM3:GTATTCTCAGCTCCGA-1,LAM3,scRNA,program_2,0.3842579126358032
unrestricted_lam,LAM3:GTCACGGCATCCTTGC-1,LAM3,scRNA,program_2,0.8141767978668213
unrestricted_lam,LAM3:GTCACGGGTTAAGTAG-1,LAM3,scRNA,program_2,0.0687771663069725
unrestricted_lam,LAM3:GTCATTTGTCGGGTCT-1,LAM3,scRNA,program_2,0.2740945816040039
unrestricted_lam,LAM3:GTCATTTGTCTTCTCG-1,LAM3,scRNA,program_2,0.7579361200332642
unrestricted_lam,LAM3:GTCCTCATCACGGTTA-1,LAM3,scRNA,program_2,0.05693141371011734
unrestricted_lam,LAM3:GTCGTAATCAAGGTAA-1,LAM3,scRNA,program_2,0.11780351400375366
unrestricted_lam,LAM3:GTCTCGTCACTAGTAC-1,LAM3,scRNA,program_2,0.021212967112660408
unrestricted_lam,LAM3:GTCTTCGTCCTTCAAT-1,LAM3,scRNA,program_2,0.9287512302398682
unrestricted_lam,LAM3:GTGCAGCAGCTGAACG-1,LAM3,scRNA,program_2,0.7406814098358154
unrestricted_lam,LAM3:GTGCGGTGTAGCAAAT-1,LAM3,scRNA,program_2,0.6275444626808167
unrestricted_lam,LAM3:GTGCGGTGTTTGGGCC-1,LAM3,scRNA,program_2,0.7955220341682434
unrestricted_lam,LAM3:GTGGGTCTCAACTCTT-1,LAM3,scRNA,program_2,0.1554964780807495
unrestricted_lam,LAM3:GTTAAGCAGTACATGA-1,LAM3,scRNA,program_2,0.0
unrestricted_lam,LAM3:GTTCTCGCATGCATGT-1,LAM3,scRNA,program_2,0.41255316138267517
unrestricted_lam,LAM3:TAAGTGCTCCAGATCA-1,LAM3,scRNA,program_2,0.16645711660385132
unrestricted_lam,LAM3:TACAGTGGTGGCGAAT-1,LAM3,scRNA,program_2,0.8117092251777649
unrestricted_lam,LAM3:TACCTATTCGGCGCAT-1,LAM3,scRNA,program_2,0.04431270435452461
unrestricted_lam,LAM3:TACGGATAGGTGCACA-1,LAM3,scRNA,program_2,0.44773736596107483
unrestricted_lam,LAM3:TACTCGCGTGTCAATC-1,LAM3,scRNA,program_2,0.8495596051216125
unrestricted_lam,LAM3:TAGACCACAGACGCTC-1,LAM3,scRNA,program_2,0.15835101902484894
unrestricted_lam,LAM3:TAGACCAGTAGGAGTC-1,LAM3,scRNA,program_2,0.0202335137873888
unrestricted_lam,LAM3:TAGAGCTAGTTAGCGG-1,LAM3,scRNA,program_2,0.22577637434005737
unrestricted_lam,LAM3:TAGGCATTCGCCCTTA-1,LAM3,scRNA,program_2,0.13735701143741608
unrestricted_lam,LAM3:TAGTTGGAGTGGGATC-1,LAM3,scRNA,program_2,0.10282010585069656
unrestricted_lam,LAM3:TAGTTGGCAATGTAAG-1,LAM3,scRNA,program_2,0.862947940826416
unrestricted_lam,LAM3:TATCTCAAGGAATGGA-1,LAM3,scRNA,program_2,0.026813143864274025
unrestricted_lam,LAM3:TATCTCAGTCTTGATG-1,LAM3,scRNA,program_2,0.20638792216777802
unrestricted_lam,LAM3:TATGCCCCAACGATGG-1,LAM3,scRNA,program_2,0.14450033009052277
unrestricted_lam,LAM3:TCAACGAAGACCACGA-1,LAM3,scRNA,program_2,0.23527555167675018
unrestricted_lam,LAM3:TCAATCTCACATCTTT-1,LAM3,scRNA,program_2,0.08884360641241074
unrestricted_lam,LAM3:TCAATCTTCGGATGTT-1,LAM3,scRNA,program_2,0.6778641939163208
unrestricted_lam,LAM3:TCACAAGGTTCCACTC-1,LAM3,scRNA,program_2,0.8752008080482483
unrestricted_lam,LAM3:TCACAAGTCACCCGAG-1,LAM3,scRNA,program_2,0.0926508978009224
unrestricted_lam,LAM3:TCAGCAATCCGTCATC-1,LAM3,scRNA,program_2,0.08642026036977768
unrestricted_lam,LAM3:TCAGCTCAGATGTAAC-1,LAM3,scRNA,program_2,0.36229774355888367
unrestricted_lam,LAM3:TCAGCTCCAGGTCCAC-1,LAM3,scRNA,program_2,0.26887211203575134
unrestricted_lam,LAM3:TCAGGATCAGCCTTGG-1,LAM3,scRNA,program_2,0.31400302052497864
unrestricted_lam,LAM3:TCAGGTAAGAAACCGC-1,LAM3,scRNA,program_2,0.3896148204803467
unrestricted_lam,LAM3:TCAGGTACAGCCAGAA-1,LAM3,scRNA,program_2,0.39488619565963745
unrestricted_lam,LAM3:TCAGGTATCCCTCTTT-1,LAM3,scRNA,program_2,0.14969080686569214
unrestricted_lam,LAM3:TCATTACAGGTGATTA-1,LAM3,scRNA,program_2,0.7841837406158447
unrestricted_lam,LAM3:TCATTACCATCGGAAG-1,LAM3,scRNA,program_2,0.7478853464126587
unrestricted_lam,LAM3:TCCACACAGCTGCCCA-1,LAM3,scRNA,program_2,0.5427807569503784
unrestricted_lam,LAM3:TCGAGGCCAGGGCATA-1,LAM3,scRNA,program_2,0.14960390329360962
unrestricted_lam,LAM3:TCGTACCGTAATCGTC-1,LAM3,scRNA,program_2,0.10225623100996017
unrestricted_lam,LAM3:TCGTACCGTAGTGAAT-1,LAM3,scRNA,program_2,0.053640902042388916
unrestricted_lam,LAM3:TCGTACCTCACAATGC-1,LAM3,scRNA,program_2,0.7915682196617126
unrestricted_lam,LAM3:TCTCATAAGGCTCAGA-1,LAM3,scRNA,program_2,0.6703672409057617
unrestricted_lam,LAM3:TCTCATATCGACGGAA-1,LAM3,scRNA,program_2,0.8945838212966919
unrestricted_lam,LAM3:TCTCTAACACACATGT-1,LAM3,scRNA,program_2,0.125951886177063
unrestricted_lam,LAM3:TCTCTAATCGCATGGC-1,LAM3,scRNA,program_2,0.1991683542728424
unrestricted_lam,LAM3:TCTGAGACACAGCCCA-1,LAM3,scRNA,program_2,0.4635084271430969
unrestricted_lam,LAM3:TCTGAGATCCCGACTT-1,LAM3,scRNA,program_2,0.13521230220794678
unrestricted_lam,LAM3:TCTGAGATCTGCTGCT-1,LAM3,scRNA,program_2,0.05951765552163124
unrestricted_lam,LAM3:TCTTCGGAGAGTGACC-1,LAM3,scRNA,program_2,0.8091356754302979
unrestricted_lam,LAM3:TGAAAGAAGCGATGAC-1,LAM3,scRNA,program_2,0.13940516114234924
unrestricted_lam,LAM3:TGACAACCATTCCTCG-1,LAM3,scRNA,program_2,0.8873081803321838
unrestricted_lam,LAM3:TGACGGCAGCTGGAAC-1,LAM3,scRNA,program_2,0.12641029059886932
unrestricted_lam,LAM3:TGACGGCAGGCATGTG-1,LAM3,scRNA,program_2,0.0
unrestricted_lam,LAM3:TGACGGCGTCAAAGCG-1,LAM3,scRNA,program_2,0.8823322057723999
unrestricted_lam,LAM3:TGACGGCGTTCGTTGA-1,LAM3,scRNA,program_2,0.13803358376026154
unrestricted_lam,LAM3:TGACTAGGTCCAGTTA-1,LAM3,scRNA,program_2,0.1291295886039734
unrestricted_lam,LAM3:TGACTTTAGTGGAGTC-1,LAM3,scRNA,program_2,0.4252386689186096
unrestricted_lam,LAM3:TGACTTTGTTCGCGAC-1,LAM3,scRNA,program_2,0.7851451635360718
unrestricted_lam,LAM3:TGAGAGGCAGTCTTCC-1,LAM3,scRNA,program_2,0.3278150260448456
unrestricted_lam,LAM3:TGAGAGGTCACGATGT-1,LAM3,scRNA,program_2,0.370910108089447
unrestricted_lam,LAM3:TGAGGGAAGTACGTTC-1,LAM3,scRNA,program_2,0.9708486199378967
unrestricted_lam,LAM3:TGCCAAACAGATCCAT-1,LAM3,scRNA,program_2,0.8186677694320679
unrestricted_lam,LAM3:TGCCAAATCCAAGCCG-1,LAM3,scRNA,program_2,0.007960646413266659
unrestricted_lam,LAM3:TGCGCAGTCGGCTACG-1,LAM3,scRNA,program_2,0.06390798836946487
unrestricted_lam,LAM3:TGCGGGTGTCTCTTTA-1,LAM3,scRNA,program_2,0.37011197209358215
unrestricted_lam,LAM3:TGCGTGGTCTAGCACA-1,LAM3,scRNA,program_2,0.8415260314941406
unrestricted_lam,LAM3:TGCTACCGTCGTTGTA-1,LAM3,scRNA,program_2,0.06693313270807266
unrestricted_lam,LAM3:TGCTGCTAGCATGGCA-1,LAM3,scRNA,program_2,0.014299839735031128
unrestricted_lam,LAM3:TGGACGCCAATGTTGC-1,LAM3,scRNA,program_2,0.7419871091842651
unrestricted_lam,LAM3:TGGACGCCATGACATC-1,LAM3,scRNA,program_2,0.11205969750881195
unrestricted_lam,LAM3:TGGACGCGTAGCGCAA-1,LAM3,scRNA,program_2,0.2704296410083771
unrestricted_lam,LAM3:TGGCCAGCACAGGAGT-1,LAM3,scRNA,program_2,0.0698540210723877
unrestricted_lam,LAM3:TGGCTGGAGGCGATAC-1,LAM3,scRNA,program_2,0.11075863987207413
unrestricted_lam,LAM3:TGGCTGGCACCGAATT-1,LAM3,scRNA,program_2,0.4940221607685089
unrestricted_lam,LAM3:TGGGCGTTCAACCAAC-1,LAM3,scRNA,program_2,0.15733444690704346
unrestricted_lam,LAM3:TGGTTAGCAAACAACA-1,LAM3,scRNA,program_2,0.0
unrestricted_lam,LAM3:TGGTTAGTCTCGATGA-1,LAM3,scRNA,program_2,0.8240575194358826
unrestricted_lam,LAM3:TGTGTTTTCCATGAAC-1,LAM3,scRNA,program_2,0.799111545085907
unrestricted_lam,LAM3:TGTGTTTTCCCATTTA-1,LAM3,scRNA,program_2,0.17128726840019226
unrestricted_lam,LAM3:TGTTCCGAGCCGATTT-1,LAM3,scRNA,program_2,0.12199113517999649
unrestricted_lam,LAM3:TGTTCCGCATGCAACT-1,LAM3,scRNA,program_2,0.40293005108833313
unrestricted_lam,LAM3:TGTTCCGGTCCGAATT-1,LAM3,scRNA,program_2,0.14585305750370026
unrestricted_lam,LAM3:TGTTCCGGTCCGTCAG-1,LAM3,scRNA,program_2,0.08591736108064651
unrestricted_lam,LAM3:TTAGGCAGTACCGTAT-1,LAM3,scRNA,program_2,0.179062619805336
unrestricted_lam,LAM3:TTATGCTAGTGATCGG-1,LAM3,scRNA,program_2,0.1850687712430954
unrestricted_lam,LAM3:TTATGCTGTCAGAGGT-1,LAM3,scRNA,program_2,0.18506428599357605
unrestricted_lam,LAM3:TTCCCAGGTCAGAAGC-1,LAM3,scRNA,program_2,0.21513374149799347
unrestricted_lam,LAM3:TTCCCAGGTGGAAAGA-1,LAM3,scRNA,program_2,0.1108444556593895
unrestricted_lam,LAM3:TTCTACATCACCACCT-1,LAM3,scRNA,program_2,0.23958264291286469
unrestricted_lam,LAM3:TTCTCCTTCAACGAAA-1,LAM3,scRNA,program_2,0.05590036138892174
unrestricted_lam,LAM3:TTCTTAGGTCTCTCTG-1,LAM3,scRNA,program_2,0.6661226153373718
unrestricted_lam,LAM3:TTGAACGAGAATGTGT-1,LAM3,scRNA,program_2,0.06306960433721542
unrestricted_lam,LAM3:TTGAACGAGTGCGATG-1,LAM3,scRNA,program_2,0.3951636850833893
unrestricted_lam,LAM3:TTGACTTCACTGAAGG-1,LAM3,scRNA,program_2,0.9131516218185425
unrestricted_lam,LAM3:TTGACTTCAGCCTTTC-1,LAM3,scRNA,program_2,0.7567545771598816
unrestricted_lam,LAM3:TTGCGTCTCCGAAGAG-1,LAM3,scRNA,program_2,0.1219942569732666
unrestricted_lam,LAM3:TTTACTGAGATACACA-1,LAM3,scRNA,program_2,0.0
unrestricted_lam,LAM3:TTTATGCTCCGAAGAG-1,LAM3,scRNA,program_2,0.41607436537742615
unrestricted_lam,LAM3:TTTGCGCGTACATCCA-1,LAM3,scRNA,program_2,0.13027045130729675
unrestricted_lam,LAM4:AACTCAGGTCCAGTAT-1,LAM4,snRNA,program_2,0.042715877294540405
unrestricted_lam,LAM4:AACTCAGGTGAGTGAC-1,LAM4,snRNA,program_2,0.14249390363693237
unrestricted_lam,LAM4:ACAGCTAAGCAGACTG-1,LAM4,snRNA,program_2,0.1328860968351364
unrestricted_lam,LAM4:ACATGGTTCTTCATGT-1,LAM4,snRNA,program_2,0.12296880781650543
unrestricted_lam,LAM4:ACGAGCCCACCTGGTG-1,LAM4,snRNA,program_2,0.029234325513243675
unrestricted_lam,LAM4:ACGAGGAAGACACGAC-1,LAM4,snRNA,program_2,0.20148997008800507
unrestricted_lam,LAM4:ACGATGTTCTAACGGT-1,LAM4,snRNA,program_2,0.12550292909145355
unrestricted_lam,LAM4:ACTTGTTAGGAGTAGA-1,LAM4,snRNA,program_2,0.7886874079704285
unrestricted_lam,LAM4:AGGTCATGTAAGGGAA-1,LAM4,snRNA,program_2,0.1276969164609909
unrestricted_lam,LAM4:ATAAGAGCAAGTACCT-1,LAM4,snRNA,program_2,0.08182643353939056
unrestricted_lam,LAM4:ATAGACCAGTTCCACA-1,LAM4,snRNA,program_2,0.1933889091014862
unrestricted_lam,LAM4:CAACCAAGTACATCCA-1,LAM4,snRNA,program_2,0.004684263840317726
unrestricted_lam,LAM4:CACACCTAGCAAATCA-1,LAM4,snRNA,program_2,0.13265950977802277
unrestricted_lam,LAM4:CACAGTATCGCCTGTT-1,LAM4,snRNA,program_2,0.1298048198223114
unrestricted_lam,LAM4:CACCAGGAGATAGTCA-1,LAM4,snRNA,program_2,0.13591817021369934
unrestricted_lam,LAM4:CATTCGCAGGCAAAGA-1,LAM4,snRNA,program_2,0.1398056149482727
unrestricted_lam,LAM4:CCACGGAGTAGAGCTG-1,LAM4,snRNA,program_2,0.04721884801983833
unrestricted_lam,LAM4:CCGTTCAAGACTAGAT-1,LAM4,snRNA,program_2,0.020787477493286133
unrestricted_lam,LAM4:CCGTTCACAGACGTAG-1,LAM4,snRNA,program_2,0.0
unrestricted_lam,LAM4:CCGTTCATCTACTTAC-1,LAM4,snRNA,program_2,0.09535161405801773
unrestricted_lam,LAM4:CCTTCGAGTGTCAATC-1,LAM4,snRNA,program_2,0.13270214200019836
unrestricted_lam,LAM4:CCTTTCTCAATGGTCT-1,LAM4,snRNA,program_2,0.021876376122236252
unrestricted_lam,LAM4:CGACTTCGTAAGTGTA-1,LAM4,snRNA,program_2,0.10327481478452682
unrestricted_lam,LAM4:CGAGCACCAGGTGGAT-1,LAM4,snRNA,program_2,0.0035427154507488012
unrestricted_lam,LAM4:CGTAGCGAGGTAGCTG-1,LAM4,snRNA,program_2,0.16321024298667908
unrestricted_lam,LAM4:CGTAGGCTCGCCCTTA-1,LAM4,snRNA,program_2,0.290964275598526
unrestricted_lam,LAM4:CGTGTAACATGGTTGT-1,LAM4,snRNA,program_2,0.014204720966517925
unrestricted_lam,LAM4:CGTGTAATCATCACCC-1,LAM4,snRNA,program_2,0.32374894618988037
unrestricted_lam,LAM4:CTAAGACAGGACCACA-1,LAM4,snRNA,program_2,0.24713486433029175
unrestricted_lam,LAM4:CTACGTCGTGTTCGAT-1,LAM4,snRNA,program_2,0.8227053880691528
unrestricted_lam,LAM4:CTGCGGATCTCTGCTG-1,LAM4,snRNA,program_2,0.18940292298793793
unrestricted_lam,LAM4:CTTGGCTCAATCGAAA-1,LAM4,snRNA,program_2,0.20102718472480774
unrestricted_lam,LAM4:GAACATCAGAGCTGCA-1,LAM4,snRNA,program_2,0.20266729593276978
unrestricted_lam,LAM4:GAACCTATCCTTGCCA-1,LAM4,snRNA,program_2,0.032328758388757706
unrestricted_lam,LAM4:GACGCGTAGTGGAGTC-1,LAM4,snRNA,program_2,0.07894214242696762
unrestricted_lam,LAM4:GATCAGTAGTTCCACA-1,LAM4,snRNA,program_2,0.14416244626045227
unrestricted_lam,LAM4:GATGAGGCACATGGGA-1,LAM4,snRNA,program_2,0.008005425333976746
unrestricted_lam,LAM4:GCGAGAAAGAGTCGGT-1,LAM4,snRNA,program_2,0.16438111662864685
unrestricted_lam,LAM4:GCGCAGTAGTACGACG-1,LAM4,snRNA,program_2,0.0651770681142807
unrestricted_lam,LAM4:GCTCCTAGTGATGATA-1,LAM4,snRNA,program_2,0.13728970289230347
unrestricted_lam,LAM4:GCTGCAGCAGTATGCT-1,LAM4,snRNA,program_2,0.1572706699371338
unrestricted_lam,LAM4:GGAAAGCCACAAGTAA-1,LAM4,snRNA,program_2,0.1444898098707199
unrestricted_lam,LAM4:GGAAAGCCACCCATTC-1,LAM4,snRNA,program_2,0.11863186210393906
unrestricted_lam,LAM4:GGATTACGTCGAACAG-1,LAM4,snRNA,program_2,0.14892196655273438
unrestricted_lam,LAM4:GGCGTGTAGAAACGCC-1,LAM4,snRNA,program_2,0.25157153606414795
unrestricted_lam,LAM4:GGTGCGTGTGGCCCTA-1,LAM4,snRNA,program_2,0.33814001083374023
unrestricted_lam,LAM4:GTACTCCGTCAGAAGC-1,LAM4,snRNA,program_2,0.11980397999286652
unrestricted_lam,LAM4:GTAGGCCGTTGCGCAC-1,LAM4,snRNA,program_2,0.03815070167183876
unrestricted_lam,LAM4:GTCGGGTCAATCACAC-1,LAM4,snRNA,program_2,0.07721437513828278
unrestricted_lam,LAM4:GTCTCGTCAGGGTACA-1,LAM4,snRNA,program_2,0.042212218046188354
unrestricted_lam,LAM4:GTGCAGCCACTTCGAA-1,LAM4,snRNA,program_2,0.1658424288034439
unrestricted_lam,LAM4:GTGTGCGCATCACCCT-1,LAM4,snRNA,program_2,0.12791991233825684
unrestricted_lam,LAM4:TAAACCGAGCTATGCT-1,LAM4,snRNA,program_2,0.16773448884487152
unrestricted_lam,LAM4:TAAACCGTCCTGCCAT-1,LAM4,snRNA,program_2,0.142119362950325
unrestricted_lam,LAM4:TACCTTATCAGTCAGT-1,LAM4,snRNA,program_2,0.7399930953979492
unrestricted_lam,LAM4:TCACAAGCAATAGAGT-1,LAM4,snRNA,program_2,0.0010778210125863552
unrestricted_lam,LAM4:TCAGATGGTGCACGAA-1,LAM4,snRNA,program_2,0.1303863376379013
unrestricted_lam,LAM4:TCAGCAAAGCGGCTTC-1,LAM4,snRNA,program_2,0.11028727889060974
unrestricted_lam,LAM4:TCCACACGTTAAGTAG-1,LAM4,snRNA,program_2,0.33810076117515564
unrestricted_lam,LAM4:TCCCGATGTATAGGGC-1,LAM4,snRNA,program_2,0.008773762732744217
unrestricted_lam,LAM4:TGACTAGTCGCATGGC-1,LAM4,snRNA,program_2,0.05321205407381058
unrestricted_lam,LAM4:TGAGGGAAGTCGCCGT-1,LAM4,snRNA,program_2,0.0167707446962595
unrestricted_lam,LAM4:TGCTGCTCAAGTAGTA-1,LAM4,snRNA,program_2,0.0485539510846138
unrestricted_lam,LAM4:TGCTGCTTCGCCGTGA-1,LAM4,snRNA,program_2,0.0
unrestricted_lam,LAM4:TGGACGCAGCGTTCCG-1,LAM4,snRNA,program_2,0.1817084699869156
unrestricted_lam,LAM4:TGGGAAGCAAGGACAC-1,LAM4,snRNA,program_2,0.11145555973052979
unrestricted_lam,LAM4:TGGTTCCCATCCTAGA-1,LAM4,snRNA,program_2,0.10420160740613937
unrestricted_lam,LAM4:TGTGTTTGTTCAGCGC-1,LAM4,snRNA,program_2,0.10898688435554504
unrestricted_lam,LAM4:TTATGCTAGGGTATCG-1,LAM4,snRNA,program_2,0.13892658054828644
unrestricted_lam,LAM4:TTATGCTCATAAGACA-1,LAM4,snRNA,program_2,0.0
unrestricted_lam,LAM4:TTCCCAGTCCTAAGTG-1,LAM4,snRNA,program_2,0.04339437931776047
unrestricted_lam,LAM4:TTTATGCAGACTCGGA-1,LAM4,snRNA,program_2,0.10603906214237213
unrestricted_lam,LAM4:TTTATGCGTCTAGGTT-1,LAM4,snRNA,program_2,0.11621781438589096
unrestricted_lam,LAM1:AAACCTGCATGTTGAC-1,LAM1,scRNA,program_3,0.0027769117150455713
unrestricted_lam,LAM1:AAACCTGGTCGTGGCT-1,LAM1,scRNA,program_3,0.054820720106363297
unrestricted_lam,LAM1:AACACGTGTGTTCTTT-1,LAM1,scRNA,program_3,0.5064396858215332
unrestricted_lam,LAM1:AACACGTTCTTACCTA-1,LAM1,scRNA,program_3,0.0
unrestricted_lam,LAM1:AACCATGGTAACGTTC-1,LAM1,scRNA,program_3,0.09640559554100037
unrestricted_lam,LAM1:AACCATGGTGTGACCC-1,LAM1,scRNA,program_3,0.023644769564270973
unrestricted_lam,LAM1:AACGTTGCAGCGTAAG-1,LAM1,scRNA,program_3,0.0032643629238009453
unrestricted_lam,LAM1:AACTCAGTCTTGTATC-1,LAM1,scRNA,program_3,0.08001641184091568
unrestricted_lam,LAM1:AACTCCCAGAGACTTA-1,LAM1,scRNA,program_3,0.4304889738559723
unrestricted_lam,LAM1:AACTTTCGTACCATCA-1,LAM1,scRNA,program_3,0.5211973786354065
unrestricted_lam,LAM1:AAGCCGCCAGTACACT-1,LAM1,scRNA,program_3,0.0
unrestricted_lam,LAM1:AAGCCGCTCTTCGAGA-1,LAM1,scRNA,program_3,0.33206987380981445
unrestricted_lam,LAM1:AAGGAGCGTTGAACTC-1,LAM1,scRNA,program_3,0.0357993058860302
unrestricted_lam,LAM1:AAGGCAGTCGGAATCT-1,LAM1,scRNA,program_3,0.016912732273340225
unrestricted_lam,LAM1:ACACCAATCAACACCA-1,LAM1,scRNA,program_3,0.0
unrestricted_lam,LAM1:ACACCGGCAGGGTTAG-1,LAM1,scRNA,program_3,0.08253459632396698
unrestricted_lam,LAM1:ACACCGGGTGACGGTA-1,LAM1,scRNA,program_3,0.053384531289339066
unrestricted_lam,LAM1:ACACCGGTCCACGAAT-1,LAM1,scRNA,program_3,0.09444510191679001
unrestricted_lam,LAM1:ACAGCTACATGCTAGT-1,LAM1,scRNA,program_3,0.0
unrestricted_lam,LAM1:ACATCAGTCGCCTGTT-1,LAM1,scRNA,program_3,0.13399623334407806
unrestricted_lam,LAM1:ACCGTAAGTAGCTAAA-1,LAM1,scRNA,program_3,0.44823262095451355
unrestricted_lam,LAM1:ACCTTTATCCCTAATT-1,LAM1,scRNA,program_3,0.4898696839809418
unrestricted_lam,LAM1:ACGCCAGTCTCGATGA-1,LAM1,scRNA,program_3,0.6019097566604614
unrestricted_lam,LAM1:ACGCCGAAGCCGGTAA-1,LAM1,scRNA,program_3,0.04031839221715927
unrestricted_lam,LAM1:ACGGAGAAGATCCTGT-1,LAM1,scRNA,program_3,0.06929994374513626
unrestricted_lam,LAM1:ACGGAGATCAGAAATG-1,LAM1,scRNA,program_3,0.1051064059138298
unrestricted_lam,LAM1:ACGGCCAAGTCTCCTC-1,LAM1,scRNA,program_3,0.07796492427587509
unrestricted_lam,LAM1:ACGGCCATCCCTGACT-1,LAM1,scRNA,program_3,0.0
unrestricted_lam,LAM1:ACGGGTCCAAGTACCT-1,LAM1,scRNA,program_3,0.73000168800354
unrestricted_lam,LAM1:ACGGGTCGTAAACACA-1,LAM1,scRNA,program_3,0.15158893167972565
unrestricted_lam,LAM1:ACGTCAACAGTGACAG-1,LAM1,scRNA,program_3,0.03152818977832794
unrestricted_lam,LAM1:ACGTCAATCGACCAGC-1,LAM1,scRNA,program_3,0.1477452516555786
unrestricted_lam,LAM1:ACTATCTCATGGTCTA-1,LAM1,scRNA,program_3,0.0
unrestricted_lam,LAM1:ACTGAGTAGTCAAGCG-1,LAM1,scRNA,program_3,0.0
unrestricted_lam,LAM1:ACTGTCCAGCCTCGTG-1,LAM1,scRNA,program_3,0.0
unrestricted_lam,LAM1:ACTTACTCACTTCTGC-1,LAM1,scRNA,program_3,0.030072879046201706
unrestricted_lam,LAM1:ACTTGTTGTGTTTGGT-1,LAM1,scRNA,program_3,0.6681289076805115
unrestricted_lam,LAM1:ACTTTCAAGATCCCAT-1,LAM1,scRNA,program_3,0.0
unrestricted_lam,LAM1:ACTTTCACAGGACGTA-1,LAM1,scRNA,program_3,0.1688222587108612
unrestricted_lam,LAM1:ACTTTCAGTGTTGGGA-1,LAM1,scRNA,program_3,0.09383626282215118
unrestricted_lam,LAM1:AGAATAGCACCACCAG-1,LAM1,scRNA,program_3,0.6006612181663513
unrestricted_lam,LAM1:AGAGCTTCACAGAGGT-1,LAM1,scRNA,program_3,0.0
unrestricted_lam,LAM1:AGATCTGAGTAGGTGC-1,LAM1,scRNA,program_3,0.2454926073551178
unrestricted_lam,LAM1:AGCCTAATCCAAAGTC-1,LAM1,scRNA,program_3,0.6184869408607483
unrestricted_lam,LAM1:AGCTCCTCAGCTGCTG-1,LAM1,scRNA,program_3,0.045810725539922714
unrestricted_lam,LAM1:AGCTCCTCATATACCG-1,LAM1,scRNA,program_3,0.0
unrestricted_lam,LAM1:AGCTCTCCACCATGTA-1,LAM1,scRNA,program_3,0.0702994167804718
unrestricted_lam,LAM1:AGCTCTCTCGTTGACA-1,LAM1,scRNA,program_3,0.08569060266017914
unrestricted_lam,LAM1:AGCTTGACAGGATTGG-1,LAM1,scRNA,program_3,0.12341190129518509
unrestricted_lam,LAM1:AGCTTGACATAAGACA-1,LAM1,scRNA,program_3,0.0018867951584979892
unrestricted_lam,LAM1:AGCTTGAGTGAAAGAG-1,LAM1,scRNA,program_3,0.14456219971179962
unrestricted_lam,LAM1:AGGCCGTCAAAGTCAA-1,LAM1,scRNA,program_3,0.010862578637897968
unrestricted_lam,LAM1:AGGGAGTAGTGGGTTG-1,LAM1,scRNA,program_3,0.5210310816764832
unrestricted_lam,LAM1:AGGGAGTGTCAGGACA-1,LAM1,scRNA,program_3,0.07049376517534256
unrestricted_lam,LAM1:AGGGATGCATAGAAAC-1,LAM1,scRNA,program_3,0.12100478261709213
unrestricted_lam,LAM1:AGGGATGGTCGACTAT-1,LAM1,scRNA,program_3,0.16835413873195648
unrestricted_lam,LAM1:AGGGTGACATCGACGC-1,LAM1,scRNA,program_3,0.3844168782234192
unrestricted_lam,LAM1:AGGGTGATCGGAATCT-1,LAM1,scRNA,program_3,0.7062808871269226
unrestricted_lam,LAM1:AGGTCATCAGACACTT-1,LAM1,scRNA,program_3,0.08533185720443726
unrestricted_lam,LAM1:AGGTCATGTAAATACG-1,LAM1,scRNA,program_3,0.09839291870594025
unrestricted_lam,LAM1:AGGTCATGTGCTAGCC-1,LAM1,scRNA,program_3,0.015761610120534897
unrestricted_lam,LAM1:AGGTCCGTCCGTCAAA-1,LAM1,scRNA,program_3,0.13052409887313843
unrestricted_lam,LAM1:AGTCTTTGTTAAGAAC-1,LAM1,scRNA,program_3,0.13065151870250702
unrestricted_lam,LAM1:AGTGGGAAGGGATGGG-1,LAM1,scRNA,program_3,0.6440865397453308
unrestricted_lam,LAM1:AGTGGGACAGACAAGC-1,LAM1,scRNA,program_3,0.6105098724365234
unrestricted_lam,LAM1:AGTGTCATCTGGAGCC-1,LAM1,scRNA,program_3,0.08273947983980179
unrestricted_lam,LAM1:ATAACGCAGAGTAAGG-1,LAM1,scRNA,program_3,0.41578641533851624
unrestricted_lam,LAM1:ATAAGAGCATACGCTA-1,LAM1,scRNA,program_3,0.0
unrestricted_lam,LAM1:ATAAGAGGTGTGCGTC-1,LAM1,scRNA,program_3,0.4846043884754181
unrestricted_lam,LAM1:ATAGACCCACAACGTT-1,LAM1,scRNA,program_3,0.0
unrestricted_lam,LAM1:ATCACGAAGTGGAGTC-1,LAM1,scRNA,program_3,0.0
unrestricted_lam,LAM1:ATCATCTTCTGCTTGC-1,LAM1,scRNA,program_3,0.0
unrestricted_lam,LAM1:ATCATGGCATTCCTCG-1,LAM1,scRNA,program_3,0.1293022781610489
unrestricted_lam,LAM1:ATCCACCAGCAGCCTC-1,LAM1,scRNA,program_3,0.0
unrestricted_lam,LAM1:ATCGAGTAGACAAGCC-1,LAM1,scRNA,program_3,0.47210460901260376
unrestricted_lam,LAM1:ATCGAGTTCGCTAGCG-1,LAM1,scRNA,program_3,0.06389086693525314
unrestricted_lam,LAM1:ATCGAGTTCGGTTAAC-1,LAM1,scRNA,program_3,0.3168453872203827
unrestricted_lam,LAM1:ATCTACTAGTGCGTGA-1,LAM1,scRNA,program_3,0.10735269635915756
unrestricted_lam,LAM1:ATCTACTGTCTTGATG-1,LAM1,scRNA,program_3,0.0
unrestricted_lam,LAM1:ATCTGCCGTAGCGATG-1,LAM1,scRNA,program_3,0.09236890822649002
unrestricted_lam,LAM1:ATGAGGGCAATGTAAG-1,LAM1,scRNA,program_3,0.0
unrestricted_lam,LAM1:ATGTGTGAGTGAAGAG-1,LAM1,scRNA,program_3,0.07808578014373779
unrestricted_lam,LAM1:ATGTGTGCAAATCCGT-1,LAM1,scRNA,program_3,0.12196564674377441
unrestricted_lam,LAM1:ATTACTCAGACAGAGA-1,LAM1,scRNA,program_3,0.0
unrestricted_lam,LAM1:ATTATCCTCGATGAGG-1,LAM1,scRNA,program_3,0.46313774585723877
unrestricted_lam,LAM1:ATTCTACTCTCGAGTA-1,LAM1,scRNA,program_3,0.12746180593967438
unrestricted_lam,LAM1:ATTTCTGGTAGCGCTC-1,LAM1,scRNA,program_3,0.0
unrestricted_lam,LAM1:ATTTCTGGTTTGACAC-1,LAM1,scRNA,program_3,0.4853748083114624
unrestricted_lam,LAM1:CAACTAGGTCTCCACT-1,LAM1,scRNA,program_3,0.16765260696411133
unrestricted_lam,LAM1:CAAGATCGTCAGGACA-1,LAM1,scRNA,program_3,0.02287932112812996
unrestricted_lam,LAM1:CACAAACTCTTACCTA-1,LAM1,scRNA,program_3,0.031206991523504257
unrestricted_lam,LAM1:CACACCTTCTGTTGAG-1,LAM1,scRNA,program_3,0.10891088098287582
unrestricted_lam,LAM1:CACAGTAGTGCAACGA-1,LAM1,scRNA,program_3,0.04949001967906952
unrestricted_lam,LAM1:CACAGTATCCGATATG-1,LAM1,scRNA,program_3,0.0
unrestricted_lam,LAM1:CACATAGCACACGCTG-1,LAM1,scRNA,program_3,0.021259339526295662
unrestricted_lam,LAM1:CACCAGGCAGACGCAA-1,LAM1,scRNA,program_3,0.014598423615098
unrestricted_lam,LAM1:CACCTTGCATCCTAGA-1,LAM1,scRNA,program_3,0.010592018254101276
unrestricted_lam,LAM1:CACCTTGTCCGAATGT-1,LAM1,scRNA,program_3,0.02462230995297432
unrestricted_lam,LAM1:CACTCCACAATCCAAC-1,LAM1,scRNA,program_3,0.0
unrestricted_lam,LAM1:CACTCCACAGTCAGAG-1,LAM1,scRNA,program_3,0.0
unrestricted_lam,LAM1:CAGAGAGCAATGGAGC-1,LAM1,scRNA,program_3,0.09363922476768494
unrestricted_lam,LAM1:CAGAGAGTCCCTTGCA-1,LAM1,scRNA,program_3,0.11568471789360046
unrestricted_lam,LAM1:CAGCCGATCACCAGGC-1,LAM1,scRNA,program_3,0.1316681057214737
unrestricted_lam,LAM1:CAGCTAAAGCCGCCTA-1,LAM1,scRNA,program_3,0.06494356691837311
unrestricted_lam,LAM1:CAGCTAAAGGAGTTGC-1,LAM1,scRNA,program_3,0.05093616619706154
unrestricted_lam,LAM1:CAGCTGGTCAGCACAT-1,LAM1,scRNA,program_3,0.014351028017699718
unrestricted_lam,LAM1:CAGGTGCCACAGAGGT-1,LAM1,scRNA,program_3,0.05537908151745796
unrestricted_lam,LAM1:CAGTAACGTTCCACAA-1,LAM1,scRNA,program_3,0.0
unrestricted_lam,LAM1:CAGTCCTTCGACGGAA-1,LAM1,scRNA,program_3,0.011195673607289791
unrestricted_lam,LAM1:CAGTCCTTCTAACTGG-1,LAM1,scRNA,program_3,0.0
unrestricted_lam,LAM1:CATATGGCATAACCTG-1,LAM1,scRNA,program_3,0.0
unrestricted_lam,LAM1:CATATGGGTCGGCATC-1,LAM1,scRNA,program_3,0.04604841768741608
unrestricted_lam,LAM1:CATATGGTCGTAGGAG-1,LAM1,scRNA,program_3,0.03344500809907913
unrestricted_lam,LAM1:CATCAGAGTGCATCTA-1,LAM1,scRNA,program_3,0.07944124191999435
unrestricted_lam,LAM1:CATCCACAGGAGTTTA-1,LAM1,scRNA,program_3,0.09654758125543594
unrestricted_lam,LAM1:CATCGAATCAGAGCTT-1,LAM1,scRNA,program_3,0.06109815090894699
unrestricted_lam,LAM1:CATCGGGCAGTATCTG-1,LAM1,scRNA,program_3,0.04010878503322601
unrestricted_lam,LAM1:CATGCCTGTTACGTCA-1,LAM1,scRNA,program_3,0.0950273796916008
unrestricted_lam,LAM1:CATGGCGAGCAATCTC-1,LAM1,scRNA,program_3,0.13773398101329803
unrestricted_lam,LAM1:CATGGCGCACGGCGTT-1,LAM1,scRNA,program_3,0.2785918116569519
unrestricted_lam,LAM1:CCACCTACAATGTTGC-1,LAM1,scRNA,program_3,0.17754876613616943
unrestricted_lam,LAM1:CCACCTACACTGAAGG-1,LAM1,scRNA,program_3,0.04604215919971466
unrestricted_lam,LAM1:CCACTACAGAAAGTGG-1,LAM1,scRNA,program_3,0.0
unrestricted_lam,LAM1:CCACTACCATGAAGTA-1,LAM1,scRNA,program_3,0.0
unrestricted_lam,LAM1:CCAGCGAAGCGATTCT-1,LAM1,scRNA,program_3,0.0
unrestricted_lam,LAM1:CCAGCGATCGTAGATC-1,LAM1,scRNA,program_3,0.06374691426753998
unrestricted_lam,LAM1:CCCAATCAGGTAGCCA-1,LAM1,scRNA,program_3,0.40668410062789917
unrestricted_lam,LAM1:CCCAGTTAGTATCTCG-1,LAM1,scRNA,program_3,0.09113998711109161
unrestricted_lam,LAM1:CCCAGTTTCGGCATCG-1,LAM1,scRNA,program_3,0.2355138510465622
unrestricted_lam,LAM1:CCGTACTTCCATGAGT-1,LAM1,scRNA,program_3,0.0
unrestricted_lam,LAM1:CCGTGGATCACGGTTA-1,LAM1,scRNA,program_3,0.23225055634975433
unrestricted_lam,LAM1:CCGTTCATCCGTACAA-1,LAM1,scRNA,program_3,0.11882812529802322
unrestricted_lam,LAM1:CCGTTCATCGGAATCT-1,LAM1,scRNA,program_3,0.0017058710800483823
unrestricted_lam,LAM1:CCTAAAGTCAGTTCGA-1,LAM1,scRNA,program_3,0.0
unrestricted_lam,LAM1:CCTACACGTAAGTGTA-1,LAM1,scRNA,program_3,0.0
unrestricted_lam,LAM1:CCTAGCTTCTGGCGAC-1,LAM1,scRNA,program_3,0.07311604171991348
unrestricted_lam,LAM1:CCTCAGTCAGGCTCAC-1,LAM1,scRNA,program_3,0.0
unrestricted_lam,LAM1:CCTTACGGTGTAAGTA-1,LAM1,scRNA,program_3,0.14383290708065033
unrestricted_lam,LAM1:CCTTACGGTTATGCGT-1,LAM1,scRNA,program_3,0.09552038460969925
unrestricted_lam,LAM1:CCTTTCTTCAACCAAC-1,LAM1,scRNA,program_3,0.10538896918296814
unrestricted_lam,LAM1:CGAACATTCCAAACTG-1,LAM1,scRNA,program_3,0.44042807817459106
unrestricted_lam,LAM1:CGACCTTAGCCAACAG-1,LAM1,scRNA,program_3,0.06243489682674408
unrestricted_lam,LAM1:CGACTTCAGTCCCACG-1,LAM1,scRNA,program_3,0.0
unrestricted_lam,LAM1:CGAGAAGCAAAGTCAA-1,LAM1,scRNA,program_3,0.32683077454566956
unrestricted_lam,LAM1:CGAGAAGGTTCGGCAC-1,LAM1,scRNA,program_3,0.0
unrestricted_lam,LAM1:CGAGCACTCGCCTGAG-1,LAM1,scRNA,program_3,0.030744265764951706
unrestricted_lam,LAM1:CGAGCCAAGGCTCAGA-1,LAM1,scRNA,program_3,0.09453174471855164
unrestricted_lam,LAM1:CGAGCCAAGGGCATGT-1,LAM1,scRNA,program_3,0.18010887503623962
unrestricted_lam,LAM1:CGATGTACAATGAATG-1,LAM1,scRNA,program_3,0.020097853615880013
unrestricted_lam,LAM1:CGATTGAAGACCGGAT-1,LAM1,scRNA,program_3,0.06937994807958603
unrestricted_lam,LAM1:CGATTGAGTGTGGCTC-1,LAM1,scRNA,program_3,0.01790451630949974
unrestricted_lam,LAM1:CGCGGTATCTCGATGA-1,LAM1,scRNA,program_3,0.2429593801498413
unrestricted_lam,LAM1:CGCGTTTGTTGATTGC-1,LAM1,scRNA,program_3,0.12618187069892883
unrestricted_lam,LAM1:CGCTATCCAATGACCT-1,LAM1,scRNA,program_3,0.11700235307216644
unrestricted_lam,LAM1:CGCTTCACACCATGTA-1,LAM1,scRNA,program_3,0.033637307584285736
unrestricted_lam,LAM1:CGCTTCAGTCTAACGT-1,LAM1,scRNA,program_3,0.18057988584041595
unrestricted_lam,LAM1:CGGACACTCTCGGACG-1,LAM1,scRNA,program_3,0.15609103441238403
unrestricted_lam,LAM1:CGGACGTTCTTCGAGA-1,LAM1,scRNA,program_3,0.08460795879364014
unrestricted_lam,LAM1:CGGACTGGTAAGTTCC-1,LAM1,scRNA,program_3,0.0269935242831707
unrestricted_lam,LAM1:CGGAGCTCACAAGTAA-1,LAM1,scRNA,program_3,0.03384948894381523
unrestricted_lam,LAM1:CGGAGTCCACCAGGCT-1,LAM1,scRNA,program_3,0.055854491889476776
unrestricted_lam,LAM1:CGGAGTCGTAAGGGAA-1,LAM1,scRNA,program_3,0.16238193213939667
unrestricted_lam,LAM1:CGTAGCGTCAGGCCCA-1,LAM1,scRNA,program_3,0.5591500401496887
unrestricted_lam,LAM1:CGTAGGCCATCACGTA-1,LAM1,scRNA,program_3,0.4631127417087555
unrestricted_lam,LAM1:CGTAGGCTCAACACAC-1,LAM1,scRNA,program_3,0.44155365228652954
unrestricted_lam,LAM1:CGTAGGCTCTTAGAGC-1,LAM1,scRNA,program_3,0.20198866724967957
unrestricted_lam,LAM1:CGTCACTGTCATATGC-1,LAM1,scRNA,program_3,0.14111660420894623
unrestricted_lam,LAM1:CGTCCATCAGAGTGTG-1,LAM1,scRNA,program_3,0.0818929448723793
unrestricted_lam,LAM1:CTAAGACAGGATGGTC-1,LAM1,scRNA,program_3,0.1277615875005722
unrestricted_lam,LAM1:CTAAGACTCCGCAAGC-1,LAM1,scRNA,program_3,0.04995376989245415
unrestricted_lam,LAM1:CTAATGGAGCTTCGCG-1,LAM1,scRNA,program_3,0.02860361337661743
unrestricted_lam,LAM1:CTACATTAGTGGTCCC-1,LAM1,scRNA,program_3,0.06549269706010818
unrestricted_lam,LAM1:CTAGTGATCGGATGTT-1,LAM1,scRNA,program_3,0.17998448014259338
unrestricted_lam,LAM1:CTCACACGTGTGAAAT-1,LAM1,scRNA,program_3,0.06419946253299713
unrestricted_lam,LAM1:CTCAGAACAGTATGCT-1,LAM1,scRNA,program_3,0.13677550852298737
unrestricted_lam,LAM1:CTCAGAAGTTCAGGCC-1,LAM1,scRNA,program_3,0.13991095125675201
unrestricted_lam,LAM1:CTCGAAAAGAAACCGC-1,LAM1,scRNA,program_3,0.5297564268112183
unrestricted_lam,LAM1:CTCGGGACAGGCGATA-1,LAM1,scRNA,program_3,0.0
unrestricted_lam,LAM1:CTCGTACTCTCGAGTA-1,LAM1,scRNA,program_3,0.0
unrestricted_lam,LAM1:CTCTAATTCGAATGCT-1,LAM1,scRNA,program_3,0.6241886615753174
unrestricted_lam,LAM1:CTCTACGGTACACCGC-1,LAM1,scRNA,program_3,0.10008129477500916
unrestricted_lam,LAM1:CTCTGGTGTAAGTTCC-1,LAM1,scRNA,program_3,0.0
unrestricted_lam,LAM1:CTGAAACCACATAACC-1,LAM1,scRNA,program_3,0.12992136180400848
unrestricted_lam,LAM1:CTGAAACGTTCCCTTG-1,LAM1,scRNA,program_3,0.0005247931694611907
unrestricted_lam,LAM1:CTGATAGGTGCACCAC-1,LAM1,scRNA,program_3,0.11381539702415466
unrestricted_lam,LAM1:CTGATCCCACATTCGA-1,LAM1,scRNA,program_3,0.11133820563554764
unrestricted_lam,LAM1:CTGATCCGTAGCTAAA-1,LAM1,scRNA,program_3,0.048964086920022964
unrestricted_lam,LAM1:CTGCCTAAGAGACTTA-1,LAM1,scRNA,program_3,0.024687526747584343
unrestricted_lam,LAM1:CTGCCTAAGGAGCGAG-1,LAM1,scRNA,program_3,0.03048444166779518
unrestricted_lam,LAM1:CTGCGGACAAGGCTCC-1,LAM1,scRNA,program_3,0.05842144042253494
unrestricted_lam,LAM1:CTGCTGTCACCGCTAG-1,LAM1,scRNA,program_3,0.3035877048969269
unrestricted_lam,LAM1:CTGTTTAGTGTGTGCC-1,LAM1,scRNA,program_3,0.07093125581741333
unrestricted_lam,LAM1:CTTAACTAGTCCATAC-1,LAM1,scRNA,program_3,0.059946391731500626
unrestricted_lam,LAM1:CTTACCGCACCAGATT-1,LAM1,scRNA,program_3,0.0
unrestricted_lam,LAM1:CTTAGGACACTTCTGC-1,LAM1,scRNA,program_3,0.4183601438999176
unrestricted_lam,LAM1:CTTGGCTGTTACGCGC-1,LAM1,scRNA,program_3,0.09114666283130646
unrestricted_lam,LAM1:CTTTGCGGTGATGTGG-1,LAM1,scRNA,program_3,0.0905366912484169
unrestricted_lam,LAM1:CTTTGCGTCGCATGGC-1,LAM1,scRNA,program_3,0.623382031917572
unrestricted_lam,LAM1:GAACGGACACAAGCCC-1,LAM1,scRNA,program_3,0.026096921414136887
unrestricted_lam,LAM1:GAACGGAGTCAGAGGT-1,LAM1,scRNA,program_3,0.07665977627038956
unrestricted_lam,LAM1:GAATAAGCAAGACACG-1,LAM1,scRNA,program_3,0.07587343454360962
unrestricted_lam,LAM1:GAATAAGGTTGCCTCT-1,LAM1,scRNA,program_3,0.14861738681793213
unrestricted_lam,LAM1:GACAGAGTCTGAAAGA-1,LAM1,scRNA,program_3,0.07811002433300018
unrestricted_lam,LAM1:GACCAATGTGCCTGTG-1,LAM1,scRNA,program_3,0.05155790597200394
unrestricted_lam,LAM1:GACGTTAAGTCTTGCA-1,LAM1,scRNA,program_3,0.5289422273635864
unrestricted_lam,LAM1:GACGTTAGTGCGAAAC-1,LAM1,scRNA,program_3,0.038318537175655365
unrestricted_lam,LAM1:GAGGTGACACCAGCAC-1,LAM1,scRNA,program_3,0.07687526941299438
unrestricted_lam,LAM1:GAGTCCGGTTCCTCCA-1,LAM1,scRNA,program_3,0.0
unrestricted_lam,LAM1:GATCGATAGTCAAGCG-1,LAM1,scRNA,program_3,0.07894749194383621
unrestricted_lam,LAM1:GATCGATCAAGTCATC-1,LAM1,scRNA,program_3,0.4537287652492523
unrestricted_lam,LAM1:GATCGTATCAGTGCAT-1,LAM1,scRNA,program_3,0.012952958233654499
unrestricted_lam,LAM1:GATCGTATCCGTTGCT-1,LAM1,scRNA,program_3,0.03710775822401047
unrestricted_lam,LAM1:GATCTAGTCCAGAGGA-1,LAM1,scRNA,program_3,0.14885357022285461
unrestricted_lam,LAM1:GATGCTATCCCAGGTG-1,LAM1,scRNA,program_3,0.023130005225539207
unrestricted_lam,LAM1:GATTCAGAGACAGACC-1,LAM1,scRNA,program_3,0.014959652908146381
unrestricted_lam,LAM1:GCAAACTAGATGCGAC-1,LAM1,scRNA,program_3,0.07162293791770935
unrestricted_lam,LAM1:GCAAACTTCTCCAACC-1,LAM1,scRNA,program_3,0.0970408096909523
unrestricted_lam,LAM1:GCAATCACAATGTAAG-1,LAM1,scRNA,program_3,0.0
unrestricted_lam,LAM1:GCAATCATCATAGCAC-1,LAM1,scRNA,program_3,0.3520994782447815
unrestricted_lam,LAM1:GCACATAAGCGAGAAA-1,LAM1,scRNA,program_3,0.09090523421764374
unrestricted_lam,LAM1:GCAGCCACACACGCTG-1,LAM1,scRNA,program_3,0.06300199031829834
unrestricted_lam,LAM1:GCAGCCAGTCCTGCTT-1,LAM1,scRNA,program_3,0.4760739207267761
unrestricted_lam,LAM1:GCAGCCATCCGAGCCA-1,LAM1,scRNA,program_3,0.07526087015867233
unrestricted_lam,LAM1:GCAGTTAGTGACTACT-1,LAM1,scRNA,program_3,0.08183358609676361
unrestricted_lam,LAM1:GCATACAGTCATATGC-1,LAM1,scRNA,program_3,0.0
unrestricted_lam,LAM1:GCATGATAGCTACCGC-1,LAM1,scRNA,program_3,0.07978195697069168
unrestricted_lam,LAM1:GCATGCGCAAGACACG-1,LAM1,scRNA,program_3,0.08260651677846909
unrestricted_lam,LAM1:GCATGTATCCTAGTGA-1,LAM1,scRNA,program_3,0.10773355513811111
unrestricted_lam,LAM1:GCCAAATCAAGCCGTC-1,LAM1,scRNA,program_3,0.0895741879940033
unrestricted_lam,LAM1:GCGACCATCAGTGTTG-1,LAM1,scRNA,program_3,0.0024135312996804714
unrestricted_lam,LAM1:GCGCAGTCATGTCTCC-1,LAM1,scRNA,program_3,0.14409592747688293
unrestricted_lam,LAM1:GCGGGTTGTTACGTCA-1,LAM1,scRNA,program_3,0.5161665678024292
unrestricted_lam,LAM1:GCTCCTACACGAAGCA-1,LAM1,scRNA,program_3,0.0
unrestricted_lam,LAM1:GCTCCTAGTCTAGTGT-1,LAM1,scRNA,program_3,0.6912969946861267
unrestricted_lam,LAM1:GCTCTGTGTGAACCTT-1,LAM1,scRNA,program_3,0.0
unrestricted_lam,LAM1:GCTGCGACACAGAGGT-1,LAM1,scRNA,program_3,0.48622819781303406
unrestricted_lam,LAM1:GCTGCGAGTCTGCCAG-1,LAM1,scRNA,program_3,0.07179858535528183
unrestricted_lam,LAM1:GCTGGGTAGTTACCCA-1,LAM1,scRNA,program_3,0.028104258701205254
unrestricted_lam,LAM1:GCTGGGTCAACTGCGC-1,LAM1,scRNA,program_3,0.3790645897388458
unrestricted_lam,LAM1:GGAAAGCAGAGTACCG-1,LAM1,scRNA,program_3,0.0
unrestricted_lam,LAM1:GGAAAGCAGGCGTACA-1,LAM1,scRNA,program_3,0.14089646935462952
unrestricted_lam,LAM1:GGAAAGCCAAGCCGCT-1,LAM1,scRNA,program_3,0.06308696419000626
unrestricted_lam,LAM1:GGAAAGCGTTGGTGGA-1,LAM1,scRNA,program_3,0.0412343367934227
unrestricted_lam,LAM1:GGAACTTCATCCAACA-1,LAM1,scRNA,program_3,0.0
unrestricted_lam,LAM1:GGACAAGTCTTCGGTC-1,LAM1,scRNA,program_3,0.004867780487984419
unrestricted_lam,LAM1:GGACAGATCTCGATGA-1,LAM1,scRNA,program_3,0.0
unrestricted_lam,LAM1:GGACATTAGGGATCTG-1,LAM1,scRNA,program_3,0.5611793994903564
unrestricted_lam,LAM1:GGATGTTGTGGGTATG-1,LAM1,scRNA,program_3,0.4083452820777893
unrestricted_lam,LAM1:GGATGTTGTGTGACGA-1,LAM1,scRNA,program_3,0.017841758206486702
unrestricted_lam,LAM1:GGCAATTAGATGTTAG-1,LAM1,scRNA,program_3,0.0
unrestricted_lam,LAM1:GGCCGATTCGGTTAAC-1,LAM1,scRNA,program_3,0.05802866071462631
unrestricted_lam,LAM1:GGCGTGTAGTATCGAA-1,LAM1,scRNA,program_3,0.4844265282154083
unrestricted_lam,LAM1:GGCTCGAAGAAGGTTT-1,LAM1,scRNA,program_3,0.0
unrestricted_lam,LAM1:GGCTCGACATCGGTTA-1,LAM1,scRNA,program_3,0.004102227743715048
unrestricted_lam,LAM1:GGGAATGCATCTACGA-1,LAM1,scRNA,program_3,0.03047708049416542
unrestricted_lam,LAM1:GGGACCTAGCGATTCT-1,LAM1,scRNA,program_3,0.0
unrestricted_lam,LAM1:GGGACCTGTTGCCTCT-1,LAM1,scRNA,program_3,0.07371321320533752
unrestricted_lam,LAM1:GGGCACTCAAGTACCT-1,LAM1,scRNA,program_3,0.0
unrestricted_lam,LAM1:GGGCACTTCTTTAGTC-1,LAM1,scRNA,program_3,0.09719464927911758
unrestricted_lam,LAM1:GGGCATCGTGCAGGTA-1,LAM1,scRNA,program_3,0.0
unrestricted_lam,LAM1:GGGCATCTCTTAGAGC-1,LAM1,scRNA,program_3,0.0
unrestricted_lam,LAM1:GGGTTGCGTAAACACA-1,LAM1,scRNA,program_3,0.6001388430595398
unrestricted_lam,LAM1:GGTATTGCAGGCAGTA-1,LAM1,scRNA,program_3,0.10250800102949142
unrestricted_lam,LAM1:GGTGAAGGTAACGACG-1,LAM1,scRNA,program_3,0.0645577684044838
unrestricted_lam,LAM1:GGTGAAGGTCTTGATG-1,LAM1,scRNA,program_3,0.03287922218441963
unrestricted_lam,LAM1:GGTGAAGTCCTATTCA-1,LAM1,scRNA,program_3,0.7387641668319702
unrestricted_lam,LAM1:GTAACGTTCCCACTTG-1,LAM1,scRNA,program_3,0.0
unrestricted_lam,LAM1:GTAACTGAGGCGACAT-1,LAM1,scRNA,program_3,0.03498084098100662
unrestricted_lam,LAM1:GTACGTAGTTAAGAAC-1,LAM1,scRNA,program_3,0.021807176992297173
unrestricted_lam,LAM1:GTACTCCAGCTAGGCA-1,LAM1,scRNA,program_3,0.18007229268550873
unrestricted_lam,LAM1:GTACTTTCACGGTGTC-1,LAM1,scRNA,program_3,0.004466584883630276
unrestricted_lam,LAM1:GTACTTTTCGGCGCAT-1,LAM1,scRNA,program_3,0.5511979460716248
unrestricted_lam,LAM1:GTATTCTTCATCATTC-1,LAM1,scRNA,program_3,0.06295742094516754
unrestricted_lam,LAM1:GTATTCTTCCTCTAGC-1,LAM1,scRNA,program_3,0.17817792296409607
unrestricted_lam,LAM1:GTCAAGTGTGTAATGA-1,LAM1,scRNA,program_3,0.5056831240653992
unrestricted_lam,LAM1:GTCAAGTTCACTATTC-1,LAM1,scRNA,program_3,0.07118038833141327
unrestricted_lam,LAM1:GTCACGGAGATGCGAC-1,LAM1,scRNA,program_3,0.0
unrestricted_lam,LAM1:GTCACGGCAGCTTCGG-1,LAM1,scRNA,program_3,0.005097858142107725
unrestricted_lam,LAM1:GTCACGGGTCAATACC-1,LAM1,scRNA,program_3,0.0949873998761177
unrestricted_lam,LAM1:GTCGTAAAGTTTAGGA-1,LAM1,scRNA,program_3,0.2553738057613373
unrestricted_lam,LAM1:GTCGTAACAAGTAGTA-1,LAM1,scRNA,program_3,0.147568941116333
unrestricted_lam,LAM1:GTCTTCGAGTGTCTCA-1,LAM1,scRNA,program_3,0.12236443161964417
unrestricted_lam,LAM1:GTCTTCGAGTGTTAGA-1,LAM1,scRNA,program_3,0.07373010367155075
unrestricted_lam,LAM1:GTGAAGGAGGCAAAGA-1,LAM1,scRNA,program_3,0.14399464428424835
unrestricted_lam,LAM1:GTGAAGGGTTATGCGT-1,LAM1,scRNA,program_3,0.018650831654667854
unrestricted_lam,LAM1:GTGAAGGTCAACCATG-1,LAM1,scRNA,program_3,0.04793344438076019
unrestricted_lam,LAM1:GTGCAGCAGAGGGCTT-1,LAM1,scRNA,program_3,0.4636039733886719
unrestricted_lam,LAM1:GTGCAGCCAAGTTAAG-1,LAM1,scRNA,program_3,0.004047087859362364
unrestricted_lam,LAM1:GTGCAGCCATACTACG-1,LAM1,scRNA,program_3,0.13111373782157898
unrestricted_lam,LAM1:GTGCAGCGTAAGAGAG-1,LAM1,scRNA,program_3,0.0
unrestricted_lam,LAM1:GTGCAGCTCAGCTTAG-1,LAM1,scRNA,program_3,0.0
unrestricted_lam,LAM1:GTGCAGCTCGGATGGA-1,LAM1,scRNA,program_3,0.0025015922728925943
unrestricted_lam,LAM1:GTGCATAAGCCTCGTG-1,LAM1,scRNA,program_3,0.6868222951889038
unrestricted_lam,LAM1:GTGCATAAGTGACATA-1,LAM1,scRNA,program_3,0.12526357173919678
unrestricted_lam,LAM1:GTGCATACACTGTCGG-1,LAM1,scRNA,program_3,0.0
unrestricted_lam,LAM1:GTGCATAGTACCAGTT-1,LAM1,scRNA,program_3,0.48274752497673035
unrestricted_lam,LAM1:GTGCATAGTTATTCTC-1,LAM1,scRNA,program_3,0.039128705859184265
unrestricted_lam,LAM1:GTGCATAGTTCGTGAT-1,LAM1,scRNA,program_3,0.12567627429962158
unrestricted_lam,LAM1:GTGCGGTCAAGGACAC-1,LAM1,scRNA,program_3,0.0
unrestricted_lam,LAM1:GTGCTTCCAATAGAGT-1,LAM1,scRNA,program_3,0.10154534131288528
unrestricted_lam,LAM1:GTGCTTCGTAGTACCT-1,LAM1,scRNA,program_3,0.09602441638708115
unrestricted_lam,LAM1:GTGCTTCTCGCCGTGA-1,LAM1,scRNA,program_3,0.0417630709707737
unrestricted_lam,LAM1:GTGTTAGAGGTTACCT-1,LAM1,scRNA,program_3,0.1015351414680481
unrestricted_lam,LAM1:GTGTTAGGTTCAGACT-1,LAM1,scRNA,program_3,0.06311322748661041
unrestricted_lam,LAM1:GTGTTAGGTTTGACAC-1,LAM1,scRNA,program_3,0.054555267095565796
unrestricted_lam,LAM1:GTGTTAGTCGCCTGAG-1,LAM1,scRNA,program_3,0.06249718368053436
unrestricted_lam,LAM1:GTGTTAGTCTCTTGAT-1,LAM1,scRNA,program_3,0.0
unrestricted_lam,LAM1:GTTACAGGTAGCGATG-1,LAM1,scRNA,program_3,0.06306032091379166
unrestricted_lam,LAM1:GTTACAGTCGTCTGAA-1,LAM1,scRNA,program_3,0.0
unrestricted_lam,LAM1:GTTCATTCAAACTGCT-1,LAM1,scRNA,program_3,0.061429884284734726
unrestricted_lam,LAM1:GTTCATTGTATTCGTG-1,LAM1,scRNA,program_3,0.01979723945260048
unrestricted_lam,LAM1:GTTCGGGTCGACGGAA-1,LAM1,scRNA,program_3,0.05277867242693901
unrestricted_lam,LAM1:GTTTCTATCCTTGGTC-1,LAM1,scRNA,program_3,0.03385994955897331
unrestricted_lam,LAM1:TAAGCGTCACTTCGAA-1,LAM1,scRNA,program_3,0.029737023636698723
unrestricted_lam,LAM1:TAAGCGTTCACTCCTG-1,LAM1,scRNA,program_3,0.01517449039965868
unrestricted_lam,LAM1:TAAGTGCCAAGCTGAG-1,LAM1,scRNA,program_3,0.14807109534740448
unrestricted_lam,LAM1:TAAGTGCCATCGGAAG-1,LAM1,scRNA,program_3,0.06038675829768181
unrestricted_lam,LAM1:TACAGTGAGCTGATAA-1,LAM1,scRNA,program_3,0.028205174952745438
unrestricted_lam,LAM1:TACCTTAGTCTAACGT-1,LAM1,scRNA,program_3,0.6860817670822144
unrestricted_lam,LAM1:TACGGTATCTGCCCTA-1,LAM1,scRNA,program_3,0.07179102301597595
unrestricted_lam,LAM1:TACTCATAGATGCCAG-1,LAM1,scRNA,program_3,0.059411030262708664
unrestricted_lam,LAM1:TACTCATCAGTATAAG-1,LAM1,scRNA,program_3,0.0
unrestricted_lam,LAM1:TAGACCAAGAATGTGT-1,LAM1,scRNA,program_3,0.3698025941848755
unrestricted_lam,LAM1:TAGACCAGTGCGAAAC-1,LAM1,scRNA,program_3,0.21606479585170746
unrestricted_lam,LAM1:TAGAGCTAGGGATACC-1,LAM1,scRNA,program_3,0.4615016579627991
unrestricted_lam,LAM1:TAGCCGGAGGGTCGAT-1,LAM1,scRNA,program_3,0.0
unrestricted_lam,LAM1:TAGGCATAGCAGATCG-1,LAM1,scRNA,program_3,0.14902174472808838
unrestricted_lam,LAM1:TAGTGGTAGACCTTTG-1,LAM1,scRNA,program_3,0.02146710269153118
unrestricted_lam,LAM1:TAGTTGGTCTCGTTTA-1,LAM1,scRNA,program_3,0.0
unrestricted_lam,LAM1:TATCAGGTCAACACAC-1,LAM1,scRNA,program_3,0.0840064287185669
unrestricted_lam,LAM1:TATCTCAAGCGTAATA-1,LAM1,scRNA,program_3,0.0
unrestricted_lam,LAM1:TCAACGACAGTATGCT-1,LAM1,scRNA,program_3,0.10460028052330017
unrestricted_lam,LAM1:TCACAAGTCACCCGAG-1,LAM1,scRNA,program_3,0.0
unrestricted_lam,LAM1:TCAGATGCACTCTGTC-1,LAM1,scRNA,program_3,0.3606373369693756
unrestricted_lam,LAM1:TCAGATGTCCAAACTG-1,LAM1,scRNA,program_3,0.19698704779148102
unrestricted_lam,LAM1:TCAGCTCAGTACGTAA-1,LAM1,scRNA,program_3,0.22228828072547913
unrestricted_lam,LAM1:TCAGGATTCCGAAGAG-1,LAM1,scRNA,program_3,0.0
unrestricted_lam,LAM1:TCATTACAGCTAAACA-1,LAM1,scRNA,program_3,0.0
unrestricted_lam,LAM1:TCATTACGTATGCTTG-1,LAM1,scRNA,program_3,0.02952420897781849
unrestricted_lam,LAM1:TCATTACTCCCGGATG-1,LAM1,scRNA,program_3,0.07384545356035233
unrestricted_lam,LAM1:TCATTTGCAGTCGTGC-1,LAM1,scRNA,program_3,0.0
unrestricted_lam,LAM1:TCCACACGTACTCAAC-1,LAM1,scRNA,program_3,0.1641222983598709
unrestricted_lam,LAM1:TCCCGATAGAATTGTG-1,LAM1,scRNA,program_3,0.08839932084083557
unrestricted_lam,LAM1:TCGAGGCGTCGCGAAA-1,LAM1,scRNA,program_3,0.0805497020483017
unrestricted_lam,LAM1:TCGAGGCTCCTATGTT-1,LAM1,scRNA,program_3,0.24769967794418335
unrestricted_lam,LAM1:TCGCGAGTCTTAACCT-1,LAM1,scRNA,program_3,0.061212047934532166
unrestricted_lam,LAM1:TCGCGTTGTACAGACG-1,LAM1,scRNA,program_3,0.12545597553253174
unrestricted_lam,LAM1:TCGGGACCAATGTTGC-1,LAM1,scRNA,program_3,0.07790068536996841
unrestricted_lam,LAM1:TCGGGACCACGGTAGA-1,LAM1,scRNA,program_3,0.0013665653532370925
unrestricted_lam,LAM1:TCGGTAAAGATAGTCA-1,LAM1,scRNA,program_3,0.06844092905521393
unrestricted_lam,LAM1:TCGTAGACACACCGCA-1,LAM1,scRNA,program_3,0.027075178921222687
unrestricted_lam,LAM1:TCTATTGCATTATCTC-1,LAM1,scRNA,program_3,0.017026547342538834
unrestricted_lam,LAM1:TCTCATACAGATGGGT-1,LAM1,scRNA,program_3,0.2467174530029297
unrestricted_lam,LAM1:TCTCTAATCCCTTGCA-1,LAM1,scRNA,program_3,0.025512531399726868
unrestricted_lam,LAM1:TCTGAGATCAAAGACA-1,LAM1,scRNA,program_3,0.09504465758800507
unrestricted_lam,LAM1:TCTGGAAGTTTGGCGC-1,LAM1,scRNA,program_3,0.041032638400793076
unrestricted_lam,LAM1:TCTGGAATCATAACCG-1,LAM1,scRNA,program_3,0.11004696041345596
unrestricted_lam,LAM1:TCTTTCCCAGTTCATG-1,LAM1,scRNA,program_3,0.4030810594558716
unrestricted_lam,LAM1:TCTTTCCGTCTGCAAT-1,LAM1,scRNA,program_3,0.11679689586162567
unrestricted_lam,LAM1:TCTTTCCGTTGAACTC-1,LAM1,scRNA,program_3,0.054718226194381714
unrestricted_lam,LAM1:TGACAACAGCCCAGCT-1,LAM1,scRNA,program_3,0.05404732748866081
unrestricted_lam,LAM1:TGACAACCAGCAGTTT-1,LAM1,scRNA,program_3,0.0
unrestricted_lam,LAM1:TGAGAGGCAGACGCCT-1,LAM1,scRNA,program_3,0.521163284778595
unrestricted_lam,LAM1:TGAGAGGGTTCTGGTA-1,LAM1,scRNA,program_3,0.0475686676800251
unrestricted_lam,LAM1:TGAGCATCATTACGAC-1,LAM1,scRNA,program_3,0.04590313509106636
unrestricted_lam,LAM1:TGAGCATTCTTAACCT-1,LAM1,scRNA,program_3,0.06641343235969543
unrestricted_lam,LAM1:TGAGCCGCACAGATTC-1,LAM1,scRNA,program_3,0.0183075163513422
unrestricted_lam,LAM1:TGCACCTAGTGAACGC-1,LAM1,scRNA,program_3,0.12780433893203735
unrestricted_lam,LAM1:TGCACCTCAAAGTCAA-1,LAM1,scRNA,program_3,0.0
unrestricted_lam,LAM1:TGCCAAATCCTAGGGC-1,LAM1,scRNA,program_3,0.0
unrestricted_lam,LAM1:TGCCCATCAAGCGATG-1,LAM1,scRNA,program_3,0.0
unrestricted_lam,LAM1:TGCCCATCATCACCCT-1,LAM1,scRNA,program_3,0.03297692909836769
unrestricted_lam,LAM1:TGCCCTACACCCATTC-1,LAM1,scRNA,program_3,0.07451462000608444
unrestricted_lam,LAM1:TGCGCAGAGGTGATAT-1,LAM1,scRNA,program_3,0.05177067965269089
unrestricted_lam,LAM1:TGCGTGGAGGCTAGCA-1,LAM1,scRNA,program_3,0.029589509591460228
unrestricted_lam,LAM1:TGCGTGGGTAAGTGTA-1,LAM1,scRNA,program_3,0.0035521078389137983
unrestricted_lam,LAM1:TGCTGCTCACACCGAC-1,LAM1,scRNA,program_3,0.2671896815299988
unrestricted_lam,LAM1:TGGACGCCAGGGAGAG-1,LAM1,scRNA,program_3,0.0
unrestricted_lam,LAM1:TGGACGCGTAAGTAGT-1,LAM1,scRNA,program_3,0.0
unrestricted_lam,LAM1:TGGCCAGTCTTGTACT-1,LAM1,scRNA,program_3,0.11304564774036407
unrestricted_lam,LAM1:TGGCTGGTCATCACCC-1,LAM1,scRNA,program_3,0.4198480546474457
unrestricted_lam,LAM1:TGGCTGGTCGTTACGA-1,LAM1,scRNA,program_3,0.07120048254728317
unrestricted_lam,LAM1:TGGGAAGGTGGTCCGT-1,LAM1,scRNA,program_3,0.6499214172363281
unrestricted_lam,LAM1:TGGGCGTCATGTTGAC-1,LAM1,scRNA,program_3,0.15185301005840302
unrestricted_lam,LAM1:TGGTTCCAGAGGGCTT-1,LAM1,scRNA,program_3,0.0
unrestricted_lam,LAM1:TGGTTCCTCGGCGGTT-1,LAM1,scRNA,program_3,0.08700736612081528
unrestricted_lam,LAM1:TTAACTCGTACTCAAC-1,LAM1,scRNA,program_3,0.6656433343887329
unrestricted_lam,LAM1:TTAGGCACAATCGGTT-1,LAM1,scRNA,program_3,0.036501526832580566
unrestricted_lam,LAM1:TTAGGCACATGCTGGC-1,LAM1,scRNA,program_3,0.1907898336648941
unrestricted_lam,LAM1:TTAGGCAGTGCATCTA-1,LAM1,scRNA,program_3,0.12364767491817474
unrestricted_lam,LAM1:TTATGCTCAAGGTTCT-1,LAM1,scRNA,program_3,0.0
unrestricted_lam,LAM1:TTCCCAGGTACCGTAT-1,LAM1,scRNA,program_3,0.6194705367088318
unrestricted_lam,LAM1:TTCCCAGTCTATCCTA-1,LAM1,scRNA,program_3,0.06222366541624069
unrestricted_lam,LAM1:TTCTCAAGTTACGCGC-1,LAM1,scRNA,program_3,0.04261525347828865
unrestricted_lam,LAM1:TTCTCCTTCCGGGTGT-1,LAM1,scRNA,program_3,0.029110874980688095
unrestricted_lam,LAM1:TTGAACGGTACCAGTT-1,LAM1,scRNA,program_3,0.0
unrestricted_lam,LAM1:TTGAACGGTGTTTGTG-1,LAM1,scRNA,program_3,0.060600634664297104
unrestricted_lam,LAM1:TTGCGTCCAAGTCTGT-1,LAM1,scRNA,program_3,0.0
unrestricted_lam,LAM1:TTGGAACAGTAGCCGA-1,LAM1,scRNA,program_3,0.14989341795444489
unrestricted_lam,LAM1:TTGGAACTCCAGGGCT-1,LAM1,scRNA,program_3,0.0
unrestricted_lam,LAM1:TTGGAACTCTGAGTGT-1,LAM1,scRNA,program_3,0.048784710466861725
unrestricted_lam,LAM1:TTGGCAAGTCCTCCAT-1,LAM1,scRNA,program_3,0.03947531804442406
unrestricted_lam,LAM1:TTGTAGGAGAAGGACA-1,LAM1,scRNA,program_3,0.052608560770750046
unrestricted_lam,LAM1:TTTATGCTCGCTGATA-1,LAM1,scRNA,program_3,0.07702309638261795
unrestricted_lam,LAM1:TTTCCTCGTGTGACGA-1,LAM1,scRNA,program_3,0.28116926550865173
unrestricted_lam,LAM1:TTTCCTCTCAGTTCGA-1,LAM1,scRNA,program_3,0.2585175037384033
unrestricted_lam,LAM1:TTTCCTCTCGAGAACG-1,LAM1,scRNA,program_3,0.059320416301488876
unrestricted_lam,LAM1:TTTCCTCTCGATAGAA-1,LAM1,scRNA,program_3,0.025094052776694298
unrestricted_lam,LAM1:TTTGGTTGTAGGACAC-1,LAM1,scRNA,program_3,0.08922266215085983
unrestricted_lam,LAM1:TTTGTCACAAAGCAAT-1,LAM1,scRNA,program_3,0.2188083976507187
unrestricted_lam,LAM2:AAACGGGCATTGGGCC-1,LAM2,snRNA,program_3,0.7301959991455078
unrestricted_lam,LAM2:AAAGATGCACCAGGTC-1,LAM2,snRNA,program_3,0.705950915813446
unrestricted_lam,LAM2:AAAGATGGTCCCTACT-1,LAM2,snRNA,program_3,0.1130027025938034
unrestricted_lam,LAM2:AAAGCAACACCAGATT-1,LAM2,snRNA,program_3,0.7675646543502808
unrestricted_lam,LAM2:AAAGCAATCTACTCAT-1,LAM2,snRNA,program_3,0.09265515208244324
unrestricted_lam,LAM2:AAAGTAGGTCTCTCTG-1,LAM2,snRNA,program_3,0.0
unrestricted_lam,LAM2:AAAGTAGTCTCGCTTG-1,LAM2,snRNA,program_3,0.11896377056837082
unrestricted_lam,LAM2:AACGTTGTCCAACCAA-1,LAM2,snRNA,program_3,0.09807367622852325
unrestricted_lam,LAM2:AACTCTTAGATAGTCA-1,LAM2,snRNA,program_3,0.1300218254327774
unrestricted_lam,LAM2:AACTCTTGTAAGGATT-1,LAM2,snRNA,program_3,0.2100372314453125
unrestricted_lam,LAM2:AACTCTTTCTTGGGTA-1,LAM2,snRNA,program_3,0.49983376264572144
unrestricted_lam,LAM2:AACTGGTAGGGCACTA-1,LAM2,snRNA,program_3,0.12979090213775635
unrestricted_lam,LAM2:AACTGGTGTTCCGGCA-1,LAM2,snRNA,program_3,0.7405071258544922
unrestricted_lam,LAM2:AAGACCTCATCCCATC-1,LAM2,snRNA,program_3,0.12085399031639099
unrestricted_lam,LAM2:AAGGAGCGTGTGAATA-1,LAM2,snRNA,program_3,0.6710523962974548
unrestricted_lam,LAM2:AAGGAGCGTTAAGAAC-1,LAM2,snRNA,program_3,0.6719544529914856
unrestricted_lam,LAM2:AAGGCAGTCTTCCTTC-1,LAM2,snRNA,program_3,0.14994573593139648
unrestricted_lam,LAM2:AATCGGTAGGCTCAGA-1,LAM2,snRNA,program_3,0.07643328607082367
unrestricted_lam,LAM2:ACACCAAGTTGATTCG-1,LAM2,snRNA,program_3,0.11941380798816681
unrestricted_lam,LAM2:ACAGCTATCCGTAGTA-1,LAM2,snRNA,program_3,0.13247720897197723
unrestricted_lam,LAM2:ACATACGGTAGAGTGC-1,LAM2,snRNA,program_3,0.058336444199085236
unrestricted_lam,LAM2:ACCAGTAAGCAATATG-1,LAM2,snRNA,program_3,0.08466614037752151
unrestricted_lam,LAM2:ACCAGTAAGCGACGTA-1,LAM2,snRNA,program_3,0.7233242988586426
unrestricted_lam,LAM2:ACCGTAAGTCCGACGT-1,LAM2,snRNA,program_3,0.0
unrestricted_lam,LAM2:ACGATACAGGGTCGAT-1,LAM2,snRNA,program_3,0.024037539958953857
unrestricted_lam,LAM2:ACGCCAGGTAGAGCTG-1,LAM2,snRNA,program_3,0.42406246066093445
unrestricted_lam,LAM2:ACGGAGATCCACGACG-1,LAM2,snRNA,program_3,0.0789601057767868
unrestricted_lam,LAM2:ACGGGTCGTTCGAATC-1,LAM2,snRNA,program_3,0.07857352495193481
unrestricted_lam,LAM2:ACTATCTAGGGTCGAT-1,LAM2,snRNA,program_3,0.17792509496212006
unrestricted_lam,LAM2:ACTATCTTCGAACGGA-1,LAM2,snRNA,program_3,0.0
unrestricted_lam,LAM2:ACTGAGTTCGTACCGG-1,LAM2,snRNA,program_3,0.0976967066526413
unrestricted_lam,LAM2:ACTGATGGTAGAAGGA-1,LAM2,snRNA,program_3,0.40054142475128174
unrestricted_lam,LAM2:ACTTGTTTCGGTTCGG-1,LAM2,snRNA,program_3,0.15072935819625854
unrestricted_lam,LAM2:ACTTTCACATCGGTTA-1,LAM2,snRNA,program_3,0.019089866429567337
unrestricted_lam,LAM2:AGAATAGGTCATACTG-1,LAM2,snRNA,program_3,0.10696682333946228
unrestricted_lam,LAM2:AGAATAGTCCAGAGGA-1,LAM2,snRNA,program_3,0.07054871320724487
unrestricted_lam,LAM2:AGAATAGTCGCTTGTC-1,LAM2,snRNA,program_3,0.0
unrestricted_lam,LAM2:AGAATAGTCGGTTAAC-1,LAM2,snRNA,program_3,0.05527608469128609
unrestricted_lam,LAM2:AGAGTGGGTTCATGGT-1,LAM2,snRNA,program_3,0.2995035946369171
unrestricted_lam,LAM2:AGATTGCTCACCTCGT-1,LAM2,snRNA,program_3,0.08881547302007675
unrestricted_lam,LAM2:AGCGTATTCGTTGACA-1,LAM2,snRNA,program_3,0.08040634542703629
unrestricted_lam,LAM2:AGCTCCTAGAGAGCTC-1,LAM2,snRNA,program_3,0.1815631240606308
unrestricted_lam,LAM2:AGCTCTCCATAGTAAG-1,LAM2,snRNA,program_3,0.07873662561178207
unrestricted_lam,LAM2:AGCTTGAGTCTCCATC-1,LAM2,snRNA,program_3,0.05263553932309151
unrestricted_lam,LAM2:AGGCCACAGGCTCATT-1,LAM2,snRNA,program_3,0.09360121935606003
unrestricted_lam,LAM2:AGGCCGTAGCACCGCT-1,LAM2,snRNA,program_3,0.04777436703443527
unrestricted_lam,LAM2:AGGCCGTCAAGGTGTG-1,LAM2,snRNA,program_3,0.14047101140022278
unrestricted_lam,LAM2:AGGCCGTTCGTTTATC-1,LAM2,snRNA,program_3,0.23251493275165558
unrestricted_lam,LAM2:AGGTCCGTCACAATGC-1,LAM2,snRNA,program_3,0.22815079987049103
unrestricted_lam,LAM2:AGGTCCGTCCTATGTT-1,LAM2,snRNA,program_3,0.05888305604457855
unrestricted_lam,LAM2:AGTAGTCAGTACGCGA-1,LAM2,snRNA,program_3,0.08635260909795761
unrestricted_lam,LAM2:AGTAGTCCACGGCGTT-1,LAM2,snRNA,program_3,0.014504221267998219
unrestricted_lam,LAM2:AGTAGTCCATGCGCAC-1,LAM2,snRNA,program_3,0.07581133395433426
unrestricted_lam,LAM2:AGTGAGGCATCGGGTC-1,LAM2,snRNA,program_3,0.1861560046672821
unrestricted_lam,LAM2:AGTGAGGTCTACCTGC-1,LAM2,snRNA,program_3,0.14801552891731262
unrestricted_lam,LAM2:AGTGGGAAGCTAGCCC-1,LAM2,snRNA,program_3,0.0
unrestricted_lam,LAM2:AGTGTCACAGTGACAG-1,LAM2,snRNA,program_3,0.0
unrestricted_lam,LAM2:AGTTGGTAGCTAGCCC-1,LAM2,snRNA,program_3,0.13522282242774963
unrestricted_lam,LAM2:AGTTGGTTCGCGGATC-1,LAM2,snRNA,program_3,0.009309087879955769
unrestricted_lam,LAM2:ATAAGAGAGCCGCCTA-1,LAM2,snRNA,program_3,0.0033906716853380203
unrestricted_lam,LAM2:ATAAGAGCAGTTCATG-1,LAM2,snRNA,program_3,0.0
unrestricted_lam,LAM2:ATAAGAGCATCTCCCA-1,LAM2,snRNA,program_3,0.04256279766559601
unrestricted_lam,LAM2:ATCATCTAGCTGCAAG-1,LAM2,snRNA,program_3,0.0
unrestricted_lam,LAM2:ATCCACCAGCGTCTAT-1,LAM2,snRNA,program_3,0.461285263299942
unrestricted_lam,LAM2:ATCCGAACAACTGCTA-1,LAM2,snRNA,program_3,0.04355549067258835
unrestricted_lam,LAM2:ATCTACTTCGGCGCAT-1,LAM2,snRNA,program_3,0.2130928635597229
unrestricted_lam,LAM2:ATCTGCCGTAGAGCTG-1,LAM2,snRNA,program_3,0.12482654303312302
unrestricted_lam,LAM2:ATCTGCCTCGGAAATA-1,LAM2,snRNA,program_3,0.0
unrestricted_lam,LAM2:ATGCGATCAGTCCTTC-1,LAM2,snRNA,program_3,0.13314980268478394
unrestricted_lam,LAM2:ATGCGATGTTTGGGCC-1,LAM2,snRNA,program_3,0.2011057436466217
unrestricted_lam,LAM2:ATGGGAGCACCAGATT-1,LAM2,snRNA,program_3,0.04258308932185173
unrestricted_lam,LAM2:ATTATCCAGGTCGGAT-1,LAM2,snRNA,program_3,0.0831097885966301
unrestricted_lam,LAM2:ATTGGTGCAGTAAGAT-1,LAM2,snRNA,program_3,0.6368747353553772
unrestricted_lam,LAM2:ATTGGTGGTGGTAACG-1,LAM2,snRNA,program_3,0.4050126373767853
unrestricted_lam,LAM2:CAACCAAAGGAGTTGC-1,LAM2,snRNA,program_3,0.08150884509086609
unrestricted_lam,LAM2:CAACCAAGTTACCGAT-1,LAM2,snRNA,program_3,0.07112859934568405
unrestricted_lam,LAM2:CAACCTCAGGTGACCA-1,LAM2,snRNA,program_3,0.16579791903495789
unrestricted_lam,LAM2:CAACCTCGTAGCACGA-1,LAM2,snRNA,program_3,0.7956284284591675
unrestricted_lam,LAM2:CAACTAGGTCGGGTCT-1,LAM2,snRNA,program_3,0.5361223816871643
unrestricted_lam,LAM2:CAAGATCTCTCAAGTG-1,LAM2,snRNA,program_3,0.0
unrestricted_lam,LAM2:CAAGTTGAGGGATGGG-1,LAM2,snRNA,program_3,0.5093056559562683
unrestricted_lam,LAM2:CACACAAAGTCCCACG-1,LAM2,snRNA,program_3,0.32109561562538147
unrestricted_lam,LAM2:CACACCTAGTTGAGAT-1,LAM2,snRNA,program_3,0.20812323689460754
unrestricted_lam,LAM2:CACACCTCAATGTAAG-1,LAM2,snRNA,program_3,0.07701240479946136
unrestricted_lam,LAM2:CACAGGCAGGACAGCT-1,LAM2,snRNA,program_3,0.004783887881785631
unrestricted_lam,LAM2:CACAGGCTCGGAGGTA-1,LAM2,snRNA,program_3,0.14629830420017242
unrestricted_lam,LAM2:CACATAGCAAGTAGTA-1,LAM2,snRNA,program_3,0.06103895977139473
unrestricted_lam,LAM2:CACATAGGTCTTTCAT-1,LAM2,snRNA,program_3,0.05726532265543938
unrestricted_lam,LAM2:CACATTTTCTTGAGGT-1,LAM2,snRNA,program_3,0.49308139085769653
unrestricted_lam,LAM2:CACCAGGAGCTAGTTC-1,LAM2,snRNA,program_3,0.02199670672416687
unrestricted_lam,LAM2:CACTCCACAGGTCGTC-1,LAM2,snRNA,program_3,0.06737767159938812
unrestricted_lam,LAM2:CAGAATCCACGGACAA-1,LAM2,snRNA,program_3,0.0
unrestricted_lam,LAM2:CAGAGAGCAAATCCGT-1,LAM2,snRNA,program_3,0.6125359535217285
unrestricted_lam,LAM2:CAGCAGCTCTGCGGCA-1,LAM2,snRNA,program_3,0.12153612077236176
unrestricted_lam,LAM2:CAGCCGATCACGATGT-1,LAM2,snRNA,program_3,0.6764225363731384
unrestricted_lam,LAM2:CAGCCGATCCTATGTT-1,LAM2,snRNA,program_3,0.12810175120830536
unrestricted_lam,LAM2:CAGCCGATCTGATACG-1,LAM2,snRNA,program_3,0.4108516275882721
unrestricted_lam,LAM2:CAGCTAAAGTGGTCCC-1,LAM2,snRNA,program_3,0.0766180083155632
unrestricted_lam,LAM2:CAGCTGGCACTTCGAA-1,LAM2,snRNA,program_3,0.08525609970092773
unrestricted_lam,LAM2:CAGTAACCAGGGTATG-1,LAM2,snRNA,program_3,0.16045168042182922
unrestricted_lam,LAM2:CATCAAGCAGTGGAGT-1,LAM2,snRNA,program_3,0.4688913822174072
unrestricted_lam,LAM2:CATCCACTCGGAAATA-1,LAM2,snRNA,program_3,0.6400855183601379
unrestricted_lam,LAM2:CATCGGGGTACCGCTG-1,LAM2,snRNA,program_3,0.08632050454616547
unrestricted_lam,LAM2:CATGACAGTCTAGCGC-1,LAM2,snRNA,program_3,0.6618959903717041
unrestricted_lam,LAM2:CATGCCTCAGGATCGA-1,LAM2,snRNA,program_3,0.0
unrestricted_lam,LAM2:CATTATCAGTGGGCTA-1,LAM2,snRNA,program_3,0.07232017070055008
unrestricted_lam,LAM2:CATTATCGTACAGACG-1,LAM2,snRNA,program_3,0.1421881467103958
unrestricted_lam,LAM2:CATTCGCAGCACGCCT-1,LAM2,snRNA,program_3,0.05923670902848244
unrestricted_lam,LAM2:CCACTACAGCCACGTC-1,LAM2,snRNA,program_3,0.6900544762611389
unrestricted_lam,LAM2:CCACTACTCTATCGCC-1,LAM2,snRNA,program_3,0.047511059790849686
unrestricted_lam,LAM2:CCAGCGAGTCATACTG-1,LAM2,snRNA,program_3,0.1320147067308426
unrestricted_lam,LAM2:CCAGCGATCGGCGGTT-1,LAM2,snRNA,program_3,0.16082364320755005
unrestricted_lam,LAM2:CCATGTCGTAAGTAGT-1,LAM2,snRNA,program_3,0.21709726750850677
unrestricted_lam,LAM2:CCATGTCGTACCGTTA-1,LAM2,snRNA,program_3,0.048273686319589615
unrestricted_lam,LAM2:CCCAATCGTTTGACTG-1,LAM2,snRNA,program_3,0.06795116513967514
unrestricted_lam,LAM2:CCCATACAGCCATCGC-1,LAM2,snRNA,program_3,0.11934510618448257
unrestricted_lam,LAM2:CCGGGATCACAGGCCT-1,LAM2,snRNA,program_3,0.10049933940172195
unrestricted_lam,LAM2:CCGTACTAGGAATTAC-1,LAM2,snRNA,program_3,0.08946597576141357
unrestricted_lam,LAM2:CCGTGGAAGACCACGA-1,LAM2,snRNA,program_3,0.07829661667346954
unrestricted_lam,LAM2:CCGTTCATCCGCTGTT-1,LAM2,snRNA,program_3,0.129241943359375
unrestricted_lam,LAM2:CCTAAAGGTAAGGATT-1,LAM2,snRNA,program_3,0.05469520017504692
unrestricted_lam,LAM2:CCTACACTCAGGCCCA-1,LAM2,snRNA,program_3,0.6819239258766174
unrestricted_lam,LAM2:CCTAGCTAGTTGAGTA-1,LAM2,snRNA,program_3,0.4953382909297943
unrestricted_lam,LAM2:CCTAGCTTCTTGAGAC-1,LAM2,snRNA,program_3,0.13784007728099823
unrestricted_lam,LAM2:CCTATTAAGTCACGCC-1,LAM2,snRNA,program_3,0.09372221678495407
unrestricted_lam,LAM2:CCTCTGAGTATCTGCA-1,LAM2,snRNA,program_3,0.6593949198722839
unrestricted_lam,LAM2:CCTCTGATCACATAGC-1,LAM2,snRNA,program_3,0.09026172757148743
unrestricted_lam,LAM2:CCTTACGCACGACTCG-1,LAM2,snRNA,program_3,0.0952584519982338
unrestricted_lam,LAM2:CCTTACGTCATGTCTT-1,LAM2,snRNA,program_3,0.07267948240041733
unrestricted_lam,LAM2:CGAACATAGAACTCGG-1,LAM2,snRNA,program_3,0.5040047764778137
unrestricted_lam,LAM2:CGAATGTAGTGCGTGA-1,LAM2,snRNA,program_3,0.13306139409542084
unrestricted_lam,LAM2:CGAATGTTCCTATGTT-1,LAM2,snRNA,program_3,0.3392958641052246
unrestricted_lam,LAM2:CGACCTTAGGCTAGAC-1,LAM2,snRNA,program_3,0.44027188420295715
unrestricted_lam,LAM2:CGACCTTCAGTGGAGT-1,LAM2,snRNA,program_3,0.11121872812509537
unrestricted_lam,LAM2:CGACCTTGTAGCCTCG-1,LAM2,snRNA,program_3,0.398946076631546
unrestricted_lam,LAM2:CGACCTTGTCGCGTGT-1,LAM2,snRNA,program_3,0.23603582382202148
unrestricted_lam,LAM2:CGACCTTGTGACTCAT-1,LAM2,snRNA,program_3,0.37739866971969604
unrestricted_lam,LAM2:CGACCTTTCACCTTAT-1,LAM2,snRNA,program_3,0.13875296711921692
unrestricted_lam,LAM2:CGACCTTTCGCTGATA-1,LAM2,snRNA,program_3,0.0651034265756607
unrestricted_lam,LAM2:CGAGAAGAGAGCAATT-1,LAM2,snRNA,program_3,0.16259326040744781
unrestricted_lam,LAM2:CGAGAAGTCTAGCACA-1,LAM2,snRNA,program_3,0.029968831688165665
unrestricted_lam,LAM2:CGAGCCATCTCTGCTG-1,LAM2,snRNA,program_3,0.5709079504013062
unrestricted_lam,LAM2:CGATGGCTCTCGCTTG-1,LAM2,snRNA,program_3,0.124697744846344
unrestricted_lam,LAM2:CGATTGAAGGACAGCT-1,LAM2,snRNA,program_3,0.49240440130233765
unrestricted_lam,LAM2:CGCCAAGGTAGCACGA-1,LAM2,snRNA,program_3,0.08380450308322906
unrestricted_lam,LAM2:CGCGTTTAGTGGAGAA-1,LAM2,snRNA,program_3,0.671968400478363
unrestricted_lam,LAM2:CGCGTTTGTGGGTATG-1,LAM2,snRNA,program_3,0.0830099880695343
unrestricted_lam,LAM2:CGCTGGAGTATCTGCA-1,LAM2,snRNA,program_3,0.09826571494340897
unrestricted_lam,LAM2:CGCTGGATCAACGCTA-1,LAM2,snRNA,program_3,0.06080174446105957
unrestricted_lam,LAM2:CGCTTCACACGAAATA-1,LAM2,snRNA,program_3,0.6912896633148193
unrestricted_lam,LAM2:CGGACACGTCAACATC-1,LAM2,snRNA,program_3,0.5318611860275269
unrestricted_lam,LAM2:CGGACGTAGACCTTTG-1,LAM2,snRNA,program_3,0.5104888081550598
unrestricted_lam,LAM2:CGGACTGTCTGGTTCC-1,LAM2,snRNA,program_3,0.08253338932991028
unrestricted_lam,LAM2:CGGAGCTGTGCGATAG-1,LAM2,snRNA,program_3,0.022588729858398438
unrestricted_lam,LAM2:CGGAGCTTCTGTACGA-1,LAM2,snRNA,program_3,0.00017964985454455018
unrestricted_lam,LAM2:CGGAGTCGTTGGTAAA-1,LAM2,snRNA,program_3,0.11691796034574509
unrestricted_lam,LAM2:CGTCACTAGGCGCTCT-1,LAM2,snRNA,program_3,0.0
unrestricted_lam,LAM2:CGTCACTCATTAGGCT-1,LAM2,snRNA,program_3,0.09194621443748474
unrestricted_lam,LAM2:CGTCTACAGTGTACGG-1,LAM2,snRNA,program_3,0.10019419342279434
unrestricted_lam,LAM2:CGTCTACGTTATCGGT-1,LAM2,snRNA,program_3,0.16936954855918884
unrestricted_lam,LAM2:CGTGAGCGTGCTGTAT-1,LAM2,snRNA,program_3,0.0
unrestricted_lam,LAM2:CGTGAGCTCATGTAGC-1,LAM2,snRNA,program_3,0.6597042679786682
unrestricted_lam,LAM2:CGTGTAAAGATCTGAA-1,LAM2,snRNA,program_3,0.014802941121160984
unrestricted_lam,LAM2:CGTTAGATCCACGACG-1,LAM2,snRNA,program_3,0.0
unrestricted_lam,LAM2:CGTTAGATCTACCTGC-1,LAM2,snRNA,program_3,0.1464148312807083
unrestricted_lam,LAM2:CTACACCCACATCTTT-1,LAM2,snRNA,program_3,0.11281002312898636
unrestricted_lam,LAM2:CTACATTAGCCAGGAT-1,LAM2,snRNA,program_3,0.46405717730522156
unrestricted_lam,LAM2:CTACATTAGTGTGGCA-1,LAM2,snRNA,program_3,0.5352007746696472
unrestricted_lam,LAM2:CTAGCCTAGATCGATA-1,LAM2,snRNA,program_3,0.7341348528862
unrestricted_lam,LAM2:CTAGCCTTCATCTGTT-1,LAM2,snRNA,program_3,0.05114290118217468
unrestricted_lam,LAM2:CTCACACGTCATTAGC-1,LAM2,snRNA,program_3,0.05995018780231476
unrestricted_lam,LAM2:CTCGAAATCGCCCTTA-1,LAM2,snRNA,program_3,0.11198922991752625
unrestricted_lam,LAM2:CTCGAAATCGGCATCG-1,LAM2,snRNA,program_3,0.27379080653190613
unrestricted_lam,LAM2:CTCGAGGAGAATTGTG-1,LAM2,snRNA,program_3,0.09099037945270538
unrestricted_lam,LAM2:CTCGGAGAGCACACAG-1,LAM2,snRNA,program_3,0.1924239993095398
unrestricted_lam,LAM2:CTCGGGACAGGGAGAG-1,LAM2,snRNA,program_3,0.05753343924880028
unrestricted_lam,LAM2:CTCGTCAGTTATCACG-1,LAM2,snRNA,program_3,0.07670385390520096
unrestricted_lam,LAM2:CTCGTCATCATCGATG-1,LAM2,snRNA,program_3,0.04787426441907883
unrestricted_lam,LAM2:CTCTGGTCAAACCCAT-1,LAM2,snRNA,program_3,0.39894816279411316
unrestricted_lam,LAM2:CTGAAACAGCTAACAA-1,LAM2,snRNA,program_3,0.07101134955883026
unrestricted_lam,LAM2:CTGAAGTTCTGATTCT-1,LAM2,snRNA,program_3,0.16940855979919434
unrestricted_lam,LAM2:CTGCGGAGTCTAAAGA-1,LAM2,snRNA,program_3,0.0
unrestricted_lam,LAM2:CTGTTTAAGTGAAGAG-1,LAM2,snRNA,program_3,0.0
unrestricted_lam,LAM2:CTGTTTACAAGCCGCT-1,LAM2,snRNA,program_3,0.11472296714782715
unrestricted_lam,LAM2:CTGTTTACACAAGACG-1,LAM2,snRNA,program_3,0.13587196171283722
unrestricted_lam,LAM2:CTTAACTGTTGACGTT-1,LAM2,snRNA,program_3,0.0165721345692873
unrestricted_lam,LAM2:CTTAACTTCTATCCCG-1,LAM2,snRNA,program_3,0.16886651515960693
unrestricted_lam,LAM2:CTTGGCTAGCTAGTCT-1,LAM2,snRNA,program_3,0.1454744040966034
unrestricted_lam,LAM2:CTTGGCTTCGTTACGA-1,LAM2,snRNA,program_3,0.015120995230972767
unrestricted_lam,LAM2:CTTGGCTTCTCGATGA-1,LAM2,snRNA,program_3,0.2696780264377594
unrestricted_lam,LAM2:CTTTGCGTCCATTCTA-1,LAM2,snRNA,program_3,0.29976552724838257
unrestricted_lam,LAM2:GAAATGACAATGAAAC-1,LAM2,snRNA,program_3,0.05978146195411682
unrestricted_lam,LAM2:GAAATGAGTATCACCA-1,LAM2,snRNA,program_3,0.08388292044401169
unrestricted_lam,LAM2:GAACATCGTGCATCTA-1,LAM2,snRNA,program_3,0.03298665210604668
unrestricted_lam,LAM2:GAACATCTCAGCCTAA-1,LAM2,snRNA,program_3,0.4943952262401581
unrestricted_lam,LAM2:GAACCTAGTCATATGC-1,LAM2,snRNA,program_3,0.038496535271406174
unrestricted_lam,LAM2:GAAGCAGAGATCTGCT-1,LAM2,snRNA,program_3,0.06975170224905014
unrestricted_lam,LAM2:GAAGCAGAGCTAAACA-1,LAM2,snRNA,program_3,0.2515256702899933
unrestricted_lam,LAM2:GAAGCAGAGGCGACAT-1,LAM2,snRNA,program_3,0.6657986044883728
unrestricted_lam,LAM2:GAAGCAGTCGTTACGA-1,LAM2,snRNA,program_3,0.014400835148990154
unrestricted_lam,LAM2:GAATGAACACCCAGTG-1,LAM2,snRNA,program_3,0.06111821532249451
unrestricted_lam,LAM2:GAATGAACAGTGACAG-1,LAM2,snRNA,program_3,0.07858391106128693
unrestricted_lam,LAM2:GACAGAGCACTCTGTC-1,LAM2,snRNA,program_3,0.006876022554934025
unrestricted_lam,LAM2:GACCAATGTTGTCGCG-1,LAM2,snRNA,program_3,0.03806281462311745
unrestricted_lam,LAM2:GACCAATTCTCGATGA-1,LAM2,snRNA,program_3,0.02178441546857357
unrestricted_lam,LAM2:GACGCGTAGCCCGAAA-1,LAM2,snRNA,program_3,0.5871440172195435
unrestricted_lam,LAM2:GACGGCTCACCGAAAG-1,LAM2,snRNA,program_3,0.010141183622181416
unrestricted_lam,LAM2:GACGTGCTCTGCCCTA-1,LAM2,snRNA,program_3,0.15715333819389343
unrestricted_lam,LAM2:GACTAACGTACCCAAT-1,LAM2,snRNA,program_3,0.5471523404121399
unrestricted_lam,LAM2:GACTAACGTGTTTGGT-1,LAM2,snRNA,program_3,0.07770419865846634
unrestricted_lam,LAM2:GACTACAAGCGATCCC-1,LAM2,snRNA,program_3,0.7306346297264099
unrestricted_lam,LAM2:GAGGTGAAGTGTACGG-1,LAM2,snRNA,program_3,0.0
unrestricted_lam,LAM2:GAGGTGATCTGGAGCC-1,LAM2,snRNA,program_3,0.2702295780181885
unrestricted_lam,LAM2:GAGGTGATCTTCAACT-1,LAM2,snRNA,program_3,0.0835578441619873
unrestricted_lam,LAM2:GAGTCCGAGGCATGGT-1,LAM2,snRNA,program_3,0.6196480393409729
unrestricted_lam,LAM2:GATCAGTAGCTAGGCA-1,LAM2,snRNA,program_3,0.062048252671957016
unrestricted_lam,LAM2:GATCAGTGTTCCACGG-1,LAM2,snRNA,program_3,0.0015301421517506242
unrestricted_lam,LAM2:GATCGTATCAGCTCGG-1,LAM2,snRNA,program_3,0.2729761302471161
unrestricted_lam,LAM2:GATCGTATCTCTGTCG-1,LAM2,snRNA,program_3,0.5900474190711975
unrestricted_lam,LAM2:GATCTAGTCTTGCCGT-1,LAM2,snRNA,program_3,0.06668636202812195
unrestricted_lam,LAM2:GATGAAAGTGTGGTTT-1,LAM2,snRNA,program_3,0.12769131362438202
unrestricted_lam,LAM2:GCAAACTGTTGCTCCT-1,LAM2,snRNA,program_3,0.10072687268257141
unrestricted_lam,LAM2:GCAATCAGTAAACGCG-1,LAM2,snRNA,program_3,0.34821024537086487
unrestricted_lam,LAM2:GCAATCAGTATGAAAC-1,LAM2,snRNA,program_3,0.1367044746875763
unrestricted_lam,LAM2:GCACATAGTAGCGCTC-1,LAM2,snRNA,program_3,0.07791950553655624
unrestricted_lam,LAM2:GCACTCTAGACATAAC-1,LAM2,snRNA,program_3,0.0701017677783966
unrestricted_lam,LAM2:GCATGATAGGTTCCTA-1,LAM2,snRNA,program_3,0.13687969744205475
unrestricted_lam,LAM2:GCATGCGGTTCACGGC-1,LAM2,snRNA,program_3,0.525926947593689
unrestricted_lam,LAM2:GCGACCAGTATAGTAG-1,LAM2,snRNA,program_3,0.014978459104895592
unrestricted_lam,LAM2:GCGCAACAGTCATGCT-1,LAM2,snRNA,program_3,0.7698928713798523
unrestricted_lam,LAM2:GCGCAGTGTGTCCTCT-1,LAM2,snRNA,program_3,0.10486835241317749
unrestricted_lam,LAM2:GCGCGATCAGCGTAAG-1,LAM2,snRNA,program_3,0.001872762804850936
unrestricted_lam,LAM2:GCTCCTACAGTGGGAT-1,LAM2,snRNA,program_3,0.6141509413719177
unrestricted_lam,LAM2:GCTCCTAGTGACCAAG-1,LAM2,snRNA,program_3,0.09131082892417908
unrestricted_lam,LAM2:GCTCTGTGTACGCACC-1,LAM2,snRNA,program_3,0.12935444712638855
unrestricted_lam,LAM2:GCTCTGTGTCTGATTG-1,LAM2,snRNA,program_3,0.0
unrestricted_lam,LAM2:GCTGCGAGTCTTCTCG-1,LAM2,snRNA,program_3,0.08611271530389786
unrestricted_lam,LAM2:GCTGCGATCCGCGTTT-1,LAM2,snRNA,program_3,0.12595482170581818
unrestricted_lam,LAM2:GCTTCCAAGAAGGGTA-1,LAM2,snRNA,program_3,0.07101715356111526
unrestricted_lam,LAM2:GCTTCCACAGAGTGTG-1,LAM2,snRNA,program_3,0.02127128653228283
unrestricted_lam,LAM2:GCTTCCATCTCAAGTG-1,LAM2,snRNA,program_3,0.012235479429364204
unrestricted_lam,LAM2:GCTTGAATCAAACCGT-1,LAM2,snRNA,program_3,0.045205600559711456
unrestricted_lam,LAM2:GGAAAGCGTTACGGAG-1,LAM2,snRNA,program_3,0.06986723095178604
unrestricted_lam,LAM2:GGAAAGCTCATGCATG-1,LAM2,snRNA,program_3,0.13970285654067993
unrestricted_lam,LAM2:GGACATTGTCTCCATC-1,LAM2,snRNA,program_3,0.10421942174434662
unrestricted_lam,LAM2:GGACGTCCAAGAGGCT-1,LAM2,snRNA,program_3,0.10625798255205154
unrestricted_lam,LAM2:GGATGTTGTATATCCG-1,LAM2,snRNA,program_3,0.0690639466047287
unrestricted_lam,LAM2:GGATTACCAATAACGA-1,LAM2,snRNA,program_3,0.47845882177352905
unrestricted_lam,LAM2:GGATTACTCCCTTGCA-1,LAM2,snRNA,program_3,0.0
unrestricted_lam,LAM2:GGCAATTCACCATGTA-1,LAM2,snRNA,program_3,0.13282038271427155
unrestricted_lam,LAM2:GGCCGATCAATGCCAT-1,LAM2,snRNA,program_3,0.7620245814323425
unrestricted_lam,LAM2:GGCGACTCACACAGAG-1,LAM2,snRNA,program_3,0.14079993963241577
unrestricted_lam,LAM2:GGCGTGTGTGGCTCCA-1,LAM2,snRNA,program_3,0.0029682456515729427
unrestricted_lam,LAM2:GGCTCGAAGTAGGCCA-1,LAM2,snRNA,program_3,0.07496855407953262
unrestricted_lam,LAM2:GGGACCTAGACACGAC-1,LAM2,snRNA,program_3,0.19673438370227814
unrestricted_lam,LAM2:GGGACCTGTCCGCTGA-1,LAM2,snRNA,program_3,0.11280118674039841
unrestricted_lam,LAM2:GGGAGATGTCTCATCC-1,LAM2,snRNA,program_3,0.1334044635295868
unrestricted_lam,LAM2:GGGCATCTCCTTGGTC-1,LAM2,snRNA,program_3,0.028175463899970055
unrestricted_lam,LAM2:GGTATTGAGTCATGCT-1,LAM2,snRNA,program_3,0.09416703134775162
unrestricted_lam,LAM2:GGTGCGTAGTGTCCAT-1,LAM2,snRNA,program_3,0.1941847950220108
unrestricted_lam,LAM2:GGTGCGTGTTATGCGT-1,LAM2,snRNA,program_3,0.0
unrestricted_lam,LAM2:GGTGTTAGTTAAGACA-1,LAM2,snRNA,program_3,0.09598234295845032
unrestricted_lam,LAM2:GTAACGTCATGCATGT-1,LAM2,snRNA,program_3,0.08502566814422607
unrestricted_lam,LAM2:GTAACTGCAATTGCTG-1,LAM2,snRNA,program_3,0.4813009202480316
unrestricted_lam,LAM2:GTAACTGCATCACGAT-1,LAM2,snRNA,program_3,0.09612523764371872
unrestricted_lam,LAM2:GTACTTTCAAGCGATG-1,LAM2,snRNA,program_3,0.15986268222332
unrestricted_lam,LAM2:GTACTTTGTCAGATAA-1,LAM2,snRNA,program_3,0.11470213532447815
unrestricted_lam,LAM2:GTCAAGTCAGATCCAT-1,LAM2,snRNA,program_3,0.07809639722108841
unrestricted_lam,LAM2:GTCAAGTCATGAGCGA-1,LAM2,snRNA,program_3,0.10147439688444138
unrestricted_lam,LAM2:GTCACAACAGATGGGT-1,LAM2,snRNA,program_3,0.1429109275341034
unrestricted_lam,LAM2:GTCACAACATTATCTC-1,LAM2,snRNA,program_3,0.16852407157421112
unrestricted_lam,LAM2:GTCACGGGTAAACACA-1,LAM2,snRNA,program_3,0.06170181557536125
unrestricted_lam,LAM2:GTCACGGGTTCTCATT-1,LAM2,snRNA,program_3,0.17999018728733063
unrestricted_lam,LAM2:GTCATTTAGCCACGCT-1,LAM2,snRNA,program_3,0.09718591719865799
unrestricted_lam,LAM2:GTCATTTCAGACAAGC-1,LAM2,snRNA,program_3,0.30492421984672546
unrestricted_lam,LAM2:GTCCTCACAATCCAAC-1,LAM2,snRNA,program_3,0.0894312784075737
unrestricted_lam,LAM2:GTCCTCAGTCCAGTGC-1,LAM2,snRNA,program_3,0.000991080072708428
unrestricted_lam,LAM2:GTCTTCGGTCGCCATG-1,LAM2,snRNA,program_3,0.003868803847581148
unrestricted_lam,LAM2:GTCTTCGGTTATGCGT-1,LAM2,snRNA,program_3,0.6893150806427002
unrestricted_lam,LAM2:GTGCAGCCATGTCCTC-1,LAM2,snRNA,program_3,0.41951441764831543
unrestricted_lam,LAM2:GTGCAGCTCGCGATCG-1,LAM2,snRNA,program_3,0.0
unrestricted_lam,LAM2:GTGCATACAGTATGCT-1,LAM2,snRNA,program_3,0.29310745000839233
unrestricted_lam,LAM2:GTGCATAGTCGGCTCA-1,LAM2,snRNA,program_3,0.18777121603488922
unrestricted_lam,LAM2:GTGCATAGTTCCATGA-1,LAM2,snRNA,program_3,0.10395324975252151
unrestricted_lam,LAM2:GTGCGGTGTGCTCTTC-1,LAM2,snRNA,program_3,0.17616616189479828
unrestricted_lam,LAM2:GTGCGGTTCGAGGTAG-1,LAM2,snRNA,program_3,0.7921085357666016
unrestricted_lam,LAM2:GTGCTTCAGAAGGCCT-1,LAM2,snRNA,program_3,0.0
unrestricted_lam,LAM2:GTGGGTCAGTAGCGGT-1,LAM2,snRNA,program_3,0.0
unrestricted_lam,LAM2:GTGGGTCCACATAACC-1,LAM2,snRNA,program_3,0.1953999102115631
unrestricted_lam,LAM2:GTTAAGCTCTGTCTAT-1,LAM2,snRNA,program_3,0.03033948875963688
unrestricted_lam,LAM2:GTTCTCGCAGCCTGTG-1,LAM2,snRNA,program_3,0.07378687709569931
unrestricted_lam,LAM2:GTTCTCGCAGTATGCT-1,LAM2,snRNA,program_3,0.19640643894672394
unrestricted_lam,LAM2:TAAGAGAGTCGTCTTC-1,LAM2,snRNA,program_3,0.07626468688249588
unrestricted_lam,LAM2:TAAGTGCTCAGTGTTG-1,LAM2,snRNA,program_3,0.45424216985702515
unrestricted_lam,LAM2:TACCTATTCTACTTAC-1,LAM2,snRNA,program_3,0.7650700807571411
unrestricted_lam,LAM2:TACCTTAAGGCCCTTG-1,LAM2,snRNA,program_3,0.07755078375339508
unrestricted_lam,LAM2:TACGGATTCTGCAAGT-1,LAM2,snRNA,program_3,0.04796362295746803
unrestricted_lam,LAM2:TACGGTAAGCCAGTAG-1,LAM2,snRNA,program_3,0.039047665894031525
unrestricted_lam,LAM2:TACGGTAGTCATTAGC-1,LAM2,snRNA,program_3,0.3190825879573822
unrestricted_lam,LAM2:TACTCATTCATGTGGT-1,LAM2,snRNA,program_3,0.03897271677851677
unrestricted_lam,LAM2:TACTTGTCACTTGGAT-1,LAM2,snRNA,program_3,0.13905347883701324
unrestricted_lam,LAM2:TACTTGTTCGGACAAG-1,LAM2,snRNA,program_3,0.15507671236991882
unrestricted_lam,LAM2:TAGACCAGTAGGCATG-1,LAM2,snRNA,program_3,0.769747793674469
unrestricted_lam,LAM2:TAGCCGGTCGAATCCA-1,LAM2,snRNA,program_3,0.0
unrestricted_lam,LAM2:TAGTGGTCACACCGAC-1,LAM2,snRNA,program_3,0.11014703661203384
unrestricted_lam,LAM2:TAGTGGTGTGCCTGTG-1,LAM2,snRNA,program_3,0.10223467648029327
unrestricted_lam,LAM2:TATCAGGTCCACGACG-1,LAM2,snRNA,program_3,0.1148248016834259
unrestricted_lam,LAM2:TATCTCAGTGCAGGTA-1,LAM2,snRNA,program_3,0.16726189851760864
unrestricted_lam,LAM2:TATCTCAGTTCTGAAC-1,LAM2,snRNA,program_3,0.17421548068523407
unrestricted_lam,LAM2:TCAACGAAGGTGATAT-1,LAM2,snRNA,program_3,0.751474916934967
unrestricted_lam,LAM2:TCACAAGCATCGACGC-1,LAM2,snRNA,program_3,0.08025845885276794
unrestricted_lam,LAM2:TCAGATGCACGCCAGT-1,LAM2,snRNA,program_3,0.026758896186947823
unrestricted_lam,LAM2:TCAGCTCTCACCGTAA-1,LAM2,snRNA,program_3,0.7051713466644287
unrestricted_lam,LAM2:TCATTTGAGCGCTTAT-1,LAM2,snRNA,program_3,0.023175112903118134
unrestricted_lam,LAM2:TCCACACAGTGGAGTC-1,LAM2,snRNA,program_3,0.6945225596427917
unrestricted_lam,LAM2:TCCCGATAGAGCTGGT-1,LAM2,snRNA,program_3,0.18397380411624908
unrestricted_lam,LAM2:TCGAGGCCACCTCGGA-1,LAM2,snRNA,program_3,0.5249121189117432
unrestricted_lam,LAM2:TCGAGGCTCACCAGGC-1,LAM2,snRNA,program_3,0.1394324153661728
unrestricted_lam,LAM2:TCGGGACTCCCTTGCA-1,LAM2,snRNA,program_3,0.22311776876449585
unrestricted_lam,LAM2:TCGGTAAAGCTAGTTC-1,LAM2,snRNA,program_3,0.460326224565506
unrestricted_lam,LAM2:TCGGTAATCGGTGTTA-1,LAM2,snRNA,program_3,0.09120343625545502
unrestricted_lam,LAM2:TCGTAGAGTTATGTGC-1,LAM2,snRNA,program_3,0.11210264265537262
unrestricted_lam,LAM2:TCTATTGCAGTAAGCG-1,LAM2,snRNA,program_3,0.028166988864541054
unrestricted_lam,LAM2:TCTATTGGTACCAGTT-1,LAM2,snRNA,program_3,0.0787258893251419
unrestricted_lam,LAM2:TCTCTAAAGTGCAAGC-1,LAM2,snRNA,program_3,0.44628944993019104
unrestricted_lam,LAM2:TCTCTAAGTAGAAGGA-1,LAM2,snRNA,program_3,0.18118618428707123
unrestricted_lam,LAM2:TCTGGAACAGCCAGAA-1,LAM2,snRNA,program_3,0.04645867645740509
unrestricted_lam,LAM2:TGACAACGTACTCTCC-1,LAM2,snRNA,program_3,0.6743069291114807
unrestricted_lam,LAM2:TGACAACGTCTCCCTA-1,LAM2,snRNA,program_3,0.4031471014022827
unrestricted_lam,LAM2:TGAGGGAGTGACCAAG-1,LAM2,snRNA,program_3,0.6989567279815674
unrestricted_lam,LAM2:TGAGGGAGTGTTCGAT-1,LAM2,snRNA,program_3,0.07857099920511246
unrestricted_lam,LAM2:TGATTTCCATTTGCTT-1,LAM2,snRNA,program_3,0.09744010865688324
unrestricted_lam,LAM2:TGCACCTAGGCTACGA-1,LAM2,snRNA,program_3,0.16705232858657837
unrestricted_lam,LAM2:TGCACCTGTGCGGTAA-1,LAM2,snRNA,program_3,0.15317349135875702
unrestricted_lam,LAM2:TGCCAAAAGGTGCAAC-1,LAM2,snRNA,program_3,0.10122542083263397
unrestricted_lam,LAM2:TGCCCATAGCTGAACG-1,LAM2,snRNA,program_3,0.17295362055301666
unrestricted_lam,LAM2:TGCCCATTCAGAGACG-1,LAM2,snRNA,program_3,0.6786926984786987
unrestricted_lam,LAM2:TGCCCTACAAGCTGGA-1,LAM2,snRNA,program_3,0.07700323313474655
unrestricted_lam,LAM2:TGCCCTAGTCCTCTTG-1,LAM2,snRNA,program_3,0.18244165182113647
unrestricted_lam,LAM2:TGCGTGGAGAAGGGTA-1,LAM2,snRNA,program_3,0.07002760469913483
unrestricted_lam,LAM2:TGCTACCAGGTGCTTT-1,LAM2,snRNA,program_3,0.1332014948129654
unrestricted_lam,LAM2:TGCTACCAGTGGGTTG-1,LAM2,snRNA,program_3,0.2702949643135071
unrestricted_lam,LAM2:TGGCCAGAGACAGGCT-1,LAM2,snRNA,program_3,0.059121910482645035
unrestricted_lam,LAM2:TGGCCAGCACCACGTG-1,LAM2,snRNA,program_3,0.12240985035896301
unrestricted_lam,LAM2:TGGGCGTGTCCGCTGA-1,LAM2,snRNA,program_3,0.08302346616983414
unrestricted_lam,LAM2:TGGTTCCAGATGTGGC-1,LAM2,snRNA,program_3,0.09381850808858871
unrestricted_lam,LAM2:TGGTTCCGTCGTCTTC-1,LAM2,snRNA,program_3,0.07783542573451996
unrestricted_lam,LAM2:TGTCCCATCCCTTGCA-1,LAM2,snRNA,program_3,0.21526917815208435
unrestricted_lam,LAM2:TGTGGTACAAGGACTG-1,LAM2,snRNA,program_3,0.11578591167926788
unrestricted_lam,LAM2:TGTTCCGCAGCTGTTA-1,LAM2,snRNA,program_3,0.1244308352470398
unrestricted_lam,LAM2:TTAGGCACAATGGACG-1,LAM2,snRNA,program_3,0.0
unrestricted_lam,LAM2:TTAGTTCTCAACACTG-1,LAM2,snRNA,program_3,0.1156318411231041
unrestricted_lam,LAM2:TTATGCTGTCTAGAGG-1,LAM2,snRNA,program_3,0.630543053150177
unrestricted_lam,LAM2:TTCGAAGTCAACACTG-1,LAM2,snRNA,program_3,0.0
unrestricted_lam,LAM2:TTCTCCTCATTTCACT-1,LAM2,snRNA,program_3,0.12341079860925674
unrestricted_lam,LAM2:TTGAACGTCGTCTGCT-1,LAM2,snRNA,program_3,0.039327435195446014
unrestricted_lam,LAM2:TTGCCGTGTCGCGAAA-1,LAM2,snRNA,program_3,0.17645010352134705
unrestricted_lam,LAM2:TTGCGTCAGATCGGGT-1,LAM2,snRNA,program_3,0.32572463154792786
unrestricted_lam,LAM2:TTGCGTCGTAGCGTAG-1,LAM2,snRNA,program_3,0.06344076246023178
unrestricted_lam,LAM2:TTTACTGCATGCAACT-1,LAM2,snRNA,program_3,0.12826767563819885
unrestricted_lam,LAM2:TTTACTGTCCGCTGTT-1,LAM2,snRNA,program_3,0.04426855221390724
unrestricted_lam,LAM2:TTTATGCGTCGAGATG-1,LAM2,snRNA,program_3,0.4516763687133789
unrestricted_lam,LAM2:TTTGGTTTCCTTTCGG-1,LAM2,snRNA,program_3,0.13154682517051697
unrestricted_lam,LAM3:AAACCTGGTTGCTCCT-1,LAM3,scRNA,program_3,0.1643383651971817
unrestricted_lam,LAM3:AAACGGGCAAGGCTCC-1,LAM3,scRNA,program_3,0.6096651554107666
unrestricted_lam,LAM3:AAAGATGGTGTTGGGA-1,LAM3,scRNA,program_3,0.0
unrestricted_lam,LAM3:AACCATGGTATCGCAT-1,LAM3,scRNA,program_3,0.1291983276605606
unrestricted_lam,LAM3:AACCGCGGTCCCTACT-1,LAM3,scRNA,program_3,0.6245588064193726
unrestricted_lam,LAM3:AACCGCGTCGCCTGTT-1,LAM3,scRNA,program_3,0.03739072382450104
unrestricted_lam,LAM3:AACGTTGCAATGGAGC-1,LAM3,scRNA,program_3,0.37684378027915955
unrestricted_lam,LAM3:AACTCAGCACATTAGC-1,LAM3,scRNA,program_3,0.4314705431461334
unrestricted_lam,LAM3:AACTCAGGTCTAGCGC-1,LAM3,scRNA,program_3,0.15921205282211304
unrestricted_lam,LAM3:AACTCCCCAGCGTCCA-1,LAM3,scRNA,program_3,0.29278072714805603
unrestricted_lam,LAM3:AACTGGTCACGGTTTA-1,LAM3,scRNA,program_3,0.6368081569671631
unrestricted_lam,LAM3:AACTGGTGTTTGGGCC-1,LAM3,scRNA,program_3,0.3505766689777374
unrestricted_lam,LAM3:AAGACCTAGAGTAAGG-1,LAM3,scRNA,program_3,0.631416916847229
unrestricted_lam,LAM3:AAGACCTAGTAACCCT-1,LAM3,scRNA,program_3,0.7459276914596558
unrestricted_lam,LAM3:AAGGCAGCAGCTGCAC-1,LAM3,scRNA,program_3,0.0
unrestricted_lam,LAM3:AATCCAGTCACCACCT-1,LAM3,scRNA,program_3,0.0027015332598239183
unrestricted_lam,LAM3:AATCGGTAGCAAATCA-1,LAM3,scRNA,program_3,0.4619367718696594
unrestricted_lam,LAM3:ACACCCTTCCCAAGTA-1,LAM3,scRNA,program_3,0.1765427589416504
unrestricted_lam,LAM3:ACACCGGTCTGACCTC-1,LAM3,scRNA,program_3,0.11957519501447678
unrestricted_lam,LAM3:ACAGCCGCAGGCGATA-1,LAM3,scRNA,program_3,0.0979895293712616
unrestricted_lam,LAM3:ACAGCCGTCGCCTGAG-1,LAM3,scRNA,program_3,0.5003182291984558
unrestricted_lam,LAM3:ACAGCTAAGCGATAGC-1,LAM3,scRNA,program_3,0.5698585510253906
unrestricted_lam,LAM3:ACAGCTAAGGGTTTCT-1,LAM3,scRNA,program_3,0.2900125980377197
unrestricted_lam,LAM3:ACATACGCATACGCCG-1,LAM3,scRNA,program_3,0.23692703247070312
unrestricted_lam,LAM3:ACCGTAAAGGCTAGCA-1,LAM3,scRNA,program_3,0.7413057088851929
unrestricted_lam,LAM3:ACCGTAAGTGTTGAGG-1,LAM3,scRNA,program_3,0.41939035058021545
unrestricted_lam,LAM3:ACGAGCCGTGGCAAAC-1,LAM3,scRNA,program_3,0.14864259958267212
unrestricted_lam,LAM3:ACGAGGAGTAGTGAAT-1,LAM3,scRNA,program_3,0.6490948796272278
unrestricted_lam,LAM3:ACGAGGATCGTCCAGG-1,LAM3,scRNA,program_3,0.5701398253440857
unrestricted_lam,LAM3:ACGATGTTCCTTTCTC-1,LAM3,scRNA,program_3,0.5948808789253235
unrestricted_lam,LAM3:ACGCCAGAGAGGTTGC-1,LAM3,scRNA,program_3,0.5247943997383118
unrestricted_lam,LAM3:ACGCCAGAGGTAGCTG-1,LAM3,scRNA,program_3,0.666358470916748
unrestricted_lam,LAM3:ACGCCAGTCAGCTTAG-1,LAM3,scRNA,program_3,0.1855640709400177
unrestricted_lam,LAM3:ACGCCGACACTTAACG-1,LAM3,scRNA,program_3,0.13880500197410583
unrestricted_lam,LAM3:ACGGAGAAGCTATGCT-1,LAM3,scRNA,program_3,0.49445241689682007
unrestricted_lam,LAM3:ACGGGCTGTAGCGTGA-1,LAM3,scRNA,program_3,0.6747345328330994
unrestricted_lam,LAM3:ACGGGTCCATGGAATA-1,LAM3,scRNA,program_3,0.6118628978729248
unrestricted_lam,LAM3:ACGGGTCTCCCAACGG-1,LAM3,scRNA,program_3,0.688144862651825
unrestricted_lam,LAM3:ACTGAGTCAGCTGTGC-1,LAM3,scRNA,program_3,0.5296471118927002
unrestricted_lam,LAM3:ACTGCTCGTTCGCTAA-1,LAM3,scRNA,program_3,0.5938601493835449
unrestricted_lam,LAM3:AGAATAGCAGCCTTTC-1,LAM3,scRNA,program_3,0.045918431133031845
unrestricted_lam,LAM3:AGAATAGGTTACCAGT-1,LAM3,scRNA,program_3,0.5884934663772583
unrestricted_lam,LAM3:AGAGCGAGTTGGTTTG-1,LAM3,scRNA,program_3,0.20415577292442322
unrestricted_lam,LAM3:AGAGTGGCAATGCCAT-1,LAM3,scRNA,program_3,0.6724892258644104
unrestricted_lam,LAM3:AGAGTGGTCTGATACG-1,LAM3,scRNA,program_3,0.0
unrestricted_lam,LAM3:AGATTGCCATTGAGCT-1,LAM3,scRNA,program_3,0.03168172016739845
unrestricted_lam,LAM3:AGCGGTCGTAGCAAAT-1,LAM3,scRNA,program_3,0.5148594975471497
unrestricted_lam,LAM3:AGCGTATTCAAACAAG-1,LAM3,scRNA,program_3,0.5512919425964355
unrestricted_lam,LAM3:AGCGTATTCCATGCTC-1,LAM3,scRNA,program_3,0.5328141450881958
unrestricted_lam,LAM3:AGCGTCGCACTTACGA-1,LAM3,scRNA,program_3,0.0
unrestricted_lam,LAM3:AGCGTCGTCAAACCGT-1,LAM3,scRNA,program_3,0.05867200717329979
unrestricted_lam,LAM3:AGCTCCTAGGGTTTCT-1,LAM3,scRNA,program_3,0.23320220410823822
unrestricted_lam,LAM3:AGCTCTCGTTCGGCAC-1,LAM3,scRNA,program_3,0.6445233821868896
unrestricted_lam,LAM3:AGGCCACGTTGATTCG-1,LAM3,scRNA,program_3,0.7290089130401611
unrestricted_lam,LAM3:AGGCCGTTCCTTTCGG-1,LAM3,scRNA,program_3,0.046169742941856384
unrestricted_lam,LAM3:AGGTCATCAAACAACA-1,LAM3,scRNA,program_3,0.5262972116470337
unrestricted_lam,LAM3:AGTCTTTGTTACGCGC-1,LAM3,scRNA,program_3,0.6143619418144226
unrestricted_lam,LAM3:AGTGAGGCAAGCCGCT-1,LAM3,scRNA,program_3,0.3961379826068878
unrestricted_lam,LAM3:AGTGGGAAGAAGGGTA-1,LAM3,scRNA,program_3,0.08250214904546738
unrestricted_lam,LAM3:AGTGGGAAGATGGCGT-1,LAM3,scRNA,program_3,0.5690916180610657
unrestricted_lam,LAM3:AGTGGGAGTGTGCGTC-1,LAM3,scRNA,program_3,0.6108406186103821
unrestricted_lam,LAM3:AGTGTCAGTTTGTTGG-1,LAM3,scRNA,program_3,0.43927812576293945
unrestricted_lam,LAM3:ATAAGAGTCAACGGCC-1,LAM3,scRNA,program_3,0.3121216893196106
unrestricted_lam,LAM3:ATAGACCGTGGTCCGT-1,LAM3,scRNA,program_3,0.5872434377670288
unrestricted_lam,LAM3:ATCATCTAGTCTCGGC-1,LAM3,scRNA,program_3,0.5939353108406067
unrestricted_lam,LAM3:ATCATCTTCATGTAGC-1,LAM3,scRNA,program_3,0.7161961793899536
unrestricted_lam,LAM3:ATCCGAAAGAACTCGG-1,LAM3,scRNA,program_3,0.5747365951538086
unrestricted_lam,LAM3:ATCCGAATCAAGGCTT-1,LAM3,scRNA,program_3,0.6108315587043762
unrestricted_lam,LAM3:ATCTACTAGGATATAC-1,LAM3,scRNA,program_3,0.30069270730018616
unrestricted_lam,LAM3:ATGCGATTCCCAAGAT-1,LAM3,scRNA,program_3,0.6589349508285522
unrestricted_lam,LAM3:ATTATCCAGTGGGTTG-1,LAM3,scRNA,program_3,0.0
unrestricted_lam,LAM3:CAACCAAAGGTGCACA-1,LAM3,scRNA,program_3,0.4311148226261139
unrestricted_lam,LAM3:CAACCTCGTCGGCACT-1,LAM3,scRNA,program_3,0.13858778774738312
unrestricted_lam,LAM3:CAAGATCTCGCAAGCC-1,LAM3,scRNA,program_3,0.4428252875804901
unrestricted_lam,LAM3:CAAGGCCAGAAGAAGC-1,LAM3,scRNA,program_3,0.47178396582603455
unrestricted_lam,LAM3:CACAAACAGGTCGGAT-1,LAM3,scRNA,program_3,0.6038457155227661
unrestricted_lam,LAM3:CACACAACAATGGAAT-1,LAM3,scRNA,program_3,0.2276136577129364
unrestricted_lam,LAM3:CACACCTTCAGCGATT-1,LAM3,scRNA,program_3,0.1224527582526207
unrestricted_lam,LAM3:CACACTCCACTGTGTA-1,LAM3,scRNA,program_3,0.5661776661872864
unrestricted_lam,LAM3:CACAGGCGTAATAGCA-1,LAM3,scRNA,program_3,0.11004094779491425
unrestricted_lam,LAM3:CACATAGTCGTCTGCT-1,LAM3,scRNA,program_3,0.16949576139450073
unrestricted_lam,LAM3:CACCAGGAGCGATATA-1,LAM3,scRNA,program_3,0.350298136472702
unrestricted_lam,LAM3:CAGATCAAGAATTGTG-1,LAM3,scRNA,program_3,0.5296325087547302
unrestricted_lam,LAM3:CAGATCATCCTCTAGC-1,LAM3,scRNA,program_3,0.7470342516899109
unrestricted_lam,LAM3:CAGCAGCAGCGAGAAA-1,LAM3,scRNA,program_3,0.13054604828357697
unrestricted_lam,LAM3:CAGCATAGTTCGCGAC-1,LAM3,scRNA,program_3,0.05742403492331505
unrestricted_lam,LAM3:CAGGTGCTCAATCACG-1,LAM3,scRNA,program_3,0.45551708340644836
unrestricted_lam,LAM3:CAGGTGCTCTCGAGTA-1,LAM3,scRNA,program_3,0.018609173595905304
unrestricted_lam,LAM3:CAGTAACCACGGTTTA-1,LAM3,scRNA,program_3,0.028405817225575447
unrestricted_lam,LAM3:CAGTAACGTGACGGTA-1,LAM3,scRNA,program_3,0.2586204707622528
unrestricted_lam,LAM3:CATCAAGGTCCTCTTG-1,LAM3,scRNA,program_3,0.6252263784408569
unrestricted_lam,LAM3:CATCCACAGATCCCAT-1,LAM3,scRNA,program_3,0.6082060933113098
unrestricted_lam,LAM3:CATCGAATCAGTTCGA-1,LAM3,scRNA,program_3,0.013837764970958233
unrestricted_lam,LAM3:CATCGGGGTTTCCACC-1,LAM3,scRNA,program_3,0.581488311290741
unrestricted_lam,LAM3:CATCGGGTCGGCGCAT-1,LAM3,scRNA,program_3,0.22737768292427063
unrestricted_lam,LAM3:CATGCCTAGGACTGGT-1,LAM3,scRNA,program_3,0.0
unrestricted_lam,LAM3:CATGCCTAGGAGCGAG-1,LAM3,scRNA,program_3,0.02083195187151432
unrestricted_lam,LAM3:CATTATCAGGCCCTTG-1,LAM3,scRNA,program_3,0.12895481288433075
unrestricted_lam,LAM3:CATTCGCCAGTCTTCC-1,LAM3,scRNA,program_3,0.0
unrestricted_lam,LAM3:CCAATCCGTAAACACA-1,LAM3,scRNA,program_3,0.73879474401474
unrestricted_lam,LAM3:CCACCTACACGTGAGA-1,LAM3,scRNA,program_3,0.08088941872119904
unrestricted_lam,LAM3:CCACGGAAGCGTCTAT-1,LAM3,scRNA,program_3,0.15931932628154755
unrestricted_lam,LAM3:CCACTACCAAGTTCTG-1,LAM3,scRNA,program_3,0.16681493818759918
unrestricted_lam,LAM3:CCAGCGAGTCATGCCG-1,LAM3,scRNA,program_3,0.09302954375743866
unrestricted_lam,LAM3:CCCAGTTCACTTCTGC-1,LAM3,scRNA,program_3,0.1386253833770752
unrestricted_lam,LAM3:CCCTCCTTCTGATTCT-1,LAM3,scRNA,program_3,0.7120372653007507
unrestricted_lam,LAM3:CCGGGATTCGAACTGT-1,LAM3,scRNA,program_3,0.4384741187095642
unrestricted_lam,LAM3:CCGGTAGCATCAGTCA-1,LAM3,scRNA,program_3,0.46821001172065735
unrestricted_lam,LAM3:CCGTACTGTCAAGCGA-1,LAM3,scRNA,program_3,0.3179088830947876
unrestricted_lam,LAM3:CCGTGGAGTACCCAAT-1,LAM3,scRNA,program_3,0.44865912199020386
unrestricted_lam,LAM3:CCTAAAGAGCAGACTG-1,LAM3,scRNA,program_3,0.21365076303482056
unrestricted_lam,LAM3:CCTAAAGAGTCGCCGT-1,LAM3,scRNA,program_3,0.14181293547153473
unrestricted_lam,LAM3:CCTAAAGCATGTTGAC-1,LAM3,scRNA,program_3,0.6332510709762573
unrestricted_lam,LAM3:CCTACACAGGCTAGGT-1,LAM3,scRNA,program_3,0.13497281074523926
unrestricted_lam,LAM3:CCTACACTCACCACCT-1,LAM3,scRNA,program_3,0.08269085735082626
unrestricted_lam,LAM3:CCTATTAGTCTTCAAG-1,LAM3,scRNA,program_3,0.10178684443235397
unrestricted_lam,LAM3:CCTATTATCTCAACTT-1,LAM3,scRNA,program_3,0.17004168033599854
unrestricted_lam,LAM3:CCTCTGAAGCACCGTC-1,LAM3,scRNA,program_3,0.3043171763420105
unrestricted_lam,LAM3:CCTCTGAAGGTGCTTT-1,LAM3,scRNA,program_3,0.15264560282230377
unrestricted_lam,LAM3:CCTCTGAAGTTGAGAT-1,LAM3,scRNA,program_3,0.14173255860805511
unrestricted_lam,LAM3:CCTCTGATCCAAAGTC-1,LAM3,scRNA,program_3,0.3594661056995392
unrestricted_lam,LAM3:CCTTCCCAGTTAGCGG-1,LAM3,scRNA,program_3,0.40572550892829895
unrestricted_lam,LAM3:CCTTCCCCACATGTGT-1,LAM3,scRNA,program_3,0.3146229684352875
unrestricted_lam,LAM3:CCTTCGAAGTGACTCT-1,LAM3,scRNA,program_3,0.44217172265052795
unrestricted_lam,LAM3:CCTTCGAAGTGTCCCG-1,LAM3,scRNA,program_3,0.05748630315065384
unrestricted_lam,LAM3:CCTTCGACAAGAGGCT-1,LAM3,scRNA,program_3,0.021269742399454117
unrestricted_lam,LAM3:CGAACATCATACCATG-1,LAM3,scRNA,program_3,0.10479419678449631
unrestricted_lam,LAM3:CGAATGTTCTGAAAGA-1,LAM3,scRNA,program_3,0.4867011606693268
unrestricted_lam,LAM3:CGACCTTCATAGAAAC-1,LAM3,scRNA,program_3,0.6275553703308105
unrestricted_lam,LAM3:CGACTTCGTTGGTAAA-1,LAM3,scRNA,program_3,0.6421314477920532
unrestricted_lam,LAM3:CGAGCACGTAGCGCAA-1,LAM3,scRNA,program_3,0.013699411414563656
unrestricted_lam,LAM3:CGAGCCACAAGTAATG-1,LAM3,scRNA,program_3,0.2832311987876892
unrestricted_lam,LAM3:CGAGCCATCGCGGATC-1,LAM3,scRNA,program_3,0.14848285913467407
unrestricted_lam,LAM3:CGATCGGGTTCCGTCT-1,LAM3,scRNA,program_3,0.08336332440376282
unrestricted_lam,LAM3:CGATGGCAGTAAGTAC-1,LAM3,scRNA,program_3,0.5929030776023865
unrestricted_lam,LAM3:CGATGGCTCAGCATGT-1,LAM3,scRNA,program_3,0.015602434985339642
unrestricted_lam,LAM3:CGATGTACATCACAAC-1,LAM3,scRNA,program_3,0.18884479999542236
unrestricted_lam,LAM3:CGATGTATCTTCGAGA-1,LAM3,scRNA,program_3,0.5050026178359985
unrestricted_lam,LAM3:CGCTGGAAGAATTCCC-1,LAM3,scRNA,program_3,0.018525036051869392
unrestricted_lam,LAM3:CGCTTCACAGCTGCTG-1,LAM3,scRNA,program_3,0.13500435650348663
unrestricted_lam,LAM3:CGCTTCATCGCACTCT-1,LAM3,scRNA,program_3,0.5587663650512695
unrestricted_lam,LAM3:CGGACGTCATACGCTA-1,LAM3,scRNA,program_3,0.0
unrestricted_lam,LAM3:CGGAGCTAGAGGTTAT-1,LAM3,scRNA,program_3,0.3815003037452698
unrestricted_lam,LAM3:CGGGTCACACGTGAGA-1,LAM3,scRNA,program_3,0.0
unrestricted_lam,LAM3:CGTCCATGTTGATTCG-1,LAM3,scRNA,program_3,0.04353003576397896
unrestricted_lam,LAM3:CGTGTAATCGGGAGTA-1,LAM3,scRNA,program_3,0.67608642578125
unrestricted_lam,LAM3:CGTGTCTAGCGTCTAT-1,LAM3,scRNA,program_3,0.7765432000160217
unrestricted_lam,LAM3:CGTGTCTTCAGTTCGA-1,LAM3,scRNA,program_3,0.09398405998945236
unrestricted_lam,LAM3:CGTTAGAGTACGACCC-1,LAM3,scRNA,program_3,0.04856555908918381
unrestricted_lam,LAM3:CGTTCTGCACGAGAGT-1,LAM3,scRNA,program_3,0.1487286537885666
unrestricted_lam,LAM3:CGTTGGGAGGTGACCA-1,LAM3,scRNA,program_3,0.5716491937637329
unrestricted_lam,LAM3:CTACACCAGATACACA-1,LAM3,scRNA,program_3,0.7623208165168762
unrestricted_lam,LAM3:CTACACCTCCACGAAT-1,LAM3,scRNA,program_3,0.14758367836475372
unrestricted_lam,LAM3:CTACACCTCCAGTAGT-1,LAM3,scRNA,program_3,0.5455079078674316
unrestricted_lam,LAM3:CTAGAGTGTAAGAGAG-1,LAM3,scRNA,program_3,0.0
unrestricted_lam,LAM3:CTCATTACATCACGTA-1,LAM3,scRNA,program_3,0.49601611495018005
unrestricted_lam,LAM3:CTCCTAGTCGCGTAGC-1,LAM3,scRNA,program_3,0.11404291540384293
unrestricted_lam,LAM3:CTCGAGGAGGCTAGGT-1,LAM3,scRNA,program_3,0.5424112677574158
unrestricted_lam,LAM3:CTCGAGGTCCACGACG-1,LAM3,scRNA,program_3,0.03204454481601715
unrestricted_lam,LAM3:CTCGTACTCTGACCTC-1,LAM3,scRNA,program_3,0.04428419470787048
unrestricted_lam,LAM3:CTCGTCATCGCGATCG-1,LAM3,scRNA,program_3,0.353117972612381
unrestricted_lam,LAM3:CTCTACGCAAACCCAT-1,LAM3,scRNA,program_3,0.5291760563850403
unrestricted_lam,LAM3:CTCTGGTAGTGGGCTA-1,LAM3,scRNA,program_3,0.49092352390289307
unrestricted_lam,LAM3:CTCTGGTCAAGCCGTC-1,LAM3,scRNA,program_3,0.15602542459964752
unrestricted_lam,LAM3:CTGAAACCACGGTTTA-1,LAM3,scRNA,program_3,0.0
unrestricted_lam,LAM3:CTGAAACTCTTGCCGT-1,LAM3,scRNA,program_3,0.4307880103588104
unrestricted_lam,LAM3:CTGCTGTAGCGTGTCC-1,LAM3,scRNA,program_3,0.0
unrestricted_lam,LAM3:CTGCTGTAGCGTTGCC-1,LAM3,scRNA,program_3,0.6302484273910522
unrestricted_lam,LAM3:CTGCTGTTCGGATGTT-1,LAM3,scRNA,program_3,0.5441734194755554
unrestricted_lam,LAM3:CTGCTGTTCTGTTGAG-1,LAM3,scRNA,program_3,0.6635420918464661
unrestricted_lam,LAM3:CTGTTTACACTTCTGC-1,LAM3,scRNA,program_3,0.17894041538238525
unrestricted_lam,LAM3:CTGTTTATCGCGTTTC-1,LAM3,scRNA,program_3,0.5641025304794312
unrestricted_lam,LAM3:CTTAACTGTGGTACAG-1,LAM3,scRNA,program_3,0.05467378348112106
unrestricted_lam,LAM3:CTTACCGCACCAACCG-1,LAM3,scRNA,program_3,0.1396065205335617
unrestricted_lam,LAM3:CTTACCGCACTAGTAC-1,LAM3,scRNA,program_3,0.6875038743019104
unrestricted_lam,LAM3:CTTCTCTCACAACTGT-1,LAM3,scRNA,program_3,0.4729023873806
unrestricted_lam,LAM3:CTTCTCTCACAGAGGT-1,LAM3,scRNA,program_3,0.0928458422422409
unrestricted_lam,LAM3:CTTGGCTGTCGAACAG-1,LAM3,scRNA,program_3,0.603135347366333
unrestricted_lam,LAM3:GAAACTCCAGCTGCTG-1,LAM3,scRNA,program_3,0.728041410446167
unrestricted_lam,LAM3:GAACCTAAGAACAACT-1,LAM3,scRNA,program_3,0.12196741998195648
unrestricted_lam,LAM3:GAACCTATCCCTGACT-1,LAM3,scRNA,program_3,0.49171483516693115
unrestricted_lam,LAM3:GAAGCAGCACCGATAT-1,LAM3,scRNA,program_3,0.04602665454149246
unrestricted_lam,LAM3:GACACGCCATGTCCTC-1,LAM3,scRNA,program_3,0.6446301937103271
unrestricted_lam,LAM3:GACACGCGTACCGTAT-1,LAM3,scRNA,program_3,0.5125191807746887
unrestricted_lam,LAM3:GACACGCGTTACCAGT-1,LAM3,scRNA,program_3,0.09519100189208984
unrestricted_lam,LAM3:GACAGAGTCACATACG-1,LAM3,scRNA,program_3,0.030237708240747452
unrestricted_lam,LAM3:GACCAATGTATGGTTC-1,LAM3,scRNA,program_3,0.4293818771839142
unrestricted_lam,LAM3:GACCTGGCAGCTTCGG-1,LAM3,scRNA,program_3,0.1403343826532364
unrestricted_lam,LAM3:GACGTGCAGTGGACGT-1,LAM3,scRNA,program_3,0.5052061080932617
unrestricted_lam,LAM3:GACTACACAGCTGTTA-1,LAM3,scRNA,program_3,0.13051609694957733
unrestricted_lam,LAM3:GACTACATCACAGGCC-1,LAM3,scRNA,program_3,0.05987450107932091
unrestricted_lam,LAM3:GAGTCCGCATCCTTGC-1,LAM3,scRNA,program_3,0.07709160447120667
unrestricted_lam,LAM3:GATCGATAGCAATATG-1,LAM3,scRNA,program_3,0.47896304726600647
unrestricted_lam,LAM3:GATCGATTCTACGAGT-1,LAM3,scRNA,program_3,0.1632910966873169
unrestricted_lam,LAM3:GATCGCGCAGTCAGAG-1,LAM3,scRNA,program_3,0.04973120242357254
unrestricted_lam,LAM3:GATCGCGCATCTCGCT-1,LAM3,scRNA,program_3,0.7115334272384644
unrestricted_lam,LAM3:GATCGCGTCCTTCAAT-1,LAM3,scRNA,program_3,0.044263966381549835
unrestricted_lam,LAM3:GATCGTAAGAATCTCC-1,LAM3,scRNA,program_3,0.43012580275535583
unrestricted_lam,LAM3:GATCGTACACAACGTT-1,LAM3,scRNA,program_3,0.6339434385299683
unrestricted_lam,LAM3:GATCGTAGTGTTAAGA-1,LAM3,scRNA,program_3,0.13591580092906952
unrestricted_lam,LAM3:GATCTAGAGAAGGGTA-1,LAM3,scRNA,program_3,0.35203486680984497
unrestricted_lam,LAM3:GATGCTACACAGAGGT-1,LAM3,scRNA,program_3,0.085222989320755
unrestricted_lam,LAM3:GATTCAGAGCGTCTAT-1,LAM3,scRNA,program_3,0.23197118937969208
unrestricted_lam,LAM3:GATTCAGAGGGCTTGA-1,LAM3,scRNA,program_3,0.6766337752342224
unrestricted_lam,LAM3:GCAATCAAGTCCCACG-1,LAM3,scRNA,program_3,0.40684643387794495
unrestricted_lam,LAM3:GCACATAAGACTGGGT-1,LAM3,scRNA,program_3,0.2292313277721405
unrestricted_lam,LAM3:GCAGTTATCCTGCAGG-1,LAM3,scRNA,program_3,0.2769404947757721
unrestricted_lam,LAM3:GCATACAAGCGACGTA-1,LAM3,scRNA,program_3,0.1420551985502243
unrestricted_lam,LAM3:GCATACAAGTAAGTAC-1,LAM3,scRNA,program_3,0.12684054672718048
unrestricted_lam,LAM3:GCATACAGTCTAGCGC-1,LAM3,scRNA,program_3,0.017447855323553085
unrestricted_lam,LAM3:GCATGCGAGCACGCCT-1,LAM3,scRNA,program_3,0.4213075637817383
unrestricted_lam,LAM3:GCATGCGCACACATGT-1,LAM3,scRNA,program_3,0.19252151250839233
unrestricted_lam,LAM3:GCCAAATAGAATTGTG-1,LAM3,scRNA,program_3,0.5346171259880066
unrestricted_lam,LAM3:GCCAAATAGCTGCGAA-1,LAM3,scRNA,program_3,0.6770752668380737
unrestricted_lam,LAM3:GCCAAATGTAGCGTCC-1,LAM3,scRNA,program_3,0.15428096055984497
unrestricted_lam,LAM3:GCCTCTAAGTGTACCT-1,LAM3,scRNA,program_3,0.23012478649616241
unrestricted_lam,LAM3:GCGAGAAAGTACATGA-1,LAM3,scRNA,program_3,0.19375866651535034
unrestricted_lam,LAM3:GCGAGAAGTGTAACGG-1,LAM3,scRNA,program_3,0.10996129363775253
unrestricted_lam,LAM3:GCGCAACTCTTTACAC-1,LAM3,scRNA,program_3,0.7562608122825623
unrestricted_lam,LAM3:GCGCAGTCAAACGCGA-1,LAM3,scRNA,program_3,0.14460577070713043
unrestricted_lam,LAM3:GCGGGTTGTAGCCTCG-1,LAM3,scRNA,program_3,0.5973370671272278
unrestricted_lam,LAM3:GCTCCTAAGCTGAAAT-1,LAM3,scRNA,program_3,0.33375316858291626
unrestricted_lam,LAM3:GCTGCAGAGACTAAGT-1,LAM3,scRNA,program_3,0.39295250177383423
unrestricted_lam,LAM3:GCTGCTTGTAGGAGTC-1,LAM3,scRNA,program_3,0.0
unrestricted_lam,LAM3:GCTTGAAAGTGGTAGC-1,LAM3,scRNA,program_3,0.17188043892383575
unrestricted_lam,LAM3:GCTTGAATCGTACCGG-1,LAM3,scRNA,program_3,0.4850305914878845
unrestricted_lam,LAM3:GGAATAAGTAGCTGCC-1,LAM3,scRNA,program_3,0.4885396659374237
unrestricted_lam,LAM3:GGACAGACAAGAAGAG-1,LAM3,scRNA,program_3,0.1624307930469513
unrestricted_lam,LAM3:GGACAGACATGTAAGA-1,LAM3,scRNA,program_3,0.41426458954811096
unrestricted_lam,LAM3:GGACATTGTTCCACAA-1,LAM3,scRNA,program_3,0.6652714610099792
unrestricted_lam,LAM3:GGACATTTCCACGTTC-1,LAM3,scRNA,program_3,0.5951988697052002
unrestricted_lam,LAM3:GGAGCAAAGTCCGTAT-1,LAM3,scRNA,program_3,0.1641298532485962
unrestricted_lam,LAM3:GGATGTTAGAGGTTGC-1,LAM3,scRNA,program_3,0.45485469698905945
unrestricted_lam,LAM3:GGATGTTAGCCGTCGT-1,LAM3,scRNA,program_3,0.5717833638191223
unrestricted_lam,LAM3:GGATGTTGTCGACTGC-1,LAM3,scRNA,program_3,0.0
unrestricted_lam,LAM3:GGATGTTTCGCAAGCC-1,LAM3,scRNA,program_3,0.33169904351234436
unrestricted_lam,LAM3:GGATTACGTAGCTCCG-1,LAM3,scRNA,program_3,0.08903046697378159
unrestricted_lam,LAM3:GGCCGATTCTTCCTTC-1,LAM3,scRNA,program_3,0.7116573452949524
unrestricted_lam,LAM3:GGGAGATCAGTAAGAT-1,LAM3,scRNA,program_3,0.17426221072673798
unrestricted_lam,LAM3:GGGCATCCAGCCTTTC-1,LAM3,scRNA,program_3,0.5042532086372375
unrestricted_lam,LAM3:GGTGAAGTCGGAAATA-1,LAM3,scRNA,program_3,0.5863533020019531
unrestricted_lam,LAM3:GGTGCGTCACCTTGTC-1,LAM3,scRNA,program_3,0.11413679271936417
unrestricted_lam,LAM3:GGTGCGTTCACGATGT-1,LAM3,scRNA,program_3,0.4325766861438751
unrestricted_lam,LAM3:GGTGTTAGTTTGCATG-1,LAM3,scRNA,program_3,0.2629728317260742
unrestricted_lam,LAM3:GTAACTGTCTGTCCGT-1,LAM3,scRNA,program_3,0.25267738103866577
unrestricted_lam,LAM3:GTAGGCCGTTCAGACT-1,LAM3,scRNA,program_3,0.6737695932388306
unrestricted_lam,LAM3:GTAGTCATCTCCAACC-1,LAM3,scRNA,program_3,0.42322078347206116
unrestricted_lam,LAM3:GTATCTTTCACGAAGG-1,LAM3,scRNA,program_3,0.02692100778222084
unrestricted_lam,LAM3:GTATTCTCAGCTCCGA-1,LAM3,scRNA,program_3,0.4287075400352478
unrestricted_lam,LAM3:GTCACGGCATCCTTGC-1,LAM3,scRNA,program_3,0.07225923240184784
unrestricted_lam,LAM3:GTCACGGGTTAAGTAG-1,LAM3,scRNA,program_3,0.11531604826450348
unrestricted_lam,LAM3:GTCATTTGTCGGGTCT-1,LAM3,scRNA,program_3,0.48628291487693787
unrestricted_lam,LAM3:GTCATTTGTCTTCTCG-1,LAM3,scRNA,program_3,0.06990896165370941
unrestricted_lam,LAM3:GTCCTCATCACGGTTA-1,LAM3,scRNA,program_3,0.6452485918998718
unrestricted_lam,LAM3:GTCGTAATCAAGGTAA-1,LAM3,scRNA,program_3,0.10858254879713058
unrestricted_lam,LAM3:GTCTCGTCACTAGTAC-1,LAM3,scRNA,program_3,0.44326815009117126
unrestricted_lam,LAM3:GTCTTCGTCCTTCAAT-1,LAM3,scRNA,program_3,0.026301046833395958
unrestricted_lam,LAM3:GTGCAGCAGCTGAACG-1,LAM3,scRNA,program_3,0.0969560295343399
unrestricted_lam,LAM3:GTGCGGTGTAGCAAAT-1,LAM3,scRNA,program_3,0.0
unrestricted_lam,LAM3:GTGCGGTGTTTGGGCC-1,LAM3,scRNA,program_3,0.03995448350906372
unrestricted_lam,LAM3:GTGGGTCTCAACTCTT-1,LAM3,scRNA,program_3,0.5457555651664734
unrestricted_lam,LAM3:GTTAAGCAGTACATGA-1,LAM3,scRNA,program_3,0.7009324431419373
unrestricted_lam,LAM3:GTTCTCGCATGCATGT-1,LAM3,scRNA,program_3,0.33789631724357605
unrestricted_lam,LAM3:TAAGTGCTCCAGATCA-1,LAM3,scRNA,program_3,0.6120741367340088
unrestricted_lam,LAM3:TACAGTGGTGGCGAAT-1,LAM3,scRNA,program_3,0.13029347360134125
unrestricted_lam,LAM3:TACCTATTCGGCGCAT-1,LAM3,scRNA,program_3,0.6315929889678955
unrestricted_lam,LAM3:TACGGATAGGTGCACA-1,LAM3,scRNA,program_3,0.3880080580711365
unrestricted_lam,LAM3:TACTCGCGTGTCAATC-1,LAM3,scRNA,program_3,0.0767480731010437
unrestricted_lam,LAM3:TAGACCACAGACGCTC-1,LAM3,scRNA,program_3,0.5417699813842773
unrestricted_lam,LAM3:TAGACCAGTAGGAGTC-1,LAM3,scRNA,program_3,0.5104156136512756
unrestricted_lam,LAM3:TAGAGCTAGTTAGCGG-1,LAM3,scRNA,program_3,0.5782230496406555
unrestricted_lam,LAM3:TAGGCATTCGCCCTTA-1,LAM3,scRNA,program_3,0.20813056826591492
unrestricted_lam,LAM3:TAGTTGGAGTGGGATC-1,LAM3,scRNA,program_3,0.364788681268692
unrestricted_lam,LAM3:TAGTTGGCAATGTAAG-1,LAM3,scRNA,program_3,0.0
unrestricted_lam,LAM3:TATCTCAAGGAATGGA-1,LAM3,scRNA,program_3,0.14240281283855438
unrestricted_lam,LAM3:TATCTCAGTCTTGATG-1,LAM3,scRNA,program_3,0.6237887144088745
unrestricted_lam,LAM3:TATGCCCCAACGATGG-1,LAM3,scRNA,program_3,0.03748464956879616
unrestricted_lam,LAM3:TCAACGAAGACCACGA-1,LAM3,scRNA,program_3,0.0
unrestricted_lam,LAM3:TCAATCTCACATCTTT-1,LAM3,scRNA,program_3,0.09223488718271255
unrestricted_lam,LAM3:TCAATCTTCGGATGTT-1,LAM3,scRNA,program_3,0.16349391639232635
unrestricted_lam,LAM3:TCACAAGGTTCCACTC-1,LAM3,scRNA,program_3,0.03826667368412018
unrestricted_lam,LAM3:TCACAAGTCACCCGAG-1,LAM3,scRNA,program_3,0.04199238866567612
unrestricted_lam,LAM3:TCAGCAATCCGTCATC-1,LAM3,scRNA,program_3,0.5883423089981079
unrestricted_lam,LAM3:TCAGCTCAGATGTAAC-1,LAM3,scRNA,program_3,0.4349881112575531
unrestricted_lam,LAM3:TCAGCTCCAGGTCCAC-1,LAM3,scRNA,program_3,0.5310558676719666
unrestricted_lam,LAM3:TCAGGATCAGCCTTGG-1,LAM3,scRNA,program_3,0.569423496723175
unrestricted_lam,LAM3:TCAGGTAAGAAACCGC-1,LAM3,scRNA,program_3,0.10711733251810074
unrestricted_lam,LAM3:TCAGGTACAGCCAGAA-1,LAM3,scRNA,program_3,0.34485071897506714
unrestricted_lam,LAM3:TCAGGTATCCCTCTTT-1,LAM3,scRNA,program_3,0.0
unrestricted_lam,LAM3:TCATTACAGGTGATTA-1,LAM3,scRNA,program_3,0.0373736135661602
unrestricted_lam,LAM3:TCATTACCATCGGAAG-1,LAM3,scRNA,program_3,0.10006532818078995
unrestricted_lam,LAM3:TCCACACAGCTGCCCA-1,LAM3,scRNA,program_3,0.15709590911865234
unrestricted_lam,LAM3:TCGAGGCCAGGGCATA-1,LAM3,scRNA,program_3,0.5684385299682617
unrestricted_lam,LAM3:TCGTACCGTAATCGTC-1,LAM3,scRNA,program_3,0.3879915773868561
unrestricted_lam,LAM3:TCGTACCGTAGTGAAT-1,LAM3,scRNA,program_3,0.4402720630168915
unrestricted_lam,LAM3:TCGTACCTCACAATGC-1,LAM3,scRNA,program_3,0.1345328539609909
unrestricted_lam,LAM3:TCTCATAAGGCTCAGA-1,LAM3,scRNA,program_3,0.19794073700904846
unrestricted_lam,LAM3:TCTCATATCGACGGAA-1,LAM3,scRNA,program_3,0.04674858972430229
unrestricted_lam,LAM3:TCTCTAACACACATGT-1,LAM3,scRNA,program_3,0.6393331289291382
unrestricted_lam,LAM3:TCTCTAATCGCATGGC-1,LAM3,scRNA,program_3,0.6652985215187073
unrestricted_lam,LAM3:TCTGAGACACAGCCCA-1,LAM3,scRNA,program_3,0.18205374479293823
unrestricted_lam,LAM3:TCTGAGATCCCGACTT-1,LAM3,scRNA,program_3,0.5918607115745544
unrestricted_lam,LAM3:TCTGAGATCTGCTGCT-1,LAM3,scRNA,program_3,0.5169225335121155
unrestricted_lam,LAM3:TCTTCGGAGAGTGACC-1,LAM3,scRNA,program_3,0.1847788244485855
unrestricted_lam,LAM3:TGAAAGAAGCGATGAC-1,LAM3,scRNA,program_3,0.609994649887085
unrestricted_lam,LAM3:TGACAACCATTCCTCG-1,LAM3,scRNA,program_3,0.03854002803564072
unrestricted_lam,LAM3:TGACGGCAGCTGGAAC-1,LAM3,scRNA,program_3,0.7152716517448425
unrestricted_lam,LAM3:TGACGGCAGGCATGTG-1,LAM3,scRNA,program_3,0.7669684290885925
unrestricted_lam,LAM3:TGACGGCGTCAAAGCG-1,LAM3,scRNA,program_3,0.06772292405366898
unrestricted_lam,LAM3:TGACGGCGTTCGTTGA-1,LAM3,scRNA,program_3,0.6683103442192078
unrestricted_lam,LAM3:TGACTAGGTCCAGTTA-1,LAM3,scRNA,program_3,0.13281279802322388
unrestricted_lam,LAM3:TGACTTTAGTGGAGTC-1,LAM3,scRNA,program_3,0.2642011046409607
unrestricted_lam,LAM3:TGACTTTGTTCGCGAC-1,LAM3,scRNA,program_3,0.11507079750299454
unrestricted_lam,LAM3:TGAGAGGCAGTCTTCC-1,LAM3,scRNA,program_3,0.4902433156967163
unrestricted_lam,LAM3:TGAGAGGTCACGATGT-1,LAM3,scRNA,program_3,0.04400988668203354
unrestricted_lam,LAM3:TGAGGGAAGTACGTTC-1,LAM3,scRNA,program_3,0.0
unrestricted_lam,LAM3:TGCCAAACAGATCCAT-1,LAM3,scRNA,program_3,0.05957408994436264
unrestricted_lam,LAM3:TGCCAAATCCAAGCCG-1,LAM3,scRNA,program_3,0.7603576183319092
unrestricted_lam,LAM3:TGCGCAGTCGGCTACG-1,LAM3,scRNA,program_3,0.15928007662296295
unrestricted_lam,LAM3:TGCGGGTGTCTCTTTA-1,LAM3,scRNA,program_3,0.501753032207489
unrestricted_lam,LAM3:TGCGTGGTCTAGCACA-1,LAM3,scRNA,program_3,0.0
unrestricted_lam,LAM3:TGCTACCGTCGTTGTA-1,LAM3,scRNA,program_3,0.5649429559707642
unrestricted_lam,LAM3:TGCTGCTAGCATGGCA-1,LAM3,scRNA,program_3,0.1259167194366455
unrestricted_lam,LAM3:TGGACGCCAATGTTGC-1,LAM3,scRNA,program_3,0.17342156171798706
unrestricted_lam,LAM3:TGGACGCCATGACATC-1,LAM3,scRNA,program_3,0.6711117029190063
unrestricted_lam,LAM3:TGGACGCGTAGCGCAA-1,LAM3,scRNA,program_3,0.5455395579338074
unrestricted_lam,LAM3:TGGCCAGCACAGGAGT-1,LAM3,scRNA,program_3,0.6965135335922241
unrestricted_lam,LAM3:TGGCTGGAGGCGATAC-1,LAM3,scRNA,program_3,0.4375877380371094
unrestricted_lam,LAM3:TGGCTGGCACCGAATT-1,LAM3,scRNA,program_3,0.0
unrestricted_lam,LAM3:TGGGCGTTCAACCAAC-1,LAM3,scRNA,program_3,0.3189166486263275
unrestricted_lam,LAM3:TGGTTAGCAAACAACA-1,LAM3,scRNA,program_3,0.47484591603279114
unrestricted_lam,LAM3:TGGTTAGTCTCGATGA-1,LAM3,scRNA,program_3,0.06831458956003189
unrestricted_lam,LAM3:TGTGTTTTCCATGAAC-1,LAM3,scRNA,program_3,0.12074674665927887
unrestricted_lam,LAM3:TGTGTTTTCCCATTTA-1,LAM3,scRNA,program_3,0.5661827921867371
unrestricted_lam,LAM3:TGTTCCGAGCCGATTT-1,LAM3,scRNA,program_3,0.40686196088790894
unrestricted_lam,LAM3:TGTTCCGCATGCAACT-1,LAM3,scRNA,program_3,0.4645523130893707
unrestricted_lam,LAM3:TGTTCCGGTCCGAATT-1,LAM3,scRNA,program_3,0.035369087010622025
unrestricted_lam,LAM3:TGTTCCGGTCCGTCAG-1,LAM3,scRNA,program_3,0.5708050727844238
unrestricted_lam,LAM3:TTAGGCAGTACCGTAT-1,LAM3,scRNA,program_3,0.5724748373031616
unrestricted_lam,LAM3:TTATGCTAGTGATCGG-1,LAM3,scRNA,program_3,0.4100407063961029
unrestricted_lam,LAM3:TTATGCTGTCAGAGGT-1,LAM3,scRNA,program_3,0.6488465070724487
unrestricted_lam,LAM3:TTCCCAGGTCAGAAGC-1,LAM3,scRNA,program_3,0.040772922337055206
unrestricted_lam,LAM3:TTCCCAGGTGGAAAGA-1,LAM3,scRNA,program_3,0.15477024018764496
unrestricted_lam,LAM3:TTCTACATCACCACCT-1,LAM3,scRNA,program_3,0.0
unrestricted_lam,LAM3:TTCTCCTTCAACGAAA-1,LAM3,scRNA,program_3,0.47560304403305054
unrestricted_lam,LAM3:TTCTTAGGTCTCTCTG-1,LAM3,scRNA,program_3,0.1854020059108734
unrestricted_lam,LAM3:TTGAACGAGAATGTGT-1,LAM3,scRNA,program_3,0.3083682656288147
unrestricted_lam,LAM3:TTGAACGAGTGCGATG-1,LAM3,scRNA,program_3,0.43934980034828186
unrestricted_lam,LAM3:TTGACTTCACTGAAGG-1,LAM3,scRNA,program_3,0.021523654460906982
unrestricted_lam,LAM3:TTGACTTCAGCCTTTC-1,LAM3,scRNA,program_3,0.14575859904289246
unrestricted_lam,LAM3:TTGCGTCTCCGAAGAG-1,LAM3,scRNA,program_3,0.673816442489624
unrestricted_lam,LAM3:TTTACTGAGATACACA-1,LAM3,scRNA,program_3,0.7810697555541992
unrestricted_lam,LAM3:TTTATGCTCCGAAGAG-1,LAM3,scRNA,program_3,0.3092971742153168
unrestricted_lam,LAM3:TTTGCGCGTACATCCA-1,LAM3,scRNA,program_3,0.5388069748878479
unrestricted_lam,LAM4:AACTCAGGTCCAGTAT-1,LAM4,snRNA,program_3,0.30845314264297485
unrestricted_lam,LAM4:AACTCAGGTGAGTGAC-1,LAM4,snRNA,program_3,0.09847892075777054
unrestricted_lam,LAM4:ACAGCTAAGCAGACTG-1,LAM4,snRNA,program_3,0.0
unrestricted_lam,LAM4:ACATGGTTCTTCATGT-1,LAM4,snRNA,program_3,0.27743732929229736
unrestricted_lam,LAM4:ACGAGCCCACCTGGTG-1,LAM4,snRNA,program_3,0.0
unrestricted_lam,LAM4:ACGAGGAAGACACGAC-1,LAM4,snRNA,program_3,0.0
unrestricted_lam,LAM4:ACGATGTTCTAACGGT-1,LAM4,snRNA,program_3,0.0
unrestricted_lam,LAM4:ACTTGTTAGGAGTAGA-1,LAM4,snRNA,program_3,0.009603605605661869
unrestricted_lam,LAM4:AGGTCATGTAAGGGAA-1,LAM4,snRNA,program_3,0.10378658026456833
unrestricted_lam,LAM4:ATAAGAGCAAGTACCT-1,LAM4,snRNA,program_3,0.34932905435562134
unrestricted_lam,LAM4:ATAGACCAGTTCCACA-1,LAM4,snRNA,program_3,0.02629975788295269
unrestricted_lam,LAM4:CAACCAAGTACATCCA-1,LAM4,snRNA,program_3,0.33337950706481934
unrestricted_lam,LAM4:CACACCTAGCAAATCA-1,LAM4,snRNA,program_3,0.0
unrestricted_lam,LAM4:CACAGTATCGCCTGTT-1,LAM4,snRNA,program_3,0.026025405153632164
unrestricted_lam,LAM4:CACCAGGAGATAGTCA-1,LAM4,snRNA,program_3,0.0
unrestricted_lam,LAM4:CATTCGCAGGCAAAGA-1,LAM4,snRNA,program_3,0.0
unrestricted_lam,LAM4:CCACGGAGTAGAGCTG-1,LAM4,snRNA,program_3,0.4719698429107666
unrestricted_lam,LAM4:CCGTTCAAGACTAGAT-1,LAM4,snRNA,program_3,0.5227463245391846
unrestricted_lam,LAM4:CCGTTCACAGACGTAG-1,LAM4,snRNA,program_3,0.0
unrestricted_lam,LAM4:CCGTTCATCTACTTAC-1,LAM4,snRNA,program_3,0.20988425612449646
unrestricted_lam,LAM4:CCTTCGAGTGTCAATC-1,LAM4,snRNA,program_3,0.0
unrestricted_lam,LAM4:CCTTTCTCAATGGTCT-1,LAM4,snRNA,program_3,0.051315274089574814
unrestricted_lam,LAM4:CGACTTCGTAAGTGTA-1,LAM4,snRNA,program_3,0.0
unrestricted_lam,LAM4:CGAGCACCAGGTGGAT-1,LAM4,snRNA,program_3,0.3957209587097168
unrestricted_lam,LAM4:CGTAGCGAGGTAGCTG-1,LAM4,snRNA,program_3,0.07852739095687866
unrestricted_lam,LAM4:CGTAGGCTCGCCCTTA-1,LAM4,snRNA,program_3,0.32225754857063293
unrestricted_lam,LAM4:CGTGTAACATGGTTGT-1,LAM4,snRNA,program_3,0.4657287001609802
unrestricted_lam,LAM4:CGTGTAATCATCACCC-1,LAM4,snRNA,program_3,0.2602844834327698
unrestricted_lam,LAM4:CTAAGACAGGACCACA-1,LAM4,snRNA,program_3,0.3563542664051056
unrestricted_lam,LAM4:CTACGTCGTGTTCGAT-1,LAM4,snRNA,program_3,0.0
unrestricted_lam,LAM4:CTGCGGATCTCTGCTG-1,LAM4,snRNA,program_3,0.15189328789710999
unrestricted_lam,LAM4:CTTGGCTCAATCGAAA-1,LAM4,snRNA,program_3,0.19975753128528595
unrestricted_lam,LAM4:GAACATCAGAGCTGCA-1,LAM4,snRNA,program_3,0.0
unrestricted_lam,LAM4:GAACCTATCCTTGCCA-1,LAM4,snRNA,program_3,0.22953754663467407
unrestricted_lam,LAM4:GACGCGTAGTGGAGTC-1,LAM4,snRNA,program_3,0.08354486525058746
unrestricted_lam,LAM4:GATCAGTAGTTCCACA-1,LAM4,snRNA,program_3,0.0
unrestricted_lam,LAM4:GATGAGGCACATGGGA-1,LAM4,snRNA,program_3,0.5499390363693237
unrestricted_lam,LAM4:GCGAGAAAGAGTCGGT-1,LAM4,snRNA,program_3,0.4148140847682953
unrestricted_lam,LAM4:GCGCAGTAGTACGACG-1,LAM4,snRNA,program_3,0.4925011098384857
unrestricted_lam,LAM4:GCTCCTAGTGATGATA-1,LAM4,snRNA,program_3,0.03451846167445183
unrestricted_lam,LAM4:GCTGCAGCAGTATGCT-1,LAM4,snRNA,program_3,0.44441795349121094
unrestricted_lam,LAM4:GGAAAGCCACAAGTAA-1,LAM4,snRNA,program_3,0.0
unrestricted_lam,LAM4:GGAAAGCCACCCATTC-1,LAM4,snRNA,program_3,0.0
unrestricted_lam,LAM4:GGATTACGTCGAACAG-1,LAM4,snRNA,program_3,0.4456976354122162
unrestricted_lam,LAM4:GGCGTGTAGAAACGCC-1,LAM4,snRNA,program_3,0.2362145483493805
unrestricted_lam,LAM4:GGTGCGTGTGGCCCTA-1,LAM4,snRNA,program_3,0.023490335792303085
unrestricted_lam,LAM4:GTACTCCGTCAGAAGC-1,LAM4,snRNA,program_3,0.0
unrestricted_lam,LAM4:GTAGGCCGTTGCGCAC-1,LAM4,snRNA,program_3,0.0
unrestricted_lam,LAM4:GTCGGGTCAATCACAC-1,LAM4,snRNA,program_3,0.36029255390167236
unrestricted_lam,LAM4:GTCTCGTCAGGGTACA-1,LAM4,snRNA,program_3,0.48489800095558167
unrestricted_lam,LAM4:GTGCAGCCACTTCGAA-1,LAM4,snRNA,program_3,0.0
unrestricted_lam,LAM4:GTGTGCGCATCACCCT-1,LAM4,snRNA,program_3,0.39952611923217773
unrestricted_lam,LAM4:TAAACCGAGCTATGCT-1,LAM4,snRNA,program_3,0.30137553811073303
unrestricted_lam,LAM4:TAAACCGTCCTGCCAT-1,LAM4,snRNA,program_3,0.032818011939525604
unrestricted_lam,LAM4:TACCTTATCAGTCAGT-1,LAM4,snRNA,program_3,0.03467416390776634
unrestricted_lam,LAM4:TCACAAGCAATAGAGT-1,LAM4,snRNA,program_3,0.4727238714694977
unrestricted_lam,LAM4:TCAGATGGTGCACGAA-1,LAM4,snRNA,program_3,0.03610163554549217
unrestricted_lam,LAM4:TCAGCAAAGCGGCTTC-1,LAM4,snRNA,program_3,0.12975656986236572
unrestricted_lam,LAM4:TCCACACGTTAAGTAG-1,LAM4,snRNA,program_3,0.31427910923957825
unrestricted_lam,LAM4:TCCCGATGTATAGGGC-1,LAM4,snRNA,program_3,0.2622326612472534
unrestricted_lam,LAM4:TGACTAGTCGCATGGC-1,LAM4,snRNA,program_3,0.5614838600158691
unrestricted_lam,LAM4:TGAGGGAAGTCGCCGT-1,LAM4,snRNA,program_3,0.0
unrestricted_lam,LAM4:TGCTGCTCAAGTAGTA-1,LAM4,snRNA,program_3,0.31356748938560486
unrestricted_lam,LAM4:TGCTGCTTCGCCGTGA-1,LAM4,snRNA,program_3,0.3407602310180664
unrestricted_lam,LAM4:TGGACGCAGCGTTCCG-1,LAM4,snRNA,program_3,0.3574754297733307
unrestricted_lam,LAM4:TGGGAAGCAAGGACAC-1,LAM4,snRNA,program_3,0.6026195287704468
unrestricted_lam,LAM4:TGGTTCCCATCCTAGA-1,LAM4,snRNA,program_3,0.14365538954734802
unrestricted_lam,LAM4:TGTGTTTGTTCAGCGC-1,LAM4,snRNA,program_3,0.31671395897865295
unrestricted_lam,LAM4:TTATGCTAGGGTATCG-1,LAM4,snRNA,program_3,0.37735822796821594
unrestricted_lam,LAM4:TTATGCTCATAAGACA-1,LAM4,snRNA,program_3,0.5921063423156738
unrestricted_lam,LAM4:TTCCCAGTCCTAAGTG-1,LAM4,snRNA,program_3,0.0
unrestricted_lam,LAM4:TTTATGCAGACTCGGA-1,LAM4,snRNA,program_3,0.012225473299622536
unrestricted_lam,LAM4:TTTATGCGTCTAGGTT-1,LAM4,snRNA,program_3,0.0
